solid OpenSCAD_Model
  facet normal 0.126633 -0.635234 -0.761867
    outer loop
      vertex 185.392 7.02567 -35.7
      vertex 185.276 7.60222 -36.2
      vertex 185.776 7.10222 -35.7
    endloop
  endfacet
  facet normal 0.126633 -0.635234 -0.761867
    outer loop
      vertex 185.276 7.60222 -36.2
      vertex 185.392 7.02567 -35.7
      vertex 184.892 7.52567 -36.2
    endloop
  endfacet
  facet normal 0.19884 -0.586399 -0.785238
    outer loop
      vertex 185.776 7.10222 -35.7
      vertex 185.648 7.72836 -36.2
      vertex 186.148 7.22836 -35.7
    endloop
  endfacet
  facet normal 0.19884 -0.586399 -0.785238
    outer loop
      vertex 185.648 7.72836 -36.2
      vertex 185.776 7.10222 -35.7
      vertex 185.276 7.60222 -36.2
    endloop
  endfacet
  facet normal 0.0447692 -0.683658 -0.728428
    outer loop
      vertex 185 7 -35.7
      vertex 184.892 7.52567 -36.2
      vertex 185.392 7.02567 -35.7
    endloop
  endfacet
  facet normal 0.0447692 -0.683658 -0.728428
    outer loop
      vertex 184.892 7.52567 -36.2
      vertex 185 7 -35.7
      vertex 184.5 7.5 -36.2
    endloop
  endfacet
  facet normal -0.199012 -0.586275 -0.785287
    outer loop
      vertex -5.77646 7.10222 -35.7
      vertex -5.64806 7.72836 -36.2
      vertex -5.27646 7.60222 -36.2
    endloop
  endfacet
  facet normal -0.199012 -0.586275 -0.785287
    outer loop
      vertex -5.64806 7.72836 -36.2
      vertex -5.77646 7.10222 -35.7
      vertex -6.14806 7.22836 -35.7
    endloop
  endfacet
  facet normal 0 -1 0
    outer loop
      vertex 70.3 7 -26.2
      vertex 71.4 7 -14.2
      vertex 70.3 7 -14.2
    endloop
  endfacet
  facet normal 0 -1 -0
    outer loop
      vertex 71.4 7 -14.2
      vertex 70.3 7 -26.2
      vertex 71.4 7 -26.2
    endloop
  endfacet
  facet normal 0 -1 0
    outer loop
      vertex 55.9 7 -26.2
      vertex 58.3 7 -14.2
      vertex 55.9 7 -14.2
    endloop
  endfacet
  facet normal 0 -1 -0
    outer loop
      vertex 58.3 7 -14.2
      vertex 55.9 7 -26.2
      vertex 58.3 7 -26.2
    endloop
  endfacet
  facet normal 0 -1 0
    outer loop
      vertex 37.5 7 -26.2
      vertex 43.9 7 -14.2
      vertex 37.5 7 -14.2
    endloop
  endfacet
  facet normal 0 -1 -0
    outer loop
      vertex 43.9 7 -14.2
      vertex 37.5 7 -26.2
      vertex 43.9 7 -26.2
    endloop
  endfacet
  facet normal 0 -1 0
    outer loop
      vertex 23 7 -18.7
      vertex 27.5 7 -14.2
      vertex 23 7 -14.2
    endloop
  endfacet
  facet normal 0 -1 -0
    outer loop
      vertex 27.5 7 -14.2
      vertex 23 7 -18.7
      vertex 27.5 7 -26.2
    endloop
  endfacet
  facet normal 0 -1 0
    outer loop
      vertex 23 7 -14.2
      vertex -5 7 14
      vertex 13 7 -14.2
    endloop
  endfacet
  facet normal 0 -1 0
    outer loop
      vertex -5 7 -35.7
      vertex 13 7 -14.2
      vertex -5 7 14
    endloop
  endfacet
  facet normal 0 -1 0
    outer loop
      vertex 13 7 -18.7
      vertex 27.5 7 -26.2
      vertex 23 7 -18.7
    endloop
  endfacet
  facet normal 0 -1 0
    outer loop
      vertex -5 7 -35.7
      vertex 37.5 7 -26.2
      vertex 27.5 7 -26.2
    endloop
  endfacet
  facet normal 0 -1 -0
    outer loop
      vertex 37.5 7 -26.2
      vertex -5 7 -35.7
      vertex 43.9 7 -26.2
    endloop
  endfacet
  facet normal 0 -1 -0
    outer loop
      vertex 43.9 7 -26.2
      vertex -5 7 -35.7
      vertex 55.9 7 -26.2
    endloop
  endfacet
  facet normal 0 -1 -0
    outer loop
      vertex 55.9 7 -26.2
      vertex -5 7 -35.7
      vertex 58.3 7 -26.2
    endloop
  endfacet
  facet normal 0 -1 -0
    outer loop
      vertex 58.3 7 -26.2
      vertex -5 7 -35.7
      vertex 70.3 7 -26.2
    endloop
  endfacet
  facet normal 0 -1 -0
    outer loop
      vertex 70.3 7 -26.2
      vertex -5 7 -35.7
      vertex 71.4 7 -26.2
    endloop
  endfacet
  facet normal 0 -1 -0
    outer loop
      vertex 71.4 7 -26.2
      vertex -5 7 -35.7
      vertex 88.4 7 -26.2
    endloop
  endfacet
  facet normal 0 -1 -0
    outer loop
      vertex 13 7 -18.7
      vertex -5 7 -35.7
      vertex 27.5 7 -26.2
    endloop
  endfacet
  facet normal 0 -1 -0
    outer loop
      vertex 13 7 -14.2
      vertex -5 7 -35.7
      vertex 13 7 -18.7
    endloop
  endfacet
  facet normal 0 -1 0
    outer loop
      vertex 27.5 7 -14.2
      vertex -5 7 14
      vertex 23 7 -14.2
    endloop
  endfacet
  facet normal 0 -1 0
    outer loop
      vertex 37.5 7 -14.2
      vertex -5 7 14
      vertex 27.5 7 -14.2
    endloop
  endfacet
  facet normal 0 -1 0
    outer loop
      vertex 43.9 7 -14.2
      vertex -5 7 14
      vertex 37.5 7 -14.2
    endloop
  endfacet
  facet normal 0 -1 0
    outer loop
      vertex 55.9 7 -14.2
      vertex -5 7 14
      vertex 43.9 7 -14.2
    endloop
  endfacet
  facet normal 0 -1 0
    outer loop
      vertex 58.3 7 -14.2
      vertex -5 7 14
      vertex 55.9 7 -14.2
    endloop
  endfacet
  facet normal 0 -1 0
    outer loop
      vertex 70.3 7 -14.2
      vertex -5 7 14
      vertex 58.3 7 -14.2
    endloop
  endfacet
  facet normal 0 -1 0
    outer loop
      vertex 71.4 7 -14.2
      vertex -5 7 14
      vertex 70.3 7 -14.2
    endloop
  endfacet
  facet normal 0 -1 0
    outer loop
      vertex 88.4 7 -14.2
      vertex -5 7 14
      vertex 71.4 7 -14.2
    endloop
  endfacet
  facet normal 0 -1 0
    outer loop
      vertex -5 7 14
      vertex 88.4 7 -14.2
      vertex 185 7 14
    endloop
  endfacet
  facet normal 0 -1 0
    outer loop
      vertex 185 7 -35.7
      vertex 88.4 7 -14.2
      vertex 88.4 7 -26.2
    endloop
  endfacet
  facet normal 0 -1 0
    outer loop
      vertex 88.4 7 -14.2
      vertex 185 7 -35.7
      vertex 185 7 14
    endloop
  endfacet
  facet normal 0 -1 0
    outer loop
      vertex 185 7 -35.7
      vertex 88.4 7 -26.2
      vertex -5 7 -35.7
    endloop
  endfacet
  facet normal 0.0653447 -0.997863 0
    outer loop
      vertex 185 7 -35.7
      vertex 185.392 7.02567 14
      vertex 185 7 14
    endloop
  endfacet
  facet normal 0.0653447 -0.997863 0
    outer loop
      vertex 185.392 7.02567 14
      vertex 185 7 -35.7
      vertex 185.392 7.02567 -35.7
    endloop
  endfacet
  facet normal -0.0448166 -0.683632 -0.728449
    outer loop
      vertex -5 7 -35.7
      vertex -4.89157 7.52567 -36.2
      vertex -4.5 7.5 -36.2
    endloop
  endfacet
  facet normal -0.0448166 -0.683632 -0.728449
    outer loop
      vertex -4.89157 7.52567 -36.2
      vertex -5 7 -35.7
      vertex -5.39157 7.02567 -35.7
    endloop
  endfacet
  facet normal 0 0 1
    outer loop
      vertex 2 17 14
      vertex -0.150001 13 14
      vertex 2 9 14
    endloop
  endfacet
  facet normal 0 0 1
    outer loop
      vertex 2 17 14
      vertex -0.165828 13.2415 14
      vertex -0.150001 13 14
    endloop
  endfacet
  facet normal 0 0 1
    outer loop
      vertex 2 17 14
      vertex -0.213037 13.4788 14
      vertex -0.165828 13.2415 14
    endloop
  endfacet
  facet normal 0 0 1
    outer loop
      vertex 2 17 14
      vertex -0.290823 13.708 14
      vertex -0.213037 13.4788 14
    endloop
  endfacet
  facet normal 0 0 1
    outer loop
      vertex 2 17 14
      vertex -0.397854 13.925 14
      vertex -0.290823 13.708 14
    endloop
  endfacet
  facet normal 0 0 1
    outer loop
      vertex 2 17 14
      vertex -0.532297 14.1262 14
      vertex -0.397854 13.925 14
    endloop
  endfacet
  facet normal 0 0 1
    outer loop
      vertex 2 17 14
      vertex -0.691853 14.3081 14
      vertex -0.532297 14.1262 14
    endloop
  endfacet
  facet normal 0 0 1
    outer loop
      vertex 2 17 14
      vertex -0.873792 14.4677 14
      vertex -0.691853 14.3081 14
    endloop
  endfacet
  facet normal 0 0 1
    outer loop
      vertex 2 17 14
      vertex -1.075 14.6021 14
      vertex -0.873792 14.4677 14
    endloop
  endfacet
  facet normal 0 0 1
    outer loop
      vertex 2 17 14
      vertex -1.29204 14.7092 14
      vertex -1.075 14.6021 14
    endloop
  endfacet
  facet normal 0 0 1
    outer loop
      vertex 2 17 14
      vertex -1.52118 14.787 14
      vertex -1.29204 14.7092 14
    endloop
  endfacet
  facet normal 0 0 1
    outer loop
      vertex 2 17 14
      vertex -1.75853 14.8342 14
      vertex -1.52118 14.787 14
    endloop
  endfacet
  facet normal 0 0 1
    outer loop
      vertex 2 17 14
      vertex -2 14.85 14
      vertex -1.75853 14.8342 14
    endloop
  endfacet
  facet normal -0 0 1
    outer loop
      vertex -6 17 14
      vertex -2 14.85 14
      vertex 2 17 14
    endloop
  endfacet
  facet normal 0 0 1
    outer loop
      vertex -2 14.85 14
      vertex -6 17 14
      vertex -2.24147 14.8342 14
    endloop
  endfacet
  facet normal 0 0 1
    outer loop
      vertex -2.24147 14.8342 14
      vertex -6 17 14
      vertex -2.47882 14.787 14
    endloop
  endfacet
  facet normal 0 0 1
    outer loop
      vertex -8 10 14
      vertex -3.85 13 14
      vertex -3.83417 13.2415 14
    endloop
  endfacet
  facet normal 0 0 1
    outer loop
      vertex -3.85 13 14
      vertex -8 10 14
      vertex -5 7 14
    endloop
  endfacet
  facet normal 0 0 1
    outer loop
      vertex -6 17 14
      vertex -3.83417 13.2415 14
      vertex -3.78696 13.4788 14
    endloop
  endfacet
  facet normal 0 0 1
    outer loop
      vertex -5 7 14
      vertex -8 10 14
      vertex -5.39157 7.02567 14
    endloop
  endfacet
  facet normal 0 0 1
    outer loop
      vertex -2.47882 14.787 14
      vertex -6 17 14
      vertex -2.70796 14.7092 14
    endloop
  endfacet
  facet normal 0 0 1
    outer loop
      vertex -6 17 14
      vertex -2.925 14.6021 14
      vertex -2.70796 14.7092 14
    endloop
  endfacet
  facet normal 0 0 1
    outer loop
      vertex -6 17 14
      vertex -3.12621 14.4677 14
      vertex -2.925 14.6021 14
    endloop
  endfacet
  facet normal 0 0 1
    outer loop
      vertex -6 17 14
      vertex -3.30815 14.3081 14
      vertex -3.12621 14.4677 14
    endloop
  endfacet
  facet normal 0 0 1
    outer loop
      vertex -6 17 14
      vertex -3.4677 14.1262 14
      vertex -3.30815 14.3081 14
    endloop
  endfacet
  facet normal 0 0 1
    outer loop
      vertex -6 17 14
      vertex -3.60215 13.925 14
      vertex -3.4677 14.1262 14
    endloop
  endfacet
  facet normal 0 0 1
    outer loop
      vertex -6 17 14
      vertex -3.70918 13.708 14
      vertex -3.60215 13.925 14
    endloop
  endfacet
  facet normal 0 0 1
    outer loop
      vertex -6 17 14
      vertex -3.78696 13.4788 14
      vertex -3.70918 13.708 14
    endloop
  endfacet
  facet normal 0 0 1
    outer loop
      vertex -3.83417 13.2415 14
      vertex -6 17 14
      vertex -8 10 14
    endloop
  endfacet
  facet normal 0 0 1
    outer loop
      vertex -5.39157 7.02567 14
      vertex -8 10 14
      vertex -5.77646 7.10222 14
    endloop
  endfacet
  facet normal 0 0 1
    outer loop
      vertex -6 113 14
      vertex -8 120 14
      vertex -6 17 14
    endloop
  endfacet
  facet normal 0 0 1
    outer loop
      vertex -8 120 14
      vertex -6.14806 122.772 14
      vertex -6.5 122.598 14
    endloop
  endfacet
  facet normal 0 0 1
    outer loop
      vertex -8 10 14
      vertex -6 17 14
      vertex -8 120 14
    endloop
  endfacet
  facet normal 0 0 1
    outer loop
      vertex -8 120 14
      vertex -6.5 122.598 14
      vertex -6.82628 122.38 14
    endloop
  endfacet
  facet normal 0 0 1
    outer loop
      vertex -5.77646 7.10222 14
      vertex -8 10 14
      vertex -6.14806 7.22836 14
    endloop
  endfacet
  facet normal 0 0 1
    outer loop
      vertex -8 120 14
      vertex -6.82628 122.38 14
      vertex -7.12132 122.121 14
    endloop
  endfacet
  facet normal 0 0 1
    outer loop
      vertex -6.14806 7.22836 14
      vertex -8 10 14
      vertex -6.5 7.40192 14
    endloop
  endfacet
  facet normal 0 0 1
    outer loop
      vertex -8 120 14
      vertex -7.12132 122.121 14
      vertex -7.38007 121.826 14
    endloop
  endfacet
  facet normal 0 0 1
    outer loop
      vertex -6.5 7.40192 14
      vertex -8 10 14
      vertex -6.82628 7.61993 14
    endloop
  endfacet
  facet normal 0 0 1
    outer loop
      vertex -8 120 14
      vertex -7.38007 121.826 14
      vertex -7.59808 121.5 14
    endloop
  endfacet
  facet normal 0 0 1
    outer loop
      vertex -6.82628 7.61993 14
      vertex -8 10 14
      vertex -7.12132 7.87868 14
    endloop
  endfacet
  facet normal 0 0 1
    outer loop
      vertex -8 120 14
      vertex -7.59808 121.5 14
      vertex -7.77164 121.148 14
    endloop
  endfacet
  facet normal 0 0 1
    outer loop
      vertex -7.12132 7.87868 14
      vertex -8 10 14
      vertex -7.38007 8.17372 14
    endloop
  endfacet
  facet normal 0 0 1
    outer loop
      vertex -8 120 14
      vertex -7.77164 121.148 14
      vertex -7.89778 120.776 14
    endloop
  endfacet
  facet normal 0 0 1
    outer loop
      vertex -7.38007 8.17372 14
      vertex -8 10 14
      vertex -7.59808 8.5 14
    endloop
  endfacet
  facet normal 0 0 1
    outer loop
      vertex -8 120 14
      vertex -7.89778 120.776 14
      vertex -7.97433 120.392 14
    endloop
  endfacet
  facet normal 0 0 1
    outer loop
      vertex -7.59808 8.5 14
      vertex -8 10 14
      vertex -7.77164 8.85194 14
    endloop
  endfacet
  facet normal 0 0 1
    outer loop
      vertex -7.77164 8.85194 14
      vertex -8 10 14
      vertex -7.89778 9.22354 14
    endloop
  endfacet
  facet normal 0 0 1
    outer loop
      vertex -7.89778 9.22354 14
      vertex -8 10 14
      vertex -7.97433 9.60843 14
    endloop
  endfacet
  facet normal 0 0 1
    outer loop
      vertex 188 120 14
      vertex 183.834 117.241 14
      vertex 183.85 117 14
    endloop
  endfacet
  facet normal 0 0 1
    outer loop
      vertex 185.392 122.974 14
      vertex 183.787 117.479 14
      vertex 183.834 117.241 14
    endloop
  endfacet
  facet normal 0 0 1
    outer loop
      vertex 185.392 122.974 14
      vertex 183.709 117.708 14
      vertex 183.787 117.479 14
    endloop
  endfacet
  facet normal 0 0 1
    outer loop
      vertex 185.392 122.974 14
      vertex 183.602 117.925 14
      vertex 183.709 117.708 14
    endloop
  endfacet
  facet normal 0 0 1
    outer loop
      vertex 185.392 122.974 14
      vertex 183.468 118.126 14
      vertex 183.602 117.925 14
    endloop
  endfacet
  facet normal 0 0 1
    outer loop
      vertex 185.392 122.974 14
      vertex 183.308 118.308 14
      vertex 183.468 118.126 14
    endloop
  endfacet
  facet normal 0 0 1
    outer loop
      vertex 185 123 14
      vertex 183.126 118.468 14
      vertex 183.308 118.308 14
    endloop
  endfacet
  facet normal 0 0 1
    outer loop
      vertex 185 123 14
      vertex 182.925 118.602 14
      vertex 183.126 118.468 14
    endloop
  endfacet
  facet normal 0 0 1
    outer loop
      vertex 185 123 14
      vertex 182.708 118.709 14
      vertex 182.925 118.602 14
    endloop
  endfacet
  facet normal 0 0 1
    outer loop
      vertex 185 123 14
      vertex 182.479 118.787 14
      vertex 182.708 118.709 14
    endloop
  endfacet
  facet normal 0 0 1
    outer loop
      vertex 185 123 14
      vertex 182.241 118.834 14
      vertex 182.479 118.787 14
    endloop
  endfacet
  facet normal 0 0 1
    outer loop
      vertex 185 123 14
      vertex 182 118.85 14
      vertex 182.241 118.834 14
    endloop
  endfacet
  facet normal 0 0 1
    outer loop
      vertex 185 123 14
      vertex 181.759 118.834 14
      vertex 182 118.85 14
    endloop
  endfacet
  facet normal -0 0 1
    outer loop
      vertex 178 121 14
      vertex 181.759 118.834 14
      vertex 185 123 14
    endloop
  endfacet
  facet normal 0 0 1
    outer loop
      vertex 181.759 118.834 14
      vertex 178 121 14
      vertex 181.521 118.787 14
    endloop
  endfacet
  facet normal 0 0 1
    outer loop
      vertex 181.521 118.787 14
      vertex 178 121 14
      vertex 181.292 118.709 14
    endloop
  endfacet
  facet normal 0 0 1
    outer loop
      vertex 181.292 118.709 14
      vertex 178 121 14
      vertex 181.075 118.602 14
    endloop
  endfacet
  facet normal 0 0 1
    outer loop
      vertex 181.075 118.602 14
      vertex 178 121 14
      vertex 180.874 118.468 14
    endloop
  endfacet
  facet normal 0 0 1
    outer loop
      vertex 180.166 117.241 14
      vertex 178 121 14
      vertex 180.15 117 14
    endloop
  endfacet
  facet normal 0 0 1
    outer loop
      vertex 180.213 117.479 14
      vertex 178 121 14
      vertex 180.166 117.241 14
    endloop
  endfacet
  facet normal 0 0 1
    outer loop
      vertex 180.291 117.708 14
      vertex 178 121 14
      vertex 180.213 117.479 14
    endloop
  endfacet
  facet normal 0 0 1
    outer loop
      vertex 180.398 117.925 14
      vertex 178 121 14
      vertex 180.291 117.708 14
    endloop
  endfacet
  facet normal 0 0 1
    outer loop
      vertex 180.532 118.126 14
      vertex 178 121 14
      vertex 180.398 117.925 14
    endloop
  endfacet
  facet normal 0 0 1
    outer loop
      vertex 180.692 118.308 14
      vertex 178 121 14
      vertex 180.532 118.126 14
    endloop
  endfacet
  facet normal 0 0 1
    outer loop
      vertex 180.874 118.468 14
      vertex 178 121 14
      vertex 180.692 118.308 14
    endloop
  endfacet
  facet normal -0 0 1
    outer loop
      vertex 155 123 14
      vertex 178 121 14
      vertex 185 123 14
    endloop
  endfacet
  facet normal 0 0 1
    outer loop
      vertex 178 121 14
      vertex 155 123 14
      vertex 155 121 14
    endloop
  endfacet
  facet normal 0 0 1
    outer loop
      vertex 183.834 117.241 14
      vertex 188 120 14
      vertex 187.974 120.392 14
    endloop
  endfacet
  facet normal 0 0 1
    outer loop
      vertex 188 120 14
      vertex 186 113 14
      vertex 188 10 14
    endloop
  endfacet
  facet normal 0 0 1
    outer loop
      vertex 183.834 117.241 14
      vertex 187.974 120.392 14
      vertex 187.898 120.776 14
    endloop
  endfacet
  facet normal -0 0 1
    outer loop
      vertex 186 17 14
      vertex 188 10 14
      vertex 186 113 14
    endloop
  endfacet
  facet normal 0 0 1
    outer loop
      vertex 183.834 117.241 14
      vertex 187.898 120.776 14
      vertex 187.772 121.148 14
    endloop
  endfacet
  facet normal -0 0 1
    outer loop
      vertex 183.834 13.2415 14
      vertex 188 10 14
      vertex 186 17 14
    endloop
  endfacet
  facet normal 0 0 1
    outer loop
      vertex 183.834 117.241 14
      vertex 187.772 121.148 14
      vertex 187.598 121.5 14
    endloop
  endfacet
  facet normal -0 -0 1
    outer loop
      vertex 183.85 13 14
      vertex 188 10 14
      vertex 183.834 13.2415 14
    endloop
  endfacet
  facet normal 0 0 1
    outer loop
      vertex 183.834 117.241 14
      vertex 187.598 121.5 14
      vertex 187.38 121.826 14
    endloop
  endfacet
  facet normal -0 0 1
    outer loop
      vertex 183.787 12.5212 14
      vertex 188 10 14
      vertex 183.834 12.7585 14
    endloop
  endfacet
  facet normal 0 0 1
    outer loop
      vertex 183.834 117.241 14
      vertex 187.38 121.826 14
      vertex 187.121 122.121 14
    endloop
  endfacet
  facet normal -0 0 1
    outer loop
      vertex 183.709 12.292 14
      vertex 188 10 14
      vertex 183.787 12.5212 14
    endloop
  endfacet
  facet normal 0 0 1
    outer loop
      vertex 183.834 117.241 14
      vertex 187.121 122.121 14
      vertex 186.826 122.38 14
    endloop
  endfacet
  facet normal -0 0 1
    outer loop
      vertex 183.602 12.075 14
      vertex 188 10 14
      vertex 183.709 12.292 14
    endloop
  endfacet
  facet normal 0 0 1
    outer loop
      vertex 183.834 117.241 14
      vertex 186.826 122.38 14
      vertex 186.5 122.598 14
    endloop
  endfacet
  facet normal -0 0 1
    outer loop
      vertex 183.468 11.8738 14
      vertex 188 10 14
      vertex 183.602 12.075 14
    endloop
  endfacet
  facet normal 0 0 1
    outer loop
      vertex 183.834 117.241 14
      vertex 186.5 122.598 14
      vertex 186.148 122.772 14
    endloop
  endfacet
  facet normal -0 0 1
    outer loop
      vertex 183.308 11.6919 14
      vertex 188 10 14
      vertex 183.468 11.8738 14
    endloop
  endfacet
  facet normal 0 0 1
    outer loop
      vertex 188 10 14
      vertex 183.308 11.6919 14
      vertex 187.974 9.60843 14
    endloop
  endfacet
  facet normal 0 0 1
    outer loop
      vertex 183.834 117.241 14
      vertex 186.148 122.772 14
      vertex 185.776 122.898 14
    endloop
  endfacet
  facet normal 0 0 1
    outer loop
      vertex 183.834 117.241 14
      vertex 185.776 122.898 14
      vertex 185.392 122.974 14
    endloop
  endfacet
  facet normal 0 0 1
    outer loop
      vertex 183.308 118.308 14
      vertex 185.392 122.974 14
      vertex 185 123 14
    endloop
  endfacet
  facet normal 0 0 1
    outer loop
      vertex 188 120 14
      vertex 183.85 117 14
      vertex 183.834 116.759 14
    endloop
  endfacet
  facet normal 0 0 1
    outer loop
      vertex 188 120 14
      vertex 183.834 116.759 14
      vertex 186 113 14
    endloop
  endfacet
  facet normal -0 0 1
    outer loop
      vertex 183.787 116.521 14
      vertex 186 113 14
      vertex 183.834 116.759 14
    endloop
  endfacet
  facet normal -0 0 1
    outer loop
      vertex 183.709 116.292 14
      vertex 186 113 14
      vertex 183.787 116.521 14
    endloop
  endfacet
  facet normal -0 0 1
    outer loop
      vertex 183.602 116.075 14
      vertex 186 113 14
      vertex 183.709 116.292 14
    endloop
  endfacet
  facet normal -0 0 1
    outer loop
      vertex 183.468 115.874 14
      vertex 186 113 14
      vertex 183.602 116.075 14
    endloop
  endfacet
  facet normal -0 0 1
    outer loop
      vertex 183.308 115.692 14
      vertex 186 113 14
      vertex 183.468 115.874 14
    endloop
  endfacet
  facet normal -0 0 1
    outer loop
      vertex 183.126 115.532 14
      vertex 186 113 14
      vertex 183.308 115.692 14
    endloop
  endfacet
  facet normal -0 0 1
    outer loop
      vertex 182.925 115.398 14
      vertex 186 113 14
      vertex 183.126 115.532 14
    endloop
  endfacet
  facet normal -0 0 1
    outer loop
      vertex 182.708 115.291 14
      vertex 186 113 14
      vertex 182.925 115.398 14
    endloop
  endfacet
  facet normal -0 0 1
    outer loop
      vertex 182.479 115.213 14
      vertex 186 113 14
      vertex 182.708 115.291 14
    endloop
  endfacet
  facet normal -0 0 1
    outer loop
      vertex 182.241 115.166 14
      vertex 186 113 14
      vertex 182.479 115.213 14
    endloop
  endfacet
  facet normal -0 0 1
    outer loop
      vertex 182 115.15 14
      vertex 186 113 14
      vertex 182.241 115.166 14
    endloop
  endfacet
  facet normal 0 0 1
    outer loop
      vertex 178 113 14
      vertex 182 115.15 14
      vertex 181.759 115.166 14
    endloop
  endfacet
  facet normal 0 0 1
    outer loop
      vertex 178 113 14
      vertex 181.759 115.166 14
      vertex 181.521 115.213 14
    endloop
  endfacet
  facet normal 0 0 1
    outer loop
      vertex 178 113 14
      vertex 181.521 115.213 14
      vertex 181.292 115.291 14
    endloop
  endfacet
  facet normal 0 0 1
    outer loop
      vertex 178 113 14
      vertex 180.15 117 14
      vertex 178 121 14
    endloop
  endfacet
  facet normal 0 0 1
    outer loop
      vertex 180.15 117 14
      vertex 178 113 14
      vertex 180.166 116.759 14
    endloop
  endfacet
  facet normal 0 0 1
    outer loop
      vertex 180.166 116.759 14
      vertex 178 113 14
      vertex 180.213 116.521 14
    endloop
  endfacet
  facet normal 0 0 1
    outer loop
      vertex 182 115.15 14
      vertex 178 113 14
      vertex 186 113 14
    endloop
  endfacet
  facet normal 0 0 1
    outer loop
      vertex 181.075 115.398 14
      vertex 178 113 14
      vertex 181.292 115.291 14
    endloop
  endfacet
  facet normal 0 0 1
    outer loop
      vertex 180.874 115.532 14
      vertex 178 113 14
      vertex 181.075 115.398 14
    endloop
  endfacet
  facet normal 0 0 1
    outer loop
      vertex 180.692 115.692 14
      vertex 178 113 14
      vertex 180.874 115.532 14
    endloop
  endfacet
  facet normal 0 0 1
    outer loop
      vertex 180.532 115.874 14
      vertex 178 113 14
      vertex 180.692 115.692 14
    endloop
  endfacet
  facet normal 0 0 1
    outer loop
      vertex 180.398 116.075 14
      vertex 178 113 14
      vertex 180.532 115.874 14
    endloop
  endfacet
  facet normal 0 0 1
    outer loop
      vertex 180.291 116.292 14
      vertex 178 113 14
      vertex 180.398 116.075 14
    endloop
  endfacet
  facet normal 0 0 1
    outer loop
      vertex 180.213 116.521 14
      vertex 178 113 14
      vertex 180.291 116.292 14
    endloop
  endfacet
  facet normal 0 0 1
    outer loop
      vertex 187.898 9.22354 14
      vertex 183.308 11.6919 14
      vertex 187.772 8.85194 14
    endloop
  endfacet
  facet normal 0 0 1
    outer loop
      vertex 187.772 8.85194 14
      vertex 183.308 11.6919 14
      vertex 187.598 8.5 14
    endloop
  endfacet
  facet normal 0 0 1
    outer loop
      vertex 187.598 8.5 14
      vertex 183.308 11.6919 14
      vertex 187.38 8.17372 14
    endloop
  endfacet
  facet normal 0 0 1
    outer loop
      vertex 187.38 8.17372 14
      vertex 183.308 11.6919 14
      vertex 187.121 7.87868 14
    endloop
  endfacet
  facet normal 0 0 1
    outer loop
      vertex 187.974 9.60843 14
      vertex 183.308 11.6919 14
      vertex 187.898 9.22354 14
    endloop
  endfacet
  facet normal -0 0 1
    outer loop
      vertex 183.834 12.7585 14
      vertex 188 10 14
      vertex 183.85 13 14
    endloop
  endfacet
  facet normal 0 0 1
    outer loop
      vertex 186 17 14
      vertex 183.787 13.4788 14
      vertex 183.834 13.2415 14
    endloop
  endfacet
  facet normal 0 0 1
    outer loop
      vertex 186 17 14
      vertex 183.709 13.708 14
      vertex 183.787 13.4788 14
    endloop
  endfacet
  facet normal 0 0 1
    outer loop
      vertex 186 17 14
      vertex 183.602 13.925 14
      vertex 183.709 13.708 14
    endloop
  endfacet
  facet normal 0 0 1
    outer loop
      vertex 186 17 14
      vertex 183.468 14.1262 14
      vertex 183.602 13.925 14
    endloop
  endfacet
  facet normal 0 0 1
    outer loop
      vertex 186 17 14
      vertex 183.308 14.3081 14
      vertex 183.468 14.1262 14
    endloop
  endfacet
  facet normal 0 0 1
    outer loop
      vertex 186 17 14
      vertex 183.126 14.4677 14
      vertex 183.308 14.3081 14
    endloop
  endfacet
  facet normal 0 0 1
    outer loop
      vertex 186 17 14
      vertex 182.925 14.6021 14
      vertex 183.126 14.4677 14
    endloop
  endfacet
  facet normal 0 0 1
    outer loop
      vertex 186 17 14
      vertex 182.708 14.7092 14
      vertex 182.925 14.6021 14
    endloop
  endfacet
  facet normal 0 0 1
    outer loop
      vertex 186 17 14
      vertex 182.479 14.787 14
      vertex 182.708 14.7092 14
    endloop
  endfacet
  facet normal 0 0 1
    outer loop
      vertex 186 17 14
      vertex 182.241 14.8342 14
      vertex 182.479 14.787 14
    endloop
  endfacet
  facet normal 0 0 1
    outer loop
      vertex 186 17 14
      vertex 182 14.85 14
      vertex 182.241 14.8342 14
    endloop
  endfacet
  facet normal -0 0 1
    outer loop
      vertex 178 17 14
      vertex 182 14.85 14
      vertex 186 17 14
    endloop
  endfacet
  facet normal 0 0 1
    outer loop
      vertex 182 14.85 14
      vertex 178 17 14
      vertex 181.759 14.8342 14
    endloop
  endfacet
  facet normal 0 0 1
    outer loop
      vertex 181.759 14.8342 14
      vertex 178 17 14
      vertex 181.521 14.787 14
    endloop
  endfacet
  facet normal 0 0 1
    outer loop
      vertex 180.166 13.2415 14
      vertex 178 17 14
      vertex 180.15 13 14
    endloop
  endfacet
  facet normal 0 0 1
    outer loop
      vertex 180.213 13.4788 14
      vertex 178 17 14
      vertex 180.166 13.2415 14
    endloop
  endfacet
  facet normal 0 0 1
    outer loop
      vertex 180.291 13.708 14
      vertex 178 17 14
      vertex 180.213 13.4788 14
    endloop
  endfacet
  facet normal 0 0 1
    outer loop
      vertex 180.398 13.925 14
      vertex 178 17 14
      vertex 180.291 13.708 14
    endloop
  endfacet
  facet normal 0 0 1
    outer loop
      vertex 180.532 14.1262 14
      vertex 178 17 14
      vertex 180.398 13.925 14
    endloop
  endfacet
  facet normal 0 0 1
    outer loop
      vertex 180.692 14.3081 14
      vertex 178 17 14
      vertex 180.532 14.1262 14
    endloop
  endfacet
  facet normal 0 0 1
    outer loop
      vertex 180.874 14.4677 14
      vertex 178 17 14
      vertex 180.692 14.3081 14
    endloop
  endfacet
  facet normal 0 0 1
    outer loop
      vertex 181.075 14.6021 14
      vertex 178 17 14
      vertex 180.874 14.4677 14
    endloop
  endfacet
  facet normal 0 0 1
    outer loop
      vertex 181.292 14.7092 14
      vertex 178 17 14
      vertex 181.075 14.6021 14
    endloop
  endfacet
  facet normal 0 0 1
    outer loop
      vertex 181.521 14.787 14
      vertex 178 17 14
      vertex 181.292 14.7092 14
    endloop
  endfacet
  facet normal 0 0 1
    outer loop
      vertex 187.121 7.87868 14
      vertex 183.308 11.6919 14
      vertex 186.826 7.61993 14
    endloop
  endfacet
  facet normal 0 0 1
    outer loop
      vertex 186.826 7.61993 14
      vertex 183.308 11.6919 14
      vertex 186.5 7.40192 14
    endloop
  endfacet
  facet normal 0 0 1
    outer loop
      vertex 186.5 7.40192 14
      vertex 183.308 11.6919 14
      vertex 186.148 7.22836 14
    endloop
  endfacet
  facet normal 0 0 1
    outer loop
      vertex 186.148 7.22836 14
      vertex 183.308 11.6919 14
      vertex 185.776 7.10222 14
    endloop
  endfacet
  facet normal 0 0 1
    outer loop
      vertex 185.776 7.10222 14
      vertex 183.308 11.6919 14
      vertex 185.392 7.02567 14
    endloop
  endfacet
  facet normal 0 0 1
    outer loop
      vertex 185.392 7.02567 14
      vertex 183.308 11.6919 14
      vertex 185 7 14
    endloop
  endfacet
  facet normal -0 0 1
    outer loop
      vertex 183.126 11.5323 14
      vertex 185 7 14
      vertex 183.308 11.6919 14
    endloop
  endfacet
  facet normal -0 0 1
    outer loop
      vertex 182.925 11.3979 14
      vertex 185 7 14
      vertex 183.126 11.5323 14
    endloop
  endfacet
  facet normal -0 0 1
    outer loop
      vertex 182.708 11.2908 14
      vertex 185 7 14
      vertex 182.925 11.3979 14
    endloop
  endfacet
  facet normal -0 0 1
    outer loop
      vertex 182.479 11.213 14
      vertex 185 7 14
      vertex 182.708 11.2908 14
    endloop
  endfacet
  facet normal -0 0 1
    outer loop
      vertex 182.241 11.1658 14
      vertex 185 7 14
      vertex 182.479 11.213 14
    endloop
  endfacet
  facet normal -0 0 1
    outer loop
      vertex 182 11.15 14
      vertex 185 7 14
      vertex 182.241 11.1658 14
    endloop
  endfacet
  facet normal 0 0 1
    outer loop
      vertex 181.759 11.1658 14
      vertex 185 7 14
      vertex 182 11.15 14
    endloop
  endfacet
  facet normal 0 0 1
    outer loop
      vertex 178 9 14
      vertex 181.759 11.1658 14
      vertex 181.521 11.213 14
    endloop
  endfacet
  facet normal 0 0 1
    outer loop
      vertex 178 9 14
      vertex 181.521 11.213 14
      vertex 181.292 11.2908 14
    endloop
  endfacet
  facet normal 0 0 1
    outer loop
      vertex 178 9 14
      vertex 181.292 11.2908 14
      vertex 181.075 11.3979 14
    endloop
  endfacet
  facet normal 0 0 1
    outer loop
      vertex 178 9 14
      vertex 181.075 11.3979 14
      vertex 180.874 11.5323 14
    endloop
  endfacet
  facet normal 0 0 1
    outer loop
      vertex 178 9 14
      vertex 180.874 11.5323 14
      vertex 180.692 11.6919 14
    endloop
  endfacet
  facet normal 0 0 1
    outer loop
      vertex 178 9 14
      vertex 180.15 13 14
      vertex 178 17 14
    endloop
  endfacet
  facet normal 0 0 1
    outer loop
      vertex 180.15 13 14
      vertex 178 9 14
      vertex 180.166 12.7585 14
    endloop
  endfacet
  facet normal 0 0 1
    outer loop
      vertex 180.166 12.7585 14
      vertex 178 9 14
      vertex 180.213 12.5212 14
    endloop
  endfacet
  facet normal 0 0 1
    outer loop
      vertex 180.213 12.5212 14
      vertex 178 9 14
      vertex 180.291 12.292 14
    endloop
  endfacet
  facet normal 0 0 1
    outer loop
      vertex 178 9 14
      vertex 180.398 12.075 14
      vertex 180.291 12.292 14
    endloop
  endfacet
  facet normal 0 0 1
    outer loop
      vertex 178 9 14
      vertex 180.532 11.8738 14
      vertex 180.398 12.075 14
    endloop
  endfacet
  facet normal 0 0 1
    outer loop
      vertex 178 9 14
      vertex 180.692 11.6919 14
      vertex 180.532 11.8738 14
    endloop
  endfacet
  facet normal 0 0 1
    outer loop
      vertex 181.759 11.1658 14
      vertex 178 9 14
      vertex 185 7 14
    endloop
  endfacet
  facet normal -0 0 1
    outer loop
      vertex 2 9 14
      vertex 185 7 14
      vertex 178 9 14
    endloop
  endfacet
  facet normal -0 0 1
    outer loop
      vertex -0.165828 12.7585 14
      vertex 2 9 14
      vertex -0.150001 13 14
    endloop
  endfacet
  facet normal -0 0 1
    outer loop
      vertex -0.213037 12.5212 14
      vertex 2 9 14
      vertex -0.165828 12.7585 14
    endloop
  endfacet
  facet normal -0 0 1
    outer loop
      vertex -0.290823 12.292 14
      vertex 2 9 14
      vertex -0.213037 12.5212 14
    endloop
  endfacet
  facet normal -0 0 1
    outer loop
      vertex -0.397854 12.075 14
      vertex 2 9 14
      vertex -0.290823 12.292 14
    endloop
  endfacet
  facet normal -0 0 1
    outer loop
      vertex -0.532297 11.8738 14
      vertex 2 9 14
      vertex -0.397854 12.075 14
    endloop
  endfacet
  facet normal -0 0 1
    outer loop
      vertex -0.691853 11.6919 14
      vertex 2 9 14
      vertex -0.532297 11.8738 14
    endloop
  endfacet
  facet normal -0 0 1
    outer loop
      vertex -0.873792 11.5323 14
      vertex 2 9 14
      vertex -0.691853 11.6919 14
    endloop
  endfacet
  facet normal -0 0 1
    outer loop
      vertex -1.075 11.3979 14
      vertex 2 9 14
      vertex -0.873792 11.5323 14
    endloop
  endfacet
  facet normal -0 0 1
    outer loop
      vertex -1.29204 11.2908 14
      vertex 2 9 14
      vertex -1.075 11.3979 14
    endloop
  endfacet
  facet normal -0 0 1
    outer loop
      vertex -1.52118 11.213 14
      vertex 2 9 14
      vertex -1.29204 11.2908 14
    endloop
  endfacet
  facet normal -0 0 1
    outer loop
      vertex -1.75853 11.1658 14
      vertex 2 9 14
      vertex -1.52118 11.213 14
    endloop
  endfacet
  facet normal 0 0 1
    outer loop
      vertex -5 7 14
      vertex -1.75853 11.1658 14
      vertex -2 11.15 14
    endloop
  endfacet
  facet normal 0 0 1
    outer loop
      vertex -5 7 14
      vertex -2 11.15 14
      vertex -2.24147 11.1658 14
    endloop
  endfacet
  facet normal 0 0 1
    outer loop
      vertex -5 7 14
      vertex -2.24147 11.1658 14
      vertex -2.47882 11.213 14
    endloop
  endfacet
  facet normal 0 0 1
    outer loop
      vertex -5 7 14
      vertex -2.47882 11.213 14
      vertex -2.70796 11.2908 14
    endloop
  endfacet
  facet normal 0 0 1
    outer loop
      vertex 2 9 14
      vertex -5 7 14
      vertex 185 7 14
    endloop
  endfacet
  facet normal 0 0 1
    outer loop
      vertex -1.75853 11.1658 14
      vertex -5 7 14
      vertex 2 9 14
    endloop
  endfacet
  facet normal 0 0 1
    outer loop
      vertex -2.925 11.3979 14
      vertex -5 7 14
      vertex -2.70796 11.2908 14
    endloop
  endfacet
  facet normal 0 0 1
    outer loop
      vertex -3.12621 11.5323 14
      vertex -5 7 14
      vertex -2.925 11.3979 14
    endloop
  endfacet
  facet normal 0 0 1
    outer loop
      vertex -3.30815 11.6919 14
      vertex -5 7 14
      vertex -3.12621 11.5323 14
    endloop
  endfacet
  facet normal 0 0 1
    outer loop
      vertex -3.4677 11.8738 14
      vertex -5 7 14
      vertex -3.30815 11.6919 14
    endloop
  endfacet
  facet normal 0 0 1
    outer loop
      vertex -3.60215 12.075 14
      vertex -5 7 14
      vertex -3.4677 11.8738 14
    endloop
  endfacet
  facet normal 0 0 1
    outer loop
      vertex -3.70918 12.292 14
      vertex -5 7 14
      vertex -3.60215 12.075 14
    endloop
  endfacet
  facet normal 0 0 1
    outer loop
      vertex -3.78696 12.5212 14
      vertex -5 7 14
      vertex -3.70918 12.292 14
    endloop
  endfacet
  facet normal 0 0 1
    outer loop
      vertex -3.83417 12.7585 14
      vertex -5 7 14
      vertex -3.78696 12.5212 14
    endloop
  endfacet
  facet normal 0 0 1
    outer loop
      vertex -5 7 14
      vertex -3.83417 12.7585 14
      vertex -3.85 13 14
    endloop
  endfacet
  facet normal 0 0 1
    outer loop
      vertex 55 123 14
      vertex 2 121 14
      vertex 55 121 14
    endloop
  endfacet
  facet normal 0 0 1
    outer loop
      vertex 2 121 14
      vertex -0.150001 117 14
      vertex 2 113 14
    endloop
  endfacet
  facet normal 0 0 1
    outer loop
      vertex 2 121 14
      vertex -0.165828 117.241 14
      vertex -0.150001 117 14
    endloop
  endfacet
  facet normal 0 0 1
    outer loop
      vertex 2 121 14
      vertex -0.213037 117.479 14
      vertex -0.165828 117.241 14
    endloop
  endfacet
  facet normal 0 0 1
    outer loop
      vertex 2 121 14
      vertex -0.290823 117.708 14
      vertex -0.213037 117.479 14
    endloop
  endfacet
  facet normal 0 0 1
    outer loop
      vertex 2 121 14
      vertex -0.397854 117.925 14
      vertex -0.290823 117.708 14
    endloop
  endfacet
  facet normal 0 0 1
    outer loop
      vertex 2 121 14
      vertex -0.532297 118.126 14
      vertex -0.397854 117.925 14
    endloop
  endfacet
  facet normal 0 0 1
    outer loop
      vertex 2 121 14
      vertex -0.691853 118.308 14
      vertex -0.532297 118.126 14
    endloop
  endfacet
  facet normal 0 0 1
    outer loop
      vertex 2 121 14
      vertex -0.873792 118.468 14
      vertex -0.691853 118.308 14
    endloop
  endfacet
  facet normal 0 0 1
    outer loop
      vertex 2 121 14
      vertex -1.075 118.602 14
      vertex -0.873792 118.468 14
    endloop
  endfacet
  facet normal 0 0 1
    outer loop
      vertex 2 121 14
      vertex -1.29204 118.709 14
      vertex -1.075 118.602 14
    endloop
  endfacet
  facet normal 0 0 1
    outer loop
      vertex 2 121 14
      vertex -1.52118 118.787 14
      vertex -1.29204 118.709 14
    endloop
  endfacet
  facet normal 0 0 1
    outer loop
      vertex 2 121 14
      vertex -1.75853 118.834 14
      vertex -1.52118 118.787 14
    endloop
  endfacet
  facet normal 0 0 1
    outer loop
      vertex -5 123 14
      vertex -1.75853 118.834 14
      vertex 2 121 14
    endloop
  endfacet
  facet normal 0 0 1
    outer loop
      vertex -1.75853 118.834 14
      vertex -5 123 14
      vertex -2 118.85 14
    endloop
  endfacet
  facet normal 0 0 1
    outer loop
      vertex -2 118.85 14
      vertex -5 123 14
      vertex -2.24147 118.834 14
    endloop
  endfacet
  facet normal 0 0 1
    outer loop
      vertex -2.24147 118.834 14
      vertex -5 123 14
      vertex -2.47882 118.787 14
    endloop
  endfacet
  facet normal 0 0 1
    outer loop
      vertex -3.70918 117.708 14
      vertex -8 120 14
      vertex -3.78696 117.479 14
    endloop
  endfacet
  facet normal 0 0 1
    outer loop
      vertex -3.60215 117.925 14
      vertex -8 120 14
      vertex -3.70918 117.708 14
    endloop
  endfacet
  facet normal 0 0 1
    outer loop
      vertex -3.4677 118.126 14
      vertex -8 120 14
      vertex -3.60215 117.925 14
    endloop
  endfacet
  facet normal 0 0 1
    outer loop
      vertex -3.30815 118.308 14
      vertex -8 120 14
      vertex -3.4677 118.126 14
    endloop
  endfacet
  facet normal -0 0 1
    outer loop
      vertex -8 120 14
      vertex -3.30815 118.308 14
      vertex -6.14806 122.772 14
    endloop
  endfacet
  facet normal -0 0 1
    outer loop
      vertex -6.14806 122.772 14
      vertex -3.30815 118.308 14
      vertex -5 123 14
    endloop
  endfacet
  facet normal 0 0 1
    outer loop
      vertex -3.12621 118.468 14
      vertex -5 123 14
      vertex -3.30815 118.308 14
    endloop
  endfacet
  facet normal 0 0 1
    outer loop
      vertex -2.925 118.602 14
      vertex -5 123 14
      vertex -3.12621 118.468 14
    endloop
  endfacet
  facet normal 0 0 1
    outer loop
      vertex -2.70796 118.709 14
      vertex -5 123 14
      vertex -2.925 118.602 14
    endloop
  endfacet
  facet normal 0 0 1
    outer loop
      vertex -2.47882 118.787 14
      vertex -5 123 14
      vertex -2.70796 118.709 14
    endloop
  endfacet
  facet normal -0 0 1
    outer loop
      vertex -5 123 14
      vertex 2 121 14
      vertex 55 123 14
    endloop
  endfacet
  facet normal -0 0 1
    outer loop
      vertex -0.165828 116.759 14
      vertex 2 113 14
      vertex -0.150001 117 14
    endloop
  endfacet
  facet normal -0 0 1
    outer loop
      vertex -0.213037 116.521 14
      vertex 2 113 14
      vertex -0.165828 116.759 14
    endloop
  endfacet
  facet normal -0 0 1
    outer loop
      vertex -0.290823 116.292 14
      vertex 2 113 14
      vertex -0.213037 116.521 14
    endloop
  endfacet
  facet normal -0 0 1
    outer loop
      vertex -0.397854 116.075 14
      vertex 2 113 14
      vertex -0.290823 116.292 14
    endloop
  endfacet
  facet normal -0 0 1
    outer loop
      vertex -0.532297 115.874 14
      vertex 2 113 14
      vertex -0.397854 116.075 14
    endloop
  endfacet
  facet normal -0 0 1
    outer loop
      vertex -0.691853 115.692 14
      vertex 2 113 14
      vertex -0.532297 115.874 14
    endloop
  endfacet
  facet normal -0 0 1
    outer loop
      vertex -0.873792 115.532 14
      vertex 2 113 14
      vertex -0.691853 115.692 14
    endloop
  endfacet
  facet normal -0 0 1
    outer loop
      vertex -1.075 115.398 14
      vertex 2 113 14
      vertex -0.873792 115.532 14
    endloop
  endfacet
  facet normal -0 0 1
    outer loop
      vertex -1.29204 115.291 14
      vertex 2 113 14
      vertex -1.075 115.398 14
    endloop
  endfacet
  facet normal -0 0 1
    outer loop
      vertex -1.52118 115.213 14
      vertex 2 113 14
      vertex -1.29204 115.291 14
    endloop
  endfacet
  facet normal -0 0 1
    outer loop
      vertex -1.75853 115.166 14
      vertex 2 113 14
      vertex -1.52118 115.213 14
    endloop
  endfacet
  facet normal -0 0 1
    outer loop
      vertex -2 115.15 14
      vertex 2 113 14
      vertex -1.75853 115.166 14
    endloop
  endfacet
  facet normal 0 0 1
    outer loop
      vertex -6 113 14
      vertex -2 115.15 14
      vertex -2.24147 115.166 14
    endloop
  endfacet
  facet normal 0 0 1
    outer loop
      vertex -6 113 14
      vertex -2.24147 115.166 14
      vertex -2.47882 115.213 14
    endloop
  endfacet
  facet normal 0 0 1
    outer loop
      vertex -6 113 14
      vertex -2.47882 115.213 14
      vertex -2.70796 115.291 14
    endloop
  endfacet
  facet normal 0 0 1
    outer loop
      vertex -3.78696 117.479 14
      vertex -8 120 14
      vertex -3.83417 117.241 14
    endloop
  endfacet
  facet normal 0 0 1
    outer loop
      vertex -6.14806 122.772 14
      vertex -5 123 14
      vertex -5.39157 122.974 14
    endloop
  endfacet
  facet normal 0 0 1
    outer loop
      vertex -8 120 14
      vertex -3.85 117 14
      vertex -3.83417 117.241 14
    endloop
  endfacet
  facet normal 0 0 1
    outer loop
      vertex -6.14806 122.772 14
      vertex -5.39157 122.974 14
      vertex -5.77646 122.898 14
    endloop
  endfacet
  facet normal 0 0 1
    outer loop
      vertex -2 115.15 14
      vertex -6 113 14
      vertex 2 113 14
    endloop
  endfacet
  facet normal 0 0 1
    outer loop
      vertex -2.925 115.398 14
      vertex -6 113 14
      vertex -2.70796 115.291 14
    endloop
  endfacet
  facet normal 0 0 1
    outer loop
      vertex -3.12621 115.532 14
      vertex -6 113 14
      vertex -2.925 115.398 14
    endloop
  endfacet
  facet normal 0 0 1
    outer loop
      vertex -3.30815 115.692 14
      vertex -6 113 14
      vertex -3.12621 115.532 14
    endloop
  endfacet
  facet normal 0 0 1
    outer loop
      vertex -3.4677 115.874 14
      vertex -6 113 14
      vertex -3.30815 115.692 14
    endloop
  endfacet
  facet normal 0 0 1
    outer loop
      vertex -3.60215 116.075 14
      vertex -6 113 14
      vertex -3.4677 115.874 14
    endloop
  endfacet
  facet normal 0 0 1
    outer loop
      vertex -3.70918 116.292 14
      vertex -6 113 14
      vertex -3.60215 116.075 14
    endloop
  endfacet
  facet normal 0 0 1
    outer loop
      vertex -3.78696 116.521 14
      vertex -6 113 14
      vertex -3.70918 116.292 14
    endloop
  endfacet
  facet normal 0 0 1
    outer loop
      vertex -8 120 14
      vertex -3.83417 116.759 14
      vertex -3.85 117 14
    endloop
  endfacet
  facet normal 0 0 1
    outer loop
      vertex -3.83417 116.759 14
      vertex -8 120 14
      vertex -6 113 14
    endloop
  endfacet
  facet normal 0 0 1
    outer loop
      vertex -3.83417 116.759 14
      vertex -6 113 14
      vertex -3.78696 116.521 14
    endloop
  endfacet
  facet normal -0.997863 0.0653447 0
    outer loop
      vertex -8 120 -35.7
      vertex -7.97433 120.392 14
      vertex -7.97433 120.392 -35.7
    endloop
  endfacet
  facet normal -0.997863 0.0653447 0
    outer loop
      vertex -7.97433 120.392 14
      vertex -8 120 -35.7
      vertex -8 120 14
    endloop
  endfacet
  facet normal -0.195067 -0.98079 0
    outer loop
      vertex -5.77646 7.10222 -35.7
      vertex -5.39157 7.02567 14
      vertex -5.77646 7.10222 14
    endloop
  endfacet
  facet normal -0.195067 -0.98079 -0
    outer loop
      vertex -5.39157 7.02567 14
      vertex -5.77646 7.10222 -35.7
      vertex -5.39157 7.02567 -35.7
    endloop
  endfacet
  facet normal -0.442294 -0.89687 0
    outer loop
      vertex -6.5 7.40192 -35.7
      vertex -6.14806 7.22836 14
      vertex -6.5 7.40192 14
    endloop
  endfacet
  facet normal -0.442294 -0.89687 -0
    outer loop
      vertex -6.14806 7.22836 14
      vertex -6.5 7.40192 -35.7
      vertex -6.14806 7.22836 -35.7
    endloop
  endfacet
  facet normal -0.126373 -0.635399 -0.761773
    outer loop
      vertex -5.39157 7.02567 -35.7
      vertex -5.27646 7.60222 -36.2
      vertex -4.89157 7.52567 -36.2
    endloop
  endfacet
  facet normal -0.126373 -0.635399 -0.761773
    outer loop
      vertex -5.27646 7.60222 -36.2
      vertex -5.39157 7.02567 -35.7
      vertex -5.77646 7.10222 -35.7
    endloop
  endfacet
  facet normal 0.325071 0.486115 -0.811185
    outer loop
      vertex 186.326 121.88 -36.2
      vertex 186.5 122.598 -35.7
      vertex 186.826 122.38 -35.7
    endloop
  endfacet
  facet normal 0.325071 0.486115 -0.811185
    outer loop
      vertex 186.5 122.598 -35.7
      vertex 186.326 121.88 -36.2
      vertex 186 122.098 -36.2
    endloop
  endfacet
  facet normal 0 -0.707107 -0.707107
    outer loop
      vertex -4.5 7.5 -36.2
      vertex 185 7 -35.7
      vertex -5 7 -35.7
    endloop
  endfacet
  facet normal 0 -0.707107 -0.707107
    outer loop
      vertex 185 7 -35.7
      vertex -4.5 7.5 -36.2
      vertex 184.5 7.5 -36.2
    endloop
  endfacet
  facet normal -0.683658 0.0447692 -0.728428
    outer loop
      vertex -8 120 -35.7
      vertex -7.47433 119.892 -36.2
      vertex -7.5 119.5 -36.2
    endloop
  endfacet
  facet normal -0.683658 0.0447692 -0.728428
    outer loop
      vertex -7.47433 119.892 -36.2
      vertex -8 120 -35.7
      vertex -7.97433 120.392 -35.7
    endloop
  endfacet
  facet normal -0.997858 -0.0654162 0
    outer loop
      vertex -7.97433 9.60843 -35.7
      vertex -8 10 14
      vertex -8 10 -35.7
    endloop
  endfacet
  facet normal -0.997858 -0.0654162 0
    outer loop
      vertex -8 10 14
      vertex -7.97433 9.60843 -35.7
      vertex -7.97433 9.60843 14
    endloop
  endfacet
  facet normal -0.321437 -0.946931 0
    outer loop
      vertex -6.14806 7.22836 -35.7
      vertex -5.77646 7.10222 14
      vertex -6.14806 7.22836 14
    endloop
  endfacet
  facet normal -0.321437 -0.946931 -0
    outer loop
      vertex -5.77646 7.10222 14
      vertex -6.14806 7.22836 -35.7
      vertex -5.77646 7.10222 -35.7
    endloop
  endfacet
  facet normal -0.0654162 -0.997858 0
    outer loop
      vertex -5.39157 7.02567 -35.7
      vertex -5 7 14
      vertex -5.39157 7.02567 14
    endloop
  endfacet
  facet normal -0.0654162 -0.997858 -0
    outer loop
      vertex -5 7 14
      vertex -5.39157 7.02567 -35.7
      vertex -5 7 -35.7
    endloop
  endfacet
  facet normal 0.659766 0.751471 -0
    outer loop
      vertex 187.121 122.121 -35.7
      vertex 186.826 122.38 14
      vertex 187.121 122.121 14
    endloop
  endfacet
  facet normal 0.659766 0.751471 0
    outer loop
      vertex 186.826 122.38 14
      vertex 187.121 122.121 -35.7
      vertex 186.826 122.38 -35.7
    endloop
  endfacet
  facet normal -0.0662535 0.997803 0
    outer loop
      vertex -5 123 -35.7
      vertex -5.39157 122.974 14
      vertex -5 123 14
    endloop
  endfacet
  facet normal -0.0662535 0.997803 0
    outer loop
      vertex -5.39157 122.974 14
      vertex -5 123 -35.7
      vertex -5.39157 122.974 -35.7
    endloop
  endfacet
  facet normal 0.321127 -0.947036 0
    outer loop
      vertex 185.776 7.10222 -35.7
      vertex 186.148 7.22836 14
      vertex 185.776 7.10222 14
    endloop
  endfacet
  facet normal 0.321127 -0.947036 0
    outer loop
      vertex 186.148 7.22836 14
      vertex 185.776 7.10222 -35.7
      vertex 186.148 7.22836 -35.7
    endloop
  endfacet
  facet normal 0.264603 -0.536645 -0.801248
    outer loop
      vertex 186.148 7.22836 -35.7
      vertex 186 7.90192 -36.2
      vertex 186.5 7.40192 -35.7
    endloop
  endfacet
  facet normal 0.264603 -0.536645 -0.801248
    outer loop
      vertex 186 7.90192 -36.2
      vertex 186.148 7.22836 -35.7
      vertex 185.648 7.72836 -36.2
    endloop
  endfacet
  facet normal 0.442233 -0.8969 0
    outer loop
      vertex 186.148 7.22836 -35.7
      vertex 186.5 7.40192 14
      vertex 186.148 7.22836 14
    endloop
  endfacet
  facet normal 0.442233 -0.8969 0
    outer loop
      vertex 186.5 7.40192 14
      vertex 186.148 7.22836 -35.7
      vertex 186.5 7.40192 -35.7
    endloop
  endfacet
  facet normal 0.751471 0.659766 0
    outer loop
      vertex 187.38 121.826 14
      vertex 187.121 122.121 -35.7
      vertex 187.121 122.121 14
    endloop
  endfacet
  facet normal 0.751471 0.659766 0
    outer loop
      vertex 187.121 122.121 -35.7
      vertex 187.38 121.826 14
      vertex 187.38 121.826 -35.7
    endloop
  endfacet
  facet normal 0.751515 -0.659716 0
    outer loop
      vertex 187.121 7.87868 14
      vertex 187.38 8.17372 -35.7
      vertex 187.38 8.17372 14
    endloop
  endfacet
  facet normal 0.751515 -0.659716 0
    outer loop
      vertex 187.38 8.17372 -35.7
      vertex 187.121 7.87868 14
      vertex 187.121 7.87868 -35.7
    endloop
  endfacet
  facet normal -1 0 0
    outer loop
      vertex -8 10 -35.7
      vertex -8 120 14
      vertex -8 120 -35.7
    endloop
  endfacet
  facet normal -1 -0 0
    outer loop
      vertex -8 120 14
      vertex -8 10 -35.7
      vertex -8 10 14
    endloop
  endfacet
  facet normal -0.434663 0.381251 -0.815914
    outer loop
      vertex -7.38007 121.826 -35.7
      vertex -6.62132 121.621 -36.2
      vertex -6.88007 121.326 -36.2
    endloop
  endfacet
  facet normal -0.434663 0.381251 -0.815914
    outer loop
      vertex -6.62132 121.621 -36.2
      vertex -7.38007 121.826 -35.7
      vertex -7.12132 122.121 -35.7
    endloop
  endfacet
  facet normal -0.946931 -0.321437 0
    outer loop
      vertex -7.77164 8.85194 -35.7
      vertex -7.89778 9.22354 14
      vertex -7.89778 9.22354 -35.7
    endloop
  endfacet
  facet normal -0.946931 -0.321437 0
    outer loop
      vertex -7.89778 9.22354 14
      vertex -7.77164 8.85194 -35.7
      vertex -7.77164 8.85194 14
    endloop
  endfacet
  facet normal 0.125825 0.635748 -0.761573
    outer loop
      vertex 185.276 122.398 -36.2
      vertex 185.392 122.974 -35.7
      vertex 185.776 122.898 -35.7
    endloop
  endfacet
  facet normal 0.125825 0.635748 -0.761573
    outer loop
      vertex 185.392 122.974 -35.7
      vertex 185.276 122.398 -36.2
      vertex 184.892 122.474 -36.2
    endloop
  endfacet
  facet normal 0.0661811 0.997808 -0
    outer loop
      vertex 185.392 122.974 -35.7
      vertex 185 123 14
      vertex 185.392 122.974 14
    endloop
  endfacet
  facet normal 0.0661811 0.997808 0
    outer loop
      vertex 185 123 14
      vertex 185.392 122.974 -35.7
      vertex 185 123 -35.7
    endloop
  endfacet
  facet normal -0.193719 0.981057 0
    outer loop
      vertex -5.39157 122.974 -35.7
      vertex -5.77646 122.898 14
      vertex -5.39157 122.974 14
    endloop
  endfacet
  facet normal -0.193719 0.981057 0
    outer loop
      vertex -5.77646 122.898 14
      vertex -5.39157 122.974 -35.7
      vertex -5.77646 122.898 -35.7
    endloop
  endfacet
  facet normal 0.195502 -0.980703 0
    outer loop
      vertex 185.392 7.02567 -35.7
      vertex 185.776 7.10222 14
      vertex 185.392 7.02567 14
    endloop
  endfacet
  facet normal 0.195502 -0.980703 0
    outer loop
      vertex 185.776 7.10222 14
      vertex 185.392 7.02567 -35.7
      vertex 185.776 7.10222 -35.7
    endloop
  endfacet
  facet normal 0.434498 -0.381423 -0.815921
    outer loop
      vertex 186.621 8.37868 -36.2
      vertex 187.38 8.17372 -35.7
      vertex 187.121 7.87868 -35.7
    endloop
  endfacet
  facet normal 0.434498 -0.381423 -0.815921
    outer loop
      vertex 187.38 8.17372 -35.7
      vertex 186.621 8.37868 -36.2
      vertex 186.88 8.67372 -36.2
    endloop
  endfacet
  facet normal 0.659406 -0.751787 0
    outer loop
      vertex 186.826 7.61993 -35.7
      vertex 187.121 7.87868 14
      vertex 186.826 7.61993 14
    endloop
  endfacet
  facet normal 0.659406 -0.751787 0
    outer loop
      vertex 187.121 7.87868 14
      vertex 186.826 7.61993 -35.7
      vertex 187.121 7.87868 -35.7
    endloop
  endfacet
  facet normal 0.896425 -0.443195 0
    outer loop
      vertex 187.598 8.5 14
      vertex 187.772 8.85194 -35.7
      vertex 187.772 8.85194 14
    endloop
  endfacet
  facet normal 0.896425 -0.443195 0
    outer loop
      vertex 187.772 8.85194 -35.7
      vertex 187.598 8.5 14
      vertex 187.598 8.5 -35.7
    endloop
  endfacet
  facet normal -0.707107 0 -0.707107
    outer loop
      vertex -7.5 10.5 -36.2
      vertex -8 120 -35.7
      vertex -7.5 119.5 -36.2
    endloop
  endfacet
  facet normal -0.707107 -0 -0.707107
    outer loop
      vertex -8 120 -35.7
      vertex -7.5 10.5 -36.2
      vertex -8 10 -35.7
    endloop
  endfacet
  facet normal -0.264635 -0.536619 -0.801254
    outer loop
      vertex -6.14806 7.22836 -35.7
      vertex -6 7.90192 -36.2
      vertex -5.64806 7.72836 -36.2
    endloop
  endfacet
  facet normal -0.264635 -0.536619 -0.801254
    outer loop
      vertex -6 7.90192 -36.2
      vertex -6.14806 7.22836 -35.7
      vertex -6.5 7.40192 -35.7
    endloop
  endfacet
  facet normal -0.555564 -0.831474 0
    outer loop
      vertex -6.82628 7.61993 -35.7
      vertex -6.5 7.40192 14
      vertex -6.82628 7.61993 14
    endloop
  endfacet
  facet normal -0.555564 -0.831474 -0
    outer loop
      vertex -6.5 7.40192 14
      vertex -6.82628 7.61993 -35.7
      vertex -6.5 7.40192 -35.7
    endloop
  endfacet
  facet normal -0.536619 -0.264635 -0.801254
    outer loop
      vertex -7.77164 8.85194 -35.7
      vertex -7.09808 9 -36.2
      vertex -7.59808 8.5 -35.7
    endloop
  endfacet
  facet normal -0.536619 -0.264635 -0.801254
    outer loop
      vertex -7.09808 9 -36.2
      vertex -7.77164 8.85194 -35.7
      vertex -7.27164 9.35194 -36.2
    endloop
  endfacet
  facet normal 0 0 -1
    outer loop
      vertex 172.997 20.2437 -36.2
      vertex 7.00261 20.2437 -36.2
      vertex 173.185 20.625 -36.2
    endloop
  endfacet
  facet normal 0 0 -1
    outer loop
      vertex 173.185 109.375 -36.2
      vertex 7.2222 110.576 -36.2
      vertex 7.25 111 -36.2
    endloop
  endfacet
  facet normal 0 0 -1
    outer loop
      vertex 6.81458 20.625 -36.2
      vertex 173.185 20.625 -36.2
      vertex 7.00261 20.2437 -36.2
    endloop
  endfacet
  facet normal 0 0 -1
    outer loop
      vertex 173.185 109.375 -36.2
      vertex 7.13926 110.159 -36.2
      vertex 7.2222 110.576 -36.2
    endloop
  endfacet
  facet normal 0 0 -1
    outer loop
      vertex 173.185 20.625 -36.2
      vertex 6.81458 20.625 -36.2
      vertex 173.185 109.375 -36.2
    endloop
  endfacet
  facet normal 0 0 -1
    outer loop
      vertex 173.185 109.375 -36.2
      vertex 7.00261 109.756 -36.2
      vertex 7.13926 110.159 -36.2
    endloop
  endfacet
  facet normal 0 0 -1
    outer loop
      vertex 6.81458 109.375 -36.2
      vertex 173.185 109.375 -36.2
      vertex 6.81458 20.625 -36.2
    endloop
  endfacet
  facet normal 0 0 -1
    outer loop
      vertex 173.185 109.375 -36.2
      vertex 6.81458 109.375 -36.2
      vertex 7.00261 109.756 -36.2
    endloop
  endfacet
  facet normal 0 0 -1
    outer loop
      vertex 6.5784 20.9785 -36.2
      vertex 6.81458 109.375 -36.2
      vertex 6.81458 20.625 -36.2
    endloop
  endfacet
  facet normal 0 0 -1
    outer loop
      vertex 6.5784 20.9785 -36.2
      vertex 6.5784 109.022 -36.2
      vertex 6.81458 109.375 -36.2
    endloop
  endfacet
  facet normal 0 0 -1
    outer loop
      vertex 6.2981 21.2981 -36.2
      vertex 6.5784 109.022 -36.2
      vertex 6.5784 20.9785 -36.2
    endloop
  endfacet
  facet normal 0 0 -1
    outer loop
      vertex 6.2981 21.2981 -36.2
      vertex 6.2981 108.702 -36.2
      vertex 6.5784 109.022 -36.2
    endloop
  endfacet
  facet normal 0 0 -1
    outer loop
      vertex 5.97847 21.5784 -36.2
      vertex 6.2981 108.702 -36.2
      vertex 6.2981 21.2981 -36.2
    endloop
  endfacet
  facet normal 0 0 -1
    outer loop
      vertex 5.97847 21.5784 -36.2
      vertex 5.97847 108.422 -36.2
      vertex 6.2981 108.702 -36.2
    endloop
  endfacet
  facet normal 0 0 -1
    outer loop
      vertex 5.625 21.8146 -36.2
      vertex 5.97847 108.422 -36.2
      vertex 5.97847 21.5784 -36.2
    endloop
  endfacet
  facet normal 0 0 -1
    outer loop
      vertex 5.625 21.8146 -36.2
      vertex 5.625 108.185 -36.2
      vertex 5.97847 108.422 -36.2
    endloop
  endfacet
  facet normal 0 0 -1
    outer loop
      vertex 5.24372 22.0026 -36.2
      vertex 5.625 108.185 -36.2
      vertex 5.625 21.8146 -36.2
    endloop
  endfacet
  facet normal 0 0 -1
    outer loop
      vertex 5.24372 22.0026 -36.2
      vertex 5.24372 107.997 -36.2
      vertex 5.625 108.185 -36.2
    endloop
  endfacet
  facet normal 0 0 -1
    outer loop
      vertex 4.84116 22.1393 -36.2
      vertex 5.24372 107.997 -36.2
      vertex 5.24372 22.0026 -36.2
    endloop
  endfacet
  facet normal 0 0 -1
    outer loop
      vertex 4.84116 22.1393 -36.2
      vertex 4.84116 107.861 -36.2
      vertex 5.24372 107.997 -36.2
    endloop
  endfacet
  facet normal 0 0 -1
    outer loop
      vertex 4.42421 22.2222 -36.2
      vertex 4.84116 107.861 -36.2
      vertex 4.84116 22.1393 -36.2
    endloop
  endfacet
  facet normal 0 0 -1
    outer loop
      vertex 4.42421 22.2222 -36.2
      vertex 4.42421 107.778 -36.2
      vertex 4.84116 107.861 -36.2
    endloop
  endfacet
  facet normal 0 0 -1
    outer loop
      vertex 4 22.25 -36.2
      vertex 4.42421 107.778 -36.2
      vertex 4.42421 22.2222 -36.2
    endloop
  endfacet
  facet normal 0 0 -1
    outer loop
      vertex 4 22.25 -36.2
      vertex 4 107.75 -36.2
      vertex 4.42421 107.778 -36.2
    endloop
  endfacet
  facet normal 0 0 -1
    outer loop
      vertex 3.57579 22.2222 -36.2
      vertex 4 107.75 -36.2
      vertex 4 22.25 -36.2
    endloop
  endfacet
  facet normal 0 0 -1
    outer loop
      vertex 3.57579 22.2222 -36.2
      vertex 3.57579 107.778 -36.2
      vertex 4 107.75 -36.2
    endloop
  endfacet
  facet normal 0 0 -1
    outer loop
      vertex 3.15884 22.1393 -36.2
      vertex 3.57579 107.778 -36.2
      vertex 3.57579 22.2222 -36.2
    endloop
  endfacet
  facet normal 0 0 -1
    outer loop
      vertex 3.15884 22.1393 -36.2
      vertex 3.15884 107.861 -36.2
      vertex 3.57579 107.778 -36.2
    endloop
  endfacet
  facet normal 0 0 -1
    outer loop
      vertex 2.75628 22.0026 -36.2
      vertex 3.15884 107.861 -36.2
      vertex 3.15884 22.1393 -36.2
    endloop
  endfacet
  facet normal 0 0 -1
    outer loop
      vertex 2.75628 22.0026 -36.2
      vertex 2.75628 107.997 -36.2
      vertex 3.15884 107.861 -36.2
    endloop
  endfacet
  facet normal 0 0 -1
    outer loop
      vertex 2.375 21.8146 -36.2
      vertex 2.75628 107.997 -36.2
      vertex 2.75628 22.0026 -36.2
    endloop
  endfacet
  facet normal 0 0 -1
    outer loop
      vertex 2.375 21.8146 -36.2
      vertex 2.375 108.185 -36.2
      vertex 2.75628 107.997 -36.2
    endloop
  endfacet
  facet normal 0 0 -1
    outer loop
      vertex 2.02153 21.5784 -36.2
      vertex 2.375 108.185 -36.2
      vertex 2.375 21.8146 -36.2
    endloop
  endfacet
  facet normal 0 0 -1
    outer loop
      vertex 2.02153 21.5784 -36.2
      vertex 2.02153 108.422 -36.2
      vertex 2.375 108.185 -36.2
    endloop
  endfacet
  facet normal 0 0 -1
    outer loop
      vertex 1.7019 21.2981 -36.2
      vertex 2.02153 108.422 -36.2
      vertex 2.02153 21.5784 -36.2
    endloop
  endfacet
  facet normal 0 0 -1
    outer loop
      vertex 1.7019 21.2981 -36.2
      vertex 1.7019 108.702 -36.2
      vertex 2.02153 108.422 -36.2
    endloop
  endfacet
  facet normal 0 0 -1
    outer loop
      vertex 1.4216 20.9785 -36.2
      vertex 1.7019 108.702 -36.2
      vertex 1.7019 21.2981 -36.2
    endloop
  endfacet
  facet normal 0 0 -1
    outer loop
      vertex 1.4216 20.9785 -36.2
      vertex 1.4216 109.022 -36.2
      vertex 1.7019 108.702 -36.2
    endloop
  endfacet
  facet normal 0 0 -1
    outer loop
      vertex -7.5 10.5 -36.2
      vertex 1.4216 20.9785 -36.2
      vertex 1.18542 20.625 -36.2
    endloop
  endfacet
  facet normal -0 0 -1
    outer loop
      vertex 1.4216 20.9785 -36.2
      vertex -7.5 10.5 -36.2
      vertex 1.4216 109.022 -36.2
    endloop
  endfacet
  facet normal 0 0 -1
    outer loop
      vertex -7.5 10.5 -36.2
      vertex 1.18542 20.625 -36.2
      vertex 0.997392 20.2437 -36.2
    endloop
  endfacet
  facet normal 0 0 -1
    outer loop
      vertex -7.5 119.5 -36.2
      vertex 1.4216 109.022 -36.2
      vertex -7.5 10.5 -36.2
    endloop
  endfacet
  facet normal 0 0 -1
    outer loop
      vertex -7.5 10.5 -36.2
      vertex 0.997392 20.2437 -36.2
      vertex 0.860742 19.8412 -36.2
    endloop
  endfacet
  facet normal 0 0 -1
    outer loop
      vertex 1.4216 109.022 -36.2
      vertex -7.5 119.5 -36.2
      vertex 1.18542 109.375 -36.2
    endloop
  endfacet
  facet normal 0 0 -1
    outer loop
      vertex -7.5 10.5 -36.2
      vertex 0.860742 19.8412 -36.2
      vertex 0.777804 19.4242 -36.2
    endloop
  endfacet
  facet normal 0 0 -1
    outer loop
      vertex 1.18542 109.375 -36.2
      vertex -7.5 119.5 -36.2
      vertex 0.997392 109.756 -36.2
    endloop
  endfacet
  facet normal 0 0 -1
    outer loop
      vertex -7.5 10.5 -36.2
      vertex 0.777804 19.4242 -36.2
      vertex 0.75 19 -36.2
    endloop
  endfacet
  facet normal 0 0 -1
    outer loop
      vertex 0.997392 109.756 -36.2
      vertex -7.5 119.5 -36.2
      vertex 0.860742 110.159 -36.2
    endloop
  endfacet
  facet normal 0 0 -1
    outer loop
      vertex 179.003 20.2437 -36.2
      vertex 187.5 10.5 -36.2
      vertex 179.139 19.8412 -36.2
    endloop
  endfacet
  facet normal 0 0 -1
    outer loop
      vertex 187.5 119.5 -36.2
      vertex 179.222 110.576 -36.2
      vertex 179.25 111 -36.2
    endloop
  endfacet
  facet normal 0 0 -1
    outer loop
      vertex 178.815 20.625 -36.2
      vertex 187.5 10.5 -36.2
      vertex 179.003 20.2437 -36.2
    endloop
  endfacet
  facet normal 0 0 -1
    outer loop
      vertex 187.5 119.5 -36.2
      vertex 179.139 110.159 -36.2
      vertex 179.222 110.576 -36.2
    endloop
  endfacet
  facet normal 0 0 -1
    outer loop
      vertex 178.578 20.9785 -36.2
      vertex 187.5 10.5 -36.2
      vertex 178.815 20.625 -36.2
    endloop
  endfacet
  facet normal 0 0 -1
    outer loop
      vertex 187.5 119.5 -36.2
      vertex 179.003 109.756 -36.2
      vertex 179.139 110.159 -36.2
    endloop
  endfacet
  facet normal 0 0 -1
    outer loop
      vertex 187.5 10.5 -36.2
      vertex 178.578 20.9785 -36.2
      vertex 187.5 119.5 -36.2
    endloop
  endfacet
  facet normal 0 0 -1
    outer loop
      vertex 187.5 119.5 -36.2
      vertex 178.815 109.375 -36.2
      vertex 179.003 109.756 -36.2
    endloop
  endfacet
  facet normal 0 0 -1
    outer loop
      vertex 178.578 109.022 -36.2
      vertex 187.5 119.5 -36.2
      vertex 178.578 20.9785 -36.2
    endloop
  endfacet
  facet normal 0 0 -1
    outer loop
      vertex 187.5 119.5 -36.2
      vertex 178.578 109.022 -36.2
      vertex 178.815 109.375 -36.2
    endloop
  endfacet
  facet normal 0 0 -1
    outer loop
      vertex 178.298 21.2981 -36.2
      vertex 178.578 109.022 -36.2
      vertex 178.578 20.9785 -36.2
    endloop
  endfacet
  facet normal 0 0 -1
    outer loop
      vertex 178.298 21.2981 -36.2
      vertex 178.298 108.702 -36.2
      vertex 178.578 109.022 -36.2
    endloop
  endfacet
  facet normal 0 0 -1
    outer loop
      vertex 177.978 21.5784 -36.2
      vertex 178.298 108.702 -36.2
      vertex 178.298 21.2981 -36.2
    endloop
  endfacet
  facet normal 0 0 -1
    outer loop
      vertex 177.978 21.5784 -36.2
      vertex 177.978 108.422 -36.2
      vertex 178.298 108.702 -36.2
    endloop
  endfacet
  facet normal 0 0 -1
    outer loop
      vertex 177.625 21.8146 -36.2
      vertex 177.978 108.422 -36.2
      vertex 177.978 21.5784 -36.2
    endloop
  endfacet
  facet normal 0 0 -1
    outer loop
      vertex 177.625 21.8146 -36.2
      vertex 177.625 108.185 -36.2
      vertex 177.978 108.422 -36.2
    endloop
  endfacet
  facet normal 0 0 -1
    outer loop
      vertex 177.244 22.0026 -36.2
      vertex 177.625 108.185 -36.2
      vertex 177.625 21.8146 -36.2
    endloop
  endfacet
  facet normal 0 0 -1
    outer loop
      vertex 177.244 22.0026 -36.2
      vertex 177.244 107.997 -36.2
      vertex 177.625 108.185 -36.2
    endloop
  endfacet
  facet normal 0 0 -1
    outer loop
      vertex 176.841 22.1393 -36.2
      vertex 177.244 107.997 -36.2
      vertex 177.244 22.0026 -36.2
    endloop
  endfacet
  facet normal 0 0 -1
    outer loop
      vertex 176.841 22.1393 -36.2
      vertex 176.841 107.861 -36.2
      vertex 177.244 107.997 -36.2
    endloop
  endfacet
  facet normal 0 0 -1
    outer loop
      vertex 176.424 22.2222 -36.2
      vertex 176.841 107.861 -36.2
      vertex 176.841 22.1393 -36.2
    endloop
  endfacet
  facet normal 0 0 -1
    outer loop
      vertex 176.424 22.2222 -36.2
      vertex 176.424 107.778 -36.2
      vertex 176.841 107.861 -36.2
    endloop
  endfacet
  facet normal 0 0 -1
    outer loop
      vertex 176 22.25 -36.2
      vertex 176.424 107.778 -36.2
      vertex 176.424 22.2222 -36.2
    endloop
  endfacet
  facet normal 0 0 -1
    outer loop
      vertex 176 22.25 -36.2
      vertex 176 107.75 -36.2
      vertex 176.424 107.778 -36.2
    endloop
  endfacet
  facet normal 0 0 -1
    outer loop
      vertex 175.576 22.2222 -36.2
      vertex 176 107.75 -36.2
      vertex 176 22.25 -36.2
    endloop
  endfacet
  facet normal 0 0 -1
    outer loop
      vertex 175.576 22.2222 -36.2
      vertex 175.576 107.778 -36.2
      vertex 176 107.75 -36.2
    endloop
  endfacet
  facet normal 0 0 -1
    outer loop
      vertex 175.159 22.1393 -36.2
      vertex 175.576 107.778 -36.2
      vertex 175.576 22.2222 -36.2
    endloop
  endfacet
  facet normal 0 0 -1
    outer loop
      vertex 175.159 22.1393 -36.2
      vertex 175.159 107.861 -36.2
      vertex 175.576 107.778 -36.2
    endloop
  endfacet
  facet normal 0 0 -1
    outer loop
      vertex 174.756 22.0026 -36.2
      vertex 175.159 107.861 -36.2
      vertex 175.159 22.1393 -36.2
    endloop
  endfacet
  facet normal 0 0 -1
    outer loop
      vertex 174.756 22.0026 -36.2
      vertex 174.756 107.997 -36.2
      vertex 175.159 107.861 -36.2
    endloop
  endfacet
  facet normal 0 0 -1
    outer loop
      vertex 174.375 21.8146 -36.2
      vertex 174.756 107.997 -36.2
      vertex 174.756 22.0026 -36.2
    endloop
  endfacet
  facet normal 0 0 -1
    outer loop
      vertex 174.375 21.8146 -36.2
      vertex 174.375 108.185 -36.2
      vertex 174.756 107.997 -36.2
    endloop
  endfacet
  facet normal 0 0 -1
    outer loop
      vertex 174.022 21.5784 -36.2
      vertex 174.375 108.185 -36.2
      vertex 174.375 21.8146 -36.2
    endloop
  endfacet
  facet normal 0 0 -1
    outer loop
      vertex 174.022 21.5784 -36.2
      vertex 174.022 108.422 -36.2
      vertex 174.375 108.185 -36.2
    endloop
  endfacet
  facet normal 0 0 -1
    outer loop
      vertex 173.702 21.2981 -36.2
      vertex 174.022 108.422 -36.2
      vertex 174.022 21.5784 -36.2
    endloop
  endfacet
  facet normal 0 0 -1
    outer loop
      vertex 173.702 21.2981 -36.2
      vertex 173.702 108.702 -36.2
      vertex 174.022 108.422 -36.2
    endloop
  endfacet
  facet normal 0 0 -1
    outer loop
      vertex 173.422 20.9785 -36.2
      vertex 173.702 108.702 -36.2
      vertex 173.702 21.2981 -36.2
    endloop
  endfacet
  facet normal 0 0 -1
    outer loop
      vertex 173.422 20.9785 -36.2
      vertex 173.422 109.022 -36.2
      vertex 173.702 108.702 -36.2
    endloop
  endfacet
  facet normal 0 0 -1
    outer loop
      vertex 173.185 20.625 -36.2
      vertex 173.422 109.022 -36.2
      vertex 173.422 20.9785 -36.2
    endloop
  endfacet
  facet normal 0 0 -1
    outer loop
      vertex 173.185 20.625 -36.2
      vertex 173.185 109.375 -36.2
      vertex 173.422 109.022 -36.2
    endloop
  endfacet
  facet normal 0 0 -1
    outer loop
      vertex 7.13926 19.8412 -36.2
      vertex 172.861 19.8412 -36.2
      vertex 7.2222 19.4242 -36.2
    endloop
  endfacet
  facet normal 0 0 -1
    outer loop
      vertex 172.861 19.8412 -36.2
      vertex 7.13926 19.8412 -36.2
      vertex 172.997 20.2437 -36.2
    endloop
  endfacet
  facet normal 0 0 -1
    outer loop
      vertex 172.778 19.4242 -36.2
      vertex 7.2222 19.4242 -36.2
      vertex 172.861 19.8412 -36.2
    endloop
  endfacet
  facet normal 0 0 -1
    outer loop
      vertex 7.00261 20.2437 -36.2
      vertex 172.997 20.2437 -36.2
      vertex 7.13926 19.8412 -36.2
    endloop
  endfacet
  facet normal 0 0 -1
    outer loop
      vertex 7.2222 19.4242 -36.2
      vertex 172.778 19.4242 -36.2
      vertex 7.25 19 -36.2
    endloop
  endfacet
  facet normal 0 0 -1
    outer loop
      vertex 173.185 109.375 -36.2
      vertex 7.25 111 -36.2
      vertex 172.997 109.756 -36.2
    endloop
  endfacet
  facet normal 0 0 -1
    outer loop
      vertex 7.25 19 -36.2
      vertex 172.778 19.4242 -36.2
      vertex 172.75 19 -36.2
    endloop
  endfacet
  facet normal 0 0 -1
    outer loop
      vertex 172.997 109.756 -36.2
      vertex 7.25 111 -36.2
      vertex 172.861 110.159 -36.2
    endloop
  endfacet
  facet normal 0 0 -1
    outer loop
      vertex 184.5 7.5 -36.2
      vertex 187.5 10.5 -36.2
      vertex 187.474 10.1084 -36.2
    endloop
  endfacet
  facet normal 0 0 -1
    outer loop
      vertex 179.222 19.4242 -36.2
      vertex 187.5 10.5 -36.2
      vertex 179.25 19 -36.2
    endloop
  endfacet
  facet normal 0 0 -1
    outer loop
      vertex 184.5 7.5 -36.2
      vertex 187.474 10.1084 -36.2
      vertex 187.398 9.72354 -36.2
    endloop
  endfacet
  facet normal 0 0 -1
    outer loop
      vertex 179.139 19.8412 -36.2
      vertex 187.5 10.5 -36.2
      vertex 179.222 19.4242 -36.2
    endloop
  endfacet
  facet normal 0 0 -1
    outer loop
      vertex 184.5 7.5 -36.2
      vertex 187.398 9.72354 -36.2
      vertex 187.272 9.35194 -36.2
    endloop
  endfacet
  facet normal 0 0 -1
    outer loop
      vertex 179.222 111.424 -36.2
      vertex 187.5 119.5 -36.2
      vertex 179.25 111 -36.2
    endloop
  endfacet
  facet normal 0 0 -1
    outer loop
      vertex 184.5 7.5 -36.2
      vertex 187.272 9.35194 -36.2
      vertex 187.098 9 -36.2
    endloop
  endfacet
  facet normal 0 0 -1
    outer loop
      vertex 179.139 111.841 -36.2
      vertex 187.5 119.5 -36.2
      vertex 179.222 111.424 -36.2
    endloop
  endfacet
  facet normal 0 0 -1
    outer loop
      vertex 184.5 7.5 -36.2
      vertex 187.098 9 -36.2
      vertex 186.88 8.67372 -36.2
    endloop
  endfacet
  facet normal 0 0 -1
    outer loop
      vertex 179.003 112.244 -36.2
      vertex 187.5 119.5 -36.2
      vertex 179.139 111.841 -36.2
    endloop
  endfacet
  facet normal 0 0 -1
    outer loop
      vertex 184.5 7.5 -36.2
      vertex 186.88 8.67372 -36.2
      vertex 186.621 8.37868 -36.2
    endloop
  endfacet
  facet normal 0 0 -1
    outer loop
      vertex 178.815 112.625 -36.2
      vertex 187.5 119.5 -36.2
      vertex 179.003 112.244 -36.2
    endloop
  endfacet
  facet normal 0 0 -1
    outer loop
      vertex 184.5 7.5 -36.2
      vertex 186.621 8.37868 -36.2
      vertex 186.326 8.11993 -36.2
    endloop
  endfacet
  facet normal 0 0 -1
    outer loop
      vertex 178.578 112.978 -36.2
      vertex 187.5 119.5 -36.2
      vertex 178.815 112.625 -36.2
    endloop
  endfacet
  facet normal 0 0 -1
    outer loop
      vertex 184.5 7.5 -36.2
      vertex 186.326 8.11993 -36.2
      vertex 186 7.90192 -36.2
    endloop
  endfacet
  facet normal 0 0 -1
    outer loop
      vertex 178.298 113.298 -36.2
      vertex 187.5 119.5 -36.2
      vertex 178.578 112.978 -36.2
    endloop
  endfacet
  facet normal 0 0 -1
    outer loop
      vertex 184.5 7.5 -36.2
      vertex 186 7.90192 -36.2
      vertex 185.648 7.72836 -36.2
    endloop
  endfacet
  facet normal 0 -0 -1
    outer loop
      vertex 184.5 122.5 -36.2
      vertex 187.5 119.5 -36.2
      vertex 178.298 113.298 -36.2
    endloop
  endfacet
  facet normal 0 0 -1
    outer loop
      vertex 184.5 7.5 -36.2
      vertex 185.648 7.72836 -36.2
      vertex 185.276 7.60222 -36.2
    endloop
  endfacet
  facet normal 0 0 -1
    outer loop
      vertex 187.5 119.5 -36.2
      vertex 184.5 122.5 -36.2
      vertex 187.474 119.892 -36.2
    endloop
  endfacet
  facet normal 0 0 -1
    outer loop
      vertex 184.5 7.5 -36.2
      vertex 185.276 7.60222 -36.2
      vertex 184.892 7.52567 -36.2
    endloop
  endfacet
  facet normal 0 0 -1
    outer loop
      vertex 187.398 120.276 -36.2
      vertex 184.5 122.5 -36.2
      vertex 187.272 120.648 -36.2
    endloop
  endfacet
  facet normal -0 0 -1
    outer loop
      vertex 187.5 10.5 -36.2
      vertex 184.5 7.5 -36.2
      vertex 178.298 16.7019 -36.2
    endloop
  endfacet
  facet normal 0 0 -1
    outer loop
      vertex 187.272 120.648 -36.2
      vertex 184.5 122.5 -36.2
      vertex 187.098 121 -36.2
    endloop
  endfacet
  facet normal 0 0 -1
    outer loop
      vertex 187.098 121 -36.2
      vertex 184.5 122.5 -36.2
      vertex 186.88 121.326 -36.2
    endloop
  endfacet
  facet normal 0 0 -1
    outer loop
      vertex 187.5 10.5 -36.2
      vertex 179.222 18.5758 -36.2
      vertex 179.25 19 -36.2
    endloop
  endfacet
  facet normal 0 0 -1
    outer loop
      vertex 187.5 10.5 -36.2
      vertex 179.139 18.1588 -36.2
      vertex 179.222 18.5758 -36.2
    endloop
  endfacet
  facet normal 0 0 -1
    outer loop
      vertex 187.5 10.5 -36.2
      vertex 179.003 17.7563 -36.2
      vertex 179.139 18.1588 -36.2
    endloop
  endfacet
  facet normal 0 0 -1
    outer loop
      vertex 187.5 10.5 -36.2
      vertex 178.815 17.375 -36.2
      vertex 179.003 17.7563 -36.2
    endloop
  endfacet
  facet normal 0 0 -1
    outer loop
      vertex 187.5 10.5 -36.2
      vertex 178.578 17.0215 -36.2
      vertex 178.815 17.375 -36.2
    endloop
  endfacet
  facet normal 0 0 -1
    outer loop
      vertex 187.5 10.5 -36.2
      vertex 178.298 16.7019 -36.2
      vertex 178.578 17.0215 -36.2
    endloop
  endfacet
  facet normal 0 0 -1
    outer loop
      vertex 184.5 7.5 -36.2
      vertex 177.978 16.4216 -36.2
      vertex 178.298 16.7019 -36.2
    endloop
  endfacet
  facet normal 0 0 -1
    outer loop
      vertex 184.5 7.5 -36.2
      vertex 177.625 16.1854 -36.2
      vertex 177.978 16.4216 -36.2
    endloop
  endfacet
  facet normal 0 0 -1
    outer loop
      vertex 184.5 7.5 -36.2
      vertex 177.244 15.9974 -36.2
      vertex 177.625 16.1854 -36.2
    endloop
  endfacet
  facet normal 0 0 -1
    outer loop
      vertex 184.5 7.5 -36.2
      vertex 176.841 15.8607 -36.2
      vertex 177.244 15.9974 -36.2
    endloop
  endfacet
  facet normal 0 0 -1
    outer loop
      vertex 184.5 7.5 -36.2
      vertex 176.424 15.7778 -36.2
      vertex 176.841 15.8607 -36.2
    endloop
  endfacet
  facet normal 0 0 -1
    outer loop
      vertex 184.5 7.5 -36.2
      vertex 176 15.75 -36.2
      vertex 176.424 15.7778 -36.2
    endloop
  endfacet
  facet normal 0 0 -1
    outer loop
      vertex 184.5 7.5 -36.2
      vertex 175.576 15.7778 -36.2
      vertex 176 15.75 -36.2
    endloop
  endfacet
  facet normal 0 0 -1
    outer loop
      vertex 184.5 7.5 -36.2
      vertex 175.159 15.8607 -36.2
      vertex 175.576 15.7778 -36.2
    endloop
  endfacet
  facet normal 0 0 -1
    outer loop
      vertex 184.5 7.5 -36.2
      vertex 174.756 15.9974 -36.2
      vertex 175.159 15.8607 -36.2
    endloop
  endfacet
  facet normal 0 0 -1
    outer loop
      vertex 184.5 7.5 -36.2
      vertex 174.375 16.1854 -36.2
      vertex 174.756 15.9974 -36.2
    endloop
  endfacet
  facet normal 0 0 -1
    outer loop
      vertex 184.5 7.5 -36.2
      vertex 174.022 16.4216 -36.2
      vertex 174.375 16.1854 -36.2
    endloop
  endfacet
  facet normal 0 0 -1
    outer loop
      vertex 172.861 110.159 -36.2
      vertex 7.25 111 -36.2
      vertex 172.778 110.576 -36.2
    endloop
  endfacet
  facet normal 0 0 -1
    outer loop
      vertex 172.778 18.5758 -36.2
      vertex 7.25 19 -36.2
      vertex 172.75 19 -36.2
    endloop
  endfacet
  facet normal 0 0 -1
    outer loop
      vertex 7.2222 18.5758 -36.2
      vertex 172.778 18.5758 -36.2
      vertex 172.861 18.1588 -36.2
    endloop
  endfacet
  facet normal 0 0 -1
    outer loop
      vertex 7.13926 18.1588 -36.2
      vertex 172.861 18.1588 -36.2
      vertex 172.997 17.7563 -36.2
    endloop
  endfacet
  facet normal 0 0 -1
    outer loop
      vertex 7.00261 17.7563 -36.2
      vertex 172.997 17.7563 -36.2
      vertex 173.185 17.375 -36.2
    endloop
  endfacet
  facet normal 0 0 -1
    outer loop
      vertex 6.81458 17.375 -36.2
      vertex 173.185 17.375 -36.2
      vertex 173.422 17.0215 -36.2
    endloop
  endfacet
  facet normal 0 0 -1
    outer loop
      vertex 6.5784 17.0215 -36.2
      vertex 173.422 17.0215 -36.2
      vertex 173.702 16.7019 -36.2
    endloop
  endfacet
  facet normal 0 0 -1
    outer loop
      vertex 6.2981 16.7019 -36.2
      vertex 173.702 16.7019 -36.2
      vertex 174.022 16.4216 -36.2
    endloop
  endfacet
  facet normal 0 0 -1
    outer loop
      vertex 5.97847 16.4216 -36.2
      vertex 174.022 16.4216 -36.2
      vertex 184.5 7.5 -36.2
    endloop
  endfacet
  facet normal 0 0 -1
    outer loop
      vertex 172.778 18.5758 -36.2
      vertex 7.2222 18.5758 -36.2
      vertex 7.25 19 -36.2
    endloop
  endfacet
  facet normal 0 0 -1
    outer loop
      vertex 172.861 18.1588 -36.2
      vertex 7.13926 18.1588 -36.2
      vertex 7.2222 18.5758 -36.2
    endloop
  endfacet
  facet normal 0 0 -1
    outer loop
      vertex 172.997 17.7563 -36.2
      vertex 7.00261 17.7563 -36.2
      vertex 7.13926 18.1588 -36.2
    endloop
  endfacet
  facet normal 0 0 -1
    outer loop
      vertex 173.185 17.375 -36.2
      vertex 6.81458 17.375 -36.2
      vertex 7.00261 17.7563 -36.2
    endloop
  endfacet
  facet normal 0 0 -1
    outer loop
      vertex 173.422 17.0215 -36.2
      vertex 6.5784 17.0215 -36.2
      vertex 6.81458 17.375 -36.2
    endloop
  endfacet
  facet normal 0 0 -1
    outer loop
      vertex 173.702 16.7019 -36.2
      vertex 6.2981 16.7019 -36.2
      vertex 6.5784 17.0215 -36.2
    endloop
  endfacet
  facet normal 0 0 -1
    outer loop
      vertex 174.022 16.4216 -36.2
      vertex 5.97847 16.4216 -36.2
      vertex 6.2981 16.7019 -36.2
    endloop
  endfacet
  facet normal 0 0 -1
    outer loop
      vertex -4.5 7.5 -36.2
      vertex 5.97847 16.4216 -36.2
      vertex 184.5 7.5 -36.2
    endloop
  endfacet
  facet normal 0 0 -1
    outer loop
      vertex 5.97847 16.4216 -36.2
      vertex -4.5 7.5 -36.2
      vertex 5.625 16.1854 -36.2
    endloop
  endfacet
  facet normal 0 0 -1
    outer loop
      vertex 5.625 16.1854 -36.2
      vertex -4.5 7.5 -36.2
      vertex 5.24372 15.9974 -36.2
    endloop
  endfacet
  facet normal 0 0 -1
    outer loop
      vertex 5.24372 15.9974 -36.2
      vertex -4.5 7.5 -36.2
      vertex 4.84116 15.8607 -36.2
    endloop
  endfacet
  facet normal 0 0 -1
    outer loop
      vertex 4.84116 15.8607 -36.2
      vertex -4.5 7.5 -36.2
      vertex 4.42421 15.7778 -36.2
    endloop
  endfacet
  facet normal -0 0 -1
    outer loop
      vertex 0.777804 18.5758 -36.2
      vertex -7.5 10.5 -36.2
      vertex 0.75 19 -36.2
    endloop
  endfacet
  facet normal -0 0 -1
    outer loop
      vertex 0.860742 18.1588 -36.2
      vertex -7.5 10.5 -36.2
      vertex 0.777804 18.5758 -36.2
    endloop
  endfacet
  facet normal -0 0 -1
    outer loop
      vertex 0.997392 17.7563 -36.2
      vertex -7.5 10.5 -36.2
      vertex 0.860742 18.1588 -36.2
    endloop
  endfacet
  facet normal -0 0 -1
    outer loop
      vertex 1.18542 17.375 -36.2
      vertex -7.5 10.5 -36.2
      vertex 0.997392 17.7563 -36.2
    endloop
  endfacet
  facet normal -0 0 -1
    outer loop
      vertex 1.4216 17.0215 -36.2
      vertex -7.5 10.5 -36.2
      vertex 1.18542 17.375 -36.2
    endloop
  endfacet
  facet normal -0 0 -1
    outer loop
      vertex 1.7019 16.7019 -36.2
      vertex -7.5 10.5 -36.2
      vertex 1.4216 17.0215 -36.2
    endloop
  endfacet
  facet normal 0 0 -1
    outer loop
      vertex -7.5 10.5 -36.2
      vertex 1.7019 16.7019 -36.2
      vertex -4.5 7.5 -36.2
    endloop
  endfacet
  facet normal -0 0 -1
    outer loop
      vertex 2.02153 16.4216 -36.2
      vertex -4.5 7.5 -36.2
      vertex 1.7019 16.7019 -36.2
    endloop
  endfacet
  facet normal -0 0 -1
    outer loop
      vertex 2.375 16.1854 -36.2
      vertex -4.5 7.5 -36.2
      vertex 2.02153 16.4216 -36.2
    endloop
  endfacet
  facet normal -0 0 -1
    outer loop
      vertex 2.75628 15.9974 -36.2
      vertex -4.5 7.5 -36.2
      vertex 2.375 16.1854 -36.2
    endloop
  endfacet
  facet normal -0 0 -1
    outer loop
      vertex 3.15884 15.8607 -36.2
      vertex -4.5 7.5 -36.2
      vertex 2.75628 15.9974 -36.2
    endloop
  endfacet
  facet normal -0 0 -1
    outer loop
      vertex 3.57579 15.7778 -36.2
      vertex -4.5 7.5 -36.2
      vertex 3.15884 15.8607 -36.2
    endloop
  endfacet
  facet normal -0 0 -1
    outer loop
      vertex 4 15.75 -36.2
      vertex -4.5 7.5 -36.2
      vertex 3.57579 15.7778 -36.2
    endloop
  endfacet
  facet normal 0 0 -1
    outer loop
      vertex 4.42421 15.7778 -36.2
      vertex -4.5 7.5 -36.2
      vertex 4 15.75 -36.2
    endloop
  endfacet
  facet normal 0 0 -1
    outer loop
      vertex 186.88 121.326 -36.2
      vertex 184.5 122.5 -36.2
      vertex 186.621 121.621 -36.2
    endloop
  endfacet
  facet normal 0 0 -1
    outer loop
      vertex 186.621 121.621 -36.2
      vertex 184.5 122.5 -36.2
      vertex 186.326 121.88 -36.2
    endloop
  endfacet
  facet normal 0 0 -1
    outer loop
      vertex 186 122.098 -36.2
      vertex 184.5 122.5 -36.2
      vertex 185.648 122.272 -36.2
    endloop
  endfacet
  facet normal 0 0 -1
    outer loop
      vertex 185.648 122.272 -36.2
      vertex 184.5 122.5 -36.2
      vertex 185.276 122.398 -36.2
    endloop
  endfacet
  facet normal 0 0 -1
    outer loop
      vertex 185.276 122.398 -36.2
      vertex 184.5 122.5 -36.2
      vertex 184.892 122.474 -36.2
    endloop
  endfacet
  facet normal 0 0 -1
    outer loop
      vertex 186.326 121.88 -36.2
      vertex 184.5 122.5 -36.2
      vertex 186 122.098 -36.2
    endloop
  endfacet
  facet normal 0 0 -1
    outer loop
      vertex 187.474 119.892 -36.2
      vertex 184.5 122.5 -36.2
      vertex 187.398 120.276 -36.2
    endloop
  endfacet
  facet normal 0 0 -1
    outer loop
      vertex 177.978 113.578 -36.2
      vertex 184.5 122.5 -36.2
      vertex 178.298 113.298 -36.2
    endloop
  endfacet
  facet normal 0 0 -1
    outer loop
      vertex 177.625 113.815 -36.2
      vertex 184.5 122.5 -36.2
      vertex 177.978 113.578 -36.2
    endloop
  endfacet
  facet normal 0 0 -1
    outer loop
      vertex 177.244 114.003 -36.2
      vertex 184.5 122.5 -36.2
      vertex 177.625 113.815 -36.2
    endloop
  endfacet
  facet normal 0 0 -1
    outer loop
      vertex 176.841 114.139 -36.2
      vertex 184.5 122.5 -36.2
      vertex 177.244 114.003 -36.2
    endloop
  endfacet
  facet normal 0 0 -1
    outer loop
      vertex 176.424 114.222 -36.2
      vertex 184.5 122.5 -36.2
      vertex 176.841 114.139 -36.2
    endloop
  endfacet
  facet normal 0 0 -1
    outer loop
      vertex 176 114.25 -36.2
      vertex 184.5 122.5 -36.2
      vertex 176.424 114.222 -36.2
    endloop
  endfacet
  facet normal 0 0 -1
    outer loop
      vertex 175.576 114.222 -36.2
      vertex 184.5 122.5 -36.2
      vertex 176 114.25 -36.2
    endloop
  endfacet
  facet normal 0 0 -1
    outer loop
      vertex 175.159 114.139 -36.2
      vertex 184.5 122.5 -36.2
      vertex 175.576 114.222 -36.2
    endloop
  endfacet
  facet normal 0 0 -1
    outer loop
      vertex 174.756 114.003 -36.2
      vertex 184.5 122.5 -36.2
      vertex 175.159 114.139 -36.2
    endloop
  endfacet
  facet normal 0 0 -1
    outer loop
      vertex 174.375 113.815 -36.2
      vertex 184.5 122.5 -36.2
      vertex 174.756 114.003 -36.2
    endloop
  endfacet
  facet normal 0 0 -1
    outer loop
      vertex 174.022 113.578 -36.2
      vertex 184.5 122.5 -36.2
      vertex 174.375 113.815 -36.2
    endloop
  endfacet
  facet normal 0 0 -1
    outer loop
      vertex 172.778 110.576 -36.2
      vertex 7.25 111 -36.2
      vertex 172.75 111 -36.2
    endloop
  endfacet
  facet normal 0 0 -1
    outer loop
      vertex 172.75 111 -36.2
      vertex 7.25 111 -36.2
      vertex 172.778 111.424 -36.2
    endloop
  endfacet
  facet normal 0 0 -1
    outer loop
      vertex 7.2222 111.424 -36.2
      vertex 172.778 111.424 -36.2
      vertex 7.25 111 -36.2
    endloop
  endfacet
  facet normal 0 0 -1
    outer loop
      vertex 172.778 111.424 -36.2
      vertex 7.2222 111.424 -36.2
      vertex 172.861 111.841 -36.2
    endloop
  endfacet
  facet normal 0 0 -1
    outer loop
      vertex 7.13926 111.841 -36.2
      vertex 172.861 111.841 -36.2
      vertex 7.2222 111.424 -36.2
    endloop
  endfacet
  facet normal 0 0 -1
    outer loop
      vertex 172.861 111.841 -36.2
      vertex 7.13926 111.841 -36.2
      vertex 172.997 112.244 -36.2
    endloop
  endfacet
  facet normal 0 0 -1
    outer loop
      vertex 7.00261 112.244 -36.2
      vertex 172.997 112.244 -36.2
      vertex 7.13926 111.841 -36.2
    endloop
  endfacet
  facet normal 0 0 -1
    outer loop
      vertex 172.997 112.244 -36.2
      vertex 7.00261 112.244 -36.2
      vertex 173.185 112.625 -36.2
    endloop
  endfacet
  facet normal 0 0 -1
    outer loop
      vertex 6.81458 112.625 -36.2
      vertex 173.185 112.625 -36.2
      vertex 7.00261 112.244 -36.2
    endloop
  endfacet
  facet normal 0 0 -1
    outer loop
      vertex 173.185 112.625 -36.2
      vertex 6.81458 112.625 -36.2
      vertex 173.422 112.978 -36.2
    endloop
  endfacet
  facet normal 0 0 -1
    outer loop
      vertex 6.5784 112.978 -36.2
      vertex 173.422 112.978 -36.2
      vertex 6.81458 112.625 -36.2
    endloop
  endfacet
  facet normal 0 0 -1
    outer loop
      vertex 173.422 112.978 -36.2
      vertex 6.5784 112.978 -36.2
      vertex 173.702 113.298 -36.2
    endloop
  endfacet
  facet normal 0 0 -1
    outer loop
      vertex 6.2981 113.298 -36.2
      vertex 173.702 113.298 -36.2
      vertex 6.5784 112.978 -36.2
    endloop
  endfacet
  facet normal 0 0 -1
    outer loop
      vertex 173.702 113.298 -36.2
      vertex 6.2981 113.298 -36.2
      vertex 174.022 113.578 -36.2
    endloop
  endfacet
  facet normal 0 0 -1
    outer loop
      vertex 5.97847 113.578 -36.2
      vertex 174.022 113.578 -36.2
      vertex 6.2981 113.298 -36.2
    endloop
  endfacet
  facet normal 0 0 -1
    outer loop
      vertex 174.022 113.578 -36.2
      vertex 5.97847 113.578 -36.2
      vertex 184.5 122.5 -36.2
    endloop
  endfacet
  facet normal 0 0 -1
    outer loop
      vertex -4.5 122.5 -36.2
      vertex 5.97847 113.578 -36.2
      vertex 5.625 113.815 -36.2
    endloop
  endfacet
  facet normal 0 0 -1
    outer loop
      vertex -4.5 122.5 -36.2
      vertex 5.625 113.815 -36.2
      vertex 5.24372 114.003 -36.2
    endloop
  endfacet
  facet normal 0 0 -1
    outer loop
      vertex -4.5 122.5 -36.2
      vertex 5.24372 114.003 -36.2
      vertex 4.84116 114.139 -36.2
    endloop
  endfacet
  facet normal 0 0 -1
    outer loop
      vertex -4.5 122.5 -36.2
      vertex 4.84116 114.139 -36.2
      vertex 4.42421 114.222 -36.2
    endloop
  endfacet
  facet normal 0 0 -1
    outer loop
      vertex -4.5 122.5 -36.2
      vertex 4.42421 114.222 -36.2
      vertex 4 114.25 -36.2
    endloop
  endfacet
  facet normal 0 0 -1
    outer loop
      vertex 5.97847 113.578 -36.2
      vertex -4.5 122.5 -36.2
      vertex 184.5 122.5 -36.2
    endloop
  endfacet
  facet normal 0 0 -1
    outer loop
      vertex 3.57579 114.222 -36.2
      vertex -4.5 122.5 -36.2
      vertex 4 114.25 -36.2
    endloop
  endfacet
  facet normal 0 0 -1
    outer loop
      vertex 3.15884 114.139 -36.2
      vertex -4.5 122.5 -36.2
      vertex 3.57579 114.222 -36.2
    endloop
  endfacet
  facet normal 0 0 -1
    outer loop
      vertex 2.75628 114.003 -36.2
      vertex -4.5 122.5 -36.2
      vertex 3.15884 114.139 -36.2
    endloop
  endfacet
  facet normal 0 0 -1
    outer loop
      vertex 2.375 113.815 -36.2
      vertex -4.5 122.5 -36.2
      vertex 2.75628 114.003 -36.2
    endloop
  endfacet
  facet normal 0 0 -1
    outer loop
      vertex 2.02153 113.578 -36.2
      vertex -4.5 122.5 -36.2
      vertex 2.375 113.815 -36.2
    endloop
  endfacet
  facet normal 0 0 -1
    outer loop
      vertex 1.7019 113.298 -36.2
      vertex -4.5 122.5 -36.2
      vertex 2.02153 113.578 -36.2
    endloop
  endfacet
  facet normal 0 0 -1
    outer loop
      vertex -7.5 119.5 -36.2
      vertex 1.7019 113.298 -36.2
      vertex 1.4216 112.978 -36.2
    endloop
  endfacet
  facet normal 0 0 -1
    outer loop
      vertex -7.5 119.5 -36.2
      vertex 1.4216 112.978 -36.2
      vertex 1.18542 112.625 -36.2
    endloop
  endfacet
  facet normal 0 0 -1
    outer loop
      vertex -7.5 119.5 -36.2
      vertex 1.18542 112.625 -36.2
      vertex 0.997392 112.244 -36.2
    endloop
  endfacet
  facet normal 0 0 -1
    outer loop
      vertex -7.5 119.5 -36.2
      vertex 0.997392 112.244 -36.2
      vertex 0.860742 111.841 -36.2
    endloop
  endfacet
  facet normal 0 0 -1
    outer loop
      vertex -7.5 119.5 -36.2
      vertex 0.860742 111.841 -36.2
      vertex 0.777804 111.424 -36.2
    endloop
  endfacet
  facet normal 0 0 -1
    outer loop
      vertex -7.5 119.5 -36.2
      vertex 0.777804 111.424 -36.2
      vertex 0.75 111 -36.2
    endloop
  endfacet
  facet normal 0 0 -1
    outer loop
      vertex 0.860742 110.159 -36.2
      vertex -7.5 119.5 -36.2
      vertex 0.777804 110.576 -36.2
    endloop
  endfacet
  facet normal 0 0 -1
    outer loop
      vertex -7.5 10.5 -36.2
      vertex -4.5 7.5 -36.2
      vertex -4.89157 7.52567 -36.2
    endloop
  endfacet
  facet normal 0 0 -1
    outer loop
      vertex 0.777804 110.576 -36.2
      vertex -7.5 119.5 -36.2
      vertex 0.75 111 -36.2
    endloop
  endfacet
  facet normal 0 0 -1
    outer loop
      vertex -7.5 10.5 -36.2
      vertex -4.89157 7.52567 -36.2
      vertex -5.27646 7.60222 -36.2
    endloop
  endfacet
  facet normal 0 0 -1
    outer loop
      vertex 1.7019 113.298 -36.2
      vertex -7.5 119.5 -36.2
      vertex -4.5 122.5 -36.2
    endloop
  endfacet
  facet normal 0 0 -1
    outer loop
      vertex -7.5 10.5 -36.2
      vertex -5.27646 7.60222 -36.2
      vertex -5.64806 7.72836 -36.2
    endloop
  endfacet
  facet normal 0 0 -1
    outer loop
      vertex -4.5 122.5 -36.2
      vertex -7.5 119.5 -36.2
      vertex -4.89157 122.474 -36.2
    endloop
  endfacet
  facet normal 0 0 -1
    outer loop
      vertex -7.5 10.5 -36.2
      vertex -5.64806 7.72836 -36.2
      vertex -6 7.90192 -36.2
    endloop
  endfacet
  facet normal 0 0 -1
    outer loop
      vertex -4.89157 122.474 -36.2
      vertex -7.5 119.5 -36.2
      vertex -5.27646 122.398 -36.2
    endloop
  endfacet
  facet normal 0 0 -1
    outer loop
      vertex -7.5 10.5 -36.2
      vertex -6 7.90192 -36.2
      vertex -6.32628 8.11993 -36.2
    endloop
  endfacet
  facet normal 0 0 -1
    outer loop
      vertex -5.27646 122.398 -36.2
      vertex -7.5 119.5 -36.2
      vertex -5.64806 122.272 -36.2
    endloop
  endfacet
  facet normal 0 0 -1
    outer loop
      vertex -7.5 10.5 -36.2
      vertex -6.32628 8.11993 -36.2
      vertex -6.62132 8.37868 -36.2
    endloop
  endfacet
  facet normal 0 0 -1
    outer loop
      vertex -5.64806 122.272 -36.2
      vertex -7.5 119.5 -36.2
      vertex -6 122.098 -36.2
    endloop
  endfacet
  facet normal 0 0 -1
    outer loop
      vertex -7.5 10.5 -36.2
      vertex -6.62132 8.37868 -36.2
      vertex -6.88007 8.67372 -36.2
    endloop
  endfacet
  facet normal 0 0 -1
    outer loop
      vertex -6 122.098 -36.2
      vertex -7.5 119.5 -36.2
      vertex -6.32628 121.88 -36.2
    endloop
  endfacet
  facet normal 0 0 -1
    outer loop
      vertex -7.5 10.5 -36.2
      vertex -6.88007 8.67372 -36.2
      vertex -7.09808 9 -36.2
    endloop
  endfacet
  facet normal 0 0 -1
    outer loop
      vertex -6.32628 121.88 -36.2
      vertex -7.5 119.5 -36.2
      vertex -6.62132 121.621 -36.2
    endloop
  endfacet
  facet normal 0 0 -1
    outer loop
      vertex -7.5 10.5 -36.2
      vertex -7.09808 9 -36.2
      vertex -7.27164 9.35194 -36.2
    endloop
  endfacet
  facet normal 0 0 -1
    outer loop
      vertex -6.62132 121.621 -36.2
      vertex -7.5 119.5 -36.2
      vertex -6.88007 121.326 -36.2
    endloop
  endfacet
  facet normal 0 0 -1
    outer loop
      vertex -7.5 10.5 -36.2
      vertex -7.27164 9.35194 -36.2
      vertex -7.39778 9.72354 -36.2
    endloop
  endfacet
  facet normal 0 0 -1
    outer loop
      vertex -6.88007 121.326 -36.2
      vertex -7.5 119.5 -36.2
      vertex -7.09808 121 -36.2
    endloop
  endfacet
  facet normal 0 0 -1
    outer loop
      vertex -7.5 10.5 -36.2
      vertex -7.39778 9.72354 -36.2
      vertex -7.47433 10.1084 -36.2
    endloop
  endfacet
  facet normal 0 0 -1
    outer loop
      vertex -7.09808 121 -36.2
      vertex -7.5 119.5 -36.2
      vertex -7.27164 120.648 -36.2
    endloop
  endfacet
  facet normal 0 0 -1
    outer loop
      vertex -7.27164 120.648 -36.2
      vertex -7.5 119.5 -36.2
      vertex -7.39778 120.276 -36.2
    endloop
  endfacet
  facet normal 0 0 -1
    outer loop
      vertex -7.39778 120.276 -36.2
      vertex -7.5 119.5 -36.2
      vertex -7.47433 119.892 -36.2
    endloop
  endfacet
  facet normal 0.0453245 0.683354 -0.728679
    outer loop
      vertex 184.892 122.474 -36.2
      vertex 185 123 -35.7
      vertex 185.392 122.974 -35.7
    endloop
  endfacet
  facet normal 0.0453245 0.683354 -0.728679
    outer loop
      vertex 185 123 -35.7
      vertex 184.892 122.474 -36.2
      vertex 184.5 122.5 -36.2
    endloop
  endfacet
  facet normal 0.443134 0.896455 -0
    outer loop
      vertex 186.5 122.598 -35.7
      vertex 186.148 122.772 14
      vertex 186.5 122.598 14
    endloop
  endfacet
  facet normal 0.443134 0.896455 0
    outer loop
      vertex 186.148 122.772 14
      vertex 186.5 122.598 -35.7
      vertex 186.148 122.772 -35.7
    endloop
  endfacet
  facet normal 0.198662 0.586526 -0.785188
    outer loop
      vertex 185.648 122.272 -36.2
      vertex 185.776 122.898 -35.7
      vertex 186.148 122.772 -35.7
    endloop
  endfacet
  facet normal 0.198662 0.586526 -0.785188
    outer loop
      vertex 185.776 122.898 -35.7
      vertex 185.648 122.272 -36.2
      vertex 185.276 122.398 -36.2
    endloop
  endfacet
  facet normal 0.265084 0.536261 -0.801345
    outer loop
      vertex 186 122.098 -36.2
      vertex 186.148 122.772 -35.7
      vertex 186.5 122.598 -35.7
    endloop
  endfacet
  facet normal 0.265084 0.536261 -0.801345
    outer loop
      vertex 186.148 122.772 -35.7
      vertex 186 122.098 -36.2
      vertex 185.648 122.272 -36.2
    endloop
  endfacet
  facet normal 0.320807 0.947145 -0
    outer loop
      vertex 186.148 122.772 -35.7
      vertex 185.776 122.898 14
      vertex 186.148 122.772 14
    endloop
  endfacet
  facet normal 0.320807 0.947145 0
    outer loop
      vertex 185.776 122.898 14
      vertex 186.148 122.772 -35.7
      vertex 185.776 122.898 -35.7
    endloop
  endfacet
  facet normal 0 1 -0
    outer loop
      vertex 99.6472 123 -24.2711
      vertex 99.4209 123 -21.7985
      vertex 99.798 123 -21.8231
    endloop
  endfacet
  facet normal 0 1 0
    outer loop
      vertex 100.842 123 -23.0029
      vertex 99.798 123 -21.8231
      vertex 100.117 123 -21.8968
    endloop
  endfacet
  facet normal 0 1 0
    outer loop
      vertex 100.813 123 -22.6834
      vertex 100.117 123 -21.8968
      vertex 100.378 123 -22.0197
    endloop
  endfacet
  facet normal 0 1 0
    outer loop
      vertex 100.726 123 -22.413
      vertex 100.378 123 -22.0197
      vertex 100.581 123 -22.1918
    endloop
  endfacet
  facet normal 0 1 0
    outer loop
      vertex 100.378 123 -22.0197
      vertex 100.726 123 -22.413
      vertex 100.813 123 -22.6834
    endloop
  endfacet
  facet normal 0 1 0
    outer loop
      vertex 100.117 123 -21.8968
      vertex 100.813 123 -22.6834
      vertex 100.842 123 -23.0029
    endloop
  endfacet
  facet normal 0 1 -0
    outer loop
      vertex 99.8177 123 -24.251
      vertex 99.798 123 -21.8231
      vertex 100.842 123 -23.0029
    endloop
  endfacet
  facet normal 0 1 0
    outer loop
      vertex 99.8177 123 -24.251
      vertex 100.842 123 -23.0029
      vertex 100.835 123 -23.1736
    endloop
  endfacet
  facet normal 0 1 0
    outer loop
      vertex 99.9758 123 -24.2175
      vertex 100.835 123 -23.1736
      vertex 100.813 123 -23.3326
    endloop
  endfacet
  facet normal 0 1 0
    outer loop
      vertex 100.121 123 -24.1706
      vertex 100.813 123 -23.3326
      vertex 100.777 123 -23.4796
    endloop
  endfacet
  facet normal 0 1 0
    outer loop
      vertex 100.255 123 -24.1103
      vertex 100.777 123 -23.4796
      vertex 100.725 123 -23.6149
    endloop
  endfacet
  facet normal 0 1 0
    outer loop
      vertex 100.255 123 -24.1103
      vertex 100.725 123 -23.6149
      vertex 100.66 123 -23.7383
    endloop
  endfacet
  facet normal 0 1 0
    outer loop
      vertex 100.255 123 -24.1103
      vertex 100.66 123 -23.7383
      vertex 100.579 123 -23.8498
    endloop
  endfacet
  facet normal 0 1 0
    outer loop
      vertex 100.255 123 -24.1103
      vertex 100.579 123 -23.8498
      vertex 100.484 123 -23.9495
    endloop
  endfacet
  facet normal 0 1 0
    outer loop
      vertex 100.255 123 -24.1103
      vertex 100.484 123 -23.9495
      vertex 100.376 123 -24.0366
    endloop
  endfacet
  facet normal 0 1 0
    outer loop
      vertex 100.777 123 -23.4796
      vertex 100.255 123 -24.1103
      vertex 100.121 123 -24.1706
    endloop
  endfacet
  facet normal 0 1 0
    outer loop
      vertex 100.813 123 -23.3326
      vertex 100.121 123 -24.1706
      vertex 99.9758 123 -24.2175
    endloop
  endfacet
  facet normal 0 1 0
    outer loop
      vertex 100.835 123 -23.1736
      vertex 99.9758 123 -24.2175
      vertex 99.8177 123 -24.251
    endloop
  endfacet
  facet normal 0 1 0
    outer loop
      vertex 99.798 123 -21.8231
      vertex 99.8177 123 -24.251
      vertex 99.6472 123 -24.2711
    endloop
  endfacet
  facet normal 0 1 0
    outer loop
      vertex 99.4209 123 -21.7985
      vertex 99.6472 123 -24.2711
      vertex 99.4643 123 -24.2778
    endloop
  endfacet
  facet normal 0 1 0
    outer loop
      vertex 97.7663 123 -24.2778
      vertex 99.4209 123 -21.7985
      vertex 99.4643 123 -24.2778
    endloop
  endfacet
  facet normal 0 1 0
    outer loop
      vertex 99.4209 123 -21.7985
      vertex 97.7663 123 -24.2778
      vertex 97.7663 123 -21.7985
    endloop
  endfacet
  facet normal 0 1 -0
    outer loop
      vertex 92.8781 123 -26.7616
      vertex 91.6048 123 -25.3518
      vertex 93.471 123 -25.3518
    endloop
  endfacet
  facet normal -0 1 0
    outer loop
      vertex 91.0522 123 -27.0409
      vertex 91.6048 123 -25.3518
      vertex 91.3553 123 -27.0554
    endloop
  endfacet
  facet normal -0 1 0
    outer loop
      vertex 90.7691 123 -26.9976
      vertex 91.6048 123 -25.3518
      vertex 91.0522 123 -27.0409
    endloop
  endfacet
  facet normal 0 1 0
    outer loop
      vertex 91.6048 123 -25.3518
      vertex 89.3583 123 -25.8947
      vertex 89.2472 123 -25.6324
    endloop
  endfacet
  facet normal 0 1 0
    outer loop
      vertex 93.3741 123 -26.4883
      vertex 93.471 123 -25.3518
      vertex 93.471 123 -26.4098
    endloop
  endfacet
  facet normal 0 1 0
    outer loop
      vertex 93.2664 123 -26.5628
      vertex 93.471 123 -25.3518
      vertex 93.3741 123 -26.4883
    endloop
  endfacet
  facet normal 0 1 0
    outer loop
      vertex 91.6048 123 -25.3518
      vertex 92.565 123 -26.8736
      vertex 92.3968 123 -26.9218
    endloop
  endfacet
  facet normal 0 1 0
    outer loop
      vertex 93.471 123 -25.3518
      vertex 93.2664 123 -26.5628
      vertex 93.1478 123 -26.6331
    endloop
  endfacet
  facet normal 0 1 0
    outer loop
      vertex 93.471 123 -25.3518
      vertex 93.1478 123 -26.6331
      vertex 93.0184 123 -26.6994
    endloop
  endfacet
  facet normal 0 1 0
    outer loop
      vertex 91.6048 123 -25.3518
      vertex 92.727 123 -26.8196
      vertex 92.565 123 -26.8736
    endloop
  endfacet
  facet normal 0 1 0
    outer loop
      vertex 93.471 123 -25.3518
      vertex 93.0184 123 -26.6994
      vertex 92.8781 123 -26.7616
    endloop
  endfacet
  facet normal 0 1 0
    outer loop
      vertex 91.6048 123 -25.3518
      vertex 92.8781 123 -26.7616
      vertex 92.727 123 -26.8196
    endloop
  endfacet
  facet normal 0 1 0
    outer loop
      vertex 91.6048 123 -25.3518
      vertex 92.3968 123 -26.9218
      vertex 92.2271 123 -26.9626
    endloop
  endfacet
  facet normal 0 1 0
    outer loop
      vertex 91.6048 123 -25.3518
      vertex 92.2271 123 -26.9626
      vertex 92.0558 123 -26.996
    endloop
  endfacet
  facet normal 0 1 0
    outer loop
      vertex 91.6048 123 -25.3518
      vertex 92.0558 123 -26.996
      vertex 91.883 123 -27.022
    endloop
  endfacet
  facet normal 0 1 0
    outer loop
      vertex 91.6048 123 -25.3518
      vertex 91.883 123 -27.022
      vertex 91.7086 123 -27.0405
    endloop
  endfacet
  facet normal 0 1 0
    outer loop
      vertex 91.6048 123 -25.3518
      vertex 91.7086 123 -27.0405
      vertex 91.5327 123 -27.0517
    endloop
  endfacet
  facet normal 0 1 0
    outer loop
      vertex 91.6048 123 -25.3518
      vertex 91.5327 123 -27.0517
      vertex 91.3553 123 -27.0554
    endloop
  endfacet
  facet normal -0 1 0
    outer loop
      vertex 90.5061 123 -26.9253
      vertex 91.6048 123 -25.3518
      vertex 90.7691 123 -26.9976
    endloop
  endfacet
  facet normal 0 1 0
    outer loop
      vertex 91.6048 123 -25.3518
      vertex 89.4941 123 -26.1331
      vertex 89.3583 123 -25.8947
    endloop
  endfacet
  facet normal 0 1 0
    outer loop
      vertex 91.6048 123 -25.3518
      vertex 89.6545 123 -26.3474
      vertex 89.4941 123 -26.1331
    endloop
  endfacet
  facet normal 0 1 0
    outer loop
      vertex 91.6048 123 -25.3518
      vertex 89.8374 123 -26.5352
      vertex 89.6545 123 -26.3474
    endloop
  endfacet
  facet normal 0 1 0
    outer loop
      vertex 91.6048 123 -25.3518
      vertex 90.0403 123 -26.6941
      vertex 89.8374 123 -26.5352
    endloop
  endfacet
  facet normal 0 1 0
    outer loop
      vertex 91.6048 123 -25.3518
      vertex 90.2632 123 -26.8242
      vertex 90.0403 123 -26.6941
    endloop
  endfacet
  facet normal 0 1 0
    outer loop
      vertex 91.6048 123 -25.3518
      vertex 90.5061 123 -26.9253
      vertex 90.2632 123 -26.8242
    endloop
  endfacet
  facet normal 0 1 0
    outer loop
      vertex 91.6048 123 -24.1692
      vertex 91.3498 123 -21.7009
      vertex 91.543 123 -21.707
    endloop
  endfacet
  facet normal 0 1 -0
    outer loop
      vertex 91.6048 123 -24.1692
      vertex 91.543 123 -21.707
      vertex 91.7289 123 -21.7253
    endloop
  endfacet
  facet normal 0 1 0
    outer loop
      vertex 91.6048 123 -24.1692
      vertex 91.7289 123 -21.7253
      vertex 91.9075 123 -21.7557
    endloop
  endfacet
  facet normal 0 1 0
    outer loop
      vertex 91.3498 123 -21.7009
      vertex 91.6048 123 -24.1692
      vertex 91.0385 123 -21.7148
    endloop
  endfacet
  facet normal 0 1 0
    outer loop
      vertex 91.6048 123 -24.1692
      vertex 91.9075 123 -21.7557
      vertex 92.0787 123 -21.7983
    endloop
  endfacet
  facet normal 0 1 0
    outer loop
      vertex 91.0385 123 -21.7148
      vertex 91.6048 123 -24.1692
      vertex 90.7493 123 -21.7567
    endloop
  endfacet
  facet normal 0 1 0
    outer loop
      vertex 91.6048 123 -24.1692
      vertex 92.0787 123 -21.7983
      vertex 92.2427 123 -21.8531
    endloop
  endfacet
  facet normal 0 1 0
    outer loop
      vertex 91.6048 123 -24.1692
      vertex 92.2427 123 -21.8531
      vertex 92.3993 123 -21.9201
    endloop
  endfacet
  facet normal 0 1 0
    outer loop
      vertex 90.7493 123 -21.7567
      vertex 91.6048 123 -24.1692
      vertex 90.4823 123 -21.8264
    endloop
  endfacet
  facet normal 0 1 0
    outer loop
      vertex 91.6048 123 -24.1692
      vertex 92.3993 123 -21.9201
      vertex 92.5487 123 -21.9993
    endloop
  endfacet
  facet normal 0 1 0
    outer loop
      vertex 90.4823 123 -21.8264
      vertex 91.6048 123 -24.1692
      vertex 90.2374 123 -21.9241
    endloop
  endfacet
  facet normal 0 1 0
    outer loop
      vertex 91.6048 123 -24.1692
      vertex 92.5487 123 -21.9993
      vertex 92.6889 123 -22.0903
    endloop
  endfacet
  facet normal 0 1 0
    outer loop
      vertex 91.6048 123 -24.1692
      vertex 92.6889 123 -22.0903
      vertex 92.818 123 -22.1928
    endloop
  endfacet
  facet normal 0 1 0
    outer loop
      vertex 90.2374 123 -21.9241
      vertex 91.6048 123 -24.1692
      vertex 90.0146 123 -22.0496
    endloop
  endfacet
  facet normal 0 1 0
    outer loop
      vertex 91.6048 123 -24.1692
      vertex 92.818 123 -22.1928
      vertex 92.936 123 -22.3068
    endloop
  endfacet
  facet normal 0 1 0
    outer loop
      vertex 90.0146 123 -22.0496
      vertex 91.6048 123 -24.1692
      vertex 89.814 123 -22.2031
    endloop
  endfacet
  facet normal 0 1 0
    outer loop
      vertex 91.6048 123 -24.1692
      vertex 92.936 123 -22.3068
      vertex 93.043 123 -22.4324
    endloop
  endfacet
  facet normal 0 1 0
    outer loop
      vertex 91.6048 123 -24.1692
      vertex 93.043 123 -22.4324
      vertex 93.1389 123 -22.5694
    endloop
  endfacet
  facet normal 0 1 0
    outer loop
      vertex 89.814 123 -22.2031
      vertex 91.6048 123 -24.1692
      vertex 89.6355 123 -22.3844
    endloop
  endfacet
  facet normal 0 1 0
    outer loop
      vertex 91.6048 123 -24.1692
      vertex 93.1389 123 -22.5694
      vertex 93.2237 123 -22.718
    endloop
  endfacet
  facet normal 0 1 0
    outer loop
      vertex 89.6355 123 -22.3844
      vertex 91.6048 123 -24.1692
      vertex 89.4801 123 -22.5918
    endloop
  endfacet
  facet normal 0 1 0
    outer loop
      vertex 91.6048 123 -24.1692
      vertex 93.2237 123 -22.718
      vertex 93.2974 123 -22.8781
    endloop
  endfacet
  facet normal 0 1 0
    outer loop
      vertex 89.4801 123 -22.5918
      vertex 91.6048 123 -24.1692
      vertex 89.3486 123 -22.8233
    endloop
  endfacet
  facet normal 0 1 0
    outer loop
      vertex 89.0975 123 -23.6626
      vertex 91.6048 123 -24.1692
      vertex 89.0616 123 -23.9906
    endloop
  endfacet
  facet normal 0 1 0
    outer loop
      vertex 91.6048 123 -24.1692
      vertex 89.0497 123 -24.3428
      vertex 89.0616 123 -23.9906
    endloop
  endfacet
  facet normal 0 1 0
    outer loop
      vertex 91.6048 123 -24.1692
      vertex 89.062 123 -24.7012
      vertex 89.0497 123 -24.3428
    endloop
  endfacet
  facet normal 0 1 0
    outer loop
      vertex 91.6048 123 -24.1692
      vertex 89.099 123 -25.0356
      vertex 89.062 123 -24.7012
    endloop
  endfacet
  facet normal 0 1 -0
    outer loop
      vertex 91.6048 123 -25.3518
      vertex 89.099 123 -25.0356
      vertex 91.6048 123 -24.1692
    endloop
  endfacet
  facet normal 0 1 0
    outer loop
      vertex 89.099 123 -25.0356
      vertex 91.6048 123 -25.3518
      vertex 89.1608 123 -25.346
    endloop
  endfacet
  facet normal 0 1 0
    outer loop
      vertex 89.1608 123 -25.346
      vertex 91.6048 123 -25.3518
      vertex 89.2472 123 -25.6324
    endloop
  endfacet
  facet normal 0 1 0
    outer loop
      vertex 79.9331 123 -21.793
      vertex 79.9331 123 -28.2
      vertex 77.4648 123 -21.793
    endloop
  endfacet
  facet normal 0 1 0
    outer loop
      vertex 84.7112 123 -20.5562
      vertex 84.0073 123 -21.793
      vertex 84.0073 123 -20.5562
    endloop
  endfacet
  facet normal 0 1 -0
    outer loop
      vertex 84.7112 123 -28.2
      vertex 84.0073 123 -21.793
      vertex 84.7112 123 -20.5562
    endloop
  endfacet
  facet normal 0 1 0
    outer loop
      vertex 81.5335 123 -28.2
      vertex 84.0073 123 -21.793
      vertex 84.7112 123 -28.2
    endloop
  endfacet
  facet normal 0 1 0
    outer loop
      vertex 84.0073 123 -21.793
      vertex 81.5335 123 -28.2
      vertex 81.5335 123 -21.793
    endloop
  endfacet
  facet normal 0 1 -0
    outer loop
      vertex 89.8894 123 -20.6271
      vertex 86.3116 123 -20.5562
      vertex 90.3401 123 -20.5244
    endloop
  endfacet
  facet normal 0 1 -0
    outer loop
      vertex 89.4748 123 -20.7709
      vertex 86.3116 123 -20.5562
      vertex 89.8894 123 -20.6271
    endloop
  endfacet
  facet normal 0 1 -0
    outer loop
      vertex 89.0962 123 -20.9557
      vertex 86.3116 123 -20.5562
      vertex 89.4748 123 -20.7709
    endloop
  endfacet
  facet normal 0 1 -0
    outer loop
      vertex 88.7538 123 -21.1816
      vertex 86.3116 123 -20.5562
      vertex 89.0962 123 -20.9557
    endloop
  endfacet
  facet normal 0 1 -0
    outer loop
      vertex 88.4474 123 -21.4486
      vertex 86.3116 123 -20.5562
      vertex 88.7538 123 -21.1816
    endloop
  endfacet
  facet normal 0 1 -0
    outer loop
      vertex 88.1797 123 -21.7542
      vertex 86.3116 123 -20.5562
      vertex 88.4474 123 -21.4486
    endloop
  endfacet
  facet normal 0 1 -0
    outer loop
      vertex 87.9532 123 -22.0956
      vertex 86.3116 123 -20.5562
      vertex 88.1797 123 -21.7542
    endloop
  endfacet
  facet normal 0 1 -0
    outer loop
      vertex 87.7679 123 -22.4731
      vertex 86.3116 123 -20.5562
      vertex 87.9532 123 -22.0956
    endloop
  endfacet
  facet normal 0 1 -0
    outer loop
      vertex 87.6237 123 -22.8866
      vertex 86.3116 123 -20.5562
      vertex 87.7679 123 -22.4731
    endloop
  endfacet
  facet normal 0 1 -0
    outer loop
      vertex 87.5208 123 -23.336
      vertex 86.3116 123 -20.5562
      vertex 87.6237 123 -22.8866
    endloop
  endfacet
  facet normal 0 1 -0
    outer loop
      vertex 87.459 123 -23.8214
      vertex 86.3116 123 -20.5562
      vertex 87.5208 123 -23.336
    endloop
  endfacet
  facet normal 0 1 -0
    outer loop
      vertex 87.4384 123 -24.3428
      vertex 86.3116 123 -20.5562
      vertex 87.459 123 -23.8214
    endloop
  endfacet
  facet normal 0 1 0
    outer loop
      vertex 86.3116 123 -28.2
      vertex 87.4384 123 -24.3428
      vertex 87.4589 123 -24.8677
    endloop
  endfacet
  facet normal 0 1 0
    outer loop
      vertex 86.3116 123 -28.2
      vertex 87.4589 123 -24.8677
      vertex 87.5203 123 -25.3572
    endloop
  endfacet
  facet normal 0 1 0
    outer loop
      vertex 86.3116 123 -28.2
      vertex 87.5203 123 -25.3572
      vertex 87.6227 123 -25.8114
    endloop
  endfacet
  facet normal 0 1 0
    outer loop
      vertex 87.4384 123 -24.3428
      vertex 86.3116 123 -28.2
      vertex 86.3116 123 -20.5562
    endloop
  endfacet
  facet normal 0 1 0
    outer loop
      vertex 87.7661 123 -26.2303
      vertex 86.3116 123 -28.2
      vertex 87.6227 123 -25.8114
    endloop
  endfacet
  facet normal 0 1 0
    outer loop
      vertex 87.9504 123 -26.6139
      vertex 86.3116 123 -28.2
      vertex 87.7661 123 -26.2303
    endloop
  endfacet
  facet normal 0 1 0
    outer loop
      vertex 88.1757 123 -26.9621
      vertex 86.3116 123 -28.2
      vertex 87.9504 123 -26.6139
    endloop
  endfacet
  facet normal 0 1 0
    outer loop
      vertex 88.442 123 -27.275
      vertex 86.3116 123 -28.2
      vertex 88.1757 123 -26.9621
    endloop
  endfacet
  facet normal 0 1 0
    outer loop
      vertex 88.7464 123 -27.5492
      vertex 86.3116 123 -28.2
      vertex 88.442 123 -27.275
    endloop
  endfacet
  facet normal 0 1 0
    outer loop
      vertex 89.0859 123 -27.7812
      vertex 86.3116 123 -28.2
      vertex 88.7464 123 -27.5492
    endloop
  endfacet
  facet normal 0 1 0
    outer loop
      vertex 89.4607 123 -27.971
      vertex 86.3116 123 -28.2
      vertex 89.0859 123 -27.7812
    endloop
  endfacet
  facet normal 0 1 0
    outer loop
      vertex 89.8707 123 -28.1187
      vertex 86.3116 123 -28.2
      vertex 89.4607 123 -27.971
    endloop
  endfacet
  facet normal 0 1 0
    outer loop
      vertex 91.3118 123 -28.3085
      vertex 84.7112 123 -28.2
      vertex 86.3116 123 -28.2
    endloop
  endfacet
  facet normal 0 1 0
    outer loop
      vertex 84.7112 123 -28.2
      vertex 91.3118 123 -28.3085
      vertex 81.5335 123 -28.2
    endloop
  endfacet
  facet normal 0 1 0
    outer loop
      vertex 90.7962 123 -28.2874
      vertex 86.3116 123 -28.2
      vertex 90.3158 123 -28.2241
    endloop
  endfacet
  facet normal 0 1 0
    outer loop
      vertex 90.3158 123 -28.2241
      vertex 86.3116 123 -28.2
      vertex 89.8707 123 -28.1187
    endloop
  endfacet
  facet normal 0 1 0
    outer loop
      vertex 185 123 14
      vertex 155 123 0
      vertex 155 123 14
    endloop
  endfacet
  facet normal 0 1 -0
    outer loop
      vertex 99.9792 123 -20.5691
      vertex 55 123 0
      vertex 155 123 0
    endloop
  endfacet
  facet normal -0 1 -0
    outer loop
      vertex 92.0786 123 -20.4829
      vertex 55 123 0
      vertex 96.1659 123 -20.5562
    endloop
  endfacet
  facet normal 0 1 0
    outer loop
      vertex 55 123 0
      vertex 99.6 123 -20.5562
      vertex 96.1659 123 -20.5562
    endloop
  endfacet
  facet normal 0 1 0
    outer loop
      vertex 55 123 0
      vertex 99.9792 123 -20.5691
      vertex 99.6 123 -20.5562
    endloop
  endfacet
  facet normal 0 1 0
    outer loop
      vertex 155 123 0
      vertex 100.333 123 -20.6078
      vertex 99.9792 123 -20.5691
    endloop
  endfacet
  facet normal 0 1 0
    outer loop
      vertex 155 123 0
      vertex 100.66 123 -20.6722
      vertex 100.333 123 -20.6078
    endloop
  endfacet
  facet normal 0 1 0
    outer loop
      vertex 155 123 0
      vertex 100.962 123 -20.7625
      vertex 100.66 123 -20.6722
    endloop
  endfacet
  facet normal 0 1 0
    outer loop
      vertex 155 123 0
      vertex 101.238 123 -20.8786
      vertex 100.962 123 -20.7625
    endloop
  endfacet
  facet normal 0 1 0
    outer loop
      vertex 155 123 0
      vertex 101.488 123 -21.0205
      vertex 101.238 123 -20.8786
    endloop
  endfacet
  facet normal 0 1 0
    outer loop
      vertex 155 123 0
      vertex 101.713 123 -21.1882
      vertex 101.488 123 -21.0205
    endloop
  endfacet
  facet normal 0 1 0
    outer loop
      vertex 155 123 0
      vertex 101.909 123 -21.3794
      vertex 101.713 123 -21.1882
    endloop
  endfacet
  facet normal 0 1 0
    outer loop
      vertex 155 123 0
      vertex 102.076 123 -21.5921
      vertex 101.909 123 -21.3794
    endloop
  endfacet
  facet normal 0 1 0
    outer loop
      vertex 155 123 0
      vertex 102.212 123 -21.8261
      vertex 102.076 123 -21.5921
    endloop
  endfacet
  facet normal 0 1 0
    outer loop
      vertex 155 123 0
      vertex 102.317 123 -22.0814
      vertex 102.212 123 -21.8261
    endloop
  endfacet
  facet normal 0 1 0
    outer loop
      vertex 155 123 0
      vertex 102.393 123 -22.3582
      vertex 102.317 123 -22.0814
    endloop
  endfacet
  facet normal 0 1 0
    outer loop
      vertex 155 123 0
      vertex 102.438 123 -22.6563
      vertex 102.393 123 -22.3582
    endloop
  endfacet
  facet normal 0 1 0
    outer loop
      vertex 155 123 0
      vertex 102.453 123 -22.9758
      vertex 102.438 123 -22.6563
    endloop
  endfacet
  facet normal 0 1 0
    outer loop
      vertex 155 123 0
      vertex 102.447 123 -23.1834
      vertex 102.453 123 -22.9758
    endloop
  endfacet
  facet normal 0 1 0
    outer loop
      vertex 155 123 0
      vertex 102.426 123 -23.3845
      vertex 102.447 123 -23.1834
    endloop
  endfacet
  facet normal 0 1 0
    outer loop
      vertex 155 123 0
      vertex 102.392 123 -23.5792
      vertex 102.426 123 -23.3845
    endloop
  endfacet
  facet normal 0 1 0
    outer loop
      vertex 155 123 0
      vertex 102.344 123 -23.7676
      vertex 102.392 123 -23.5792
    endloop
  endfacet
  facet normal 0 1 0
    outer loop
      vertex 155 123 0
      vertex 102.282 123 -23.9495
      vertex 102.344 123 -23.7676
    endloop
  endfacet
  facet normal 0 1 0
    outer loop
      vertex 155 123 0
      vertex 102.206 123 -24.1249
      vertex 102.282 123 -23.9495
    endloop
  endfacet
  facet normal 0 1 0
    outer loop
      vertex 185 123 -35.7
      vertex 102.206 123 -24.1249
      vertex 155 123 0
    endloop
  endfacet
  facet normal 0 1 0
    outer loop
      vertex 102.206 123 -24.1249
      vertex 185 123 -35.7
      vertex 102.117 123 -24.294
    endloop
  endfacet
  facet normal 0 1 0
    outer loop
      vertex 102.117 123 -24.294
      vertex 185 123 -35.7
      vertex 102.015 123 -24.4545
    endloop
  endfacet
  facet normal 0 1 0
    outer loop
      vertex 102.015 123 -24.4545
      vertex 185 123 -35.7
      vertex 101.901 123 -24.6042
    endloop
  endfacet
  facet normal 0 1 0
    outer loop
      vertex 101.901 123 -24.6042
      vertex 185 123 -35.7
      vertex 101.775 123 -24.7432
    endloop
  endfacet
  facet normal 0 1 0
    outer loop
      vertex 101.775 123 -24.7432
      vertex 185 123 -35.7
      vertex 101.638 123 -24.8715
    endloop
  endfacet
  facet normal 0 1 -0
    outer loop
      vertex 185 123 -35.7
      vertex 155 123 0
      vertex 185 123 14
    endloop
  endfacet
  facet normal 0 1 0
    outer loop
      vertex 101.638 123 -24.8715
      vertex 185 123 -35.7
      vertex 101.489 123 -24.989
    endloop
  endfacet
  facet normal -0 1 0
    outer loop
      vertex 97.7663 123 -28.2
      vertex 101.489 123 -24.989
      vertex 185 123 -35.7
    endloop
  endfacet
  facet normal 0 1 0
    outer loop
      vertex 99.665 123 -25.5092
      vertex 97.7663 123 -28.2
      vertex 97.7663 123 -25.5092
    endloop
  endfacet
  facet normal 0 1 0
    outer loop
      vertex 99.9067 123 -25.5027
      vertex 97.7663 123 -28.2
      vertex 99.665 123 -25.5092
    endloop
  endfacet
  facet normal 0 1 0
    outer loop
      vertex 100.139 123 -25.4833
      vertex 97.7663 123 -28.2
      vertex 99.9067 123 -25.5027
    endloop
  endfacet
  facet normal 0 1 0
    outer loop
      vertex 100.361 123 -25.4509
      vertex 97.7663 123 -28.2
      vertex 100.139 123 -25.4833
    endloop
  endfacet
  facet normal 0 1 0
    outer loop
      vertex 100.574 123 -25.4056
      vertex 97.7663 123 -28.2
      vertex 100.361 123 -25.4509
    endloop
  endfacet
  facet normal 0 1 0
    outer loop
      vertex 100.777 123 -25.3473
      vertex 97.7663 123 -28.2
      vertex 100.574 123 -25.4056
    endloop
  endfacet
  facet normal 0 1 0
    outer loop
      vertex 100.97 123 -25.2761
      vertex 97.7663 123 -28.2
      vertex 100.777 123 -25.3473
    endloop
  endfacet
  facet normal 0 1 0
    outer loop
      vertex 101.154 123 -25.1919
      vertex 97.7663 123 -28.2
      vertex 100.97 123 -25.2761
    endloop
  endfacet
  facet normal 0 1 0
    outer loop
      vertex 101.489 123 -24.989
      vertex 97.7663 123 -28.2
      vertex 101.327 123 -25.0958
    endloop
  endfacet
  facet normal 0 1 0
    outer loop
      vertex 91.6152 123 -28.3013
      vertex 96.1659 123 -28.2
      vertex 97.7663 123 -28.2
    endloop
  endfacet
  facet normal 0 1 0
    outer loop
      vertex 96.1659 123 -28.2
      vertex 91.9147 123 -28.2797
      vertex 92.2104 123 -28.2437
    endloop
  endfacet
  facet normal 0 1 0
    outer loop
      vertex 96.1659 123 -28.2
      vertex 91.6152 123 -28.3013
      vertex 91.9147 123 -28.2797
    endloop
  endfacet
  facet normal 0 1 0
    outer loop
      vertex 97.7663 123 -28.2
      vertex 91.3118 123 -28.3085
      vertex 91.6152 123 -28.3013
    endloop
  endfacet
  facet normal 0 1 0
    outer loop
      vertex 97.7663 123 -28.2
      vertex 185 123 -35.7
      vertex 91.3118 123 -28.3085
    endloop
  endfacet
  facet normal 0 1 0
    outer loop
      vertex 101.327 123 -25.0958
      vertex 97.7663 123 -28.2
      vertex 101.154 123 -25.1919
    endloop
  endfacet
  facet normal 0 1 -0
    outer loop
      vertex 55 123 0
      vertex -5 123 14
      vertex 55 123 14
    endloop
  endfacet
  facet normal 0 1 -0
    outer loop
      vertex 90.8269 123 -20.4628
      vertex 55 123 0
      vertex 91.3498 123 -20.4422
    endloop
  endfacet
  facet normal 0 1 -0
    outer loop
      vertex 86.3116 123 -20.5562
      vertex 55 123 0
      vertex 90.8269 123 -20.4628
    endloop
  endfacet
  facet normal 0 1 0
    outer loop
      vertex 86.3116 123 -20.5562
      vertex 90.8269 123 -20.4628
      vertex 90.3401 123 -20.5244
    endloop
  endfacet
  facet normal 0 1 -0
    outer loop
      vertex 84.7112 123 -20.5562
      vertex 55 123 0
      vertex 86.3116 123 -20.5562
    endloop
  endfacet
  facet normal 0 1 -0
    outer loop
      vertex 84.0073 123 -20.5562
      vertex 55 123 0
      vertex 84.7112 123 -20.5562
    endloop
  endfacet
  facet normal 0 1 -0
    outer loop
      vertex 77.4648 123 -20.5562
      vertex 55 123 0
      vertex 84.0073 123 -20.5562
    endloop
  endfacet
  facet normal 0 1 -0
    outer loop
      vertex 77.4648 123 -21.793
      vertex 55 123 0
      vertex 77.4648 123 -20.5562
    endloop
  endfacet
  facet normal 0 1 0
    outer loop
      vertex 55 123 0
      vertex 77.4648 123 -21.793
      vertex -5 123 -35.7
    endloop
  endfacet
  facet normal 0 1 0
    outer loop
      vertex -5 123 -35.7
      vertex 77.4648 123 -21.793
      vertex 79.9331 123 -28.2
    endloop
  endfacet
  facet normal 0 1 0
    outer loop
      vertex 91.3118 123 -28.3085
      vertex 86.3116 123 -28.2
      vertex 90.7962 123 -28.2874
    endloop
  endfacet
  facet normal 0 1 0
    outer loop
      vertex 81.5335 123 -28.2
      vertex 91.3118 123 -28.3085
      vertex 79.9331 123 -28.2
    endloop
  endfacet
  facet normal 0 1 0
    outer loop
      vertex -5 123 -35.7
      vertex 91.3118 123 -28.3085
      vertex 185 123 -35.7
    endloop
  endfacet
  facet normal 0 1 0
    outer loop
      vertex 55 123 0
      vertex -5 123 -35.7
      vertex -5 123 14
    endloop
  endfacet
  facet normal 0 1 0
    outer loop
      vertex 91.3118 123 -28.3085
      vertex -5 123 -35.7
      vertex 79.9331 123 -28.2
    endloop
  endfacet
  facet normal 0 1 0
    outer loop
      vertex 55 123 0
      vertex 92.0786 123 -20.4829
      vertex 91.3498 123 -20.4422
    endloop
  endfacet
  facet normal 0 1 0
    outer loop
      vertex 96.1659 123 -20.5562
      vertex 92.7275 123 -20.6048
      vertex 92.0786 123 -20.4829
    endloop
  endfacet
  facet normal 0 1 0
    outer loop
      vertex 96.1659 123 -20.5562
      vertex 93.2965 123 -20.8079
      vertex 92.7275 123 -20.6048
    endloop
  endfacet
  facet normal 0 1 0
    outer loop
      vertex 96.1659 123 -20.5562
      vertex 93.7855 123 -21.0924
      vertex 93.2965 123 -20.8079
    endloop
  endfacet
  facet normal 0 1 0
    outer loop
      vertex 96.1659 123 -20.5562
      vertex 94.1946 123 -21.458
      vertex 93.7855 123 -21.0924
    endloop
  endfacet
  facet normal 0 1 0
    outer loop
      vertex 96.1659 123 -20.5562
      vertex 94.5238 123 -21.905
      vertex 94.1946 123 -21.458
    endloop
  endfacet
  facet normal 0 1 0
    outer loop
      vertex 96.1659 123 -20.5562
      vertex 94.773 123 -22.4332
      vertex 94.5238 123 -21.905
    endloop
  endfacet
  facet normal 0 1 0
    outer loop
      vertex 89.3486 123 -22.8233
      vertex 91.6048 123 -24.1692
      vertex 89.241 123 -23.0789
    endloop
  endfacet
  facet normal 0 1 0
    outer loop
      vertex 89.241 123 -23.0789
      vertex 91.6048 123 -24.1692
      vertex 89.1573 123 -23.3587
    endloop
  endfacet
  facet normal 0 1 0
    outer loop
      vertex 89.1573 123 -23.3587
      vertex 91.6048 123 -24.1692
      vertex 89.0975 123 -23.6626
    endloop
  endfacet
  facet normal 0 1 0
    outer loop
      vertex 91.6048 123 -24.1692
      vertex 93.2974 123 -22.8781
      vertex 94.9357 123 -24.1692
    endloop
  endfacet
  facet normal 0 1 0
    outer loop
      vertex 94.773 123 -22.4332
      vertex 94.9357 123 -24.1692
      vertex 93.2974 123 -22.8781
    endloop
  endfacet
  facet normal 0 1 0
    outer loop
      vertex 96.1659 123 -20.5562
      vertex 94.9357 123 -24.1692
      vertex 94.773 123 -22.4332
    endloop
  endfacet
  facet normal 0 1 -0
    outer loop
      vertex 96.1659 123 -28.2
      vertex 94.9357 123 -24.1692
      vertex 96.1659 123 -20.5562
    endloop
  endfacet
  facet normal 0 1 0
    outer loop
      vertex 94.9357 123 -24.1692
      vertex 96.1659 123 -28.2
      vertex 94.9357 123 -26.9794
    endloop
  endfacet
  facet normal 0 1 0
    outer loop
      vertex 96.1659 123 -28.2
      vertex 94.7547 123 -27.1521
      vertex 94.9357 123 -26.9794
    endloop
  endfacet
  facet normal 0 1 0
    outer loop
      vertex 96.1659 123 -28.2
      vertex 94.5586 123 -27.3138
      vertex 94.7547 123 -27.1521
    endloop
  endfacet
  facet normal 0 1 0
    outer loop
      vertex 96.1659 123 -28.2
      vertex 94.3477 123 -27.4643
      vertex 94.5586 123 -27.3138
    endloop
  endfacet
  facet normal 0 1 0
    outer loop
      vertex 96.1659 123 -28.2
      vertex 94.1217 123 -27.6038
      vertex 94.3477 123 -27.4643
    endloop
  endfacet
  facet normal 0 1 0
    outer loop
      vertex 96.1659 123 -28.2
      vertex 93.8809 123 -27.7323
      vertex 94.1217 123 -27.6038
    endloop
  endfacet
  facet normal 0 1 0
    outer loop
      vertex 96.1659 123 -28.2
      vertex 93.625 123 -27.8496
      vertex 93.8809 123 -27.7323
    endloop
  endfacet
  facet normal 0 1 0
    outer loop
      vertex 96.1659 123 -28.2
      vertex 93.3543 123 -27.9559
      vertex 93.625 123 -27.8496
    endloop
  endfacet
  facet normal 0 1 0
    outer loop
      vertex 96.1659 123 -28.2
      vertex 93.0741 123 -28.0495
      vertex 93.3543 123 -27.9559
    endloop
  endfacet
  facet normal 0 1 0
    outer loop
      vertex 96.1659 123 -28.2
      vertex 92.7901 123 -28.1286
      vertex 93.0741 123 -28.0495
    endloop
  endfacet
  facet normal 0 1 0
    outer loop
      vertex 96.1659 123 -28.2
      vertex 92.5022 123 -28.1934
      vertex 92.7901 123 -28.1286
    endloop
  endfacet
  facet normal 0 1 0
    outer loop
      vertex 92.5022 123 -28.1934
      vertex 96.1659 123 -28.2
      vertex 92.2104 123 -28.2437
    endloop
  endfacet
  facet normal 0 0.707107 -0.707107
    outer loop
      vertex 184.5 122.5 -36.2
      vertex -5 123 -35.7
      vertex 185 123 -35.7
    endloop
  endfacet
  facet normal 0 0.707107 -0.707107
    outer loop
      vertex -5 123 -35.7
      vertex 184.5 122.5 -36.2
      vertex -4.5 122.5 -36.2
    endloop
  endfacet
  facet normal 0.555894 -0.831253 0
    outer loop
      vertex 186.5 7.40192 -35.7
      vertex 186.826 7.61993 14
      vertex 186.5 7.40192 14
    endloop
  endfacet
  facet normal 0.555894 -0.831253 0
    outer loop
      vertex 186.826 7.61993 14
      vertex 186.5 7.40192 -35.7
      vertex 186.826 7.61993 -35.7
    endloop
  endfacet
  facet normal 0.536236 -0.265116 -0.801352
    outer loop
      vertex 187.098 9 -36.2
      vertex 187.772 8.85194 -35.7
      vertex 187.598 8.5 -35.7
    endloop
  endfacet
  facet normal 0.536236 -0.265116 -0.801352
    outer loop
      vertex 187.772 8.85194 -35.7
      vertex 187.098 9 -36.2
      vertex 187.272 9.35194 -36.2
    endloop
  endfacet
  facet normal 0.381251 -0.434663 -0.815914
    outer loop
      vertex 186.826 7.61993 -35.7
      vertex 186.621 8.37868 -36.2
      vertex 187.121 7.87868 -35.7
    endloop
  endfacet
  facet normal 0.381251 -0.434663 -0.815914
    outer loop
      vertex 186.621 8.37868 -36.2
      vertex 186.826 7.61993 -35.7
      vertex 186.326 8.11993 -36.2
    endloop
  endfacet
  facet normal -0.486106 0.32508 -0.811186
    outer loop
      vertex -7.59808 121.5 -35.7
      vertex -6.88007 121.326 -36.2
      vertex -7.09808 121 -36.2
    endloop
  endfacet
  facet normal -0.486106 0.32508 -0.811186
    outer loop
      vertex -6.88007 121.326 -36.2
      vertex -7.59808 121.5 -35.7
      vertex -7.38007 121.826 -35.7
    endloop
  endfacet
  facet normal -0.659716 0.751515 0
    outer loop
      vertex -6.82628 122.38 -35.7
      vertex -7.12132 122.121 14
      vertex -6.82628 122.38 14
    endloop
  endfacet
  facet normal -0.659716 0.751515 0
    outer loop
      vertex -7.12132 122.121 14
      vertex -6.82628 122.38 -35.7
      vertex -7.12132 122.121 -35.7
    endloop
  endfacet
  facet normal -0.980703 0.195502 0
    outer loop
      vertex -7.97433 120.392 -35.7
      vertex -7.89778 120.776 14
      vertex -7.89778 120.776 -35.7
    endloop
  endfacet
  facet normal -0.980703 0.195502 0
    outer loop
      vertex -7.89778 120.776 14
      vertex -7.97433 120.392 -35.7
      vertex -7.97433 120.392 14
    endloop
  endfacet
  facet normal -0.831253 0.555894 0
    outer loop
      vertex -7.59808 121.5 -35.7
      vertex -7.38007 121.826 14
      vertex -7.38007 121.826 -35.7
    endloop
  endfacet
  facet normal -0.831253 0.555894 0
    outer loop
      vertex -7.38007 121.826 14
      vertex -7.59808 121.5 -35.7
      vertex -7.59808 121.5 14
    endloop
  endfacet
  facet normal -0.751787 0.659406 0
    outer loop
      vertex -7.38007 121.826 -35.7
      vertex -7.12132 122.121 14
      vertex -7.12132 122.121 -35.7
    endloop
  endfacet
  facet normal -0.751787 0.659406 0
    outer loop
      vertex -7.12132 122.121 14
      vertex -7.38007 121.826 -35.7
      vertex -7.38007 121.826 14
    endloop
  endfacet
  facet normal -0.43469 -0.381223 -0.815913
    outer loop
      vertex -7.38007 8.17372 -35.7
      vertex -6.62132 8.37868 -36.2
      vertex -7.12132 7.87868 -35.7
    endloop
  endfacet
  facet normal -0.43469 -0.381223 -0.815913
    outer loop
      vertex -6.62132 8.37868 -36.2
      vertex -7.38007 8.17372 -35.7
      vertex -6.88007 8.67372 -36.2
    endloop
  endfacet
  facet normal -0.324904 -0.486261 -0.811165
    outer loop
      vertex -6.5 7.40192 -35.7
      vertex -6.32628 8.11993 -36.2
      vertex -6 7.90192 -36.2
    endloop
  endfacet
  facet normal -0.324904 -0.486261 -0.811165
    outer loop
      vertex -6.32628 8.11993 -36.2
      vertex -6.5 7.40192 -35.7
      vertex -6.82628 7.61993 -35.7
    endloop
  endfacet
  facet normal -0.751831 -0.659356 0
    outer loop
      vertex -7.12132 7.87868 -35.7
      vertex -7.38007 8.17372 14
      vertex -7.38007 8.17372 -35.7
    endloop
  endfacet
  facet normal -0.751831 -0.659356 0
    outer loop
      vertex -7.38007 8.17372 14
      vertex -7.12132 7.87868 -35.7
      vertex -7.12132 7.87868 14
    endloop
  endfacet
  facet normal -0.486261 -0.324904 -0.811165
    outer loop
      vertex -7.59808 8.5 -35.7
      vertex -6.88007 8.67372 -36.2
      vertex -7.38007 8.17372 -35.7
    endloop
  endfacet
  facet normal -0.486261 -0.324904 -0.811165
    outer loop
      vertex -6.88007 8.67372 -36.2
      vertex -7.59808 8.5 -35.7
      vertex -7.09808 9 -36.2
    endloop
  endfacet
  facet normal -0.831474 -0.555564 0
    outer loop
      vertex -7.38007 8.17372 -35.7
      vertex -7.59808 8.5 14
      vertex -7.59808 8.5 -35.7
    endloop
  endfacet
  facet normal -0.831474 -0.555564 0
    outer loop
      vertex -7.59808 8.5 14
      vertex -7.38007 8.17372 -35.7
      vertex -7.38007 8.17372 14
    endloop
  endfacet
  facet normal -0.586275 -0.199012 -0.785287
    outer loop
      vertex -7.89778 9.22354 -35.7
      vertex -7.27164 9.35194 -36.2
      vertex -7.77164 8.85194 -35.7
    endloop
  endfacet
  facet normal -0.586275 -0.199012 -0.785287
    outer loop
      vertex -7.27164 9.35194 -36.2
      vertex -7.89778 9.22354 -35.7
      vertex -7.39778 9.72354 -36.2
    endloop
  endfacet
  facet normal -0.98079 -0.195067 0
    outer loop
      vertex -7.89778 9.22354 -35.7
      vertex -7.97433 9.60843 14
      vertex -7.97433 9.60843 -35.7
    endloop
  endfacet
  facet normal -0.98079 -0.195067 0
    outer loop
      vertex -7.97433 9.60843 14
      vertex -7.89778 9.22354 -35.7
      vertex -7.89778 9.22354 14
    endloop
  endfacet
  facet normal 0.707107 0 -0.707107
    outer loop
      vertex 188 120 -35.7
      vertex 187.5 10.5 -36.2
      vertex 187.5 119.5 -36.2
    endloop
  endfacet
  facet normal 0.707107 0 -0.707107
    outer loop
      vertex 187.5 10.5 -36.2
      vertex 188 120 -35.7
      vertex 188 10 -35.7
    endloop
  endfacet
  facet normal 1 -0 0
    outer loop
      vertex 188 10 14
      vertex 188 120 -35.7
      vertex 188 120 14
    endloop
  endfacet
  facet normal 1 0 0
    outer loop
      vertex 188 120 -35.7
      vertex 188 10 14
      vertex 188 10 -35.7
    endloop
  endfacet
  facet normal 0.536261 0.265084 -0.801345
    outer loop
      vertex 187.098 121 -36.2
      vertex 187.772 121.148 -35.7
      vertex 187.272 120.648 -36.2
    endloop
  endfacet
  facet normal 0.536261 0.265084 -0.801345
    outer loop
      vertex 187.772 121.148 -35.7
      vertex 187.098 121 -36.2
      vertex 187.598 121.5 -35.7
    endloop
  endfacet
  facet normal 0.555877 0.831265 -0
    outer loop
      vertex 186.826 122.38 -35.7
      vertex 186.5 122.598 14
      vertex 186.826 122.38 14
    endloop
  endfacet
  facet normal 0.555877 0.831265 0
    outer loop
      vertex 186.5 122.598 14
      vertex 186.826 122.38 -35.7
      vertex 186.5 122.598 -35.7
    endloop
  endfacet
  facet normal 0.194151 0.980972 -0
    outer loop
      vertex 185.776 122.898 -35.7
      vertex 185.392 122.974 14
      vertex 185.776 122.898 14
    endloop
  endfacet
  facet normal 0.194151 0.980972 0
    outer loop
      vertex 185.392 122.974 14
      vertex 185.776 122.898 -35.7
      vertex 185.392 122.974 -35.7
    endloop
  endfacet
  facet normal -0.125567 0.635912 -0.761478
    outer loop
      vertex -5.27646 122.398 -36.2
      vertex -5.39157 122.974 -35.7
      vertex -4.89157 122.474 -36.2
    endloop
  endfacet
  facet normal -0.125567 0.635912 -0.761478
    outer loop
      vertex -5.39157 122.974 -35.7
      vertex -5.27646 122.398 -36.2
      vertex -5.77646 122.898 -35.7
    endloop
  endfacet
  facet normal 0.586403 -0.198834 -0.785237
    outer loop
      vertex 187.272 9.35194 -36.2
      vertex 187.898 9.22354 -35.7
      vertex 187.772 8.85194 -35.7
    endloop
  endfacet
  facet normal 0.586403 -0.198834 -0.785237
    outer loop
      vertex 187.898 9.22354 -35.7
      vertex 187.272 9.35194 -36.2
      vertex 187.398 9.72354 -36.2
    endloop
  endfacet
  facet normal 0.486269 -0.324895 -0.811163
    outer loop
      vertex 186.88 8.67372 -36.2
      vertex 187.598 8.5 -35.7
      vertex 187.38 8.17372 -35.7
    endloop
  endfacet
  facet normal 0.486269 -0.324895 -0.811163
    outer loop
      vertex 187.598 8.5 -35.7
      vertex 186.88 8.67372 -36.2
      vertex 187.098 9 -36.2
    endloop
  endfacet
  facet normal 0.831485 -0.555547 0
    outer loop
      vertex 187.38 8.17372 14
      vertex 187.598 8.5 -35.7
      vertex 187.598 8.5 14
    endloop
  endfacet
  facet normal 0.831485 -0.555547 0
    outer loop
      vertex 187.598 8.5 -35.7
      vertex 187.38 8.17372 14
      vertex 187.38 8.17372 -35.7
    endloop
  endfacet
  facet normal -0.635234 0.126633 -0.761867
    outer loop
      vertex -7.97433 120.392 -35.7
      vertex -7.39778 120.276 -36.2
      vertex -7.47433 119.892 -36.2
    endloop
  endfacet
  facet normal -0.635234 0.126633 -0.761867
    outer loop
      vertex -7.39778 120.276 -36.2
      vertex -7.97433 120.392 -35.7
      vertex -7.89778 120.776 -35.7
    endloop
  endfacet
  facet normal -0.555547 0.831485 0
    outer loop
      vertex -6.5 122.598 -35.7
      vertex -6.82628 122.38 14
      vertex -6.5 122.598 14
    endloop
  endfacet
  facet normal -0.555547 0.831485 0
    outer loop
      vertex -6.82628 122.38 14
      vertex -6.5 122.598 -35.7
      vertex -6.82628 122.38 -35.7
    endloop
  endfacet
  facet normal -0.536645 0.264603 -0.801248
    outer loop
      vertex -7.77164 121.148 -35.7
      vertex -7.09808 121 -36.2
      vertex -7.27164 120.648 -36.2
    endloop
  endfacet
  facet normal -0.536645 0.264603 -0.801248
    outer loop
      vertex -7.09808 121 -36.2
      vertex -7.77164 121.148 -35.7
      vertex -7.59808 121.5 -35.7
    endloop
  endfacet
  facet normal -0.586399 0.19884 -0.785238
    outer loop
      vertex -7.89778 120.776 -35.7
      vertex -7.27164 120.648 -36.2
      vertex -7.39778 120.276 -36.2
    endloop
  endfacet
  facet normal -0.586399 0.19884 -0.785238
    outer loop
      vertex -7.27164 120.648 -36.2
      vertex -7.89778 120.776 -35.7
      vertex -7.77164 121.148 -35.7
    endloop
  endfacet
  facet normal -0.381223 -0.43469 -0.815913
    outer loop
      vertex -6.82628 7.61993 -35.7
      vertex -6.62132 8.37868 -36.2
      vertex -6.32628 8.11993 -36.2
    endloop
  endfacet
  facet normal -0.381223 -0.43469 -0.815913
    outer loop
      vertex -6.62132 8.37868 -36.2
      vertex -6.82628 7.61993 -35.7
      vertex -7.12132 7.87868 -35.7
    endloop
  endfacet
  facet normal -0.659356 -0.751831 0
    outer loop
      vertex -7.12132 7.87868 -35.7
      vertex -6.82628 7.61993 14
      vertex -7.12132 7.87868 14
    endloop
  endfacet
  facet normal -0.659356 -0.751831 -0
    outer loop
      vertex -6.82628 7.61993 14
      vertex -7.12132 7.87868 -35.7
      vertex -6.82628 7.61993 -35.7
    endloop
  endfacet
  facet normal -0.89687 -0.442294 0
    outer loop
      vertex -7.59808 8.5 -35.7
      vertex -7.77164 8.85194 14
      vertex -7.77164 8.85194 -35.7
    endloop
  endfacet
  facet normal -0.89687 -0.442294 0
    outer loop
      vertex -7.77164 8.85194 14
      vertex -7.59808 8.5 -35.7
      vertex -7.59808 8.5 14
    endloop
  endfacet
  facet normal -0.683634 -0.0448167 -0.728448
    outer loop
      vertex -8 10 -35.7
      vertex -7.47433 10.1084 -36.2
      vertex -7.97433 9.60843 -35.7
    endloop
  endfacet
  facet normal -0.683634 -0.0448133 -0.728448
    outer loop
      vertex -7.47433 10.1084 -36.2
      vertex -8 10 -35.7
      vertex -7.5 10.5 -36.2
    endloop
  endfacet
  facet normal -0.635399 -0.126373 -0.761773
    outer loop
      vertex -7.97433 9.60843 -35.7
      vertex -7.39778 9.72354 -36.2
      vertex -7.89778 9.22354 -35.7
    endloop
  endfacet
  facet normal -0.635397 -0.126383 -0.761773
    outer loop
      vertex -7.39778 9.72354 -36.2
      vertex -7.97433 9.60843 -35.7
      vertex -7.47433 10.1084 -36.2
    endloop
  endfacet
  facet normal 0.981057 -0.193719 0
    outer loop
      vertex 187.898 9.22354 14
      vertex 187.974 9.60843 -35.7
      vertex 187.974 9.60843 14
    endloop
  endfacet
  facet normal 0.981057 -0.193719 0
    outer loop
      vertex 187.974 9.60843 -35.7
      vertex 187.898 9.22354 14
      vertex 187.898 9.22354 -35.7
    endloop
  endfacet
  facet normal 0.94704 -0.321117 0
    outer loop
      vertex 187.772 8.85194 14
      vertex 187.898 9.22354 -35.7
      vertex 187.898 9.22354 14
    endloop
  endfacet
  facet normal 0.94704 -0.321117 0
    outer loop
      vertex 187.898 9.22354 -35.7
      vertex 187.772 8.85194 14
      vertex 187.772 8.85194 -35.7
    endloop
  endfacet
  facet normal 0.635912 -0.125567 -0.761478
    outer loop
      vertex 187.398 9.72354 -36.2
      vertex 187.974 9.60843 -35.7
      vertex 187.898 9.22354 -35.7
    endloop
  endfacet
  facet normal 0.63591 -0.125576 -0.761478
    outer loop
      vertex 187.974 9.60843 -35.7
      vertex 187.398 9.72354 -36.2
      vertex 187.474 10.1084 -36.2
    endloop
  endfacet
  facet normal 0.947145 0.320807 0
    outer loop
      vertex 187.898 120.776 14
      vertex 187.772 121.148 -35.7
      vertex 187.772 121.148 14
    endloop
  endfacet
  facet normal 0.947145 0.320807 0
    outer loop
      vertex 187.772 121.148 -35.7
      vertex 187.898 120.776 14
      vertex 187.898 120.776 -35.7
    endloop
  endfacet
  facet normal 0.896455 0.443134 0
    outer loop
      vertex 187.772 121.148 14
      vertex 187.598 121.5 -35.7
      vertex 187.598 121.5 14
    endloop
  endfacet
  facet normal 0.896455 0.443134 0
    outer loop
      vertex 187.598 121.5 -35.7
      vertex 187.772 121.148 14
      vertex 187.772 121.148 -35.7
    endloop
  endfacet
  facet normal -0.443195 0.896425 0
    outer loop
      vertex -6.14806 122.772 -35.7
      vertex -6.5 122.598 14
      vertex -6.14806 122.772 14
    endloop
  endfacet
  facet normal -0.443195 0.896425 0
    outer loop
      vertex -6.5 122.598 14
      vertex -6.14806 122.772 -35.7
      vertex -6.5 122.598 -35.7
    endloop
  endfacet
  facet normal -0.265116 0.536236 -0.801352
    outer loop
      vertex -6 122.098 -36.2
      vertex -6.14806 122.772 -35.7
      vertex -5.64806 122.272 -36.2
    endloop
  endfacet
  facet normal -0.265116 0.536236 -0.801352
    outer loop
      vertex -6.14806 122.772 -35.7
      vertex -6 122.098 -36.2
      vertex -6.5 122.598 -35.7
    endloop
  endfacet
  facet normal -0.381423 0.434498 -0.815921
    outer loop
      vertex -6.62132 121.621 -36.2
      vertex -6.82628 122.38 -35.7
      vertex -6.32628 121.88 -36.2
    endloop
  endfacet
  facet normal -0.381423 0.434498 -0.815921
    outer loop
      vertex -6.82628 122.38 -35.7
      vertex -6.62132 121.621 -36.2
      vertex -7.12132 122.121 -35.7
    endloop
  endfacet
  facet normal -0.0453725 0.683328 -0.7287
    outer loop
      vertex -4.89157 122.474 -36.2
      vertex -5 123 -35.7
      vertex -4.5 122.5 -36.2
    endloop
  endfacet
  facet normal -0.0453725 0.683328 -0.7287
    outer loop
      vertex -5 123 -35.7
      vertex -4.89157 122.474 -36.2
      vertex -5.39157 122.974 -35.7
    endloop
  endfacet
  facet normal 0.381451 0.434471 -0.815923
    outer loop
      vertex 186.621 121.621 -36.2
      vertex 186.826 122.38 -35.7
      vertex 187.121 122.121 -35.7
    endloop
  endfacet
  facet normal 0.381451 0.434471 -0.815923
    outer loop
      vertex 186.826 122.38 -35.7
      vertex 186.621 121.621 -36.2
      vertex 186.326 121.88 -36.2
    endloop
  endfacet
  facet normal 0.434471 0.381451 -0.815923
    outer loop
      vertex 186.621 121.621 -36.2
      vertex 187.38 121.826 -35.7
      vertex 186.88 121.326 -36.2
    endloop
  endfacet
  facet normal 0.434471 0.381451 -0.815923
    outer loop
      vertex 187.38 121.826 -35.7
      vertex 186.621 121.621 -36.2
      vertex 187.121 122.121 -35.7
    endloop
  endfacet
  facet normal 0.486115 0.325071 -0.811185
    outer loop
      vertex 186.88 121.326 -36.2
      vertex 187.598 121.5 -35.7
      vertex 187.098 121 -36.2
    endloop
  endfacet
  facet normal 0.486115 0.325071 -0.811185
    outer loop
      vertex 187.598 121.5 -35.7
      vertex 186.88 121.326 -36.2
      vertex 187.38 121.826 -35.7
    endloop
  endfacet
  facet normal 0.831265 0.555877 0
    outer loop
      vertex 187.598 121.5 14
      vertex 187.38 121.826 -35.7
      vertex 187.38 121.826 14
    endloop
  endfacet
  facet normal 0.831265 0.555877 0
    outer loop
      vertex 187.38 121.826 -35.7
      vertex 187.598 121.5 14
      vertex 187.598 121.5 -35.7
    endloop
  endfacet
  facet normal 0.32508 -0.486106 -0.811186
    outer loop
      vertex 186.5 7.40192 -35.7
      vertex 186.326 8.11993 -36.2
      vertex 186.826 7.61993 -35.7
    endloop
  endfacet
  facet normal 0.32508 -0.486106 -0.811186
    outer loop
      vertex 186.326 8.11993 -36.2
      vertex 186.5 7.40192 -35.7
      vertex 186 7.90192 -36.2
    endloop
  endfacet
  facet normal 0.683329 -0.0453726 -0.728699
    outer loop
      vertex 187.474 10.1084 -36.2
      vertex 188 10 -35.7
      vertex 187.974 9.60843 -35.7
    endloop
  endfacet
  facet normal 0.68333 -0.0453692 -0.728699
    outer loop
      vertex 188 10 -35.7
      vertex 187.474 10.1084 -36.2
      vertex 187.5 10.5 -36.2
    endloop
  endfacet
  facet normal 0.997803 -0.0662535 0
    outer loop
      vertex 187.974 9.60843 14
      vertex 188 10 -35.7
      vertex 188 10 14
    endloop
  endfacet
  facet normal 0.997803 -0.0662535 0
    outer loop
      vertex 188 10 -35.7
      vertex 187.974 9.60843 14
      vertex 187.974 9.60843 -35.7
    endloop
  endfacet
  facet normal -0.321117 0.94704 0
    outer loop
      vertex -5.77646 122.898 -35.7
      vertex -6.14806 122.772 14
      vertex -5.77646 122.898 14
    endloop
  endfacet
  facet normal -0.321117 0.94704 0
    outer loop
      vertex -6.14806 122.772 14
      vertex -5.77646 122.898 -35.7
      vertex -6.14806 122.772 -35.7
    endloop
  endfacet
  facet normal -0.198834 0.586403 -0.785237
    outer loop
      vertex -5.64806 122.272 -36.2
      vertex -5.77646 122.898 -35.7
      vertex -5.27646 122.398 -36.2
    endloop
  endfacet
  facet normal -0.198834 0.586403 -0.785237
    outer loop
      vertex -5.77646 122.898 -35.7
      vertex -5.64806 122.272 -36.2
      vertex -6.14806 122.772 -35.7
    endloop
  endfacet
  facet normal -0.324895 0.486269 -0.811163
    outer loop
      vertex -6.32628 121.88 -36.2
      vertex -6.5 122.598 -35.7
      vertex -6 122.098 -36.2
    endloop
  endfacet
  facet normal -0.324895 0.486269 -0.811163
    outer loop
      vertex -6.5 122.598 -35.7
      vertex -6.32628 121.88 -36.2
      vertex -6.82628 122.38 -35.7
    endloop
  endfacet
  facet normal 0.980972 0.194151 0
    outer loop
      vertex 187.974 120.392 14
      vertex 187.898 120.776 -35.7
      vertex 187.898 120.776 14
    endloop
  endfacet
  facet normal 0.980972 0.194151 0
    outer loop
      vertex 187.898 120.776 -35.7
      vertex 187.974 120.392 14
      vertex 187.974 120.392 -35.7
    endloop
  endfacet
  facet normal 0.997808 0.0661811 0
    outer loop
      vertex 188 120 14
      vertex 187.974 120.392 -35.7
      vertex 187.974 120.392 14
    endloop
  endfacet
  facet normal 0.997808 0.0661811 0
    outer loop
      vertex 187.974 120.392 -35.7
      vertex 188 120 14
      vertex 188 120 -35.7
    endloop
  endfacet
  facet normal -0.947036 0.321127 0
    outer loop
      vertex -7.89778 120.776 -35.7
      vertex -7.77164 121.148 14
      vertex -7.77164 121.148 -35.7
    endloop
  endfacet
  facet normal -0.947036 0.321127 0
    outer loop
      vertex -7.77164 121.148 14
      vertex -7.89778 120.776 -35.7
      vertex -7.89778 120.776 14
    endloop
  endfacet
  facet normal -0.8969 0.442233 0
    outer loop
      vertex -7.77164 121.148 -35.7
      vertex -7.59808 121.5 14
      vertex -7.59808 121.5 -35.7
    endloop
  endfacet
  facet normal -0.8969 0.442233 0
    outer loop
      vertex -7.59808 121.5 14
      vertex -7.77164 121.148 -35.7
      vertex -7.77164 121.148 14
    endloop
  endfacet
  facet normal 0.586526 0.198662 -0.785188
    outer loop
      vertex 187.272 120.648 -36.2
      vertex 187.898 120.776 -35.7
      vertex 187.398 120.276 -36.2
    endloop
  endfacet
  facet normal 0.586526 0.198662 -0.785188
    outer loop
      vertex 187.898 120.776 -35.7
      vertex 187.272 120.648 -36.2
      vertex 187.772 121.148 -35.7
    endloop
  endfacet
  facet normal 0.635748 0.125825 -0.761573
    outer loop
      vertex 187.398 120.276 -36.2
      vertex 187.974 120.392 -35.7
      vertex 187.474 119.892 -36.2
    endloop
  endfacet
  facet normal 0.635748 0.125825 -0.761573
    outer loop
      vertex 187.974 120.392 -35.7
      vertex 187.398 120.276 -36.2
      vertex 187.898 120.776 -35.7
    endloop
  endfacet
  facet normal 0.683354 0.0453245 -0.728679
    outer loop
      vertex 187.474 119.892 -36.2
      vertex 188 120 -35.7
      vertex 187.5 119.5 -36.2
    endloop
  endfacet
  facet normal 0.683354 0.0453245 -0.728679
    outer loop
      vertex 188 120 -35.7
      vertex 187.474 119.892 -36.2
      vertex 187.974 120.392 -35.7
    endloop
  endfacet
  facet normal 1 -0 0
    outer loop
      vertex -6 17 14
      vertex -6 113 -34.2
      vertex -6 113 14
    endloop
  endfacet
  facet normal 1 0 0
    outer loop
      vertex -6 113 -34.2
      vertex -6 17 14
      vertex -6 17 -34.2
    endloop
  endfacet
  facet normal 0 1 0
    outer loop
      vertex 27.5 9 -14.2
      vertex 23 9 -18.7
      vertex 23 9 -14.2
    endloop
  endfacet
  facet normal 0 1 0
    outer loop
      vertex 23 9 -18.7
      vertex 27.5 9 -26.2
      vertex 13 9 -18.7
    endloop
  endfacet
  facet normal 0 1 -0
    outer loop
      vertex 27.5 9 -26.2
      vertex 23 9 -18.7
      vertex 27.5 9 -14.2
    endloop
  endfacet
  facet normal 0 1 -0
    outer loop
      vertex 43.9 9 -26.2
      vertex 37.5 9 -14.2
      vertex 43.9 9 -14.2
    endloop
  endfacet
  facet normal 0 1 0
    outer loop
      vertex 37.5 9 -14.2
      vertex 43.9 9 -26.2
      vertex 37.5 9 -26.2
    endloop
  endfacet
  facet normal 0 1 -0
    outer loop
      vertex 58.3 9 -26.2
      vertex 55.9 9 -14.2
      vertex 58.3 9 -14.2
    endloop
  endfacet
  facet normal 0 1 0
    outer loop
      vertex 55.9 9 -14.2
      vertex 58.3 9 -26.2
      vertex 55.9 9 -26.2
    endloop
  endfacet
  facet normal 0 1 -0
    outer loop
      vertex 71.4 9 -26.2
      vertex 70.3 9 -14.2
      vertex 71.4 9 -14.2
    endloop
  endfacet
  facet normal 0 1 0
    outer loop
      vertex 70.3 9 -14.2
      vertex 71.4 9 -26.2
      vertex 70.3 9 -26.2
    endloop
  endfacet
  facet normal 0 1 0
    outer loop
      vertex 178 9 14
      vertex 88.4 9 -14.2
      vertex 2 9 14
    endloop
  endfacet
  facet normal 0 1 -0
    outer loop
      vertex 178 9 -34.2
      vertex 88.4 9 -14.2
      vertex 178 9 14
    endloop
  endfacet
  facet normal 0 1 0
    outer loop
      vertex 2 9 -34.2
      vertex 71.4 9 -26.2
      vertex 88.4 9 -26.2
    endloop
  endfacet
  facet normal 0 1 0
    outer loop
      vertex 71.4 9 -26.2
      vertex 2 9 -34.2
      vertex 70.3 9 -26.2
    endloop
  endfacet
  facet normal 0 1 0
    outer loop
      vertex 70.3 9 -26.2
      vertex 2 9 -34.2
      vertex 58.3 9 -26.2
    endloop
  endfacet
  facet normal 0 1 0
    outer loop
      vertex 58.3 9 -26.2
      vertex 2 9 -34.2
      vertex 55.9 9 -26.2
    endloop
  endfacet
  facet normal 0 1 0
    outer loop
      vertex 55.9 9 -26.2
      vertex 2 9 -34.2
      vertex 43.9 9 -26.2
    endloop
  endfacet
  facet normal 0 1 0
    outer loop
      vertex 43.9 9 -26.2
      vertex 2 9 -34.2
      vertex 37.5 9 -26.2
    endloop
  endfacet
  facet normal 0 1 0
    outer loop
      vertex 2 9 -34.2
      vertex 88.4 9 -26.2
      vertex 178 9 -34.2
    endloop
  endfacet
  facet normal 0 1 0
    outer loop
      vertex 88.4 9 -14.2
      vertex 178 9 -34.2
      vertex 88.4 9 -26.2
    endloop
  endfacet
  facet normal 0 1 -0
    outer loop
      vertex 71.4 9 -14.2
      vertex 2 9 14
      vertex 88.4 9 -14.2
    endloop
  endfacet
  facet normal 0 1 -0
    outer loop
      vertex 70.3 9 -14.2
      vertex 2 9 14
      vertex 71.4 9 -14.2
    endloop
  endfacet
  facet normal 0 1 -0
    outer loop
      vertex 58.3 9 -14.2
      vertex 2 9 14
      vertex 70.3 9 -14.2
    endloop
  endfacet
  facet normal 0 1 -0
    outer loop
      vertex 55.9 9 -14.2
      vertex 2 9 14
      vertex 58.3 9 -14.2
    endloop
  endfacet
  facet normal 0 1 -0
    outer loop
      vertex 43.9 9 -14.2
      vertex 2 9 14
      vertex 55.9 9 -14.2
    endloop
  endfacet
  facet normal 0 1 -0
    outer loop
      vertex 37.5 9 -14.2
      vertex 2 9 14
      vertex 43.9 9 -14.2
    endloop
  endfacet
  facet normal 0 1 -0
    outer loop
      vertex 27.5 9 -14.2
      vertex 2 9 14
      vertex 37.5 9 -14.2
    endloop
  endfacet
  facet normal 0 1 -0
    outer loop
      vertex 23 9 -14.2
      vertex 2 9 14
      vertex 27.5 9 -14.2
    endloop
  endfacet
  facet normal 0 1 -0
    outer loop
      vertex 13 9 -14.2
      vertex 2 9 14
      vertex 23 9 -14.2
    endloop
  endfacet
  facet normal 0 1 0
    outer loop
      vertex 2 9 -34.2
      vertex 13 9 -14.2
      vertex 13 9 -18.7
    endloop
  endfacet
  facet normal 0 1 0
    outer loop
      vertex 13 9 -14.2
      vertex 2 9 -34.2
      vertex 2 9 14
    endloop
  endfacet
  facet normal 0 1 0
    outer loop
      vertex 27.5 9 -26.2
      vertex 2 9 -34.2
      vertex 13 9 -18.7
    endloop
  endfacet
  facet normal 0 1 0
    outer loop
      vertex 37.5 9 -26.2
      vertex 2 9 -34.2
      vertex 27.5 9 -26.2
    endloop
  endfacet
  facet normal 0 -1 0
    outer loop
      vertex 2 121 14
      vertex 55 121 0
      vertex 55 121 14
    endloop
  endfacet
  facet normal 0 -1 0
    outer loop
      vertex 178 121 -34.2
      vertex 55 121 0
      vertex 2 121 -34.2
    endloop
  endfacet
  facet normal 0 -1 0
    outer loop
      vertex 2 121 -34.2
      vertex 55 121 0
      vertex 2 121 14
    endloop
  endfacet
  facet normal 0 -1 0
    outer loop
      vertex 155 121 0
      vertex 178 121 14
      vertex 155 121 14
    endloop
  endfacet
  facet normal 0 -1 0
    outer loop
      vertex 155 121 0
      vertex 178 121 -34.2
      vertex 178 121 14
    endloop
  endfacet
  facet normal 0 -1 0
    outer loop
      vertex 55 121 0
      vertex 178 121 -34.2
      vertex 155 121 0
    endloop
  endfacet
  facet normal -1 0 0
    outer loop
      vertex 186 17 -34.2
      vertex 186 113 14
      vertex 186 113 -34.2
    endloop
  endfacet
  facet normal -1 -0 0
    outer loop
      vertex 186 113 14
      vertex 186 17 -34.2
      vertex 186 17 14
    endloop
  endfacet
  facet normal 0 0 1
    outer loop
      vertex 0.136296 20.0353 -34.2
      vertex -6 17 -34.2
      vertex 0.0342197 19.5221 -34.2
    endloop
  endfacet
  facet normal 0 0 1
    outer loop
      vertex 0.0342197 111.522 -34.2
      vertex -6 113 -34.2
      vertex 0 111 -34.2
    endloop
  endfacet
  facet normal 0 0 1
    outer loop
      vertex 0.136296 112.035 -34.2
      vertex -6 113 -34.2
      vertex 0.0342197 111.522 -34.2
    endloop
  endfacet
  facet normal 0 0 1
    outer loop
      vertex 0.304482 112.531 -34.2
      vertex -6 113 -34.2
      vertex 0.136296 112.035 -34.2
    endloop
  endfacet
  facet normal -0 0 1
    outer loop
      vertex -6 113 -34.2
      vertex 0.304482 112.531 -34.2
      vertex 0.535898 113 -34.2
    endloop
  endfacet
  facet normal 0 0 1
    outer loop
      vertex 172.304 109.469 -34.2
      vertex 7.69552 109.469 -34.2
      vertex 172.536 109 -34.2
    endloop
  endfacet
  facet normal 0 0 1
    outer loop
      vertex 172.536 21 -34.2
      vertex 7.96578 19.5221 -34.2
      vertex 8 19 -34.2
    endloop
  endfacet
  facet normal 0 0 1
    outer loop
      vertex 7.4641 109 -34.2
      vertex 172.536 109 -34.2
      vertex 7.69552 109.469 -34.2
    endloop
  endfacet
  facet normal 0 0 1
    outer loop
      vertex 172.536 21 -34.2
      vertex 7.8637 20.0353 -34.2
      vertex 7.96578 19.5221 -34.2
    endloop
  endfacet
  facet normal 0 0 1
    outer loop
      vertex 172.536 109 -34.2
      vertex 7.4641 109 -34.2
      vertex 172.536 21 -34.2
    endloop
  endfacet
  facet normal 0 0 1
    outer loop
      vertex 172.536 21 -34.2
      vertex 7.69552 20.5307 -34.2
      vertex 7.8637 20.0353 -34.2
    endloop
  endfacet
  facet normal 0 0 1
    outer loop
      vertex 7.4641 21 -34.2
      vertex 172.536 21 -34.2
      vertex 7.4641 109 -34.2
    endloop
  endfacet
  facet normal 0 0 1
    outer loop
      vertex 172.536 21 -34.2
      vertex 7.4641 21 -34.2
      vertex 7.69552 20.5307 -34.2
    endloop
  endfacet
  facet normal -0 0 1
    outer loop
      vertex 7.17341 108.565 -34.2
      vertex 7.4641 21 -34.2
      vertex 7.4641 109 -34.2
    endloop
  endfacet
  facet normal 0 0 1
    outer loop
      vertex 7.17341 108.565 -34.2
      vertex 7.17341 21.435 -34.2
      vertex 7.4641 21 -34.2
    endloop
  endfacet
  facet normal -0 0 1
    outer loop
      vertex 6.82843 108.172 -34.2
      vertex 7.17341 21.435 -34.2
      vertex 7.17341 108.565 -34.2
    endloop
  endfacet
  facet normal 0 0 1
    outer loop
      vertex 6.82843 108.172 -34.2
      vertex 6.82843 21.8284 -34.2
      vertex 7.17341 21.435 -34.2
    endloop
  endfacet
  facet normal -0 0 1
    outer loop
      vertex 6.43505 107.827 -34.2
      vertex 6.82843 21.8284 -34.2
      vertex 6.82843 108.172 -34.2
    endloop
  endfacet
  facet normal 0 0 1
    outer loop
      vertex 6.43505 107.827 -34.2
      vertex 6.43505 22.1734 -34.2
      vertex 6.82843 21.8284 -34.2
    endloop
  endfacet
  facet normal -0 0 1
    outer loop
      vertex 6 107.536 -34.2
      vertex 6.43505 22.1734 -34.2
      vertex 6.43505 107.827 -34.2
    endloop
  endfacet
  facet normal 0 0 1
    outer loop
      vertex 6 107.536 -34.2
      vertex 6 22.4641 -34.2
      vertex 6.43505 22.1734 -34.2
    endloop
  endfacet
  facet normal -0 0 1
    outer loop
      vertex 5.53073 107.304 -34.2
      vertex 6 22.4641 -34.2
      vertex 6 107.536 -34.2
    endloop
  endfacet
  facet normal 0 0 1
    outer loop
      vertex 5.53073 107.304 -34.2
      vertex 5.53073 22.6955 -34.2
      vertex 6 22.4641 -34.2
    endloop
  endfacet
  facet normal -0 0 1
    outer loop
      vertex 5.03528 107.136 -34.2
      vertex 5.53073 22.6955 -34.2
      vertex 5.53073 107.304 -34.2
    endloop
  endfacet
  facet normal 0 0 1
    outer loop
      vertex 5.03528 107.136 -34.2
      vertex 5.03528 22.8637 -34.2
      vertex 5.53073 22.6955 -34.2
    endloop
  endfacet
  facet normal -0 0 1
    outer loop
      vertex 4.5221 107.034 -34.2
      vertex 5.03528 22.8637 -34.2
      vertex 5.03528 107.136 -34.2
    endloop
  endfacet
  facet normal 0 0 1
    outer loop
      vertex 4.5221 107.034 -34.2
      vertex 4.5221 22.9658 -34.2
      vertex 5.03528 22.8637 -34.2
    endloop
  endfacet
  facet normal -0 0 1
    outer loop
      vertex 4 107 -34.2
      vertex 4.5221 22.9658 -34.2
      vertex 4.5221 107.034 -34.2
    endloop
  endfacet
  facet normal 0 0 1
    outer loop
      vertex 4 107 -34.2
      vertex 4 23 -34.2
      vertex 4.5221 22.9658 -34.2
    endloop
  endfacet
  facet normal 0 0 1
    outer loop
      vertex 3.47789 107.034 -34.2
      vertex 4 23 -34.2
      vertex 4 107 -34.2
    endloop
  endfacet
  facet normal 0 0 1
    outer loop
      vertex 3.47789 107.034 -34.2
      vertex 3.47789 22.9658 -34.2
      vertex 4 23 -34.2
    endloop
  endfacet
  facet normal 0 0 1
    outer loop
      vertex 2.96472 107.136 -34.2
      vertex 3.47789 22.9658 -34.2
      vertex 3.47789 107.034 -34.2
    endloop
  endfacet
  facet normal 0 0 1
    outer loop
      vertex 2.96472 107.136 -34.2
      vertex 2.96472 22.8637 -34.2
      vertex 3.47789 22.9658 -34.2
    endloop
  endfacet
  facet normal 0 0 1
    outer loop
      vertex 2.46927 107.304 -34.2
      vertex 2.96472 22.8637 -34.2
      vertex 2.96472 107.136 -34.2
    endloop
  endfacet
  facet normal 0 0 1
    outer loop
      vertex 2.46927 107.304 -34.2
      vertex 2.46927 22.6955 -34.2
      vertex 2.96472 22.8637 -34.2
    endloop
  endfacet
  facet normal 0 0 1
    outer loop
      vertex 2 107.536 -34.2
      vertex 2.46927 22.6955 -34.2
      vertex 2.46927 107.304 -34.2
    endloop
  endfacet
  facet normal 0 0 1
    outer loop
      vertex 2 107.536 -34.2
      vertex 2 22.4641 -34.2
      vertex 2.46927 22.6955 -34.2
    endloop
  endfacet
  facet normal 0 0 1
    outer loop
      vertex 1.56495 107.827 -34.2
      vertex 2 22.4641 -34.2
      vertex 2 107.536 -34.2
    endloop
  endfacet
  facet normal 0 0 1
    outer loop
      vertex 1.56495 107.827 -34.2
      vertex 1.56495 22.1734 -34.2
      vertex 2 22.4641 -34.2
    endloop
  endfacet
  facet normal 0 0 1
    outer loop
      vertex -6 113 -34.2
      vertex 1.56495 107.827 -34.2
      vertex 1.17157 108.172 -34.2
    endloop
  endfacet
  facet normal 0 0 1
    outer loop
      vertex 1.56495 107.827 -34.2
      vertex -6 113 -34.2
      vertex 1.56495 22.1734 -34.2
    endloop
  endfacet
  facet normal 0 0 1
    outer loop
      vertex -6 113 -34.2
      vertex 1.17157 108.172 -34.2
      vertex 0.826586 108.565 -34.2
    endloop
  endfacet
  facet normal 0 0 1
    outer loop
      vertex -6 17 -34.2
      vertex 1.56495 22.1734 -34.2
      vertex -6 113 -34.2
    endloop
  endfacet
  facet normal 0 0 1
    outer loop
      vertex -6 113 -34.2
      vertex 0.826586 108.565 -34.2
      vertex 0.535898 109 -34.2
    endloop
  endfacet
  facet normal 0 0 1
    outer loop
      vertex 1.56495 22.1734 -34.2
      vertex -6 17 -34.2
      vertex 1.17157 21.8284 -34.2
    endloop
  endfacet
  facet normal 0 0 1
    outer loop
      vertex -6 113 -34.2
      vertex 0.535898 109 -34.2
      vertex 0.304482 109.469 -34.2
    endloop
  endfacet
  facet normal 0 0 1
    outer loop
      vertex 1.17157 21.8284 -34.2
      vertex -6 17 -34.2
      vertex 0.826586 21.435 -34.2
    endloop
  endfacet
  facet normal 0 0 1
    outer loop
      vertex -6 113 -34.2
      vertex 0.304482 109.469 -34.2
      vertex 0.136296 109.965 -34.2
    endloop
  endfacet
  facet normal 0 0 1
    outer loop
      vertex 0.826586 21.435 -34.2
      vertex -6 17 -34.2
      vertex 0.535898 21 -34.2
    endloop
  endfacet
  facet normal 0 0 1
    outer loop
      vertex -6 113 -34.2
      vertex 0.136296 109.965 -34.2
      vertex 0.0342197 110.478 -34.2
    endloop
  endfacet
  facet normal 0 0 1
    outer loop
      vertex 0.535898 21 -34.2
      vertex -6 17 -34.2
      vertex 0.304482 20.5307 -34.2
    endloop
  endfacet
  facet normal 0 0 1
    outer loop
      vertex -6 113 -34.2
      vertex 0.0342197 110.478 -34.2
      vertex 0 111 -34.2
    endloop
  endfacet
  facet normal 0 0 1
    outer loop
      vertex 0.304482 20.5307 -34.2
      vertex -6 17 -34.2
      vertex 0.136296 20.0353 -34.2
    endloop
  endfacet
  facet normal 0 0 1
    outer loop
      vertex 178 121 -34.2
      vertex 177.531 114.696 -34.2
      vertex 178 114.464 -34.2
    endloop
  endfacet
  facet normal 0 0 1
    outer loop
      vertex 178 121 -34.2
      vertex 177.035 114.864 -34.2
      vertex 177.531 114.696 -34.2
    endloop
  endfacet
  facet normal 0 0 1
    outer loop
      vertex 178 121 -34.2
      vertex 176.522 114.966 -34.2
      vertex 177.035 114.864 -34.2
    endloop
  endfacet
  facet normal 0 0 1
    outer loop
      vertex 178 121 -34.2
      vertex 176 115 -34.2
      vertex 176.522 114.966 -34.2
    endloop
  endfacet
  facet normal 0 0 1
    outer loop
      vertex 178 121 -34.2
      vertex 175.478 114.966 -34.2
      vertex 176 115 -34.2
    endloop
  endfacet
  facet normal 0 0 1
    outer loop
      vertex 178 121 -34.2
      vertex 174.965 114.864 -34.2
      vertex 175.478 114.966 -34.2
    endloop
  endfacet
  facet normal 0 0 1
    outer loop
      vertex 178 121 -34.2
      vertex 174.469 114.696 -34.2
      vertex 174.965 114.864 -34.2
    endloop
  endfacet
  facet normal 0 0 1
    outer loop
      vertex 178 121 -34.2
      vertex 174 114.464 -34.2
      vertex 174.469 114.696 -34.2
    endloop
  endfacet
  facet normal 0 0 1
    outer loop
      vertex 178 121 -34.2
      vertex 173.565 114.173 -34.2
      vertex 174 114.464 -34.2
    endloop
  endfacet
  facet normal 0 0 1
    outer loop
      vertex 178 121 -34.2
      vertex 173.172 113.828 -34.2
      vertex 173.565 114.173 -34.2
    endloop
  endfacet
  facet normal 0 0 1
    outer loop
      vertex 178 121 -34.2
      vertex 172.827 113.435 -34.2
      vertex 173.172 113.828 -34.2
    endloop
  endfacet
  facet normal 0 0 1
    outer loop
      vertex 172.136 20.0353 -34.2
      vertex 8 19 -34.2
      vertex 172.034 19.5221 -34.2
    endloop
  endfacet
  facet normal 0 0 1
    outer loop
      vertex 172.034 111.522 -34.2
      vertex 8 111 -34.2
      vertex 172 111 -34.2
    endloop
  endfacet
  facet normal 0 0 1
    outer loop
      vertex 7.96578 111.522 -34.2
      vertex 172.034 111.522 -34.2
      vertex 172.136 112.035 -34.2
    endloop
  endfacet
  facet normal 0 0 1
    outer loop
      vertex 7.8637 112.035 -34.2
      vertex 172.136 112.035 -34.2
      vertex 172.304 112.531 -34.2
    endloop
  endfacet
  facet normal 0 0 1
    outer loop
      vertex 7.69552 112.531 -34.2
      vertex 172.304 112.531 -34.2
      vertex 172.536 113 -34.2
    endloop
  endfacet
  facet normal 0 0 1
    outer loop
      vertex 7.4641 113 -34.2
      vertex 172.536 113 -34.2
      vertex 172.827 113.435 -34.2
    endloop
  endfacet
  facet normal 0 0 1
    outer loop
      vertex 7.17341 113.435 -34.2
      vertex 172.827 113.435 -34.2
      vertex 178 121 -34.2
    endloop
  endfacet
  facet normal 0 0 1
    outer loop
      vertex 172.034 111.522 -34.2
      vertex 7.96578 111.522 -34.2
      vertex 8 111 -34.2
    endloop
  endfacet
  facet normal 0 0 1
    outer loop
      vertex 172.136 112.035 -34.2
      vertex 7.8637 112.035 -34.2
      vertex 7.96578 111.522 -34.2
    endloop
  endfacet
  facet normal 0 0 1
    outer loop
      vertex 172.304 112.531 -34.2
      vertex 7.69552 112.531 -34.2
      vertex 7.8637 112.035 -34.2
    endloop
  endfacet
  facet normal 0 0 1
    outer loop
      vertex 172.536 113 -34.2
      vertex 7.4641 113 -34.2
      vertex 7.69552 112.531 -34.2
    endloop
  endfacet
  facet normal 0 0 1
    outer loop
      vertex 172.827 113.435 -34.2
      vertex 7.17341 113.435 -34.2
      vertex 7.4641 113 -34.2
    endloop
  endfacet
  facet normal -0 0 1
    outer loop
      vertex 2 121 -34.2
      vertex 7.17341 113.435 -34.2
      vertex 178 121 -34.2
    endloop
  endfacet
  facet normal 0 0 1
    outer loop
      vertex 7.17341 113.435 -34.2
      vertex 2 121 -34.2
      vertex 6.82843 113.828 -34.2
    endloop
  endfacet
  facet normal 0 0 1
    outer loop
      vertex 6.82843 113.828 -34.2
      vertex 2 121 -34.2
      vertex 6.43505 114.173 -34.2
    endloop
  endfacet
  facet normal 0 0 1
    outer loop
      vertex 6.43505 114.173 -34.2
      vertex 2 121 -34.2
      vertex 6 114.464 -34.2
    endloop
  endfacet
  facet normal 0 0 1
    outer loop
      vertex 6 114.464 -34.2
      vertex 2 121 -34.2
      vertex 5.53073 114.696 -34.2
    endloop
  endfacet
  facet normal 0 0 1
    outer loop
      vertex 5.53073 114.696 -34.2
      vertex 2 121 -34.2
      vertex 5.03528 114.864 -34.2
    endloop
  endfacet
  facet normal 0 0 1
    outer loop
      vertex 5.03528 114.864 -34.2
      vertex 2 121 -34.2
      vertex 4.5221 114.966 -34.2
    endloop
  endfacet
  facet normal 0 0 1
    outer loop
      vertex 4.5221 114.966 -34.2
      vertex 2 121 -34.2
      vertex 4 115 -34.2
    endloop
  endfacet
  facet normal 0 0 1
    outer loop
      vertex 2 121 -34.2
      vertex 3.47789 114.966 -34.2
      vertex 4 115 -34.2
    endloop
  endfacet
  facet normal 0 0 1
    outer loop
      vertex 2 121 -34.2
      vertex 2.96472 114.864 -34.2
      vertex 3.47789 114.966 -34.2
    endloop
  endfacet
  facet normal 0 0 1
    outer loop
      vertex 2 121 -34.2
      vertex 2.46927 114.696 -34.2
      vertex 2.96472 114.864 -34.2
    endloop
  endfacet
  facet normal 0 0 1
    outer loop
      vertex 2.46927 114.696 -34.2
      vertex 2 121 -34.2
      vertex 2 114.464 -34.2
    endloop
  endfacet
  facet normal 0 0 1
    outer loop
      vertex 179.696 109.469 -34.2
      vertex 186 113 -34.2
      vertex 179.864 109.965 -34.2
    endloop
  endfacet
  facet normal 0 0 1
    outer loop
      vertex 186 17 -34.2
      vertex 179.966 19.5221 -34.2
      vertex 180 19 -34.2
    endloop
  endfacet
  facet normal 0 0 1
    outer loop
      vertex 179.464 109 -34.2
      vertex 186 113 -34.2
      vertex 179.696 109.469 -34.2
    endloop
  endfacet
  facet normal 0 0 1
    outer loop
      vertex 186 17 -34.2
      vertex 179.864 20.0353 -34.2
      vertex 179.966 19.5221 -34.2
    endloop
  endfacet
  facet normal 0 0 1
    outer loop
      vertex 179.173 108.565 -34.2
      vertex 186 113 -34.2
      vertex 179.464 109 -34.2
    endloop
  endfacet
  facet normal 0 0 1
    outer loop
      vertex 186 17 -34.2
      vertex 179.696 20.5307 -34.2
      vertex 179.864 20.0353 -34.2
    endloop
  endfacet
  facet normal 0 0 1
    outer loop
      vertex 178.828 108.172 -34.2
      vertex 186 113 -34.2
      vertex 179.173 108.565 -34.2
    endloop
  endfacet
  facet normal 0 0 1
    outer loop
      vertex 186 17 -34.2
      vertex 179.464 21 -34.2
      vertex 179.696 20.5307 -34.2
    endloop
  endfacet
  facet normal 0 0 1
    outer loop
      vertex 178.435 107.827 -34.2
      vertex 186 113 -34.2
      vertex 178.828 108.172 -34.2
    endloop
  endfacet
  facet normal 0 0 1
    outer loop
      vertex 186 17 -34.2
      vertex 179.173 21.435 -34.2
      vertex 179.464 21 -34.2
    endloop
  endfacet
  facet normal 0 0 1
    outer loop
      vertex 186 113 -34.2
      vertex 178.435 107.827 -34.2
      vertex 186 17 -34.2
    endloop
  endfacet
  facet normal 0 0 1
    outer loop
      vertex 186 17 -34.2
      vertex 178.828 21.8284 -34.2
      vertex 179.173 21.435 -34.2
    endloop
  endfacet
  facet normal -0 0 1
    outer loop
      vertex 178.435 22.1734 -34.2
      vertex 186 17 -34.2
      vertex 178.435 107.827 -34.2
    endloop
  endfacet
  facet normal 0 0 1
    outer loop
      vertex 186 17 -34.2
      vertex 178.435 22.1734 -34.2
      vertex 178.828 21.8284 -34.2
    endloop
  endfacet
  facet normal -0 0 1
    outer loop
      vertex 178 107.536 -34.2
      vertex 178.435 22.1734 -34.2
      vertex 178.435 107.827 -34.2
    endloop
  endfacet
  facet normal 0 0 1
    outer loop
      vertex 178 107.536 -34.2
      vertex 178 22.4641 -34.2
      vertex 178.435 22.1734 -34.2
    endloop
  endfacet
  facet normal -0 0 1
    outer loop
      vertex 177.531 107.304 -34.2
      vertex 178 22.4641 -34.2
      vertex 178 107.536 -34.2
    endloop
  endfacet
  facet normal 0 0 1
    outer loop
      vertex 177.531 107.304 -34.2
      vertex 177.531 22.6955 -34.2
      vertex 178 22.4641 -34.2
    endloop
  endfacet
  facet normal -0 0 1
    outer loop
      vertex 177.035 107.136 -34.2
      vertex 177.531 22.6955 -34.2
      vertex 177.531 107.304 -34.2
    endloop
  endfacet
  facet normal 0 0 1
    outer loop
      vertex 177.035 107.136 -34.2
      vertex 177.035 22.8637 -34.2
      vertex 177.531 22.6955 -34.2
    endloop
  endfacet
  facet normal -0 0 1
    outer loop
      vertex 176.522 107.034 -34.2
      vertex 177.035 22.8637 -34.2
      vertex 177.035 107.136 -34.2
    endloop
  endfacet
  facet normal 0 0 1
    outer loop
      vertex 176.522 107.034 -34.2
      vertex 176.522 22.9658 -34.2
      vertex 177.035 22.8637 -34.2
    endloop
  endfacet
  facet normal -0 0 1
    outer loop
      vertex 176 107 -34.2
      vertex 176.522 22.9658 -34.2
      vertex 176.522 107.034 -34.2
    endloop
  endfacet
  facet normal 0 0 1
    outer loop
      vertex 176 107 -34.2
      vertex 176 23 -34.2
      vertex 176.522 22.9658 -34.2
    endloop
  endfacet
  facet normal 0 0 1
    outer loop
      vertex 175.478 107.034 -34.2
      vertex 176 23 -34.2
      vertex 176 107 -34.2
    endloop
  endfacet
  facet normal 0 0 1
    outer loop
      vertex 175.478 107.034 -34.2
      vertex 175.478 22.9658 -34.2
      vertex 176 23 -34.2
    endloop
  endfacet
  facet normal 0 0 1
    outer loop
      vertex 174.965 107.136 -34.2
      vertex 175.478 22.9658 -34.2
      vertex 175.478 107.034 -34.2
    endloop
  endfacet
  facet normal 0 0 1
    outer loop
      vertex 174.965 107.136 -34.2
      vertex 174.965 22.8637 -34.2
      vertex 175.478 22.9658 -34.2
    endloop
  endfacet
  facet normal 0 0 1
    outer loop
      vertex 174.469 107.304 -34.2
      vertex 174.965 22.8637 -34.2
      vertex 174.965 107.136 -34.2
    endloop
  endfacet
  facet normal 0 0 1
    outer loop
      vertex 174.469 107.304 -34.2
      vertex 174.469 22.6955 -34.2
      vertex 174.965 22.8637 -34.2
    endloop
  endfacet
  facet normal 0 0 1
    outer loop
      vertex 174 107.536 -34.2
      vertex 174.469 22.6955 -34.2
      vertex 174.469 107.304 -34.2
    endloop
  endfacet
  facet normal 0 0 1
    outer loop
      vertex 174 107.536 -34.2
      vertex 174 22.4641 -34.2
      vertex 174.469 22.6955 -34.2
    endloop
  endfacet
  facet normal 0 0 1
    outer loop
      vertex 173.565 107.827 -34.2
      vertex 174 22.4641 -34.2
      vertex 174 107.536 -34.2
    endloop
  endfacet
  facet normal 0 0 1
    outer loop
      vertex 173.565 107.827 -34.2
      vertex 173.565 22.1734 -34.2
      vertex 174 22.4641 -34.2
    endloop
  endfacet
  facet normal 0 0 1
    outer loop
      vertex 173.172 108.172 -34.2
      vertex 173.565 22.1734 -34.2
      vertex 173.565 107.827 -34.2
    endloop
  endfacet
  facet normal 0 0 1
    outer loop
      vertex 173.172 108.172 -34.2
      vertex 173.172 21.8284 -34.2
      vertex 173.565 22.1734 -34.2
    endloop
  endfacet
  facet normal 0 0 1
    outer loop
      vertex 172.827 108.565 -34.2
      vertex 173.172 21.8284 -34.2
      vertex 173.172 108.172 -34.2
    endloop
  endfacet
  facet normal 0 0 1
    outer loop
      vertex 172.827 108.565 -34.2
      vertex 172.827 21.435 -34.2
      vertex 173.172 21.8284 -34.2
    endloop
  endfacet
  facet normal 0 0 1
    outer loop
      vertex 172.536 109 -34.2
      vertex 172.827 21.435 -34.2
      vertex 172.827 108.565 -34.2
    endloop
  endfacet
  facet normal 0 0 1
    outer loop
      vertex 172.536 109 -34.2
      vertex 172.536 21 -34.2
      vertex 172.827 21.435 -34.2
    endloop
  endfacet
  facet normal 0 0 1
    outer loop
      vertex 7.8637 109.965 -34.2
      vertex 172.136 109.965 -34.2
      vertex 7.96578 110.478 -34.2
    endloop
  endfacet
  facet normal 0 0 1
    outer loop
      vertex 172.136 109.965 -34.2
      vertex 7.8637 109.965 -34.2
      vertex 172.304 109.469 -34.2
    endloop
  endfacet
  facet normal 0 0 1
    outer loop
      vertex 172.034 110.478 -34.2
      vertex 7.96578 110.478 -34.2
      vertex 172.136 109.965 -34.2
    endloop
  endfacet
  facet normal 0 0 1
    outer loop
      vertex 7.69552 109.469 -34.2
      vertex 172.304 109.469 -34.2
      vertex 7.8637 109.965 -34.2
    endloop
  endfacet
  facet normal 0 0 1
    outer loop
      vertex 7.96578 110.478 -34.2
      vertex 172.034 110.478 -34.2
      vertex 8 111 -34.2
    endloop
  endfacet
  facet normal 0 0 1
    outer loop
      vertex 172.536 21 -34.2
      vertex 8 19 -34.2
      vertex 172.304 20.5307 -34.2
    endloop
  endfacet
  facet normal -0 0 1
    outer loop
      vertex 8 111 -34.2
      vertex 172.034 110.478 -34.2
      vertex 172 111 -34.2
    endloop
  endfacet
  facet normal 0 0 1
    outer loop
      vertex 172.304 20.5307 -34.2
      vertex 8 19 -34.2
      vertex 172.136 20.0353 -34.2
    endloop
  endfacet
  facet normal 0 0 1
    outer loop
      vertex 179.966 110.478 -34.2
      vertex 186 113 -34.2
      vertex 180 111 -34.2
    endloop
  endfacet
  facet normal 0 0 1
    outer loop
      vertex 186 113 -34.2
      vertex 179.966 111.522 -34.2
      vertex 180 111 -34.2
    endloop
  endfacet
  facet normal 0 0 1
    outer loop
      vertex 186 113 -34.2
      vertex 179.864 112.035 -34.2
      vertex 179.966 111.522 -34.2
    endloop
  endfacet
  facet normal 0 0 1
    outer loop
      vertex 186 113 -34.2
      vertex 179.696 112.531 -34.2
      vertex 179.864 112.035 -34.2
    endloop
  endfacet
  facet normal 0 -0 1
    outer loop
      vertex 179.696 112.531 -34.2
      vertex 186 113 -34.2
      vertex 179.464 113 -34.2
    endloop
  endfacet
  facet normal 0 0 1
    outer loop
      vertex 179.864 109.965 -34.2
      vertex 186 113 -34.2
      vertex 179.966 110.478 -34.2
    endloop
  endfacet
  facet normal -0 0 1
    outer loop
      vertex 179.966 18.4779 -34.2
      vertex 186 17 -34.2
      vertex 180 19 -34.2
    endloop
  endfacet
  facet normal -0 0 1
    outer loop
      vertex 179.864 17.9647 -34.2
      vertex 186 17 -34.2
      vertex 179.966 18.4779 -34.2
    endloop
  endfacet
  facet normal -0 0 1
    outer loop
      vertex 179.696 17.4693 -34.2
      vertex 186 17 -34.2
      vertex 179.864 17.9647 -34.2
    endloop
  endfacet
  facet normal 0 0 1
    outer loop
      vertex 186 17 -34.2
      vertex 179.696 17.4693 -34.2
      vertex 179.464 17 -34.2
    endloop
  endfacet
  facet normal -0 0 1
    outer loop
      vertex 177.531 15.3045 -34.2
      vertex 178 9 -34.2
      vertex 178 15.5359 -34.2
    endloop
  endfacet
  facet normal -0 0 1
    outer loop
      vertex 177.035 15.1363 -34.2
      vertex 178 9 -34.2
      vertex 177.531 15.3045 -34.2
    endloop
  endfacet
  facet normal -0 0 1
    outer loop
      vertex 176.522 15.0342 -34.2
      vertex 178 9 -34.2
      vertex 177.035 15.1363 -34.2
    endloop
  endfacet
  facet normal -0 0 1
    outer loop
      vertex 176 15 -34.2
      vertex 178 9 -34.2
      vertex 176.522 15.0342 -34.2
    endloop
  endfacet
  facet normal 0 0 1
    outer loop
      vertex 175.478 15.0342 -34.2
      vertex 178 9 -34.2
      vertex 176 15 -34.2
    endloop
  endfacet
  facet normal 0 0 1
    outer loop
      vertex 174.965 15.1363 -34.2
      vertex 178 9 -34.2
      vertex 175.478 15.0342 -34.2
    endloop
  endfacet
  facet normal 0 0 1
    outer loop
      vertex 174.469 15.3045 -34.2
      vertex 178 9 -34.2
      vertex 174.965 15.1363 -34.2
    endloop
  endfacet
  facet normal 0 0 1
    outer loop
      vertex 174 15.5359 -34.2
      vertex 178 9 -34.2
      vertex 174.469 15.3045 -34.2
    endloop
  endfacet
  facet normal 0 0 1
    outer loop
      vertex 173.565 15.8266 -34.2
      vertex 178 9 -34.2
      vertex 174 15.5359 -34.2
    endloop
  endfacet
  facet normal 0 0 1
    outer loop
      vertex 173.172 16.1716 -34.2
      vertex 178 9 -34.2
      vertex 173.565 15.8266 -34.2
    endloop
  endfacet
  facet normal 0 0 1
    outer loop
      vertex 172.827 16.565 -34.2
      vertex 178 9 -34.2
      vertex 173.172 16.1716 -34.2
    endloop
  endfacet
  facet normal 0 0 1
    outer loop
      vertex 172.034 19.5221 -34.2
      vertex 8 19 -34.2
      vertex 172 19 -34.2
    endloop
  endfacet
  facet normal 0 0 1
    outer loop
      vertex 172 19 -34.2
      vertex 8 19 -34.2
      vertex 172.034 18.4779 -34.2
    endloop
  endfacet
  facet normal 0 0 1
    outer loop
      vertex 7.96578 18.4779 -34.2
      vertex 172.034 18.4779 -34.2
      vertex 8 19 -34.2
    endloop
  endfacet
  facet normal 0 0 1
    outer loop
      vertex 172.034 18.4779 -34.2
      vertex 7.96578 18.4779 -34.2
      vertex 172.136 17.9647 -34.2
    endloop
  endfacet
  facet normal 0 0 1
    outer loop
      vertex 7.8637 17.9647 -34.2
      vertex 172.136 17.9647 -34.2
      vertex 7.96578 18.4779 -34.2
    endloop
  endfacet
  facet normal 0 0 1
    outer loop
      vertex 172.136 17.9647 -34.2
      vertex 7.8637 17.9647 -34.2
      vertex 172.304 17.4693 -34.2
    endloop
  endfacet
  facet normal 0 0 1
    outer loop
      vertex 7.69552 17.4693 -34.2
      vertex 172.304 17.4693 -34.2
      vertex 7.8637 17.9647 -34.2
    endloop
  endfacet
  facet normal 0 0 1
    outer loop
      vertex 172.304 17.4693 -34.2
      vertex 7.69552 17.4693 -34.2
      vertex 172.536 17 -34.2
    endloop
  endfacet
  facet normal 0 0 1
    outer loop
      vertex 7.4641 17 -34.2
      vertex 172.536 17 -34.2
      vertex 7.69552 17.4693 -34.2
    endloop
  endfacet
  facet normal 0 0 1
    outer loop
      vertex 172.536 17 -34.2
      vertex 7.4641 17 -34.2
      vertex 172.827 16.565 -34.2
    endloop
  endfacet
  facet normal 0 0 1
    outer loop
      vertex 7.17341 16.565 -34.2
      vertex 172.827 16.565 -34.2
      vertex 7.4641 17 -34.2
    endloop
  endfacet
  facet normal 0 0 1
    outer loop
      vertex 172.827 16.565 -34.2
      vertex 7.17341 16.565 -34.2
      vertex 178 9 -34.2
    endloop
  endfacet
  facet normal 0 0 1
    outer loop
      vertex 2 9 -34.2
      vertex 7.17341 16.565 -34.2
      vertex 6.82843 16.1716 -34.2
    endloop
  endfacet
  facet normal 0 0 1
    outer loop
      vertex 2 9 -34.2
      vertex 6.82843 16.1716 -34.2
      vertex 6.43505 15.8266 -34.2
    endloop
  endfacet
  facet normal 0 0 1
    outer loop
      vertex 2 9 -34.2
      vertex 6.43505 15.8266 -34.2
      vertex 6 15.5359 -34.2
    endloop
  endfacet
  facet normal 0 0 1
    outer loop
      vertex 2 9 -34.2
      vertex 6 15.5359 -34.2
      vertex 5.53073 15.3045 -34.2
    endloop
  endfacet
  facet normal 0 0 1
    outer loop
      vertex 2 9 -34.2
      vertex 5.53073 15.3045 -34.2
      vertex 5.03528 15.1363 -34.2
    endloop
  endfacet
  facet normal 0 0 1
    outer loop
      vertex 2 9 -34.2
      vertex 5.03528 15.1363 -34.2
      vertex 4.5221 15.0342 -34.2
    endloop
  endfacet
  facet normal 0 0 1
    outer loop
      vertex 2 9 -34.2
      vertex 4.5221 15.0342 -34.2
      vertex 4 15 -34.2
    endloop
  endfacet
  facet normal 0 0 1
    outer loop
      vertex 7.17341 16.565 -34.2
      vertex 2 9 -34.2
      vertex 178 9 -34.2
    endloop
  endfacet
  facet normal 0 0 1
    outer loop
      vertex 3.47789 15.0342 -34.2
      vertex 2 9 -34.2
      vertex 4 15 -34.2
    endloop
  endfacet
  facet normal 0 0 1
    outer loop
      vertex 2.96472 15.1363 -34.2
      vertex 2 9 -34.2
      vertex 3.47789 15.0342 -34.2
    endloop
  endfacet
  facet normal 0 0 1
    outer loop
      vertex 2.46927 15.3045 -34.2
      vertex 2 9 -34.2
      vertex 2.96472 15.1363 -34.2
    endloop
  endfacet
  facet normal 0 0 1
    outer loop
      vertex 2 9 -34.2
      vertex 2.46927 15.3045 -34.2
      vertex 2 15.5359 -34.2
    endloop
  endfacet
  facet normal 0 0 1
    outer loop
      vertex 0.304482 17.4693 -34.2
      vertex -6 17 -34.2
      vertex 0.535898 17 -34.2
    endloop
  endfacet
  facet normal 0 0 1
    outer loop
      vertex 0.136296 17.9647 -34.2
      vertex -6 17 -34.2
      vertex 0.304482 17.4693 -34.2
    endloop
  endfacet
  facet normal 0 0 1
    outer loop
      vertex 0.0342197 18.4779 -34.2
      vertex -6 17 -34.2
      vertex 0.136296 17.9647 -34.2
    endloop
  endfacet
  facet normal 0 0 1
    outer loop
      vertex 0 19 -34.2
      vertex -6 17 -34.2
      vertex 0.0342197 18.4779 -34.2
    endloop
  endfacet
  facet normal 0 0 1
    outer loop
      vertex 0.0342197 19.5221 -34.2
      vertex -6 17 -34.2
      vertex 0 19 -34.2
    endloop
  endfacet
  facet normal 1 0 0
    outer loop
      vertex 2 15.9 8
      vertex 2 17 14
      vertex 2 15.9 10.5
    endloop
  endfacet
  facet normal 1 0 0
    outer loop
      vertex 2 17 14
      vertex 2 10.1 10.5
      vertex 2 15.9 10.5
    endloop
  endfacet
  facet normal 1 0 0
    outer loop
      vertex 2 10.1 10.5
      vertex 2 9 14
      vertex 2 10.1 8
    endloop
  endfacet
  facet normal 1 -0 0
    outer loop
      vertex 2 9 14
      vertex 2 10.1 10.5
      vertex 2 17 14
    endloop
  endfacet
  facet normal 1 0 0
    outer loop
      vertex 2 17 14
      vertex 2 15.9 8
      vertex 2 17 -14.2
    endloop
  endfacet
  facet normal 1 0 0
    outer loop
      vertex 2 15.9 8
      vertex 2 15.5359 -14.2
      vertex 2 17 -14.2
    endloop
  endfacet
  facet normal 1 -0 0
    outer loop
      vertex 2 10.1 8
      vertex 2 15.5359 -14.2
      vertex 2 15.9 8
    endloop
  endfacet
  facet normal 1 0 0
    outer loop
      vertex 2 9 -34.2
      vertex 2 15.5359 -14.2
      vertex 2 10.1 8
    endloop
  endfacet
  facet normal 1 0 0
    outer loop
      vertex 2 9 -34.2
      vertex 2 10.1 8
      vertex 2 9 14
    endloop
  endfacet
  facet normal 1 0 0
    outer loop
      vertex 2 15.5359 -14.2
      vertex 2 9 -34.2
      vertex 2 15.5359 -34.2
    endloop
  endfacet
  facet normal 0 1 0
    outer loop
      vertex 0.535898 17 -14.2
      vertex 2 17 14
      vertex 2 17 -14.2
    endloop
  endfacet
  facet normal 0 1 0
    outer loop
      vertex 2 17 14
      vertex 0.535898 17 -14.2
      vertex -6 17 14
    endloop
  endfacet
  facet normal 0 1 0
    outer loop
      vertex -6 17 -34.2
      vertex 0.535898 17 -14.2
      vertex 0.535898 17 -34.2
    endloop
  endfacet
  facet normal 0 1 0
    outer loop
      vertex 0.535898 17 -14.2
      vertex -6 17 -34.2
      vertex -6 17 14
    endloop
  endfacet
  facet normal -1 0 0
    outer loop
      vertex 178 9 -34.2
      vertex 178 15.5359 -14.2
      vertex 178 15.5359 -34.2
    endloop
  endfacet
  facet normal -1 0 0
    outer loop
      vertex 178 9 14
      vertex 178 10.1 8
      vertex 178 9 -34.2
    endloop
  endfacet
  facet normal -1 -0 0
    outer loop
      vertex 178 15.5359 -14.2
      vertex 178 9 -34.2
      vertex 178 10.1 8
    endloop
  endfacet
  facet normal -1 0 0
    outer loop
      vertex 178 17 -14.2
      vertex 178 15.9 8
      vertex 178 17 14
    endloop
  endfacet
  facet normal -1 0 0
    outer loop
      vertex 178 15.5359 -14.2
      vertex 178 15.9 8
      vertex 178 17 -14.2
    endloop
  endfacet
  facet normal -1 -0 0
    outer loop
      vertex 178 15.9 8
      vertex 178 15.5359 -14.2
      vertex 178 10.1 8
    endloop
  endfacet
  facet normal -1 0 0
    outer loop
      vertex 178 15.9 10.5
      vertex 178 17 14
      vertex 178 15.9 8
    endloop
  endfacet
  facet normal -1 0 0
    outer loop
      vertex 178 10.1 10.5
      vertex 178 17 14
      vertex 178 15.9 10.5
    endloop
  endfacet
  facet normal -1 0 0
    outer loop
      vertex 178 10.1 10.5
      vertex 178 9 14
      vertex 178 17 14
    endloop
  endfacet
  facet normal -1 0 0
    outer loop
      vertex 178 10.1 8
      vertex 178 9 14
      vertex 178 10.1 10.5
    endloop
  endfacet
  facet normal 0 1 0
    outer loop
      vertex 186 17 14
      vertex 179.464 17 -14.2
      vertex 178 17 14
    endloop
  endfacet
  facet normal 0 1 -0
    outer loop
      vertex 186 17 -34.2
      vertex 179.464 17 -14.2
      vertex 186 17 14
    endloop
  endfacet
  facet normal 0 1 0
    outer loop
      vertex 179.464 17 -14.2
      vertex 186 17 -34.2
      vertex 179.464 17 -34.2
    endloop
  endfacet
  facet normal 0 1 0
    outer loop
      vertex 178 17 14
      vertex 179.464 17 -14.2
      vertex 178 17 -14.2
    endloop
  endfacet
  facet normal 1 -0 0
    outer loop
      vertex 2 114.1 8
      vertex 2 114.464 -14.2
      vertex 2 119.9 8
    endloop
  endfacet
  facet normal 1 0 0
    outer loop
      vertex 2 113 -14.2
      vertex 2 114.1 8
      vertex 2 113 14
    endloop
  endfacet
  facet normal 1 0 0
    outer loop
      vertex 2 114.1 8
      vertex 2 113 -14.2
      vertex 2 114.464 -14.2
    endloop
  endfacet
  facet normal 1 0 0
    outer loop
      vertex 2 119.9 8
      vertex 2 121 14
      vertex 2 119.9 10.5
    endloop
  endfacet
  facet normal 1 0 0
    outer loop
      vertex 2 121 14
      vertex 2 114.1 10.5
      vertex 2 119.9 10.5
    endloop
  endfacet
  facet normal 1 0 0
    outer loop
      vertex 2 114.1 10.5
      vertex 2 113 14
      vertex 2 114.1 8
    endloop
  endfacet
  facet normal 1 -0 0
    outer loop
      vertex 2 113 14
      vertex 2 114.1 10.5
      vertex 2 121 14
    endloop
  endfacet
  facet normal 1 0 0
    outer loop
      vertex 2 121 14
      vertex 2 119.9 8
      vertex 2 121 -34.2
    endloop
  endfacet
  facet normal 1 -0 0
    outer loop
      vertex 2 114.464 -14.2
      vertex 2 121 -34.2
      vertex 2 119.9 8
    endloop
  endfacet
  facet normal 1 0 0
    outer loop
      vertex 2 121 -34.2
      vertex 2 114.464 -14.2
      vertex 2 114.464 -34.2
    endloop
  endfacet
  facet normal 0 -1 0
    outer loop
      vertex -6 113 14
      vertex 0.535898 113 -14.2
      vertex 2 113 14
    endloop
  endfacet
  facet normal 0 -1 0
    outer loop
      vertex -6 113 -34.2
      vertex 0.535898 113 -14.2
      vertex -6 113 14
    endloop
  endfacet
  facet normal 0 -1 -0
    outer loop
      vertex 0.535898 113 -14.2
      vertex -6 113 -34.2
      vertex 0.535898 113 -34.2
    endloop
  endfacet
  facet normal 0 -1 -0
    outer loop
      vertex 2 113 14
      vertex 0.535898 113 -14.2
      vertex 2 113 -14.2
    endloop
  endfacet
  facet normal -1 0 0
    outer loop
      vertex 178 121 -34.2
      vertex 178 119.9 8
      vertex 178 121 14
    endloop
  endfacet
  facet normal -1 0 0
    outer loop
      vertex 178 114.464 -14.2
      vertex 178 121 -34.2
      vertex 178 114.464 -34.2
    endloop
  endfacet
  facet normal -1 0 0
    outer loop
      vertex 178 121 -34.2
      vertex 178 114.464 -14.2
      vertex 178 119.9 8
    endloop
  endfacet
  facet normal -1 0 0
    outer loop
      vertex 178 114.464 -14.2
      vertex 178 114.1 8
      vertex 178 119.9 8
    endloop
  endfacet
  facet normal -1 0 0
    outer loop
      vertex 178 113 14
      vertex 178 114.1 8
      vertex 178 113 -14.2
    endloop
  endfacet
  facet normal -1 0 0
    outer loop
      vertex 178 113 -14.2
      vertex 178 114.1 8
      vertex 178 114.464 -14.2
    endloop
  endfacet
  facet normal -1 0 0
    outer loop
      vertex 178 119.9 10.5
      vertex 178 121 14
      vertex 178 119.9 8
    endloop
  endfacet
  facet normal -1 0 0
    outer loop
      vertex 178 114.1 10.5
      vertex 178 121 14
      vertex 178 119.9 10.5
    endloop
  endfacet
  facet normal -1 0 0
    outer loop
      vertex 178 114.1 10.5
      vertex 178 113 14
      vertex 178 121 14
    endloop
  endfacet
  facet normal -1 0 0
    outer loop
      vertex 178 114.1 8
      vertex 178 113 14
      vertex 178 114.1 10.5
    endloop
  endfacet
  facet normal 0 -1 0
    outer loop
      vertex 179.464 113 -14.2
      vertex 178 113 14
      vertex 178 113 -14.2
    endloop
  endfacet
  facet normal 0 -1 0
    outer loop
      vertex 178 113 14
      vertex 179.464 113 -14.2
      vertex 186 113 14
    endloop
  endfacet
  facet normal 0 -1 0
    outer loop
      vertex 186 113 -34.2
      vertex 179.464 113 -14.2
      vertex 179.464 113 -34.2
    endloop
  endfacet
  facet normal 0 -1 0
    outer loop
      vertex 179.464 113 -14.2
      vertex 186 113 -34.2
      vertex 186 113 14
    endloop
  endfacet
  facet normal 0.997859 0.0654027 0
    outer loop
      vertex 8 19 -14.2
      vertex 7.96578 19.5221 -34.2
      vertex 7.96578 19.5221 -14.2
    endloop
  endfacet
  facet normal 0.997859 0.0654027 0
    outer loop
      vertex 7.96578 19.5221 -34.2
      vertex 8 19 -14.2
      vertex 8 19 -34.2
    endloop
  endfacet
  facet normal -0.0653634 0.997862 0
    outer loop
      vertex 4 23 -34.2
      vertex 3.47789 22.9658 -14.2
      vertex 4 23 -14.2
    endloop
  endfacet
  facet normal -0.0653634 0.997862 0
    outer loop
      vertex 3.47789 22.9658 -14.2
      vertex 4 23 -34.2
      vertex 3.47789 22.9658 -34.2
    endloop
  endfacet
  facet normal 0.659362 0.751826 -0
    outer loop
      vertex 6.82843 21.8284 -34.2
      vertex 6.43505 22.1734 -14.2
      vertex 6.82843 21.8284 -14.2
    endloop
  endfacet
  facet normal 0.659362 0.751826 0
    outer loop
      vertex 6.43505 22.1734 -14.2
      vertex 6.82843 21.8284 -34.2
      vertex 6.43505 22.1734 -34.2
    endloop
  endfacet
  facet normal -0.751857 0.659326 0
    outer loop
      vertex 0.826586 21.435 -34.2
      vertex 1.17157 21.8284 -14.2
      vertex 1.17157 21.8284 -34.2
    endloop
  endfacet
  facet normal -0.751857 0.659326 0
    outer loop
      vertex 1.17157 21.8284 -14.2
      vertex 0.826586 21.435 -34.2
      vertex 0.826586 21.435 -14.2
    endloop
  endfacet
  facet normal -0.44226 0.896887 0
    outer loop
      vertex 2.46927 22.6955 -34.2
      vertex 2 22.4641 -14.2
      vertex 2.46927 22.6955 -14.2
    endloop
  endfacet
  facet normal -0.44226 0.896887 0
    outer loop
      vertex 2 22.4641 -14.2
      vertex 2.46927 22.6955 -34.2
      vertex 2 22.4641 -34.2
    endloop
  endfacet
  facet normal 0.896883 0.442268 0
    outer loop
      vertex 7.69552 20.5307 -14.2
      vertex 7.4641 21 -34.2
      vertex 7.4641 21 -14.2
    endloop
  endfacet
  facet normal 0.896883 0.442268 0
    outer loop
      vertex 7.4641 21 -34.2
      vertex 7.69552 20.5307 -14.2
      vertex 7.69552 20.5307 -34.2
    endloop
  endfacet
  facet normal 0.831441 0.555613 0
    outer loop
      vertex 7.4641 21 -14.2
      vertex 7.17341 21.435 -34.2
      vertex 7.17341 21.435 -14.2
    endloop
  endfacet
  facet normal 0.831441 0.555613 0
    outer loop
      vertex 7.17341 21.435 -34.2
      vertex 7.4641 21 -14.2
      vertex 7.4641 21 -34.2
    endloop
  endfacet
  facet normal 0.321469 0.94692 -0
    outer loop
      vertex 5.53073 22.6955 -34.2
      vertex 5.03528 22.8637 -14.2
      vertex 5.53073 22.6955 -14.2
    endloop
  endfacet
  facet normal 0.321469 0.94692 0
    outer loop
      vertex 5.03528 22.8637 -14.2
      vertex 5.53073 22.6955 -34.2
      vertex 5.03528 22.8637 -34.2
    endloop
  endfacet
  facet normal 0.44226 0.896887 -0
    outer loop
      vertex 6 22.4641 -34.2
      vertex 5.53073 22.6955 -14.2
      vertex 6 22.4641 -14.2
    endloop
  endfacet
  facet normal 0.44226 0.896887 0
    outer loop
      vertex 5.53073 22.6955 -14.2
      vertex 6 22.4641 -34.2
      vertex 5.53073 22.6955 -34.2
    endloop
  endfacet
  facet normal -0.946918 0.321474 0
    outer loop
      vertex 0.136296 20.0353 -34.2
      vertex 0.304482 20.5307 -14.2
      vertex 0.304482 20.5307 -34.2
    endloop
  endfacet
  facet normal -0.946918 0.321474 0
    outer loop
      vertex 0.304482 20.5307 -14.2
      vertex 0.136296 20.0353 -34.2
      vertex 0.136296 20.0353 -14.2
    endloop
  endfacet
  facet normal -0.980787 0.19508 0
    outer loop
      vertex 0.0342197 19.5221 -34.2
      vertex 0.136296 20.0353 -14.2
      vertex 0.136296 20.0353 -34.2
    endloop
  endfacet
  facet normal -0.980787 0.19508 0
    outer loop
      vertex 0.136296 20.0353 -14.2
      vertex 0.0342197 19.5221 -34.2
      vertex 0.0342197 19.5221 -14.2
    endloop
  endfacet
  facet normal -0.555582 0.831462 0
    outer loop
      vertex 2 22.4641 -34.2
      vertex 1.56495 22.1734 -14.2
      vertex 2 22.4641 -14.2
    endloop
  endfacet
  facet normal -0.555582 0.831462 0
    outer loop
      vertex 1.56495 22.1734 -14.2
      vertex 2 22.4641 -34.2
      vertex 1.56495 22.1734 -34.2
    endloop
  endfacet
  facet normal -0.321469 0.94692 0
    outer loop
      vertex 2.96472 22.8637 -34.2
      vertex 2.46927 22.6955 -14.2
      vertex 2.96472 22.8637 -14.2
    endloop
  endfacet
  facet normal -0.321469 0.94692 0
    outer loop
      vertex 2.46927 22.6955 -14.2
      vertex 2.96472 22.8637 -34.2
      vertex 2.46927 22.6955 -34.2
    endloop
  endfacet
  facet normal 0.555582 -0.831462 0
    outer loop
      vertex 6 15.5359 -34.2
      vertex 6.43505 15.8266 -14.2
      vertex 6 15.5359 -14.2
    endloop
  endfacet
  facet normal 0.555582 -0.831462 0
    outer loop
      vertex 6.43505 15.8266 -14.2
      vertex 6 15.5359 -34.2
      vertex 6.43505 15.8266 -34.2
    endloop
  endfacet
  facet normal 0.980786 -0.195087 0
    outer loop
      vertex 7.8637 17.9647 -14.2
      vertex 7.96578 18.4779 -34.2
      vertex 7.96578 18.4779 -14.2
    endloop
  endfacet
  facet normal 0.980786 -0.195087 0
    outer loop
      vertex 7.96578 18.4779 -34.2
      vertex 7.8637 17.9647 -14.2
      vertex 7.8637 17.9647 -34.2
    endloop
  endfacet
  facet normal -0.195135 -0.980776 0
    outer loop
      vertex 2.96472 15.1363 -34.2
      vertex 3.47789 15.0342 -14.2
      vertex 2.96472 15.1363 -14.2
    endloop
  endfacet
  facet normal -0.195135 -0.980776 -0
    outer loop
      vertex 3.47789 15.0342 -14.2
      vertex 2.96472 15.1363 -34.2
      vertex 3.47789 15.0342 -34.2
    endloop
  endfacet
  facet normal 0.946922 0.321464 0
    outer loop
      vertex 7.8637 20.0353 -14.2
      vertex 7.69552 20.5307 -34.2
      vertex 7.69552 20.5307 -14.2
    endloop
  endfacet
  facet normal 0.946922 0.321464 0
    outer loop
      vertex 7.69552 20.5307 -34.2
      vertex 7.8637 20.0353 -14.2
      vertex 7.8637 20.0353 -34.2
    endloop
  endfacet
  facet normal 0.980786 0.195087 0
    outer loop
      vertex 7.96578 19.5221 -14.2
      vertex 7.8637 20.0353 -34.2
      vertex 7.8637 20.0353 -14.2
    endloop
  endfacet
  facet normal 0.980786 0.195087 0
    outer loop
      vertex 7.8637 20.0353 -34.2
      vertex 7.96578 19.5221 -14.2
      vertex 7.96578 19.5221 -34.2
    endloop
  endfacet
  facet normal 0.751861 0.659321 0
    outer loop
      vertex 7.17341 21.435 -14.2
      vertex 6.82843 21.8284 -34.2
      vertex 6.82843 21.8284 -14.2
    endloop
  endfacet
  facet normal 0.751861 0.659321 0
    outer loop
      vertex 6.82843 21.8284 -34.2
      vertex 7.17341 21.435 -14.2
      vertex 7.17341 21.435 -34.2
    endloop
  endfacet
  facet normal 0.195131 0.980777 -0
    outer loop
      vertex 5.03528 22.8637 -34.2
      vertex 4.5221 22.9658 -14.2
      vertex 5.03528 22.8637 -14.2
    endloop
  endfacet
  facet normal 0.195131 0.980777 0
    outer loop
      vertex 4.5221 22.9658 -14.2
      vertex 5.03528 22.8637 -34.2
      vertex 4.5221 22.9658 -34.2
    endloop
  endfacet
  facet normal 0.0653646 0.997861 -0
    outer loop
      vertex 4.5221 22.9658 -34.2
      vertex 4 23 -14.2
      vertex 4.5221 22.9658 -14.2
    endloop
  endfacet
  facet normal 0.0653646 0.997861 0
    outer loop
      vertex 4 23 -14.2
      vertex 4.5221 22.9658 -34.2
      vertex 4 23 -34.2
    endloop
  endfacet
  facet normal 0.555582 0.831462 -0
    outer loop
      vertex 6.43505 22.1734 -34.2
      vertex 6 22.4641 -14.2
      vertex 6.43505 22.1734 -14.2
    endloop
  endfacet
  facet normal 0.555582 0.831462 0
    outer loop
      vertex 6 22.4641 -14.2
      vertex 6.43505 22.1734 -34.2
      vertex 6 22.4641 -34.2
    endloop
  endfacet
  facet normal -0.896886 0.442262 0
    outer loop
      vertex 0.304482 20.5307 -34.2
      vertex 0.535898 21 -14.2
      vertex 0.535898 21 -34.2
    endloop
  endfacet
  facet normal -0.896886 0.442262 0
    outer loop
      vertex 0.535898 21 -14.2
      vertex 0.304482 20.5307 -34.2
      vertex 0.304482 20.5307 -14.2
    endloop
  endfacet
  facet normal -0.831443 0.55561 0
    outer loop
      vertex 0.535898 21 -34.2
      vertex 0.826586 21.435 -14.2
      vertex 0.826586 21.435 -34.2
    endloop
  endfacet
  facet normal -0.831443 0.55561 0
    outer loop
      vertex 0.826586 21.435 -14.2
      vertex 0.535898 21 -34.2
      vertex 0.535898 21 -14.2
    endloop
  endfacet
  facet normal -0.997859 0.0654021 0
    outer loop
      vertex 0 19 -34.2
      vertex 0.0342197 19.5221 -14.2
      vertex 0.0342197 19.5221 -34.2
    endloop
  endfacet
  facet normal -0.997859 0.0654021 0
    outer loop
      vertex 0.0342197 19.5221 -14.2
      vertex 0 19 -34.2
      vertex 0 19 -14.2
    endloop
  endfacet
  facet normal -0 0 1
    outer loop
      vertex 0.304482 20.5307 -14.2
      vertex 2.29082 19.708 -14.2
      vertex 0.535898 21 -14.2
    endloop
  endfacet
  facet normal 0 0 1
    outer loop
      vertex 2.29082 19.708 -14.2
      vertex 0.304482 20.5307 -14.2
      vertex 2.21304 19.4788 -14.2
    endloop
  endfacet
  facet normal -0 0 1
    outer loop
      vertex 0.136296 20.0353 -14.2
      vertex 2.21304 19.4788 -14.2
      vertex 0.304482 20.5307 -14.2
    endloop
  endfacet
  facet normal 0 0 1
    outer loop
      vertex 2.21304 19.4788 -14.2
      vertex 0.136296 20.0353 -14.2
      vertex 2.16583 19.2415 -14.2
    endloop
  endfacet
  facet normal -0 0 1
    outer loop
      vertex 0.0342197 19.5221 -14.2
      vertex 2.16583 19.2415 -14.2
      vertex 0.136296 20.0353 -14.2
    endloop
  endfacet
  facet normal 0 0 1
    outer loop
      vertex 2.16583 19.2415 -14.2
      vertex 0.0342197 19.5221 -14.2
      vertex 2.15 19 -14.2
    endloop
  endfacet
  facet normal 0 0 1
    outer loop
      vertex 2 17 -14.2
      vertex 0.304482 17.4693 -14.2
      vertex 0.535898 17 -14.2
    endloop
  endfacet
  facet normal 0 0 1
    outer loop
      vertex 0 19 -14.2
      vertex 2.15 19 -14.2
      vertex 0.0342197 19.5221 -14.2
    endloop
  endfacet
  facet normal 0 0 1
    outer loop
      vertex 2.15 19 -14.2
      vertex 0.304482 17.4693 -14.2
      vertex 2 17 -14.2
    endloop
  endfacet
  facet normal 0 -0 1
    outer loop
      vertex 0.0342197 18.4779 -14.2
      vertex 2.15 19 -14.2
      vertex 0 19 -14.2
    endloop
  endfacet
  facet normal 0 -0 1
    outer loop
      vertex 0.304482 17.4693 -14.2
      vertex 2.15 19 -14.2
      vertex 0.136296 17.9647 -14.2
    endloop
  endfacet
  facet normal 0 -0 1
    outer loop
      vertex 0.136296 17.9647 -14.2
      vertex 2.15 19 -14.2
      vertex 0.0342197 18.4779 -14.2
    endloop
  endfacet
  facet normal 0 0 1
    outer loop
      vertex 5.85 19 -14.2
      vertex 8 19 -14.2
      vertex 7.96578 19.5221 -14.2
    endloop
  endfacet
  facet normal 0 0 1
    outer loop
      vertex 5.83417 19.2415 -14.2
      vertex 7.96578 19.5221 -14.2
      vertex 7.8637 20.0353 -14.2
    endloop
  endfacet
  facet normal 0 0 1
    outer loop
      vertex 8 19 -14.2
      vertex 5.85 19 -14.2
      vertex 7.96578 18.4779 -14.2
    endloop
  endfacet
  facet normal 0 0 1
    outer loop
      vertex 5.78696 19.4788 -14.2
      vertex 7.8637 20.0353 -14.2
      vertex 7.69552 20.5307 -14.2
    endloop
  endfacet
  facet normal -0 0 1
    outer loop
      vertex 5.83417 18.7585 -14.2
      vertex 7.96578 18.4779 -14.2
      vertex 5.85 19 -14.2
    endloop
  endfacet
  facet normal 0 0 1
    outer loop
      vertex 5.70918 19.708 -14.2
      vertex 7.69552 20.5307 -14.2
      vertex 7.4641 21 -14.2
    endloop
  endfacet
  facet normal 0 0 1
    outer loop
      vertex 7.96578 18.4779 -14.2
      vertex 5.83417 18.7585 -14.2
      vertex 7.8637 17.9647 -14.2
    endloop
  endfacet
  facet normal 0 0 1
    outer loop
      vertex 5.60215 19.925 -14.2
      vertex 7.4641 21 -14.2
      vertex 7.17341 21.435 -14.2
    endloop
  endfacet
  facet normal -0 0 1
    outer loop
      vertex 5.78696 18.5212 -14.2
      vertex 7.8637 17.9647 -14.2
      vertex 5.83417 18.7585 -14.2
    endloop
  endfacet
  facet normal 0 0 1
    outer loop
      vertex 5.4677 20.1262 -14.2
      vertex 7.17341 21.435 -14.2
      vertex 6.82843 21.8284 -14.2
    endloop
  endfacet
  facet normal 0 0 1
    outer loop
      vertex 7.8637 17.9647 -14.2
      vertex 5.78696 18.5212 -14.2
      vertex 7.69552 17.4693 -14.2
    endloop
  endfacet
  facet normal 0 0 1
    outer loop
      vertex 5.30815 20.3081 -14.2
      vertex 6.82843 21.8284 -14.2
      vertex 6.43505 22.1734 -14.2
    endloop
  endfacet
  facet normal -0 0 1
    outer loop
      vertex 5.70918 18.292 -14.2
      vertex 7.69552 17.4693 -14.2
      vertex 5.78696 18.5212 -14.2
    endloop
  endfacet
  facet normal 0 0 1
    outer loop
      vertex 5.12621 20.4677 -14.2
      vertex 6.43505 22.1734 -14.2
      vertex 6 22.4641 -14.2
    endloop
  endfacet
  facet normal 0 0 1
    outer loop
      vertex 7.69552 17.4693 -14.2
      vertex 5.70918 18.292 -14.2
      vertex 7.4641 17 -14.2
    endloop
  endfacet
  facet normal -0 0 1
    outer loop
      vertex 5.60215 18.075 -14.2
      vertex 7.4641 17 -14.2
      vertex 5.70918 18.292 -14.2
    endloop
  endfacet
  facet normal 0 0 1
    outer loop
      vertex 7.96578 19.5221 -14.2
      vertex 5.83417 19.2415 -14.2
      vertex 5.85 19 -14.2
    endloop
  endfacet
  facet normal 0 0 1
    outer loop
      vertex 7.8637 20.0353 -14.2
      vertex 5.78696 19.4788 -14.2
      vertex 5.83417 19.2415 -14.2
    endloop
  endfacet
  facet normal 0 0 1
    outer loop
      vertex 7.69552 20.5307 -14.2
      vertex 5.70918 19.708 -14.2
      vertex 5.78696 19.4788 -14.2
    endloop
  endfacet
  facet normal 0 0 1
    outer loop
      vertex 7.4641 21 -14.2
      vertex 5.60215 19.925 -14.2
      vertex 5.70918 19.708 -14.2
    endloop
  endfacet
  facet normal 0 0 1
    outer loop
      vertex 4.925 20.6021 -14.2
      vertex 6 22.4641 -14.2
      vertex 5.53073 22.6955 -14.2
    endloop
  endfacet
  facet normal 0 0 1
    outer loop
      vertex 7.17341 21.435 -14.2
      vertex 5.4677 20.1262 -14.2
      vertex 5.60215 19.925 -14.2
    endloop
  endfacet
  facet normal 0 0 1
    outer loop
      vertex 6.82843 21.8284 -14.2
      vertex 5.30815 20.3081 -14.2
      vertex 5.4677 20.1262 -14.2
    endloop
  endfacet
  facet normal 0 0 1
    outer loop
      vertex 6.43505 22.1734 -14.2
      vertex 5.12621 20.4677 -14.2
      vertex 5.30815 20.3081 -14.2
    endloop
  endfacet
  facet normal 0 0 1
    outer loop
      vertex 4.70796 20.7092 -14.2
      vertex 5.53073 22.6955 -14.2
      vertex 5.03528 22.8637 -14.2
    endloop
  endfacet
  facet normal 0 0 1
    outer loop
      vertex 6 22.4641 -14.2
      vertex 4.925 20.6021 -14.2
      vertex 5.12621 20.4677 -14.2
    endloop
  endfacet
  facet normal 0 0 1
    outer loop
      vertex 5.53073 22.6955 -14.2
      vertex 4.70796 20.7092 -14.2
      vertex 4.925 20.6021 -14.2
    endloop
  endfacet
  facet normal 0 0 1
    outer loop
      vertex 4.47882 20.787 -14.2
      vertex 5.03528 22.8637 -14.2
      vertex 4.5221 22.9658 -14.2
    endloop
  endfacet
  facet normal 0 0 1
    outer loop
      vertex 5.03528 22.8637 -14.2
      vertex 4.47882 20.787 -14.2
      vertex 4.70796 20.7092 -14.2
    endloop
  endfacet
  facet normal 0 0 1
    outer loop
      vertex 4.5221 22.9658 -14.2
      vertex 4.24147 20.8342 -14.2
      vertex 4.47882 20.787 -14.2
    endloop
  endfacet
  facet normal 0 0 1
    outer loop
      vertex 4 23 -14.2
      vertex 4.24147 20.8342 -14.2
      vertex 4.5221 22.9658 -14.2
    endloop
  endfacet
  facet normal 0 0 1
    outer loop
      vertex 4 23 -14.2
      vertex 4 20.85 -14.2
      vertex 4.24147 20.8342 -14.2
    endloop
  endfacet
  facet normal 0 0 1
    outer loop
      vertex 4 23 -14.2
      vertex 3.75853 20.8342 -14.2
      vertex 4 20.85 -14.2
    endloop
  endfacet
  facet normal -0 0 1
    outer loop
      vertex 3.47789 22.9658 -14.2
      vertex 3.75853 20.8342 -14.2
      vertex 4 23 -14.2
    endloop
  endfacet
  facet normal 0 0 1
    outer loop
      vertex 3.75853 20.8342 -14.2
      vertex 3.47789 22.9658 -14.2
      vertex 3.52118 20.787 -14.2
    endloop
  endfacet
  facet normal -0 0 1
    outer loop
      vertex 2.96472 22.8637 -14.2
      vertex 3.52118 20.787 -14.2
      vertex 3.47789 22.9658 -14.2
    endloop
  endfacet
  facet normal 0 0 1
    outer loop
      vertex 3.52118 20.787 -14.2
      vertex 2.96472 22.8637 -14.2
      vertex 3.29204 20.7092 -14.2
    endloop
  endfacet
  facet normal -0 0 1
    outer loop
      vertex 2.46927 22.6955 -14.2
      vertex 3.29204 20.7092 -14.2
      vertex 2.96472 22.8637 -14.2
    endloop
  endfacet
  facet normal 0 0 1
    outer loop
      vertex 3.29204 20.7092 -14.2
      vertex 2.46927 22.6955 -14.2
      vertex 3.075 20.6021 -14.2
    endloop
  endfacet
  facet normal -0 0 1
    outer loop
      vertex 2 22.4641 -14.2
      vertex 3.075 20.6021 -14.2
      vertex 2.46927 22.6955 -14.2
    endloop
  endfacet
  facet normal 0 0 1
    outer loop
      vertex 3.075 20.6021 -14.2
      vertex 2 22.4641 -14.2
      vertex 2.87379 20.4677 -14.2
    endloop
  endfacet
  facet normal -0 0 1
    outer loop
      vertex 1.56495 22.1734 -14.2
      vertex 2.87379 20.4677 -14.2
      vertex 2 22.4641 -14.2
    endloop
  endfacet
  facet normal 0 0 1
    outer loop
      vertex 2.87379 20.4677 -14.2
      vertex 1.56495 22.1734 -14.2
      vertex 2.69185 20.3081 -14.2
    endloop
  endfacet
  facet normal -0 0 1
    outer loop
      vertex 1.17157 21.8284 -14.2
      vertex 2.69185 20.3081 -14.2
      vertex 1.56495 22.1734 -14.2
    endloop
  endfacet
  facet normal 0 0 1
    outer loop
      vertex 2.69185 20.3081 -14.2
      vertex 1.17157 21.8284 -14.2
      vertex 2.5323 20.1262 -14.2
    endloop
  endfacet
  facet normal -0 0 1
    outer loop
      vertex 0.826586 21.435 -14.2
      vertex 2.5323 20.1262 -14.2
      vertex 1.17157 21.8284 -14.2
    endloop
  endfacet
  facet normal -0 0 1
    outer loop
      vertex 0.535898 21 -14.2
      vertex 2.39785 19.925 -14.2
      vertex 0.826586 21.435 -14.2
    endloop
  endfacet
  facet normal 0 0 1
    outer loop
      vertex 2.5323 20.1262 -14.2
      vertex 0.826586 21.435 -14.2
      vertex 2.39785 19.925 -14.2
    endloop
  endfacet
  facet normal 0 0 1
    outer loop
      vertex 7.4641 17 -14.2
      vertex 5.60215 18.075 -14.2
      vertex 7.17341 16.565 -14.2
    endloop
  endfacet
  facet normal -0 0 1
    outer loop
      vertex 5.4677 17.8738 -14.2
      vertex 7.17341 16.565 -14.2
      vertex 5.60215 18.075 -14.2
    endloop
  endfacet
  facet normal 0 0 1
    outer loop
      vertex 7.17341 16.565 -14.2
      vertex 5.4677 17.8738 -14.2
      vertex 6.82843 16.1716 -14.2
    endloop
  endfacet
  facet normal -0 0 1
    outer loop
      vertex 5.30815 17.6919 -14.2
      vertex 6.82843 16.1716 -14.2
      vertex 5.4677 17.8738 -14.2
    endloop
  endfacet
  facet normal 0 0 1
    outer loop
      vertex 6.82843 16.1716 -14.2
      vertex 5.30815 17.6919 -14.2
      vertex 6.43505 15.8266 -14.2
    endloop
  endfacet
  facet normal -0 0 1
    outer loop
      vertex 5.12621 17.5323 -14.2
      vertex 6.43505 15.8266 -14.2
      vertex 5.30815 17.6919 -14.2
    endloop
  endfacet
  facet normal 0 0 1
    outer loop
      vertex 6.43505 15.8266 -14.2
      vertex 5.12621 17.5323 -14.2
      vertex 6 15.5359 -14.2
    endloop
  endfacet
  facet normal -0 0 1
    outer loop
      vertex 4.925 17.3979 -14.2
      vertex 6 15.5359 -14.2
      vertex 5.12621 17.5323 -14.2
    endloop
  endfacet
  facet normal 0 0 1
    outer loop
      vertex 6 15.5359 -14.2
      vertex 4.925 17.3979 -14.2
      vertex 5.53073 15.3045 -14.2
    endloop
  endfacet
  facet normal -0 0 1
    outer loop
      vertex 4.70796 17.2908 -14.2
      vertex 5.53073 15.3045 -14.2
      vertex 4.925 17.3979 -14.2
    endloop
  endfacet
  facet normal 0 0 1
    outer loop
      vertex 5.53073 15.3045 -14.2
      vertex 4.70796 17.2908 -14.2
      vertex 5.03528 15.1363 -14.2
    endloop
  endfacet
  facet normal -0 0 1
    outer loop
      vertex 4.47882 17.213 -14.2
      vertex 5.03528 15.1363 -14.2
      vertex 4.70796 17.2908 -14.2
    endloop
  endfacet
  facet normal 0 0 1
    outer loop
      vertex 5.03528 15.1363 -14.2
      vertex 4.47882 17.213 -14.2
      vertex 4.5221 15.0342 -14.2
    endloop
  endfacet
  facet normal -0 0 1
    outer loop
      vertex 4.24147 17.1658 -14.2
      vertex 4.5221 15.0342 -14.2
      vertex 4.47882 17.213 -14.2
    endloop
  endfacet
  facet normal -0 0 1
    outer loop
      vertex 4 17.15 -14.2
      vertex 4.5221 15.0342 -14.2
      vertex 4.24147 17.1658 -14.2
    endloop
  endfacet
  facet normal 0 0 1
    outer loop
      vertex 4 17.15 -14.2
      vertex 4 15 -14.2
      vertex 4.5221 15.0342 -14.2
    endloop
  endfacet
  facet normal 0 0 1
    outer loop
      vertex 3.75853 17.1658 -14.2
      vertex 4 15 -14.2
      vertex 4 17.15 -14.2
    endloop
  endfacet
  facet normal 0 0 1
    outer loop
      vertex 3.47789 15.0342 -14.2
      vertex 3.75853 17.1658 -14.2
      vertex 3.52118 17.213 -14.2
    endloop
  endfacet
  facet normal 0 0 1
    outer loop
      vertex 3.75853 17.1658 -14.2
      vertex 3.47789 15.0342 -14.2
      vertex 4 15 -14.2
    endloop
  endfacet
  facet normal 0 0 1
    outer loop
      vertex 2.96472 15.1363 -14.2
      vertex 3.52118 17.213 -14.2
      vertex 3.29204 17.2908 -14.2
    endloop
  endfacet
  facet normal 0 0 1
    outer loop
      vertex 2 17 -14.2
      vertex 3.29204 17.2908 -14.2
      vertex 3.075 17.3979 -14.2
    endloop
  endfacet
  facet normal 0 0 1
    outer loop
      vertex 3.52118 17.213 -14.2
      vertex 2.96472 15.1363 -14.2
      vertex 3.47789 15.0342 -14.2
    endloop
  endfacet
  facet normal 0 0 1
    outer loop
      vertex 2 17 -14.2
      vertex 3.075 17.3979 -14.2
      vertex 2.87379 17.5323 -14.2
    endloop
  endfacet
  facet normal 0 0 1
    outer loop
      vertex 2 17 -14.2
      vertex 2.87379 17.5323 -14.2
      vertex 2.69185 17.6919 -14.2
    endloop
  endfacet
  facet normal 0 0 1
    outer loop
      vertex 2 17 -14.2
      vertex 2.69185 17.6919 -14.2
      vertex 2.5323 17.8738 -14.2
    endloop
  endfacet
  facet normal 0 0 1
    outer loop
      vertex 3.29204 17.2908 -14.2
      vertex 2 17 -14.2
      vertex 2.46927 15.3045 -14.2
    endloop
  endfacet
  facet normal 0 0 1
    outer loop
      vertex 2 17 -14.2
      vertex 2.5323 17.8738 -14.2
      vertex 2.39785 18.075 -14.2
    endloop
  endfacet
  facet normal 0 0 1
    outer loop
      vertex 2 17 -14.2
      vertex 2.39785 18.075 -14.2
      vertex 2.29082 18.292 -14.2
    endloop
  endfacet
  facet normal 0 0 1
    outer loop
      vertex 2 17 -14.2
      vertex 2.29082 18.292 -14.2
      vertex 2.21304 18.5212 -14.2
    endloop
  endfacet
  facet normal 0 0 1
    outer loop
      vertex 2 17 -14.2
      vertex 2.21304 18.5212 -14.2
      vertex 2.16583 18.7585 -14.2
    endloop
  endfacet
  facet normal 0 0 1
    outer loop
      vertex 2.39785 19.925 -14.2
      vertex 0.535898 21 -14.2
      vertex 2.29082 19.708 -14.2
    endloop
  endfacet
  facet normal 0 0 1
    outer loop
      vertex 2 17 -14.2
      vertex 2.16583 18.7585 -14.2
      vertex 2.15 19 -14.2
    endloop
  endfacet
  facet normal 0 0 1
    outer loop
      vertex 3.29204 17.2908 -14.2
      vertex 2.46927 15.3045 -14.2
      vertex 2.96472 15.1363 -14.2
    endloop
  endfacet
  facet normal 0 0 1
    outer loop
      vertex 2.46927 15.3045 -14.2
      vertex 2 17 -14.2
      vertex 2 15.5359 -14.2
    endloop
  endfacet
  facet normal -0.659362 0.751826 0
    outer loop
      vertex 1.56495 22.1734 -34.2
      vertex 1.17157 21.8284 -14.2
      vertex 1.56495 22.1734 -14.2
    endloop
  endfacet
  facet normal -0.659362 0.751826 0
    outer loop
      vertex 1.17157 21.8284 -14.2
      vertex 1.56495 22.1734 -34.2
      vertex 1.17157 21.8284 -34.2
    endloop
  endfacet
  facet normal -0.195135 0.980776 0
    outer loop
      vertex 3.47789 22.9658 -34.2
      vertex 2.96472 22.8637 -14.2
      vertex 3.47789 22.9658 -14.2
    endloop
  endfacet
  facet normal -0.195135 0.980776 0
    outer loop
      vertex 2.96472 22.8637 -14.2
      vertex 3.47789 22.9658 -34.2
      vertex 2.96472 22.8637 -34.2
    endloop
  endfacet
  facet normal 0.997859 -0.0654027 0
    outer loop
      vertex 7.96578 18.4779 -14.2
      vertex 8 19 -34.2
      vertex 8 19 -14.2
    endloop
  endfacet
  facet normal 0.997859 -0.0654027 0
    outer loop
      vertex 8 19 -34.2
      vertex 7.96578 18.4779 -14.2
      vertex 7.96578 18.4779 -34.2
    endloop
  endfacet
  facet normal 0.195131 -0.980777 0
    outer loop
      vertex 4.5221 15.0342 -34.2
      vertex 5.03528 15.1363 -14.2
      vertex 4.5221 15.0342 -14.2
    endloop
  endfacet
  facet normal 0.195131 -0.980777 0
    outer loop
      vertex 5.03528 15.1363 -14.2
      vertex 4.5221 15.0342 -34.2
      vertex 5.03528 15.1363 -34.2
    endloop
  endfacet
  facet normal 0.44226 -0.896887 0
    outer loop
      vertex 5.53073 15.3045 -34.2
      vertex 6 15.5359 -14.2
      vertex 5.53073 15.3045 -14.2
    endloop
  endfacet
  facet normal 0.44226 -0.896887 0
    outer loop
      vertex 6 15.5359 -14.2
      vertex 5.53073 15.3045 -34.2
      vertex 6 15.5359 -34.2
    endloop
  endfacet
  facet normal 0.659362 -0.751826 0
    outer loop
      vertex 6.43505 15.8266 -34.2
      vertex 6.82843 16.1716 -14.2
      vertex 6.43505 15.8266 -14.2
    endloop
  endfacet
  facet normal 0.659362 -0.751826 0
    outer loop
      vertex 6.82843 16.1716 -14.2
      vertex 6.43505 15.8266 -34.2
      vertex 6.82843 16.1716 -34.2
    endloop
  endfacet
  facet normal 0.831441 -0.555613 0
    outer loop
      vertex 7.17341 16.565 -14.2
      vertex 7.4641 17 -34.2
      vertex 7.4641 17 -14.2
    endloop
  endfacet
  facet normal 0.831441 -0.555613 0
    outer loop
      vertex 7.4641 17 -34.2
      vertex 7.17341 16.565 -14.2
      vertex 7.17341 16.565 -34.2
    endloop
  endfacet
  facet normal 0.946922 -0.321464 0
    outer loop
      vertex 7.69552 17.4693 -14.2
      vertex 7.8637 17.9647 -34.2
      vertex 7.8637 17.9647 -14.2
    endloop
  endfacet
  facet normal 0.946922 -0.321464 0
    outer loop
      vertex 7.8637 17.9647 -34.2
      vertex 7.69552 17.4693 -14.2
      vertex 7.69552 17.4693 -34.2
    endloop
  endfacet
  facet normal -0.321469 -0.94692 0
    outer loop
      vertex 2.46927 15.3045 -34.2
      vertex 2.96472 15.1363 -14.2
      vertex 2.46927 15.3045 -14.2
    endloop
  endfacet
  facet normal -0.321469 -0.94692 -0
    outer loop
      vertex 2.96472 15.1363 -14.2
      vertex 2.46927 15.3045 -34.2
      vertex 2.96472 15.1363 -34.2
    endloop
  endfacet
  facet normal -0.0653634 -0.997862 0
    outer loop
      vertex 3.47789 15.0342 -34.2
      vertex 4 15 -14.2
      vertex 3.47789 15.0342 -14.2
    endloop
  endfacet
  facet normal -0.0653634 -0.997862 -0
    outer loop
      vertex 4 15 -14.2
      vertex 3.47789 15.0342 -34.2
      vertex 4 15 -34.2
    endloop
  endfacet
  facet normal -0.896886 -0.442262 0
    outer loop
      vertex 0.535898 17 -34.2
      vertex 0.304482 17.4693 -14.2
      vertex 0.304482 17.4693 -34.2
    endloop
  endfacet
  facet normal -0.896886 -0.442262 0
    outer loop
      vertex 0.304482 17.4693 -14.2
      vertex 0.535898 17 -34.2
      vertex 0.535898 17 -14.2
    endloop
  endfacet
  facet normal -0.980787 -0.19508 0
    outer loop
      vertex 0.136296 17.9647 -34.2
      vertex 0.0342197 18.4779 -14.2
      vertex 0.0342197 18.4779 -34.2
    endloop
  endfacet
  facet normal -0.980787 -0.19508 0
    outer loop
      vertex 0.0342197 18.4779 -14.2
      vertex 0.136296 17.9647 -34.2
      vertex 0.136296 17.9647 -14.2
    endloop
  endfacet
  facet normal -0.997859 -0.0654021 0
    outer loop
      vertex 0.0342197 18.4779 -34.2
      vertex 0 19 -14.2
      vertex 0 19 -34.2
    endloop
  endfacet
  facet normal -0.997859 -0.0654021 0
    outer loop
      vertex 0 19 -14.2
      vertex 0.0342197 18.4779 -34.2
      vertex 0.0342197 18.4779 -14.2
    endloop
  endfacet
  facet normal 0.321469 -0.94692 0
    outer loop
      vertex 5.03528 15.1363 -34.2
      vertex 5.53073 15.3045 -14.2
      vertex 5.03528 15.1363 -14.2
    endloop
  endfacet
  facet normal 0.321469 -0.94692 0
    outer loop
      vertex 5.53073 15.3045 -14.2
      vertex 5.03528 15.1363 -34.2
      vertex 5.53073 15.3045 -34.2
    endloop
  endfacet
  facet normal 0.751861 -0.659321 0
    outer loop
      vertex 6.82843 16.1716 -14.2
      vertex 7.17341 16.565 -34.2
      vertex 7.17341 16.565 -14.2
    endloop
  endfacet
  facet normal 0.751861 -0.659321 0
    outer loop
      vertex 7.17341 16.565 -34.2
      vertex 6.82843 16.1716 -14.2
      vertex 6.82843 16.1716 -34.2
    endloop
  endfacet
  facet normal 0.896883 -0.442268 0
    outer loop
      vertex 7.4641 17 -14.2
      vertex 7.69552 17.4693 -34.2
      vertex 7.69552 17.4693 -14.2
    endloop
  endfacet
  facet normal 0.896883 -0.442268 0
    outer loop
      vertex 7.69552 17.4693 -34.2
      vertex 7.4641 17 -14.2
      vertex 7.4641 17 -34.2
    endloop
  endfacet
  facet normal -0.44226 -0.896887 0
    outer loop
      vertex 2 15.5359 -34.2
      vertex 2.46927 15.3045 -14.2
      vertex 2 15.5359 -14.2
    endloop
  endfacet
  facet normal -0.44226 -0.896887 -0
    outer loop
      vertex 2.46927 15.3045 -14.2
      vertex 2 15.5359 -34.2
      vertex 2.46927 15.3045 -34.2
    endloop
  endfacet
  facet normal 0.0653646 -0.997861 0
    outer loop
      vertex 4 15 -34.2
      vertex 4.5221 15.0342 -14.2
      vertex 4 15 -14.2
    endloop
  endfacet
  facet normal 0.0653646 -0.997861 0
    outer loop
      vertex 4.5221 15.0342 -14.2
      vertex 4 15 -34.2
      vertex 4.5221 15.0342 -34.2
    endloop
  endfacet
  facet normal -0.946918 -0.321474 0
    outer loop
      vertex 0.304482 17.4693 -34.2
      vertex 0.136296 17.9647 -14.2
      vertex 0.136296 17.9647 -34.2
    endloop
  endfacet
  facet normal -0.946918 -0.321474 0
    outer loop
      vertex 0.136296 17.9647 -14.2
      vertex 0.304482 17.4693 -34.2
      vertex 0.304482 17.4693 -14.2
    endloop
  endfacet
  facet normal -0.980815 0.19494 0
    outer loop
      vertex 172.034 19.5221 -34.2
      vertex 172.136 20.0353 -14.2
      vertex 172.136 20.0353 -34.2
    endloop
  endfacet
  facet normal -0.980815 0.19494 0
    outer loop
      vertex 172.136 20.0353 -14.2
      vertex 172.034 19.5221 -34.2
      vertex 172.034 19.5221 -14.2
    endloop
  endfacet
  facet normal 0.980815 -0.19494 0
    outer loop
      vertex 179.864 17.9647 -14.2
      vertex 179.966 18.4779 -34.2
      vertex 179.966 18.4779 -14.2
    endloop
  endfacet
  facet normal 0.980815 -0.19494 0
    outer loop
      vertex 179.966 18.4779 -34.2
      vertex 179.864 17.9647 -14.2
      vertex 179.864 17.9647 -34.2
    endloop
  endfacet
  facet normal -0.195197 -0.980764 0
    outer loop
      vertex 174.965 15.1363 -34.2
      vertex 175.478 15.0342 -14.2
      vertex 174.965 15.1363 -14.2
    endloop
  endfacet
  facet normal -0.195197 -0.980764 -0
    outer loop
      vertex 175.478 15.0342 -14.2
      vertex 174.965 15.1363 -34.2
      vertex 175.478 15.0342 -34.2
    endloop
  endfacet
  facet normal 0.442465 0.896786 -0
    outer loop
      vertex 178 22.4641 -34.2
      vertex 177.531 22.6955 -14.2
      vertex 178 22.4641 -14.2
    endloop
  endfacet
  facet normal 0.442465 0.896786 0
    outer loop
      vertex 177.531 22.6955 -14.2
      vertex 178 22.4641 -34.2
      vertex 177.531 22.6955 -34.2
    endloop
  endfacet
  facet normal -0.442465 0.896786 0
    outer loop
      vertex 174.469 22.6955 -34.2
      vertex 174 22.4641 -14.2
      vertex 174.469 22.6955 -14.2
    endloop
  endfacet
  facet normal -0.442465 0.896786 0
    outer loop
      vertex 174 22.4641 -14.2
      vertex 174.469 22.6955 -34.2
      vertex 174 22.4641 -34.2
    endloop
  endfacet
  facet normal -0.947026 0.321156 0
    outer loop
      vertex 172.136 20.0353 -34.2
      vertex 172.304 20.5307 -14.2
      vertex 172.304 20.5307 -34.2
    endloop
  endfacet
  facet normal -0.947026 0.321156 0
    outer loop
      vertex 172.304 20.5307 -14.2
      vertex 172.136 20.0353 -34.2
      vertex 172.136 20.0353 -14.2
    endloop
  endfacet
  facet normal -0.831167 -0.556022 0
    outer loop
      vertex 172.827 16.565 -34.2
      vertex 172.536 17 -14.2
      vertex 172.536 17 -34.2
    endloop
  endfacet
  facet normal -0.831167 -0.556022 0
    outer loop
      vertex 172.536 17 -14.2
      vertex 172.827 16.565 -34.2
      vertex 172.827 16.565 -14.2
    endloop
  endfacet
  facet normal 0.947026 0.321156 0
    outer loop
      vertex 179.864 20.0353 -14.2
      vertex 179.696 20.5307 -34.2
      vertex 179.696 20.5307 -14.2
    endloop
  endfacet
  facet normal 0.947026 0.321156 0
    outer loop
      vertex 179.696 20.5307 -34.2
      vertex 179.864 20.0353 -14.2
      vertex 179.864 20.0353 -34.2
    endloop
  endfacet
  facet normal 0.896443 0.443159 0
    outer loop
      vertex 179.696 20.5307 -14.2
      vertex 179.464 21 -34.2
      vertex 179.464 21 -14.2
    endloop
  endfacet
  facet normal 0.896443 0.443159 0
    outer loop
      vertex 179.464 21 -34.2
      vertex 179.696 20.5307 -14.2
      vertex 179.696 20.5307 -34.2
    endloop
  endfacet
  facet normal 0.831167 0.556022 0
    outer loop
      vertex 179.464 21 -14.2
      vertex 179.173 21.435 -34.2
      vertex 179.173 21.435 -14.2
    endloop
  endfacet
  facet normal 0.831167 0.556022 0
    outer loop
      vertex 179.173 21.435 -34.2
      vertex 179.464 21 -14.2
      vertex 179.464 21 -34.2
    endloop
  endfacet
  facet normal 0.751842 0.659343 0
    outer loop
      vertex 179.173 21.435 -14.2
      vertex 178.828 21.8284 -34.2
      vertex 178.828 21.8284 -14.2
    endloop
  endfacet
  facet normal 0.751842 0.659343 0
    outer loop
      vertex 178.828 21.8284 -34.2
      vertex 179.173 21.435 -14.2
      vertex 179.173 21.435 -34.2
    endloop
  endfacet
  facet normal 0.32115 0.947028 -0
    outer loop
      vertex 177.531 22.6955 -34.2
      vertex 177.035 22.8637 -14.2
      vertex 177.531 22.6955 -14.2
    endloop
  endfacet
  facet normal 0.32115 0.947028 0
    outer loop
      vertex 177.035 22.8637 -14.2
      vertex 177.531 22.6955 -34.2
      vertex 177.035 22.8637 -34.2
    endloop
  endfacet
  facet normal -0.0653771 0.997861 0
    outer loop
      vertex 176 23 -34.2
      vertex 175.478 22.9658 -14.2
      vertex 176 23 -14.2
    endloop
  endfacet
  facet normal -0.0653771 0.997861 0
    outer loop
      vertex 175.478 22.9658 -14.2
      vertex 176 23 -34.2
      vertex 175.478 22.9658 -34.2
    endloop
  endfacet
  facet normal 0.0653771 0.997861 -0
    outer loop
      vertex 176.522 22.9658 -34.2
      vertex 176 23 -14.2
      vertex 176.522 22.9658 -14.2
    endloop
  endfacet
  facet normal 0.0653771 0.997861 0
    outer loop
      vertex 176 23 -14.2
      vertex 176.522 22.9658 -34.2
      vertex 176 23 -34.2
    endloop
  endfacet
  facet normal -0.997886 -0.064984 0
    outer loop
      vertex 172.034 18.4779 -34.2
      vertex 172 19 -14.2
      vertex 172 19 -34.2
    endloop
  endfacet
  facet normal -0.997886 -0.064984 0
    outer loop
      vertex 172 19 -14.2
      vertex 172.034 18.4779 -34.2
      vertex 172.034 18.4779 -14.2
    endloop
  endfacet
  facet normal -0.831167 0.556022 0
    outer loop
      vertex 172.536 21 -34.2
      vertex 172.827 21.435 -14.2
      vertex 172.827 21.435 -34.2
    endloop
  endfacet
  facet normal -0.831167 0.556022 0
    outer loop
      vertex 172.827 21.435 -14.2
      vertex 172.536 21 -34.2
      vertex 172.536 21 -14.2
    endloop
  endfacet
  facet normal -0.555626 0.831432 0
    outer loop
      vertex 174 22.4641 -34.2
      vertex 173.565 22.1734 -14.2
      vertex 174 22.4641 -14.2
    endloop
  endfacet
  facet normal -0.555626 0.831432 0
    outer loop
      vertex 173.565 22.1734 -14.2
      vertex 174 22.4641 -34.2
      vertex 173.565 22.1734 -34.2
    endloop
  endfacet
  facet normal -0.659722 0.75151 0
    outer loop
      vertex 173.565 22.1734 -34.2
      vertex 173.172 21.8284 -14.2
      vertex 173.565 22.1734 -14.2
    endloop
  endfacet
  facet normal -0.659722 0.75151 0
    outer loop
      vertex 173.172 21.8284 -14.2
      vertex 173.565 22.1734 -34.2
      vertex 173.172 21.8284 -34.2
    endloop
  endfacet
  facet normal 0.997886 -0.064984 0
    outer loop
      vertex 179.966 18.4779 -14.2
      vertex 180 19 -34.2
      vertex 180 19 -14.2
    endloop
  endfacet
  facet normal 0.997886 -0.064984 0
    outer loop
      vertex 180 19 -34.2
      vertex 179.966 18.4779 -14.2
      vertex 179.966 18.4779 -34.2
    endloop
  endfacet
  facet normal 0.442465 -0.896786 0
    outer loop
      vertex 177.531 15.3045 -34.2
      vertex 178 15.5359 -14.2
      vertex 177.531 15.3045 -14.2
    endloop
  endfacet
  facet normal 0.442465 -0.896786 0
    outer loop
      vertex 178 15.5359 -14.2
      vertex 177.531 15.3045 -34.2
      vertex 178 15.5359 -34.2
    endloop
  endfacet
  facet normal 0.659722 0.75151 -0
    outer loop
      vertex 178.828 21.8284 -34.2
      vertex 178.435 22.1734 -14.2
      vertex 178.828 21.8284 -14.2
    endloop
  endfacet
  facet normal 0.659722 0.75151 0
    outer loop
      vertex 178.435 22.1734 -14.2
      vertex 178.828 21.8284 -34.2
      vertex 178.435 22.1734 -34.2
    endloop
  endfacet
  facet normal -0.997886 0.064984 0
    outer loop
      vertex 172 19 -34.2
      vertex 172.034 19.5221 -14.2
      vertex 172.034 19.5221 -34.2
    endloop
  endfacet
  facet normal -0.997886 0.064984 0
    outer loop
      vertex 172.034 19.5221 -14.2
      vertex 172 19 -34.2
      vertex 172 19 -14.2
    endloop
  endfacet
  facet normal -0.896443 0.443159 0
    outer loop
      vertex 172.304 20.5307 -34.2
      vertex 172.536 21 -14.2
      vertex 172.536 21 -34.2
    endloop
  endfacet
  facet normal -0.896443 0.443159 0
    outer loop
      vertex 172.536 21 -14.2
      vertex 172.304 20.5307 -34.2
      vertex 172.304 20.5307 -14.2
    endloop
  endfacet
  facet normal -0.195197 0.980764 0
    outer loop
      vertex 175.478 22.9658 -34.2
      vertex 174.965 22.8637 -14.2
      vertex 175.478 22.9658 -14.2
    endloop
  endfacet
  facet normal -0.195197 0.980764 0
    outer loop
      vertex 174.965 22.8637 -14.2
      vertex 175.478 22.9658 -34.2
      vertex 174.965 22.8637 -34.2
    endloop
  endfacet
  facet normal -0.32115 0.947028 0
    outer loop
      vertex 174.965 22.8637 -34.2
      vertex 174.469 22.6955 -14.2
      vertex 174.965 22.8637 -14.2
    endloop
  endfacet
  facet normal -0.32115 0.947028 0
    outer loop
      vertex 174.469 22.6955 -14.2
      vertex 174.965 22.8637 -34.2
      vertex 174.469 22.6955 -34.2
    endloop
  endfacet
  facet normal -0.751842 0.659343 0
    outer loop
      vertex 172.827 21.435 -34.2
      vertex 173.172 21.8284 -14.2
      vertex 173.172 21.8284 -34.2
    endloop
  endfacet
  facet normal -0.751842 0.659343 0
    outer loop
      vertex 173.172 21.8284 -14.2
      vertex 172.827 21.435 -34.2
      vertex 172.827 21.435 -14.2
    endloop
  endfacet
  facet normal 0.997886 0.064984 0
    outer loop
      vertex 180 19 -14.2
      vertex 179.966 19.5221 -34.2
      vertex 179.966 19.5221 -14.2
    endloop
  endfacet
  facet normal 0.997886 0.064984 0
    outer loop
      vertex 179.966 19.5221 -34.2
      vertex 180 19 -14.2
      vertex 180 19 -34.2
    endloop
  endfacet
  facet normal 0.195197 -0.980764 0
    outer loop
      vertex 176.522 15.0342 -34.2
      vertex 177.035 15.1363 -14.2
      vertex 176.522 15.0342 -14.2
    endloop
  endfacet
  facet normal 0.195197 -0.980764 0
    outer loop
      vertex 177.035 15.1363 -14.2
      vertex 176.522 15.0342 -34.2
      vertex 177.035 15.1363 -34.2
    endloop
  endfacet
  facet normal 0.32115 -0.947028 0
    outer loop
      vertex 177.035 15.1363 -34.2
      vertex 177.531 15.3045 -14.2
      vertex 177.035 15.1363 -14.2
    endloop
  endfacet
  facet normal 0.32115 -0.947028 0
    outer loop
      vertex 177.531 15.3045 -14.2
      vertex 177.035 15.1363 -34.2
      vertex 177.531 15.3045 -34.2
    endloop
  endfacet
  facet normal 0.947026 -0.321156 0
    outer loop
      vertex 179.696 17.4693 -14.2
      vertex 179.864 17.9647 -34.2
      vertex 179.864 17.9647 -14.2
    endloop
  endfacet
  facet normal 0.947026 -0.321156 0
    outer loop
      vertex 179.864 17.9647 -34.2
      vertex 179.696 17.4693 -14.2
      vertex 179.696 17.4693 -34.2
    endloop
  endfacet
  facet normal -0.0653771 -0.997861 0
    outer loop
      vertex 175.478 15.0342 -34.2
      vertex 176 15 -14.2
      vertex 175.478 15.0342 -14.2
    endloop
  endfacet
  facet normal -0.0653771 -0.997861 -0
    outer loop
      vertex 176 15 -14.2
      vertex 175.478 15.0342 -34.2
      vertex 176 15 -34.2
    endloop
  endfacet
  facet normal 0.0653771 -0.997861 0
    outer loop
      vertex 176 15 -34.2
      vertex 176.522 15.0342 -14.2
      vertex 176 15 -14.2
    endloop
  endfacet
  facet normal 0.0653771 -0.997861 0
    outer loop
      vertex 176.522 15.0342 -14.2
      vertex 176 15 -34.2
      vertex 176.522 15.0342 -34.2
    endloop
  endfacet
  facet normal -0.32115 -0.947028 0
    outer loop
      vertex 174.469 15.3045 -34.2
      vertex 174.965 15.1363 -14.2
      vertex 174.469 15.3045 -14.2
    endloop
  endfacet
  facet normal -0.32115 -0.947028 -0
    outer loop
      vertex 174.965 15.1363 -14.2
      vertex 174.469 15.3045 -34.2
      vertex 174.965 15.1363 -34.2
    endloop
  endfacet
  facet normal -0.555626 -0.831432 0
    outer loop
      vertex 173.565 15.8266 -34.2
      vertex 174 15.5359 -14.2
      vertex 173.565 15.8266 -14.2
    endloop
  endfacet
  facet normal -0.555626 -0.831432 -0
    outer loop
      vertex 174 15.5359 -14.2
      vertex 173.565 15.8266 -34.2
      vertex 174 15.5359 -34.2
    endloop
  endfacet
  facet normal -0.896443 -0.443159 0
    outer loop
      vertex 172.536 17 -34.2
      vertex 172.304 17.4693 -14.2
      vertex 172.304 17.4693 -34.2
    endloop
  endfacet
  facet normal -0.896443 -0.443159 0
    outer loop
      vertex 172.304 17.4693 -14.2
      vertex 172.536 17 -34.2
      vertex 172.536 17 -14.2
    endloop
  endfacet
  facet normal -0.980815 -0.19494 0
    outer loop
      vertex 172.136 17.9647 -34.2
      vertex 172.034 18.4779 -14.2
      vertex 172.034 18.4779 -34.2
    endloop
  endfacet
  facet normal -0.980815 -0.19494 0
    outer loop
      vertex 172.034 18.4779 -14.2
      vertex 172.136 17.9647 -34.2
      vertex 172.136 17.9647 -14.2
    endloop
  endfacet
  facet normal -0.751842 -0.659343 0
    outer loop
      vertex 173.172 16.1716 -34.2
      vertex 172.827 16.565 -14.2
      vertex 172.827 16.565 -34.2
    endloop
  endfacet
  facet normal -0.751842 -0.659343 0
    outer loop
      vertex 172.827 16.565 -14.2
      vertex 173.172 16.1716 -34.2
      vertex 173.172 16.1716 -14.2
    endloop
  endfacet
  facet normal -0.659722 -0.75151 0
    outer loop
      vertex 173.172 16.1716 -34.2
      vertex 173.565 15.8266 -14.2
      vertex 173.172 16.1716 -14.2
    endloop
  endfacet
  facet normal -0.659722 -0.75151 -0
    outer loop
      vertex 173.565 15.8266 -14.2
      vertex 173.172 16.1716 -34.2
      vertex 173.565 15.8266 -34.2
    endloop
  endfacet
  facet normal 0.980815 0.19494 0
    outer loop
      vertex 179.966 19.5221 -14.2
      vertex 179.864 20.0353 -34.2
      vertex 179.864 20.0353 -14.2
    endloop
  endfacet
  facet normal 0.980815 0.19494 0
    outer loop
      vertex 179.864 20.0353 -34.2
      vertex 179.966 19.5221 -14.2
      vertex 179.966 19.5221 -34.2
    endloop
  endfacet
  facet normal 0.555626 0.831432 -0
    outer loop
      vertex 178.435 22.1734 -34.2
      vertex 178 22.4641 -14.2
      vertex 178.435 22.1734 -14.2
    endloop
  endfacet
  facet normal 0.555626 0.831432 0
    outer loop
      vertex 178 22.4641 -14.2
      vertex 178.435 22.1734 -34.2
      vertex 178 22.4641 -34.2
    endloop
  endfacet
  facet normal 0.195197 0.980764 -0
    outer loop
      vertex 177.035 22.8637 -34.2
      vertex 176.522 22.9658 -14.2
      vertex 177.035 22.8637 -14.2
    endloop
  endfacet
  facet normal 0.195197 0.980764 0
    outer loop
      vertex 176.522 22.9658 -14.2
      vertex 177.035 22.8637 -34.2
      vertex 176.522 22.9658 -34.2
    endloop
  endfacet
  facet normal 0 0 1
    outer loop
      vertex 177.85 19 -14.2
      vertex 180 19 -14.2
      vertex 179.966 19.5221 -14.2
    endloop
  endfacet
  facet normal 0 0 1
    outer loop
      vertex 177.834 19.2415 -14.2
      vertex 179.966 19.5221 -14.2
      vertex 179.864 20.0353 -14.2
    endloop
  endfacet
  facet normal 0 0 1
    outer loop
      vertex 180 19 -14.2
      vertex 177.85 19 -14.2
      vertex 179.966 18.4779 -14.2
    endloop
  endfacet
  facet normal 0 0 1
    outer loop
      vertex 177.787 19.4788 -14.2
      vertex 179.864 20.0353 -14.2
      vertex 179.696 20.5307 -14.2
    endloop
  endfacet
  facet normal -0 0 1
    outer loop
      vertex 177.834 18.7585 -14.2
      vertex 179.966 18.4779 -14.2
      vertex 177.85 19 -14.2
    endloop
  endfacet
  facet normal 0 0 1
    outer loop
      vertex 177.709 19.708 -14.2
      vertex 179.696 20.5307 -14.2
      vertex 179.464 21 -14.2
    endloop
  endfacet
  facet normal 0 0 1
    outer loop
      vertex 179.966 18.4779 -14.2
      vertex 177.834 18.7585 -14.2
      vertex 179.864 17.9647 -14.2
    endloop
  endfacet
  facet normal 0 0 1
    outer loop
      vertex 177.602 19.925 -14.2
      vertex 179.464 21 -14.2
      vertex 179.173 21.435 -14.2
    endloop
  endfacet
  facet normal 0 0 1
    outer loop
      vertex 177.468 20.1262 -14.2
      vertex 179.173 21.435 -14.2
      vertex 178.828 21.8284 -14.2
    endloop
  endfacet
  facet normal 0 0 1
    outer loop
      vertex 177.308 20.3081 -14.2
      vertex 178.828 21.8284 -14.2
      vertex 178.435 22.1734 -14.2
    endloop
  endfacet
  facet normal 0 0 1
    outer loop
      vertex 177.126 20.4677 -14.2
      vertex 178.435 22.1734 -14.2
      vertex 178 22.4641 -14.2
    endloop
  endfacet
  facet normal 0 0 1
    outer loop
      vertex 179.864 20.0353 -14.2
      vertex 177.787 19.4788 -14.2
      vertex 177.834 19.2415 -14.2
    endloop
  endfacet
  facet normal 0 0 1
    outer loop
      vertex 179.864 17.9647 -14.2
      vertex 177.787 18.5212 -14.2
      vertex 179.696 17.4693 -14.2
    endloop
  endfacet
  facet normal -0 0 1
    outer loop
      vertex 177.709 18.292 -14.2
      vertex 179.696 17.4693 -14.2
      vertex 177.787 18.5212 -14.2
    endloop
  endfacet
  facet normal -0 0 1
    outer loop
      vertex 177.787 18.5212 -14.2
      vertex 179.864 17.9647 -14.2
      vertex 177.834 18.7585 -14.2
    endloop
  endfacet
  facet normal 0 0 1
    outer loop
      vertex 179.966 19.5221 -14.2
      vertex 177.834 19.2415 -14.2
      vertex 177.85 19 -14.2
    endloop
  endfacet
  facet normal 0 0 1
    outer loop
      vertex 179.696 20.5307 -14.2
      vertex 177.709 19.708 -14.2
      vertex 177.787 19.4788 -14.2
    endloop
  endfacet
  facet normal 0 0 1
    outer loop
      vertex 179.464 21 -14.2
      vertex 177.602 19.925 -14.2
      vertex 177.709 19.708 -14.2
    endloop
  endfacet
  facet normal 0 0 1
    outer loop
      vertex 176.925 20.6021 -14.2
      vertex 178 22.4641 -14.2
      vertex 177.531 22.6955 -14.2
    endloop
  endfacet
  facet normal 0 0 1
    outer loop
      vertex 179.173 21.435 -14.2
      vertex 177.468 20.1262 -14.2
      vertex 177.602 19.925 -14.2
    endloop
  endfacet
  facet normal 0 0 1
    outer loop
      vertex 178.828 21.8284 -14.2
      vertex 177.308 20.3081 -14.2
      vertex 177.468 20.1262 -14.2
    endloop
  endfacet
  facet normal 0 0 1
    outer loop
      vertex 178.435 22.1734 -14.2
      vertex 177.126 20.4677 -14.2
      vertex 177.308 20.3081 -14.2
    endloop
  endfacet
  facet normal 0 0 1
    outer loop
      vertex 176.708 20.7092 -14.2
      vertex 177.531 22.6955 -14.2
      vertex 177.035 22.8637 -14.2
    endloop
  endfacet
  facet normal 0 0 1
    outer loop
      vertex 178 22.4641 -14.2
      vertex 176.925 20.6021 -14.2
      vertex 177.126 20.4677 -14.2
    endloop
  endfacet
  facet normal 0 0 1
    outer loop
      vertex 177.531 22.6955 -14.2
      vertex 176.708 20.7092 -14.2
      vertex 176.925 20.6021 -14.2
    endloop
  endfacet
  facet normal 0 0 1
    outer loop
      vertex 176.479 20.787 -14.2
      vertex 177.035 22.8637 -14.2
      vertex 176.522 22.9658 -14.2
    endloop
  endfacet
  facet normal 0 0 1
    outer loop
      vertex 177.035 22.8637 -14.2
      vertex 176.479 20.787 -14.2
      vertex 176.708 20.7092 -14.2
    endloop
  endfacet
  facet normal 0 0 1
    outer loop
      vertex 176.522 22.9658 -14.2
      vertex 176.241 20.8342 -14.2
      vertex 176.479 20.787 -14.2
    endloop
  endfacet
  facet normal 0 0 1
    outer loop
      vertex 176 23 -14.2
      vertex 176.241 20.8342 -14.2
      vertex 176.522 22.9658 -14.2
    endloop
  endfacet
  facet normal 0 0 1
    outer loop
      vertex 176 23 -14.2
      vertex 176 20.85 -14.2
      vertex 176.241 20.8342 -14.2
    endloop
  endfacet
  facet normal 0 0 1
    outer loop
      vertex 176 23 -14.2
      vertex 175.759 20.8342 -14.2
      vertex 176 20.85 -14.2
    endloop
  endfacet
  facet normal -0 0 1
    outer loop
      vertex 175.478 22.9658 -14.2
      vertex 175.759 20.8342 -14.2
      vertex 176 23 -14.2
    endloop
  endfacet
  facet normal 0 0 1
    outer loop
      vertex 175.759 20.8342 -14.2
      vertex 175.478 22.9658 -14.2
      vertex 175.521 20.787 -14.2
    endloop
  endfacet
  facet normal -0 0 1
    outer loop
      vertex 174.965 22.8637 -14.2
      vertex 175.521 20.787 -14.2
      vertex 175.478 22.9658 -14.2
    endloop
  endfacet
  facet normal 0 0 1
    outer loop
      vertex 175.521 20.787 -14.2
      vertex 174.965 22.8637 -14.2
      vertex 175.292 20.7092 -14.2
    endloop
  endfacet
  facet normal -0 0 1
    outer loop
      vertex 174.469 22.6955 -14.2
      vertex 175.292 20.7092 -14.2
      vertex 174.965 22.8637 -14.2
    endloop
  endfacet
  facet normal 0 0 1
    outer loop
      vertex 175.292 20.7092 -14.2
      vertex 174.469 22.6955 -14.2
      vertex 175.075 20.6021 -14.2
    endloop
  endfacet
  facet normal -0 0 1
    outer loop
      vertex 174 22.4641 -14.2
      vertex 175.075 20.6021 -14.2
      vertex 174.469 22.6955 -14.2
    endloop
  endfacet
  facet normal 0 0 1
    outer loop
      vertex 175.075 20.6021 -14.2
      vertex 174 22.4641 -14.2
      vertex 174.874 20.4677 -14.2
    endloop
  endfacet
  facet normal -0 0 1
    outer loop
      vertex 173.565 22.1734 -14.2
      vertex 174.874 20.4677 -14.2
      vertex 174 22.4641 -14.2
    endloop
  endfacet
  facet normal 0 0 1
    outer loop
      vertex 174.874 20.4677 -14.2
      vertex 173.565 22.1734 -14.2
      vertex 174.692 20.3081 -14.2
    endloop
  endfacet
  facet normal -0 0 1
    outer loop
      vertex 173.172 21.8284 -14.2
      vertex 174.692 20.3081 -14.2
      vertex 173.565 22.1734 -14.2
    endloop
  endfacet
  facet normal 0 0 1
    outer loop
      vertex 174.692 20.3081 -14.2
      vertex 173.172 21.8284 -14.2
      vertex 174.532 20.1262 -14.2
    endloop
  endfacet
  facet normal -0 0 1
    outer loop
      vertex 172.827 21.435 -14.2
      vertex 174.532 20.1262 -14.2
      vertex 173.172 21.8284 -14.2
    endloop
  endfacet
  facet normal -0 0 1
    outer loop
      vertex 172.536 21 -14.2
      vertex 174.398 19.925 -14.2
      vertex 172.827 21.435 -14.2
    endloop
  endfacet
  facet normal 0 0 1
    outer loop
      vertex 174.532 20.1262 -14.2
      vertex 172.827 21.435 -14.2
      vertex 174.398 19.925 -14.2
    endloop
  endfacet
  facet normal 0 -0 1
    outer loop
      vertex 178 17 -14.2
      vertex 179.696 17.4693 -14.2
      vertex 177.709 18.292 -14.2
    endloop
  endfacet
  facet normal 0 0 1
    outer loop
      vertex 179.696 17.4693 -14.2
      vertex 178 17 -14.2
      vertex 179.464 17 -14.2
    endloop
  endfacet
  facet normal -0 0 1
    outer loop
      vertex 177.602 18.075 -14.2
      vertex 178 17 -14.2
      vertex 177.709 18.292 -14.2
    endloop
  endfacet
  facet normal -0 0 1
    outer loop
      vertex 177.468 17.8738 -14.2
      vertex 178 17 -14.2
      vertex 177.602 18.075 -14.2
    endloop
  endfacet
  facet normal -0 0 1
    outer loop
      vertex 177.308 17.6919 -14.2
      vertex 178 17 -14.2
      vertex 177.468 17.8738 -14.2
    endloop
  endfacet
  facet normal -0 0 1
    outer loop
      vertex 177.126 17.5323 -14.2
      vertex 178 17 -14.2
      vertex 177.308 17.6919 -14.2
    endloop
  endfacet
  facet normal -0 0 1
    outer loop
      vertex 176.925 17.3979 -14.2
      vertex 178 17 -14.2
      vertex 177.126 17.5323 -14.2
    endloop
  endfacet
  facet normal -0 0 1
    outer loop
      vertex 176.708 17.2908 -14.2
      vertex 178 17 -14.2
      vertex 176.925 17.3979 -14.2
    endloop
  endfacet
  facet normal 0 0 1
    outer loop
      vertex 178 17 -14.2
      vertex 177.531 15.3045 -14.2
      vertex 178 15.5359 -14.2
    endloop
  endfacet
  facet normal 0 0 1
    outer loop
      vertex 178 17 -14.2
      vertex 176.708 17.2908 -14.2
      vertex 177.531 15.3045 -14.2
    endloop
  endfacet
  facet normal 0 0 1
    outer loop
      vertex 177.531 15.3045 -14.2
      vertex 176.708 17.2908 -14.2
      vertex 177.035 15.1363 -14.2
    endloop
  endfacet
  facet normal -0 0 1
    outer loop
      vertex 176.479 17.213 -14.2
      vertex 177.035 15.1363 -14.2
      vertex 176.708 17.2908 -14.2
    endloop
  endfacet
  facet normal 0 0 1
    outer loop
      vertex 177.035 15.1363 -14.2
      vertex 176.479 17.213 -14.2
      vertex 176.522 15.0342 -14.2
    endloop
  endfacet
  facet normal -0 0 1
    outer loop
      vertex 176.241 17.1658 -14.2
      vertex 176.522 15.0342 -14.2
      vertex 176.479 17.213 -14.2
    endloop
  endfacet
  facet normal -0 0 1
    outer loop
      vertex 176 17.15 -14.2
      vertex 176.522 15.0342 -14.2
      vertex 176.241 17.1658 -14.2
    endloop
  endfacet
  facet normal 0 0 1
    outer loop
      vertex 176 17.15 -14.2
      vertex 176 15 -14.2
      vertex 176.522 15.0342 -14.2
    endloop
  endfacet
  facet normal 0 0 1
    outer loop
      vertex 175.759 17.1658 -14.2
      vertex 176 15 -14.2
      vertex 176 17.15 -14.2
    endloop
  endfacet
  facet normal 0 0 1
    outer loop
      vertex 175.478 15.0342 -14.2
      vertex 175.759 17.1658 -14.2
      vertex 175.521 17.213 -14.2
    endloop
  endfacet
  facet normal 0 0 1
    outer loop
      vertex 175.759 17.1658 -14.2
      vertex 175.478 15.0342 -14.2
      vertex 176 15 -14.2
    endloop
  endfacet
  facet normal 0 0 1
    outer loop
      vertex 174.965 15.1363 -14.2
      vertex 175.521 17.213 -14.2
      vertex 175.292 17.2908 -14.2
    endloop
  endfacet
  facet normal 0 0 1
    outer loop
      vertex 174.469 15.3045 -14.2
      vertex 175.292 17.2908 -14.2
      vertex 175.075 17.3979 -14.2
    endloop
  endfacet
  facet normal 0 0 1
    outer loop
      vertex 175.521 17.213 -14.2
      vertex 174.965 15.1363 -14.2
      vertex 175.478 15.0342 -14.2
    endloop
  endfacet
  facet normal 0 0 1
    outer loop
      vertex 174 15.5359 -14.2
      vertex 175.075 17.3979 -14.2
      vertex 174.874 17.5323 -14.2
    endloop
  endfacet
  facet normal 0 0 1
    outer loop
      vertex 173.565 15.8266 -14.2
      vertex 174.874 17.5323 -14.2
      vertex 174.692 17.6919 -14.2
    endloop
  endfacet
  facet normal 0 0 1
    outer loop
      vertex 173.172 16.1716 -14.2
      vertex 174.692 17.6919 -14.2
      vertex 174.532 17.8738 -14.2
    endloop
  endfacet
  facet normal 0 0 1
    outer loop
      vertex 175.292 17.2908 -14.2
      vertex 174.469 15.3045 -14.2
      vertex 174.965 15.1363 -14.2
    endloop
  endfacet
  facet normal 0 0 1
    outer loop
      vertex 172.827 16.565 -14.2
      vertex 174.532 17.8738 -14.2
      vertex 174.398 18.075 -14.2
    endloop
  endfacet
  facet normal 0 0 1
    outer loop
      vertex 172.536 17 -14.2
      vertex 174.398 18.075 -14.2
      vertex 174.291 18.292 -14.2
    endloop
  endfacet
  facet normal 0 0 1
    outer loop
      vertex 172.304 17.4693 -14.2
      vertex 174.291 18.292 -14.2
      vertex 174.213 18.5212 -14.2
    endloop
  endfacet
  facet normal 0 0 1
    outer loop
      vertex 172.136 17.9647 -14.2
      vertex 174.213 18.5212 -14.2
      vertex 174.166 18.7585 -14.2
    endloop
  endfacet
  facet normal 0 0 1
    outer loop
      vertex 175.075 17.3979 -14.2
      vertex 174 15.5359 -14.2
      vertex 174.469 15.3045 -14.2
    endloop
  endfacet
  facet normal 0 0 1
    outer loop
      vertex 172.034 18.4779 -14.2
      vertex 174.166 18.7585 -14.2
      vertex 174.15 19 -14.2
    endloop
  endfacet
  facet normal 0 0 1
    outer loop
      vertex 174.398 19.925 -14.2
      vertex 172.536 21 -14.2
      vertex 174.291 19.708 -14.2
    endloop
  endfacet
  facet normal -0 0 1
    outer loop
      vertex 172.304 20.5307 -14.2
      vertex 174.291 19.708 -14.2
      vertex 172.536 21 -14.2
    endloop
  endfacet
  facet normal 0 0 1
    outer loop
      vertex 174.874 17.5323 -14.2
      vertex 173.565 15.8266 -14.2
      vertex 174 15.5359 -14.2
    endloop
  endfacet
  facet normal 0 0 1
    outer loop
      vertex 174.291 19.708 -14.2
      vertex 172.304 20.5307 -14.2
      vertex 174.213 19.4788 -14.2
    endloop
  endfacet
  facet normal 0 0 1
    outer loop
      vertex 174.692 17.6919 -14.2
      vertex 173.172 16.1716 -14.2
      vertex 173.565 15.8266 -14.2
    endloop
  endfacet
  facet normal -0 0 1
    outer loop
      vertex 172.136 20.0353 -14.2
      vertex 174.213 19.4788 -14.2
      vertex 172.304 20.5307 -14.2
    endloop
  endfacet
  facet normal 0 0 1
    outer loop
      vertex 174.532 17.8738 -14.2
      vertex 172.827 16.565 -14.2
      vertex 173.172 16.1716 -14.2
    endloop
  endfacet
  facet normal 0 0 1
    outer loop
      vertex 174.213 19.4788 -14.2
      vertex 172.136 20.0353 -14.2
      vertex 174.166 19.2415 -14.2
    endloop
  endfacet
  facet normal 0 0 1
    outer loop
      vertex 174.398 18.075 -14.2
      vertex 172.536 17 -14.2
      vertex 172.827 16.565 -14.2
    endloop
  endfacet
  facet normal -0 0 1
    outer loop
      vertex 172.034 19.5221 -14.2
      vertex 174.166 19.2415 -14.2
      vertex 172.136 20.0353 -14.2
    endloop
  endfacet
  facet normal 0 0 1
    outer loop
      vertex 174.291 18.292 -14.2
      vertex 172.304 17.4693 -14.2
      vertex 172.536 17 -14.2
    endloop
  endfacet
  facet normal 0 0 1
    outer loop
      vertex 174.166 19.2415 -14.2
      vertex 172.034 19.5221 -14.2
      vertex 174.15 19 -14.2
    endloop
  endfacet
  facet normal 0 0 1
    outer loop
      vertex 174.213 18.5212 -14.2
      vertex 172.136 17.9647 -14.2
      vertex 172.304 17.4693 -14.2
    endloop
  endfacet
  facet normal 0 0 1
    outer loop
      vertex 172 19 -14.2
      vertex 174.15 19 -14.2
      vertex 172.034 19.5221 -14.2
    endloop
  endfacet
  facet normal 0 0 1
    outer loop
      vertex 174.166 18.7585 -14.2
      vertex 172.034 18.4779 -14.2
      vertex 172.136 17.9647 -14.2
    endloop
  endfacet
  facet normal 0 0 1
    outer loop
      vertex 174.15 19 -14.2
      vertex 172 19 -14.2
      vertex 172.034 18.4779 -14.2
    endloop
  endfacet
  facet normal 0.896443 -0.443159 0
    outer loop
      vertex 179.464 17 -14.2
      vertex 179.696 17.4693 -34.2
      vertex 179.696 17.4693 -14.2
    endloop
  endfacet
  facet normal 0.896443 -0.443159 0
    outer loop
      vertex 179.696 17.4693 -34.2
      vertex 179.464 17 -14.2
      vertex 179.464 17 -34.2
    endloop
  endfacet
  facet normal -0.442465 -0.896786 0
    outer loop
      vertex 174 15.5359 -34.2
      vertex 174.469 15.3045 -14.2
      vertex 174 15.5359 -14.2
    endloop
  endfacet
  facet normal -0.442465 -0.896786 -0
    outer loop
      vertex 174.469 15.3045 -14.2
      vertex 174 15.5359 -34.2
      vertex 174.469 15.3045 -34.2
    endloop
  endfacet
  facet normal -0.947026 -0.321156 0
    outer loop
      vertex 172.304 17.4693 -34.2
      vertex 172.136 17.9647 -14.2
      vertex 172.136 17.9647 -34.2
    endloop
  endfacet
  facet normal -0.947026 -0.321156 0
    outer loop
      vertex 172.136 17.9647 -14.2
      vertex 172.304 17.4693 -34.2
      vertex 172.304 17.4693 -14.2
    endloop
  endfacet
  facet normal 0.555978 0.831197 -0
    outer loop
      vertex 6.43505 114.173 -34.2
      vertex 6 114.464 -14.2
      vertex 6.43505 114.173 -14.2
    endloop
  endfacet
  facet normal 0.555978 0.831197 0
    outer loop
      vertex 6 114.464 -14.2
      vertex 6.43505 114.173 -34.2
      vertex 6 114.464 -34.2
    endloop
  endfacet
  facet normal -0.980773 0.195153 0
    outer loop
      vertex 0.0342197 111.522 -34.2
      vertex 0.136296 112.035 -14.2
      vertex 0.136296 112.035 -34.2
    endloop
  endfacet
  facet normal -0.980773 0.195153 0
    outer loop
      vertex 0.136296 112.035 -14.2
      vertex 0.0342197 111.522 -34.2
      vertex 0.0342197 111.522 -14.2
    endloop
  endfacet
  facet normal 0.980771 -0.19516 0
    outer loop
      vertex 7.8637 109.965 -14.2
      vertex 7.96578 110.478 -34.2
      vertex 7.96578 110.478 -14.2
    endloop
  endfacet
  facet normal 0.980771 -0.19516 0
    outer loop
      vertex 7.96578 110.478 -34.2
      vertex 7.8637 109.965 -14.2
      vertex 7.8637 109.965 -34.2
    endloop
  endfacet
  facet normal -0.194951 -0.980813 0
    outer loop
      vertex 2.96472 107.136 -34.2
      vertex 3.47789 107.034 -14.2
      vertex 2.96472 107.136 -14.2
    endloop
  endfacet
  facet normal -0.194951 -0.980813 -0
    outer loop
      vertex 3.47789 107.034 -14.2
      vertex 2.96472 107.136 -34.2
      vertex 3.47789 107.034 -34.2
    endloop
  endfacet
  facet normal 0.443182 0.896432 -0
    outer loop
      vertex 6 114.464 -34.2
      vertex 5.53073 114.696 -14.2
      vertex 6 114.464 -14.2
    endloop
  endfacet
  facet normal 0.443182 0.896432 0
    outer loop
      vertex 5.53073 114.696 -14.2
      vertex 6 114.464 -34.2
      vertex 5.53073 114.696 -34.2
    endloop
  endfacet
  facet normal -0.443182 0.896432 0
    outer loop
      vertex 2.46927 114.696 -34.2
      vertex 2 114.464 -14.2
      vertex 2.46927 114.696 -14.2
    endloop
  endfacet
  facet normal -0.443182 0.896432 0
    outer loop
      vertex 2 114.464 -14.2
      vertex 2.46927 114.696 -34.2
      vertex 2 114.464 -34.2
    endloop
  endfacet
  facet normal -0.947037 0.321126 0
    outer loop
      vertex 0.136296 112.035 -34.2
      vertex 0.304482 112.531 -14.2
      vertex 0.304482 112.531 -34.2
    endloop
  endfacet
  facet normal -0.947037 0.321126 0
    outer loop
      vertex 0.304482 112.531 -14.2
      vertex 0.136296 112.035 -34.2
      vertex 0.136296 112.035 -14.2
    endloop
  endfacet
  facet normal -0.831443 -0.55561 0
    outer loop
      vertex 0.826586 108.565 -34.2
      vertex 0.535898 109 -14.2
      vertex 0.535898 109 -34.2
    endloop
  endfacet
  facet normal -0.831443 -0.55561 0
    outer loop
      vertex 0.535898 109 -14.2
      vertex 0.826586 108.565 -34.2
      vertex 0.826586 108.565 -14.2
    endloop
  endfacet
  facet normal 0.94704 0.321115 0
    outer loop
      vertex 7.8637 112.035 -14.2
      vertex 7.69552 112.531 -34.2
      vertex 7.69552 112.531 -14.2
    endloop
  endfacet
  facet normal 0.94704 0.321115 0
    outer loop
      vertex 7.69552 112.531 -34.2
      vertex 7.8637 112.035 -14.2
      vertex 7.8637 112.035 -34.2
    endloop
  endfacet
  facet normal 0.89677 0.442496 0
    outer loop
      vertex 7.69552 112.531 -14.2
      vertex 7.4641 113 -34.2
      vertex 7.4641 113 -14.2
    endloop
  endfacet
  facet normal 0.89677 0.442496 0
    outer loop
      vertex 7.4641 113 -34.2
      vertex 7.69552 112.531 -14.2
      vertex 7.69552 112.531 -34.2
    endloop
  endfacet
  facet normal 0.831441 0.555613 0
    outer loop
      vertex 7.4641 113 -14.2
      vertex 7.17341 113.435 -34.2
      vertex 7.17341 113.435 -14.2
    endloop
  endfacet
  facet normal 0.831441 0.555613 0
    outer loop
      vertex 7.17341 113.435 -34.2
      vertex 7.4641 113 -14.2
      vertex 7.4641 113 -34.2
    endloop
  endfacet
  facet normal 0.751529 0.659701 0
    outer loop
      vertex 7.17341 113.435 -14.2
      vertex 6.82843 113.828 -34.2
      vertex 6.82843 113.828 -14.2
    endloop
  endfacet
  facet normal 0.751529 0.659701 0
    outer loop
      vertex 6.82843 113.828 -34.2
      vertex 7.17341 113.435 -14.2
      vertex 7.17341 113.435 -34.2
    endloop
  endfacet
  facet normal 0.321126 0.947036 -0
    outer loop
      vertex 5.53073 114.696 -34.2
      vertex 5.03528 114.864 -14.2
      vertex 5.53073 114.696 -14.2
    endloop
  endfacet
  facet normal 0.321126 0.947036 0
    outer loop
      vertex 5.03528 114.864 -14.2
      vertex 5.53073 114.696 -34.2
      vertex 5.03528 114.864 -34.2
    endloop
  endfacet
  facet normal -0.0649827 0.997886 0
    outer loop
      vertex 4 115 -34.2
      vertex 3.47789 114.966 -14.2
      vertex 4 115 -14.2
    endloop
  endfacet
  facet normal -0.0649827 0.997886 0
    outer loop
      vertex 3.47789 114.966 -14.2
      vertex 4 115 -34.2
      vertex 3.47789 114.966 -34.2
    endloop
  endfacet
  facet normal 0.064984 0.997886 -0
    outer loop
      vertex 4.5221 114.966 -34.2
      vertex 4 115 -14.2
      vertex 4.5221 114.966 -14.2
    endloop
  endfacet
  facet normal 0.064984 0.997886 0
    outer loop
      vertex 4 115 -14.2
      vertex 4.5221 114.966 -34.2
      vertex 4 115 -34.2
    endloop
  endfacet
  facet normal -0.997858 -0.0654146 0
    outer loop
      vertex 0.0342197 110.478 -34.2
      vertex 0 111 -14.2
      vertex 0 111 -34.2
    endloop
  endfacet
  facet normal -0.997858 -0.0654146 0
    outer loop
      vertex 0 111 -14.2
      vertex 0.0342197 110.478 -34.2
      vertex 0.0342197 110.478 -14.2
    endloop
  endfacet
  facet normal 0.997858 -0.0654151 0
    outer loop
      vertex 7.96578 110.478 -14.2
      vertex 8 111 -34.2
      vertex 8 111 -14.2
    endloop
  endfacet
  facet normal 0.997858 -0.0654151 0
    outer loop
      vertex 8 111 -34.2
      vertex 7.96578 110.478 -14.2
      vertex 7.96578 110.478 -34.2
    endloop
  endfacet
  facet normal 0.443182 -0.896432 0
    outer loop
      vertex 5.53073 107.304 -34.2
      vertex 6 107.536 -14.2
      vertex 5.53073 107.304 -14.2
    endloop
  endfacet
  facet normal 0.443182 -0.896432 0
    outer loop
      vertex 6 107.536 -14.2
      vertex 5.53073 107.304 -34.2
      vertex 6 107.536 -34.2
    endloop
  endfacet
  facet normal 0.831441 -0.555613 0
    outer loop
      vertex 7.17341 108.565 -14.2
      vertex 7.4641 109 -34.2
      vertex 7.4641 109 -14.2
    endloop
  endfacet
  facet normal 0.831441 -0.555613 0
    outer loop
      vertex 7.4641 109 -34.2
      vertex 7.17341 108.565 -14.2
      vertex 7.17341 108.565 -34.2
    endloop
  endfacet
  facet normal 0.751529 -0.659701 0
    outer loop
      vertex 6.82843 108.172 -14.2
      vertex 7.17341 108.565 -34.2
      vertex 7.17341 108.565 -14.2
    endloop
  endfacet
  facet normal 0.751529 -0.659701 0
    outer loop
      vertex 7.17341 108.565 -34.2
      vertex 6.82843 108.172 -14.2
      vertex 6.82843 108.172 -34.2
    endloop
  endfacet
  facet normal 0.555978 -0.831197 0
    outer loop
      vertex 6 107.536 -34.2
      vertex 6.43505 107.827 -14.2
      vertex 6 107.536 -14.2
    endloop
  endfacet
  facet normal 0.555978 -0.831197 0
    outer loop
      vertex 6.43505 107.827 -14.2
      vertex 6 107.536 -34.2
      vertex 6.43505 107.827 -34.2
    endloop
  endfacet
  facet normal 0.659362 0.751826 -0
    outer loop
      vertex 6.82843 113.828 -34.2
      vertex 6.43505 114.173 -14.2
      vertex 6.82843 113.828 -14.2
    endloop
  endfacet
  facet normal 0.659362 0.751826 0
    outer loop
      vertex 6.43505 114.173 -14.2
      vertex 6.82843 113.828 -34.2
      vertex 6.43505 114.173 -34.2
    endloop
  endfacet
  facet normal 0.194947 0.980814 -0
    outer loop
      vertex 5.03528 114.864 -34.2
      vertex 4.5221 114.966 -14.2
      vertex 5.03528 114.864 -14.2
    endloop
  endfacet
  facet normal 0.194947 0.980814 0
    outer loop
      vertex 4.5221 114.966 -14.2
      vertex 5.03528 114.864 -34.2
      vertex 4.5221 114.966 -34.2
    endloop
  endfacet
  facet normal -0.997858 0.0654146 0
    outer loop
      vertex 0 111 -34.2
      vertex 0.0342197 111.522 -14.2
      vertex 0.0342197 111.522 -34.2
    endloop
  endfacet
  facet normal -0.997858 0.0654146 0
    outer loop
      vertex 0.0342197 111.522 -14.2
      vertex 0 111 -34.2
      vertex 0 111 -14.2
    endloop
  endfacet
  facet normal -0.896774 0.44249 0
    outer loop
      vertex 0.304482 112.531 -34.2
      vertex 0.535898 113 -14.2
      vertex 0.535898 113 -34.2
    endloop
  endfacet
  facet normal -0.896774 0.44249 0
    outer loop
      vertex 0.535898 113 -14.2
      vertex 0.304482 112.531 -34.2
      vertex 0.304482 112.531 -14.2
    endloop
  endfacet
  facet normal -0.194951 0.980813 0
    outer loop
      vertex 3.47789 114.966 -34.2
      vertex 2.96472 114.864 -14.2
      vertex 3.47789 114.966 -14.2
    endloop
  endfacet
  facet normal -0.194951 0.980813 0
    outer loop
      vertex 2.96472 114.864 -14.2
      vertex 3.47789 114.966 -34.2
      vertex 2.96472 114.864 -34.2
    endloop
  endfacet
  facet normal -0.321126 0.947036 0
    outer loop
      vertex 2.96472 114.864 -34.2
      vertex 2.46927 114.696 -14.2
      vertex 2.96472 114.864 -14.2
    endloop
  endfacet
  facet normal -0.321126 0.947036 0
    outer loop
      vertex 2.46927 114.696 -14.2
      vertex 2.96472 114.864 -34.2
      vertex 2.46927 114.696 -34.2
    endloop
  endfacet
  facet normal 0.997858 0.0654151 0
    outer loop
      vertex 8 111 -14.2
      vertex 7.96578 111.522 -34.2
      vertex 7.96578 111.522 -14.2
    endloop
  endfacet
  facet normal 0.997858 0.0654151 0
    outer loop
      vertex 7.96578 111.522 -34.2
      vertex 8 111 -14.2
      vertex 8 111 -34.2
    endloop
  endfacet
  facet normal 0.194947 -0.980814 0
    outer loop
      vertex 4.5221 107.034 -34.2
      vertex 5.03528 107.136 -14.2
      vertex 4.5221 107.034 -14.2
    endloop
  endfacet
  facet normal 0.194947 -0.980814 0
    outer loop
      vertex 5.03528 107.136 -14.2
      vertex 4.5221 107.034 -34.2
      vertex 5.03528 107.136 -34.2
    endloop
  endfacet
  facet normal 0.321126 -0.947036 0
    outer loop
      vertex 5.03528 107.136 -34.2
      vertex 5.53073 107.304 -14.2
      vertex 5.03528 107.136 -14.2
    endloop
  endfacet
  facet normal 0.321126 -0.947036 0
    outer loop
      vertex 5.53073 107.304 -14.2
      vertex 5.03528 107.136 -34.2
      vertex 5.53073 107.304 -34.2
    endloop
  endfacet
  facet normal 0.659362 -0.751826 0
    outer loop
      vertex 6.43505 107.827 -34.2
      vertex 6.82843 108.172 -14.2
      vertex 6.43505 107.827 -14.2
    endloop
  endfacet
  facet normal 0.659362 -0.751826 0
    outer loop
      vertex 6.82843 108.172 -14.2
      vertex 6.43505 107.827 -34.2
      vertex 6.82843 108.172 -34.2
    endloop
  endfacet
  facet normal 0.94704 -0.321115 0
    outer loop
      vertex 7.69552 109.469 -14.2
      vertex 7.8637 109.965 -34.2
      vertex 7.8637 109.965 -14.2
    endloop
  endfacet
  facet normal 0.94704 -0.321115 0
    outer loop
      vertex 7.8637 109.965 -34.2
      vertex 7.69552 109.469 -14.2
      vertex 7.69552 109.469 -34.2
    endloop
  endfacet
  facet normal 0.89677 -0.442496 0
    outer loop
      vertex 7.4641 109 -14.2
      vertex 7.69552 109.469 -34.2
      vertex 7.69552 109.469 -14.2
    endloop
  endfacet
  facet normal 0.89677 -0.442496 0
    outer loop
      vertex 7.69552 109.469 -34.2
      vertex 7.4641 109 -14.2
      vertex 7.4641 109 -34.2
    endloop
  endfacet
  facet normal -0.0649827 -0.997886 0
    outer loop
      vertex 3.47789 107.034 -34.2
      vertex 4 107 -14.2
      vertex 3.47789 107.034 -14.2
    endloop
  endfacet
  facet normal -0.0649827 -0.997886 -0
    outer loop
      vertex 4 107 -14.2
      vertex 3.47789 107.034 -34.2
      vertex 4 107 -34.2
    endloop
  endfacet
  facet normal 0.064984 -0.997886 0
    outer loop
      vertex 4 107 -34.2
      vertex 4.5221 107.034 -14.2
      vertex 4 107 -14.2
    endloop
  endfacet
  facet normal 0.064984 -0.997886 0
    outer loop
      vertex 4.5221 107.034 -14.2
      vertex 4 107 -34.2
      vertex 4.5221 107.034 -34.2
    endloop
  endfacet
  facet normal -0.321126 -0.947036 0
    outer loop
      vertex 2.46927 107.304 -34.2
      vertex 2.96472 107.136 -14.2
      vertex 2.46927 107.304 -14.2
    endloop
  endfacet
  facet normal -0.321126 -0.947036 -0
    outer loop
      vertex 2.96472 107.136 -14.2
      vertex 2.46927 107.304 -34.2
      vertex 2.96472 107.136 -34.2
    endloop
  endfacet
  facet normal -0.555978 -0.831197 0
    outer loop
      vertex 1.56495 107.827 -34.2
      vertex 2 107.536 -14.2
      vertex 1.56495 107.827 -14.2
    endloop
  endfacet
  facet normal -0.555978 -0.831197 -0
    outer loop
      vertex 2 107.536 -14.2
      vertex 1.56495 107.827 -34.2
      vertex 2 107.536 -34.2
    endloop
  endfacet
  facet normal -0.896774 -0.44249 0
    outer loop
      vertex 0.535898 109 -34.2
      vertex 0.304482 109.469 -14.2
      vertex 0.304482 109.469 -34.2
    endloop
  endfacet
  facet normal -0.896774 -0.44249 0
    outer loop
      vertex 0.304482 109.469 -14.2
      vertex 0.535898 109 -34.2
      vertex 0.535898 109 -14.2
    endloop
  endfacet
  facet normal -0.980773 -0.195153 0
    outer loop
      vertex 0.136296 109.965 -34.2
      vertex 0.0342197 110.478 -14.2
      vertex 0.0342197 110.478 -34.2
    endloop
  endfacet
  facet normal -0.980773 -0.195153 0
    outer loop
      vertex 0.0342197 110.478 -14.2
      vertex 0.136296 109.965 -34.2
      vertex 0.136296 109.965 -14.2
    endloop
  endfacet
  facet normal -0.751525 -0.659705 0
    outer loop
      vertex 1.17157 108.172 -34.2
      vertex 0.826586 108.565 -14.2
      vertex 0.826586 108.565 -34.2
    endloop
  endfacet
  facet normal -0.751525 -0.659705 0
    outer loop
      vertex 0.826586 108.565 -14.2
      vertex 1.17157 108.172 -34.2
      vertex 1.17157 108.172 -14.2
    endloop
  endfacet
  facet normal -0.659362 -0.751826 0
    outer loop
      vertex 1.17157 108.172 -34.2
      vertex 1.56495 107.827 -14.2
      vertex 1.17157 108.172 -14.2
    endloop
  endfacet
  facet normal -0.659362 -0.751826 -0
    outer loop
      vertex 1.56495 107.827 -14.2
      vertex 1.17157 108.172 -34.2
      vertex 1.56495 107.827 -34.2
    endloop
  endfacet
  facet normal 0.980771 0.19516 0
    outer loop
      vertex 7.96578 111.522 -14.2
      vertex 7.8637 112.035 -34.2
      vertex 7.8637 112.035 -14.2
    endloop
  endfacet
  facet normal 0.980771 0.19516 0
    outer loop
      vertex 7.8637 112.035 -34.2
      vertex 7.96578 111.522 -14.2
      vertex 7.96578 111.522 -34.2
    endloop
  endfacet
  facet normal 0 0 1
    outer loop
      vertex 5.85 111 -14.2
      vertex 8 111 -14.2
      vertex 7.96578 111.522 -14.2
    endloop
  endfacet
  facet normal 0 0 1
    outer loop
      vertex 5.83417 111.241 -14.2
      vertex 7.96578 111.522 -14.2
      vertex 7.8637 112.035 -14.2
    endloop
  endfacet
  facet normal 0 0 1
    outer loop
      vertex 8 111 -14.2
      vertex 5.85 111 -14.2
      vertex 7.96578 110.478 -14.2
    endloop
  endfacet
  facet normal 0 0 1
    outer loop
      vertex 5.78696 111.479 -14.2
      vertex 7.8637 112.035 -14.2
      vertex 7.69552 112.531 -14.2
    endloop
  endfacet
  facet normal -0 0 1
    outer loop
      vertex 5.83417 110.759 -14.2
      vertex 7.96578 110.478 -14.2
      vertex 5.85 111 -14.2
    endloop
  endfacet
  facet normal 0 0 1
    outer loop
      vertex 5.70918 111.708 -14.2
      vertex 7.69552 112.531 -14.2
      vertex 7.4641 113 -14.2
    endloop
  endfacet
  facet normal 0 0 1
    outer loop
      vertex 7.96578 110.478 -14.2
      vertex 5.83417 110.759 -14.2
      vertex 7.8637 109.965 -14.2
    endloop
  endfacet
  facet normal 0 0 1
    outer loop
      vertex 5.60215 111.925 -14.2
      vertex 7.4641 113 -14.2
      vertex 7.17341 113.435 -14.2
    endloop
  endfacet
  facet normal -0 0 1
    outer loop
      vertex 5.78696 110.521 -14.2
      vertex 7.8637 109.965 -14.2
      vertex 5.83417 110.759 -14.2
    endloop
  endfacet
  facet normal 0 0 1
    outer loop
      vertex 5.4677 112.126 -14.2
      vertex 7.17341 113.435 -14.2
      vertex 6.82843 113.828 -14.2
    endloop
  endfacet
  facet normal 0 0 1
    outer loop
      vertex 7.8637 109.965 -14.2
      vertex 5.78696 110.521 -14.2
      vertex 7.69552 109.469 -14.2
    endloop
  endfacet
  facet normal 0 0 1
    outer loop
      vertex 5.30815 112.308 -14.2
      vertex 6.82843 113.828 -14.2
      vertex 6.43505 114.173 -14.2
    endloop
  endfacet
  facet normal -0 0 1
    outer loop
      vertex 5.70918 110.292 -14.2
      vertex 7.69552 109.469 -14.2
      vertex 5.78696 110.521 -14.2
    endloop
  endfacet
  facet normal 0 0 1
    outer loop
      vertex 5.12621 112.468 -14.2
      vertex 6.43505 114.173 -14.2
      vertex 6 114.464 -14.2
    endloop
  endfacet
  facet normal 0 0 1
    outer loop
      vertex 7.69552 109.469 -14.2
      vertex 5.70918 110.292 -14.2
      vertex 7.4641 109 -14.2
    endloop
  endfacet
  facet normal -0 0 1
    outer loop
      vertex 5.60215 110.075 -14.2
      vertex 7.4641 109 -14.2
      vertex 5.70918 110.292 -14.2
    endloop
  endfacet
  facet normal 0 0 1
    outer loop
      vertex 7.96578 111.522 -14.2
      vertex 5.83417 111.241 -14.2
      vertex 5.85 111 -14.2
    endloop
  endfacet
  facet normal 0 0 1
    outer loop
      vertex 7.8637 112.035 -14.2
      vertex 5.78696 111.479 -14.2
      vertex 5.83417 111.241 -14.2
    endloop
  endfacet
  facet normal 0 0 1
    outer loop
      vertex 7.69552 112.531 -14.2
      vertex 5.70918 111.708 -14.2
      vertex 5.78696 111.479 -14.2
    endloop
  endfacet
  facet normal 0 0 1
    outer loop
      vertex 7.4641 113 -14.2
      vertex 5.60215 111.925 -14.2
      vertex 5.70918 111.708 -14.2
    endloop
  endfacet
  facet normal 0 0 1
    outer loop
      vertex 4.925 112.602 -14.2
      vertex 6 114.464 -14.2
      vertex 5.53073 114.696 -14.2
    endloop
  endfacet
  facet normal 0 0 1
    outer loop
      vertex 7.17341 113.435 -14.2
      vertex 5.4677 112.126 -14.2
      vertex 5.60215 111.925 -14.2
    endloop
  endfacet
  facet normal 0 0 1
    outer loop
      vertex 6.82843 113.828 -14.2
      vertex 5.30815 112.308 -14.2
      vertex 5.4677 112.126 -14.2
    endloop
  endfacet
  facet normal 0 0 1
    outer loop
      vertex 6.43505 114.173 -14.2
      vertex 5.12621 112.468 -14.2
      vertex 5.30815 112.308 -14.2
    endloop
  endfacet
  facet normal 0 0 1
    outer loop
      vertex 4.70796 112.709 -14.2
      vertex 5.53073 114.696 -14.2
      vertex 5.03528 114.864 -14.2
    endloop
  endfacet
  facet normal 0 0 1
    outer loop
      vertex 6 114.464 -14.2
      vertex 4.925 112.602 -14.2
      vertex 5.12621 112.468 -14.2
    endloop
  endfacet
  facet normal 0 0 1
    outer loop
      vertex 5.53073 114.696 -14.2
      vertex 4.70796 112.709 -14.2
      vertex 4.925 112.602 -14.2
    endloop
  endfacet
  facet normal 0 0 1
    outer loop
      vertex 4.47882 112.787 -14.2
      vertex 5.03528 114.864 -14.2
      vertex 4.5221 114.966 -14.2
    endloop
  endfacet
  facet normal 0 0 1
    outer loop
      vertex 5.03528 114.864 -14.2
      vertex 4.47882 112.787 -14.2
      vertex 4.70796 112.709 -14.2
    endloop
  endfacet
  facet normal 0 0 1
    outer loop
      vertex 4.5221 114.966 -14.2
      vertex 4.24147 112.834 -14.2
      vertex 4.47882 112.787 -14.2
    endloop
  endfacet
  facet normal 0 0 1
    outer loop
      vertex 4 115 -14.2
      vertex 4.24147 112.834 -14.2
      vertex 4.5221 114.966 -14.2
    endloop
  endfacet
  facet normal 0 0 1
    outer loop
      vertex 4 115 -14.2
      vertex 4 112.85 -14.2
      vertex 4.24147 112.834 -14.2
    endloop
  endfacet
  facet normal 0 0 1
    outer loop
      vertex 4 115 -14.2
      vertex 3.75853 112.834 -14.2
      vertex 4 112.85 -14.2
    endloop
  endfacet
  facet normal -0 0 1
    outer loop
      vertex 3.47789 114.966 -14.2
      vertex 3.75853 112.834 -14.2
      vertex 4 115 -14.2
    endloop
  endfacet
  facet normal 0 0 1
    outer loop
      vertex 3.75853 112.834 -14.2
      vertex 3.47789 114.966 -14.2
      vertex 3.52118 112.787 -14.2
    endloop
  endfacet
  facet normal -0 0 1
    outer loop
      vertex 2.96472 114.864 -14.2
      vertex 3.52118 112.787 -14.2
      vertex 3.47789 114.966 -14.2
    endloop
  endfacet
  facet normal 0 0 1
    outer loop
      vertex 3.52118 112.787 -14.2
      vertex 2.96472 114.864 -14.2
      vertex 3.29204 112.709 -14.2
    endloop
  endfacet
  facet normal -0 0 1
    outer loop
      vertex 2.46927 114.696 -14.2
      vertex 3.29204 112.709 -14.2
      vertex 2.96472 114.864 -14.2
    endloop
  endfacet
  facet normal -0 0 1
    outer loop
      vertex 2 113 -14.2
      vertex 3.29204 112.709 -14.2
      vertex 2.46927 114.696 -14.2
    endloop
  endfacet
  facet normal 0 0 1
    outer loop
      vertex 3.29204 112.709 -14.2
      vertex 2 113 -14.2
      vertex 3.075 112.602 -14.2
    endloop
  endfacet
  facet normal 0 0 1
    outer loop
      vertex 2.87379 112.468 -14.2
      vertex 2 113 -14.2
      vertex 2.69185 112.308 -14.2
    endloop
  endfacet
  facet normal 0 0 1
    outer loop
      vertex 3.075 112.602 -14.2
      vertex 2 113 -14.2
      vertex 2.87379 112.468 -14.2
    endloop
  endfacet
  facet normal 0 0 1
    outer loop
      vertex 2.69185 112.308 -14.2
      vertex 2 113 -14.2
      vertex 2.5323 112.126 -14.2
    endloop
  endfacet
  facet normal 0 0 1
    outer loop
      vertex 2.5323 112.126 -14.2
      vertex 2 113 -14.2
      vertex 2.39785 111.925 -14.2
    endloop
  endfacet
  facet normal 0 0 1
    outer loop
      vertex 2.39785 111.925 -14.2
      vertex 2 113 -14.2
      vertex 2.29082 111.708 -14.2
    endloop
  endfacet
  facet normal -0 0 1
    outer loop
      vertex 0.304482 112.531 -14.2
      vertex 2.29082 111.708 -14.2
      vertex 2 113 -14.2
    endloop
  endfacet
  facet normal 0 0 1
    outer loop
      vertex 2.29082 111.708 -14.2
      vertex 0.304482 112.531 -14.2
      vertex 2.21304 111.479 -14.2
    endloop
  endfacet
  facet normal 0 0 1
    outer loop
      vertex 2 113 -14.2
      vertex 2.46927 114.696 -14.2
      vertex 2 114.464 -14.2
    endloop
  endfacet
  facet normal 0 0 1
    outer loop
      vertex 7.4641 109 -14.2
      vertex 5.60215 110.075 -14.2
      vertex 7.17341 108.565 -14.2
    endloop
  endfacet
  facet normal -0 0 1
    outer loop
      vertex 5.4677 109.874 -14.2
      vertex 7.17341 108.565 -14.2
      vertex 5.60215 110.075 -14.2
    endloop
  endfacet
  facet normal 0 0 1
    outer loop
      vertex 7.17341 108.565 -14.2
      vertex 5.4677 109.874 -14.2
      vertex 6.82843 108.172 -14.2
    endloop
  endfacet
  facet normal -0 0 1
    outer loop
      vertex 5.30815 109.692 -14.2
      vertex 6.82843 108.172 -14.2
      vertex 5.4677 109.874 -14.2
    endloop
  endfacet
  facet normal 0 0 1
    outer loop
      vertex 6.82843 108.172 -14.2
      vertex 5.30815 109.692 -14.2
      vertex 6.43505 107.827 -14.2
    endloop
  endfacet
  facet normal -0 0 1
    outer loop
      vertex 5.12621 109.532 -14.2
      vertex 6.43505 107.827 -14.2
      vertex 5.30815 109.692 -14.2
    endloop
  endfacet
  facet normal 0 0 1
    outer loop
      vertex 6.43505 107.827 -14.2
      vertex 5.12621 109.532 -14.2
      vertex 6 107.536 -14.2
    endloop
  endfacet
  facet normal -0 0 1
    outer loop
      vertex 4.925 109.398 -14.2
      vertex 6 107.536 -14.2
      vertex 5.12621 109.532 -14.2
    endloop
  endfacet
  facet normal 0 0 1
    outer loop
      vertex 6 107.536 -14.2
      vertex 4.925 109.398 -14.2
      vertex 5.53073 107.304 -14.2
    endloop
  endfacet
  facet normal -0 0 1
    outer loop
      vertex 4.70796 109.291 -14.2
      vertex 5.53073 107.304 -14.2
      vertex 4.925 109.398 -14.2
    endloop
  endfacet
  facet normal 0 0 1
    outer loop
      vertex 5.53073 107.304 -14.2
      vertex 4.70796 109.291 -14.2
      vertex 5.03528 107.136 -14.2
    endloop
  endfacet
  facet normal -0 0 1
    outer loop
      vertex 4.47882 109.213 -14.2
      vertex 5.03528 107.136 -14.2
      vertex 4.70796 109.291 -14.2
    endloop
  endfacet
  facet normal 0 0 1
    outer loop
      vertex 5.03528 107.136 -14.2
      vertex 4.47882 109.213 -14.2
      vertex 4.5221 107.034 -14.2
    endloop
  endfacet
  facet normal -0 0 1
    outer loop
      vertex 4.24147 109.166 -14.2
      vertex 4.5221 107.034 -14.2
      vertex 4.47882 109.213 -14.2
    endloop
  endfacet
  facet normal -0 0 1
    outer loop
      vertex 4 109.15 -14.2
      vertex 4.5221 107.034 -14.2
      vertex 4.24147 109.166 -14.2
    endloop
  endfacet
  facet normal 0 0 1
    outer loop
      vertex 4 109.15 -14.2
      vertex 4 107 -14.2
      vertex 4.5221 107.034 -14.2
    endloop
  endfacet
  facet normal 0 0 1
    outer loop
      vertex 3.75853 109.166 -14.2
      vertex 4 107 -14.2
      vertex 4 109.15 -14.2
    endloop
  endfacet
  facet normal 0 0 1
    outer loop
      vertex 3.47789 107.034 -14.2
      vertex 3.75853 109.166 -14.2
      vertex 3.52118 109.213 -14.2
    endloop
  endfacet
  facet normal 0 0 1
    outer loop
      vertex 3.75853 109.166 -14.2
      vertex 3.47789 107.034 -14.2
      vertex 4 107 -14.2
    endloop
  endfacet
  facet normal 0 0 1
    outer loop
      vertex 2.96472 107.136 -14.2
      vertex 3.52118 109.213 -14.2
      vertex 3.29204 109.291 -14.2
    endloop
  endfacet
  facet normal 0 0 1
    outer loop
      vertex 2.46927 107.304 -14.2
      vertex 3.29204 109.291 -14.2
      vertex 3.075 109.398 -14.2
    endloop
  endfacet
  facet normal 0 0 1
    outer loop
      vertex 3.52118 109.213 -14.2
      vertex 2.96472 107.136 -14.2
      vertex 3.47789 107.034 -14.2
    endloop
  endfacet
  facet normal 0 0 1
    outer loop
      vertex 2 107.536 -14.2
      vertex 3.075 109.398 -14.2
      vertex 2.87379 109.532 -14.2
    endloop
  endfacet
  facet normal 0 0 1
    outer loop
      vertex 1.56495 107.827 -14.2
      vertex 2.87379 109.532 -14.2
      vertex 2.69185 109.692 -14.2
    endloop
  endfacet
  facet normal 0 0 1
    outer loop
      vertex 1.17157 108.172 -14.2
      vertex 2.69185 109.692 -14.2
      vertex 2.5323 109.874 -14.2
    endloop
  endfacet
  facet normal 0 0 1
    outer loop
      vertex 3.29204 109.291 -14.2
      vertex 2.46927 107.304 -14.2
      vertex 2.96472 107.136 -14.2
    endloop
  endfacet
  facet normal 0 0 1
    outer loop
      vertex 0.826586 108.565 -14.2
      vertex 2.5323 109.874 -14.2
      vertex 2.39785 110.075 -14.2
    endloop
  endfacet
  facet normal 0 0 1
    outer loop
      vertex 0.535898 109 -14.2
      vertex 2.39785 110.075 -14.2
      vertex 2.29082 110.292 -14.2
    endloop
  endfacet
  facet normal 0 0 1
    outer loop
      vertex 0.304482 109.469 -14.2
      vertex 2.29082 110.292 -14.2
      vertex 2.21304 110.521 -14.2
    endloop
  endfacet
  facet normal 0 0 1
    outer loop
      vertex 0.136296 109.965 -14.2
      vertex 2.21304 110.521 -14.2
      vertex 2.16583 110.759 -14.2
    endloop
  endfacet
  facet normal -0 0 1
    outer loop
      vertex 0.136296 112.035 -14.2
      vertex 2.21304 111.479 -14.2
      vertex 0.304482 112.531 -14.2
    endloop
  endfacet
  facet normal 0 0 1
    outer loop
      vertex 2.21304 111.479 -14.2
      vertex 0.136296 112.035 -14.2
      vertex 2.16583 111.241 -14.2
    endloop
  endfacet
  facet normal 0 0 1
    outer loop
      vertex 3.075 109.398 -14.2
      vertex 2 107.536 -14.2
      vertex 2.46927 107.304 -14.2
    endloop
  endfacet
  facet normal 0 0 1
    outer loop
      vertex 2.16583 111.241 -14.2
      vertex 0.0342197 111.522 -14.2
      vertex 2.15 111 -14.2
    endloop
  endfacet
  facet normal 0 0 1
    outer loop
      vertex 2.87379 109.532 -14.2
      vertex 1.56495 107.827 -14.2
      vertex 2 107.536 -14.2
    endloop
  endfacet
  facet normal 0 0 1
    outer loop
      vertex 2.69185 109.692 -14.2
      vertex 1.17157 108.172 -14.2
      vertex 1.56495 107.827 -14.2
    endloop
  endfacet
  facet normal 0 0 1
    outer loop
      vertex 2.5323 109.874 -14.2
      vertex 0.826586 108.565 -14.2
      vertex 1.17157 108.172 -14.2
    endloop
  endfacet
  facet normal 0 0 1
    outer loop
      vertex 0.304482 112.531 -14.2
      vertex 2 113 -14.2
      vertex 0.535898 113 -14.2
    endloop
  endfacet
  facet normal 0 0 1
    outer loop
      vertex 2.39785 110.075 -14.2
      vertex 0.535898 109 -14.2
      vertex 0.826586 108.565 -14.2
    endloop
  endfacet
  facet normal -0 0 1
    outer loop
      vertex 0.0342197 111.522 -14.2
      vertex 2.16583 111.241 -14.2
      vertex 0.136296 112.035 -14.2
    endloop
  endfacet
  facet normal 0 0 1
    outer loop
      vertex 2.29082 110.292 -14.2
      vertex 0.304482 109.469 -14.2
      vertex 0.535898 109 -14.2
    endloop
  endfacet
  facet normal 0 0 1
    outer loop
      vertex 0 111 -14.2
      vertex 2.15 111 -14.2
      vertex 0.0342197 111.522 -14.2
    endloop
  endfacet
  facet normal 0 0 1
    outer loop
      vertex 2.21304 110.521 -14.2
      vertex 0.136296 109.965 -14.2
      vertex 0.304482 109.469 -14.2
    endloop
  endfacet
  facet normal 0 0 1
    outer loop
      vertex 2.15 111 -14.2
      vertex 0 111 -14.2
      vertex 2.16583 110.759 -14.2
    endloop
  endfacet
  facet normal 0 0 1
    outer loop
      vertex 2.16583 110.759 -14.2
      vertex 0.0342197 110.478 -14.2
      vertex 0.136296 109.965 -14.2
    endloop
  endfacet
  facet normal 0 0 1
    outer loop
      vertex 2.16583 110.759 -14.2
      vertex 0 111 -14.2
      vertex 0.0342197 110.478 -14.2
    endloop
  endfacet
  facet normal -0.443182 -0.896432 0
    outer loop
      vertex 2 107.536 -34.2
      vertex 2.46927 107.304 -14.2
      vertex 2 107.536 -14.2
    endloop
  endfacet
  facet normal -0.443182 -0.896432 -0
    outer loop
      vertex 2.46927 107.304 -14.2
      vertex 2 107.536 -34.2
      vertex 2.46927 107.304 -34.2
    endloop
  endfacet
  facet normal -0.947037 -0.321126 0
    outer loop
      vertex 0.304482 109.469 -34.2
      vertex 0.136296 109.965 -14.2
      vertex 0.136296 109.965 -34.2
    endloop
  endfacet
  facet normal -0.947037 -0.321126 0
    outer loop
      vertex 0.136296 109.965 -14.2
      vertex 0.304482 109.469 -34.2
      vertex 0.304482 109.469 -14.2
    endloop
  endfacet
  facet normal 0.947145 0.320807 0
    outer loop
      vertex 179.864 112.035 -14.2
      vertex 179.696 112.531 -34.2
      vertex 179.696 112.531 -14.2
    endloop
  endfacet
  facet normal 0.947145 0.320807 0
    outer loop
      vertex 179.696 112.531 -34.2
      vertex 179.864 112.035 -14.2
      vertex 179.864 112.035 -34.2
    endloop
  endfacet
  facet normal 0.997886 0.0649964 0
    outer loop
      vertex 180 111 -14.2
      vertex 179.966 111.522 -34.2
      vertex 179.966 111.522 -14.2
    endloop
  endfacet
  facet normal 0.997886 0.0649964 0
    outer loop
      vertex 179.966 111.522 -34.2
      vertex 180 111 -14.2
      vertex 180 111 -34.2
    endloop
  endfacet
  facet normal -0.0649964 0.997886 0
    outer loop
      vertex 176 115 -34.2
      vertex 175.478 114.966 -14.2
      vertex 176 115 -14.2
    endloop
  endfacet
  facet normal -0.0649964 0.997886 0
    outer loop
      vertex 175.478 114.966 -14.2
      vertex 176 115 -34.2
      vertex 175.478 114.966 -34.2
    endloop
  endfacet
  facet normal -0.75151 0.659722 0
    outer loop
      vertex 172.827 113.435 -34.2
      vertex 173.172 113.828 -14.2
      vertex 173.172 113.828 -34.2
    endloop
  endfacet
  facet normal -0.75151 0.659722 0
    outer loop
      vertex 173.172 113.828 -14.2
      vertex 172.827 113.435 -34.2
      vertex 172.827 113.435 -14.2
    endloop
  endfacet
  facet normal -0.443387 0.89633 0
    outer loop
      vertex 174.469 114.696 -34.2
      vertex 174 114.464 -14.2
      vertex 174.469 114.696 -14.2
    endloop
  endfacet
  facet normal -0.443387 0.89633 0
    outer loop
      vertex 174 114.464 -14.2
      vertex 174.469 114.696 -34.2
      vertex 174 114.464 -34.2
    endloop
  endfacet
  facet normal -0.75151 -0.659722 0
    outer loop
      vertex 173.172 108.172 -34.2
      vertex 172.827 108.565 -14.2
      vertex 172.827 108.565 -34.2
    endloop
  endfacet
  facet normal -0.75151 -0.659722 0
    outer loop
      vertex 172.827 108.565 -14.2
      vertex 173.172 108.172 -34.2
      vertex 173.172 108.172 -14.2
    endloop
  endfacet
  facet normal 0.89633 0.443387 0
    outer loop
      vertex 179.696 112.531 -14.2
      vertex 179.464 113 -34.2
      vertex 179.464 113 -14.2
    endloop
  endfacet
  facet normal 0.89633 0.443387 0
    outer loop
      vertex 179.464 113 -34.2
      vertex 179.696 112.531 -14.2
      vertex 179.696 112.531 -34.2
    endloop
  endfacet
  facet normal 0.320807 0.947145 -0
    outer loop
      vertex 177.531 114.696 -34.2
      vertex 177.035 114.864 -14.2
      vertex 177.531 114.696 -14.2
    endloop
  endfacet
  facet normal 0.320807 0.947145 0
    outer loop
      vertex 177.035 114.864 -14.2
      vertex 177.531 114.696 -34.2
      vertex 177.035 114.864 -34.2
    endloop
  endfacet
  facet normal 0.0649964 0.997886 -0
    outer loop
      vertex 176.522 114.966 -34.2
      vertex 176 115 -14.2
      vertex 176.522 114.966 -14.2
    endloop
  endfacet
  facet normal 0.0649964 0.997886 0
    outer loop
      vertex 176 115 -14.2
      vertex 176.522 114.966 -34.2
      vertex 176 115 -34.2
    endloop
  endfacet
  facet normal -0.947145 0.320807 0
    outer loop
      vertex 172.136 112.035 -34.2
      vertex 172.304 112.531 -14.2
      vertex 172.304 112.531 -34.2
    endloop
  endfacet
  facet normal -0.947145 0.320807 0
    outer loop
      vertex 172.304 112.531 -14.2
      vertex 172.136 112.035 -34.2
      vertex 172.136 112.035 -14.2
    endloop
  endfacet
  facet normal -0.89633 0.443387 0
    outer loop
      vertex 172.304 112.531 -34.2
      vertex 172.536 113 -14.2
      vertex 172.536 113 -34.2
    endloop
  endfacet
  facet normal -0.89633 0.443387 0
    outer loop
      vertex 172.536 113 -14.2
      vertex 172.304 112.531 -34.2
      vertex 172.304 112.531 -14.2
    endloop
  endfacet
  facet normal -0.980801 0.195013 0
    outer loop
      vertex 172.034 111.522 -34.2
      vertex 172.136 112.035 -14.2
      vertex 172.136 112.035 -34.2
    endloop
  endfacet
  facet normal -0.980801 0.195013 0
    outer loop
      vertex 172.136 112.035 -14.2
      vertex 172.034 111.522 -34.2
      vertex 172.034 111.522 -14.2
    endloop
  endfacet
  facet normal -0.997886 -0.0649964 0
    outer loop
      vertex 172.034 110.478 -34.2
      vertex 172 111 -14.2
      vertex 172 111 -34.2
    endloop
  endfacet
  facet normal -0.997886 -0.0649964 0
    outer loop
      vertex 172 111 -14.2
      vertex 172.034 110.478 -34.2
      vertex 172.034 110.478 -14.2
    endloop
  endfacet
  facet normal -0.556022 0.831167 0
    outer loop
      vertex 174 114.464 -34.2
      vertex 173.565 114.173 -14.2
      vertex 174 114.464 -14.2
    endloop
  endfacet
  facet normal -0.556022 0.831167 0
    outer loop
      vertex 173.565 114.173 -14.2
      vertex 174 114.464 -34.2
      vertex 173.565 114.173 -34.2
    endloop
  endfacet
  facet normal -0.195013 0.980801 0
    outer loop
      vertex 175.478 114.966 -34.2
      vertex 174.965 114.864 -14.2
      vertex 175.478 114.966 -14.2
    endloop
  endfacet
  facet normal -0.195013 0.980801 0
    outer loop
      vertex 174.965 114.864 -14.2
      vertex 175.478 114.966 -34.2
      vertex 174.965 114.864 -34.2
    endloop
  endfacet
  facet normal 0.75151 -0.659722 0
    outer loop
      vertex 178.828 108.172 -14.2
      vertex 179.173 108.565 -34.2
      vertex 179.173 108.565 -14.2
    endloop
  endfacet
  facet normal 0.75151 -0.659722 0
    outer loop
      vertex 179.173 108.565 -34.2
      vertex 178.828 108.172 -14.2
      vertex 178.828 108.172 -34.2
    endloop
  endfacet
  facet normal 0.556022 -0.831167 0
    outer loop
      vertex 178 107.536 -34.2
      vertex 178.435 107.827 -14.2
      vertex 178 107.536 -14.2
    endloop
  endfacet
  facet normal 0.556022 -0.831167 0
    outer loop
      vertex 178.435 107.827 -14.2
      vertex 178 107.536 -34.2
      vertex 178.435 107.827 -34.2
    endloop
  endfacet
  facet normal 0.980801 -0.195013 0
    outer loop
      vertex 179.864 109.965 -14.2
      vertex 179.966 110.478 -34.2
      vertex 179.966 110.478 -14.2
    endloop
  endfacet
  facet normal 0.980801 -0.195013 0
    outer loop
      vertex 179.966 110.478 -34.2
      vertex 179.864 109.965 -14.2
      vertex 179.864 109.965 -34.2
    endloop
  endfacet
  facet normal -0.195013 -0.980801 0
    outer loop
      vertex 174.965 107.136 -34.2
      vertex 175.478 107.034 -14.2
      vertex 174.965 107.136 -14.2
    endloop
  endfacet
  facet normal -0.195013 -0.980801 -0
    outer loop
      vertex 175.478 107.034 -14.2
      vertex 174.965 107.136 -34.2
      vertex 175.478 107.034 -34.2
    endloop
  endfacet
  facet normal -0.320807 -0.947145 0
    outer loop
      vertex 174.469 107.304 -34.2
      vertex 174.965 107.136 -14.2
      vertex 174.469 107.304 -14.2
    endloop
  endfacet
  facet normal -0.320807 -0.947145 -0
    outer loop
      vertex 174.965 107.136 -14.2
      vertex 174.469 107.304 -34.2
      vertex 174.965 107.136 -34.2
    endloop
  endfacet
  facet normal -0.831167 -0.556022 0
    outer loop
      vertex 172.827 108.565 -34.2
      vertex 172.536 109 -14.2
      vertex 172.536 109 -34.2
    endloop
  endfacet
  facet normal -0.831167 -0.556022 0
    outer loop
      vertex 172.536 109 -14.2
      vertex 172.827 108.565 -34.2
      vertex 172.827 108.565 -14.2
    endloop
  endfacet
  facet normal -0.89633 -0.443387 0
    outer loop
      vertex 172.536 109 -34.2
      vertex 172.304 109.469 -14.2
      vertex 172.304 109.469 -34.2
    endloop
  endfacet
  facet normal -0.89633 -0.443387 0
    outer loop
      vertex 172.304 109.469 -14.2
      vertex 172.536 109 -34.2
      vertex 172.536 109 -14.2
    endloop
  endfacet
  facet normal 0.195013 0.980801 -0
    outer loop
      vertex 177.035 114.864 -34.2
      vertex 176.522 114.966 -14.2
      vertex 177.035 114.864 -14.2
    endloop
  endfacet
  facet normal 0.195013 0.980801 0
    outer loop
      vertex 176.522 114.966 -14.2
      vertex 177.035 114.864 -34.2
      vertex 176.522 114.966 -34.2
    endloop
  endfacet
  facet normal 0.443387 0.89633 -0
    outer loop
      vertex 178 114.464 -34.2
      vertex 177.531 114.696 -14.2
      vertex 178 114.464 -14.2
    endloop
  endfacet
  facet normal 0.443387 0.89633 0
    outer loop
      vertex 177.531 114.696 -14.2
      vertex 178 114.464 -34.2
      vertex 177.531 114.696 -34.2
    endloop
  endfacet
  facet normal -0.831167 0.556022 0
    outer loop
      vertex 172.536 113 -34.2
      vertex 172.827 113.435 -14.2
      vertex 172.827 113.435 -34.2
    endloop
  endfacet
  facet normal -0.831167 0.556022 0
    outer loop
      vertex 172.827 113.435 -14.2
      vertex 172.536 113 -34.2
      vertex 172.536 113 -14.2
    endloop
  endfacet
  facet normal -0.997886 0.0649964 0
    outer loop
      vertex 172 111 -34.2
      vertex 172.034 111.522 -14.2
      vertex 172.034 111.522 -34.2
    endloop
  endfacet
  facet normal -0.997886 0.0649964 0
    outer loop
      vertex 172.034 111.522 -14.2
      vertex 172 111 -34.2
      vertex 172 111 -14.2
    endloop
  endfacet
  facet normal -0.659722 0.75151 0
    outer loop
      vertex 173.565 114.173 -34.2
      vertex 173.172 113.828 -14.2
      vertex 173.565 114.173 -14.2
    endloop
  endfacet
  facet normal -0.659722 0.75151 0
    outer loop
      vertex 173.172 113.828 -14.2
      vertex 173.565 114.173 -34.2
      vertex 173.172 113.828 -34.2
    endloop
  endfacet
  facet normal -0.320807 0.947145 0
    outer loop
      vertex 174.965 114.864 -34.2
      vertex 174.469 114.696 -14.2
      vertex 174.965 114.864 -14.2
    endloop
  endfacet
  facet normal -0.320807 0.947145 0
    outer loop
      vertex 174.469 114.696 -14.2
      vertex 174.965 114.864 -34.2
      vertex 174.469 114.696 -34.2
    endloop
  endfacet
  facet normal 0.443387 -0.89633 0
    outer loop
      vertex 177.531 107.304 -34.2
      vertex 178 107.536 -14.2
      vertex 177.531 107.304 -14.2
    endloop
  endfacet
  facet normal 0.443387 -0.89633 0
    outer loop
      vertex 178 107.536 -14.2
      vertex 177.531 107.304 -34.2
      vertex 178 107.536 -34.2
    endloop
  endfacet
  facet normal 0.195013 -0.980801 0
    outer loop
      vertex 176.522 107.034 -34.2
      vertex 177.035 107.136 -14.2
      vertex 176.522 107.034 -14.2
    endloop
  endfacet
  facet normal 0.195013 -0.980801 0
    outer loop
      vertex 177.035 107.136 -14.2
      vertex 176.522 107.034 -34.2
      vertex 177.035 107.136 -34.2
    endloop
  endfacet
  facet normal 0.320807 -0.947145 0
    outer loop
      vertex 177.035 107.136 -34.2
      vertex 177.531 107.304 -14.2
      vertex 177.035 107.136 -14.2
    endloop
  endfacet
  facet normal 0.320807 -0.947145 0
    outer loop
      vertex 177.531 107.304 -14.2
      vertex 177.035 107.136 -34.2
      vertex 177.531 107.304 -34.2
    endloop
  endfacet
  facet normal 0.659722 -0.75151 0
    outer loop
      vertex 178.435 107.827 -34.2
      vertex 178.828 108.172 -14.2
      vertex 178.435 107.827 -14.2
    endloop
  endfacet
  facet normal 0.659722 -0.75151 0
    outer loop
      vertex 178.828 108.172 -14.2
      vertex 178.435 107.827 -34.2
      vertex 178.828 108.172 -34.2
    endloop
  endfacet
  facet normal 0.947145 -0.320807 0
    outer loop
      vertex 179.696 109.469 -14.2
      vertex 179.864 109.965 -34.2
      vertex 179.864 109.965 -14.2
    endloop
  endfacet
  facet normal 0.947145 -0.320807 0
    outer loop
      vertex 179.864 109.965 -34.2
      vertex 179.696 109.469 -14.2
      vertex 179.696 109.469 -34.2
    endloop
  endfacet
  facet normal 0.831167 -0.556022 0
    outer loop
      vertex 179.173 108.565 -14.2
      vertex 179.464 109 -34.2
      vertex 179.464 109 -14.2
    endloop
  endfacet
  facet normal 0.831167 -0.556022 0
    outer loop
      vertex 179.464 109 -34.2
      vertex 179.173 108.565 -14.2
      vertex 179.173 108.565 -34.2
    endloop
  endfacet
  facet normal 0.89633 -0.443387 0
    outer loop
      vertex 179.464 109 -14.2
      vertex 179.696 109.469 -34.2
      vertex 179.696 109.469 -14.2
    endloop
  endfacet
  facet normal 0.89633 -0.443387 0
    outer loop
      vertex 179.696 109.469 -34.2
      vertex 179.464 109 -14.2
      vertex 179.464 109 -34.2
    endloop
  endfacet
  facet normal 0.997886 -0.0649964 0
    outer loop
      vertex 179.966 110.478 -14.2
      vertex 180 111 -34.2
      vertex 180 111 -14.2
    endloop
  endfacet
  facet normal 0.997886 -0.0649964 0
    outer loop
      vertex 180 111 -34.2
      vertex 179.966 110.478 -14.2
      vertex 179.966 110.478 -34.2
    endloop
  endfacet
  facet normal -0.0649964 -0.997886 0
    outer loop
      vertex 175.478 107.034 -34.2
      vertex 176 107 -14.2
      vertex 175.478 107.034 -14.2
    endloop
  endfacet
  facet normal -0.0649964 -0.997886 -0
    outer loop
      vertex 176 107 -14.2
      vertex 175.478 107.034 -34.2
      vertex 176 107 -34.2
    endloop
  endfacet
  facet normal -0.556022 -0.831167 0
    outer loop
      vertex 173.565 107.827 -34.2
      vertex 174 107.536 -14.2
      vertex 173.565 107.827 -14.2
    endloop
  endfacet
  facet normal -0.556022 -0.831167 -0
    outer loop
      vertex 174 107.536 -14.2
      vertex 173.565 107.827 -34.2
      vertex 174 107.536 -34.2
    endloop
  endfacet
  facet normal 0.0649964 -0.997886 0
    outer loop
      vertex 176 107 -34.2
      vertex 176.522 107.034 -14.2
      vertex 176 107 -14.2
    endloop
  endfacet
  facet normal 0.0649964 -0.997886 0
    outer loop
      vertex 176.522 107.034 -14.2
      vertex 176 107 -34.2
      vertex 176.522 107.034 -34.2
    endloop
  endfacet
  facet normal -0.443387 -0.89633 0
    outer loop
      vertex 174 107.536 -34.2
      vertex 174.469 107.304 -14.2
      vertex 174 107.536 -14.2
    endloop
  endfacet
  facet normal -0.443387 -0.89633 -0
    outer loop
      vertex 174.469 107.304 -14.2
      vertex 174 107.536 -34.2
      vertex 174.469 107.304 -34.2
    endloop
  endfacet
  facet normal -0.659722 -0.75151 0
    outer loop
      vertex 173.172 108.172 -34.2
      vertex 173.565 107.827 -14.2
      vertex 173.172 108.172 -14.2
    endloop
  endfacet
  facet normal -0.659722 -0.75151 -0
    outer loop
      vertex 173.565 107.827 -14.2
      vertex 173.172 108.172 -34.2
      vertex 173.565 107.827 -34.2
    endloop
  endfacet
  facet normal -0.980801 -0.195013 0
    outer loop
      vertex 172.136 109.965 -34.2
      vertex 172.034 110.478 -14.2
      vertex 172.034 110.478 -34.2
    endloop
  endfacet
  facet normal -0.980801 -0.195013 0
    outer loop
      vertex 172.034 110.478 -14.2
      vertex 172.136 109.965 -34.2
      vertex 172.136 109.965 -14.2
    endloop
  endfacet
  facet normal 0.980801 0.195013 0
    outer loop
      vertex 179.966 111.522 -14.2
      vertex 179.864 112.035 -34.2
      vertex 179.864 112.035 -14.2
    endloop
  endfacet
  facet normal 0.980801 0.195013 0
    outer loop
      vertex 179.864 112.035 -34.2
      vertex 179.966 111.522 -14.2
      vertex 179.966 111.522 -34.2
    endloop
  endfacet
  facet normal 0 0 1
    outer loop
      vertex 177.531 114.696 -14.2
      vertex 178 113 -14.2
      vertex 178 114.464 -14.2
    endloop
  endfacet
  facet normal 0 0 1
    outer loop
      vertex 178 113 -14.2
      vertex 177.85 111 -14.2
      vertex 178 107.536 -14.2
    endloop
  endfacet
  facet normal 0 0 1
    outer loop
      vertex 178 113 -14.2
      vertex 177.834 111.241 -14.2
      vertex 177.85 111 -14.2
    endloop
  endfacet
  facet normal 0 0 1
    outer loop
      vertex 178 113 -14.2
      vertex 177.787 111.479 -14.2
      vertex 177.834 111.241 -14.2
    endloop
  endfacet
  facet normal 0 0 1
    outer loop
      vertex 178 113 -14.2
      vertex 177.709 111.708 -14.2
      vertex 177.787 111.479 -14.2
    endloop
  endfacet
  facet normal 0 0 1
    outer loop
      vertex 178 113 -14.2
      vertex 177.602 111.925 -14.2
      vertex 177.709 111.708 -14.2
    endloop
  endfacet
  facet normal 0 0 1
    outer loop
      vertex 176.708 112.709 -14.2
      vertex 178 113 -14.2
      vertex 177.531 114.696 -14.2
    endloop
  endfacet
  facet normal 0 0 1
    outer loop
      vertex 178 113 -14.2
      vertex 177.468 112.126 -14.2
      vertex 177.602 111.925 -14.2
    endloop
  endfacet
  facet normal 0 0 1
    outer loop
      vertex 178 113 -14.2
      vertex 177.308 112.308 -14.2
      vertex 177.468 112.126 -14.2
    endloop
  endfacet
  facet normal 0 0 1
    outer loop
      vertex 178 113 -14.2
      vertex 177.126 112.468 -14.2
      vertex 177.308 112.308 -14.2
    endloop
  endfacet
  facet normal 0 0 1
    outer loop
      vertex 176.708 112.709 -14.2
      vertex 177.531 114.696 -14.2
      vertex 177.035 114.864 -14.2
    endloop
  endfacet
  facet normal 0 0 1
    outer loop
      vertex 178 113 -14.2
      vertex 176.925 112.602 -14.2
      vertex 177.126 112.468 -14.2
    endloop
  endfacet
  facet normal 0 0 1
    outer loop
      vertex 178 113 -14.2
      vertex 176.708 112.709 -14.2
      vertex 176.925 112.602 -14.2
    endloop
  endfacet
  facet normal 0 0 1
    outer loop
      vertex 176.479 112.787 -14.2
      vertex 177.035 114.864 -14.2
      vertex 176.522 114.966 -14.2
    endloop
  endfacet
  facet normal 0 0 1
    outer loop
      vertex 177.035 114.864 -14.2
      vertex 176.479 112.787 -14.2
      vertex 176.708 112.709 -14.2
    endloop
  endfacet
  facet normal 0 0 1
    outer loop
      vertex 176.522 114.966 -14.2
      vertex 176.241 112.834 -14.2
      vertex 176.479 112.787 -14.2
    endloop
  endfacet
  facet normal 0 0 1
    outer loop
      vertex 176 115 -14.2
      vertex 176.241 112.834 -14.2
      vertex 176.522 114.966 -14.2
    endloop
  endfacet
  facet normal 0 0 1
    outer loop
      vertex 176 115 -14.2
      vertex 176 112.85 -14.2
      vertex 176.241 112.834 -14.2
    endloop
  endfacet
  facet normal 0 0 1
    outer loop
      vertex 176 115 -14.2
      vertex 175.759 112.834 -14.2
      vertex 176 112.85 -14.2
    endloop
  endfacet
  facet normal -0 0 1
    outer loop
      vertex 175.478 114.966 -14.2
      vertex 175.759 112.834 -14.2
      vertex 176 115 -14.2
    endloop
  endfacet
  facet normal 0 0 1
    outer loop
      vertex 175.759 112.834 -14.2
      vertex 175.478 114.966 -14.2
      vertex 175.521 112.787 -14.2
    endloop
  endfacet
  facet normal -0 0 1
    outer loop
      vertex 174.965 114.864 -14.2
      vertex 175.521 112.787 -14.2
      vertex 175.478 114.966 -14.2
    endloop
  endfacet
  facet normal 0 0 1
    outer loop
      vertex 175.521 112.787 -14.2
      vertex 174.965 114.864 -14.2
      vertex 175.292 112.709 -14.2
    endloop
  endfacet
  facet normal -0 0 1
    outer loop
      vertex 174.469 114.696 -14.2
      vertex 175.292 112.709 -14.2
      vertex 174.965 114.864 -14.2
    endloop
  endfacet
  facet normal 0 0 1
    outer loop
      vertex 175.292 112.709 -14.2
      vertex 174.469 114.696 -14.2
      vertex 175.075 112.602 -14.2
    endloop
  endfacet
  facet normal -0 0 1
    outer loop
      vertex 174 114.464 -14.2
      vertex 175.075 112.602 -14.2
      vertex 174.469 114.696 -14.2
    endloop
  endfacet
  facet normal 0 0 1
    outer loop
      vertex 175.075 112.602 -14.2
      vertex 174 114.464 -14.2
      vertex 174.874 112.468 -14.2
    endloop
  endfacet
  facet normal -0 0 1
    outer loop
      vertex 173.565 114.173 -14.2
      vertex 174.874 112.468 -14.2
      vertex 174 114.464 -14.2
    endloop
  endfacet
  facet normal 0 0 1
    outer loop
      vertex 174.874 112.468 -14.2
      vertex 173.565 114.173 -14.2
      vertex 174.692 112.308 -14.2
    endloop
  endfacet
  facet normal -0 0 1
    outer loop
      vertex 173.172 113.828 -14.2
      vertex 174.692 112.308 -14.2
      vertex 173.565 114.173 -14.2
    endloop
  endfacet
  facet normal 0 0 1
    outer loop
      vertex 174.692 112.308 -14.2
      vertex 173.172 113.828 -14.2
      vertex 174.532 112.126 -14.2
    endloop
  endfacet
  facet normal -0 0 1
    outer loop
      vertex 172.827 113.435 -14.2
      vertex 174.532 112.126 -14.2
      vertex 173.172 113.828 -14.2
    endloop
  endfacet
  facet normal -0 0 1
    outer loop
      vertex 172.536 113 -14.2
      vertex 174.398 111.925 -14.2
      vertex 172.827 113.435 -14.2
    endloop
  endfacet
  facet normal 0 0 1
    outer loop
      vertex 174.532 112.126 -14.2
      vertex 172.827 113.435 -14.2
      vertex 174.398 111.925 -14.2
    endloop
  endfacet
  facet normal 0 0 1
    outer loop
      vertex 178 113 -14.2
      vertex 180 111 -14.2
      vertex 179.966 111.522 -14.2
    endloop
  endfacet
  facet normal 0 0 1
    outer loop
      vertex 178 113 -14.2
      vertex 179.966 111.522 -14.2
      vertex 179.864 112.035 -14.2
    endloop
  endfacet
  facet normal 0 0 1
    outer loop
      vertex 180 111 -14.2
      vertex 178 113 -14.2
      vertex 179.966 110.478 -14.2
    endloop
  endfacet
  facet normal 0 0 1
    outer loop
      vertex 178 113 -14.2
      vertex 179.864 112.035 -14.2
      vertex 179.696 112.531 -14.2
    endloop
  endfacet
  facet normal 0 0 1
    outer loop
      vertex 179.966 110.478 -14.2
      vertex 178 113 -14.2
      vertex 179.864 109.965 -14.2
    endloop
  endfacet
  facet normal -0 0 1
    outer loop
      vertex 178 113 -14.2
      vertex 179.696 112.531 -14.2
      vertex 179.464 113 -14.2
    endloop
  endfacet
  facet normal 0 0 1
    outer loop
      vertex 179.864 109.965 -14.2
      vertex 178 113 -14.2
      vertex 179.696 109.469 -14.2
    endloop
  endfacet
  facet normal 0 0 1
    outer loop
      vertex 179.696 109.469 -14.2
      vertex 178 113 -14.2
      vertex 179.464 109 -14.2
    endloop
  endfacet
  facet normal 0 0 1
    outer loop
      vertex 179.464 109 -14.2
      vertex 178 113 -14.2
      vertex 179.173 108.565 -14.2
    endloop
  endfacet
  facet normal 0 0 1
    outer loop
      vertex 179.173 108.565 -14.2
      vertex 178 113 -14.2
      vertex 178.828 108.172 -14.2
    endloop
  endfacet
  facet normal 0 0 1
    outer loop
      vertex 178.828 108.172 -14.2
      vertex 178 113 -14.2
      vertex 178.435 107.827 -14.2
    endloop
  endfacet
  facet normal 0 0 1
    outer loop
      vertex 178.435 107.827 -14.2
      vertex 178 113 -14.2
      vertex 178 107.536 -14.2
    endloop
  endfacet
  facet normal -0 0 1
    outer loop
      vertex 177.834 110.759 -14.2
      vertex 178 107.536 -14.2
      vertex 177.85 111 -14.2
    endloop
  endfacet
  facet normal -0 0 1
    outer loop
      vertex 177.787 110.521 -14.2
      vertex 178 107.536 -14.2
      vertex 177.834 110.759 -14.2
    endloop
  endfacet
  facet normal -0 0 1
    outer loop
      vertex 177.709 110.292 -14.2
      vertex 178 107.536 -14.2
      vertex 177.787 110.521 -14.2
    endloop
  endfacet
  facet normal -0 0 1
    outer loop
      vertex 177.602 110.075 -14.2
      vertex 178 107.536 -14.2
      vertex 177.709 110.292 -14.2
    endloop
  endfacet
  facet normal -0 0 1
    outer loop
      vertex 177.468 109.874 -14.2
      vertex 178 107.536 -14.2
      vertex 177.602 110.075 -14.2
    endloop
  endfacet
  facet normal -0 0 1
    outer loop
      vertex 177.308 109.692 -14.2
      vertex 178 107.536 -14.2
      vertex 177.468 109.874 -14.2
    endloop
  endfacet
  facet normal -0 0 1
    outer loop
      vertex 177.126 109.532 -14.2
      vertex 178 107.536 -14.2
      vertex 177.308 109.692 -14.2
    endloop
  endfacet
  facet normal -0 0 1
    outer loop
      vertex 176.925 109.398 -14.2
      vertex 178 107.536 -14.2
      vertex 177.126 109.532 -14.2
    endloop
  endfacet
  facet normal 0 0 1
    outer loop
      vertex 178 107.536 -14.2
      vertex 176.925 109.398 -14.2
      vertex 177.531 107.304 -14.2
    endloop
  endfacet
  facet normal -0 0 1
    outer loop
      vertex 176.708 109.291 -14.2
      vertex 177.531 107.304 -14.2
      vertex 176.925 109.398 -14.2
    endloop
  endfacet
  facet normal 0 0 1
    outer loop
      vertex 177.531 107.304 -14.2
      vertex 176.708 109.291 -14.2
      vertex 177.035 107.136 -14.2
    endloop
  endfacet
  facet normal -0 0 1
    outer loop
      vertex 176.479 109.213 -14.2
      vertex 177.035 107.136 -14.2
      vertex 176.708 109.291 -14.2
    endloop
  endfacet
  facet normal 0 0 1
    outer loop
      vertex 177.035 107.136 -14.2
      vertex 176.479 109.213 -14.2
      vertex 176.522 107.034 -14.2
    endloop
  endfacet
  facet normal -0 0 1
    outer loop
      vertex 176.241 109.166 -14.2
      vertex 176.522 107.034 -14.2
      vertex 176.479 109.213 -14.2
    endloop
  endfacet
  facet normal -0 0 1
    outer loop
      vertex 176 109.15 -14.2
      vertex 176.522 107.034 -14.2
      vertex 176.241 109.166 -14.2
    endloop
  endfacet
  facet normal 0 0 1
    outer loop
      vertex 176 109.15 -14.2
      vertex 176 107 -14.2
      vertex 176.522 107.034 -14.2
    endloop
  endfacet
  facet normal 0 0 1
    outer loop
      vertex 175.759 109.166 -14.2
      vertex 176 107 -14.2
      vertex 176 109.15 -14.2
    endloop
  endfacet
  facet normal 0 0 1
    outer loop
      vertex 175.478 107.034 -14.2
      vertex 175.759 109.166 -14.2
      vertex 175.521 109.213 -14.2
    endloop
  endfacet
  facet normal 0 0 1
    outer loop
      vertex 175.759 109.166 -14.2
      vertex 175.478 107.034 -14.2
      vertex 176 107 -14.2
    endloop
  endfacet
  facet normal 0 0 1
    outer loop
      vertex 174.965 107.136 -14.2
      vertex 175.521 109.213 -14.2
      vertex 175.292 109.291 -14.2
    endloop
  endfacet
  facet normal 0 0 1
    outer loop
      vertex 174.469 107.304 -14.2
      vertex 175.292 109.291 -14.2
      vertex 175.075 109.398 -14.2
    endloop
  endfacet
  facet normal 0 0 1
    outer loop
      vertex 175.521 109.213 -14.2
      vertex 174.965 107.136 -14.2
      vertex 175.478 107.034 -14.2
    endloop
  endfacet
  facet normal 0 0 1
    outer loop
      vertex 174 107.536 -14.2
      vertex 175.075 109.398 -14.2
      vertex 174.874 109.532 -14.2
    endloop
  endfacet
  facet normal 0 0 1
    outer loop
      vertex 173.565 107.827 -14.2
      vertex 174.874 109.532 -14.2
      vertex 174.692 109.692 -14.2
    endloop
  endfacet
  facet normal 0 0 1
    outer loop
      vertex 173.172 108.172 -14.2
      vertex 174.692 109.692 -14.2
      vertex 174.532 109.874 -14.2
    endloop
  endfacet
  facet normal 0 0 1
    outer loop
      vertex 175.292 109.291 -14.2
      vertex 174.469 107.304 -14.2
      vertex 174.965 107.136 -14.2
    endloop
  endfacet
  facet normal 0 0 1
    outer loop
      vertex 172.827 108.565 -14.2
      vertex 174.532 109.874 -14.2
      vertex 174.398 110.075 -14.2
    endloop
  endfacet
  facet normal 0 0 1
    outer loop
      vertex 172.536 109 -14.2
      vertex 174.398 110.075 -14.2
      vertex 174.291 110.292 -14.2
    endloop
  endfacet
  facet normal 0 0 1
    outer loop
      vertex 172.304 109.469 -14.2
      vertex 174.291 110.292 -14.2
      vertex 174.213 110.521 -14.2
    endloop
  endfacet
  facet normal 0 0 1
    outer loop
      vertex 172.136 109.965 -14.2
      vertex 174.213 110.521 -14.2
      vertex 174.166 110.759 -14.2
    endloop
  endfacet
  facet normal 0 0 1
    outer loop
      vertex 175.075 109.398 -14.2
      vertex 174 107.536 -14.2
      vertex 174.469 107.304 -14.2
    endloop
  endfacet
  facet normal 0 0 1
    outer loop
      vertex 172.034 110.478 -14.2
      vertex 174.166 110.759 -14.2
      vertex 174.15 111 -14.2
    endloop
  endfacet
  facet normal 0 0 1
    outer loop
      vertex 174.398 111.925 -14.2
      vertex 172.536 113 -14.2
      vertex 174.291 111.708 -14.2
    endloop
  endfacet
  facet normal -0 0 1
    outer loop
      vertex 172.304 112.531 -14.2
      vertex 174.291 111.708 -14.2
      vertex 172.536 113 -14.2
    endloop
  endfacet
  facet normal 0 0 1
    outer loop
      vertex 174.874 109.532 -14.2
      vertex 173.565 107.827 -14.2
      vertex 174 107.536 -14.2
    endloop
  endfacet
  facet normal 0 0 1
    outer loop
      vertex 174.291 111.708 -14.2
      vertex 172.304 112.531 -14.2
      vertex 174.213 111.479 -14.2
    endloop
  endfacet
  facet normal 0 0 1
    outer loop
      vertex 174.692 109.692 -14.2
      vertex 173.172 108.172 -14.2
      vertex 173.565 107.827 -14.2
    endloop
  endfacet
  facet normal -0 0 1
    outer loop
      vertex 172.136 112.035 -14.2
      vertex 174.213 111.479 -14.2
      vertex 172.304 112.531 -14.2
    endloop
  endfacet
  facet normal 0 0 1
    outer loop
      vertex 174.532 109.874 -14.2
      vertex 172.827 108.565 -14.2
      vertex 173.172 108.172 -14.2
    endloop
  endfacet
  facet normal 0 0 1
    outer loop
      vertex 174.213 111.479 -14.2
      vertex 172.136 112.035 -14.2
      vertex 174.166 111.241 -14.2
    endloop
  endfacet
  facet normal 0 0 1
    outer loop
      vertex 174.398 110.075 -14.2
      vertex 172.536 109 -14.2
      vertex 172.827 108.565 -14.2
    endloop
  endfacet
  facet normal -0 0 1
    outer loop
      vertex 172.034 111.522 -14.2
      vertex 174.166 111.241 -14.2
      vertex 172.136 112.035 -14.2
    endloop
  endfacet
  facet normal 0 0 1
    outer loop
      vertex 174.291 110.292 -14.2
      vertex 172.304 109.469 -14.2
      vertex 172.536 109 -14.2
    endloop
  endfacet
  facet normal 0 0 1
    outer loop
      vertex 174.166 111.241 -14.2
      vertex 172.034 111.522 -14.2
      vertex 174.15 111 -14.2
    endloop
  endfacet
  facet normal 0 0 1
    outer loop
      vertex 174.213 110.521 -14.2
      vertex 172.136 109.965 -14.2
      vertex 172.304 109.469 -14.2
    endloop
  endfacet
  facet normal 0 0 1
    outer loop
      vertex 172 111 -14.2
      vertex 174.15 111 -14.2
      vertex 172.034 111.522 -14.2
    endloop
  endfacet
  facet normal 0 0 1
    outer loop
      vertex 174.166 110.759 -14.2
      vertex 172.034 110.478 -14.2
      vertex 172.136 109.965 -14.2
    endloop
  endfacet
  facet normal 0 0 1
    outer loop
      vertex 174.15 111 -14.2
      vertex 172 111 -14.2
      vertex 172.034 110.478 -14.2
    endloop
  endfacet
  facet normal -0.947145 -0.320807 0
    outer loop
      vertex 172.304 109.469 -34.2
      vertex 172.136 109.965 -14.2
      vertex 172.136 109.965 -34.2
    endloop
  endfacet
  facet normal -0.947145 -0.320807 0
    outer loop
      vertex 172.136 109.965 -14.2
      vertex 172.304 109.469 -34.2
      vertex 172.304 109.469 -14.2
    endloop
  endfacet
  facet normal -0.997859 -0.0653959 0
    outer loop
      vertex -0.150001 13 -34.2
      vertex -0.165828 13.2415 8
      vertex -0.165828 13.2415 -34.2
    endloop
  endfacet
  facet normal -0.997859 -0.0653959 0
    outer loop
      vertex -0.165828 13.2415 8
      vertex -0.150001 13 -34.2
      vertex -0.150001 13 8
    endloop
  endfacet
  facet normal -0.997859 -0.0653959 0
    outer loop
      vertex -0.150001 13 10.5
      vertex -0.165828 13.2415 14
      vertex -0.165828 13.2415 10.5
    endloop
  endfacet
  facet normal -0.997859 -0.0653959 0
    outer loop
      vertex -0.165828 13.2415 14
      vertex -0.150001 13 10.5
      vertex -0.150001 13 14
    endloop
  endfacet
  facet normal 0.997859 -0.0654083 0
    outer loop
      vertex -3.85 13 8
      vertex -3.83417 13.2415 -34.2
      vertex -3.83417 13.2415 8
    endloop
  endfacet
  facet normal 0.997859 -0.0654083 0
    outer loop
      vertex -3.83417 13.2415 -34.2
      vertex -3.85 13 8
      vertex -3.85 13 -34.2
    endloop
  endfacet
  facet normal 0.997859 -0.0654083 0
    outer loop
      vertex -3.85 13 14
      vertex -3.83417 13.2415 10.5
      vertex -3.83417 13.2415 14
    endloop
  endfacet
  facet normal 0.997859 -0.0654083 0
    outer loop
      vertex -3.83417 13.2415 10.5
      vertex -3.85 13 14
      vertex -3.85 13 10.5
    endloop
  endfacet
  facet normal -0.0652929 -0.997866 0
    outer loop
      vertex -2 14.85 -34.2
      vertex -1.75853 14.8342 8
      vertex -2 14.85 8
    endloop
  endfacet
  facet normal -0.0652929 -0.997866 -0
    outer loop
      vertex -1.75853 14.8342 8
      vertex -2 14.85 -34.2
      vertex -1.75853 14.8342 -34.2
    endloop
  endfacet
  facet normal -0.0652929 -0.997866 0
    outer loop
      vertex -2 14.85 10.5
      vertex -1.75853 14.8342 14
      vertex -2 14.85 14
    endloop
  endfacet
  facet normal -0.0652929 -0.997866 -0
    outer loop
      vertex -1.75853 14.8342 14
      vertex -2 14.85 10.5
      vertex -1.75853 14.8342 10.5
    endloop
  endfacet
  facet normal 0.0652929 0.997866 -0
    outer loop
      vertex -2 11.15 -34.2
      vertex -2.24147 11.1658 8
      vertex -2 11.15 8
    endloop
  endfacet
  facet normal 0.0652929 0.997866 0
    outer loop
      vertex -2.24147 11.1658 8
      vertex -2 11.15 -34.2
      vertex -2.24147 11.1658 -34.2
    endloop
  endfacet
  facet normal 0.0652929 0.997866 -0
    outer loop
      vertex -2 11.15 10.5
      vertex -2.24147 11.1658 14
      vertex -2 11.15 14
    endloop
  endfacet
  facet normal 0.0652929 0.997866 0
    outer loop
      vertex -2.24147 11.1658 14
      vertex -2 11.15 10.5
      vertex -2.24147 11.1658 10.5
    endloop
  endfacet
  facet normal -0.75177 -0.659425 0
    outer loop
      vertex -0.532297 14.1262 -34.2
      vertex -0.691853 14.3081 8
      vertex -0.691853 14.3081 -34.2
    endloop
  endfacet
  facet normal -0.75177 -0.659425 0
    outer loop
      vertex -0.691853 14.3081 8
      vertex -0.532297 14.1262 -34.2
      vertex -0.532297 14.1262 8
    endloop
  endfacet
  facet normal -0.75177 -0.659425 0
    outer loop
      vertex -0.532297 14.1262 10.5
      vertex -0.691853 14.3081 14
      vertex -0.691853 14.3081 10.5
    endloop
  endfacet
  facet normal -0.75177 -0.659425 0
    outer loop
      vertex -0.691853 14.3081 14
      vertex -0.532297 14.1262 10.5
      vertex -0.532297 14.1262 14
    endloop
  endfacet
  facet normal 0.659446 -0.751752 0
    outer loop
      vertex -3.30815 14.3081 -34.2
      vertex -3.12621 14.4677 8
      vertex -3.30815 14.3081 8
    endloop
  endfacet
  facet normal 0.659446 -0.751752 0
    outer loop
      vertex -3.12621 14.4677 8
      vertex -3.30815 14.3081 -34.2
      vertex -3.12621 14.4677 -34.2
    endloop
  endfacet
  facet normal 0.659446 -0.751752 0
    outer loop
      vertex -3.30815 14.3081 10.5
      vertex -3.12621 14.4677 14
      vertex -3.30815 14.3081 14
    endloop
  endfacet
  facet normal 0.659446 -0.751752 0
    outer loop
      vertex -3.12621 14.4677 14
      vertex -3.30815 14.3081 10.5
      vertex -3.12621 14.4677 10.5
    endloop
  endfacet
  facet normal 0.321504 -0.946908 0
    outer loop
      vertex -2.70796 14.7092 -34.2
      vertex -2.47882 14.787 8
      vertex -2.70796 14.7092 8
    endloop
  endfacet
  facet normal 0.321504 -0.946908 0
    outer loop
      vertex -2.47882 14.787 8
      vertex -2.70796 14.7092 -34.2
      vertex -2.47882 14.787 -34.2
    endloop
  endfacet
  facet normal 0.321504 -0.946908 0
    outer loop
      vertex -2.70796 14.7092 10.5
      vertex -2.47882 14.787 14
      vertex -2.70796 14.7092 14
    endloop
  endfacet
  facet normal 0.321504 -0.946908 0
    outer loop
      vertex -2.47882 14.787 14
      vertex -2.70796 14.7092 10.5
      vertex -2.47882 14.787 10.5
    endloop
  endfacet
  facet normal -0.946951 -0.321377 0
    outer loop
      vertex -0.213037 13.4788 -34.2
      vertex -0.290823 13.708 8
      vertex -0.290823 13.708 -34.2
    endloop
  endfacet
  facet normal -0.946951 -0.321377 0
    outer loop
      vertex -0.290823 13.708 8
      vertex -0.213037 13.4788 -34.2
      vertex -0.213037 13.4788 8
    endloop
  endfacet
  facet normal -0.946951 -0.321377 0
    outer loop
      vertex -0.213037 13.4788 10.5
      vertex -0.290823 13.708 14
      vertex -0.290823 13.708 10.5
    endloop
  endfacet
  facet normal -0.946951 -0.321377 0
    outer loop
      vertex -0.290823 13.708 14
      vertex -0.213037 13.4788 10.5
      vertex -0.213037 13.4788 14
    endloop
  endfacet
  facet normal -0.98078 -0.195119 0
    outer loop
      vertex -0.165828 13.2415 -34.2
      vertex -0.213037 13.4788 8
      vertex -0.213037 13.4788 -34.2
    endloop
  endfacet
  facet normal -0.98078 -0.195119 0
    outer loop
      vertex -0.213037 13.4788 8
      vertex -0.165828 13.2415 -34.2
      vertex -0.165828 13.2415 8
    endloop
  endfacet
  facet normal -0.98078 -0.195119 0
    outer loop
      vertex -0.165828 13.2415 10.5
      vertex -0.213037 13.4788 14
      vertex -0.213037 13.4788 10.5
    endloop
  endfacet
  facet normal -0.98078 -0.195119 0
    outer loop
      vertex -0.213037 13.4788 14
      vertex -0.165828 13.2415 10.5
      vertex -0.165828 13.2415 14
    endloop
  endfacet
  facet normal -0.442514 -0.896762 0
    outer loop
      vertex -1.29204 14.7092 -34.2
      vertex -1.075 14.6021 8
      vertex -1.29204 14.7092 8
    endloop
  endfacet
  facet normal -0.442514 -0.896762 -0
    outer loop
      vertex -1.075 14.6021 8
      vertex -1.29204 14.7092 -34.2
      vertex -1.075 14.6021 -34.2
    endloop
  endfacet
  facet normal -0.442514 -0.896762 0
    outer loop
      vertex -1.29204 14.7092 10.5
      vertex -1.075 14.6021 14
      vertex -1.29204 14.7092 14
    endloop
  endfacet
  facet normal -0.442514 -0.896762 -0
    outer loop
      vertex -1.075 14.6021 14
      vertex -1.29204 14.7092 10.5
      vertex -1.075 14.6021 10.5
    endloop
  endfacet
  facet normal -0.321504 -0.946908 0
    outer loop
      vertex -1.52118 14.787 -34.2
      vertex -1.29204 14.7092 8
      vertex -1.52118 14.787 8
    endloop
  endfacet
  facet normal -0.321504 -0.946908 -0
    outer loop
      vertex -1.29204 14.7092 8
      vertex -1.52118 14.787 -34.2
      vertex -1.29204 14.7092 -34.2
    endloop
  endfacet
  facet normal -0.321504 -0.946908 0
    outer loop
      vertex -1.52118 14.787 10.5
      vertex -1.29204 14.7092 14
      vertex -1.52118 14.787 14
    endloop
  endfacet
  facet normal -0.321504 -0.946908 -0
    outer loop
      vertex -1.29204 14.7092 14
      vertex -1.52118 14.787 10.5
      vertex -1.29204 14.7092 10.5
    endloop
  endfacet
  facet normal -0.659448 -0.75175 0
    outer loop
      vertex -0.873792 14.4677 -34.2
      vertex -0.691853 14.3081 8
      vertex -0.873792 14.4677 8
    endloop
  endfacet
  facet normal -0.659448 -0.75175 -0
    outer loop
      vertex -0.691853 14.3081 8
      vertex -0.873792 14.4677 -34.2
      vertex -0.691853 14.3081 -34.2
    endloop
  endfacet
  facet normal -0.659448 -0.75175 0
    outer loop
      vertex -0.873792 14.4677 10.5
      vertex -0.691853 14.3081 14
      vertex -0.873792 14.4677 14
    endloop
  endfacet
  facet normal -0.659448 -0.75175 -0
    outer loop
      vertex -0.691853 14.3081 14
      vertex -0.873792 14.4677 10.5
      vertex -0.691853 14.3081 10.5
    endloop
  endfacet
  facet normal 0.896844 -0.442347 0
    outer loop
      vertex -3.70918 13.708 8
      vertex -3.60215 13.925 -34.2
      vertex -3.60215 13.925 8
    endloop
  endfacet
  facet normal 0.896844 -0.442347 0
    outer loop
      vertex -3.60215 13.925 -34.2
      vertex -3.70918 13.708 8
      vertex -3.70918 13.708 -34.2
    endloop
  endfacet
  facet normal 0.896844 -0.442347 0
    outer loop
      vertex -3.70918 13.708 14
      vertex -3.60215 13.925 10.5
      vertex -3.60215 13.925 14
    endloop
  endfacet
  facet normal 0.896844 -0.442347 0
    outer loop
      vertex -3.60215 13.925 10.5
      vertex -3.70918 13.708 14
      vertex -3.70918 13.708 10.5
    endloop
  endfacet
  facet normal 0.751782 -0.659411 0
    outer loop
      vertex -3.4677 14.1262 8
      vertex -3.30815 14.3081 -34.2
      vertex -3.30815 14.3081 8
    endloop
  endfacet
  facet normal 0.751782 -0.659411 0
    outer loop
      vertex -3.30815 14.3081 -34.2
      vertex -3.4677 14.1262 8
      vertex -3.4677 14.1262 -34.2
    endloop
  endfacet
  facet normal 0.751782 -0.659411 0
    outer loop
      vertex -3.4677 14.1262 14
      vertex -3.30815 14.3081 10.5
      vertex -3.30815 14.3081 14
    endloop
  endfacet
  facet normal 0.751782 -0.659411 0
    outer loop
      vertex -3.30815 14.3081 10.5
      vertex -3.4677 14.1262 14
      vertex -3.4677 14.1262 10.5
    endloop
  endfacet
  facet normal 0.946959 -0.321355 0
    outer loop
      vertex -3.78696 13.4788 8
      vertex -3.70918 13.708 -34.2
      vertex -3.70918 13.708 8
    endloop
  endfacet
  facet normal 0.946959 -0.321355 0
    outer loop
      vertex -3.70918 13.708 -34.2
      vertex -3.78696 13.4788 8
      vertex -3.78696 13.4788 -34.2
    endloop
  endfacet
  facet normal 0.946959 -0.321355 0
    outer loop
      vertex -3.78696 13.4788 14
      vertex -3.70918 13.708 10.5
      vertex -3.70918 13.708 14
    endloop
  endfacet
  facet normal 0.946959 -0.321355 0
    outer loop
      vertex -3.70918 13.708 10.5
      vertex -3.78696 13.4788 14
      vertex -3.78696 13.4788 10.5
    endloop
  endfacet
  facet normal 0.195043 -0.980795 0
    outer loop
      vertex -2.47882 14.787 -34.2
      vertex -2.24147 14.8342 8
      vertex -2.47882 14.787 8
    endloop
  endfacet
  facet normal 0.195043 -0.980795 0
    outer loop
      vertex -2.24147 14.8342 8
      vertex -2.47882 14.787 -34.2
      vertex -2.24147 14.8342 -34.2
    endloop
  endfacet
  facet normal 0.195043 -0.980795 0
    outer loop
      vertex -2.47882 14.787 10.5
      vertex -2.24147 14.8342 14
      vertex -2.47882 14.787 14
    endloop
  endfacet
  facet normal 0.195043 -0.980795 0
    outer loop
      vertex -2.24147 14.8342 14
      vertex -2.47882 14.787 10.5
      vertex -2.24147 14.8342 10.5
    endloop
  endfacet
  facet normal -0.946951 0.321377 0
    outer loop
      vertex -0.290823 12.292 -34.2
      vertex -0.213037 12.5212 8
      vertex -0.213037 12.5212 -34.2
    endloop
  endfacet
  facet normal -0.946951 0.321377 0
    outer loop
      vertex -0.213037 12.5212 8
      vertex -0.290823 12.292 -34.2
      vertex -0.290823 12.292 8
    endloop
  endfacet
  facet normal -0.946951 0.321377 0
    outer loop
      vertex -0.290823 12.292 10.5
      vertex -0.213037 12.5212 14
      vertex -0.213037 12.5212 10.5
    endloop
  endfacet
  facet normal -0.946951 0.321377 0
    outer loop
      vertex -0.213037 12.5212 14
      vertex -0.290823 12.292 10.5
      vertex -0.290823 12.292 14
    endloop
  endfacet
  facet normal -0.98078 0.195119 0
    outer loop
      vertex -0.213037 12.5212 -34.2
      vertex -0.165828 12.7585 8
      vertex -0.165828 12.7585 -34.2
    endloop
  endfacet
  facet normal -0.98078 0.195119 0
    outer loop
      vertex -0.165828 12.7585 8
      vertex -0.213037 12.5212 -34.2
      vertex -0.213037 12.5212 8
    endloop
  endfacet
  facet normal -0.98078 0.195119 0
    outer loop
      vertex -0.213037 12.5212 10.5
      vertex -0.165828 12.7585 14
      vertex -0.165828 12.7585 10.5
    endloop
  endfacet
  facet normal -0.98078 0.195119 0
    outer loop
      vertex -0.165828 12.7585 14
      vertex -0.213037 12.5212 10.5
      vertex -0.213037 12.5212 14
    endloop
  endfacet
  facet normal 0.442514 0.896762 -0
    outer loop
      vertex -2.70796 11.2908 -34.2
      vertex -2.925 11.3979 8
      vertex -2.70796 11.2908 8
    endloop
  endfacet
  facet normal 0.442514 0.896762 0
    outer loop
      vertex -2.925 11.3979 8
      vertex -2.70796 11.2908 -34.2
      vertex -2.925 11.3979 -34.2
    endloop
  endfacet
  facet normal 0.442514 0.896762 -0
    outer loop
      vertex -2.70796 11.2908 10.5
      vertex -2.925 11.3979 14
      vertex -2.70796 11.2908 14
    endloop
  endfacet
  facet normal 0.442514 0.896762 0
    outer loop
      vertex -2.925 11.3979 14
      vertex -2.70796 11.2908 10.5
      vertex -2.925 11.3979 10.5
    endloop
  endfacet
  facet normal 0.659446 0.751752 -0
    outer loop
      vertex -3.12621 11.5323 -34.2
      vertex -3.30815 11.6919 8
      vertex -3.12621 11.5323 8
    endloop
  endfacet
  facet normal 0.659446 0.751752 0
    outer loop
      vertex -3.30815 11.6919 8
      vertex -3.12621 11.5323 -34.2
      vertex -3.30815 11.6919 -34.2
    endloop
  endfacet
  facet normal 0.659446 0.751752 -0
    outer loop
      vertex -3.12621 11.5323 10.5
      vertex -3.30815 11.6919 14
      vertex -3.12621 11.5323 14
    endloop
  endfacet
  facet normal 0.659446 0.751752 0
    outer loop
      vertex -3.30815 11.6919 14
      vertex -3.12621 11.5323 10.5
      vertex -3.30815 11.6919 10.5
    endloop
  endfacet
  facet normal 0.321504 0.946908 -0
    outer loop
      vertex -2.47882 11.213 -34.2
      vertex -2.70796 11.2908 8
      vertex -2.47882 11.213 8
    endloop
  endfacet
  facet normal 0.321504 0.946908 0
    outer loop
      vertex -2.70796 11.2908 8
      vertex -2.47882 11.213 -34.2
      vertex -2.70796 11.2908 -34.2
    endloop
  endfacet
  facet normal 0.321504 0.946908 -0
    outer loop
      vertex -2.47882 11.213 10.5
      vertex -2.70796 11.2908 14
      vertex -2.47882 11.213 14
    endloop
  endfacet
  facet normal 0.321504 0.946908 0
    outer loop
      vertex -2.70796 11.2908 14
      vertex -2.47882 11.213 10.5
      vertex -2.70796 11.2908 10.5
    endloop
  endfacet
  facet normal 0 0 1
    outer loop
      vertex -0.165828 13.2415 -34.2
      vertex -0.165828 12.7585 -34.2
      vertex -0.150001 13 -34.2
    endloop
  endfacet
  facet normal 0 0 1
    outer loop
      vertex -0.213037 13.4788 -34.2
      vertex -0.165828 12.7585 -34.2
      vertex -0.165828 13.2415 -34.2
    endloop
  endfacet
  facet normal 0 0 1
    outer loop
      vertex -0.213037 13.4788 -34.2
      vertex -0.213037 12.5212 -34.2
      vertex -0.165828 12.7585 -34.2
    endloop
  endfacet
  facet normal 0 0 1
    outer loop
      vertex -0.290823 13.708 -34.2
      vertex -0.213037 12.5212 -34.2
      vertex -0.213037 13.4788 -34.2
    endloop
  endfacet
  facet normal 0 0 1
    outer loop
      vertex -0.290823 13.708 -34.2
      vertex -0.290823 12.292 -34.2
      vertex -0.213037 12.5212 -34.2
    endloop
  endfacet
  facet normal 0 0 1
    outer loop
      vertex -0.397854 13.925 -34.2
      vertex -0.290823 12.292 -34.2
      vertex -0.290823 13.708 -34.2
    endloop
  endfacet
  facet normal 0 0 1
    outer loop
      vertex -0.397854 13.925 -34.2
      vertex -0.397854 12.075 -34.2
      vertex -0.290823 12.292 -34.2
    endloop
  endfacet
  facet normal 0 0 1
    outer loop
      vertex -0.532297 14.1262 -34.2
      vertex -0.397854 12.075 -34.2
      vertex -0.397854 13.925 -34.2
    endloop
  endfacet
  facet normal 0 0 1
    outer loop
      vertex -0.532297 14.1262 -34.2
      vertex -0.532297 11.8738 -34.2
      vertex -0.397854 12.075 -34.2
    endloop
  endfacet
  facet normal 0 0 1
    outer loop
      vertex -0.691853 14.3081 -34.2
      vertex -0.532297 11.8738 -34.2
      vertex -0.532297 14.1262 -34.2
    endloop
  endfacet
  facet normal 0 0 1
    outer loop
      vertex -0.691853 14.3081 -34.2
      vertex -0.691853 11.6919 -34.2
      vertex -0.532297 11.8738 -34.2
    endloop
  endfacet
  facet normal 0 0 1
    outer loop
      vertex -0.873792 14.4677 -34.2
      vertex -0.691853 11.6919 -34.2
      vertex -0.691853 14.3081 -34.2
    endloop
  endfacet
  facet normal 0 0 1
    outer loop
      vertex -0.873792 14.4677 -34.2
      vertex -0.873792 11.5323 -34.2
      vertex -0.691853 11.6919 -34.2
    endloop
  endfacet
  facet normal 0 0 1
    outer loop
      vertex -1.075 14.6021 -34.2
      vertex -0.873792 11.5323 -34.2
      vertex -0.873792 14.4677 -34.2
    endloop
  endfacet
  facet normal 0 0 1
    outer loop
      vertex -1.075 14.6021 -34.2
      vertex -1.075 11.3979 -34.2
      vertex -0.873792 11.5323 -34.2
    endloop
  endfacet
  facet normal 0 0 1
    outer loop
      vertex -1.29204 14.7092 -34.2
      vertex -1.075 11.3979 -34.2
      vertex -1.075 14.6021 -34.2
    endloop
  endfacet
  facet normal 0 0 1
    outer loop
      vertex -1.29204 14.7092 -34.2
      vertex -1.29204 11.2908 -34.2
      vertex -1.075 11.3979 -34.2
    endloop
  endfacet
  facet normal 0 0 1
    outer loop
      vertex -1.52118 14.787 -34.2
      vertex -1.29204 11.2908 -34.2
      vertex -1.29204 14.7092 -34.2
    endloop
  endfacet
  facet normal 0 0 1
    outer loop
      vertex -1.52118 14.787 -34.2
      vertex -1.52118 11.213 -34.2
      vertex -1.29204 11.2908 -34.2
    endloop
  endfacet
  facet normal 0 0 1
    outer loop
      vertex -1.75853 14.8342 -34.2
      vertex -1.52118 11.213 -34.2
      vertex -1.52118 14.787 -34.2
    endloop
  endfacet
  facet normal 0 0 1
    outer loop
      vertex -1.75853 14.8342 -34.2
      vertex -1.75853 11.1658 -34.2
      vertex -1.52118 11.213 -34.2
    endloop
  endfacet
  facet normal 0 0 1
    outer loop
      vertex -2 14.85 -34.2
      vertex -1.75853 11.1658 -34.2
      vertex -1.75853 14.8342 -34.2
    endloop
  endfacet
  facet normal 0 0 1
    outer loop
      vertex -2 14.85 -34.2
      vertex -2 11.15 -34.2
      vertex -1.75853 11.1658 -34.2
    endloop
  endfacet
  facet normal -0 0 1
    outer loop
      vertex -2.24147 14.8342 -34.2
      vertex -2 11.15 -34.2
      vertex -2 14.85 -34.2
    endloop
  endfacet
  facet normal 0 0 1
    outer loop
      vertex -2.24147 14.8342 -34.2
      vertex -2.24147 11.1658 -34.2
      vertex -2 11.15 -34.2
    endloop
  endfacet
  facet normal -0 0 1
    outer loop
      vertex -2.47882 14.787 -34.2
      vertex -2.24147 11.1658 -34.2
      vertex -2.24147 14.8342 -34.2
    endloop
  endfacet
  facet normal 0 0 1
    outer loop
      vertex -2.47882 14.787 -34.2
      vertex -2.47882 11.213 -34.2
      vertex -2.24147 11.1658 -34.2
    endloop
  endfacet
  facet normal -0 0 1
    outer loop
      vertex -2.70796 14.7092 -34.2
      vertex -2.47882 11.213 -34.2
      vertex -2.47882 14.787 -34.2
    endloop
  endfacet
  facet normal 0 0 1
    outer loop
      vertex -2.70796 14.7092 -34.2
      vertex -2.70796 11.2908 -34.2
      vertex -2.47882 11.213 -34.2
    endloop
  endfacet
  facet normal -0 0 1
    outer loop
      vertex -2.925 14.6021 -34.2
      vertex -2.70796 11.2908 -34.2
      vertex -2.70796 14.7092 -34.2
    endloop
  endfacet
  facet normal 0 0 1
    outer loop
      vertex -2.925 14.6021 -34.2
      vertex -2.925 11.3979 -34.2
      vertex -2.70796 11.2908 -34.2
    endloop
  endfacet
  facet normal -0 0 1
    outer loop
      vertex -3.12621 14.4677 -34.2
      vertex -2.925 11.3979 -34.2
      vertex -2.925 14.6021 -34.2
    endloop
  endfacet
  facet normal 0 0 1
    outer loop
      vertex -3.12621 14.4677 -34.2
      vertex -3.12621 11.5323 -34.2
      vertex -2.925 11.3979 -34.2
    endloop
  endfacet
  facet normal -0 0 1
    outer loop
      vertex -3.30815 14.3081 -34.2
      vertex -3.12621 11.5323 -34.2
      vertex -3.12621 14.4677 -34.2
    endloop
  endfacet
  facet normal 0 0 1
    outer loop
      vertex -3.30815 14.3081 -34.2
      vertex -3.30815 11.6919 -34.2
      vertex -3.12621 11.5323 -34.2
    endloop
  endfacet
  facet normal -0 0 1
    outer loop
      vertex -3.4677 14.1262 -34.2
      vertex -3.30815 11.6919 -34.2
      vertex -3.30815 14.3081 -34.2
    endloop
  endfacet
  facet normal 0 0 1
    outer loop
      vertex -3.4677 14.1262 -34.2
      vertex -3.4677 11.8738 -34.2
      vertex -3.30815 11.6919 -34.2
    endloop
  endfacet
  facet normal -0 0 1
    outer loop
      vertex -3.60215 13.925 -34.2
      vertex -3.4677 11.8738 -34.2
      vertex -3.4677 14.1262 -34.2
    endloop
  endfacet
  facet normal 0 0 1
    outer loop
      vertex -3.60215 13.925 -34.2
      vertex -3.60215 12.075 -34.2
      vertex -3.4677 11.8738 -34.2
    endloop
  endfacet
  facet normal -0 0 1
    outer loop
      vertex -3.70918 13.708 -34.2
      vertex -3.60215 12.075 -34.2
      vertex -3.60215 13.925 -34.2
    endloop
  endfacet
  facet normal 0 0 1
    outer loop
      vertex -3.70918 13.708 -34.2
      vertex -3.70918 12.292 -34.2
      vertex -3.60215 12.075 -34.2
    endloop
  endfacet
  facet normal -0 0 1
    outer loop
      vertex -3.78696 13.4788 -34.2
      vertex -3.70918 12.292 -34.2
      vertex -3.70918 13.708 -34.2
    endloop
  endfacet
  facet normal 0 0 1
    outer loop
      vertex -3.78696 13.4788 -34.2
      vertex -3.78696 12.5212 -34.2
      vertex -3.70918 12.292 -34.2
    endloop
  endfacet
  facet normal -0 0 1
    outer loop
      vertex -3.83417 13.2415 -34.2
      vertex -3.78696 12.5212 -34.2
      vertex -3.78696 13.4788 -34.2
    endloop
  endfacet
  facet normal 0 0 1
    outer loop
      vertex -3.83417 13.2415 -34.2
      vertex -3.83417 12.7585 -34.2
      vertex -3.78696 12.5212 -34.2
    endloop
  endfacet
  facet normal 0 -0 1
    outer loop
      vertex -3.83417 12.7585 -34.2
      vertex -3.83417 13.2415 -34.2
      vertex -3.85 13 -34.2
    endloop
  endfacet
  facet normal -0.831459 -0.555586 0
    outer loop
      vertex -0.397854 13.925 -34.2
      vertex -0.532297 14.1262 8
      vertex -0.532297 14.1262 -34.2
    endloop
  endfacet
  facet normal -0.831459 -0.555586 0
    outer loop
      vertex -0.532297 14.1262 8
      vertex -0.397854 13.925 -34.2
      vertex -0.397854 13.925 8
    endloop
  endfacet
  facet normal -0.831459 -0.555586 0
    outer loop
      vertex -0.397854 13.925 10.5
      vertex -0.532297 14.1262 14
      vertex -0.532297 14.1262 10.5
    endloop
  endfacet
  facet normal -0.831459 -0.555586 0
    outer loop
      vertex -0.532297 14.1262 14
      vertex -0.397854 13.925 10.5
      vertex -0.397854 13.925 14
    endloop
  endfacet
  facet normal -0.896843 -0.44235 0
    outer loop
      vertex -0.290823 13.708 -34.2
      vertex -0.397854 13.925 8
      vertex -0.397854 13.925 -34.2
    endloop
  endfacet
  facet normal -0.896843 -0.44235 0
    outer loop
      vertex -0.397854 13.925 8
      vertex -0.290823 13.708 -34.2
      vertex -0.290823 13.708 8
    endloop
  endfacet
  facet normal -0.896843 -0.44235 0
    outer loop
      vertex -0.290823 13.708 10.5
      vertex -0.397854 13.925 14
      vertex -0.397854 13.925 10.5
    endloop
  endfacet
  facet normal -0.896843 -0.44235 0
    outer loop
      vertex -0.397854 13.925 14
      vertex -0.290823 13.708 10.5
      vertex -0.290823 13.708 14
    endloop
  endfacet
  facet normal -0.195043 -0.980795 0
    outer loop
      vertex -1.75853 14.8342 -34.2
      vertex -1.52118 14.787 8
      vertex -1.75853 14.8342 8
    endloop
  endfacet
  facet normal -0.195043 -0.980795 -0
    outer loop
      vertex -1.52118 14.787 8
      vertex -1.75853 14.8342 -34.2
      vertex -1.52118 14.787 -34.2
    endloop
  endfacet
  facet normal -0.195043 -0.980795 0
    outer loop
      vertex -1.75853 14.8342 10.5
      vertex -1.52118 14.787 14
      vertex -1.75853 14.8342 14
    endloop
  endfacet
  facet normal -0.195043 -0.980795 -0
    outer loop
      vertex -1.52118 14.787 14
      vertex -1.75853 14.8342 10.5
      vertex -1.52118 14.787 10.5
    endloop
  endfacet
  facet normal -0.555448 -0.831551 0
    outer loop
      vertex -1.075 14.6021 -34.2
      vertex -0.873792 14.4677 8
      vertex -1.075 14.6021 8
    endloop
  endfacet
  facet normal -0.555448 -0.831551 -0
    outer loop
      vertex -0.873792 14.4677 8
      vertex -1.075 14.6021 -34.2
      vertex -0.873792 14.4677 -34.2
    endloop
  endfacet
  facet normal -0.555448 -0.831551 0
    outer loop
      vertex -1.075 14.6021 10.5
      vertex -0.873792 14.4677 14
      vertex -1.075 14.6021 14
    endloop
  endfacet
  facet normal -0.555448 -0.831551 -0
    outer loop
      vertex -0.873792 14.4677 14
      vertex -1.075 14.6021 10.5
      vertex -0.873792 14.4677 10.5
    endloop
  endfacet
  facet normal 0.831446 -0.555606 0
    outer loop
      vertex -3.60215 13.925 8
      vertex -3.4677 14.1262 -34.2
      vertex -3.4677 14.1262 8
    endloop
  endfacet
  facet normal 0.831446 -0.555606 0
    outer loop
      vertex -3.4677 14.1262 -34.2
      vertex -3.60215 13.925 8
      vertex -3.60215 13.925 -34.2
    endloop
  endfacet
  facet normal 0.831446 -0.555606 0
    outer loop
      vertex -3.60215 13.925 14
      vertex -3.4677 14.1262 10.5
      vertex -3.4677 14.1262 14
    endloop
  endfacet
  facet normal 0.831446 -0.555606 0
    outer loop
      vertex -3.4677 14.1262 10.5
      vertex -3.60215 13.925 14
      vertex -3.60215 13.925 10.5
    endloop
  endfacet
  facet normal 0.980779 -0.195123 0
    outer loop
      vertex -3.83417 13.2415 8
      vertex -3.78696 13.4788 -34.2
      vertex -3.78696 13.4788 8
    endloop
  endfacet
  facet normal 0.980779 -0.195123 0
    outer loop
      vertex -3.78696 13.4788 -34.2
      vertex -3.83417 13.2415 8
      vertex -3.83417 13.2415 -34.2
    endloop
  endfacet
  facet normal 0.980779 -0.195123 0
    outer loop
      vertex -3.83417 13.2415 14
      vertex -3.78696 13.4788 10.5
      vertex -3.78696 13.4788 14
    endloop
  endfacet
  facet normal 0.980779 -0.195123 0
    outer loop
      vertex -3.78696 13.4788 10.5
      vertex -3.83417 13.2415 14
      vertex -3.83417 13.2415 10.5
    endloop
  endfacet
  facet normal 0.442514 -0.896762 0
    outer loop
      vertex -2.925 14.6021 -34.2
      vertex -2.70796 14.7092 8
      vertex -2.925 14.6021 8
    endloop
  endfacet
  facet normal 0.442514 -0.896762 0
    outer loop
      vertex -2.70796 14.7092 8
      vertex -2.925 14.6021 -34.2
      vertex -2.70796 14.7092 -34.2
    endloop
  endfacet
  facet normal 0.442514 -0.896762 0
    outer loop
      vertex -2.925 14.6021 10.5
      vertex -2.70796 14.7092 14
      vertex -2.925 14.6021 14
    endloop
  endfacet
  facet normal 0.442514 -0.896762 0
    outer loop
      vertex -2.70796 14.7092 14
      vertex -2.925 14.6021 10.5
      vertex -2.70796 14.7092 10.5
    endloop
  endfacet
  facet normal 0.555444 -0.831554 0
    outer loop
      vertex -3.12621 14.4677 -34.2
      vertex -2.925 14.6021 8
      vertex -3.12621 14.4677 8
    endloop
  endfacet
  facet normal 0.555444 -0.831554 0
    outer loop
      vertex -2.925 14.6021 8
      vertex -3.12621 14.4677 -34.2
      vertex -2.925 14.6021 -34.2
    endloop
  endfacet
  facet normal 0.555444 -0.831554 0
    outer loop
      vertex -3.12621 14.4677 10.5
      vertex -2.925 14.6021 14
      vertex -3.12621 14.4677 14
    endloop
  endfacet
  facet normal 0.555444 -0.831554 0
    outer loop
      vertex -2.925 14.6021 14
      vertex -3.12621 14.4677 10.5
      vertex -2.925 14.6021 10.5
    endloop
  endfacet
  facet normal 0.0652929 -0.997866 0
    outer loop
      vertex -2.24147 14.8342 -34.2
      vertex -2 14.85 8
      vertex -2.24147 14.8342 8
    endloop
  endfacet
  facet normal 0.0652929 -0.997866 0
    outer loop
      vertex -2 14.85 8
      vertex -2.24147 14.8342 -34.2
      vertex -2 14.85 -34.2
    endloop
  endfacet
  facet normal 0.0652929 -0.997866 0
    outer loop
      vertex -2.24147 14.8342 10.5
      vertex -2 14.85 14
      vertex -2.24147 14.8342 14
    endloop
  endfacet
  facet normal 0.0652929 -0.997866 0
    outer loop
      vertex -2 14.85 14
      vertex -2.24147 14.8342 10.5
      vertex -2 14.85 10.5
    endloop
  endfacet
  facet normal -0.0652929 0.997866 0
    outer loop
      vertex -1.75853 11.1658 -34.2
      vertex -2 11.15 8
      vertex -1.75853 11.1658 8
    endloop
  endfacet
  facet normal -0.0652929 0.997866 0
    outer loop
      vertex -2 11.15 8
      vertex -1.75853 11.1658 -34.2
      vertex -2 11.15 -34.2
    endloop
  endfacet
  facet normal -0.0652929 0.997866 0
    outer loop
      vertex -1.75853 11.1658 10.5
      vertex -2 11.15 14
      vertex -1.75853 11.1658 14
    endloop
  endfacet
  facet normal -0.0652929 0.997866 0
    outer loop
      vertex -2 11.15 14
      vertex -1.75853 11.1658 10.5
      vertex -2 11.15 10.5
    endloop
  endfacet
  facet normal -0.321504 0.946908 0
    outer loop
      vertex -1.29204 11.2908 -34.2
      vertex -1.52118 11.213 8
      vertex -1.29204 11.2908 8
    endloop
  endfacet
  facet normal -0.321504 0.946908 0
    outer loop
      vertex -1.52118 11.213 8
      vertex -1.29204 11.2908 -34.2
      vertex -1.52118 11.213 -34.2
    endloop
  endfacet
  facet normal -0.321504 0.946908 0
    outer loop
      vertex -1.29204 11.2908 10.5
      vertex -1.52118 11.213 14
      vertex -1.29204 11.2908 14
    endloop
  endfacet
  facet normal -0.321504 0.946908 0
    outer loop
      vertex -1.52118 11.213 14
      vertex -1.29204 11.2908 10.5
      vertex -1.52118 11.213 10.5
    endloop
  endfacet
  facet normal -0.659448 0.75175 0
    outer loop
      vertex -0.691853 11.6919 -34.2
      vertex -0.873792 11.5323 8
      vertex -0.691853 11.6919 8
    endloop
  endfacet
  facet normal -0.659448 0.75175 0
    outer loop
      vertex -0.873792 11.5323 8
      vertex -0.691853 11.6919 -34.2
      vertex -0.873792 11.5323 -34.2
    endloop
  endfacet
  facet normal -0.659448 0.75175 0
    outer loop
      vertex -0.691853 11.6919 10.5
      vertex -0.873792 11.5323 14
      vertex -0.691853 11.6919 14
    endloop
  endfacet
  facet normal -0.659448 0.75175 0
    outer loop
      vertex -0.873792 11.5323 14
      vertex -0.691853 11.6919 10.5
      vertex -0.873792 11.5323 10.5
    endloop
  endfacet
  facet normal -0.442514 0.896762 0
    outer loop
      vertex -1.075 11.3979 -34.2
      vertex -1.29204 11.2908 8
      vertex -1.075 11.3979 8
    endloop
  endfacet
  facet normal -0.442514 0.896762 0
    outer loop
      vertex -1.29204 11.2908 8
      vertex -1.075 11.3979 -34.2
      vertex -1.29204 11.2908 -34.2
    endloop
  endfacet
  facet normal -0.442514 0.896762 0
    outer loop
      vertex -1.075 11.3979 10.5
      vertex -1.29204 11.2908 14
      vertex -1.075 11.3979 14
    endloop
  endfacet
  facet normal -0.442514 0.896762 0
    outer loop
      vertex -1.29204 11.2908 14
      vertex -1.075 11.3979 10.5
      vertex -1.29204 11.2908 10.5
    endloop
  endfacet
  facet normal -0.75177 0.659425 0
    outer loop
      vertex -0.691853 11.6919 -34.2
      vertex -0.532297 11.8738 8
      vertex -0.532297 11.8738 -34.2
    endloop
  endfacet
  facet normal -0.75177 0.659425 0
    outer loop
      vertex -0.532297 11.8738 8
      vertex -0.691853 11.6919 -34.2
      vertex -0.691853 11.6919 8
    endloop
  endfacet
  facet normal -0.75177 0.659425 0
    outer loop
      vertex -0.691853 11.6919 10.5
      vertex -0.532297 11.8738 14
      vertex -0.532297 11.8738 10.5
    endloop
  endfacet
  facet normal -0.75177 0.659425 0
    outer loop
      vertex -0.532297 11.8738 14
      vertex -0.691853 11.6919 10.5
      vertex -0.691853 11.6919 14
    endloop
  endfacet
  facet normal -0.896843 0.44235 0
    outer loop
      vertex -0.397854 12.075 -34.2
      vertex -0.290823 12.292 8
      vertex -0.290823 12.292 -34.2
    endloop
  endfacet
  facet normal -0.896843 0.44235 0
    outer loop
      vertex -0.290823 12.292 8
      vertex -0.397854 12.075 -34.2
      vertex -0.397854 12.075 8
    endloop
  endfacet
  facet normal -0.896843 0.44235 0
    outer loop
      vertex -0.397854 12.075 10.5
      vertex -0.290823 12.292 14
      vertex -0.290823 12.292 10.5
    endloop
  endfacet
  facet normal -0.896843 0.44235 0
    outer loop
      vertex -0.290823 12.292 14
      vertex -0.397854 12.075 10.5
      vertex -0.397854 12.075 14
    endloop
  endfacet
  facet normal 0.555444 0.831554 -0
    outer loop
      vertex -2.925 11.3979 -34.2
      vertex -3.12621 11.5323 8
      vertex -2.925 11.3979 8
    endloop
  endfacet
  facet normal 0.555444 0.831554 0
    outer loop
      vertex -3.12621 11.5323 8
      vertex -2.925 11.3979 -34.2
      vertex -3.12621 11.5323 -34.2
    endloop
  endfacet
  facet normal 0.555444 0.831554 -0
    outer loop
      vertex -2.925 11.3979 10.5
      vertex -3.12621 11.5323 14
      vertex -2.925 11.3979 14
    endloop
  endfacet
  facet normal 0.555444 0.831554 0
    outer loop
      vertex -3.12621 11.5323 14
      vertex -2.925 11.3979 10.5
      vertex -3.12621 11.5323 10.5
    endloop
  endfacet
  facet normal 0.195043 0.980795 -0
    outer loop
      vertex -2.24147 11.1658 -34.2
      vertex -2.47882 11.213 8
      vertex -2.24147 11.1658 8
    endloop
  endfacet
  facet normal 0.195043 0.980795 0
    outer loop
      vertex -2.47882 11.213 8
      vertex -2.24147 11.1658 -34.2
      vertex -2.47882 11.213 -34.2
    endloop
  endfacet
  facet normal 0.195043 0.980795 -0
    outer loop
      vertex -2.24147 11.1658 10.5
      vertex -2.47882 11.213 14
      vertex -2.24147 11.1658 14
    endloop
  endfacet
  facet normal 0.195043 0.980795 0
    outer loop
      vertex -2.47882 11.213 14
      vertex -2.24147 11.1658 10.5
      vertex -2.47882 11.213 10.5
    endloop
  endfacet
  facet normal 0.896844 0.442347 0
    outer loop
      vertex -3.60215 12.075 8
      vertex -3.70918 12.292 -34.2
      vertex -3.70918 12.292 8
    endloop
  endfacet
  facet normal 0.896844 0.442347 0
    outer loop
      vertex -3.70918 12.292 -34.2
      vertex -3.60215 12.075 8
      vertex -3.60215 12.075 -34.2
    endloop
  endfacet
  facet normal 0.896844 0.442347 0
    outer loop
      vertex -3.60215 12.075 14
      vertex -3.70918 12.292 10.5
      vertex -3.70918 12.292 14
    endloop
  endfacet
  facet normal 0.896844 0.442347 0
    outer loop
      vertex -3.70918 12.292 10.5
      vertex -3.60215 12.075 14
      vertex -3.60215 12.075 10.5
    endloop
  endfacet
  facet normal 0.751782 0.659411 0
    outer loop
      vertex -3.30815 11.6919 8
      vertex -3.4677 11.8738 -34.2
      vertex -3.4677 11.8738 8
    endloop
  endfacet
  facet normal 0.751782 0.659411 0
    outer loop
      vertex -3.4677 11.8738 -34.2
      vertex -3.30815 11.6919 8
      vertex -3.30815 11.6919 -34.2
    endloop
  endfacet
  facet normal 0.751782 0.659411 0
    outer loop
      vertex -3.30815 11.6919 14
      vertex -3.4677 11.8738 10.5
      vertex -3.4677 11.8738 14
    endloop
  endfacet
  facet normal 0.751782 0.659411 0
    outer loop
      vertex -3.4677 11.8738 10.5
      vertex -3.30815 11.6919 14
      vertex -3.30815 11.6919 10.5
    endloop
  endfacet
  facet normal 0.946959 0.321355 0
    outer loop
      vertex -3.70918 12.292 8
      vertex -3.78696 12.5212 -34.2
      vertex -3.78696 12.5212 8
    endloop
  endfacet
  facet normal 0.946959 0.321355 0
    outer loop
      vertex -3.78696 12.5212 -34.2
      vertex -3.70918 12.292 8
      vertex -3.70918 12.292 -34.2
    endloop
  endfacet
  facet normal 0.946959 0.321355 0
    outer loop
      vertex -3.70918 12.292 14
      vertex -3.78696 12.5212 10.5
      vertex -3.78696 12.5212 14
    endloop
  endfacet
  facet normal 0.946959 0.321355 0
    outer loop
      vertex -3.78696 12.5212 10.5
      vertex -3.70918 12.292 14
      vertex -3.70918 12.292 10.5
    endloop
  endfacet
  facet normal 0.997859 0.0654083 0
    outer loop
      vertex -3.83417 12.7585 8
      vertex -3.85 13 -34.2
      vertex -3.85 13 8
    endloop
  endfacet
  facet normal 0.997859 0.0654083 0
    outer loop
      vertex -3.85 13 -34.2
      vertex -3.83417 12.7585 8
      vertex -3.83417 12.7585 -34.2
    endloop
  endfacet
  facet normal 0.997859 0.0654083 0
    outer loop
      vertex -3.83417 12.7585 14
      vertex -3.85 13 10.5
      vertex -3.85 13 14
    endloop
  endfacet
  facet normal 0.997859 0.0654083 0
    outer loop
      vertex -3.85 13 10.5
      vertex -3.83417 12.7585 14
      vertex -3.83417 12.7585 10.5
    endloop
  endfacet
  facet normal -0.997859 0.0653959 0
    outer loop
      vertex -0.165828 12.7585 10.5
      vertex -0.150001 13 14
      vertex -0.150001 13 10.5
    endloop
  endfacet
  facet normal -0.997859 0.0653959 0
    outer loop
      vertex -0.150001 13 14
      vertex -0.165828 12.7585 10.5
      vertex -0.165828 12.7585 14
    endloop
  endfacet
  facet normal -0.997859 0.0653959 0
    outer loop
      vertex -0.165828 12.7585 -34.2
      vertex -0.150001 13 8
      vertex -0.150001 13 -34.2
    endloop
  endfacet
  facet normal -0.997859 0.0653959 0
    outer loop
      vertex -0.150001 13 8
      vertex -0.165828 12.7585 -34.2
      vertex -0.165828 12.7585 8
    endloop
  endfacet
  facet normal -0.195043 0.980795 0
    outer loop
      vertex -1.52118 11.213 -34.2
      vertex -1.75853 11.1658 8
      vertex -1.52118 11.213 8
    endloop
  endfacet
  facet normal -0.195043 0.980795 0
    outer loop
      vertex -1.75853 11.1658 8
      vertex -1.52118 11.213 -34.2
      vertex -1.75853 11.1658 -34.2
    endloop
  endfacet
  facet normal -0.195043 0.980795 0
    outer loop
      vertex -1.52118 11.213 10.5
      vertex -1.75853 11.1658 14
      vertex -1.52118 11.213 14
    endloop
  endfacet
  facet normal -0.195043 0.980795 0
    outer loop
      vertex -1.75853 11.1658 14
      vertex -1.52118 11.213 10.5
      vertex -1.75853 11.1658 10.5
    endloop
  endfacet
  facet normal -0.555448 0.831551 0
    outer loop
      vertex -0.873792 11.5323 -34.2
      vertex -1.075 11.3979 8
      vertex -0.873792 11.5323 8
    endloop
  endfacet
  facet normal -0.555448 0.831551 0
    outer loop
      vertex -1.075 11.3979 8
      vertex -0.873792 11.5323 -34.2
      vertex -1.075 11.3979 -34.2
    endloop
  endfacet
  facet normal -0.555448 0.831551 0
    outer loop
      vertex -0.873792 11.5323 10.5
      vertex -1.075 11.3979 14
      vertex -0.873792 11.5323 14
    endloop
  endfacet
  facet normal -0.555448 0.831551 0
    outer loop
      vertex -1.075 11.3979 14
      vertex -0.873792 11.5323 10.5
      vertex -1.075 11.3979 10.5
    endloop
  endfacet
  facet normal -0.831459 0.555586 0
    outer loop
      vertex -0.532297 11.8738 -34.2
      vertex -0.397854 12.075 8
      vertex -0.397854 12.075 -34.2
    endloop
  endfacet
  facet normal -0.831459 0.555586 0
    outer loop
      vertex -0.397854 12.075 8
      vertex -0.532297 11.8738 -34.2
      vertex -0.532297 11.8738 8
    endloop
  endfacet
  facet normal -0.831459 0.555586 0
    outer loop
      vertex -0.532297 11.8738 10.5
      vertex -0.397854 12.075 14
      vertex -0.397854 12.075 10.5
    endloop
  endfacet
  facet normal -0.831459 0.555586 0
    outer loop
      vertex -0.397854 12.075 14
      vertex -0.532297 11.8738 10.5
      vertex -0.532297 11.8738 14
    endloop
  endfacet
  facet normal 0.831446 0.555606 0
    outer loop
      vertex -3.4677 11.8738 8
      vertex -3.60215 12.075 -34.2
      vertex -3.60215 12.075 8
    endloop
  endfacet
  facet normal 0.831446 0.555606 0
    outer loop
      vertex -3.60215 12.075 -34.2
      vertex -3.4677 11.8738 8
      vertex -3.4677 11.8738 -34.2
    endloop
  endfacet
  facet normal 0.831446 0.555606 0
    outer loop
      vertex -3.4677 11.8738 14
      vertex -3.60215 12.075 10.5
      vertex -3.60215 12.075 14
    endloop
  endfacet
  facet normal 0.831446 0.555606 0
    outer loop
      vertex -3.60215 12.075 10.5
      vertex -3.4677 11.8738 14
      vertex -3.4677 11.8738 10.5
    endloop
  endfacet
  facet normal 0.980779 0.195123 0
    outer loop
      vertex -3.78696 12.5212 8
      vertex -3.83417 12.7585 -34.2
      vertex -3.83417 12.7585 8
    endloop
  endfacet
  facet normal 0.980779 0.195123 0
    outer loop
      vertex -3.83417 12.7585 -34.2
      vertex -3.78696 12.5212 8
      vertex -3.78696 12.5212 -34.2
    endloop
  endfacet
  facet normal 0.980779 0.195123 0
    outer loop
      vertex -3.78696 12.5212 14
      vertex -3.83417 12.7585 10.5
      vertex -3.83417 12.7585 14
    endloop
  endfacet
  facet normal 0.980779 0.195123 0
    outer loop
      vertex -3.83417 12.7585 10.5
      vertex -3.78696 12.5212 14
      vertex -3.78696 12.5212 10.5
    endloop
  endfacet
  facet normal 0 -1 0
    outer loop
      vertex -3.67432 15.9 8
      vertex 2 15.9 10.5
      vertex -3.67432 15.9 10.5
    endloop
  endfacet
  facet normal 0 -1 -0
    outer loop
      vertex 2 15.9 10.5
      vertex -3.67432 15.9 8
      vertex 2 15.9 8
    endloop
  endfacet
  facet normal 0 1 -0
    outer loop
      vertex 2 10.1 8
      vertex -3.67432 10.1 10.5
      vertex 2 10.1 10.5
    endloop
  endfacet
  facet normal 0 1 0
    outer loop
      vertex -3.67432 10.1 10.5
      vertex 2 10.1 8
      vertex -3.67432 10.1 8
    endloop
  endfacet
  facet normal 0 0 -1
    outer loop
      vertex 2 10.1 10.5
      vertex -0.150001 13 10.5
      vertex 2 15.9 10.5
    endloop
  endfacet
  facet normal 0 0 -1
    outer loop
      vertex 2 10.1 10.5
      vertex -0.165828 12.7585 10.5
      vertex -0.150001 13 10.5
    endloop
  endfacet
  facet normal 0 0 -1
    outer loop
      vertex 2 10.1 10.5
      vertex -0.213037 12.5212 10.5
      vertex -0.165828 12.7585 10.5
    endloop
  endfacet
  facet normal 0 0 -1
    outer loop
      vertex 2 10.1 10.5
      vertex -0.290823 12.292 10.5
      vertex -0.213037 12.5212 10.5
    endloop
  endfacet
  facet normal 0 0 -1
    outer loop
      vertex 2 10.1 10.5
      vertex -0.397854 12.075 10.5
      vertex -0.290823 12.292 10.5
    endloop
  endfacet
  facet normal 0 0 -1
    outer loop
      vertex 2 10.1 10.5
      vertex -0.532297 11.8738 10.5
      vertex -0.397854 12.075 10.5
    endloop
  endfacet
  facet normal 0 0 -1
    outer loop
      vertex 2 10.1 10.5
      vertex -0.691853 11.6919 10.5
      vertex -0.532297 11.8738 10.5
    endloop
  endfacet
  facet normal 0 0 -1
    outer loop
      vertex 2 10.1 10.5
      vertex -0.873792 11.5323 10.5
      vertex -0.691853 11.6919 10.5
    endloop
  endfacet
  facet normal 0 0 -1
    outer loop
      vertex 2 10.1 10.5
      vertex -1.075 11.3979 10.5
      vertex -0.873792 11.5323 10.5
    endloop
  endfacet
  facet normal 0 0 -1
    outer loop
      vertex 2 10.1 10.5
      vertex -1.29204 11.2908 10.5
      vertex -1.075 11.3979 10.5
    endloop
  endfacet
  facet normal 0 0 -1
    outer loop
      vertex 2 10.1 10.5
      vertex -1.52118 11.213 10.5
      vertex -1.29204 11.2908 10.5
    endloop
  endfacet
  facet normal 0 0 -1
    outer loop
      vertex 2 10.1 10.5
      vertex -1.75853 11.1658 10.5
      vertex -1.52118 11.213 10.5
    endloop
  endfacet
  facet normal 0 0 -1
    outer loop
      vertex -3.67432 10.1 10.5
      vertex -1.75853 11.1658 10.5
      vertex 2 10.1 10.5
    endloop
  endfacet
  facet normal 0 0 -1
    outer loop
      vertex -1.75853 11.1658 10.5
      vertex -3.67432 10.1 10.5
      vertex -2 11.15 10.5
    endloop
  endfacet
  facet normal -0 0 -1
    outer loop
      vertex -2 11.15 10.5
      vertex -3.67432 10.1 10.5
      vertex -2.24147 11.1658 10.5
    endloop
  endfacet
  facet normal -0 0 -1
    outer loop
      vertex -2.24147 11.1658 10.5
      vertex -3.67432 10.1 10.5
      vertex -2.47882 11.213 10.5
    endloop
  endfacet
  facet normal 0 0 -1
    outer loop
      vertex -3.67432 10.1 10.5
      vertex -2.70796 11.2908 10.5
      vertex -2.47882 11.213 10.5
    endloop
  endfacet
  facet normal 0 0 -1
    outer loop
      vertex -3.67432 10.1 10.5
      vertex -2.925 11.3979 10.5
      vertex -2.70796 11.2908 10.5
    endloop
  endfacet
  facet normal 0 0 -1
    outer loop
      vertex -3.67432 10.1 10.5
      vertex -3.12621 11.5323 10.5
      vertex -2.925 11.3979 10.5
    endloop
  endfacet
  facet normal 0 0 -1
    outer loop
      vertex -3.67432 10.1 10.5
      vertex -3.30815 11.6919 10.5
      vertex -3.12621 11.5323 10.5
    endloop
  endfacet
  facet normal 0 0 -1
    outer loop
      vertex -3.67432 10.1 10.5
      vertex -3.4677 11.8738 10.5
      vertex -3.30815 11.6919 10.5
    endloop
  endfacet
  facet normal 0 0 -1
    outer loop
      vertex -3.67432 10.1 10.5
      vertex -3.60215 12.075 10.5
      vertex -3.4677 11.8738 10.5
    endloop
  endfacet
  facet normal 0 0 -1
    outer loop
      vertex -5.34863 13 10.5
      vertex -3.60215 12.075 10.5
      vertex -3.67432 10.1 10.5
    endloop
  endfacet
  facet normal 0 0 -1
    outer loop
      vertex -3.60215 12.075 10.5
      vertex -5.34863 13 10.5
      vertex -3.70918 12.292 10.5
    endloop
  endfacet
  facet normal 0 0 -1
    outer loop
      vertex -3.70918 12.292 10.5
      vertex -5.34863 13 10.5
      vertex -3.78696 12.5212 10.5
    endloop
  endfacet
  facet normal 0 0 -1
    outer loop
      vertex -3.78696 12.5212 10.5
      vertex -5.34863 13 10.5
      vertex -3.83417 12.7585 10.5
    endloop
  endfacet
  facet normal 0 0 -1
    outer loop
      vertex -3.83417 12.7585 10.5
      vertex -5.34863 13 10.5
      vertex -3.85 13 10.5
    endloop
  endfacet
  facet normal 0 0 -1
    outer loop
      vertex -0.165828 13.2415 10.5
      vertex 2 15.9 10.5
      vertex -0.150001 13 10.5
    endloop
  endfacet
  facet normal 0 0 -1
    outer loop
      vertex -0.213037 13.4788 10.5
      vertex 2 15.9 10.5
      vertex -0.165828 13.2415 10.5
    endloop
  endfacet
  facet normal 0 0 -1
    outer loop
      vertex -0.290823 13.708 10.5
      vertex 2 15.9 10.5
      vertex -0.213037 13.4788 10.5
    endloop
  endfacet
  facet normal 0 0 -1
    outer loop
      vertex -0.397854 13.925 10.5
      vertex 2 15.9 10.5
      vertex -0.290823 13.708 10.5
    endloop
  endfacet
  facet normal 0 0 -1
    outer loop
      vertex -0.532297 14.1262 10.5
      vertex 2 15.9 10.5
      vertex -0.397854 13.925 10.5
    endloop
  endfacet
  facet normal 0 0 -1
    outer loop
      vertex -0.691853 14.3081 10.5
      vertex 2 15.9 10.5
      vertex -0.532297 14.1262 10.5
    endloop
  endfacet
  facet normal 0 0 -1
    outer loop
      vertex -0.873792 14.4677 10.5
      vertex 2 15.9 10.5
      vertex -0.691853 14.3081 10.5
    endloop
  endfacet
  facet normal 0 0 -1
    outer loop
      vertex -1.075 14.6021 10.5
      vertex 2 15.9 10.5
      vertex -0.873792 14.4677 10.5
    endloop
  endfacet
  facet normal 0 0 -1
    outer loop
      vertex -1.29204 14.7092 10.5
      vertex 2 15.9 10.5
      vertex -1.075 14.6021 10.5
    endloop
  endfacet
  facet normal 0 0 -1
    outer loop
      vertex -1.52118 14.787 10.5
      vertex 2 15.9 10.5
      vertex -1.29204 14.7092 10.5
    endloop
  endfacet
  facet normal 0 0 -1
    outer loop
      vertex -1.75853 14.8342 10.5
      vertex 2 15.9 10.5
      vertex -1.52118 14.787 10.5
    endloop
  endfacet
  facet normal 0 0 -1
    outer loop
      vertex -3.67432 15.9 10.5
      vertex -1.75853 14.8342 10.5
      vertex -2 14.85 10.5
    endloop
  endfacet
  facet normal 0 0 -1
    outer loop
      vertex -3.67432 15.9 10.5
      vertex -2 14.85 10.5
      vertex -2.24147 14.8342 10.5
    endloop
  endfacet
  facet normal 0 0 -1
    outer loop
      vertex -3.67432 15.9 10.5
      vertex -2.24147 14.8342 10.5
      vertex -2.47882 14.787 10.5
    endloop
  endfacet
  facet normal 0 0 -1
    outer loop
      vertex -1.75853 14.8342 10.5
      vertex -3.67432 15.9 10.5
      vertex 2 15.9 10.5
    endloop
  endfacet
  facet normal 0 0 -1
    outer loop
      vertex -2.70796 14.7092 10.5
      vertex -3.67432 15.9 10.5
      vertex -2.47882 14.787 10.5
    endloop
  endfacet
  facet normal 0 0 -1
    outer loop
      vertex -2.925 14.6021 10.5
      vertex -3.67432 15.9 10.5
      vertex -2.70796 14.7092 10.5
    endloop
  endfacet
  facet normal 0 0 -1
    outer loop
      vertex -3.12621 14.4677 10.5
      vertex -3.67432 15.9 10.5
      vertex -2.925 14.6021 10.5
    endloop
  endfacet
  facet normal 0 0 -1
    outer loop
      vertex -3.30815 14.3081 10.5
      vertex -3.67432 15.9 10.5
      vertex -3.12621 14.4677 10.5
    endloop
  endfacet
  facet normal 0 0 -1
    outer loop
      vertex -3.4677 14.1262 10.5
      vertex -3.67432 15.9 10.5
      vertex -3.30815 14.3081 10.5
    endloop
  endfacet
  facet normal 0 0 -1
    outer loop
      vertex -3.60215 13.925 10.5
      vertex -3.67432 15.9 10.5
      vertex -3.4677 14.1262 10.5
    endloop
  endfacet
  facet normal 0 0 -1
    outer loop
      vertex -5.34863 13 10.5
      vertex -3.60215 13.925 10.5
      vertex -3.70918 13.708 10.5
    endloop
  endfacet
  facet normal 0 0 -1
    outer loop
      vertex -5.34863 13 10.5
      vertex -3.70918 13.708 10.5
      vertex -3.78696 13.4788 10.5
    endloop
  endfacet
  facet normal 0 0 -1
    outer loop
      vertex -5.34863 13 10.5
      vertex -3.78696 13.4788 10.5
      vertex -3.83417 13.2415 10.5
    endloop
  endfacet
  facet normal 0 0 -1
    outer loop
      vertex -5.34863 13 10.5
      vertex -3.83417 13.2415 10.5
      vertex -3.85 13 10.5
    endloop
  endfacet
  facet normal -0 0 -1
    outer loop
      vertex -3.60215 13.925 10.5
      vertex -5.34863 13 10.5
      vertex -3.67432 15.9 10.5
    endloop
  endfacet
  facet normal 0.866026 -0.499999 0
    outer loop
      vertex -5.34863 13 10.5
      vertex -3.67432 15.9 8
      vertex -3.67432 15.9 10.5
    endloop
  endfacet
  facet normal 0.866026 -0.499999 0
    outer loop
      vertex -3.67432 15.9 8
      vertex -5.34863 13 10.5
      vertex -5.34863 13 8
    endloop
  endfacet
  facet normal 0 0 1
    outer loop
      vertex 2 15.9 8
      vertex -0.150001 13 8
      vertex 2 10.1 8
    endloop
  endfacet
  facet normal 0 0 1
    outer loop
      vertex 2 15.9 8
      vertex -0.165828 13.2415 8
      vertex -0.150001 13 8
    endloop
  endfacet
  facet normal 0 0 1
    outer loop
      vertex 2 15.9 8
      vertex -0.213037 13.4788 8
      vertex -0.165828 13.2415 8
    endloop
  endfacet
  facet normal 0 0 1
    outer loop
      vertex 2 15.9 8
      vertex -0.290823 13.708 8
      vertex -0.213037 13.4788 8
    endloop
  endfacet
  facet normal 0 0 1
    outer loop
      vertex 2 15.9 8
      vertex -0.397854 13.925 8
      vertex -0.290823 13.708 8
    endloop
  endfacet
  facet normal 0 0 1
    outer loop
      vertex 2 15.9 8
      vertex -0.532297 14.1262 8
      vertex -0.397854 13.925 8
    endloop
  endfacet
  facet normal 0 0 1
    outer loop
      vertex 2 15.9 8
      vertex -0.691853 14.3081 8
      vertex -0.532297 14.1262 8
    endloop
  endfacet
  facet normal 0 0 1
    outer loop
      vertex 2 15.9 8
      vertex -0.873792 14.4677 8
      vertex -0.691853 14.3081 8
    endloop
  endfacet
  facet normal 0 0 1
    outer loop
      vertex 2 15.9 8
      vertex -1.075 14.6021 8
      vertex -0.873792 14.4677 8
    endloop
  endfacet
  facet normal 0 0 1
    outer loop
      vertex 2 15.9 8
      vertex -1.29204 14.7092 8
      vertex -1.075 14.6021 8
    endloop
  endfacet
  facet normal 0 0 1
    outer loop
      vertex 2 15.9 8
      vertex -1.52118 14.787 8
      vertex -1.29204 14.7092 8
    endloop
  endfacet
  facet normal 0 0 1
    outer loop
      vertex 2 15.9 8
      vertex -1.75853 14.8342 8
      vertex -1.52118 14.787 8
    endloop
  endfacet
  facet normal -0 0 1
    outer loop
      vertex -3.67432 15.9 8
      vertex -1.75853 14.8342 8
      vertex 2 15.9 8
    endloop
  endfacet
  facet normal 0 0 1
    outer loop
      vertex -1.75853 14.8342 8
      vertex -3.67432 15.9 8
      vertex -2 14.85 8
    endloop
  endfacet
  facet normal 0 0 1
    outer loop
      vertex -2 14.85 8
      vertex -3.67432 15.9 8
      vertex -2.24147 14.8342 8
    endloop
  endfacet
  facet normal 0 0 1
    outer loop
      vertex -2.24147 14.8342 8
      vertex -3.67432 15.9 8
      vertex -2.47882 14.787 8
    endloop
  endfacet
  facet normal 0 0 1
    outer loop
      vertex -3.67432 15.9 8
      vertex -2.70796 14.7092 8
      vertex -2.47882 14.787 8
    endloop
  endfacet
  facet normal 0 0 1
    outer loop
      vertex -3.67432 15.9 8
      vertex -2.925 14.6021 8
      vertex -2.70796 14.7092 8
    endloop
  endfacet
  facet normal 0 0 1
    outer loop
      vertex -3.67432 15.9 8
      vertex -3.12621 14.4677 8
      vertex -2.925 14.6021 8
    endloop
  endfacet
  facet normal 0 0 1
    outer loop
      vertex -3.67432 15.9 8
      vertex -3.30815 14.3081 8
      vertex -3.12621 14.4677 8
    endloop
  endfacet
  facet normal 0 0 1
    outer loop
      vertex -3.67432 15.9 8
      vertex -3.4677 14.1262 8
      vertex -3.30815 14.3081 8
    endloop
  endfacet
  facet normal 0 0 1
    outer loop
      vertex -3.67432 15.9 8
      vertex -3.60215 13.925 8
      vertex -3.4677 14.1262 8
    endloop
  endfacet
  facet normal 0 0 1
    outer loop
      vertex -5.34863 13 8
      vertex -3.60215 13.925 8
      vertex -3.67432 15.9 8
    endloop
  endfacet
  facet normal 0 0 1
    outer loop
      vertex -3.60215 13.925 8
      vertex -5.34863 13 8
      vertex -3.70918 13.708 8
    endloop
  endfacet
  facet normal 0 0 1
    outer loop
      vertex -3.70918 13.708 8
      vertex -5.34863 13 8
      vertex -3.78696 13.4788 8
    endloop
  endfacet
  facet normal 0 0 1
    outer loop
      vertex -3.78696 13.4788 8
      vertex -5.34863 13 8
      vertex -3.83417 13.2415 8
    endloop
  endfacet
  facet normal 0 0 1
    outer loop
      vertex -3.83417 13.2415 8
      vertex -5.34863 13 8
      vertex -3.85 13 8
    endloop
  endfacet
  facet normal -0 0 1
    outer loop
      vertex -0.165828 12.7585 8
      vertex 2 10.1 8
      vertex -0.150001 13 8
    endloop
  endfacet
  facet normal -0 0 1
    outer loop
      vertex -0.213037 12.5212 8
      vertex 2 10.1 8
      vertex -0.165828 12.7585 8
    endloop
  endfacet
  facet normal -0 0 1
    outer loop
      vertex -0.290823 12.292 8
      vertex 2 10.1 8
      vertex -0.213037 12.5212 8
    endloop
  endfacet
  facet normal -0 0 1
    outer loop
      vertex -0.397854 12.075 8
      vertex 2 10.1 8
      vertex -0.290823 12.292 8
    endloop
  endfacet
  facet normal -0 0 1
    outer loop
      vertex -0.532297 11.8738 8
      vertex 2 10.1 8
      vertex -0.397854 12.075 8
    endloop
  endfacet
  facet normal -0 0 1
    outer loop
      vertex -0.691853 11.6919 8
      vertex 2 10.1 8
      vertex -0.532297 11.8738 8
    endloop
  endfacet
  facet normal -0 0 1
    outer loop
      vertex -0.873792 11.5323 8
      vertex 2 10.1 8
      vertex -0.691853 11.6919 8
    endloop
  endfacet
  facet normal -0 0 1
    outer loop
      vertex -1.075 11.3979 8
      vertex 2 10.1 8
      vertex -0.873792 11.5323 8
    endloop
  endfacet
  facet normal -0 0 1
    outer loop
      vertex -1.29204 11.2908 8
      vertex 2 10.1 8
      vertex -1.075 11.3979 8
    endloop
  endfacet
  facet normal -0 0 1
    outer loop
      vertex -1.52118 11.213 8
      vertex 2 10.1 8
      vertex -1.29204 11.2908 8
    endloop
  endfacet
  facet normal -0 0 1
    outer loop
      vertex -1.75853 11.1658 8
      vertex 2 10.1 8
      vertex -1.52118 11.213 8
    endloop
  endfacet
  facet normal 0 0 1
    outer loop
      vertex -3.67432 10.1 8
      vertex -1.75853 11.1658 8
      vertex -2 11.15 8
    endloop
  endfacet
  facet normal 0 0 1
    outer loop
      vertex -3.67432 10.1 8
      vertex -2 11.15 8
      vertex -2.24147 11.1658 8
    endloop
  endfacet
  facet normal 0 0 1
    outer loop
      vertex -3.67432 10.1 8
      vertex -2.24147 11.1658 8
      vertex -2.47882 11.213 8
    endloop
  endfacet
  facet normal 0 0 1
    outer loop
      vertex -1.75853 11.1658 8
      vertex -3.67432 10.1 8
      vertex 2 10.1 8
    endloop
  endfacet
  facet normal 0 0 1
    outer loop
      vertex -2.70796 11.2908 8
      vertex -3.67432 10.1 8
      vertex -2.47882 11.213 8
    endloop
  endfacet
  facet normal 0 0 1
    outer loop
      vertex -2.925 11.3979 8
      vertex -3.67432 10.1 8
      vertex -2.70796 11.2908 8
    endloop
  endfacet
  facet normal 0 0 1
    outer loop
      vertex -3.12621 11.5323 8
      vertex -3.67432 10.1 8
      vertex -2.925 11.3979 8
    endloop
  endfacet
  facet normal 0 0 1
    outer loop
      vertex -3.30815 11.6919 8
      vertex -3.67432 10.1 8
      vertex -3.12621 11.5323 8
    endloop
  endfacet
  facet normal 0 0 1
    outer loop
      vertex -3.4677 11.8738 8
      vertex -3.67432 10.1 8
      vertex -3.30815 11.6919 8
    endloop
  endfacet
  facet normal 0 0 1
    outer loop
      vertex -3.60215 12.075 8
      vertex -3.67432 10.1 8
      vertex -3.4677 11.8738 8
    endloop
  endfacet
  facet normal 0 0 1
    outer loop
      vertex -5.34863 13 8
      vertex -3.60215 12.075 8
      vertex -3.70918 12.292 8
    endloop
  endfacet
  facet normal 0 0 1
    outer loop
      vertex -5.34863 13 8
      vertex -3.70918 12.292 8
      vertex -3.78696 12.5212 8
    endloop
  endfacet
  facet normal 0 0 1
    outer loop
      vertex -5.34863 13 8
      vertex -3.78696 12.5212 8
      vertex -3.83417 12.7585 8
    endloop
  endfacet
  facet normal -0 0 1
    outer loop
      vertex -5.34863 13 8
      vertex -3.83417 12.7585 8
      vertex -3.85 13 8
    endloop
  endfacet
  facet normal 0 0 1
    outer loop
      vertex -3.60215 12.075 8
      vertex -5.34863 13 8
      vertex -3.67432 10.1 8
    endloop
  endfacet
  facet normal 0.866026 0.499999 0
    outer loop
      vertex -3.67432 10.1 10.5
      vertex -5.34863 13 8
      vertex -5.34863 13 10.5
    endloop
  endfacet
  facet normal 0.866026 0.499999 0
    outer loop
      vertex -5.34863 13 8
      vertex -3.67432 10.1 10.5
      vertex -3.67432 10.1 8
    endloop
  endfacet
  facet normal -0.997812 -0.0661077 0
    outer loop
      vertex 183.85 13 -34.2
      vertex 183.834 13.2415 8
      vertex 183.834 13.2415 -34.2
    endloop
  endfacet
  facet normal -0.997812 -0.0661077 0
    outer loop
      vertex 183.834 13.2415 8
      vertex 183.85 13 -34.2
      vertex 183.85 13 8
    endloop
  endfacet
  facet normal -0.997812 -0.0661077 0
    outer loop
      vertex 183.85 13 10.5
      vertex 183.834 13.2415 14
      vertex 183.834 13.2415 10.5
    endloop
  endfacet
  facet normal -0.997812 -0.0661077 0
    outer loop
      vertex 183.834 13.2415 14
      vertex 183.85 13 10.5
      vertex 183.85 13 14
    endloop
  endfacet
  facet normal 0.997812 -0.0661077 0
    outer loop
      vertex 180.15 13 8
      vertex 180.166 13.2415 -34.2
      vertex 180.166 13.2415 8
    endloop
  endfacet
  facet normal 0.997812 -0.0661077 0
    outer loop
      vertex 180.166 13.2415 -34.2
      vertex 180.15 13 8
      vertex 180.15 13 -34.2
    endloop
  endfacet
  facet normal 0.997812 -0.0661077 0
    outer loop
      vertex 180.15 13 14
      vertex 180.166 13.2415 10.5
      vertex 180.166 13.2415 14
    endloop
  endfacet
  facet normal 0.997812 -0.0661077 0
    outer loop
      vertex 180.166 13.2415 10.5
      vertex 180.15 13 14
      vertex 180.15 13 10.5
    endloop
  endfacet
  facet normal -0.0654197 -0.997858 0
    outer loop
      vertex 182 14.85 -34.2
      vertex 182.241 14.8342 8
      vertex 182 14.85 8
    endloop
  endfacet
  facet normal -0.0654197 -0.997858 -0
    outer loop
      vertex 182.241 14.8342 8
      vertex 182 14.85 -34.2
      vertex 182.241 14.8342 -34.2
    endloop
  endfacet
  facet normal -0.0654197 -0.997858 0
    outer loop
      vertex 182 14.85 10.5
      vertex 182.241 14.8342 14
      vertex 182 14.85 14
    endloop
  endfacet
  facet normal -0.0654197 -0.997858 -0
    outer loop
      vertex 182.241 14.8342 14
      vertex 182 14.85 10.5
      vertex 182.241 14.8342 10.5
    endloop
  endfacet
  facet normal -0.750861 -0.66046 0
    outer loop
      vertex 183.468 14.1262 -34.2
      vertex 183.308 14.3081 8
      vertex 183.308 14.3081 -34.2
    endloop
  endfacet
  facet normal -0.750861 -0.66046 0
    outer loop
      vertex 183.308 14.3081 8
      vertex 183.468 14.1262 -34.2
      vertex 183.468 14.1262 8
    endloop
  endfacet
  facet normal -0.750861 -0.66046 0
    outer loop
      vertex 183.468 14.1262 10.5
      vertex 183.308 14.3081 14
      vertex 183.308 14.3081 10.5
    endloop
  endfacet
  facet normal -0.750861 -0.66046 0
    outer loop
      vertex 183.308 14.3081 14
      vertex 183.468 14.1262 10.5
      vertex 183.468 14.1262 14
    endloop
  endfacet
  facet normal 0.659323 -0.75186 0
    outer loop
      vertex 180.692 14.3081 -34.2
      vertex 180.874 14.4677 8
      vertex 180.692 14.3081 8
    endloop
  endfacet
  facet normal 0.659323 -0.75186 0
    outer loop
      vertex 180.874 14.4677 8
      vertex 180.692 14.3081 -34.2
      vertex 180.874 14.4677 -34.2
    endloop
  endfacet
  facet normal 0.659323 -0.75186 0
    outer loop
      vertex 180.692 14.3081 10.5
      vertex 180.874 14.4677 14
      vertex 180.692 14.3081 14
    endloop
  endfacet
  facet normal 0.659323 -0.75186 0
    outer loop
      vertex 180.874 14.4677 14
      vertex 180.692 14.3081 10.5
      vertex 180.874 14.4677 10.5
    endloop
  endfacet
  facet normal 0.32168 -0.946848 0
    outer loop
      vertex 181.292 14.7092 -34.2
      vertex 181.521 14.787 8
      vertex 181.292 14.7092 8
    endloop
  endfacet
  facet normal 0.32168 -0.946848 0
    outer loop
      vertex 181.521 14.787 8
      vertex 181.292 14.7092 -34.2
      vertex 181.521 14.787 -34.2
    endloop
  endfacet
  facet normal 0.32168 -0.946848 0
    outer loop
      vertex 181.292 14.7092 10.5
      vertex 181.521 14.787 14
      vertex 181.292 14.7092 14
    endloop
  endfacet
  facet normal 0.32168 -0.946848 0
    outer loop
      vertex 181.521 14.787 14
      vertex 181.292 14.7092 10.5
      vertex 181.521 14.787 10.5
    endloop
  endfacet
  facet normal -0.946682 -0.322169 0
    outer loop
      vertex 183.787 13.4788 10.5
      vertex 183.709 13.708 14
      vertex 183.709 13.708 10.5
    endloop
  endfacet
  facet normal -0.946682 -0.322169 0
    outer loop
      vertex 183.709 13.708 14
      vertex 183.787 13.4788 10.5
      vertex 183.787 13.4788 14
    endloop
  endfacet
  facet normal -0.946682 -0.322169 0
    outer loop
      vertex 183.787 13.4788 -34.2
      vertex 183.709 13.708 8
      vertex 183.709 13.708 -34.2
    endloop
  endfacet
  facet normal -0.946682 -0.322169 0
    outer loop
      vertex 183.709 13.708 8
      vertex 183.787 13.4788 -34.2
      vertex 183.787 13.4788 8
    endloop
  endfacet
  facet normal -0.980945 -0.194287 0
    outer loop
      vertex 183.834 13.2415 -34.2
      vertex 183.787 13.4788 8
      vertex 183.787 13.4788 -34.2
    endloop
  endfacet
  facet normal -0.980945 -0.194287 0
    outer loop
      vertex 183.787 13.4788 8
      vertex 183.834 13.2415 -34.2
      vertex 183.834 13.2415 8
    endloop
  endfacet
  facet normal -0.980945 -0.194287 0
    outer loop
      vertex 183.834 13.2415 10.5
      vertex 183.787 13.4788 14
      vertex 183.787 13.4788 10.5
    endloop
  endfacet
  facet normal -0.980945 -0.194287 0
    outer loop
      vertex 183.787 13.4788 14
      vertex 183.834 13.2415 10.5
      vertex 183.834 13.2415 14
    endloop
  endfacet
  facet normal -0.442579 -0.896729 0
    outer loop
      vertex 182.708 14.7092 -34.2
      vertex 182.925 14.6021 8
      vertex 182.708 14.7092 8
    endloop
  endfacet
  facet normal -0.442579 -0.896729 -0
    outer loop
      vertex 182.925 14.6021 8
      vertex 182.708 14.7092 -34.2
      vertex 182.925 14.6021 -34.2
    endloop
  endfacet
  facet normal -0.442579 -0.896729 0
    outer loop
      vertex 182.708 14.7092 10.5
      vertex 182.925 14.6021 14
      vertex 182.708 14.7092 14
    endloop
  endfacet
  facet normal -0.442579 -0.896729 -0
    outer loop
      vertex 182.925 14.6021 14
      vertex 182.708 14.7092 10.5
      vertex 182.925 14.6021 10.5
    endloop
  endfacet
  facet normal -0.32168 -0.946848 0
    outer loop
      vertex 182.479 14.787 -34.2
      vertex 182.708 14.7092 8
      vertex 182.479 14.787 8
    endloop
  endfacet
  facet normal -0.32168 -0.946848 -0
    outer loop
      vertex 182.708 14.7092 8
      vertex 182.479 14.787 -34.2
      vertex 182.708 14.7092 -34.2
    endloop
  endfacet
  facet normal -0.32168 -0.946848 0
    outer loop
      vertex 182.479 14.787 10.5
      vertex 182.708 14.7092 14
      vertex 182.479 14.787 14
    endloop
  endfacet
  facet normal -0.32168 -0.946848 -0
    outer loop
      vertex 182.708 14.7092 14
      vertex 182.479 14.787 10.5
      vertex 182.708 14.7092 10.5
    endloop
  endfacet
  facet normal -0.659323 -0.75186 0
    outer loop
      vertex 183.126 14.4677 -34.2
      vertex 183.308 14.3081 8
      vertex 183.126 14.4677 8
    endloop
  endfacet
  facet normal -0.659323 -0.75186 -0
    outer loop
      vertex 183.308 14.3081 8
      vertex 183.126 14.4677 -34.2
      vertex 183.308 14.3081 -34.2
    endloop
  endfacet
  facet normal -0.659323 -0.75186 0
    outer loop
      vertex 183.126 14.4677 10.5
      vertex 183.308 14.3081 14
      vertex 183.126 14.4677 14
    endloop
  endfacet
  facet normal -0.659323 -0.75186 -0
    outer loop
      vertex 183.308 14.3081 14
      vertex 183.126 14.4677 10.5
      vertex 183.308 14.3081 10.5
    endloop
  endfacet
  facet normal 0.896893 -0.442247 0
    outer loop
      vertex 180.291 13.708 8
      vertex 180.398 13.925 -34.2
      vertex 180.398 13.925 8
    endloop
  endfacet
  facet normal 0.896893 -0.442247 0
    outer loop
      vertex 180.398 13.925 -34.2
      vertex 180.291 13.708 8
      vertex 180.291 13.708 -34.2
    endloop
  endfacet
  facet normal 0.896893 -0.442247 0
    outer loop
      vertex 180.291 13.708 14
      vertex 180.398 13.925 10.5
      vertex 180.398 13.925 14
    endloop
  endfacet
  facet normal 0.896893 -0.442247 0
    outer loop
      vertex 180.398 13.925 10.5
      vertex 180.291 13.708 14
      vertex 180.291 13.708 10.5
    endloop
  endfacet
  facet normal 0.750861 -0.66046 0
    outer loop
      vertex 180.532 14.1262 8
      vertex 180.692 14.3081 -34.2
      vertex 180.692 14.3081 8
    endloop
  endfacet
  facet normal 0.750861 -0.66046 0
    outer loop
      vertex 180.692 14.3081 -34.2
      vertex 180.532 14.1262 8
      vertex 180.532 14.1262 -34.2
    endloop
  endfacet
  facet normal 0.750861 -0.66046 0
    outer loop
      vertex 180.532 14.1262 14
      vertex 180.692 14.3081 10.5
      vertex 180.692 14.3081 14
    endloop
  endfacet
  facet normal 0.750861 -0.66046 0
    outer loop
      vertex 180.692 14.3081 10.5
      vertex 180.532 14.1262 14
      vertex 180.532 14.1262 10.5
    endloop
  endfacet
  facet normal 0.946682 -0.322169 0
    outer loop
      vertex 180.213 13.4788 8
      vertex 180.291 13.708 -34.2
      vertex 180.291 13.708 8
    endloop
  endfacet
  facet normal 0.946682 -0.322169 0
    outer loop
      vertex 180.291 13.708 -34.2
      vertex 180.213 13.4788 8
      vertex 180.213 13.4788 -34.2
    endloop
  endfacet
  facet normal 0.946682 -0.322169 0
    outer loop
      vertex 180.213 13.4788 14
      vertex 180.291 13.708 10.5
      vertex 180.291 13.708 14
    endloop
  endfacet
  facet normal 0.946682 -0.322169 0
    outer loop
      vertex 180.291 13.708 10.5
      vertex 180.213 13.4788 14
      vertex 180.213 13.4788 10.5
    endloop
  endfacet
  facet normal 0.194531 -0.980896 0
    outer loop
      vertex 181.521 14.787 -34.2
      vertex 181.759 14.8342 8
      vertex 181.521 14.787 8
    endloop
  endfacet
  facet normal 0.194531 -0.980896 0
    outer loop
      vertex 181.759 14.8342 8
      vertex 181.521 14.787 -34.2
      vertex 181.759 14.8342 -34.2
    endloop
  endfacet
  facet normal 0.194531 -0.980896 0
    outer loop
      vertex 181.521 14.787 10.5
      vertex 181.759 14.8342 14
      vertex 181.521 14.787 14
    endloop
  endfacet
  facet normal 0.194531 -0.980896 0
    outer loop
      vertex 181.759 14.8342 14
      vertex 181.521 14.787 10.5
      vertex 181.759 14.8342 10.5
    endloop
  endfacet
  facet normal -0.980945 0.194287 0
    outer loop
      vertex 183.787 12.5212 -34.2
      vertex 183.834 12.7585 8
      vertex 183.834 12.7585 -34.2
    endloop
  endfacet
  facet normal -0.980945 0.194287 0
    outer loop
      vertex 183.834 12.7585 8
      vertex 183.787 12.5212 -34.2
      vertex 183.787 12.5212 8
    endloop
  endfacet
  facet normal -0.980945 0.194287 0
    outer loop
      vertex 183.787 12.5212 10.5
      vertex 183.834 12.7585 14
      vertex 183.834 12.7585 10.5
    endloop
  endfacet
  facet normal -0.980945 0.194287 0
    outer loop
      vertex 183.834 12.7585 14
      vertex 183.787 12.5212 10.5
      vertex 183.787 12.5212 14
    endloop
  endfacet
  facet normal 0.659323 0.75186 -0
    outer loop
      vertex 180.874 11.5323 -34.2
      vertex 180.692 11.6919 8
      vertex 180.874 11.5323 8
    endloop
  endfacet
  facet normal 0.659323 0.75186 0
    outer loop
      vertex 180.692 11.6919 8
      vertex 180.874 11.5323 -34.2
      vertex 180.692 11.6919 -34.2
    endloop
  endfacet
  facet normal 0.659323 0.75186 -0
    outer loop
      vertex 180.874 11.5323 10.5
      vertex 180.692 11.6919 14
      vertex 180.874 11.5323 14
    endloop
  endfacet
  facet normal 0.659323 0.75186 0
    outer loop
      vertex 180.692 11.6919 14
      vertex 180.874 11.5323 10.5
      vertex 180.692 11.6919 10.5
    endloop
  endfacet
  facet normal 0.32168 0.946848 -0
    outer loop
      vertex 181.521 11.213 -34.2
      vertex 181.292 11.2908 8
      vertex 181.521 11.213 8
    endloop
  endfacet
  facet normal 0.32168 0.946848 0
    outer loop
      vertex 181.292 11.2908 8
      vertex 181.521 11.213 -34.2
      vertex 181.292 11.2908 -34.2
    endloop
  endfacet
  facet normal 0.32168 0.946848 -0
    outer loop
      vertex 181.521 11.213 10.5
      vertex 181.292 11.2908 14
      vertex 181.521 11.213 14
    endloop
  endfacet
  facet normal 0.32168 0.946848 0
    outer loop
      vertex 181.292 11.2908 14
      vertex 181.521 11.213 10.5
      vertex 181.292 11.2908 10.5
    endloop
  endfacet
  facet normal 0 0 1
    outer loop
      vertex 183.834 13.2415 -34.2
      vertex 183.834 12.7585 -34.2
      vertex 183.85 13 -34.2
    endloop
  endfacet
  facet normal 0 0 1
    outer loop
      vertex 183.787 13.4788 -34.2
      vertex 183.834 12.7585 -34.2
      vertex 183.834 13.2415 -34.2
    endloop
  endfacet
  facet normal 0 0 1
    outer loop
      vertex 183.787 13.4788 -34.2
      vertex 183.787 12.5212 -34.2
      vertex 183.834 12.7585 -34.2
    endloop
  endfacet
  facet normal 0 0 1
    outer loop
      vertex 183.709 13.708 -34.2
      vertex 183.787 12.5212 -34.2
      vertex 183.787 13.4788 -34.2
    endloop
  endfacet
  facet normal 0 0 1
    outer loop
      vertex 183.709 13.708 -34.2
      vertex 183.709 12.292 -34.2
      vertex 183.787 12.5212 -34.2
    endloop
  endfacet
  facet normal 0 0 1
    outer loop
      vertex 183.602 13.925 -34.2
      vertex 183.709 12.292 -34.2
      vertex 183.709 13.708 -34.2
    endloop
  endfacet
  facet normal 0 0 1
    outer loop
      vertex 183.602 13.925 -34.2
      vertex 183.602 12.075 -34.2
      vertex 183.709 12.292 -34.2
    endloop
  endfacet
  facet normal 0 0 1
    outer loop
      vertex 183.468 14.1262 -34.2
      vertex 183.602 12.075 -34.2
      vertex 183.602 13.925 -34.2
    endloop
  endfacet
  facet normal 0 0 1
    outer loop
      vertex 183.468 14.1262 -34.2
      vertex 183.468 11.8738 -34.2
      vertex 183.602 12.075 -34.2
    endloop
  endfacet
  facet normal 0 0 1
    outer loop
      vertex 183.308 14.3081 -34.2
      vertex 183.468 11.8738 -34.2
      vertex 183.468 14.1262 -34.2
    endloop
  endfacet
  facet normal 0 0 1
    outer loop
      vertex 183.308 14.3081 -34.2
      vertex 183.308 11.6919 -34.2
      vertex 183.468 11.8738 -34.2
    endloop
  endfacet
  facet normal 0 0 1
    outer loop
      vertex 183.126 14.4677 -34.2
      vertex 183.308 11.6919 -34.2
      vertex 183.308 14.3081 -34.2
    endloop
  endfacet
  facet normal 0 0 1
    outer loop
      vertex 183.126 14.4677 -34.2
      vertex 183.126 11.5323 -34.2
      vertex 183.308 11.6919 -34.2
    endloop
  endfacet
  facet normal 0 0 1
    outer loop
      vertex 182.925 14.6021 -34.2
      vertex 183.126 11.5323 -34.2
      vertex 183.126 14.4677 -34.2
    endloop
  endfacet
  facet normal 0 0 1
    outer loop
      vertex 182.925 14.6021 -34.2
      vertex 182.925 11.3979 -34.2
      vertex 183.126 11.5323 -34.2
    endloop
  endfacet
  facet normal 0 0 1
    outer loop
      vertex 182.708 14.7092 -34.2
      vertex 182.925 11.3979 -34.2
      vertex 182.925 14.6021 -34.2
    endloop
  endfacet
  facet normal 0 0 1
    outer loop
      vertex 182.708 14.7092 -34.2
      vertex 182.708 11.2908 -34.2
      vertex 182.925 11.3979 -34.2
    endloop
  endfacet
  facet normal 0 0 1
    outer loop
      vertex 182.479 14.787 -34.2
      vertex 182.708 11.2908 -34.2
      vertex 182.708 14.7092 -34.2
    endloop
  endfacet
  facet normal 0 0 1
    outer loop
      vertex 182.479 14.787 -34.2
      vertex 182.479 11.213 -34.2
      vertex 182.708 11.2908 -34.2
    endloop
  endfacet
  facet normal 0 0 1
    outer loop
      vertex 182.241 14.8342 -34.2
      vertex 182.479 11.213 -34.2
      vertex 182.479 14.787 -34.2
    endloop
  endfacet
  facet normal 0 0 1
    outer loop
      vertex 182.241 14.8342 -34.2
      vertex 182.241 11.1658 -34.2
      vertex 182.479 11.213 -34.2
    endloop
  endfacet
  facet normal 0 0 1
    outer loop
      vertex 182 14.85 -34.2
      vertex 182.241 11.1658 -34.2
      vertex 182.241 14.8342 -34.2
    endloop
  endfacet
  facet normal 0 0 1
    outer loop
      vertex 182 14.85 -34.2
      vertex 182 11.15 -34.2
      vertex 182.241 11.1658 -34.2
    endloop
  endfacet
  facet normal -0 0 1
    outer loop
      vertex 181.759 14.8342 -34.2
      vertex 182 11.15 -34.2
      vertex 182 14.85 -34.2
    endloop
  endfacet
  facet normal 0 0 1
    outer loop
      vertex 181.759 14.8342 -34.2
      vertex 181.759 11.1658 -34.2
      vertex 182 11.15 -34.2
    endloop
  endfacet
  facet normal -0 0 1
    outer loop
      vertex 181.521 14.787 -34.2
      vertex 181.759 11.1658 -34.2
      vertex 181.759 14.8342 -34.2
    endloop
  endfacet
  facet normal 0 0 1
    outer loop
      vertex 181.521 14.787 -34.2
      vertex 181.521 11.213 -34.2
      vertex 181.759 11.1658 -34.2
    endloop
  endfacet
  facet normal -0 0 1
    outer loop
      vertex 181.292 14.7092 -34.2
      vertex 181.521 11.213 -34.2
      vertex 181.521 14.787 -34.2
    endloop
  endfacet
  facet normal 0 0 1
    outer loop
      vertex 181.292 14.7092 -34.2
      vertex 181.292 11.2908 -34.2
      vertex 181.521 11.213 -34.2
    endloop
  endfacet
  facet normal -0 0 1
    outer loop
      vertex 181.075 14.6021 -34.2
      vertex 181.292 11.2908 -34.2
      vertex 181.292 14.7092 -34.2
    endloop
  endfacet
  facet normal 0 0 1
    outer loop
      vertex 181.075 14.6021 -34.2
      vertex 181.075 11.3979 -34.2
      vertex 181.292 11.2908 -34.2
    endloop
  endfacet
  facet normal -0 0 1
    outer loop
      vertex 180.874 14.4677 -34.2
      vertex 181.075 11.3979 -34.2
      vertex 181.075 14.6021 -34.2
    endloop
  endfacet
  facet normal 0 0 1
    outer loop
      vertex 180.874 14.4677 -34.2
      vertex 180.874 11.5323 -34.2
      vertex 181.075 11.3979 -34.2
    endloop
  endfacet
  facet normal -0 0 1
    outer loop
      vertex 180.692 14.3081 -34.2
      vertex 180.874 11.5323 -34.2
      vertex 180.874 14.4677 -34.2
    endloop
  endfacet
  facet normal 0 0 1
    outer loop
      vertex 180.692 14.3081 -34.2
      vertex 180.692 11.6919 -34.2
      vertex 180.874 11.5323 -34.2
    endloop
  endfacet
  facet normal -0 0 1
    outer loop
      vertex 180.532 14.1262 -34.2
      vertex 180.692 11.6919 -34.2
      vertex 180.692 14.3081 -34.2
    endloop
  endfacet
  facet normal 0 0 1
    outer loop
      vertex 180.532 14.1262 -34.2
      vertex 180.532 11.8738 -34.2
      vertex 180.692 11.6919 -34.2
    endloop
  endfacet
  facet normal -0 0 1
    outer loop
      vertex 180.398 13.925 -34.2
      vertex 180.532 11.8738 -34.2
      vertex 180.532 14.1262 -34.2
    endloop
  endfacet
  facet normal 0 0 1
    outer loop
      vertex 180.398 13.925 -34.2
      vertex 180.398 12.075 -34.2
      vertex 180.532 11.8738 -34.2
    endloop
  endfacet
  facet normal -0 0 1
    outer loop
      vertex 180.291 13.708 -34.2
      vertex 180.398 12.075 -34.2
      vertex 180.398 13.925 -34.2
    endloop
  endfacet
  facet normal 0 0 1
    outer loop
      vertex 180.291 13.708 -34.2
      vertex 180.291 12.292 -34.2
      vertex 180.398 12.075 -34.2
    endloop
  endfacet
  facet normal -0 0 1
    outer loop
      vertex 180.213 13.4788 -34.2
      vertex 180.291 12.292 -34.2
      vertex 180.291 13.708 -34.2
    endloop
  endfacet
  facet normal 0 0 1
    outer loop
      vertex 180.213 13.4788 -34.2
      vertex 180.213 12.5212 -34.2
      vertex 180.291 12.292 -34.2
    endloop
  endfacet
  facet normal -0 0 1
    outer loop
      vertex 180.166 13.2415 -34.2
      vertex 180.213 12.5212 -34.2
      vertex 180.213 13.4788 -34.2
    endloop
  endfacet
  facet normal 0 0 1
    outer loop
      vertex 180.166 13.2415 -34.2
      vertex 180.166 12.7585 -34.2
      vertex 180.213 12.5212 -34.2
    endloop
  endfacet
  facet normal 0 -0 1
    outer loop
      vertex 180.166 12.7585 -34.2
      vertex 180.166 13.2415 -34.2
      vertex 180.15 13 -34.2
    endloop
  endfacet
  facet normal -0.832305 -0.554318 0
    outer loop
      vertex 183.602 13.925 -34.2
      vertex 183.468 14.1262 8
      vertex 183.468 14.1262 -34.2
    endloop
  endfacet
  facet normal -0.832305 -0.554318 0
    outer loop
      vertex 183.468 14.1262 8
      vertex 183.602 13.925 -34.2
      vertex 183.602 13.925 8
    endloop
  endfacet
  facet normal -0.832305 -0.554318 0
    outer loop
      vertex 183.602 13.925 10.5
      vertex 183.468 14.1262 14
      vertex 183.468 14.1262 10.5
    endloop
  endfacet
  facet normal -0.832305 -0.554318 0
    outer loop
      vertex 183.468 14.1262 14
      vertex 183.602 13.925 10.5
      vertex 183.602 13.925 14
    endloop
  endfacet
  facet normal -0.896893 -0.442247 0
    outer loop
      vertex 183.709 13.708 -34.2
      vertex 183.602 13.925 8
      vertex 183.602 13.925 -34.2
    endloop
  endfacet
  facet normal -0.896893 -0.442247 0
    outer loop
      vertex 183.602 13.925 8
      vertex 183.709 13.708 -34.2
      vertex 183.709 13.708 8
    endloop
  endfacet
  facet normal -0.896893 -0.442247 0
    outer loop
      vertex 183.709 13.708 10.5
      vertex 183.602 13.925 14
      vertex 183.602 13.925 10.5
    endloop
  endfacet
  facet normal -0.896893 -0.442247 0
    outer loop
      vertex 183.602 13.925 14
      vertex 183.709 13.708 10.5
      vertex 183.709 13.708 14
    endloop
  endfacet
  facet normal -0.194531 -0.980896 0
    outer loop
      vertex 182.241 14.8342 -34.2
      vertex 182.479 14.787 8
      vertex 182.241 14.8342 8
    endloop
  endfacet
  facet normal -0.194531 -0.980896 -0
    outer loop
      vertex 182.479 14.787 8
      vertex 182.241 14.8342 -34.2
      vertex 182.479 14.787 -34.2
    endloop
  endfacet
  facet normal -0.194531 -0.980896 0
    outer loop
      vertex 182.241 14.8342 10.5
      vertex 182.479 14.787 14
      vertex 182.241 14.8342 14
    endloop
  endfacet
  facet normal -0.194531 -0.980896 -0
    outer loop
      vertex 182.479 14.787 14
      vertex 182.241 14.8342 10.5
      vertex 182.479 14.787 10.5
    endloop
  endfacet
  facet normal -0.555845 -0.831286 0
    outer loop
      vertex 182.925 14.6021 -34.2
      vertex 183.126 14.4677 8
      vertex 182.925 14.6021 8
    endloop
  endfacet
  facet normal -0.555845 -0.831286 -0
    outer loop
      vertex 183.126 14.4677 8
      vertex 182.925 14.6021 -34.2
      vertex 183.126 14.4677 -34.2
    endloop
  endfacet
  facet normal -0.555845 -0.831286 0
    outer loop
      vertex 182.925 14.6021 10.5
      vertex 183.126 14.4677 14
      vertex 182.925 14.6021 14
    endloop
  endfacet
  facet normal -0.555845 -0.831286 -0
    outer loop
      vertex 183.126 14.4677 14
      vertex 182.925 14.6021 10.5
      vertex 183.126 14.4677 10.5
    endloop
  endfacet
  facet normal 0.832305 -0.554318 0
    outer loop
      vertex 180.398 13.925 8
      vertex 180.532 14.1262 -34.2
      vertex 180.532 14.1262 8
    endloop
  endfacet
  facet normal 0.832305 -0.554318 0
    outer loop
      vertex 180.532 14.1262 -34.2
      vertex 180.398 13.925 8
      vertex 180.398 13.925 -34.2
    endloop
  endfacet
  facet normal 0.832305 -0.554318 0
    outer loop
      vertex 180.398 13.925 14
      vertex 180.532 14.1262 10.5
      vertex 180.532 14.1262 14
    endloop
  endfacet
  facet normal 0.832305 -0.554318 0
    outer loop
      vertex 180.532 14.1262 10.5
      vertex 180.398 13.925 14
      vertex 180.398 13.925 10.5
    endloop
  endfacet
  facet normal 0.980945 -0.194287 0
    outer loop
      vertex 180.166 13.2415 8
      vertex 180.213 13.4788 -34.2
      vertex 180.213 13.4788 8
    endloop
  endfacet
  facet normal 0.980945 -0.194287 0
    outer loop
      vertex 180.213 13.4788 -34.2
      vertex 180.166 13.2415 8
      vertex 180.166 13.2415 -34.2
    endloop
  endfacet
  facet normal 0.980945 -0.194287 0
    outer loop
      vertex 180.166 13.2415 14
      vertex 180.213 13.4788 10.5
      vertex 180.213 13.4788 14
    endloop
  endfacet
  facet normal 0.980945 -0.194287 0
    outer loop
      vertex 180.213 13.4788 10.5
      vertex 180.166 13.2415 14
      vertex 180.166 13.2415 10.5
    endloop
  endfacet
  facet normal 0.442579 -0.896729 0
    outer loop
      vertex 181.075 14.6021 -34.2
      vertex 181.292 14.7092 8
      vertex 181.075 14.6021 8
    endloop
  endfacet
  facet normal 0.442579 -0.896729 0
    outer loop
      vertex 181.292 14.7092 8
      vertex 181.075 14.6021 -34.2
      vertex 181.292 14.7092 -34.2
    endloop
  endfacet
  facet normal 0.442579 -0.896729 0
    outer loop
      vertex 181.075 14.6021 10.5
      vertex 181.292 14.7092 14
      vertex 181.075 14.6021 14
    endloop
  endfacet
  facet normal 0.442579 -0.896729 0
    outer loop
      vertex 181.292 14.7092 14
      vertex 181.075 14.6021 10.5
      vertex 181.292 14.7092 10.5
    endloop
  endfacet
  facet normal 0.555845 -0.831286 0
    outer loop
      vertex 180.874 14.4677 -34.2
      vertex 181.075 14.6021 8
      vertex 180.874 14.4677 8
    endloop
  endfacet
  facet normal 0.555845 -0.831286 0
    outer loop
      vertex 181.075 14.6021 8
      vertex 180.874 14.4677 -34.2
      vertex 181.075 14.6021 -34.2
    endloop
  endfacet
  facet normal 0.555845 -0.831286 0
    outer loop
      vertex 180.874 14.4677 10.5
      vertex 181.075 14.6021 14
      vertex 180.874 14.4677 14
    endloop
  endfacet
  facet normal 0.555845 -0.831286 0
    outer loop
      vertex 181.075 14.6021 14
      vertex 180.874 14.4677 10.5
      vertex 181.075 14.6021 10.5
    endloop
  endfacet
  facet normal 0.0654197 -0.997858 0
    outer loop
      vertex 181.759 14.8342 -34.2
      vertex 182 14.85 8
      vertex 181.759 14.8342 8
    endloop
  endfacet
  facet normal 0.0654197 -0.997858 0
    outer loop
      vertex 182 14.85 8
      vertex 181.759 14.8342 -34.2
      vertex 182 14.85 -34.2
    endloop
  endfacet
  facet normal 0.0654197 -0.997858 0
    outer loop
      vertex 181.759 14.8342 10.5
      vertex 182 14.85 14
      vertex 181.759 14.8342 14
    endloop
  endfacet
  facet normal 0.0654197 -0.997858 0
    outer loop
      vertex 182 14.85 14
      vertex 181.759 14.8342 10.5
      vertex 182 14.85 10.5
    endloop
  endfacet
  facet normal -0.0654197 0.997858 0
    outer loop
      vertex 182.241 11.1658 -34.2
      vertex 182 11.15 8
      vertex 182.241 11.1658 8
    endloop
  endfacet
  facet normal -0.0654197 0.997858 0
    outer loop
      vertex 182 11.15 8
      vertex 182.241 11.1658 -34.2
      vertex 182 11.15 -34.2
    endloop
  endfacet
  facet normal -0.0654197 0.997858 0
    outer loop
      vertex 182.241 11.1658 10.5
      vertex 182 11.15 14
      vertex 182.241 11.1658 14
    endloop
  endfacet
  facet normal -0.0654197 0.997858 0
    outer loop
      vertex 182 11.15 14
      vertex 182.241 11.1658 10.5
      vertex 182 11.15 10.5
    endloop
  endfacet
  facet normal -0.32168 0.946848 0
    outer loop
      vertex 182.708 11.2908 -34.2
      vertex 182.479 11.213 8
      vertex 182.708 11.2908 8
    endloop
  endfacet
  facet normal -0.32168 0.946848 0
    outer loop
      vertex 182.479 11.213 8
      vertex 182.708 11.2908 -34.2
      vertex 182.479 11.213 -34.2
    endloop
  endfacet
  facet normal -0.32168 0.946848 0
    outer loop
      vertex 182.708 11.2908 10.5
      vertex 182.479 11.213 14
      vertex 182.708 11.2908 14
    endloop
  endfacet
  facet normal -0.32168 0.946848 0
    outer loop
      vertex 182.479 11.213 14
      vertex 182.708 11.2908 10.5
      vertex 182.479 11.213 10.5
    endloop
  endfacet
  facet normal -0.659323 0.75186 0
    outer loop
      vertex 183.308 11.6919 -34.2
      vertex 183.126 11.5323 8
      vertex 183.308 11.6919 8
    endloop
  endfacet
  facet normal -0.659323 0.75186 0
    outer loop
      vertex 183.126 11.5323 8
      vertex 183.308 11.6919 -34.2
      vertex 183.126 11.5323 -34.2
    endloop
  endfacet
  facet normal -0.659323 0.75186 0
    outer loop
      vertex 183.308 11.6919 10.5
      vertex 183.126 11.5323 14
      vertex 183.308 11.6919 14
    endloop
  endfacet
  facet normal -0.659323 0.75186 0
    outer loop
      vertex 183.126 11.5323 14
      vertex 183.308 11.6919 10.5
      vertex 183.126 11.5323 10.5
    endloop
  endfacet
  facet normal -0.442579 0.896729 0
    outer loop
      vertex 182.925 11.3979 -34.2
      vertex 182.708 11.2908 8
      vertex 182.925 11.3979 8
    endloop
  endfacet
  facet normal -0.442579 0.896729 0
    outer loop
      vertex 182.708 11.2908 8
      vertex 182.925 11.3979 -34.2
      vertex 182.708 11.2908 -34.2
    endloop
  endfacet
  facet normal -0.442579 0.896729 0
    outer loop
      vertex 182.925 11.3979 10.5
      vertex 182.708 11.2908 14
      vertex 182.925 11.3979 14
    endloop
  endfacet
  facet normal -0.442579 0.896729 0
    outer loop
      vertex 182.708 11.2908 14
      vertex 182.925 11.3979 10.5
      vertex 182.708 11.2908 10.5
    endloop
  endfacet
  facet normal -0.750861 0.66046 0
    outer loop
      vertex 183.308 11.6919 -34.2
      vertex 183.468 11.8738 8
      vertex 183.468 11.8738 -34.2
    endloop
  endfacet
  facet normal -0.750861 0.66046 0
    outer loop
      vertex 183.468 11.8738 8
      vertex 183.308 11.6919 -34.2
      vertex 183.308 11.6919 8
    endloop
  endfacet
  facet normal -0.750861 0.66046 0
    outer loop
      vertex 183.308 11.6919 10.5
      vertex 183.468 11.8738 14
      vertex 183.468 11.8738 10.5
    endloop
  endfacet
  facet normal -0.750861 0.66046 0
    outer loop
      vertex 183.468 11.8738 14
      vertex 183.308 11.6919 10.5
      vertex 183.308 11.6919 14
    endloop
  endfacet
  facet normal -0.896893 0.442247 0
    outer loop
      vertex 183.602 12.075 -34.2
      vertex 183.709 12.292 8
      vertex 183.709 12.292 -34.2
    endloop
  endfacet
  facet normal -0.896893 0.442247 0
    outer loop
      vertex 183.709 12.292 8
      vertex 183.602 12.075 -34.2
      vertex 183.602 12.075 8
    endloop
  endfacet
  facet normal -0.896893 0.442247 0
    outer loop
      vertex 183.602 12.075 10.5
      vertex 183.709 12.292 14
      vertex 183.709 12.292 10.5
    endloop
  endfacet
  facet normal -0.896893 0.442247 0
    outer loop
      vertex 183.709 12.292 14
      vertex 183.602 12.075 10.5
      vertex 183.602 12.075 14
    endloop
  endfacet
  facet normal 0.555845 0.831286 -0
    outer loop
      vertex 181.075 11.3979 -34.2
      vertex 180.874 11.5323 8
      vertex 181.075 11.3979 8
    endloop
  endfacet
  facet normal 0.555845 0.831286 0
    outer loop
      vertex 180.874 11.5323 8
      vertex 181.075 11.3979 -34.2
      vertex 180.874 11.5323 -34.2
    endloop
  endfacet
  facet normal 0.555845 0.831286 -0
    outer loop
      vertex 181.075 11.3979 10.5
      vertex 180.874 11.5323 14
      vertex 181.075 11.3979 14
    endloop
  endfacet
  facet normal 0.555845 0.831286 0
    outer loop
      vertex 180.874 11.5323 14
      vertex 181.075 11.3979 10.5
      vertex 180.874 11.5323 10.5
    endloop
  endfacet
  facet normal 0.194531 0.980896 -0
    outer loop
      vertex 181.759 11.1658 -34.2
      vertex 181.521 11.213 8
      vertex 181.759 11.1658 8
    endloop
  endfacet
  facet normal 0.194531 0.980896 0
    outer loop
      vertex 181.521 11.213 8
      vertex 181.759 11.1658 -34.2
      vertex 181.521 11.213 -34.2
    endloop
  endfacet
  facet normal 0.194531 0.980896 -0
    outer loop
      vertex 181.759 11.1658 10.5
      vertex 181.521 11.213 14
      vertex 181.759 11.1658 14
    endloop
  endfacet
  facet normal 0.194531 0.980896 0
    outer loop
      vertex 181.521 11.213 14
      vertex 181.759 11.1658 10.5
      vertex 181.521 11.213 10.5
    endloop
  endfacet
  facet normal 0.896893 0.442247 0
    outer loop
      vertex 180.398 12.075 8
      vertex 180.291 12.292 -34.2
      vertex 180.291 12.292 8
    endloop
  endfacet
  facet normal 0.896893 0.442247 0
    outer loop
      vertex 180.291 12.292 -34.2
      vertex 180.398 12.075 8
      vertex 180.398 12.075 -34.2
    endloop
  endfacet
  facet normal 0.896893 0.442247 0
    outer loop
      vertex 180.398 12.075 14
      vertex 180.291 12.292 10.5
      vertex 180.291 12.292 14
    endloop
  endfacet
  facet normal 0.896893 0.442247 0
    outer loop
      vertex 180.291 12.292 10.5
      vertex 180.398 12.075 14
      vertex 180.398 12.075 10.5
    endloop
  endfacet
  facet normal 0.750861 0.66046 0
    outer loop
      vertex 180.692 11.6919 8
      vertex 180.532 11.8738 -34.2
      vertex 180.532 11.8738 8
    endloop
  endfacet
  facet normal 0.750861 0.66046 0
    outer loop
      vertex 180.532 11.8738 -34.2
      vertex 180.692 11.6919 8
      vertex 180.692 11.6919 -34.2
    endloop
  endfacet
  facet normal 0.750861 0.66046 0
    outer loop
      vertex 180.692 11.6919 14
      vertex 180.532 11.8738 10.5
      vertex 180.532 11.8738 14
    endloop
  endfacet
  facet normal 0.750861 0.66046 0
    outer loop
      vertex 180.532 11.8738 10.5
      vertex 180.692 11.6919 14
      vertex 180.692 11.6919 10.5
    endloop
  endfacet
  facet normal 0.946682 0.322169 0
    outer loop
      vertex 180.291 12.292 8
      vertex 180.213 12.5212 -34.2
      vertex 180.213 12.5212 8
    endloop
  endfacet
  facet normal 0.946682 0.322169 0
    outer loop
      vertex 180.213 12.5212 -34.2
      vertex 180.291 12.292 8
      vertex 180.291 12.292 -34.2
    endloop
  endfacet
  facet normal 0.946682 0.322169 0
    outer loop
      vertex 180.291 12.292 14
      vertex 180.213 12.5212 10.5
      vertex 180.213 12.5212 14
    endloop
  endfacet
  facet normal 0.946682 0.322169 0
    outer loop
      vertex 180.213 12.5212 10.5
      vertex 180.291 12.292 14
      vertex 180.291 12.292 10.5
    endloop
  endfacet
  facet normal 0.997812 0.0661077 0
    outer loop
      vertex 180.166 12.7585 8
      vertex 180.15 13 -34.2
      vertex 180.15 13 8
    endloop
  endfacet
  facet normal 0.997812 0.0661077 0
    outer loop
      vertex 180.15 13 -34.2
      vertex 180.166 12.7585 8
      vertex 180.166 12.7585 -34.2
    endloop
  endfacet
  facet normal 0.997812 0.0661077 0
    outer loop
      vertex 180.166 12.7585 14
      vertex 180.15 13 10.5
      vertex 180.15 13 14
    endloop
  endfacet
  facet normal 0.997812 0.0661077 0
    outer loop
      vertex 180.15 13 10.5
      vertex 180.166 12.7585 14
      vertex 180.166 12.7585 10.5
    endloop
  endfacet
  facet normal -0.997812 0.0661077 0
    outer loop
      vertex 183.834 12.7585 -34.2
      vertex 183.85 13 8
      vertex 183.85 13 -34.2
    endloop
  endfacet
  facet normal -0.997812 0.0661077 0
    outer loop
      vertex 183.85 13 8
      vertex 183.834 12.7585 -34.2
      vertex 183.834 12.7585 8
    endloop
  endfacet
  facet normal -0.997812 0.0661077 0
    outer loop
      vertex 183.834 12.7585 10.5
      vertex 183.85 13 14
      vertex 183.85 13 10.5
    endloop
  endfacet
  facet normal -0.997812 0.0661077 0
    outer loop
      vertex 183.85 13 14
      vertex 183.834 12.7585 10.5
      vertex 183.834 12.7585 14
    endloop
  endfacet
  facet normal -0.194531 0.980896 0
    outer loop
      vertex 182.479 11.213 -34.2
      vertex 182.241 11.1658 8
      vertex 182.479 11.213 8
    endloop
  endfacet
  facet normal -0.194531 0.980896 0
    outer loop
      vertex 182.241 11.1658 8
      vertex 182.479 11.213 -34.2
      vertex 182.241 11.1658 -34.2
    endloop
  endfacet
  facet normal -0.194531 0.980896 0
    outer loop
      vertex 182.479 11.213 10.5
      vertex 182.241 11.1658 14
      vertex 182.479 11.213 14
    endloop
  endfacet
  facet normal -0.194531 0.980896 0
    outer loop
      vertex 182.241 11.1658 14
      vertex 182.479 11.213 10.5
      vertex 182.241 11.1658 10.5
    endloop
  endfacet
  facet normal -0.555845 0.831286 0
    outer loop
      vertex 183.126 11.5323 -34.2
      vertex 182.925 11.3979 8
      vertex 183.126 11.5323 8
    endloop
  endfacet
  facet normal -0.555845 0.831286 0
    outer loop
      vertex 182.925 11.3979 8
      vertex 183.126 11.5323 -34.2
      vertex 182.925 11.3979 -34.2
    endloop
  endfacet
  facet normal -0.555845 0.831286 0
    outer loop
      vertex 183.126 11.5323 10.5
      vertex 182.925 11.3979 14
      vertex 183.126 11.5323 14
    endloop
  endfacet
  facet normal -0.555845 0.831286 0
    outer loop
      vertex 182.925 11.3979 14
      vertex 183.126 11.5323 10.5
      vertex 182.925 11.3979 10.5
    endloop
  endfacet
  facet normal -0.832305 0.554318 0
    outer loop
      vertex 183.468 11.8738 -34.2
      vertex 183.602 12.075 8
      vertex 183.602 12.075 -34.2
    endloop
  endfacet
  facet normal -0.832305 0.554318 0
    outer loop
      vertex 183.602 12.075 8
      vertex 183.468 11.8738 -34.2
      vertex 183.468 11.8738 8
    endloop
  endfacet
  facet normal -0.832305 0.554318 0
    outer loop
      vertex 183.468 11.8738 10.5
      vertex 183.602 12.075 14
      vertex 183.602 12.075 10.5
    endloop
  endfacet
  facet normal -0.832305 0.554318 0
    outer loop
      vertex 183.602 12.075 14
      vertex 183.468 11.8738 10.5
      vertex 183.468 11.8738 14
    endloop
  endfacet
  facet normal -0.946682 0.322169 0
    outer loop
      vertex 183.709 12.292 -34.2
      vertex 183.787 12.5212 8
      vertex 183.787 12.5212 -34.2
    endloop
  endfacet
  facet normal -0.946682 0.322169 0
    outer loop
      vertex 183.787 12.5212 8
      vertex 183.709 12.292 -34.2
      vertex 183.709 12.292 8
    endloop
  endfacet
  facet normal -0.946682 0.322169 0
    outer loop
      vertex 183.709 12.292 10.5
      vertex 183.787 12.5212 14
      vertex 183.787 12.5212 10.5
    endloop
  endfacet
  facet normal -0.946682 0.322169 0
    outer loop
      vertex 183.787 12.5212 14
      vertex 183.709 12.292 10.5
      vertex 183.709 12.292 14
    endloop
  endfacet
  facet normal 0.442579 0.896729 -0
    outer loop
      vertex 181.292 11.2908 -34.2
      vertex 181.075 11.3979 8
      vertex 181.292 11.2908 8
    endloop
  endfacet
  facet normal 0.442579 0.896729 0
    outer loop
      vertex 181.075 11.3979 8
      vertex 181.292 11.2908 -34.2
      vertex 181.075 11.3979 -34.2
    endloop
  endfacet
  facet normal 0.442579 0.896729 -0
    outer loop
      vertex 181.292 11.2908 10.5
      vertex 181.075 11.3979 14
      vertex 181.292 11.2908 14
    endloop
  endfacet
  facet normal 0.442579 0.896729 0
    outer loop
      vertex 181.075 11.3979 14
      vertex 181.292 11.2908 10.5
      vertex 181.075 11.3979 10.5
    endloop
  endfacet
  facet normal 0.0654197 0.997858 -0
    outer loop
      vertex 182 11.15 -34.2
      vertex 181.759 11.1658 8
      vertex 182 11.15 8
    endloop
  endfacet
  facet normal 0.0654197 0.997858 0
    outer loop
      vertex 181.759 11.1658 8
      vertex 182 11.15 -34.2
      vertex 181.759 11.1658 -34.2
    endloop
  endfacet
  facet normal 0.0654197 0.997858 -0
    outer loop
      vertex 182 11.15 10.5
      vertex 181.759 11.1658 14
      vertex 182 11.15 14
    endloop
  endfacet
  facet normal 0.0654197 0.997858 0
    outer loop
      vertex 181.759 11.1658 14
      vertex 182 11.15 10.5
      vertex 181.759 11.1658 10.5
    endloop
  endfacet
  facet normal 0.832305 0.554318 0
    outer loop
      vertex 180.532 11.8738 8
      vertex 180.398 12.075 -34.2
      vertex 180.398 12.075 8
    endloop
  endfacet
  facet normal 0.832305 0.554318 0
    outer loop
      vertex 180.398 12.075 -34.2
      vertex 180.532 11.8738 8
      vertex 180.532 11.8738 -34.2
    endloop
  endfacet
  facet normal 0.832305 0.554318 0
    outer loop
      vertex 180.532 11.8738 14
      vertex 180.398 12.075 10.5
      vertex 180.398 12.075 14
    endloop
  endfacet
  facet normal 0.832305 0.554318 0
    outer loop
      vertex 180.398 12.075 10.5
      vertex 180.532 11.8738 14
      vertex 180.532 11.8738 10.5
    endloop
  endfacet
  facet normal 0.980945 0.194287 0
    outer loop
      vertex 180.213 12.5212 8
      vertex 180.166 12.7585 -34.2
      vertex 180.166 12.7585 8
    endloop
  endfacet
  facet normal 0.980945 0.194287 0
    outer loop
      vertex 180.166 12.7585 -34.2
      vertex 180.213 12.5212 8
      vertex 180.213 12.5212 -34.2
    endloop
  endfacet
  facet normal 0.980945 0.194287 0
    outer loop
      vertex 180.213 12.5212 14
      vertex 180.166 12.7585 10.5
      vertex 180.166 12.7585 14
    endloop
  endfacet
  facet normal 0.980945 0.194287 0
    outer loop
      vertex 180.166 12.7585 10.5
      vertex 180.213 12.5212 14
      vertex 180.213 12.5212 10.5
    endloop
  endfacet
  facet normal 0 -1 0
    outer loop
      vertex 178 15.9 8
      vertex 183.674 15.9 10.5
      vertex 178 15.9 10.5
    endloop
  endfacet
  facet normal 0 -1 -0
    outer loop
      vertex 183.674 15.9 10.5
      vertex 178 15.9 8
      vertex 183.674 15.9 8
    endloop
  endfacet
  facet normal 0 1 -0
    outer loop
      vertex 183.674 10.1 8
      vertex 178 10.1 10.5
      vertex 183.674 10.1 10.5
    endloop
  endfacet
  facet normal 0 1 0
    outer loop
      vertex 178 10.1 10.5
      vertex 183.674 10.1 8
      vertex 178 10.1 8
    endloop
  endfacet
  facet normal -0.865937 0.500153 0
    outer loop
      vertex 183.674 10.1 8
      vertex 185.349 13 10.5
      vertex 185.349 13 8
    endloop
  endfacet
  facet normal -0.865937 0.500153 0
    outer loop
      vertex 185.349 13 10.5
      vertex 183.674 10.1 8
      vertex 183.674 10.1 10.5
    endloop
  endfacet
  facet normal -0.865937 -0.500153 0
    outer loop
      vertex 185.349 13 8
      vertex 183.674 15.9 10.5
      vertex 183.674 15.9 8
    endloop
  endfacet
  facet normal -0.865937 -0.500153 0
    outer loop
      vertex 183.674 15.9 10.5
      vertex 185.349 13 8
      vertex 185.349 13 10.5
    endloop
  endfacet
  facet normal 0 0 1
    outer loop
      vertex 185.349 13 8
      vertex 183.834 13.2415 8
      vertex 183.85 13 8
    endloop
  endfacet
  facet normal 0 0 1
    outer loop
      vertex 185.349 13 8
      vertex 183.787 13.4788 8
      vertex 183.834 13.2415 8
    endloop
  endfacet
  facet normal 0 0 1
    outer loop
      vertex 185.349 13 8
      vertex 183.709 13.708 8
      vertex 183.787 13.4788 8
    endloop
  endfacet
  facet normal -0 0 1
    outer loop
      vertex 183.602 13.925 8
      vertex 185.349 13 8
      vertex 183.674 15.9 8
    endloop
  endfacet
  facet normal 0 0 1
    outer loop
      vertex 185.349 13 8
      vertex 183.602 13.925 8
      vertex 183.709 13.708 8
    endloop
  endfacet
  facet normal 0 0 1
    outer loop
      vertex 183.674 15.9 8
      vertex 183.468 14.1262 8
      vertex 183.602 13.925 8
    endloop
  endfacet
  facet normal 0 0 1
    outer loop
      vertex 183.674 15.9 8
      vertex 183.308 14.3081 8
      vertex 183.468 14.1262 8
    endloop
  endfacet
  facet normal 0 0 1
    outer loop
      vertex 183.674 15.9 8
      vertex 183.126 14.4677 8
      vertex 183.308 14.3081 8
    endloop
  endfacet
  facet normal 0 0 1
    outer loop
      vertex 183.674 15.9 8
      vertex 182.925 14.6021 8
      vertex 183.126 14.4677 8
    endloop
  endfacet
  facet normal 0 0 1
    outer loop
      vertex 183.674 15.9 8
      vertex 182.708 14.7092 8
      vertex 182.925 14.6021 8
    endloop
  endfacet
  facet normal 0 0 1
    outer loop
      vertex 183.674 15.9 8
      vertex 182.479 14.787 8
      vertex 182.708 14.7092 8
    endloop
  endfacet
  facet normal 0 0 1
    outer loop
      vertex 183.674 15.9 8
      vertex 182.241 14.8342 8
      vertex 182.479 14.787 8
    endloop
  endfacet
  facet normal 0 0 1
    outer loop
      vertex 183.674 15.9 8
      vertex 182 14.85 8
      vertex 182.241 14.8342 8
    endloop
  endfacet
  facet normal 0 0 1
    outer loop
      vertex 183.674 15.9 8
      vertex 181.759 14.8342 8
      vertex 182 14.85 8
    endloop
  endfacet
  facet normal 0 0 1
    outer loop
      vertex 183.674 15.9 8
      vertex 181.521 14.787 8
      vertex 181.759 14.8342 8
    endloop
  endfacet
  facet normal -0 0 1
    outer loop
      vertex 178 15.9 8
      vertex 181.521 14.787 8
      vertex 183.674 15.9 8
    endloop
  endfacet
  facet normal 0 0 1
    outer loop
      vertex 181.521 14.787 8
      vertex 178 15.9 8
      vertex 181.292 14.7092 8
    endloop
  endfacet
  facet normal 0 0 1
    outer loop
      vertex 180.166 13.2415 8
      vertex 178 15.9 8
      vertex 180.15 13 8
    endloop
  endfacet
  facet normal 0 0 1
    outer loop
      vertex 180.213 13.4788 8
      vertex 178 15.9 8
      vertex 180.166 13.2415 8
    endloop
  endfacet
  facet normal 0 0 1
    outer loop
      vertex 180.291 13.708 8
      vertex 178 15.9 8
      vertex 180.213 13.4788 8
    endloop
  endfacet
  facet normal 0 0 1
    outer loop
      vertex 180.398 13.925 8
      vertex 178 15.9 8
      vertex 180.291 13.708 8
    endloop
  endfacet
  facet normal 0 0 1
    outer loop
      vertex 180.532 14.1262 8
      vertex 178 15.9 8
      vertex 180.398 13.925 8
    endloop
  endfacet
  facet normal 0 0 1
    outer loop
      vertex 180.692 14.3081 8
      vertex 178 15.9 8
      vertex 180.532 14.1262 8
    endloop
  endfacet
  facet normal 0 0 1
    outer loop
      vertex 180.874 14.4677 8
      vertex 178 15.9 8
      vertex 180.692 14.3081 8
    endloop
  endfacet
  facet normal 0 0 1
    outer loop
      vertex 181.075 14.6021 8
      vertex 178 15.9 8
      vertex 180.874 14.4677 8
    endloop
  endfacet
  facet normal 0 0 1
    outer loop
      vertex 181.292 14.7092 8
      vertex 178 15.9 8
      vertex 181.075 14.6021 8
    endloop
  endfacet
  facet normal 0 0 1
    outer loop
      vertex 183.834 12.7585 8
      vertex 185.349 13 8
      vertex 183.85 13 8
    endloop
  endfacet
  facet normal 0 0 1
    outer loop
      vertex 183.787 12.5212 8
      vertex 185.349 13 8
      vertex 183.834 12.7585 8
    endloop
  endfacet
  facet normal 0 0 1
    outer loop
      vertex 183.709 12.292 8
      vertex 185.349 13 8
      vertex 183.787 12.5212 8
    endloop
  endfacet
  facet normal 0 0 1
    outer loop
      vertex 183.602 12.075 8
      vertex 185.349 13 8
      vertex 183.709 12.292 8
    endloop
  endfacet
  facet normal 0 0 1
    outer loop
      vertex 185.349 13 8
      vertex 183.602 12.075 8
      vertex 183.674 10.1 8
    endloop
  endfacet
  facet normal -0 0 1
    outer loop
      vertex 183.468 11.8738 8
      vertex 183.674 10.1 8
      vertex 183.602 12.075 8
    endloop
  endfacet
  facet normal -0 0 1
    outer loop
      vertex 183.308 11.6919 8
      vertex 183.674 10.1 8
      vertex 183.468 11.8738 8
    endloop
  endfacet
  facet normal -0 0 1
    outer loop
      vertex 183.126 11.5323 8
      vertex 183.674 10.1 8
      vertex 183.308 11.6919 8
    endloop
  endfacet
  facet normal -0 0 1
    outer loop
      vertex 182.925 11.3979 8
      vertex 183.674 10.1 8
      vertex 183.126 11.5323 8
    endloop
  endfacet
  facet normal -0 0 1
    outer loop
      vertex 182.708 11.2908 8
      vertex 183.674 10.1 8
      vertex 182.925 11.3979 8
    endloop
  endfacet
  facet normal -0 0 1
    outer loop
      vertex 182.479 11.213 8
      vertex 183.674 10.1 8
      vertex 182.708 11.2908 8
    endloop
  endfacet
  facet normal -0 0 1
    outer loop
      vertex 182.241 11.1658 8
      vertex 183.674 10.1 8
      vertex 182.479 11.213 8
    endloop
  endfacet
  facet normal -0 0 1
    outer loop
      vertex 182 11.15 8
      vertex 183.674 10.1 8
      vertex 182.241 11.1658 8
    endloop
  endfacet
  facet normal 0 0 1
    outer loop
      vertex 181.759 11.1658 8
      vertex 183.674 10.1 8
      vertex 182 11.15 8
    endloop
  endfacet
  facet normal 0 0 1
    outer loop
      vertex 181.521 11.213 8
      vertex 183.674 10.1 8
      vertex 181.759 11.1658 8
    endloop
  endfacet
  facet normal 0 0 1
    outer loop
      vertex 178 10.1 8
      vertex 181.521 11.213 8
      vertex 181.292 11.2908 8
    endloop
  endfacet
  facet normal 0 0 1
    outer loop
      vertex 178 10.1 8
      vertex 181.292 11.2908 8
      vertex 181.075 11.3979 8
    endloop
  endfacet
  facet normal 0 0 1
    outer loop
      vertex 178 10.1 8
      vertex 180.15 13 8
      vertex 178 15.9 8
    endloop
  endfacet
  facet normal 0 0 1
    outer loop
      vertex 180.15 13 8
      vertex 178 10.1 8
      vertex 180.166 12.7585 8
    endloop
  endfacet
  facet normal 0 0 1
    outer loop
      vertex 180.166 12.7585 8
      vertex 178 10.1 8
      vertex 180.213 12.5212 8
    endloop
  endfacet
  facet normal 0 0 1
    outer loop
      vertex 180.213 12.5212 8
      vertex 178 10.1 8
      vertex 180.291 12.292 8
    endloop
  endfacet
  facet normal 0 0 1
    outer loop
      vertex 181.521 11.213 8
      vertex 178 10.1 8
      vertex 183.674 10.1 8
    endloop
  endfacet
  facet normal 0 0 1
    outer loop
      vertex 180.874 11.5323 8
      vertex 178 10.1 8
      vertex 181.075 11.3979 8
    endloop
  endfacet
  facet normal 0 0 1
    outer loop
      vertex 180.692 11.6919 8
      vertex 178 10.1 8
      vertex 180.874 11.5323 8
    endloop
  endfacet
  facet normal 0 0 1
    outer loop
      vertex 180.532 11.8738 8
      vertex 178 10.1 8
      vertex 180.692 11.6919 8
    endloop
  endfacet
  facet normal 0 0 1
    outer loop
      vertex 180.398 12.075 8
      vertex 178 10.1 8
      vertex 180.532 11.8738 8
    endloop
  endfacet
  facet normal 0 0 1
    outer loop
      vertex 180.291 12.292 8
      vertex 178 10.1 8
      vertex 180.398 12.075 8
    endloop
  endfacet
  facet normal -0 0 -1
    outer loop
      vertex 185.349 13 10.5
      vertex 183.834 12.7585 10.5
      vertex 183.85 13 10.5
    endloop
  endfacet
  facet normal 0 0 -1
    outer loop
      vertex 185.349 13 10.5
      vertex 183.787 12.5212 10.5
      vertex 183.834 12.7585 10.5
    endloop
  endfacet
  facet normal 0 0 -1
    outer loop
      vertex 185.349 13 10.5
      vertex 183.709 12.292 10.5
      vertex 183.787 12.5212 10.5
    endloop
  endfacet
  facet normal 0 0 -1
    outer loop
      vertex 183.602 12.075 10.5
      vertex 185.349 13 10.5
      vertex 183.674 10.1 10.5
    endloop
  endfacet
  facet normal 0 0 -1
    outer loop
      vertex 185.349 13 10.5
      vertex 183.602 12.075 10.5
      vertex 183.709 12.292 10.5
    endloop
  endfacet
  facet normal 0 0 -1
    outer loop
      vertex 183.674 10.1 10.5
      vertex 183.468 11.8738 10.5
      vertex 183.602 12.075 10.5
    endloop
  endfacet
  facet normal 0 0 -1
    outer loop
      vertex 183.674 10.1 10.5
      vertex 183.308 11.6919 10.5
      vertex 183.468 11.8738 10.5
    endloop
  endfacet
  facet normal 0 0 -1
    outer loop
      vertex 183.674 10.1 10.5
      vertex 183.126 11.5323 10.5
      vertex 183.308 11.6919 10.5
    endloop
  endfacet
  facet normal 0 0 -1
    outer loop
      vertex 183.674 10.1 10.5
      vertex 182.925 11.3979 10.5
      vertex 183.126 11.5323 10.5
    endloop
  endfacet
  facet normal 0 0 -1
    outer loop
      vertex 183.674 10.1 10.5
      vertex 182.708 11.2908 10.5
      vertex 182.925 11.3979 10.5
    endloop
  endfacet
  facet normal 0 0 -1
    outer loop
      vertex 183.674 10.1 10.5
      vertex 182.479 11.213 10.5
      vertex 182.708 11.2908 10.5
    endloop
  endfacet
  facet normal 0 0 -1
    outer loop
      vertex 183.674 10.1 10.5
      vertex 182.241 11.1658 10.5
      vertex 182.479 11.213 10.5
    endloop
  endfacet
  facet normal 0 0 -1
    outer loop
      vertex 183.674 10.1 10.5
      vertex 182 11.15 10.5
      vertex 182.241 11.1658 10.5
    endloop
  endfacet
  facet normal 0 0 -1
    outer loop
      vertex 183.674 10.1 10.5
      vertex 181.759 11.1658 10.5
      vertex 182 11.15 10.5
    endloop
  endfacet
  facet normal 0 0 -1
    outer loop
      vertex 183.674 10.1 10.5
      vertex 181.521 11.213 10.5
      vertex 181.759 11.1658 10.5
    endloop
  endfacet
  facet normal 0 0 -1
    outer loop
      vertex 178 10.1 10.5
      vertex 181.521 11.213 10.5
      vertex 183.674 10.1 10.5
    endloop
  endfacet
  facet normal -0 0 -1
    outer loop
      vertex 181.521 11.213 10.5
      vertex 178 10.1 10.5
      vertex 181.292 11.2908 10.5
    endloop
  endfacet
  facet normal -0 0 -1
    outer loop
      vertex 180.166 12.7585 10.5
      vertex 178 10.1 10.5
      vertex 180.15 13 10.5
    endloop
  endfacet
  facet normal -0 0 -1
    outer loop
      vertex 180.213 12.5212 10.5
      vertex 178 10.1 10.5
      vertex 180.166 12.7585 10.5
    endloop
  endfacet
  facet normal -0 0 -1
    outer loop
      vertex 180.291 12.292 10.5
      vertex 178 10.1 10.5
      vertex 180.213 12.5212 10.5
    endloop
  endfacet
  facet normal -0 0 -1
    outer loop
      vertex 180.398 12.075 10.5
      vertex 178 10.1 10.5
      vertex 180.291 12.292 10.5
    endloop
  endfacet
  facet normal -0 0 -1
    outer loop
      vertex 180.532 11.8738 10.5
      vertex 178 10.1 10.5
      vertex 180.398 12.075 10.5
    endloop
  endfacet
  facet normal -0 0 -1
    outer loop
      vertex 180.692 11.6919 10.5
      vertex 178 10.1 10.5
      vertex 180.532 11.8738 10.5
    endloop
  endfacet
  facet normal -0 0 -1
    outer loop
      vertex 180.874 11.5323 10.5
      vertex 178 10.1 10.5
      vertex 180.692 11.6919 10.5
    endloop
  endfacet
  facet normal -0 0 -1
    outer loop
      vertex 181.075 11.3979 10.5
      vertex 178 10.1 10.5
      vertex 180.874 11.5323 10.5
    endloop
  endfacet
  facet normal -0 0 -1
    outer loop
      vertex 181.292 11.2908 10.5
      vertex 178 10.1 10.5
      vertex 181.075 11.3979 10.5
    endloop
  endfacet
  facet normal 0 0 -1
    outer loop
      vertex 183.834 13.2415 10.5
      vertex 185.349 13 10.5
      vertex 183.85 13 10.5
    endloop
  endfacet
  facet normal 0 0 -1
    outer loop
      vertex 183.787 13.4788 10.5
      vertex 185.349 13 10.5
      vertex 183.834 13.2415 10.5
    endloop
  endfacet
  facet normal 0 0 -1
    outer loop
      vertex 183.709 13.708 10.5
      vertex 185.349 13 10.5
      vertex 183.787 13.4788 10.5
    endloop
  endfacet
  facet normal 0 0 -1
    outer loop
      vertex 183.602 13.925 10.5
      vertex 185.349 13 10.5
      vertex 183.709 13.708 10.5
    endloop
  endfacet
  facet normal 0 0 -1
    outer loop
      vertex 185.349 13 10.5
      vertex 183.602 13.925 10.5
      vertex 183.674 15.9 10.5
    endloop
  endfacet
  facet normal 0 0 -1
    outer loop
      vertex 183.468 14.1262 10.5
      vertex 183.674 15.9 10.5
      vertex 183.602 13.925 10.5
    endloop
  endfacet
  facet normal 0 0 -1
    outer loop
      vertex 183.308 14.3081 10.5
      vertex 183.674 15.9 10.5
      vertex 183.468 14.1262 10.5
    endloop
  endfacet
  facet normal 0 0 -1
    outer loop
      vertex 183.126 14.4677 10.5
      vertex 183.674 15.9 10.5
      vertex 183.308 14.3081 10.5
    endloop
  endfacet
  facet normal 0 0 -1
    outer loop
      vertex 182.925 14.6021 10.5
      vertex 183.674 15.9 10.5
      vertex 183.126 14.4677 10.5
    endloop
  endfacet
  facet normal 0 0 -1
    outer loop
      vertex 182.708 14.7092 10.5
      vertex 183.674 15.9 10.5
      vertex 182.925 14.6021 10.5
    endloop
  endfacet
  facet normal 0 0 -1
    outer loop
      vertex 182.479 14.787 10.5
      vertex 183.674 15.9 10.5
      vertex 182.708 14.7092 10.5
    endloop
  endfacet
  facet normal 0 0 -1
    outer loop
      vertex 182.241 14.8342 10.5
      vertex 183.674 15.9 10.5
      vertex 182.479 14.787 10.5
    endloop
  endfacet
  facet normal 0 0 -1
    outer loop
      vertex 182 14.85 10.5
      vertex 183.674 15.9 10.5
      vertex 182.241 14.8342 10.5
    endloop
  endfacet
  facet normal 0 0 -1
    outer loop
      vertex 181.759 14.8342 10.5
      vertex 183.674 15.9 10.5
      vertex 182 14.85 10.5
    endloop
  endfacet
  facet normal 0 0 -1
    outer loop
      vertex 181.521 14.787 10.5
      vertex 183.674 15.9 10.5
      vertex 181.759 14.8342 10.5
    endloop
  endfacet
  facet normal 0 0 -1
    outer loop
      vertex 178 15.9 10.5
      vertex 181.521 14.787 10.5
      vertex 181.292 14.7092 10.5
    endloop
  endfacet
  facet normal 0 0 -1
    outer loop
      vertex 178 15.9 10.5
      vertex 181.292 14.7092 10.5
      vertex 181.075 14.6021 10.5
    endloop
  endfacet
  facet normal 0 0 -1
    outer loop
      vertex 178 15.9 10.5
      vertex 180.15 13 10.5
      vertex 178 10.1 10.5
    endloop
  endfacet
  facet normal 0 0 -1
    outer loop
      vertex 180.15 13 10.5
      vertex 178 15.9 10.5
      vertex 180.166 13.2415 10.5
    endloop
  endfacet
  facet normal 0 0 -1
    outer loop
      vertex 180.166 13.2415 10.5
      vertex 178 15.9 10.5
      vertex 180.213 13.4788 10.5
    endloop
  endfacet
  facet normal 0 0 -1
    outer loop
      vertex 180.213 13.4788 10.5
      vertex 178 15.9 10.5
      vertex 180.291 13.708 10.5
    endloop
  endfacet
  facet normal 0 0 -1
    outer loop
      vertex 181.521 14.787 10.5
      vertex 178 15.9 10.5
      vertex 183.674 15.9 10.5
    endloop
  endfacet
  facet normal 0 0 -1
    outer loop
      vertex 180.874 14.4677 10.5
      vertex 178 15.9 10.5
      vertex 181.075 14.6021 10.5
    endloop
  endfacet
  facet normal 0 0 -1
    outer loop
      vertex 180.692 14.3081 10.5
      vertex 178 15.9 10.5
      vertex 180.874 14.4677 10.5
    endloop
  endfacet
  facet normal 0 0 -1
    outer loop
      vertex 180.532 14.1262 10.5
      vertex 178 15.9 10.5
      vertex 180.692 14.3081 10.5
    endloop
  endfacet
  facet normal 0 0 -1
    outer loop
      vertex 180.398 13.925 10.5
      vertex 178 15.9 10.5
      vertex 180.532 14.1262 10.5
    endloop
  endfacet
  facet normal 0 0 -1
    outer loop
      vertex 180.291 13.708 10.5
      vertex 178 15.9 10.5
      vertex 180.398 13.925 10.5
    endloop
  endfacet
  facet normal -0.997851 -0.065531 0
    outer loop
      vertex -0.150001 117 -34.2
      vertex -0.165828 117.241 8
      vertex -0.165828 117.241 -34.2
    endloop
  endfacet
  facet normal -0.997851 -0.065531 0
    outer loop
      vertex -0.165828 117.241 8
      vertex -0.150001 117 -34.2
      vertex -0.150001 117 8
    endloop
  endfacet
  facet normal -0.997851 -0.065531 0
    outer loop
      vertex -0.150001 117 10.5
      vertex -0.165828 117.241 14
      vertex -0.165828 117.241 10.5
    endloop
  endfacet
  facet normal -0.997851 -0.065531 0
    outer loop
      vertex -0.165828 117.241 14
      vertex -0.150001 117 10.5
      vertex -0.150001 117 14
    endloop
  endfacet
  facet normal 0.99785 -0.0655434 0
    outer loop
      vertex -3.85 117 8
      vertex -3.83417 117.241 -34.2
      vertex -3.83417 117.241 8
    endloop
  endfacet
  facet normal 0.99785 -0.0655434 0
    outer loop
      vertex -3.83417 117.241 -34.2
      vertex -3.85 117 8
      vertex -3.85 117 -34.2
    endloop
  endfacet
  facet normal 0.99785 -0.0655434 0
    outer loop
      vertex -3.85 117 14
      vertex -3.83417 117.241 10.5
      vertex -3.83417 117.241 14
    endloop
  endfacet
  facet normal 0.99785 -0.0655434 0
    outer loop
      vertex -3.83417 117.241 10.5
      vertex -3.85 117 14
      vertex -3.85 117 10.5
    endloop
  endfacet
  facet normal -0.0661158 -0.997812 0
    outer loop
      vertex -2 118.85 -34.2
      vertex -1.75853 118.834 8
      vertex -2 118.85 8
    endloop
  endfacet
  facet normal -0.0661158 -0.997812 -0
    outer loop
      vertex -1.75853 118.834 8
      vertex -2 118.85 -34.2
      vertex -1.75853 118.834 -34.2
    endloop
  endfacet
  facet normal -0.0661158 -0.997812 0
    outer loop
      vertex -2 118.85 10.5
      vertex -1.75853 118.834 14
      vertex -2 118.85 14
    endloop
  endfacet
  facet normal -0.0661158 -0.997812 -0
    outer loop
      vertex -1.75853 118.834 14
      vertex -2 118.85 10.5
      vertex -1.75853 118.834 10.5
    endloop
  endfacet
  facet normal 0.0661158 0.997812 -0
    outer loop
      vertex -2 115.15 -34.2
      vertex -2.24147 115.166 8
      vertex -2 115.15 8
    endloop
  endfacet
  facet normal 0.0661158 0.997812 0
    outer loop
      vertex -2.24147 115.166 8
      vertex -2 115.15 -34.2
      vertex -2.24147 115.166 -34.2
    endloop
  endfacet
  facet normal 0.0661158 0.997812 -0
    outer loop
      vertex -2 115.15 10.5
      vertex -2.24147 115.166 14
      vertex -2 115.15 14
    endloop
  endfacet
  facet normal 0.0661158 0.997812 0
    outer loop
      vertex -2.24147 115.166 14
      vertex -2 115.15 10.5
      vertex -2.24147 115.166 10.5
    endloop
  endfacet
  facet normal -0.75195 -0.65922 0
    outer loop
      vertex -0.532297 118.126 -34.2
      vertex -0.691853 118.308 8
      vertex -0.691853 118.308 -34.2
    endloop
  endfacet
  facet normal -0.75195 -0.65922 0
    outer loop
      vertex -0.691853 118.308 8
      vertex -0.532297 118.126 -34.2
      vertex -0.532297 118.126 8
    endloop
  endfacet
  facet normal -0.75195 -0.65922 0
    outer loop
      vertex -0.532297 118.126 10.5
      vertex -0.691853 118.308 14
      vertex -0.691853 118.308 10.5
    endloop
  endfacet
  facet normal -0.75195 -0.65922 0
    outer loop
      vertex -0.691853 118.308 14
      vertex -0.532297 118.126 10.5
      vertex -0.532297 118.126 14
    endloop
  endfacet
  facet normal 0.660379 -0.750933 0
    outer loop
      vertex -3.30815 118.308 -34.2
      vertex -3.12621 118.468 8
      vertex -3.30815 118.308 8
    endloop
  endfacet
  facet normal 0.660379 -0.750933 0
    outer loop
      vertex -3.12621 118.468 8
      vertex -3.30815 118.308 -34.2
      vertex -3.12621 118.468 -34.2
    endloop
  endfacet
  facet normal 0.660379 -0.750933 0
    outer loop
      vertex -3.30815 118.308 10.5
      vertex -3.12621 118.468 14
      vertex -3.30815 118.308 14
    endloop
  endfacet
  facet normal 0.660379 -0.750933 0
    outer loop
      vertex -3.12621 118.468 14
      vertex -3.30815 118.308 10.5
      vertex -3.12621 118.468 10.5
    endloop
  endfacet
  facet normal 0.322245 -0.946656 0
    outer loop
      vertex -2.70796 118.709 -34.2
      vertex -2.47882 118.787 8
      vertex -2.70796 118.709 8
    endloop
  endfacet
  facet normal 0.322245 -0.946656 0
    outer loop
      vertex -2.47882 118.787 8
      vertex -2.70796 118.709 -34.2
      vertex -2.47882 118.787 -34.2
    endloop
  endfacet
  facet normal 0.322245 -0.946656 0
    outer loop
      vertex -2.70796 118.709 10.5
      vertex -2.47882 118.787 14
      vertex -2.70796 118.709 14
    endloop
  endfacet
  facet normal 0.322245 -0.946656 0
    outer loop
      vertex -2.47882 118.787 14
      vertex -2.70796 118.709 10.5
      vertex -2.47882 118.787 10.5
    endloop
  endfacet
  facet normal -0.946866 -0.321628 0
    outer loop
      vertex -0.213037 117.479 10.5
      vertex -0.290823 117.708 14
      vertex -0.290823 117.708 10.5
    endloop
  endfacet
  facet normal -0.946866 -0.321628 0
    outer loop
      vertex -0.290823 117.708 14
      vertex -0.213037 117.479 10.5
      vertex -0.213037 117.479 14
    endloop
  endfacet
  facet normal -0.946866 -0.321628 0
    outer loop
      vertex -0.213037 117.479 -34.2
      vertex -0.290823 117.708 8
      vertex -0.290823 117.708 -34.2
    endloop
  endfacet
  facet normal -0.946866 -0.321628 0
    outer loop
      vertex -0.290823 117.708 8
      vertex -0.213037 117.479 -34.2
      vertex -0.213037 117.479 8
    endloop
  endfacet
  facet normal -0.980889 -0.194566 0
    outer loop
      vertex -0.165828 117.241 -34.2
      vertex -0.213037 117.479 8
      vertex -0.213037 117.479 -34.2
    endloop
  endfacet
  facet normal -0.980889 -0.194566 0
    outer loop
      vertex -0.213037 117.479 8
      vertex -0.165828 117.241 -34.2
      vertex -0.165828 117.241 8
    endloop
  endfacet
  facet normal -0.980889 -0.194566 0
    outer loop
      vertex -0.165828 117.241 10.5
      vertex -0.213037 117.479 14
      vertex -0.213037 117.479 10.5
    endloop
  endfacet
  facet normal -0.980889 -0.194566 0
    outer loop
      vertex -0.213037 117.479 14
      vertex -0.165828 117.241 10.5
      vertex -0.165828 117.241 14
    endloop
  endfacet
  facet normal -0.442181 -0.896926 0
    outer loop
      vertex -1.29204 118.709 -34.2
      vertex -1.075 118.602 8
      vertex -1.29204 118.709 8
    endloop
  endfacet
  facet normal -0.442181 -0.896926 -0
    outer loop
      vertex -1.075 118.602 8
      vertex -1.29204 118.709 -34.2
      vertex -1.075 118.602 -34.2
    endloop
  endfacet
  facet normal -0.442181 -0.896926 0
    outer loop
      vertex -1.29204 118.709 10.5
      vertex -1.075 118.602 14
      vertex -1.29204 118.709 14
    endloop
  endfacet
  facet normal -0.442181 -0.896926 -0
    outer loop
      vertex -1.075 118.602 14
      vertex -1.29204 118.709 10.5
      vertex -1.075 118.602 10.5
    endloop
  endfacet
  facet normal -0.322245 -0.946656 0
    outer loop
      vertex -1.52118 118.787 -34.2
      vertex -1.29204 118.709 8
      vertex -1.52118 118.787 8
    endloop
  endfacet
  facet normal -0.322245 -0.946656 -0
    outer loop
      vertex -1.29204 118.709 8
      vertex -1.52118 118.787 -34.2
      vertex -1.29204 118.709 -34.2
    endloop
  endfacet
  facet normal -0.322245 -0.946656 0
    outer loop
      vertex -1.52118 118.787 10.5
      vertex -1.29204 118.709 14
      vertex -1.52118 118.787 14
    endloop
  endfacet
  facet normal -0.322245 -0.946656 -0
    outer loop
      vertex -1.29204 118.709 14
      vertex -1.52118 118.787 10.5
      vertex -1.29204 118.709 10.5
    endloop
  endfacet
  facet normal -0.660381 -0.750931 0
    outer loop
      vertex -0.873792 118.468 -34.2
      vertex -0.691853 118.308 8
      vertex -0.873792 118.468 8
    endloop
  endfacet
  facet normal -0.660381 -0.750931 -0
    outer loop
      vertex -0.691853 118.308 8
      vertex -0.873792 118.468 -34.2
      vertex -0.691853 118.308 -34.2
    endloop
  endfacet
  facet normal -0.660381 -0.750931 0
    outer loop
      vertex -0.873792 118.468 10.5
      vertex -0.691853 118.308 14
      vertex -0.873792 118.468 14
    endloop
  endfacet
  facet normal -0.660381 -0.750931 -0
    outer loop
      vertex -0.691853 118.308 14
      vertex -0.873792 118.468 10.5
      vertex -0.691853 118.308 10.5
    endloop
  endfacet
  facet normal 0.896844 -0.442347 0
    outer loop
      vertex -3.70918 117.708 8
      vertex -3.60215 117.925 -34.2
      vertex -3.60215 117.925 8
    endloop
  endfacet
  facet normal 0.896844 -0.442347 0
    outer loop
      vertex -3.60215 117.925 -34.2
      vertex -3.70918 117.708 8
      vertex -3.70918 117.708 -34.2
    endloop
  endfacet
  facet normal 0.896844 -0.442347 0
    outer loop
      vertex -3.70918 117.708 14
      vertex -3.60215 117.925 10.5
      vertex -3.60215 117.925 14
    endloop
  endfacet
  facet normal 0.896844 -0.442347 0
    outer loop
      vertex -3.60215 117.925 10.5
      vertex -3.70918 117.708 14
      vertex -3.70918 117.708 10.5
    endloop
  endfacet
  facet normal 0.751962 -0.659206 0
    outer loop
      vertex -3.4677 118.126 8
      vertex -3.30815 118.308 -34.2
      vertex -3.30815 118.308 8
    endloop
  endfacet
  facet normal 0.751962 -0.659206 0
    outer loop
      vertex -3.30815 118.308 -34.2
      vertex -3.4677 118.126 8
      vertex -3.4677 118.126 -34.2
    endloop
  endfacet
  facet normal 0.751962 -0.659206 0
    outer loop
      vertex -3.4677 118.126 14
      vertex -3.30815 118.308 10.5
      vertex -3.30815 118.308 14
    endloop
  endfacet
  facet normal 0.751962 -0.659206 0
    outer loop
      vertex -3.30815 118.308 10.5
      vertex -3.4677 118.126 14
      vertex -3.4677 118.126 10.5
    endloop
  endfacet
  facet normal 0.946874 -0.321606 0
    outer loop
      vertex -3.78696 117.479 8
      vertex -3.70918 117.708 -34.2
      vertex -3.70918 117.708 8
    endloop
  endfacet
  facet normal 0.946874 -0.321606 0
    outer loop
      vertex -3.70918 117.708 -34.2
      vertex -3.78696 117.479 8
      vertex -3.78696 117.479 -34.2
    endloop
  endfacet
  facet normal 0.946874 -0.321606 0
    outer loop
      vertex -3.78696 117.479 14
      vertex -3.70918 117.708 10.5
      vertex -3.70918 117.708 14
    endloop
  endfacet
  facet normal 0.946874 -0.321606 0
    outer loop
      vertex -3.70918 117.708 10.5
      vertex -3.78696 117.479 14
      vertex -3.78696 117.479 10.5
    endloop
  endfacet
  facet normal 0.194248 -0.980952 0
    outer loop
      vertex -2.47882 118.787 -34.2
      vertex -2.24147 118.834 8
      vertex -2.47882 118.787 8
    endloop
  endfacet
  facet normal 0.194248 -0.980952 0
    outer loop
      vertex -2.24147 118.834 8
      vertex -2.47882 118.787 -34.2
      vertex -2.24147 118.834 -34.2
    endloop
  endfacet
  facet normal 0.194248 -0.980952 0
    outer loop
      vertex -2.47882 118.787 10.5
      vertex -2.24147 118.834 14
      vertex -2.47882 118.787 14
    endloop
  endfacet
  facet normal 0.194248 -0.980952 0
    outer loop
      vertex -2.24147 118.834 14
      vertex -2.47882 118.787 10.5
      vertex -2.24147 118.834 10.5
    endloop
  endfacet
  facet normal -0.946866 0.321628 0
    outer loop
      vertex -0.290823 116.292 -34.2
      vertex -0.213037 116.521 8
      vertex -0.213037 116.521 -34.2
    endloop
  endfacet
  facet normal -0.946866 0.321628 0
    outer loop
      vertex -0.213037 116.521 8
      vertex -0.290823 116.292 -34.2
      vertex -0.290823 116.292 8
    endloop
  endfacet
  facet normal -0.946866 0.321628 0
    outer loop
      vertex -0.290823 116.292 10.5
      vertex -0.213037 116.521 14
      vertex -0.213037 116.521 10.5
    endloop
  endfacet
  facet normal -0.946866 0.321628 0
    outer loop
      vertex -0.213037 116.521 14
      vertex -0.290823 116.292 10.5
      vertex -0.290823 116.292 14
    endloop
  endfacet
  facet normal -0.980889 0.194566 0
    outer loop
      vertex -0.213037 116.521 -34.2
      vertex -0.165828 116.759 8
      vertex -0.165828 116.759 -34.2
    endloop
  endfacet
  facet normal -0.980889 0.194566 0
    outer loop
      vertex -0.165828 116.759 8
      vertex -0.213037 116.521 -34.2
      vertex -0.213037 116.521 8
    endloop
  endfacet
  facet normal -0.980889 0.194566 0
    outer loop
      vertex -0.213037 116.521 10.5
      vertex -0.165828 116.759 14
      vertex -0.165828 116.759 10.5
    endloop
  endfacet
  facet normal -0.980889 0.194566 0
    outer loop
      vertex -0.165828 116.759 14
      vertex -0.213037 116.521 10.5
      vertex -0.213037 116.521 14
    endloop
  endfacet
  facet normal 0.442181 0.896926 -0
    outer loop
      vertex -2.70796 115.291 -34.2
      vertex -2.925 115.398 8
      vertex -2.70796 115.291 8
    endloop
  endfacet
  facet normal 0.442181 0.896926 0
    outer loop
      vertex -2.925 115.398 8
      vertex -2.70796 115.291 -34.2
      vertex -2.925 115.398 -34.2
    endloop
  endfacet
  facet normal 0.442181 0.896926 -0
    outer loop
      vertex -2.70796 115.291 10.5
      vertex -2.925 115.398 14
      vertex -2.70796 115.291 14
    endloop
  endfacet
  facet normal 0.442181 0.896926 0
    outer loop
      vertex -2.925 115.398 14
      vertex -2.70796 115.291 10.5
      vertex -2.925 115.398 10.5
    endloop
  endfacet
  facet normal 0.660379 0.750933 -0
    outer loop
      vertex -3.12621 115.532 -34.2
      vertex -3.30815 115.692 8
      vertex -3.12621 115.532 8
    endloop
  endfacet
  facet normal 0.660379 0.750933 0
    outer loop
      vertex -3.30815 115.692 8
      vertex -3.12621 115.532 -34.2
      vertex -3.30815 115.692 -34.2
    endloop
  endfacet
  facet normal 0.660379 0.750933 -0
    outer loop
      vertex -3.12621 115.532 10.5
      vertex -3.30815 115.692 14
      vertex -3.12621 115.532 14
    endloop
  endfacet
  facet normal 0.660379 0.750933 0
    outer loop
      vertex -3.30815 115.692 14
      vertex -3.12621 115.532 10.5
      vertex -3.30815 115.692 10.5
    endloop
  endfacet
  facet normal 0.322245 0.946656 -0
    outer loop
      vertex -2.47882 115.213 -34.2
      vertex -2.70796 115.291 8
      vertex -2.47882 115.213 8
    endloop
  endfacet
  facet normal 0.322245 0.946656 0
    outer loop
      vertex -2.70796 115.291 8
      vertex -2.47882 115.213 -34.2
      vertex -2.70796 115.291 -34.2
    endloop
  endfacet
  facet normal 0.322245 0.946656 -0
    outer loop
      vertex -2.47882 115.213 10.5
      vertex -2.70796 115.291 14
      vertex -2.47882 115.213 14
    endloop
  endfacet
  facet normal 0.322245 0.946656 0
    outer loop
      vertex -2.70796 115.291 14
      vertex -2.47882 115.213 10.5
      vertex -2.70796 115.291 10.5
    endloop
  endfacet
  facet normal 0 0 1
    outer loop
      vertex -0.165828 117.241 -34.2
      vertex -0.165828 116.759 -34.2
      vertex -0.150001 117 -34.2
    endloop
  endfacet
  facet normal 0 0 1
    outer loop
      vertex -0.213037 117.479 -34.2
      vertex -0.165828 116.759 -34.2
      vertex -0.165828 117.241 -34.2
    endloop
  endfacet
  facet normal 0 0 1
    outer loop
      vertex -0.213037 117.479 -34.2
      vertex -0.213037 116.521 -34.2
      vertex -0.165828 116.759 -34.2
    endloop
  endfacet
  facet normal 0 0 1
    outer loop
      vertex -0.290823 117.708 -34.2
      vertex -0.213037 116.521 -34.2
      vertex -0.213037 117.479 -34.2
    endloop
  endfacet
  facet normal 0 0 1
    outer loop
      vertex -0.290823 117.708 -34.2
      vertex -0.290823 116.292 -34.2
      vertex -0.213037 116.521 -34.2
    endloop
  endfacet
  facet normal 0 0 1
    outer loop
      vertex -0.397854 117.925 -34.2
      vertex -0.290823 116.292 -34.2
      vertex -0.290823 117.708 -34.2
    endloop
  endfacet
  facet normal 0 0 1
    outer loop
      vertex -0.397854 117.925 -34.2
      vertex -0.397854 116.075 -34.2
      vertex -0.290823 116.292 -34.2
    endloop
  endfacet
  facet normal 0 0 1
    outer loop
      vertex -0.532297 118.126 -34.2
      vertex -0.397854 116.075 -34.2
      vertex -0.397854 117.925 -34.2
    endloop
  endfacet
  facet normal 0 0 1
    outer loop
      vertex -0.532297 118.126 -34.2
      vertex -0.532297 115.874 -34.2
      vertex -0.397854 116.075 -34.2
    endloop
  endfacet
  facet normal 0 0 1
    outer loop
      vertex -0.691853 118.308 -34.2
      vertex -0.532297 115.874 -34.2
      vertex -0.532297 118.126 -34.2
    endloop
  endfacet
  facet normal 0 0 1
    outer loop
      vertex -0.691853 118.308 -34.2
      vertex -0.691853 115.692 -34.2
      vertex -0.532297 115.874 -34.2
    endloop
  endfacet
  facet normal 0 0 1
    outer loop
      vertex -0.873792 118.468 -34.2
      vertex -0.691853 115.692 -34.2
      vertex -0.691853 118.308 -34.2
    endloop
  endfacet
  facet normal 0 0 1
    outer loop
      vertex -0.873792 118.468 -34.2
      vertex -0.873792 115.532 -34.2
      vertex -0.691853 115.692 -34.2
    endloop
  endfacet
  facet normal 0 0 1
    outer loop
      vertex -1.075 118.602 -34.2
      vertex -0.873792 115.532 -34.2
      vertex -0.873792 118.468 -34.2
    endloop
  endfacet
  facet normal 0 0 1
    outer loop
      vertex -1.075 118.602 -34.2
      vertex -1.075 115.398 -34.2
      vertex -0.873792 115.532 -34.2
    endloop
  endfacet
  facet normal 0 0 1
    outer loop
      vertex -1.29204 118.709 -34.2
      vertex -1.075 115.398 -34.2
      vertex -1.075 118.602 -34.2
    endloop
  endfacet
  facet normal 0 0 1
    outer loop
      vertex -1.29204 118.709 -34.2
      vertex -1.29204 115.291 -34.2
      vertex -1.075 115.398 -34.2
    endloop
  endfacet
  facet normal 0 0 1
    outer loop
      vertex -1.52118 118.787 -34.2
      vertex -1.29204 115.291 -34.2
      vertex -1.29204 118.709 -34.2
    endloop
  endfacet
  facet normal 0 0 1
    outer loop
      vertex -1.52118 118.787 -34.2
      vertex -1.52118 115.213 -34.2
      vertex -1.29204 115.291 -34.2
    endloop
  endfacet
  facet normal 0 0 1
    outer loop
      vertex -1.75853 118.834 -34.2
      vertex -1.52118 115.213 -34.2
      vertex -1.52118 118.787 -34.2
    endloop
  endfacet
  facet normal 0 0 1
    outer loop
      vertex -1.75853 118.834 -34.2
      vertex -1.75853 115.166 -34.2
      vertex -1.52118 115.213 -34.2
    endloop
  endfacet
  facet normal 0 0 1
    outer loop
      vertex -2 118.85 -34.2
      vertex -1.75853 115.166 -34.2
      vertex -1.75853 118.834 -34.2
    endloop
  endfacet
  facet normal 0 0 1
    outer loop
      vertex -2 118.85 -34.2
      vertex -2 115.15 -34.2
      vertex -1.75853 115.166 -34.2
    endloop
  endfacet
  facet normal -0 0 1
    outer loop
      vertex -2.24147 118.834 -34.2
      vertex -2 115.15 -34.2
      vertex -2 118.85 -34.2
    endloop
  endfacet
  facet normal 0 0 1
    outer loop
      vertex -2.24147 118.834 -34.2
      vertex -2.24147 115.166 -34.2
      vertex -2 115.15 -34.2
    endloop
  endfacet
  facet normal -0 0 1
    outer loop
      vertex -2.47882 118.787 -34.2
      vertex -2.24147 115.166 -34.2
      vertex -2.24147 118.834 -34.2
    endloop
  endfacet
  facet normal 0 0 1
    outer loop
      vertex -2.47882 118.787 -34.2
      vertex -2.47882 115.213 -34.2
      vertex -2.24147 115.166 -34.2
    endloop
  endfacet
  facet normal -0 0 1
    outer loop
      vertex -2.70796 118.709 -34.2
      vertex -2.47882 115.213 -34.2
      vertex -2.47882 118.787 -34.2
    endloop
  endfacet
  facet normal 0 0 1
    outer loop
      vertex -2.70796 118.709 -34.2
      vertex -2.70796 115.291 -34.2
      vertex -2.47882 115.213 -34.2
    endloop
  endfacet
  facet normal -0 0 1
    outer loop
      vertex -2.925 118.602 -34.2
      vertex -2.70796 115.291 -34.2
      vertex -2.70796 118.709 -34.2
    endloop
  endfacet
  facet normal 0 0 1
    outer loop
      vertex -2.925 118.602 -34.2
      vertex -2.925 115.398 -34.2
      vertex -2.70796 115.291 -34.2
    endloop
  endfacet
  facet normal -0 0 1
    outer loop
      vertex -3.12621 118.468 -34.2
      vertex -2.925 115.398 -34.2
      vertex -2.925 118.602 -34.2
    endloop
  endfacet
  facet normal 0 0 1
    outer loop
      vertex -3.12621 118.468 -34.2
      vertex -3.12621 115.532 -34.2
      vertex -2.925 115.398 -34.2
    endloop
  endfacet
  facet normal -0 0 1
    outer loop
      vertex -3.30815 118.308 -34.2
      vertex -3.12621 115.532 -34.2
      vertex -3.12621 118.468 -34.2
    endloop
  endfacet
  facet normal 0 0 1
    outer loop
      vertex -3.30815 118.308 -34.2
      vertex -3.30815 115.692 -34.2
      vertex -3.12621 115.532 -34.2
    endloop
  endfacet
  facet normal -0 0 1
    outer loop
      vertex -3.4677 118.126 -34.2
      vertex -3.30815 115.692 -34.2
      vertex -3.30815 118.308 -34.2
    endloop
  endfacet
  facet normal 0 0 1
    outer loop
      vertex -3.4677 118.126 -34.2
      vertex -3.4677 115.874 -34.2
      vertex -3.30815 115.692 -34.2
    endloop
  endfacet
  facet normal -0 0 1
    outer loop
      vertex -3.60215 117.925 -34.2
      vertex -3.4677 115.874 -34.2
      vertex -3.4677 118.126 -34.2
    endloop
  endfacet
  facet normal 0 0 1
    outer loop
      vertex -3.60215 117.925 -34.2
      vertex -3.60215 116.075 -34.2
      vertex -3.4677 115.874 -34.2
    endloop
  endfacet
  facet normal -0 0 1
    outer loop
      vertex -3.70918 117.708 -34.2
      vertex -3.60215 116.075 -34.2
      vertex -3.60215 117.925 -34.2
    endloop
  endfacet
  facet normal 0 0 1
    outer loop
      vertex -3.70918 117.708 -34.2
      vertex -3.70918 116.292 -34.2
      vertex -3.60215 116.075 -34.2
    endloop
  endfacet
  facet normal -0 0 1
    outer loop
      vertex -3.78696 117.479 -34.2
      vertex -3.70918 116.292 -34.2
      vertex -3.70918 117.708 -34.2
    endloop
  endfacet
  facet normal 0 0 1
    outer loop
      vertex -3.78696 117.479 -34.2
      vertex -3.78696 116.521 -34.2
      vertex -3.70918 116.292 -34.2
    endloop
  endfacet
  facet normal -0 0 1
    outer loop
      vertex -3.83417 117.241 -34.2
      vertex -3.78696 116.521 -34.2
      vertex -3.78696 117.479 -34.2
    endloop
  endfacet
  facet normal 0 0 1
    outer loop
      vertex -3.83417 117.241 -34.2
      vertex -3.83417 116.759 -34.2
      vertex -3.78696 116.521 -34.2
    endloop
  endfacet
  facet normal 0 -0 1
    outer loop
      vertex -3.83417 116.759 -34.2
      vertex -3.83417 117.241 -34.2
      vertex -3.85 117 -34.2
    endloop
  endfacet
  facet normal -0.831204 -0.555968 0
    outer loop
      vertex -0.397854 117.925 -34.2
      vertex -0.532297 118.126 8
      vertex -0.532297 118.126 -34.2
    endloop
  endfacet
  facet normal -0.831204 -0.555968 0
    outer loop
      vertex -0.532297 118.126 8
      vertex -0.397854 117.925 -34.2
      vertex -0.397854 117.925 8
    endloop
  endfacet
  facet normal -0.831204 -0.555968 0
    outer loop
      vertex -0.397854 117.925 10.5
      vertex -0.532297 118.126 14
      vertex -0.532297 118.126 10.5
    endloop
  endfacet
  facet normal -0.831204 -0.555968 0
    outer loop
      vertex -0.532297 118.126 14
      vertex -0.397854 117.925 10.5
      vertex -0.397854 117.925 14
    endloop
  endfacet
  facet normal -0.896843 -0.44235 0
    outer loop
      vertex -0.290823 117.708 -34.2
      vertex -0.397854 117.925 8
      vertex -0.397854 117.925 -34.2
    endloop
  endfacet
  facet normal -0.896843 -0.44235 0
    outer loop
      vertex -0.397854 117.925 8
      vertex -0.290823 117.708 -34.2
      vertex -0.290823 117.708 8
    endloop
  endfacet
  facet normal -0.896843 -0.44235 0
    outer loop
      vertex -0.290823 117.708 10.5
      vertex -0.397854 117.925 14
      vertex -0.397854 117.925 10.5
    endloop
  endfacet
  facet normal -0.896843 -0.44235 0
    outer loop
      vertex -0.397854 117.925 14
      vertex -0.290823 117.708 10.5
      vertex -0.290823 117.708 14
    endloop
  endfacet
  facet normal -0.194248 -0.980952 0
    outer loop
      vertex -1.75853 118.834 -34.2
      vertex -1.52118 118.787 8
      vertex -1.75853 118.834 8
    endloop
  endfacet
  facet normal -0.194248 -0.980952 -0
    outer loop
      vertex -1.52118 118.787 8
      vertex -1.75853 118.834 -34.2
      vertex -1.52118 118.787 -34.2
    endloop
  endfacet
  facet normal -0.194248 -0.980952 0
    outer loop
      vertex -1.75853 118.834 10.5
      vertex -1.52118 118.787 14
      vertex -1.75853 118.834 14
    endloop
  endfacet
  facet normal -0.194248 -0.980952 -0
    outer loop
      vertex -1.52118 118.787 14
      vertex -1.75853 118.834 10.5
      vertex -1.52118 118.787 10.5
    endloop
  endfacet
  facet normal -0.554303 -0.832315 0
    outer loop
      vertex -1.075 118.602 -34.2
      vertex -0.873792 118.468 8
      vertex -1.075 118.602 8
    endloop
  endfacet
  facet normal -0.554303 -0.832315 -0
    outer loop
      vertex -0.873792 118.468 8
      vertex -1.075 118.602 -34.2
      vertex -0.873792 118.468 -34.2
    endloop
  endfacet
  facet normal -0.554303 -0.832315 0
    outer loop
      vertex -1.075 118.602 10.5
      vertex -0.873792 118.468 14
      vertex -1.075 118.602 14
    endloop
  endfacet
  facet normal -0.554303 -0.832315 -0
    outer loop
      vertex -0.873792 118.468 14
      vertex -1.075 118.602 10.5
      vertex -0.873792 118.468 10.5
    endloop
  endfacet
  facet normal 0.83119 -0.555988 0
    outer loop
      vertex -3.60215 117.925 8
      vertex -3.4677 118.126 -34.2
      vertex -3.4677 118.126 8
    endloop
  endfacet
  facet normal 0.83119 -0.555988 0
    outer loop
      vertex -3.4677 118.126 -34.2
      vertex -3.60215 117.925 8
      vertex -3.60215 117.925 -34.2
    endloop
  endfacet
  facet normal 0.83119 -0.555988 0
    outer loop
      vertex -3.60215 117.925 14
      vertex -3.4677 118.126 10.5
      vertex -3.4677 118.126 14
    endloop
  endfacet
  facet normal 0.83119 -0.555988 0
    outer loop
      vertex -3.4677 118.126 10.5
      vertex -3.60215 117.925 14
      vertex -3.60215 117.925 10.5
    endloop
  endfacet
  facet normal 0.980889 -0.19457 0
    outer loop
      vertex -3.83417 117.241 8
      vertex -3.78696 117.479 -34.2
      vertex -3.78696 117.479 8
    endloop
  endfacet
  facet normal 0.980889 -0.19457 0
    outer loop
      vertex -3.78696 117.479 -34.2
      vertex -3.83417 117.241 8
      vertex -3.83417 117.241 -34.2
    endloop
  endfacet
  facet normal 0.980889 -0.19457 0
    outer loop
      vertex -3.83417 117.241 14
      vertex -3.78696 117.479 10.5
      vertex -3.78696 117.479 14
    endloop
  endfacet
  facet normal 0.980889 -0.19457 0
    outer loop
      vertex -3.78696 117.479 10.5
      vertex -3.83417 117.241 14
      vertex -3.83417 117.241 10.5
    endloop
  endfacet
  facet normal 0.442181 -0.896926 0
    outer loop
      vertex -2.925 118.602 -34.2
      vertex -2.70796 118.709 8
      vertex -2.925 118.602 8
    endloop
  endfacet
  facet normal 0.442181 -0.896926 0
    outer loop
      vertex -2.70796 118.709 8
      vertex -2.925 118.602 -34.2
      vertex -2.70796 118.709 -34.2
    endloop
  endfacet
  facet normal 0.442181 -0.896926 0
    outer loop
      vertex -2.925 118.602 10.5
      vertex -2.70796 118.709 14
      vertex -2.925 118.602 14
    endloop
  endfacet
  facet normal 0.442181 -0.896926 0
    outer loop
      vertex -2.70796 118.709 14
      vertex -2.925 118.602 10.5
      vertex -2.70796 118.709 10.5
    endloop
  endfacet
  facet normal 0.554299 -0.832317 0
    outer loop
      vertex -3.12621 118.468 -34.2
      vertex -2.925 118.602 8
      vertex -3.12621 118.468 8
    endloop
  endfacet
  facet normal 0.554299 -0.832317 0
    outer loop
      vertex -2.925 118.602 8
      vertex -3.12621 118.468 -34.2
      vertex -2.925 118.602 -34.2
    endloop
  endfacet
  facet normal 0.554299 -0.832317 0
    outer loop
      vertex -3.12621 118.468 10.5
      vertex -2.925 118.602 14
      vertex -3.12621 118.468 14
    endloop
  endfacet
  facet normal 0.554299 -0.832317 0
    outer loop
      vertex -2.925 118.602 14
      vertex -3.12621 118.468 10.5
      vertex -2.925 118.602 10.5
    endloop
  endfacet
  facet normal 0.0661158 -0.997812 0
    outer loop
      vertex -2.24147 118.834 -34.2
      vertex -2 118.85 8
      vertex -2.24147 118.834 8
    endloop
  endfacet
  facet normal 0.0661158 -0.997812 0
    outer loop
      vertex -2 118.85 8
      vertex -2.24147 118.834 -34.2
      vertex -2 118.85 -34.2
    endloop
  endfacet
  facet normal 0.0661158 -0.997812 0
    outer loop
      vertex -2.24147 118.834 10.5
      vertex -2 118.85 14
      vertex -2.24147 118.834 14
    endloop
  endfacet
  facet normal 0.0661158 -0.997812 0
    outer loop
      vertex -2 118.85 14
      vertex -2.24147 118.834 10.5
      vertex -2 118.85 10.5
    endloop
  endfacet
  facet normal -0.997851 0.065531 0
    outer loop
      vertex -0.165828 116.759 -34.2
      vertex -0.150001 117 8
      vertex -0.150001 117 -34.2
    endloop
  endfacet
  facet normal -0.997851 0.065531 0
    outer loop
      vertex -0.150001 117 8
      vertex -0.165828 116.759 -34.2
      vertex -0.165828 116.759 8
    endloop
  endfacet
  facet normal -0.997851 0.065531 0
    outer loop
      vertex -0.165828 116.759 10.5
      vertex -0.150001 117 14
      vertex -0.150001 117 10.5
    endloop
  endfacet
  facet normal -0.997851 0.065531 0
    outer loop
      vertex -0.150001 117 14
      vertex -0.165828 116.759 10.5
      vertex -0.165828 116.759 14
    endloop
  endfacet
  facet normal -0.0661158 0.997812 0
    outer loop
      vertex -1.75853 115.166 -34.2
      vertex -2 115.15 8
      vertex -1.75853 115.166 8
    endloop
  endfacet
  facet normal -0.0661158 0.997812 0
    outer loop
      vertex -2 115.15 8
      vertex -1.75853 115.166 -34.2
      vertex -2 115.15 -34.2
    endloop
  endfacet
  facet normal -0.0661158 0.997812 0
    outer loop
      vertex -1.75853 115.166 10.5
      vertex -2 115.15 14
      vertex -1.75853 115.166 14
    endloop
  endfacet
  facet normal -0.0661158 0.997812 0
    outer loop
      vertex -2 115.15 14
      vertex -1.75853 115.166 10.5
      vertex -2 115.15 10.5
    endloop
  endfacet
  facet normal -0.322245 0.946656 0
    outer loop
      vertex -1.29204 115.291 -34.2
      vertex -1.52118 115.213 8
      vertex -1.29204 115.291 8
    endloop
  endfacet
  facet normal -0.322245 0.946656 0
    outer loop
      vertex -1.52118 115.213 8
      vertex -1.29204 115.291 -34.2
      vertex -1.52118 115.213 -34.2
    endloop
  endfacet
  facet normal -0.322245 0.946656 0
    outer loop
      vertex -1.29204 115.291 10.5
      vertex -1.52118 115.213 14
      vertex -1.29204 115.291 14
    endloop
  endfacet
  facet normal -0.322245 0.946656 0
    outer loop
      vertex -1.52118 115.213 14
      vertex -1.29204 115.291 10.5
      vertex -1.52118 115.213 10.5
    endloop
  endfacet
  facet normal -0.660381 0.750931 0
    outer loop
      vertex -0.691853 115.692 -34.2
      vertex -0.873792 115.532 8
      vertex -0.691853 115.692 8
    endloop
  endfacet
  facet normal -0.660381 0.750931 0
    outer loop
      vertex -0.873792 115.532 8
      vertex -0.691853 115.692 -34.2
      vertex -0.873792 115.532 -34.2
    endloop
  endfacet
  facet normal -0.660381 0.750931 0
    outer loop
      vertex -0.691853 115.692 10.5
      vertex -0.873792 115.532 14
      vertex -0.691853 115.692 14
    endloop
  endfacet
  facet normal -0.660381 0.750931 0
    outer loop
      vertex -0.873792 115.532 14
      vertex -0.691853 115.692 10.5
      vertex -0.873792 115.532 10.5
    endloop
  endfacet
  facet normal -0.442181 0.896926 0
    outer loop
      vertex -1.075 115.398 -34.2
      vertex -1.29204 115.291 8
      vertex -1.075 115.398 8
    endloop
  endfacet
  facet normal -0.442181 0.896926 0
    outer loop
      vertex -1.29204 115.291 8
      vertex -1.075 115.398 -34.2
      vertex -1.29204 115.291 -34.2
    endloop
  endfacet
  facet normal -0.442181 0.896926 0
    outer loop
      vertex -1.075 115.398 10.5
      vertex -1.29204 115.291 14
      vertex -1.075 115.398 14
    endloop
  endfacet
  facet normal -0.442181 0.896926 0
    outer loop
      vertex -1.29204 115.291 14
      vertex -1.075 115.398 10.5
      vertex -1.29204 115.291 10.5
    endloop
  endfacet
  facet normal -0.75195 0.65922 0
    outer loop
      vertex -0.691853 115.692 -34.2
      vertex -0.532297 115.874 8
      vertex -0.532297 115.874 -34.2
    endloop
  endfacet
  facet normal -0.75195 0.65922 0
    outer loop
      vertex -0.532297 115.874 8
      vertex -0.691853 115.692 -34.2
      vertex -0.691853 115.692 8
    endloop
  endfacet
  facet normal -0.75195 0.65922 0
    outer loop
      vertex -0.691853 115.692 10.5
      vertex -0.532297 115.874 14
      vertex -0.532297 115.874 10.5
    endloop
  endfacet
  facet normal -0.75195 0.65922 0
    outer loop
      vertex -0.532297 115.874 14
      vertex -0.691853 115.692 10.5
      vertex -0.691853 115.692 14
    endloop
  endfacet
  facet normal -0.896843 0.44235 0
    outer loop
      vertex -0.397854 116.075 -34.2
      vertex -0.290823 116.292 8
      vertex -0.290823 116.292 -34.2
    endloop
  endfacet
  facet normal -0.896843 0.44235 0
    outer loop
      vertex -0.290823 116.292 8
      vertex -0.397854 116.075 -34.2
      vertex -0.397854 116.075 8
    endloop
  endfacet
  facet normal -0.896843 0.44235 0
    outer loop
      vertex -0.397854 116.075 10.5
      vertex -0.290823 116.292 14
      vertex -0.290823 116.292 10.5
    endloop
  endfacet
  facet normal -0.896843 0.44235 0
    outer loop
      vertex -0.290823 116.292 14
      vertex -0.397854 116.075 10.5
      vertex -0.397854 116.075 14
    endloop
  endfacet
  facet normal 0.554299 0.832317 -0
    outer loop
      vertex -2.925 115.398 -34.2
      vertex -3.12621 115.532 8
      vertex -2.925 115.398 8
    endloop
  endfacet
  facet normal 0.554299 0.832317 0
    outer loop
      vertex -3.12621 115.532 8
      vertex -2.925 115.398 -34.2
      vertex -3.12621 115.532 -34.2
    endloop
  endfacet
  facet normal 0.554299 0.832317 -0
    outer loop
      vertex -2.925 115.398 10.5
      vertex -3.12621 115.532 14
      vertex -2.925 115.398 14
    endloop
  endfacet
  facet normal 0.554299 0.832317 0
    outer loop
      vertex -3.12621 115.532 14
      vertex -2.925 115.398 10.5
      vertex -3.12621 115.532 10.5
    endloop
  endfacet
  facet normal 0.194248 0.980952 -0
    outer loop
      vertex -2.24147 115.166 -34.2
      vertex -2.47882 115.213 8
      vertex -2.24147 115.166 8
    endloop
  endfacet
  facet normal 0.194248 0.980952 0
    outer loop
      vertex -2.47882 115.213 8
      vertex -2.24147 115.166 -34.2
      vertex -2.47882 115.213 -34.2
    endloop
  endfacet
  facet normal 0.194248 0.980952 -0
    outer loop
      vertex -2.24147 115.166 10.5
      vertex -2.47882 115.213 14
      vertex -2.24147 115.166 14
    endloop
  endfacet
  facet normal 0.194248 0.980952 0
    outer loop
      vertex -2.47882 115.213 14
      vertex -2.24147 115.166 10.5
      vertex -2.47882 115.213 10.5
    endloop
  endfacet
  facet normal 0.896844 0.442347 0
    outer loop
      vertex -3.60215 116.075 8
      vertex -3.70918 116.292 -34.2
      vertex -3.70918 116.292 8
    endloop
  endfacet
  facet normal 0.896844 0.442347 0
    outer loop
      vertex -3.70918 116.292 -34.2
      vertex -3.60215 116.075 8
      vertex -3.60215 116.075 -34.2
    endloop
  endfacet
  facet normal 0.896844 0.442347 0
    outer loop
      vertex -3.60215 116.075 14
      vertex -3.70918 116.292 10.5
      vertex -3.70918 116.292 14
    endloop
  endfacet
  facet normal 0.896844 0.442347 0
    outer loop
      vertex -3.70918 116.292 10.5
      vertex -3.60215 116.075 14
      vertex -3.60215 116.075 10.5
    endloop
  endfacet
  facet normal 0.751962 0.659206 0
    outer loop
      vertex -3.30815 115.692 8
      vertex -3.4677 115.874 -34.2
      vertex -3.4677 115.874 8
    endloop
  endfacet
  facet normal 0.751962 0.659206 0
    outer loop
      vertex -3.4677 115.874 -34.2
      vertex -3.30815 115.692 8
      vertex -3.30815 115.692 -34.2
    endloop
  endfacet
  facet normal 0.751962 0.659206 0
    outer loop
      vertex -3.30815 115.692 14
      vertex -3.4677 115.874 10.5
      vertex -3.4677 115.874 14
    endloop
  endfacet
  facet normal 0.751962 0.659206 0
    outer loop
      vertex -3.4677 115.874 10.5
      vertex -3.30815 115.692 14
      vertex -3.30815 115.692 10.5
    endloop
  endfacet
  facet normal 0.946874 0.321606 0
    outer loop
      vertex -3.70918 116.292 8
      vertex -3.78696 116.521 -34.2
      vertex -3.78696 116.521 8
    endloop
  endfacet
  facet normal 0.946874 0.321606 0
    outer loop
      vertex -3.78696 116.521 -34.2
      vertex -3.70918 116.292 8
      vertex -3.70918 116.292 -34.2
    endloop
  endfacet
  facet normal 0.946874 0.321606 0
    outer loop
      vertex -3.70918 116.292 14
      vertex -3.78696 116.521 10.5
      vertex -3.78696 116.521 14
    endloop
  endfacet
  facet normal 0.946874 0.321606 0
    outer loop
      vertex -3.78696 116.521 10.5
      vertex -3.70918 116.292 14
      vertex -3.70918 116.292 10.5
    endloop
  endfacet
  facet normal 0.99785 0.0655434 0
    outer loop
      vertex -3.83417 116.759 8
      vertex -3.85 117 -34.2
      vertex -3.85 117 8
    endloop
  endfacet
  facet normal 0.99785 0.0655434 0
    outer loop
      vertex -3.85 117 -34.2
      vertex -3.83417 116.759 8
      vertex -3.83417 116.759 -34.2
    endloop
  endfacet
  facet normal 0.99785 0.0655434 0
    outer loop
      vertex -3.83417 116.759 14
      vertex -3.85 117 10.5
      vertex -3.85 117 14
    endloop
  endfacet
  facet normal 0.99785 0.0655434 0
    outer loop
      vertex -3.85 117 10.5
      vertex -3.83417 116.759 14
      vertex -3.83417 116.759 10.5
    endloop
  endfacet
  facet normal -0.194248 0.980952 0
    outer loop
      vertex -1.52118 115.213 -34.2
      vertex -1.75853 115.166 8
      vertex -1.52118 115.213 8
    endloop
  endfacet
  facet normal -0.194248 0.980952 0
    outer loop
      vertex -1.75853 115.166 8
      vertex -1.52118 115.213 -34.2
      vertex -1.75853 115.166 -34.2
    endloop
  endfacet
  facet normal -0.194248 0.980952 0
    outer loop
      vertex -1.52118 115.213 10.5
      vertex -1.75853 115.166 14
      vertex -1.52118 115.213 14
    endloop
  endfacet
  facet normal -0.194248 0.980952 0
    outer loop
      vertex -1.75853 115.166 14
      vertex -1.52118 115.213 10.5
      vertex -1.75853 115.166 10.5
    endloop
  endfacet
  facet normal -0.554303 0.832315 0
    outer loop
      vertex -0.873792 115.532 -34.2
      vertex -1.075 115.398 8
      vertex -0.873792 115.532 8
    endloop
  endfacet
  facet normal -0.554303 0.832315 0
    outer loop
      vertex -1.075 115.398 8
      vertex -0.873792 115.532 -34.2
      vertex -1.075 115.398 -34.2
    endloop
  endfacet
  facet normal -0.554303 0.832315 0
    outer loop
      vertex -0.873792 115.532 10.5
      vertex -1.075 115.398 14
      vertex -0.873792 115.532 14
    endloop
  endfacet
  facet normal -0.554303 0.832315 0
    outer loop
      vertex -1.075 115.398 14
      vertex -0.873792 115.532 10.5
      vertex -1.075 115.398 10.5
    endloop
  endfacet
  facet normal -0.831204 0.555968 0
    outer loop
      vertex -0.532297 115.874 -34.2
      vertex -0.397854 116.075 8
      vertex -0.397854 116.075 -34.2
    endloop
  endfacet
  facet normal -0.831204 0.555968 0
    outer loop
      vertex -0.397854 116.075 8
      vertex -0.532297 115.874 -34.2
      vertex -0.532297 115.874 8
    endloop
  endfacet
  facet normal -0.831204 0.555968 0
    outer loop
      vertex -0.532297 115.874 10.5
      vertex -0.397854 116.075 14
      vertex -0.397854 116.075 10.5
    endloop
  endfacet
  facet normal -0.831204 0.555968 0
    outer loop
      vertex -0.397854 116.075 14
      vertex -0.532297 115.874 10.5
      vertex -0.532297 115.874 14
    endloop
  endfacet
  facet normal 0.83119 0.555988 0
    outer loop
      vertex -3.4677 115.874 8
      vertex -3.60215 116.075 -34.2
      vertex -3.60215 116.075 8
    endloop
  endfacet
  facet normal 0.83119 0.555988 0
    outer loop
      vertex -3.60215 116.075 -34.2
      vertex -3.4677 115.874 8
      vertex -3.4677 115.874 -34.2
    endloop
  endfacet
  facet normal 0.83119 0.555988 0
    outer loop
      vertex -3.4677 115.874 14
      vertex -3.60215 116.075 10.5
      vertex -3.60215 116.075 14
    endloop
  endfacet
  facet normal 0.83119 0.555988 0
    outer loop
      vertex -3.60215 116.075 10.5
      vertex -3.4677 115.874 14
      vertex -3.4677 115.874 10.5
    endloop
  endfacet
  facet normal 0.980889 0.19457 0
    outer loop
      vertex -3.78696 116.521 8
      vertex -3.83417 116.759 -34.2
      vertex -3.83417 116.759 8
    endloop
  endfacet
  facet normal 0.980889 0.19457 0
    outer loop
      vertex -3.83417 116.759 -34.2
      vertex -3.78696 116.521 8
      vertex -3.78696 116.521 -34.2
    endloop
  endfacet
  facet normal 0.980889 0.19457 0
    outer loop
      vertex -3.78696 116.521 14
      vertex -3.83417 116.759 10.5
      vertex -3.83417 116.759 14
    endloop
  endfacet
  facet normal 0.980889 0.19457 0
    outer loop
      vertex -3.83417 116.759 10.5
      vertex -3.78696 116.521 14
      vertex -3.78696 116.521 10.5
    endloop
  endfacet
  facet normal 0 -1 0
    outer loop
      vertex -3.67432 119.9 8
      vertex 2 119.9 10.5
      vertex -3.67432 119.9 10.5
    endloop
  endfacet
  facet normal 0 -1 -0
    outer loop
      vertex 2 119.9 10.5
      vertex -3.67432 119.9 8
      vertex 2 119.9 8
    endloop
  endfacet
  facet normal 0 1 -0
    outer loop
      vertex 2 114.1 8
      vertex -3.67432 114.1 10.5
      vertex 2 114.1 10.5
    endloop
  endfacet
  facet normal 0 1 0
    outer loop
      vertex -3.67432 114.1 10.5
      vertex 2 114.1 8
      vertex -3.67432 114.1 8
    endloop
  endfacet
  facet normal 0 0 -1
    outer loop
      vertex 2 114.1 10.5
      vertex -0.150001 117 10.5
      vertex 2 119.9 10.5
    endloop
  endfacet
  facet normal 0 0 -1
    outer loop
      vertex 2 114.1 10.5
      vertex -0.165828 116.759 10.5
      vertex -0.150001 117 10.5
    endloop
  endfacet
  facet normal 0 0 -1
    outer loop
      vertex 2 114.1 10.5
      vertex -0.213037 116.521 10.5
      vertex -0.165828 116.759 10.5
    endloop
  endfacet
  facet normal 0 0 -1
    outer loop
      vertex 2 114.1 10.5
      vertex -0.290823 116.292 10.5
      vertex -0.213037 116.521 10.5
    endloop
  endfacet
  facet normal 0 0 -1
    outer loop
      vertex 2 114.1 10.5
      vertex -0.397854 116.075 10.5
      vertex -0.290823 116.292 10.5
    endloop
  endfacet
  facet normal 0 0 -1
    outer loop
      vertex 2 114.1 10.5
      vertex -0.532297 115.874 10.5
      vertex -0.397854 116.075 10.5
    endloop
  endfacet
  facet normal 0 0 -1
    outer loop
      vertex 2 114.1 10.5
      vertex -0.691853 115.692 10.5
      vertex -0.532297 115.874 10.5
    endloop
  endfacet
  facet normal 0 0 -1
    outer loop
      vertex 2 114.1 10.5
      vertex -0.873792 115.532 10.5
      vertex -0.691853 115.692 10.5
    endloop
  endfacet
  facet normal 0 0 -1
    outer loop
      vertex 2 114.1 10.5
      vertex -1.075 115.398 10.5
      vertex -0.873792 115.532 10.5
    endloop
  endfacet
  facet normal 0 0 -1
    outer loop
      vertex 2 114.1 10.5
      vertex -1.29204 115.291 10.5
      vertex -1.075 115.398 10.5
    endloop
  endfacet
  facet normal 0 0 -1
    outer loop
      vertex 2 114.1 10.5
      vertex -1.52118 115.213 10.5
      vertex -1.29204 115.291 10.5
    endloop
  endfacet
  facet normal 0 0 -1
    outer loop
      vertex 2 114.1 10.5
      vertex -1.75853 115.166 10.5
      vertex -1.52118 115.213 10.5
    endloop
  endfacet
  facet normal 0 0 -1
    outer loop
      vertex -3.67432 114.1 10.5
      vertex -1.75853 115.166 10.5
      vertex 2 114.1 10.5
    endloop
  endfacet
  facet normal 0 0 -1
    outer loop
      vertex -1.75853 115.166 10.5
      vertex -3.67432 114.1 10.5
      vertex -2 115.15 10.5
    endloop
  endfacet
  facet normal -0 0 -1
    outer loop
      vertex -2 115.15 10.5
      vertex -3.67432 114.1 10.5
      vertex -2.24147 115.166 10.5
    endloop
  endfacet
  facet normal -0 0 -1
    outer loop
      vertex -2.24147 115.166 10.5
      vertex -3.67432 114.1 10.5
      vertex -2.47882 115.213 10.5
    endloop
  endfacet
  facet normal 0 0 -1
    outer loop
      vertex -3.67432 114.1 10.5
      vertex -2.70796 115.291 10.5
      vertex -2.47882 115.213 10.5
    endloop
  endfacet
  facet normal 0 0 -1
    outer loop
      vertex -3.67432 114.1 10.5
      vertex -2.925 115.398 10.5
      vertex -2.70796 115.291 10.5
    endloop
  endfacet
  facet normal 0 0 -1
    outer loop
      vertex -3.67432 114.1 10.5
      vertex -3.12621 115.532 10.5
      vertex -2.925 115.398 10.5
    endloop
  endfacet
  facet normal 0 0 -1
    outer loop
      vertex -3.67432 114.1 10.5
      vertex -3.30815 115.692 10.5
      vertex -3.12621 115.532 10.5
    endloop
  endfacet
  facet normal 0 0 -1
    outer loop
      vertex -3.67432 114.1 10.5
      vertex -3.4677 115.874 10.5
      vertex -3.30815 115.692 10.5
    endloop
  endfacet
  facet normal 0 0 -1
    outer loop
      vertex -3.67432 114.1 10.5
      vertex -3.60215 116.075 10.5
      vertex -3.4677 115.874 10.5
    endloop
  endfacet
  facet normal 0 0 -1
    outer loop
      vertex -5.34863 117 10.5
      vertex -3.60215 116.075 10.5
      vertex -3.67432 114.1 10.5
    endloop
  endfacet
  facet normal 0 0 -1
    outer loop
      vertex -3.60215 116.075 10.5
      vertex -5.34863 117 10.5
      vertex -3.70918 116.292 10.5
    endloop
  endfacet
  facet normal 0 0 -1
    outer loop
      vertex -3.70918 116.292 10.5
      vertex -5.34863 117 10.5
      vertex -3.78696 116.521 10.5
    endloop
  endfacet
  facet normal 0 0 -1
    outer loop
      vertex -3.78696 116.521 10.5
      vertex -5.34863 117 10.5
      vertex -3.83417 116.759 10.5
    endloop
  endfacet
  facet normal 0 0 -1
    outer loop
      vertex -3.83417 116.759 10.5
      vertex -5.34863 117 10.5
      vertex -3.85 117 10.5
    endloop
  endfacet
  facet normal 0 0 -1
    outer loop
      vertex -0.165828 117.241 10.5
      vertex 2 119.9 10.5
      vertex -0.150001 117 10.5
    endloop
  endfacet
  facet normal 0 0 -1
    outer loop
      vertex -0.213037 117.479 10.5
      vertex 2 119.9 10.5
      vertex -0.165828 117.241 10.5
    endloop
  endfacet
  facet normal 0 0 -1
    outer loop
      vertex -0.290823 117.708 10.5
      vertex 2 119.9 10.5
      vertex -0.213037 117.479 10.5
    endloop
  endfacet
  facet normal 0 0 -1
    outer loop
      vertex -0.397854 117.925 10.5
      vertex 2 119.9 10.5
      vertex -0.290823 117.708 10.5
    endloop
  endfacet
  facet normal 0 0 -1
    outer loop
      vertex -0.532297 118.126 10.5
      vertex 2 119.9 10.5
      vertex -0.397854 117.925 10.5
    endloop
  endfacet
  facet normal 0 0 -1
    outer loop
      vertex -0.691853 118.308 10.5
      vertex 2 119.9 10.5
      vertex -0.532297 118.126 10.5
    endloop
  endfacet
  facet normal 0 0 -1
    outer loop
      vertex -0.873792 118.468 10.5
      vertex 2 119.9 10.5
      vertex -0.691853 118.308 10.5
    endloop
  endfacet
  facet normal 0 0 -1
    outer loop
      vertex -1.075 118.602 10.5
      vertex 2 119.9 10.5
      vertex -0.873792 118.468 10.5
    endloop
  endfacet
  facet normal 0 0 -1
    outer loop
      vertex -1.29204 118.709 10.5
      vertex 2 119.9 10.5
      vertex -1.075 118.602 10.5
    endloop
  endfacet
  facet normal 0 0 -1
    outer loop
      vertex -1.52118 118.787 10.5
      vertex 2 119.9 10.5
      vertex -1.29204 118.709 10.5
    endloop
  endfacet
  facet normal 0 0 -1
    outer loop
      vertex -1.75853 118.834 10.5
      vertex 2 119.9 10.5
      vertex -1.52118 118.787 10.5
    endloop
  endfacet
  facet normal 0 0 -1
    outer loop
      vertex -3.67432 119.9 10.5
      vertex -1.75853 118.834 10.5
      vertex -2 118.85 10.5
    endloop
  endfacet
  facet normal 0 0 -1
    outer loop
      vertex -3.67432 119.9 10.5
      vertex -2 118.85 10.5
      vertex -2.24147 118.834 10.5
    endloop
  endfacet
  facet normal 0 0 -1
    outer loop
      vertex -3.67432 119.9 10.5
      vertex -2.24147 118.834 10.5
      vertex -2.47882 118.787 10.5
    endloop
  endfacet
  facet normal 0 0 -1
    outer loop
      vertex -1.75853 118.834 10.5
      vertex -3.67432 119.9 10.5
      vertex 2 119.9 10.5
    endloop
  endfacet
  facet normal 0 0 -1
    outer loop
      vertex -2.70796 118.709 10.5
      vertex -3.67432 119.9 10.5
      vertex -2.47882 118.787 10.5
    endloop
  endfacet
  facet normal 0 0 -1
    outer loop
      vertex -2.925 118.602 10.5
      vertex -3.67432 119.9 10.5
      vertex -2.70796 118.709 10.5
    endloop
  endfacet
  facet normal 0 0 -1
    outer loop
      vertex -3.12621 118.468 10.5
      vertex -3.67432 119.9 10.5
      vertex -2.925 118.602 10.5
    endloop
  endfacet
  facet normal 0 0 -1
    outer loop
      vertex -3.30815 118.308 10.5
      vertex -3.67432 119.9 10.5
      vertex -3.12621 118.468 10.5
    endloop
  endfacet
  facet normal 0 0 -1
    outer loop
      vertex -3.4677 118.126 10.5
      vertex -3.67432 119.9 10.5
      vertex -3.30815 118.308 10.5
    endloop
  endfacet
  facet normal 0 0 -1
    outer loop
      vertex -3.60215 117.925 10.5
      vertex -3.67432 119.9 10.5
      vertex -3.4677 118.126 10.5
    endloop
  endfacet
  facet normal 0 0 -1
    outer loop
      vertex -5.34863 117 10.5
      vertex -3.60215 117.925 10.5
      vertex -3.70918 117.708 10.5
    endloop
  endfacet
  facet normal 0 0 -1
    outer loop
      vertex -5.34863 117 10.5
      vertex -3.70918 117.708 10.5
      vertex -3.78696 117.479 10.5
    endloop
  endfacet
  facet normal 0 0 -1
    outer loop
      vertex -5.34863 117 10.5
      vertex -3.78696 117.479 10.5
      vertex -3.83417 117.241 10.5
    endloop
  endfacet
  facet normal 0 0 -1
    outer loop
      vertex -5.34863 117 10.5
      vertex -3.83417 117.241 10.5
      vertex -3.85 117 10.5
    endloop
  endfacet
  facet normal -0 0 -1
    outer loop
      vertex -3.60215 117.925 10.5
      vertex -5.34863 117 10.5
      vertex -3.67432 119.9 10.5
    endloop
  endfacet
  facet normal 0.866026 -0.499999 0
    outer loop
      vertex -5.34863 117 10.5
      vertex -3.67432 119.9 8
      vertex -3.67432 119.9 10.5
    endloop
  endfacet
  facet normal 0.866026 -0.499999 0
    outer loop
      vertex -3.67432 119.9 8
      vertex -5.34863 117 10.5
      vertex -5.34863 117 8
    endloop
  endfacet
  facet normal 0 0 1
    outer loop
      vertex 2 119.9 8
      vertex -0.150001 117 8
      vertex 2 114.1 8
    endloop
  endfacet
  facet normal 0 0 1
    outer loop
      vertex 2 119.9 8
      vertex -0.165828 117.241 8
      vertex -0.150001 117 8
    endloop
  endfacet
  facet normal 0 0 1
    outer loop
      vertex 2 119.9 8
      vertex -0.213037 117.479 8
      vertex -0.165828 117.241 8
    endloop
  endfacet
  facet normal 0 0 1
    outer loop
      vertex 2 119.9 8
      vertex -0.290823 117.708 8
      vertex -0.213037 117.479 8
    endloop
  endfacet
  facet normal 0 0 1
    outer loop
      vertex 2 119.9 8
      vertex -0.397854 117.925 8
      vertex -0.290823 117.708 8
    endloop
  endfacet
  facet normal 0 0 1
    outer loop
      vertex 2 119.9 8
      vertex -0.532297 118.126 8
      vertex -0.397854 117.925 8
    endloop
  endfacet
  facet normal 0 0 1
    outer loop
      vertex 2 119.9 8
      vertex -0.691853 118.308 8
      vertex -0.532297 118.126 8
    endloop
  endfacet
  facet normal 0 0 1
    outer loop
      vertex 2 119.9 8
      vertex -0.873792 118.468 8
      vertex -0.691853 118.308 8
    endloop
  endfacet
  facet normal 0 0 1
    outer loop
      vertex 2 119.9 8
      vertex -1.075 118.602 8
      vertex -0.873792 118.468 8
    endloop
  endfacet
  facet normal 0 0 1
    outer loop
      vertex 2 119.9 8
      vertex -1.29204 118.709 8
      vertex -1.075 118.602 8
    endloop
  endfacet
  facet normal 0 0 1
    outer loop
      vertex 2 119.9 8
      vertex -1.52118 118.787 8
      vertex -1.29204 118.709 8
    endloop
  endfacet
  facet normal 0 0 1
    outer loop
      vertex 2 119.9 8
      vertex -1.75853 118.834 8
      vertex -1.52118 118.787 8
    endloop
  endfacet
  facet normal -0 0 1
    outer loop
      vertex -3.67432 119.9 8
      vertex -1.75853 118.834 8
      vertex 2 119.9 8
    endloop
  endfacet
  facet normal 0 0 1
    outer loop
      vertex -1.75853 118.834 8
      vertex -3.67432 119.9 8
      vertex -2 118.85 8
    endloop
  endfacet
  facet normal 0 0 1
    outer loop
      vertex -2 118.85 8
      vertex -3.67432 119.9 8
      vertex -2.24147 118.834 8
    endloop
  endfacet
  facet normal 0 0 1
    outer loop
      vertex -2.24147 118.834 8
      vertex -3.67432 119.9 8
      vertex -2.47882 118.787 8
    endloop
  endfacet
  facet normal 0 0 1
    outer loop
      vertex -3.67432 119.9 8
      vertex -2.70796 118.709 8
      vertex -2.47882 118.787 8
    endloop
  endfacet
  facet normal 0 0 1
    outer loop
      vertex -3.67432 119.9 8
      vertex -2.925 118.602 8
      vertex -2.70796 118.709 8
    endloop
  endfacet
  facet normal 0 0 1
    outer loop
      vertex -3.67432 119.9 8
      vertex -3.12621 118.468 8
      vertex -2.925 118.602 8
    endloop
  endfacet
  facet normal 0 0 1
    outer loop
      vertex -3.67432 119.9 8
      vertex -3.30815 118.308 8
      vertex -3.12621 118.468 8
    endloop
  endfacet
  facet normal 0 0 1
    outer loop
      vertex -3.67432 119.9 8
      vertex -3.4677 118.126 8
      vertex -3.30815 118.308 8
    endloop
  endfacet
  facet normal 0 0 1
    outer loop
      vertex -3.67432 119.9 8
      vertex -3.60215 117.925 8
      vertex -3.4677 118.126 8
    endloop
  endfacet
  facet normal 0 0 1
    outer loop
      vertex -5.34863 117 8
      vertex -3.60215 117.925 8
      vertex -3.67432 119.9 8
    endloop
  endfacet
  facet normal 0 0 1
    outer loop
      vertex -3.60215 117.925 8
      vertex -5.34863 117 8
      vertex -3.70918 117.708 8
    endloop
  endfacet
  facet normal 0 0 1
    outer loop
      vertex -3.70918 117.708 8
      vertex -5.34863 117 8
      vertex -3.78696 117.479 8
    endloop
  endfacet
  facet normal 0 0 1
    outer loop
      vertex -3.78696 117.479 8
      vertex -5.34863 117 8
      vertex -3.83417 117.241 8
    endloop
  endfacet
  facet normal 0 0 1
    outer loop
      vertex -3.83417 117.241 8
      vertex -5.34863 117 8
      vertex -3.85 117 8
    endloop
  endfacet
  facet normal -0 0 1
    outer loop
      vertex -0.165828 116.759 8
      vertex 2 114.1 8
      vertex -0.150001 117 8
    endloop
  endfacet
  facet normal -0 0 1
    outer loop
      vertex -0.213037 116.521 8
      vertex 2 114.1 8
      vertex -0.165828 116.759 8
    endloop
  endfacet
  facet normal -0 0 1
    outer loop
      vertex -0.290823 116.292 8
      vertex 2 114.1 8
      vertex -0.213037 116.521 8
    endloop
  endfacet
  facet normal -0 0 1
    outer loop
      vertex -0.397854 116.075 8
      vertex 2 114.1 8
      vertex -0.290823 116.292 8
    endloop
  endfacet
  facet normal -0 0 1
    outer loop
      vertex -0.532297 115.874 8
      vertex 2 114.1 8
      vertex -0.397854 116.075 8
    endloop
  endfacet
  facet normal -0 0 1
    outer loop
      vertex -0.691853 115.692 8
      vertex 2 114.1 8
      vertex -0.532297 115.874 8
    endloop
  endfacet
  facet normal -0 0 1
    outer loop
      vertex -0.873792 115.532 8
      vertex 2 114.1 8
      vertex -0.691853 115.692 8
    endloop
  endfacet
  facet normal -0 0 1
    outer loop
      vertex -1.075 115.398 8
      vertex 2 114.1 8
      vertex -0.873792 115.532 8
    endloop
  endfacet
  facet normal -0 0 1
    outer loop
      vertex -1.29204 115.291 8
      vertex 2 114.1 8
      vertex -1.075 115.398 8
    endloop
  endfacet
  facet normal -0 0 1
    outer loop
      vertex -1.52118 115.213 8
      vertex 2 114.1 8
      vertex -1.29204 115.291 8
    endloop
  endfacet
  facet normal -0 0 1
    outer loop
      vertex -1.75853 115.166 8
      vertex 2 114.1 8
      vertex -1.52118 115.213 8
    endloop
  endfacet
  facet normal 0 0 1
    outer loop
      vertex -3.67432 114.1 8
      vertex -1.75853 115.166 8
      vertex -2 115.15 8
    endloop
  endfacet
  facet normal 0 0 1
    outer loop
      vertex -3.67432 114.1 8
      vertex -2 115.15 8
      vertex -2.24147 115.166 8
    endloop
  endfacet
  facet normal 0 0 1
    outer loop
      vertex -3.67432 114.1 8
      vertex -2.24147 115.166 8
      vertex -2.47882 115.213 8
    endloop
  endfacet
  facet normal 0 0 1
    outer loop
      vertex -1.75853 115.166 8
      vertex -3.67432 114.1 8
      vertex 2 114.1 8
    endloop
  endfacet
  facet normal 0 0 1
    outer loop
      vertex -2.70796 115.291 8
      vertex -3.67432 114.1 8
      vertex -2.47882 115.213 8
    endloop
  endfacet
  facet normal 0 0 1
    outer loop
      vertex -2.925 115.398 8
      vertex -3.67432 114.1 8
      vertex -2.70796 115.291 8
    endloop
  endfacet
  facet normal 0 0 1
    outer loop
      vertex -3.12621 115.532 8
      vertex -3.67432 114.1 8
      vertex -2.925 115.398 8
    endloop
  endfacet
  facet normal 0 0 1
    outer loop
      vertex -3.30815 115.692 8
      vertex -3.67432 114.1 8
      vertex -3.12621 115.532 8
    endloop
  endfacet
  facet normal 0 0 1
    outer loop
      vertex -3.4677 115.874 8
      vertex -3.67432 114.1 8
      vertex -3.30815 115.692 8
    endloop
  endfacet
  facet normal 0 0 1
    outer loop
      vertex -3.60215 116.075 8
      vertex -3.67432 114.1 8
      vertex -3.4677 115.874 8
    endloop
  endfacet
  facet normal 0 0 1
    outer loop
      vertex -5.34863 117 8
      vertex -3.60215 116.075 8
      vertex -3.70918 116.292 8
    endloop
  endfacet
  facet normal 0 0 1
    outer loop
      vertex -5.34863 117 8
      vertex -3.70918 116.292 8
      vertex -3.78696 116.521 8
    endloop
  endfacet
  facet normal 0 0 1
    outer loop
      vertex -5.34863 117 8
      vertex -3.78696 116.521 8
      vertex -3.83417 116.759 8
    endloop
  endfacet
  facet normal -0 0 1
    outer loop
      vertex -5.34863 117 8
      vertex -3.83417 116.759 8
      vertex -3.85 117 8
    endloop
  endfacet
  facet normal 0 0 1
    outer loop
      vertex -3.60215 116.075 8
      vertex -5.34863 117 8
      vertex -3.67432 114.1 8
    endloop
  endfacet
  facet normal 0.866026 0.499999 0
    outer loop
      vertex -3.67432 114.1 10.5
      vertex -5.34863 117 8
      vertex -5.34863 117 10.5
    endloop
  endfacet
  facet normal 0.866026 0.499999 0
    outer loop
      vertex -5.34863 117 8
      vertex -3.67432 114.1 10.5
      vertex -3.67432 114.1 8
    endloop
  endfacet
  facet normal -0.997803 -0.0662442 0
    outer loop
      vertex 183.85 117 -34.2
      vertex 183.834 117.241 8
      vertex 183.834 117.241 -34.2
    endloop
  endfacet
  facet normal -0.997803 -0.0662442 0
    outer loop
      vertex 183.834 117.241 8
      vertex 183.85 117 -34.2
      vertex 183.85 117 8
    endloop
  endfacet
  facet normal -0.997803 -0.0662442 0
    outer loop
      vertex 183.85 117 10.5
      vertex 183.834 117.241 14
      vertex 183.834 117.241 10.5
    endloop
  endfacet
  facet normal -0.997803 -0.0662442 0
    outer loop
      vertex 183.834 117.241 14
      vertex 183.85 117 10.5
      vertex 183.85 117 14
    endloop
  endfacet
  facet normal 0.997803 -0.0662442 0
    outer loop
      vertex 180.15 117 8
      vertex 180.166 117.241 -34.2
      vertex 180.166 117.241 8
    endloop
  endfacet
  facet normal 0.997803 -0.0662442 0
    outer loop
      vertex 180.166 117.241 -34.2
      vertex 180.15 117 8
      vertex 180.15 117 -34.2
    endloop
  endfacet
  facet normal 0.997803 -0.0662442 0
    outer loop
      vertex 180.15 117 14
      vertex 180.166 117.241 10.5
      vertex 180.166 117.241 14
    endloop
  endfacet
  facet normal 0.997803 -0.0662442 0
    outer loop
      vertex 180.166 117.241 10.5
      vertex 180.15 117 14
      vertex 180.15 117 10.5
    endloop
  endfacet
  facet normal -0.0662442 -0.997803 0
    outer loop
      vertex 182 118.85 -34.2
      vertex 182.241 118.834 8
      vertex 182 118.85 8
    endloop
  endfacet
  facet normal -0.0662442 -0.997803 -0
    outer loop
      vertex 182.241 118.834 8
      vertex 182 118.85 -34.2
      vertex 182.241 118.834 -34.2
    endloop
  endfacet
  facet normal -0.0662442 -0.997803 0
    outer loop
      vertex 182 118.85 10.5
      vertex 182.241 118.834 14
      vertex 182 118.85 14
    endloop
  endfacet
  facet normal -0.0662442 -0.997803 -0
    outer loop
      vertex 182.241 118.834 14
      vertex 182 118.85 10.5
      vertex 182.241 118.834 10.5
    endloop
  endfacet
  facet normal 0.0662442 0.997803 -0
    outer loop
      vertex 182 115.15 10.5
      vertex 181.759 115.166 14
      vertex 182 115.15 14
    endloop
  endfacet
  facet normal 0.0662442 0.997803 0
    outer loop
      vertex 181.759 115.166 14
      vertex 182 115.15 10.5
      vertex 181.759 115.166 10.5
    endloop
  endfacet
  facet normal 0.0662442 0.997803 -0
    outer loop
      vertex 182 115.15 -34.2
      vertex 181.759 115.166 8
      vertex 182 115.15 8
    endloop
  endfacet
  facet normal 0.0662442 0.997803 0
    outer loop
      vertex 181.759 115.166 8
      vertex 182 115.15 -34.2
      vertex 181.759 115.166 -34.2
    endloop
  endfacet
  facet normal 0.751041 0.660256 0
    outer loop
      vertex 180.692 115.692 8
      vertex 180.532 115.874 -34.2
      vertex 180.532 115.874 8
    endloop
  endfacet
  facet normal 0.751041 0.660256 0
    outer loop
      vertex 180.532 115.874 -34.2
      vertex 180.692 115.692 8
      vertex 180.692 115.692 -34.2
    endloop
  endfacet
  facet normal 0.751041 0.660256 0
    outer loop
      vertex 180.692 115.692 14
      vertex 180.532 115.874 10.5
      vertex 180.532 115.874 14
    endloop
  endfacet
  facet normal 0.751041 0.660256 0
    outer loop
      vertex 180.532 115.874 10.5
      vertex 180.692 115.692 14
      vertex 180.692 115.692 10.5
    endloop
  endfacet
  facet normal -0.751041 -0.660256 0
    outer loop
      vertex 183.468 118.126 -34.2
      vertex 183.308 118.308 8
      vertex 183.308 118.308 -34.2
    endloop
  endfacet
  facet normal -0.751041 -0.660256 0
    outer loop
      vertex 183.308 118.308 8
      vertex 183.468 118.126 -34.2
      vertex 183.468 118.126 8
    endloop
  endfacet
  facet normal -0.751041 -0.660256 0
    outer loop
      vertex 183.468 118.126 10.5
      vertex 183.308 118.308 14
      vertex 183.308 118.308 10.5
    endloop
  endfacet
  facet normal -0.751041 -0.660256 0
    outer loop
      vertex 183.308 118.308 14
      vertex 183.468 118.126 10.5
      vertex 183.468 118.126 14
    endloop
  endfacet
  facet normal 0.660256 -0.751041 0
    outer loop
      vertex 180.692 118.308 -34.2
      vertex 180.874 118.468 8
      vertex 180.692 118.308 8
    endloop
  endfacet
  facet normal 0.660256 -0.751041 0
    outer loop
      vertex 180.874 118.468 8
      vertex 180.692 118.308 -34.2
      vertex 180.874 118.468 -34.2
    endloop
  endfacet
  facet normal 0.660256 -0.751041 0
    outer loop
      vertex 180.692 118.308 10.5
      vertex 180.874 118.468 14
      vertex 180.692 118.308 14
    endloop
  endfacet
  facet normal 0.660256 -0.751041 0
    outer loop
      vertex 180.874 118.468 14
      vertex 180.692 118.308 10.5
      vertex 180.874 118.468 10.5
    endloop
  endfacet
  facet normal 0.322421 -0.946596 0
    outer loop
      vertex 181.292 118.709 -34.2
      vertex 181.521 118.787 8
      vertex 181.292 118.709 8
    endloop
  endfacet
  facet normal 0.322421 -0.946596 0
    outer loop
      vertex 181.521 118.787 8
      vertex 181.292 118.709 -34.2
      vertex 181.521 118.787 -34.2
    endloop
  endfacet
  facet normal 0.322421 -0.946596 0
    outer loop
      vertex 181.292 118.709 10.5
      vertex 181.521 118.787 14
      vertex 181.292 118.709 14
    endloop
  endfacet
  facet normal 0.322421 -0.946596 0
    outer loop
      vertex 181.521 118.787 14
      vertex 181.292 118.709 10.5
      vertex 181.521 118.787 10.5
    endloop
  endfacet
  facet normal -0.946596 -0.322421 0
    outer loop
      vertex 183.787 117.479 10.5
      vertex 183.709 117.708 14
      vertex 183.709 117.708 10.5
    endloop
  endfacet
  facet normal -0.946596 -0.322421 0
    outer loop
      vertex 183.709 117.708 14
      vertex 183.787 117.479 10.5
      vertex 183.787 117.479 14
    endloop
  endfacet
  facet normal -0.946596 -0.322421 0
    outer loop
      vertex 183.787 117.479 -34.2
      vertex 183.709 117.708 8
      vertex 183.709 117.708 -34.2
    endloop
  endfacet
  facet normal -0.946596 -0.322421 0
    outer loop
      vertex 183.709 117.708 8
      vertex 183.787 117.479 -34.2
      vertex 183.787 117.479 8
    endloop
  endfacet
  facet normal -0.981053 -0.193737 0
    outer loop
      vertex 183.834 117.241 -34.2
      vertex 183.787 117.479 8
      vertex 183.787 117.479 -34.2
    endloop
  endfacet
  facet normal -0.981053 -0.193737 0
    outer loop
      vertex 183.787 117.479 8
      vertex 183.834 117.241 -34.2
      vertex 183.834 117.241 8
    endloop
  endfacet
  facet normal -0.981053 -0.193737 0
    outer loop
      vertex 183.834 117.241 10.5
      vertex 183.787 117.479 14
      vertex 183.787 117.479 10.5
    endloop
  endfacet
  facet normal -0.981053 -0.193737 0
    outer loop
      vertex 183.787 117.479 14
      vertex 183.834 117.241 10.5
      vertex 183.834 117.241 14
    endloop
  endfacet
  facet normal -0.442247 -0.896893 0
    outer loop
      vertex 182.708 118.709 -34.2
      vertex 182.925 118.602 8
      vertex 182.708 118.709 8
    endloop
  endfacet
  facet normal -0.442247 -0.896893 -0
    outer loop
      vertex 182.925 118.602 8
      vertex 182.708 118.709 -34.2
      vertex 182.925 118.602 -34.2
    endloop
  endfacet
  facet normal -0.442247 -0.896893 0
    outer loop
      vertex 182.708 118.709 10.5
      vertex 182.925 118.602 14
      vertex 182.708 118.709 14
    endloop
  endfacet
  facet normal -0.442247 -0.896893 -0
    outer loop
      vertex 182.925 118.602 14
      vertex 182.708 118.709 10.5
      vertex 182.925 118.602 10.5
    endloop
  endfacet
  facet normal -0.322421 -0.946596 0
    outer loop
      vertex 182.479 118.787 -34.2
      vertex 182.708 118.709 8
      vertex 182.479 118.787 8
    endloop
  endfacet
  facet normal -0.322421 -0.946596 -0
    outer loop
      vertex 182.708 118.709 8
      vertex 182.479 118.787 -34.2
      vertex 182.708 118.709 -34.2
    endloop
  endfacet
  facet normal -0.322421 -0.946596 0
    outer loop
      vertex 182.479 118.787 10.5
      vertex 182.708 118.709 14
      vertex 182.479 118.787 14
    endloop
  endfacet
  facet normal -0.322421 -0.946596 -0
    outer loop
      vertex 182.708 118.709 14
      vertex 182.479 118.787 10.5
      vertex 182.708 118.709 10.5
    endloop
  endfacet
  facet normal -0.660256 -0.751041 0
    outer loop
      vertex 183.126 118.468 -34.2
      vertex 183.308 118.308 8
      vertex 183.126 118.468 8
    endloop
  endfacet
  facet normal -0.660256 -0.751041 -0
    outer loop
      vertex 183.308 118.308 8
      vertex 183.126 118.468 -34.2
      vertex 183.308 118.308 -34.2
    endloop
  endfacet
  facet normal -0.660256 -0.751041 0
    outer loop
      vertex 183.126 118.468 10.5
      vertex 183.308 118.308 14
      vertex 183.126 118.468 14
    endloop
  endfacet
  facet normal -0.660256 -0.751041 -0
    outer loop
      vertex 183.308 118.308 14
      vertex 183.126 118.468 10.5
      vertex 183.308 118.308 10.5
    endloop
  endfacet
  facet normal 0.896893 -0.442247 0
    outer loop
      vertex 180.291 117.708 8
      vertex 180.398 117.925 -34.2
      vertex 180.398 117.925 8
    endloop
  endfacet
  facet normal 0.896893 -0.442247 0
    outer loop
      vertex 180.398 117.925 -34.2
      vertex 180.291 117.708 8
      vertex 180.291 117.708 -34.2
    endloop
  endfacet
  facet normal 0.896893 -0.442247 0
    outer loop
      vertex 180.291 117.708 14
      vertex 180.398 117.925 10.5
      vertex 180.398 117.925 14
    endloop
  endfacet
  facet normal 0.896893 -0.442247 0
    outer loop
      vertex 180.398 117.925 10.5
      vertex 180.291 117.708 14
      vertex 180.291 117.708 10.5
    endloop
  endfacet
  facet normal 0.751041 -0.660256 0
    outer loop
      vertex 180.532 118.126 8
      vertex 180.692 118.308 -34.2
      vertex 180.692 118.308 8
    endloop
  endfacet
  facet normal 0.751041 -0.660256 0
    outer loop
      vertex 180.692 118.308 -34.2
      vertex 180.532 118.126 8
      vertex 180.532 118.126 -34.2
    endloop
  endfacet
  facet normal 0.751041 -0.660256 0
    outer loop
      vertex 180.532 118.126 14
      vertex 180.692 118.308 10.5
      vertex 180.692 118.308 14
    endloop
  endfacet
  facet normal 0.751041 -0.660256 0
    outer loop
      vertex 180.692 118.308 10.5
      vertex 180.532 118.126 14
      vertex 180.532 118.126 10.5
    endloop
  endfacet
  facet normal 0.946596 -0.322421 0
    outer loop
      vertex 180.213 117.479 8
      vertex 180.291 117.708 -34.2
      vertex 180.291 117.708 8
    endloop
  endfacet
  facet normal 0.946596 -0.322421 0
    outer loop
      vertex 180.291 117.708 -34.2
      vertex 180.213 117.479 8
      vertex 180.213 117.479 -34.2
    endloop
  endfacet
  facet normal 0.946596 -0.322421 0
    outer loop
      vertex 180.213 117.479 14
      vertex 180.291 117.708 10.5
      vertex 180.291 117.708 14
    endloop
  endfacet
  facet normal 0.946596 -0.322421 0
    outer loop
      vertex 180.291 117.708 10.5
      vertex 180.213 117.479 14
      vertex 180.213 117.479 10.5
    endloop
  endfacet
  facet normal 0.193737 -0.981053 0
    outer loop
      vertex 181.521 118.787 -34.2
      vertex 181.759 118.834 8
      vertex 181.521 118.787 8
    endloop
  endfacet
  facet normal 0.193737 -0.981053 0
    outer loop
      vertex 181.759 118.834 8
      vertex 181.521 118.787 -34.2
      vertex 181.759 118.834 -34.2
    endloop
  endfacet
  facet normal 0.193737 -0.981053 0
    outer loop
      vertex 181.521 118.787 10.5
      vertex 181.759 118.834 14
      vertex 181.521 118.787 14
    endloop
  endfacet
  facet normal 0.193737 -0.981053 0
    outer loop
      vertex 181.759 118.834 14
      vertex 181.521 118.787 10.5
      vertex 181.759 118.834 10.5
    endloop
  endfacet
  facet normal -0.946596 0.322421 0
    outer loop
      vertex 183.709 116.292 -34.2
      vertex 183.787 116.521 8
      vertex 183.787 116.521 -34.2
    endloop
  endfacet
  facet normal -0.946596 0.322421 0
    outer loop
      vertex 183.787 116.521 8
      vertex 183.709 116.292 -34.2
      vertex 183.709 116.292 8
    endloop
  endfacet
  facet normal -0.946596 0.322421 0
    outer loop
      vertex 183.709 116.292 10.5
      vertex 183.787 116.521 14
      vertex 183.787 116.521 10.5
    endloop
  endfacet
  facet normal -0.946596 0.322421 0
    outer loop
      vertex 183.787 116.521 14
      vertex 183.709 116.292 10.5
      vertex 183.709 116.292 14
    endloop
  endfacet
  facet normal -0.981053 0.193737 0
    outer loop
      vertex 183.787 116.521 -34.2
      vertex 183.834 116.759 8
      vertex 183.834 116.759 -34.2
    endloop
  endfacet
  facet normal -0.981053 0.193737 0
    outer loop
      vertex 183.834 116.759 8
      vertex 183.787 116.521 -34.2
      vertex 183.787 116.521 8
    endloop
  endfacet
  facet normal -0.981053 0.193737 0
    outer loop
      vertex 183.787 116.521 10.5
      vertex 183.834 116.759 14
      vertex 183.834 116.759 10.5
    endloop
  endfacet
  facet normal -0.981053 0.193737 0
    outer loop
      vertex 183.834 116.759 14
      vertex 183.787 116.521 10.5
      vertex 183.787 116.521 14
    endloop
  endfacet
  facet normal 0.442247 0.896893 -0
    outer loop
      vertex 181.292 115.291 -34.2
      vertex 181.075 115.398 8
      vertex 181.292 115.291 8
    endloop
  endfacet
  facet normal 0.442247 0.896893 0
    outer loop
      vertex 181.075 115.398 8
      vertex 181.292 115.291 -34.2
      vertex 181.075 115.398 -34.2
    endloop
  endfacet
  facet normal 0.442247 0.896893 -0
    outer loop
      vertex 181.292 115.291 10.5
      vertex 181.075 115.398 14
      vertex 181.292 115.291 14
    endloop
  endfacet
  facet normal 0.442247 0.896893 0
    outer loop
      vertex 181.075 115.398 14
      vertex 181.292 115.291 10.5
      vertex 181.075 115.398 10.5
    endloop
  endfacet
  facet normal 0.660256 0.751041 -0
    outer loop
      vertex 180.874 115.532 -34.2
      vertex 180.692 115.692 8
      vertex 180.874 115.532 8
    endloop
  endfacet
  facet normal 0.660256 0.751041 0
    outer loop
      vertex 180.692 115.692 8
      vertex 180.874 115.532 -34.2
      vertex 180.692 115.692 -34.2
    endloop
  endfacet
  facet normal 0.660256 0.751041 -0
    outer loop
      vertex 180.874 115.532 10.5
      vertex 180.692 115.692 14
      vertex 180.874 115.532 14
    endloop
  endfacet
  facet normal 0.660256 0.751041 0
    outer loop
      vertex 180.692 115.692 14
      vertex 180.874 115.532 10.5
      vertex 180.692 115.692 10.5
    endloop
  endfacet
  facet normal 0.322421 0.946596 -0
    outer loop
      vertex 181.521 115.213 -34.2
      vertex 181.292 115.291 8
      vertex 181.521 115.213 8
    endloop
  endfacet
  facet normal 0.322421 0.946596 0
    outer loop
      vertex 181.292 115.291 8
      vertex 181.521 115.213 -34.2
      vertex 181.292 115.291 -34.2
    endloop
  endfacet
  facet normal 0.322421 0.946596 -0
    outer loop
      vertex 181.521 115.213 10.5
      vertex 181.292 115.291 14
      vertex 181.521 115.213 14
    endloop
  endfacet
  facet normal 0.322421 0.946596 0
    outer loop
      vertex 181.292 115.291 14
      vertex 181.521 115.213 10.5
      vertex 181.292 115.291 10.5
    endloop
  endfacet
  facet normal 0 0 1
    outer loop
      vertex 183.834 117.241 -34.2
      vertex 183.834 116.759 -34.2
      vertex 183.85 117 -34.2
    endloop
  endfacet
  facet normal 0 0 1
    outer loop
      vertex 183.787 117.479 -34.2
      vertex 183.834 116.759 -34.2
      vertex 183.834 117.241 -34.2
    endloop
  endfacet
  facet normal 0 0 1
    outer loop
      vertex 183.787 117.479 -34.2
      vertex 183.787 116.521 -34.2
      vertex 183.834 116.759 -34.2
    endloop
  endfacet
  facet normal 0 0 1
    outer loop
      vertex 183.709 117.708 -34.2
      vertex 183.787 116.521 -34.2
      vertex 183.787 117.479 -34.2
    endloop
  endfacet
  facet normal 0 0 1
    outer loop
      vertex 183.709 117.708 -34.2
      vertex 183.709 116.292 -34.2
      vertex 183.787 116.521 -34.2
    endloop
  endfacet
  facet normal 0 0 1
    outer loop
      vertex 183.602 117.925 -34.2
      vertex 183.709 116.292 -34.2
      vertex 183.709 117.708 -34.2
    endloop
  endfacet
  facet normal 0 0 1
    outer loop
      vertex 183.602 117.925 -34.2
      vertex 183.602 116.075 -34.2
      vertex 183.709 116.292 -34.2
    endloop
  endfacet
  facet normal 0 0 1
    outer loop
      vertex 183.468 118.126 -34.2
      vertex 183.602 116.075 -34.2
      vertex 183.602 117.925 -34.2
    endloop
  endfacet
  facet normal 0 0 1
    outer loop
      vertex 183.468 118.126 -34.2
      vertex 183.468 115.874 -34.2
      vertex 183.602 116.075 -34.2
    endloop
  endfacet
  facet normal 0 0 1
    outer loop
      vertex 183.308 118.308 -34.2
      vertex 183.468 115.874 -34.2
      vertex 183.468 118.126 -34.2
    endloop
  endfacet
  facet normal 0 0 1
    outer loop
      vertex 183.308 118.308 -34.2
      vertex 183.308 115.692 -34.2
      vertex 183.468 115.874 -34.2
    endloop
  endfacet
  facet normal 0 0 1
    outer loop
      vertex 183.126 118.468 -34.2
      vertex 183.308 115.692 -34.2
      vertex 183.308 118.308 -34.2
    endloop
  endfacet
  facet normal 0 0 1
    outer loop
      vertex 183.126 118.468 -34.2
      vertex 183.126 115.532 -34.2
      vertex 183.308 115.692 -34.2
    endloop
  endfacet
  facet normal 0 0 1
    outer loop
      vertex 182.925 118.602 -34.2
      vertex 183.126 115.532 -34.2
      vertex 183.126 118.468 -34.2
    endloop
  endfacet
  facet normal 0 0 1
    outer loop
      vertex 182.925 118.602 -34.2
      vertex 182.925 115.398 -34.2
      vertex 183.126 115.532 -34.2
    endloop
  endfacet
  facet normal 0 0 1
    outer loop
      vertex 182.708 118.709 -34.2
      vertex 182.925 115.398 -34.2
      vertex 182.925 118.602 -34.2
    endloop
  endfacet
  facet normal 0 0 1
    outer loop
      vertex 182.708 118.709 -34.2
      vertex 182.708 115.291 -34.2
      vertex 182.925 115.398 -34.2
    endloop
  endfacet
  facet normal 0 0 1
    outer loop
      vertex 182.479 118.787 -34.2
      vertex 182.708 115.291 -34.2
      vertex 182.708 118.709 -34.2
    endloop
  endfacet
  facet normal 0 0 1
    outer loop
      vertex 182.479 118.787 -34.2
      vertex 182.479 115.213 -34.2
      vertex 182.708 115.291 -34.2
    endloop
  endfacet
  facet normal 0 0 1
    outer loop
      vertex 182.241 118.834 -34.2
      vertex 182.479 115.213 -34.2
      vertex 182.479 118.787 -34.2
    endloop
  endfacet
  facet normal 0 0 1
    outer loop
      vertex 182.241 118.834 -34.2
      vertex 182.241 115.166 -34.2
      vertex 182.479 115.213 -34.2
    endloop
  endfacet
  facet normal 0 0 1
    outer loop
      vertex 182 118.85 -34.2
      vertex 182.241 115.166 -34.2
      vertex 182.241 118.834 -34.2
    endloop
  endfacet
  facet normal 0 0 1
    outer loop
      vertex 182 118.85 -34.2
      vertex 182 115.15 -34.2
      vertex 182.241 115.166 -34.2
    endloop
  endfacet
  facet normal -0 0 1
    outer loop
      vertex 181.759 118.834 -34.2
      vertex 182 115.15 -34.2
      vertex 182 118.85 -34.2
    endloop
  endfacet
  facet normal 0 0 1
    outer loop
      vertex 181.759 118.834 -34.2
      vertex 181.759 115.166 -34.2
      vertex 182 115.15 -34.2
    endloop
  endfacet
  facet normal -0 0 1
    outer loop
      vertex 181.521 118.787 -34.2
      vertex 181.759 115.166 -34.2
      vertex 181.759 118.834 -34.2
    endloop
  endfacet
  facet normal 0 0 1
    outer loop
      vertex 181.521 118.787 -34.2
      vertex 181.521 115.213 -34.2
      vertex 181.759 115.166 -34.2
    endloop
  endfacet
  facet normal -0 0 1
    outer loop
      vertex 181.292 118.709 -34.2
      vertex 181.521 115.213 -34.2
      vertex 181.521 118.787 -34.2
    endloop
  endfacet
  facet normal 0 0 1
    outer loop
      vertex 181.292 118.709 -34.2
      vertex 181.292 115.291 -34.2
      vertex 181.521 115.213 -34.2
    endloop
  endfacet
  facet normal -0 0 1
    outer loop
      vertex 181.075 118.602 -34.2
      vertex 181.292 115.291 -34.2
      vertex 181.292 118.709 -34.2
    endloop
  endfacet
  facet normal 0 0 1
    outer loop
      vertex 181.075 118.602 -34.2
      vertex 181.075 115.398 -34.2
      vertex 181.292 115.291 -34.2
    endloop
  endfacet
  facet normal -0 0 1
    outer loop
      vertex 180.874 118.468 -34.2
      vertex 181.075 115.398 -34.2
      vertex 181.075 118.602 -34.2
    endloop
  endfacet
  facet normal 0 0 1
    outer loop
      vertex 180.874 118.468 -34.2
      vertex 180.874 115.532 -34.2
      vertex 181.075 115.398 -34.2
    endloop
  endfacet
  facet normal -0 0 1
    outer loop
      vertex 180.692 118.308 -34.2
      vertex 180.874 115.532 -34.2
      vertex 180.874 118.468 -34.2
    endloop
  endfacet
  facet normal 0 0 1
    outer loop
      vertex 180.692 118.308 -34.2
      vertex 180.692 115.692 -34.2
      vertex 180.874 115.532 -34.2
    endloop
  endfacet
  facet normal -0 0 1
    outer loop
      vertex 180.532 118.126 -34.2
      vertex 180.692 115.692 -34.2
      vertex 180.692 118.308 -34.2
    endloop
  endfacet
  facet normal 0 0 1
    outer loop
      vertex 180.532 118.126 -34.2
      vertex 180.532 115.874 -34.2
      vertex 180.692 115.692 -34.2
    endloop
  endfacet
  facet normal -0 0 1
    outer loop
      vertex 180.398 117.925 -34.2
      vertex 180.532 115.874 -34.2
      vertex 180.532 118.126 -34.2
    endloop
  endfacet
  facet normal 0 0 1
    outer loop
      vertex 180.398 117.925 -34.2
      vertex 180.398 116.075 -34.2
      vertex 180.532 115.874 -34.2
    endloop
  endfacet
  facet normal -0 0 1
    outer loop
      vertex 180.291 117.708 -34.2
      vertex 180.398 116.075 -34.2
      vertex 180.398 117.925 -34.2
    endloop
  endfacet
  facet normal 0 0 1
    outer loop
      vertex 180.291 117.708 -34.2
      vertex 180.291 116.292 -34.2
      vertex 180.398 116.075 -34.2
    endloop
  endfacet
  facet normal -0 0 1
    outer loop
      vertex 180.213 117.479 -34.2
      vertex 180.291 116.292 -34.2
      vertex 180.291 117.708 -34.2
    endloop
  endfacet
  facet normal 0 0 1
    outer loop
      vertex 180.213 117.479 -34.2
      vertex 180.213 116.521 -34.2
      vertex 180.291 116.292 -34.2
    endloop
  endfacet
  facet normal -0 0 1
    outer loop
      vertex 180.166 117.241 -34.2
      vertex 180.213 116.521 -34.2
      vertex 180.213 117.479 -34.2
    endloop
  endfacet
  facet normal 0 0 1
    outer loop
      vertex 180.166 117.241 -34.2
      vertex 180.166 116.759 -34.2
      vertex 180.213 116.521 -34.2
    endloop
  endfacet
  facet normal 0 -0 1
    outer loop
      vertex 180.166 116.759 -34.2
      vertex 180.166 117.241 -34.2
      vertex 180.15 117 -34.2
    endloop
  endfacet
  facet normal -0.83205 -0.5547 0
    outer loop
      vertex 183.602 117.925 -34.2
      vertex 183.468 118.126 8
      vertex 183.468 118.126 -34.2
    endloop
  endfacet
  facet normal -0.83205 -0.5547 0
    outer loop
      vertex 183.468 118.126 8
      vertex 183.602 117.925 -34.2
      vertex 183.602 117.925 8
    endloop
  endfacet
  facet normal -0.83205 -0.5547 0
    outer loop
      vertex 183.602 117.925 10.5
      vertex 183.468 118.126 14
      vertex 183.468 118.126 10.5
    endloop
  endfacet
  facet normal -0.83205 -0.5547 0
    outer loop
      vertex 183.468 118.126 14
      vertex 183.602 117.925 10.5
      vertex 183.602 117.925 14
    endloop
  endfacet
  facet normal -0.896893 -0.442247 0
    outer loop
      vertex 183.709 117.708 -34.2
      vertex 183.602 117.925 8
      vertex 183.602 117.925 -34.2
    endloop
  endfacet
  facet normal -0.896893 -0.442247 0
    outer loop
      vertex 183.602 117.925 8
      vertex 183.709 117.708 -34.2
      vertex 183.709 117.708 8
    endloop
  endfacet
  facet normal -0.896893 -0.442247 0
    outer loop
      vertex 183.709 117.708 10.5
      vertex 183.602 117.925 14
      vertex 183.602 117.925 10.5
    endloop
  endfacet
  facet normal -0.896893 -0.442247 0
    outer loop
      vertex 183.602 117.925 14
      vertex 183.709 117.708 10.5
      vertex 183.709 117.708 14
    endloop
  endfacet
  facet normal -0.193737 -0.981053 0
    outer loop
      vertex 182.241 118.834 -34.2
      vertex 182.479 118.787 8
      vertex 182.241 118.834 8
    endloop
  endfacet
  facet normal -0.193737 -0.981053 -0
    outer loop
      vertex 182.479 118.787 8
      vertex 182.241 118.834 -34.2
      vertex 182.479 118.787 -34.2
    endloop
  endfacet
  facet normal -0.193737 -0.981053 0
    outer loop
      vertex 182.241 118.834 10.5
      vertex 182.479 118.787 14
      vertex 182.241 118.834 14
    endloop
  endfacet
  facet normal -0.193737 -0.981053 -0
    outer loop
      vertex 182.479 118.787 14
      vertex 182.241 118.834 10.5
      vertex 182.479 118.787 10.5
    endloop
  endfacet
  facet normal -0.5547 -0.83205 0
    outer loop
      vertex 182.925 118.602 -34.2
      vertex 183.126 118.468 8
      vertex 182.925 118.602 8
    endloop
  endfacet
  facet normal -0.5547 -0.83205 -0
    outer loop
      vertex 183.126 118.468 8
      vertex 182.925 118.602 -34.2
      vertex 183.126 118.468 -34.2
    endloop
  endfacet
  facet normal -0.5547 -0.83205 0
    outer loop
      vertex 182.925 118.602 10.5
      vertex 183.126 118.468 14
      vertex 182.925 118.602 14
    endloop
  endfacet
  facet normal -0.5547 -0.83205 -0
    outer loop
      vertex 183.126 118.468 14
      vertex 182.925 118.602 10.5
      vertex 183.126 118.468 10.5
    endloop
  endfacet
  facet normal 0.83205 -0.5547 0
    outer loop
      vertex 180.398 117.925 8
      vertex 180.532 118.126 -34.2
      vertex 180.532 118.126 8
    endloop
  endfacet
  facet normal 0.83205 -0.5547 0
    outer loop
      vertex 180.532 118.126 -34.2
      vertex 180.398 117.925 8
      vertex 180.398 117.925 -34.2
    endloop
  endfacet
  facet normal 0.83205 -0.5547 0
    outer loop
      vertex 180.398 117.925 14
      vertex 180.532 118.126 10.5
      vertex 180.532 118.126 14
    endloop
  endfacet
  facet normal 0.83205 -0.5547 0
    outer loop
      vertex 180.532 118.126 10.5
      vertex 180.398 117.925 14
      vertex 180.398 117.925 10.5
    endloop
  endfacet
  facet normal 0.981053 -0.193737 0
    outer loop
      vertex 180.166 117.241 8
      vertex 180.213 117.479 -34.2
      vertex 180.213 117.479 8
    endloop
  endfacet
  facet normal 0.981053 -0.193737 0
    outer loop
      vertex 180.213 117.479 -34.2
      vertex 180.166 117.241 8
      vertex 180.166 117.241 -34.2
    endloop
  endfacet
  facet normal 0.981053 -0.193737 0
    outer loop
      vertex 180.166 117.241 14
      vertex 180.213 117.479 10.5
      vertex 180.213 117.479 14
    endloop
  endfacet
  facet normal 0.981053 -0.193737 0
    outer loop
      vertex 180.213 117.479 10.5
      vertex 180.166 117.241 14
      vertex 180.166 117.241 10.5
    endloop
  endfacet
  facet normal 0.442247 -0.896893 0
    outer loop
      vertex 181.075 118.602 -34.2
      vertex 181.292 118.709 8
      vertex 181.075 118.602 8
    endloop
  endfacet
  facet normal 0.442247 -0.896893 0
    outer loop
      vertex 181.292 118.709 8
      vertex 181.075 118.602 -34.2
      vertex 181.292 118.709 -34.2
    endloop
  endfacet
  facet normal 0.442247 -0.896893 0
    outer loop
      vertex 181.075 118.602 10.5
      vertex 181.292 118.709 14
      vertex 181.075 118.602 14
    endloop
  endfacet
  facet normal 0.442247 -0.896893 0
    outer loop
      vertex 181.292 118.709 14
      vertex 181.075 118.602 10.5
      vertex 181.292 118.709 10.5
    endloop
  endfacet
  facet normal 0.5547 -0.83205 0
    outer loop
      vertex 180.874 118.468 -34.2
      vertex 181.075 118.602 8
      vertex 180.874 118.468 8
    endloop
  endfacet
  facet normal 0.5547 -0.83205 0
    outer loop
      vertex 181.075 118.602 8
      vertex 180.874 118.468 -34.2
      vertex 181.075 118.602 -34.2
    endloop
  endfacet
  facet normal 0.5547 -0.83205 0
    outer loop
      vertex 180.874 118.468 10.5
      vertex 181.075 118.602 14
      vertex 180.874 118.468 14
    endloop
  endfacet
  facet normal 0.5547 -0.83205 0
    outer loop
      vertex 181.075 118.602 14
      vertex 180.874 118.468 10.5
      vertex 181.075 118.602 10.5
    endloop
  endfacet
  facet normal 0.0662442 -0.997803 0
    outer loop
      vertex 181.759 118.834 -34.2
      vertex 182 118.85 8
      vertex 181.759 118.834 8
    endloop
  endfacet
  facet normal 0.0662442 -0.997803 0
    outer loop
      vertex 182 118.85 8
      vertex 181.759 118.834 -34.2
      vertex 182 118.85 -34.2
    endloop
  endfacet
  facet normal 0.0662442 -0.997803 0
    outer loop
      vertex 181.759 118.834 10.5
      vertex 182 118.85 14
      vertex 181.759 118.834 14
    endloop
  endfacet
  facet normal 0.0662442 -0.997803 0
    outer loop
      vertex 182 118.85 14
      vertex 181.759 118.834 10.5
      vertex 182 118.85 10.5
    endloop
  endfacet
  facet normal -0.997803 0.0662442 0
    outer loop
      vertex 183.834 116.759 -34.2
      vertex 183.85 117 8
      vertex 183.85 117 -34.2
    endloop
  endfacet
  facet normal -0.997803 0.0662442 0
    outer loop
      vertex 183.85 117 8
      vertex 183.834 116.759 -34.2
      vertex 183.834 116.759 8
    endloop
  endfacet
  facet normal -0.997803 0.0662442 0
    outer loop
      vertex 183.834 116.759 10.5
      vertex 183.85 117 14
      vertex 183.85 117 10.5
    endloop
  endfacet
  facet normal -0.997803 0.0662442 0
    outer loop
      vertex 183.85 117 14
      vertex 183.834 116.759 10.5
      vertex 183.834 116.759 14
    endloop
  endfacet
  facet normal -0.0662442 0.997803 0
    outer loop
      vertex 182.241 115.166 10.5
      vertex 182 115.15 14
      vertex 182.241 115.166 14
    endloop
  endfacet
  facet normal -0.0662442 0.997803 0
    outer loop
      vertex 182 115.15 14
      vertex 182.241 115.166 10.5
      vertex 182 115.15 10.5
    endloop
  endfacet
  facet normal -0.0662442 0.997803 0
    outer loop
      vertex 182.241 115.166 -34.2
      vertex 182 115.15 8
      vertex 182.241 115.166 8
    endloop
  endfacet
  facet normal -0.0662442 0.997803 0
    outer loop
      vertex 182 115.15 8
      vertex 182.241 115.166 -34.2
      vertex 182 115.15 -34.2
    endloop
  endfacet
  facet normal -0.322421 0.946596 0
    outer loop
      vertex 182.708 115.291 -34.2
      vertex 182.479 115.213 8
      vertex 182.708 115.291 8
    endloop
  endfacet
  facet normal -0.322421 0.946596 0
    outer loop
      vertex 182.479 115.213 8
      vertex 182.708 115.291 -34.2
      vertex 182.479 115.213 -34.2
    endloop
  endfacet
  facet normal -0.322421 0.946596 0
    outer loop
      vertex 182.708 115.291 10.5
      vertex 182.479 115.213 14
      vertex 182.708 115.291 14
    endloop
  endfacet
  facet normal -0.322421 0.946596 0
    outer loop
      vertex 182.479 115.213 14
      vertex 182.708 115.291 10.5
      vertex 182.479 115.213 10.5
    endloop
  endfacet
  facet normal -0.660256 0.751041 0
    outer loop
      vertex 183.308 115.692 10.5
      vertex 183.126 115.532 14
      vertex 183.308 115.692 14
    endloop
  endfacet
  facet normal -0.660256 0.751041 0
    outer loop
      vertex 183.126 115.532 14
      vertex 183.308 115.692 10.5
      vertex 183.126 115.532 10.5
    endloop
  endfacet
  facet normal -0.660256 0.751041 0
    outer loop
      vertex 183.308 115.692 -34.2
      vertex 183.126 115.532 8
      vertex 183.308 115.692 8
    endloop
  endfacet
  facet normal -0.660256 0.751041 0
    outer loop
      vertex 183.126 115.532 8
      vertex 183.308 115.692 -34.2
      vertex 183.126 115.532 -34.2
    endloop
  endfacet
  facet normal -0.442247 0.896893 0
    outer loop
      vertex 182.925 115.398 -34.2
      vertex 182.708 115.291 8
      vertex 182.925 115.398 8
    endloop
  endfacet
  facet normal -0.442247 0.896893 0
    outer loop
      vertex 182.708 115.291 8
      vertex 182.925 115.398 -34.2
      vertex 182.708 115.291 -34.2
    endloop
  endfacet
  facet normal -0.442247 0.896893 0
    outer loop
      vertex 182.925 115.398 10.5
      vertex 182.708 115.291 14
      vertex 182.925 115.398 14
    endloop
  endfacet
  facet normal -0.442247 0.896893 0
    outer loop
      vertex 182.708 115.291 14
      vertex 182.925 115.398 10.5
      vertex 182.708 115.291 10.5
    endloop
  endfacet
  facet normal -0.751041 0.660256 0
    outer loop
      vertex 183.308 115.692 10.5
      vertex 183.468 115.874 14
      vertex 183.468 115.874 10.5
    endloop
  endfacet
  facet normal -0.751041 0.660256 0
    outer loop
      vertex 183.468 115.874 14
      vertex 183.308 115.692 10.5
      vertex 183.308 115.692 14
    endloop
  endfacet
  facet normal -0.751041 0.660256 0
    outer loop
      vertex 183.308 115.692 -34.2
      vertex 183.468 115.874 8
      vertex 183.468 115.874 -34.2
    endloop
  endfacet
  facet normal -0.751041 0.660256 0
    outer loop
      vertex 183.468 115.874 8
      vertex 183.308 115.692 -34.2
      vertex 183.308 115.692 8
    endloop
  endfacet
  facet normal -0.896893 0.442247 0
    outer loop
      vertex 183.602 116.075 -34.2
      vertex 183.709 116.292 8
      vertex 183.709 116.292 -34.2
    endloop
  endfacet
  facet normal -0.896893 0.442247 0
    outer loop
      vertex 183.709 116.292 8
      vertex 183.602 116.075 -34.2
      vertex 183.602 116.075 8
    endloop
  endfacet
  facet normal -0.896893 0.442247 0
    outer loop
      vertex 183.602 116.075 10.5
      vertex 183.709 116.292 14
      vertex 183.709 116.292 10.5
    endloop
  endfacet
  facet normal -0.896893 0.442247 0
    outer loop
      vertex 183.709 116.292 14
      vertex 183.602 116.075 10.5
      vertex 183.602 116.075 14
    endloop
  endfacet
  facet normal 0.5547 0.83205 -0
    outer loop
      vertex 181.075 115.398 -34.2
      vertex 180.874 115.532 8
      vertex 181.075 115.398 8
    endloop
  endfacet
  facet normal 0.5547 0.83205 0
    outer loop
      vertex 180.874 115.532 8
      vertex 181.075 115.398 -34.2
      vertex 180.874 115.532 -34.2
    endloop
  endfacet
  facet normal 0.5547 0.83205 -0
    outer loop
      vertex 181.075 115.398 10.5
      vertex 180.874 115.532 14
      vertex 181.075 115.398 14
    endloop
  endfacet
  facet normal 0.5547 0.83205 0
    outer loop
      vertex 180.874 115.532 14
      vertex 181.075 115.398 10.5
      vertex 180.874 115.532 10.5
    endloop
  endfacet
  facet normal 0.193737 0.981053 -0
    outer loop
      vertex 181.759 115.166 -34.2
      vertex 181.521 115.213 8
      vertex 181.759 115.166 8
    endloop
  endfacet
  facet normal 0.193737 0.981053 0
    outer loop
      vertex 181.521 115.213 8
      vertex 181.759 115.166 -34.2
      vertex 181.521 115.213 -34.2
    endloop
  endfacet
  facet normal 0.193737 0.981053 -0
    outer loop
      vertex 181.759 115.166 10.5
      vertex 181.521 115.213 14
      vertex 181.759 115.166 14
    endloop
  endfacet
  facet normal 0.193737 0.981053 0
    outer loop
      vertex 181.521 115.213 14
      vertex 181.759 115.166 10.5
      vertex 181.521 115.213 10.5
    endloop
  endfacet
  facet normal 0.896893 0.442247 0
    outer loop
      vertex 180.398 116.075 8
      vertex 180.291 116.292 -34.2
      vertex 180.291 116.292 8
    endloop
  endfacet
  facet normal 0.896893 0.442247 0
    outer loop
      vertex 180.291 116.292 -34.2
      vertex 180.398 116.075 8
      vertex 180.398 116.075 -34.2
    endloop
  endfacet
  facet normal 0.896893 0.442247 0
    outer loop
      vertex 180.398 116.075 14
      vertex 180.291 116.292 10.5
      vertex 180.291 116.292 14
    endloop
  endfacet
  facet normal 0.896893 0.442247 0
    outer loop
      vertex 180.291 116.292 10.5
      vertex 180.398 116.075 14
      vertex 180.398 116.075 10.5
    endloop
  endfacet
  facet normal 0.946596 0.322421 0
    outer loop
      vertex 180.291 116.292 8
      vertex 180.213 116.521 -34.2
      vertex 180.213 116.521 8
    endloop
  endfacet
  facet normal 0.946596 0.322421 0
    outer loop
      vertex 180.213 116.521 -34.2
      vertex 180.291 116.292 8
      vertex 180.291 116.292 -34.2
    endloop
  endfacet
  facet normal 0.946596 0.322421 0
    outer loop
      vertex 180.291 116.292 14
      vertex 180.213 116.521 10.5
      vertex 180.213 116.521 14
    endloop
  endfacet
  facet normal 0.946596 0.322421 0
    outer loop
      vertex 180.213 116.521 10.5
      vertex 180.291 116.292 14
      vertex 180.291 116.292 10.5
    endloop
  endfacet
  facet normal 0.997803 0.0662442 0
    outer loop
      vertex 180.166 116.759 8
      vertex 180.15 117 -34.2
      vertex 180.15 117 8
    endloop
  endfacet
  facet normal 0.997803 0.0662442 0
    outer loop
      vertex 180.15 117 -34.2
      vertex 180.166 116.759 8
      vertex 180.166 116.759 -34.2
    endloop
  endfacet
  facet normal 0.997803 0.0662442 0
    outer loop
      vertex 180.166 116.759 14
      vertex 180.15 117 10.5
      vertex 180.15 117 14
    endloop
  endfacet
  facet normal 0.997803 0.0662442 0
    outer loop
      vertex 180.15 117 10.5
      vertex 180.166 116.759 14
      vertex 180.166 116.759 10.5
    endloop
  endfacet
  facet normal -0.193737 0.981053 0
    outer loop
      vertex 182.479 115.213 -34.2
      vertex 182.241 115.166 8
      vertex 182.479 115.213 8
    endloop
  endfacet
  facet normal -0.193737 0.981053 0
    outer loop
      vertex 182.241 115.166 8
      vertex 182.479 115.213 -34.2
      vertex 182.241 115.166 -34.2
    endloop
  endfacet
  facet normal -0.193737 0.981053 0
    outer loop
      vertex 182.479 115.213 10.5
      vertex 182.241 115.166 14
      vertex 182.479 115.213 14
    endloop
  endfacet
  facet normal -0.193737 0.981053 0
    outer loop
      vertex 182.241 115.166 14
      vertex 182.479 115.213 10.5
      vertex 182.241 115.166 10.5
    endloop
  endfacet
  facet normal -0.5547 0.83205 0
    outer loop
      vertex 183.126 115.532 -34.2
      vertex 182.925 115.398 8
      vertex 183.126 115.532 8
    endloop
  endfacet
  facet normal -0.5547 0.83205 0
    outer loop
      vertex 182.925 115.398 8
      vertex 183.126 115.532 -34.2
      vertex 182.925 115.398 -34.2
    endloop
  endfacet
  facet normal -0.5547 0.83205 0
    outer loop
      vertex 183.126 115.532 10.5
      vertex 182.925 115.398 14
      vertex 183.126 115.532 14
    endloop
  endfacet
  facet normal -0.5547 0.83205 0
    outer loop
      vertex 182.925 115.398 14
      vertex 183.126 115.532 10.5
      vertex 182.925 115.398 10.5
    endloop
  endfacet
  facet normal -0.83205 0.5547 0
    outer loop
      vertex 183.468 115.874 -34.2
      vertex 183.602 116.075 8
      vertex 183.602 116.075 -34.2
    endloop
  endfacet
  facet normal -0.83205 0.5547 0
    outer loop
      vertex 183.602 116.075 8
      vertex 183.468 115.874 -34.2
      vertex 183.468 115.874 8
    endloop
  endfacet
  facet normal -0.83205 0.5547 0
    outer loop
      vertex 183.468 115.874 10.5
      vertex 183.602 116.075 14
      vertex 183.602 116.075 10.5
    endloop
  endfacet
  facet normal -0.83205 0.5547 0
    outer loop
      vertex 183.602 116.075 14
      vertex 183.468 115.874 10.5
      vertex 183.468 115.874 14
    endloop
  endfacet
  facet normal 0.83205 0.5547 0
    outer loop
      vertex 180.532 115.874 8
      vertex 180.398 116.075 -34.2
      vertex 180.398 116.075 8
    endloop
  endfacet
  facet normal 0.83205 0.5547 0
    outer loop
      vertex 180.398 116.075 -34.2
      vertex 180.532 115.874 8
      vertex 180.532 115.874 -34.2
    endloop
  endfacet
  facet normal 0.83205 0.5547 0
    outer loop
      vertex 180.532 115.874 14
      vertex 180.398 116.075 10.5
      vertex 180.398 116.075 14
    endloop
  endfacet
  facet normal 0.83205 0.5547 0
    outer loop
      vertex 180.398 116.075 10.5
      vertex 180.532 115.874 14
      vertex 180.532 115.874 10.5
    endloop
  endfacet
  facet normal 0.981053 0.193737 0
    outer loop
      vertex 180.213 116.521 8
      vertex 180.166 116.759 -34.2
      vertex 180.166 116.759 8
    endloop
  endfacet
  facet normal 0.981053 0.193737 0
    outer loop
      vertex 180.166 116.759 -34.2
      vertex 180.213 116.521 8
      vertex 180.213 116.521 -34.2
    endloop
  endfacet
  facet normal 0.981053 0.193737 0
    outer loop
      vertex 180.213 116.521 14
      vertex 180.166 116.759 10.5
      vertex 180.166 116.759 14
    endloop
  endfacet
  facet normal 0.981053 0.193737 0
    outer loop
      vertex 180.166 116.759 10.5
      vertex 180.213 116.521 14
      vertex 180.213 116.521 10.5
    endloop
  endfacet
  facet normal 0 -1 0
    outer loop
      vertex 178 119.9 8
      vertex 183.674 119.9 10.5
      vertex 178 119.9 10.5
    endloop
  endfacet
  facet normal 0 -1 -0
    outer loop
      vertex 183.674 119.9 10.5
      vertex 178 119.9 8
      vertex 183.674 119.9 8
    endloop
  endfacet
  facet normal 0 1 -0
    outer loop
      vertex 183.674 114.1 8
      vertex 178 114.1 10.5
      vertex 183.674 114.1 10.5
    endloop
  endfacet
  facet normal 0 1 0
    outer loop
      vertex 178 114.1 10.5
      vertex 183.674 114.1 8
      vertex 178 114.1 8
    endloop
  endfacet
  facet normal -0.865937 0.500153 0
    outer loop
      vertex 183.674 114.1 8
      vertex 185.349 117 10.5
      vertex 185.349 117 8
    endloop
  endfacet
  facet normal -0.865937 0.500153 0
    outer loop
      vertex 185.349 117 10.5
      vertex 183.674 114.1 8
      vertex 183.674 114.1 10.5
    endloop
  endfacet
  facet normal -0.865937 -0.500153 0
    outer loop
      vertex 185.349 117 8
      vertex 183.674 119.9 10.5
      vertex 183.674 119.9 8
    endloop
  endfacet
  facet normal -0.865937 -0.500153 0
    outer loop
      vertex 183.674 119.9 10.5
      vertex 185.349 117 8
      vertex 185.349 117 10.5
    endloop
  endfacet
  facet normal 0 0 1
    outer loop
      vertex 185.349 117 8
      vertex 183.834 117.241 8
      vertex 183.85 117 8
    endloop
  endfacet
  facet normal 0 0 1
    outer loop
      vertex 185.349 117 8
      vertex 183.787 117.479 8
      vertex 183.834 117.241 8
    endloop
  endfacet
  facet normal 0 0 1
    outer loop
      vertex 185.349 117 8
      vertex 183.709 117.708 8
      vertex 183.787 117.479 8
    endloop
  endfacet
  facet normal -0 0 1
    outer loop
      vertex 183.602 117.925 8
      vertex 185.349 117 8
      vertex 183.674 119.9 8
    endloop
  endfacet
  facet normal 0 0 1
    outer loop
      vertex 185.349 117 8
      vertex 183.602 117.925 8
      vertex 183.709 117.708 8
    endloop
  endfacet
  facet normal 0 0 1
    outer loop
      vertex 183.674 119.9 8
      vertex 183.468 118.126 8
      vertex 183.602 117.925 8
    endloop
  endfacet
  facet normal 0 0 1
    outer loop
      vertex 183.674 119.9 8
      vertex 183.308 118.308 8
      vertex 183.468 118.126 8
    endloop
  endfacet
  facet normal 0 0 1
    outer loop
      vertex 183.674 119.9 8
      vertex 183.126 118.468 8
      vertex 183.308 118.308 8
    endloop
  endfacet
  facet normal 0 0 1
    outer loop
      vertex 183.674 119.9 8
      vertex 182.925 118.602 8
      vertex 183.126 118.468 8
    endloop
  endfacet
  facet normal 0 0 1
    outer loop
      vertex 183.674 119.9 8
      vertex 182.708 118.709 8
      vertex 182.925 118.602 8
    endloop
  endfacet
  facet normal 0 0 1
    outer loop
      vertex 183.674 119.9 8
      vertex 182.479 118.787 8
      vertex 182.708 118.709 8
    endloop
  endfacet
  facet normal 0 0 1
    outer loop
      vertex 183.674 119.9 8
      vertex 182.241 118.834 8
      vertex 182.479 118.787 8
    endloop
  endfacet
  facet normal 0 0 1
    outer loop
      vertex 183.674 119.9 8
      vertex 182 118.85 8
      vertex 182.241 118.834 8
    endloop
  endfacet
  facet normal 0 0 1
    outer loop
      vertex 183.674 119.9 8
      vertex 181.759 118.834 8
      vertex 182 118.85 8
    endloop
  endfacet
  facet normal 0 0 1
    outer loop
      vertex 183.674 119.9 8
      vertex 181.521 118.787 8
      vertex 181.759 118.834 8
    endloop
  endfacet
  facet normal -0 0 1
    outer loop
      vertex 178 119.9 8
      vertex 181.521 118.787 8
      vertex 183.674 119.9 8
    endloop
  endfacet
  facet normal 0 0 1
    outer loop
      vertex 181.521 118.787 8
      vertex 178 119.9 8
      vertex 181.292 118.709 8
    endloop
  endfacet
  facet normal 0 0 1
    outer loop
      vertex 180.166 117.241 8
      vertex 178 119.9 8
      vertex 180.15 117 8
    endloop
  endfacet
  facet normal 0 0 1
    outer loop
      vertex 180.213 117.479 8
      vertex 178 119.9 8
      vertex 180.166 117.241 8
    endloop
  endfacet
  facet normal 0 0 1
    outer loop
      vertex 180.291 117.708 8
      vertex 178 119.9 8
      vertex 180.213 117.479 8
    endloop
  endfacet
  facet normal 0 0 1
    outer loop
      vertex 180.398 117.925 8
      vertex 178 119.9 8
      vertex 180.291 117.708 8
    endloop
  endfacet
  facet normal 0 0 1
    outer loop
      vertex 180.532 118.126 8
      vertex 178 119.9 8
      vertex 180.398 117.925 8
    endloop
  endfacet
  facet normal 0 0 1
    outer loop
      vertex 180.692 118.308 8
      vertex 178 119.9 8
      vertex 180.532 118.126 8
    endloop
  endfacet
  facet normal 0 0 1
    outer loop
      vertex 180.874 118.468 8
      vertex 178 119.9 8
      vertex 180.692 118.308 8
    endloop
  endfacet
  facet normal 0 0 1
    outer loop
      vertex 181.075 118.602 8
      vertex 178 119.9 8
      vertex 180.874 118.468 8
    endloop
  endfacet
  facet normal 0 0 1
    outer loop
      vertex 181.292 118.709 8
      vertex 178 119.9 8
      vertex 181.075 118.602 8
    endloop
  endfacet
  facet normal 0 0 1
    outer loop
      vertex 183.834 116.759 8
      vertex 185.349 117 8
      vertex 183.85 117 8
    endloop
  endfacet
  facet normal 0 0 1
    outer loop
      vertex 183.787 116.521 8
      vertex 185.349 117 8
      vertex 183.834 116.759 8
    endloop
  endfacet
  facet normal 0 0 1
    outer loop
      vertex 183.709 116.292 8
      vertex 185.349 117 8
      vertex 183.787 116.521 8
    endloop
  endfacet
  facet normal 0 0 1
    outer loop
      vertex 183.602 116.075 8
      vertex 185.349 117 8
      vertex 183.709 116.292 8
    endloop
  endfacet
  facet normal 0 0 1
    outer loop
      vertex 185.349 117 8
      vertex 183.602 116.075 8
      vertex 183.674 114.1 8
    endloop
  endfacet
  facet normal -0 0 1
    outer loop
      vertex 183.468 115.874 8
      vertex 183.674 114.1 8
      vertex 183.602 116.075 8
    endloop
  endfacet
  facet normal -0 0 1
    outer loop
      vertex 183.308 115.692 8
      vertex 183.674 114.1 8
      vertex 183.468 115.874 8
    endloop
  endfacet
  facet normal -0 0 1
    outer loop
      vertex 183.126 115.532 8
      vertex 183.674 114.1 8
      vertex 183.308 115.692 8
    endloop
  endfacet
  facet normal -0 0 1
    outer loop
      vertex 182.925 115.398 8
      vertex 183.674 114.1 8
      vertex 183.126 115.532 8
    endloop
  endfacet
  facet normal -0 0 1
    outer loop
      vertex 182.708 115.291 8
      vertex 183.674 114.1 8
      vertex 182.925 115.398 8
    endloop
  endfacet
  facet normal -0 0 1
    outer loop
      vertex 182.479 115.213 8
      vertex 183.674 114.1 8
      vertex 182.708 115.291 8
    endloop
  endfacet
  facet normal -0 0 1
    outer loop
      vertex 182.241 115.166 8
      vertex 183.674 114.1 8
      vertex 182.479 115.213 8
    endloop
  endfacet
  facet normal -0 0 1
    outer loop
      vertex 182 115.15 8
      vertex 183.674 114.1 8
      vertex 182.241 115.166 8
    endloop
  endfacet
  facet normal 0 0 1
    outer loop
      vertex 181.759 115.166 8
      vertex 183.674 114.1 8
      vertex 182 115.15 8
    endloop
  endfacet
  facet normal 0 0 1
    outer loop
      vertex 181.521 115.213 8
      vertex 183.674 114.1 8
      vertex 181.759 115.166 8
    endloop
  endfacet
  facet normal 0 0 1
    outer loop
      vertex 178 114.1 8
      vertex 181.521 115.213 8
      vertex 181.292 115.291 8
    endloop
  endfacet
  facet normal 0 0 1
    outer loop
      vertex 178 114.1 8
      vertex 181.292 115.291 8
      vertex 181.075 115.398 8
    endloop
  endfacet
  facet normal 0 0 1
    outer loop
      vertex 178 114.1 8
      vertex 180.15 117 8
      vertex 178 119.9 8
    endloop
  endfacet
  facet normal 0 0 1
    outer loop
      vertex 180.15 117 8
      vertex 178 114.1 8
      vertex 180.166 116.759 8
    endloop
  endfacet
  facet normal 0 0 1
    outer loop
      vertex 180.166 116.759 8
      vertex 178 114.1 8
      vertex 180.213 116.521 8
    endloop
  endfacet
  facet normal 0 0 1
    outer loop
      vertex 180.213 116.521 8
      vertex 178 114.1 8
      vertex 180.291 116.292 8
    endloop
  endfacet
  facet normal 0 0 1
    outer loop
      vertex 181.521 115.213 8
      vertex 178 114.1 8
      vertex 183.674 114.1 8
    endloop
  endfacet
  facet normal 0 0 1
    outer loop
      vertex 180.874 115.532 8
      vertex 178 114.1 8
      vertex 181.075 115.398 8
    endloop
  endfacet
  facet normal 0 0 1
    outer loop
      vertex 180.692 115.692 8
      vertex 178 114.1 8
      vertex 180.874 115.532 8
    endloop
  endfacet
  facet normal 0 0 1
    outer loop
      vertex 180.532 115.874 8
      vertex 178 114.1 8
      vertex 180.692 115.692 8
    endloop
  endfacet
  facet normal 0 0 1
    outer loop
      vertex 180.398 116.075 8
      vertex 178 114.1 8
      vertex 180.532 115.874 8
    endloop
  endfacet
  facet normal 0 0 1
    outer loop
      vertex 180.291 116.292 8
      vertex 178 114.1 8
      vertex 180.398 116.075 8
    endloop
  endfacet
  facet normal -0 0 -1
    outer loop
      vertex 185.349 117 10.5
      vertex 183.834 116.759 10.5
      vertex 183.85 117 10.5
    endloop
  endfacet
  facet normal 0 0 -1
    outer loop
      vertex 185.349 117 10.5
      vertex 183.787 116.521 10.5
      vertex 183.834 116.759 10.5
    endloop
  endfacet
  facet normal 0 0 -1
    outer loop
      vertex 185.349 117 10.5
      vertex 183.709 116.292 10.5
      vertex 183.787 116.521 10.5
    endloop
  endfacet
  facet normal 0 0 -1
    outer loop
      vertex 183.602 116.075 10.5
      vertex 185.349 117 10.5
      vertex 183.674 114.1 10.5
    endloop
  endfacet
  facet normal 0 0 -1
    outer loop
      vertex 185.349 117 10.5
      vertex 183.602 116.075 10.5
      vertex 183.709 116.292 10.5
    endloop
  endfacet
  facet normal 0 0 -1
    outer loop
      vertex 183.674 114.1 10.5
      vertex 183.468 115.874 10.5
      vertex 183.602 116.075 10.5
    endloop
  endfacet
  facet normal 0 0 -1
    outer loop
      vertex 183.674 114.1 10.5
      vertex 183.308 115.692 10.5
      vertex 183.468 115.874 10.5
    endloop
  endfacet
  facet normal 0 0 -1
    outer loop
      vertex 183.674 114.1 10.5
      vertex 183.126 115.532 10.5
      vertex 183.308 115.692 10.5
    endloop
  endfacet
  facet normal 0 0 -1
    outer loop
      vertex 183.674 114.1 10.5
      vertex 182.925 115.398 10.5
      vertex 183.126 115.532 10.5
    endloop
  endfacet
  facet normal 0 0 -1
    outer loop
      vertex 183.674 114.1 10.5
      vertex 182.708 115.291 10.5
      vertex 182.925 115.398 10.5
    endloop
  endfacet
  facet normal 0 0 -1
    outer loop
      vertex 183.674 114.1 10.5
      vertex 182.479 115.213 10.5
      vertex 182.708 115.291 10.5
    endloop
  endfacet
  facet normal 0 0 -1
    outer loop
      vertex 183.674 114.1 10.5
      vertex 182.241 115.166 10.5
      vertex 182.479 115.213 10.5
    endloop
  endfacet
  facet normal 0 0 -1
    outer loop
      vertex 183.674 114.1 10.5
      vertex 182 115.15 10.5
      vertex 182.241 115.166 10.5
    endloop
  endfacet
  facet normal 0 0 -1
    outer loop
      vertex 183.674 114.1 10.5
      vertex 181.759 115.166 10.5
      vertex 182 115.15 10.5
    endloop
  endfacet
  facet normal 0 0 -1
    outer loop
      vertex 183.674 114.1 10.5
      vertex 181.521 115.213 10.5
      vertex 181.759 115.166 10.5
    endloop
  endfacet
  facet normal 0 0 -1
    outer loop
      vertex 178 114.1 10.5
      vertex 181.521 115.213 10.5
      vertex 183.674 114.1 10.5
    endloop
  endfacet
  facet normal -0 0 -1
    outer loop
      vertex 181.521 115.213 10.5
      vertex 178 114.1 10.5
      vertex 181.292 115.291 10.5
    endloop
  endfacet
  facet normal -0 0 -1
    outer loop
      vertex 180.166 116.759 10.5
      vertex 178 114.1 10.5
      vertex 180.15 117 10.5
    endloop
  endfacet
  facet normal -0 0 -1
    outer loop
      vertex 180.213 116.521 10.5
      vertex 178 114.1 10.5
      vertex 180.166 116.759 10.5
    endloop
  endfacet
  facet normal -0 0 -1
    outer loop
      vertex 180.291 116.292 10.5
      vertex 178 114.1 10.5
      vertex 180.213 116.521 10.5
    endloop
  endfacet
  facet normal -0 0 -1
    outer loop
      vertex 180.398 116.075 10.5
      vertex 178 114.1 10.5
      vertex 180.291 116.292 10.5
    endloop
  endfacet
  facet normal -0 0 -1
    outer loop
      vertex 180.532 115.874 10.5
      vertex 178 114.1 10.5
      vertex 180.398 116.075 10.5
    endloop
  endfacet
  facet normal -0 0 -1
    outer loop
      vertex 180.692 115.692 10.5
      vertex 178 114.1 10.5
      vertex 180.532 115.874 10.5
    endloop
  endfacet
  facet normal -0 0 -1
    outer loop
      vertex 180.874 115.532 10.5
      vertex 178 114.1 10.5
      vertex 180.692 115.692 10.5
    endloop
  endfacet
  facet normal -0 0 -1
    outer loop
      vertex 181.075 115.398 10.5
      vertex 178 114.1 10.5
      vertex 180.874 115.532 10.5
    endloop
  endfacet
  facet normal -0 0 -1
    outer loop
      vertex 181.292 115.291 10.5
      vertex 178 114.1 10.5
      vertex 181.075 115.398 10.5
    endloop
  endfacet
  facet normal 0 0 -1
    outer loop
      vertex 183.834 117.241 10.5
      vertex 185.349 117 10.5
      vertex 183.85 117 10.5
    endloop
  endfacet
  facet normal 0 0 -1
    outer loop
      vertex 183.787 117.479 10.5
      vertex 185.349 117 10.5
      vertex 183.834 117.241 10.5
    endloop
  endfacet
  facet normal 0 0 -1
    outer loop
      vertex 183.709 117.708 10.5
      vertex 185.349 117 10.5
      vertex 183.787 117.479 10.5
    endloop
  endfacet
  facet normal 0 0 -1
    outer loop
      vertex 183.602 117.925 10.5
      vertex 185.349 117 10.5
      vertex 183.709 117.708 10.5
    endloop
  endfacet
  facet normal 0 0 -1
    outer loop
      vertex 185.349 117 10.5
      vertex 183.602 117.925 10.5
      vertex 183.674 119.9 10.5
    endloop
  endfacet
  facet normal 0 0 -1
    outer loop
      vertex 183.468 118.126 10.5
      vertex 183.674 119.9 10.5
      vertex 183.602 117.925 10.5
    endloop
  endfacet
  facet normal 0 0 -1
    outer loop
      vertex 183.308 118.308 10.5
      vertex 183.674 119.9 10.5
      vertex 183.468 118.126 10.5
    endloop
  endfacet
  facet normal 0 0 -1
    outer loop
      vertex 183.126 118.468 10.5
      vertex 183.674 119.9 10.5
      vertex 183.308 118.308 10.5
    endloop
  endfacet
  facet normal 0 0 -1
    outer loop
      vertex 182.925 118.602 10.5
      vertex 183.674 119.9 10.5
      vertex 183.126 118.468 10.5
    endloop
  endfacet
  facet normal 0 0 -1
    outer loop
      vertex 182.708 118.709 10.5
      vertex 183.674 119.9 10.5
      vertex 182.925 118.602 10.5
    endloop
  endfacet
  facet normal 0 0 -1
    outer loop
      vertex 182.479 118.787 10.5
      vertex 183.674 119.9 10.5
      vertex 182.708 118.709 10.5
    endloop
  endfacet
  facet normal 0 0 -1
    outer loop
      vertex 182.241 118.834 10.5
      vertex 183.674 119.9 10.5
      vertex 182.479 118.787 10.5
    endloop
  endfacet
  facet normal 0 0 -1
    outer loop
      vertex 182 118.85 10.5
      vertex 183.674 119.9 10.5
      vertex 182.241 118.834 10.5
    endloop
  endfacet
  facet normal 0 0 -1
    outer loop
      vertex 181.759 118.834 10.5
      vertex 183.674 119.9 10.5
      vertex 182 118.85 10.5
    endloop
  endfacet
  facet normal 0 0 -1
    outer loop
      vertex 181.521 118.787 10.5
      vertex 183.674 119.9 10.5
      vertex 181.759 118.834 10.5
    endloop
  endfacet
  facet normal 0 0 -1
    outer loop
      vertex 178 119.9 10.5
      vertex 181.521 118.787 10.5
      vertex 181.292 118.709 10.5
    endloop
  endfacet
  facet normal 0 0 -1
    outer loop
      vertex 178 119.9 10.5
      vertex 181.292 118.709 10.5
      vertex 181.075 118.602 10.5
    endloop
  endfacet
  facet normal 0 0 -1
    outer loop
      vertex 178 119.9 10.5
      vertex 180.15 117 10.5
      vertex 178 114.1 10.5
    endloop
  endfacet
  facet normal 0 0 -1
    outer loop
      vertex 180.15 117 10.5
      vertex 178 119.9 10.5
      vertex 180.166 117.241 10.5
    endloop
  endfacet
  facet normal 0 0 -1
    outer loop
      vertex 180.166 117.241 10.5
      vertex 178 119.9 10.5
      vertex 180.213 117.479 10.5
    endloop
  endfacet
  facet normal 0 0 -1
    outer loop
      vertex 180.213 117.479 10.5
      vertex 178 119.9 10.5
      vertex 180.291 117.708 10.5
    endloop
  endfacet
  facet normal 0 0 -1
    outer loop
      vertex 181.521 118.787 10.5
      vertex 178 119.9 10.5
      vertex 183.674 119.9 10.5
    endloop
  endfacet
  facet normal 0 0 -1
    outer loop
      vertex 180.874 118.468 10.5
      vertex 178 119.9 10.5
      vertex 181.075 118.602 10.5
    endloop
  endfacet
  facet normal 0 0 -1
    outer loop
      vertex 180.692 118.308 10.5
      vertex 178 119.9 10.5
      vertex 180.874 118.468 10.5
    endloop
  endfacet
  facet normal 0 0 -1
    outer loop
      vertex 180.532 118.126 10.5
      vertex 178 119.9 10.5
      vertex 180.692 118.308 10.5
    endloop
  endfacet
  facet normal 0 0 -1
    outer loop
      vertex 180.398 117.925 10.5
      vertex 178 119.9 10.5
      vertex 180.532 118.126 10.5
    endloop
  endfacet
  facet normal 0 0 -1
    outer loop
      vertex 180.291 117.708 10.5
      vertex 178 119.9 10.5
      vertex 180.398 117.925 10.5
    endloop
  endfacet
  facet normal -0.997859 -0.0654083 0
    outer loop
      vertex 5.85 19 -32.2
      vertex 5.83417 19.2415 -14.2
      vertex 5.83417 19.2415 -32.2
    endloop
  endfacet
  facet normal -0.997859 -0.0654083 0
    outer loop
      vertex 5.83417 19.2415 -14.2
      vertex 5.85 19 -32.2
      vertex 5.85 19 -14.2
    endloop
  endfacet
  facet normal 0.997859 -0.0654083 0
    outer loop
      vertex 2.15 19 -14.2
      vertex 2.16583 19.2415 -32.2
      vertex 2.16583 19.2415 -14.2
    endloop
  endfacet
  facet normal 0.997859 -0.0654083 0
    outer loop
      vertex 2.16583 19.2415 -32.2
      vertex 2.15 19 -14.2
      vertex 2.15 19 -32.2
    endloop
  endfacet
  facet normal -0.0652929 -0.997866 0
    outer loop
      vertex 4 20.85 -32.2
      vertex 4.24147 20.8342 -14.2
      vertex 4 20.85 -14.2
    endloop
  endfacet
  facet normal -0.0652929 -0.997866 -0
    outer loop
      vertex 4.24147 20.8342 -14.2
      vertex 4 20.85 -32.2
      vertex 4.24147 20.8342 -32.2
    endloop
  endfacet
  facet normal -0.751782 -0.659411 0
    outer loop
      vertex 5.4677 20.1262 -32.2
      vertex 5.30815 20.3081 -14.2
      vertex 5.30815 20.3081 -32.2
    endloop
  endfacet
  facet normal -0.751782 -0.659411 0
    outer loop
      vertex 5.30815 20.3081 -14.2
      vertex 5.4677 20.1262 -32.2
      vertex 5.4677 20.1262 -14.2
    endloop
  endfacet
  facet normal 0.659446 -0.751752 0
    outer loop
      vertex 2.69185 20.3081 -32.2
      vertex 2.87379 20.4677 -14.2
      vertex 2.69185 20.3081 -14.2
    endloop
  endfacet
  facet normal 0.659446 -0.751752 0
    outer loop
      vertex 2.87379 20.4677 -14.2
      vertex 2.69185 20.3081 -32.2
      vertex 2.87379 20.4677 -32.2
    endloop
  endfacet
  facet normal 0.321504 -0.946908 0
    outer loop
      vertex 3.29204 20.7092 -32.2
      vertex 3.52118 20.787 -14.2
      vertex 3.29204 20.7092 -14.2
    endloop
  endfacet
  facet normal 0.321504 -0.946908 0
    outer loop
      vertex 3.52118 20.787 -14.2
      vertex 3.29204 20.7092 -32.2
      vertex 3.52118 20.787 -32.2
    endloop
  endfacet
  facet normal -0.946959 -0.321355 0
    outer loop
      vertex 5.78696 19.4788 -32.2
      vertex 5.70918 19.708 -14.2
      vertex 5.70918 19.708 -32.2
    endloop
  endfacet
  facet normal -0.946959 -0.321355 0
    outer loop
      vertex 5.70918 19.708 -14.2
      vertex 5.78696 19.4788 -32.2
      vertex 5.78696 19.4788 -14.2
    endloop
  endfacet
  facet normal -0.980779 -0.195123 0
    outer loop
      vertex 5.83417 19.2415 -32.2
      vertex 5.78696 19.4788 -14.2
      vertex 5.78696 19.4788 -32.2
    endloop
  endfacet
  facet normal -0.980779 -0.195123 0
    outer loop
      vertex 5.78696 19.4788 -14.2
      vertex 5.83417 19.2415 -32.2
      vertex 5.83417 19.2415 -14.2
    endloop
  endfacet
  facet normal -0.442514 -0.896762 0
    outer loop
      vertex 4.70796 20.7092 -32.2
      vertex 4.925 20.6021 -14.2
      vertex 4.70796 20.7092 -14.2
    endloop
  endfacet
  facet normal -0.442514 -0.896762 -0
    outer loop
      vertex 4.925 20.6021 -14.2
      vertex 4.70796 20.7092 -32.2
      vertex 4.925 20.6021 -32.2
    endloop
  endfacet
  facet normal -0.321504 -0.946908 0
    outer loop
      vertex 4.47882 20.787 -32.2
      vertex 4.70796 20.7092 -14.2
      vertex 4.47882 20.787 -14.2
    endloop
  endfacet
  facet normal -0.321504 -0.946908 -0
    outer loop
      vertex 4.70796 20.7092 -14.2
      vertex 4.47882 20.787 -32.2
      vertex 4.70796 20.7092 -32.2
    endloop
  endfacet
  facet normal -0.659446 -0.751752 0
    outer loop
      vertex 5.12621 20.4677 -32.2
      vertex 5.30815 20.3081 -14.2
      vertex 5.12621 20.4677 -14.2
    endloop
  endfacet
  facet normal -0.659446 -0.751752 -0
    outer loop
      vertex 5.30815 20.3081 -14.2
      vertex 5.12621 20.4677 -32.2
      vertex 5.30815 20.3081 -32.2
    endloop
  endfacet
  facet normal 0.831446 -0.555606 0
    outer loop
      vertex 2.39785 19.925 -14.2
      vertex 2.5323 20.1262 -32.2
      vertex 2.5323 20.1262 -14.2
    endloop
  endfacet
  facet normal 0.831446 -0.555606 0
    outer loop
      vertex 2.5323 20.1262 -32.2
      vertex 2.39785 19.925 -14.2
      vertex 2.39785 19.925 -32.2
    endloop
  endfacet
  facet normal 0.751782 -0.659411 0
    outer loop
      vertex 2.5323 20.1262 -14.2
      vertex 2.69185 20.3081 -32.2
      vertex 2.69185 20.3081 -14.2
    endloop
  endfacet
  facet normal 0.751782 -0.659411 0
    outer loop
      vertex 2.69185 20.3081 -32.2
      vertex 2.5323 20.1262 -14.2
      vertex 2.5323 20.1262 -32.2
    endloop
  endfacet
  facet normal 0.946959 -0.321355 0
    outer loop
      vertex 2.21304 19.4788 -14.2
      vertex 2.29082 19.708 -32.2
      vertex 2.29082 19.708 -14.2
    endloop
  endfacet
  facet normal 0.946959 -0.321355 0
    outer loop
      vertex 2.29082 19.708 -32.2
      vertex 2.21304 19.4788 -14.2
      vertex 2.21304 19.4788 -32.2
    endloop
  endfacet
  facet normal 0.555444 -0.831554 0
    outer loop
      vertex 2.87379 20.4677 -32.2
      vertex 3.075 20.6021 -14.2
      vertex 2.87379 20.4677 -14.2
    endloop
  endfacet
  facet normal 0.555444 -0.831554 0
    outer loop
      vertex 3.075 20.6021 -14.2
      vertex 2.87379 20.4677 -32.2
      vertex 3.075 20.6021 -32.2
    endloop
  endfacet
  facet normal 0.195043 -0.980795 0
    outer loop
      vertex 3.52118 20.787 -32.2
      vertex 3.75853 20.8342 -14.2
      vertex 3.52118 20.787 -14.2
    endloop
  endfacet
  facet normal 0.195043 -0.980795 0
    outer loop
      vertex 3.75853 20.8342 -14.2
      vertex 3.52118 20.787 -32.2
      vertex 3.75853 20.8342 -32.2
    endloop
  endfacet
  facet normal -0.896844 0.442347 0
    outer loop
      vertex 5.60215 18.075 -32.2
      vertex 5.70918 18.292 -14.2
      vertex 5.70918 18.292 -32.2
    endloop
  endfacet
  facet normal -0.896844 0.442347 0
    outer loop
      vertex 5.70918 18.292 -14.2
      vertex 5.60215 18.075 -32.2
      vertex 5.60215 18.075 -14.2
    endloop
  endfacet
  facet normal -0.980779 0.195123 0
    outer loop
      vertex 5.78696 18.5212 -32.2
      vertex 5.83417 18.7585 -14.2
      vertex 5.83417 18.7585 -32.2
    endloop
  endfacet
  facet normal -0.980779 0.195123 0
    outer loop
      vertex 5.83417 18.7585 -14.2
      vertex 5.78696 18.5212 -32.2
      vertex 5.78696 18.5212 -14.2
    endloop
  endfacet
  facet normal 0.659446 0.751752 -0
    outer loop
      vertex 2.87379 17.5323 -32.2
      vertex 2.69185 17.6919 -14.2
      vertex 2.87379 17.5323 -14.2
    endloop
  endfacet
  facet normal 0.659446 0.751752 0
    outer loop
      vertex 2.69185 17.6919 -14.2
      vertex 2.87379 17.5323 -32.2
      vertex 2.69185 17.6919 -32.2
    endloop
  endfacet
  facet normal 0.321504 0.946908 -0
    outer loop
      vertex 3.52118 17.213 -32.2
      vertex 3.29204 17.2908 -14.2
      vertex 3.52118 17.213 -14.2
    endloop
  endfacet
  facet normal 0.321504 0.946908 0
    outer loop
      vertex 3.29204 17.2908 -14.2
      vertex 3.52118 17.213 -32.2
      vertex 3.29204 17.2908 -32.2
    endloop
  endfacet
  facet normal 0.751782 0.659411 0
    outer loop
      vertex 2.69185 17.6919 -14.2
      vertex 2.5323 17.8738 -32.2
      vertex 2.5323 17.8738 -14.2
    endloop
  endfacet
  facet normal 0.751782 0.659411 0
    outer loop
      vertex 2.5323 17.8738 -32.2
      vertex 2.69185 17.6919 -14.2
      vertex 2.69185 17.6919 -32.2
    endloop
  endfacet
  facet normal -0.831446 -0.555606 0
    outer loop
      vertex 5.60215 19.925 -32.2
      vertex 5.4677 20.1262 -14.2
      vertex 5.4677 20.1262 -32.2
    endloop
  endfacet
  facet normal -0.831446 -0.555606 0
    outer loop
      vertex 5.4677 20.1262 -14.2
      vertex 5.60215 19.925 -32.2
      vertex 5.60215 19.925 -14.2
    endloop
  endfacet
  facet normal -0.896844 -0.442347 0
    outer loop
      vertex 5.70918 19.708 -32.2
      vertex 5.60215 19.925 -14.2
      vertex 5.60215 19.925 -32.2
    endloop
  endfacet
  facet normal -0.896844 -0.442347 0
    outer loop
      vertex 5.60215 19.925 -14.2
      vertex 5.70918 19.708 -32.2
      vertex 5.70918 19.708 -14.2
    endloop
  endfacet
  facet normal -0.195043 -0.980795 0
    outer loop
      vertex 4.24147 20.8342 -32.2
      vertex 4.47882 20.787 -14.2
      vertex 4.24147 20.8342 -14.2
    endloop
  endfacet
  facet normal -0.195043 -0.980795 -0
    outer loop
      vertex 4.47882 20.787 -14.2
      vertex 4.24147 20.8342 -32.2
      vertex 4.47882 20.787 -32.2
    endloop
  endfacet
  facet normal 0.896844 -0.442347 0
    outer loop
      vertex 2.29082 19.708 -14.2
      vertex 2.39785 19.925 -32.2
      vertex 2.39785 19.925 -14.2
    endloop
  endfacet
  facet normal 0.896844 -0.442347 0
    outer loop
      vertex 2.39785 19.925 -32.2
      vertex 2.29082 19.708 -14.2
      vertex 2.29082 19.708 -32.2
    endloop
  endfacet
  facet normal 0.980779 -0.195123 0
    outer loop
      vertex 2.16583 19.2415 -14.2
      vertex 2.21304 19.4788 -32.2
      vertex 2.21304 19.4788 -14.2
    endloop
  endfacet
  facet normal 0.980779 -0.195123 0
    outer loop
      vertex 2.21304 19.4788 -32.2
      vertex 2.16583 19.2415 -14.2
      vertex 2.16583 19.2415 -32.2
    endloop
  endfacet
  facet normal 0.0652929 -0.997866 0
    outer loop
      vertex 3.75853 20.8342 -32.2
      vertex 4 20.85 -14.2
      vertex 3.75853 20.8342 -14.2
    endloop
  endfacet
  facet normal 0.0652929 -0.997866 0
    outer loop
      vertex 4 20.85 -14.2
      vertex 3.75853 20.8342 -32.2
      vertex 4 20.85 -32.2
    endloop
  endfacet
  facet normal -0.997859 0.0654083 0
    outer loop
      vertex 5.83417 18.7585 -32.2
      vertex 5.85 19 -14.2
      vertex 5.85 19 -32.2
    endloop
  endfacet
  facet normal -0.997859 0.0654083 0
    outer loop
      vertex 5.85 19 -14.2
      vertex 5.83417 18.7585 -32.2
      vertex 5.83417 18.7585 -14.2
    endloop
  endfacet
  facet normal -0.0652929 0.997866 0
    outer loop
      vertex 4.24147 17.1658 -32.2
      vertex 4 17.15 -14.2
      vertex 4.24147 17.1658 -14.2
    endloop
  endfacet
  facet normal -0.0652929 0.997866 0
    outer loop
      vertex 4 17.15 -14.2
      vertex 4.24147 17.1658 -32.2
      vertex 4 17.15 -32.2
    endloop
  endfacet
  facet normal -0.321504 0.946908 0
    outer loop
      vertex 4.70796 17.2908 -32.2
      vertex 4.47882 17.213 -14.2
      vertex 4.70796 17.2908 -14.2
    endloop
  endfacet
  facet normal -0.321504 0.946908 0
    outer loop
      vertex 4.47882 17.213 -14.2
      vertex 4.70796 17.2908 -32.2
      vertex 4.47882 17.213 -32.2
    endloop
  endfacet
  facet normal -0.442514 0.896762 0
    outer loop
      vertex 4.925 17.3979 -32.2
      vertex 4.70796 17.2908 -14.2
      vertex 4.925 17.3979 -14.2
    endloop
  endfacet
  facet normal -0.442514 0.896762 0
    outer loop
      vertex 4.70796 17.2908 -14.2
      vertex 4.925 17.3979 -32.2
      vertex 4.70796 17.2908 -32.2
    endloop
  endfacet
  facet normal -0.659446 0.751752 0
    outer loop
      vertex 5.30815 17.6919 -32.2
      vertex 5.12621 17.5323 -14.2
      vertex 5.30815 17.6919 -14.2
    endloop
  endfacet
  facet normal -0.659446 0.751752 0
    outer loop
      vertex 5.12621 17.5323 -14.2
      vertex 5.30815 17.6919 -32.2
      vertex 5.12621 17.5323 -32.2
    endloop
  endfacet
  facet normal -0.555444 0.831554 0
    outer loop
      vertex 5.12621 17.5323 -32.2
      vertex 4.925 17.3979 -14.2
      vertex 5.12621 17.5323 -14.2
    endloop
  endfacet
  facet normal -0.555444 0.831554 0
    outer loop
      vertex 4.925 17.3979 -14.2
      vertex 5.12621 17.5323 -32.2
      vertex 4.925 17.3979 -32.2
    endloop
  endfacet
  facet normal -0.751782 0.659411 0
    outer loop
      vertex 5.30815 17.6919 -32.2
      vertex 5.4677 17.8738 -14.2
      vertex 5.4677 17.8738 -32.2
    endloop
  endfacet
  facet normal -0.751782 0.659411 0
    outer loop
      vertex 5.4677 17.8738 -14.2
      vertex 5.30815 17.6919 -32.2
      vertex 5.30815 17.6919 -14.2
    endloop
  endfacet
  facet normal -0.831446 0.555606 0
    outer loop
      vertex 5.4677 17.8738 -32.2
      vertex 5.60215 18.075 -14.2
      vertex 5.60215 18.075 -32.2
    endloop
  endfacet
  facet normal -0.831446 0.555606 0
    outer loop
      vertex 5.60215 18.075 -14.2
      vertex 5.4677 17.8738 -32.2
      vertex 5.4677 17.8738 -14.2
    endloop
  endfacet
  facet normal 0.555444 0.831554 -0
    outer loop
      vertex 3.075 17.3979 -32.2
      vertex 2.87379 17.5323 -14.2
      vertex 3.075 17.3979 -14.2
    endloop
  endfacet
  facet normal 0.555444 0.831554 0
    outer loop
      vertex 2.87379 17.5323 -14.2
      vertex 3.075 17.3979 -32.2
      vertex 2.87379 17.5323 -32.2
    endloop
  endfacet
  facet normal 0.195043 0.980795 -0
    outer loop
      vertex 3.75853 17.1658 -32.2
      vertex 3.52118 17.213 -14.2
      vertex 3.75853 17.1658 -14.2
    endloop
  endfacet
  facet normal 0.195043 0.980795 0
    outer loop
      vertex 3.52118 17.213 -14.2
      vertex 3.75853 17.1658 -32.2
      vertex 3.52118 17.213 -32.2
    endloop
  endfacet
  facet normal 0.896844 0.442347 0
    outer loop
      vertex 2.39785 18.075 -14.2
      vertex 2.29082 18.292 -32.2
      vertex 2.29082 18.292 -14.2
    endloop
  endfacet
  facet normal 0.896844 0.442347 0
    outer loop
      vertex 2.29082 18.292 -32.2
      vertex 2.39785 18.075 -14.2
      vertex 2.39785 18.075 -32.2
    endloop
  endfacet
  facet normal 0.946959 0.321355 0
    outer loop
      vertex 2.29082 18.292 -14.2
      vertex 2.21304 18.5212 -32.2
      vertex 2.21304 18.5212 -14.2
    endloop
  endfacet
  facet normal 0.946959 0.321355 0
    outer loop
      vertex 2.21304 18.5212 -32.2
      vertex 2.29082 18.292 -14.2
      vertex 2.29082 18.292 -32.2
    endloop
  endfacet
  facet normal 0.997859 0.0654083 0
    outer loop
      vertex 2.16583 18.7585 -14.2
      vertex 2.15 19 -32.2
      vertex 2.15 19 -14.2
    endloop
  endfacet
  facet normal 0.997859 0.0654083 0
    outer loop
      vertex 2.15 19 -32.2
      vertex 2.16583 18.7585 -14.2
      vertex 2.16583 18.7585 -32.2
    endloop
  endfacet
  facet normal -0.555444 -0.831554 0
    outer loop
      vertex 4.925 20.6021 -32.2
      vertex 5.12621 20.4677 -14.2
      vertex 4.925 20.6021 -14.2
    endloop
  endfacet
  facet normal -0.555444 -0.831554 -0
    outer loop
      vertex 5.12621 20.4677 -14.2
      vertex 4.925 20.6021 -32.2
      vertex 5.12621 20.4677 -32.2
    endloop
  endfacet
  facet normal 0.442514 -0.896762 0
    outer loop
      vertex 3.075 20.6021 -32.2
      vertex 3.29204 20.7092 -14.2
      vertex 3.075 20.6021 -14.2
    endloop
  endfacet
  facet normal 0.442514 -0.896762 0
    outer loop
      vertex 3.29204 20.7092 -14.2
      vertex 3.075 20.6021 -32.2
      vertex 3.29204 20.7092 -32.2
    endloop
  endfacet
  facet normal -0.195043 0.980795 0
    outer loop
      vertex 4.47882 17.213 -32.2
      vertex 4.24147 17.1658 -14.2
      vertex 4.47882 17.213 -14.2
    endloop
  endfacet
  facet normal -0.195043 0.980795 0
    outer loop
      vertex 4.24147 17.1658 -14.2
      vertex 4.47882 17.213 -32.2
      vertex 4.24147 17.1658 -32.2
    endloop
  endfacet
  facet normal -0.946959 0.321355 0
    outer loop
      vertex 5.70918 18.292 -32.2
      vertex 5.78696 18.5212 -14.2
      vertex 5.78696 18.5212 -32.2
    endloop
  endfacet
  facet normal -0.946959 0.321355 0
    outer loop
      vertex 5.78696 18.5212 -14.2
      vertex 5.70918 18.292 -32.2
      vertex 5.70918 18.292 -14.2
    endloop
  endfacet
  facet normal 0.442514 0.896762 -0
    outer loop
      vertex 3.29204 17.2908 -32.2
      vertex 3.075 17.3979 -14.2
      vertex 3.29204 17.2908 -14.2
    endloop
  endfacet
  facet normal 0.442514 0.896762 0
    outer loop
      vertex 3.075 17.3979 -14.2
      vertex 3.29204 17.2908 -32.2
      vertex 3.075 17.3979 -32.2
    endloop
  endfacet
  facet normal 0.0652929 0.997866 -0
    outer loop
      vertex 4 17.15 -32.2
      vertex 3.75853 17.1658 -14.2
      vertex 4 17.15 -14.2
    endloop
  endfacet
  facet normal 0.0652929 0.997866 0
    outer loop
      vertex 3.75853 17.1658 -14.2
      vertex 4 17.15 -32.2
      vertex 3.75853 17.1658 -32.2
    endloop
  endfacet
  facet normal 0.831446 0.555606 0
    outer loop
      vertex 2.5323 17.8738 -14.2
      vertex 2.39785 18.075 -32.2
      vertex 2.39785 18.075 -14.2
    endloop
  endfacet
  facet normal 0.831446 0.555606 0
    outer loop
      vertex 2.39785 18.075 -32.2
      vertex 2.5323 17.8738 -14.2
      vertex 2.5323 17.8738 -32.2
    endloop
  endfacet
  facet normal 0.980779 0.195123 0
    outer loop
      vertex 2.21304 18.5212 -14.2
      vertex 2.16583 18.7585 -32.2
      vertex 2.16583 18.7585 -14.2
    endloop
  endfacet
  facet normal 0.980779 0.195123 0
    outer loop
      vertex 2.16583 18.7585 -32.2
      vertex 2.21304 18.5212 -14.2
      vertex 2.21304 18.5212 -32.2
    endloop
  endfacet
  facet normal -0.997859 -0.0653948 0
    outer loop
      vertex 7.25 19 -36.2
      vertex 7.2222 19.4242 -32.2
      vertex 7.2222 19.4242 -36.2
    endloop
  endfacet
  facet normal -0.997859 -0.0653948 0
    outer loop
      vertex 7.2222 19.4242 -32.2
      vertex 7.25 19 -36.2
      vertex 7.25 19 -32.2
    endloop
  endfacet
  facet normal 0.997859 -0.0654042 0
    outer loop
      vertex 0.75 19 -32.2
      vertex 0.777804 19.4242 -36.2
      vertex 0.777804 19.4242 -32.2
    endloop
  endfacet
  facet normal 0.997859 -0.0654042 0
    outer loop
      vertex 0.777804 19.4242 -36.2
      vertex 0.75 19 -32.2
      vertex 0.75 19 -36.2
    endloop
  endfacet
  facet normal -0.0653933 -0.99786 0
    outer loop
      vertex 4 22.25 -36.2
      vertex 4.42421 22.2222 -32.2
      vertex 4 22.25 -32.2
    endloop
  endfacet
  facet normal -0.0653933 -0.99786 -0
    outer loop
      vertex 4.42421 22.2222 -32.2
      vertex 4 22.25 -36.2
      vertex 4.42421 22.2222 -36.2
    endloop
  endfacet
  facet normal -0.659335 -0.751849 0
    outer loop
      vertex 5.97847 21.5784 -36.2
      vertex 6.2981 21.2981 -32.2
      vertex 5.97847 21.5784 -32.2
    endloop
  endfacet
  facet normal -0.659335 -0.751849 -0
    outer loop
      vertex 6.2981 21.2981 -32.2
      vertex 5.97847 21.5784 -36.2
      vertex 6.2981 21.2981 -36.2
    endloop
  endfacet
  facet normal 0.659335 -0.751849 0
    outer loop
      vertex 1.7019 21.2981 -36.2
      vertex 2.02153 21.5784 -32.2
      vertex 1.7019 21.2981 -32.2
    endloop
  endfacet
  facet normal 0.659335 -0.751849 0
    outer loop
      vertex 2.02153 21.5784 -32.2
      vertex 1.7019 21.2981 -36.2
      vertex 2.02153 21.5784 -36.2
    endloop
  endfacet
  facet normal 0.321543 -0.946895 0
    outer loop
      vertex 2.75628 22.0026 -36.2
      vertex 3.15884 22.1393 -32.2
      vertex 2.75628 22.0026 -32.2
    endloop
  endfacet
  facet normal 0.321543 -0.946895 0
    outer loop
      vertex 3.15884 22.1393 -32.2
      vertex 2.75628 22.0026 -36.2
      vertex 3.15884 22.1393 -36.2
    endloop
  endfacet
  facet normal 0.980789 0.195071 0
    outer loop
      vertex 0.860742 18.1588 -32.2
      vertex 0.777804 18.5758 -36.2
      vertex 0.777804 18.5758 -32.2
    endloop
  endfacet
  facet normal 0.980789 0.195071 0
    outer loop
      vertex 0.777804 18.5758 -36.2
      vertex 0.860742 18.1588 -32.2
      vertex 0.860742 18.1588 -36.2
    endloop
  endfacet
  facet normal -0.896879 -0.442277 0
    outer loop
      vertex 7.00261 20.2437 -36.2
      vertex 6.81458 20.625 -32.2
      vertex 6.81458 20.625 -36.2
    endloop
  endfacet
  facet normal -0.896879 -0.442277 0
    outer loop
      vertex 6.81458 20.625 -32.2
      vertex 7.00261 20.2437 -36.2
      vertex 7.00261 20.2437 -32.2
    endloop
  endfacet
  facet normal -0.831493 -0.555536 0
    outer loop
      vertex 6.81458 20.625 -36.2
      vertex 6.5784 20.9785 -32.2
      vertex 6.5784 20.9785 -36.2
    endloop
  endfacet
  facet normal -0.831493 -0.555536 0
    outer loop
      vertex 6.5784 20.9785 -32.2
      vertex 6.81458 20.625 -36.2
      vertex 6.81458 20.625 -32.2
    endloop
  endfacet
  facet normal -0.442239 -0.896897 0
    outer loop
      vertex 5.24372 22.0026 -36.2
      vertex 5.625 21.8146 -32.2
      vertex 5.24372 22.0026 -32.2
    endloop
  endfacet
  facet normal -0.442239 -0.896897 -0
    outer loop
      vertex 5.625 21.8146 -32.2
      vertex 5.24372 22.0026 -36.2
      vertex 5.625 21.8146 -36.2
    endloop
  endfacet
  facet normal -0.555601 -0.831449 0
    outer loop
      vertex 5.625 21.8146 -36.2
      vertex 5.97847 21.5784 -32.2
      vertex 5.625 21.8146 -32.2
    endloop
  endfacet
  facet normal -0.555601 -0.831449 -0
    outer loop
      vertex 5.97847 21.5784 -32.2
      vertex 5.625 21.8146 -36.2
      vertex 5.97847 21.5784 -36.2
    endloop
  endfacet
  facet normal 0.831493 -0.555536 0
    outer loop
      vertex 1.18542 20.625 -32.2
      vertex 1.4216 20.9785 -36.2
      vertex 1.4216 20.9785 -32.2
    endloop
  endfacet
  facet normal 0.831493 -0.555536 0
    outer loop
      vertex 1.4216 20.9785 -36.2
      vertex 1.18542 20.625 -32.2
      vertex 1.18542 20.625 -36.2
    endloop
  endfacet
  facet normal 0.751818 -0.65937 0
    outer loop
      vertex 1.4216 20.9785 -32.2
      vertex 1.7019 21.2981 -36.2
      vertex 1.7019 21.2981 -32.2
    endloop
  endfacet
  facet normal 0.751818 -0.65937 0
    outer loop
      vertex 1.7019 21.2981 -36.2
      vertex 1.4216 20.9785 -32.2
      vertex 1.4216 20.9785 -36.2
    endloop
  endfacet
  facet normal 0 0 -1
    outer loop
      vertex 5.85 19 -32.2
      vertex 7.25 19 -32.2
      vertex 7.2222 18.5758 -32.2
    endloop
  endfacet
  facet normal 0 0 -1
    outer loop
      vertex 5.83417 18.7585 -32.2
      vertex 7.2222 18.5758 -32.2
      vertex 7.13926 18.1588 -32.2
    endloop
  endfacet
  facet normal 0 0 -1
    outer loop
      vertex 7.25 19 -32.2
      vertex 5.85 19 -32.2
      vertex 7.2222 19.4242 -32.2
    endloop
  endfacet
  facet normal 0 0 -1
    outer loop
      vertex 5.78696 18.5212 -32.2
      vertex 7.13926 18.1588 -32.2
      vertex 7.00261 17.7563 -32.2
    endloop
  endfacet
  facet normal 0 0 -1
    outer loop
      vertex 5.83417 19.2415 -32.2
      vertex 7.2222 19.4242 -32.2
      vertex 5.85 19 -32.2
    endloop
  endfacet
  facet normal 0 0 -1
    outer loop
      vertex 5.70918 18.292 -32.2
      vertex 7.00261 17.7563 -32.2
      vertex 6.81458 17.375 -32.2
    endloop
  endfacet
  facet normal -0 0 -1
    outer loop
      vertex 7.2222 19.4242 -32.2
      vertex 5.83417 19.2415 -32.2
      vertex 7.13926 19.8412 -32.2
    endloop
  endfacet
  facet normal 0 0 -1
    outer loop
      vertex 5.60215 18.075 -32.2
      vertex 6.81458 17.375 -32.2
      vertex 6.5784 17.0215 -32.2
    endloop
  endfacet
  facet normal 0 0 -1
    outer loop
      vertex 5.78696 19.4788 -32.2
      vertex 7.13926 19.8412 -32.2
      vertex 5.83417 19.2415 -32.2
    endloop
  endfacet
  facet normal 0 0 -1
    outer loop
      vertex 5.4677 17.8738 -32.2
      vertex 6.5784 17.0215 -32.2
      vertex 6.2981 16.7019 -32.2
    endloop
  endfacet
  facet normal -0 0 -1
    outer loop
      vertex 7.13926 19.8412 -32.2
      vertex 5.78696 19.4788 -32.2
      vertex 7.00261 20.2437 -32.2
    endloop
  endfacet
  facet normal 0 0 -1
    outer loop
      vertex 5.30815 17.6919 -32.2
      vertex 6.2981 16.7019 -32.2
      vertex 5.97847 16.4216 -32.2
    endloop
  endfacet
  facet normal 0 0 -1
    outer loop
      vertex 5.70918 19.708 -32.2
      vertex 7.00261 20.2437 -32.2
      vertex 5.78696 19.4788 -32.2
    endloop
  endfacet
  facet normal -0 0 -1
    outer loop
      vertex 7.00261 20.2437 -32.2
      vertex 5.70918 19.708 -32.2
      vertex 6.81458 20.625 -32.2
    endloop
  endfacet
  facet normal 0 0 -1
    outer loop
      vertex 7.2222 18.5758 -32.2
      vertex 5.83417 18.7585 -32.2
      vertex 5.85 19 -32.2
    endloop
  endfacet
  facet normal 0 0 -1
    outer loop
      vertex 7.13926 18.1588 -32.2
      vertex 5.78696 18.5212 -32.2
      vertex 5.83417 18.7585 -32.2
    endloop
  endfacet
  facet normal 0 0 -1
    outer loop
      vertex 7.00261 17.7563 -32.2
      vertex 5.70918 18.292 -32.2
      vertex 5.78696 18.5212 -32.2
    endloop
  endfacet
  facet normal 0 0 -1
    outer loop
      vertex 5.12621 17.5323 -32.2
      vertex 5.97847 16.4216 -32.2
      vertex 5.625 16.1854 -32.2
    endloop
  endfacet
  facet normal 0 0 -1
    outer loop
      vertex 6.81458 17.375 -32.2
      vertex 5.60215 18.075 -32.2
      vertex 5.70918 18.292 -32.2
    endloop
  endfacet
  facet normal 0 0 -1
    outer loop
      vertex 6.5784 17.0215 -32.2
      vertex 5.4677 17.8738 -32.2
      vertex 5.60215 18.075 -32.2
    endloop
  endfacet
  facet normal 0 0 -1
    outer loop
      vertex 6.2981 16.7019 -32.2
      vertex 5.30815 17.6919 -32.2
      vertex 5.4677 17.8738 -32.2
    endloop
  endfacet
  facet normal 0 0 -1
    outer loop
      vertex 4.925 17.3979 -32.2
      vertex 5.625 16.1854 -32.2
      vertex 5.24372 15.9974 -32.2
    endloop
  endfacet
  facet normal 0 0 -1
    outer loop
      vertex 5.97847 16.4216 -32.2
      vertex 5.12621 17.5323 -32.2
      vertex 5.30815 17.6919 -32.2
    endloop
  endfacet
  facet normal 0 0 -1
    outer loop
      vertex 5.625 16.1854 -32.2
      vertex 4.925 17.3979 -32.2
      vertex 5.12621 17.5323 -32.2
    endloop
  endfacet
  facet normal 0 0 -1
    outer loop
      vertex 4.70796 17.2908 -32.2
      vertex 5.24372 15.9974 -32.2
      vertex 4.84116 15.8607 -32.2
    endloop
  endfacet
  facet normal 0 0 -1
    outer loop
      vertex 5.24372 15.9974 -32.2
      vertex 4.70796 17.2908 -32.2
      vertex 4.925 17.3979 -32.2
    endloop
  endfacet
  facet normal 0 0 -1
    outer loop
      vertex 4.84116 15.8607 -32.2
      vertex 4.47882 17.213 -32.2
      vertex 4.70796 17.2908 -32.2
    endloop
  endfacet
  facet normal 0 0 -1
    outer loop
      vertex 4.42421 15.7778 -32.2
      vertex 4.47882 17.213 -32.2
      vertex 4.84116 15.8607 -32.2
    endloop
  endfacet
  facet normal 0 0 -1
    outer loop
      vertex 4.42421 15.7778 -32.2
      vertex 4.24147 17.1658 -32.2
      vertex 4.47882 17.213 -32.2
    endloop
  endfacet
  facet normal 0 0 -1
    outer loop
      vertex 4 15.75 -32.2
      vertex 4.24147 17.1658 -32.2
      vertex 4.42421 15.7778 -32.2
    endloop
  endfacet
  facet normal 0 0 -1
    outer loop
      vertex 4 15.75 -32.2
      vertex 4 17.15 -32.2
      vertex 4.24147 17.1658 -32.2
    endloop
  endfacet
  facet normal 0 0 -1
    outer loop
      vertex 4 15.75 -32.2
      vertex 3.75853 17.1658 -32.2
      vertex 4 17.15 -32.2
    endloop
  endfacet
  facet normal 0 0 -1
    outer loop
      vertex 3.57579 15.7778 -32.2
      vertex 3.75853 17.1658 -32.2
      vertex 4 15.75 -32.2
    endloop
  endfacet
  facet normal 0 0 -1
    outer loop
      vertex 3.57579 15.7778 -32.2
      vertex 3.52118 17.213 -32.2
      vertex 3.75853 17.1658 -32.2
    endloop
  endfacet
  facet normal 0 0 -1
    outer loop
      vertex 3.15884 15.8607 -32.2
      vertex 3.52118 17.213 -32.2
      vertex 3.57579 15.7778 -32.2
    endloop
  endfacet
  facet normal -0 0 -1
    outer loop
      vertex 3.52118 17.213 -32.2
      vertex 3.15884 15.8607 -32.2
      vertex 3.29204 17.2908 -32.2
    endloop
  endfacet
  facet normal 0 0 -1
    outer loop
      vertex 2.75628 15.9974 -32.2
      vertex 3.29204 17.2908 -32.2
      vertex 3.15884 15.8607 -32.2
    endloop
  endfacet
  facet normal -0 0 -1
    outer loop
      vertex 3.29204 17.2908 -32.2
      vertex 2.75628 15.9974 -32.2
      vertex 3.075 17.3979 -32.2
    endloop
  endfacet
  facet normal 0 0 -1
    outer loop
      vertex 2.375 16.1854 -32.2
      vertex 3.075 17.3979 -32.2
      vertex 2.75628 15.9974 -32.2
    endloop
  endfacet
  facet normal -0 0 -1
    outer loop
      vertex 3.075 17.3979 -32.2
      vertex 2.375 16.1854 -32.2
      vertex 2.87379 17.5323 -32.2
    endloop
  endfacet
  facet normal 0 0 -1
    outer loop
      vertex 2.02153 16.4216 -32.2
      vertex 2.87379 17.5323 -32.2
      vertex 2.375 16.1854 -32.2
    endloop
  endfacet
  facet normal -0 0 -1
    outer loop
      vertex 2.87379 17.5323 -32.2
      vertex 2.02153 16.4216 -32.2
      vertex 2.69185 17.6919 -32.2
    endloop
  endfacet
  facet normal 0 0 -1
    outer loop
      vertex 1.7019 16.7019 -32.2
      vertex 2.69185 17.6919 -32.2
      vertex 2.02153 16.4216 -32.2
    endloop
  endfacet
  facet normal -0 0 -1
    outer loop
      vertex 2.69185 17.6919 -32.2
      vertex 1.7019 16.7019 -32.2
      vertex 2.5323 17.8738 -32.2
    endloop
  endfacet
  facet normal 0 0 -1
    outer loop
      vertex 1.4216 17.0215 -32.2
      vertex 2.5323 17.8738 -32.2
      vertex 1.7019 16.7019 -32.2
    endloop
  endfacet
  facet normal -0 0 -1
    outer loop
      vertex 2.5323 17.8738 -32.2
      vertex 1.4216 17.0215 -32.2
      vertex 2.39785 18.075 -32.2
    endloop
  endfacet
  facet normal -0 0 -1
    outer loop
      vertex 2.39785 18.075 -32.2
      vertex 1.18542 17.375 -32.2
      vertex 2.29082 18.292 -32.2
    endloop
  endfacet
  facet normal 0 0 -1
    outer loop
      vertex 1.18542 17.375 -32.2
      vertex 2.39785 18.075 -32.2
      vertex 1.4216 17.0215 -32.2
    endloop
  endfacet
  facet normal 0 0 -1
    outer loop
      vertex 5.60215 19.925 -32.2
      vertex 6.81458 20.625 -32.2
      vertex 5.70918 19.708 -32.2
    endloop
  endfacet
  facet normal -0 0 -1
    outer loop
      vertex 6.81458 20.625 -32.2
      vertex 5.60215 19.925 -32.2
      vertex 6.5784 20.9785 -32.2
    endloop
  endfacet
  facet normal 0 0 -1
    outer loop
      vertex 5.4677 20.1262 -32.2
      vertex 6.5784 20.9785 -32.2
      vertex 5.60215 19.925 -32.2
    endloop
  endfacet
  facet normal -0 0 -1
    outer loop
      vertex 6.5784 20.9785 -32.2
      vertex 5.4677 20.1262 -32.2
      vertex 6.2981 21.2981 -32.2
    endloop
  endfacet
  facet normal 0 0 -1
    outer loop
      vertex 5.30815 20.3081 -32.2
      vertex 6.2981 21.2981 -32.2
      vertex 5.4677 20.1262 -32.2
    endloop
  endfacet
  facet normal -0 0 -1
    outer loop
      vertex 6.2981 21.2981 -32.2
      vertex 5.30815 20.3081 -32.2
      vertex 5.97847 21.5784 -32.2
    endloop
  endfacet
  facet normal 0 0 -1
    outer loop
      vertex 5.12621 20.4677 -32.2
      vertex 5.97847 21.5784 -32.2
      vertex 5.30815 20.3081 -32.2
    endloop
  endfacet
  facet normal -0 0 -1
    outer loop
      vertex 5.97847 21.5784 -32.2
      vertex 5.12621 20.4677 -32.2
      vertex 5.625 21.8146 -32.2
    endloop
  endfacet
  facet normal 0 0 -1
    outer loop
      vertex 4.925 20.6021 -32.2
      vertex 5.625 21.8146 -32.2
      vertex 5.12621 20.4677 -32.2
    endloop
  endfacet
  facet normal -0 0 -1
    outer loop
      vertex 5.625 21.8146 -32.2
      vertex 4.925 20.6021 -32.2
      vertex 5.24372 22.0026 -32.2
    endloop
  endfacet
  facet normal 0 0 -1
    outer loop
      vertex 4.70796 20.7092 -32.2
      vertex 5.24372 22.0026 -32.2
      vertex 4.925 20.6021 -32.2
    endloop
  endfacet
  facet normal -0 0 -1
    outer loop
      vertex 5.24372 22.0026 -32.2
      vertex 4.70796 20.7092 -32.2
      vertex 4.84116 22.1393 -32.2
    endloop
  endfacet
  facet normal 0 0 -1
    outer loop
      vertex 4.47882 20.787 -32.2
      vertex 4.84116 22.1393 -32.2
      vertex 4.70796 20.7092 -32.2
    endloop
  endfacet
  facet normal 0 0 -1
    outer loop
      vertex 4.47882 20.787 -32.2
      vertex 4.42421 22.2222 -32.2
      vertex 4.84116 22.1393 -32.2
    endloop
  endfacet
  facet normal 0 0 -1
    outer loop
      vertex 4.24147 20.8342 -32.2
      vertex 4.42421 22.2222 -32.2
      vertex 4.47882 20.787 -32.2
    endloop
  endfacet
  facet normal 0 0 -1
    outer loop
      vertex 4 20.85 -32.2
      vertex 4.42421 22.2222 -32.2
      vertex 4.24147 20.8342 -32.2
    endloop
  endfacet
  facet normal 0 0 -1
    outer loop
      vertex 4 20.85 -32.2
      vertex 4 22.25 -32.2
      vertex 4.42421 22.2222 -32.2
    endloop
  endfacet
  facet normal 0 0 -1
    outer loop
      vertex 3.75853 20.8342 -32.2
      vertex 4 22.25 -32.2
      vertex 4 20.85 -32.2
    endloop
  endfacet
  facet normal 0 0 -1
    outer loop
      vertex 3.75853 20.8342 -32.2
      vertex 3.57579 22.2222 -32.2
      vertex 4 22.25 -32.2
    endloop
  endfacet
  facet normal 0 0 -1
    outer loop
      vertex 3.52118 20.787 -32.2
      vertex 3.57579 22.2222 -32.2
      vertex 3.75853 20.8342 -32.2
    endloop
  endfacet
  facet normal 0 0 -1
    outer loop
      vertex 3.15884 22.1393 -32.2
      vertex 3.52118 20.787 -32.2
      vertex 3.29204 20.7092 -32.2
    endloop
  endfacet
  facet normal 0 0 -1
    outer loop
      vertex 3.52118 20.787 -32.2
      vertex 3.15884 22.1393 -32.2
      vertex 3.57579 22.2222 -32.2
    endloop
  endfacet
  facet normal 0 0 -1
    outer loop
      vertex 2.75628 22.0026 -32.2
      vertex 3.29204 20.7092 -32.2
      vertex 3.075 20.6021 -32.2
    endloop
  endfacet
  facet normal 0 0 -1
    outer loop
      vertex 2.375 21.8146 -32.2
      vertex 3.075 20.6021 -32.2
      vertex 2.87379 20.4677 -32.2
    endloop
  endfacet
  facet normal 0 0 -1
    outer loop
      vertex 3.29204 20.7092 -32.2
      vertex 2.75628 22.0026 -32.2
      vertex 3.15884 22.1393 -32.2
    endloop
  endfacet
  facet normal 0 0 -1
    outer loop
      vertex 2.02153 21.5784 -32.2
      vertex 2.87379 20.4677 -32.2
      vertex 2.69185 20.3081 -32.2
    endloop
  endfacet
  facet normal 0 0 -1
    outer loop
      vertex 1.7019 21.2981 -32.2
      vertex 2.69185 20.3081 -32.2
      vertex 2.5323 20.1262 -32.2
    endloop
  endfacet
  facet normal 0 0 -1
    outer loop
      vertex 1.4216 20.9785 -32.2
      vertex 2.5323 20.1262 -32.2
      vertex 2.39785 19.925 -32.2
    endloop
  endfacet
  facet normal 0 0 -1
    outer loop
      vertex 3.075 20.6021 -32.2
      vertex 2.375 21.8146 -32.2
      vertex 2.75628 22.0026 -32.2
    endloop
  endfacet
  facet normal 0 0 -1
    outer loop
      vertex 1.18542 20.625 -32.2
      vertex 2.39785 19.925 -32.2
      vertex 2.29082 19.708 -32.2
    endloop
  endfacet
  facet normal 0 0 -1
    outer loop
      vertex 0.997392 20.2437 -32.2
      vertex 2.29082 19.708 -32.2
      vertex 2.21304 19.4788 -32.2
    endloop
  endfacet
  facet normal 0 0 -1
    outer loop
      vertex 0.860742 19.8412 -32.2
      vertex 2.21304 19.4788 -32.2
      vertex 2.16583 19.2415 -32.2
    endloop
  endfacet
  facet normal 0 0 -1
    outer loop
      vertex 2.87379 20.4677 -32.2
      vertex 2.02153 21.5784 -32.2
      vertex 2.375 21.8146 -32.2
    endloop
  endfacet
  facet normal 0 0 -1
    outer loop
      vertex 0.777804 19.4242 -32.2
      vertex 2.16583 19.2415 -32.2
      vertex 2.15 19 -32.2
    endloop
  endfacet
  facet normal 0 0 -1
    outer loop
      vertex 0.997392 17.7563 -32.2
      vertex 2.29082 18.292 -32.2
      vertex 1.18542 17.375 -32.2
    endloop
  endfacet
  facet normal -0 0 -1
    outer loop
      vertex 2.29082 18.292 -32.2
      vertex 0.997392 17.7563 -32.2
      vertex 2.21304 18.5212 -32.2
    endloop
  endfacet
  facet normal 0 0 -1
    outer loop
      vertex 2.69185 20.3081 -32.2
      vertex 1.7019 21.2981 -32.2
      vertex 2.02153 21.5784 -32.2
    endloop
  endfacet
  facet normal 0 0 -1
    outer loop
      vertex 0.860742 18.1588 -32.2
      vertex 2.21304 18.5212 -32.2
      vertex 0.997392 17.7563 -32.2
    endloop
  endfacet
  facet normal 0 0 -1
    outer loop
      vertex 2.5323 20.1262 -32.2
      vertex 1.4216 20.9785 -32.2
      vertex 1.7019 21.2981 -32.2
    endloop
  endfacet
  facet normal -0 0 -1
    outer loop
      vertex 2.21304 18.5212 -32.2
      vertex 0.860742 18.1588 -32.2
      vertex 2.16583 18.7585 -32.2
    endloop
  endfacet
  facet normal 0 0 -1
    outer loop
      vertex 2.39785 19.925 -32.2
      vertex 1.18542 20.625 -32.2
      vertex 1.4216 20.9785 -32.2
    endloop
  endfacet
  facet normal 0 0 -1
    outer loop
      vertex 0.777804 18.5758 -32.2
      vertex 2.16583 18.7585 -32.2
      vertex 0.860742 18.1588 -32.2
    endloop
  endfacet
  facet normal 0 0 -1
    outer loop
      vertex 2.29082 19.708 -32.2
      vertex 0.997392 20.2437 -32.2
      vertex 1.18542 20.625 -32.2
    endloop
  endfacet
  facet normal -0 0 -1
    outer loop
      vertex 2.16583 18.7585 -32.2
      vertex 0.777804 18.5758 -32.2
      vertex 2.15 19 -32.2
    endloop
  endfacet
  facet normal 0 0 -1
    outer loop
      vertex 2.21304 19.4788 -32.2
      vertex 0.860742 19.8412 -32.2
      vertex 0.997392 20.2437 -32.2
    endloop
  endfacet
  facet normal 0 0 -1
    outer loop
      vertex 0.75 19 -32.2
      vertex 2.15 19 -32.2
      vertex 0.777804 18.5758 -32.2
    endloop
  endfacet
  facet normal 0 0 -1
    outer loop
      vertex 2.16583 19.2415 -32.2
      vertex 0.777804 19.4242 -32.2
      vertex 0.860742 19.8412 -32.2
    endloop
  endfacet
  facet normal 0 0 -1
    outer loop
      vertex 2.15 19 -32.2
      vertex 0.75 19 -32.2
      vertex 0.777804 19.4242 -32.2
    endloop
  endfacet
  facet normal 0.555601 -0.831449 0
    outer loop
      vertex 2.02153 21.5784 -36.2
      vertex 2.375 21.8146 -32.2
      vertex 2.02153 21.5784 -32.2
    endloop
  endfacet
  facet normal 0.555601 -0.831449 0
    outer loop
      vertex 2.375 21.8146 -32.2
      vertex 2.02153 21.5784 -36.2
      vertex 2.375 21.8146 -36.2
    endloop
  endfacet
  facet normal 0.0653933 -0.99786 0
    outer loop
      vertex 3.57579 22.2222 -36.2
      vertex 4 22.25 -32.2
      vertex 3.57579 22.2222 -32.2
    endloop
  endfacet
  facet normal 0.0653933 -0.99786 0
    outer loop
      vertex 4 22.25 -32.2
      vertex 3.57579 22.2222 -36.2
      vertex 4 22.25 -36.2
    endloop
  endfacet
  facet normal -0.946916 0.321481 0
    outer loop
      vertex 7.00261 17.7563 -36.2
      vertex 7.13926 18.1588 -32.2
      vertex 7.13926 18.1588 -36.2
    endloop
  endfacet
  facet normal -0.946916 0.321481 0
    outer loop
      vertex 7.13926 18.1588 -32.2
      vertex 7.00261 17.7563 -36.2
      vertex 7.00261 17.7563 -32.2
    endloop
  endfacet
  facet normal -0.195008 0.980802 0
    outer loop
      vertex 4.84116 15.8607 -36.2
      vertex 4.42421 15.7778 -32.2
      vertex 4.84116 15.8607 -32.2
    endloop
  endfacet
  facet normal -0.195008 0.980802 0
    outer loop
      vertex 4.42421 15.7778 -32.2
      vertex 4.84116 15.8607 -36.2
      vertex 4.42421 15.7778 -36.2
    endloop
  endfacet
  facet normal -0.0653933 0.99786 0
    outer loop
      vertex 4.42421 15.7778 -36.2
      vertex 4 15.75 -32.2
      vertex 4.42421 15.7778 -32.2
    endloop
  endfacet
  facet normal -0.0653933 0.99786 0
    outer loop
      vertex 4 15.75 -32.2
      vertex 4.42421 15.7778 -36.2
      vertex 4 15.75 -36.2
    endloop
  endfacet
  facet normal -0.751818 0.65937 0
    outer loop
      vertex 6.2981 16.7019 -36.2
      vertex 6.5784 17.0215 -32.2
      vertex 6.5784 17.0215 -36.2
    endloop
  endfacet
  facet normal -0.751818 0.65937 0
    outer loop
      vertex 6.5784 17.0215 -32.2
      vertex 6.2981 16.7019 -36.2
      vertex 6.2981 16.7019 -32.2
    endloop
  endfacet
  facet normal -0.896879 0.442277 0
    outer loop
      vertex 6.81458 17.375 -36.2
      vertex 7.00261 17.7563 -32.2
      vertex 7.00261 17.7563 -36.2
    endloop
  endfacet
  facet normal -0.896879 0.442277 0
    outer loop
      vertex 7.00261 17.7563 -32.2
      vertex 6.81458 17.375 -36.2
      vertex 6.81458 17.375 -32.2
    endloop
  endfacet
  facet normal 0.659335 0.751849 -0
    outer loop
      vertex 2.02153 16.4216 -36.2
      vertex 1.7019 16.7019 -32.2
      vertex 2.02153 16.4216 -32.2
    endloop
  endfacet
  facet normal 0.659335 0.751849 0
    outer loop
      vertex 1.7019 16.7019 -32.2
      vertex 2.02153 16.4216 -36.2
      vertex 1.7019 16.7019 -36.2
    endloop
  endfacet
  facet normal 0.321543 0.946895 -0
    outer loop
      vertex 3.15884 15.8607 -36.2
      vertex 2.75628 15.9974 -32.2
      vertex 3.15884 15.8607 -32.2
    endloop
  endfacet
  facet normal 0.321543 0.946895 0
    outer loop
      vertex 2.75628 15.9974 -32.2
      vertex 3.15884 15.8607 -36.2
      vertex 2.75628 15.9974 -36.2
    endloop
  endfacet
  facet normal 0.751818 0.65937 0
    outer loop
      vertex 1.7019 16.7019 -32.2
      vertex 1.4216 17.0215 -36.2
      vertex 1.4216 17.0215 -32.2
    endloop
  endfacet
  facet normal 0.751818 0.65937 0
    outer loop
      vertex 1.4216 17.0215 -36.2
      vertex 1.7019 16.7019 -32.2
      vertex 1.7019 16.7019 -36.2
    endloop
  endfacet
  facet normal 0.997859 0.0654042 0
    outer loop
      vertex 0.777804 18.5758 -32.2
      vertex 0.75 19 -36.2
      vertex 0.75 19 -32.2
    endloop
  endfacet
  facet normal 0.997859 0.0654042 0
    outer loop
      vertex 0.75 19 -36.2
      vertex 0.777804 18.5758 -32.2
      vertex 0.777804 18.5758 -36.2
    endloop
  endfacet
  facet normal -0.946916 -0.321481 0
    outer loop
      vertex 7.13926 19.8412 -36.2
      vertex 7.00261 20.2437 -32.2
      vertex 7.00261 20.2437 -36.2
    endloop
  endfacet
  facet normal -0.946916 -0.321481 0
    outer loop
      vertex 7.00261 20.2437 -32.2
      vertex 7.13926 19.8412 -36.2
      vertex 7.13926 19.8412 -32.2
    endloop
  endfacet
  facet normal -0.980788 -0.195076 0
    outer loop
      vertex 7.2222 19.4242 -36.2
      vertex 7.13926 19.8412 -32.2
      vertex 7.13926 19.8412 -36.2
    endloop
  endfacet
  facet normal -0.980788 -0.195076 0
    outer loop
      vertex 7.13926 19.8412 -32.2
      vertex 7.2222 19.4242 -36.2
      vertex 7.2222 19.4242 -32.2
    endloop
  endfacet
  facet normal -0.195008 -0.980802 0
    outer loop
      vertex 4.42421 22.2222 -36.2
      vertex 4.84116 22.1393 -32.2
      vertex 4.42421 22.2222 -32.2
    endloop
  endfacet
  facet normal -0.195008 -0.980802 -0
    outer loop
      vertex 4.84116 22.1393 -32.2
      vertex 4.42421 22.2222 -36.2
      vertex 4.84116 22.1393 -36.2
    endloop
  endfacet
  facet normal 0.896881 -0.442273 0
    outer loop
      vertex 0.997392 20.2437 -32.2
      vertex 1.18542 20.625 -36.2
      vertex 1.18542 20.625 -32.2
    endloop
  endfacet
  facet normal 0.896881 -0.442273 0
    outer loop
      vertex 1.18542 20.625 -36.2
      vertex 0.997392 20.2437 -32.2
      vertex 0.997392 20.2437 -36.2
    endloop
  endfacet
  facet normal 0.946916 -0.321481 0
    outer loop
      vertex 0.860742 19.8412 -32.2
      vertex 0.997392 20.2437 -36.2
      vertex 0.997392 20.2437 -32.2
    endloop
  endfacet
  facet normal 0.946916 -0.321481 0
    outer loop
      vertex 0.997392 20.2437 -36.2
      vertex 0.860742 19.8412 -32.2
      vertex 0.860742 19.8412 -36.2
    endloop
  endfacet
  facet normal 0.980789 -0.195071 0
    outer loop
      vertex 0.777804 19.4242 -32.2
      vertex 0.860742 19.8412 -36.2
      vertex 0.860742 19.8412 -32.2
    endloop
  endfacet
  facet normal 0.980789 -0.195071 0
    outer loop
      vertex 0.860742 19.8412 -36.2
      vertex 0.777804 19.4242 -32.2
      vertex 0.777804 19.4242 -36.2
    endloop
  endfacet
  facet normal -0.997859 0.0653948 0
    outer loop
      vertex 7.2222 18.5758 -36.2
      vertex 7.25 19 -32.2
      vertex 7.25 19 -36.2
    endloop
  endfacet
  facet normal -0.997859 0.0653948 0
    outer loop
      vertex 7.25 19 -32.2
      vertex 7.2222 18.5758 -36.2
      vertex 7.2222 18.5758 -32.2
    endloop
  endfacet
  facet normal -0.442239 0.896897 0
    outer loop
      vertex 5.625 16.1854 -36.2
      vertex 5.24372 15.9974 -32.2
      vertex 5.625 16.1854 -32.2
    endloop
  endfacet
  facet normal -0.442239 0.896897 0
    outer loop
      vertex 5.24372 15.9974 -32.2
      vertex 5.625 16.1854 -36.2
      vertex 5.24372 15.9974 -36.2
    endloop
  endfacet
  facet normal -0.659335 0.751849 0
    outer loop
      vertex 6.2981 16.7019 -36.2
      vertex 5.97847 16.4216 -32.2
      vertex 6.2981 16.7019 -32.2
    endloop
  endfacet
  facet normal -0.659335 0.751849 0
    outer loop
      vertex 5.97847 16.4216 -32.2
      vertex 6.2981 16.7019 -36.2
      vertex 5.97847 16.4216 -36.2
    endloop
  endfacet
  facet normal -0.555601 0.831449 0
    outer loop
      vertex 5.97847 16.4216 -36.2
      vertex 5.625 16.1854 -32.2
      vertex 5.97847 16.4216 -32.2
    endloop
  endfacet
  facet normal -0.555601 0.831449 0
    outer loop
      vertex 5.625 16.1854 -32.2
      vertex 5.97847 16.4216 -36.2
      vertex 5.625 16.1854 -36.2
    endloop
  endfacet
  facet normal -0.831493 0.555536 0
    outer loop
      vertex 6.5784 17.0215 -36.2
      vertex 6.81458 17.375 -32.2
      vertex 6.81458 17.375 -36.2
    endloop
  endfacet
  facet normal -0.831493 0.555536 0
    outer loop
      vertex 6.81458 17.375 -32.2
      vertex 6.5784 17.0215 -36.2
      vertex 6.5784 17.0215 -32.2
    endloop
  endfacet
  facet normal 0.555601 0.831449 -0
    outer loop
      vertex 2.375 16.1854 -36.2
      vertex 2.02153 16.4216 -32.2
      vertex 2.375 16.1854 -32.2
    endloop
  endfacet
  facet normal 0.555601 0.831449 0
    outer loop
      vertex 2.02153 16.4216 -32.2
      vertex 2.375 16.1854 -36.2
      vertex 2.02153 16.4216 -36.2
    endloop
  endfacet
  facet normal 0.0653933 0.99786 -0
    outer loop
      vertex 4 15.75 -36.2
      vertex 3.57579 15.7778 -32.2
      vertex 4 15.75 -32.2
    endloop
  endfacet
  facet normal 0.0653933 0.99786 0
    outer loop
      vertex 3.57579 15.7778 -32.2
      vertex 4 15.75 -36.2
      vertex 3.57579 15.7778 -36.2
    endloop
  endfacet
  facet normal 0.896881 0.442273 0
    outer loop
      vertex 1.18542 17.375 -32.2
      vertex 0.997392 17.7563 -36.2
      vertex 0.997392 17.7563 -32.2
    endloop
  endfacet
  facet normal 0.896881 0.442273 0
    outer loop
      vertex 0.997392 17.7563 -36.2
      vertex 1.18542 17.375 -32.2
      vertex 1.18542 17.375 -36.2
    endloop
  endfacet
  facet normal -0.751818 -0.65937 0
    outer loop
      vertex 6.5784 20.9785 -36.2
      vertex 6.2981 21.2981 -32.2
      vertex 6.2981 21.2981 -36.2
    endloop
  endfacet
  facet normal -0.751818 -0.65937 0
    outer loop
      vertex 6.2981 21.2981 -32.2
      vertex 6.5784 20.9785 -36.2
      vertex 6.5784 20.9785 -32.2
    endloop
  endfacet
  facet normal -0.321543 -0.946895 0
    outer loop
      vertex 4.84116 22.1393 -36.2
      vertex 5.24372 22.0026 -32.2
      vertex 4.84116 22.1393 -32.2
    endloop
  endfacet
  facet normal -0.321543 -0.946895 -0
    outer loop
      vertex 5.24372 22.0026 -32.2
      vertex 4.84116 22.1393 -36.2
      vertex 5.24372 22.0026 -36.2
    endloop
  endfacet
  facet normal 0.442239 -0.896897 0
    outer loop
      vertex 2.375 21.8146 -36.2
      vertex 2.75628 22.0026 -32.2
      vertex 2.375 21.8146 -32.2
    endloop
  endfacet
  facet normal 0.442239 -0.896897 0
    outer loop
      vertex 2.75628 22.0026 -32.2
      vertex 2.375 21.8146 -36.2
      vertex 2.75628 22.0026 -36.2
    endloop
  endfacet
  facet normal 0.195008 -0.980802 0
    outer loop
      vertex 3.15884 22.1393 -36.2
      vertex 3.57579 22.2222 -32.2
      vertex 3.15884 22.1393 -32.2
    endloop
  endfacet
  facet normal 0.195008 -0.980802 0
    outer loop
      vertex 3.57579 22.2222 -32.2
      vertex 3.15884 22.1393 -36.2
      vertex 3.57579 22.2222 -36.2
    endloop
  endfacet
  facet normal -0.321543 0.946895 0
    outer loop
      vertex 5.24372 15.9974 -36.2
      vertex 4.84116 15.8607 -32.2
      vertex 5.24372 15.9974 -32.2
    endloop
  endfacet
  facet normal -0.321543 0.946895 0
    outer loop
      vertex 4.84116 15.8607 -32.2
      vertex 5.24372 15.9974 -36.2
      vertex 4.84116 15.8607 -36.2
    endloop
  endfacet
  facet normal -0.980788 0.195076 0
    outer loop
      vertex 7.13926 18.1588 -36.2
      vertex 7.2222 18.5758 -32.2
      vertex 7.2222 18.5758 -36.2
    endloop
  endfacet
  facet normal -0.980788 0.195076 0
    outer loop
      vertex 7.2222 18.5758 -32.2
      vertex 7.13926 18.1588 -36.2
      vertex 7.13926 18.1588 -32.2
    endloop
  endfacet
  facet normal 0.442239 0.896897 -0
    outer loop
      vertex 2.75628 15.9974 -36.2
      vertex 2.375 16.1854 -32.2
      vertex 2.75628 15.9974 -32.2
    endloop
  endfacet
  facet normal 0.442239 0.896897 0
    outer loop
      vertex 2.375 16.1854 -32.2
      vertex 2.75628 15.9974 -36.2
      vertex 2.375 16.1854 -36.2
    endloop
  endfacet
  facet normal 0.195008 0.980802 -0
    outer loop
      vertex 3.57579 15.7778 -36.2
      vertex 3.15884 15.8607 -32.2
      vertex 3.57579 15.7778 -32.2
    endloop
  endfacet
  facet normal 0.195008 0.980802 0
    outer loop
      vertex 3.15884 15.8607 -32.2
      vertex 3.57579 15.7778 -36.2
      vertex 3.15884 15.8607 -36.2
    endloop
  endfacet
  facet normal 0.831493 0.555536 0
    outer loop
      vertex 1.4216 17.0215 -32.2
      vertex 1.18542 17.375 -36.2
      vertex 1.18542 17.375 -32.2
    endloop
  endfacet
  facet normal 0.831493 0.555536 0
    outer loop
      vertex 1.18542 17.375 -36.2
      vertex 1.4216 17.0215 -32.2
      vertex 1.4216 17.0215 -36.2
    endloop
  endfacet
  facet normal 0.946916 0.321481 0
    outer loop
      vertex 0.997392 17.7563 -32.2
      vertex 0.860742 18.1588 -36.2
      vertex 0.860742 18.1588 -32.2
    endloop
  endfacet
  facet normal 0.946916 0.321481 0
    outer loop
      vertex 0.860742 18.1588 -36.2
      vertex 0.997392 17.7563 -32.2
      vertex 0.997392 17.7563 -36.2
    endloop
  endfacet
  facet normal -0.997812 -0.0661077 0
    outer loop
      vertex 177.85 19 -32.2
      vertex 177.834 19.2415 -14.2
      vertex 177.834 19.2415 -32.2
    endloop
  endfacet
  facet normal -0.997812 -0.0661077 0
    outer loop
      vertex 177.834 19.2415 -14.2
      vertex 177.85 19 -32.2
      vertex 177.85 19 -14.2
    endloop
  endfacet
  facet normal 0.997812 -0.0661077 0
    outer loop
      vertex 174.15 19 -14.2
      vertex 174.166 19.2415 -32.2
      vertex 174.166 19.2415 -14.2
    endloop
  endfacet
  facet normal 0.997812 -0.0661077 0
    outer loop
      vertex 174.166 19.2415 -32.2
      vertex 174.15 19 -14.2
      vertex 174.15 19 -32.2
    endloop
  endfacet
  facet normal -0.0654197 -0.997858 0
    outer loop
      vertex 176 20.85 -32.2
      vertex 176.241 20.8342 -14.2
      vertex 176 20.85 -14.2
    endloop
  endfacet
  facet normal -0.0654197 -0.997858 -0
    outer loop
      vertex 176.241 20.8342 -14.2
      vertex 176 20.85 -32.2
      vertex 176.241 20.8342 -32.2
    endloop
  endfacet
  facet normal -0.750861 -0.66046 0
    outer loop
      vertex 177.468 20.1262 -32.2
      vertex 177.308 20.3081 -14.2
      vertex 177.308 20.3081 -32.2
    endloop
  endfacet
  facet normal -0.750861 -0.66046 0
    outer loop
      vertex 177.308 20.3081 -14.2
      vertex 177.468 20.1262 -32.2
      vertex 177.468 20.1262 -14.2
    endloop
  endfacet
  facet normal 0.659323 -0.75186 0
    outer loop
      vertex 174.692 20.3081 -32.2
      vertex 174.874 20.4677 -14.2
      vertex 174.692 20.3081 -14.2
    endloop
  endfacet
  facet normal 0.659323 -0.75186 0
    outer loop
      vertex 174.874 20.4677 -14.2
      vertex 174.692 20.3081 -32.2
      vertex 174.874 20.4677 -32.2
    endloop
  endfacet
  facet normal 0.32168 -0.946848 0
    outer loop
      vertex 175.292 20.7092 -32.2
      vertex 175.521 20.787 -14.2
      vertex 175.292 20.7092 -14.2
    endloop
  endfacet
  facet normal 0.32168 -0.946848 0
    outer loop
      vertex 175.521 20.787 -14.2
      vertex 175.292 20.7092 -32.2
      vertex 175.521 20.787 -32.2
    endloop
  endfacet
  facet normal -0.946682 -0.322169 0
    outer loop
      vertex 177.787 19.4788 -32.2
      vertex 177.709 19.708 -14.2
      vertex 177.709 19.708 -32.2
    endloop
  endfacet
  facet normal -0.946682 -0.322169 0
    outer loop
      vertex 177.709 19.708 -14.2
      vertex 177.787 19.4788 -32.2
      vertex 177.787 19.4788 -14.2
    endloop
  endfacet
  facet normal -0.980945 -0.194287 0
    outer loop
      vertex 177.834 19.2415 -32.2
      vertex 177.787 19.4788 -14.2
      vertex 177.787 19.4788 -32.2
    endloop
  endfacet
  facet normal -0.980945 -0.194287 0
    outer loop
      vertex 177.787 19.4788 -14.2
      vertex 177.834 19.2415 -32.2
      vertex 177.834 19.2415 -14.2
    endloop
  endfacet
  facet normal -0.442579 -0.896729 0
    outer loop
      vertex 176.708 20.7092 -32.2
      vertex 176.925 20.6021 -14.2
      vertex 176.708 20.7092 -14.2
    endloop
  endfacet
  facet normal -0.442579 -0.896729 -0
    outer loop
      vertex 176.925 20.6021 -14.2
      vertex 176.708 20.7092 -32.2
      vertex 176.925 20.6021 -32.2
    endloop
  endfacet
  facet normal -0.32168 -0.946848 0
    outer loop
      vertex 176.479 20.787 -32.2
      vertex 176.708 20.7092 -14.2
      vertex 176.479 20.787 -14.2
    endloop
  endfacet
  facet normal -0.32168 -0.946848 -0
    outer loop
      vertex 176.708 20.7092 -14.2
      vertex 176.479 20.787 -32.2
      vertex 176.708 20.7092 -32.2
    endloop
  endfacet
  facet normal -0.659323 -0.75186 0
    outer loop
      vertex 177.126 20.4677 -32.2
      vertex 177.308 20.3081 -14.2
      vertex 177.126 20.4677 -14.2
    endloop
  endfacet
  facet normal -0.659323 -0.75186 -0
    outer loop
      vertex 177.308 20.3081 -14.2
      vertex 177.126 20.4677 -32.2
      vertex 177.308 20.3081 -32.2
    endloop
  endfacet
  facet normal 0.896893 -0.442247 0
    outer loop
      vertex 174.291 19.708 -14.2
      vertex 174.398 19.925 -32.2
      vertex 174.398 19.925 -14.2
    endloop
  endfacet
  facet normal 0.896893 -0.442247 0
    outer loop
      vertex 174.398 19.925 -32.2
      vertex 174.291 19.708 -14.2
      vertex 174.291 19.708 -32.2
    endloop
  endfacet
  facet normal 0.750861 -0.66046 0
    outer loop
      vertex 174.532 20.1262 -14.2
      vertex 174.692 20.3081 -32.2
      vertex 174.692 20.3081 -14.2
    endloop
  endfacet
  facet normal 0.750861 -0.66046 0
    outer loop
      vertex 174.692 20.3081 -32.2
      vertex 174.532 20.1262 -14.2
      vertex 174.532 20.1262 -32.2
    endloop
  endfacet
  facet normal 0.946682 -0.322169 0
    outer loop
      vertex 174.213 19.4788 -14.2
      vertex 174.291 19.708 -32.2
      vertex 174.291 19.708 -14.2
    endloop
  endfacet
  facet normal 0.946682 -0.322169 0
    outer loop
      vertex 174.291 19.708 -32.2
      vertex 174.213 19.4788 -14.2
      vertex 174.213 19.4788 -32.2
    endloop
  endfacet
  facet normal 0.194531 -0.980896 0
    outer loop
      vertex 175.521 20.787 -32.2
      vertex 175.759 20.8342 -14.2
      vertex 175.521 20.787 -14.2
    endloop
  endfacet
  facet normal 0.194531 -0.980896 0
    outer loop
      vertex 175.759 20.8342 -14.2
      vertex 175.521 20.787 -32.2
      vertex 175.759 20.8342 -32.2
    endloop
  endfacet
  facet normal -0.980945 0.194287 0
    outer loop
      vertex 177.787 18.5212 -32.2
      vertex 177.834 18.7585 -14.2
      vertex 177.834 18.7585 -32.2
    endloop
  endfacet
  facet normal -0.980945 0.194287 0
    outer loop
      vertex 177.834 18.7585 -14.2
      vertex 177.787 18.5212 -32.2
      vertex 177.787 18.5212 -14.2
    endloop
  endfacet
  facet normal 0.659323 0.75186 -0
    outer loop
      vertex 174.874 17.5323 -32.2
      vertex 174.692 17.6919 -14.2
      vertex 174.874 17.5323 -14.2
    endloop
  endfacet
  facet normal 0.659323 0.75186 0
    outer loop
      vertex 174.692 17.6919 -14.2
      vertex 174.874 17.5323 -32.2
      vertex 174.692 17.6919 -32.2
    endloop
  endfacet
  facet normal 0.32168 0.946848 -0
    outer loop
      vertex 175.521 17.213 -32.2
      vertex 175.292 17.2908 -14.2
      vertex 175.521 17.213 -14.2
    endloop
  endfacet
  facet normal 0.32168 0.946848 0
    outer loop
      vertex 175.292 17.2908 -14.2
      vertex 175.521 17.213 -32.2
      vertex 175.292 17.2908 -32.2
    endloop
  endfacet
  facet normal -0.832305 -0.554318 0
    outer loop
      vertex 177.602 19.925 -32.2
      vertex 177.468 20.1262 -14.2
      vertex 177.468 20.1262 -32.2
    endloop
  endfacet
  facet normal -0.832305 -0.554318 0
    outer loop
      vertex 177.468 20.1262 -14.2
      vertex 177.602 19.925 -32.2
      vertex 177.602 19.925 -14.2
    endloop
  endfacet
  facet normal -0.896893 -0.442247 0
    outer loop
      vertex 177.709 19.708 -32.2
      vertex 177.602 19.925 -14.2
      vertex 177.602 19.925 -32.2
    endloop
  endfacet
  facet normal -0.896893 -0.442247 0
    outer loop
      vertex 177.602 19.925 -14.2
      vertex 177.709 19.708 -32.2
      vertex 177.709 19.708 -14.2
    endloop
  endfacet
  facet normal -0.194531 -0.980896 0
    outer loop
      vertex 176.241 20.8342 -32.2
      vertex 176.479 20.787 -14.2
      vertex 176.241 20.8342 -14.2
    endloop
  endfacet
  facet normal -0.194531 -0.980896 -0
    outer loop
      vertex 176.479 20.787 -14.2
      vertex 176.241 20.8342 -32.2
      vertex 176.479 20.787 -32.2
    endloop
  endfacet
  facet normal -0.555845 -0.831286 0
    outer loop
      vertex 176.925 20.6021 -32.2
      vertex 177.126 20.4677 -14.2
      vertex 176.925 20.6021 -14.2
    endloop
  endfacet
  facet normal -0.555845 -0.831286 -0
    outer loop
      vertex 177.126 20.4677 -14.2
      vertex 176.925 20.6021 -32.2
      vertex 177.126 20.4677 -32.2
    endloop
  endfacet
  facet normal 0.832305 -0.554318 0
    outer loop
      vertex 174.398 19.925 -14.2
      vertex 174.532 20.1262 -32.2
      vertex 174.532 20.1262 -14.2
    endloop
  endfacet
  facet normal 0.832305 -0.554318 0
    outer loop
      vertex 174.532 20.1262 -32.2
      vertex 174.398 19.925 -14.2
      vertex 174.398 19.925 -32.2
    endloop
  endfacet
  facet normal 0.980945 -0.194287 0
    outer loop
      vertex 174.166 19.2415 -14.2
      vertex 174.213 19.4788 -32.2
      vertex 174.213 19.4788 -14.2
    endloop
  endfacet
  facet normal 0.980945 -0.194287 0
    outer loop
      vertex 174.213 19.4788 -32.2
      vertex 174.166 19.2415 -14.2
      vertex 174.166 19.2415 -32.2
    endloop
  endfacet
  facet normal 0.442579 -0.896729 0
    outer loop
      vertex 175.075 20.6021 -32.2
      vertex 175.292 20.7092 -14.2
      vertex 175.075 20.6021 -14.2
    endloop
  endfacet
  facet normal 0.442579 -0.896729 0
    outer loop
      vertex 175.292 20.7092 -14.2
      vertex 175.075 20.6021 -32.2
      vertex 175.292 20.7092 -32.2
    endloop
  endfacet
  facet normal 0.555845 -0.831286 0
    outer loop
      vertex 174.874 20.4677 -32.2
      vertex 175.075 20.6021 -14.2
      vertex 174.874 20.4677 -14.2
    endloop
  endfacet
  facet normal 0.555845 -0.831286 0
    outer loop
      vertex 175.075 20.6021 -14.2
      vertex 174.874 20.4677 -32.2
      vertex 175.075 20.6021 -32.2
    endloop
  endfacet
  facet normal 0.0654197 -0.997858 0
    outer loop
      vertex 175.759 20.8342 -32.2
      vertex 176 20.85 -14.2
      vertex 175.759 20.8342 -14.2
    endloop
  endfacet
  facet normal 0.0654197 -0.997858 0
    outer loop
      vertex 176 20.85 -14.2
      vertex 175.759 20.8342 -32.2
      vertex 176 20.85 -32.2
    endloop
  endfacet
  facet normal -0.997812 0.0661077 0
    outer loop
      vertex 177.834 18.7585 -32.2
      vertex 177.85 19 -14.2
      vertex 177.85 19 -32.2
    endloop
  endfacet
  facet normal -0.997812 0.0661077 0
    outer loop
      vertex 177.85 19 -14.2
      vertex 177.834 18.7585 -32.2
      vertex 177.834 18.7585 -14.2
    endloop
  endfacet
  facet normal -0.0654197 0.997858 0
    outer loop
      vertex 176.241 17.1658 -32.2
      vertex 176 17.15 -14.2
      vertex 176.241 17.1658 -14.2
    endloop
  endfacet
  facet normal -0.0654197 0.997858 0
    outer loop
      vertex 176 17.15 -14.2
      vertex 176.241 17.1658 -32.2
      vertex 176 17.15 -32.2
    endloop
  endfacet
  facet normal -0.32168 0.946848 0
    outer loop
      vertex 176.708 17.2908 -32.2
      vertex 176.479 17.213 -14.2
      vertex 176.708 17.2908 -14.2
    endloop
  endfacet
  facet normal -0.32168 0.946848 0
    outer loop
      vertex 176.479 17.213 -14.2
      vertex 176.708 17.2908 -32.2
      vertex 176.479 17.213 -32.2
    endloop
  endfacet
  facet normal -0.659323 0.75186 0
    outer loop
      vertex 177.308 17.6919 -32.2
      vertex 177.126 17.5323 -14.2
      vertex 177.308 17.6919 -14.2
    endloop
  endfacet
  facet normal -0.659323 0.75186 0
    outer loop
      vertex 177.126 17.5323 -14.2
      vertex 177.308 17.6919 -32.2
      vertex 177.126 17.5323 -32.2
    endloop
  endfacet
  facet normal -0.442579 0.896729 0
    outer loop
      vertex 176.925 17.3979 -32.2
      vertex 176.708 17.2908 -14.2
      vertex 176.925 17.3979 -14.2
    endloop
  endfacet
  facet normal -0.442579 0.896729 0
    outer loop
      vertex 176.708 17.2908 -14.2
      vertex 176.925 17.3979 -32.2
      vertex 176.708 17.2908 -32.2
    endloop
  endfacet
  facet normal -0.750861 0.66046 0
    outer loop
      vertex 177.308 17.6919 -32.2
      vertex 177.468 17.8738 -14.2
      vertex 177.468 17.8738 -32.2
    endloop
  endfacet
  facet normal -0.750861 0.66046 0
    outer loop
      vertex 177.468 17.8738 -14.2
      vertex 177.308 17.6919 -32.2
      vertex 177.308 17.6919 -14.2
    endloop
  endfacet
  facet normal -0.896893 0.442247 0
    outer loop
      vertex 177.602 18.075 -32.2
      vertex 177.709 18.292 -14.2
      vertex 177.709 18.292 -32.2
    endloop
  endfacet
  facet normal -0.896893 0.442247 0
    outer loop
      vertex 177.709 18.292 -14.2
      vertex 177.602 18.075 -32.2
      vertex 177.602 18.075 -14.2
    endloop
  endfacet
  facet normal 0.555845 0.831286 -0
    outer loop
      vertex 175.075 17.3979 -32.2
      vertex 174.874 17.5323 -14.2
      vertex 175.075 17.3979 -14.2
    endloop
  endfacet
  facet normal 0.555845 0.831286 0
    outer loop
      vertex 174.874 17.5323 -14.2
      vertex 175.075 17.3979 -32.2
      vertex 174.874 17.5323 -32.2
    endloop
  endfacet
  facet normal 0.194531 0.980896 -0
    outer loop
      vertex 175.759 17.1658 -32.2
      vertex 175.521 17.213 -14.2
      vertex 175.759 17.1658 -14.2
    endloop
  endfacet
  facet normal 0.194531 0.980896 0
    outer loop
      vertex 175.521 17.213 -14.2
      vertex 175.759 17.1658 -32.2
      vertex 175.521 17.213 -32.2
    endloop
  endfacet
  facet normal 0.896893 0.442247 0
    outer loop
      vertex 174.398 18.075 -14.2
      vertex 174.291 18.292 -32.2
      vertex 174.291 18.292 -14.2
    endloop
  endfacet
  facet normal 0.896893 0.442247 0
    outer loop
      vertex 174.291 18.292 -32.2
      vertex 174.398 18.075 -14.2
      vertex 174.398 18.075 -32.2
    endloop
  endfacet
  facet normal 0.750861 0.66046 0
    outer loop
      vertex 174.692 17.6919 -14.2
      vertex 174.532 17.8738 -32.2
      vertex 174.532 17.8738 -14.2
    endloop
  endfacet
  facet normal 0.750861 0.66046 0
    outer loop
      vertex 174.532 17.8738 -32.2
      vertex 174.692 17.6919 -14.2
      vertex 174.692 17.6919 -32.2
    endloop
  endfacet
  facet normal 0.946682 0.322169 0
    outer loop
      vertex 174.291 18.292 -14.2
      vertex 174.213 18.5212 -32.2
      vertex 174.213 18.5212 -14.2
    endloop
  endfacet
  facet normal 0.946682 0.322169 0
    outer loop
      vertex 174.213 18.5212 -32.2
      vertex 174.291 18.292 -14.2
      vertex 174.291 18.292 -32.2
    endloop
  endfacet
  facet normal 0.997812 0.0661077 0
    outer loop
      vertex 174.166 18.7585 -14.2
      vertex 174.15 19 -32.2
      vertex 174.15 19 -14.2
    endloop
  endfacet
  facet normal 0.997812 0.0661077 0
    outer loop
      vertex 174.15 19 -32.2
      vertex 174.166 18.7585 -14.2
      vertex 174.166 18.7585 -32.2
    endloop
  endfacet
  facet normal -0.194531 0.980896 0
    outer loop
      vertex 176.479 17.213 -32.2
      vertex 176.241 17.1658 -14.2
      vertex 176.479 17.213 -14.2
    endloop
  endfacet
  facet normal -0.194531 0.980896 0
    outer loop
      vertex 176.241 17.1658 -14.2
      vertex 176.479 17.213 -32.2
      vertex 176.241 17.1658 -32.2
    endloop
  endfacet
  facet normal -0.555845 0.831286 0
    outer loop
      vertex 177.126 17.5323 -32.2
      vertex 176.925 17.3979 -14.2
      vertex 177.126 17.5323 -14.2
    endloop
  endfacet
  facet normal -0.555845 0.831286 0
    outer loop
      vertex 176.925 17.3979 -14.2
      vertex 177.126 17.5323 -32.2
      vertex 176.925 17.3979 -32.2
    endloop
  endfacet
  facet normal -0.832305 0.554318 0
    outer loop
      vertex 177.468 17.8738 -32.2
      vertex 177.602 18.075 -14.2
      vertex 177.602 18.075 -32.2
    endloop
  endfacet
  facet normal -0.832305 0.554318 0
    outer loop
      vertex 177.602 18.075 -14.2
      vertex 177.468 17.8738 -32.2
      vertex 177.468 17.8738 -14.2
    endloop
  endfacet
  facet normal -0.946682 0.322169 0
    outer loop
      vertex 177.709 18.292 -32.2
      vertex 177.787 18.5212 -14.2
      vertex 177.787 18.5212 -32.2
    endloop
  endfacet
  facet normal -0.946682 0.322169 0
    outer loop
      vertex 177.787 18.5212 -14.2
      vertex 177.709 18.292 -32.2
      vertex 177.709 18.292 -14.2
    endloop
  endfacet
  facet normal 0.442579 0.896729 -0
    outer loop
      vertex 175.292 17.2908 -32.2
      vertex 175.075 17.3979 -14.2
      vertex 175.292 17.2908 -14.2
    endloop
  endfacet
  facet normal 0.442579 0.896729 0
    outer loop
      vertex 175.075 17.3979 -14.2
      vertex 175.292 17.2908 -32.2
      vertex 175.075 17.3979 -32.2
    endloop
  endfacet
  facet normal 0.0654197 0.997858 -0
    outer loop
      vertex 176 17.15 -32.2
      vertex 175.759 17.1658 -14.2
      vertex 176 17.15 -14.2
    endloop
  endfacet
  facet normal 0.0654197 0.997858 0
    outer loop
      vertex 175.759 17.1658 -14.2
      vertex 176 17.15 -32.2
      vertex 175.759 17.1658 -32.2
    endloop
  endfacet
  facet normal 0.832305 0.554318 0
    outer loop
      vertex 174.532 17.8738 -14.2
      vertex 174.398 18.075 -32.2
      vertex 174.398 18.075 -14.2
    endloop
  endfacet
  facet normal 0.832305 0.554318 0
    outer loop
      vertex 174.398 18.075 -32.2
      vertex 174.532 17.8738 -14.2
      vertex 174.532 17.8738 -32.2
    endloop
  endfacet
  facet normal 0.980945 0.194287 0
    outer loop
      vertex 174.213 18.5212 -14.2
      vertex 174.166 18.7585 -32.2
      vertex 174.166 18.7585 -14.2
    endloop
  endfacet
  facet normal 0.980945 0.194287 0
    outer loop
      vertex 174.166 18.7585 -32.2
      vertex 174.213 18.5212 -14.2
      vertex 174.213 18.5212 -32.2
    endloop
  endfacet
  facet normal -0.997829 -0.0658633 0
    outer loop
      vertex 179.25 19 -36.2
      vertex 179.222 19.4242 -32.2
      vertex 179.222 19.4242 -36.2
    endloop
  endfacet
  facet normal -0.997829 -0.0658633 0
    outer loop
      vertex 179.222 19.4242 -32.2
      vertex 179.25 19 -36.2
      vertex 179.25 19 -32.2
    endloop
  endfacet
  facet normal 0.997829 -0.0658633 0
    outer loop
      vertex 172.75 19 -32.2
      vertex 172.778 19.4242 -36.2
      vertex 172.778 19.4242 -32.2
    endloop
  endfacet
  facet normal 0.997829 -0.0658633 0
    outer loop
      vertex 172.778 19.4242 -36.2
      vertex 172.75 19 -32.2
      vertex 172.75 19 -36.2
    endloop
  endfacet
  facet normal -0.0654256 -0.997857 0
    outer loop
      vertex 176 22.25 -36.2
      vertex 176.424 22.2222 -32.2
      vertex 176 22.25 -32.2
    endloop
  endfacet
  facet normal -0.0654256 -0.997857 -0
    outer loop
      vertex 176.424 22.2222 -32.2
      vertex 176 22.25 -36.2
      vertex 176.424 22.2222 -36.2
    endloop
  endfacet
  facet normal -0.658904 -0.752227 0
    outer loop
      vertex 177.978 21.5784 -36.2
      vertex 178.298 21.2981 -32.2
      vertex 177.978 21.5784 -32.2
    endloop
  endfacet
  facet normal -0.658904 -0.752227 -0
    outer loop
      vertex 178.298 21.2981 -32.2
      vertex 177.978 21.5784 -36.2
      vertex 178.298 21.2981 -36.2
    endloop
  endfacet
  facet normal 0.658904 -0.752227 0
    outer loop
      vertex 173.702 21.2981 -36.2
      vertex 174.022 21.5784 -32.2
      vertex 173.702 21.2981 -32.2
    endloop
  endfacet
  facet normal 0.658904 -0.752227 0
    outer loop
      vertex 174.022 21.5784 -32.2
      vertex 173.702 21.2981 -36.2
      vertex 174.022 21.5784 -36.2
    endloop
  endfacet
  facet normal 0.321229 -0.947002 0
    outer loop
      vertex 174.756 22.0026 -36.2
      vertex 175.159 22.1393 -32.2
      vertex 174.756 22.0026 -32.2
    endloop
  endfacet
  facet normal 0.321229 -0.947002 0
    outer loop
      vertex 175.159 22.1393 -32.2
      vertex 174.756 22.0026 -36.2
      vertex 175.159 22.1393 -36.2
    endloop
  endfacet
  facet normal 0.980761 0.195211 0
    outer loop
      vertex 172.861 18.1588 -32.2
      vertex 172.778 18.5758 -36.2
      vertex 172.778 18.5758 -32.2
    endloop
  endfacet
  facet normal 0.980761 0.195211 0
    outer loop
      vertex 172.778 18.5758 -36.2
      vertex 172.861 18.1588 -32.2
      vertex 172.861 18.1588 -36.2
    endloop
  endfacet
  facet normal -0.896907 -0.44222 0
    outer loop
      vertex 179.003 20.2437 -36.2
      vertex 178.815 20.625 -32.2
      vertex 178.815 20.625 -36.2
    endloop
  endfacet
  facet normal -0.896907 -0.44222 0
    outer loop
      vertex 178.815 20.625 -32.2
      vertex 179.003 20.2437 -36.2
      vertex 179.003 20.2437 -32.2
    endloop
  endfacet
  facet normal -0.830602 -0.556867 0
    outer loop
      vertex 178.815 20.625 -36.2
      vertex 178.578 20.9785 -32.2
      vertex 178.578 20.9785 -36.2
    endloop
  endfacet
  facet normal -0.830602 -0.556867 0
    outer loop
      vertex 178.578 20.9785 -32.2
      vertex 178.815 20.625 -36.2
      vertex 178.815 20.625 -32.2
    endloop
  endfacet
  facet normal -0.4425 -0.896769 0
    outer loop
      vertex 177.244 22.0026 -36.2
      vertex 177.625 21.8146 -32.2
      vertex 177.244 22.0026 -32.2
    endloop
  endfacet
  facet normal -0.4425 -0.896769 -0
    outer loop
      vertex 177.625 21.8146 -32.2
      vertex 177.244 22.0026 -36.2
      vertex 177.625 21.8146 -36.2
    endloop
  endfacet
  facet normal -0.556112 -0.831107 0
    outer loop
      vertex 177.625 21.8146 -36.2
      vertex 177.978 21.5784 -32.2
      vertex 177.625 21.8146 -32.2
    endloop
  endfacet
  facet normal -0.556112 -0.831107 -0
    outer loop
      vertex 177.978 21.5784 -32.2
      vertex 177.625 21.8146 -36.2
      vertex 177.978 21.5784 -36.2
    endloop
  endfacet
  facet normal 0.830602 -0.556867 0
    outer loop
      vertex 173.185 20.625 -32.2
      vertex 173.422 20.9785 -36.2
      vertex 173.422 20.9785 -32.2
    endloop
  endfacet
  facet normal 0.830602 -0.556867 0
    outer loop
      vertex 173.422 20.9785 -36.2
      vertex 173.185 20.625 -32.2
      vertex 173.185 20.625 -36.2
    endloop
  endfacet
  facet normal 0.752168 -0.658971 0
    outer loop
      vertex 173.422 20.9785 -32.2
      vertex 173.702 21.2981 -36.2
      vertex 173.702 21.2981 -32.2
    endloop
  endfacet
  facet normal 0.752168 -0.658971 0
    outer loop
      vertex 173.702 21.2981 -36.2
      vertex 173.422 20.9785 -32.2
      vertex 173.422 20.9785 -36.2
    endloop
  endfacet
  facet normal 0 0 -1
    outer loop
      vertex 177.85 19 -32.2
      vertex 179.25 19 -32.2
      vertex 179.222 18.5758 -32.2
    endloop
  endfacet
  facet normal 0 0 -1
    outer loop
      vertex 177.834 18.7585 -32.2
      vertex 179.222 18.5758 -32.2
      vertex 179.139 18.1588 -32.2
    endloop
  endfacet
  facet normal 0 0 -1
    outer loop
      vertex 179.25 19 -32.2
      vertex 177.85 19 -32.2
      vertex 179.222 19.4242 -32.2
    endloop
  endfacet
  facet normal 0 0 -1
    outer loop
      vertex 177.787 18.5212 -32.2
      vertex 179.139 18.1588 -32.2
      vertex 179.003 17.7563 -32.2
    endloop
  endfacet
  facet normal 0 0 -1
    outer loop
      vertex 177.834 19.2415 -32.2
      vertex 179.222 19.4242 -32.2
      vertex 177.85 19 -32.2
    endloop
  endfacet
  facet normal 0 0 -1
    outer loop
      vertex 177.709 18.292 -32.2
      vertex 179.003 17.7563 -32.2
      vertex 178.815 17.375 -32.2
    endloop
  endfacet
  facet normal -0 0 -1
    outer loop
      vertex 179.222 19.4242 -32.2
      vertex 177.834 19.2415 -32.2
      vertex 179.139 19.8412 -32.2
    endloop
  endfacet
  facet normal 0 0 -1
    outer loop
      vertex 177.602 18.075 -32.2
      vertex 178.815 17.375 -32.2
      vertex 178.578 17.0215 -32.2
    endloop
  endfacet
  facet normal 0 0 -1
    outer loop
      vertex 177.787 19.4788 -32.2
      vertex 179.139 19.8412 -32.2
      vertex 177.834 19.2415 -32.2
    endloop
  endfacet
  facet normal 0 0 -1
    outer loop
      vertex 177.468 17.8738 -32.2
      vertex 178.578 17.0215 -32.2
      vertex 178.298 16.7019 -32.2
    endloop
  endfacet
  facet normal -0 0 -1
    outer loop
      vertex 179.139 19.8412 -32.2
      vertex 177.787 19.4788 -32.2
      vertex 179.003 20.2437 -32.2
    endloop
  endfacet
  facet normal 0 0 -1
    outer loop
      vertex 177.308 17.6919 -32.2
      vertex 178.298 16.7019 -32.2
      vertex 177.978 16.4216 -32.2
    endloop
  endfacet
  facet normal 0 0 -1
    outer loop
      vertex 177.709 19.708 -32.2
      vertex 179.003 20.2437 -32.2
      vertex 177.787 19.4788 -32.2
    endloop
  endfacet
  facet normal -0 0 -1
    outer loop
      vertex 179.003 20.2437 -32.2
      vertex 177.709 19.708 -32.2
      vertex 178.815 20.625 -32.2
    endloop
  endfacet
  facet normal 0 0 -1
    outer loop
      vertex 179.222 18.5758 -32.2
      vertex 177.834 18.7585 -32.2
      vertex 177.85 19 -32.2
    endloop
  endfacet
  facet normal 0 0 -1
    outer loop
      vertex 179.139 18.1588 -32.2
      vertex 177.787 18.5212 -32.2
      vertex 177.834 18.7585 -32.2
    endloop
  endfacet
  facet normal 0 0 -1
    outer loop
      vertex 179.003 17.7563 -32.2
      vertex 177.709 18.292 -32.2
      vertex 177.787 18.5212 -32.2
    endloop
  endfacet
  facet normal 0 0 -1
    outer loop
      vertex 177.126 17.5323 -32.2
      vertex 177.978 16.4216 -32.2
      vertex 177.625 16.1854 -32.2
    endloop
  endfacet
  facet normal 0 0 -1
    outer loop
      vertex 178.815 17.375 -32.2
      vertex 177.602 18.075 -32.2
      vertex 177.709 18.292 -32.2
    endloop
  endfacet
  facet normal 0 0 -1
    outer loop
      vertex 178.578 17.0215 -32.2
      vertex 177.468 17.8738 -32.2
      vertex 177.602 18.075 -32.2
    endloop
  endfacet
  facet normal 0 0 -1
    outer loop
      vertex 178.298 16.7019 -32.2
      vertex 177.308 17.6919 -32.2
      vertex 177.468 17.8738 -32.2
    endloop
  endfacet
  facet normal 0 0 -1
    outer loop
      vertex 176.925 17.3979 -32.2
      vertex 177.625 16.1854 -32.2
      vertex 177.244 15.9974 -32.2
    endloop
  endfacet
  facet normal 0 0 -1
    outer loop
      vertex 177.978 16.4216 -32.2
      vertex 177.126 17.5323 -32.2
      vertex 177.308 17.6919 -32.2
    endloop
  endfacet
  facet normal 0 0 -1
    outer loop
      vertex 177.625 16.1854 -32.2
      vertex 176.925 17.3979 -32.2
      vertex 177.126 17.5323 -32.2
    endloop
  endfacet
  facet normal 0 0 -1
    outer loop
      vertex 176.708 17.2908 -32.2
      vertex 177.244 15.9974 -32.2
      vertex 176.841 15.8607 -32.2
    endloop
  endfacet
  facet normal 0 0 -1
    outer loop
      vertex 177.244 15.9974 -32.2
      vertex 176.708 17.2908 -32.2
      vertex 176.925 17.3979 -32.2
    endloop
  endfacet
  facet normal 0 0 -1
    outer loop
      vertex 176.841 15.8607 -32.2
      vertex 176.479 17.213 -32.2
      vertex 176.708 17.2908 -32.2
    endloop
  endfacet
  facet normal 0 0 -1
    outer loop
      vertex 176.424 15.7778 -32.2
      vertex 176.479 17.213 -32.2
      vertex 176.841 15.8607 -32.2
    endloop
  endfacet
  facet normal 0 0 -1
    outer loop
      vertex 176.424 15.7778 -32.2
      vertex 176.241 17.1658 -32.2
      vertex 176.479 17.213 -32.2
    endloop
  endfacet
  facet normal 0 0 -1
    outer loop
      vertex 176 15.75 -32.2
      vertex 176.241 17.1658 -32.2
      vertex 176.424 15.7778 -32.2
    endloop
  endfacet
  facet normal 0 0 -1
    outer loop
      vertex 176 15.75 -32.2
      vertex 176 17.15 -32.2
      vertex 176.241 17.1658 -32.2
    endloop
  endfacet
  facet normal 0 0 -1
    outer loop
      vertex 176 15.75 -32.2
      vertex 175.759 17.1658 -32.2
      vertex 176 17.15 -32.2
    endloop
  endfacet
  facet normal 0 0 -1
    outer loop
      vertex 175.576 15.7778 -32.2
      vertex 175.759 17.1658 -32.2
      vertex 176 15.75 -32.2
    endloop
  endfacet
  facet normal 0 0 -1
    outer loop
      vertex 175.576 15.7778 -32.2
      vertex 175.521 17.213 -32.2
      vertex 175.759 17.1658 -32.2
    endloop
  endfacet
  facet normal 0 0 -1
    outer loop
      vertex 175.159 15.8607 -32.2
      vertex 175.521 17.213 -32.2
      vertex 175.576 15.7778 -32.2
    endloop
  endfacet
  facet normal -0 0 -1
    outer loop
      vertex 175.521 17.213 -32.2
      vertex 175.159 15.8607 -32.2
      vertex 175.292 17.2908 -32.2
    endloop
  endfacet
  facet normal 0 0 -1
    outer loop
      vertex 174.756 15.9974 -32.2
      vertex 175.292 17.2908 -32.2
      vertex 175.159 15.8607 -32.2
    endloop
  endfacet
  facet normal -0 0 -1
    outer loop
      vertex 175.292 17.2908 -32.2
      vertex 174.756 15.9974 -32.2
      vertex 175.075 17.3979 -32.2
    endloop
  endfacet
  facet normal 0 0 -1
    outer loop
      vertex 174.375 16.1854 -32.2
      vertex 175.075 17.3979 -32.2
      vertex 174.756 15.9974 -32.2
    endloop
  endfacet
  facet normal -0 0 -1
    outer loop
      vertex 175.075 17.3979 -32.2
      vertex 174.375 16.1854 -32.2
      vertex 174.874 17.5323 -32.2
    endloop
  endfacet
  facet normal 0 0 -1
    outer loop
      vertex 174.022 16.4216 -32.2
      vertex 174.874 17.5323 -32.2
      vertex 174.375 16.1854 -32.2
    endloop
  endfacet
  facet normal -0 0 -1
    outer loop
      vertex 174.874 17.5323 -32.2
      vertex 174.022 16.4216 -32.2
      vertex 174.692 17.6919 -32.2
    endloop
  endfacet
  facet normal 0 0 -1
    outer loop
      vertex 173.702 16.7019 -32.2
      vertex 174.692 17.6919 -32.2
      vertex 174.022 16.4216 -32.2
    endloop
  endfacet
  facet normal -0 0 -1
    outer loop
      vertex 174.692 17.6919 -32.2
      vertex 173.702 16.7019 -32.2
      vertex 174.532 17.8738 -32.2
    endloop
  endfacet
  facet normal 0 0 -1
    outer loop
      vertex 173.422 17.0215 -32.2
      vertex 174.532 17.8738 -32.2
      vertex 173.702 16.7019 -32.2
    endloop
  endfacet
  facet normal -0 0 -1
    outer loop
      vertex 174.532 17.8738 -32.2
      vertex 173.422 17.0215 -32.2
      vertex 174.398 18.075 -32.2
    endloop
  endfacet
  facet normal -0 0 -1
    outer loop
      vertex 174.398 18.075 -32.2
      vertex 173.185 17.375 -32.2
      vertex 174.291 18.292 -32.2
    endloop
  endfacet
  facet normal 0 0 -1
    outer loop
      vertex 173.185 17.375 -32.2
      vertex 174.398 18.075 -32.2
      vertex 173.422 17.0215 -32.2
    endloop
  endfacet
  facet normal 0 0 -1
    outer loop
      vertex 177.602 19.925 -32.2
      vertex 178.815 20.625 -32.2
      vertex 177.709 19.708 -32.2
    endloop
  endfacet
  facet normal -0 0 -1
    outer loop
      vertex 178.815 20.625 -32.2
      vertex 177.602 19.925 -32.2
      vertex 178.578 20.9785 -32.2
    endloop
  endfacet
  facet normal 0 0 -1
    outer loop
      vertex 177.468 20.1262 -32.2
      vertex 178.578 20.9785 -32.2
      vertex 177.602 19.925 -32.2
    endloop
  endfacet
  facet normal -0 0 -1
    outer loop
      vertex 178.578 20.9785 -32.2
      vertex 177.468 20.1262 -32.2
      vertex 178.298 21.2981 -32.2
    endloop
  endfacet
  facet normal 0 0 -1
    outer loop
      vertex 177.308 20.3081 -32.2
      vertex 178.298 21.2981 -32.2
      vertex 177.468 20.1262 -32.2
    endloop
  endfacet
  facet normal -0 0 -1
    outer loop
      vertex 178.298 21.2981 -32.2
      vertex 177.308 20.3081 -32.2
      vertex 177.978 21.5784 -32.2
    endloop
  endfacet
  facet normal 0 0 -1
    outer loop
      vertex 177.126 20.4677 -32.2
      vertex 177.978 21.5784 -32.2
      vertex 177.308 20.3081 -32.2
    endloop
  endfacet
  facet normal -0 0 -1
    outer loop
      vertex 177.978 21.5784 -32.2
      vertex 177.126 20.4677 -32.2
      vertex 177.625 21.8146 -32.2
    endloop
  endfacet
  facet normal 0 0 -1
    outer loop
      vertex 176.925 20.6021 -32.2
      vertex 177.625 21.8146 -32.2
      vertex 177.126 20.4677 -32.2
    endloop
  endfacet
  facet normal -0 0 -1
    outer loop
      vertex 177.625 21.8146 -32.2
      vertex 176.925 20.6021 -32.2
      vertex 177.244 22.0026 -32.2
    endloop
  endfacet
  facet normal 0 0 -1
    outer loop
      vertex 176.708 20.7092 -32.2
      vertex 177.244 22.0026 -32.2
      vertex 176.925 20.6021 -32.2
    endloop
  endfacet
  facet normal -0 0 -1
    outer loop
      vertex 177.244 22.0026 -32.2
      vertex 176.708 20.7092 -32.2
      vertex 176.841 22.1393 -32.2
    endloop
  endfacet
  facet normal 0 0 -1
    outer loop
      vertex 176.479 20.787 -32.2
      vertex 176.841 22.1393 -32.2
      vertex 176.708 20.7092 -32.2
    endloop
  endfacet
  facet normal 0 0 -1
    outer loop
      vertex 176.479 20.787 -32.2
      vertex 176.424 22.2222 -32.2
      vertex 176.841 22.1393 -32.2
    endloop
  endfacet
  facet normal 0 0 -1
    outer loop
      vertex 176.241 20.8342 -32.2
      vertex 176.424 22.2222 -32.2
      vertex 176.479 20.787 -32.2
    endloop
  endfacet
  facet normal 0 0 -1
    outer loop
      vertex 176 20.85 -32.2
      vertex 176.424 22.2222 -32.2
      vertex 176.241 20.8342 -32.2
    endloop
  endfacet
  facet normal 0 0 -1
    outer loop
      vertex 176 20.85 -32.2
      vertex 176 22.25 -32.2
      vertex 176.424 22.2222 -32.2
    endloop
  endfacet
  facet normal 0 0 -1
    outer loop
      vertex 175.759 20.8342 -32.2
      vertex 176 22.25 -32.2
      vertex 176 20.85 -32.2
    endloop
  endfacet
  facet normal 0 0 -1
    outer loop
      vertex 175.759 20.8342 -32.2
      vertex 175.576 22.2222 -32.2
      vertex 176 22.25 -32.2
    endloop
  endfacet
  facet normal 0 0 -1
    outer loop
      vertex 175.521 20.787 -32.2
      vertex 175.576 22.2222 -32.2
      vertex 175.759 20.8342 -32.2
    endloop
  endfacet
  facet normal 0 0 -1
    outer loop
      vertex 175.159 22.1393 -32.2
      vertex 175.521 20.787 -32.2
      vertex 175.292 20.7092 -32.2
    endloop
  endfacet
  facet normal 0 0 -1
    outer loop
      vertex 175.521 20.787 -32.2
      vertex 175.159 22.1393 -32.2
      vertex 175.576 22.2222 -32.2
    endloop
  endfacet
  facet normal 0 0 -1
    outer loop
      vertex 174.756 22.0026 -32.2
      vertex 175.292 20.7092 -32.2
      vertex 175.075 20.6021 -32.2
    endloop
  endfacet
  facet normal 0 0 -1
    outer loop
      vertex 174.375 21.8146 -32.2
      vertex 175.075 20.6021 -32.2
      vertex 174.874 20.4677 -32.2
    endloop
  endfacet
  facet normal 0 0 -1
    outer loop
      vertex 175.292 20.7092 -32.2
      vertex 174.756 22.0026 -32.2
      vertex 175.159 22.1393 -32.2
    endloop
  endfacet
  facet normal 0 0 -1
    outer loop
      vertex 174.022 21.5784 -32.2
      vertex 174.874 20.4677 -32.2
      vertex 174.692 20.3081 -32.2
    endloop
  endfacet
  facet normal 0 0 -1
    outer loop
      vertex 173.702 21.2981 -32.2
      vertex 174.692 20.3081 -32.2
      vertex 174.532 20.1262 -32.2
    endloop
  endfacet
  facet normal 0 0 -1
    outer loop
      vertex 173.422 20.9785 -32.2
      vertex 174.532 20.1262 -32.2
      vertex 174.398 19.925 -32.2
    endloop
  endfacet
  facet normal 0 0 -1
    outer loop
      vertex 175.075 20.6021 -32.2
      vertex 174.375 21.8146 -32.2
      vertex 174.756 22.0026 -32.2
    endloop
  endfacet
  facet normal 0 0 -1
    outer loop
      vertex 173.185 20.625 -32.2
      vertex 174.398 19.925 -32.2
      vertex 174.291 19.708 -32.2
    endloop
  endfacet
  facet normal 0 0 -1
    outer loop
      vertex 172.997 20.2437 -32.2
      vertex 174.291 19.708 -32.2
      vertex 174.213 19.4788 -32.2
    endloop
  endfacet
  facet normal 0 0 -1
    outer loop
      vertex 172.861 19.8412 -32.2
      vertex 174.213 19.4788 -32.2
      vertex 174.166 19.2415 -32.2
    endloop
  endfacet
  facet normal 0 0 -1
    outer loop
      vertex 174.874 20.4677 -32.2
      vertex 174.022 21.5784 -32.2
      vertex 174.375 21.8146 -32.2
    endloop
  endfacet
  facet normal 0 0 -1
    outer loop
      vertex 172.778 19.4242 -32.2
      vertex 174.166 19.2415 -32.2
      vertex 174.15 19 -32.2
    endloop
  endfacet
  facet normal 0 0 -1
    outer loop
      vertex 172.997 17.7563 -32.2
      vertex 174.291 18.292 -32.2
      vertex 173.185 17.375 -32.2
    endloop
  endfacet
  facet normal -0 0 -1
    outer loop
      vertex 174.291 18.292 -32.2
      vertex 172.997 17.7563 -32.2
      vertex 174.213 18.5212 -32.2
    endloop
  endfacet
  facet normal 0 0 -1
    outer loop
      vertex 174.692 20.3081 -32.2
      vertex 173.702 21.2981 -32.2
      vertex 174.022 21.5784 -32.2
    endloop
  endfacet
  facet normal 0 0 -1
    outer loop
      vertex 172.861 18.1588 -32.2
      vertex 174.213 18.5212 -32.2
      vertex 172.997 17.7563 -32.2
    endloop
  endfacet
  facet normal 0 0 -1
    outer loop
      vertex 174.532 20.1262 -32.2
      vertex 173.422 20.9785 -32.2
      vertex 173.702 21.2981 -32.2
    endloop
  endfacet
  facet normal -0 0 -1
    outer loop
      vertex 174.213 18.5212 -32.2
      vertex 172.861 18.1588 -32.2
      vertex 174.166 18.7585 -32.2
    endloop
  endfacet
  facet normal 0 0 -1
    outer loop
      vertex 174.398 19.925 -32.2
      vertex 173.185 20.625 -32.2
      vertex 173.422 20.9785 -32.2
    endloop
  endfacet
  facet normal 0 0 -1
    outer loop
      vertex 172.778 18.5758 -32.2
      vertex 174.166 18.7585 -32.2
      vertex 172.861 18.1588 -32.2
    endloop
  endfacet
  facet normal 0 0 -1
    outer loop
      vertex 174.291 19.708 -32.2
      vertex 172.997 20.2437 -32.2
      vertex 173.185 20.625 -32.2
    endloop
  endfacet
  facet normal -0 0 -1
    outer loop
      vertex 174.166 18.7585 -32.2
      vertex 172.778 18.5758 -32.2
      vertex 174.15 19 -32.2
    endloop
  endfacet
  facet normal 0 0 -1
    outer loop
      vertex 174.213 19.4788 -32.2
      vertex 172.861 19.8412 -32.2
      vertex 172.997 20.2437 -32.2
    endloop
  endfacet
  facet normal 0 0 -1
    outer loop
      vertex 172.75 19 -32.2
      vertex 174.15 19 -32.2
      vertex 172.778 18.5758 -32.2
    endloop
  endfacet
  facet normal 0 0 -1
    outer loop
      vertex 174.166 19.2415 -32.2
      vertex 172.778 19.4242 -32.2
      vertex 172.861 19.8412 -32.2
    endloop
  endfacet
  facet normal 0 0 -1
    outer loop
      vertex 174.15 19 -32.2
      vertex 172.75 19 -32.2
      vertex 172.778 19.4242 -32.2
    endloop
  endfacet
  facet normal 0.556112 -0.831107 0
    outer loop
      vertex 174.022 21.5784 -36.2
      vertex 174.375 21.8146 -32.2
      vertex 174.022 21.5784 -32.2
    endloop
  endfacet
  facet normal 0.556112 -0.831107 0
    outer loop
      vertex 174.375 21.8146 -32.2
      vertex 174.022 21.5784 -36.2
      vertex 174.375 21.8146 -36.2
    endloop
  endfacet
  facet normal 0.0654256 -0.997857 0
    outer loop
      vertex 175.576 22.2222 -36.2
      vertex 176 22.25 -32.2
      vertex 175.576 22.2222 -32.2
    endloop
  endfacet
  facet normal 0.0654256 -0.997857 0
    outer loop
      vertex 176 22.25 -32.2
      vertex 175.576 22.2222 -36.2
      vertex 176 22.25 -36.2
    endloop
  endfacet
  facet normal -0.947381 0.320109 0
    outer loop
      vertex 179.003 17.7563 -36.2
      vertex 179.139 18.1588 -32.2
      vertex 179.139 18.1588 -36.2
    endloop
  endfacet
  facet normal -0.947381 0.320109 0
    outer loop
      vertex 179.139 18.1588 -32.2
      vertex 179.003 17.7563 -36.2
      vertex 179.003 17.7563 -32.2
    endloop
  endfacet
  facet normal -0.194985 0.980806 0
    outer loop
      vertex 176.841 15.8607 -36.2
      vertex 176.424 15.7778 -32.2
      vertex 176.841 15.8607 -32.2
    endloop
  endfacet
  facet normal -0.194985 0.980806 0
    outer loop
      vertex 176.424 15.7778 -32.2
      vertex 176.841 15.8607 -36.2
      vertex 176.424 15.7778 -36.2
    endloop
  endfacet
  facet normal -0.0654256 0.997857 0
    outer loop
      vertex 176.424 15.7778 -36.2
      vertex 176 15.75 -32.2
      vertex 176.424 15.7778 -32.2
    endloop
  endfacet
  facet normal -0.0654256 0.997857 0
    outer loop
      vertex 176 15.75 -32.2
      vertex 176.424 15.7778 -36.2
      vertex 176 15.75 -36.2
    endloop
  endfacet
  facet normal -0.752168 0.658971 0
    outer loop
      vertex 178.298 16.7019 -36.2
      vertex 178.578 17.0215 -32.2
      vertex 178.578 17.0215 -36.2
    endloop
  endfacet
  facet normal -0.752168 0.658971 0
    outer loop
      vertex 178.578 17.0215 -32.2
      vertex 178.298 16.7019 -36.2
      vertex 178.298 16.7019 -32.2
    endloop
  endfacet
  facet normal 0.658904 0.752227 -0
    outer loop
      vertex 174.022 16.4216 -36.2
      vertex 173.702 16.7019 -32.2
      vertex 174.022 16.4216 -32.2
    endloop
  endfacet
  facet normal 0.658904 0.752227 0
    outer loop
      vertex 173.702 16.7019 -32.2
      vertex 174.022 16.4216 -36.2
      vertex 173.702 16.7019 -36.2
    endloop
  endfacet
  facet normal 0.321229 0.947002 -0
    outer loop
      vertex 175.159 15.8607 -36.2
      vertex 174.756 15.9974 -32.2
      vertex 175.159 15.8607 -32.2
    endloop
  endfacet
  facet normal 0.321229 0.947002 0
    outer loop
      vertex 174.756 15.9974 -32.2
      vertex 175.159 15.8607 -36.2
      vertex 174.756 15.9974 -36.2
    endloop
  endfacet
  facet normal 0.752168 0.658971 0
    outer loop
      vertex 173.702 16.7019 -32.2
      vertex 173.422 17.0215 -36.2
      vertex 173.422 17.0215 -32.2
    endloop
  endfacet
  facet normal 0.752168 0.658971 0
    outer loop
      vertex 173.422 17.0215 -36.2
      vertex 173.702 16.7019 -32.2
      vertex 173.702 16.7019 -36.2
    endloop
  endfacet
  facet normal 0.997829 0.0658633 0
    outer loop
      vertex 172.778 18.5758 -32.2
      vertex 172.75 19 -36.2
      vertex 172.75 19 -32.2
    endloop
  endfacet
  facet normal 0.997829 0.0658633 0
    outer loop
      vertex 172.75 19 -36.2
      vertex 172.778 18.5758 -32.2
      vertex 172.778 18.5758 -36.2
    endloop
  endfacet
  facet normal -0.947381 -0.320109 0
    outer loop
      vertex 179.139 19.8412 -36.2
      vertex 179.003 20.2437 -32.2
      vertex 179.003 20.2437 -36.2
    endloop
  endfacet
  facet normal -0.947381 -0.320109 0
    outer loop
      vertex 179.003 20.2437 -32.2
      vertex 179.139 19.8412 -36.2
      vertex 179.139 19.8412 -32.2
    endloop
  endfacet
  facet normal -0.980761 -0.195211 0
    outer loop
      vertex 179.222 19.4242 -36.2
      vertex 179.139 19.8412 -32.2
      vertex 179.139 19.8412 -36.2
    endloop
  endfacet
  facet normal -0.980761 -0.195211 0
    outer loop
      vertex 179.139 19.8412 -32.2
      vertex 179.222 19.4242 -36.2
      vertex 179.222 19.4242 -32.2
    endloop
  endfacet
  facet normal -0.752168 -0.658971 0
    outer loop
      vertex 178.578 20.9785 -36.2
      vertex 178.298 21.2981 -32.2
      vertex 178.298 21.2981 -36.2
    endloop
  endfacet
  facet normal -0.752168 -0.658971 0
    outer loop
      vertex 178.298 21.2981 -32.2
      vertex 178.578 20.9785 -36.2
      vertex 178.578 20.9785 -32.2
    endloop
  endfacet
  facet normal -0.194985 -0.980806 0
    outer loop
      vertex 176.424 22.2222 -36.2
      vertex 176.841 22.1393 -32.2
      vertex 176.424 22.2222 -32.2
    endloop
  endfacet
  facet normal -0.194985 -0.980806 -0
    outer loop
      vertex 176.841 22.1393 -32.2
      vertex 176.424 22.2222 -36.2
      vertex 176.841 22.1393 -36.2
    endloop
  endfacet
  facet normal 0.896907 -0.44222 0
    outer loop
      vertex 172.997 20.2437 -32.2
      vertex 173.185 20.625 -36.2
      vertex 173.185 20.625 -32.2
    endloop
  endfacet
  facet normal 0.896907 -0.44222 0
    outer loop
      vertex 173.185 20.625 -36.2
      vertex 172.997 20.2437 -32.2
      vertex 172.997 20.2437 -36.2
    endloop
  endfacet
  facet normal 0.980761 -0.195211 0
    outer loop
      vertex 172.778 19.4242 -32.2
      vertex 172.861 19.8412 -36.2
      vertex 172.861 19.8412 -32.2
    endloop
  endfacet
  facet normal 0.980761 -0.195211 0
    outer loop
      vertex 172.861 19.8412 -36.2
      vertex 172.778 19.4242 -32.2
      vertex 172.778 19.4242 -36.2
    endloop
  endfacet
  facet normal 0.4425 -0.896769 0
    outer loop
      vertex 174.375 21.8146 -36.2
      vertex 174.756 22.0026 -32.2
      vertex 174.375 21.8146 -32.2
    endloop
  endfacet
  facet normal 0.4425 -0.896769 0
    outer loop
      vertex 174.756 22.0026 -32.2
      vertex 174.375 21.8146 -36.2
      vertex 174.756 22.0026 -36.2
    endloop
  endfacet
  facet normal 0.194985 -0.980806 0
    outer loop
      vertex 175.159 22.1393 -36.2
      vertex 175.576 22.2222 -32.2
      vertex 175.159 22.1393 -32.2
    endloop
  endfacet
  facet normal 0.194985 -0.980806 0
    outer loop
      vertex 175.576 22.2222 -32.2
      vertex 175.159 22.1393 -36.2
      vertex 175.576 22.2222 -36.2
    endloop
  endfacet
  facet normal -0.4425 0.896769 0
    outer loop
      vertex 177.625 16.1854 -36.2
      vertex 177.244 15.9974 -32.2
      vertex 177.625 16.1854 -32.2
    endloop
  endfacet
  facet normal -0.4425 0.896769 0
    outer loop
      vertex 177.244 15.9974 -32.2
      vertex 177.625 16.1854 -36.2
      vertex 177.244 15.9974 -36.2
    endloop
  endfacet
  facet normal -0.658904 0.752227 0
    outer loop
      vertex 178.298 16.7019 -36.2
      vertex 177.978 16.4216 -32.2
      vertex 178.298 16.7019 -32.2
    endloop
  endfacet
  facet normal -0.658904 0.752227 0
    outer loop
      vertex 177.978 16.4216 -32.2
      vertex 178.298 16.7019 -36.2
      vertex 177.978 16.4216 -36.2
    endloop
  endfacet
  facet normal -0.830602 0.556867 0
    outer loop
      vertex 178.578 17.0215 -36.2
      vertex 178.815 17.375 -32.2
      vertex 178.815 17.375 -36.2
    endloop
  endfacet
  facet normal -0.830602 0.556867 0
    outer loop
      vertex 178.815 17.375 -32.2
      vertex 178.578 17.0215 -36.2
      vertex 178.578 17.0215 -32.2
    endloop
  endfacet
  facet normal 0.556112 0.831107 -0
    outer loop
      vertex 174.375 16.1854 -36.2
      vertex 174.022 16.4216 -32.2
      vertex 174.375 16.1854 -32.2
    endloop
  endfacet
  facet normal 0.556112 0.831107 0
    outer loop
      vertex 174.022 16.4216 -32.2
      vertex 174.375 16.1854 -36.2
      vertex 174.022 16.4216 -36.2
    endloop
  endfacet
  facet normal 0.0654256 0.997857 -0
    outer loop
      vertex 176 15.75 -36.2
      vertex 175.576 15.7778 -32.2
      vertex 176 15.75 -32.2
    endloop
  endfacet
  facet normal 0.0654256 0.997857 0
    outer loop
      vertex 175.576 15.7778 -32.2
      vertex 176 15.75 -36.2
      vertex 175.576 15.7778 -36.2
    endloop
  endfacet
  facet normal 0.896907 0.44222 0
    outer loop
      vertex 173.185 17.375 -32.2
      vertex 172.997 17.7563 -36.2
      vertex 172.997 17.7563 -32.2
    endloop
  endfacet
  facet normal 0.896907 0.44222 0
    outer loop
      vertex 172.997 17.7563 -36.2
      vertex 173.185 17.375 -32.2
      vertex 173.185 17.375 -36.2
    endloop
  endfacet
  facet normal -0.321229 -0.947002 0
    outer loop
      vertex 176.841 22.1393 -36.2
      vertex 177.244 22.0026 -32.2
      vertex 176.841 22.1393 -32.2
    endloop
  endfacet
  facet normal -0.321229 -0.947002 -0
    outer loop
      vertex 177.244 22.0026 -32.2
      vertex 176.841 22.1393 -36.2
      vertex 177.244 22.0026 -36.2
    endloop
  endfacet
  facet normal 0.947381 -0.320109 0
    outer loop
      vertex 172.861 19.8412 -32.2
      vertex 172.997 20.2437 -36.2
      vertex 172.997 20.2437 -32.2
    endloop
  endfacet
  facet normal 0.947381 -0.320109 0
    outer loop
      vertex 172.997 20.2437 -36.2
      vertex 172.861 19.8412 -32.2
      vertex 172.861 19.8412 -36.2
    endloop
  endfacet
  facet normal -0.321229 0.947002 0
    outer loop
      vertex 177.244 15.9974 -36.2
      vertex 176.841 15.8607 -32.2
      vertex 177.244 15.9974 -32.2
    endloop
  endfacet
  facet normal -0.321229 0.947002 0
    outer loop
      vertex 176.841 15.8607 -32.2
      vertex 177.244 15.9974 -36.2
      vertex 176.841 15.8607 -36.2
    endloop
  endfacet
  facet normal -0.556112 0.831107 0
    outer loop
      vertex 177.978 16.4216 -36.2
      vertex 177.625 16.1854 -32.2
      vertex 177.978 16.4216 -32.2
    endloop
  endfacet
  facet normal -0.556112 0.831107 0
    outer loop
      vertex 177.625 16.1854 -32.2
      vertex 177.978 16.4216 -36.2
      vertex 177.625 16.1854 -36.2
    endloop
  endfacet
  facet normal -0.980761 0.195211 0
    outer loop
      vertex 179.139 18.1588 -36.2
      vertex 179.222 18.5758 -32.2
      vertex 179.222 18.5758 -36.2
    endloop
  endfacet
  facet normal -0.980761 0.195211 0
    outer loop
      vertex 179.222 18.5758 -32.2
      vertex 179.139 18.1588 -36.2
      vertex 179.139 18.1588 -32.2
    endloop
  endfacet
  facet normal -0.896907 0.44222 0
    outer loop
      vertex 178.815 17.375 -36.2
      vertex 179.003 17.7563 -32.2
      vertex 179.003 17.7563 -36.2
    endloop
  endfacet
  facet normal -0.896907 0.44222 0
    outer loop
      vertex 179.003 17.7563 -32.2
      vertex 178.815 17.375 -36.2
      vertex 178.815 17.375 -32.2
    endloop
  endfacet
  facet normal 0.4425 0.896769 -0
    outer loop
      vertex 174.756 15.9974 -36.2
      vertex 174.375 16.1854 -32.2
      vertex 174.756 15.9974 -32.2
    endloop
  endfacet
  facet normal 0.4425 0.896769 0
    outer loop
      vertex 174.375 16.1854 -32.2
      vertex 174.756 15.9974 -36.2
      vertex 174.375 16.1854 -36.2
    endloop
  endfacet
  facet normal 0.194985 0.980806 -0
    outer loop
      vertex 175.576 15.7778 -36.2
      vertex 175.159 15.8607 -32.2
      vertex 175.576 15.7778 -32.2
    endloop
  endfacet
  facet normal 0.194985 0.980806 0
    outer loop
      vertex 175.159 15.8607 -32.2
      vertex 175.576 15.7778 -36.2
      vertex 175.159 15.8607 -36.2
    endloop
  endfacet
  facet normal 0.830602 0.556867 0
    outer loop
      vertex 173.422 17.0215 -32.2
      vertex 173.185 17.375 -36.2
      vertex 173.185 17.375 -32.2
    endloop
  endfacet
  facet normal 0.830602 0.556867 0
    outer loop
      vertex 173.185 17.375 -36.2
      vertex 173.422 17.0215 -32.2
      vertex 173.422 17.0215 -36.2
    endloop
  endfacet
  facet normal 0.947381 0.320109 0
    outer loop
      vertex 172.997 17.7563 -32.2
      vertex 172.861 18.1588 -36.2
      vertex 172.861 18.1588 -32.2
    endloop
  endfacet
  facet normal 0.947381 0.320109 0
    outer loop
      vertex 172.861 18.1588 -36.2
      vertex 172.997 17.7563 -32.2
      vertex 172.997 17.7563 -36.2
    endloop
  endfacet
  facet normal -0.997829 0.0658633 0
    outer loop
      vertex 179.222 18.5758 -36.2
      vertex 179.25 19 -32.2
      vertex 179.25 19 -36.2
    endloop
  endfacet
  facet normal -0.997829 0.0658633 0
    outer loop
      vertex 179.25 19 -32.2
      vertex 179.222 18.5758 -36.2
      vertex 179.222 18.5758 -32.2
    endloop
  endfacet
  facet normal -0.99785 -0.0655434 0
    outer loop
      vertex 5.85 111 -32.2
      vertex 5.83417 111.241 -14.2
      vertex 5.83417 111.241 -32.2
    endloop
  endfacet
  facet normal -0.99785 -0.0655434 0
    outer loop
      vertex 5.83417 111.241 -14.2
      vertex 5.85 111 -32.2
      vertex 5.85 111 -14.2
    endloop
  endfacet
  facet normal 0.99785 -0.0655434 0
    outer loop
      vertex 2.15 111 -14.2
      vertex 2.16583 111.241 -32.2
      vertex 2.16583 111.241 -14.2
    endloop
  endfacet
  facet normal 0.99785 -0.0655434 0
    outer loop
      vertex 2.16583 111.241 -32.2
      vertex 2.15 111 -14.2
      vertex 2.15 111 -32.2
    endloop
  endfacet
  facet normal -0.0661158 -0.997812 0
    outer loop
      vertex 4 112.85 -32.2
      vertex 4.24147 112.834 -14.2
      vertex 4 112.85 -14.2
    endloop
  endfacet
  facet normal -0.0661158 -0.997812 -0
    outer loop
      vertex 4.24147 112.834 -14.2
      vertex 4 112.85 -32.2
      vertex 4.24147 112.834 -32.2
    endloop
  endfacet
  facet normal -0.751962 -0.659206 0
    outer loop
      vertex 5.4677 112.126 -32.2
      vertex 5.30815 112.308 -14.2
      vertex 5.30815 112.308 -32.2
    endloop
  endfacet
  facet normal -0.751962 -0.659206 0
    outer loop
      vertex 5.30815 112.308 -14.2
      vertex 5.4677 112.126 -32.2
      vertex 5.4677 112.126 -14.2
    endloop
  endfacet
  facet normal 0.660379 -0.750933 0
    outer loop
      vertex 2.69185 112.308 -32.2
      vertex 2.87379 112.468 -14.2
      vertex 2.69185 112.308 -14.2
    endloop
  endfacet
  facet normal 0.660379 -0.750933 0
    outer loop
      vertex 2.87379 112.468 -14.2
      vertex 2.69185 112.308 -32.2
      vertex 2.87379 112.468 -32.2
    endloop
  endfacet
  facet normal 0.322245 -0.946656 0
    outer loop
      vertex 3.29204 112.709 -32.2
      vertex 3.52118 112.787 -14.2
      vertex 3.29204 112.709 -14.2
    endloop
  endfacet
  facet normal 0.322245 -0.946656 0
    outer loop
      vertex 3.52118 112.787 -14.2
      vertex 3.29204 112.709 -32.2
      vertex 3.52118 112.787 -32.2
    endloop
  endfacet
  facet normal -0.946874 -0.321606 0
    outer loop
      vertex 5.78696 111.479 -32.2
      vertex 5.70918 111.708 -14.2
      vertex 5.70918 111.708 -32.2
    endloop
  endfacet
  facet normal -0.946874 -0.321606 0
    outer loop
      vertex 5.70918 111.708 -14.2
      vertex 5.78696 111.479 -32.2
      vertex 5.78696 111.479 -14.2
    endloop
  endfacet
  facet normal -0.980889 -0.19457 0
    outer loop
      vertex 5.83417 111.241 -32.2
      vertex 5.78696 111.479 -14.2
      vertex 5.78696 111.479 -32.2
    endloop
  endfacet
  facet normal -0.980889 -0.19457 0
    outer loop
      vertex 5.78696 111.479 -14.2
      vertex 5.83417 111.241 -32.2
      vertex 5.83417 111.241 -14.2
    endloop
  endfacet
  facet normal -0.442181 -0.896926 0
    outer loop
      vertex 4.70796 112.709 -32.2
      vertex 4.925 112.602 -14.2
      vertex 4.70796 112.709 -14.2
    endloop
  endfacet
  facet normal -0.442181 -0.896926 -0
    outer loop
      vertex 4.925 112.602 -14.2
      vertex 4.70796 112.709 -32.2
      vertex 4.925 112.602 -32.2
    endloop
  endfacet
  facet normal -0.322245 -0.946656 0
    outer loop
      vertex 4.47882 112.787 -32.2
      vertex 4.70796 112.709 -14.2
      vertex 4.47882 112.787 -14.2
    endloop
  endfacet
  facet normal -0.322245 -0.946656 -0
    outer loop
      vertex 4.70796 112.709 -14.2
      vertex 4.47882 112.787 -32.2
      vertex 4.70796 112.709 -32.2
    endloop
  endfacet
  facet normal -0.660379 -0.750933 0
    outer loop
      vertex 5.12621 112.468 -32.2
      vertex 5.30815 112.308 -14.2
      vertex 5.12621 112.468 -14.2
    endloop
  endfacet
  facet normal -0.660379 -0.750933 -0
    outer loop
      vertex 5.30815 112.308 -14.2
      vertex 5.12621 112.468 -32.2
      vertex 5.30815 112.308 -32.2
    endloop
  endfacet
  facet normal 0.896844 -0.442347 0
    outer loop
      vertex 2.29082 111.708 -14.2
      vertex 2.39785 111.925 -32.2
      vertex 2.39785 111.925 -14.2
    endloop
  endfacet
  facet normal 0.896844 -0.442347 0
    outer loop
      vertex 2.39785 111.925 -32.2
      vertex 2.29082 111.708 -14.2
      vertex 2.29082 111.708 -32.2
    endloop
  endfacet
  facet normal 0.751962 -0.659206 0
    outer loop
      vertex 2.5323 112.126 -14.2
      vertex 2.69185 112.308 -32.2
      vertex 2.69185 112.308 -14.2
    endloop
  endfacet
  facet normal 0.751962 -0.659206 0
    outer loop
      vertex 2.69185 112.308 -32.2
      vertex 2.5323 112.126 -14.2
      vertex 2.5323 112.126 -32.2
    endloop
  endfacet
  facet normal 0.946874 -0.321606 0
    outer loop
      vertex 2.21304 111.479 -14.2
      vertex 2.29082 111.708 -32.2
      vertex 2.29082 111.708 -14.2
    endloop
  endfacet
  facet normal 0.946874 -0.321606 0
    outer loop
      vertex 2.29082 111.708 -32.2
      vertex 2.21304 111.479 -14.2
      vertex 2.21304 111.479 -32.2
    endloop
  endfacet
  facet normal 0.194248 -0.980952 0
    outer loop
      vertex 3.52118 112.787 -32.2
      vertex 3.75853 112.834 -14.2
      vertex 3.52118 112.787 -14.2
    endloop
  endfacet
  facet normal 0.194248 -0.980952 0
    outer loop
      vertex 3.75853 112.834 -14.2
      vertex 3.52118 112.787 -32.2
      vertex 3.75853 112.834 -32.2
    endloop
  endfacet
  facet normal -0.980889 0.19457 0
    outer loop
      vertex 5.78696 110.521 -32.2
      vertex 5.83417 110.759 -14.2
      vertex 5.83417 110.759 -32.2
    endloop
  endfacet
  facet normal -0.980889 0.19457 0
    outer loop
      vertex 5.83417 110.759 -14.2
      vertex 5.78696 110.521 -32.2
      vertex 5.78696 110.521 -14.2
    endloop
  endfacet
  facet normal 0.660379 0.750933 -0
    outer loop
      vertex 2.87379 109.532 -32.2
      vertex 2.69185 109.692 -14.2
      vertex 2.87379 109.532 -14.2
    endloop
  endfacet
  facet normal 0.660379 0.750933 0
    outer loop
      vertex 2.69185 109.692 -14.2
      vertex 2.87379 109.532 -32.2
      vertex 2.69185 109.692 -32.2
    endloop
  endfacet
  facet normal 0.322245 0.946656 -0
    outer loop
      vertex 3.52118 109.213 -32.2
      vertex 3.29204 109.291 -14.2
      vertex 3.52118 109.213 -14.2
    endloop
  endfacet
  facet normal 0.322245 0.946656 0
    outer loop
      vertex 3.29204 109.291 -14.2
      vertex 3.52118 109.213 -32.2
      vertex 3.29204 109.291 -32.2
    endloop
  endfacet
  facet normal -0.83119 -0.555988 0
    outer loop
      vertex 5.60215 111.925 -32.2
      vertex 5.4677 112.126 -14.2
      vertex 5.4677 112.126 -32.2
    endloop
  endfacet
  facet normal -0.83119 -0.555988 0
    outer loop
      vertex 5.4677 112.126 -14.2
      vertex 5.60215 111.925 -32.2
      vertex 5.60215 111.925 -14.2
    endloop
  endfacet
  facet normal -0.896844 -0.442347 0
    outer loop
      vertex 5.70918 111.708 -32.2
      vertex 5.60215 111.925 -14.2
      vertex 5.60215 111.925 -32.2
    endloop
  endfacet
  facet normal -0.896844 -0.442347 0
    outer loop
      vertex 5.60215 111.925 -14.2
      vertex 5.70918 111.708 -32.2
      vertex 5.70918 111.708 -14.2
    endloop
  endfacet
  facet normal -0.194248 -0.980952 0
    outer loop
      vertex 4.24147 112.834 -32.2
      vertex 4.47882 112.787 -14.2
      vertex 4.24147 112.834 -14.2
    endloop
  endfacet
  facet normal -0.194248 -0.980952 -0
    outer loop
      vertex 4.47882 112.787 -14.2
      vertex 4.24147 112.834 -32.2
      vertex 4.47882 112.787 -32.2
    endloop
  endfacet
  facet normal -0.554299 -0.832317 0
    outer loop
      vertex 4.925 112.602 -32.2
      vertex 5.12621 112.468 -14.2
      vertex 4.925 112.602 -14.2
    endloop
  endfacet
  facet normal -0.554299 -0.832317 -0
    outer loop
      vertex 5.12621 112.468 -14.2
      vertex 4.925 112.602 -32.2
      vertex 5.12621 112.468 -32.2
    endloop
  endfacet
  facet normal 0.83119 -0.555988 0
    outer loop
      vertex 2.39785 111.925 -14.2
      vertex 2.5323 112.126 -32.2
      vertex 2.5323 112.126 -14.2
    endloop
  endfacet
  facet normal 0.83119 -0.555988 0
    outer loop
      vertex 2.5323 112.126 -32.2
      vertex 2.39785 111.925 -14.2
      vertex 2.39785 111.925 -32.2
    endloop
  endfacet
  facet normal 0.980889 -0.19457 0
    outer loop
      vertex 2.16583 111.241 -14.2
      vertex 2.21304 111.479 -32.2
      vertex 2.21304 111.479 -14.2
    endloop
  endfacet
  facet normal 0.980889 -0.19457 0
    outer loop
      vertex 2.21304 111.479 -32.2
      vertex 2.16583 111.241 -14.2
      vertex 2.16583 111.241 -32.2
    endloop
  endfacet
  facet normal 0.442181 -0.896926 0
    outer loop
      vertex 3.075 112.602 -32.2
      vertex 3.29204 112.709 -14.2
      vertex 3.075 112.602 -14.2
    endloop
  endfacet
  facet normal 0.442181 -0.896926 0
    outer loop
      vertex 3.29204 112.709 -14.2
      vertex 3.075 112.602 -32.2
      vertex 3.29204 112.709 -32.2
    endloop
  endfacet
  facet normal 0.554299 -0.832317 0
    outer loop
      vertex 2.87379 112.468 -32.2
      vertex 3.075 112.602 -14.2
      vertex 2.87379 112.468 -14.2
    endloop
  endfacet
  facet normal 0.554299 -0.832317 0
    outer loop
      vertex 3.075 112.602 -14.2
      vertex 2.87379 112.468 -32.2
      vertex 3.075 112.602 -32.2
    endloop
  endfacet
  facet normal 0.0661158 -0.997812 0
    outer loop
      vertex 3.75853 112.834 -32.2
      vertex 4 112.85 -14.2
      vertex 3.75853 112.834 -14.2
    endloop
  endfacet
  facet normal 0.0661158 -0.997812 0
    outer loop
      vertex 4 112.85 -14.2
      vertex 3.75853 112.834 -32.2
      vertex 4 112.85 -32.2
    endloop
  endfacet
  facet normal -0.99785 0.0655434 0
    outer loop
      vertex 5.83417 110.759 -32.2
      vertex 5.85 111 -14.2
      vertex 5.85 111 -32.2
    endloop
  endfacet
  facet normal -0.99785 0.0655434 0
    outer loop
      vertex 5.85 111 -14.2
      vertex 5.83417 110.759 -32.2
      vertex 5.83417 110.759 -14.2
    endloop
  endfacet
  facet normal -0.0661158 0.997812 0
    outer loop
      vertex 4.24147 109.166 -32.2
      vertex 4 109.15 -14.2
      vertex 4.24147 109.166 -14.2
    endloop
  endfacet
  facet normal -0.0661158 0.997812 0
    outer loop
      vertex 4 109.15 -14.2
      vertex 4.24147 109.166 -32.2
      vertex 4 109.15 -32.2
    endloop
  endfacet
  facet normal -0.322245 0.946656 0
    outer loop
      vertex 4.70796 109.291 -32.2
      vertex 4.47882 109.213 -14.2
      vertex 4.70796 109.291 -14.2
    endloop
  endfacet
  facet normal -0.322245 0.946656 0
    outer loop
      vertex 4.47882 109.213 -14.2
      vertex 4.70796 109.291 -32.2
      vertex 4.47882 109.213 -32.2
    endloop
  endfacet
  facet normal -0.660379 0.750933 0
    outer loop
      vertex 5.30815 109.692 -32.2
      vertex 5.12621 109.532 -14.2
      vertex 5.30815 109.692 -14.2
    endloop
  endfacet
  facet normal -0.660379 0.750933 0
    outer loop
      vertex 5.12621 109.532 -14.2
      vertex 5.30815 109.692 -32.2
      vertex 5.12621 109.532 -32.2
    endloop
  endfacet
  facet normal -0.442181 0.896926 0
    outer loop
      vertex 4.925 109.398 -32.2
      vertex 4.70796 109.291 -14.2
      vertex 4.925 109.398 -14.2
    endloop
  endfacet
  facet normal -0.442181 0.896926 0
    outer loop
      vertex 4.70796 109.291 -14.2
      vertex 4.925 109.398 -32.2
      vertex 4.70796 109.291 -32.2
    endloop
  endfacet
  facet normal -0.751962 0.659206 0
    outer loop
      vertex 5.30815 109.692 -32.2
      vertex 5.4677 109.874 -14.2
      vertex 5.4677 109.874 -32.2
    endloop
  endfacet
  facet normal -0.751962 0.659206 0
    outer loop
      vertex 5.4677 109.874 -14.2
      vertex 5.30815 109.692 -32.2
      vertex 5.30815 109.692 -14.2
    endloop
  endfacet
  facet normal -0.896844 0.442347 0
    outer loop
      vertex 5.60215 110.075 -32.2
      vertex 5.70918 110.292 -14.2
      vertex 5.70918 110.292 -32.2
    endloop
  endfacet
  facet normal -0.896844 0.442347 0
    outer loop
      vertex 5.70918 110.292 -14.2
      vertex 5.60215 110.075 -32.2
      vertex 5.60215 110.075 -14.2
    endloop
  endfacet
  facet normal 0.554299 0.832317 -0
    outer loop
      vertex 3.075 109.398 -32.2
      vertex 2.87379 109.532 -14.2
      vertex 3.075 109.398 -14.2
    endloop
  endfacet
  facet normal 0.554299 0.832317 0
    outer loop
      vertex 2.87379 109.532 -14.2
      vertex 3.075 109.398 -32.2
      vertex 2.87379 109.532 -32.2
    endloop
  endfacet
  facet normal 0.194248 0.980952 -0
    outer loop
      vertex 3.75853 109.166 -32.2
      vertex 3.52118 109.213 -14.2
      vertex 3.75853 109.166 -14.2
    endloop
  endfacet
  facet normal 0.194248 0.980952 0
    outer loop
      vertex 3.52118 109.213 -14.2
      vertex 3.75853 109.166 -32.2
      vertex 3.52118 109.213 -32.2
    endloop
  endfacet
  facet normal 0.896844 0.442347 0
    outer loop
      vertex 2.39785 110.075 -14.2
      vertex 2.29082 110.292 -32.2
      vertex 2.29082 110.292 -14.2
    endloop
  endfacet
  facet normal 0.896844 0.442347 0
    outer loop
      vertex 2.29082 110.292 -32.2
      vertex 2.39785 110.075 -14.2
      vertex 2.39785 110.075 -32.2
    endloop
  endfacet
  facet normal 0.751962 0.659206 0
    outer loop
      vertex 2.69185 109.692 -14.2
      vertex 2.5323 109.874 -32.2
      vertex 2.5323 109.874 -14.2
    endloop
  endfacet
  facet normal 0.751962 0.659206 0
    outer loop
      vertex 2.5323 109.874 -32.2
      vertex 2.69185 109.692 -14.2
      vertex 2.69185 109.692 -32.2
    endloop
  endfacet
  facet normal 0.946874 0.321606 0
    outer loop
      vertex 2.29082 110.292 -14.2
      vertex 2.21304 110.521 -32.2
      vertex 2.21304 110.521 -14.2
    endloop
  endfacet
  facet normal 0.946874 0.321606 0
    outer loop
      vertex 2.21304 110.521 -32.2
      vertex 2.29082 110.292 -14.2
      vertex 2.29082 110.292 -32.2
    endloop
  endfacet
  facet normal 0.99785 0.0655434 0
    outer loop
      vertex 2.16583 110.759 -14.2
      vertex 2.15 111 -32.2
      vertex 2.15 111 -14.2
    endloop
  endfacet
  facet normal 0.99785 0.0655434 0
    outer loop
      vertex 2.15 111 -32.2
      vertex 2.16583 110.759 -14.2
      vertex 2.16583 110.759 -32.2
    endloop
  endfacet
  facet normal -0.194248 0.980952 0
    outer loop
      vertex 4.47882 109.213 -32.2
      vertex 4.24147 109.166 -14.2
      vertex 4.47882 109.213 -14.2
    endloop
  endfacet
  facet normal -0.194248 0.980952 0
    outer loop
      vertex 4.24147 109.166 -14.2
      vertex 4.47882 109.213 -32.2
      vertex 4.24147 109.166 -32.2
    endloop
  endfacet
  facet normal -0.554299 0.832317 0
    outer loop
      vertex 5.12621 109.532 -32.2
      vertex 4.925 109.398 -14.2
      vertex 5.12621 109.532 -14.2
    endloop
  endfacet
  facet normal -0.554299 0.832317 0
    outer loop
      vertex 4.925 109.398 -14.2
      vertex 5.12621 109.532 -32.2
      vertex 4.925 109.398 -32.2
    endloop
  endfacet
  facet normal -0.83119 0.555988 0
    outer loop
      vertex 5.4677 109.874 -32.2
      vertex 5.60215 110.075 -14.2
      vertex 5.60215 110.075 -32.2
    endloop
  endfacet
  facet normal -0.83119 0.555988 0
    outer loop
      vertex 5.60215 110.075 -14.2
      vertex 5.4677 109.874 -32.2
      vertex 5.4677 109.874 -14.2
    endloop
  endfacet
  facet normal -0.946874 0.321606 0
    outer loop
      vertex 5.70918 110.292 -32.2
      vertex 5.78696 110.521 -14.2
      vertex 5.78696 110.521 -32.2
    endloop
  endfacet
  facet normal -0.946874 0.321606 0
    outer loop
      vertex 5.78696 110.521 -14.2
      vertex 5.70918 110.292 -32.2
      vertex 5.70918 110.292 -14.2
    endloop
  endfacet
  facet normal 0.442181 0.896926 -0
    outer loop
      vertex 3.29204 109.291 -32.2
      vertex 3.075 109.398 -14.2
      vertex 3.29204 109.291 -14.2
    endloop
  endfacet
  facet normal 0.442181 0.896926 0
    outer loop
      vertex 3.075 109.398 -14.2
      vertex 3.29204 109.291 -32.2
      vertex 3.075 109.398 -32.2
    endloop
  endfacet
  facet normal 0.0661158 0.997812 -0
    outer loop
      vertex 4 109.15 -32.2
      vertex 3.75853 109.166 -14.2
      vertex 4 109.15 -14.2
    endloop
  endfacet
  facet normal 0.0661158 0.997812 0
    outer loop
      vertex 3.75853 109.166 -14.2
      vertex 4 109.15 -32.2
      vertex 3.75853 109.166 -32.2
    endloop
  endfacet
  facet normal 0.83119 0.555988 0
    outer loop
      vertex 2.5323 109.874 -14.2
      vertex 2.39785 110.075 -32.2
      vertex 2.39785 110.075 -14.2
    endloop
  endfacet
  facet normal 0.83119 0.555988 0
    outer loop
      vertex 2.39785 110.075 -32.2
      vertex 2.5323 109.874 -14.2
      vertex 2.5323 109.874 -32.2
    endloop
  endfacet
  facet normal 0.980889 0.19457 0
    outer loop
      vertex 2.21304 110.521 -14.2
      vertex 2.16583 110.759 -32.2
      vertex 2.16583 110.759 -14.2
    endloop
  endfacet
  facet normal 0.980889 0.19457 0
    outer loop
      vertex 2.16583 110.759 -32.2
      vertex 2.21304 110.521 -14.2
      vertex 2.21304 110.521 -32.2
    endloop
  endfacet
  facet normal -0.997857 -0.0654256 0
    outer loop
      vertex 7.25 111 -36.2
      vertex 7.2222 111.424 -32.2
      vertex 7.2222 111.424 -36.2
    endloop
  endfacet
  facet normal -0.997857 -0.0654256 0
    outer loop
      vertex 7.2222 111.424 -32.2
      vertex 7.25 111 -36.2
      vertex 7.25 111 -32.2
    endloop
  endfacet
  facet normal 0.997857 -0.0654349 0
    outer loop
      vertex 0.75 111 -32.2
      vertex 0.777804 111.424 -36.2
      vertex 0.777804 111.424 -32.2
    endloop
  endfacet
  facet normal 0.997857 -0.0654349 0
    outer loop
      vertex 0.777804 111.424 -36.2
      vertex 0.75 111 -32.2
      vertex 0.75 111 -36.2
    endloop
  endfacet
  facet normal -0.0658617 -0.997829 0
    outer loop
      vertex 4 114.25 -36.2
      vertex 4.42421 114.222 -32.2
      vertex 4 114.25 -32.2
    endloop
  endfacet
  facet normal -0.0658617 -0.997829 -0
    outer loop
      vertex 4.42421 114.222 -32.2
      vertex 4 114.25 -36.2
      vertex 4.42421 114.222 -36.2
    endloop
  endfacet
  facet normal -0.658936 -0.752199 0
    outer loop
      vertex 5.97847 113.578 -36.2
      vertex 6.2981 113.298 -32.2
      vertex 5.97847 113.578 -32.2
    endloop
  endfacet
  facet normal -0.658936 -0.752199 -0
    outer loop
      vertex 6.2981 113.298 -32.2
      vertex 5.97847 113.578 -36.2
      vertex 6.2981 113.298 -36.2
    endloop
  endfacet
  facet normal 0.658936 -0.752199 0
    outer loop
      vertex 1.7019 113.298 -36.2
      vertex 2.02153 113.578 -32.2
      vertex 1.7019 113.298 -32.2
    endloop
  endfacet
  facet normal 0.658936 -0.752199 0
    outer loop
      vertex 2.02153 113.578 -32.2
      vertex 1.7019 113.298 -36.2
      vertex 2.02153 113.578 -36.2
    endloop
  endfacet
  facet normal 0.320066 -0.947395 0
    outer loop
      vertex 2.75628 114.003 -36.2
      vertex 3.15884 114.139 -32.2
      vertex 2.75628 114.003 -32.2
    endloop
  endfacet
  facet normal 0.320066 -0.947395 0
    outer loop
      vertex 3.15884 114.139 -32.2
      vertex 2.75628 114.003 -36.2
      vertex 3.15884 114.139 -36.2
    endloop
  endfacet
  facet normal -0.896741 -0.442557 0
    outer loop
      vertex 7.00261 112.244 -36.2
      vertex 6.81458 112.625 -32.2
      vertex 6.81458 112.625 -36.2
    endloop
  endfacet
  facet normal -0.896741 -0.442557 0
    outer loop
      vertex 6.81458 112.625 -32.2
      vertex 7.00261 112.244 -36.2
      vertex 7.00261 112.244 -32.2
    endloop
  endfacet
  facet normal -0.831129 -0.55608 0
    outer loop
      vertex 6.81458 112.625 -36.2
      vertex 6.5784 112.978 -32.2
      vertex 6.5784 112.978 -36.2
    endloop
  endfacet
  facet normal -0.831129 -0.55608 0
    outer loop
      vertex 6.5784 112.978 -32.2
      vertex 6.81458 112.625 -36.2
      vertex 6.81458 112.625 -32.2
    endloop
  endfacet
  facet normal -0.442239 -0.896897 0
    outer loop
      vertex 5.24372 114.003 -36.2
      vertex 5.625 113.815 -32.2
      vertex 5.24372 114.003 -32.2
    endloop
  endfacet
  facet normal -0.442239 -0.896897 -0
    outer loop
      vertex 5.625 113.815 -32.2
      vertex 5.24372 114.003 -36.2
      vertex 5.625 113.815 -36.2
    endloop
  endfacet
  facet normal -0.5569 -0.83058 0
    outer loop
      vertex 5.625 113.815 -36.2
      vertex 5.97847 113.578 -32.2
      vertex 5.625 113.815 -32.2
    endloop
  endfacet
  facet normal -0.5569 -0.83058 -0
    outer loop
      vertex 5.97847 113.578 -32.2
      vertex 5.625 113.815 -36.2
      vertex 5.97847 113.578 -36.2
    endloop
  endfacet
  facet normal 0.896742 -0.442553 0
    outer loop
      vertex 0.997392 112.244 -32.2
      vertex 1.18542 112.625 -36.2
      vertex 1.18542 112.625 -32.2
    endloop
  endfacet
  facet normal 0.896742 -0.442553 0
    outer loop
      vertex 1.18542 112.625 -36.2
      vertex 0.997392 112.244 -32.2
      vertex 0.997392 112.244 -36.2
    endloop
  endfacet
  facet normal 0.752227 -0.658904 0
    outer loop
      vertex 1.4216 112.978 -32.2
      vertex 1.7019 113.298 -36.2
      vertex 1.7019 113.298 -32.2
    endloop
  endfacet
  facet normal 0.752227 -0.658904 0
    outer loop
      vertex 1.7019 113.298 -36.2
      vertex 1.4216 112.978 -32.2
      vertex 1.4216 112.978 -36.2
    endloop
  endfacet
  facet normal 0 0 -1
    outer loop
      vertex 5.85 111 -32.2
      vertex 7.25 111 -32.2
      vertex 7.2222 110.576 -32.2
    endloop
  endfacet
  facet normal 0 0 -1
    outer loop
      vertex 5.83417 110.759 -32.2
      vertex 7.2222 110.576 -32.2
      vertex 7.13926 110.159 -32.2
    endloop
  endfacet
  facet normal 0 0 -1
    outer loop
      vertex 7.25 111 -32.2
      vertex 5.85 111 -32.2
      vertex 7.2222 111.424 -32.2
    endloop
  endfacet
  facet normal 0 0 -1
    outer loop
      vertex 5.78696 110.521 -32.2
      vertex 7.13926 110.159 -32.2
      vertex 7.00261 109.756 -32.2
    endloop
  endfacet
  facet normal 0 0 -1
    outer loop
      vertex 5.83417 111.241 -32.2
      vertex 7.2222 111.424 -32.2
      vertex 5.85 111 -32.2
    endloop
  endfacet
  facet normal 0 0 -1
    outer loop
      vertex 5.70918 110.292 -32.2
      vertex 7.00261 109.756 -32.2
      vertex 6.81458 109.375 -32.2
    endloop
  endfacet
  facet normal -0 0 -1
    outer loop
      vertex 7.2222 111.424 -32.2
      vertex 5.83417 111.241 -32.2
      vertex 7.13926 111.841 -32.2
    endloop
  endfacet
  facet normal 0 0 -1
    outer loop
      vertex 5.60215 110.075 -32.2
      vertex 6.81458 109.375 -32.2
      vertex 6.5784 109.022 -32.2
    endloop
  endfacet
  facet normal 0 0 -1
    outer loop
      vertex 5.78696 111.479 -32.2
      vertex 7.13926 111.841 -32.2
      vertex 5.83417 111.241 -32.2
    endloop
  endfacet
  facet normal 0 0 -1
    outer loop
      vertex 5.4677 109.874 -32.2
      vertex 6.5784 109.022 -32.2
      vertex 6.2981 108.702 -32.2
    endloop
  endfacet
  facet normal -0 0 -1
    outer loop
      vertex 7.13926 111.841 -32.2
      vertex 5.78696 111.479 -32.2
      vertex 7.00261 112.244 -32.2
    endloop
  endfacet
  facet normal 0 0 -1
    outer loop
      vertex 5.30815 109.692 -32.2
      vertex 6.2981 108.702 -32.2
      vertex 5.97847 108.422 -32.2
    endloop
  endfacet
  facet normal 0 0 -1
    outer loop
      vertex 5.70918 111.708 -32.2
      vertex 7.00261 112.244 -32.2
      vertex 5.78696 111.479 -32.2
    endloop
  endfacet
  facet normal -0 0 -1
    outer loop
      vertex 7.00261 112.244 -32.2
      vertex 5.70918 111.708 -32.2
      vertex 6.81458 112.625 -32.2
    endloop
  endfacet
  facet normal 0 0 -1
    outer loop
      vertex 7.2222 110.576 -32.2
      vertex 5.83417 110.759 -32.2
      vertex 5.85 111 -32.2
    endloop
  endfacet
  facet normal 0 0 -1
    outer loop
      vertex 7.13926 110.159 -32.2
      vertex 5.78696 110.521 -32.2
      vertex 5.83417 110.759 -32.2
    endloop
  endfacet
  facet normal 0 0 -1
    outer loop
      vertex 7.00261 109.756 -32.2
      vertex 5.70918 110.292 -32.2
      vertex 5.78696 110.521 -32.2
    endloop
  endfacet
  facet normal 0 0 -1
    outer loop
      vertex 5.12621 109.532 -32.2
      vertex 5.97847 108.422 -32.2
      vertex 5.625 108.185 -32.2
    endloop
  endfacet
  facet normal 0 0 -1
    outer loop
      vertex 6.81458 109.375 -32.2
      vertex 5.60215 110.075 -32.2
      vertex 5.70918 110.292 -32.2
    endloop
  endfacet
  facet normal 0 0 -1
    outer loop
      vertex 6.5784 109.022 -32.2
      vertex 5.4677 109.874 -32.2
      vertex 5.60215 110.075 -32.2
    endloop
  endfacet
  facet normal 0 0 -1
    outer loop
      vertex 6.2981 108.702 -32.2
      vertex 5.30815 109.692 -32.2
      vertex 5.4677 109.874 -32.2
    endloop
  endfacet
  facet normal 0 0 -1
    outer loop
      vertex 4.925 109.398 -32.2
      vertex 5.625 108.185 -32.2
      vertex 5.24372 107.997 -32.2
    endloop
  endfacet
  facet normal 0 0 -1
    outer loop
      vertex 5.97847 108.422 -32.2
      vertex 5.12621 109.532 -32.2
      vertex 5.30815 109.692 -32.2
    endloop
  endfacet
  facet normal 0 0 -1
    outer loop
      vertex 5.625 108.185 -32.2
      vertex 4.925 109.398 -32.2
      vertex 5.12621 109.532 -32.2
    endloop
  endfacet
  facet normal 0 0 -1
    outer loop
      vertex 4.70796 109.291 -32.2
      vertex 5.24372 107.997 -32.2
      vertex 4.84116 107.861 -32.2
    endloop
  endfacet
  facet normal 0 0 -1
    outer loop
      vertex 5.24372 107.997 -32.2
      vertex 4.70796 109.291 -32.2
      vertex 4.925 109.398 -32.2
    endloop
  endfacet
  facet normal 0 0 -1
    outer loop
      vertex 4.84116 107.861 -32.2
      vertex 4.47882 109.213 -32.2
      vertex 4.70796 109.291 -32.2
    endloop
  endfacet
  facet normal 0 0 -1
    outer loop
      vertex 4.42421 107.778 -32.2
      vertex 4.47882 109.213 -32.2
      vertex 4.84116 107.861 -32.2
    endloop
  endfacet
  facet normal 0 0 -1
    outer loop
      vertex 4.42421 107.778 -32.2
      vertex 4.24147 109.166 -32.2
      vertex 4.47882 109.213 -32.2
    endloop
  endfacet
  facet normal 0 0 -1
    outer loop
      vertex 4 107.75 -32.2
      vertex 4.24147 109.166 -32.2
      vertex 4.42421 107.778 -32.2
    endloop
  endfacet
  facet normal 0 0 -1
    outer loop
      vertex 4 107.75 -32.2
      vertex 4 109.15 -32.2
      vertex 4.24147 109.166 -32.2
    endloop
  endfacet
  facet normal 0 0 -1
    outer loop
      vertex 4 107.75 -32.2
      vertex 3.75853 109.166 -32.2
      vertex 4 109.15 -32.2
    endloop
  endfacet
  facet normal 0 0 -1
    outer loop
      vertex 3.57579 107.778 -32.2
      vertex 3.75853 109.166 -32.2
      vertex 4 107.75 -32.2
    endloop
  endfacet
  facet normal 0 0 -1
    outer loop
      vertex 3.57579 107.778 -32.2
      vertex 3.52118 109.213 -32.2
      vertex 3.75853 109.166 -32.2
    endloop
  endfacet
  facet normal 0 0 -1
    outer loop
      vertex 3.15884 107.861 -32.2
      vertex 3.52118 109.213 -32.2
      vertex 3.57579 107.778 -32.2
    endloop
  endfacet
  facet normal -0 0 -1
    outer loop
      vertex 3.52118 109.213 -32.2
      vertex 3.15884 107.861 -32.2
      vertex 3.29204 109.291 -32.2
    endloop
  endfacet
  facet normal 0 0 -1
    outer loop
      vertex 2.75628 107.997 -32.2
      vertex 3.29204 109.291 -32.2
      vertex 3.15884 107.861 -32.2
    endloop
  endfacet
  facet normal -0 0 -1
    outer loop
      vertex 3.29204 109.291 -32.2
      vertex 2.75628 107.997 -32.2
      vertex 3.075 109.398 -32.2
    endloop
  endfacet
  facet normal 0 0 -1
    outer loop
      vertex 2.375 108.185 -32.2
      vertex 3.075 109.398 -32.2
      vertex 2.75628 107.997 -32.2
    endloop
  endfacet
  facet normal -0 0 -1
    outer loop
      vertex 3.075 109.398 -32.2
      vertex 2.375 108.185 -32.2
      vertex 2.87379 109.532 -32.2
    endloop
  endfacet
  facet normal 0 0 -1
    outer loop
      vertex 2.02153 108.422 -32.2
      vertex 2.87379 109.532 -32.2
      vertex 2.375 108.185 -32.2
    endloop
  endfacet
  facet normal -0 0 -1
    outer loop
      vertex 2.87379 109.532 -32.2
      vertex 2.02153 108.422 -32.2
      vertex 2.69185 109.692 -32.2
    endloop
  endfacet
  facet normal 0 0 -1
    outer loop
      vertex 1.7019 108.702 -32.2
      vertex 2.69185 109.692 -32.2
      vertex 2.02153 108.422 -32.2
    endloop
  endfacet
  facet normal -0 0 -1
    outer loop
      vertex 2.69185 109.692 -32.2
      vertex 1.7019 108.702 -32.2
      vertex 2.5323 109.874 -32.2
    endloop
  endfacet
  facet normal 0 0 -1
    outer loop
      vertex 1.4216 109.022 -32.2
      vertex 2.5323 109.874 -32.2
      vertex 1.7019 108.702 -32.2
    endloop
  endfacet
  facet normal -0 0 -1
    outer loop
      vertex 2.5323 109.874 -32.2
      vertex 1.4216 109.022 -32.2
      vertex 2.39785 110.075 -32.2
    endloop
  endfacet
  facet normal -0 0 -1
    outer loop
      vertex 2.39785 110.075 -32.2
      vertex 1.18542 109.375 -32.2
      vertex 2.29082 110.292 -32.2
    endloop
  endfacet
  facet normal 0 0 -1
    outer loop
      vertex 1.18542 109.375 -32.2
      vertex 2.39785 110.075 -32.2
      vertex 1.4216 109.022 -32.2
    endloop
  endfacet
  facet normal 0 0 -1
    outer loop
      vertex 5.60215 111.925 -32.2
      vertex 6.81458 112.625 -32.2
      vertex 5.70918 111.708 -32.2
    endloop
  endfacet
  facet normal -0 0 -1
    outer loop
      vertex 6.81458 112.625 -32.2
      vertex 5.60215 111.925 -32.2
      vertex 6.5784 112.978 -32.2
    endloop
  endfacet
  facet normal 0 0 -1
    outer loop
      vertex 5.4677 112.126 -32.2
      vertex 6.5784 112.978 -32.2
      vertex 5.60215 111.925 -32.2
    endloop
  endfacet
  facet normal -0 0 -1
    outer loop
      vertex 6.5784 112.978 -32.2
      vertex 5.4677 112.126 -32.2
      vertex 6.2981 113.298 -32.2
    endloop
  endfacet
  facet normal 0 0 -1
    outer loop
      vertex 5.30815 112.308 -32.2
      vertex 6.2981 113.298 -32.2
      vertex 5.4677 112.126 -32.2
    endloop
  endfacet
  facet normal -0 0 -1
    outer loop
      vertex 6.2981 113.298 -32.2
      vertex 5.30815 112.308 -32.2
      vertex 5.97847 113.578 -32.2
    endloop
  endfacet
  facet normal 0 0 -1
    outer loop
      vertex 5.12621 112.468 -32.2
      vertex 5.97847 113.578 -32.2
      vertex 5.30815 112.308 -32.2
    endloop
  endfacet
  facet normal -0 0 -1
    outer loop
      vertex 5.97847 113.578 -32.2
      vertex 5.12621 112.468 -32.2
      vertex 5.625 113.815 -32.2
    endloop
  endfacet
  facet normal 0 0 -1
    outer loop
      vertex 4.925 112.602 -32.2
      vertex 5.625 113.815 -32.2
      vertex 5.12621 112.468 -32.2
    endloop
  endfacet
  facet normal -0 0 -1
    outer loop
      vertex 5.625 113.815 -32.2
      vertex 4.925 112.602 -32.2
      vertex 5.24372 114.003 -32.2
    endloop
  endfacet
  facet normal 0 0 -1
    outer loop
      vertex 4.70796 112.709 -32.2
      vertex 5.24372 114.003 -32.2
      vertex 4.925 112.602 -32.2
    endloop
  endfacet
  facet normal -0 0 -1
    outer loop
      vertex 5.24372 114.003 -32.2
      vertex 4.70796 112.709 -32.2
      vertex 4.84116 114.139 -32.2
    endloop
  endfacet
  facet normal 0 0 -1
    outer loop
      vertex 4.47882 112.787 -32.2
      vertex 4.84116 114.139 -32.2
      vertex 4.70796 112.709 -32.2
    endloop
  endfacet
  facet normal 0 0 -1
    outer loop
      vertex 4.47882 112.787 -32.2
      vertex 4.42421 114.222 -32.2
      vertex 4.84116 114.139 -32.2
    endloop
  endfacet
  facet normal 0 0 -1
    outer loop
      vertex 4.24147 112.834 -32.2
      vertex 4.42421 114.222 -32.2
      vertex 4.47882 112.787 -32.2
    endloop
  endfacet
  facet normal 0 0 -1
    outer loop
      vertex 4 112.85 -32.2
      vertex 4.42421 114.222 -32.2
      vertex 4.24147 112.834 -32.2
    endloop
  endfacet
  facet normal 0 0 -1
    outer loop
      vertex 4 112.85 -32.2
      vertex 4 114.25 -32.2
      vertex 4.42421 114.222 -32.2
    endloop
  endfacet
  facet normal 0 0 -1
    outer loop
      vertex 3.75853 112.834 -32.2
      vertex 4 114.25 -32.2
      vertex 4 112.85 -32.2
    endloop
  endfacet
  facet normal 0 0 -1
    outer loop
      vertex 3.75853 112.834 -32.2
      vertex 3.57579 114.222 -32.2
      vertex 4 114.25 -32.2
    endloop
  endfacet
  facet normal 0 0 -1
    outer loop
      vertex 3.52118 112.787 -32.2
      vertex 3.57579 114.222 -32.2
      vertex 3.75853 112.834 -32.2
    endloop
  endfacet
  facet normal 0 0 -1
    outer loop
      vertex 3.15884 114.139 -32.2
      vertex 3.52118 112.787 -32.2
      vertex 3.29204 112.709 -32.2
    endloop
  endfacet
  facet normal 0 0 -1
    outer loop
      vertex 3.52118 112.787 -32.2
      vertex 3.15884 114.139 -32.2
      vertex 3.57579 114.222 -32.2
    endloop
  endfacet
  facet normal 0 0 -1
    outer loop
      vertex 2.75628 114.003 -32.2
      vertex 3.29204 112.709 -32.2
      vertex 3.075 112.602 -32.2
    endloop
  endfacet
  facet normal 0 0 -1
    outer loop
      vertex 2.375 113.815 -32.2
      vertex 3.075 112.602 -32.2
      vertex 2.87379 112.468 -32.2
    endloop
  endfacet
  facet normal 0 0 -1
    outer loop
      vertex 3.29204 112.709 -32.2
      vertex 2.75628 114.003 -32.2
      vertex 3.15884 114.139 -32.2
    endloop
  endfacet
  facet normal 0 0 -1
    outer loop
      vertex 2.02153 113.578 -32.2
      vertex 2.87379 112.468 -32.2
      vertex 2.69185 112.308 -32.2
    endloop
  endfacet
  facet normal 0 0 -1
    outer loop
      vertex 1.7019 113.298 -32.2
      vertex 2.69185 112.308 -32.2
      vertex 2.5323 112.126 -32.2
    endloop
  endfacet
  facet normal 0 0 -1
    outer loop
      vertex 1.4216 112.978 -32.2
      vertex 2.5323 112.126 -32.2
      vertex 2.39785 111.925 -32.2
    endloop
  endfacet
  facet normal 0 0 -1
    outer loop
      vertex 3.075 112.602 -32.2
      vertex 2.375 113.815 -32.2
      vertex 2.75628 114.003 -32.2
    endloop
  endfacet
  facet normal 0 0 -1
    outer loop
      vertex 1.18542 112.625 -32.2
      vertex 2.39785 111.925 -32.2
      vertex 2.29082 111.708 -32.2
    endloop
  endfacet
  facet normal 0 0 -1
    outer loop
      vertex 0.997392 112.244 -32.2
      vertex 2.29082 111.708 -32.2
      vertex 2.21304 111.479 -32.2
    endloop
  endfacet
  facet normal 0 0 -1
    outer loop
      vertex 0.860742 111.841 -32.2
      vertex 2.21304 111.479 -32.2
      vertex 2.16583 111.241 -32.2
    endloop
  endfacet
  facet normal 0 0 -1
    outer loop
      vertex 2.87379 112.468 -32.2
      vertex 2.02153 113.578 -32.2
      vertex 2.375 113.815 -32.2
    endloop
  endfacet
  facet normal 0 0 -1
    outer loop
      vertex 0.777804 111.424 -32.2
      vertex 2.16583 111.241 -32.2
      vertex 2.15 111 -32.2
    endloop
  endfacet
  facet normal 0 0 -1
    outer loop
      vertex 0.997392 109.756 -32.2
      vertex 2.29082 110.292 -32.2
      vertex 1.18542 109.375 -32.2
    endloop
  endfacet
  facet normal -0 0 -1
    outer loop
      vertex 2.29082 110.292 -32.2
      vertex 0.997392 109.756 -32.2
      vertex 2.21304 110.521 -32.2
    endloop
  endfacet
  facet normal 0 0 -1
    outer loop
      vertex 2.69185 112.308 -32.2
      vertex 1.7019 113.298 -32.2
      vertex 2.02153 113.578 -32.2
    endloop
  endfacet
  facet normal 0 0 -1
    outer loop
      vertex 0.860742 110.159 -32.2
      vertex 2.21304 110.521 -32.2
      vertex 0.997392 109.756 -32.2
    endloop
  endfacet
  facet normal 0 0 -1
    outer loop
      vertex 2.5323 112.126 -32.2
      vertex 1.4216 112.978 -32.2
      vertex 1.7019 113.298 -32.2
    endloop
  endfacet
  facet normal -0 0 -1
    outer loop
      vertex 2.21304 110.521 -32.2
      vertex 0.860742 110.159 -32.2
      vertex 2.16583 110.759 -32.2
    endloop
  endfacet
  facet normal 0 0 -1
    outer loop
      vertex 2.39785 111.925 -32.2
      vertex 1.18542 112.625 -32.2
      vertex 1.4216 112.978 -32.2
    endloop
  endfacet
  facet normal 0 0 -1
    outer loop
      vertex 0.777804 110.576 -32.2
      vertex 2.16583 110.759 -32.2
      vertex 0.860742 110.159 -32.2
    endloop
  endfacet
  facet normal 0 0 -1
    outer loop
      vertex 2.29082 111.708 -32.2
      vertex 0.997392 112.244 -32.2
      vertex 1.18542 112.625 -32.2
    endloop
  endfacet
  facet normal -0 0 -1
    outer loop
      vertex 2.16583 110.759 -32.2
      vertex 0.777804 110.576 -32.2
      vertex 2.15 111 -32.2
    endloop
  endfacet
  facet normal 0 0 -1
    outer loop
      vertex 2.21304 111.479 -32.2
      vertex 0.860742 111.841 -32.2
      vertex 0.997392 112.244 -32.2
    endloop
  endfacet
  facet normal 0 0 -1
    outer loop
      vertex 0.75 111 -32.2
      vertex 2.15 111 -32.2
      vertex 0.777804 110.576 -32.2
    endloop
  endfacet
  facet normal 0 0 -1
    outer loop
      vertex 2.16583 111.241 -32.2
      vertex 0.777804 111.424 -32.2
      vertex 0.860742 111.841 -32.2
    endloop
  endfacet
  facet normal 0 0 -1
    outer loop
      vertex 2.15 111 -32.2
      vertex 0.75 111 -32.2
      vertex 0.777804 111.424 -32.2
    endloop
  endfacet
  facet normal 0.0658617 -0.997829 0
    outer loop
      vertex 3.57579 114.222 -36.2
      vertex 4 114.25 -32.2
      vertex 3.57579 114.222 -32.2
    endloop
  endfacet
  facet normal 0.0658617 -0.997829 0
    outer loop
      vertex 4 114.25 -32.2
      vertex 3.57579 114.222 -36.2
      vertex 4 114.25 -36.2
    endloop
  endfacet
  facet normal -0.947037 0.321123 0
    outer loop
      vertex 7.00261 109.756 -36.2
      vertex 7.13926 110.159 -32.2
      vertex 7.13926 110.159 -36.2
    endloop
  endfacet
  facet normal -0.947037 0.321123 0
    outer loop
      vertex 7.13926 110.159 -32.2
      vertex 7.00261 109.756 -36.2
      vertex 7.00261 109.756 -32.2
    endloop
  endfacet
  facet normal -0.0658617 0.997829 0
    outer loop
      vertex 4.42421 107.778 -36.2
      vertex 4 107.75 -32.2
      vertex 4.42421 107.778 -32.2
    endloop
  endfacet
  facet normal -0.0658617 0.997829 0
    outer loop
      vertex 4 107.75 -32.2
      vertex 4.42421 107.778 -36.2
      vertex 4 107.75 -36.2
    endloop
  endfacet
  facet normal 0.658936 0.752199 -0
    outer loop
      vertex 2.02153 108.422 -36.2
      vertex 1.7019 108.702 -32.2
      vertex 2.02153 108.422 -32.2
    endloop
  endfacet
  facet normal 0.658936 0.752199 0
    outer loop
      vertex 1.7019 108.702 -32.2
      vertex 2.02153 108.422 -36.2
      vertex 1.7019 108.702 -36.2
    endloop
  endfacet
  facet normal 0.997857 0.0654349 0
    outer loop
      vertex 0.777804 110.576 -32.2
      vertex 0.75 111 -36.2
      vertex 0.75 111 -32.2
    endloop
  endfacet
  facet normal 0.997857 0.0654349 0
    outer loop
      vertex 0.75 111 -36.2
      vertex 0.777804 110.576 -32.2
      vertex 0.777804 110.576 -36.2
    endloop
  endfacet
  facet normal -0.947037 -0.321123 0
    outer loop
      vertex 7.13926 111.841 -36.2
      vertex 7.00261 112.244 -32.2
      vertex 7.00261 112.244 -36.2
    endloop
  endfacet
  facet normal -0.947037 -0.321123 0
    outer loop
      vertex 7.00261 112.244 -32.2
      vertex 7.13926 111.841 -36.2
      vertex 7.13926 111.841 -32.2
    endloop
  endfacet
  facet normal -0.980788 -0.195076 0
    outer loop
      vertex 7.2222 111.424 -36.2
      vertex 7.13926 111.841 -32.2
      vertex 7.13926 111.841 -36.2
    endloop
  endfacet
  facet normal -0.980788 -0.195076 0
    outer loop
      vertex 7.13926 111.841 -32.2
      vertex 7.2222 111.424 -36.2
      vertex 7.2222 111.424 -32.2
    endloop
  endfacet
  facet normal -0.752227 -0.658904 0
    outer loop
      vertex 6.5784 112.978 -36.2
      vertex 6.2981 113.298 -32.2
      vertex 6.2981 113.298 -36.2
    endloop
  endfacet
  facet normal -0.752227 -0.658904 0
    outer loop
      vertex 6.2981 113.298 -32.2
      vertex 6.5784 112.978 -36.2
      vertex 6.5784 112.978 -32.2
    endloop
  endfacet
  facet normal -0.320066 -0.947395 0
    outer loop
      vertex 4.84116 114.139 -36.2
      vertex 5.24372 114.003 -32.2
      vertex 4.84116 114.139 -32.2
    endloop
  endfacet
  facet normal -0.320066 -0.947395 -0
    outer loop
      vertex 5.24372 114.003 -32.2
      vertex 4.84116 114.139 -36.2
      vertex 5.24372 114.003 -36.2
    endloop
  endfacet
  facet normal -0.195234 -0.980757 0
    outer loop
      vertex 4.42421 114.222 -36.2
      vertex 4.84116 114.139 -32.2
      vertex 4.42421 114.222 -32.2
    endloop
  endfacet
  facet normal -0.195234 -0.980757 -0
    outer loop
      vertex 4.84116 114.139 -32.2
      vertex 4.42421 114.222 -36.2
      vertex 4.84116 114.139 -36.2
    endloop
  endfacet
  facet normal 0.831129 -0.55608 0
    outer loop
      vertex 1.18542 112.625 -32.2
      vertex 1.4216 112.978 -36.2
      vertex 1.4216 112.978 -32.2
    endloop
  endfacet
  facet normal 0.831129 -0.55608 0
    outer loop
      vertex 1.4216 112.978 -36.2
      vertex 1.18542 112.625 -32.2
      vertex 1.18542 112.625 -36.2
    endloop
  endfacet
  facet normal 0.947037 -0.321123 0
    outer loop
      vertex 0.860742 111.841 -32.2
      vertex 0.997392 112.244 -36.2
      vertex 0.997392 112.244 -32.2
    endloop
  endfacet
  facet normal 0.947037 -0.321123 0
    outer loop
      vertex 0.997392 112.244 -36.2
      vertex 0.860742 111.841 -32.2
      vertex 0.860742 111.841 -36.2
    endloop
  endfacet
  facet normal 0.980789 -0.195071 0
    outer loop
      vertex 0.777804 111.424 -32.2
      vertex 0.860742 111.841 -36.2
      vertex 0.860742 111.841 -32.2
    endloop
  endfacet
  facet normal 0.980789 -0.195071 0
    outer loop
      vertex 0.860742 111.841 -36.2
      vertex 0.777804 111.424 -32.2
      vertex 0.777804 111.424 -36.2
    endloop
  endfacet
  facet normal 0.442239 -0.896897 0
    outer loop
      vertex 2.375 113.815 -36.2
      vertex 2.75628 114.003 -32.2
      vertex 2.375 113.815 -32.2
    endloop
  endfacet
  facet normal 0.442239 -0.896897 0
    outer loop
      vertex 2.75628 114.003 -32.2
      vertex 2.375 113.815 -36.2
      vertex 2.75628 114.003 -36.2
    endloop
  endfacet
  facet normal 0.5569 -0.83058 0
    outer loop
      vertex 2.02153 113.578 -36.2
      vertex 2.375 113.815 -32.2
      vertex 2.02153 113.578 -32.2
    endloop
  endfacet
  facet normal 0.5569 -0.83058 0
    outer loop
      vertex 2.375 113.815 -32.2
      vertex 2.02153 113.578 -36.2
      vertex 2.375 113.815 -36.2
    endloop
  endfacet
  facet normal 0.195234 -0.980757 0
    outer loop
      vertex 3.15884 114.139 -36.2
      vertex 3.57579 114.222 -32.2
      vertex 3.15884 114.139 -32.2
    endloop
  endfacet
  facet normal 0.195234 -0.980757 0
    outer loop
      vertex 3.57579 114.222 -32.2
      vertex 3.15884 114.139 -36.2
      vertex 3.57579 114.222 -36.2
    endloop
  endfacet
  facet normal -0.195234 0.980757 0
    outer loop
      vertex 4.84116 107.861 -36.2
      vertex 4.42421 107.778 -32.2
      vertex 4.84116 107.861 -32.2
    endloop
  endfacet
  facet normal -0.195234 0.980757 0
    outer loop
      vertex 4.42421 107.778 -32.2
      vertex 4.84116 107.861 -36.2
      vertex 4.42421 107.778 -36.2
    endloop
  endfacet
  facet normal -0.658936 0.752199 0
    outer loop
      vertex 6.2981 108.702 -36.2
      vertex 5.97847 108.422 -32.2
      vertex 6.2981 108.702 -32.2
    endloop
  endfacet
  facet normal -0.658936 0.752199 0
    outer loop
      vertex 5.97847 108.422 -32.2
      vertex 6.2981 108.702 -36.2
      vertex 5.97847 108.422 -36.2
    endloop
  endfacet
  facet normal -0.442239 0.896897 0
    outer loop
      vertex 5.625 108.185 -36.2
      vertex 5.24372 107.997 -32.2
      vertex 5.625 108.185 -32.2
    endloop
  endfacet
  facet normal -0.442239 0.896897 0
    outer loop
      vertex 5.24372 107.997 -32.2
      vertex 5.625 108.185 -36.2
      vertex 5.24372 107.997 -36.2
    endloop
  endfacet
  facet normal -0.831129 0.55608 0
    outer loop
      vertex 6.5784 109.022 -36.2
      vertex 6.81458 109.375 -32.2
      vertex 6.81458 109.375 -36.2
    endloop
  endfacet
  facet normal -0.831129 0.55608 0
    outer loop
      vertex 6.81458 109.375 -32.2
      vertex 6.5784 109.022 -36.2
      vertex 6.5784 109.022 -32.2
    endloop
  endfacet
  facet normal 0.5569 0.83058 -0
    outer loop
      vertex 2.375 108.185 -36.2
      vertex 2.02153 108.422 -32.2
      vertex 2.375 108.185 -32.2
    endloop
  endfacet
  facet normal 0.5569 0.83058 0
    outer loop
      vertex 2.02153 108.422 -32.2
      vertex 2.375 108.185 -36.2
      vertex 2.02153 108.422 -36.2
    endloop
  endfacet
  facet normal 0.320066 0.947395 -0
    outer loop
      vertex 3.15884 107.861 -36.2
      vertex 2.75628 107.997 -32.2
      vertex 3.15884 107.861 -32.2
    endloop
  endfacet
  facet normal 0.320066 0.947395 0
    outer loop
      vertex 2.75628 107.997 -32.2
      vertex 3.15884 107.861 -36.2
      vertex 2.75628 107.997 -36.2
    endloop
  endfacet
  facet normal 0.0658617 0.997829 -0
    outer loop
      vertex 4 107.75 -36.2
      vertex 3.57579 107.778 -32.2
      vertex 4 107.75 -32.2
    endloop
  endfacet
  facet normal 0.0658617 0.997829 0
    outer loop
      vertex 3.57579 107.778 -32.2
      vertex 4 107.75 -36.2
      vertex 3.57579 107.778 -36.2
    endloop
  endfacet
  facet normal 0.896742 0.442553 0
    outer loop
      vertex 1.18542 109.375 -32.2
      vertex 0.997392 109.756 -36.2
      vertex 0.997392 109.756 -32.2
    endloop
  endfacet
  facet normal 0.896742 0.442553 0
    outer loop
      vertex 0.997392 109.756 -36.2
      vertex 1.18542 109.375 -32.2
      vertex 1.18542 109.375 -36.2
    endloop
  endfacet
  facet normal 0.752227 0.658904 0
    outer loop
      vertex 1.7019 108.702 -32.2
      vertex 1.4216 109.022 -36.2
      vertex 1.4216 109.022 -32.2
    endloop
  endfacet
  facet normal 0.752227 0.658904 0
    outer loop
      vertex 1.4216 109.022 -36.2
      vertex 1.7019 108.702 -32.2
      vertex 1.7019 108.702 -36.2
    endloop
  endfacet
  facet normal 0.980789 0.195071 0
    outer loop
      vertex 0.860742 110.159 -32.2
      vertex 0.777804 110.576 -36.2
      vertex 0.777804 110.576 -32.2
    endloop
  endfacet
  facet normal 0.980789 0.195071 0
    outer loop
      vertex 0.777804 110.576 -36.2
      vertex 0.860742 110.159 -32.2
      vertex 0.860742 110.159 -36.2
    endloop
  endfacet
  facet normal -0.320066 0.947395 0
    outer loop
      vertex 5.24372 107.997 -36.2
      vertex 4.84116 107.861 -32.2
      vertex 5.24372 107.997 -32.2
    endloop
  endfacet
  facet normal -0.320066 0.947395 0
    outer loop
      vertex 4.84116 107.861 -32.2
      vertex 5.24372 107.997 -36.2
      vertex 4.84116 107.861 -36.2
    endloop
  endfacet
  facet normal -0.752227 0.658904 0
    outer loop
      vertex 6.2981 108.702 -36.2
      vertex 6.5784 109.022 -32.2
      vertex 6.5784 109.022 -36.2
    endloop
  endfacet
  facet normal -0.752227 0.658904 0
    outer loop
      vertex 6.5784 109.022 -32.2
      vertex 6.2981 108.702 -36.2
      vertex 6.2981 108.702 -32.2
    endloop
  endfacet
  facet normal -0.5569 0.83058 0
    outer loop
      vertex 5.97847 108.422 -36.2
      vertex 5.625 108.185 -32.2
      vertex 5.97847 108.422 -32.2
    endloop
  endfacet
  facet normal -0.5569 0.83058 0
    outer loop
      vertex 5.625 108.185 -32.2
      vertex 5.97847 108.422 -36.2
      vertex 5.625 108.185 -36.2
    endloop
  endfacet
  facet normal -0.980788 0.195076 0
    outer loop
      vertex 7.13926 110.159 -36.2
      vertex 7.2222 110.576 -32.2
      vertex 7.2222 110.576 -36.2
    endloop
  endfacet
  facet normal -0.980788 0.195076 0
    outer loop
      vertex 7.2222 110.576 -32.2
      vertex 7.13926 110.159 -36.2
      vertex 7.13926 110.159 -32.2
    endloop
  endfacet
  facet normal -0.896741 0.442557 0
    outer loop
      vertex 6.81458 109.375 -36.2
      vertex 7.00261 109.756 -32.2
      vertex 7.00261 109.756 -36.2
    endloop
  endfacet
  facet normal -0.896741 0.442557 0
    outer loop
      vertex 7.00261 109.756 -32.2
      vertex 6.81458 109.375 -36.2
      vertex 6.81458 109.375 -32.2
    endloop
  endfacet
  facet normal 0.442239 0.896897 -0
    outer loop
      vertex 2.75628 107.997 -36.2
      vertex 2.375 108.185 -32.2
      vertex 2.75628 107.997 -32.2
    endloop
  endfacet
  facet normal 0.442239 0.896897 0
    outer loop
      vertex 2.375 108.185 -32.2
      vertex 2.75628 107.997 -36.2
      vertex 2.375 108.185 -36.2
    endloop
  endfacet
  facet normal 0.195234 0.980757 -0
    outer loop
      vertex 3.57579 107.778 -36.2
      vertex 3.15884 107.861 -32.2
      vertex 3.57579 107.778 -32.2
    endloop
  endfacet
  facet normal 0.195234 0.980757 0
    outer loop
      vertex 3.15884 107.861 -32.2
      vertex 3.57579 107.778 -36.2
      vertex 3.15884 107.861 -36.2
    endloop
  endfacet
  facet normal 0.831129 0.55608 0
    outer loop
      vertex 1.4216 109.022 -32.2
      vertex 1.18542 109.375 -36.2
      vertex 1.18542 109.375 -32.2
    endloop
  endfacet
  facet normal 0.831129 0.55608 0
    outer loop
      vertex 1.18542 109.375 -36.2
      vertex 1.4216 109.022 -32.2
      vertex 1.4216 109.022 -36.2
    endloop
  endfacet
  facet normal 0.947037 0.321123 0
    outer loop
      vertex 0.997392 109.756 -32.2
      vertex 0.860742 110.159 -36.2
      vertex 0.860742 110.159 -32.2
    endloop
  endfacet
  facet normal 0.947037 0.321123 0
    outer loop
      vertex 0.860742 110.159 -36.2
      vertex 0.997392 109.756 -32.2
      vertex 0.997392 109.756 -36.2
    endloop
  endfacet
  facet normal -0.997857 0.0654256 0
    outer loop
      vertex 7.2222 110.576 -36.2
      vertex 7.25 111 -32.2
      vertex 7.25 111 -36.2
    endloop
  endfacet
  facet normal -0.997857 0.0654256 0
    outer loop
      vertex 7.25 111 -32.2
      vertex 7.2222 110.576 -36.2
      vertex 7.2222 110.576 -32.2
    endloop
  endfacet
  facet normal -0.997803 -0.0662442 0
    outer loop
      vertex 177.85 111 -32.2
      vertex 177.834 111.241 -14.2
      vertex 177.834 111.241 -32.2
    endloop
  endfacet
  facet normal -0.997803 -0.0662442 0
    outer loop
      vertex 177.834 111.241 -14.2
      vertex 177.85 111 -32.2
      vertex 177.85 111 -14.2
    endloop
  endfacet
  facet normal 0.997803 -0.0662442 0
    outer loop
      vertex 174.15 111 -14.2
      vertex 174.166 111.241 -32.2
      vertex 174.166 111.241 -14.2
    endloop
  endfacet
  facet normal 0.997803 -0.0662442 0
    outer loop
      vertex 174.166 111.241 -32.2
      vertex 174.15 111 -14.2
      vertex 174.15 111 -32.2
    endloop
  endfacet
  facet normal -0.0662442 -0.997803 0
    outer loop
      vertex 176 112.85 -32.2
      vertex 176.241 112.834 -14.2
      vertex 176 112.85 -14.2
    endloop
  endfacet
  facet normal -0.0662442 -0.997803 -0
    outer loop
      vertex 176.241 112.834 -14.2
      vertex 176 112.85 -32.2
      vertex 176.241 112.834 -32.2
    endloop
  endfacet
  facet normal 0.0662442 0.997803 -0
    outer loop
      vertex 176 109.15 -32.2
      vertex 175.759 109.166 -14.2
      vertex 176 109.15 -14.2
    endloop
  endfacet
  facet normal 0.0662442 0.997803 0
    outer loop
      vertex 175.759 109.166 -14.2
      vertex 176 109.15 -32.2
      vertex 175.759 109.166 -32.2
    endloop
  endfacet
  facet normal -0.751041 -0.660256 0
    outer loop
      vertex 177.468 112.126 -32.2
      vertex 177.308 112.308 -14.2
      vertex 177.308 112.308 -32.2
    endloop
  endfacet
  facet normal -0.751041 -0.660256 0
    outer loop
      vertex 177.308 112.308 -14.2
      vertex 177.468 112.126 -32.2
      vertex 177.468 112.126 -14.2
    endloop
  endfacet
  facet normal 0.660256 -0.751041 0
    outer loop
      vertex 174.692 112.308 -32.2
      vertex 174.874 112.468 -14.2
      vertex 174.692 112.308 -14.2
    endloop
  endfacet
  facet normal 0.660256 -0.751041 0
    outer loop
      vertex 174.874 112.468 -14.2
      vertex 174.692 112.308 -32.2
      vertex 174.874 112.468 -32.2
    endloop
  endfacet
  facet normal 0.322421 -0.946596 0
    outer loop
      vertex 175.292 112.709 -32.2
      vertex 175.521 112.787 -14.2
      vertex 175.292 112.709 -14.2
    endloop
  endfacet
  facet normal 0.322421 -0.946596 0
    outer loop
      vertex 175.521 112.787 -14.2
      vertex 175.292 112.709 -32.2
      vertex 175.521 112.787 -32.2
    endloop
  endfacet
  facet normal -0.946596 -0.322421 0
    outer loop
      vertex 177.787 111.479 -32.2
      vertex 177.709 111.708 -14.2
      vertex 177.709 111.708 -32.2
    endloop
  endfacet
  facet normal -0.946596 -0.322421 0
    outer loop
      vertex 177.709 111.708 -14.2
      vertex 177.787 111.479 -32.2
      vertex 177.787 111.479 -14.2
    endloop
  endfacet
  facet normal -0.981053 -0.193737 0
    outer loop
      vertex 177.834 111.241 -32.2
      vertex 177.787 111.479 -14.2
      vertex 177.787 111.479 -32.2
    endloop
  endfacet
  facet normal -0.981053 -0.193737 0
    outer loop
      vertex 177.787 111.479 -14.2
      vertex 177.834 111.241 -32.2
      vertex 177.834 111.241 -14.2
    endloop
  endfacet
  facet normal -0.442247 -0.896893 0
    outer loop
      vertex 176.708 112.709 -32.2
      vertex 176.925 112.602 -14.2
      vertex 176.708 112.709 -14.2
    endloop
  endfacet
  facet normal -0.442247 -0.896893 -0
    outer loop
      vertex 176.925 112.602 -14.2
      vertex 176.708 112.709 -32.2
      vertex 176.925 112.602 -32.2
    endloop
  endfacet
  facet normal -0.322421 -0.946596 0
    outer loop
      vertex 176.479 112.787 -32.2
      vertex 176.708 112.709 -14.2
      vertex 176.479 112.787 -14.2
    endloop
  endfacet
  facet normal -0.322421 -0.946596 -0
    outer loop
      vertex 176.708 112.709 -14.2
      vertex 176.479 112.787 -32.2
      vertex 176.708 112.709 -32.2
    endloop
  endfacet
  facet normal -0.660256 -0.751041 0
    outer loop
      vertex 177.126 112.468 -32.2
      vertex 177.308 112.308 -14.2
      vertex 177.126 112.468 -14.2
    endloop
  endfacet
  facet normal -0.660256 -0.751041 -0
    outer loop
      vertex 177.308 112.308 -14.2
      vertex 177.126 112.468 -32.2
      vertex 177.308 112.308 -32.2
    endloop
  endfacet
  facet normal 0.896893 -0.442247 0
    outer loop
      vertex 174.291 111.708 -14.2
      vertex 174.398 111.925 -32.2
      vertex 174.398 111.925 -14.2
    endloop
  endfacet
  facet normal 0.896893 -0.442247 0
    outer loop
      vertex 174.398 111.925 -32.2
      vertex 174.291 111.708 -14.2
      vertex 174.291 111.708 -32.2
    endloop
  endfacet
  facet normal 0.751041 -0.660256 0
    outer loop
      vertex 174.532 112.126 -14.2
      vertex 174.692 112.308 -32.2
      vertex 174.692 112.308 -14.2
    endloop
  endfacet
  facet normal 0.751041 -0.660256 0
    outer loop
      vertex 174.692 112.308 -32.2
      vertex 174.532 112.126 -14.2
      vertex 174.532 112.126 -32.2
    endloop
  endfacet
  facet normal 0.946596 -0.322421 0
    outer loop
      vertex 174.213 111.479 -14.2
      vertex 174.291 111.708 -32.2
      vertex 174.291 111.708 -14.2
    endloop
  endfacet
  facet normal 0.946596 -0.322421 0
    outer loop
      vertex 174.291 111.708 -32.2
      vertex 174.213 111.479 -14.2
      vertex 174.213 111.479 -32.2
    endloop
  endfacet
  facet normal 0.193737 -0.981053 0
    outer loop
      vertex 175.521 112.787 -32.2
      vertex 175.759 112.834 -14.2
      vertex 175.521 112.787 -14.2
    endloop
  endfacet
  facet normal 0.193737 -0.981053 0
    outer loop
      vertex 175.759 112.834 -14.2
      vertex 175.521 112.787 -32.2
      vertex 175.759 112.834 -32.2
    endloop
  endfacet
  facet normal -0.946596 0.322421 0
    outer loop
      vertex 177.709 110.292 -32.2
      vertex 177.787 110.521 -14.2
      vertex 177.787 110.521 -32.2
    endloop
  endfacet
  facet normal -0.946596 0.322421 0
    outer loop
      vertex 177.787 110.521 -14.2
      vertex 177.709 110.292 -32.2
      vertex 177.709 110.292 -14.2
    endloop
  endfacet
  facet normal -0.981053 0.193737 0
    outer loop
      vertex 177.787 110.521 -32.2
      vertex 177.834 110.759 -14.2
      vertex 177.834 110.759 -32.2
    endloop
  endfacet
  facet normal -0.981053 0.193737 0
    outer loop
      vertex 177.834 110.759 -14.2
      vertex 177.787 110.521 -32.2
      vertex 177.787 110.521 -14.2
    endloop
  endfacet
  facet normal 0.442247 0.896893 -0
    outer loop
      vertex 175.292 109.291 -32.2
      vertex 175.075 109.398 -14.2
      vertex 175.292 109.291 -14.2
    endloop
  endfacet
  facet normal 0.442247 0.896893 0
    outer loop
      vertex 175.075 109.398 -14.2
      vertex 175.292 109.291 -32.2
      vertex 175.075 109.398 -32.2
    endloop
  endfacet
  facet normal 0.660256 0.751041 -0
    outer loop
      vertex 174.874 109.532 -32.2
      vertex 174.692 109.692 -14.2
      vertex 174.874 109.532 -14.2
    endloop
  endfacet
  facet normal 0.660256 0.751041 0
    outer loop
      vertex 174.692 109.692 -14.2
      vertex 174.874 109.532 -32.2
      vertex 174.692 109.692 -32.2
    endloop
  endfacet
  facet normal 0.322421 0.946596 -0
    outer loop
      vertex 175.521 109.213 -32.2
      vertex 175.292 109.291 -14.2
      vertex 175.521 109.213 -14.2
    endloop
  endfacet
  facet normal 0.322421 0.946596 0
    outer loop
      vertex 175.292 109.291 -14.2
      vertex 175.521 109.213 -32.2
      vertex 175.292 109.291 -32.2
    endloop
  endfacet
  facet normal -0.83205 -0.5547 0
    outer loop
      vertex 177.602 111.925 -32.2
      vertex 177.468 112.126 -14.2
      vertex 177.468 112.126 -32.2
    endloop
  endfacet
  facet normal -0.83205 -0.5547 0
    outer loop
      vertex 177.468 112.126 -14.2
      vertex 177.602 111.925 -32.2
      vertex 177.602 111.925 -14.2
    endloop
  endfacet
  facet normal -0.896893 -0.442247 0
    outer loop
      vertex 177.709 111.708 -32.2
      vertex 177.602 111.925 -14.2
      vertex 177.602 111.925 -32.2
    endloop
  endfacet
  facet normal -0.896893 -0.442247 0
    outer loop
      vertex 177.602 111.925 -14.2
      vertex 177.709 111.708 -32.2
      vertex 177.709 111.708 -14.2
    endloop
  endfacet
  facet normal -0.193737 -0.981053 0
    outer loop
      vertex 176.241 112.834 -32.2
      vertex 176.479 112.787 -14.2
      vertex 176.241 112.834 -14.2
    endloop
  endfacet
  facet normal -0.193737 -0.981053 -0
    outer loop
      vertex 176.479 112.787 -14.2
      vertex 176.241 112.834 -32.2
      vertex 176.479 112.787 -32.2
    endloop
  endfacet
  facet normal -0.5547 -0.83205 0
    outer loop
      vertex 176.925 112.602 -32.2
      vertex 177.126 112.468 -14.2
      vertex 176.925 112.602 -14.2
    endloop
  endfacet
  facet normal -0.5547 -0.83205 -0
    outer loop
      vertex 177.126 112.468 -14.2
      vertex 176.925 112.602 -32.2
      vertex 177.126 112.468 -32.2
    endloop
  endfacet
  facet normal 0.83205 -0.5547 0
    outer loop
      vertex 174.398 111.925 -14.2
      vertex 174.532 112.126 -32.2
      vertex 174.532 112.126 -14.2
    endloop
  endfacet
  facet normal 0.83205 -0.5547 0
    outer loop
      vertex 174.532 112.126 -32.2
      vertex 174.398 111.925 -14.2
      vertex 174.398 111.925 -32.2
    endloop
  endfacet
  facet normal 0.981053 -0.193737 0
    outer loop
      vertex 174.166 111.241 -14.2
      vertex 174.213 111.479 -32.2
      vertex 174.213 111.479 -14.2
    endloop
  endfacet
  facet normal 0.981053 -0.193737 0
    outer loop
      vertex 174.213 111.479 -32.2
      vertex 174.166 111.241 -14.2
      vertex 174.166 111.241 -32.2
    endloop
  endfacet
  facet normal 0.442247 -0.896893 0
    outer loop
      vertex 175.075 112.602 -32.2
      vertex 175.292 112.709 -14.2
      vertex 175.075 112.602 -14.2
    endloop
  endfacet
  facet normal 0.442247 -0.896893 0
    outer loop
      vertex 175.292 112.709 -14.2
      vertex 175.075 112.602 -32.2
      vertex 175.292 112.709 -32.2
    endloop
  endfacet
  facet normal 0.5547 -0.83205 0
    outer loop
      vertex 174.874 112.468 -32.2
      vertex 175.075 112.602 -14.2
      vertex 174.874 112.468 -14.2
    endloop
  endfacet
  facet normal 0.5547 -0.83205 0
    outer loop
      vertex 175.075 112.602 -14.2
      vertex 174.874 112.468 -32.2
      vertex 175.075 112.602 -32.2
    endloop
  endfacet
  facet normal 0.0662442 -0.997803 0
    outer loop
      vertex 175.759 112.834 -32.2
      vertex 176 112.85 -14.2
      vertex 175.759 112.834 -14.2
    endloop
  endfacet
  facet normal 0.0662442 -0.997803 0
    outer loop
      vertex 176 112.85 -14.2
      vertex 175.759 112.834 -32.2
      vertex 176 112.85 -32.2
    endloop
  endfacet
  facet normal -0.997803 0.0662442 0
    outer loop
      vertex 177.834 110.759 -32.2
      vertex 177.85 111 -14.2
      vertex 177.85 111 -32.2
    endloop
  endfacet
  facet normal -0.997803 0.0662442 0
    outer loop
      vertex 177.85 111 -14.2
      vertex 177.834 110.759 -32.2
      vertex 177.834 110.759 -14.2
    endloop
  endfacet
  facet normal -0.0662442 0.997803 0
    outer loop
      vertex 176.241 109.166 -32.2
      vertex 176 109.15 -14.2
      vertex 176.241 109.166 -14.2
    endloop
  endfacet
  facet normal -0.0662442 0.997803 0
    outer loop
      vertex 176 109.15 -14.2
      vertex 176.241 109.166 -32.2
      vertex 176 109.15 -32.2
    endloop
  endfacet
  facet normal -0.322421 0.946596 0
    outer loop
      vertex 176.708 109.291 -32.2
      vertex 176.479 109.213 -14.2
      vertex 176.708 109.291 -14.2
    endloop
  endfacet
  facet normal -0.322421 0.946596 0
    outer loop
      vertex 176.479 109.213 -14.2
      vertex 176.708 109.291 -32.2
      vertex 176.479 109.213 -32.2
    endloop
  endfacet
  facet normal -0.660256 0.751041 0
    outer loop
      vertex 177.308 109.692 -32.2
      vertex 177.126 109.532 -14.2
      vertex 177.308 109.692 -14.2
    endloop
  endfacet
  facet normal -0.660256 0.751041 0
    outer loop
      vertex 177.126 109.532 -14.2
      vertex 177.308 109.692 -32.2
      vertex 177.126 109.532 -32.2
    endloop
  endfacet
  facet normal -0.442247 0.896893 0
    outer loop
      vertex 176.925 109.398 -32.2
      vertex 176.708 109.291 -14.2
      vertex 176.925 109.398 -14.2
    endloop
  endfacet
  facet normal -0.442247 0.896893 0
    outer loop
      vertex 176.708 109.291 -14.2
      vertex 176.925 109.398 -32.2
      vertex 176.708 109.291 -32.2
    endloop
  endfacet
  facet normal -0.751041 0.660256 0
    outer loop
      vertex 177.308 109.692 -32.2
      vertex 177.468 109.874 -14.2
      vertex 177.468 109.874 -32.2
    endloop
  endfacet
  facet normal -0.751041 0.660256 0
    outer loop
      vertex 177.468 109.874 -14.2
      vertex 177.308 109.692 -32.2
      vertex 177.308 109.692 -14.2
    endloop
  endfacet
  facet normal -0.896893 0.442247 0
    outer loop
      vertex 177.602 110.075 -32.2
      vertex 177.709 110.292 -14.2
      vertex 177.709 110.292 -32.2
    endloop
  endfacet
  facet normal -0.896893 0.442247 0
    outer loop
      vertex 177.709 110.292 -14.2
      vertex 177.602 110.075 -32.2
      vertex 177.602 110.075 -14.2
    endloop
  endfacet
  facet normal 0.5547 0.83205 -0
    outer loop
      vertex 175.075 109.398 -32.2
      vertex 174.874 109.532 -14.2
      vertex 175.075 109.398 -14.2
    endloop
  endfacet
  facet normal 0.5547 0.83205 0
    outer loop
      vertex 174.874 109.532 -14.2
      vertex 175.075 109.398 -32.2
      vertex 174.874 109.532 -32.2
    endloop
  endfacet
  facet normal 0.193737 0.981053 -0
    outer loop
      vertex 175.759 109.166 -32.2
      vertex 175.521 109.213 -14.2
      vertex 175.759 109.166 -14.2
    endloop
  endfacet
  facet normal 0.193737 0.981053 0
    outer loop
      vertex 175.521 109.213 -14.2
      vertex 175.759 109.166 -32.2
      vertex 175.521 109.213 -32.2
    endloop
  endfacet
  facet normal 0.896893 0.442247 0
    outer loop
      vertex 174.398 110.075 -14.2
      vertex 174.291 110.292 -32.2
      vertex 174.291 110.292 -14.2
    endloop
  endfacet
  facet normal 0.896893 0.442247 0
    outer loop
      vertex 174.291 110.292 -32.2
      vertex 174.398 110.075 -14.2
      vertex 174.398 110.075 -32.2
    endloop
  endfacet
  facet normal 0.751041 0.660256 0
    outer loop
      vertex 174.692 109.692 -14.2
      vertex 174.532 109.874 -32.2
      vertex 174.532 109.874 -14.2
    endloop
  endfacet
  facet normal 0.751041 0.660256 0
    outer loop
      vertex 174.532 109.874 -32.2
      vertex 174.692 109.692 -14.2
      vertex 174.692 109.692 -32.2
    endloop
  endfacet
  facet normal 0.946596 0.322421 0
    outer loop
      vertex 174.291 110.292 -14.2
      vertex 174.213 110.521 -32.2
      vertex 174.213 110.521 -14.2
    endloop
  endfacet
  facet normal 0.946596 0.322421 0
    outer loop
      vertex 174.213 110.521 -32.2
      vertex 174.291 110.292 -14.2
      vertex 174.291 110.292 -32.2
    endloop
  endfacet
  facet normal 0.997803 0.0662442 0
    outer loop
      vertex 174.166 110.759 -14.2
      vertex 174.15 111 -32.2
      vertex 174.15 111 -14.2
    endloop
  endfacet
  facet normal 0.997803 0.0662442 0
    outer loop
      vertex 174.15 111 -32.2
      vertex 174.166 110.759 -14.2
      vertex 174.166 110.759 -32.2
    endloop
  endfacet
  facet normal -0.193737 0.981053 0
    outer loop
      vertex 176.479 109.213 -32.2
      vertex 176.241 109.166 -14.2
      vertex 176.479 109.213 -14.2
    endloop
  endfacet
  facet normal -0.193737 0.981053 0
    outer loop
      vertex 176.241 109.166 -14.2
      vertex 176.479 109.213 -32.2
      vertex 176.241 109.166 -32.2
    endloop
  endfacet
  facet normal -0.5547 0.83205 0
    outer loop
      vertex 177.126 109.532 -32.2
      vertex 176.925 109.398 -14.2
      vertex 177.126 109.532 -14.2
    endloop
  endfacet
  facet normal -0.5547 0.83205 0
    outer loop
      vertex 176.925 109.398 -14.2
      vertex 177.126 109.532 -32.2
      vertex 176.925 109.398 -32.2
    endloop
  endfacet
  facet normal -0.83205 0.5547 0
    outer loop
      vertex 177.468 109.874 -32.2
      vertex 177.602 110.075 -14.2
      vertex 177.602 110.075 -32.2
    endloop
  endfacet
  facet normal -0.83205 0.5547 0
    outer loop
      vertex 177.602 110.075 -14.2
      vertex 177.468 109.874 -32.2
      vertex 177.468 109.874 -14.2
    endloop
  endfacet
  facet normal 0.83205 0.5547 0
    outer loop
      vertex 174.532 109.874 -14.2
      vertex 174.398 110.075 -32.2
      vertex 174.398 110.075 -14.2
    endloop
  endfacet
  facet normal 0.83205 0.5547 0
    outer loop
      vertex 174.398 110.075 -32.2
      vertex 174.532 109.874 -14.2
      vertex 174.532 109.874 -32.2
    endloop
  endfacet
  facet normal 0.981053 0.193737 0
    outer loop
      vertex 174.213 110.521 -14.2
      vertex 174.166 110.759 -32.2
      vertex 174.166 110.759 -14.2
    endloop
  endfacet
  facet normal 0.981053 0.193737 0
    outer loop
      vertex 174.166 110.759 -32.2
      vertex 174.213 110.521 -14.2
      vertex 174.213 110.521 -32.2
    endloop
  endfacet
  facet normal -0.557411 -0.830237 0
    outer loop
      vertex 177.625 113.815 -36.2
      vertex 177.978 113.578 -32.2
      vertex 177.625 113.815 -32.2
    endloop
  endfacet
  facet normal -0.557411 -0.830237 -0
    outer loop
      vertex 177.978 113.578 -32.2
      vertex 177.625 113.815 -36.2
      vertex 177.978 113.578 -36.2
    endloop
  endfacet
  facet normal 0.319752 -0.947501 0
    outer loop
      vertex 174.756 114.003 -36.2
      vertex 175.159 114.139 -32.2
      vertex 174.756 114.003 -32.2
    endloop
  endfacet
  facet normal 0.319752 -0.947501 0
    outer loop
      vertex 175.159 114.139 -32.2
      vertex 174.756 114.003 -36.2
      vertex 175.159 114.139 -36.2
    endloop
  endfacet
  facet normal 0.896769 -0.4425 0
    outer loop
      vertex 172.997 112.244 -32.2
      vertex 173.185 112.625 -36.2
      vertex 173.185 112.625 -32.2
    endloop
  endfacet
  facet normal 0.896769 -0.4425 0
    outer loop
      vertex 173.185 112.625 -36.2
      vertex 172.997 112.244 -32.2
      vertex 172.997 112.244 -36.2
    endloop
  endfacet
  facet normal 0.896769 0.4425 0
    outer loop
      vertex 173.185 109.375 -32.2
      vertex 172.997 109.756 -36.2
      vertex 172.997 109.756 -32.2
    endloop
  endfacet
  facet normal 0.896769 0.4425 0
    outer loop
      vertex 172.997 109.756 -36.2
      vertex 173.185 109.375 -32.2
      vertex 173.185 109.375 -36.2
    endloop
  endfacet
  facet normal -0.947501 -0.319752 0
    outer loop
      vertex 179.139 111.841 -36.2
      vertex 179.003 112.244 -32.2
      vertex 179.003 112.244 -36.2
    endloop
  endfacet
  facet normal -0.947501 -0.319752 0
    outer loop
      vertex 179.003 112.244 -32.2
      vertex 179.139 111.841 -36.2
      vertex 179.139 111.841 -32.2
    endloop
  endfacet
  facet normal -0.896769 -0.4425 0
    outer loop
      vertex 179.003 112.244 -36.2
      vertex 178.815 112.625 -32.2
      vertex 178.815 112.625 -36.2
    endloop
  endfacet
  facet normal -0.896769 -0.4425 0
    outer loop
      vertex 178.815 112.625 -32.2
      vertex 179.003 112.244 -36.2
      vertex 179.003 112.244 -32.2
    endloop
  endfacet
  facet normal -0.830237 -0.557411 0
    outer loop
      vertex 178.815 112.625 -36.2
      vertex 178.578 112.978 -32.2
      vertex 178.578 112.978 -36.2
    endloop
  endfacet
  facet normal -0.830237 -0.557411 0
    outer loop
      vertex 178.578 112.978 -32.2
      vertex 178.815 112.625 -36.2
      vertex 178.815 112.625 -32.2
    endloop
  endfacet
  facet normal -0.752577 -0.658505 0
    outer loop
      vertex 178.578 112.978 -36.2
      vertex 178.298 113.298 -32.2
      vertex 178.298 113.298 -36.2
    endloop
  endfacet
  facet normal -0.752577 -0.658505 0
    outer loop
      vertex 178.298 113.298 -32.2
      vertex 178.578 112.978 -36.2
      vertex 178.578 112.978 -32.2
    endloop
  endfacet
  facet normal -0.4425 -0.896769 0
    outer loop
      vertex 177.244 114.003 -36.2
      vertex 177.625 113.815 -32.2
      vertex 177.244 114.003 -32.2
    endloop
  endfacet
  facet normal -0.4425 -0.896769 -0
    outer loop
      vertex 177.625 113.815 -32.2
      vertex 177.244 114.003 -36.2
      vertex 177.625 113.815 -36.2
    endloop
  endfacet
  facet normal -0.0658942 -0.997827 0
    outer loop
      vertex 176 114.25 -36.2
      vertex 176.424 114.222 -32.2
      vertex 176 114.25 -32.2
    endloop
  endfacet
  facet normal -0.0658942 -0.997827 -0
    outer loop
      vertex 176.424 114.222 -32.2
      vertex 176 114.25 -36.2
      vertex 176.424 114.222 -36.2
    endloop
  endfacet
  facet normal -0.195211 -0.980761 0
    outer loop
      vertex 176.424 114.222 -36.2
      vertex 176.841 114.139 -32.2
      vertex 176.424 114.222 -32.2
    endloop
  endfacet
  facet normal -0.195211 -0.980761 -0
    outer loop
      vertex 176.841 114.139 -32.2
      vertex 176.424 114.222 -36.2
      vertex 176.841 114.139 -36.2
    endloop
  endfacet
  facet normal 0.997827 -0.0658942 0
    outer loop
      vertex 172.75 111 -32.2
      vertex 172.778 111.424 -36.2
      vertex 172.778 111.424 -32.2
    endloop
  endfacet
  facet normal 0.997827 -0.0658942 0
    outer loop
      vertex 172.778 111.424 -36.2
      vertex 172.75 111 -32.2
      vertex 172.75 111 -36.2
    endloop
  endfacet
  facet normal 0.980761 -0.195211 0
    outer loop
      vertex 172.778 111.424 -32.2
      vertex 172.861 111.841 -36.2
      vertex 172.861 111.841 -32.2
    endloop
  endfacet
  facet normal 0.980761 -0.195211 0
    outer loop
      vertex 172.861 111.841 -36.2
      vertex 172.778 111.424 -32.2
      vertex 172.778 111.424 -36.2
    endloop
  endfacet
  facet normal 0.752577 -0.658505 0
    outer loop
      vertex 173.422 112.978 -32.2
      vertex 173.702 113.298 -36.2
      vertex 173.702 113.298 -32.2
    endloop
  endfacet
  facet normal 0.752577 -0.658505 0
    outer loop
      vertex 173.702 113.298 -36.2
      vertex 173.422 112.978 -32.2
      vertex 173.422 112.978 -36.2
    endloop
  endfacet
  facet normal 0.0658942 -0.997827 0
    outer loop
      vertex 175.576 114.222 -36.2
      vertex 176 114.25 -32.2
      vertex 175.576 114.222 -32.2
    endloop
  endfacet
  facet normal 0.0658942 -0.997827 0
    outer loop
      vertex 176 114.25 -32.2
      vertex 175.576 114.222 -36.2
      vertex 176 114.25 -36.2
    endloop
  endfacet
  facet normal 0.658505 -0.752577 0
    outer loop
      vertex 173.702 113.298 -36.2
      vertex 174.022 113.578 -32.2
      vertex 173.702 113.298 -32.2
    endloop
  endfacet
  facet normal 0.658505 -0.752577 0
    outer loop
      vertex 174.022 113.578 -32.2
      vertex 173.702 113.298 -36.2
      vertex 174.022 113.578 -36.2
    endloop
  endfacet
  facet normal -0.997827 -0.0658942 0
    outer loop
      vertex 179.25 111 -36.2
      vertex 179.222 111.424 -32.2
      vertex 179.222 111.424 -36.2
    endloop
  endfacet
  facet normal -0.997827 -0.0658942 0
    outer loop
      vertex 179.222 111.424 -32.2
      vertex 179.25 111 -36.2
      vertex 179.25 111 -32.2
    endloop
  endfacet
  facet normal -0.0658942 0.997827 0
    outer loop
      vertex 176.424 107.778 -36.2
      vertex 176 107.75 -32.2
      vertex 176.424 107.778 -32.2
    endloop
  endfacet
  facet normal -0.0658942 0.997827 0
    outer loop
      vertex 176 107.75 -32.2
      vertex 176.424 107.778 -36.2
      vertex 176 107.75 -36.2
    endloop
  endfacet
  facet normal -0.830237 0.557411 0
    outer loop
      vertex 178.578 109.022 -36.2
      vertex 178.815 109.375 -32.2
      vertex 178.815 109.375 -36.2
    endloop
  endfacet
  facet normal -0.830237 0.557411 0
    outer loop
      vertex 178.815 109.375 -32.2
      vertex 178.578 109.022 -36.2
      vertex 178.578 109.022 -32.2
    endloop
  endfacet
  facet normal -0.195211 0.980761 0
    outer loop
      vertex 176.841 107.861 -36.2
      vertex 176.424 107.778 -32.2
      vertex 176.841 107.861 -32.2
    endloop
  endfacet
  facet normal -0.195211 0.980761 0
    outer loop
      vertex 176.424 107.778 -32.2
      vertex 176.841 107.861 -36.2
      vertex 176.424 107.778 -36.2
    endloop
  endfacet
  facet normal -0.752577 0.658505 0
    outer loop
      vertex 178.298 108.702 -36.2
      vertex 178.578 109.022 -32.2
      vertex 178.578 109.022 -36.2
    endloop
  endfacet
  facet normal -0.752577 0.658505 0
    outer loop
      vertex 178.578 109.022 -32.2
      vertex 178.298 108.702 -36.2
      vertex 178.298 108.702 -32.2
    endloop
  endfacet
  facet normal 0.557411 0.830237 -0
    outer loop
      vertex 174.375 108.185 -36.2
      vertex 174.022 108.422 -32.2
      vertex 174.375 108.185 -32.2
    endloop
  endfacet
  facet normal 0.557411 0.830237 0
    outer loop
      vertex 174.022 108.422 -32.2
      vertex 174.375 108.185 -36.2
      vertex 174.022 108.422 -36.2
    endloop
  endfacet
  facet normal 0.658505 0.752577 -0
    outer loop
      vertex 174.022 108.422 -36.2
      vertex 173.702 108.702 -32.2
      vertex 174.022 108.422 -32.2
    endloop
  endfacet
  facet normal 0.658505 0.752577 0
    outer loop
      vertex 173.702 108.702 -32.2
      vertex 174.022 108.422 -36.2
      vertex 173.702 108.702 -36.2
    endloop
  endfacet
  facet normal 0.997827 0.0658942 0
    outer loop
      vertex 172.778 110.576 -32.2
      vertex 172.75 111 -36.2
      vertex 172.75 111 -32.2
    endloop
  endfacet
  facet normal 0.997827 0.0658942 0
    outer loop
      vertex 172.75 111 -36.2
      vertex 172.778 110.576 -32.2
      vertex 172.778 110.576 -36.2
    endloop
  endfacet
  facet normal -0.980761 -0.195211 0
    outer loop
      vertex 179.222 111.424 -36.2
      vertex 179.139 111.841 -32.2
      vertex 179.139 111.841 -36.2
    endloop
  endfacet
  facet normal -0.980761 -0.195211 0
    outer loop
      vertex 179.139 111.841 -32.2
      vertex 179.222 111.424 -36.2
      vertex 179.222 111.424 -32.2
    endloop
  endfacet
  facet normal -0.658505 -0.752577 0
    outer loop
      vertex 177.978 113.578 -36.2
      vertex 178.298 113.298 -32.2
      vertex 177.978 113.578 -32.2
    endloop
  endfacet
  facet normal -0.658505 -0.752577 -0
    outer loop
      vertex 178.298 113.298 -32.2
      vertex 177.978 113.578 -36.2
      vertex 178.298 113.298 -36.2
    endloop
  endfacet
  facet normal -0.319752 -0.947501 0
    outer loop
      vertex 176.841 114.139 -36.2
      vertex 177.244 114.003 -32.2
      vertex 176.841 114.139 -32.2
    endloop
  endfacet
  facet normal -0.319752 -0.947501 -0
    outer loop
      vertex 177.244 114.003 -32.2
      vertex 176.841 114.139 -36.2
      vertex 177.244 114.003 -36.2
    endloop
  endfacet
  facet normal 0 0 -1
    outer loop
      vertex 177.85 111 -32.2
      vertex 179.25 111 -32.2
      vertex 179.222 110.576 -32.2
    endloop
  endfacet
  facet normal 0 0 -1
    outer loop
      vertex 177.834 110.759 -32.2
      vertex 179.222 110.576 -32.2
      vertex 179.139 110.159 -32.2
    endloop
  endfacet
  facet normal 0 0 -1
    outer loop
      vertex 179.25 111 -32.2
      vertex 177.85 111 -32.2
      vertex 179.222 111.424 -32.2
    endloop
  endfacet
  facet normal 0 0 -1
    outer loop
      vertex 177.787 110.521 -32.2
      vertex 179.139 110.159 -32.2
      vertex 179.003 109.756 -32.2
    endloop
  endfacet
  facet normal 0 0 -1
    outer loop
      vertex 177.834 111.241 -32.2
      vertex 179.222 111.424 -32.2
      vertex 177.85 111 -32.2
    endloop
  endfacet
  facet normal 0 0 -1
    outer loop
      vertex 177.709 110.292 -32.2
      vertex 179.003 109.756 -32.2
      vertex 178.815 109.375 -32.2
    endloop
  endfacet
  facet normal -0 0 -1
    outer loop
      vertex 179.222 111.424 -32.2
      vertex 177.834 111.241 -32.2
      vertex 179.139 111.841 -32.2
    endloop
  endfacet
  facet normal 0 0 -1
    outer loop
      vertex 177.602 110.075 -32.2
      vertex 178.815 109.375 -32.2
      vertex 178.578 109.022 -32.2
    endloop
  endfacet
  facet normal 0 0 -1
    outer loop
      vertex 177.787 111.479 -32.2
      vertex 179.139 111.841 -32.2
      vertex 177.834 111.241 -32.2
    endloop
  endfacet
  facet normal 0 0 -1
    outer loop
      vertex 177.468 109.874 -32.2
      vertex 178.578 109.022 -32.2
      vertex 178.298 108.702 -32.2
    endloop
  endfacet
  facet normal -0 0 -1
    outer loop
      vertex 179.139 111.841 -32.2
      vertex 177.787 111.479 -32.2
      vertex 179.003 112.244 -32.2
    endloop
  endfacet
  facet normal 0 0 -1
    outer loop
      vertex 177.308 109.692 -32.2
      vertex 178.298 108.702 -32.2
      vertex 177.978 108.422 -32.2
    endloop
  endfacet
  facet normal 0 0 -1
    outer loop
      vertex 177.709 111.708 -32.2
      vertex 179.003 112.244 -32.2
      vertex 177.787 111.479 -32.2
    endloop
  endfacet
  facet normal -0 0 -1
    outer loop
      vertex 179.003 112.244 -32.2
      vertex 177.709 111.708 -32.2
      vertex 178.815 112.625 -32.2
    endloop
  endfacet
  facet normal 0 0 -1
    outer loop
      vertex 179.222 110.576 -32.2
      vertex 177.834 110.759 -32.2
      vertex 177.85 111 -32.2
    endloop
  endfacet
  facet normal 0 0 -1
    outer loop
      vertex 179.139 110.159 -32.2
      vertex 177.787 110.521 -32.2
      vertex 177.834 110.759 -32.2
    endloop
  endfacet
  facet normal 0 0 -1
    outer loop
      vertex 179.003 109.756 -32.2
      vertex 177.709 110.292 -32.2
      vertex 177.787 110.521 -32.2
    endloop
  endfacet
  facet normal 0 0 -1
    outer loop
      vertex 177.126 109.532 -32.2
      vertex 177.978 108.422 -32.2
      vertex 177.625 108.185 -32.2
    endloop
  endfacet
  facet normal 0 0 -1
    outer loop
      vertex 178.815 109.375 -32.2
      vertex 177.602 110.075 -32.2
      vertex 177.709 110.292 -32.2
    endloop
  endfacet
  facet normal 0 0 -1
    outer loop
      vertex 178.578 109.022 -32.2
      vertex 177.468 109.874 -32.2
      vertex 177.602 110.075 -32.2
    endloop
  endfacet
  facet normal 0 0 -1
    outer loop
      vertex 178.298 108.702 -32.2
      vertex 177.308 109.692 -32.2
      vertex 177.468 109.874 -32.2
    endloop
  endfacet
  facet normal 0 0 -1
    outer loop
      vertex 176.925 109.398 -32.2
      vertex 177.625 108.185 -32.2
      vertex 177.244 107.997 -32.2
    endloop
  endfacet
  facet normal 0 0 -1
    outer loop
      vertex 177.978 108.422 -32.2
      vertex 177.126 109.532 -32.2
      vertex 177.308 109.692 -32.2
    endloop
  endfacet
  facet normal 0 0 -1
    outer loop
      vertex 177.625 108.185 -32.2
      vertex 176.925 109.398 -32.2
      vertex 177.126 109.532 -32.2
    endloop
  endfacet
  facet normal 0 0 -1
    outer loop
      vertex 176.708 109.291 -32.2
      vertex 177.244 107.997 -32.2
      vertex 176.841 107.861 -32.2
    endloop
  endfacet
  facet normal 0 0 -1
    outer loop
      vertex 177.244 107.997 -32.2
      vertex 176.708 109.291 -32.2
      vertex 176.925 109.398 -32.2
    endloop
  endfacet
  facet normal 0 0 -1
    outer loop
      vertex 176.841 107.861 -32.2
      vertex 176.479 109.213 -32.2
      vertex 176.708 109.291 -32.2
    endloop
  endfacet
  facet normal 0 0 -1
    outer loop
      vertex 176.424 107.778 -32.2
      vertex 176.479 109.213 -32.2
      vertex 176.841 107.861 -32.2
    endloop
  endfacet
  facet normal 0 0 -1
    outer loop
      vertex 176.424 107.778 -32.2
      vertex 176.241 109.166 -32.2
      vertex 176.479 109.213 -32.2
    endloop
  endfacet
  facet normal 0 0 -1
    outer loop
      vertex 176 107.75 -32.2
      vertex 176.241 109.166 -32.2
      vertex 176.424 107.778 -32.2
    endloop
  endfacet
  facet normal 0 0 -1
    outer loop
      vertex 176 107.75 -32.2
      vertex 176 109.15 -32.2
      vertex 176.241 109.166 -32.2
    endloop
  endfacet
  facet normal 0 0 -1
    outer loop
      vertex 176 107.75 -32.2
      vertex 175.759 109.166 -32.2
      vertex 176 109.15 -32.2
    endloop
  endfacet
  facet normal 0 0 -1
    outer loop
      vertex 175.576 107.778 -32.2
      vertex 175.759 109.166 -32.2
      vertex 176 107.75 -32.2
    endloop
  endfacet
  facet normal 0 0 -1
    outer loop
      vertex 175.576 107.778 -32.2
      vertex 175.521 109.213 -32.2
      vertex 175.759 109.166 -32.2
    endloop
  endfacet
  facet normal 0 0 -1
    outer loop
      vertex 175.159 107.861 -32.2
      vertex 175.521 109.213 -32.2
      vertex 175.576 107.778 -32.2
    endloop
  endfacet
  facet normal -0 0 -1
    outer loop
      vertex 175.521 109.213 -32.2
      vertex 175.159 107.861 -32.2
      vertex 175.292 109.291 -32.2
    endloop
  endfacet
  facet normal 0 0 -1
    outer loop
      vertex 174.756 107.997 -32.2
      vertex 175.292 109.291 -32.2
      vertex 175.159 107.861 -32.2
    endloop
  endfacet
  facet normal -0 0 -1
    outer loop
      vertex 175.292 109.291 -32.2
      vertex 174.756 107.997 -32.2
      vertex 175.075 109.398 -32.2
    endloop
  endfacet
  facet normal 0 0 -1
    outer loop
      vertex 174.375 108.185 -32.2
      vertex 175.075 109.398 -32.2
      vertex 174.756 107.997 -32.2
    endloop
  endfacet
  facet normal -0 0 -1
    outer loop
      vertex 175.075 109.398 -32.2
      vertex 174.375 108.185 -32.2
      vertex 174.874 109.532 -32.2
    endloop
  endfacet
  facet normal 0 0 -1
    outer loop
      vertex 174.022 108.422 -32.2
      vertex 174.874 109.532 -32.2
      vertex 174.375 108.185 -32.2
    endloop
  endfacet
  facet normal -0 0 -1
    outer loop
      vertex 174.874 109.532 -32.2
      vertex 174.022 108.422 -32.2
      vertex 174.692 109.692 -32.2
    endloop
  endfacet
  facet normal 0 0 -1
    outer loop
      vertex 173.702 108.702 -32.2
      vertex 174.692 109.692 -32.2
      vertex 174.022 108.422 -32.2
    endloop
  endfacet
  facet normal -0 0 -1
    outer loop
      vertex 174.692 109.692 -32.2
      vertex 173.702 108.702 -32.2
      vertex 174.532 109.874 -32.2
    endloop
  endfacet
  facet normal 0 0 -1
    outer loop
      vertex 173.422 109.022 -32.2
      vertex 174.532 109.874 -32.2
      vertex 173.702 108.702 -32.2
    endloop
  endfacet
  facet normal -0 0 -1
    outer loop
      vertex 174.532 109.874 -32.2
      vertex 173.422 109.022 -32.2
      vertex 174.398 110.075 -32.2
    endloop
  endfacet
  facet normal -0 0 -1
    outer loop
      vertex 174.398 110.075 -32.2
      vertex 173.185 109.375 -32.2
      vertex 174.291 110.292 -32.2
    endloop
  endfacet
  facet normal 0 0 -1
    outer loop
      vertex 173.185 109.375 -32.2
      vertex 174.398 110.075 -32.2
      vertex 173.422 109.022 -32.2
    endloop
  endfacet
  facet normal 0 0 -1
    outer loop
      vertex 177.602 111.925 -32.2
      vertex 178.815 112.625 -32.2
      vertex 177.709 111.708 -32.2
    endloop
  endfacet
  facet normal -0 0 -1
    outer loop
      vertex 178.815 112.625 -32.2
      vertex 177.602 111.925 -32.2
      vertex 178.578 112.978 -32.2
    endloop
  endfacet
  facet normal 0 0 -1
    outer loop
      vertex 177.468 112.126 -32.2
      vertex 178.578 112.978 -32.2
      vertex 177.602 111.925 -32.2
    endloop
  endfacet
  facet normal -0 0 -1
    outer loop
      vertex 178.578 112.978 -32.2
      vertex 177.468 112.126 -32.2
      vertex 178.298 113.298 -32.2
    endloop
  endfacet
  facet normal 0 0 -1
    outer loop
      vertex 177.308 112.308 -32.2
      vertex 178.298 113.298 -32.2
      vertex 177.468 112.126 -32.2
    endloop
  endfacet
  facet normal -0 0 -1
    outer loop
      vertex 178.298 113.298 -32.2
      vertex 177.308 112.308 -32.2
      vertex 177.978 113.578 -32.2
    endloop
  endfacet
  facet normal 0 0 -1
    outer loop
      vertex 177.126 112.468 -32.2
      vertex 177.978 113.578 -32.2
      vertex 177.308 112.308 -32.2
    endloop
  endfacet
  facet normal -0 0 -1
    outer loop
      vertex 177.978 113.578 -32.2
      vertex 177.126 112.468 -32.2
      vertex 177.625 113.815 -32.2
    endloop
  endfacet
  facet normal 0 0 -1
    outer loop
      vertex 176.925 112.602 -32.2
      vertex 177.625 113.815 -32.2
      vertex 177.126 112.468 -32.2
    endloop
  endfacet
  facet normal -0 0 -1
    outer loop
      vertex 177.625 113.815 -32.2
      vertex 176.925 112.602 -32.2
      vertex 177.244 114.003 -32.2
    endloop
  endfacet
  facet normal 0 0 -1
    outer loop
      vertex 176.708 112.709 -32.2
      vertex 177.244 114.003 -32.2
      vertex 176.925 112.602 -32.2
    endloop
  endfacet
  facet normal -0 0 -1
    outer loop
      vertex 177.244 114.003 -32.2
      vertex 176.708 112.709 -32.2
      vertex 176.841 114.139 -32.2
    endloop
  endfacet
  facet normal 0 0 -1
    outer loop
      vertex 176.479 112.787 -32.2
      vertex 176.841 114.139 -32.2
      vertex 176.708 112.709 -32.2
    endloop
  endfacet
  facet normal 0 0 -1
    outer loop
      vertex 176.479 112.787 -32.2
      vertex 176.424 114.222 -32.2
      vertex 176.841 114.139 -32.2
    endloop
  endfacet
  facet normal 0 0 -1
    outer loop
      vertex 176.241 112.834 -32.2
      vertex 176.424 114.222 -32.2
      vertex 176.479 112.787 -32.2
    endloop
  endfacet
  facet normal 0 0 -1
    outer loop
      vertex 176 112.85 -32.2
      vertex 176.424 114.222 -32.2
      vertex 176.241 112.834 -32.2
    endloop
  endfacet
  facet normal 0 0 -1
    outer loop
      vertex 176 112.85 -32.2
      vertex 176 114.25 -32.2
      vertex 176.424 114.222 -32.2
    endloop
  endfacet
  facet normal 0 0 -1
    outer loop
      vertex 175.759 112.834 -32.2
      vertex 176 114.25 -32.2
      vertex 176 112.85 -32.2
    endloop
  endfacet
  facet normal 0 0 -1
    outer loop
      vertex 175.759 112.834 -32.2
      vertex 175.576 114.222 -32.2
      vertex 176 114.25 -32.2
    endloop
  endfacet
  facet normal 0 0 -1
    outer loop
      vertex 175.521 112.787 -32.2
      vertex 175.576 114.222 -32.2
      vertex 175.759 112.834 -32.2
    endloop
  endfacet
  facet normal 0 0 -1
    outer loop
      vertex 175.159 114.139 -32.2
      vertex 175.521 112.787 -32.2
      vertex 175.292 112.709 -32.2
    endloop
  endfacet
  facet normal 0 0 -1
    outer loop
      vertex 175.521 112.787 -32.2
      vertex 175.159 114.139 -32.2
      vertex 175.576 114.222 -32.2
    endloop
  endfacet
  facet normal 0 0 -1
    outer loop
      vertex 174.756 114.003 -32.2
      vertex 175.292 112.709 -32.2
      vertex 175.075 112.602 -32.2
    endloop
  endfacet
  facet normal 0 0 -1
    outer loop
      vertex 174.375 113.815 -32.2
      vertex 175.075 112.602 -32.2
      vertex 174.874 112.468 -32.2
    endloop
  endfacet
  facet normal 0 0 -1
    outer loop
      vertex 175.292 112.709 -32.2
      vertex 174.756 114.003 -32.2
      vertex 175.159 114.139 -32.2
    endloop
  endfacet
  facet normal 0 0 -1
    outer loop
      vertex 174.022 113.578 -32.2
      vertex 174.874 112.468 -32.2
      vertex 174.692 112.308 -32.2
    endloop
  endfacet
  facet normal 0 0 -1
    outer loop
      vertex 173.702 113.298 -32.2
      vertex 174.692 112.308 -32.2
      vertex 174.532 112.126 -32.2
    endloop
  endfacet
  facet normal 0 0 -1
    outer loop
      vertex 173.422 112.978 -32.2
      vertex 174.532 112.126 -32.2
      vertex 174.398 111.925 -32.2
    endloop
  endfacet
  facet normal 0 0 -1
    outer loop
      vertex 175.075 112.602 -32.2
      vertex 174.375 113.815 -32.2
      vertex 174.756 114.003 -32.2
    endloop
  endfacet
  facet normal 0 0 -1
    outer loop
      vertex 173.185 112.625 -32.2
      vertex 174.398 111.925 -32.2
      vertex 174.291 111.708 -32.2
    endloop
  endfacet
  facet normal 0 0 -1
    outer loop
      vertex 172.997 112.244 -32.2
      vertex 174.291 111.708 -32.2
      vertex 174.213 111.479 -32.2
    endloop
  endfacet
  facet normal 0 0 -1
    outer loop
      vertex 172.861 111.841 -32.2
      vertex 174.213 111.479 -32.2
      vertex 174.166 111.241 -32.2
    endloop
  endfacet
  facet normal 0 0 -1
    outer loop
      vertex 174.874 112.468 -32.2
      vertex 174.022 113.578 -32.2
      vertex 174.375 113.815 -32.2
    endloop
  endfacet
  facet normal 0 0 -1
    outer loop
      vertex 172.778 111.424 -32.2
      vertex 174.166 111.241 -32.2
      vertex 174.15 111 -32.2
    endloop
  endfacet
  facet normal 0 0 -1
    outer loop
      vertex 172.997 109.756 -32.2
      vertex 174.291 110.292 -32.2
      vertex 173.185 109.375 -32.2
    endloop
  endfacet
  facet normal -0 0 -1
    outer loop
      vertex 174.291 110.292 -32.2
      vertex 172.997 109.756 -32.2
      vertex 174.213 110.521 -32.2
    endloop
  endfacet
  facet normal 0 0 -1
    outer loop
      vertex 174.692 112.308 -32.2
      vertex 173.702 113.298 -32.2
      vertex 174.022 113.578 -32.2
    endloop
  endfacet
  facet normal 0 0 -1
    outer loop
      vertex 172.861 110.159 -32.2
      vertex 174.213 110.521 -32.2
      vertex 172.997 109.756 -32.2
    endloop
  endfacet
  facet normal 0 0 -1
    outer loop
      vertex 174.532 112.126 -32.2
      vertex 173.422 112.978 -32.2
      vertex 173.702 113.298 -32.2
    endloop
  endfacet
  facet normal -0 0 -1
    outer loop
      vertex 174.213 110.521 -32.2
      vertex 172.861 110.159 -32.2
      vertex 174.166 110.759 -32.2
    endloop
  endfacet
  facet normal 0 0 -1
    outer loop
      vertex 174.398 111.925 -32.2
      vertex 173.185 112.625 -32.2
      vertex 173.422 112.978 -32.2
    endloop
  endfacet
  facet normal 0 0 -1
    outer loop
      vertex 172.778 110.576 -32.2
      vertex 174.166 110.759 -32.2
      vertex 172.861 110.159 -32.2
    endloop
  endfacet
  facet normal 0 0 -1
    outer loop
      vertex 174.291 111.708 -32.2
      vertex 172.997 112.244 -32.2
      vertex 173.185 112.625 -32.2
    endloop
  endfacet
  facet normal -0 0 -1
    outer loop
      vertex 174.166 110.759 -32.2
      vertex 172.778 110.576 -32.2
      vertex 174.15 111 -32.2
    endloop
  endfacet
  facet normal 0 0 -1
    outer loop
      vertex 174.213 111.479 -32.2
      vertex 172.861 111.841 -32.2
      vertex 172.997 112.244 -32.2
    endloop
  endfacet
  facet normal 0 0 -1
    outer loop
      vertex 172.75 111 -32.2
      vertex 174.15 111 -32.2
      vertex 172.778 110.576 -32.2
    endloop
  endfacet
  facet normal 0 0 -1
    outer loop
      vertex 174.166 111.241 -32.2
      vertex 172.778 111.424 -32.2
      vertex 172.861 111.841 -32.2
    endloop
  endfacet
  facet normal 0 0 -1
    outer loop
      vertex 174.15 111 -32.2
      vertex 172.75 111 -32.2
      vertex 172.778 111.424 -32.2
    endloop
  endfacet
  facet normal 0.830237 -0.557411 0
    outer loop
      vertex 173.185 112.625 -32.2
      vertex 173.422 112.978 -36.2
      vertex 173.422 112.978 -32.2
    endloop
  endfacet
  facet normal 0.830237 -0.557411 0
    outer loop
      vertex 173.422 112.978 -36.2
      vertex 173.185 112.625 -32.2
      vertex 173.185 112.625 -36.2
    endloop
  endfacet
  facet normal 0.4425 -0.896769 0
    outer loop
      vertex 174.375 113.815 -36.2
      vertex 174.756 114.003 -32.2
      vertex 174.375 113.815 -32.2
    endloop
  endfacet
  facet normal 0.4425 -0.896769 0
    outer loop
      vertex 174.756 114.003 -32.2
      vertex 174.375 113.815 -36.2
      vertex 174.756 114.003 -36.2
    endloop
  endfacet
  facet normal 0.557411 -0.830237 0
    outer loop
      vertex 174.022 113.578 -36.2
      vertex 174.375 113.815 -32.2
      vertex 174.022 113.578 -32.2
    endloop
  endfacet
  facet normal 0.557411 -0.830237 0
    outer loop
      vertex 174.375 113.815 -32.2
      vertex 174.022 113.578 -36.2
      vertex 174.375 113.815 -36.2
    endloop
  endfacet
  facet normal -0.997827 0.0658942 0
    outer loop
      vertex 179.222 110.576 -36.2
      vertex 179.25 111 -32.2
      vertex 179.25 111 -36.2
    endloop
  endfacet
  facet normal -0.997827 0.0658942 0
    outer loop
      vertex 179.25 111 -32.2
      vertex 179.222 110.576 -36.2
      vertex 179.222 110.576 -32.2
    endloop
  endfacet
  facet normal -0.947501 0.319752 0
    outer loop
      vertex 179.003 109.756 -36.2
      vertex 179.139 110.159 -32.2
      vertex 179.139 110.159 -36.2
    endloop
  endfacet
  facet normal -0.947501 0.319752 0
    outer loop
      vertex 179.139 110.159 -32.2
      vertex 179.003 109.756 -36.2
      vertex 179.003 109.756 -32.2
    endloop
  endfacet
  facet normal -0.4425 0.896769 0
    outer loop
      vertex 177.625 108.185 -36.2
      vertex 177.244 107.997 -32.2
      vertex 177.625 108.185 -32.2
    endloop
  endfacet
  facet normal -0.4425 0.896769 0
    outer loop
      vertex 177.244 107.997 -32.2
      vertex 177.625 108.185 -36.2
      vertex 177.244 107.997 -36.2
    endloop
  endfacet
  facet normal -0.658505 0.752577 0
    outer loop
      vertex 178.298 108.702 -36.2
      vertex 177.978 108.422 -32.2
      vertex 178.298 108.702 -32.2
    endloop
  endfacet
  facet normal -0.658505 0.752577 0
    outer loop
      vertex 177.978 108.422 -32.2
      vertex 178.298 108.702 -36.2
      vertex 177.978 108.422 -36.2
    endloop
  endfacet
  facet normal -0.557411 0.830237 0
    outer loop
      vertex 177.978 108.422 -36.2
      vertex 177.625 108.185 -32.2
      vertex 177.978 108.422 -32.2
    endloop
  endfacet
  facet normal -0.557411 0.830237 0
    outer loop
      vertex 177.625 108.185 -32.2
      vertex 177.978 108.422 -36.2
      vertex 177.625 108.185 -36.2
    endloop
  endfacet
  facet normal 0.0658942 0.997827 -0
    outer loop
      vertex 176 107.75 -36.2
      vertex 175.576 107.778 -32.2
      vertex 176 107.75 -32.2
    endloop
  endfacet
  facet normal 0.0658942 0.997827 0
    outer loop
      vertex 175.576 107.778 -32.2
      vertex 176 107.75 -36.2
      vertex 175.576 107.778 -36.2
    endloop
  endfacet
  facet normal 0.319752 0.947501 -0
    outer loop
      vertex 175.159 107.861 -36.2
      vertex 174.756 107.997 -32.2
      vertex 175.159 107.861 -32.2
    endloop
  endfacet
  facet normal 0.319752 0.947501 0
    outer loop
      vertex 174.756 107.997 -32.2
      vertex 175.159 107.861 -36.2
      vertex 174.756 107.997 -36.2
    endloop
  endfacet
  facet normal 0.195211 0.980761 -0
    outer loop
      vertex 175.576 107.778 -36.2
      vertex 175.159 107.861 -32.2
      vertex 175.576 107.778 -32.2
    endloop
  endfacet
  facet normal 0.195211 0.980761 0
    outer loop
      vertex 175.159 107.861 -32.2
      vertex 175.576 107.778 -36.2
      vertex 175.159 107.861 -36.2
    endloop
  endfacet
  facet normal 0.4425 0.896769 -0
    outer loop
      vertex 174.756 107.997 -36.2
      vertex 174.375 108.185 -32.2
      vertex 174.756 107.997 -32.2
    endloop
  endfacet
  facet normal 0.4425 0.896769 0
    outer loop
      vertex 174.375 108.185 -32.2
      vertex 174.756 107.997 -36.2
      vertex 174.375 108.185 -36.2
    endloop
  endfacet
  facet normal 0.980761 0.195211 0
    outer loop
      vertex 172.861 110.159 -32.2
      vertex 172.778 110.576 -36.2
      vertex 172.778 110.576 -32.2
    endloop
  endfacet
  facet normal 0.980761 0.195211 0
    outer loop
      vertex 172.778 110.576 -36.2
      vertex 172.861 110.159 -32.2
      vertex 172.861 110.159 -36.2
    endloop
  endfacet
  facet normal 0.752577 0.658505 0
    outer loop
      vertex 173.702 108.702 -32.2
      vertex 173.422 109.022 -36.2
      vertex 173.422 109.022 -32.2
    endloop
  endfacet
  facet normal 0.752577 0.658505 0
    outer loop
      vertex 173.422 109.022 -36.2
      vertex 173.702 108.702 -32.2
      vertex 173.702 108.702 -36.2
    endloop
  endfacet
  facet normal 0.947501 -0.319752 0
    outer loop
      vertex 172.861 111.841 -32.2
      vertex 172.997 112.244 -36.2
      vertex 172.997 112.244 -32.2
    endloop
  endfacet
  facet normal 0.947501 -0.319752 0
    outer loop
      vertex 172.997 112.244 -36.2
      vertex 172.861 111.841 -32.2
      vertex 172.861 111.841 -36.2
    endloop
  endfacet
  facet normal 0.195211 -0.980761 0
    outer loop
      vertex 175.159 114.139 -36.2
      vertex 175.576 114.222 -32.2
      vertex 175.159 114.139 -32.2
    endloop
  endfacet
  facet normal 0.195211 -0.980761 0
    outer loop
      vertex 175.576 114.222 -32.2
      vertex 175.159 114.139 -36.2
      vertex 175.576 114.222 -36.2
    endloop
  endfacet
  facet normal -0.980761 0.195211 0
    outer loop
      vertex 179.139 110.159 -36.2
      vertex 179.222 110.576 -32.2
      vertex 179.222 110.576 -36.2
    endloop
  endfacet
  facet normal -0.980761 0.195211 0
    outer loop
      vertex 179.222 110.576 -32.2
      vertex 179.139 110.159 -36.2
      vertex 179.139 110.159 -32.2
    endloop
  endfacet
  facet normal -0.896769 0.4425 0
    outer loop
      vertex 178.815 109.375 -36.2
      vertex 179.003 109.756 -32.2
      vertex 179.003 109.756 -36.2
    endloop
  endfacet
  facet normal -0.896769 0.4425 0
    outer loop
      vertex 179.003 109.756 -32.2
      vertex 178.815 109.375 -36.2
      vertex 178.815 109.375 -32.2
    endloop
  endfacet
  facet normal -0.319752 0.947501 0
    outer loop
      vertex 177.244 107.997 -36.2
      vertex 176.841 107.861 -32.2
      vertex 177.244 107.997 -32.2
    endloop
  endfacet
  facet normal -0.319752 0.947501 0
    outer loop
      vertex 176.841 107.861 -32.2
      vertex 177.244 107.997 -36.2
      vertex 176.841 107.861 -36.2
    endloop
  endfacet
  facet normal 0.947501 0.319752 0
    outer loop
      vertex 172.997 109.756 -32.2
      vertex 172.861 110.159 -36.2
      vertex 172.861 110.159 -32.2
    endloop
  endfacet
  facet normal 0.947501 0.319752 0
    outer loop
      vertex 172.861 110.159 -36.2
      vertex 172.997 109.756 -32.2
      vertex 172.997 109.756 -36.2
    endloop
  endfacet
  facet normal 0.830237 0.557411 0
    outer loop
      vertex 173.422 109.022 -32.2
      vertex 173.185 109.375 -36.2
      vertex 173.185 109.375 -32.2
    endloop
  endfacet
  facet normal 0.830237 0.557411 0
    outer loop
      vertex 173.185 109.375 -36.2
      vertex 173.422 109.022 -32.2
      vertex 173.422 109.022 -36.2
    endloop
  endfacet
  facet normal 1 -0 0
    outer loop
      vertex 13 7 -14.2
      vertex 13 9 -18.7
      vertex 13 9 -14.2
    endloop
  endfacet
  facet normal 1 0 0
    outer loop
      vertex 13 9 -18.7
      vertex 13 7 -14.2
      vertex 13 7 -18.7
    endloop
  endfacet
  facet normal 0 0 -1
    outer loop
      vertex 13 7 -14.2
      vertex 23 9 -14.2
      vertex 23 7 -14.2
    endloop
  endfacet
  facet normal -0 0 -1
    outer loop
      vertex 23 9 -14.2
      vertex 13 7 -14.2
      vertex 13 9 -14.2
    endloop
  endfacet
  facet normal -1 0 0
    outer loop
      vertex 23 7 -18.7
      vertex 23 9 -14.2
      vertex 23 9 -18.7
    endloop
  endfacet
  facet normal -1 -0 0
    outer loop
      vertex 23 9 -14.2
      vertex 23 7 -18.7
      vertex 23 7 -14.2
    endloop
  endfacet
  facet normal -0 0 1
    outer loop
      vertex 13 9 -18.7
      vertex 23 7 -18.7
      vertex 23 9 -18.7
    endloop
  endfacet
  facet normal 0 0 1
    outer loop
      vertex 23 7 -18.7
      vertex 13 9 -18.7
      vertex 13 7 -18.7
    endloop
  endfacet
  facet normal 1 -0 0
    outer loop
      vertex 27.5 7 -14.2
      vertex 27.5 9 -26.2
      vertex 27.5 9 -14.2
    endloop
  endfacet
  facet normal 1 0 0
    outer loop
      vertex 27.5 9 -26.2
      vertex 27.5 7 -14.2
      vertex 27.5 7 -26.2
    endloop
  endfacet
  facet normal 0 0 -1
    outer loop
      vertex 27.5 7 -14.2
      vertex 37.5 9 -14.2
      vertex 37.5 7 -14.2
    endloop
  endfacet
  facet normal -0 0 -1
    outer loop
      vertex 37.5 9 -14.2
      vertex 27.5 7 -14.2
      vertex 27.5 9 -14.2
    endloop
  endfacet
  facet normal -1 0 0
    outer loop
      vertex 37.5 7 -26.2
      vertex 37.5 9 -14.2
      vertex 37.5 9 -26.2
    endloop
  endfacet
  facet normal -1 -0 0
    outer loop
      vertex 37.5 9 -14.2
      vertex 37.5 7 -26.2
      vertex 37.5 7 -14.2
    endloop
  endfacet
  facet normal -0 0 1
    outer loop
      vertex 27.5 9 -26.2
      vertex 37.5 7 -26.2
      vertex 37.5 9 -26.2
    endloop
  endfacet
  facet normal 0 0 1
    outer loop
      vertex 37.5 7 -26.2
      vertex 27.5 9 -26.2
      vertex 27.5 7 -26.2
    endloop
  endfacet
  facet normal 1 -0 0
    outer loop
      vertex 43.9 7 -14.2
      vertex 43.9 9 -26.2
      vertex 43.9 9 -14.2
    endloop
  endfacet
  facet normal 1 0 0
    outer loop
      vertex 43.9 9 -26.2
      vertex 43.9 7 -14.2
      vertex 43.9 7 -26.2
    endloop
  endfacet
  facet normal 0 0 -1
    outer loop
      vertex 43.9 7 -14.2
      vertex 55.9 9 -14.2
      vertex 55.9 7 -14.2
    endloop
  endfacet
  facet normal -0 0 -1
    outer loop
      vertex 55.9 9 -14.2
      vertex 43.9 7 -14.2
      vertex 43.9 9 -14.2
    endloop
  endfacet
  facet normal -1 0 0
    outer loop
      vertex 55.9 7 -26.2
      vertex 55.9 9 -14.2
      vertex 55.9 9 -26.2
    endloop
  endfacet
  facet normal -1 -0 0
    outer loop
      vertex 55.9 9 -14.2
      vertex 55.9 7 -26.2
      vertex 55.9 7 -14.2
    endloop
  endfacet
  facet normal -0 0 1
    outer loop
      vertex 43.9 9 -26.2
      vertex 55.9 7 -26.2
      vertex 55.9 9 -26.2
    endloop
  endfacet
  facet normal 0 0 1
    outer loop
      vertex 55.9 7 -26.2
      vertex 43.9 9 -26.2
      vertex 43.9 7 -26.2
    endloop
  endfacet
  facet normal 1 -0 0
    outer loop
      vertex 58.3 7 -14.2
      vertex 58.3 9 -26.2
      vertex 58.3 9 -14.2
    endloop
  endfacet
  facet normal 1 0 0
    outer loop
      vertex 58.3 9 -26.2
      vertex 58.3 7 -14.2
      vertex 58.3 7 -26.2
    endloop
  endfacet
  facet normal 0 0 -1
    outer loop
      vertex 58.3 7 -14.2
      vertex 70.3 9 -14.2
      vertex 70.3 7 -14.2
    endloop
  endfacet
  facet normal -0 0 -1
    outer loop
      vertex 70.3 9 -14.2
      vertex 58.3 7 -14.2
      vertex 58.3 9 -14.2
    endloop
  endfacet
  facet normal -1 0 0
    outer loop
      vertex 70.3 7 -26.2
      vertex 70.3 9 -14.2
      vertex 70.3 9 -26.2
    endloop
  endfacet
  facet normal -1 -0 0
    outer loop
      vertex 70.3 9 -14.2
      vertex 70.3 7 -26.2
      vertex 70.3 7 -14.2
    endloop
  endfacet
  facet normal -0 0 1
    outer loop
      vertex 58.3 9 -26.2
      vertex 70.3 7 -26.2
      vertex 70.3 9 -26.2
    endloop
  endfacet
  facet normal 0 0 1
    outer loop
      vertex 70.3 7 -26.2
      vertex 58.3 9 -26.2
      vertex 58.3 7 -26.2
    endloop
  endfacet
  facet normal 1 -0 0
    outer loop
      vertex 71.4 7 -14.2
      vertex 71.4 9 -26.2
      vertex 71.4 9 -14.2
    endloop
  endfacet
  facet normal 1 0 0
    outer loop
      vertex 71.4 9 -26.2
      vertex 71.4 7 -14.2
      vertex 71.4 7 -26.2
    endloop
  endfacet
  facet normal 0 0 -1
    outer loop
      vertex 71.4 7 -14.2
      vertex 88.4 9 -14.2
      vertex 88.4 7 -14.2
    endloop
  endfacet
  facet normal -0 0 -1
    outer loop
      vertex 88.4 9 -14.2
      vertex 71.4 7 -14.2
      vertex 71.4 9 -14.2
    endloop
  endfacet
  facet normal -1 0 0
    outer loop
      vertex 88.4 7 -26.2
      vertex 88.4 9 -14.2
      vertex 88.4 9 -26.2
    endloop
  endfacet
  facet normal -1 -0 0
    outer loop
      vertex 88.4 9 -14.2
      vertex 88.4 7 -26.2
      vertex 88.4 7 -14.2
    endloop
  endfacet
  facet normal -0 0 1
    outer loop
      vertex 71.4 9 -26.2
      vertex 88.4 7 -26.2
      vertex 88.4 9 -26.2
    endloop
  endfacet
  facet normal 0 0 1
    outer loop
      vertex 88.4 7 -26.2
      vertex 71.4 9 -26.2
      vertex 71.4 7 -26.2
    endloop
  endfacet
  facet normal 1 -0 0
    outer loop
      vertex 55 121 14
      vertex 55 123 0
      vertex 55 123 14
    endloop
  endfacet
  facet normal 1 0 0
    outer loop
      vertex 55 123 0
      vertex 55 121 14
      vertex 55 121 0
    endloop
  endfacet
  facet normal -1 0 0
    outer loop
      vertex 155 121 0
      vertex 155 123 14
      vertex 155 123 0
    endloop
  endfacet
  facet normal -1 -0 0
    outer loop
      vertex 155 123 14
      vertex 155 121 0
      vertex 155 121 14
    endloop
  endfacet
  facet normal -0 0 1
    outer loop
      vertex 55 123 0
      vertex 155 121 0
      vertex 155 123 0
    endloop
  endfacet
  facet normal 0 0 1
    outer loop
      vertex 155 121 0
      vertex 55 123 0
      vertex 55 121 0
    endloop
  endfacet
  facet normal 0 1 0
    outer loop
      vertex 94.9357 123.6 -24.1692
      vertex 93.471 123.6 -25.3518
      vertex 91.6048 123.6 -24.1692
    endloop
  endfacet
  facet normal 0 1 -0
    outer loop
      vertex 94.9357 123.6 -26.9794
      vertex 93.471 123.6 -25.3518
      vertex 94.9357 123.6 -24.1692
    endloop
  endfacet
  facet normal 0 1 0
    outer loop
      vertex 93.471 123.6 -25.3518
      vertex 94.9357 123.6 -26.9794
      vertex 93.471 123.6 -26.4098
    endloop
  endfacet
  facet normal 0 1 -0
    outer loop
      vertex 94.7547 123.6 -27.1521
      vertex 93.471 123.6 -26.4098
      vertex 94.9357 123.6 -26.9794
    endloop
  endfacet
  facet normal 0 1 -0
    outer loop
      vertex 94.5586 123.6 -27.3138
      vertex 93.471 123.6 -26.4098
      vertex 94.7547 123.6 -27.1521
    endloop
  endfacet
  facet normal 0 1 -0
    outer loop
      vertex 94.3477 123.6 -27.4643
      vertex 93.471 123.6 -26.4098
      vertex 94.5586 123.6 -27.3138
    endloop
  endfacet
  facet normal 0 1 -0
    outer loop
      vertex 94.1217 123.6 -27.6038
      vertex 93.471 123.6 -26.4098
      vertex 94.3477 123.6 -27.4643
    endloop
  endfacet
  facet normal 0 1 0
    outer loop
      vertex 93.471 123.6 -26.4098
      vertex 94.1217 123.6 -27.6038
      vertex 93.3741 123.6 -26.4883
    endloop
  endfacet
  facet normal 0 1 0
    outer loop
      vertex 93.3741 123.6 -26.4883
      vertex 94.1217 123.6 -27.6038
      vertex 93.2664 123.6 -26.5628
    endloop
  endfacet
  facet normal 0 1 -0
    outer loop
      vertex 93.8809 123.6 -27.7323
      vertex 93.2664 123.6 -26.5628
      vertex 94.1217 123.6 -27.6038
    endloop
  endfacet
  facet normal 0 1 0
    outer loop
      vertex 93.2664 123.6 -26.5628
      vertex 93.8809 123.6 -27.7323
      vertex 93.1478 123.6 -26.6331
    endloop
  endfacet
  facet normal 0 1 -0
    outer loop
      vertex 93.625 123.6 -27.8496
      vertex 93.1478 123.6 -26.6331
      vertex 93.8809 123.6 -27.7323
    endloop
  endfacet
  facet normal 0 1 0
    outer loop
      vertex 93.1478 123.6 -26.6331
      vertex 93.625 123.6 -27.8496
      vertex 93.0184 123.6 -26.6994
    endloop
  endfacet
  facet normal 0 1 -0
    outer loop
      vertex 93.3543 123.6 -27.9559
      vertex 93.0184 123.6 -26.6994
      vertex 93.625 123.6 -27.8496
    endloop
  endfacet
  facet normal 0 1 0
    outer loop
      vertex 93.0184 123.6 -26.6994
      vertex 93.3543 123.6 -27.9559
      vertex 92.8781 123.6 -26.7616
    endloop
  endfacet
  facet normal 0 1 0
    outer loop
      vertex 92.8781 123.6 -26.7616
      vertex 93.3543 123.6 -27.9559
      vertex 92.727 123.6 -26.8196
    endloop
  endfacet
  facet normal 0 1 0
    outer loop
      vertex 92.727 123.6 -26.8196
      vertex 93.0741 123.6 -28.0495
      vertex 92.565 123.6 -26.8736
    endloop
  endfacet
  facet normal 0 1 -0
    outer loop
      vertex 93.0741 123.6 -28.0495
      vertex 92.727 123.6 -26.8196
      vertex 93.3543 123.6 -27.9559
    endloop
  endfacet
  facet normal 0 1 0
    outer loop
      vertex 91.6048 123.6 -24.1692
      vertex 93.471 123.6 -25.3518
      vertex 91.6048 123.6 -25.3518
    endloop
  endfacet
  facet normal 0 1 0
    outer loop
      vertex 91.3498 123.6 -20.4422
      vertex 91.543 123.6 -21.707
      vertex 91.3498 123.6 -21.7009
    endloop
  endfacet
  facet normal 0 1 0
    outer loop
      vertex 93.7855 123.6 -21.0924
      vertex 91.7289 123.6 -21.7253
      vertex 91.543 123.6 -21.707
    endloop
  endfacet
  facet normal 0 1 0
    outer loop
      vertex 93.7855 123.6 -21.0924
      vertex 91.9075 123.6 -21.7557
      vertex 91.7289 123.6 -21.7253
    endloop
  endfacet
  facet normal 0 1 0
    outer loop
      vertex 93.7855 123.6 -21.0924
      vertex 92.0787 123.6 -21.7983
      vertex 91.9075 123.6 -21.7557
    endloop
  endfacet
  facet normal 0 1 0
    outer loop
      vertex 93.7855 123.6 -21.0924
      vertex 92.2427 123.6 -21.8531
      vertex 92.0787 123.6 -21.7983
    endloop
  endfacet
  facet normal 0 1 0
    outer loop
      vertex 93.1389 123.6 -22.5694
      vertex 94.1946 123.6 -21.458
      vertex 94.5238 123.6 -21.905
    endloop
  endfacet
  facet normal 0 1 0
    outer loop
      vertex 93.7855 123.6 -21.0924
      vertex 92.3993 123.6 -21.9201
      vertex 92.2427 123.6 -21.8531
    endloop
  endfacet
  facet normal 0 1 0
    outer loop
      vertex 93.7855 123.6 -21.0924
      vertex 92.5487 123.6 -21.9993
      vertex 92.3993 123.6 -21.9201
    endloop
  endfacet
  facet normal 0 1 0
    outer loop
      vertex 93.7855 123.6 -21.0924
      vertex 92.6889 123.6 -22.0903
      vertex 92.5487 123.6 -21.9993
    endloop
  endfacet
  facet normal 0 1 0
    outer loop
      vertex 93.7855 123.6 -21.0924
      vertex 92.818 123.6 -22.1928
      vertex 92.6889 123.6 -22.0903
    endloop
  endfacet
  facet normal 0 1 0
    outer loop
      vertex 93.7855 123.6 -21.0924
      vertex 92.936 123.6 -22.3068
      vertex 92.818 123.6 -22.1928
    endloop
  endfacet
  facet normal 0 1 0
    outer loop
      vertex 94.1946 123.6 -21.458
      vertex 93.043 123.6 -22.4324
      vertex 92.936 123.6 -22.3068
    endloop
  endfacet
  facet normal 0 1 0
    outer loop
      vertex 93.2974 123.6 -22.8781
      vertex 94.5238 123.6 -21.905
      vertex 94.773 123.6 -22.4332
    endloop
  endfacet
  facet normal 0 1 0
    outer loop
      vertex 94.1946 123.6 -21.458
      vertex 93.1389 123.6 -22.5694
      vertex 93.043 123.6 -22.4324
    endloop
  endfacet
  facet normal 0 1 0
    outer loop
      vertex 94.5238 123.6 -21.905
      vertex 93.2237 123.6 -22.718
      vertex 93.1389 123.6 -22.5694
    endloop
  endfacet
  facet normal 0 1 0
    outer loop
      vertex 94.5238 123.6 -21.905
      vertex 93.2974 123.6 -22.8781
      vertex 93.2237 123.6 -22.718
    endloop
  endfacet
  facet normal 0 1 -0
    outer loop
      vertex 91.543 123.6 -21.707
      vertex 91.3498 123.6 -20.4422
      vertex 92.0786 123.6 -20.4829
    endloop
  endfacet
  facet normal 0 1 0
    outer loop
      vertex 91.0385 123.6 -21.7148
      vertex 91.3498 123.6 -20.4422
      vertex 91.3498 123.6 -21.7009
    endloop
  endfacet
  facet normal 0 1 0
    outer loop
      vertex 91.543 123.6 -21.707
      vertex 92.0786 123.6 -20.4829
      vertex 92.7275 123.6 -20.6048
    endloop
  endfacet
  facet normal 0 1 0
    outer loop
      vertex 91.3498 123.6 -20.4422
      vertex 91.0385 123.6 -21.7148
      vertex 90.8269 123.6 -20.4628
    endloop
  endfacet
  facet normal 0 1 0
    outer loop
      vertex 90.7493 123.6 -21.7567
      vertex 90.8269 123.6 -20.4628
      vertex 91.0385 123.6 -21.7148
    endloop
  endfacet
  facet normal 0 1 0
    outer loop
      vertex 91.543 123.6 -21.707
      vertex 92.7275 123.6 -20.6048
      vertex 93.2965 123.6 -20.8079
    endloop
  endfacet
  facet normal 0 1 0
    outer loop
      vertex 90.8269 123.6 -20.4628
      vertex 90.7493 123.6 -21.7567
      vertex 90.3401 123.6 -20.5244
    endloop
  endfacet
  facet normal 0 1 0
    outer loop
      vertex 91.543 123.6 -21.707
      vertex 93.2965 123.6 -20.8079
      vertex 93.7855 123.6 -21.0924
    endloop
  endfacet
  facet normal 0 1 -0
    outer loop
      vertex 90.4823 123.6 -21.8264
      vertex 90.3401 123.6 -20.5244
      vertex 90.7493 123.6 -21.7567
    endloop
  endfacet
  facet normal 0 1 0
    outer loop
      vertex 90.3401 123.6 -20.5244
      vertex 90.4823 123.6 -21.8264
      vertex 89.8894 123.6 -20.6271
    endloop
  endfacet
  facet normal 0 1 0
    outer loop
      vertex 92.936 123.6 -22.3068
      vertex 93.7855 123.6 -21.0924
      vertex 94.1946 123.6 -21.458
    endloop
  endfacet
  facet normal 0 1 -0
    outer loop
      vertex 90.2374 123.6 -21.9241
      vertex 89.8894 123.6 -20.6271
      vertex 90.4823 123.6 -21.8264
    endloop
  endfacet
  facet normal 0 1 0
    outer loop
      vertex 89.8894 123.6 -20.6271
      vertex 90.2374 123.6 -21.9241
      vertex 89.4748 123.6 -20.7709
    endloop
  endfacet
  facet normal 0 1 -0
    outer loop
      vertex 90.0146 123.6 -22.0496
      vertex 89.4748 123.6 -20.7709
      vertex 90.2374 123.6 -21.9241
    endloop
  endfacet
  facet normal 0 1 0
    outer loop
      vertex 89.4748 123.6 -20.7709
      vertex 90.0146 123.6 -22.0496
      vertex 89.0962 123.6 -20.9557
    endloop
  endfacet
  facet normal 0 1 -0
    outer loop
      vertex 89.814 123.6 -22.2031
      vertex 89.0962 123.6 -20.9557
      vertex 90.0146 123.6 -22.0496
    endloop
  endfacet
  facet normal 0 1 0
    outer loop
      vertex 89.0962 123.6 -20.9557
      vertex 89.814 123.6 -22.2031
      vertex 88.7538 123.6 -21.1816
    endloop
  endfacet
  facet normal 0 1 -0
    outer loop
      vertex 89.6355 123.6 -22.3844
      vertex 88.7538 123.6 -21.1816
      vertex 89.814 123.6 -22.2031
    endloop
  endfacet
  facet normal 0 1 0
    outer loop
      vertex 88.7538 123.6 -21.1816
      vertex 89.6355 123.6 -22.3844
      vertex 88.4474 123.6 -21.4486
    endloop
  endfacet
  facet normal 0 1 -0
    outer loop
      vertex 89.4801 123.6 -22.5918
      vertex 88.4474 123.6 -21.4486
      vertex 89.6355 123.6 -22.3844
    endloop
  endfacet
  facet normal 0 1 0
    outer loop
      vertex 88.4474 123.6 -21.4486
      vertex 89.4801 123.6 -22.5918
      vertex 88.1797 123.6 -21.7542
    endloop
  endfacet
  facet normal 0 1 -0
    outer loop
      vertex 89.3486 123.6 -22.8233
      vertex 88.1797 123.6 -21.7542
      vertex 89.4801 123.6 -22.5918
    endloop
  endfacet
  facet normal 0 1 0
    outer loop
      vertex 88.1797 123.6 -21.7542
      vertex 89.3486 123.6 -22.8233
      vertex 87.9532 123.6 -22.0956
    endloop
  endfacet
  facet normal 0 1 0
    outer loop
      vertex 87.9532 123.6 -22.0956
      vertex 89.3486 123.6 -22.8233
      vertex 87.7679 123.6 -22.4731
    endloop
  endfacet
  facet normal 0 1 -0
    outer loop
      vertex 89.241 123.6 -23.0789
      vertex 87.7679 123.6 -22.4731
      vertex 89.3486 123.6 -22.8233
    endloop
  endfacet
  facet normal 0 1 0
    outer loop
      vertex 87.7679 123.6 -22.4731
      vertex 89.241 123.6 -23.0789
      vertex 87.6237 123.6 -22.8866
    endloop
  endfacet
  facet normal 0 1 -0
    outer loop
      vertex 89.1573 123.6 -23.3587
      vertex 87.6237 123.6 -22.8866
      vertex 89.241 123.6 -23.0789
    endloop
  endfacet
  facet normal 0 1 0
    outer loop
      vertex 87.6237 123.6 -22.8866
      vertex 89.1573 123.6 -23.3587
      vertex 87.5208 123.6 -23.336
    endloop
  endfacet
  facet normal 0 1 -0
    outer loop
      vertex 89.0975 123.6 -23.6626
      vertex 87.5208 123.6 -23.336
      vertex 89.1573 123.6 -23.3587
    endloop
  endfacet
  facet normal 0 1 0
    outer loop
      vertex 89.0975 123.6 -23.6626
      vertex 87.459 123.6 -23.8214
      vertex 87.5208 123.6 -23.336
    endloop
  endfacet
  facet normal 0 1 -0
    outer loop
      vertex 89.0616 123.6 -23.9906
      vertex 87.459 123.6 -23.8214
      vertex 89.0975 123.6 -23.6626
    endloop
  endfacet
  facet normal 0 1 0
    outer loop
      vertex 87.4384 123.6 -24.3428
      vertex 89.0616 123.6 -23.9906
      vertex 89.0497 123.6 -24.3428
    endloop
  endfacet
  facet normal 0 1 0
    outer loop
      vertex 89.0616 123.6 -23.9906
      vertex 87.4384 123.6 -24.3428
      vertex 87.459 123.6 -23.8214
    endloop
  endfacet
  facet normal 0 1 0
    outer loop
      vertex 89.062 123.6 -24.7012
      vertex 87.4384 123.6 -24.3428
      vertex 89.0497 123.6 -24.3428
    endloop
  endfacet
  facet normal 0 1 0
    outer loop
      vertex 89.062 123.6 -24.7012
      vertex 87.4589 123.6 -24.8677
      vertex 87.4384 123.6 -24.3428
    endloop
  endfacet
  facet normal 0 1 0
    outer loop
      vertex 89.099 123.6 -25.0356
      vertex 87.4589 123.6 -24.8677
      vertex 89.062 123.6 -24.7012
    endloop
  endfacet
  facet normal 0 1 0
    outer loop
      vertex 87.5203 123.6 -25.3572
      vertex 89.099 123.6 -25.0356
      vertex 89.1608 123.6 -25.346
    endloop
  endfacet
  facet normal 0 1 0
    outer loop
      vertex 89.099 123.6 -25.0356
      vertex 87.5203 123.6 -25.3572
      vertex 87.4589 123.6 -24.8677
    endloop
  endfacet
  facet normal 0 1 0
    outer loop
      vertex 87.6227 123.6 -25.8114
      vertex 89.1608 123.6 -25.346
      vertex 89.2472 123.6 -25.6324
    endloop
  endfacet
  facet normal 0 1 0
    outer loop
      vertex 89.1608 123.6 -25.346
      vertex 87.6227 123.6 -25.8114
      vertex 87.5203 123.6 -25.3572
    endloop
  endfacet
  facet normal 0 1 0
    outer loop
      vertex 87.7661 123.6 -26.2303
      vertex 89.2472 123.6 -25.6324
      vertex 89.3583 123.6 -25.8947
    endloop
  endfacet
  facet normal 0 1 0
    outer loop
      vertex 88.1757 123.6 -26.9621
      vertex 89.3583 123.6 -25.8947
      vertex 89.4941 123.6 -26.1331
    endloop
  endfacet
  facet normal 0 1 0
    outer loop
      vertex 89.2472 123.6 -25.6324
      vertex 87.7661 123.6 -26.2303
      vertex 87.6227 123.6 -25.8114
    endloop
  endfacet
  facet normal 0 1 0
    outer loop
      vertex 88.442 123.6 -27.275
      vertex 89.4941 123.6 -26.1331
      vertex 89.6545 123.6 -26.3474
    endloop
  endfacet
  facet normal 0 1 0
    outer loop
      vertex 88.7464 123.6 -27.5492
      vertex 89.6545 123.6 -26.3474
      vertex 89.8374 123.6 -26.5352
    endloop
  endfacet
  facet normal 0 1 0
    outer loop
      vertex 89.3583 123.6 -25.8947
      vertex 87.9504 123.6 -26.6139
      vertex 87.7661 123.6 -26.2303
    endloop
  endfacet
  facet normal 0 1 0
    outer loop
      vertex 89.0859 123.6 -27.7812
      vertex 89.8374 123.6 -26.5352
      vertex 90.0403 123.6 -26.6941
    endloop
  endfacet
  facet normal 0 1 0
    outer loop
      vertex 89.4607 123.6 -27.971
      vertex 90.0403 123.6 -26.6941
      vertex 90.2632 123.6 -26.8242
    endloop
  endfacet
  facet normal 0 1 0
    outer loop
      vertex 89.8707 123.6 -28.1187
      vertex 90.2632 123.6 -26.8242
      vertex 90.5061 123.6 -26.9253
    endloop
  endfacet
  facet normal 0 1 0
    outer loop
      vertex 89.3583 123.6 -25.8947
      vertex 88.1757 123.6 -26.9621
      vertex 87.9504 123.6 -26.6139
    endloop
  endfacet
  facet normal 0 1 0
    outer loop
      vertex 90.3158 123.6 -28.2241
      vertex 90.5061 123.6 -26.9253
      vertex 90.7691 123.6 -26.9976
    endloop
  endfacet
  facet normal 0 1 -0
    outer loop
      vertex 90.7962 123.6 -28.2874
      vertex 90.7691 123.6 -26.9976
      vertex 91.0522 123.6 -27.0409
    endloop
  endfacet
  facet normal 0 1 -0
    outer loop
      vertex 91.3118 123.6 -28.3085
      vertex 91.0522 123.6 -27.0409
      vertex 91.3553 123.6 -27.0554
    endloop
  endfacet
  facet normal 0 1 0
    outer loop
      vertex 89.4941 123.6 -26.1331
      vertex 88.442 123.6 -27.275
      vertex 88.1757 123.6 -26.9621
    endloop
  endfacet
  facet normal 0 1 -0
    outer loop
      vertex 92.7901 123.6 -28.1286
      vertex 92.565 123.6 -26.8736
      vertex 93.0741 123.6 -28.0495
    endloop
  endfacet
  facet normal 0 1 0
    outer loop
      vertex 92.565 123.6 -26.8736
      vertex 92.7901 123.6 -28.1286
      vertex 92.3968 123.6 -26.9218
    endloop
  endfacet
  facet normal 0 1 -0
    outer loop
      vertex 92.5022 123.6 -28.1934
      vertex 92.3968 123.6 -26.9218
      vertex 92.7901 123.6 -28.1286
    endloop
  endfacet
  facet normal 0 1 0
    outer loop
      vertex 92.0558 123.6 -26.996
      vertex 92.2104 123.6 -28.2437
      vertex 91.883 123.6 -27.022
    endloop
  endfacet
  facet normal 0 1 0
    outer loop
      vertex 92.3968 123.6 -26.9218
      vertex 92.5022 123.6 -28.1934
      vertex 92.2271 123.6 -26.9626
    endloop
  endfacet
  facet normal 0 1 0
    outer loop
      vertex 92.2271 123.6 -26.9626
      vertex 92.5022 123.6 -28.1934
      vertex 92.0558 123.6 -26.996
    endloop
  endfacet
  facet normal 0 1 -0
    outer loop
      vertex 92.2104 123.6 -28.2437
      vertex 92.0558 123.6 -26.996
      vertex 92.5022 123.6 -28.1934
    endloop
  endfacet
  facet normal 0 1 -0
    outer loop
      vertex 91.9147 123.6 -28.2797
      vertex 91.883 123.6 -27.022
      vertex 92.2104 123.6 -28.2437
    endloop
  endfacet
  facet normal 0 1 0
    outer loop
      vertex 91.883 123.6 -27.022
      vertex 91.9147 123.6 -28.2797
      vertex 91.7086 123.6 -27.0405
    endloop
  endfacet
  facet normal 0 1 0
    outer loop
      vertex 91.6152 123.6 -28.3013
      vertex 91.7086 123.6 -27.0405
      vertex 91.9147 123.6 -28.2797
    endloop
  endfacet
  facet normal 0 1 0
    outer loop
      vertex 91.7086 123.6 -27.0405
      vertex 91.6152 123.6 -28.3013
      vertex 91.5327 123.6 -27.0517
    endloop
  endfacet
  facet normal 0 1 0
    outer loop
      vertex 91.5327 123.6 -27.0517
      vertex 91.6152 123.6 -28.3013
      vertex 91.3553 123.6 -27.0554
    endloop
  endfacet
  facet normal 0 1 0
    outer loop
      vertex 91.3118 123.6 -28.3085
      vertex 91.3553 123.6 -27.0554
      vertex 91.6152 123.6 -28.3013
    endloop
  endfacet
  facet normal 0 1 0
    outer loop
      vertex 91.0522 123.6 -27.0409
      vertex 91.3118 123.6 -28.3085
      vertex 90.7962 123.6 -28.2874
    endloop
  endfacet
  facet normal 0 1 0
    outer loop
      vertex 90.7691 123.6 -26.9976
      vertex 90.7962 123.6 -28.2874
      vertex 90.3158 123.6 -28.2241
    endloop
  endfacet
  facet normal 0 1 0
    outer loop
      vertex 90.5061 123.6 -26.9253
      vertex 90.3158 123.6 -28.2241
      vertex 89.8707 123.6 -28.1187
    endloop
  endfacet
  facet normal 0 1 0
    outer loop
      vertex 90.2632 123.6 -26.8242
      vertex 89.8707 123.6 -28.1187
      vertex 89.4607 123.6 -27.971
    endloop
  endfacet
  facet normal 0 1 0
    outer loop
      vertex 90.0403 123.6 -26.6941
      vertex 89.4607 123.6 -27.971
      vertex 89.0859 123.6 -27.7812
    endloop
  endfacet
  facet normal 0 1 0
    outer loop
      vertex 89.6545 123.6 -26.3474
      vertex 88.7464 123.6 -27.5492
      vertex 88.442 123.6 -27.275
    endloop
  endfacet
  facet normal 0 1 0
    outer loop
      vertex 89.8374 123.6 -26.5352
      vertex 89.0859 123.6 -27.7812
      vertex 88.7464 123.6 -27.5492
    endloop
  endfacet
  facet normal 0 1 -0
    outer loop
      vertex 86.3116 123.6 -28.2
      vertex 84.7112 123.6 -20.5562
      vertex 86.3116 123.6 -20.5562
    endloop
  endfacet
  facet normal 0 1 0
    outer loop
      vertex 84.7112 123.6 -20.5562
      vertex 86.3116 123.6 -28.2
      vertex 84.7112 123.6 -28.2
    endloop
  endfacet
  facet normal 0 1 -0
    outer loop
      vertex 81.5335 123.6 -28.2
      vertex 79.9331 123.6 -21.793
      vertex 81.5335 123.6 -21.793
    endloop
  endfacet
  facet normal 0 1 0
    outer loop
      vertex 79.9331 123.6 -21.793
      vertex 81.5335 123.6 -28.2
      vertex 79.9331 123.6 -28.2
    endloop
  endfacet
  facet normal 0 1 0
    outer loop
      vertex 81.5335 123.6 -21.793
      vertex 84.0073 123.6 -20.5562
      vertex 84.0073 123.6 -21.793
    endloop
  endfacet
  facet normal 0 1 0
    outer loop
      vertex 84.0073 123.6 -20.5562
      vertex 81.5335 123.6 -21.793
      vertex 77.4648 123.6 -20.5562
    endloop
  endfacet
  facet normal 0 1 -0
    outer loop
      vertex 79.9331 123.6 -21.793
      vertex 77.4648 123.6 -20.5562
      vertex 81.5335 123.6 -21.793
    endloop
  endfacet
  facet normal 0 1 0
    outer loop
      vertex 77.4648 123.6 -20.5562
      vertex 79.9331 123.6 -21.793
      vertex 77.4648 123.6 -21.793
    endloop
  endfacet
  facet normal 0 1 0
    outer loop
      vertex 99.6 123.6 -20.5562
      vertex 99.798 123.6 -21.8231
      vertex 99.4209 123.6 -21.7985
    endloop
  endfacet
  facet normal 0 1 0
    outer loop
      vertex 100.726 123.6 -22.413
      vertex 102.076 123.6 -21.5921
      vertex 102.212 123.6 -21.8261
    endloop
  endfacet
  facet normal 0 1 0
    outer loop
      vertex 101.909 123.6 -21.3794
      vertex 100.117 123.6 -21.8968
      vertex 99.798 123.6 -21.8231
    endloop
  endfacet
  facet normal 0 1 0
    outer loop
      vertex 101.909 123.6 -21.3794
      vertex 100.378 123.6 -22.0197
      vertex 100.117 123.6 -21.8968
    endloop
  endfacet
  facet normal 0 1 0
    outer loop
      vertex 100.726 123.6 -22.413
      vertex 102.212 123.6 -21.8261
      vertex 102.317 123.6 -22.0814
    endloop
  endfacet
  facet normal 0 1 0
    outer loop
      vertex 101.909 123.6 -21.3794
      vertex 100.581 123.6 -22.1918
      vertex 100.378 123.6 -22.0197
    endloop
  endfacet
  facet normal 0 1 0
    outer loop
      vertex 100.813 123.6 -22.6834
      vertex 102.317 123.6 -22.0814
      vertex 102.393 123.6 -22.3582
    endloop
  endfacet
  facet normal 0 1 0
    outer loop
      vertex 101.909 123.6 -21.3794
      vertex 100.726 123.6 -22.413
      vertex 100.581 123.6 -22.1918
    endloop
  endfacet
  facet normal 0 1 0
    outer loop
      vertex 100.813 123.6 -22.6834
      vertex 102.393 123.6 -22.3582
      vertex 102.438 123.6 -22.6563
    endloop
  endfacet
  facet normal 0 1 0
    outer loop
      vertex 102.317 123.6 -22.0814
      vertex 100.813 123.6 -22.6834
      vertex 100.726 123.6 -22.413
    endloop
  endfacet
  facet normal 0 1 0
    outer loop
      vertex 100.842 123.6 -23.0029
      vertex 102.438 123.6 -22.6563
      vertex 102.453 123.6 -22.9758
    endloop
  endfacet
  facet normal 0 1 0
    outer loop
      vertex 102.438 123.6 -22.6563
      vertex 100.842 123.6 -23.0029
      vertex 100.813 123.6 -22.6834
    endloop
  endfacet
  facet normal 0 1 -0
    outer loop
      vertex 102.447 123.6 -23.1834
      vertex 100.842 123.6 -23.0029
      vertex 102.453 123.6 -22.9758
    endloop
  endfacet
  facet normal 0 1 0
    outer loop
      vertex 100.842 123.6 -23.0029
      vertex 102.447 123.6 -23.1834
      vertex 100.835 123.6 -23.1736
    endloop
  endfacet
  facet normal 0 1 -0
    outer loop
      vertex 102.426 123.6 -23.3845
      vertex 100.835 123.6 -23.1736
      vertex 102.447 123.6 -23.1834
    endloop
  endfacet
  facet normal 0 1 -0
    outer loop
      vertex 102.392 123.6 -23.5792
      vertex 100.835 123.6 -23.1736
      vertex 102.426 123.6 -23.3845
    endloop
  endfacet
  facet normal 0 1 0
    outer loop
      vertex 100.835 123.6 -23.1736
      vertex 102.392 123.6 -23.5792
      vertex 100.813 123.6 -23.3326
    endloop
  endfacet
  facet normal 0 1 -0
    outer loop
      vertex 102.344 123.6 -23.7676
      vertex 100.813 123.6 -23.3326
      vertex 102.392 123.6 -23.5792
    endloop
  endfacet
  facet normal 0 1 0
    outer loop
      vertex 100.813 123.6 -23.3326
      vertex 102.344 123.6 -23.7676
      vertex 100.777 123.6 -23.4796
    endloop
  endfacet
  facet normal 0 1 -0
    outer loop
      vertex 102.282 123.6 -23.9495
      vertex 100.777 123.6 -23.4796
      vertex 102.344 123.6 -23.7676
    endloop
  endfacet
  facet normal 0 1 -0
    outer loop
      vertex 102.206 123.6 -24.1249
      vertex 100.777 123.6 -23.4796
      vertex 102.282 123.6 -23.9495
    endloop
  endfacet
  facet normal 0 1 0
    outer loop
      vertex 100.777 123.6 -23.4796
      vertex 102.206 123.6 -24.1249
      vertex 100.725 123.6 -23.6149
    endloop
  endfacet
  facet normal 0 1 -0
    outer loop
      vertex 102.117 123.6 -24.294
      vertex 100.725 123.6 -23.6149
      vertex 102.206 123.6 -24.1249
    endloop
  endfacet
  facet normal 0 1 -0
    outer loop
      vertex 102.015 123.6 -24.4545
      vertex 100.725 123.6 -23.6149
      vertex 102.117 123.6 -24.294
    endloop
  endfacet
  facet normal 0 1 0
    outer loop
      vertex 100.725 123.6 -23.6149
      vertex 102.015 123.6 -24.4545
      vertex 100.66 123.6 -23.7383
    endloop
  endfacet
  facet normal 0 1 -0
    outer loop
      vertex 101.901 123.6 -24.6042
      vertex 100.66 123.6 -23.7383
      vertex 102.015 123.6 -24.4545
    endloop
  endfacet
  facet normal 0 1 -0
    outer loop
      vertex 101.775 123.6 -24.7432
      vertex 100.66 123.6 -23.7383
      vertex 101.901 123.6 -24.6042
    endloop
  endfacet
  facet normal 0 1 0
    outer loop
      vertex 100.66 123.6 -23.7383
      vertex 101.775 123.6 -24.7432
      vertex 100.579 123.6 -23.8498
    endloop
  endfacet
  facet normal 0 1 -0
    outer loop
      vertex 101.638 123.6 -24.8715
      vertex 100.579 123.6 -23.8498
      vertex 101.775 123.6 -24.7432
    endloop
  endfacet
  facet normal 0 1 -0
    outer loop
      vertex 101.489 123.6 -24.989
      vertex 100.579 123.6 -23.8498
      vertex 101.638 123.6 -24.8715
    endloop
  endfacet
  facet normal 0 1 0
    outer loop
      vertex 100.579 123.6 -23.8498
      vertex 101.489 123.6 -24.989
      vertex 100.484 123.6 -23.9495
    endloop
  endfacet
  facet normal 0 1 0
    outer loop
      vertex 100.484 123.6 -23.9495
      vertex 101.154 123.6 -25.1919
      vertex 100.376 123.6 -24.0366
    endloop
  endfacet
  facet normal 0 1 -0
    outer loop
      vertex 101.154 123.6 -25.1919
      vertex 100.484 123.6 -23.9495
      vertex 101.327 123.6 -25.0958
    endloop
  endfacet
  facet normal 0 1 -0
    outer loop
      vertex 101.327 123.6 -25.0958
      vertex 100.484 123.6 -23.9495
      vertex 101.489 123.6 -24.989
    endloop
  endfacet
  facet normal 0 1 -0
    outer loop
      vertex 99.798 123.6 -21.8231
      vertex 99.6 123.6 -20.5562
      vertex 99.9792 123.6 -20.5691
    endloop
  endfacet
  facet normal 0 1 0
    outer loop
      vertex 99.798 123.6 -21.8231
      vertex 99.9792 123.6 -20.5691
      vertex 100.333 123.6 -20.6078
    endloop
  endfacet
  facet normal 0 1 0
    outer loop
      vertex 99.798 123.6 -21.8231
      vertex 100.333 123.6 -20.6078
      vertex 100.66 123.6 -20.6722
    endloop
  endfacet
  facet normal 0 1 0
    outer loop
      vertex 99.798 123.6 -21.8231
      vertex 100.66 123.6 -20.6722
      vertex 100.962 123.6 -20.7625
    endloop
  endfacet
  facet normal 0 1 0
    outer loop
      vertex 99.798 123.6 -21.8231
      vertex 100.962 123.6 -20.7625
      vertex 101.238 123.6 -20.8786
    endloop
  endfacet
  facet normal 0 1 0
    outer loop
      vertex 99.798 123.6 -21.8231
      vertex 101.238 123.6 -20.8786
      vertex 101.488 123.6 -21.0205
    endloop
  endfacet
  facet normal 0 1 0
    outer loop
      vertex 99.798 123.6 -21.8231
      vertex 101.488 123.6 -21.0205
      vertex 101.713 123.6 -21.1882
    endloop
  endfacet
  facet normal 0 1 0
    outer loop
      vertex 99.798 123.6 -21.8231
      vertex 101.713 123.6 -21.1882
      vertex 101.909 123.6 -21.3794
    endloop
  endfacet
  facet normal 0 1 0
    outer loop
      vertex 100.726 123.6 -22.413
      vertex 101.909 123.6 -21.3794
      vertex 102.076 123.6 -21.5921
    endloop
  endfacet
  facet normal 0 1 0
    outer loop
      vertex 99.6 123.6 -20.5562
      vertex 99.4209 123.6 -21.7985
      vertex 97.7663 123.6 -21.7985
    endloop
  endfacet
  facet normal 0 1 0
    outer loop
      vertex 99.6 123.6 -20.5562
      vertex 97.7663 123.6 -21.7985
      vertex 96.1659 123.6 -20.5562
    endloop
  endfacet
  facet normal 0 1 -0
    outer loop
      vertex 97.7663 123.6 -24.2778
      vertex 96.1659 123.6 -20.5562
      vertex 97.7663 123.6 -21.7985
    endloop
  endfacet
  facet normal 0 1 -0
    outer loop
      vertex 100.97 123.6 -25.2761
      vertex 100.376 123.6 -24.0366
      vertex 101.154 123.6 -25.1919
    endloop
  endfacet
  facet normal 0 1 0
    outer loop
      vertex 100.376 123.6 -24.0366
      vertex 100.97 123.6 -25.2761
      vertex 100.255 123.6 -24.1103
    endloop
  endfacet
  facet normal 0 1 -0
    outer loop
      vertex 100.777 123.6 -25.3473
      vertex 100.255 123.6 -24.1103
      vertex 100.97 123.6 -25.2761
    endloop
  endfacet
  facet normal 0 1 -0
    outer loop
      vertex 100.574 123.6 -25.4056
      vertex 100.255 123.6 -24.1103
      vertex 100.777 123.6 -25.3473
    endloop
  endfacet
  facet normal 0 1 0
    outer loop
      vertex 100.255 123.6 -24.1103
      vertex 100.574 123.6 -25.4056
      vertex 100.121 123.6 -24.1706
    endloop
  endfacet
  facet normal 0 1 -0
    outer loop
      vertex 100.361 123.6 -25.4509
      vertex 100.121 123.6 -24.1706
      vertex 100.574 123.6 -25.4056
    endloop
  endfacet
  facet normal 0 1 0
    outer loop
      vertex 100.121 123.6 -24.1706
      vertex 100.361 123.6 -25.4509
      vertex 99.9758 123.6 -24.2175
    endloop
  endfacet
  facet normal 0 1 -0
    outer loop
      vertex 100.139 123.6 -25.4833
      vertex 99.9758 123.6 -24.2175
      vertex 100.361 123.6 -25.4509
    endloop
  endfacet
  facet normal 0 1 0
    outer loop
      vertex 99.9758 123.6 -24.2175
      vertex 100.139 123.6 -25.4833
      vertex 99.8177 123.6 -24.251
    endloop
  endfacet
  facet normal 0 1 -0
    outer loop
      vertex 99.9067 123.6 -25.5027
      vertex 99.8177 123.6 -24.251
      vertex 100.139 123.6 -25.4833
    endloop
  endfacet
  facet normal 0 1 0
    outer loop
      vertex 99.8177 123.6 -24.251
      vertex 99.9067 123.6 -25.5027
      vertex 99.6472 123.6 -24.2711
    endloop
  endfacet
  facet normal 0 1 -0
    outer loop
      vertex 99.665 123.6 -25.5092
      vertex 99.6472 123.6 -24.2711
      vertex 99.9067 123.6 -25.5027
    endloop
  endfacet
  facet normal 0 1 0
    outer loop
      vertex 99.6472 123.6 -24.2711
      vertex 99.665 123.6 -25.5092
      vertex 99.4643 123.6 -24.2778
    endloop
  endfacet
  facet normal 0 1 0
    outer loop
      vertex 97.7663 123.6 -25.5092
      vertex 99.4643 123.6 -24.2778
      vertex 99.665 123.6 -25.5092
    endloop
  endfacet
  facet normal 0 1 0
    outer loop
      vertex 99.4643 123.6 -24.2778
      vertex 97.7663 123.6 -25.5092
      vertex 97.7663 123.6 -24.2778
    endloop
  endfacet
  facet normal 0 1 0
    outer loop
      vertex 96.1659 123.6 -28.2
      vertex 97.7663 123.6 -24.2778
      vertex 97.7663 123.6 -25.5092
    endloop
  endfacet
  facet normal 0 1 0
    outer loop
      vertex 96.1659 123.6 -28.2
      vertex 97.7663 123.6 -25.5092
      vertex 97.7663 123.6 -28.2
    endloop
  endfacet
  facet normal 0 1 0
    outer loop
      vertex 97.7663 123.6 -24.2778
      vertex 96.1659 123.6 -28.2
      vertex 96.1659 123.6 -20.5562
    endloop
  endfacet
  facet normal 0.0719334 0 -0.997409
    outer loop
      vertex 91.6152 123 -28.3013
      vertex 91.9147 123.6 -28.2797
      vertex 91.9147 123 -28.2797
    endloop
  endfacet
  facet normal 0.0719334 0 -0.997409
    outer loop
      vertex 91.9147 123.6 -28.2797
      vertex 91.6152 123 -28.3013
      vertex 91.6152 123.6 -28.3013
    endloop
  endfacet
  facet normal 0.120853 0 -0.99267
    outer loop
      vertex 91.9147 123 -28.2797
      vertex 92.2104 123.6 -28.2437
      vertex 92.2104 123 -28.2437
    endloop
  endfacet
  facet normal 0.120853 0 -0.99267
    outer loop
      vertex 92.2104 123.6 -28.2437
      vertex 91.9147 123 -28.2797
      vertex 91.9147 123.6 -28.2797
    endloop
  endfacet
  facet normal 0.169873 0 -0.985466
    outer loop
      vertex 92.2104 123 -28.2437
      vertex 92.5022 123.6 -28.1934
      vertex 92.5022 123 -28.1934
    endloop
  endfacet
  facet normal 0.169873 0 -0.985466
    outer loop
      vertex 92.5022 123.6 -28.1934
      vertex 92.2104 123 -28.2437
      vertex 92.2104 123.6 -28.2437
    endloop
  endfacet
  facet normal 0.219585 0 -0.975593
    outer loop
      vertex 92.5022 123 -28.1934
      vertex 92.7901 123.6 -28.1286
      vertex 92.7901 123 -28.1286
    endloop
  endfacet
  facet normal 0.219585 0 -0.975593
    outer loop
      vertex 92.7901 123.6 -28.1286
      vertex 92.5022 123 -28.1934
      vertex 92.5022 123.6 -28.1934
    endloop
  endfacet
  facet normal 0.268309 0 -0.963333
    outer loop
      vertex 92.7901 123 -28.1286
      vertex 93.0741 123.6 -28.0495
      vertex 93.0741 123 -28.0495
    endloop
  endfacet
  facet normal 0.268309 0 -0.963333
    outer loop
      vertex 93.0741 123.6 -28.0495
      vertex 92.7901 123 -28.1286
      vertex 92.7901 123.6 -28.1286
    endloop
  endfacet
  facet normal 0.316837 0 -0.94848
    outer loop
      vertex 93.0741 123 -28.0495
      vertex 93.3543 123.6 -27.9559
      vertex 93.3543 123 -27.9559
    endloop
  endfacet
  facet normal 0.316837 0 -0.94848
    outer loop
      vertex 93.3543 123.6 -27.9559
      vertex 93.0741 123 -28.0495
      vertex 93.0741 123.6 -28.0495
    endloop
  endfacet
  facet normal 0.365514 0 -0.930806
    outer loop
      vertex 93.3543 123 -27.9559
      vertex 93.625 123.6 -27.8496
      vertex 93.625 123 -27.8496
    endloop
  endfacet
  facet normal 0.365514 0 -0.930806
    outer loop
      vertex 93.625 123.6 -27.8496
      vertex 93.3543 123 -27.9559
      vertex 93.3543 123.6 -27.9559
    endloop
  endfacet
  facet normal 0.416691 0 -0.909048
    outer loop
      vertex 93.625 123 -27.8496
      vertex 93.8809 123.6 -27.7323
      vertex 93.8809 123 -27.7323
    endloop
  endfacet
  facet normal 0.416691 0 -0.909048
    outer loop
      vertex 93.8809 123.6 -27.7323
      vertex 93.625 123 -27.8496
      vertex 93.625 123.6 -27.8496
    endloop
  endfacet
  facet normal 0.470797 0 -0.882241
    outer loop
      vertex 93.8809 123 -27.7323
      vertex 94.1217 123.6 -27.6038
      vertex 94.1217 123 -27.6038
    endloop
  endfacet
  facet normal 0.470797 0 -0.882241
    outer loop
      vertex 94.1217 123.6 -27.6038
      vertex 93.8809 123 -27.7323
      vertex 93.8809 123.6 -27.7323
    endloop
  endfacet
  facet normal 0.525252 0 -0.850946
    outer loop
      vertex 94.1217 123 -27.6038
      vertex 94.3477 123.6 -27.4643
      vertex 94.3477 123 -27.4643
    endloop
  endfacet
  facet normal 0.525252 0 -0.850946
    outer loop
      vertex 94.3477 123.6 -27.4643
      vertex 94.1217 123 -27.6038
      vertex 94.1217 123.6 -27.6038
    endloop
  endfacet
  facet normal 0.580873 0 -0.813994
    outer loop
      vertex 94.3477 123 -27.4643
      vertex 94.5586 123.6 -27.3138
      vertex 94.5586 123 -27.3138
    endloop
  endfacet
  facet normal 0.580873 0 -0.813994
    outer loop
      vertex 94.5586 123.6 -27.3138
      vertex 94.3477 123 -27.4643
      vertex 94.3477 123.6 -27.4643
    endloop
  endfacet
  facet normal 0.63619 0 -0.771533
    outer loop
      vertex 94.5586 123 -27.3138
      vertex 94.7547 123.6 -27.1521
      vertex 94.7547 123 -27.1521
    endloop
  endfacet
  facet normal 0.63619 0 -0.771533
    outer loop
      vertex 94.7547 123.6 -27.1521
      vertex 94.5586 123 -27.3138
      vertex 94.5586 123.6 -27.3138
    endloop
  endfacet
  facet normal 0.690324 0 -0.723501
    outer loop
      vertex 94.7547 123 -27.1521
      vertex 94.9357 123.6 -26.9794
      vertex 94.9357 123 -26.9794
    endloop
  endfacet
  facet normal 0.690324 0 -0.723501
    outer loop
      vertex 94.9357 123.6 -26.9794
      vertex 94.7547 123 -27.1521
      vertex 94.7547 123.6 -27.1521
    endloop
  endfacet
  facet normal 1 -0 0
    outer loop
      vertex 94.9357 123 -24.1692
      vertex 94.9357 123.6 -26.9794
      vertex 94.9357 123.6 -24.1692
    endloop
  endfacet
  facet normal 1 0 0
    outer loop
      vertex 94.9357 123.6 -26.9794
      vertex 94.9357 123 -24.1692
      vertex 94.9357 123 -26.9794
    endloop
  endfacet
  facet normal -0 0 1
    outer loop
      vertex 91.6048 123.6 -24.1692
      vertex 94.9357 123 -24.1692
      vertex 94.9357 123.6 -24.1692
    endloop
  endfacet
  facet normal 0 0 1
    outer loop
      vertex 94.9357 123 -24.1692
      vertex 91.6048 123.6 -24.1692
      vertex 91.6048 123 -24.1692
    endloop
  endfacet
  facet normal -1 0 0
    outer loop
      vertex 91.6048 123 -25.3518
      vertex 91.6048 123.6 -24.1692
      vertex 91.6048 123.6 -25.3518
    endloop
  endfacet
  facet normal -1 -0 0
    outer loop
      vertex 91.6048 123.6 -24.1692
      vertex 91.6048 123 -25.3518
      vertex 91.6048 123 -24.1692
    endloop
  endfacet
  facet normal 0 0 -1
    outer loop
      vertex 91.6048 123 -25.3518
      vertex 93.471 123.6 -25.3518
      vertex 93.471 123 -25.3518
    endloop
  endfacet
  facet normal -0 0 -1
    outer loop
      vertex 93.471 123.6 -25.3518
      vertex 91.6048 123 -25.3518
      vertex 91.6048 123.6 -25.3518
    endloop
  endfacet
  facet normal -1 0 0
    outer loop
      vertex 93.471 123 -26.4098
      vertex 93.471 123.6 -25.3518
      vertex 93.471 123.6 -26.4098
    endloop
  endfacet
  facet normal -1 -0 0
    outer loop
      vertex 93.471 123.6 -25.3518
      vertex 93.471 123 -26.4098
      vertex 93.471 123 -25.3518
    endloop
  endfacet
  facet normal -0.629475 0 0.777021
    outer loop
      vertex 93.3741 123.6 -26.4883
      vertex 93.471 123 -26.4098
      vertex 93.471 123.6 -26.4098
    endloop
  endfacet
  facet normal -0.629475 0 0.777021
    outer loop
      vertex 93.471 123 -26.4098
      vertex 93.3741 123.6 -26.4883
      vertex 93.3741 123 -26.4883
    endloop
  endfacet
  facet normal -0.568892 0 0.822412
    outer loop
      vertex 93.2664 123.6 -26.5628
      vertex 93.3741 123 -26.4883
      vertex 93.3741 123.6 -26.4883
    endloop
  endfacet
  facet normal -0.568892 0 0.822412
    outer loop
      vertex 93.3741 123 -26.4883
      vertex 93.2664 123.6 -26.5628
      vertex 93.2664 123 -26.5628
    endloop
  endfacet
  facet normal -0.509902 0 0.860233
    outer loop
      vertex 93.1478 123.6 -26.6331
      vertex 93.2664 123 -26.5628
      vertex 93.2664 123.6 -26.5628
    endloop
  endfacet
  facet normal -0.509902 0 0.860233
    outer loop
      vertex 93.2664 123 -26.5628
      vertex 93.1478 123.6 -26.6331
      vertex 93.1478 123 -26.6331
    endloop
  endfacet
  facet normal -0.455995 0 0.889982
    outer loop
      vertex 93.0184 123.6 -26.6994
      vertex 93.1478 123 -26.6331
      vertex 93.1478 123.6 -26.6331
    endloop
  endfacet
  facet normal -0.455995 0 0.889982
    outer loop
      vertex 93.1478 123 -26.6331
      vertex 93.0184 123.6 -26.6994
      vertex 93.0184 123 -26.6994
    endloop
  endfacet
  facet normal -0.405292 0 0.914187
    outer loop
      vertex 92.8781 123.6 -26.7616
      vertex 93.0184 123 -26.6994
      vertex 93.0184 123.6 -26.6994
    endloop
  endfacet
  facet normal -0.405292 0 0.914187
    outer loop
      vertex 93.0184 123 -26.6994
      vertex 92.8781 123.6 -26.7616
      vertex 92.8781 123 -26.7616
    endloop
  endfacet
  facet normal -0.358358 0 0.933584
    outer loop
      vertex 92.727 123.6 -26.8196
      vertex 92.8781 123 -26.7616
      vertex 92.8781 123.6 -26.7616
    endloop
  endfacet
  facet normal -0.358358 0 0.933584
    outer loop
      vertex 92.8781 123 -26.7616
      vertex 92.727 123.6 -26.8196
      vertex 92.727 123 -26.8196
    endloop
  endfacet
  facet normal -0.316228 0 0.948683
    outer loop
      vertex 92.565 123.6 -26.8736
      vertex 92.727 123 -26.8196
      vertex 92.727 123.6 -26.8196
    endloop
  endfacet
  facet normal -0.316228 0 0.948683
    outer loop
      vertex 92.727 123 -26.8196
      vertex 92.565 123.6 -26.8736
      vertex 92.565 123 -26.8736
    endloop
  endfacet
  facet normal -0.275476 0 0.961308
    outer loop
      vertex 92.3968 123.6 -26.9218
      vertex 92.565 123 -26.8736
      vertex 92.565 123.6 -26.8736
    endloop
  endfacet
  facet normal -0.275476 0 0.961308
    outer loop
      vertex 92.565 123 -26.8736
      vertex 92.3968 123.6 -26.9218
      vertex 92.3968 123 -26.9218
    endloop
  endfacet
  facet normal -0.233763 0 0.972294
    outer loop
      vertex 92.2271 123.6 -26.9626
      vertex 92.3968 123 -26.9218
      vertex 92.3968 123.6 -26.9218
    endloop
  endfacet
  facet normal -0.233763 0 0.972294
    outer loop
      vertex 92.3968 123 -26.9218
      vertex 92.2271 123.6 -26.9626
      vertex 92.2271 123 -26.9626
    endloop
  endfacet
  facet normal -0.191376 0 0.981517
    outer loop
      vertex 92.0558 123.6 -26.996
      vertex 92.2271 123 -26.9626
      vertex 92.2271 123.6 -26.9626
    endloop
  endfacet
  facet normal -0.191376 0 0.981517
    outer loop
      vertex 92.2271 123 -26.9626
      vertex 92.0558 123.6 -26.996
      vertex 92.0558 123 -26.996
    endloop
  endfacet
  facet normal -0.148788 0 0.988869
    outer loop
      vertex 91.883 123.6 -27.022
      vertex 92.0558 123 -26.996
      vertex 92.0558 123.6 -26.996
    endloop
  endfacet
  facet normal -0.148788 0 0.988869
    outer loop
      vertex 92.0558 123 -26.996
      vertex 91.883 123.6 -27.022
      vertex 91.883 123 -27.022
    endloop
  endfacet
  facet normal -0.105486 0 0.994421
    outer loop
      vertex 91.7086 123.6 -27.0405
      vertex 91.883 123 -27.022
      vertex 91.883 123.6 -27.022
    endloop
  endfacet
  facet normal -0.105486 0 0.994421
    outer loop
      vertex 91.883 123 -27.022
      vertex 91.7086 123.6 -27.0405
      vertex 91.7086 123 -27.0405
    endloop
  endfacet
  facet normal -0.0635439 0 0.997979
    outer loop
      vertex 91.5327 123.6 -27.0517
      vertex 91.7086 123 -27.0405
      vertex 91.7086 123.6 -27.0405
    endloop
  endfacet
  facet normal -0.0635439 0 0.997979
    outer loop
      vertex 91.7086 123 -27.0405
      vertex 91.5327 123.6 -27.0517
      vertex 91.5327 123 -27.0517
    endloop
  endfacet
  facet normal -0.0208523 0 0.999783
    outer loop
      vertex 91.3553 123.6 -27.0554
      vertex 91.5327 123 -27.0517
      vertex 91.5327 123.6 -27.0517
    endloop
  endfacet
  facet normal -0.0208523 0 0.999783
    outer loop
      vertex 91.5327 123 -27.0517
      vertex 91.3553 123.6 -27.0554
      vertex 91.3553 123 -27.0554
    endloop
  endfacet
  facet normal 0.0477843 0 0.998858
    outer loop
      vertex 91.0522 123.6 -27.0409
      vertex 91.3553 123 -27.0554
      vertex 91.3553 123.6 -27.0554
    endloop
  endfacet
  facet normal 0.0477843 0 0.998858
    outer loop
      vertex 91.3553 123 -27.0554
      vertex 91.0522 123.6 -27.0409
      vertex 91.0522 123 -27.0409
    endloop
  endfacet
  facet normal 0.151191 0 0.988505
    outer loop
      vertex 90.7691 123.6 -26.9976
      vertex 91.0522 123 -27.0409
      vertex 91.0522 123.6 -27.0409
    endloop
  endfacet
  facet normal 0.151191 0 0.988505
    outer loop
      vertex 91.0522 123 -27.0409
      vertex 90.7691 123.6 -26.9976
      vertex 90.7691 123 -26.9976
    endloop
  endfacet
  facet normal 0.265071 0 0.964229
    outer loop
      vertex 90.5061 123.6 -26.9253
      vertex 90.7691 123 -26.9976
      vertex 90.7691 123.6 -26.9976
    endloop
  endfacet
  facet normal 0.265071 0 0.964229
    outer loop
      vertex 90.7691 123 -26.9976
      vertex 90.5061 123.6 -26.9253
      vertex 90.5061 123 -26.9253
    endloop
  endfacet
  facet normal 0.384265 0 0.923223
    outer loop
      vertex 90.2632 123.6 -26.8242
      vertex 90.5061 123 -26.9253
      vertex 90.5061 123.6 -26.9253
    endloop
  endfacet
  facet normal 0.384265 0 0.923223
    outer loop
      vertex 90.5061 123 -26.9253
      vertex 90.2632 123.6 -26.8242
      vertex 90.2632 123 -26.8242
    endloop
  endfacet
  facet normal 0.504088 0 0.863652
    outer loop
      vertex 90.0403 123.6 -26.6941
      vertex 90.2632 123 -26.8242
      vertex 90.2632 123.6 -26.8242
    endloop
  endfacet
  facet normal 0.504088 0 0.863652
    outer loop
      vertex 90.2632 123 -26.8242
      vertex 90.0403 123.6 -26.6941
      vertex 90.0403 123 -26.6941
    endloop
  endfacet
  facet normal 0.61657 0 0.7873
    outer loop
      vertex 89.8374 123.6 -26.5352
      vertex 90.0403 123 -26.6941
      vertex 90.0403 123.6 -26.6941
    endloop
  endfacet
  facet normal 0.61657 0 0.7873
    outer loop
      vertex 90.0403 123 -26.6941
      vertex 89.8374 123.6 -26.5352
      vertex 89.8374 123 -26.5352
    endloop
  endfacet
  facet normal 0.716391 -0 0.697699
    outer loop
      vertex 89.6545 123 -26.3474
      vertex 89.8374 123.6 -26.5352
      vertex 89.6545 123.6 -26.3474
    endloop
  endfacet
  facet normal 0.716391 0 0.697699
    outer loop
      vertex 89.8374 123.6 -26.5352
      vertex 89.6545 123 -26.3474
      vertex 89.8374 123 -26.5352
    endloop
  endfacet
  facet normal 0.800582 -0 0.599223
    outer loop
      vertex 89.4941 123 -26.1331
      vertex 89.6545 123.6 -26.3474
      vertex 89.4941 123.6 -26.1331
    endloop
  endfacet
  facet normal 0.800582 0 0.599223
    outer loop
      vertex 89.6545 123.6 -26.3474
      vertex 89.4941 123 -26.1331
      vertex 89.6545 123 -26.3474
    endloop
  endfacet
  facet normal 0.868915 -0 0.494961
    outer loop
      vertex 89.3583 123 -25.8947
      vertex 89.4941 123.6 -26.1331
      vertex 89.3583 123.6 -25.8947
    endloop
  endfacet
  facet normal 0.868915 0 0.494961
    outer loop
      vertex 89.4941 123.6 -26.1331
      vertex 89.3583 123 -25.8947
      vertex 89.4941 123 -26.1331
    endloop
  endfacet
  facet normal 0.920807 -0 0.390018
    outer loop
      vertex 89.2472 123 -25.6324
      vertex 89.3583 123.6 -25.8947
      vertex 89.2472 123.6 -25.6324
    endloop
  endfacet
  facet normal 0.920807 0 0.390018
    outer loop
      vertex 89.3583 123.6 -25.8947
      vertex 89.2472 123 -25.6324
      vertex 89.3583 123 -25.8947
    endloop
  endfacet
  facet normal 0.957384 -0 0.28882
    outer loop
      vertex 89.1608 123 -25.346
      vertex 89.2472 123.6 -25.6324
      vertex 89.1608 123.6 -25.346
    endloop
  endfacet
  facet normal 0.957384 0 0.28882
    outer loop
      vertex 89.2472 123.6 -25.6324
      vertex 89.1608 123 -25.346
      vertex 89.2472 123 -25.6324
    endloop
  endfacet
  facet normal 0.98075 -0 0.195265
    outer loop
      vertex 89.099 123 -25.0356
      vertex 89.1608 123.6 -25.346
      vertex 89.099 123.6 -25.0356
    endloop
  endfacet
  facet normal 0.98075 0 0.195265
    outer loop
      vertex 89.1608 123.6 -25.346
      vertex 89.099 123 -25.0356
      vertex 89.1608 123 -25.346
    endloop
  endfacet
  facet normal 0.993934 -0 0.109975
    outer loop
      vertex 89.062 123 -24.7012
      vertex 89.099 123.6 -25.0356
      vertex 89.062 123.6 -24.7012
    endloop
  endfacet
  facet normal 0.993934 0 0.109975
    outer loop
      vertex 89.099 123.6 -25.0356
      vertex 89.062 123 -24.7012
      vertex 89.099 123 -25.0356
    endloop
  endfacet
  facet normal 0.999412 -0 0.034299
    outer loop
      vertex 89.0497 123 -24.3428
      vertex 89.062 123.6 -24.7012
      vertex 89.0497 123.6 -24.3428
    endloop
  endfacet
  facet normal 0.999412 0 0.034299
    outer loop
      vertex 89.062 123.6 -24.7012
      vertex 89.0497 123 -24.3428
      vertex 89.062 123 -24.7012
    endloop
  endfacet
  facet normal 0.99943 0 -0.0337684
    outer loop
      vertex 89.0616 123 -23.9906
      vertex 89.0497 123.6 -24.3428
      vertex 89.0616 123.6 -23.9906
    endloop
  endfacet
  facet normal 0.99943 0 -0.0337684
    outer loop
      vertex 89.0497 123.6 -24.3428
      vertex 89.0616 123 -23.9906
      vertex 89.0497 123 -24.3428
    endloop
  endfacet
  facet normal 0.994063 0 -0.108801
    outer loop
      vertex 89.0975 123 -23.6626
      vertex 89.0616 123.6 -23.9906
      vertex 89.0975 123.6 -23.6626
    endloop
  endfacet
  facet normal 0.994063 0 -0.108801
    outer loop
      vertex 89.0616 123.6 -23.9906
      vertex 89.0975 123 -23.6626
      vertex 89.0616 123 -23.9906
    endloop
  endfacet
  facet normal 0.981184 0 -0.193073
    outer loop
      vertex 89.1573 123 -23.3587
      vertex 89.0975 123.6 -23.6626
      vertex 89.1573 123.6 -23.3587
    endloop
  endfacet
  facet normal 0.981184 0 -0.193073
    outer loop
      vertex 89.0975 123.6 -23.6626
      vertex 89.1573 123 -23.3587
      vertex 89.0975 123 -23.6626
    endloop
  endfacet
  facet normal 0.958052 0 -0.286594
    outer loop
      vertex 89.241 123 -23.0789
      vertex 89.1573 123.6 -23.3587
      vertex 89.241 123.6 -23.0789
    endloop
  endfacet
  facet normal 0.958052 0 -0.286594
    outer loop
      vertex 89.1573 123.6 -23.3587
      vertex 89.241 123 -23.0789
      vertex 89.1573 123 -23.3587
    endloop
  endfacet
  facet normal 0.921663 0 -0.387993
    outer loop
      vertex 89.3486 123 -22.8233
      vertex 89.241 123.6 -23.0789
      vertex 89.3486 123.6 -22.8233
    endloop
  endfacet
  facet normal 0.921663 0 -0.387993
    outer loop
      vertex 89.241 123.6 -23.0789
      vertex 89.3486 123 -22.8233
      vertex 89.241 123 -23.0789
    endloop
  endfacet
  facet normal 0.869512 0 -0.493913
    outer loop
      vertex 89.4801 123 -22.5918
      vertex 89.3486 123.6 -22.8233
      vertex 89.4801 123.6 -22.5918
    endloop
  endfacet
  facet normal 0.869512 0 -0.493913
    outer loop
      vertex 89.3486 123.6 -22.8233
      vertex 89.4801 123 -22.5918
      vertex 89.3486 123 -22.8233
    endloop
  endfacet
  facet normal 0.800278 0 -0.59963
    outer loop
      vertex 89.6355 123 -22.3844
      vertex 89.4801 123.6 -22.5918
      vertex 89.6355 123.6 -22.3844
    endloop
  endfacet
  facet normal 0.800278 0 -0.59963
    outer loop
      vertex 89.4801 123.6 -22.5918
      vertex 89.6355 123 -22.3844
      vertex 89.4801 123 -22.5918
    endloop
  endfacet
  facet normal 0.712588 0 -0.701583
    outer loop
      vertex 89.814 123 -22.2031
      vertex 89.6355 123.6 -22.3844
      vertex 89.814 123.6 -22.2031
    endloop
  endfacet
  facet normal 0.712588 0 -0.701583
    outer loop
      vertex 89.6355 123.6 -22.3844
      vertex 89.814 123 -22.2031
      vertex 89.6355 123 -22.3844
    endloop
  endfacet
  facet normal 0.6077 0 -0.794167
    outer loop
      vertex 89.814 123 -22.2031
      vertex 90.0146 123.6 -22.0496
      vertex 90.0146 123 -22.0496
    endloop
  endfacet
  facet normal 0.6077 0 -0.794167
    outer loop
      vertex 90.0146 123.6 -22.0496
      vertex 89.814 123 -22.2031
      vertex 89.814 123.6 -22.2031
    endloop
  endfacet
  facet normal 0.490781 0 -0.871283
    outer loop
      vertex 90.0146 123 -22.0496
      vertex 90.2374 123.6 -21.9241
      vertex 90.2374 123 -21.9241
    endloop
  endfacet
  facet normal 0.490781 0 -0.871283
    outer loop
      vertex 90.2374 123.6 -21.9241
      vertex 90.0146 123 -22.0496
      vertex 90.0146 123.6 -22.0496
    endloop
  endfacet
  facet normal 0.37054 0 -0.928816
    outer loop
      vertex 90.2374 123 -21.9241
      vertex 90.4823 123.6 -21.8264
      vertex 90.4823 123 -21.8264
    endloop
  endfacet
  facet normal 0.37054 0 -0.928816
    outer loop
      vertex 90.4823 123.6 -21.8264
      vertex 90.2374 123 -21.9241
      vertex 90.2374 123.6 -21.9241
    endloop
  endfacet
  facet normal 0.252584 0 -0.967575
    outer loop
      vertex 90.4823 123 -21.8264
      vertex 90.7493 123.6 -21.7567
      vertex 90.7493 123 -21.7567
    endloop
  endfacet
  facet normal 0.252584 0 -0.967575
    outer loop
      vertex 90.7493 123.6 -21.7567
      vertex 90.4823 123 -21.8264
      vertex 90.4823 123.6 -21.8264
    endloop
  endfacet
  facet normal 0.143385 0 -0.989667
    outer loop
      vertex 90.7493 123 -21.7567
      vertex 91.0385 123.6 -21.7148
      vertex 91.0385 123 -21.7148
    endloop
  endfacet
  facet normal 0.143385 0 -0.989667
    outer loop
      vertex 91.0385 123.6 -21.7148
      vertex 90.7493 123 -21.7567
      vertex 90.7493 123.6 -21.7567
    endloop
  endfacet
  facet normal 0.044607 0 -0.999005
    outer loop
      vertex 91.0385 123 -21.7148
      vertex 91.3498 123.6 -21.7009
      vertex 91.3498 123 -21.7009
    endloop
  endfacet
  facet normal 0.044607 0 -0.999005
    outer loop
      vertex 91.3498 123.6 -21.7009
      vertex 91.0385 123 -21.7148
      vertex 91.0385 123.6 -21.7148
    endloop
  endfacet
  facet normal -0.0315578 0 -0.999502
    outer loop
      vertex 91.3498 123 -21.7009
      vertex 91.543 123.6 -21.707
      vertex 91.543 123 -21.707
    endloop
  endfacet
  facet normal -0.0315578 0 -0.999502
    outer loop
      vertex 91.543 123.6 -21.707
      vertex 91.3498 123 -21.7009
      vertex 91.3498 123.6 -21.7009
    endloop
  endfacet
  facet normal -0.0979665 0 -0.99519
    outer loop
      vertex 91.543 123 -21.707
      vertex 91.7289 123.6 -21.7253
      vertex 91.7289 123 -21.7253
    endloop
  endfacet
  facet normal -0.0979665 0 -0.99519
    outer loop
      vertex 91.7289 123.6 -21.7253
      vertex 91.543 123 -21.707
      vertex 91.543 123.6 -21.707
    endloop
  endfacet
  facet normal -0.167799 0 -0.985821
    outer loop
      vertex 91.7289 123 -21.7253
      vertex 91.9075 123.6 -21.7557
      vertex 91.9075 123 -21.7557
    endloop
  endfacet
  facet normal -0.167799 0 -0.985821
    outer loop
      vertex 91.9075 123.6 -21.7557
      vertex 91.7289 123 -21.7253
      vertex 91.7289 123.6 -21.7253
    endloop
  endfacet
  facet normal -0.241469 0 -0.970409
    outer loop
      vertex 91.9075 123 -21.7557
      vertex 92.0787 123.6 -21.7983
      vertex 92.0787 123 -21.7983
    endloop
  endfacet
  facet normal -0.241469 0 -0.970409
    outer loop
      vertex 92.0787 123.6 -21.7983
      vertex 91.9075 123 -21.7557
      vertex 91.9075 123.6 -21.7557
    endloop
  endfacet
  facet normal -0.316922 0 -0.948452
    outer loop
      vertex 92.0787 123 -21.7983
      vertex 92.2427 123.6 -21.8531
      vertex 92.2427 123 -21.8531
    endloop
  endfacet
  facet normal -0.316922 0 -0.948452
    outer loop
      vertex 92.2427 123.6 -21.8531
      vertex 92.0787 123 -21.7983
      vertex 92.0787 123.6 -21.7983
    endloop
  endfacet
  facet normal -0.393352 0 -0.919388
    outer loop
      vertex 92.2427 123 -21.8531
      vertex 92.3993 123.6 -21.9201
      vertex 92.3993 123 -21.9201
    endloop
  endfacet
  facet normal -0.393352 0 -0.919388
    outer loop
      vertex 92.3993 123.6 -21.9201
      vertex 92.2427 123 -21.8531
      vertex 92.2427 123.6 -21.8531
    endloop
  endfacet
  facet normal -0.468377 0 -0.883529
    outer loop
      vertex 92.3993 123 -21.9201
      vertex 92.5487 123.6 -21.9993
      vertex 92.5487 123 -21.9993
    endloop
  endfacet
  facet normal -0.468377 0 -0.883529
    outer loop
      vertex 92.5487 123.6 -21.9993
      vertex 92.3993 123 -21.9201
      vertex 92.3993 123.6 -21.9201
    endloop
  endfacet
  facet normal -0.544441 0 -0.838799
    outer loop
      vertex 92.5487 123 -21.9993
      vertex 92.6889 123.6 -22.0903
      vertex 92.6889 123 -22.0903
    endloop
  endfacet
  facet normal -0.544441 0 -0.838799
    outer loop
      vertex 92.6889 123.6 -22.0903
      vertex 92.5487 123 -21.9993
      vertex 92.5487 123.6 -21.9993
    endloop
  endfacet
  facet normal -0.621806 0 -0.783172
    outer loop
      vertex 92.6889 123 -22.0903
      vertex 92.818 123.6 -22.1928
      vertex 92.818 123 -22.1928
    endloop
  endfacet
  facet normal -0.621806 0 -0.783172
    outer loop
      vertex 92.818 123.6 -22.1928
      vertex 92.6889 123 -22.0903
      vertex 92.6889 123.6 -22.0903
    endloop
  endfacet
  facet normal -0.694812 0 -0.719191
    outer loop
      vertex 92.818 123 -22.1928
      vertex 92.936 123.6 -22.3068
      vertex 92.936 123 -22.3068
    endloop
  endfacet
  facet normal -0.694812 0 -0.719191
    outer loop
      vertex 92.936 123.6 -22.3068
      vertex 92.818 123 -22.1928
      vertex 92.818 123.6 -22.1928
    endloop
  endfacet
  facet normal -0.761221 0 -0.648492
    outer loop
      vertex 93.043 123 -22.4324
      vertex 92.936 123.6 -22.3068
      vertex 93.043 123.6 -22.4324
    endloop
  endfacet
  facet normal -0.761221 -0 -0.648492
    outer loop
      vertex 92.936 123.6 -22.3068
      vertex 93.043 123 -22.4324
      vertex 92.936 123 -22.3068
    endloop
  endfacet
  facet normal -0.819232 0 -0.573462
    outer loop
      vertex 93.1389 123 -22.5694
      vertex 93.043 123.6 -22.4324
      vertex 93.1389 123.6 -22.5694
    endloop
  endfacet
  facet normal -0.819232 -0 -0.573462
    outer loop
      vertex 93.043 123.6 -22.4324
      vertex 93.1389 123 -22.5694
      vertex 93.043 123 -22.4324
    endloop
  endfacet
  facet normal -0.868531 0 -0.495635
    outer loop
      vertex 93.2237 123 -22.718
      vertex 93.1389 123.6 -22.5694
      vertex 93.2237 123.6 -22.718
    endloop
  endfacet
  facet normal -0.868531 -0 -0.495635
    outer loop
      vertex 93.1389 123.6 -22.5694
      vertex 93.2237 123 -22.718
      vertex 93.1389 123 -22.5694
    endloop
  endfacet
  facet normal -0.908374 0 -0.418158
    outer loop
      vertex 93.2974 123 -22.8781
      vertex 93.2237 123.6 -22.718
      vertex 93.2974 123.6 -22.8781
    endloop
  endfacet
  facet normal -0.908374 -0 -0.418158
    outer loop
      vertex 93.2237 123.6 -22.718
      vertex 93.2974 123 -22.8781
      vertex 93.2237 123 -22.718
    endloop
  endfacet
  facet normal 0.288669 0 -0.957429
    outer loop
      vertex 93.2974 123 -22.8781
      vertex 94.773 123.6 -22.4332
      vertex 94.773 123 -22.4332
    endloop
  endfacet
  facet normal 0.288669 0 -0.957429
    outer loop
      vertex 94.773 123.6 -22.4332
      vertex 93.2974 123 -22.8781
      vertex 93.2974 123.6 -22.8781
    endloop
  endfacet
  facet normal 0.904399 -0 0.426687
    outer loop
      vertex 94.5238 123 -21.905
      vertex 94.773 123.6 -22.4332
      vertex 94.5238 123.6 -21.905
    endloop
  endfacet
  facet normal 0.904399 0 0.426687
    outer loop
      vertex 94.773 123.6 -22.4332
      vertex 94.5238 123 -21.905
      vertex 94.773 123 -22.4332
    endloop
  endfacet
  facet normal 0.805201 -0 0.593002
    outer loop
      vertex 94.1946 123 -21.458
      vertex 94.5238 123.6 -21.905
      vertex 94.1946 123.6 -21.458
    endloop
  endfacet
  facet normal 0.805201 0 0.593002
    outer loop
      vertex 94.5238 123.6 -21.905
      vertex 94.1946 123 -21.458
      vertex 94.5238 123 -21.905
    endloop
  endfacet
  facet normal 0.666353 0 0.745637
    outer loop
      vertex 93.7855 123.6 -21.0924
      vertex 94.1946 123 -21.458
      vertex 94.1946 123.6 -21.458
    endloop
  endfacet
  facet normal 0.666353 0 0.745637
    outer loop
      vertex 94.1946 123 -21.458
      vertex 93.7855 123.6 -21.0924
      vertex 93.7855 123 -21.0924
    endloop
  endfacet
  facet normal 0.502882 0 0.864355
    outer loop
      vertex 93.2965 123.6 -20.8079
      vertex 93.7855 123 -21.0924
      vertex 93.7855 123.6 -21.0924
    endloop
  endfacet
  facet normal 0.502882 0 0.864355
    outer loop
      vertex 93.7855 123 -21.0924
      vertex 93.2965 123.6 -20.8079
      vertex 93.2965 123 -20.8079
    endloop
  endfacet
  facet normal 0.336169 0 0.941802
    outer loop
      vertex 92.7275 123.6 -20.6048
      vertex 93.2965 123 -20.8079
      vertex 93.2965 123.6 -20.8079
    endloop
  endfacet
  facet normal 0.336169 0 0.941802
    outer loop
      vertex 93.2965 123 -20.8079
      vertex 92.7275 123.6 -20.6048
      vertex 92.7275 123 -20.6048
    endloop
  endfacet
  facet normal 0.184627 0 0.982809
    outer loop
      vertex 92.0786 123.6 -20.4829
      vertex 92.7275 123 -20.6048
      vertex 92.7275 123.6 -20.6048
    endloop
  endfacet
  facet normal 0.184627 0 0.982809
    outer loop
      vertex 92.7275 123 -20.6048
      vertex 92.0786 123.6 -20.4829
      vertex 92.0786 123 -20.4829
    endloop
  endfacet
  facet normal 0.0557583 0 0.998444
    outer loop
      vertex 91.3498 123.6 -20.4422
      vertex 92.0786 123 -20.4829
      vertex 92.0786 123.6 -20.4829
    endloop
  endfacet
  facet normal 0.0557583 0 0.998444
    outer loop
      vertex 92.0786 123 -20.4829
      vertex 91.3498 123.6 -20.4422
      vertex 91.3498 123 -20.4422
    endloop
  endfacet
  facet normal -0.0393651 0 0.999225
    outer loop
      vertex 90.8269 123.6 -20.4628
      vertex 91.3498 123 -20.4422
      vertex 91.3498 123.6 -20.4422
    endloop
  endfacet
  facet normal -0.0393651 0 0.999225
    outer loop
      vertex 91.3498 123 -20.4422
      vertex 90.8269 123.6 -20.4628
      vertex 90.8269 123 -20.4628
    endloop
  endfacet
  facet normal -0.12554 0 0.992089
    outer loop
      vertex 90.3401 123.6 -20.5244
      vertex 90.8269 123 -20.4628
      vertex 90.8269 123.6 -20.4628
    endloop
  endfacet
  facet normal -0.12554 0 0.992089
    outer loop
      vertex 90.8269 123 -20.4628
      vertex 90.3401 123.6 -20.5244
      vertex 90.3401 123 -20.5244
    endloop
  endfacet
  facet normal -0.222173 0 0.975007
    outer loop
      vertex 89.8894 123.6 -20.6271
      vertex 90.3401 123 -20.5244
      vertex 90.3401 123.6 -20.5244
    endloop
  endfacet
  facet normal -0.222173 0 0.975007
    outer loop
      vertex 90.3401 123 -20.5244
      vertex 89.8894 123.6 -20.6271
      vertex 89.8894 123 -20.6271
    endloop
  endfacet
  facet normal -0.32769 0 0.944785
    outer loop
      vertex 89.4748 123.6 -20.7709
      vertex 89.8894 123 -20.6271
      vertex 89.8894 123.6 -20.6271
    endloop
  endfacet
  facet normal -0.32769 0 0.944785
    outer loop
      vertex 89.8894 123 -20.6271
      vertex 89.4748 123.6 -20.7709
      vertex 89.4748 123 -20.7709
    endloop
  endfacet
  facet normal -0.438648 0 0.898659
    outer loop
      vertex 89.0962 123.6 -20.9557
      vertex 89.4748 123 -20.7709
      vertex 89.4748 123.6 -20.7709
    endloop
  endfacet
  facet normal -0.438648 0 0.898659
    outer loop
      vertex 89.4748 123 -20.7709
      vertex 89.0962 123.6 -20.9557
      vertex 89.0962 123 -20.9557
    endloop
  endfacet
  facet normal -0.5507 0 0.834704
    outer loop
      vertex 88.7538 123.6 -21.1816
      vertex 89.0962 123 -20.9557
      vertex 89.0962 123.6 -20.9557
    endloop
  endfacet
  facet normal -0.5507 0 0.834704
    outer loop
      vertex 89.0962 123 -20.9557
      vertex 88.7538 123.6 -21.1816
      vertex 88.7538 123 -21.1816
    endloop
  endfacet
  facet normal -0.65697 0 0.753916
    outer loop
      vertex 88.4474 123.6 -21.4486
      vertex 88.7538 123 -21.1816
      vertex 88.7538 123.6 -21.1816
    endloop
  endfacet
  facet normal -0.65697 0 0.753916
    outer loop
      vertex 88.7538 123 -21.1816
      vertex 88.4474 123.6 -21.4486
      vertex 88.4474 123 -21.4486
    endloop
  endfacet
  facet normal -0.752211 0 0.658923
    outer loop
      vertex 88.1797 123 -21.7542
      vertex 88.4474 123.6 -21.4486
      vertex 88.1797 123.6 -21.7542
    endloop
  endfacet
  facet normal -0.752211 0 0.658923
    outer loop
      vertex 88.4474 123.6 -21.4486
      vertex 88.1797 123 -21.7542
      vertex 88.4474 123 -21.4486
    endloop
  endfacet
  facet normal -0.833287 0 0.55284
    outer loop
      vertex 87.9532 123 -22.0956
      vertex 88.1797 123.6 -21.7542
      vertex 87.9532 123.6 -22.0956
    endloop
  endfacet
  facet normal -0.833287 0 0.55284
    outer loop
      vertex 88.1797 123.6 -21.7542
      vertex 87.9532 123 -22.0956
      vertex 88.1797 123 -21.7542
    endloop
  endfacet
  facet normal -0.897685 0 0.440638
    outer loop
      vertex 87.7679 123 -22.4731
      vertex 87.9532 123.6 -22.0956
      vertex 87.7679 123.6 -22.4731
    endloop
  endfacet
  facet normal -0.897685 0 0.440638
    outer loop
      vertex 87.9532 123.6 -22.0956
      vertex 87.7679 123 -22.4731
      vertex 87.9532 123 -22.0956
    endloop
  endfacet
  facet normal -0.944232 0 0.329282
    outer loop
      vertex 87.6237 123 -22.8866
      vertex 87.7679 123.6 -22.4731
      vertex 87.6237 123.6 -22.8866
    endloop
  endfacet
  facet normal -0.944232 0 0.329282
    outer loop
      vertex 87.7679 123.6 -22.4731
      vertex 87.6237 123 -22.8866
      vertex 87.7679 123 -22.4731
    endloop
  endfacet
  facet normal -0.974774 0 0.223196
    outer loop
      vertex 87.5208 123 -23.336
      vertex 87.6237 123.6 -22.8866
      vertex 87.5208 123.6 -23.336
    endloop
  endfacet
  facet normal -0.974774 0 0.223196
    outer loop
      vertex 87.6237 123.6 -22.8866
      vertex 87.5208 123 -23.336
      vertex 87.6237 123 -22.8866
    endloop
  endfacet
  facet normal -0.991992 0 0.126298
    outer loop
      vertex 87.459 123 -23.8214
      vertex 87.5208 123.6 -23.336
      vertex 87.459 123.6 -23.8214
    endloop
  endfacet
  facet normal -0.991992 0 0.126298
    outer loop
      vertex 87.5208 123.6 -23.336
      vertex 87.459 123 -23.8214
      vertex 87.5208 123 -23.336
    endloop
  endfacet
  facet normal -0.99922 0 0.0394782
    outer loop
      vertex 87.4384 123 -24.3428
      vertex 87.459 123.6 -23.8214
      vertex 87.4384 123.6 -24.3428
    endloop
  endfacet
  facet normal -0.99922 0 0.0394782
    outer loop
      vertex 87.459 123.6 -23.8214
      vertex 87.4384 123 -24.3428
      vertex 87.459 123 -23.8214
    endloop
  endfacet
  facet normal -0.999238 0 -0.0390253
    outer loop
      vertex 87.4589 123 -24.8677
      vertex 87.4384 123.6 -24.3428
      vertex 87.4589 123.6 -24.8677
    endloop
  endfacet
  facet normal -0.999238 -0 -0.0390253
    outer loop
      vertex 87.4384 123.6 -24.3428
      vertex 87.4589 123 -24.8677
      vertex 87.4384 123 -24.3428
    endloop
  endfacet
  facet normal -0.992225 0 -0.124459
    outer loop
      vertex 87.5203 123 -25.3572
      vertex 87.4589 123.6 -24.8677
      vertex 87.5203 123.6 -25.3572
    endloop
  endfacet
  facet normal -0.992225 -0 -0.124459
    outer loop
      vertex 87.4589 123.6 -24.8677
      vertex 87.5203 123 -25.3572
      vertex 87.4589 123 -24.8677
    endloop
  endfacet
  facet normal -0.975515 0 -0.219931
    outer loop
      vertex 87.6227 123 -25.8114
      vertex 87.5203 123.6 -25.3572
      vertex 87.6227 123.6 -25.8114
    endloop
  endfacet
  facet normal -0.975515 -0 -0.219931
    outer loop
      vertex 87.5203 123.6 -25.3572
      vertex 87.6227 123 -25.8114
      vertex 87.5203 123 -25.3572
    endloop
  endfacet
  facet normal -0.9461 0 -0.323874
    outer loop
      vertex 87.7661 123 -26.2303
      vertex 87.6227 123.6 -25.8114
      vertex 87.7661 123.6 -26.2303
    endloop
  endfacet
  facet normal -0.9461 -0 -0.323874
    outer loop
      vertex 87.6227 123.6 -25.8114
      vertex 87.7661 123 -26.2303
      vertex 87.6227 123 -25.8114
    endloop
  endfacet
  facet normal -0.901365 0 -0.43306
    outer loop
      vertex 87.9504 123 -26.6139
      vertex 87.7661 123.6 -26.2303
      vertex 87.9504 123.6 -26.6139
    endloop
  endfacet
  facet normal -0.901365 -0 -0.43306
    outer loop
      vertex 87.7661 123.6 -26.2303
      vertex 87.9504 123 -26.6139
      vertex 87.7661 123 -26.2303
    endloop
  endfacet
  facet normal -0.839577 0 -0.543241
    outer loop
      vertex 88.1757 123 -26.9621
      vertex 87.9504 123.6 -26.6139
      vertex 88.1757 123.6 -26.9621
    endloop
  endfacet
  facet normal -0.839577 -0 -0.543241
    outer loop
      vertex 87.9504 123.6 -26.6139
      vertex 88.1757 123 -26.9621
      vertex 87.9504 123 -26.6139
    endloop
  endfacet
  facet normal -0.761537 0 -0.648122
    outer loop
      vertex 88.442 123 -27.275
      vertex 88.1757 123.6 -26.9621
      vertex 88.442 123.6 -27.275
    endloop
  endfacet
  facet normal -0.761537 -0 -0.648122
    outer loop
      vertex 88.1757 123.6 -26.9621
      vertex 88.442 123 -27.275
      vertex 88.1757 123 -26.9621
    endloop
  endfacet
  facet normal -0.669288 0 -0.743003
    outer loop
      vertex 88.442 123 -27.275
      vertex 88.7464 123.6 -27.5492
      vertex 88.7464 123 -27.5492
    endloop
  endfacet
  facet normal -0.669288 0 -0.743003
    outer loop
      vertex 88.7464 123.6 -27.5492
      vertex 88.442 123 -27.275
      vertex 88.442 123.6 -27.275
    endloop
  endfacet
  facet normal -0.564204 0 -0.825635
    outer loop
      vertex 88.7464 123 -27.5492
      vertex 89.0859 123.6 -27.7812
      vertex 89.0859 123 -27.7812
    endloop
  endfacet
  facet normal -0.564204 0 -0.825635
    outer loop
      vertex 89.0859 123.6 -27.7812
      vertex 88.7464 123 -27.5492
      vertex 88.7464 123.6 -27.5492
    endloop
  endfacet
  facet normal -0.451778 0 -0.89213
    outer loop
      vertex 89.0859 123 -27.7812
      vertex 89.4607 123.6 -27.971
      vertex 89.4607 123 -27.971
    endloop
  endfacet
  facet normal -0.451778 0 -0.89213
    outer loop
      vertex 89.4607 123.6 -27.971
      vertex 89.0859 123 -27.7812
      vertex 89.0859 123.6 -27.7812
    endloop
  endfacet
  facet normal -0.338923 0 -0.940814
    outer loop
      vertex 89.4607 123 -27.971
      vertex 89.8707 123.6 -28.1187
      vertex 89.8707 123 -28.1187
    endloop
  endfacet
  facet normal -0.338923 0 -0.940814
    outer loop
      vertex 89.8707 123.6 -28.1187
      vertex 89.4607 123 -27.971
      vertex 89.4607 123.6 -27.971
    endloop
  endfacet
  facet normal -0.230428 0 -0.973089
    outer loop
      vertex 89.8707 123 -28.1187
      vertex 90.3158 123.6 -28.2241
      vertex 90.3158 123 -28.2241
    endloop
  endfacet
  facet normal -0.230428 0 -0.973089
    outer loop
      vertex 90.3158 123.6 -28.2241
      vertex 89.8707 123 -28.1187
      vertex 89.8707 123.6 -28.1187
    endloop
  endfacet
  facet normal -0.130636 0 -0.99143
    outer loop
      vertex 90.3158 123 -28.2241
      vertex 90.7962 123.6 -28.2874
      vertex 90.7962 123 -28.2874
    endloop
  endfacet
  facet normal -0.130636 0 -0.99143
    outer loop
      vertex 90.7962 123.6 -28.2874
      vertex 90.3158 123 -28.2241
      vertex 90.3158 123.6 -28.2241
    endloop
  endfacet
  facet normal -0.040889 0 -0.999164
    outer loop
      vertex 90.7962 123 -28.2874
      vertex 91.3118 123.6 -28.3085
      vertex 91.3118 123 -28.3085
    endloop
  endfacet
  facet normal -0.040889 0 -0.999164
    outer loop
      vertex 91.3118 123.6 -28.3085
      vertex 90.7962 123 -28.2874
      vertex 90.7962 123.6 -28.2874
    endloop
  endfacet
  facet normal 0.0237244 0 -0.999719
    outer loop
      vertex 91.3118 123 -28.3085
      vertex 91.6152 123.6 -28.3013
      vertex 91.6152 123 -28.3013
    endloop
  endfacet
  facet normal 0.0237244 0 -0.999719
    outer loop
      vertex 91.6152 123.6 -28.3013
      vertex 91.3118 123 -28.3085
      vertex 91.3118 123.6 -28.3085
    endloop
  endfacet
  facet normal 0 0 -1
    outer loop
      vertex 81.5335 123 -21.793
      vertex 84.0073 123.6 -21.793
      vertex 84.0073 123 -21.793
    endloop
  endfacet
  facet normal -0 0 -1
    outer loop
      vertex 84.0073 123.6 -21.793
      vertex 81.5335 123 -21.793
      vertex 81.5335 123.6 -21.793
    endloop
  endfacet
  facet normal 1 -0 0
    outer loop
      vertex 84.0073 123 -20.5562
      vertex 84.0073 123.6 -21.793
      vertex 84.0073 123.6 -20.5562
    endloop
  endfacet
  facet normal 1 0 0
    outer loop
      vertex 84.0073 123.6 -21.793
      vertex 84.0073 123 -20.5562
      vertex 84.0073 123 -21.793
    endloop
  endfacet
  facet normal -0 0 1
    outer loop
      vertex 77.4648 123.6 -20.5562
      vertex 84.0073 123 -20.5562
      vertex 84.0073 123.6 -20.5562
    endloop
  endfacet
  facet normal 0 0 1
    outer loop
      vertex 84.0073 123 -20.5562
      vertex 77.4648 123.6 -20.5562
      vertex 77.4648 123 -20.5562
    endloop
  endfacet
  facet normal -1 0 0
    outer loop
      vertex 77.4648 123 -21.793
      vertex 77.4648 123.6 -20.5562
      vertex 77.4648 123.6 -21.793
    endloop
  endfacet
  facet normal -1 -0 0
    outer loop
      vertex 77.4648 123.6 -20.5562
      vertex 77.4648 123 -21.793
      vertex 77.4648 123 -20.5562
    endloop
  endfacet
  facet normal 0 0 -1
    outer loop
      vertex 77.4648 123 -21.793
      vertex 79.9331 123.6 -21.793
      vertex 79.9331 123 -21.793
    endloop
  endfacet
  facet normal -0 0 -1
    outer loop
      vertex 79.9331 123.6 -21.793
      vertex 77.4648 123 -21.793
      vertex 77.4648 123.6 -21.793
    endloop
  endfacet
  facet normal -1 0 0
    outer loop
      vertex 79.9331 123 -28.2
      vertex 79.9331 123.6 -21.793
      vertex 79.9331 123.6 -28.2
    endloop
  endfacet
  facet normal -1 -0 0
    outer loop
      vertex 79.9331 123.6 -21.793
      vertex 79.9331 123 -28.2
      vertex 79.9331 123 -21.793
    endloop
  endfacet
  facet normal 0 0 -1
    outer loop
      vertex 79.9331 123 -28.2
      vertex 81.5335 123.6 -28.2
      vertex 81.5335 123 -28.2
    endloop
  endfacet
  facet normal -0 0 -1
    outer loop
      vertex 81.5335 123.6 -28.2
      vertex 79.9331 123 -28.2
      vertex 79.9331 123.6 -28.2
    endloop
  endfacet
  facet normal 1 -0 0
    outer loop
      vertex 81.5335 123 -21.793
      vertex 81.5335 123.6 -28.2
      vertex 81.5335 123.6 -21.793
    endloop
  endfacet
  facet normal 1 0 0
    outer loop
      vertex 81.5335 123.6 -28.2
      vertex 81.5335 123 -21.793
      vertex 81.5335 123 -28.2
    endloop
  endfacet
  facet normal -0 0 1
    outer loop
      vertex 84.7112 123.6 -20.5562
      vertex 86.3116 123 -20.5562
      vertex 86.3116 123.6 -20.5562
    endloop
  endfacet
  facet normal 0 0 1
    outer loop
      vertex 86.3116 123 -20.5562
      vertex 84.7112 123.6 -20.5562
      vertex 84.7112 123 -20.5562
    endloop
  endfacet
  facet normal -1 0 0
    outer loop
      vertex 84.7112 123 -28.2
      vertex 84.7112 123.6 -20.5562
      vertex 84.7112 123.6 -28.2
    endloop
  endfacet
  facet normal -1 -0 0
    outer loop
      vertex 84.7112 123.6 -20.5562
      vertex 84.7112 123 -28.2
      vertex 84.7112 123 -20.5562
    endloop
  endfacet
  facet normal 0 0 -1
    outer loop
      vertex 84.7112 123 -28.2
      vertex 86.3116 123.6 -28.2
      vertex 86.3116 123 -28.2
    endloop
  endfacet
  facet normal -0 0 -1
    outer loop
      vertex 86.3116 123.6 -28.2
      vertex 84.7112 123 -28.2
      vertex 84.7112 123.6 -28.2
    endloop
  endfacet
  facet normal 1 -0 0
    outer loop
      vertex 86.3116 123 -20.5562
      vertex 86.3116 123.6 -28.2
      vertex 86.3116 123.6 -20.5562
    endloop
  endfacet
  facet normal 1 0 0
    outer loop
      vertex 86.3116 123.6 -28.2
      vertex 86.3116 123 -20.5562
      vertex 86.3116 123 -28.2
    endloop
  endfacet
  facet normal 0 0 -1
    outer loop
      vertex 97.7663 123 -25.5092
      vertex 99.665 123.6 -25.5092
      vertex 99.665 123 -25.5092
    endloop
  endfacet
  facet normal -0 0 -1
    outer loop
      vertex 99.665 123.6 -25.5092
      vertex 97.7663 123 -25.5092
      vertex 97.7663 123.6 -25.5092
    endloop
  endfacet
  facet normal 0.0268831 0 -0.999639
    outer loop
      vertex 99.665 123 -25.5092
      vertex 99.9067 123.6 -25.5027
      vertex 99.9067 123 -25.5027
    endloop
  endfacet
  facet normal 0.0268831 0 -0.999639
    outer loop
      vertex 99.9067 123.6 -25.5027
      vertex 99.665 123 -25.5092
      vertex 99.665 123.6 -25.5092
    endloop
  endfacet
  facet normal 0.083223 0 -0.996531
    outer loop
      vertex 99.9067 123 -25.5027
      vertex 100.139 123.6 -25.4833
      vertex 100.139 123 -25.4833
    endloop
  endfacet
  facet normal 0.083223 0 -0.996531
    outer loop
      vertex 100.139 123.6 -25.4833
      vertex 99.9067 123 -25.5027
      vertex 99.9067 123.6 -25.5027
    endloop
  endfacet
  facet normal 0.144416 0 -0.989517
    outer loop
      vertex 100.139 123 -25.4833
      vertex 100.361 123.6 -25.4509
      vertex 100.361 123 -25.4509
    endloop
  endfacet
  facet normal 0.144416 0 -0.989517
    outer loop
      vertex 100.361 123.6 -25.4509
      vertex 100.139 123 -25.4833
      vertex 100.139 123.6 -25.4833
    endloop
  endfacet
  facet normal 0.208024 0 -0.978124
    outer loop
      vertex 100.361 123 -25.4509
      vertex 100.574 123.6 -25.4056
      vertex 100.574 123 -25.4056
    endloop
  endfacet
  facet normal 0.208024 0 -0.978124
    outer loop
      vertex 100.574 123.6 -25.4056
      vertex 100.361 123 -25.4509
      vertex 100.361 123.6 -25.4509
    endloop
  endfacet
  facet normal 0.276034 0 -0.961148
    outer loop
      vertex 100.574 123 -25.4056
      vertex 100.777 123.6 -25.3473
      vertex 100.777 123 -25.3473
    endloop
  endfacet
  facet normal 0.276034 0 -0.961148
    outer loop
      vertex 100.777 123.6 -25.3473
      vertex 100.574 123 -25.4056
      vertex 100.574 123.6 -25.4056
    endloop
  endfacet
  facet normal 0.346111 0 -0.938194
    outer loop
      vertex 100.777 123 -25.3473
      vertex 100.97 123.6 -25.2761
      vertex 100.97 123 -25.2761
    endloop
  endfacet
  facet normal 0.346111 0 -0.938194
    outer loop
      vertex 100.97 123.6 -25.2761
      vertex 100.777 123 -25.3473
      vertex 100.777 123.6 -25.3473
    endloop
  endfacet
  facet normal 0.41611 0 -0.909314
    outer loop
      vertex 100.97 123 -25.2761
      vertex 101.154 123.6 -25.1919
      vertex 101.154 123 -25.1919
    endloop
  endfacet
  facet normal 0.41611 0 -0.909314
    outer loop
      vertex 101.154 123.6 -25.1919
      vertex 100.97 123 -25.2761
      vertex 100.97 123.6 -25.2761
    endloop
  endfacet
  facet normal 0.4856 0 -0.874181
    outer loop
      vertex 101.154 123 -25.1919
      vertex 101.327 123.6 -25.0958
      vertex 101.327 123 -25.0958
    endloop
  endfacet
  facet normal 0.4856 0 -0.874181
    outer loop
      vertex 101.327 123.6 -25.0958
      vertex 101.154 123 -25.1919
      vertex 101.154 123.6 -25.1919
    endloop
  endfacet
  facet normal 0.550411 0 -0.834894
    outer loop
      vertex 101.327 123 -25.0958
      vertex 101.489 123.6 -24.989
      vertex 101.489 123 -24.989
    endloop
  endfacet
  facet normal 0.550411 0 -0.834894
    outer loop
      vertex 101.489 123.6 -24.989
      vertex 101.327 123 -25.0958
      vertex 101.327 123.6 -25.0958
    endloop
  endfacet
  facet normal 0.619217 0 -0.78522
    outer loop
      vertex 101.489 123 -24.989
      vertex 101.638 123.6 -24.8715
      vertex 101.638 123 -24.8715
    endloop
  endfacet
  facet normal 0.619217 0 -0.78522
    outer loop
      vertex 101.638 123.6 -24.8715
      vertex 101.489 123 -24.989
      vertex 101.489 123.6 -24.989
    endloop
  endfacet
  facet normal 0.683551 0 -0.729903
    outer loop
      vertex 101.638 123 -24.8715
      vertex 101.775 123.6 -24.7432
      vertex 101.775 123 -24.7432
    endloop
  endfacet
  facet normal 0.683551 0 -0.729903
    outer loop
      vertex 101.775 123.6 -24.7432
      vertex 101.638 123 -24.8715
      vertex 101.638 123.6 -24.8715
    endloop
  endfacet
  facet normal 0.740904 0 -0.671611
    outer loop
      vertex 101.901 123 -24.6042
      vertex 101.775 123.6 -24.7432
      vertex 101.901 123.6 -24.6042
    endloop
  endfacet
  facet normal 0.740904 0 -0.671611
    outer loop
      vertex 101.775 123.6 -24.7432
      vertex 101.901 123 -24.6042
      vertex 101.775 123 -24.7432
    endloop
  endfacet
  facet normal 0.795578 0 -0.605851
    outer loop
      vertex 102.015 123 -24.4545
      vertex 101.901 123.6 -24.6042
      vertex 102.015 123.6 -24.4545
    endloop
  endfacet
  facet normal 0.795578 0 -0.605851
    outer loop
      vertex 101.901 123.6 -24.6042
      vertex 102.015 123 -24.4545
      vertex 101.901 123 -24.6042
    endloop
  endfacet
  facet normal 0.843986 0 -0.536365
    outer loop
      vertex 102.117 123 -24.294
      vertex 102.015 123.6 -24.4545
      vertex 102.117 123.6 -24.294
    endloop
  endfacet
  facet normal 0.843986 0 -0.536365
    outer loop
      vertex 102.015 123.6 -24.4545
      vertex 102.117 123 -24.294
      vertex 102.015 123 -24.4545
    endloop
  endfacet
  facet normal 0.884918 0 -0.465746
    outer loop
      vertex 102.206 123 -24.1249
      vertex 102.117 123.6 -24.294
      vertex 102.206 123.6 -24.1249
    endloop
  endfacet
  facet normal 0.884918 0 -0.465746
    outer loop
      vertex 102.117 123.6 -24.294
      vertex 102.206 123 -24.1249
      vertex 102.117 123 -24.294
    endloop
  endfacet
  facet normal 0.917568 0 -0.397578
    outer loop
      vertex 102.282 123 -23.9495
      vertex 102.206 123.6 -24.1249
      vertex 102.282 123.6 -23.9495
    endloop
  endfacet
  facet normal 0.917568 0 -0.397578
    outer loop
      vertex 102.206 123.6 -24.1249
      vertex 102.282 123 -23.9495
      vertex 102.206 123 -24.1249
    endloop
  endfacet
  facet normal 0.946528 0 -0.322621
    outer loop
      vertex 102.344 123 -23.7676
      vertex 102.282 123.6 -23.9495
      vertex 102.344 123.6 -23.7676
    endloop
  endfacet
  facet normal 0.946528 0 -0.322621
    outer loop
      vertex 102.282 123.6 -23.9495
      vertex 102.344 123 -23.7676
      vertex 102.282 123 -23.9495
    endloop
  endfacet
  facet normal 0.969043 0 -0.24689
    outer loop
      vertex 102.392 123 -23.5792
      vertex 102.344 123.6 -23.7676
      vertex 102.392 123.6 -23.5792
    endloop
  endfacet
  facet normal 0.969043 0 -0.24689
    outer loop
      vertex 102.344 123.6 -23.7676
      vertex 102.392 123 -23.5792
      vertex 102.344 123 -23.7676
    endloop
  endfacet
  facet normal 0.985093 0 -0.172024
    outer loop
      vertex 102.426 123 -23.3845
      vertex 102.392 123.6 -23.5792
      vertex 102.426 123.6 -23.3845
    endloop
  endfacet
  facet normal 0.985093 0 -0.172024
    outer loop
      vertex 102.392 123.6 -23.5792
      vertex 102.426 123 -23.3845
      vertex 102.392 123 -23.5792
    endloop
  endfacet
  facet normal 0.994592 0 -0.103861
    outer loop
      vertex 102.447 123 -23.1834
      vertex 102.426 123.6 -23.3845
      vertex 102.447 123.6 -23.1834
    endloop
  endfacet
  facet normal 0.994592 0 -0.103861
    outer loop
      vertex 102.426 123.6 -23.3845
      vertex 102.447 123 -23.1834
      vertex 102.426 123 -23.3845
    endloop
  endfacet
  facet normal 0.999583 0 -0.0288897
    outer loop
      vertex 102.453 123 -22.9758
      vertex 102.447 123.6 -23.1834
      vertex 102.453 123.6 -22.9758
    endloop
  endfacet
  facet normal 0.999583 0 -0.0288897
    outer loop
      vertex 102.447 123.6 -23.1834
      vertex 102.453 123 -22.9758
      vertex 102.447 123 -23.1834
    endloop
  endfacet
  facet normal 0.9989 -0 0.0468967
    outer loop
      vertex 102.438 123 -22.6563
      vertex 102.453 123.6 -22.9758
      vertex 102.438 123.6 -22.6563
    endloop
  endfacet
  facet normal 0.9989 0 0.0468967
    outer loop
      vertex 102.453 123.6 -22.9758
      vertex 102.438 123 -22.6563
      vertex 102.453 123 -22.9758
    endloop
  endfacet
  facet normal 0.988797 -0 0.149265
    outer loop
      vertex 102.393 123 -22.3582
      vertex 102.438 123.6 -22.6563
      vertex 102.393 123.6 -22.3582
    endloop
  endfacet
  facet normal 0.988797 0 0.149265
    outer loop
      vertex 102.438 123.6 -22.6563
      vertex 102.393 123 -22.3582
      vertex 102.438 123 -22.6563
    endloop
  endfacet
  facet normal 0.964312 -0 0.264768
    outer loop
      vertex 102.317 123 -22.0814
      vertex 102.393 123.6 -22.3582
      vertex 102.317 123.6 -22.0814
    endloop
  endfacet
  facet normal 0.964312 0 0.264768
    outer loop
      vertex 102.393 123.6 -22.3582
      vertex 102.317 123 -22.0814
      vertex 102.393 123 -22.3582
    endloop
  endfacet
  facet normal 0.924836 -0 0.380367
    outer loop
      vertex 102.212 123 -21.8261
      vertex 102.317 123.6 -22.0814
      vertex 102.212 123.6 -21.8261
    endloop
  endfacet
  facet normal 0.924836 0 0.380367
    outer loop
      vertex 102.317 123.6 -22.0814
      vertex 102.212 123 -21.8261
      vertex 102.317 123 -22.0814
    endloop
  endfacet
  facet normal 0.864582 -0 0.502492
    outer loop
      vertex 102.076 123 -21.5921
      vertex 102.212 123.6 -21.8261
      vertex 102.076 123.6 -21.5921
    endloop
  endfacet
  facet normal 0.864582 0 0.502492
    outer loop
      vertex 102.212 123.6 -21.8261
      vertex 102.076 123 -21.5921
      vertex 102.212 123 -21.8261
    endloop
  endfacet
  facet normal 0.786536 -0 0.617544
    outer loop
      vertex 101.909 123 -21.3794
      vertex 102.076 123.6 -21.5921
      vertex 101.909 123.6 -21.3794
    endloop
  endfacet
  facet normal 0.786536 0 0.617544
    outer loop
      vertex 102.076 123.6 -21.5921
      vertex 101.909 123 -21.3794
      vertex 102.076 123 -21.5921
    endloop
  endfacet
  facet normal 0.698287 0 0.715818
    outer loop
      vertex 101.713 123.6 -21.1882
      vertex 101.909 123 -21.3794
      vertex 101.909 123.6 -21.3794
    endloop
  endfacet
  facet normal 0.698287 0 0.715818
    outer loop
      vertex 101.909 123 -21.3794
      vertex 101.713 123.6 -21.1882
      vertex 101.713 123 -21.1882
    endloop
  endfacet
  facet normal 0.597603 0 0.801792
    outer loop
      vertex 101.488 123.6 -21.0205
      vertex 101.713 123 -21.1882
      vertex 101.713 123.6 -21.1882
    endloop
  endfacet
  facet normal 0.597603 0 0.801792
    outer loop
      vertex 101.713 123 -21.1882
      vertex 101.488 123.6 -21.0205
      vertex 101.488 123 -21.0205
    endloop
  endfacet
  facet normal 0.493627 0 0.869674
    outer loop
      vertex 101.238 123.6 -20.8786
      vertex 101.488 123 -21.0205
      vertex 101.488 123.6 -21.0205
    endloop
  endfacet
  facet normal 0.493627 0 0.869674
    outer loop
      vertex 101.488 123 -21.0205
      vertex 101.238 123.6 -20.8786
      vertex 101.238 123 -20.8786
    endloop
  endfacet
  facet normal 0.387743 0 0.921767
    outer loop
      vertex 100.962 123.6 -20.7625
      vertex 101.238 123 -20.8786
      vertex 101.238 123.6 -20.8786
    endloop
  endfacet
  facet normal 0.387743 0 0.921767
    outer loop
      vertex 101.238 123 -20.8786
      vertex 100.962 123.6 -20.7625
      vertex 100.962 123 -20.7625
    endloop
  endfacet
  facet normal 0.286475 0 0.958088
    outer loop
      vertex 100.66 123.6 -20.6722
      vertex 100.962 123 -20.7625
      vertex 100.962 123.6 -20.7625
    endloop
  endfacet
  facet normal 0.286475 0 0.958088
    outer loop
      vertex 100.962 123 -20.7625
      vertex 100.66 123.6 -20.6722
      vertex 100.66 123 -20.6722
    endloop
  endfacet
  facet normal 0.19323 0 0.981153
    outer loop
      vertex 100.333 123.6 -20.6078
      vertex 100.66 123 -20.6722
      vertex 100.66 123.6 -20.6722
    endloop
  endfacet
  facet normal 0.19323 0 0.981153
    outer loop
      vertex 100.66 123 -20.6722
      vertex 100.333 123.6 -20.6078
      vertex 100.333 123 -20.6078
    endloop
  endfacet
  facet normal 0.108735 0 0.994071
    outer loop
      vertex 99.9792 123.6 -20.5691
      vertex 100.333 123 -20.6078
      vertex 100.333 123.6 -20.6078
    endloop
  endfacet
  facet normal 0.108735 0 0.994071
    outer loop
      vertex 100.333 123 -20.6078
      vertex 99.9792 123.6 -20.5691
      vertex 99.9792 123 -20.5691
    endloop
  endfacet
  facet normal 0.0339993 0 0.999422
    outer loop
      vertex 99.6 123.6 -20.5562
      vertex 99.9792 123 -20.5691
      vertex 99.9792 123.6 -20.5691
    endloop
  endfacet
  facet normal 0.0339993 0 0.999422
    outer loop
      vertex 99.9792 123 -20.5691
      vertex 99.6 123.6 -20.5562
      vertex 99.6 123 -20.5562
    endloop
  endfacet
  facet normal -0 0 1
    outer loop
      vertex 96.1659 123.6 -20.5562
      vertex 99.6 123 -20.5562
      vertex 99.6 123.6 -20.5562
    endloop
  endfacet
  facet normal 0 0 1
    outer loop
      vertex 99.6 123 -20.5562
      vertex 96.1659 123.6 -20.5562
      vertex 96.1659 123 -20.5562
    endloop
  endfacet
  facet normal -1 0 0
    outer loop
      vertex 96.1659 123 -28.2
      vertex 96.1659 123.6 -20.5562
      vertex 96.1659 123.6 -28.2
    endloop
  endfacet
  facet normal -1 -0 0
    outer loop
      vertex 96.1659 123.6 -20.5562
      vertex 96.1659 123 -28.2
      vertex 96.1659 123 -20.5562
    endloop
  endfacet
  facet normal 0 0 -1
    outer loop
      vertex 96.1659 123 -28.2
      vertex 97.7663 123.6 -28.2
      vertex 97.7663 123 -28.2
    endloop
  endfacet
  facet normal -0 0 -1
    outer loop
      vertex 97.7663 123.6 -28.2
      vertex 96.1659 123 -28.2
      vertex 96.1659 123.6 -28.2
    endloop
  endfacet
  facet normal 1 -0 0
    outer loop
      vertex 97.7663 123 -25.5092
      vertex 97.7663 123.6 -28.2
      vertex 97.7663 123.6 -25.5092
    endloop
  endfacet
  facet normal 1 0 0
    outer loop
      vertex 97.7663 123.6 -28.2
      vertex 97.7663 123 -25.5092
      vertex 97.7663 123 -28.2
    endloop
  endfacet
  facet normal 1 -0 0
    outer loop
      vertex 97.7663 123 -21.7985
      vertex 97.7663 123.6 -24.2778
      vertex 97.7663 123.6 -21.7985
    endloop
  endfacet
  facet normal 1 0 0
    outer loop
      vertex 97.7663 123.6 -24.2778
      vertex 97.7663 123 -21.7985
      vertex 97.7663 123 -24.2778
    endloop
  endfacet
  facet normal 0 0 -1
    outer loop
      vertex 97.7663 123 -21.7985
      vertex 99.4209 123.6 -21.7985
      vertex 99.4209 123 -21.7985
    endloop
  endfacet
  facet normal -0 0 -1
    outer loop
      vertex 99.4209 123.6 -21.7985
      vertex 97.7663 123 -21.7985
      vertex 97.7663 123.6 -21.7985
    endloop
  endfacet
  facet normal -0.0650963 0 -0.997879
    outer loop
      vertex 99.4209 123 -21.7985
      vertex 99.798 123.6 -21.8231
      vertex 99.798 123 -21.8231
    endloop
  endfacet
  facet normal -0.0650963 0 -0.997879
    outer loop
      vertex 99.798 123.6 -21.8231
      vertex 99.4209 123 -21.7985
      vertex 99.4209 123.6 -21.7985
    endloop
  endfacet
  facet normal -0.225105 0 -0.974335
    outer loop
      vertex 99.798 123 -21.8231
      vertex 100.117 123.6 -21.8968
      vertex 100.117 123 -21.8968
    endloop
  endfacet
  facet normal -0.225105 0 -0.974335
    outer loop
      vertex 100.117 123.6 -21.8968
      vertex 99.798 123 -21.8231
      vertex 99.798 123.6 -21.8231
    endloop
  endfacet
  facet normal -0.426014 0 -0.904717
    outer loop
      vertex 100.117 123 -21.8968
      vertex 100.378 123.6 -22.0197
      vertex 100.378 123 -22.0197
    endloop
  endfacet
  facet normal -0.426014 0 -0.904717
    outer loop
      vertex 100.378 123.6 -22.0197
      vertex 100.117 123 -21.8968
      vertex 100.117 123.6 -21.8968
    endloop
  endfacet
  facet normal -0.646666 0 -0.762773
    outer loop
      vertex 100.378 123 -22.0197
      vertex 100.581 123.6 -22.1918
      vertex 100.581 123 -22.1918
    endloop
  endfacet
  facet normal -0.646666 0 -0.762773
    outer loop
      vertex 100.581 123.6 -22.1918
      vertex 100.378 123 -22.0197
      vertex 100.378 123.6 -22.0197
    endloop
  endfacet
  facet normal -0.83633 0 -0.548227
    outer loop
      vertex 100.726 123 -22.413
      vertex 100.581 123.6 -22.1918
      vertex 100.726 123.6 -22.413
    endloop
  endfacet
  facet normal -0.83633 -0 -0.548227
    outer loop
      vertex 100.581 123.6 -22.1918
      vertex 100.726 123 -22.413
      vertex 100.581 123 -22.1918
    endloop
  endfacet
  facet normal -0.951941 0 -0.306283
    outer loop
      vertex 100.813 123 -22.6834
      vertex 100.726 123.6 -22.413
      vertex 100.813 123.6 -22.6834
    endloop
  endfacet
  facet normal -0.951941 -0 -0.306283
    outer loop
      vertex 100.726 123.6 -22.413
      vertex 100.813 123 -22.6834
      vertex 100.726 123 -22.413
    endloop
  endfacet
  facet normal -0.995906 0 -0.0903952
    outer loop
      vertex 100.842 123 -23.0029
      vertex 100.813 123.6 -22.6834
      vertex 100.842 123.6 -23.0029
    endloop
  endfacet
  facet normal -0.995906 -0 -0.0903952
    outer loop
      vertex 100.813 123.6 -22.6834
      vertex 100.842 123 -23.0029
      vertex 100.813 123 -22.6834
    endloop
  endfacet
  facet normal -0.99916 0 0.0409732
    outer loop
      vertex 100.835 123 -23.1736
      vertex 100.842 123.6 -23.0029
      vertex 100.835 123.6 -23.1736
    endloop
  endfacet
  facet normal -0.99916 0 0.0409732
    outer loop
      vertex 100.842 123.6 -23.0029
      vertex 100.835 123 -23.1736
      vertex 100.842 123 -23.0029
    endloop
  endfacet
  facet normal -0.990563 0 0.137059
    outer loop
      vertex 100.813 123 -23.3326
      vertex 100.835 123.6 -23.1736
      vertex 100.813 123.6 -23.3326
    endloop
  endfacet
  facet normal -0.990563 0 0.137059
    outer loop
      vertex 100.835 123.6 -23.1736
      vertex 100.813 123 -23.3326
      vertex 100.835 123 -23.1736
    endloop
  endfacet
  facet normal -0.971297 0 0.237869
    outer loop
      vertex 100.777 123 -23.4796
      vertex 100.813 123.6 -23.3326
      vertex 100.777 123.6 -23.4796
    endloop
  endfacet
  facet normal -0.971297 0 0.237869
    outer loop
      vertex 100.813 123.6 -23.3326
      vertex 100.777 123 -23.4796
      vertex 100.813 123 -23.3326
    endloop
  endfacet
  facet normal -0.933434 0 0.358748
    outer loop
      vertex 100.725 123 -23.6149
      vertex 100.777 123.6 -23.4796
      vertex 100.725 123.6 -23.6149
    endloop
  endfacet
  facet normal -0.933434 0 0.358748
    outer loop
      vertex 100.777 123.6 -23.4796
      vertex 100.725 123 -23.6149
      vertex 100.777 123 -23.4796
    endloop
  endfacet
  facet normal -0.884763 0 0.466042
    outer loop
      vertex 100.66 123 -23.7383
      vertex 100.725 123.6 -23.6149
      vertex 100.66 123.6 -23.7383
    endloop
  endfacet
  facet normal -0.884763 0 0.466042
    outer loop
      vertex 100.725 123.6 -23.6149
      vertex 100.66 123 -23.7383
      vertex 100.725 123 -23.6149
    endloop
  endfacet
  facet normal -0.80905 0 0.58774
    outer loop
      vertex 100.579 123 -23.8498
      vertex 100.66 123.6 -23.7383
      vertex 100.579 123.6 -23.8498
    endloop
  endfacet
  facet normal -0.80905 0 0.58774
    outer loop
      vertex 100.66 123.6 -23.7383
      vertex 100.579 123 -23.8498
      vertex 100.66 123 -23.7383
    endloop
  endfacet
  facet normal -0.723965 0 0.689836
    outer loop
      vertex 100.484 123 -23.9495
      vertex 100.579 123.6 -23.8498
      vertex 100.484 123.6 -23.9495
    endloop
  endfacet
  facet normal -0.723965 0 0.689836
    outer loop
      vertex 100.579 123.6 -23.8498
      vertex 100.484 123 -23.9495
      vertex 100.579 123 -23.8498
    endloop
  endfacet
  facet normal -0.627767 0 0.778402
    outer loop
      vertex 100.376 123.6 -24.0366
      vertex 100.484 123 -23.9495
      vertex 100.484 123.6 -23.9495
    endloop
  endfacet
  facet normal -0.627767 0 0.778402
    outer loop
      vertex 100.484 123 -23.9495
      vertex 100.376 123.6 -24.0366
      vertex 100.376 123 -24.0366
    endloop
  endfacet
  facet normal -0.520193 0 0.854049
    outer loop
      vertex 100.255 123.6 -24.1103
      vertex 100.376 123 -24.0366
      vertex 100.376 123.6 -24.0366
    endloop
  endfacet
  facet normal -0.520193 0 0.854049
    outer loop
      vertex 100.376 123 -24.0366
      vertex 100.255 123.6 -24.1103
      vertex 100.255 123 -24.1103
    endloop
  endfacet
  facet normal -0.410365 0 0.911922
    outer loop
      vertex 100.121 123.6 -24.1706
      vertex 100.255 123 -24.1103
      vertex 100.255 123.6 -24.1103
    endloop
  endfacet
  facet normal -0.410365 0 0.911922
    outer loop
      vertex 100.255 123 -24.1103
      vertex 100.121 123.6 -24.1706
      vertex 100.121 123 -24.1706
    endloop
  endfacet
  facet normal -0.307367 0 0.951591
    outer loop
      vertex 99.9758 123.6 -24.2175
      vertex 100.121 123 -24.1706
      vertex 100.121 123.6 -24.1706
    endloop
  endfacet
  facet normal -0.307367 0 0.951591
    outer loop
      vertex 100.121 123 -24.1706
      vertex 99.9758 123.6 -24.2175
      vertex 99.9758 123 -24.2175
    endloop
  endfacet
  facet normal -0.207289 0 0.97828
    outer loop
      vertex 99.8177 123.6 -24.251
      vertex 99.9758 123 -24.2175
      vertex 99.9758 123.6 -24.2175
    endloop
  endfacet
  facet normal -0.207289 0 0.97828
    outer loop
      vertex 99.9758 123 -24.2175
      vertex 99.8177 123.6 -24.251
      vertex 99.8177 123 -24.251
    endloop
  endfacet
  facet normal -0.117078 0 0.993123
    outer loop
      vertex 99.6472 123.6 -24.2711
      vertex 99.8177 123 -24.251
      vertex 99.8177 123.6 -24.251
    endloop
  endfacet
  facet normal -0.117078 0 0.993123
    outer loop
      vertex 99.8177 123 -24.251
      vertex 99.6472 123.6 -24.2711
      vertex 99.6472 123 -24.2711
    endloop
  endfacet
  facet normal -0.0366075 0 0.99933
    outer loop
      vertex 99.4643 123.6 -24.2778
      vertex 99.6472 123 -24.2711
      vertex 99.6472 123.6 -24.2711
    endloop
  endfacet
  facet normal -0.0366075 0 0.99933
    outer loop
      vertex 99.6472 123 -24.2711
      vertex 99.4643 123.6 -24.2778
      vertex 99.4643 123 -24.2778
    endloop
  endfacet
  facet normal -0 0 1
    outer loop
      vertex 97.7663 123.6 -24.2778
      vertex 99.4643 123 -24.2778
      vertex 99.4643 123.6 -24.2778
    endloop
  endfacet
  facet normal 0 0 1
    outer loop
      vertex 99.4643 123 -24.2778
      vertex 97.7663 123.6 -24.2778
      vertex 97.7663 123 -24.2778
    endloop
  endfacet
endsolid OpenSCAD_Model
