solid OpenSCAD_Model
  facet normal 0 0 -1
    outer loop
      vertex 74.7206 -32.7261 1.6
      vertex 73.9221 -32.3497 1.6
      vertex 74.6087 -32.3497 1.6
    endloop
  endfacet
  facet normal 0 -0 -1
    outer loop
      vertex 73.9221 -32.3497 1.6
      vertex 74.7206 -32.7261 1.6
      vertex 73.8102 -32.7261 1.6
    endloop
  endfacet
  facet normal 0 0 -1
    outer loop
      vertex 74.7206 -32.7261 1.6
      vertex 75.4275 -33.3364 1.6
      vertex 74.9325 -33.3364 1.6
    endloop
  endfacet
  facet normal 0 0 -1
    outer loop
      vertex 74.6087 -32.3497 1.6
      vertex 75.4275 -33.3364 1.6
      vertex 74.7206 -32.7261 1.6
    endloop
  endfacet
  facet normal 0 0 -1
    outer loop
      vertex 74.6087 -32.3497 1.6
      vertex 74.5595 -30.9477 1.6
      vertex 75.4275 -33.3364 1.6
    endloop
  endfacet
  facet normal 0 0 -1
    outer loop
      vertex 74.373 -31.6631 1.6
      vertex 74.5595 -30.9477 1.6
      vertex 74.6087 -32.3497 1.6
    endloop
  endfacet
  facet normal 0 0 -1
    outer loop
      vertex 74.3001 -31.4326 1.6
      vertex 74.5595 -30.9477 1.6
      vertex 74.373 -31.6631 1.6
    endloop
  endfacet
  facet normal 0 0 -1
    outer loop
      vertex 74.2645 -31.3156 1.6
      vertex 74.5595 -30.9477 1.6
      vertex 74.3001 -31.4326 1.6
    endloop
  endfacet
  facet normal 0 0 -1
    outer loop
      vertex 73.9695 -30.9477 1.6
      vertex 74.2544 -31.3529 1.6
      vertex 74.2357 -31.4182 1.6
    endloop
  endfacet
  facet normal 0 0 -1
    outer loop
      vertex 73.9695 -30.9477 1.6
      vertex 74.2357 -31.4182 1.6
      vertex 74.2137 -31.4919 1.6
    endloop
  endfacet
  facet normal 0 0 -1
    outer loop
      vertex 73.9695 -30.9477 1.6
      vertex 74.2137 -31.4919 1.6
      vertex 74.1289 -31.7454 1.6
    endloop
  endfacet
  facet normal 0 0 -1
    outer loop
      vertex 74.2645 -31.3156 1.6
      vertex 73.9695 -30.9477 1.6
      vertex 74.5595 -30.9477 1.6
    endloop
  endfacet
  facet normal 0 0 -1
    outer loop
      vertex 74.2544 -31.3529 1.6
      vertex 73.9695 -30.9477 1.6
      vertex 74.2645 -31.3156 1.6
    endloop
  endfacet
  facet normal 0 0 -1
    outer loop
      vertex 73.9221 -32.3497 1.6
      vertex 73.9695 -30.9477 1.6
      vertex 74.1289 -31.7454 1.6
    endloop
  endfacet
  facet normal 0 0 -1
    outer loop
      vertex 73.0981 -33.3364 1.6
      vertex 73.9221 -32.3497 1.6
      vertex 73.8102 -32.7261 1.6
    endloop
  endfacet
  facet normal 0 0 -1
    outer loop
      vertex 73.0981 -33.3364 1.6
      vertex 73.8102 -32.7261 1.6
      vertex 73.5983 -33.3364 1.6
    endloop
  endfacet
  facet normal -0 0 -1
    outer loop
      vertex 73.9221 -32.3497 1.6
      vertex 73.0981 -33.3364 1.6
      vertex 73.9695 -30.9477 1.6
    endloop
  endfacet
  facet normal 0 0 -1
    outer loop
      vertex 75.6927 -33.3364 1.6
      vertex 76.1928 -30.9477 1.6
      vertex 76.1928 -33.3364 1.6
    endloop
  endfacet
  facet normal -0 0 -1
    outer loop
      vertex 76.1928 -30.9477 1.6
      vertex 75.6927 -33.3364 1.6
      vertex 75.6927 -30.9477 1.6
    endloop
  endfacet
  facet normal 0 0 -1
    outer loop
      vertex 78.2368 -33.3364 1.6
      vertex 77.6893 -32.9821 1.6
      vertex 78.2368 -32.9821 1.6
    endloop
  endfacet
  facet normal 0 0 -1
    outer loop
      vertex 77.2129 -31.3529 1.6
      vertex 77.6893 -30.9477 1.6
      vertex 77.6893 -32.9821 1.6
    endloop
  endfacet
  facet normal 0 0 -1
    outer loop
      vertex 77.2129 -31.3529 1.6
      vertex 77.6893 -32.9821 1.6
      vertex 77.2129 -32.9821 1.6
    endloop
  endfacet
  facet normal 0 0 -1
    outer loop
      vertex 78.2368 -33.3364 1.6
      vertex 77.2129 -32.9821 1.6
      vertex 77.6893 -32.9821 1.6
    endloop
  endfacet
  facet normal 0 0 -1
    outer loop
      vertex 76.6212 -33.3364 1.6
      vertex 77.2129 -32.9821 1.6
      vertex 78.2368 -33.3364 1.6
    endloop
  endfacet
  facet normal -0 0 -1
    outer loop
      vertex 77.2129 -32.9821 1.6
      vertex 76.6212 -33.3364 1.6
      vertex 76.6212 -32.9821 1.6
    endloop
  endfacet
  facet normal -0 0 -1
    outer loop
      vertex 77.6893 -30.9477 1.6
      vertex 77.2129 -31.3529 1.6
      vertex 77.2383 -30.9477 1.6
    endloop
  endfacet
  facet normal 0 0 -1
    outer loop
      vertex 76.6399 -31.3359 1.6
      vertex 77.2129 -31.3529 1.6
      vertex 76.6399 -31.7106 1.6
    endloop
  endfacet
  facet normal 0 0 -1
    outer loop
      vertex 77.2129 -31.3529 1.6
      vertex 76.6399 -31.3359 1.6
      vertex 77.2383 -30.9477 1.6
    endloop
  endfacet
  facet normal 0 0 1
    outer loop
      vertex 75.4275 -33.3364 2
      vertex 74.7206 -32.7261 2
      vertex 74.9325 -33.3364 2
    endloop
  endfacet
  facet normal 0 0 1
    outer loop
      vertex 75.4275 -33.3364 2
      vertex 74.6087 -32.3497 2
      vertex 74.7206 -32.7261 2
    endloop
  endfacet
  facet normal 0 0 1
    outer loop
      vertex 74.5595 -30.9477 2
      vertex 74.6087 -32.3497 2
      vertex 75.4275 -33.3364 2
    endloop
  endfacet
  facet normal 0 0 1
    outer loop
      vertex 74.5595 -30.9477 2
      vertex 74.373 -31.6631 2
      vertex 74.6087 -32.3497 2
    endloop
  endfacet
  facet normal 0 0 1
    outer loop
      vertex 74.5595 -30.9477 2
      vertex 74.3001 -31.4326 2
      vertex 74.373 -31.6631 2
    endloop
  endfacet
  facet normal 0 0 1
    outer loop
      vertex 74.5595 -30.9477 2
      vertex 74.2645 -31.3156 2
      vertex 74.3001 -31.4326 2
    endloop
  endfacet
  facet normal 0 0 1
    outer loop
      vertex 73.9695 -30.9477 2
      vertex 74.2544 -31.3529 2
      vertex 74.2645 -31.3156 2
    endloop
  endfacet
  facet normal 0 0 1
    outer loop
      vertex 74.2544 -31.3529 2
      vertex 73.9695 -30.9477 2
      vertex 74.2357 -31.4182 2
    endloop
  endfacet
  facet normal 0 0 1
    outer loop
      vertex 74.2357 -31.4182 2
      vertex 73.9695 -30.9477 2
      vertex 74.2137 -31.4919 2
    endloop
  endfacet
  facet normal -0 0 1
    outer loop
      vertex 73.9695 -30.9477 2
      vertex 74.2645 -31.3156 2
      vertex 74.5595 -30.9477 2
    endloop
  endfacet
  facet normal 0 0 1
    outer loop
      vertex 74.2137 -31.4919 2
      vertex 73.9695 -30.9477 2
      vertex 74.1289 -31.7454 2
    endloop
  endfacet
  facet normal 0 0 1
    outer loop
      vertex 73.9695 -30.9477 2
      vertex 73.9221 -32.3497 2
      vertex 74.1289 -31.7454 2
    endloop
  endfacet
  facet normal 0 0 1
    outer loop
      vertex 73.0981 -33.3364 2
      vertex 73.9221 -32.3497 2
      vertex 73.9695 -30.9477 2
    endloop
  endfacet
  facet normal 0 0 1
    outer loop
      vertex 73.9221 -32.3497 2
      vertex 73.0981 -33.3364 2
      vertex 73.8102 -32.7261 2
    endloop
  endfacet
  facet normal 0 0 1
    outer loop
      vertex 73.8102 -32.7261 2
      vertex 73.0981 -33.3364 2
      vertex 73.5983 -33.3364 2
    endloop
  endfacet
  facet normal -0 0 1
    outer loop
      vertex 73.9221 -32.3497 2
      vertex 74.7206 -32.7261 2
      vertex 74.6087 -32.3497 2
    endloop
  endfacet
  facet normal 0 0 1
    outer loop
      vertex 74.7206 -32.7261 2
      vertex 73.9221 -32.3497 2
      vertex 73.8102 -32.7261 2
    endloop
  endfacet
  facet normal -0 0 1
    outer loop
      vertex 75.6927 -30.9477 2
      vertex 76.1928 -33.3364 2
      vertex 76.1928 -30.9477 2
    endloop
  endfacet
  facet normal 0 0 1
    outer loop
      vertex 76.1928 -33.3364 2
      vertex 75.6927 -30.9477 2
      vertex 75.6927 -33.3364 2
    endloop
  endfacet
  facet normal 0 0 1
    outer loop
      vertex 77.2129 -31.3529 2
      vertex 77.6893 -30.9477 2
      vertex 77.2383 -30.9477 2
    endloop
  endfacet
  facet normal -0 0 1
    outer loop
      vertex 77.6893 -32.9821 2
      vertex 78.2368 -33.3364 2
      vertex 78.2368 -32.9821 2
    endloop
  endfacet
  facet normal 0 0 1
    outer loop
      vertex 77.6893 -30.9477 2
      vertex 77.2129 -31.3529 2
      vertex 77.6893 -32.9821 2
    endloop
  endfacet
  facet normal 0 0 1
    outer loop
      vertex 77.2129 -32.9821 2
      vertex 77.6893 -32.9821 2
      vertex 77.2129 -31.3529 2
    endloop
  endfacet
  facet normal -0 0 1
    outer loop
      vertex 77.2129 -32.9821 2
      vertex 78.2368 -33.3364 2
      vertex 77.6893 -32.9821 2
    endloop
  endfacet
  facet normal 0 0 1
    outer loop
      vertex 76.6212 -33.3364 2
      vertex 77.2129 -32.9821 2
      vertex 76.6212 -32.9821 2
    endloop
  endfacet
  facet normal 0 0 1
    outer loop
      vertex 77.2129 -32.9821 2
      vertex 76.6212 -33.3364 2
      vertex 78.2368 -33.3364 2
    endloop
  endfacet
  facet normal -0 0 1
    outer loop
      vertex 76.6399 -31.3359 2
      vertex 77.2129 -31.3529 2
      vertex 77.2383 -30.9477 2
    endloop
  endfacet
  facet normal 0 0 1
    outer loop
      vertex 77.2129 -31.3529 2
      vertex 76.6399 -31.3359 2
      vertex 76.6399 -31.7106 2
    endloop
  endfacet
  facet normal 0 -1 0
    outer loop
      vertex 73.8102 -32.7261 1.6
      vertex 74.7206 -32.7261 2
      vertex 73.8102 -32.7261 2
    endloop
  endfacet
  facet normal 0 -1 -0
    outer loop
      vertex 74.7206 -32.7261 2
      vertex 73.8102 -32.7261 1.6
      vertex 74.7206 -32.7261 1.6
    endloop
  endfacet
  facet normal -0.944678 -0.327998 0
    outer loop
      vertex 74.9325 -33.3364 1.6
      vertex 74.7206 -32.7261 2
      vertex 74.7206 -32.7261 1.6
    endloop
  endfacet
  facet normal -0.944678 -0.327998 0
    outer loop
      vertex 74.7206 -32.7261 2
      vertex 74.9325 -33.3364 1.6
      vertex 74.9325 -33.3364 2
    endloop
  endfacet
  facet normal 0 -1 0
    outer loop
      vertex 74.9325 -33.3364 1.6
      vertex 75.4275 -33.3364 2
      vertex 74.9325 -33.3364 2
    endloop
  endfacet
  facet normal 0 -1 -0
    outer loop
      vertex 75.4275 -33.3364 2
      vertex 74.9325 -33.3364 1.6
      vertex 75.4275 -33.3364 1.6
    endloop
  endfacet
  facet normal 0.939872 0.341528 0
    outer loop
      vertex 75.4275 -33.3364 2
      vertex 74.5595 -30.9477 1.6
      vertex 74.5595 -30.9477 2
    endloop
  endfacet
  facet normal 0.939872 0.341528 0
    outer loop
      vertex 74.5595 -30.9477 1.6
      vertex 75.4275 -33.3364 2
      vertex 75.4275 -33.3364 1.6
    endloop
  endfacet
  facet normal 0 1 -0
    outer loop
      vertex 74.5595 -30.9477 1.6
      vertex 73.9695 -30.9477 2
      vertex 74.5595 -30.9477 2
    endloop
  endfacet
  facet normal 0 1 0
    outer loop
      vertex 73.9695 -30.9477 2
      vertex 74.5595 -30.9477 1.6
      vertex 73.9695 -30.9477 1.6
    endloop
  endfacet
  facet normal -0.939442 0.342709 0
    outer loop
      vertex 73.0981 -33.3364 1.6
      vertex 73.9695 -30.9477 2
      vertex 73.9695 -30.9477 1.6
    endloop
  endfacet
  facet normal -0.939442 0.342709 0
    outer loop
      vertex 73.9695 -30.9477 2
      vertex 73.0981 -33.3364 1.6
      vertex 73.0981 -33.3364 2
    endloop
  endfacet
  facet normal 0 -1 0
    outer loop
      vertex 73.0981 -33.3364 1.6
      vertex 73.5983 -33.3364 2
      vertex 73.0981 -33.3364 2
    endloop
  endfacet
  facet normal 0 -1 -0
    outer loop
      vertex 73.5983 -33.3364 2
      vertex 73.0981 -33.3364 1.6
      vertex 73.5983 -33.3364 1.6
    endloop
  endfacet
  facet normal 0.944678 -0.327998 0
    outer loop
      vertex 73.5983 -33.3364 2
      vertex 73.8102 -32.7261 1.6
      vertex 73.8102 -32.7261 2
    endloop
  endfacet
  facet normal 0.944678 -0.327998 0
    outer loop
      vertex 73.8102 -32.7261 1.6
      vertex 73.5983 -33.3364 2
      vertex 73.5983 -33.3364 1.6
    endloop
  endfacet
  facet normal 0.946132 -0.32378 0
    outer loop
      vertex 73.9221 -32.3497 2
      vertex 74.1289 -31.7454 1.6
      vertex 74.1289 -31.7454 2
    endloop
  endfacet
  facet normal 0.946132 -0.32378 0
    outer loop
      vertex 74.1289 -31.7454 1.6
      vertex 73.9221 -32.3497 2
      vertex 73.9221 -32.3497 1.6
    endloop
  endfacet
  facet normal 0.948346 -0.317238 0
    outer loop
      vertex 74.1289 -31.7454 2
      vertex 74.2137 -31.4919 1.6
      vertex 74.2137 -31.4919 2
    endloop
  endfacet
  facet normal 0.948346 -0.317238 0
    outer loop
      vertex 74.2137 -31.4919 1.6
      vertex 74.1289 -31.7454 2
      vertex 74.1289 -31.7454 1.6
    endloop
  endfacet
  facet normal 0.958219 -0.286036 0
    outer loop
      vertex 74.2137 -31.4919 2
      vertex 74.2357 -31.4182 1.6
      vertex 74.2357 -31.4182 2
    endloop
  endfacet
  facet normal 0.958219 -0.286036 0
    outer loop
      vertex 74.2357 -31.4182 1.6
      vertex 74.2137 -31.4919 2
      vertex 74.2137 -31.4919 1.6
    endloop
  endfacet
  facet normal 0.961357 -0.275304 0
    outer loop
      vertex 74.2357 -31.4182 2
      vertex 74.2544 -31.3529 1.6
      vertex 74.2544 -31.3529 2
    endloop
  endfacet
  facet normal 0.961357 -0.275304 0
    outer loop
      vertex 74.2544 -31.3529 1.6
      vertex 74.2357 -31.4182 2
      vertex 74.2357 -31.4182 1.6
    endloop
  endfacet
  facet normal 0.96524 -0.261365 0
    outer loop
      vertex 74.2544 -31.3529 2
      vertex 74.2645 -31.3156 1.6
      vertex 74.2645 -31.3156 2
    endloop
  endfacet
  facet normal 0.96524 -0.261365 0
    outer loop
      vertex 74.2645 -31.3156 1.6
      vertex 74.2544 -31.3529 2
      vertex 74.2544 -31.3529 1.6
    endloop
  endfacet
  facet normal -0.956694 -0.291097 0
    outer loop
      vertex 74.3001 -31.4326 1.6
      vertex 74.2645 -31.3156 2
      vertex 74.2645 -31.3156 1.6
    endloop
  endfacet
  facet normal -0.956694 -0.291097 0
    outer loop
      vertex 74.2645 -31.3156 2
      vertex 74.3001 -31.4326 1.6
      vertex 74.3001 -31.4326 2
    endloop
  endfacet
  facet normal -0.953451 -0.301547 0
    outer loop
      vertex 74.373 -31.6631 1.6
      vertex 74.3001 -31.4326 2
      vertex 74.3001 -31.4326 1.6
    endloop
  endfacet
  facet normal -0.953451 -0.301547 0
    outer loop
      vertex 74.3001 -31.4326 2
      vertex 74.373 -31.6631 1.6
      vertex 74.373 -31.6631 2
    endloop
  endfacet
  facet normal -0.945822 -0.324687 0
    outer loop
      vertex 74.6087 -32.3497 1.6
      vertex 74.373 -31.6631 2
      vertex 74.373 -31.6631 1.6
    endloop
  endfacet
  facet normal -0.945822 -0.324687 0
    outer loop
      vertex 74.373 -31.6631 2
      vertex 74.6087 -32.3497 1.6
      vertex 74.6087 -32.3497 2
    endloop
  endfacet
  facet normal 0 1 -0
    outer loop
      vertex 74.6087 -32.3497 1.6
      vertex 73.9221 -32.3497 2
      vertex 74.6087 -32.3497 2
    endloop
  endfacet
  facet normal 0 1 0
    outer loop
      vertex 73.9221 -32.3497 2
      vertex 74.6087 -32.3497 1.6
      vertex 73.9221 -32.3497 1.6
    endloop
  endfacet
  facet normal 0 1 -0
    outer loop
      vertex 76.1928 -30.9477 1.6
      vertex 75.6927 -30.9477 2
      vertex 76.1928 -30.9477 2
    endloop
  endfacet
  facet normal 0 1 0
    outer loop
      vertex 75.6927 -30.9477 2
      vertex 76.1928 -30.9477 1.6
      vertex 75.6927 -30.9477 1.6
    endloop
  endfacet
  facet normal -1 0 0
    outer loop
      vertex 75.6927 -33.3364 1.6
      vertex 75.6927 -30.9477 2
      vertex 75.6927 -30.9477 1.6
    endloop
  endfacet
  facet normal -1 -0 0
    outer loop
      vertex 75.6927 -30.9477 2
      vertex 75.6927 -33.3364 1.6
      vertex 75.6927 -33.3364 2
    endloop
  endfacet
  facet normal 0 -1 0
    outer loop
      vertex 75.6927 -33.3364 1.6
      vertex 76.1928 -33.3364 2
      vertex 75.6927 -33.3364 2
    endloop
  endfacet
  facet normal 0 -1 -0
    outer loop
      vertex 76.1928 -33.3364 2
      vertex 75.6927 -33.3364 1.6
      vertex 76.1928 -33.3364 1.6
    endloop
  endfacet
  facet normal 1 -0 0
    outer loop
      vertex 76.1928 -33.3364 2
      vertex 76.1928 -30.9477 1.6
      vertex 76.1928 -30.9477 2
    endloop
  endfacet
  facet normal 1 0 0
    outer loop
      vertex 76.1928 -30.9477 1.6
      vertex 76.1928 -33.3364 2
      vertex 76.1928 -33.3364 1.6
    endloop
  endfacet
  facet normal 0 1 -0
    outer loop
      vertex 78.2368 -32.9821 1.6
      vertex 77.6893 -32.9821 2
      vertex 78.2368 -32.9821 2
    endloop
  endfacet
  facet normal 0 1 0
    outer loop
      vertex 77.6893 -32.9821 2
      vertex 78.2368 -32.9821 1.6
      vertex 77.6893 -32.9821 1.6
    endloop
  endfacet
  facet normal 1 -0 0
    outer loop
      vertex 77.6893 -32.9821 2
      vertex 77.6893 -30.9477 1.6
      vertex 77.6893 -30.9477 2
    endloop
  endfacet
  facet normal 1 0 0
    outer loop
      vertex 77.6893 -30.9477 1.6
      vertex 77.6893 -32.9821 2
      vertex 77.6893 -32.9821 1.6
    endloop
  endfacet
  facet normal 0 1 -0
    outer loop
      vertex 77.6893 -30.9477 1.6
      vertex 77.2383 -30.9477 2
      vertex 77.6893 -30.9477 2
    endloop
  endfacet
  facet normal 0 1 0
    outer loop
      vertex 77.2383 -30.9477 2
      vertex 77.6893 -30.9477 1.6
      vertex 77.2383 -30.9477 1.6
    endloop
  endfacet
  facet normal -0.544239 0.83893 0
    outer loop
      vertex 77.2383 -30.9477 1.6
      vertex 76.6399 -31.3359 2
      vertex 77.2383 -30.9477 2
    endloop
  endfacet
  facet normal -0.544239 0.83893 0
    outer loop
      vertex 76.6399 -31.3359 2
      vertex 77.2383 -30.9477 1.6
      vertex 76.6399 -31.3359 1.6
    endloop
  endfacet
  facet normal -1 0 0
    outer loop
      vertex 76.6399 -31.7106 1.6
      vertex 76.6399 -31.3359 2
      vertex 76.6399 -31.3359 1.6
    endloop
  endfacet
  facet normal -1 -0 0
    outer loop
      vertex 76.6399 -31.3359 2
      vertex 76.6399 -31.7106 1.6
      vertex 76.6399 -31.7106 2
    endloop
  endfacet
  facet normal 0.529546 -0.848281 0
    outer loop
      vertex 76.6399 -31.7106 1.6
      vertex 77.2129 -31.3529 2
      vertex 76.6399 -31.7106 2
    endloop
  endfacet
  facet normal 0.529546 -0.848281 0
    outer loop
      vertex 77.2129 -31.3529 2
      vertex 76.6399 -31.7106 1.6
      vertex 77.2129 -31.3529 1.6
    endloop
  endfacet
  facet normal -1 0 0
    outer loop
      vertex 77.2129 -32.9821 1.6
      vertex 77.2129 -31.3529 2
      vertex 77.2129 -31.3529 1.6
    endloop
  endfacet
  facet normal -1 -0 0
    outer loop
      vertex 77.2129 -31.3529 2
      vertex 77.2129 -32.9821 1.6
      vertex 77.2129 -32.9821 2
    endloop
  endfacet
  facet normal 0 1 -0
    outer loop
      vertex 77.2129 -32.9821 1.6
      vertex 76.6212 -32.9821 2
      vertex 77.2129 -32.9821 2
    endloop
  endfacet
  facet normal 0 1 0
    outer loop
      vertex 76.6212 -32.9821 2
      vertex 77.2129 -32.9821 1.6
      vertex 76.6212 -32.9821 1.6
    endloop
  endfacet
  facet normal -1 0 0
    outer loop
      vertex 76.6212 -33.3364 1.6
      vertex 76.6212 -32.9821 2
      vertex 76.6212 -32.9821 1.6
    endloop
  endfacet
  facet normal -1 -0 0
    outer loop
      vertex 76.6212 -32.9821 2
      vertex 76.6212 -33.3364 1.6
      vertex 76.6212 -33.3364 2
    endloop
  endfacet
  facet normal 0 -1 0
    outer loop
      vertex 76.6212 -33.3364 1.6
      vertex 78.2368 -33.3364 2
      vertex 76.6212 -33.3364 2
    endloop
  endfacet
  facet normal 0 -1 -0
    outer loop
      vertex 78.2368 -33.3364 2
      vertex 76.6212 -33.3364 1.6
      vertex 78.2368 -33.3364 1.6
    endloop
  endfacet
  facet normal 1 -0 0
    outer loop
      vertex 78.2368 -33.3364 2
      vertex 78.2368 -32.9821 1.6
      vertex 78.2368 -32.9821 2
    endloop
  endfacet
  facet normal 1 0 0
    outer loop
      vertex 78.2368 -32.9821 1.6
      vertex 78.2368 -33.3364 2
      vertex 78.2368 -33.3364 1.6
    endloop
  endfacet
  facet normal 0 0 -1
    outer loop
      vertex 96.1945 -33.3544 1.6
      vertex 95.0857 -32.9627 1.6
      vertex 96.1945 -32.9627 1.6
    endloop
  endfacet
  facet normal 0 0 -1
    outer loop
      vertex 95.2307 -32.7559 1.6
      vertex 94.7882 -32.6237 1.6
      vertex 94.9825 -32.4245 1.6
    endloop
  endfacet
  facet normal 0 0 -1
    outer loop
      vertex 95.0857 -32.9627 1.6
      vertex 94.6358 -32.8212 1.6
      vertex 94.7882 -32.6237 1.6
    endloop
  endfacet
  facet normal 0 0 -1
    outer loop
      vertex 94.5229 -33.3544 1.6
      vertex 95.0857 -32.9627 1.6
      vertex 96.1945 -33.3544 1.6
    endloop
  endfacet
  facet normal 0 0 -1
    outer loop
      vertex 94.5229 -33.0238 1.6
      vertex 95.0857 -32.9627 1.6
      vertex 94.5229 -33.3544 1.6
    endloop
  endfacet
  facet normal -0 0 -1
    outer loop
      vertex 95.0857 -32.9627 1.6
      vertex 94.5229 -33.0238 1.6
      vertex 94.6358 -32.8212 1.6
    endloop
  endfacet
  facet normal 0 0 -1
    outer loop
      vertex 96.1406 -31.7612 1.6
      vertex 95.6488 -31.7502 1.6
      vertex 95.674 -31.6218 1.6
    endloop
  endfacet
  facet normal 0 0 -1
    outer loop
      vertex 95.8124 -32.2658 1.6
      vertex 95.5731 -31.8811 1.6
      vertex 95.6488 -31.7502 1.6
    endloop
  endfacet
  facet normal 0 0 -1
    outer loop
      vertex 95.4347 -32.0312 1.6
      vertex 95.6918 -32.3694 1.6
      vertex 95.5674 -32.4681 1.6
    endloop
  endfacet
  facet normal 0 0 -1
    outer loop
      vertex 95.2213 -32.2168 1.6
      vertex 95.5674 -32.4681 1.6
      vertex 95.4468 -32.5644 1.6
    endloop
  endfacet
  facet normal 0 0 -1
    outer loop
      vertex 95.8124 -32.2658 1.6
      vertex 95.4347 -32.0312 1.6
      vertex 95.5731 -31.8811 1.6
    endloop
  endfacet
  facet normal 0 0 -1
    outer loop
      vertex 95.2213 -32.2168 1.6
      vertex 95.4468 -32.5644 1.6
      vertex 95.3334 -32.6597 1.6
    endloop
  endfacet
  facet normal 0 0 -1
    outer loop
      vertex 94.9825 -32.4245 1.6
      vertex 95.3334 -32.6597 1.6
      vertex 95.2307 -32.7559 1.6
    endloop
  endfacet
  facet normal 0 0 -1
    outer loop
      vertex 95.5674 -32.4681 1.6
      vertex 95.2213 -32.2168 1.6
      vertex 95.4347 -32.0312 1.6
    endloop
  endfacet
  facet normal 0 0 -1
    outer loop
      vertex 94.7882 -32.6237 1.6
      vertex 95.2307 -32.7559 1.6
      vertex 95.1457 -32.8559 1.6
    endloop
  endfacet
  facet normal 0 0 -1
    outer loop
      vertex 94.7882 -32.6237 1.6
      vertex 95.1457 -32.8559 1.6
      vertex 95.0857 -32.9627 1.6
    endloop
  endfacet
  facet normal 0 0 -1
    outer loop
      vertex 95.3334 -32.6597 1.6
      vertex 94.9825 -32.4245 1.6
      vertex 95.2213 -32.2168 1.6
    endloop
  endfacet
  facet normal 0 0 -1
    outer loop
      vertex 95.674 -31.6218 1.6
      vertex 96.1572 -31.6014 1.6
      vertex 96.1406 -31.7612 1.6
    endloop
  endfacet
  facet normal 0 0 -1
    outer loop
      vertex 95.6488 -31.7502 1.6
      vertex 96.1406 -31.7612 1.6
      vertex 96.091 -31.9049 1.6
    endloop
  endfacet
  facet normal 0 0 -1
    outer loop
      vertex 95.6488 -31.7502 1.6
      vertex 96.091 -31.9049 1.6
      vertex 96.0156 -32.0352 1.6
    endloop
  endfacet
  facet normal -0 0 -1
    outer loop
      vertex 96.1572 -31.6014 1.6
      vertex 95.674 -31.6218 1.6
      vertex 96.1054 -31.3183 1.6
    endloop
  endfacet
  facet normal 0 0 -1
    outer loop
      vertex 95.6488 -31.7502 1.6
      vertex 96.0156 -32.0352 1.6
      vertex 95.9215 -32.155 1.6
    endloop
  endfacet
  facet normal 0 0 -1
    outer loop
      vertex 95.6488 -31.7502 1.6
      vertex 95.9215 -32.155 1.6
      vertex 95.8124 -32.2658 1.6
    endloop
  endfacet
  facet normal 0 0 -1
    outer loop
      vertex 95.5956 -31.3878 1.6
      vertex 96.1054 -31.3183 1.6
      vertex 95.674 -31.6218 1.6
    endloop
  endfacet
  facet normal 0 0 -1
    outer loop
      vertex 95.4347 -32.0312 1.6
      vertex 95.8124 -32.2658 1.6
      vertex 95.6918 -32.3694 1.6
    endloop
  endfacet
  facet normal -0 0 -1
    outer loop
      vertex 96.1054 -31.3183 1.6
      vertex 95.5956 -31.3878 1.6
      vertex 95.9503 -31.1064 1.6
    endloop
  endfacet
  facet normal -0 0 -1
    outer loop
      vertex 95.9503 -31.1064 1.6
      vertex 95.5956 -31.3878 1.6
      vertex 95.6986 -30.9742 1.6
    endloop
  endfacet
  facet normal 0 0 -1
    outer loop
      vertex 95.3604 -31.3098 1.6
      vertex 95.6986 -30.9742 1.6
      vertex 95.5956 -31.3878 1.6
    endloop
  endfacet
  facet normal 0 0 -1
    outer loop
      vertex 95.3604 -31.3098 1.6
      vertex 95.357 -30.9301 1.6
      vertex 95.6986 -30.9742 1.6
    endloop
  endfacet
  facet normal 0 0 -1
    outer loop
      vertex 95.2258 -31.3304 1.6
      vertex 95.357 -30.9301 1.6
      vertex 95.3604 -31.3098 1.6
    endloop
  endfacet
  facet normal 0 0 -1
    outer loop
      vertex 95.0368 -30.9737 1.6
      vertex 95.2258 -31.3304 1.6
      vertex 95.1273 -31.3921 1.6
    endloop
  endfacet
  facet normal 0 0 -1
    outer loop
      vertex 94.7916 -31.1047 1.6
      vertex 95.1273 -31.3921 1.6
      vertex 95.0609 -31.4948 1.6
    endloop
  endfacet
  facet normal 0 0 -1
    outer loop
      vertex 95.2258 -31.3304 1.6
      vertex 95.0368 -30.9737 1.6
      vertex 95.357 -30.9301 1.6
    endloop
  endfacet
  facet normal 0 0 -1
    outer loop
      vertex 94.6256 -31.3187 1.6
      vertex 95.0609 -31.4948 1.6
      vertex 95.023 -31.6387 1.6
    endloop
  endfacet
  facet normal 0 0 -1
    outer loop
      vertex 95.1273 -31.3921 1.6
      vertex 94.7916 -31.1047 1.6
      vertex 95.0368 -30.9737 1.6
    endloop
  endfacet
  facet normal 0 0 -1
    outer loop
      vertex 95.0609 -31.4948 1.6
      vertex 94.6256 -31.3187 1.6
      vertex 94.7916 -31.1047 1.6
    endloop
  endfacet
  facet normal 0 -0 -1
    outer loop
      vertex 94.6256 -31.3187 1.6
      vertex 95.023 -31.6387 1.6
      vertex 94.5432 -31.6116 1.6
    endloop
  endfacet
  facet normal 0 0 -1
    outer loop
      vertex 92.7206 -32.744 1.6
      vertex 91.9221 -32.3677 1.6
      vertex 92.6087 -32.3677 1.6
    endloop
  endfacet
  facet normal 0 -0 -1
    outer loop
      vertex 91.9221 -32.3677 1.6
      vertex 92.7206 -32.744 1.6
      vertex 91.8102 -32.744 1.6
    endloop
  endfacet
  facet normal 0 0 -1
    outer loop
      vertex 92.7206 -32.744 1.6
      vertex 93.4275 -33.3544 1.6
      vertex 92.9325 -33.3544 1.6
    endloop
  endfacet
  facet normal 0 0 -1
    outer loop
      vertex 92.6087 -32.3677 1.6
      vertex 93.4275 -33.3544 1.6
      vertex 92.7206 -32.744 1.6
    endloop
  endfacet
  facet normal 0 0 -1
    outer loop
      vertex 92.6087 -32.3677 1.6
      vertex 92.5595 -30.9657 1.6
      vertex 93.4275 -33.3544 1.6
    endloop
  endfacet
  facet normal 0 0 -1
    outer loop
      vertex 92.373 -31.6811 1.6
      vertex 92.5595 -30.9657 1.6
      vertex 92.6087 -32.3677 1.6
    endloop
  endfacet
  facet normal 0 0 -1
    outer loop
      vertex 92.3001 -31.4506 1.6
      vertex 92.5595 -30.9657 1.6
      vertex 92.373 -31.6811 1.6
    endloop
  endfacet
  facet normal 0 0 -1
    outer loop
      vertex 92.2645 -31.3336 1.6
      vertex 92.5595 -30.9657 1.6
      vertex 92.3001 -31.4506 1.6
    endloop
  endfacet
  facet normal 0 0 -1
    outer loop
      vertex 91.9695 -30.9657 1.6
      vertex 92.2544 -31.3708 1.6
      vertex 92.2357 -31.4361 1.6
    endloop
  endfacet
  facet normal 0 0 -1
    outer loop
      vertex 91.9695 -30.9657 1.6
      vertex 92.2357 -31.4361 1.6
      vertex 92.2137 -31.5099 1.6
    endloop
  endfacet
  facet normal 0 0 -1
    outer loop
      vertex 91.9695 -30.9657 1.6
      vertex 92.2137 -31.5099 1.6
      vertex 92.1289 -31.7633 1.6
    endloop
  endfacet
  facet normal 0 0 -1
    outer loop
      vertex 92.2645 -31.3336 1.6
      vertex 91.9695 -30.9657 1.6
      vertex 92.5595 -30.9657 1.6
    endloop
  endfacet
  facet normal 0 0 -1
    outer loop
      vertex 92.2544 -31.3708 1.6
      vertex 91.9695 -30.9657 1.6
      vertex 92.2645 -31.3336 1.6
    endloop
  endfacet
  facet normal 0 0 -1
    outer loop
      vertex 91.9221 -32.3677 1.6
      vertex 91.9695 -30.9657 1.6
      vertex 92.1289 -31.7633 1.6
    endloop
  endfacet
  facet normal 0 0 -1
    outer loop
      vertex 91.0981 -33.3544 1.6
      vertex 91.9221 -32.3677 1.6
      vertex 91.8102 -32.744 1.6
    endloop
  endfacet
  facet normal 0 0 -1
    outer loop
      vertex 91.0981 -33.3544 1.6
      vertex 91.8102 -32.744 1.6
      vertex 91.5983 -33.3544 1.6
    endloop
  endfacet
  facet normal -0 0 -1
    outer loop
      vertex 91.9221 -32.3677 1.6
      vertex 91.0981 -33.3544 1.6
      vertex 91.9695 -30.9657 1.6
    endloop
  endfacet
  facet normal 0 0 -1
    outer loop
      vertex 93.6927 -33.3544 1.6
      vertex 94.1928 -30.9657 1.6
      vertex 94.1928 -33.3544 1.6
    endloop
  endfacet
  facet normal -0 0 -1
    outer loop
      vertex 94.1928 -30.9657 1.6
      vertex 93.6927 -33.3544 1.6
      vertex 93.6927 -30.9657 1.6
    endloop
  endfacet
  facet normal 0 0 1
    outer loop
      vertex 93.4275 -33.3544 2
      vertex 92.7206 -32.744 2
      vertex 92.9325 -33.3544 2
    endloop
  endfacet
  facet normal 0 0 1
    outer loop
      vertex 93.4275 -33.3544 2
      vertex 92.6087 -32.3677 2
      vertex 92.7206 -32.744 2
    endloop
  endfacet
  facet normal 0 0 1
    outer loop
      vertex 92.5595 -30.9657 2
      vertex 92.6087 -32.3677 2
      vertex 93.4275 -33.3544 2
    endloop
  endfacet
  facet normal 0 0 1
    outer loop
      vertex 92.5595 -30.9657 2
      vertex 92.373 -31.6811 2
      vertex 92.6087 -32.3677 2
    endloop
  endfacet
  facet normal 0 0 1
    outer loop
      vertex 92.5595 -30.9657 2
      vertex 92.3001 -31.4506 2
      vertex 92.373 -31.6811 2
    endloop
  endfacet
  facet normal 0 0 1
    outer loop
      vertex 92.5595 -30.9657 2
      vertex 92.2645 -31.3336 2
      vertex 92.3001 -31.4506 2
    endloop
  endfacet
  facet normal 0 0 1
    outer loop
      vertex 91.9695 -30.9657 2
      vertex 92.2544 -31.3708 2
      vertex 92.2645 -31.3336 2
    endloop
  endfacet
  facet normal 0 0 1
    outer loop
      vertex 92.2544 -31.3708 2
      vertex 91.9695 -30.9657 2
      vertex 92.2357 -31.4361 2
    endloop
  endfacet
  facet normal 0 0 1
    outer loop
      vertex 92.2357 -31.4361 2
      vertex 91.9695 -30.9657 2
      vertex 92.2137 -31.5099 2
    endloop
  endfacet
  facet normal -0 0 1
    outer loop
      vertex 91.9695 -30.9657 2
      vertex 92.2645 -31.3336 2
      vertex 92.5595 -30.9657 2
    endloop
  endfacet
  facet normal 0 0 1
    outer loop
      vertex 92.2137 -31.5099 2
      vertex 91.9695 -30.9657 2
      vertex 92.1289 -31.7633 2
    endloop
  endfacet
  facet normal 0 0 1
    outer loop
      vertex 91.9695 -30.9657 2
      vertex 91.9221 -32.3677 2
      vertex 92.1289 -31.7633 2
    endloop
  endfacet
  facet normal 0 0 1
    outer loop
      vertex 91.0981 -33.3544 2
      vertex 91.9221 -32.3677 2
      vertex 91.9695 -30.9657 2
    endloop
  endfacet
  facet normal 0 0 1
    outer loop
      vertex 91.9221 -32.3677 2
      vertex 91.0981 -33.3544 2
      vertex 91.8102 -32.744 2
    endloop
  endfacet
  facet normal 0 0 1
    outer loop
      vertex 91.8102 -32.744 2
      vertex 91.0981 -33.3544 2
      vertex 91.5983 -33.3544 2
    endloop
  endfacet
  facet normal -0 0 1
    outer loop
      vertex 91.9221 -32.3677 2
      vertex 92.7206 -32.744 2
      vertex 92.6087 -32.3677 2
    endloop
  endfacet
  facet normal 0 0 1
    outer loop
      vertex 92.7206 -32.744 2
      vertex 91.9221 -32.3677 2
      vertex 91.8102 -32.744 2
    endloop
  endfacet
  facet normal 0 0 1
    outer loop
      vertex 95.674 -31.6218 2
      vertex 96.1572 -31.6014 2
      vertex 96.1054 -31.3183 2
    endloop
  endfacet
  facet normal 0 0 1
    outer loop
      vertex 96.1572 -31.6014 2
      vertex 95.674 -31.6218 2
      vertex 96.1406 -31.7612 2
    endloop
  endfacet
  facet normal -0 0 1
    outer loop
      vertex 95.6488 -31.7502 2
      vertex 96.1406 -31.7612 2
      vertex 95.674 -31.6218 2
    endloop
  endfacet
  facet normal 0 0 1
    outer loop
      vertex 95.5956 -31.3878 2
      vertex 96.1054 -31.3183 2
      vertex 95.9503 -31.1064 2
    endloop
  endfacet
  facet normal 0 0 1
    outer loop
      vertex 96.1406 -31.7612 2
      vertex 95.6488 -31.7502 2
      vertex 96.091 -31.9049 2
    endloop
  endfacet
  facet normal 0 0 1
    outer loop
      vertex 96.091 -31.9049 2
      vertex 95.6488 -31.7502 2
      vertex 96.0156 -32.0352 2
    endloop
  endfacet
  facet normal 0 0 1
    outer loop
      vertex 95.5956 -31.3878 2
      vertex 95.9503 -31.1064 2
      vertex 95.6986 -30.9742 2
    endloop
  endfacet
  facet normal -0 0 1
    outer loop
      vertex 95.5731 -31.8811 2
      vertex 96.0156 -32.0352 2
      vertex 95.6488 -31.7502 2
    endloop
  endfacet
  facet normal 0 0 1
    outer loop
      vertex 96.0156 -32.0352 2
      vertex 95.5731 -31.8811 2
      vertex 95.9215 -32.155 2
    endloop
  endfacet
  facet normal 0 0 1
    outer loop
      vertex 96.1054 -31.3183 2
      vertex 95.5956 -31.3878 2
      vertex 95.674 -31.6218 2
    endloop
  endfacet
  facet normal 0 0 1
    outer loop
      vertex 95.6986 -30.9742 2
      vertex 95.3604 -31.3098 2
      vertex 95.5956 -31.3878 2
    endloop
  endfacet
  facet normal 0 0 1
    outer loop
      vertex 95.357 -30.9301 2
      vertex 95.3604 -31.3098 2
      vertex 95.6986 -30.9742 2
    endloop
  endfacet
  facet normal 0 0 1
    outer loop
      vertex 95.357 -30.9301 2
      vertex 95.2258 -31.3304 2
      vertex 95.3604 -31.3098 2
    endloop
  endfacet
  facet normal -0 0 1
    outer loop
      vertex 95.0368 -30.9737 2
      vertex 95.2258 -31.3304 2
      vertex 95.357 -30.9301 2
    endloop
  endfacet
  facet normal 0 0 1
    outer loop
      vertex 95.2258 -31.3304 2
      vertex 95.0368 -30.9737 2
      vertex 95.1273 -31.3921 2
    endloop
  endfacet
  facet normal -0 0 1
    outer loop
      vertex 94.7916 -31.1047 2
      vertex 95.1273 -31.3921 2
      vertex 95.0368 -30.9737 2
    endloop
  endfacet
  facet normal 0 0 1
    outer loop
      vertex 95.1273 -31.3921 2
      vertex 94.7916 -31.1047 2
      vertex 95.0609 -31.4948 2
    endloop
  endfacet
  facet normal -0 0 1
    outer loop
      vertex 94.6256 -31.3187 2
      vertex 95.0609 -31.4948 2
      vertex 94.7916 -31.1047 2
    endloop
  endfacet
  facet normal 0 0 1
    outer loop
      vertex 95.0609 -31.4948 2
      vertex 94.6256 -31.3187 2
      vertex 95.023 -31.6387 2
    endloop
  endfacet
  facet normal 0 0 1
    outer loop
      vertex 95.023 -31.6387 2
      vertex 94.6256 -31.3187 2
      vertex 94.5432 -31.6116 2
    endloop
  endfacet
  facet normal 0 0 1
    outer loop
      vertex 95.9215 -32.155 2
      vertex 95.5731 -31.8811 2
      vertex 95.8124 -32.2658 2
    endloop
  endfacet
  facet normal -0 0 1
    outer loop
      vertex 95.4347 -32.0312 2
      vertex 95.8124 -32.2658 2
      vertex 95.5731 -31.8811 2
    endloop
  endfacet
  facet normal 0 0 1
    outer loop
      vertex 95.8124 -32.2658 2
      vertex 95.4347 -32.0312 2
      vertex 95.6918 -32.3694 2
    endloop
  endfacet
  facet normal 0 0 1
    outer loop
      vertex 95.6918 -32.3694 2
      vertex 95.4347 -32.0312 2
      vertex 95.5674 -32.4681 2
    endloop
  endfacet
  facet normal -0 0 1
    outer loop
      vertex 95.2213 -32.2168 2
      vertex 95.5674 -32.4681 2
      vertex 95.4347 -32.0312 2
    endloop
  endfacet
  facet normal 0 0 1
    outer loop
      vertex 95.5674 -32.4681 2
      vertex 95.2213 -32.2168 2
      vertex 95.4468 -32.5644 2
    endloop
  endfacet
  facet normal 0 0 1
    outer loop
      vertex 95.4468 -32.5644 2
      vertex 95.2213 -32.2168 2
      vertex 95.3334 -32.6597 2
    endloop
  endfacet
  facet normal -0 0 1
    outer loop
      vertex 94.9825 -32.4245 2
      vertex 95.3334 -32.6597 2
      vertex 95.2213 -32.2168 2
    endloop
  endfacet
  facet normal 0 0 1
    outer loop
      vertex 95.3334 -32.6597 2
      vertex 94.9825 -32.4245 2
      vertex 95.2307 -32.7559 2
    endloop
  endfacet
  facet normal -0 0 1
    outer loop
      vertex 94.7882 -32.6237 2
      vertex 95.2307 -32.7559 2
      vertex 94.9825 -32.4245 2
    endloop
  endfacet
  facet normal 0 0 1
    outer loop
      vertex 95.2307 -32.7559 2
      vertex 94.7882 -32.6237 2
      vertex 95.1457 -32.8559 2
    endloop
  endfacet
  facet normal -0 0 1
    outer loop
      vertex 95.0857 -32.9627 2
      vertex 96.1945 -33.3544 2
      vertex 96.1945 -32.9627 2
    endloop
  endfacet
  facet normal 0 0 1
    outer loop
      vertex 95.1457 -32.8559 2
      vertex 94.7882 -32.6237 2
      vertex 95.0857 -32.9627 2
    endloop
  endfacet
  facet normal -0 0 1
    outer loop
      vertex 94.6358 -32.8212 2
      vertex 95.0857 -32.9627 2
      vertex 94.7882 -32.6237 2
    endloop
  endfacet
  facet normal 0 0 1
    outer loop
      vertex 94.5229 -33.0238 2
      vertex 95.0857 -32.9627 2
      vertex 94.6358 -32.8212 2
    endloop
  endfacet
  facet normal 0 0 1
    outer loop
      vertex 95.0857 -32.9627 2
      vertex 94.5229 -33.0238 2
      vertex 94.5229 -33.3544 2
    endloop
  endfacet
  facet normal 0 0 1
    outer loop
      vertex 95.0857 -32.9627 2
      vertex 94.5229 -33.3544 2
      vertex 96.1945 -33.3544 2
    endloop
  endfacet
  facet normal -0 0 1
    outer loop
      vertex 93.6927 -30.9657 2
      vertex 94.1928 -33.3544 2
      vertex 94.1928 -30.9657 2
    endloop
  endfacet
  facet normal 0 0 1
    outer loop
      vertex 94.1928 -33.3544 2
      vertex 93.6927 -30.9657 2
      vertex 93.6927 -33.3544 2
    endloop
  endfacet
  facet normal 0 1 -0
    outer loop
      vertex 96.1945 -32.9627 1.6
      vertex 95.0857 -32.9627 2
      vertex 96.1945 -32.9627 2
    endloop
  endfacet
  facet normal 0 1 0
    outer loop
      vertex 95.0857 -32.9627 2
      vertex 96.1945 -32.9627 1.6
      vertex 95.0857 -32.9627 1.6
    endloop
  endfacet
  facet normal 0.871837 -0.489796 0
    outer loop
      vertex 95.0857 -32.9627 2
      vertex 95.1457 -32.8559 1.6
      vertex 95.1457 -32.8559 2
    endloop
  endfacet
  facet normal 0.871837 -0.489796 0
    outer loop
      vertex 95.1457 -32.8559 1.6
      vertex 95.0857 -32.9627 2
      vertex 95.0857 -32.9627 1.6
    endloop
  endfacet
  facet normal 0.761939 -0.647648 0
    outer loop
      vertex 95.1457 -32.8559 2
      vertex 95.2307 -32.7559 1.6
      vertex 95.2307 -32.7559 2
    endloop
  endfacet
  facet normal 0.761939 -0.647648 0
    outer loop
      vertex 95.2307 -32.7559 1.6
      vertex 95.1457 -32.8559 2
      vertex 95.1457 -32.8559 1.6
    endloop
  endfacet
  facet normal 0.683634 -0.729825 0
    outer loop
      vertex 95.2307 -32.7559 1.6
      vertex 95.3334 -32.6597 2
      vertex 95.2307 -32.7559 2
    endloop
  endfacet
  facet normal 0.683634 -0.729825 0
    outer loop
      vertex 95.3334 -32.6597 2
      vertex 95.2307 -32.7559 1.6
      vertex 95.3334 -32.6597 1.6
    endloop
  endfacet
  facet normal 0.643366 -0.765559 0
    outer loop
      vertex 95.3334 -32.6597 1.6
      vertex 95.4468 -32.5644 2
      vertex 95.3334 -32.6597 2
    endloop
  endfacet
  facet normal 0.643366 -0.765559 0
    outer loop
      vertex 95.4468 -32.5644 2
      vertex 95.3334 -32.6597 1.6
      vertex 95.4468 -32.5644 1.6
    endloop
  endfacet
  facet normal 0.623984 -0.781437 0
    outer loop
      vertex 95.4468 -32.5644 1.6
      vertex 95.5674 -32.4681 2
      vertex 95.4468 -32.5644 2
    endloop
  endfacet
  facet normal 0.623984 -0.781437 0
    outer loop
      vertex 95.5674 -32.4681 2
      vertex 95.4468 -32.5644 1.6
      vertex 95.5674 -32.4681 1.6
    endloop
  endfacet
  facet normal 0.621541 -0.783381 0
    outer loop
      vertex 95.5674 -32.4681 1.6
      vertex 95.6918 -32.3694 2
      vertex 95.5674 -32.4681 2
    endloop
  endfacet
  facet normal 0.621541 -0.783381 0
    outer loop
      vertex 95.6918 -32.3694 2
      vertex 95.5674 -32.4681 1.6
      vertex 95.6918 -32.3694 1.6
    endloop
  endfacet
  facet normal 0.65162 -0.758546 0
    outer loop
      vertex 95.6918 -32.3694 1.6
      vertex 95.8124 -32.2658 2
      vertex 95.6918 -32.3694 2
    endloop
  endfacet
  facet normal 0.65162 -0.758546 0
    outer loop
      vertex 95.8124 -32.2658 2
      vertex 95.6918 -32.3694 1.6
      vertex 95.8124 -32.2658 1.6
    endloop
  endfacet
  facet normal 0.712552 -0.701619 0
    outer loop
      vertex 95.8124 -32.2658 2
      vertex 95.9215 -32.155 1.6
      vertex 95.9215 -32.155 2
    endloop
  endfacet
  facet normal 0.712552 -0.701619 0
    outer loop
      vertex 95.9215 -32.155 1.6
      vertex 95.8124 -32.2658 2
      vertex 95.8124 -32.2658 1.6
    endloop
  endfacet
  facet normal 0.786409 -0.617706 0
    outer loop
      vertex 95.9215 -32.155 2
      vertex 96.0156 -32.0352 1.6
      vertex 96.0156 -32.0352 2
    endloop
  endfacet
  facet normal 0.786409 -0.617706 0
    outer loop
      vertex 96.0156 -32.0352 1.6
      vertex 95.9215 -32.155 2
      vertex 95.9215 -32.155 1.6
    endloop
  endfacet
  facet normal 0.865532 -0.500853 0
    outer loop
      vertex 96.0156 -32.0352 2
      vertex 96.091 -31.9049 1.6
      vertex 96.091 -31.9049 2
    endloop
  endfacet
  facet normal 0.865532 -0.500853 0
    outer loop
      vertex 96.091 -31.9049 1.6
      vertex 96.0156 -32.0352 2
      vertex 96.0156 -32.0352 1.6
    endloop
  endfacet
  facet normal 0.945275 -0.326274 0
    outer loop
      vertex 96.091 -31.9049 2
      vertex 96.1406 -31.7612 1.6
      vertex 96.1406 -31.7612 2
    endloop
  endfacet
  facet normal 0.945275 -0.326274 0
    outer loop
      vertex 96.1406 -31.7612 1.6
      vertex 96.091 -31.9049 2
      vertex 96.091 -31.9049 1.6
    endloop
  endfacet
  facet normal 0.994648 -0.103324 0
    outer loop
      vertex 96.1406 -31.7612 2
      vertex 96.1572 -31.6014 1.6
      vertex 96.1572 -31.6014 2
    endloop
  endfacet
  facet normal 0.994648 -0.103324 0
    outer loop
      vertex 96.1572 -31.6014 1.6
      vertex 96.1406 -31.7612 2
      vertex 96.1406 -31.7612 1.6
    endloop
  endfacet
  facet normal 0.983669 0.179986 0
    outer loop
      vertex 96.1572 -31.6014 2
      vertex 96.1054 -31.3183 1.6
      vertex 96.1054 -31.3183 2
    endloop
  endfacet
  facet normal 0.983669 0.179986 0
    outer loop
      vertex 96.1054 -31.3183 1.6
      vertex 96.1572 -31.6014 2
      vertex 96.1572 -31.6014 1.6
    endloop
  endfacet
  facet normal 0.806937 0.590637 0
    outer loop
      vertex 96.1054 -31.3183 2
      vertex 95.9503 -31.1064 1.6
      vertex 95.9503 -31.1064 2
    endloop
  endfacet
  facet normal 0.806937 0.590637 0
    outer loop
      vertex 95.9503 -31.1064 1.6
      vertex 96.1054 -31.3183 2
      vertex 96.1054 -31.3183 1.6
    endloop
  endfacet
  facet normal 0.464992 0.885315 -0
    outer loop
      vertex 95.9503 -31.1064 1.6
      vertex 95.6986 -30.9742 2
      vertex 95.9503 -31.1064 2
    endloop
  endfacet
  facet normal 0.464992 0.885315 0
    outer loop
      vertex 95.6986 -30.9742 2
      vertex 95.9503 -31.1064 1.6
      vertex 95.6986 -30.9742 1.6
    endloop
  endfacet
  facet normal 0.128036 0.99177 -0
    outer loop
      vertex 95.6986 -30.9742 1.6
      vertex 95.357 -30.9301 2
      vertex 95.6986 -30.9742 2
    endloop
  endfacet
  facet normal 0.128036 0.99177 0
    outer loop
      vertex 95.357 -30.9301 2
      vertex 95.6986 -30.9742 1.6
      vertex 95.357 -30.9301 1.6
    endloop
  endfacet
  facet normal -0.13492 0.990857 0
    outer loop
      vertex 95.357 -30.9301 1.6
      vertex 95.0368 -30.9737 2
      vertex 95.357 -30.9301 2
    endloop
  endfacet
  facet normal -0.13492 0.990857 0
    outer loop
      vertex 95.0368 -30.9737 2
      vertex 95.357 -30.9301 1.6
      vertex 95.0368 -30.9737 1.6
    endloop
  endfacet
  facet normal -0.471223 0.882014 0
    outer loop
      vertex 95.0368 -30.9737 1.6
      vertex 94.7916 -31.1047 2
      vertex 95.0368 -30.9737 2
    endloop
  endfacet
  facet normal -0.471223 0.882014 0
    outer loop
      vertex 94.7916 -31.1047 2
      vertex 95.0368 -30.9737 1.6
      vertex 94.7916 -31.1047 1.6
    endloop
  endfacet
  facet normal -0.790147 0.612918 0
    outer loop
      vertex 94.6256 -31.3187 1.6
      vertex 94.7916 -31.1047 2
      vertex 94.7916 -31.1047 1.6
    endloop
  endfacet
  facet normal -0.790147 0.612918 0
    outer loop
      vertex 94.7916 -31.1047 2
      vertex 94.6256 -31.3187 1.6
      vertex 94.6256 -31.3187 2
    endloop
  endfacet
  facet normal -0.962632 0.270812 0
    outer loop
      vertex 94.5432 -31.6116 1.6
      vertex 94.6256 -31.3187 2
      vertex 94.6256 -31.3187 1.6
    endloop
  endfacet
  facet normal -0.962632 0.270812 0
    outer loop
      vertex 94.6256 -31.3187 2
      vertex 94.5432 -31.6116 1.6
      vertex 94.5432 -31.6116 2
    endloop
  endfacet
  facet normal -0.056392 -0.998409 0
    outer loop
      vertex 94.5432 -31.6116 1.6
      vertex 95.023 -31.6387 2
      vertex 94.5432 -31.6116 2
    endloop
  endfacet
  facet normal -0.056392 -0.998409 -0
    outer loop
      vertex 95.023 -31.6387 2
      vertex 94.5432 -31.6116 1.6
      vertex 95.023 -31.6387 1.6
    endloop
  endfacet
  facet normal 0.967022 -0.254692 0
    outer loop
      vertex 95.023 -31.6387 2
      vertex 95.0609 -31.4948 1.6
      vertex 95.0609 -31.4948 2
    endloop
  endfacet
  facet normal 0.967022 -0.254692 0
    outer loop
      vertex 95.0609 -31.4948 1.6
      vertex 95.023 -31.6387 2
      vertex 95.023 -31.6387 1.6
    endloop
  endfacet
  facet normal 0.839768 -0.542946 0
    outer loop
      vertex 95.0609 -31.4948 2
      vertex 95.1273 -31.3921 1.6
      vertex 95.1273 -31.3921 2
    endloop
  endfacet
  facet normal 0.839768 -0.542946 0
    outer loop
      vertex 95.1273 -31.3921 1.6
      vertex 95.0609 -31.4948 2
      vertex 95.0609 -31.4948 1.6
    endloop
  endfacet
  facet normal 0.530849 -0.847466 0
    outer loop
      vertex 95.1273 -31.3921 1.6
      vertex 95.2258 -31.3304 2
      vertex 95.1273 -31.3921 2
    endloop
  endfacet
  facet normal 0.530849 -0.847466 0
    outer loop
      vertex 95.2258 -31.3304 2
      vertex 95.1273 -31.3921 1.6
      vertex 95.2258 -31.3304 1.6
    endloop
  endfacet
  facet normal 0.151285 -0.98849 0
    outer loop
      vertex 95.2258 -31.3304 1.6
      vertex 95.3604 -31.3098 2
      vertex 95.2258 -31.3304 2
    endloop
  endfacet
  facet normal 0.151285 -0.98849 0
    outer loop
      vertex 95.3604 -31.3098 2
      vertex 95.2258 -31.3304 1.6
      vertex 95.3604 -31.3098 1.6
    endloop
  endfacet
  facet normal -0.314775 -0.949166 0
    outer loop
      vertex 95.3604 -31.3098 1.6
      vertex 95.5956 -31.3878 2
      vertex 95.3604 -31.3098 2
    endloop
  endfacet
  facet normal -0.314775 -0.949166 -0
    outer loop
      vertex 95.5956 -31.3878 2
      vertex 95.3604 -31.3098 1.6
      vertex 95.5956 -31.3878 1.6
    endloop
  endfacet
  facet normal -0.948196 -0.317686 0
    outer loop
      vertex 95.674 -31.6218 1.6
      vertex 95.5956 -31.3878 2
      vertex 95.5956 -31.3878 1.6
    endloop
  endfacet
  facet normal -0.948196 -0.317686 0
    outer loop
      vertex 95.5956 -31.3878 2
      vertex 95.674 -31.6218 1.6
      vertex 95.674 -31.6218 2
    endloop
  endfacet
  facet normal -0.98128 0.192588 0
    outer loop
      vertex 95.6488 -31.7502 1.6
      vertex 95.674 -31.6218 2
      vertex 95.674 -31.6218 1.6
    endloop
  endfacet
  facet normal -0.98128 0.192588 0
    outer loop
      vertex 95.674 -31.6218 2
      vertex 95.6488 -31.7502 1.6
      vertex 95.6488 -31.7502 2
    endloop
  endfacet
  facet normal -0.865668 0.500619 0
    outer loop
      vertex 95.5731 -31.8811 1.6
      vertex 95.6488 -31.7502 2
      vertex 95.6488 -31.7502 1.6
    endloop
  endfacet
  facet normal -0.865668 0.500619 0
    outer loop
      vertex 95.6488 -31.7502 2
      vertex 95.5731 -31.8811 1.6
      vertex 95.5731 -31.8811 2
    endloop
  endfacet
  facet normal -0.735179 0.677873 0
    outer loop
      vertex 95.4347 -32.0312 1.6
      vertex 95.5731 -31.8811 2
      vertex 95.5731 -31.8811 1.6
    endloop
  endfacet
  facet normal -0.735179 0.677873 0
    outer loop
      vertex 95.5731 -31.8811 2
      vertex 95.4347 -32.0312 1.6
      vertex 95.4347 -32.0312 2
    endloop
  endfacet
  facet normal -0.656249 0.754545 0
    outer loop
      vertex 95.4347 -32.0312 1.6
      vertex 95.2213 -32.2168 2
      vertex 95.4347 -32.0312 2
    endloop
  endfacet
  facet normal -0.656249 0.754545 0
    outer loop
      vertex 95.2213 -32.2168 2
      vertex 95.4347 -32.0312 1.6
      vertex 95.2213 -32.2168 1.6
    endloop
  endfacet
  facet normal -0.656265 0.754531 0
    outer loop
      vertex 95.2213 -32.2168 1.6
      vertex 94.9825 -32.4245 2
      vertex 95.2213 -32.2168 2
    endloop
  endfacet
  facet normal -0.656265 0.754531 0
    outer loop
      vertex 94.9825 -32.4245 2
      vertex 95.2213 -32.2168 1.6
      vertex 94.9825 -32.4245 1.6
    endloop
  endfacet
  facet normal -0.715856 0.698248 0
    outer loop
      vertex 94.7882 -32.6237 1.6
      vertex 94.9825 -32.4245 2
      vertex 94.9825 -32.4245 1.6
    endloop
  endfacet
  facet normal -0.715856 0.698248 0
    outer loop
      vertex 94.9825 -32.4245 2
      vertex 94.7882 -32.6237 1.6
      vertex 94.7882 -32.6237 2
    endloop
  endfacet
  facet normal -0.791699 0.610911 0
    outer loop
      vertex 94.6358 -32.8212 1.6
      vertex 94.7882 -32.6237 2
      vertex 94.7882 -32.6237 1.6
    endloop
  endfacet
  facet normal -0.791699 0.610911 0
    outer loop
      vertex 94.7882 -32.6237 2
      vertex 94.6358 -32.8212 1.6
      vertex 94.6358 -32.8212 2
    endloop
  endfacet
  facet normal -0.873526 0.486777 0
    outer loop
      vertex 94.5229 -33.0238 1.6
      vertex 94.6358 -32.8212 2
      vertex 94.6358 -32.8212 1.6
    endloop
  endfacet
  facet normal -0.873526 0.486777 0
    outer loop
      vertex 94.6358 -32.8212 2
      vertex 94.5229 -33.0238 1.6
      vertex 94.5229 -33.0238 2
    endloop
  endfacet
  facet normal -1 0 0
    outer loop
      vertex 94.5229 -33.3544 1.6
      vertex 94.5229 -33.0238 2
      vertex 94.5229 -33.0238 1.6
    endloop
  endfacet
  facet normal -1 -0 0
    outer loop
      vertex 94.5229 -33.0238 2
      vertex 94.5229 -33.3544 1.6
      vertex 94.5229 -33.3544 2
    endloop
  endfacet
  facet normal 0 -1 0
    outer loop
      vertex 94.5229 -33.3544 1.6
      vertex 96.1945 -33.3544 2
      vertex 94.5229 -33.3544 2
    endloop
  endfacet
  facet normal 0 -1 -0
    outer loop
      vertex 96.1945 -33.3544 2
      vertex 94.5229 -33.3544 1.6
      vertex 96.1945 -33.3544 1.6
    endloop
  endfacet
  facet normal 1 -0 0
    outer loop
      vertex 96.1945 -33.3544 2
      vertex 96.1945 -32.9627 1.6
      vertex 96.1945 -32.9627 2
    endloop
  endfacet
  facet normal 1 0 0
    outer loop
      vertex 96.1945 -32.9627 1.6
      vertex 96.1945 -33.3544 2
      vertex 96.1945 -33.3544 1.6
    endloop
  endfacet
  facet normal 0 -1 0
    outer loop
      vertex 91.8102 -32.744 1.6
      vertex 92.7206 -32.744 2
      vertex 91.8102 -32.744 2
    endloop
  endfacet
  facet normal 0 -1 -0
    outer loop
      vertex 92.7206 -32.744 2
      vertex 91.8102 -32.744 1.6
      vertex 92.7206 -32.744 1.6
    endloop
  endfacet
  facet normal -0.944695 -0.32795 0
    outer loop
      vertex 92.9325 -33.3544 1.6
      vertex 92.7206 -32.744 2
      vertex 92.7206 -32.744 1.6
    endloop
  endfacet
  facet normal -0.944695 -0.32795 0
    outer loop
      vertex 92.7206 -32.744 2
      vertex 92.9325 -33.3544 1.6
      vertex 92.9325 -33.3544 2
    endloop
  endfacet
  facet normal 0 -1 0
    outer loop
      vertex 92.9325 -33.3544 1.6
      vertex 93.4275 -33.3544 2
      vertex 92.9325 -33.3544 2
    endloop
  endfacet
  facet normal 0 -1 -0
    outer loop
      vertex 93.4275 -33.3544 2
      vertex 92.9325 -33.3544 1.6
      vertex 93.4275 -33.3544 1.6
    endloop
  endfacet
  facet normal 0.939872 0.341528 0
    outer loop
      vertex 93.4275 -33.3544 2
      vertex 92.5595 -30.9657 1.6
      vertex 92.5595 -30.9657 2
    endloop
  endfacet
  facet normal 0.939872 0.341528 0
    outer loop
      vertex 92.5595 -30.9657 1.6
      vertex 93.4275 -33.3544 2
      vertex 93.4275 -33.3544 1.6
    endloop
  endfacet
  facet normal 0 1 -0
    outer loop
      vertex 92.5595 -30.9657 1.6
      vertex 91.9695 -30.9657 2
      vertex 92.5595 -30.9657 2
    endloop
  endfacet
  facet normal 0 1 0
    outer loop
      vertex 91.9695 -30.9657 2
      vertex 92.5595 -30.9657 1.6
      vertex 91.9695 -30.9657 1.6
    endloop
  endfacet
  facet normal -0.939442 0.342709 0
    outer loop
      vertex 91.0981 -33.3544 1.6
      vertex 91.9695 -30.9657 2
      vertex 91.9695 -30.9657 1.6
    endloop
  endfacet
  facet normal -0.939442 0.342709 0
    outer loop
      vertex 91.9695 -30.9657 2
      vertex 91.0981 -33.3544 1.6
      vertex 91.0981 -33.3544 2
    endloop
  endfacet
  facet normal 0 -1 0
    outer loop
      vertex 91.0981 -33.3544 1.6
      vertex 91.5983 -33.3544 2
      vertex 91.0981 -33.3544 2
    endloop
  endfacet
  facet normal 0 -1 -0
    outer loop
      vertex 91.5983 -33.3544 2
      vertex 91.0981 -33.3544 1.6
      vertex 91.5983 -33.3544 1.6
    endloop
  endfacet
  facet normal 0.944695 -0.32795 0
    outer loop
      vertex 91.5983 -33.3544 2
      vertex 91.8102 -32.744 1.6
      vertex 91.8102 -32.744 2
    endloop
  endfacet
  facet normal 0.944695 -0.32795 0
    outer loop
      vertex 91.8102 -32.744 1.6
      vertex 91.5983 -33.3544 2
      vertex 91.5983 -33.3544 1.6
    endloop
  endfacet
  facet normal 0.946149 -0.323732 0
    outer loop
      vertex 91.9221 -32.3677 2
      vertex 92.1289 -31.7633 1.6
      vertex 92.1289 -31.7633 2
    endloop
  endfacet
  facet normal 0.946149 -0.323732 0
    outer loop
      vertex 92.1289 -31.7633 1.6
      vertex 91.9221 -32.3677 2
      vertex 91.9221 -32.3677 1.6
    endloop
  endfacet
  facet normal 0.948308 -0.31735 0
    outer loop
      vertex 92.1289 -31.7633 2
      vertex 92.2137 -31.5099 1.6
      vertex 92.2137 -31.5099 2
    endloop
  endfacet
  facet normal 0.948308 -0.31735 0
    outer loop
      vertex 92.2137 -31.5099 1.6
      vertex 92.1289 -31.7633 2
      vertex 92.1289 -31.7633 1.6
    endloop
  endfacet
  facet normal 0.958325 -0.28568 0
    outer loop
      vertex 92.2137 -31.5099 2
      vertex 92.2357 -31.4361 1.6
      vertex 92.2357 -31.4361 2
    endloop
  endfacet
  facet normal 0.958325 -0.28568 0
    outer loop
      vertex 92.2357 -31.4361 1.6
      vertex 92.2137 -31.5099 2
      vertex 92.2137 -31.5099 1.6
    endloop
  endfacet
  facet normal 0.961357 -0.275304 0
    outer loop
      vertex 92.2357 -31.4361 2
      vertex 92.2544 -31.3708 1.6
      vertex 92.2544 -31.3708 2
    endloop
  endfacet
  facet normal 0.961357 -0.275304 0
    outer loop
      vertex 92.2544 -31.3708 1.6
      vertex 92.2357 -31.4361 2
      vertex 92.2357 -31.4361 1.6
    endloop
  endfacet
  facet normal 0.965063 -0.26202 0
    outer loop
      vertex 92.2544 -31.3708 2
      vertex 92.2645 -31.3336 1.6
      vertex 92.2645 -31.3336 2
    endloop
  endfacet
  facet normal 0.965063 -0.26202 0
    outer loop
      vertex 92.2645 -31.3336 1.6
      vertex 92.2544 -31.3708 2
      vertex 92.2544 -31.3708 1.6
    endloop
  endfacet
  facet normal -0.956694 -0.291097 0
    outer loop
      vertex 92.3001 -31.4506 1.6
      vertex 92.2645 -31.3336 2
      vertex 92.2645 -31.3336 1.6
    endloop
  endfacet
  facet normal -0.956694 -0.291097 0
    outer loop
      vertex 92.2645 -31.3336 2
      vertex 92.3001 -31.4506 1.6
      vertex 92.3001 -31.4506 2
    endloop
  endfacet
  facet normal -0.953451 -0.301547 0
    outer loop
      vertex 92.373 -31.6811 1.6
      vertex 92.3001 -31.4506 2
      vertex 92.3001 -31.4506 1.6
    endloop
  endfacet
  facet normal -0.953451 -0.301547 0
    outer loop
      vertex 92.3001 -31.4506 2
      vertex 92.373 -31.6811 1.6
      vertex 92.373 -31.6811 2
    endloop
  endfacet
  facet normal -0.945822 -0.324687 0
    outer loop
      vertex 92.6087 -32.3677 1.6
      vertex 92.373 -31.6811 2
      vertex 92.373 -31.6811 1.6
    endloop
  endfacet
  facet normal -0.945822 -0.324687 0
    outer loop
      vertex 92.373 -31.6811 2
      vertex 92.6087 -32.3677 1.6
      vertex 92.6087 -32.3677 2
    endloop
  endfacet
  facet normal 0 1 -0
    outer loop
      vertex 92.6087 -32.3677 1.6
      vertex 91.9221 -32.3677 2
      vertex 92.6087 -32.3677 2
    endloop
  endfacet
  facet normal 0 1 0
    outer loop
      vertex 91.9221 -32.3677 2
      vertex 92.6087 -32.3677 1.6
      vertex 91.9221 -32.3677 1.6
    endloop
  endfacet
  facet normal 0 1 -0
    outer loop
      vertex 94.1928 -30.9657 1.6
      vertex 93.6927 -30.9657 2
      vertex 94.1928 -30.9657 2
    endloop
  endfacet
  facet normal 0 1 0
    outer loop
      vertex 93.6927 -30.9657 2
      vertex 94.1928 -30.9657 1.6
      vertex 93.6927 -30.9657 1.6
    endloop
  endfacet
  facet normal -1 0 0
    outer loop
      vertex 93.6927 -33.3544 1.6
      vertex 93.6927 -30.9657 2
      vertex 93.6927 -30.9657 1.6
    endloop
  endfacet
  facet normal -1 -0 0
    outer loop
      vertex 93.6927 -30.9657 2
      vertex 93.6927 -33.3544 1.6
      vertex 93.6927 -33.3544 2
    endloop
  endfacet
  facet normal 0 -1 0
    outer loop
      vertex 93.6927 -33.3544 1.6
      vertex 94.1928 -33.3544 2
      vertex 93.6927 -33.3544 2
    endloop
  endfacet
  facet normal 0 -1 -0
    outer loop
      vertex 94.1928 -33.3544 2
      vertex 93.6927 -33.3544 1.6
      vertex 94.1928 -33.3544 1.6
    endloop
  endfacet
  facet normal 1 -0 0
    outer loop
      vertex 94.1928 -33.3544 2
      vertex 94.1928 -30.9657 1.6
      vertex 94.1928 -30.9657 2
    endloop
  endfacet
  facet normal 1 0 0
    outer loop
      vertex 94.1928 -30.9657 1.6
      vertex 94.1928 -33.3544 2
      vertex 94.1928 -33.3544 1.6
    endloop
  endfacet
  facet normal -0 0 -1
    outer loop
      vertex 114.208 -32.672 1.6
      vertex 113.696 -32.7953 1.6
      vertex 113.72 -32.6431 1.6
    endloop
  endfacet
  facet normal 0 0 -1
    outer loop
      vertex 113.988 -33.1907 1.6
      vertex 113.625 -32.9025 1.6
      vertex 113.696 -32.7953 1.6
    endloop
  endfacet
  facet normal 0 0 -1
    outer loop
      vertex 113.721 -33.3281 1.6
      vertex 113.511 -32.9661 1.6
      vertex 113.625 -32.9025 1.6
    endloop
  endfacet
  facet normal 0 0 -1
    outer loop
      vertex 113.36 -33.3738 1.6
      vertex 113.511 -32.9661 1.6
      vertex 113.721 -33.3281 1.6
    endloop
  endfacet
  facet normal 0 0 -1
    outer loop
      vertex 113.36 -33.3738 1.6
      vertex 113.359 -32.9873 1.6
      vertex 113.511 -32.9661 1.6
    endloop
  endfacet
  facet normal 0 0 -1
    outer loop
      vertex 113.015 -33.3295 1.6
      vertex 113.359 -32.9873 1.6
      vertex 113.36 -33.3738 1.6
    endloop
  endfacet
  facet normal -0 0 -1
    outer loop
      vertex 113.359 -32.9873 1.6
      vertex 113.015 -33.3295 1.6
      vertex 113.088 -32.9012 1.6
    endloop
  endfacet
  facet normal 0 0 -1
    outer loop
      vertex 112.748 -33.1967 1.6
      vertex 113.088 -32.9012 1.6
      vertex 113.015 -33.3295 1.6
    endloop
  endfacet
  facet normal 0 0 -1
    outer loop
      vertex 112.568 -32.9803 1.6
      vertex 113.088 -32.9012 1.6
      vertex 112.748 -33.1967 1.6
    endloop
  endfacet
  facet normal -0 0 -1
    outer loop
      vertex 113.088 -32.9012 1.6
      vertex 112.568 -32.9803 1.6
      vertex 112.967 -32.6431 1.6
    endloop
  endfacet
  facet normal 0 0 -1
    outer loop
      vertex 112.967 -32.6431 1.6
      vertex 112.568 -32.9803 1.6
      vertex 112.482 -32.6855 1.6
    endloop
  endfacet
  facet normal 0 0 -1
    outer loop
      vertex 113.696 -32.7953 1.6
      vertex 114.208 -32.672 1.6
      vertex 114.153 -32.9695 1.6
    endloop
  endfacet
  facet normal 0 0 -1
    outer loop
      vertex 114.208 -32.672 1.6
      vertex 113.72 -32.6431 1.6
      vertex 114.171 -32.462 1.6
    endloop
  endfacet
  facet normal 0 0 -1
    outer loop
      vertex 113.696 -32.7953 1.6
      vertex 114.153 -32.9695 1.6
      vertex 113.988 -33.1907 1.6
    endloop
  endfacet
  facet normal 0 0 -1
    outer loop
      vertex 113.691 -32.5024 1.6
      vertex 114.171 -32.462 1.6
      vertex 113.72 -32.6431 1.6
    endloop
  endfacet
  facet normal 0 0 -1
    outer loop
      vertex 113.625 -32.9025 1.6
      vertex 113.988 -33.1907 1.6
      vertex 113.721 -33.3281 1.6
    endloop
  endfacet
  facet normal -0 0 -1
    outer loop
      vertex 114.171 -32.462 1.6
      vertex 113.691 -32.5024 1.6
      vertex 114.06 -32.2931 1.6
    endloop
  endfacet
  facet normal -0 0 -1
    outer loop
      vertex 114.06 -32.2931 1.6
      vertex 113.691 -32.5024 1.6
      vertex 113.88 -32.1738 1.6
    endloop
  endfacet
  facet normal 0 0 -1
    outer loop
      vertex 113.604 -32.399 1.6
      vertex 113.88 -32.1738 1.6
      vertex 113.691 -32.5024 1.6
    endloop
  endfacet
  facet normal 0 0 -1
    outer loop
      vertex 113.461 -32.3354 1.6
      vertex 113.637 -32.1125 1.6
      vertex 113.604 -32.399 1.6
    endloop
  endfacet
  facet normal -0 0 -1
    outer loop
      vertex 113.88 -32.1738 1.6
      vertex 113.604 -32.399 1.6
      vertex 113.637 -32.1125 1.6
    endloop
  endfacet
  facet normal 0 0 -1
    outer loop
      vertex 113.664 -31.6056 1.6
      vertex 114.147 -31.5463 1.6
      vertex 114.114 -31.7502 1.6
    endloop
  endfacet
  facet normal 0 0 -1
    outer loop
      vertex 113.664 -31.6056 1.6
      vertex 114.114 -31.7502 1.6
      vertex 114.016 -31.9142 1.6
    endloop
  endfacet
  facet normal 0 0 -1
    outer loop
      vertex 113.643 -31.474 1.6
      vertex 114.147 -31.5463 1.6
      vertex 113.664 -31.6056 1.6
    endloop
  endfacet
  facet normal 0 0 -1
    outer loop
      vertex 113.638 -31.7436 1.6
      vertex 114.016 -31.9142 1.6
      vertex 113.855 -32.0341 1.6
    endloop
  endfacet
  facet normal 0 0 -1
    outer loop
      vertex 114.147 -31.5463 1.6
      vertex 113.643 -31.474 1.6
      vertex 114.094 -31.2803 1.6
    endloop
  endfacet
  facet normal -0 0 -1
    outer loop
      vertex 114.094 -31.2803 1.6
      vertex 113.643 -31.474 1.6
      vertex 113.936 -31.0793 1.6
    endloop
  endfacet
  facet normal 0 0 -1
    outer loop
      vertex 114.016 -31.9142 1.6
      vertex 113.638 -31.7436 1.6
      vertex 113.664 -31.6056 1.6
    endloop
  endfacet
  facet normal 0 0 -1
    outer loop
      vertex 113.56 -31.8455 1.6
      vertex 113.855 -32.0341 1.6
      vertex 113.637 -32.1057 1.6
    endloop
  endfacet
  facet normal 0 0 -1
    outer loop
      vertex 113.432 -31.9084 1.6
      vertex 113.637 -32.1125 1.6
      vertex 113.461 -32.3354 1.6
    endloop
  endfacet
  facet normal 0 0 -1
    outer loop
      vertex 113.855 -32.0341 1.6
      vertex 113.56 -31.8455 1.6
      vertex 113.638 -31.7436 1.6
    endloop
  endfacet
  facet normal 0 0 -1
    outer loop
      vertex 113.637 -32.1125 1.6
      vertex 113.432 -31.9084 1.6
      vertex 113.637 -32.1057 1.6
    endloop
  endfacet
  facet normal 0 0 -1
    outer loop
      vertex 113.637 -32.1057 1.6
      vertex 113.432 -31.9084 1.6
      vertex 113.56 -31.8455 1.6
    endloop
  endfacet
  facet normal 0 0 -1
    outer loop
      vertex 113.262 -32.3143 1.6
      vertex 113.432 -31.9084 1.6
      vertex 113.461 -32.3354 1.6
    endloop
  endfacet
  facet normal 0 0 -1
    outer loop
      vertex 113.262 -32.3143 1.6
      vertex 113.252 -31.9294 1.6
      vertex 113.432 -31.9084 1.6
    endloop
  endfacet
  facet normal 0 0 -1
    outer loop
      vertex 113.096 -32.3143 1.6
      vertex 113.252 -31.9294 1.6
      vertex 113.262 -32.3143 1.6
    endloop
  endfacet
  facet normal -0 0 -1
    outer loop
      vertex 113.252 -31.9294 1.6
      vertex 113.096 -32.3143 1.6
      vertex 113.096 -31.9294 1.6
    endloop
  endfacet
  facet normal 0 0 -1
    outer loop
      vertex 113.582 -31.3742 1.6
      vertex 113.936 -31.0793 1.6
      vertex 113.643 -31.474 1.6
    endloop
  endfacet
  facet normal -0 0 -1
    outer loop
      vertex 113.936 -31.0793 1.6
      vertex 113.582 -31.3742 1.6
      vertex 113.684 -30.9527 1.6
    endloop
  endfacet
  facet normal 0 0 -1
    outer loop
      vertex 113.481 -31.3113 1.6
      vertex 113.684 -30.9527 1.6
      vertex 113.582 -31.3742 1.6
    endloop
  endfacet
  facet normal 0 0 -1
    outer loop
      vertex 113.481 -31.3113 1.6
      vertex 113.35 -30.9106 1.6
      vertex 113.684 -30.9527 1.6
    endloop
  endfacet
  facet normal 0 0 -1
    outer loop
      vertex 113.342 -31.2903 1.6
      vertex 113.35 -30.9106 1.6
      vertex 113.481 -31.3113 1.6
    endloop
  endfacet
  facet normal 0 0 -1
    outer loop
      vertex 113.208 -31.3106 1.6
      vertex 113.35 -30.9106 1.6
      vertex 113.342 -31.2903 1.6
    endloop
  endfacet
  facet normal 0 0 -1
    outer loop
      vertex 113.031 -30.9542 1.6
      vertex 113.208 -31.3106 1.6
      vertex 113.104 -31.3717 1.6
    endloop
  endfacet
  facet normal 0 0 -1
    outer loop
      vertex 112.779 -31.0852 1.6
      vertex 113.104 -31.3717 1.6
      vertex 113.032 -31.47 1.6
    endloop
  endfacet
  facet normal 0 0 -1
    outer loop
      vertex 113.208 -31.3106 1.6
      vertex 113.031 -30.9542 1.6
      vertex 113.35 -30.9106 1.6
    endloop
  endfacet
  facet normal 0 0 -1
    outer loop
      vertex 112.606 -31.2933 1.6
      vertex 113.032 -31.47 1.6
      vertex 112.999 -31.6022 1.6
    endloop
  endfacet
  facet normal 0 0 -1
    outer loop
      vertex 113.104 -31.3717 1.6
      vertex 112.779 -31.0852 1.6
      vertex 113.031 -30.9542 1.6
    endloop
  endfacet
  facet normal 0 0 -1
    outer loop
      vertex 113.032 -31.47 1.6
      vertex 112.606 -31.2933 1.6
      vertex 112.779 -31.0852 1.6
    endloop
  endfacet
  facet normal 0 -0 -1
    outer loop
      vertex 112.606 -31.2933 1.6
      vertex 112.999 -31.6022 1.6
      vertex 112.523 -31.5683 1.6
    endloop
  endfacet
  facet normal 0 0 -1
    outer loop
      vertex 111.693 -33.3348 1.6
      vertex 112.193 -30.9462 1.6
      vertex 112.193 -33.3348 1.6
    endloop
  endfacet
  facet normal -0 0 -1
    outer loop
      vertex 112.193 -30.9462 1.6
      vertex 111.693 -33.3348 1.6
      vertex 111.693 -30.9462 1.6
    endloop
  endfacet
  facet normal 0 0 -1
    outer loop
      vertex 110.721 -32.7245 1.6
      vertex 109.922 -32.3482 1.6
      vertex 110.609 -32.3482 1.6
    endloop
  endfacet
  facet normal 0 -0 -1
    outer loop
      vertex 109.922 -32.3482 1.6
      vertex 110.721 -32.7245 1.6
      vertex 109.81 -32.7245 1.6
    endloop
  endfacet
  facet normal 0 0 -1
    outer loop
      vertex 110.721 -32.7245 1.6
      vertex 111.427 -33.3348 1.6
      vertex 110.932 -33.3348 1.6
    endloop
  endfacet
  facet normal 0 0 -1
    outer loop
      vertex 110.609 -32.3482 1.6
      vertex 111.427 -33.3348 1.6
      vertex 110.721 -32.7245 1.6
    endloop
  endfacet
  facet normal 0 0 -1
    outer loop
      vertex 110.609 -32.3482 1.6
      vertex 110.56 -30.9462 1.6
      vertex 111.427 -33.3348 1.6
    endloop
  endfacet
  facet normal 0 0 -1
    outer loop
      vertex 110.373 -31.6616 1.6
      vertex 110.56 -30.9462 1.6
      vertex 110.609 -32.3482 1.6
    endloop
  endfacet
  facet normal 0 0 -1
    outer loop
      vertex 110.3 -31.431 1.6
      vertex 110.56 -30.9462 1.6
      vertex 110.373 -31.6616 1.6
    endloop
  endfacet
  facet normal 0 0 -1
    outer loop
      vertex 110.265 -31.314 1.6
      vertex 110.56 -30.9462 1.6
      vertex 110.3 -31.431 1.6
    endloop
  endfacet
  facet normal 0 0 -1
    outer loop
      vertex 109.97 -30.9462 1.6
      vertex 110.254 -31.3513 1.6
      vertex 110.236 -31.4166 1.6
    endloop
  endfacet
  facet normal 0 0 -1
    outer loop
      vertex 109.97 -30.9462 1.6
      vertex 110.236 -31.4166 1.6
      vertex 110.214 -31.4904 1.6
    endloop
  endfacet
  facet normal 0 0 -1
    outer loop
      vertex 109.97 -30.9462 1.6
      vertex 110.214 -31.4904 1.6
      vertex 110.129 -31.7438 1.6
    endloop
  endfacet
  facet normal 0 0 -1
    outer loop
      vertex 110.265 -31.314 1.6
      vertex 109.97 -30.9462 1.6
      vertex 110.56 -30.9462 1.6
    endloop
  endfacet
  facet normal 0 0 -1
    outer loop
      vertex 110.254 -31.3513 1.6
      vertex 109.97 -30.9462 1.6
      vertex 110.265 -31.314 1.6
    endloop
  endfacet
  facet normal 0 0 -1
    outer loop
      vertex 109.922 -32.3482 1.6
      vertex 109.97 -30.9462 1.6
      vertex 110.129 -31.7438 1.6
    endloop
  endfacet
  facet normal 0 0 -1
    outer loop
      vertex 109.098 -33.3348 1.6
      vertex 109.922 -32.3482 1.6
      vertex 109.81 -32.7245 1.6
    endloop
  endfacet
  facet normal 0 0 -1
    outer loop
      vertex 109.098 -33.3348 1.6
      vertex 109.81 -32.7245 1.6
      vertex 109.598 -33.3348 1.6
    endloop
  endfacet
  facet normal -0 0 -1
    outer loop
      vertex 109.922 -32.3482 1.6
      vertex 109.098 -33.3348 1.6
      vertex 109.97 -30.9462 1.6
    endloop
  endfacet
  facet normal 0 0 1
    outer loop
      vertex 114.147 -31.5463 2
      vertex 113.643 -31.474 2
      vertex 113.664 -31.6056 2
    endloop
  endfacet
  facet normal 0 0 1
    outer loop
      vertex 113.936 -31.0793 2
      vertex 113.582 -31.3742 2
      vertex 113.643 -31.474 2
    endloop
  endfacet
  facet normal 0 0 1
    outer loop
      vertex 113.684 -30.9527 2
      vertex 113.481 -31.3113 2
      vertex 113.582 -31.3742 2
    endloop
  endfacet
  facet normal 0 0 1
    outer loop
      vertex 113.35 -30.9106 2
      vertex 113.481 -31.3113 2
      vertex 113.684 -30.9527 2
    endloop
  endfacet
  facet normal 0 0 1
    outer loop
      vertex 113.35 -30.9106 2
      vertex 113.342 -31.2903 2
      vertex 113.481 -31.3113 2
    endloop
  endfacet
  facet normal 0 0 1
    outer loop
      vertex 113.35 -30.9106 2
      vertex 113.208 -31.3106 2
      vertex 113.342 -31.2903 2
    endloop
  endfacet
  facet normal -0 0 1
    outer loop
      vertex 113.031 -30.9542 2
      vertex 113.208 -31.3106 2
      vertex 113.35 -30.9106 2
    endloop
  endfacet
  facet normal 0 0 1
    outer loop
      vertex 113.208 -31.3106 2
      vertex 113.031 -30.9542 2
      vertex 113.104 -31.3717 2
    endloop
  endfacet
  facet normal -0 0 1
    outer loop
      vertex 112.779 -31.0852 2
      vertex 113.104 -31.3717 2
      vertex 113.031 -30.9542 2
    endloop
  endfacet
  facet normal 0 0 1
    outer loop
      vertex 113.104 -31.3717 2
      vertex 112.779 -31.0852 2
      vertex 113.032 -31.47 2
    endloop
  endfacet
  facet normal -0 0 1
    outer loop
      vertex 112.606 -31.2933 2
      vertex 113.032 -31.47 2
      vertex 112.779 -31.0852 2
    endloop
  endfacet
  facet normal 0 0 1
    outer loop
      vertex 113.032 -31.47 2
      vertex 112.606 -31.2933 2
      vertex 112.999 -31.6022 2
    endloop
  endfacet
  facet normal 0 0 1
    outer loop
      vertex 112.999 -31.6022 2
      vertex 112.606 -31.2933 2
      vertex 112.523 -31.5683 2
    endloop
  endfacet
  facet normal -0 0 1
    outer loop
      vertex 113.643 -31.474 2
      vertex 114.147 -31.5463 2
      vertex 114.094 -31.2803 2
    endloop
  endfacet
  facet normal 0 0 1
    outer loop
      vertex 114.147 -31.5463 2
      vertex 113.664 -31.6056 2
      vertex 114.114 -31.7502 2
    endloop
  endfacet
  facet normal 0 0 1
    outer loop
      vertex 113.643 -31.474 2
      vertex 114.094 -31.2803 2
      vertex 113.936 -31.0793 2
    endloop
  endfacet
  facet normal 0 0 1
    outer loop
      vertex 114.114 -31.7502 2
      vertex 113.664 -31.6056 2
      vertex 114.016 -31.9142 2
    endloop
  endfacet
  facet normal 0 0 1
    outer loop
      vertex 113.582 -31.3742 2
      vertex 113.936 -31.0793 2
      vertex 113.684 -30.9527 2
    endloop
  endfacet
  facet normal -0 0 1
    outer loop
      vertex 113.638 -31.7436 2
      vertex 114.016 -31.9142 2
      vertex 113.664 -31.6056 2
    endloop
  endfacet
  facet normal 0 0 1
    outer loop
      vertex 114.016 -31.9142 2
      vertex 113.638 -31.7436 2
      vertex 113.855 -32.0341 2
    endloop
  endfacet
  facet normal -0 0 1
    outer loop
      vertex 113.56 -31.8455 2
      vertex 113.855 -32.0341 2
      vertex 113.638 -31.7436 2
    endloop
  endfacet
  facet normal 0 0 1
    outer loop
      vertex 113.432 -31.9084 2
      vertex 113.637 -32.1125 2
      vertex 113.637 -32.1057 2
    endloop
  endfacet
  facet normal 0 0 1
    outer loop
      vertex 113.855 -32.0341 2
      vertex 113.56 -31.8455 2
      vertex 113.637 -32.1057 2
    endloop
  endfacet
  facet normal -0 0 1
    outer loop
      vertex 113.432 -31.9084 2
      vertex 113.637 -32.1057 2
      vertex 113.56 -31.8455 2
    endloop
  endfacet
  facet normal 0 0 1
    outer loop
      vertex 113.637 -32.1125 2
      vertex 113.461 -32.3354 2
      vertex 113.604 -32.399 2
    endloop
  endfacet
  facet normal 0 0 1
    outer loop
      vertex 113.637 -32.1125 2
      vertex 113.432 -31.9084 2
      vertex 113.461 -32.3354 2
    endloop
  endfacet
  facet normal 0 0 1
    outer loop
      vertex 113.432 -31.9084 2
      vertex 113.262 -32.3143 2
      vertex 113.461 -32.3354 2
    endloop
  endfacet
  facet normal -0 0 1
    outer loop
      vertex 113.252 -31.9294 2
      vertex 113.262 -32.3143 2
      vertex 113.432 -31.9084 2
    endloop
  endfacet
  facet normal 0 0 1
    outer loop
      vertex 113.096 -32.3143 2
      vertex 113.252 -31.9294 2
      vertex 113.096 -31.9294 2
    endloop
  endfacet
  facet normal 0 0 1
    outer loop
      vertex 113.252 -31.9294 2
      vertex 113.096 -32.3143 2
      vertex 113.262 -32.3143 2
    endloop
  endfacet
  facet normal -0 0 1
    outer loop
      vertex 113.72 -32.6431 2
      vertex 114.208 -32.672 2
      vertex 114.171 -32.462 2
    endloop
  endfacet
  facet normal 0 0 1
    outer loop
      vertex 113.691 -32.5024 2
      vertex 114.171 -32.462 2
      vertex 114.06 -32.2931 2
    endloop
  endfacet
  facet normal 0 0 1
    outer loop
      vertex 113.696 -32.7953 2
      vertex 114.208 -32.672 2
      vertex 113.72 -32.6431 2
    endloop
  endfacet
  facet normal 0 0 1
    outer loop
      vertex 113.691 -32.5024 2
      vertex 114.06 -32.2931 2
      vertex 113.88 -32.1738 2
    endloop
  endfacet
  facet normal 0 0 1
    outer loop
      vertex 114.208 -32.672 2
      vertex 113.696 -32.7953 2
      vertex 114.153 -32.9695 2
    endloop
  endfacet
  facet normal 0 0 1
    outer loop
      vertex 114.153 -32.9695 2
      vertex 113.696 -32.7953 2
      vertex 113.988 -33.1907 2
    endloop
  endfacet
  facet normal 0 0 1
    outer loop
      vertex 114.171 -32.462 2
      vertex 113.691 -32.5024 2
      vertex 113.72 -32.6431 2
    endloop
  endfacet
  facet normal 0 0 1
    outer loop
      vertex 113.604 -32.399 2
      vertex 113.88 -32.1738 2
      vertex 113.637 -32.1125 2
    endloop
  endfacet
  facet normal 0 0 1
    outer loop
      vertex 113.88 -32.1738 2
      vertex 113.604 -32.399 2
      vertex 113.691 -32.5024 2
    endloop
  endfacet
  facet normal -0 0 1
    outer loop
      vertex 113.625 -32.9025 2
      vertex 113.988 -33.1907 2
      vertex 113.696 -32.7953 2
    endloop
  endfacet
  facet normal 0 0 1
    outer loop
      vertex 113.988 -33.1907 2
      vertex 113.625 -32.9025 2
      vertex 113.721 -33.3281 2
    endloop
  endfacet
  facet normal -0 0 1
    outer loop
      vertex 113.511 -32.9661 2
      vertex 113.721 -33.3281 2
      vertex 113.625 -32.9025 2
    endloop
  endfacet
  facet normal 0 0 1
    outer loop
      vertex 113.511 -32.9661 2
      vertex 113.36 -33.3738 2
      vertex 113.721 -33.3281 2
    endloop
  endfacet
  facet normal -0 0 1
    outer loop
      vertex 113.359 -32.9873 2
      vertex 113.36 -33.3738 2
      vertex 113.511 -32.9661 2
    endloop
  endfacet
  facet normal 0 0 1
    outer loop
      vertex 113.015 -33.3295 2
      vertex 113.359 -32.9873 2
      vertex 113.088 -32.9012 2
    endloop
  endfacet
  facet normal 0 0 1
    outer loop
      vertex 113.359 -32.9873 2
      vertex 113.015 -33.3295 2
      vertex 113.36 -33.3738 2
    endloop
  endfacet
  facet normal 0 0 1
    outer loop
      vertex 112.568 -32.9803 2
      vertex 113.088 -32.9012 2
      vertex 112.967 -32.6431 2
    endloop
  endfacet
  facet normal 0 0 1
    outer loop
      vertex 113.088 -32.9012 2
      vertex 112.748 -33.1967 2
      vertex 113.015 -33.3295 2
    endloop
  endfacet
  facet normal 0 0 1
    outer loop
      vertex 113.088 -32.9012 2
      vertex 112.568 -32.9803 2
      vertex 112.748 -33.1967 2
    endloop
  endfacet
  facet normal 0 -0 1
    outer loop
      vertex 112.568 -32.9803 2
      vertex 112.967 -32.6431 2
      vertex 112.482 -32.6855 2
    endloop
  endfacet
  facet normal 0 0 1
    outer loop
      vertex 111.427 -33.3348 2
      vertex 110.721 -32.7245 2
      vertex 110.932 -33.3348 2
    endloop
  endfacet
  facet normal 0 0 1
    outer loop
      vertex 111.427 -33.3348 2
      vertex 110.609 -32.3482 2
      vertex 110.721 -32.7245 2
    endloop
  endfacet
  facet normal 0 0 1
    outer loop
      vertex 110.56 -30.9462 2
      vertex 110.609 -32.3482 2
      vertex 111.427 -33.3348 2
    endloop
  endfacet
  facet normal 0 0 1
    outer loop
      vertex 110.56 -30.9462 2
      vertex 110.373 -31.6616 2
      vertex 110.609 -32.3482 2
    endloop
  endfacet
  facet normal 0 0 1
    outer loop
      vertex 110.56 -30.9462 2
      vertex 110.3 -31.431 2
      vertex 110.373 -31.6616 2
    endloop
  endfacet
  facet normal 0 0 1
    outer loop
      vertex 110.56 -30.9462 2
      vertex 110.265 -31.314 2
      vertex 110.3 -31.431 2
    endloop
  endfacet
  facet normal 0 0 1
    outer loop
      vertex 109.97 -30.9462 2
      vertex 110.254 -31.3513 2
      vertex 110.265 -31.314 2
    endloop
  endfacet
  facet normal 0 0 1
    outer loop
      vertex 110.254 -31.3513 2
      vertex 109.97 -30.9462 2
      vertex 110.236 -31.4166 2
    endloop
  endfacet
  facet normal 0 0 1
    outer loop
      vertex 110.236 -31.4166 2
      vertex 109.97 -30.9462 2
      vertex 110.214 -31.4904 2
    endloop
  endfacet
  facet normal -0 0 1
    outer loop
      vertex 109.97 -30.9462 2
      vertex 110.265 -31.314 2
      vertex 110.56 -30.9462 2
    endloop
  endfacet
  facet normal 0 0 1
    outer loop
      vertex 110.214 -31.4904 2
      vertex 109.97 -30.9462 2
      vertex 110.129 -31.7438 2
    endloop
  endfacet
  facet normal 0 0 1
    outer loop
      vertex 109.97 -30.9462 2
      vertex 109.922 -32.3482 2
      vertex 110.129 -31.7438 2
    endloop
  endfacet
  facet normal 0 0 1
    outer loop
      vertex 109.098 -33.3348 2
      vertex 109.922 -32.3482 2
      vertex 109.97 -30.9462 2
    endloop
  endfacet
  facet normal 0 0 1
    outer loop
      vertex 109.922 -32.3482 2
      vertex 109.098 -33.3348 2
      vertex 109.81 -32.7245 2
    endloop
  endfacet
  facet normal 0 0 1
    outer loop
      vertex 109.81 -32.7245 2
      vertex 109.098 -33.3348 2
      vertex 109.598 -33.3348 2
    endloop
  endfacet
  facet normal -0 0 1
    outer loop
      vertex 109.922 -32.3482 2
      vertex 110.721 -32.7245 2
      vertex 110.609 -32.3482 2
    endloop
  endfacet
  facet normal 0 0 1
    outer loop
      vertex 110.721 -32.7245 2
      vertex 109.922 -32.3482 2
      vertex 109.81 -32.7245 2
    endloop
  endfacet
  facet normal -0 0 1
    outer loop
      vertex 111.693 -30.9462 2
      vertex 112.193 -33.3348 2
      vertex 112.193 -30.9462 2
    endloop
  endfacet
  facet normal 0 0 1
    outer loop
      vertex 112.193 -33.3348 2
      vertex 111.693 -30.9462 2
      vertex 111.693 -33.3348 2
    endloop
  endfacet
  facet normal 0.457574 -0.889172 0
    outer loop
      vertex 113.721 -33.3281 1.6
      vertex 113.988 -33.1907 2
      vertex 113.721 -33.3281 2
    endloop
  endfacet
  facet normal 0.457574 -0.889172 0
    outer loop
      vertex 113.988 -33.1907 2
      vertex 113.721 -33.3281 1.6
      vertex 113.988 -33.1907 1.6
    endloop
  endfacet
  facet normal 0.801563 -0.597911 0
    outer loop
      vertex 113.988 -33.1907 2
      vertex 114.153 -32.9695 1.6
      vertex 114.153 -32.9695 2
    endloop
  endfacet
  facet normal 0.801563 -0.597911 0
    outer loop
      vertex 114.153 -32.9695 1.6
      vertex 113.988 -33.1907 2
      vertex 113.988 -33.1907 1.6
    endloop
  endfacet
  facet normal 0.983337 -0.181793 0
    outer loop
      vertex 114.153 -32.9695 2
      vertex 114.208 -32.672 1.6
      vertex 114.208 -32.672 2
    endloop
  endfacet
  facet normal 0.983337 -0.181793 0
    outer loop
      vertex 114.208 -32.672 1.6
      vertex 114.153 -32.9695 2
      vertex 114.153 -32.9695 1.6
    endloop
  endfacet
  facet normal 0.984831 0.173518 0
    outer loop
      vertex 114.208 -32.672 2
      vertex 114.171 -32.462 1.6
      vertex 114.171 -32.462 2
    endloop
  endfacet
  facet normal 0.984831 0.173518 0
    outer loop
      vertex 114.171 -32.462 1.6
      vertex 114.208 -32.672 2
      vertex 114.208 -32.672 1.6
    endloop
  endfacet
  facet normal 0.835686 0.549208 0
    outer loop
      vertex 114.171 -32.462 2
      vertex 114.06 -32.2931 1.6
      vertex 114.06 -32.2931 2
    endloop
  endfacet
  facet normal 0.835686 0.549208 0
    outer loop
      vertex 114.06 -32.2931 1.6
      vertex 114.171 -32.462 2
      vertex 114.171 -32.462 1.6
    endloop
  endfacet
  facet normal 0.552454 0.833543 -0
    outer loop
      vertex 114.06 -32.2931 1.6
      vertex 113.88 -32.1738 2
      vertex 114.06 -32.2931 2
    endloop
  endfacet
  facet normal 0.552454 0.833543 0
    outer loop
      vertex 113.88 -32.1738 2
      vertex 114.06 -32.2931 1.6
      vertex 113.88 -32.1738 1.6
    endloop
  endfacet
  facet normal 0.244601 0.969624 -0
    outer loop
      vertex 113.88 -32.1738 1.6
      vertex 113.637 -32.1125 2
      vertex 113.88 -32.1738 2
    endloop
  endfacet
  facet normal 0.244601 0.969624 0
    outer loop
      vertex 113.637 -32.1125 2
      vertex 113.88 -32.1738 1.6
      vertex 113.637 -32.1125 1.6
    endloop
  endfacet
  facet normal 1 -0 0
    outer loop
      vertex 113.637 -32.1125 2
      vertex 113.637 -32.1057 1.6
      vertex 113.637 -32.1057 2
    endloop
  endfacet
  facet normal 1 0 0
    outer loop
      vertex 113.637 -32.1057 1.6
      vertex 113.637 -32.1125 2
      vertex 113.637 -32.1125 1.6
    endloop
  endfacet
  facet normal 0.312041 -0.950069 0
    outer loop
      vertex 113.637 -32.1057 1.6
      vertex 113.855 -32.0341 2
      vertex 113.637 -32.1057 2
    endloop
  endfacet
  facet normal 0.312041 -0.950069 0
    outer loop
      vertex 113.855 -32.0341 2
      vertex 113.637 -32.1057 1.6
      vertex 113.855 -32.0341 1.6
    endloop
  endfacet
  facet normal 0.597287 -0.802028 0
    outer loop
      vertex 113.855 -32.0341 1.6
      vertex 114.016 -31.9142 2
      vertex 113.855 -32.0341 2
    endloop
  endfacet
  facet normal 0.597287 -0.802028 0
    outer loop
      vertex 114.016 -31.9142 2
      vertex 113.855 -32.0341 1.6
      vertex 114.016 -31.9142 1.6
    endloop
  endfacet
  facet normal 0.858415 -0.512955 0
    outer loop
      vertex 114.016 -31.9142 2
      vertex 114.114 -31.7502 1.6
      vertex 114.114 -31.7502 2
    endloop
  endfacet
  facet normal 0.858415 -0.512955 0
    outer loop
      vertex 114.114 -31.7502 1.6
      vertex 114.016 -31.9142 2
      vertex 114.016 -31.9142 1.6
    endloop
  endfacet
  facet normal 0.987155 -0.159765 0
    outer loop
      vertex 114.114 -31.7502 2
      vertex 114.147 -31.5463 1.6
      vertex 114.147 -31.5463 2
    endloop
  endfacet
  facet normal 0.987155 -0.159765 0
    outer loop
      vertex 114.147 -31.5463 1.6
      vertex 114.114 -31.7502 2
      vertex 114.114 -31.7502 1.6
    endloop
  endfacet
  facet normal 0.980722 0.195407 0
    outer loop
      vertex 114.147 -31.5463 2
      vertex 114.094 -31.2803 1.6
      vertex 114.094 -31.2803 2
    endloop
  endfacet
  facet normal 0.980722 0.195407 0
    outer loop
      vertex 114.094 -31.2803 1.6
      vertex 114.147 -31.5463 2
      vertex 114.147 -31.5463 1.6
    endloop
  endfacet
  facet normal 0.786183 0.617994 0
    outer loop
      vertex 114.094 -31.2803 2
      vertex 113.936 -31.0793 1.6
      vertex 113.936 -31.0793 2
    endloop
  endfacet
  facet normal 0.786183 0.617994 0
    outer loop
      vertex 113.936 -31.0793 1.6
      vertex 114.094 -31.2803 2
      vertex 114.094 -31.2803 1.6
    endloop
  endfacet
  facet normal 0.448915 0.893575 -0
    outer loop
      vertex 113.936 -31.0793 1.6
      vertex 113.684 -30.9527 2
      vertex 113.936 -31.0793 2
    endloop
  endfacet
  facet normal 0.448915 0.893575 0
    outer loop
      vertex 113.684 -30.9527 2
      vertex 113.936 -31.0793 1.6
      vertex 113.684 -30.9527 1.6
    endloop
  endfacet
  facet normal 0.125058 0.992149 -0
    outer loop
      vertex 113.684 -30.9527 1.6
      vertex 113.35 -30.9106 2
      vertex 113.684 -30.9527 2
    endloop
  endfacet
  facet normal 0.125058 0.992149 0
    outer loop
      vertex 113.35 -30.9106 2
      vertex 113.684 -30.9527 1.6
      vertex 113.35 -30.9106 1.6
    endloop
  endfacet
  facet normal -0.135418 0.990789 0
    outer loop
      vertex 113.35 -30.9106 1.6
      vertex 113.031 -30.9542 2
      vertex 113.35 -30.9106 2
    endloop
  endfacet
  facet normal -0.135418 0.990789 0
    outer loop
      vertex 113.031 -30.9542 2
      vertex 113.35 -30.9106 1.6
      vertex 113.031 -30.9542 1.6
    endloop
  endfacet
  facet normal -0.461242 0.887274 0
    outer loop
      vertex 113.031 -30.9542 1.6
      vertex 112.779 -31.0852 2
      vertex 113.031 -30.9542 2
    endloop
  endfacet
  facet normal -0.461242 0.887274 0
    outer loop
      vertex 112.779 -31.0852 2
      vertex 113.031 -30.9542 1.6
      vertex 112.779 -31.0852 1.6
    endloop
  endfacet
  facet normal -0.768978 0.639275 0
    outer loop
      vertex 112.606 -31.2933 1.6
      vertex 112.779 -31.0852 2
      vertex 112.779 -31.0852 1.6
    endloop
  endfacet
  facet normal -0.768978 0.639275 0
    outer loop
      vertex 112.779 -31.0852 2
      vertex 112.606 -31.2933 1.6
      vertex 112.606 -31.2933 2
    endloop
  endfacet
  facet normal -0.957346 0.288944 0
    outer loop
      vertex 112.523 -31.5683 1.6
      vertex 112.606 -31.2933 2
      vertex 112.606 -31.2933 1.6
    endloop
  endfacet
  facet normal -0.957346 0.288944 0
    outer loop
      vertex 112.606 -31.2933 2
      vertex 112.523 -31.5683 1.6
      vertex 112.523 -31.5683 2
    endloop
  endfacet
  facet normal -0.0710386 -0.997474 0
    outer loop
      vertex 112.523 -31.5683 1.6
      vertex 112.999 -31.6022 2
      vertex 112.523 -31.5683 2
    endloop
  endfacet
  facet normal -0.0710386 -0.997474 -0
    outer loop
      vertex 112.999 -31.6022 2
      vertex 112.523 -31.5683 1.6
      vertex 112.999 -31.6022 1.6
    endloop
  endfacet
  facet normal 0.970229 -0.24219 0
    outer loop
      vertex 112.999 -31.6022 2
      vertex 113.032 -31.47 1.6
      vertex 113.032 -31.47 2
    endloop
  endfacet
  facet normal 0.970229 -0.24219 0
    outer loop
      vertex 113.032 -31.47 1.6
      vertex 112.999 -31.6022 2
      vertex 112.999 -31.6022 1.6
    endloop
  endfacet
  facet normal 0.806744 -0.590901 0
    outer loop
      vertex 113.032 -31.47 2
      vertex 113.104 -31.3717 1.6
      vertex 113.104 -31.3717 2
    endloop
  endfacet
  facet normal 0.806744 -0.590901 0
    outer loop
      vertex 113.104 -31.3717 1.6
      vertex 113.032 -31.47 2
      vertex 113.032 -31.47 1.6
    endloop
  endfacet
  facet normal 0.506549 -0.862211 0
    outer loop
      vertex 113.104 -31.3717 1.6
      vertex 113.208 -31.3106 2
      vertex 113.104 -31.3717 2
    endloop
  endfacet
  facet normal 0.506549 -0.862211 0
    outer loop
      vertex 113.208 -31.3106 2
      vertex 113.104 -31.3717 1.6
      vertex 113.208 -31.3106 1.6
    endloop
  endfacet
  facet normal 0.149784 -0.988719 0
    outer loop
      vertex 113.208 -31.3106 1.6
      vertex 113.342 -31.2903 2
      vertex 113.208 -31.3106 2
    endloop
  endfacet
  facet normal 0.149784 -0.988719 0
    outer loop
      vertex 113.342 -31.2903 2
      vertex 113.208 -31.3106 1.6
      vertex 113.342 -31.2903 1.6
    endloop
  endfacet
  facet normal -0.149384 -0.988779 0
    outer loop
      vertex 113.342 -31.2903 1.6
      vertex 113.481 -31.3113 2
      vertex 113.342 -31.2903 2
    endloop
  endfacet
  facet normal -0.149384 -0.988779 -0
    outer loop
      vertex 113.481 -31.3113 2
      vertex 113.342 -31.2903 1.6
      vertex 113.481 -31.3113 1.6
    endloop
  endfacet
  facet normal -0.528638 -0.848847 0
    outer loop
      vertex 113.481 -31.3113 1.6
      vertex 113.582 -31.3742 2
      vertex 113.481 -31.3113 2
    endloop
  endfacet
  facet normal -0.528638 -0.848847 -0
    outer loop
      vertex 113.582 -31.3742 2
      vertex 113.481 -31.3113 1.6
      vertex 113.582 -31.3742 1.6
    endloop
  endfacet
  facet normal -0.85324 -0.521519 0
    outer loop
      vertex 113.643 -31.474 1.6
      vertex 113.582 -31.3742 2
      vertex 113.582 -31.3742 1.6
    endloop
  endfacet
  facet normal -0.85324 -0.521519 0
    outer loop
      vertex 113.582 -31.3742 2
      vertex 113.643 -31.474 1.6
      vertex 113.643 -31.474 2
    endloop
  endfacet
  facet normal -0.987506 -0.157581 0
    outer loop
      vertex 113.664 -31.6056 1.6
      vertex 113.643 -31.474 2
      vertex 113.643 -31.474 1.6
    endloop
  endfacet
  facet normal -0.987506 -0.157581 0
    outer loop
      vertex 113.643 -31.474 2
      vertex 113.664 -31.6056 1.6
      vertex 113.664 -31.6056 2
    endloop
  endfacet
  facet normal -0.982711 0.185148 0
    outer loop
      vertex 113.638 -31.7436 1.6
      vertex 113.664 -31.6056 2
      vertex 113.664 -31.6056 1.6
    endloop
  endfacet
  facet normal -0.982711 0.185148 0
    outer loop
      vertex 113.664 -31.6056 2
      vertex 113.638 -31.7436 1.6
      vertex 113.638 -31.7436 2
    endloop
  endfacet
  facet normal -0.79407 0.607826 0
    outer loop
      vertex 113.56 -31.8455 1.6
      vertex 113.638 -31.7436 2
      vertex 113.638 -31.7436 1.6
    endloop
  endfacet
  facet normal -0.79407 0.607826 0
    outer loop
      vertex 113.638 -31.7436 2
      vertex 113.56 -31.8455 1.6
      vertex 113.56 -31.8455 2
    endloop
  endfacet
  facet normal -0.441033 0.897491 0
    outer loop
      vertex 113.56 -31.8455 1.6
      vertex 113.432 -31.9084 2
      vertex 113.56 -31.8455 2
    endloop
  endfacet
  facet normal -0.441033 0.897491 0
    outer loop
      vertex 113.432 -31.9084 2
      vertex 113.56 -31.8455 1.6
      vertex 113.432 -31.9084 1.6
    endloop
  endfacet
  facet normal -0.115881 0.993263 0
    outer loop
      vertex 113.432 -31.9084 1.6
      vertex 113.252 -31.9294 2
      vertex 113.432 -31.9084 2
    endloop
  endfacet
  facet normal -0.115881 0.993263 0
    outer loop
      vertex 113.252 -31.9294 2
      vertex 113.432 -31.9084 1.6
      vertex 113.252 -31.9294 1.6
    endloop
  endfacet
  facet normal 0 1 -0
    outer loop
      vertex 113.252 -31.9294 1.6
      vertex 113.096 -31.9294 2
      vertex 113.252 -31.9294 2
    endloop
  endfacet
  facet normal 0 1 0
    outer loop
      vertex 113.096 -31.9294 2
      vertex 113.252 -31.9294 1.6
      vertex 113.096 -31.9294 1.6
    endloop
  endfacet
  facet normal -1 0 0
    outer loop
      vertex 113.096 -32.3143 1.6
      vertex 113.096 -31.9294 2
      vertex 113.096 -31.9294 1.6
    endloop
  endfacet
  facet normal -1 -0 0
    outer loop
      vertex 113.096 -31.9294 2
      vertex 113.096 -32.3143 1.6
      vertex 113.096 -32.3143 2
    endloop
  endfacet
  facet normal 0 -1 0
    outer loop
      vertex 113.096 -32.3143 1.6
      vertex 113.262 -32.3143 2
      vertex 113.096 -32.3143 2
    endloop
  endfacet
  facet normal 0 -1 -0
    outer loop
      vertex 113.262 -32.3143 2
      vertex 113.096 -32.3143 1.6
      vertex 113.262 -32.3143 1.6
    endloop
  endfacet
  facet normal -0.105439 -0.994426 0
    outer loop
      vertex 113.262 -32.3143 1.6
      vertex 113.461 -32.3354 2
      vertex 113.262 -32.3143 2
    endloop
  endfacet
  facet normal -0.105439 -0.994426 -0
    outer loop
      vertex 113.461 -32.3354 2
      vertex 113.262 -32.3143 1.6
      vertex 113.461 -32.3354 1.6
    endloop
  endfacet
  facet normal -0.406376 -0.913706 0
    outer loop
      vertex 113.461 -32.3354 1.6
      vertex 113.604 -32.399 2
      vertex 113.461 -32.3354 2
    endloop
  endfacet
  facet normal -0.406376 -0.913706 -0
    outer loop
      vertex 113.604 -32.399 2
      vertex 113.461 -32.3354 1.6
      vertex 113.604 -32.399 1.6
    endloop
  endfacet
  facet normal -0.76518 -0.643817 0
    outer loop
      vertex 113.691 -32.5024 1.6
      vertex 113.604 -32.399 2
      vertex 113.604 -32.399 1.6
    endloop
  endfacet
  facet normal -0.76518 -0.643817 0
    outer loop
      vertex 113.604 -32.399 2
      vertex 113.691 -32.5024 1.6
      vertex 113.691 -32.5024 2
    endloop
  endfacet
  facet normal -0.979413 -0.201869 0
    outer loop
      vertex 113.72 -32.6431 1.6
      vertex 113.691 -32.5024 2
      vertex 113.691 -32.5024 1.6
    endloop
  endfacet
  facet normal -0.979413 -0.201869 0
    outer loop
      vertex 113.691 -32.5024 2
      vertex 113.72 -32.6431 1.6
      vertex 113.72 -32.6431 2
    endloop
  endfacet
  facet normal -0.987795 0.155763 0
    outer loop
      vertex 113.696 -32.7953 1.6
      vertex 113.72 -32.6431 2
      vertex 113.72 -32.6431 1.6
    endloop
  endfacet
  facet normal -0.987795 0.155763 0
    outer loop
      vertex 113.72 -32.6431 2
      vertex 113.696 -32.7953 1.6
      vertex 113.696 -32.7953 2
    endloop
  endfacet
  facet normal -0.833722 0.552185 0
    outer loop
      vertex 113.625 -32.9025 1.6
      vertex 113.696 -32.7953 2
      vertex 113.696 -32.7953 1.6
    endloop
  endfacet
  facet normal -0.833722 0.552185 0
    outer loop
      vertex 113.696 -32.7953 2
      vertex 113.625 -32.9025 1.6
      vertex 113.625 -32.9025 2
    endloop
  endfacet
  facet normal -0.487203 0.873289 0
    outer loop
      vertex 113.625 -32.9025 1.6
      vertex 113.511 -32.9661 2
      vertex 113.625 -32.9025 2
    endloop
  endfacet
  facet normal -0.487203 0.873289 0
    outer loop
      vertex 113.511 -32.9661 2
      vertex 113.625 -32.9025 1.6
      vertex 113.511 -32.9661 1.6
    endloop
  endfacet
  facet normal -0.138137 0.990413 0
    outer loop
      vertex 113.511 -32.9661 1.6
      vertex 113.359 -32.9873 2
      vertex 113.511 -32.9661 2
    endloop
  endfacet
  facet normal -0.138137 0.990413 0
    outer loop
      vertex 113.359 -32.9873 2
      vertex 113.511 -32.9661 1.6
      vertex 113.359 -32.9873 1.6
    endloop
  endfacet
  facet normal 0.302797 0.953055 -0
    outer loop
      vertex 113.359 -32.9873 1.6
      vertex 113.088 -32.9012 2
      vertex 113.359 -32.9873 2
    endloop
  endfacet
  facet normal 0.302797 0.953055 0
    outer loop
      vertex 113.088 -32.9012 2
      vertex 113.359 -32.9873 1.6
      vertex 113.088 -32.9012 1.6
    endloop
  endfacet
  facet normal 0.905438 0.424479 0
    outer loop
      vertex 113.088 -32.9012 2
      vertex 112.967 -32.6431 1.6
      vertex 112.967 -32.6431 2
    endloop
  endfacet
  facet normal 0.905438 0.424479 0
    outer loop
      vertex 112.967 -32.6431 1.6
      vertex 113.088 -32.9012 2
      vertex 113.088 -32.9012 1.6
    endloop
  endfacet
  facet normal -0.0870905 0.9962 0
    outer loop
      vertex 112.967 -32.6431 1.6
      vertex 112.482 -32.6855 2
      vertex 112.967 -32.6431 2
    endloop
  endfacet
  facet normal -0.0870905 0.9962 0
    outer loop
      vertex 112.482 -32.6855 2
      vertex 112.967 -32.6431 1.6
      vertex 112.482 -32.6855 1.6
    endloop
  endfacet
  facet normal -0.959985 -0.28005 0
    outer loop
      vertex 112.568 -32.9803 1.6
      vertex 112.482 -32.6855 2
      vertex 112.482 -32.6855 1.6
    endloop
  endfacet
  facet normal -0.959985 -0.28005 0
    outer loop
      vertex 112.482 -32.6855 2
      vertex 112.568 -32.9803 1.6
      vertex 112.568 -32.9803 2
    endloop
  endfacet
  facet normal -0.768803 -0.639485 0
    outer loop
      vertex 112.748 -33.1967 1.6
      vertex 112.568 -32.9803 2
      vertex 112.568 -32.9803 1.6
    endloop
  endfacet
  facet normal -0.768803 -0.639485 0
    outer loop
      vertex 112.568 -32.9803 2
      vertex 112.748 -33.1967 1.6
      vertex 112.748 -33.1967 2
    endloop
  endfacet
  facet normal -0.445335 -0.895364 0
    outer loop
      vertex 112.748 -33.1967 1.6
      vertex 113.015 -33.3295 2
      vertex 112.748 -33.1967 2
    endloop
  endfacet
  facet normal -0.445335 -0.895364 -0
    outer loop
      vertex 113.015 -33.3295 2
      vertex 112.748 -33.1967 1.6
      vertex 113.015 -33.3295 1.6
    endloop
  endfacet
  facet normal -0.12736 -0.991857 0
    outer loop
      vertex 113.015 -33.3295 1.6
      vertex 113.36 -33.3738 2
      vertex 113.015 -33.3295 2
    endloop
  endfacet
  facet normal -0.12736 -0.991857 -0
    outer loop
      vertex 113.36 -33.3738 2
      vertex 113.015 -33.3295 1.6
      vertex 113.36 -33.3738 1.6
    endloop
  endfacet
  facet normal 0.12559 -0.992082 0
    outer loop
      vertex 113.36 -33.3738 1.6
      vertex 113.721 -33.3281 2
      vertex 113.36 -33.3738 2
    endloop
  endfacet
  facet normal 0.12559 -0.992082 0
    outer loop
      vertex 113.721 -33.3281 2
      vertex 113.36 -33.3738 1.6
      vertex 113.721 -33.3281 1.6
    endloop
  endfacet
  facet normal 0 -1 0
    outer loop
      vertex 109.81 -32.7245 1.6
      vertex 110.721 -32.7245 2
      vertex 109.81 -32.7245 2
    endloop
  endfacet
  facet normal 0 -1 -0
    outer loop
      vertex 110.721 -32.7245 2
      vertex 109.81 -32.7245 1.6
      vertex 110.721 -32.7245 1.6
    endloop
  endfacet
  facet normal -0.945109 -0.326754 0
    outer loop
      vertex 110.932 -33.3348 1.6
      vertex 110.721 -32.7245 2
      vertex 110.721 -32.7245 1.6
    endloop
  endfacet
  facet normal -0.945109 -0.326754 0
    outer loop
      vertex 110.721 -32.7245 2
      vertex 110.932 -33.3348 1.6
      vertex 110.932 -33.3348 2
    endloop
  endfacet
  facet normal 0 -1 0
    outer loop
      vertex 110.932 -33.3348 1.6
      vertex 111.427 -33.3348 2
      vertex 110.932 -33.3348 2
    endloop
  endfacet
  facet normal 0 -1 -0
    outer loop
      vertex 111.427 -33.3348 2
      vertex 110.932 -33.3348 1.6
      vertex 111.427 -33.3348 1.6
    endloop
  endfacet
  facet normal 0.939993 0.341193 0
    outer loop
      vertex 111.427 -33.3348 2
      vertex 110.56 -30.9462 1.6
      vertex 110.56 -30.9462 2
    endloop
  endfacet
  facet normal 0.939993 0.341193 0
    outer loop
      vertex 110.56 -30.9462 1.6
      vertex 111.427 -33.3348 2
      vertex 111.427 -33.3348 1.6
    endloop
  endfacet
  facet normal 0 1 -0
    outer loop
      vertex 110.56 -30.9462 1.6
      vertex 109.97 -30.9462 2
      vertex 110.56 -30.9462 2
    endloop
  endfacet
  facet normal 0 1 0
    outer loop
      vertex 109.97 -30.9462 2
      vertex 110.56 -30.9462 1.6
      vertex 109.97 -30.9462 1.6
    endloop
  endfacet
  facet normal -0.939361 0.34293 0
    outer loop
      vertex 109.098 -33.3348 1.6
      vertex 109.97 -30.9462 2
      vertex 109.97 -30.9462 1.6
    endloop
  endfacet
  facet normal -0.939361 0.34293 0
    outer loop
      vertex 109.97 -30.9462 2
      vertex 109.098 -33.3348 1.6
      vertex 109.098 -33.3348 2
    endloop
  endfacet
  facet normal 0 -1 0
    outer loop
      vertex 109.098 -33.3348 1.6
      vertex 109.598 -33.3348 2
      vertex 109.098 -33.3348 2
    endloop
  endfacet
  facet normal 0 -1 -0
    outer loop
      vertex 109.598 -33.3348 2
      vertex 109.098 -33.3348 1.6
      vertex 109.598 -33.3348 1.6
    endloop
  endfacet
  facet normal 0.94463 -0.328136 0
    outer loop
      vertex 109.598 -33.3348 2
      vertex 109.81 -32.7245 1.6
      vertex 109.81 -32.7245 2
    endloop
  endfacet
  facet normal 0.94463 -0.328136 0
    outer loop
      vertex 109.81 -32.7245 1.6
      vertex 109.598 -33.3348 2
      vertex 109.598 -33.3348 1.6
    endloop
  endfacet
  facet normal 0.946053 -0.324012 0
    outer loop
      vertex 109.922 -32.3482 2
      vertex 110.129 -31.7438 1.6
      vertex 110.129 -31.7438 2
    endloop
  endfacet
  facet normal 0.946053 -0.324012 0
    outer loop
      vertex 110.129 -31.7438 1.6
      vertex 109.922 -32.3482 2
      vertex 109.922 -32.3482 1.6
    endloop
  endfacet
  facet normal 0.948083 -0.318023 0
    outer loop
      vertex 110.129 -31.7438 2
      vertex 110.214 -31.4904 1.6
      vertex 110.214 -31.4904 2
    endloop
  endfacet
  facet normal 0.948083 -0.318023 0
    outer loop
      vertex 110.214 -31.4904 1.6
      vertex 110.129 -31.7438 2
      vertex 110.129 -31.7438 1.6
    endloop
  endfacet
  facet normal 0.958325 -0.28568 0
    outer loop
      vertex 110.214 -31.4904 2
      vertex 110.236 -31.4166 1.6
      vertex 110.236 -31.4166 2
    endloop
  endfacet
  facet normal 0.958325 -0.28568 0
    outer loop
      vertex 110.236 -31.4166 1.6
      vertex 110.214 -31.4904 2
      vertex 110.214 -31.4904 1.6
    endloop
  endfacet
  facet normal 0.964045 -0.26574 0
    outer loop
      vertex 110.236 -31.4166 2
      vertex 110.254 -31.3513 1.6
      vertex 110.254 -31.3513 2
    endloop
  endfacet
  facet normal 0.964045 -0.26574 0
    outer loop
      vertex 110.254 -31.3513 1.6
      vertex 110.236 -31.4166 2
      vertex 110.236 -31.4166 1.6
    endloop
  endfacet
  facet normal 0.959161 -0.282862 0
    outer loop
      vertex 110.254 -31.3513 2
      vertex 110.265 -31.314 1.6
      vertex 110.265 -31.314 2
    endloop
  endfacet
  facet normal 0.959161 -0.282862 0
    outer loop
      vertex 110.265 -31.314 1.6
      vertex 110.254 -31.3513 2
      vertex 110.254 -31.3513 1.6
    endloop
  endfacet
  facet normal -0.958051 -0.286597 0
    outer loop
      vertex 110.3 -31.431 1.6
      vertex 110.265 -31.314 2
      vertex 110.265 -31.314 1.6
    endloop
  endfacet
  facet normal -0.958051 -0.286597 0
    outer loop
      vertex 110.265 -31.314 2
      vertex 110.3 -31.431 1.6
      vertex 110.3 -31.431 2
    endloop
  endfacet
  facet normal -0.95337 -0.301804 0
    outer loop
      vertex 110.373 -31.6616 1.6
      vertex 110.3 -31.431 2
      vertex 110.3 -31.431 1.6
    endloop
  endfacet
  facet normal -0.95337 -0.301804 0
    outer loop
      vertex 110.3 -31.431 2
      vertex 110.373 -31.6616 1.6
      vertex 110.373 -31.6616 2
    endloop
  endfacet
  facet normal -0.945695 -0.325057 0
    outer loop
      vertex 110.609 -32.3482 1.6
      vertex 110.373 -31.6616 2
      vertex 110.373 -31.6616 1.6
    endloop
  endfacet
  facet normal -0.945695 -0.325057 0
    outer loop
      vertex 110.373 -31.6616 2
      vertex 110.609 -32.3482 1.6
      vertex 110.609 -32.3482 2
    endloop
  endfacet
  facet normal 0 1 -0
    outer loop
      vertex 110.609 -32.3482 1.6
      vertex 109.922 -32.3482 2
      vertex 110.609 -32.3482 2
    endloop
  endfacet
  facet normal 0 1 0
    outer loop
      vertex 109.922 -32.3482 2
      vertex 110.609 -32.3482 1.6
      vertex 109.922 -32.3482 1.6
    endloop
  endfacet
  facet normal 0 1 -0
    outer loop
      vertex 112.193 -30.9462 1.6
      vertex 111.693 -30.9462 2
      vertex 112.193 -30.9462 2
    endloop
  endfacet
  facet normal 0 1 0
    outer loop
      vertex 111.693 -30.9462 2
      vertex 112.193 -30.9462 1.6
      vertex 111.693 -30.9462 1.6
    endloop
  endfacet
  facet normal -1 0 0
    outer loop
      vertex 111.693 -33.3348 1.6
      vertex 111.693 -30.9462 2
      vertex 111.693 -30.9462 1.6
    endloop
  endfacet
  facet normal -1 -0 0
    outer loop
      vertex 111.693 -30.9462 2
      vertex 111.693 -33.3348 1.6
      vertex 111.693 -33.3348 2
    endloop
  endfacet
  facet normal 0 -1 0
    outer loop
      vertex 111.693 -33.3348 1.6
      vertex 112.193 -33.3348 2
      vertex 111.693 -33.3348 2
    endloop
  endfacet
  facet normal 0 -1 -0
    outer loop
      vertex 112.193 -33.3348 2
      vertex 111.693 -33.3348 1.6
      vertex 112.193 -33.3348 1.6
    endloop
  endfacet
  facet normal 1 -0 0
    outer loop
      vertex 112.193 -33.3348 2
      vertex 112.193 -30.9462 1.6
      vertex 112.193 -30.9462 2
    endloop
  endfacet
  facet normal 1 0 0
    outer loop
      vertex 112.193 -30.9462 1.6
      vertex 112.193 -33.3348 2
      vertex 112.193 -33.3348 1.6
    endloop
  endfacet
  facet normal 0 0 -1
    outer loop
      vertex 128.721 -32.7261 1.6
      vertex 127.922 -32.3497 1.6
      vertex 128.609 -32.3497 1.6
    endloop
  endfacet
  facet normal 0 -0 -1
    outer loop
      vertex 127.922 -32.3497 1.6
      vertex 128.721 -32.7261 1.6
      vertex 127.81 -32.7261 1.6
    endloop
  endfacet
  facet normal 0 0 -1
    outer loop
      vertex 128.721 -32.7261 1.6
      vertex 129.427 -33.3364 1.6
      vertex 128.932 -33.3364 1.6
    endloop
  endfacet
  facet normal 0 0 -1
    outer loop
      vertex 128.609 -32.3497 1.6
      vertex 129.427 -33.3364 1.6
      vertex 128.721 -32.7261 1.6
    endloop
  endfacet
  facet normal 0 0 -1
    outer loop
      vertex 128.609 -32.3497 1.6
      vertex 128.559 -30.9477 1.6
      vertex 129.427 -33.3364 1.6
    endloop
  endfacet
  facet normal 0 0 -1
    outer loop
      vertex 128.373 -31.6631 1.6
      vertex 128.559 -30.9477 1.6
      vertex 128.609 -32.3497 1.6
    endloop
  endfacet
  facet normal 0 0 -1
    outer loop
      vertex 128.3 -31.4326 1.6
      vertex 128.559 -30.9477 1.6
      vertex 128.373 -31.6631 1.6
    endloop
  endfacet
  facet normal 0 0 -1
    outer loop
      vertex 128.264 -31.3156 1.6
      vertex 128.559 -30.9477 1.6
      vertex 128.3 -31.4326 1.6
    endloop
  endfacet
  facet normal 0 0 -1
    outer loop
      vertex 127.97 -30.9477 1.6
      vertex 128.254 -31.3529 1.6
      vertex 128.236 -31.4182 1.6
    endloop
  endfacet
  facet normal 0 0 -1
    outer loop
      vertex 127.97 -30.9477 1.6
      vertex 128.236 -31.4182 1.6
      vertex 128.214 -31.4919 1.6
    endloop
  endfacet
  facet normal 0 0 -1
    outer loop
      vertex 127.97 -30.9477 1.6
      vertex 128.214 -31.4919 1.6
      vertex 128.129 -31.7454 1.6
    endloop
  endfacet
  facet normal 0 0 -1
    outer loop
      vertex 128.264 -31.3156 1.6
      vertex 127.97 -30.9477 1.6
      vertex 128.559 -30.9477 1.6
    endloop
  endfacet
  facet normal 0 0 -1
    outer loop
      vertex 128.254 -31.3529 1.6
      vertex 127.97 -30.9477 1.6
      vertex 128.264 -31.3156 1.6
    endloop
  endfacet
  facet normal 0 0 -1
    outer loop
      vertex 127.922 -32.3497 1.6
      vertex 127.97 -30.9477 1.6
      vertex 128.129 -31.7454 1.6
    endloop
  endfacet
  facet normal 0 0 -1
    outer loop
      vertex 127.098 -33.3364 1.6
      vertex 127.922 -32.3497 1.6
      vertex 127.81 -32.7261 1.6
    endloop
  endfacet
  facet normal 0 0 -1
    outer loop
      vertex 127.098 -33.3364 1.6
      vertex 127.81 -32.7261 1.6
      vertex 127.598 -33.3364 1.6
    endloop
  endfacet
  facet normal -0 0 -1
    outer loop
      vertex 127.922 -32.3497 1.6
      vertex 127.098 -33.3364 1.6
      vertex 127.97 -30.9477 1.6
    endloop
  endfacet
  facet normal 0 0 -1
    outer loop
      vertex 129.693 -33.3364 1.6
      vertex 130.193 -30.9477 1.6
      vertex 130.193 -33.3364 1.6
    endloop
  endfacet
  facet normal -0 0 -1
    outer loop
      vertex 130.193 -30.9477 1.6
      vertex 129.693 -33.3364 1.6
      vertex 129.693 -30.9477 1.6
    endloop
  endfacet
  facet normal 0 0 -1
    outer loop
      vertex 131.542 -32.8499 1.6
      vertex 130.843 -32.4955 1.6
      vertex 131.542 -32.4955 1.6
    endloop
  endfacet
  facet normal 0 -0 -1
    outer loop
      vertex 130.843 -32.4955 1.6
      vertex 131.542 -32.8499 1.6
      vertex 130.455 -32.8499 1.6
    endloop
  endfacet
  facet normal 0 0 -1
    outer loop
      vertex 131.542 -32.8499 1.6
      vertex 131.996 -32.8499 1.6
      vertex 131.996 -33.3364 1.6
    endloop
  endfacet
  facet normal 0 0 -1
    outer loop
      vertex 131.996 -32.8499 1.6
      vertex 131.542 -32.8499 1.6
      vertex 131.996 -32.4955 1.6
    endloop
  endfacet
  facet normal 0 0 -1
    outer loop
      vertex 131.542 -31.714 1.6
      vertex 131.996 -32.4955 1.6
      vertex 131.542 -32.4955 1.6
    endloop
  endfacet
  facet normal 0 0 -1
    outer loop
      vertex 131.996 -30.9477 1.6
      vertex 131.553 -31.4279 1.6
      vertex 131.557 -31.3783 1.6
    endloop
  endfacet
  facet normal 0 0 -1
    outer loop
      vertex 131.996 -30.9477 1.6
      vertex 131.548 -31.5157 1.6
      vertex 131.553 -31.4279 1.6
    endloop
  endfacet
  facet normal 0 0 -1
    outer loop
      vertex 131.996 -30.9477 1.6
      vertex 131.543 -31.6186 1.6
      vertex 131.548 -31.5157 1.6
    endloop
  endfacet
  facet normal 0 0 -1
    outer loop
      vertex 131.542 -32.8499 1.6
      vertex 131.996 -33.3364 1.6
      vertex 131.542 -33.3364 1.6
    endloop
  endfacet
  facet normal -0 0 -1
    outer loop
      vertex 131.996 -32.4955 1.6
      vertex 131.542 -32.8499 1.6
      vertex 131.542 -32.4955 1.6
    endloop
  endfacet
  facet normal 0 0 -1
    outer loop
      vertex 131.996 -32.4955 1.6
      vertex 131.542 -31.714 1.6
      vertex 131.996 -30.9477 1.6
    endloop
  endfacet
  facet normal 0 0 -1
    outer loop
      vertex 131.996 -30.9477 1.6
      vertex 131.542 -31.714 1.6
      vertex 131.543 -31.6186 1.6
    endloop
  endfacet
  facet normal 0 0 -1
    outer loop
      vertex 131.996 -32.8499 1.6
      vertex 132.315 -32.4955 1.6
      vertex 132.315 -32.8499 1.6
    endloop
  endfacet
  facet normal -0 0 -1
    outer loop
      vertex 132.315 -32.4955 1.6
      vertex 131.996 -32.8499 1.6
      vertex 131.996 -32.4955 1.6
    endloop
  endfacet
  facet normal 0 0 -1
    outer loop
      vertex 131.557 -31.3783 1.6
      vertex 131.464 -30.9477 1.6
      vertex 131.996 -30.9477 1.6
    endloop
  endfacet
  facet normal 0 0 -1
    outer loop
      vertex 131.495 -31.4945 1.6
      vertex 131.464 -30.9477 1.6
      vertex 131.557 -31.3783 1.6
    endloop
  endfacet
  facet normal 0 0 -1
    outer loop
      vertex 131.398 -31.653 1.6
      vertex 131.464 -30.9477 1.6
      vertex 131.495 -31.4945 1.6
    endloop
  endfacet
  facet normal 0 0 -1
    outer loop
      vertex 130.455 -32.4921 1.6
      vertex 131.398 -31.653 1.6
      vertex 130.843 -32.4955 1.6
    endloop
  endfacet
  facet normal 0 0 -1
    outer loop
      vertex 130.455 -32.4921 1.6
      vertex 130.843 -32.4955 1.6
      vertex 130.455 -32.8499 1.6
    endloop
  endfacet
  facet normal -0 0 -1
    outer loop
      vertex 131.398 -31.653 1.6
      vertex 130.455 -32.4921 1.6
      vertex 131.464 -30.9477 1.6
    endloop
  endfacet
  facet normal 0 0 1
    outer loop
      vertex 129.427 -33.3364 2
      vertex 128.721 -32.7261 2
      vertex 128.932 -33.3364 2
    endloop
  endfacet
  facet normal 0 0 1
    outer loop
      vertex 129.427 -33.3364 2
      vertex 128.609 -32.3497 2
      vertex 128.721 -32.7261 2
    endloop
  endfacet
  facet normal 0 0 1
    outer loop
      vertex 128.559 -30.9477 2
      vertex 128.609 -32.3497 2
      vertex 129.427 -33.3364 2
    endloop
  endfacet
  facet normal 0 0 1
    outer loop
      vertex 128.559 -30.9477 2
      vertex 128.373 -31.6631 2
      vertex 128.609 -32.3497 2
    endloop
  endfacet
  facet normal 0 0 1
    outer loop
      vertex 128.559 -30.9477 2
      vertex 128.3 -31.4326 2
      vertex 128.373 -31.6631 2
    endloop
  endfacet
  facet normal 0 0 1
    outer loop
      vertex 128.559 -30.9477 2
      vertex 128.264 -31.3156 2
      vertex 128.3 -31.4326 2
    endloop
  endfacet
  facet normal 0 0 1
    outer loop
      vertex 127.97 -30.9477 2
      vertex 128.254 -31.3529 2
      vertex 128.264 -31.3156 2
    endloop
  endfacet
  facet normal 0 0 1
    outer loop
      vertex 128.254 -31.3529 2
      vertex 127.97 -30.9477 2
      vertex 128.236 -31.4182 2
    endloop
  endfacet
  facet normal 0 0 1
    outer loop
      vertex 128.236 -31.4182 2
      vertex 127.97 -30.9477 2
      vertex 128.214 -31.4919 2
    endloop
  endfacet
  facet normal -0 0 1
    outer loop
      vertex 127.97 -30.9477 2
      vertex 128.264 -31.3156 2
      vertex 128.559 -30.9477 2
    endloop
  endfacet
  facet normal 0 0 1
    outer loop
      vertex 128.214 -31.4919 2
      vertex 127.97 -30.9477 2
      vertex 128.129 -31.7454 2
    endloop
  endfacet
  facet normal 0 0 1
    outer loop
      vertex 127.97 -30.9477 2
      vertex 127.922 -32.3497 2
      vertex 128.129 -31.7454 2
    endloop
  endfacet
  facet normal 0 0 1
    outer loop
      vertex 127.098 -33.3364 2
      vertex 127.922 -32.3497 2
      vertex 127.97 -30.9477 2
    endloop
  endfacet
  facet normal 0 0 1
    outer loop
      vertex 127.922 -32.3497 2
      vertex 127.098 -33.3364 2
      vertex 127.81 -32.7261 2
    endloop
  endfacet
  facet normal 0 0 1
    outer loop
      vertex 127.81 -32.7261 2
      vertex 127.098 -33.3364 2
      vertex 127.598 -33.3364 2
    endloop
  endfacet
  facet normal -0 0 1
    outer loop
      vertex 127.922 -32.3497 2
      vertex 128.721 -32.7261 2
      vertex 128.609 -32.3497 2
    endloop
  endfacet
  facet normal 0 0 1
    outer loop
      vertex 128.721 -32.7261 2
      vertex 127.922 -32.3497 2
      vertex 127.81 -32.7261 2
    endloop
  endfacet
  facet normal -0 0 1
    outer loop
      vertex 129.693 -30.9477 2
      vertex 130.193 -33.3364 2
      vertex 130.193 -30.9477 2
    endloop
  endfacet
  facet normal 0 0 1
    outer loop
      vertex 130.193 -33.3364 2
      vertex 129.693 -30.9477 2
      vertex 129.693 -33.3364 2
    endloop
  endfacet
  facet normal -0 0 1
    outer loop
      vertex 130.843 -32.4955 2
      vertex 131.542 -32.8499 2
      vertex 131.542 -32.4955 2
    endloop
  endfacet
  facet normal 0 0 1
    outer loop
      vertex 130.455 -32.8499 2
      vertex 130.843 -32.4955 2
      vertex 130.455 -32.4921 2
    endloop
  endfacet
  facet normal 0 0 1
    outer loop
      vertex 130.843 -32.4955 2
      vertex 130.455 -32.8499 2
      vertex 131.542 -32.8499 2
    endloop
  endfacet
  facet normal -0 0 1
    outer loop
      vertex 131.542 -31.714 2
      vertex 131.996 -32.4955 2
      vertex 131.996 -30.9477 2
    endloop
  endfacet
  facet normal 0 0 1
    outer loop
      vertex 131.542 -32.4955 2
      vertex 131.996 -32.4955 2
      vertex 131.542 -31.714 2
    endloop
  endfacet
  facet normal 0 0 1
    outer loop
      vertex 131.553 -31.4279 2
      vertex 131.996 -30.9477 2
      vertex 131.557 -31.3783 2
    endloop
  endfacet
  facet normal -0 0 1
    outer loop
      vertex 131.464 -30.9477 2
      vertex 131.557 -31.3783 2
      vertex 131.996 -30.9477 2
    endloop
  endfacet
  facet normal 0 0 1
    outer loop
      vertex 131.464 -30.9477 2
      vertex 131.495 -31.4945 2
      vertex 131.557 -31.3783 2
    endloop
  endfacet
  facet normal 0 0 1
    outer loop
      vertex 131.464 -30.9477 2
      vertex 131.398 -31.653 2
      vertex 131.495 -31.4945 2
    endloop
  endfacet
  facet normal 0 0 1
    outer loop
      vertex 130.455 -32.4921 2
      vertex 131.398 -31.653 2
      vertex 131.464 -30.9477 2
    endloop
  endfacet
  facet normal 0 0 1
    outer loop
      vertex 131.398 -31.653 2
      vertex 130.455 -32.4921 2
      vertex 130.843 -32.4955 2
    endloop
  endfacet
  facet normal -0 0 1
    outer loop
      vertex 131.996 -32.4955 2
      vertex 132.315 -32.8499 2
      vertex 132.315 -32.4955 2
    endloop
  endfacet
  facet normal 0 0 1
    outer loop
      vertex 132.315 -32.8499 2
      vertex 131.996 -32.4955 2
      vertex 131.996 -32.8499 2
    endloop
  endfacet
  facet normal 0 0 1
    outer loop
      vertex 131.548 -31.5157 2
      vertex 131.996 -30.9477 2
      vertex 131.553 -31.4279 2
    endloop
  endfacet
  facet normal 0 0 1
    outer loop
      vertex 131.543 -31.6186 2
      vertex 131.996 -30.9477 2
      vertex 131.548 -31.5157 2
    endloop
  endfacet
  facet normal 0 0 1
    outer loop
      vertex 131.542 -31.714 2
      vertex 131.996 -30.9477 2
      vertex 131.543 -31.6186 2
    endloop
  endfacet
  facet normal 0 0 1
    outer loop
      vertex 131.996 -32.4955 2
      vertex 131.542 -32.4955 2
      vertex 131.996 -32.8499 2
    endloop
  endfacet
  facet normal 0 0 1
    outer loop
      vertex 131.542 -32.8499 2
      vertex 131.996 -32.8499 2
      vertex 131.542 -32.4955 2
    endloop
  endfacet
  facet normal 0 0 1
    outer loop
      vertex 131.996 -32.8499 2
      vertex 131.542 -32.8499 2
      vertex 131.996 -33.3364 2
    endloop
  endfacet
  facet normal 0 0 1
    outer loop
      vertex 131.996 -33.3364 2
      vertex 131.542 -32.8499 2
      vertex 131.542 -33.3364 2
    endloop
  endfacet
  facet normal 0 -1 0
    outer loop
      vertex 127.81 -32.7261 1.6
      vertex 128.721 -32.7261 2
      vertex 127.81 -32.7261 2
    endloop
  endfacet
  facet normal 0 -1 -0
    outer loop
      vertex 128.721 -32.7261 2
      vertex 127.81 -32.7261 1.6
      vertex 128.721 -32.7261 1.6
    endloop
  endfacet
  facet normal -0.945109 -0.326754 0
    outer loop
      vertex 128.932 -33.3364 1.6
      vertex 128.721 -32.7261 2
      vertex 128.721 -32.7261 1.6
    endloop
  endfacet
  facet normal -0.945109 -0.326754 0
    outer loop
      vertex 128.721 -32.7261 2
      vertex 128.932 -33.3364 1.6
      vertex 128.932 -33.3364 2
    endloop
  endfacet
  facet normal 0 -1 0
    outer loop
      vertex 128.932 -33.3364 1.6
      vertex 129.427 -33.3364 2
      vertex 128.932 -33.3364 2
    endloop
  endfacet
  facet normal 0 -1 -0
    outer loop
      vertex 129.427 -33.3364 2
      vertex 128.932 -33.3364 1.6
      vertex 129.427 -33.3364 1.6
    endloop
  endfacet
  facet normal 0.939872 0.341528 0
    outer loop
      vertex 129.427 -33.3364 2
      vertex 128.559 -30.9477 1.6
      vertex 128.559 -30.9477 2
    endloop
  endfacet
  facet normal 0.939872 0.341528 0
    outer loop
      vertex 128.559 -30.9477 1.6
      vertex 129.427 -33.3364 2
      vertex 129.427 -33.3364 1.6
    endloop
  endfacet
  facet normal 0 1 -0
    outer loop
      vertex 128.559 -30.9477 1.6
      vertex 127.97 -30.9477 2
      vertex 128.559 -30.9477 2
    endloop
  endfacet
  facet normal 0 1 0
    outer loop
      vertex 127.97 -30.9477 2
      vertex 128.559 -30.9477 1.6
      vertex 127.97 -30.9477 1.6
    endloop
  endfacet
  facet normal -0.939366 0.342917 0
    outer loop
      vertex 127.098 -33.3364 1.6
      vertex 127.97 -30.9477 2
      vertex 127.97 -30.9477 1.6
    endloop
  endfacet
  facet normal -0.939366 0.342917 0
    outer loop
      vertex 127.97 -30.9477 2
      vertex 127.098 -33.3364 1.6
      vertex 127.098 -33.3364 2
    endloop
  endfacet
  facet normal 0 -1 0
    outer loop
      vertex 127.098 -33.3364 1.6
      vertex 127.598 -33.3364 2
      vertex 127.098 -33.3364 2
    endloop
  endfacet
  facet normal 0 -1 -0
    outer loop
      vertex 127.598 -33.3364 2
      vertex 127.098 -33.3364 1.6
      vertex 127.598 -33.3364 1.6
    endloop
  endfacet
  facet normal 0.94463 -0.328136 0
    outer loop
      vertex 127.598 -33.3364 2
      vertex 127.81 -32.7261 1.6
      vertex 127.81 -32.7261 2
    endloop
  endfacet
  facet normal 0.94463 -0.328136 0
    outer loop
      vertex 127.81 -32.7261 1.6
      vertex 127.598 -33.3364 2
      vertex 127.598 -33.3364 1.6
    endloop
  endfacet
  facet normal 0.946036 -0.32406 0
    outer loop
      vertex 127.922 -32.3497 2
      vertex 128.129 -31.7454 1.6
      vertex 128.129 -31.7454 2
    endloop
  endfacet
  facet normal 0.946036 -0.32406 0
    outer loop
      vertex 128.129 -31.7454 1.6
      vertex 127.922 -32.3497 2
      vertex 127.922 -32.3497 1.6
    endloop
  endfacet
  facet normal 0.948121 -0.31791 0
    outer loop
      vertex 128.129 -31.7454 2
      vertex 128.214 -31.4919 1.6
      vertex 128.214 -31.4919 2
    endloop
  endfacet
  facet normal 0.948121 -0.31791 0
    outer loop
      vertex 128.214 -31.4919 1.6
      vertex 128.129 -31.7454 2
      vertex 128.129 -31.7454 1.6
    endloop
  endfacet
  facet normal 0.958219 -0.286036 0
    outer loop
      vertex 128.214 -31.4919 2
      vertex 128.236 -31.4182 1.6
      vertex 128.236 -31.4182 2
    endloop
  endfacet
  facet normal 0.958219 -0.286036 0
    outer loop
      vertex 128.236 -31.4182 1.6
      vertex 128.214 -31.4919 2
      vertex 128.214 -31.4919 1.6
    endloop
  endfacet
  facet normal 0.964045 -0.26574 0
    outer loop
      vertex 128.236 -31.4182 2
      vertex 128.254 -31.3529 1.6
      vertex 128.254 -31.3529 2
    endloop
  endfacet
  facet normal 0.964045 -0.26574 0
    outer loop
      vertex 128.254 -31.3529 1.6
      vertex 128.236 -31.4182 2
      vertex 128.236 -31.4182 1.6
    endloop
  endfacet
  facet normal 0.96589 -0.258952 0
    outer loop
      vertex 128.254 -31.3529 2
      vertex 128.264 -31.3156 1.6
      vertex 128.264 -31.3156 2
    endloop
  endfacet
  facet normal 0.96589 -0.258952 0
    outer loop
      vertex 128.264 -31.3156 1.6
      vertex 128.254 -31.3529 2
      vertex 128.254 -31.3529 1.6
    endloop
  endfacet
  facet normal -0.955779 -0.294086 0
    outer loop
      vertex 128.3 -31.4326 1.6
      vertex 128.264 -31.3156 2
      vertex 128.264 -31.3156 1.6
    endloop
  endfacet
  facet normal -0.955779 -0.294086 0
    outer loop
      vertex 128.264 -31.3156 2
      vertex 128.3 -31.4326 1.6
      vertex 128.3 -31.4326 2
    endloop
  endfacet
  facet normal -0.953332 -0.301923 0
    outer loop
      vertex 128.373 -31.6631 1.6
      vertex 128.3 -31.4326 2
      vertex 128.3 -31.4326 1.6
    endloop
  endfacet
  facet normal -0.953332 -0.301923 0
    outer loop
      vertex 128.3 -31.4326 2
      vertex 128.373 -31.6631 1.6
      vertex 128.373 -31.6631 2
    endloop
  endfacet
  facet normal -0.945695 -0.325057 0
    outer loop
      vertex 128.609 -32.3497 1.6
      vertex 128.373 -31.6631 2
      vertex 128.373 -31.6631 1.6
    endloop
  endfacet
  facet normal -0.945695 -0.325057 0
    outer loop
      vertex 128.373 -31.6631 2
      vertex 128.609 -32.3497 1.6
      vertex 128.609 -32.3497 2
    endloop
  endfacet
  facet normal 0 1 -0
    outer loop
      vertex 128.609 -32.3497 1.6
      vertex 127.922 -32.3497 2
      vertex 128.609 -32.3497 2
    endloop
  endfacet
  facet normal 0 1 0
    outer loop
      vertex 127.922 -32.3497 2
      vertex 128.609 -32.3497 1.6
      vertex 127.922 -32.3497 1.6
    endloop
  endfacet
  facet normal 0 1 -0
    outer loop
      vertex 130.193 -30.9477 1.6
      vertex 129.693 -30.9477 2
      vertex 130.193 -30.9477 2
    endloop
  endfacet
  facet normal 0 1 0
    outer loop
      vertex 129.693 -30.9477 2
      vertex 130.193 -30.9477 1.6
      vertex 129.693 -30.9477 1.6
    endloop
  endfacet
  facet normal -1 0 0
    outer loop
      vertex 129.693 -33.3364 1.6
      vertex 129.693 -30.9477 2
      vertex 129.693 -30.9477 1.6
    endloop
  endfacet
  facet normal -1 -0 0
    outer loop
      vertex 129.693 -30.9477 2
      vertex 129.693 -33.3364 1.6
      vertex 129.693 -33.3364 2
    endloop
  endfacet
  facet normal 0 -1 0
    outer loop
      vertex 129.693 -33.3364 1.6
      vertex 130.193 -33.3364 2
      vertex 129.693 -33.3364 2
    endloop
  endfacet
  facet normal 0 -1 -0
    outer loop
      vertex 130.193 -33.3364 2
      vertex 129.693 -33.3364 1.6
      vertex 130.193 -33.3364 1.6
    endloop
  endfacet
  facet normal 1 -0 0
    outer loop
      vertex 130.193 -33.3364 2
      vertex 130.193 -30.9477 1.6
      vertex 130.193 -30.9477 2
    endloop
  endfacet
  facet normal 1 0 0
    outer loop
      vertex 130.193 -30.9477 1.6
      vertex 130.193 -33.3364 2
      vertex 130.193 -33.3364 1.6
    endloop
  endfacet
  facet normal 0 -1 0
    outer loop
      vertex 131.996 -32.8499 1.6
      vertex 132.315 -32.8499 2
      vertex 131.996 -32.8499 2
    endloop
  endfacet
  facet normal 0 -1 -0
    outer loop
      vertex 132.315 -32.8499 2
      vertex 131.996 -32.8499 1.6
      vertex 132.315 -32.8499 1.6
    endloop
  endfacet
  facet normal 1 -0 0
    outer loop
      vertex 132.315 -32.8499 2
      vertex 132.315 -32.4955 1.6
      vertex 132.315 -32.4955 2
    endloop
  endfacet
  facet normal 1 0 0
    outer loop
      vertex 132.315 -32.4955 1.6
      vertex 132.315 -32.8499 2
      vertex 132.315 -32.8499 1.6
    endloop
  endfacet
  facet normal 0 1 -0
    outer loop
      vertex 132.315 -32.4955 1.6
      vertex 131.996 -32.4955 2
      vertex 132.315 -32.4955 2
    endloop
  endfacet
  facet normal 0 1 0
    outer loop
      vertex 131.996 -32.4955 2
      vertex 132.315 -32.4955 1.6
      vertex 131.996 -32.4955 1.6
    endloop
  endfacet
  facet normal 1 -0 0
    outer loop
      vertex 131.996 -32.4955 2
      vertex 131.996 -30.9477 1.6
      vertex 131.996 -30.9477 2
    endloop
  endfacet
  facet normal 1 0 0
    outer loop
      vertex 131.996 -30.9477 1.6
      vertex 131.996 -32.4955 2
      vertex 131.996 -32.4955 1.6
    endloop
  endfacet
  facet normal 0 1 -0
    outer loop
      vertex 131.996 -30.9477 1.6
      vertex 131.464 -30.9477 2
      vertex 131.996 -30.9477 2
    endloop
  endfacet
  facet normal 0 1 0
    outer loop
      vertex 131.464 -30.9477 2
      vertex 131.996 -30.9477 1.6
      vertex 131.464 -30.9477 1.6
    endloop
  endfacet
  facet normal -0.837168 0.546946 0
    outer loop
      vertex 130.455 -32.4921 1.6
      vertex 131.464 -30.9477 2
      vertex 131.464 -30.9477 1.6
    endloop
  endfacet
  facet normal -0.837168 0.546946 0
    outer loop
      vertex 131.464 -30.9477 2
      vertex 130.455 -32.4921 1.6
      vertex 130.455 -32.4921 2
    endloop
  endfacet
  facet normal -1 0 0
    outer loop
      vertex 130.455 -32.8499 1.6
      vertex 130.455 -32.4921 2
      vertex 130.455 -32.4921 1.6
    endloop
  endfacet
  facet normal -1 -0 0
    outer loop
      vertex 130.455 -32.4921 2
      vertex 130.455 -32.8499 1.6
      vertex 130.455 -32.8499 2
    endloop
  endfacet
  facet normal 0 -1 0
    outer loop
      vertex 130.455 -32.8499 1.6
      vertex 131.542 -32.8499 2
      vertex 130.455 -32.8499 2
    endloop
  endfacet
  facet normal 0 -1 -0
    outer loop
      vertex 131.542 -32.8499 2
      vertex 130.455 -32.8499 1.6
      vertex 131.542 -32.8499 1.6
    endloop
  endfacet
  facet normal -1 0 0
    outer loop
      vertex 131.542 -33.3364 1.6
      vertex 131.542 -32.8499 2
      vertex 131.542 -32.8499 1.6
    endloop
  endfacet
  facet normal -1 -0 0
    outer loop
      vertex 131.542 -32.8499 2
      vertex 131.542 -33.3364 1.6
      vertex 131.542 -33.3364 2
    endloop
  endfacet
  facet normal 0 -1 0
    outer loop
      vertex 131.542 -33.3364 1.6
      vertex 131.996 -33.3364 2
      vertex 131.542 -33.3364 2
    endloop
  endfacet
  facet normal 0 -1 -0
    outer loop
      vertex 131.996 -33.3364 2
      vertex 131.542 -33.3364 1.6
      vertex 131.996 -33.3364 1.6
    endloop
  endfacet
  facet normal 1 -0 0
    outer loop
      vertex 131.996 -33.3364 2
      vertex 131.996 -32.8499 1.6
      vertex 131.996 -32.8499 2
    endloop
  endfacet
  facet normal 1 0 0
    outer loop
      vertex 131.996 -32.8499 1.6
      vertex 131.996 -33.3364 2
      vertex 131.996 -33.3364 1.6
    endloop
  endfacet
  facet normal 0.835088 -0.550117 0
    outer loop
      vertex 130.843 -32.4955 2
      vertex 131.398 -31.653 1.6
      vertex 131.398 -31.653 2
    endloop
  endfacet
  facet normal 0.835088 -0.550117 0
    outer loop
      vertex 131.398 -31.653 1.6
      vertex 130.843 -32.4955 2
      vertex 130.843 -32.4955 1.6
    endloop
  endfacet
  facet normal 0.852949 -0.521994 0
    outer loop
      vertex 131.398 -31.653 2
      vertex 131.495 -31.4945 1.6
      vertex 131.495 -31.4945 2
    endloop
  endfacet
  facet normal 0.852949 -0.521994 0
    outer loop
      vertex 131.495 -31.4945 1.6
      vertex 131.398 -31.653 2
      vertex 131.398 -31.653 1.6
    endloop
  endfacet
  facet normal 0.882269 -0.470746 0
    outer loop
      vertex 131.495 -31.4945 2
      vertex 131.557 -31.3783 1.6
      vertex 131.557 -31.3783 2
    endloop
  endfacet
  facet normal 0.882269 -0.470746 0
    outer loop
      vertex 131.557 -31.3783 1.6
      vertex 131.495 -31.4945 2
      vertex 131.495 -31.4945 1.6
    endloop
  endfacet
  facet normal -0.996764 0.0803842 0
    outer loop
      vertex 131.553 -31.4279 1.6
      vertex 131.557 -31.3783 2
      vertex 131.557 -31.3783 1.6
    endloop
  endfacet
  facet normal -0.996764 0.0803842 0
    outer loop
      vertex 131.557 -31.3783 2
      vertex 131.553 -31.4279 1.6
      vertex 131.553 -31.4279 2
    endloop
  endfacet
  facet normal -0.998382 0.0568555 0
    outer loop
      vertex 131.548 -31.5157 1.6
      vertex 131.553 -31.4279 2
      vertex 131.553 -31.4279 1.6
    endloop
  endfacet
  facet normal -0.998382 0.0568555 0
    outer loop
      vertex 131.553 -31.4279 2
      vertex 131.548 -31.5157 1.6
      vertex 131.548 -31.5157 2
    endloop
  endfacet
  facet normal -0.998822 0.0485336 0
    outer loop
      vertex 131.543 -31.6186 1.6
      vertex 131.548 -31.5157 2
      vertex 131.548 -31.5157 1.6
    endloop
  endfacet
  facet normal -0.998822 0.0485336 0
    outer loop
      vertex 131.548 -31.5157 2
      vertex 131.543 -31.6186 1.6
      vertex 131.543 -31.6186 2
    endloop
  endfacet
  facet normal -0.999945 0.0104816 0
    outer loop
      vertex 131.542 -31.714 1.6
      vertex 131.543 -31.6186 2
      vertex 131.543 -31.6186 1.6
    endloop
  endfacet
  facet normal -0.999945 0.0104816 0
    outer loop
      vertex 131.543 -31.6186 2
      vertex 131.542 -31.714 1.6
      vertex 131.542 -31.714 2
    endloop
  endfacet
  facet normal -1 0 0
    outer loop
      vertex 131.542 -32.4955 1.6
      vertex 131.542 -31.714 2
      vertex 131.542 -31.714 1.6
    endloop
  endfacet
  facet normal -1 -0 0
    outer loop
      vertex 131.542 -31.714 2
      vertex 131.542 -32.4955 1.6
      vertex 131.542 -32.4955 2
    endloop
  endfacet
  facet normal 0 1 -0
    outer loop
      vertex 131.542 -32.4955 1.6
      vertex 130.843 -32.4955 2
      vertex 131.542 -32.4955 2
    endloop
  endfacet
  facet normal 0 1 0
    outer loop
      vertex 130.843 -32.4955 2
      vertex 131.542 -32.4955 1.6
      vertex 130.843 -32.4955 1.6
    endloop
  endfacet
  facet normal 0 0 -1
    outer loop
      vertex 145.779 -32.7089 1.6
      vertex 144.981 -32.3325 1.6
      vertex 145.667 -32.3325 1.6
    endloop
  endfacet
  facet normal 0 -0 -1
    outer loop
      vertex 144.981 -32.3325 1.6
      vertex 145.779 -32.7089 1.6
      vertex 144.869 -32.7089 1.6
    endloop
  endfacet
  facet normal 0 0 -1
    outer loop
      vertex 145.779 -32.7089 1.6
      vertex 146.486 -33.3192 1.6
      vertex 145.991 -33.3192 1.6
    endloop
  endfacet
  facet normal 0 0 -1
    outer loop
      vertex 145.667 -32.3325 1.6
      vertex 146.486 -33.3192 1.6
      vertex 145.779 -32.7089 1.6
    endloop
  endfacet
  facet normal 0 0 -1
    outer loop
      vertex 145.667 -32.3325 1.6
      vertex 145.618 -30.9305 1.6
      vertex 146.486 -33.3192 1.6
    endloop
  endfacet
  facet normal 0 0 -1
    outer loop
      vertex 145.432 -31.646 1.6
      vertex 145.618 -30.9305 1.6
      vertex 145.667 -32.3325 1.6
    endloop
  endfacet
  facet normal 0 0 -1
    outer loop
      vertex 145.359 -31.4154 1.6
      vertex 145.618 -30.9305 1.6
      vertex 145.432 -31.646 1.6
    endloop
  endfacet
  facet normal 0 0 -1
    outer loop
      vertex 145.323 -31.2984 1.6
      vertex 145.618 -30.9305 1.6
      vertex 145.359 -31.4154 1.6
    endloop
  endfacet
  facet normal 0 0 -1
    outer loop
      vertex 145.028 -30.9305 1.6
      vertex 145.313 -31.3357 1.6
      vertex 145.294 -31.401 1.6
    endloop
  endfacet
  facet normal 0 0 -1
    outer loop
      vertex 145.028 -30.9305 1.6
      vertex 145.294 -31.401 1.6
      vertex 145.272 -31.4747 1.6
    endloop
  endfacet
  facet normal 0 0 -1
    outer loop
      vertex 145.028 -30.9305 1.6
      vertex 145.272 -31.4747 1.6
      vertex 145.188 -31.7282 1.6
    endloop
  endfacet
  facet normal 0 0 -1
    outer loop
      vertex 145.323 -31.2984 1.6
      vertex 145.028 -30.9305 1.6
      vertex 145.618 -30.9305 1.6
    endloop
  endfacet
  facet normal 0 0 -1
    outer loop
      vertex 145.313 -31.3357 1.6
      vertex 145.028 -30.9305 1.6
      vertex 145.323 -31.2984 1.6
    endloop
  endfacet
  facet normal 0 0 -1
    outer loop
      vertex 144.981 -32.3325 1.6
      vertex 145.028 -30.9305 1.6
      vertex 145.188 -31.7282 1.6
    endloop
  endfacet
  facet normal 0 0 -1
    outer loop
      vertex 144.157 -33.3192 1.6
      vertex 144.981 -32.3325 1.6
      vertex 144.869 -32.7089 1.6
    endloop
  endfacet
  facet normal 0 0 -1
    outer loop
      vertex 144.157 -33.3192 1.6
      vertex 144.869 -32.7089 1.6
      vertex 144.657 -33.3192 1.6
    endloop
  endfacet
  facet normal -0 0 -1
    outer loop
      vertex 144.981 -32.3325 1.6
      vertex 144.157 -33.3192 1.6
      vertex 145.028 -30.9305 1.6
    endloop
  endfacet
  facet normal -0 0 -1
    outer loop
      vertex 148.815 -32.3987 1.6
      vertex 148.278 -32.6214 1.6
      vertex 148.314 -32.3681 1.6
    endloop
  endfacet
  facet normal 0 0 -1
    outer loop
      vertex 148.17 -32.8081 1.6
      vertex 148.534 -33.1031 1.6
      vertex 148.196 -33.2906 1.6
    endloop
  endfacet
  facet normal 0 0 -1
    outer loop
      vertex 148.534 -33.1031 1.6
      vertex 148.17 -32.8081 1.6
      vertex 148.278 -32.6214 1.6
    endloop
  endfacet
  facet normal 0 0 -1
    outer loop
      vertex 148.196 -33.2906 1.6
      vertex 147.995 -32.9232 1.6
      vertex 148.17 -32.8081 1.6
    endloop
  endfacet
  facet normal 0 0 -1
    outer loop
      vertex 147.745 -33.3531 1.6
      vertex 147.995 -32.9232 1.6
      vertex 148.196 -33.2906 1.6
    endloop
  endfacet
  facet normal 0 0 -1
    outer loop
      vertex 147.995 -32.9232 1.6
      vertex 147.745 -33.3531 1.6
      vertex 147.758 -32.9615 1.6
    endloop
  endfacet
  facet normal 0 0 -1
    outer loop
      vertex 147.745 -33.3531 1.6
      vertex 147.529 -32.9249 1.6
      vertex 147.758 -32.9615 1.6
    endloop
  endfacet
  facet normal 0 0 -1
    outer loop
      vertex 147.309 -33.2929 1.6
      vertex 147.529 -32.9249 1.6
      vertex 147.745 -33.3531 1.6
    endloop
  endfacet
  facet normal -0 0 -1
    outer loop
      vertex 147.529 -32.9249 1.6
      vertex 147.309 -33.2929 1.6
      vertex 147.363 -32.8149 1.6
    endloop
  endfacet
  facet normal 0 0 -1
    outer loop
      vertex 146.99 -33.1124 1.6
      vertex 147.363 -32.8149 1.6
      vertex 147.309 -33.2929 1.6
    endloop
  endfacet
  facet normal -0 0 -1
    outer loop
      vertex 147.363 -32.8149 1.6
      vertex 146.99 -33.1124 1.6
      vertex 147.262 -32.6341 1.6
    endloop
  endfacet
  facet normal 0 0 -1
    outer loop
      vertex 146.793 -32.8199 1.6
      vertex 147.262 -32.6341 1.6
      vertex 146.99 -33.1124 1.6
    endloop
  endfacet
  facet normal 0 0 -1
    outer loop
      vertex 146.728 -32.4241 1.6
      vertex 147.262 -32.6341 1.6
      vertex 146.793 -32.8199 1.6
    endloop
  endfacet
  facet normal 0 0 -1
    outer loop
      vertex 147.262 -32.6341 1.6
      vertex 146.728 -32.4241 1.6
      vertex 147.228 -32.3851 1.6
    endloop
  endfacet
  facet normal 0 0 -1
    outer loop
      vertex 146.728 -30.9305 1.6
      vertex 147.228 -32.3851 1.6
      vertex 146.728 -32.4241 1.6
    endloop
  endfacet
  facet normal 0 0 -1
    outer loop
      vertex 147.228 -32.3851 1.6
      vertex 146.728 -30.9305 1.6
      vertex 147.228 -30.9305 1.6
    endloop
  endfacet
  facet normal 0 0 -1
    outer loop
      vertex 148.278 -32.6214 1.6
      vertex 148.815 -32.3987 1.6
      vertex 148.744 -32.8019 1.6
    endloop
  endfacet
  facet normal 0 0 -1
    outer loop
      vertex 148.278 -32.6214 1.6
      vertex 148.744 -32.8019 1.6
      vertex 148.534 -33.1031 1.6
    endloop
  endfacet
  facet normal 0 0 -1
    outer loop
      vertex 148.815 -32.3987 1.6
      vertex 148.314 -32.3681 1.6
      vertex 148.815 -30.9305 1.6
    endloop
  endfacet
  facet normal -0 0 -1
    outer loop
      vertex 148.815 -30.9305 1.6
      vertex 148.314 -32.3681 1.6
      vertex 148.314 -30.9305 1.6
    endloop
  endfacet
  facet normal 0 0 -1
    outer loop
      vertex 150.728 -33.3192 1.6
      vertex 150.458 -32.063 1.6
      vertex 151.253 -33.3192 1.6
    endloop
  endfacet
  facet normal 0 -0 -1
    outer loop
      vertex 150.458 -32.063 1.6
      vertex 150.728 -33.3192 1.6
      vertex 150.128 -32.3681 1.6
    endloop
  endfacet
  facet normal 0 0 -1
    outer loop
      vertex 150.458 -32.063 1.6
      vertex 150.658 -30.9305 1.6
      vertex 151.184 -30.9305 1.6
    endloop
  endfacet
  facet normal 0 0 -1
    outer loop
      vertex 150.128 -31.7748 1.6
      vertex 150.458 -32.063 1.6
      vertex 150.128 -32.3681 1.6
    endloop
  endfacet
  facet normal 0 0 -1
    outer loop
      vertex 150.458 -32.063 1.6
      vertex 150.128 -31.7748 1.6
      vertex 150.658 -30.9305 1.6
    endloop
  endfacet
  facet normal 0 0 -1
    outer loop
      vertex 150.128 -32.3681 1.6
      vertex 149.826 -32.063 1.6
      vertex 150.128 -31.7748 1.6
    endloop
  endfacet
  facet normal 0 0 -1
    outer loop
      vertex 149.527 -33.3192 1.6
      vertex 149.826 -32.063 1.6
      vertex 150.128 -32.3681 1.6
    endloop
  endfacet
  facet normal 0 0 -1
    outer loop
      vertex 149.826 -32.063 1.6
      vertex 149.527 -33.3192 1.6
      vertex 148.998 -33.3192 1.6
    endloop
  endfacet
  facet normal 0 0 -1
    outer loop
      vertex 149.826 -32.063 1.6
      vertex 149.597 -30.9305 1.6
      vertex 150.128 -31.7748 1.6
    endloop
  endfacet
  facet normal -0 -0 -1
    outer loop
      vertex 149.597 -30.9305 1.6
      vertex 149.826 -32.063 1.6
      vertex 149.068 -30.9305 1.6
    endloop
  endfacet
  facet normal 0 0 1
    outer loop
      vertex 146.486 -33.3192 2
      vertex 145.779 -32.7089 2
      vertex 145.991 -33.3192 2
    endloop
  endfacet
  facet normal 0 0 1
    outer loop
      vertex 146.486 -33.3192 2
      vertex 145.667 -32.3325 2
      vertex 145.779 -32.7089 2
    endloop
  endfacet
  facet normal 0 0 1
    outer loop
      vertex 145.618 -30.9305 2
      vertex 145.667 -32.3325 2
      vertex 146.486 -33.3192 2
    endloop
  endfacet
  facet normal 0 0 1
    outer loop
      vertex 145.618 -30.9305 2
      vertex 145.432 -31.646 2
      vertex 145.667 -32.3325 2
    endloop
  endfacet
  facet normal 0 0 1
    outer loop
      vertex 145.618 -30.9305 2
      vertex 145.359 -31.4154 2
      vertex 145.432 -31.646 2
    endloop
  endfacet
  facet normal 0 0 1
    outer loop
      vertex 145.618 -30.9305 2
      vertex 145.323 -31.2984 2
      vertex 145.359 -31.4154 2
    endloop
  endfacet
  facet normal 0 0 1
    outer loop
      vertex 145.028 -30.9305 2
      vertex 145.313 -31.3357 2
      vertex 145.323 -31.2984 2
    endloop
  endfacet
  facet normal 0 0 1
    outer loop
      vertex 145.313 -31.3357 2
      vertex 145.028 -30.9305 2
      vertex 145.294 -31.401 2
    endloop
  endfacet
  facet normal 0 0 1
    outer loop
      vertex 145.294 -31.401 2
      vertex 145.028 -30.9305 2
      vertex 145.272 -31.4747 2
    endloop
  endfacet
  facet normal -0 0 1
    outer loop
      vertex 145.028 -30.9305 2
      vertex 145.323 -31.2984 2
      vertex 145.618 -30.9305 2
    endloop
  endfacet
  facet normal 0 0 1
    outer loop
      vertex 145.272 -31.4747 2
      vertex 145.028 -30.9305 2
      vertex 145.188 -31.7282 2
    endloop
  endfacet
  facet normal 0 0 1
    outer loop
      vertex 145.028 -30.9305 2
      vertex 144.981 -32.3325 2
      vertex 145.188 -31.7282 2
    endloop
  endfacet
  facet normal 0 0 1
    outer loop
      vertex 144.157 -33.3192 2
      vertex 144.981 -32.3325 2
      vertex 145.028 -30.9305 2
    endloop
  endfacet
  facet normal 0 0 1
    outer loop
      vertex 144.981 -32.3325 2
      vertex 144.157 -33.3192 2
      vertex 144.869 -32.7089 2
    endloop
  endfacet
  facet normal 0 0 1
    outer loop
      vertex 144.869 -32.7089 2
      vertex 144.157 -33.3192 2
      vertex 144.657 -33.3192 2
    endloop
  endfacet
  facet normal -0 0 1
    outer loop
      vertex 144.981 -32.3325 2
      vertex 145.779 -32.7089 2
      vertex 145.667 -32.3325 2
    endloop
  endfacet
  facet normal 0 0 1
    outer loop
      vertex 145.779 -32.7089 2
      vertex 144.981 -32.3325 2
      vertex 144.869 -32.7089 2
    endloop
  endfacet
  facet normal -0 0 1
    outer loop
      vertex 146.728 -30.9305 2
      vertex 147.228 -32.3851 2
      vertex 147.228 -30.9305 2
    endloop
  endfacet
  facet normal 0 -0 1
    outer loop
      vertex 146.793 -32.8199 2
      vertex 147.228 -32.3851 2
      vertex 146.728 -32.4241 2
    endloop
  endfacet
  facet normal 0 0 1
    outer loop
      vertex 147.228 -32.3851 2
      vertex 146.728 -30.9305 2
      vertex 146.728 -32.4241 2
    endloop
  endfacet
  facet normal 0 0 1
    outer loop
      vertex 147.228 -32.3851 2
      vertex 146.793 -32.8199 2
      vertex 146.99 -33.1124 2
    endloop
  endfacet
  facet normal -0 0 1
    outer loop
      vertex 148.314 -32.3681 2
      vertex 148.815 -32.3987 2
      vertex 148.815 -30.9305 2
    endloop
  endfacet
  facet normal 0 0 1
    outer loop
      vertex 148.278 -32.6214 2
      vertex 148.815 -32.3987 2
      vertex 148.314 -32.3681 2
    endloop
  endfacet
  facet normal 0 0 1
    outer loop
      vertex 148.314 -32.3681 2
      vertex 148.815 -30.9305 2
      vertex 148.314 -30.9305 2
    endloop
  endfacet
  facet normal 0 0 1
    outer loop
      vertex 148.815 -32.3987 2
      vertex 148.278 -32.6214 2
      vertex 148.744 -32.8019 2
    endloop
  endfacet
  facet normal 0 0 1
    outer loop
      vertex 148.744 -32.8019 2
      vertex 148.278 -32.6214 2
      vertex 148.534 -33.1031 2
    endloop
  endfacet
  facet normal -0 0 1
    outer loop
      vertex 148.17 -32.8081 2
      vertex 148.534 -33.1031 2
      vertex 148.278 -32.6214 2
    endloop
  endfacet
  facet normal 0 0 1
    outer loop
      vertex 148.534 -33.1031 2
      vertex 148.17 -32.8081 2
      vertex 148.196 -33.2906 2
    endloop
  endfacet
  facet normal -0 0 1
    outer loop
      vertex 147.995 -32.9232 2
      vertex 148.196 -33.2906 2
      vertex 148.17 -32.8081 2
    endloop
  endfacet
  facet normal 0 0 1
    outer loop
      vertex 147.745 -33.3531 2
      vertex 147.995 -32.9232 2
      vertex 147.758 -32.9615 2
    endloop
  endfacet
  facet normal 0 0 1
    outer loop
      vertex 147.995 -32.9232 2
      vertex 147.745 -33.3531 2
      vertex 148.196 -33.2906 2
    endloop
  endfacet
  facet normal 0 0 1
    outer loop
      vertex 147.529 -32.9249 2
      vertex 147.745 -33.3531 2
      vertex 147.758 -32.9615 2
    endloop
  endfacet
  facet normal 0 0 1
    outer loop
      vertex 147.309 -33.2929 2
      vertex 147.529 -32.9249 2
      vertex 147.363 -32.8149 2
    endloop
  endfacet
  facet normal 0 0 1
    outer loop
      vertex 147.529 -32.9249 2
      vertex 147.309 -33.2929 2
      vertex 147.745 -33.3531 2
    endloop
  endfacet
  facet normal 0 0 1
    outer loop
      vertex 146.99 -33.1124 2
      vertex 147.363 -32.8149 2
      vertex 147.262 -32.6341 2
    endloop
  endfacet
  facet normal 0 0 1
    outer loop
      vertex 146.99 -33.1124 2
      vertex 147.262 -32.6341 2
      vertex 147.228 -32.3851 2
    endloop
  endfacet
  facet normal 0 0 1
    outer loop
      vertex 147.363 -32.8149 2
      vertex 146.99 -33.1124 2
      vertex 147.309 -33.2929 2
    endloop
  endfacet
  facet normal -0 0 1
    outer loop
      vertex 150.658 -30.9305 2
      vertex 150.458 -32.063 2
      vertex 151.184 -30.9305 2
    endloop
  endfacet
  facet normal 0 -0 1
    outer loop
      vertex 150.458 -32.063 2
      vertex 150.658 -30.9305 2
      vertex 150.128 -31.7748 2
    endloop
  endfacet
  facet normal 0 0 1
    outer loop
      vertex 150.458 -32.063 2
      vertex 150.728 -33.3192 2
      vertex 151.253 -33.3192 2
    endloop
  endfacet
  facet normal 0 0 1
    outer loop
      vertex 150.128 -32.3681 2
      vertex 150.458 -32.063 2
      vertex 150.128 -31.7748 2
    endloop
  endfacet
  facet normal 0 0 1
    outer loop
      vertex 150.458 -32.063 2
      vertex 150.128 -32.3681 2
      vertex 150.728 -33.3192 2
    endloop
  endfacet
  facet normal 0 0 1
    outer loop
      vertex 150.128 -31.7748 2
      vertex 149.826 -32.063 2
      vertex 150.128 -32.3681 2
    endloop
  endfacet
  facet normal 0 0 1
    outer loop
      vertex 149.597 -30.9305 2
      vertex 149.826 -32.063 2
      vertex 150.128 -31.7748 2
    endloop
  endfacet
  facet normal 0 0 1
    outer loop
      vertex 149.826 -32.063 2
      vertex 149.597 -30.9305 2
      vertex 149.068 -30.9305 2
    endloop
  endfacet
  facet normal 0 0 1
    outer loop
      vertex 149.826 -32.063 2
      vertex 149.527 -33.3192 2
      vertex 150.128 -32.3681 2
    endloop
  endfacet
  facet normal 0 -0 1
    outer loop
      vertex 149.527 -33.3192 2
      vertex 149.826 -32.063 2
      vertex 148.998 -33.3192 2
    endloop
  endfacet
  facet normal 0 -1 0
    outer loop
      vertex 144.869 -32.7089 1.6
      vertex 145.779 -32.7089 2
      vertex 144.869 -32.7089 2
    endloop
  endfacet
  facet normal 0 -1 -0
    outer loop
      vertex 145.779 -32.7089 2
      vertex 144.869 -32.7089 1.6
      vertex 145.779 -32.7089 1.6
    endloop
  endfacet
  facet normal -0.94463 -0.328136 0
    outer loop
      vertex 145.991 -33.3192 1.6
      vertex 145.779 -32.7089 2
      vertex 145.779 -32.7089 1.6
    endloop
  endfacet
  facet normal -0.94463 -0.328136 0
    outer loop
      vertex 145.779 -32.7089 2
      vertex 145.991 -33.3192 1.6
      vertex 145.991 -33.3192 2
    endloop
  endfacet
  facet normal 0 -1 0
    outer loop
      vertex 145.991 -33.3192 1.6
      vertex 146.486 -33.3192 2
      vertex 145.991 -33.3192 2
    endloop
  endfacet
  facet normal 0 -1 -0
    outer loop
      vertex 146.486 -33.3192 2
      vertex 145.991 -33.3192 1.6
      vertex 146.486 -33.3192 1.6
    endloop
  endfacet
  facet normal 0.939872 0.341528 0
    outer loop
      vertex 146.486 -33.3192 2
      vertex 145.618 -30.9305 1.6
      vertex 145.618 -30.9305 2
    endloop
  endfacet
  facet normal 0.939872 0.341528 0
    outer loop
      vertex 145.618 -30.9305 1.6
      vertex 146.486 -33.3192 2
      vertex 146.486 -33.3192 1.6
    endloop
  endfacet
  facet normal 0 1 -0
    outer loop
      vertex 145.618 -30.9305 1.6
      vertex 145.028 -30.9305 2
      vertex 145.618 -30.9305 2
    endloop
  endfacet
  facet normal 0 1 0
    outer loop
      vertex 145.028 -30.9305 2
      vertex 145.618 -30.9305 1.6
      vertex 145.028 -30.9305 1.6
    endloop
  endfacet
  facet normal -0.939492 0.34257 0
    outer loop
      vertex 144.157 -33.3192 1.6
      vertex 145.028 -30.9305 2
      vertex 145.028 -30.9305 1.6
    endloop
  endfacet
  facet normal -0.939492 0.34257 0
    outer loop
      vertex 145.028 -30.9305 2
      vertex 144.157 -33.3192 1.6
      vertex 144.157 -33.3192 2
    endloop
  endfacet
  facet normal 0 -1 0
    outer loop
      vertex 144.157 -33.3192 1.6
      vertex 144.657 -33.3192 2
      vertex 144.157 -33.3192 2
    endloop
  endfacet
  facet normal 0 -1 -0
    outer loop
      vertex 144.657 -33.3192 2
      vertex 144.157 -33.3192 1.6
      vertex 144.657 -33.3192 1.6
    endloop
  endfacet
  facet normal 0.94463 -0.328136 0
    outer loop
      vertex 144.657 -33.3192 2
      vertex 144.869 -32.7089 1.6
      vertex 144.869 -32.7089 2
    endloop
  endfacet
  facet normal 0.94463 -0.328136 0
    outer loop
      vertex 144.869 -32.7089 1.6
      vertex 144.657 -33.3192 2
      vertex 144.657 -33.3192 1.6
    endloop
  endfacet
  facet normal 0.946036 -0.32406 0
    outer loop
      vertex 144.981 -32.3325 2
      vertex 145.188 -31.7282 1.6
      vertex 145.188 -31.7282 2
    endloop
  endfacet
  facet normal 0.946036 -0.32406 0
    outer loop
      vertex 145.188 -31.7282 1.6
      vertex 144.981 -32.3325 2
      vertex 144.981 -32.3325 1.6
    endloop
  endfacet
  facet normal 0.949243 -0.314542 0
    outer loop
      vertex 145.188 -31.7282 2
      vertex 145.272 -31.4747 1.6
      vertex 145.272 -31.4747 2
    endloop
  endfacet
  facet normal 0.949243 -0.314542 0
    outer loop
      vertex 145.272 -31.4747 1.6
      vertex 145.188 -31.7282 2
      vertex 145.188 -31.7282 1.6
    endloop
  endfacet
  facet normal 0.958219 -0.286036 0
    outer loop
      vertex 145.272 -31.4747 2
      vertex 145.294 -31.401 1.6
      vertex 145.294 -31.401 2
    endloop
  endfacet
  facet normal 0.958219 -0.286036 0
    outer loop
      vertex 145.294 -31.401 1.6
      vertex 145.272 -31.4747 2
      vertex 145.272 -31.4747 1.6
    endloop
  endfacet
  facet normal 0.960181 -0.279379 0
    outer loop
      vertex 145.294 -31.401 2
      vertex 145.313 -31.3357 1.6
      vertex 145.313 -31.3357 2
    endloop
  endfacet
  facet normal 0.960181 -0.279379 0
    outer loop
      vertex 145.313 -31.3357 1.6
      vertex 145.294 -31.401 2
      vertex 145.294 -31.401 1.6
    endloop
  endfacet
  facet normal 0.96589 -0.258952 0
    outer loop
      vertex 145.313 -31.3357 2
      vertex 145.323 -31.2984 1.6
      vertex 145.323 -31.2984 2
    endloop
  endfacet
  facet normal 0.96589 -0.258952 0
    outer loop
      vertex 145.323 -31.2984 1.6
      vertex 145.313 -31.3357 2
      vertex 145.313 -31.3357 1.6
    endloop
  endfacet
  facet normal -0.955779 -0.294086 0
    outer loop
      vertex 145.359 -31.4154 1.6
      vertex 145.323 -31.2984 2
      vertex 145.323 -31.2984 1.6
    endloop
  endfacet
  facet normal -0.955779 -0.294086 0
    outer loop
      vertex 145.323 -31.2984 2
      vertex 145.359 -31.4154 1.6
      vertex 145.359 -31.4154 2
    endloop
  endfacet
  facet normal -0.95337 -0.301804 0
    outer loop
      vertex 145.432 -31.646 1.6
      vertex 145.359 -31.4154 2
      vertex 145.359 -31.4154 1.6
    endloop
  endfacet
  facet normal -0.95337 -0.301804 0
    outer loop
      vertex 145.359 -31.4154 2
      vertex 145.432 -31.646 1.6
      vertex 145.432 -31.646 2
    endloop
  endfacet
  facet normal -0.946103 -0.323866 0
    outer loop
      vertex 145.667 -32.3325 1.6
      vertex 145.432 -31.646 2
      vertex 145.432 -31.646 1.6
    endloop
  endfacet
  facet normal -0.946103 -0.323866 0
    outer loop
      vertex 145.432 -31.646 2
      vertex 145.667 -32.3325 1.6
      vertex 145.667 -32.3325 2
    endloop
  endfacet
  facet normal 0 1 -0
    outer loop
      vertex 145.667 -32.3325 1.6
      vertex 144.981 -32.3325 2
      vertex 145.667 -32.3325 2
    endloop
  endfacet
  facet normal 0 1 0
    outer loop
      vertex 144.981 -32.3325 2
      vertex 145.667 -32.3325 1.6
      vertex 144.981 -32.3325 1.6
    endloop
  endfacet
  facet normal 0.485094 -0.874462 0
    outer loop
      vertex 148.196 -33.2906 1.6
      vertex 148.534 -33.1031 2
      vertex 148.196 -33.2906 2
    endloop
  endfacet
  facet normal 0.485094 -0.874462 0
    outer loop
      vertex 148.534 -33.1031 2
      vertex 148.196 -33.2906 1.6
      vertex 148.534 -33.1031 1.6
    endloop
  endfacet
  facet normal 0.820305 -0.571926 0
    outer loop
      vertex 148.534 -33.1031 2
      vertex 148.744 -32.8019 1.6
      vertex 148.744 -32.8019 2
    endloop
  endfacet
  facet normal 0.820305 -0.571926 0
    outer loop
      vertex 148.744 -32.8019 1.6
      vertex 148.534 -33.1031 2
      vertex 148.534 -33.1031 1.6
    endloop
  endfacet
  facet normal 0.984847 -0.173423 0
    outer loop
      vertex 148.744 -32.8019 2
      vertex 148.815 -32.3987 1.6
      vertex 148.815 -32.3987 2
    endloop
  endfacet
  facet normal 0.984847 -0.173423 0
    outer loop
      vertex 148.815 -32.3987 1.6
      vertex 148.744 -32.8019 2
      vertex 148.744 -32.8019 1.6
    endloop
  endfacet
  facet normal 1 -0 0
    outer loop
      vertex 148.815 -32.3987 2
      vertex 148.815 -30.9305 1.6
      vertex 148.815 -30.9305 2
    endloop
  endfacet
  facet normal 1 0 0
    outer loop
      vertex 148.815 -30.9305 1.6
      vertex 148.815 -32.3987 2
      vertex 148.815 -32.3987 1.6
    endloop
  endfacet
  facet normal 0 1 -0
    outer loop
      vertex 148.815 -30.9305 1.6
      vertex 148.314 -30.9305 2
      vertex 148.815 -30.9305 2
    endloop
  endfacet
  facet normal 0 1 0
    outer loop
      vertex 148.314 -30.9305 2
      vertex 148.815 -30.9305 1.6
      vertex 148.314 -30.9305 1.6
    endloop
  endfacet
  facet normal -1 0 0
    outer loop
      vertex 148.314 -32.3681 1.6
      vertex 148.314 -30.9305 2
      vertex 148.314 -30.9305 1.6
    endloop
  endfacet
  facet normal -1 -0 0
    outer loop
      vertex 148.314 -30.9305 2
      vertex 148.314 -32.3681 1.6
      vertex 148.314 -32.3681 2
    endloop
  endfacet
  facet normal -0.990051 0.14071 0
    outer loop
      vertex 148.278 -32.6214 1.6
      vertex 148.314 -32.3681 2
      vertex 148.314 -32.3681 1.6
    endloop
  endfacet
  facet normal -0.990051 0.14071 0
    outer loop
      vertex 148.314 -32.3681 2
      vertex 148.278 -32.6214 1.6
      vertex 148.278 -32.6214 2
    endloop
  endfacet
  facet normal -0.865606 0.500726 0
    outer loop
      vertex 148.17 -32.8081 1.6
      vertex 148.278 -32.6214 2
      vertex 148.278 -32.6214 1.6
    endloop
  endfacet
  facet normal -0.865606 0.500726 0
    outer loop
      vertex 148.278 -32.6214 2
      vertex 148.17 -32.8081 1.6
      vertex 148.17 -32.8081 2
    endloop
  endfacet
  facet normal -0.549511 0.835486 0
    outer loop
      vertex 148.17 -32.8081 1.6
      vertex 147.995 -32.9232 2
      vertex 148.17 -32.8081 2
    endloop
  endfacet
  facet normal -0.549511 0.835486 0
    outer loop
      vertex 147.995 -32.9232 2
      vertex 148.17 -32.8081 1.6
      vertex 147.995 -32.9232 1.6
    endloop
  endfacet
  facet normal -0.159534 0.987192 0
    outer loop
      vertex 147.995 -32.9232 1.6
      vertex 147.758 -32.9615 2
      vertex 147.995 -32.9232 2
    endloop
  endfacet
  facet normal -0.159534 0.987192 0
    outer loop
      vertex 147.758 -32.9615 2
      vertex 147.995 -32.9232 1.6
      vertex 147.758 -32.9615 1.6
    endloop
  endfacet
  facet normal 0.157822 0.987468 -0
    outer loop
      vertex 147.758 -32.9615 1.6
      vertex 147.529 -32.9249 2
      vertex 147.758 -32.9615 2
    endloop
  endfacet
  facet normal 0.157822 0.987468 0
    outer loop
      vertex 147.529 -32.9249 2
      vertex 147.758 -32.9615 1.6
      vertex 147.529 -32.9249 1.6
    endloop
  endfacet
  facet normal 0.55238 0.833592 -0
    outer loop
      vertex 147.529 -32.9249 1.6
      vertex 147.363 -32.8149 2
      vertex 147.529 -32.9249 2
    endloop
  endfacet
  facet normal 0.55238 0.833592 0
    outer loop
      vertex 147.363 -32.8149 2
      vertex 147.529 -32.9249 1.6
      vertex 147.363 -32.8149 1.6
    endloop
  endfacet
  facet normal 0.873016 0.487691 0
    outer loop
      vertex 147.363 -32.8149 2
      vertex 147.262 -32.6341 1.6
      vertex 147.262 -32.6341 2
    endloop
  endfacet
  facet normal 0.873016 0.487691 0
    outer loop
      vertex 147.262 -32.6341 1.6
      vertex 147.363 -32.8149 2
      vertex 147.363 -32.8149 1.6
    endloop
  endfacet
  facet normal 0.990806 0.135291 0
    outer loop
      vertex 147.262 -32.6341 2
      vertex 147.228 -32.3851 1.6
      vertex 147.228 -32.3851 2
    endloop
  endfacet
  facet normal 0.990806 0.135291 0
    outer loop
      vertex 147.228 -32.3851 1.6
      vertex 147.262 -32.6341 2
      vertex 147.262 -32.6341 1.6
    endloop
  endfacet
  facet normal 1 -0 0
    outer loop
      vertex 147.228 -32.3851 2
      vertex 147.228 -30.9305 1.6
      vertex 147.228 -30.9305 2
    endloop
  endfacet
  facet normal 1 0 0
    outer loop
      vertex 147.228 -30.9305 1.6
      vertex 147.228 -32.3851 2
      vertex 147.228 -32.3851 1.6
    endloop
  endfacet
  facet normal 0 1 -0
    outer loop
      vertex 147.228 -30.9305 1.6
      vertex 146.728 -30.9305 2
      vertex 147.228 -30.9305 2
    endloop
  endfacet
  facet normal 0 1 0
    outer loop
      vertex 146.728 -30.9305 2
      vertex 147.228 -30.9305 1.6
      vertex 146.728 -30.9305 1.6
    endloop
  endfacet
  facet normal -1 0 0
    outer loop
      vertex 146.728 -32.4241 1.6
      vertex 146.728 -30.9305 2
      vertex 146.728 -30.9305 1.6
    endloop
  endfacet
  facet normal -1 -0 0
    outer loop
      vertex 146.728 -30.9305 2
      vertex 146.728 -32.4241 1.6
      vertex 146.728 -32.4241 2
    endloop
  endfacet
  facet normal -0.986782 -0.162054 0
    outer loop
      vertex 146.793 -32.8199 1.6
      vertex 146.728 -32.4241 2
      vertex 146.728 -32.4241 1.6
    endloop
  endfacet
  facet normal -0.986782 -0.162054 0
    outer loop
      vertex 146.728 -32.4241 2
      vertex 146.793 -32.8199 1.6
      vertex 146.793 -32.8199 2
    endloop
  endfacet
  facet normal -0.829424 -0.55862 0
    outer loop
      vertex 146.99 -33.1124 1.6
      vertex 146.793 -32.8199 2
      vertex 146.793 -32.8199 1.6
    endloop
  endfacet
  facet normal -0.829424 -0.55862 0
    outer loop
      vertex 146.793 -32.8199 2
      vertex 146.99 -33.1124 1.6
      vertex 146.99 -33.1124 2
    endloop
  endfacet
  facet normal -0.492462 -0.870334 0
    outer loop
      vertex 146.99 -33.1124 1.6
      vertex 147.309 -33.2929 2
      vertex 146.99 -33.1124 2
    endloop
  endfacet
  facet normal -0.492462 -0.870334 -0
    outer loop
      vertex 147.309 -33.2929 2
      vertex 146.99 -33.1124 1.6
      vertex 147.309 -33.2929 1.6
    endloop
  endfacet
  facet normal -0.136776 -0.990602 0
    outer loop
      vertex 147.309 -33.2929 1.6
      vertex 147.745 -33.3531 2
      vertex 147.309 -33.2929 2
    endloop
  endfacet
  facet normal -0.136776 -0.990602 -0
    outer loop
      vertex 147.745 -33.3531 2
      vertex 147.309 -33.2929 1.6
      vertex 147.745 -33.3531 1.6
    endloop
  endfacet
  facet normal 0.137269 -0.990534 0
    outer loop
      vertex 147.745 -33.3531 1.6
      vertex 148.196 -33.2906 2
      vertex 147.745 -33.3531 2
    endloop
  endfacet
  facet normal 0.137269 -0.990534 0
    outer loop
      vertex 148.196 -33.2906 2
      vertex 147.745 -33.3531 1.6
      vertex 148.196 -33.2906 1.6
    endloop
  endfacet
  facet normal -0.845768 -0.533551 0
    outer loop
      vertex 150.728 -33.3192 1.6
      vertex 150.128 -32.3681 2
      vertex 150.128 -32.3681 1.6
    endloop
  endfacet
  facet normal -0.845768 -0.533551 0
    outer loop
      vertex 150.128 -32.3681 2
      vertex 150.728 -33.3192 1.6
      vertex 150.728 -33.3192 2
    endloop
  endfacet
  facet normal 0 -1 0
    outer loop
      vertex 150.728 -33.3192 1.6
      vertex 151.253 -33.3192 2
      vertex 150.728 -33.3192 2
    endloop
  endfacet
  facet normal 0 -1 -0
    outer loop
      vertex 151.253 -33.3192 2
      vertex 150.728 -33.3192 1.6
      vertex 151.253 -33.3192 1.6
    endloop
  endfacet
  facet normal 0.844999 0.534767 0
    outer loop
      vertex 151.253 -33.3192 2
      vertex 150.458 -32.063 1.6
      vertex 150.458 -32.063 2
    endloop
  endfacet
  facet normal 0.844999 0.534767 0
    outer loop
      vertex 150.458 -32.063 1.6
      vertex 151.253 -33.3192 2
      vertex 151.253 -33.3192 1.6
    endloop
  endfacet
  facet normal 0.841866 -0.539686 0
    outer loop
      vertex 150.458 -32.063 2
      vertex 151.184 -30.9305 1.6
      vertex 151.184 -30.9305 2
    endloop
  endfacet
  facet normal 0.841866 -0.539686 0
    outer loop
      vertex 151.184 -30.9305 1.6
      vertex 150.458 -32.063 2
      vertex 150.458 -32.063 1.6
    endloop
  endfacet
  facet normal 0 1 -0
    outer loop
      vertex 151.184 -30.9305 1.6
      vertex 150.658 -30.9305 2
      vertex 151.184 -30.9305 2
    endloop
  endfacet
  facet normal 0 1 0
    outer loop
      vertex 150.658 -30.9305 2
      vertex 151.184 -30.9305 1.6
      vertex 150.658 -30.9305 1.6
    endloop
  endfacet
  facet normal -0.846954 0.531666 0
    outer loop
      vertex 150.128 -31.7748 1.6
      vertex 150.658 -30.9305 2
      vertex 150.658 -30.9305 1.6
    endloop
  endfacet
  facet normal -0.846954 0.531666 0
    outer loop
      vertex 150.658 -30.9305 2
      vertex 150.128 -31.7748 1.6
      vertex 150.128 -31.7748 2
    endloop
  endfacet
  facet normal 0.846502 0.532385 0
    outer loop
      vertex 150.128 -31.7748 2
      vertex 149.597 -30.9305 1.6
      vertex 149.597 -30.9305 2
    endloop
  endfacet
  facet normal 0.846502 0.532385 0
    outer loop
      vertex 149.597 -30.9305 1.6
      vertex 150.128 -31.7748 2
      vertex 150.128 -31.7748 1.6
    endloop
  endfacet
  facet normal 0 1 -0
    outer loop
      vertex 149.597 -30.9305 1.6
      vertex 149.068 -30.9305 2
      vertex 149.597 -30.9305 2
    endloop
  endfacet
  facet normal 0 1 0
    outer loop
      vertex 149.068 -30.9305 2
      vertex 149.597 -30.9305 1.6
      vertex 149.068 -30.9305 1.6
    endloop
  endfacet
  facet normal -0.831033 -0.556223 0
    outer loop
      vertex 149.826 -32.063 1.6
      vertex 149.068 -30.9305 2
      vertex 149.068 -30.9305 1.6
    endloop
  endfacet
  facet normal -0.831033 -0.556223 0
    outer loop
      vertex 149.068 -30.9305 2
      vertex 149.826 -32.063 1.6
      vertex 149.826 -32.063 2
    endloop
  endfacet
  facet normal -0.834943 0.550337 0
    outer loop
      vertex 148.998 -33.3192 1.6
      vertex 149.826 -32.063 2
      vertex 149.826 -32.063 1.6
    endloop
  endfacet
  facet normal -0.834943 0.550337 0
    outer loop
      vertex 149.826 -32.063 2
      vertex 148.998 -33.3192 1.6
      vertex 148.998 -33.3192 2
    endloop
  endfacet
  facet normal 0 -1 0
    outer loop
      vertex 148.998 -33.3192 1.6
      vertex 149.527 -33.3192 2
      vertex 148.998 -33.3192 2
    endloop
  endfacet
  facet normal 0 -1 -0
    outer loop
      vertex 149.527 -33.3192 2
      vertex 148.998 -33.3192 1.6
      vertex 149.527 -33.3192 1.6
    endloop
  endfacet
  facet normal 0.845366 -0.534187 0
    outer loop
      vertex 149.527 -33.3192 2
      vertex 150.128 -32.3681 1.6
      vertex 150.128 -32.3681 2
    endloop
  endfacet
  facet normal 0.845366 -0.534187 0
    outer loop
      vertex 150.128 -32.3681 1.6
      vertex 149.527 -33.3192 2
      vertex 149.527 -33.3192 1.6
    endloop
  endfacet
  facet normal 0 0 -1
    outer loop
      vertex 166.401 -32.6777 1.6
      vertex 166.876 -32.5084 1.6
      vertex 166.887 -32.6489 1.6
    endloop
  endfacet
  facet normal 0 0 -1
    outer loop
      vertex 166.401 -32.6777 1.6
      vertex 166.887 -32.6489 1.6
      vertex 166.822 -32.9585 1.6
    endloop
  endfacet
  facet normal 0 0 -1
    outer loop
      vertex 166.876 -32.5084 1.6
      vertex 166.401 -32.6777 1.6
      vertex 166.386 -32.5849 1.6
    endloop
  endfacet
  facet normal -0 0 -1
    outer loop
      vertex 166.876 -32.5084 1.6
      vertex 166.386 -32.5849 1.6
      vertex 166.841 -32.3853 1.6
    endloop
  endfacet
  facet normal 0 0 -1
    outer loop
      vertex 166.27 -32.9167 1.6
      vertex 166.822 -32.9585 1.6
      vertex 166.627 -33.1855 1.6
    endloop
  endfacet
  facet normal -0 0 -1
    outer loop
      vertex 166.841 -32.3853 1.6
      vertex 166.386 -32.5849 1.6
      vertex 166.786 -32.2789 1.6
    endloop
  endfacet
  facet normal 0 0 -1
    outer loop
      vertex 166.34 -32.5099 1.6
      vertex 166.786 -32.2789 1.6
      vertex 166.386 -32.5849 1.6
    endloop
  endfacet
  facet normal -0 0 -1
    outer loop
      vertex 166.786 -32.2789 1.6
      vertex 166.34 -32.5099 1.6
      vertex 166.709 -32.1886 1.6
    endloop
  endfacet
  facet normal 0 0 -1
    outer loop
      vertex 166.27 -32.9167 1.6
      vertex 166.627 -33.1855 1.6
      vertex 166.306 -33.3247 1.6
    endloop
  endfacet
  facet normal 0 0 -1
    outer loop
      vertex 166.822 -32.9585 1.6
      vertex 166.27 -32.9167 1.6
      vertex 166.401 -32.6777 1.6
    endloop
  endfacet
  facet normal 0 0 -1
    outer loop
      vertex 166.306 -33.3247 1.6
      vertex 165.877 -32.9964 1.6
      vertex 166.27 -32.9167 1.6
    endloop
  endfacet
  facet normal 0 0 -1
    outer loop
      vertex 165.863 -33.3711 1.6
      vertex 165.877 -32.9964 1.6
      vertex 166.306 -33.3247 1.6
    endloop
  endfacet
  facet normal 0 0 -1
    outer loop
      vertex 165.863 -33.3711 1.6
      vertex 165.652 -32.975 1.6
      vertex 165.877 -32.9964 1.6
    endloop
  endfacet
  facet normal 0 0 -1
    outer loop
      vertex 165.453 -33.3304 1.6
      vertex 165.652 -32.975 1.6
      vertex 165.863 -33.3711 1.6
    endloop
  endfacet
  facet normal -0 0 -1
    outer loop
      vertex 165.652 -32.975 1.6
      vertex 165.453 -33.3304 1.6
      vertex 165.482 -32.9108 1.6
    endloop
  endfacet
  facet normal 0 0 -1
    outer loop
      vertex 165.143 -33.2083 1.6
      vertex 165.482 -32.9108 1.6
      vertex 165.453 -33.3304 1.6
    endloop
  endfacet
  facet normal -0 0 -1
    outer loop
      vertex 165.482 -32.9108 1.6
      vertex 165.143 -33.2083 1.6
      vertex 165.363 -32.7991 1.6
    endloop
  endfacet
  facet normal 0 0 -1
    outer loop
      vertex 164.928 -33.0036 1.6
      vertex 165.363 -32.7991 1.6
      vertex 165.143 -33.2083 1.6
    endloop
  endfacet
  facet normal -0 0 -1
    outer loop
      vertex 165.363 -32.7991 1.6
      vertex 164.928 -33.0036 1.6
      vertex 165.29 -32.6353 1.6
    endloop
  endfacet
  facet normal 0 0 -1
    outer loop
      vertex 165.29 -32.6353 1.6
      vertex 164.928 -33.0036 1.6
      vertex 164.807 -32.715 1.6
    endloop
  endfacet
  facet normal -0 0 -1
    outer loop
      vertex 166.709 -32.1886 1.6
      vertex 166.34 -32.5099 1.6
      vertex 166.607 -32.1115 1.6
    endloop
  endfacet
  facet normal 0 0 -1
    outer loop
      vertex 166.268 -32.4493 1.6
      vertex 166.607 -32.1115 1.6
      vertex 166.34 -32.5099 1.6
    endloop
  endfacet
  facet normal -0 0 -1
    outer loop
      vertex 166.607 -32.1115 1.6
      vertex 166.268 -32.4493 1.6
      vertex 166.474 -32.0445 1.6
    endloop
  endfacet
  facet normal 0 0 -1
    outer loop
      vertex 166.171 -32.3997 1.6
      vertex 166.474 -32.0445 1.6
      vertex 166.268 -32.4493 1.6
    endloop
  endfacet
  facet normal -0 0 -1
    outer loop
      vertex 166.474 -32.0445 1.6
      vertex 166.171 -32.3997 1.6
      vertex 166.277 -31.9799 1.6
    endloop
  endfacet
  facet normal 0 0 -1
    outer loop
      vertex 166.011 -32.3509 1.6
      vertex 166.277 -31.9799 1.6
      vertex 166.171 -32.3997 1.6
    endloop
  endfacet
  facet normal 0 0 -1
    outer loop
      vertex 166.011 -32.3509 1.6
      vertex 165.982 -31.9097 1.6
      vertex 166.277 -31.9799 1.6
    endloop
  endfacet
  facet normal 0 0 -1
    outer loop
      vertex 165.751 -32.2928 1.6
      vertex 165.982 -31.9097 1.6
      vertex 166.011 -32.3509 1.6
    endloop
  endfacet
  facet normal 0 0 -1
    outer loop
      vertex 165.751 -32.2928 1.6
      vertex 165.741 -31.8523 1.6
      vertex 165.982 -31.9097 1.6
    endloop
  endfacet
  facet normal 0 0 -1
    outer loop
      vertex 165.524 -32.2363 1.6
      vertex 165.741 -31.8523 1.6
      vertex 165.751 -32.2928 1.6
    endloop
  endfacet
  facet normal -0 0 -1
    outer loop
      vertex 165.741 -31.8523 1.6
      vertex 165.524 -32.2363 1.6
      vertex 165.597 -31.8055 1.6
    endloop
  endfacet
  facet normal 0 0 -1
    outer loop
      vertex 165.378 -32.192 1.6
      vertex 165.597 -31.8055 1.6
      vertex 165.524 -32.2363 1.6
    endloop
  endfacet
  facet normal -0 0 -1
    outer loop
      vertex 165.597 -31.8055 1.6
      vertex 165.378 -32.192 1.6
      vertex 165.514 -31.7595 1.6
    endloop
  endfacet
  facet normal 0 0 -1
    outer loop
      vertex 165.278 -32.1505 1.6
      vertex 165.514 -31.7595 1.6
      vertex 165.378 -32.192 1.6
    endloop
  endfacet
  facet normal -0 0 -1
    outer loop
      vertex 165.514 -31.7595 1.6
      vertex 165.189 -32.1022 1.6
      vertex 165.454 -31.7046 1.6
    endloop
  endfacet
  facet normal 0 0 -1
    outer loop
      vertex 165.189 -32.1022 1.6
      vertex 165.514 -31.7595 1.6
      vertex 165.278 -32.1505 1.6
    endloop
  endfacet
  facet normal 0 0 -1
    outer loop
      vertex 166.34 -31.5775 1.6
      vertex 166.72 -31.2363 1.6
      vertex 166.825 -31.5113 1.6
    endloop
  endfacet
  facet normal 0 0 -1
    outer loop
      vertex 166.72 -31.2363 1.6
      vertex 166.34 -31.5775 1.6
      vertex 166.283 -31.4423 1.6
    endloop
  endfacet
  facet normal -0 0 -1
    outer loop
      vertex 166.72 -31.2363 1.6
      vertex 166.283 -31.4423 1.6
      vertex 166.537 -31.0519 1.6
    endloop
  endfacet
  facet normal 0 0 -1
    outer loop
      vertex 166.188 -31.3452 1.6
      vertex 166.537 -31.0519 1.6
      vertex 166.283 -31.4423 1.6
    endloop
  endfacet
  facet normal -0 0 -1
    outer loop
      vertex 166.537 -31.0519 1.6
      vertex 166.188 -31.3452 1.6
      vertex 166.259 -30.9476 1.6
    endloop
  endfacet
  facet normal 0 0 -1
    outer loop
      vertex 166.049 -31.2867 1.6
      vertex 166.259 -30.9476 1.6
      vertex 166.188 -31.3452 1.6
    endloop
  endfacet
  facet normal 0 0 -1
    outer loop
      vertex 166.049 -31.2867 1.6
      vertex 165.87 -30.9129 1.6
      vertex 166.259 -30.9476 1.6
    endloop
  endfacet
  facet normal 0 0 -1
    outer loop
      vertex 165.86 -31.2672 1.6
      vertex 165.87 -30.9129 1.6
      vertex 166.049 -31.2867 1.6
    endloop
  endfacet
  facet normal 0 0 -1
    outer loop
      vertex 165.461 -30.9559 1.6
      vertex 165.86 -31.2672 1.6
      vertex 165.519 -31.3384 1.6
    endloop
  endfacet
  facet normal 0 0 -1
    outer loop
      vertex 165.86 -31.2672 1.6
      vertex 165.461 -30.9559 1.6
      vertex 165.87 -30.9129 1.6
    endloop
  endfacet
  facet normal 0 0 -1
    outer loop
      vertex 165.162 -31.085 1.6
      vertex 165.519 -31.3384 1.6
      vertex 165.406 -31.552 1.6
    endloop
  endfacet
  facet normal 0 0 -1
    outer loop
      vertex 165.11 -32.0452 1.6
      vertex 165.454 -31.7046 1.6
      vertex 165.189 -32.1022 1.6
    endloop
  endfacet
  facet normal 0 0 -1
    outer loop
      vertex 165.044 -31.9775 1.6
      vertex 165.454 -31.7046 1.6
      vertex 165.11 -32.0452 1.6
    endloop
  endfacet
  facet normal 0 0 -1
    outer loop
      vertex 164.992 -31.8983 1.6
      vertex 165.454 -31.7046 1.6
      vertex 165.044 -31.9775 1.6
    endloop
  endfacet
  facet normal 0 0 -1
    outer loop
      vertex 165.519 -31.3384 1.6
      vertex 165.162 -31.085 1.6
      vertex 165.461 -30.9559 1.6
    endloop
  endfacet
  facet normal -0 0 -1
    outer loop
      vertex 165.454 -31.7046 1.6
      vertex 164.992 -31.8983 1.6
      vertex 165.418 -31.6368 1.6
    endloop
  endfacet
  facet normal 0 0 -1
    outer loop
      vertex 164.952 -31.8063 1.6
      vertex 165.418 -31.6368 1.6
      vertex 164.992 -31.8983 1.6
    endloop
  endfacet
  facet normal 0 0 -1
    outer loop
      vertex 164.927 -31.7008 1.6
      vertex 165.418 -31.6368 1.6
      vertex 164.952 -31.8063 1.6
    endloop
  endfacet
  facet normal 0 -0 -1
    outer loop
      vertex 164.98 -31.295 1.6
      vertex 165.406 -31.552 1.6
      vertex 164.919 -31.5808 1.6
    endloop
  endfacet
  facet normal -0 0 -1
    outer loop
      vertex 165.418 -31.6368 1.6
      vertex 164.927 -31.7008 1.6
      vertex 165.406 -31.552 1.6
    endloop
  endfacet
  facet normal 0 0 -1
    outer loop
      vertex 165.406 -31.552 1.6
      vertex 164.927 -31.7008 1.6
      vertex 164.919 -31.5808 1.6
    endloop
  endfacet
  facet normal 0 0 -1
    outer loop
      vertex 165.406 -31.552 1.6
      vertex 164.98 -31.295 1.6
      vertex 165.162 -31.085 1.6
    endloop
  endfacet
  facet normal 0 0 -1
    outer loop
      vertex 160.606 -33.3372 1.6
      vertex 161.107 -32.4607 1.6
      vertex 161.107 -33.3372 1.6
    endloop
  endfacet
  facet normal -0 0 -1
    outer loop
      vertex 161.107 -32.4607 1.6
      vertex 160.606 -33.3372 1.6
      vertex 161.107 -32.0742 1.6
    endloop
  endfacet
  facet normal 0 0 -1
    outer loop
      vertex 160.606 -30.9485 1.6
      vertex 161.107 -32.0742 1.6
      vertex 160.606 -33.3372 1.6
    endloop
  endfacet
  facet normal 0 0 -1
    outer loop
      vertex 161.107 -32.4607 1.6
      vertex 162.329 -32.0742 1.6
      vertex 162.329 -32.4607 1.6
    endloop
  endfacet
  facet normal -0 0 -1
    outer loop
      vertex 162.329 -32.0742 1.6
      vertex 161.107 -32.4607 1.6
      vertex 161.107 -32.0742 1.6
    endloop
  endfacet
  facet normal 0 0 -1
    outer loop
      vertex 161.107 -31.335 1.6
      vertex 162.368 -30.9485 1.6
      vertex 162.368 -31.335 1.6
    endloop
  endfacet
  facet normal 0 0 -1
    outer loop
      vertex 161.107 -31.335 1.6
      vertex 160.606 -30.9485 1.6
      vertex 162.368 -30.9485 1.6
    endloop
  endfacet
  facet normal 0 0 -1
    outer loop
      vertex 161.107 -32.0742 1.6
      vertex 160.606 -30.9485 1.6
      vertex 161.107 -31.335 1.6
    endloop
  endfacet
  facet normal 0 0 -1
    outer loop
      vertex 163.967 -32.7269 1.6
      vertex 163.169 -32.3505 1.6
      vertex 163.855 -32.3505 1.6
    endloop
  endfacet
  facet normal 0 -0 -1
    outer loop
      vertex 163.169 -32.3505 1.6
      vertex 163.967 -32.7269 1.6
      vertex 163.057 -32.7269 1.6
    endloop
  endfacet
  facet normal 0 0 -1
    outer loop
      vertex 163.967 -32.7269 1.6
      vertex 164.674 -33.3372 1.6
      vertex 164.179 -33.3372 1.6
    endloop
  endfacet
  facet normal 0 0 -1
    outer loop
      vertex 163.855 -32.3505 1.6
      vertex 164.674 -33.3372 1.6
      vertex 163.967 -32.7269 1.6
    endloop
  endfacet
  facet normal 0 0 -1
    outer loop
      vertex 163.855 -32.3505 1.6
      vertex 163.806 -30.9485 1.6
      vertex 164.674 -33.3372 1.6
    endloop
  endfacet
  facet normal 0 0 -1
    outer loop
      vertex 163.62 -31.6639 1.6
      vertex 163.806 -30.9485 1.6
      vertex 163.855 -32.3505 1.6
    endloop
  endfacet
  facet normal 0 0 -1
    outer loop
      vertex 163.547 -31.4334 1.6
      vertex 163.806 -30.9485 1.6
      vertex 163.62 -31.6639 1.6
    endloop
  endfacet
  facet normal 0 0 -1
    outer loop
      vertex 163.511 -31.3164 1.6
      vertex 163.806 -30.9485 1.6
      vertex 163.547 -31.4334 1.6
    endloop
  endfacet
  facet normal 0 0 -1
    outer loop
      vertex 163.216 -30.9485 1.6
      vertex 163.501 -31.3537 1.6
      vertex 163.482 -31.4189 1.6
    endloop
  endfacet
  facet normal 0 0 -1
    outer loop
      vertex 163.216 -30.9485 1.6
      vertex 163.482 -31.4189 1.6
      vertex 163.46 -31.4927 1.6
    endloop
  endfacet
  facet normal 0 0 -1
    outer loop
      vertex 163.216 -30.9485 1.6
      vertex 163.46 -31.4927 1.6
      vertex 163.376 -31.7461 1.6
    endloop
  endfacet
  facet normal 0 0 -1
    outer loop
      vertex 163.511 -31.3164 1.6
      vertex 163.216 -30.9485 1.6
      vertex 163.806 -30.9485 1.6
    endloop
  endfacet
  facet normal 0 0 -1
    outer loop
      vertex 163.501 -31.3537 1.6
      vertex 163.216 -30.9485 1.6
      vertex 163.511 -31.3164 1.6
    endloop
  endfacet
  facet normal 0 0 -1
    outer loop
      vertex 163.169 -32.3505 1.6
      vertex 163.216 -30.9485 1.6
      vertex 163.376 -31.7461 1.6
    endloop
  endfacet
  facet normal 0 0 -1
    outer loop
      vertex 162.345 -33.3372 1.6
      vertex 163.169 -32.3505 1.6
      vertex 163.057 -32.7269 1.6
    endloop
  endfacet
  facet normal 0 0 -1
    outer loop
      vertex 162.345 -33.3372 1.6
      vertex 163.057 -32.7269 1.6
      vertex 162.845 -33.3372 1.6
    endloop
  endfacet
  facet normal -0 0 -1
    outer loop
      vertex 163.169 -32.3505 1.6
      vertex 162.345 -33.3372 1.6
      vertex 163.216 -30.9485 1.6
    endloop
  endfacet
  facet normal 0 0 -1
    outer loop
      vertex 168.279 -33.3372 1.6
      vertex 167.779 -33.3372 1.6
      vertex 168.279 -31.335 1.6
    endloop
  endfacet
  facet normal 0 0 -1
    outer loop
      vertex 168.279 -31.335 1.6
      vertex 169.052 -30.9485 1.6
      vertex 169.052 -31.335 1.6
    endloop
  endfacet
  facet normal 0 0 -1
    outer loop
      vertex 167.779 -31.335 1.6
      vertex 168.279 -31.335 1.6
      vertex 167.779 -33.3372 1.6
    endloop
  endfacet
  facet normal 0 0 -1
    outer loop
      vertex 167.779 -31.335 1.6
      vertex 169.052 -30.9485 1.6
      vertex 168.279 -31.335 1.6
    endloop
  endfacet
  facet normal 0 0 -1
    outer loop
      vertex 167.008 -30.9485 1.6
      vertex 167.779 -31.335 1.6
      vertex 167.008 -31.335 1.6
    endloop
  endfacet
  facet normal 0 0 -1
    outer loop
      vertex 167.779 -31.335 1.6
      vertex 167.008 -30.9485 1.6
      vertex 169.052 -30.9485 1.6
    endloop
  endfacet
  facet normal 0 0 -1
    outer loop
      vertex 170.874 -33.3372 1.6
      vertex 170.327 -32.9828 1.6
      vertex 170.874 -32.9828 1.6
    endloop
  endfacet
  facet normal 0 0 -1
    outer loop
      vertex 169.85 -31.3537 1.6
      vertex 170.327 -30.9485 1.6
      vertex 170.327 -32.9828 1.6
    endloop
  endfacet
  facet normal 0 0 -1
    outer loop
      vertex 169.85 -31.3537 1.6
      vertex 170.327 -32.9828 1.6
      vertex 169.85 -32.9828 1.6
    endloop
  endfacet
  facet normal 0 0 -1
    outer loop
      vertex 170.874 -33.3372 1.6
      vertex 169.85 -32.9828 1.6
      vertex 170.327 -32.9828 1.6
    endloop
  endfacet
  facet normal 0 0 -1
    outer loop
      vertex 169.259 -33.3372 1.6
      vertex 169.85 -32.9828 1.6
      vertex 170.874 -33.3372 1.6
    endloop
  endfacet
  facet normal -0 0 -1
    outer loop
      vertex 169.85 -32.9828 1.6
      vertex 169.259 -33.3372 1.6
      vertex 169.259 -32.9828 1.6
    endloop
  endfacet
  facet normal -0 0 -1
    outer loop
      vertex 170.327 -30.9485 1.6
      vertex 169.85 -31.3537 1.6
      vertex 169.876 -30.9485 1.6
    endloop
  endfacet
  facet normal 0 0 -1
    outer loop
      vertex 169.277 -31.3367 1.6
      vertex 169.85 -31.3537 1.6
      vertex 169.277 -31.7114 1.6
    endloop
  endfacet
  facet normal 0 0 -1
    outer loop
      vertex 169.85 -31.3537 1.6
      vertex 169.277 -31.3367 1.6
      vertex 169.876 -30.9485 1.6
    endloop
  endfacet
  facet normal 0 0 1
    outer loop
      vertex 166.283 -31.4423 2
      vertex 166.72 -31.2363 2
      vertex 166.537 -31.0519 2
    endloop
  endfacet
  facet normal 0 -0 1
    outer loop
      vertex 166.34 -31.5775 2
      vertex 166.72 -31.2363 2
      vertex 166.283 -31.4423 2
    endloop
  endfacet
  facet normal 0 0 1
    outer loop
      vertex 166.72 -31.2363 2
      vertex 166.34 -31.5775 2
      vertex 166.825 -31.5113 2
    endloop
  endfacet
  facet normal 0 0 1
    outer loop
      vertex 166.188 -31.3452 2
      vertex 166.537 -31.0519 2
      vertex 166.259 -30.9476 2
    endloop
  endfacet
  facet normal 0 0 1
    outer loop
      vertex 166.537 -31.0519 2
      vertex 166.188 -31.3452 2
      vertex 166.283 -31.4423 2
    endloop
  endfacet
  facet normal 0 0 1
    outer loop
      vertex 166.259 -30.9476 2
      vertex 166.049 -31.2867 2
      vertex 166.188 -31.3452 2
    endloop
  endfacet
  facet normal 0 0 1
    outer loop
      vertex 165.87 -30.9129 2
      vertex 166.049 -31.2867 2
      vertex 166.259 -30.9476 2
    endloop
  endfacet
  facet normal 0 0 1
    outer loop
      vertex 165.87 -30.9129 2
      vertex 165.86 -31.2672 2
      vertex 166.049 -31.2867 2
    endloop
  endfacet
  facet normal -0 0 1
    outer loop
      vertex 165.461 -30.9559 2
      vertex 165.86 -31.2672 2
      vertex 165.87 -30.9129 2
    endloop
  endfacet
  facet normal 0 0 1
    outer loop
      vertex 165.86 -31.2672 2
      vertex 165.461 -30.9559 2
      vertex 165.519 -31.3384 2
    endloop
  endfacet
  facet normal -0 0 1
    outer loop
      vertex 165.162 -31.085 2
      vertex 165.519 -31.3384 2
      vertex 165.461 -30.9559 2
    endloop
  endfacet
  facet normal 0 0 1
    outer loop
      vertex 165.514 -31.7595 2
      vertex 165.278 -32.1505 2
      vertex 165.378 -32.192 2
    endloop
  endfacet
  facet normal 0 0 1
    outer loop
      vertex 165.519 -31.3384 2
      vertex 165.162 -31.085 2
      vertex 165.406 -31.552 2
    endloop
  endfacet
  facet normal -0 0 1
    outer loop
      vertex 164.98 -31.295 2
      vertex 165.406 -31.552 2
      vertex 165.162 -31.085 2
    endloop
  endfacet
  facet normal 0 -0 1
    outer loop
      vertex 164.927 -31.7008 2
      vertex 165.406 -31.552 2
      vertex 164.919 -31.5808 2
    endloop
  endfacet
  facet normal 0 0 1
    outer loop
      vertex 165.418 -31.6368 2
      vertex 165.189 -32.1022 2
      vertex 165.278 -32.1505 2
    endloop
  endfacet
  facet normal 0 0 1
    outer loop
      vertex 165.418 -31.6368 2
      vertex 164.927 -31.7008 2
      vertex 164.952 -31.8063 2
    endloop
  endfacet
  facet normal 0 0 1
    outer loop
      vertex 165.418 -31.6368 2
      vertex 164.952 -31.8063 2
      vertex 164.992 -31.8983 2
    endloop
  endfacet
  facet normal 0 0 1
    outer loop
      vertex 165.406 -31.552 2
      vertex 164.98 -31.295 2
      vertex 164.919 -31.5808 2
    endloop
  endfacet
  facet normal 0 0 1
    outer loop
      vertex 165.418 -31.6368 2
      vertex 165.11 -32.0452 2
      vertex 165.189 -32.1022 2
    endloop
  endfacet
  facet normal 0 0 1
    outer loop
      vertex 165.418 -31.6368 2
      vertex 164.992 -31.8983 2
      vertex 165.044 -31.9775 2
    endloop
  endfacet
  facet normal 0 0 1
    outer loop
      vertex 165.418 -31.6368 2
      vertex 165.044 -31.9775 2
      vertex 165.11 -32.0452 2
    endloop
  endfacet
  facet normal 0 0 1
    outer loop
      vertex 166.876 -32.5084 2
      vertex 166.386 -32.5849 2
      vertex 166.401 -32.6777 2
    endloop
  endfacet
  facet normal 0 0 1
    outer loop
      vertex 166.607 -32.1115 2
      vertex 166.34 -32.5099 2
      vertex 166.386 -32.5849 2
    endloop
  endfacet
  facet normal 0 0 1
    outer loop
      vertex 166.171 -32.3997 2
      vertex 166.474 -32.0445 2
      vertex 166.277 -31.9799 2
    endloop
  endfacet
  facet normal 0 0 1
    outer loop
      vertex 166.607 -32.1115 2
      vertex 166.268 -32.4493 2
      vertex 166.34 -32.5099 2
    endloop
  endfacet
  facet normal 0 0 1
    outer loop
      vertex 166.474 -32.0445 2
      vertex 166.171 -32.3997 2
      vertex 166.268 -32.4493 2
    endloop
  endfacet
  facet normal 0 0 1
    outer loop
      vertex 166.277 -31.9799 2
      vertex 166.011 -32.3509 2
      vertex 166.171 -32.3997 2
    endloop
  endfacet
  facet normal 0 0 1
    outer loop
      vertex 165.982 -31.9097 2
      vertex 166.011 -32.3509 2
      vertex 166.277 -31.9799 2
    endloop
  endfacet
  facet normal 0 0 1
    outer loop
      vertex 165.982 -31.9097 2
      vertex 165.751 -32.2928 2
      vertex 166.011 -32.3509 2
    endloop
  endfacet
  facet normal 0 0 1
    outer loop
      vertex 165.741 -31.8523 2
      vertex 165.751 -32.2928 2
      vertex 165.982 -31.9097 2
    endloop
  endfacet
  facet normal 0 0 1
    outer loop
      vertex 165.524 -32.2363 2
      vertex 165.741 -31.8523 2
      vertex 165.597 -31.8055 2
    endloop
  endfacet
  facet normal 0 0 1
    outer loop
      vertex 165.741 -31.8523 2
      vertex 165.524 -32.2363 2
      vertex 165.751 -32.2928 2
    endloop
  endfacet
  facet normal 0 0 1
    outer loop
      vertex 165.378 -32.192 2
      vertex 165.597 -31.8055 2
      vertex 165.514 -31.7595 2
    endloop
  endfacet
  facet normal 0 0 1
    outer loop
      vertex 165.278 -32.1505 2
      vertex 165.514 -31.7595 2
      vertex 165.454 -31.7046 2
    endloop
  endfacet
  facet normal 0 0 1
    outer loop
      vertex 165.278 -32.1505 2
      vertex 165.454 -31.7046 2
      vertex 165.418 -31.6368 2
    endloop
  endfacet
  facet normal 0 0 1
    outer loop
      vertex 165.597 -31.8055 2
      vertex 165.378 -32.192 2
      vertex 165.524 -32.2363 2
    endloop
  endfacet
  facet normal 0 0 1
    outer loop
      vertex 164.927 -31.7008 2
      vertex 165.418 -31.6368 2
      vertex 165.406 -31.552 2
    endloop
  endfacet
  facet normal 0 0 1
    outer loop
      vertex 166.386 -32.5849 2
      vertex 166.876 -32.5084 2
      vertex 166.841 -32.3853 2
    endloop
  endfacet
  facet normal 0 0 1
    outer loop
      vertex 166.876 -32.5084 2
      vertex 166.401 -32.6777 2
      vertex 166.887 -32.6489 2
    endloop
  endfacet
  facet normal 0 0 1
    outer loop
      vertex 166.386 -32.5849 2
      vertex 166.841 -32.3853 2
      vertex 166.786 -32.2789 2
    endloop
  endfacet
  facet normal 0 0 1
    outer loop
      vertex 166.386 -32.5849 2
      vertex 166.786 -32.2789 2
      vertex 166.709 -32.1886 2
    endloop
  endfacet
  facet normal 0 0 1
    outer loop
      vertex 166.887 -32.6489 2
      vertex 166.401 -32.6777 2
      vertex 166.822 -32.9585 2
    endloop
  endfacet
  facet normal 0 0 1
    outer loop
      vertex 166.386 -32.5849 2
      vertex 166.709 -32.1886 2
      vertex 166.607 -32.1115 2
    endloop
  endfacet
  facet normal 0 0 1
    outer loop
      vertex 166.268 -32.4493 2
      vertex 166.607 -32.1115 2
      vertex 166.474 -32.0445 2
    endloop
  endfacet
  facet normal -0 0 1
    outer loop
      vertex 166.27 -32.9167 2
      vertex 166.822 -32.9585 2
      vertex 166.401 -32.6777 2
    endloop
  endfacet
  facet normal 0 0 1
    outer loop
      vertex 166.822 -32.9585 2
      vertex 166.27 -32.9167 2
      vertex 166.627 -33.1855 2
    endloop
  endfacet
  facet normal 0 0 1
    outer loop
      vertex 166.627 -33.1855 2
      vertex 166.27 -32.9167 2
      vertex 166.306 -33.3247 2
    endloop
  endfacet
  facet normal -0 0 1
    outer loop
      vertex 165.877 -32.9964 2
      vertex 166.306 -33.3247 2
      vertex 166.27 -32.9167 2
    endloop
  endfacet
  facet normal 0 0 1
    outer loop
      vertex 165.877 -32.9964 2
      vertex 165.863 -33.3711 2
      vertex 166.306 -33.3247 2
    endloop
  endfacet
  facet normal 0 0 1
    outer loop
      vertex 165.652 -32.975 2
      vertex 165.863 -33.3711 2
      vertex 165.877 -32.9964 2
    endloop
  endfacet
  facet normal 0 0 1
    outer loop
      vertex 165.453 -33.3304 2
      vertex 165.652 -32.975 2
      vertex 165.482 -32.9108 2
    endloop
  endfacet
  facet normal 0 0 1
    outer loop
      vertex 165.652 -32.975 2
      vertex 165.453 -33.3304 2
      vertex 165.863 -33.3711 2
    endloop
  endfacet
  facet normal 0 0 1
    outer loop
      vertex 165.143 -33.2083 2
      vertex 165.482 -32.9108 2
      vertex 165.363 -32.7991 2
    endloop
  endfacet
  facet normal 0 0 1
    outer loop
      vertex 164.928 -33.0036 2
      vertex 165.363 -32.7991 2
      vertex 165.29 -32.6353 2
    endloop
  endfacet
  facet normal 0 0 1
    outer loop
      vertex 165.482 -32.9108 2
      vertex 165.143 -33.2083 2
      vertex 165.453 -33.3304 2
    endloop
  endfacet
  facet normal 0 0 1
    outer loop
      vertex 165.363 -32.7991 2
      vertex 164.928 -33.0036 2
      vertex 165.143 -33.2083 2
    endloop
  endfacet
  facet normal 0 -0 1
    outer loop
      vertex 164.928 -33.0036 2
      vertex 165.29 -32.6353 2
      vertex 164.807 -32.715 2
    endloop
  endfacet
  facet normal 0 0 1
    outer loop
      vertex 162.368 -30.9485 2
      vertex 161.107 -31.335 2
      vertex 162.368 -31.335 2
    endloop
  endfacet
  facet normal 0 0 1
    outer loop
      vertex 160.606 -30.9485 2
      vertex 161.107 -32.0742 2
      vertex 161.107 -31.335 2
    endloop
  endfacet
  facet normal 0 0 1
    outer loop
      vertex 160.606 -33.3372 2
      vertex 161.107 -32.0742 2
      vertex 160.606 -30.9485 2
    endloop
  endfacet
  facet normal -0 0 1
    outer loop
      vertex 160.606 -30.9485 2
      vertex 161.107 -31.335 2
      vertex 162.368 -30.9485 2
    endloop
  endfacet
  facet normal 0 0 1
    outer loop
      vertex 161.107 -32.0742 2
      vertex 160.606 -33.3372 2
      vertex 161.107 -32.4607 2
    endloop
  endfacet
  facet normal 0 0 1
    outer loop
      vertex 161.107 -32.4607 2
      vertex 160.606 -33.3372 2
      vertex 161.107 -33.3372 2
    endloop
  endfacet
  facet normal -0 0 1
    outer loop
      vertex 161.107 -32.0742 2
      vertex 162.329 -32.4607 2
      vertex 162.329 -32.0742 2
    endloop
  endfacet
  facet normal 0 0 1
    outer loop
      vertex 162.329 -32.4607 2
      vertex 161.107 -32.0742 2
      vertex 161.107 -32.4607 2
    endloop
  endfacet
  facet normal 0 0 1
    outer loop
      vertex 164.674 -33.3372 2
      vertex 163.967 -32.7269 2
      vertex 164.179 -33.3372 2
    endloop
  endfacet
  facet normal 0 0 1
    outer loop
      vertex 164.674 -33.3372 2
      vertex 163.855 -32.3505 2
      vertex 163.967 -32.7269 2
    endloop
  endfacet
  facet normal 0 0 1
    outer loop
      vertex 163.806 -30.9485 2
      vertex 163.855 -32.3505 2
      vertex 164.674 -33.3372 2
    endloop
  endfacet
  facet normal 0 0 1
    outer loop
      vertex 163.806 -30.9485 2
      vertex 163.62 -31.6639 2
      vertex 163.855 -32.3505 2
    endloop
  endfacet
  facet normal 0 0 1
    outer loop
      vertex 163.806 -30.9485 2
      vertex 163.547 -31.4334 2
      vertex 163.62 -31.6639 2
    endloop
  endfacet
  facet normal 0 0 1
    outer loop
      vertex 163.806 -30.9485 2
      vertex 163.511 -31.3164 2
      vertex 163.547 -31.4334 2
    endloop
  endfacet
  facet normal 0 0 1
    outer loop
      vertex 163.216 -30.9485 2
      vertex 163.501 -31.3537 2
      vertex 163.511 -31.3164 2
    endloop
  endfacet
  facet normal 0 0 1
    outer loop
      vertex 163.501 -31.3537 2
      vertex 163.216 -30.9485 2
      vertex 163.482 -31.4189 2
    endloop
  endfacet
  facet normal 0 0 1
    outer loop
      vertex 163.482 -31.4189 2
      vertex 163.216 -30.9485 2
      vertex 163.46 -31.4927 2
    endloop
  endfacet
  facet normal -0 0 1
    outer loop
      vertex 163.216 -30.9485 2
      vertex 163.511 -31.3164 2
      vertex 163.806 -30.9485 2
    endloop
  endfacet
  facet normal 0 0 1
    outer loop
      vertex 163.46 -31.4927 2
      vertex 163.216 -30.9485 2
      vertex 163.376 -31.7461 2
    endloop
  endfacet
  facet normal 0 0 1
    outer loop
      vertex 163.216 -30.9485 2
      vertex 163.169 -32.3505 2
      vertex 163.376 -31.7461 2
    endloop
  endfacet
  facet normal 0 0 1
    outer loop
      vertex 162.345 -33.3372 2
      vertex 163.169 -32.3505 2
      vertex 163.216 -30.9485 2
    endloop
  endfacet
  facet normal 0 0 1
    outer loop
      vertex 163.169 -32.3505 2
      vertex 162.345 -33.3372 2
      vertex 163.057 -32.7269 2
    endloop
  endfacet
  facet normal 0 0 1
    outer loop
      vertex 163.057 -32.7269 2
      vertex 162.345 -33.3372 2
      vertex 162.845 -33.3372 2
    endloop
  endfacet
  facet normal -0 0 1
    outer loop
      vertex 163.169 -32.3505 2
      vertex 163.967 -32.7269 2
      vertex 163.855 -32.3505 2
    endloop
  endfacet
  facet normal 0 0 1
    outer loop
      vertex 163.967 -32.7269 2
      vertex 163.169 -32.3505 2
      vertex 163.057 -32.7269 2
    endloop
  endfacet
  facet normal 0 0 1
    outer loop
      vertex 169.052 -30.9485 2
      vertex 168.279 -31.335 2
      vertex 169.052 -31.335 2
    endloop
  endfacet
  facet normal 0 0 1
    outer loop
      vertex 168.279 -31.335 2
      vertex 167.779 -31.335 2
      vertex 168.279 -33.3372 2
    endloop
  endfacet
  facet normal 0 0 1
    outer loop
      vertex 169.052 -30.9485 2
      vertex 167.779 -31.335 2
      vertex 168.279 -31.335 2
    endloop
  endfacet
  facet normal -0 0 1
    outer loop
      vertex 167.008 -30.9485 2
      vertex 167.779 -31.335 2
      vertex 169.052 -30.9485 2
    endloop
  endfacet
  facet normal 0 0 1
    outer loop
      vertex 167.779 -31.335 2
      vertex 167.008 -30.9485 2
      vertex 167.008 -31.335 2
    endloop
  endfacet
  facet normal 0 0 1
    outer loop
      vertex 168.279 -33.3372 2
      vertex 167.779 -31.335 2
      vertex 167.779 -33.3372 2
    endloop
  endfacet
  facet normal 0 0 1
    outer loop
      vertex 169.85 -31.3537 2
      vertex 170.327 -30.9485 2
      vertex 169.876 -30.9485 2
    endloop
  endfacet
  facet normal -0 0 1
    outer loop
      vertex 170.327 -32.9828 2
      vertex 170.874 -33.3372 2
      vertex 170.874 -32.9828 2
    endloop
  endfacet
  facet normal 0 0 1
    outer loop
      vertex 170.327 -30.9485 2
      vertex 169.85 -31.3537 2
      vertex 170.327 -32.9828 2
    endloop
  endfacet
  facet normal 0 0 1
    outer loop
      vertex 169.85 -32.9828 2
      vertex 170.327 -32.9828 2
      vertex 169.85 -31.3537 2
    endloop
  endfacet
  facet normal -0 0 1
    outer loop
      vertex 169.85 -32.9828 2
      vertex 170.874 -33.3372 2
      vertex 170.327 -32.9828 2
    endloop
  endfacet
  facet normal 0 0 1
    outer loop
      vertex 169.259 -33.3372 2
      vertex 169.85 -32.9828 2
      vertex 169.259 -32.9828 2
    endloop
  endfacet
  facet normal 0 0 1
    outer loop
      vertex 169.85 -32.9828 2
      vertex 169.259 -33.3372 2
      vertex 170.874 -33.3372 2
    endloop
  endfacet
  facet normal -0 0 1
    outer loop
      vertex 169.277 -31.3367 2
      vertex 169.85 -31.3537 2
      vertex 169.876 -30.9485 2
    endloop
  endfacet
  facet normal 0 0 1
    outer loop
      vertex 169.85 -31.3537 2
      vertex 169.277 -31.3367 2
      vertex 169.277 -31.7114 2
    endloop
  endfacet
  facet normal 0.397848 -0.917451 0
    outer loop
      vertex 166.306 -33.3247 1.6
      vertex 166.627 -33.1855 2
      vertex 166.306 -33.3247 2
    endloop
  endfacet
  facet normal 0.397848 -0.917451 0
    outer loop
      vertex 166.627 -33.1855 2
      vertex 166.306 -33.3247 1.6
      vertex 166.627 -33.1855 1.6
    endloop
  endfacet
  facet normal 0.758549 -0.651617 0
    outer loop
      vertex 166.627 -33.1855 2
      vertex 166.822 -32.9585 1.6
      vertex 166.822 -32.9585 2
    endloop
  endfacet
  facet normal 0.758549 -0.651617 0
    outer loop
      vertex 166.822 -32.9585 1.6
      vertex 166.627 -33.1855 2
      vertex 166.627 -33.1855 1.6
    endloop
  endfacet
  facet normal 0.978664 -0.205469 0
    outer loop
      vertex 166.822 -32.9585 2
      vertex 166.887 -32.6489 1.6
      vertex 166.887 -32.6489 2
    endloop
  endfacet
  facet normal 0.978664 -0.205469 0
    outer loop
      vertex 166.887 -32.6489 1.6
      vertex 166.822 -32.9585 2
      vertex 166.822 -32.9585 1.6
    endloop
  endfacet
  facet normal 0.996949 0.078053 0
    outer loop
      vertex 166.887 -32.6489 2
      vertex 166.876 -32.5084 1.6
      vertex 166.876 -32.5084 2
    endloop
  endfacet
  facet normal 0.996949 0.078053 0
    outer loop
      vertex 166.876 -32.5084 1.6
      vertex 166.887 -32.6489 2
      vertex 166.887 -32.6489 1.6
    endloop
  endfacet
  facet normal 0.961877 0.273482 0
    outer loop
      vertex 166.876 -32.5084 2
      vertex 166.841 -32.3853 1.6
      vertex 166.841 -32.3853 2
    endloop
  endfacet
  facet normal 0.961877 0.273482 0
    outer loop
      vertex 166.841 -32.3853 1.6
      vertex 166.876 -32.5084 2
      vertex 166.876 -32.5084 1.6
    endloop
  endfacet
  facet normal 0.888335 0.459196 0
    outer loop
      vertex 166.841 -32.3853 2
      vertex 166.786 -32.2789 1.6
      vertex 166.786 -32.2789 2
    endloop
  endfacet
  facet normal 0.888335 0.459196 0
    outer loop
      vertex 166.786 -32.2789 1.6
      vertex 166.841 -32.3853 2
      vertex 166.841 -32.3853 1.6
    endloop
  endfacet
  facet normal 0.76092 0.648846 0
    outer loop
      vertex 166.786 -32.2789 2
      vertex 166.709 -32.1886 1.6
      vertex 166.709 -32.1886 2
    endloop
  endfacet
  facet normal 0.76092 0.648846 0
    outer loop
      vertex 166.709 -32.1886 1.6
      vertex 166.786 -32.2789 2
      vertex 166.786 -32.2789 1.6
    endloop
  endfacet
  facet normal 0.602999 0.797742 -0
    outer loop
      vertex 166.709 -32.1886 1.6
      vertex 166.607 -32.1115 2
      vertex 166.709 -32.1886 2
    endloop
  endfacet
  facet normal 0.602999 0.797742 0
    outer loop
      vertex 166.607 -32.1115 2
      vertex 166.709 -32.1886 1.6
      vertex 166.607 -32.1115 1.6
    endloop
  endfacet
  facet normal 0.449898 0.89308 -0
    outer loop
      vertex 166.607 -32.1115 1.6
      vertex 166.474 -32.0445 2
      vertex 166.607 -32.1115 2
    endloop
  endfacet
  facet normal 0.449898 0.89308 0
    outer loop
      vertex 166.474 -32.0445 2
      vertex 166.607 -32.1115 1.6
      vertex 166.474 -32.0445 1.6
    endloop
  endfacet
  facet normal 0.311594 0.950215 -0
    outer loop
      vertex 166.474 -32.0445 1.6
      vertex 166.277 -31.9799 2
      vertex 166.474 -32.0445 2
    endloop
  endfacet
  facet normal 0.311594 0.950215 0
    outer loop
      vertex 166.277 -31.9799 2
      vertex 166.474 -32.0445 1.6
      vertex 166.277 -31.9799 1.6
    endloop
  endfacet
  facet normal 0.231502 0.972835 -0
    outer loop
      vertex 166.277 -31.9799 1.6
      vertex 165.982 -31.9097 2
      vertex 166.277 -31.9799 2
    endloop
  endfacet
  facet normal 0.231502 0.972835 0
    outer loop
      vertex 165.982 -31.9097 2
      vertex 166.277 -31.9799 1.6
      vertex 165.982 -31.9097 1.6
    endloop
  endfacet
  facet normal 0.231693 0.972789 -0
    outer loop
      vertex 165.982 -31.9097 1.6
      vertex 165.741 -31.8523 2
      vertex 165.982 -31.9097 2
    endloop
  endfacet
  facet normal 0.231693 0.972789 0
    outer loop
      vertex 165.741 -31.8523 2
      vertex 165.982 -31.9097 1.6
      vertex 165.741 -31.8523 1.6
    endloop
  endfacet
  facet normal 0.309086 0.951034 -0
    outer loop
      vertex 165.741 -31.8523 1.6
      vertex 165.597 -31.8055 2
      vertex 165.741 -31.8523 2
    endloop
  endfacet
  facet normal 0.309086 0.951034 0
    outer loop
      vertex 165.597 -31.8055 2
      vertex 165.741 -31.8523 1.6
      vertex 165.597 -31.8055 1.6
    endloop
  endfacet
  facet normal 0.484748 0.874654 -0
    outer loop
      vertex 165.597 -31.8055 1.6
      vertex 165.514 -31.7595 2
      vertex 165.597 -31.8055 2
    endloop
  endfacet
  facet normal 0.484748 0.874654 0
    outer loop
      vertex 165.514 -31.7595 2
      vertex 165.597 -31.8055 1.6
      vertex 165.514 -31.7595 1.6
    endloop
  endfacet
  facet normal 0.675056 0.737766 -0
    outer loop
      vertex 165.514 -31.7595 1.6
      vertex 165.454 -31.7046 2
      vertex 165.514 -31.7595 2
    endloop
  endfacet
  facet normal 0.675056 0.737766 0
    outer loop
      vertex 165.454 -31.7046 2
      vertex 165.514 -31.7595 1.6
      vertex 165.454 -31.7046 1.6
    endloop
  endfacet
  facet normal 0.883217 0.468965 0
    outer loop
      vertex 165.454 -31.7046 2
      vertex 165.418 -31.6368 1.6
      vertex 165.418 -31.6368 2
    endloop
  endfacet
  facet normal 0.883217 0.468965 0
    outer loop
      vertex 165.418 -31.6368 1.6
      vertex 165.454 -31.7046 2
      vertex 165.454 -31.7046 1.6
    endloop
  endfacet
  facet normal 0.990135 0.140114 0
    outer loop
      vertex 165.418 -31.6368 2
      vertex 165.406 -31.552 1.6
      vertex 165.406 -31.552 2
    endloop
  endfacet
  facet normal 0.990135 0.140114 0
    outer loop
      vertex 165.406 -31.552 1.6
      vertex 165.418 -31.6368 2
      vertex 165.418 -31.6368 1.6
    endloop
  endfacet
  facet normal 0.883929 -0.467622 0
    outer loop
      vertex 165.406 -31.552 2
      vertex 165.519 -31.3384 1.6
      vertex 165.519 -31.3384 2
    endloop
  endfacet
  facet normal 0.883929 -0.467622 0
    outer loop
      vertex 165.519 -31.3384 1.6
      vertex 165.406 -31.552 2
      vertex 165.406 -31.552 1.6
    endloop
  endfacet
  facet normal 0.20439 -0.97889 0
    outer loop
      vertex 165.519 -31.3384 1.6
      vertex 165.86 -31.2672 2
      vertex 165.519 -31.3384 2
    endloop
  endfacet
  facet normal 0.20439 -0.97889 0
    outer loop
      vertex 165.86 -31.2672 2
      vertex 165.519 -31.3384 1.6
      vertex 165.86 -31.2672 1.6
    endloop
  endfacet
  facet normal -0.10263 -0.99472 0
    outer loop
      vertex 165.86 -31.2672 1.6
      vertex 166.049 -31.2867 2
      vertex 165.86 -31.2672 2
    endloop
  endfacet
  facet normal -0.10263 -0.99472 -0
    outer loop
      vertex 166.049 -31.2867 2
      vertex 165.86 -31.2672 1.6
      vertex 166.049 -31.2867 1.6
    endloop
  endfacet
  facet normal -0.387909 -0.921698 0
    outer loop
      vertex 166.049 -31.2867 1.6
      vertex 166.188 -31.3452 2
      vertex 166.049 -31.2867 2
    endloop
  endfacet
  facet normal -0.387909 -0.921698 -0
    outer loop
      vertex 166.188 -31.3452 2
      vertex 166.049 -31.2867 1.6
      vertex 166.188 -31.3452 1.6
    endloop
  endfacet
  facet normal -0.714794 -0.699335 0
    outer loop
      vertex 166.283 -31.4423 1.6
      vertex 166.188 -31.3452 2
      vertex 166.188 -31.3452 1.6
    endloop
  endfacet
  facet normal -0.714794 -0.699335 0
    outer loop
      vertex 166.188 -31.3452 2
      vertex 166.283 -31.4423 1.6
      vertex 166.283 -31.4423 2
    endloop
  endfacet
  facet normal -0.921456 -0.388484 0
    outer loop
      vertex 166.34 -31.5775 1.6
      vertex 166.283 -31.4423 2
      vertex 166.283 -31.4423 1.6
    endloop
  endfacet
  facet normal -0.921456 -0.388484 0
    outer loop
      vertex 166.283 -31.4423 2
      vertex 166.34 -31.5775 1.6
      vertex 166.34 -31.5775 2
    endloop
  endfacet
  facet normal 0.135241 -0.990813 0
    outer loop
      vertex 166.34 -31.5775 1.6
      vertex 166.825 -31.5113 2
      vertex 166.34 -31.5775 2
    endloop
  endfacet
  facet normal 0.135241 -0.990813 0
    outer loop
      vertex 166.825 -31.5113 2
      vertex 166.34 -31.5775 1.6
      vertex 166.825 -31.5113 1.6
    endloop
  endfacet
  facet normal 0.934218 0.356702 0
    outer loop
      vertex 166.825 -31.5113 2
      vertex 166.72 -31.2363 1.6
      vertex 166.72 -31.2363 2
    endloop
  endfacet
  facet normal 0.934218 0.356702 0
    outer loop
      vertex 166.72 -31.2363 1.6
      vertex 166.825 -31.5113 2
      vertex 166.825 -31.5113 1.6
    endloop
  endfacet
  facet normal 0.709796 0.704407 0
    outer loop
      vertex 166.72 -31.2363 2
      vertex 166.537 -31.0519 1.6
      vertex 166.537 -31.0519 2
    endloop
  endfacet
  facet normal 0.709796 0.704407 0
    outer loop
      vertex 166.537 -31.0519 1.6
      vertex 166.72 -31.2363 2
      vertex 166.72 -31.2363 1.6
    endloop
  endfacet
  facet normal 0.351271 0.936274 -0
    outer loop
      vertex 166.537 -31.0519 1.6
      vertex 166.259 -30.9476 2
      vertex 166.537 -31.0519 2
    endloop
  endfacet
  facet normal 0.351271 0.936274 0
    outer loop
      vertex 166.259 -30.9476 2
      vertex 166.537 -31.0519 1.6
      vertex 166.259 -30.9476 1.6
    endloop
  endfacet
  facet normal 0.0888503 0.996045 -0
    outer loop
      vertex 166.259 -30.9476 1.6
      vertex 165.87 -30.9129 2
      vertex 166.259 -30.9476 2
    endloop
  endfacet
  facet normal 0.0888503 0.996045 0
    outer loop
      vertex 165.87 -30.9129 2
      vertex 166.259 -30.9476 1.6
      vertex 165.87 -30.9129 1.6
    endloop
  endfacet
  facet normal -0.104558 0.994519 0
    outer loop
      vertex 165.87 -30.9129 1.6
      vertex 165.461 -30.9559 2
      vertex 165.87 -30.9129 2
    endloop
  endfacet
  facet normal -0.104558 0.994519 0
    outer loop
      vertex 165.461 -30.9559 2
      vertex 165.87 -30.9129 1.6
      vertex 165.461 -30.9559 1.6
    endloop
  endfacet
  facet normal -0.396401 0.918078 0
    outer loop
      vertex 165.461 -30.9559 1.6
      vertex 165.162 -31.085 2
      vertex 165.461 -30.9559 2
    endloop
  endfacet
  facet normal -0.396401 0.918078 0
    outer loop
      vertex 165.162 -31.085 2
      vertex 165.461 -30.9559 1.6
      vertex 165.162 -31.085 1.6
    endloop
  endfacet
  facet normal -0.755689 0.654931 0
    outer loop
      vertex 164.98 -31.295 1.6
      vertex 165.162 -31.085 2
      vertex 165.162 -31.085 1.6
    endloop
  endfacet
  facet normal -0.755689 0.654931 0
    outer loop
      vertex 165.162 -31.085 2
      vertex 164.98 -31.295 1.6
      vertex 164.98 -31.295 2
    endloop
  endfacet
  facet normal -0.977972 0.208734 0
    outer loop
      vertex 164.919 -31.5808 1.6
      vertex 164.98 -31.295 2
      vertex 164.98 -31.295 1.6
    endloop
  endfacet
  facet normal -0.977972 0.208734 0
    outer loop
      vertex 164.98 -31.295 2
      vertex 164.919 -31.5808 1.6
      vertex 164.919 -31.5808 2
    endloop
  endfacet
  facet normal -0.997785 -0.066519 0
    outer loop
      vertex 164.927 -31.7008 1.6
      vertex 164.919 -31.5808 2
      vertex 164.919 -31.5808 1.6
    endloop
  endfacet
  facet normal -0.997785 -0.066519 0
    outer loop
      vertex 164.919 -31.5808 2
      vertex 164.927 -31.7008 1.6
      vertex 164.927 -31.7008 2
    endloop
  endfacet
  facet normal -0.973053 -0.230581 0
    outer loop
      vertex 164.952 -31.8063 1.6
      vertex 164.927 -31.7008 2
      vertex 164.927 -31.7008 1.6
    endloop
  endfacet
  facet normal -0.973053 -0.230581 0
    outer loop
      vertex 164.927 -31.7008 2
      vertex 164.952 -31.8063 1.6
      vertex 164.952 -31.8063 2
    endloop
  endfacet
  facet normal -0.91707 -0.398726 0
    outer loop
      vertex 164.992 -31.8983 1.6
      vertex 164.952 -31.8063 2
      vertex 164.952 -31.8063 1.6
    endloop
  endfacet
  facet normal -0.91707 -0.398726 0
    outer loop
      vertex 164.952 -31.8063 2
      vertex 164.992 -31.8983 1.6
      vertex 164.992 -31.8983 2
    endloop
  endfacet
  facet normal -0.835927 -0.548841 0
    outer loop
      vertex 165.044 -31.9775 1.6
      vertex 164.992 -31.8983 2
      vertex 164.992 -31.8983 1.6
    endloop
  endfacet
  facet normal -0.835927 -0.548841 0
    outer loop
      vertex 164.992 -31.8983 2
      vertex 165.044 -31.9775 1.6
      vertex 165.044 -31.9775 2
    endloop
  endfacet
  facet normal -0.71604 -0.698059 0
    outer loop
      vertex 165.11 -32.0452 1.6
      vertex 165.044 -31.9775 2
      vertex 165.044 -31.9775 1.6
    endloop
  endfacet
  facet normal -0.71604 -0.698059 0
    outer loop
      vertex 165.044 -31.9775 2
      vertex 165.11 -32.0452 1.6
      vertex 165.11 -32.0452 2
    endloop
  endfacet
  facet normal -0.585116 -0.81095 0
    outer loop
      vertex 165.11 -32.0452 1.6
      vertex 165.189 -32.1022 2
      vertex 165.11 -32.0452 2
    endloop
  endfacet
  facet normal -0.585116 -0.81095 -0
    outer loop
      vertex 165.189 -32.1022 2
      vertex 165.11 -32.0452 1.6
      vertex 165.189 -32.1022 1.6
    endloop
  endfacet
  facet normal -0.476983 -0.878913 0
    outer loop
      vertex 165.189 -32.1022 1.6
      vertex 165.278 -32.1505 2
      vertex 165.189 -32.1022 2
    endloop
  endfacet
  facet normal -0.476983 -0.878913 -0
    outer loop
      vertex 165.278 -32.1505 2
      vertex 165.189 -32.1022 1.6
      vertex 165.278 -32.1505 1.6
    endloop
  endfacet
  facet normal -0.383303 -0.923623 0
    outer loop
      vertex 165.278 -32.1505 1.6
      vertex 165.378 -32.192 2
      vertex 165.278 -32.1505 2
    endloop
  endfacet
  facet normal -0.383303 -0.923623 -0
    outer loop
      vertex 165.378 -32.192 2
      vertex 165.278 -32.1505 1.6
      vertex 165.378 -32.192 1.6
    endloop
  endfacet
  facet normal -0.290353 -0.95692 0
    outer loop
      vertex 165.378 -32.192 1.6
      vertex 165.524 -32.2363 2
      vertex 165.378 -32.192 2
    endloop
  endfacet
  facet normal -0.290353 -0.95692 -0
    outer loop
      vertex 165.524 -32.2363 2
      vertex 165.378 -32.192 1.6
      vertex 165.524 -32.2363 1.6
    endloop
  endfacet
  facet normal -0.24153 -0.970393 0
    outer loop
      vertex 165.524 -32.2363 1.6
      vertex 165.751 -32.2928 2
      vertex 165.524 -32.2363 2
    endloop
  endfacet
  facet normal -0.24153 -0.970393 -0
    outer loop
      vertex 165.751 -32.2928 2
      vertex 165.524 -32.2363 1.6
      vertex 165.751 -32.2928 1.6
    endloop
  endfacet
  facet normal -0.218083 -0.97593 0
    outer loop
      vertex 165.751 -32.2928 1.6
      vertex 166.011 -32.3509 2
      vertex 165.751 -32.2928 2
    endloop
  endfacet
  facet normal -0.218083 -0.97593 -0
    outer loop
      vertex 166.011 -32.3509 2
      vertex 165.751 -32.2928 1.6
      vertex 166.011 -32.3509 1.6
    endloop
  endfacet
  facet normal -0.291732 -0.9565 0
    outer loop
      vertex 166.011 -32.3509 1.6
      vertex 166.171 -32.3997 2
      vertex 166.011 -32.3509 2
    endloop
  endfacet
  facet normal -0.291732 -0.9565 -0
    outer loop
      vertex 166.171 -32.3997 2
      vertex 166.011 -32.3509 1.6
      vertex 166.171 -32.3997 1.6
    endloop
  endfacet
  facet normal -0.455273 -0.890352 0
    outer loop
      vertex 166.171 -32.3997 1.6
      vertex 166.268 -32.4493 2
      vertex 166.171 -32.3997 2
    endloop
  endfacet
  facet normal -0.455273 -0.890352 -0
    outer loop
      vertex 166.268 -32.4493 2
      vertex 166.171 -32.3997 1.6
      vertex 166.268 -32.4493 1.6
    endloop
  endfacet
  facet normal -0.643939 -0.765077 0
    outer loop
      vertex 166.268 -32.4493 1.6
      vertex 166.34 -32.5099 2
      vertex 166.268 -32.4493 2
    endloop
  endfacet
  facet normal -0.643939 -0.765077 -0
    outer loop
      vertex 166.34 -32.5099 2
      vertex 166.268 -32.4493 1.6
      vertex 166.34 -32.5099 1.6
    endloop
  endfacet
  facet normal -0.852438 -0.522829 0
    outer loop
      vertex 166.386 -32.5849 1.6
      vertex 166.34 -32.5099 2
      vertex 166.34 -32.5099 1.6
    endloop
  endfacet
  facet normal -0.852438 -0.522829 0
    outer loop
      vertex 166.34 -32.5099 2
      vertex 166.386 -32.5849 1.6
      vertex 166.386 -32.5849 2
    endloop
  endfacet
  facet normal -0.987187 -0.159567 0
    outer loop
      vertex 166.401 -32.6777 1.6
      vertex 166.386 -32.5849 2
      vertex 166.386 -32.5849 1.6
    endloop
  endfacet
  facet normal -0.987187 -0.159567 0
    outer loop
      vertex 166.386 -32.5849 2
      vertex 166.401 -32.6777 1.6
      vertex 166.401 -32.6777 2
    endloop
  endfacet
  facet normal -0.876912 0.480651 0
    outer loop
      vertex 166.27 -32.9167 1.6
      vertex 166.401 -32.6777 2
      vertex 166.401 -32.6777 1.6
    endloop
  endfacet
  facet normal -0.876912 0.480651 0
    outer loop
      vertex 166.401 -32.6777 2
      vertex 166.27 -32.9167 1.6
      vertex 166.27 -32.9167 2
    endloop
  endfacet
  facet normal -0.198753 0.98005 0
    outer loop
      vertex 166.27 -32.9167 1.6
      vertex 165.877 -32.9964 2
      vertex 166.27 -32.9167 2
    endloop
  endfacet
  facet normal -0.198753 0.98005 0
    outer loop
      vertex 165.877 -32.9964 2
      vertex 166.27 -32.9167 1.6
      vertex 165.877 -32.9964 1.6
    endloop
  endfacet
  facet normal 0.0946838 0.995507 -0
    outer loop
      vertex 165.877 -32.9964 1.6
      vertex 165.652 -32.975 2
      vertex 165.877 -32.9964 2
    endloop
  endfacet
  facet normal 0.0946838 0.995507 0
    outer loop
      vertex 165.652 -32.975 2
      vertex 165.877 -32.9964 1.6
      vertex 165.652 -32.975 1.6
    endloop
  endfacet
  facet normal 0.353294 0.935513 -0
    outer loop
      vertex 165.652 -32.975 1.6
      vertex 165.482 -32.9108 2
      vertex 165.652 -32.975 2
    endloop
  endfacet
  facet normal 0.353294 0.935513 0
    outer loop
      vertex 165.482 -32.9108 2
      vertex 165.652 -32.975 1.6
      vertex 165.482 -32.9108 1.6
    endloop
  endfacet
  facet normal 0.684389 0.729117 -0
    outer loop
      vertex 165.482 -32.9108 1.6
      vertex 165.363 -32.7991 2
      vertex 165.482 -32.9108 2
    endloop
  endfacet
  facet normal 0.684389 0.729117 0
    outer loop
      vertex 165.363 -32.7991 2
      vertex 165.482 -32.9108 1.6
      vertex 165.363 -32.7991 1.6
    endloop
  endfacet
  facet normal 0.913397 0.40707 0
    outer loop
      vertex 165.363 -32.7991 2
      vertex 165.29 -32.6353 1.6
      vertex 165.29 -32.6353 2
    endloop
  endfacet
  facet normal 0.913397 0.40707 0
    outer loop
      vertex 165.29 -32.6353 1.6
      vertex 165.363 -32.7991 2
      vertex 165.363 -32.7991 1.6
    endloop
  endfacet
  facet normal -0.162809 0.986658 0
    outer loop
      vertex 165.29 -32.6353 1.6
      vertex 164.807 -32.715 2
      vertex 165.29 -32.6353 2
    endloop
  endfacet
  facet normal -0.162809 0.986658 0
    outer loop
      vertex 164.807 -32.715 2
      vertex 165.29 -32.6353 1.6
      vertex 164.807 -32.715 1.6
    endloop
  endfacet
  facet normal -0.922224 -0.386657 0
    outer loop
      vertex 164.928 -33.0036 1.6
      vertex 164.807 -32.715 2
      vertex 164.807 -32.715 1.6
    endloop
  endfacet
  facet normal -0.922224 -0.386657 0
    outer loop
      vertex 164.807 -32.715 2
      vertex 164.928 -33.0036 1.6
      vertex 164.928 -33.0036 2
    endloop
  endfacet
  facet normal -0.689546 -0.724242 0
    outer loop
      vertex 164.928 -33.0036 1.6
      vertex 165.143 -33.2083 2
      vertex 164.928 -33.0036 2
    endloop
  endfacet
  facet normal -0.689546 -0.724242 -0
    outer loop
      vertex 165.143 -33.2083 2
      vertex 164.928 -33.0036 1.6
      vertex 165.143 -33.2083 1.6
    endloop
  endfacet
  facet normal -0.366469 -0.93043 0
    outer loop
      vertex 165.143 -33.2083 1.6
      vertex 165.453 -33.3304 2
      vertex 165.143 -33.2083 2
    endloop
  endfacet
  facet normal -0.366469 -0.93043 -0
    outer loop
      vertex 165.453 -33.3304 2
      vertex 165.143 -33.2083 1.6
      vertex 165.453 -33.3304 1.6
    endloop
  endfacet
  facet normal -0.0987828 -0.995109 0
    outer loop
      vertex 165.453 -33.3304 1.6
      vertex 165.863 -33.3711 2
      vertex 165.453 -33.3304 2
    endloop
  endfacet
  facet normal -0.0987828 -0.995109 -0
    outer loop
      vertex 165.863 -33.3711 2
      vertex 165.453 -33.3304 1.6
      vertex 165.863 -33.3711 1.6
    endloop
  endfacet
  facet normal 0.104171 -0.994559 0
    outer loop
      vertex 165.863 -33.3711 1.6
      vertex 166.306 -33.3247 2
      vertex 165.863 -33.3711 2
    endloop
  endfacet
  facet normal 0.104171 -0.994559 0
    outer loop
      vertex 166.306 -33.3247 2
      vertex 165.863 -33.3711 1.6
      vertex 166.306 -33.3247 1.6
    endloop
  endfacet
  facet normal 0 -1 0
    outer loop
      vertex 161.107 -32.4607 1.6
      vertex 162.329 -32.4607 2
      vertex 161.107 -32.4607 2
    endloop
  endfacet
  facet normal 0 -1 -0
    outer loop
      vertex 162.329 -32.4607 2
      vertex 161.107 -32.4607 1.6
      vertex 162.329 -32.4607 1.6
    endloop
  endfacet
  facet normal 1 -0 0
    outer loop
      vertex 162.329 -32.4607 2
      vertex 162.329 -32.0742 1.6
      vertex 162.329 -32.0742 2
    endloop
  endfacet
  facet normal 1 0 0
    outer loop
      vertex 162.329 -32.0742 1.6
      vertex 162.329 -32.4607 2
      vertex 162.329 -32.4607 1.6
    endloop
  endfacet
  facet normal 0 1 -0
    outer loop
      vertex 162.329 -32.0742 1.6
      vertex 161.107 -32.0742 2
      vertex 162.329 -32.0742 2
    endloop
  endfacet
  facet normal 0 1 0
    outer loop
      vertex 161.107 -32.0742 2
      vertex 162.329 -32.0742 1.6
      vertex 161.107 -32.0742 1.6
    endloop
  endfacet
  facet normal 1 -0 0
    outer loop
      vertex 161.107 -32.0742 2
      vertex 161.107 -31.335 1.6
      vertex 161.107 -31.335 2
    endloop
  endfacet
  facet normal 1 0 0
    outer loop
      vertex 161.107 -31.335 1.6
      vertex 161.107 -32.0742 2
      vertex 161.107 -32.0742 1.6
    endloop
  endfacet
  facet normal 0 -1 0
    outer loop
      vertex 161.107 -31.335 1.6
      vertex 162.368 -31.335 2
      vertex 161.107 -31.335 2
    endloop
  endfacet
  facet normal 0 -1 -0
    outer loop
      vertex 162.368 -31.335 2
      vertex 161.107 -31.335 1.6
      vertex 162.368 -31.335 1.6
    endloop
  endfacet
  facet normal 1 -0 0
    outer loop
      vertex 162.368 -31.335 2
      vertex 162.368 -30.9485 1.6
      vertex 162.368 -30.9485 2
    endloop
  endfacet
  facet normal 1 0 0
    outer loop
      vertex 162.368 -30.9485 1.6
      vertex 162.368 -31.335 2
      vertex 162.368 -31.335 1.6
    endloop
  endfacet
  facet normal 0 1 -0
    outer loop
      vertex 162.368 -30.9485 1.6
      vertex 160.606 -30.9485 2
      vertex 162.368 -30.9485 2
    endloop
  endfacet
  facet normal 0 1 0
    outer loop
      vertex 160.606 -30.9485 2
      vertex 162.368 -30.9485 1.6
      vertex 160.606 -30.9485 1.6
    endloop
  endfacet
  facet normal -1 0 0
    outer loop
      vertex 160.606 -33.3372 1.6
      vertex 160.606 -30.9485 2
      vertex 160.606 -30.9485 1.6
    endloop
  endfacet
  facet normal -1 -0 0
    outer loop
      vertex 160.606 -30.9485 2
      vertex 160.606 -33.3372 1.6
      vertex 160.606 -33.3372 2
    endloop
  endfacet
  facet normal 0 -1 0
    outer loop
      vertex 160.606 -33.3372 1.6
      vertex 161.107 -33.3372 2
      vertex 160.606 -33.3372 2
    endloop
  endfacet
  facet normal 0 -1 -0
    outer loop
      vertex 161.107 -33.3372 2
      vertex 160.606 -33.3372 1.6
      vertex 161.107 -33.3372 1.6
    endloop
  endfacet
  facet normal 1 -0 0
    outer loop
      vertex 161.107 -33.3372 2
      vertex 161.107 -32.4607 1.6
      vertex 161.107 -32.4607 2
    endloop
  endfacet
  facet normal 1 0 0
    outer loop
      vertex 161.107 -32.4607 1.6
      vertex 161.107 -33.3372 2
      vertex 161.107 -33.3372 1.6
    endloop
  endfacet
  facet normal 0 -1 0
    outer loop
      vertex 163.057 -32.7269 1.6
      vertex 163.967 -32.7269 2
      vertex 163.057 -32.7269 2
    endloop
  endfacet
  facet normal 0 -1 -0
    outer loop
      vertex 163.967 -32.7269 2
      vertex 163.057 -32.7269 1.6
      vertex 163.967 -32.7269 1.6
    endloop
  endfacet
  facet normal -0.94463 -0.328136 0
    outer loop
      vertex 164.179 -33.3372 1.6
      vertex 163.967 -32.7269 2
      vertex 163.967 -32.7269 1.6
    endloop
  endfacet
  facet normal -0.94463 -0.328136 0
    outer loop
      vertex 163.967 -32.7269 2
      vertex 164.179 -33.3372 1.6
      vertex 164.179 -33.3372 2
    endloop
  endfacet
  facet normal 0 -1 0
    outer loop
      vertex 164.179 -33.3372 1.6
      vertex 164.674 -33.3372 2
      vertex 164.179 -33.3372 2
    endloop
  endfacet
  facet normal 0 -1 -0
    outer loop
      vertex 164.674 -33.3372 2
      vertex 164.179 -33.3372 1.6
      vertex 164.674 -33.3372 1.6
    endloop
  endfacet
  facet normal 0.939872 0.341528 0
    outer loop
      vertex 164.674 -33.3372 2
      vertex 163.806 -30.9485 1.6
      vertex 163.806 -30.9485 2
    endloop
  endfacet
  facet normal 0.939872 0.341528 0
    outer loop
      vertex 163.806 -30.9485 1.6
      vertex 164.674 -33.3372 2
      vertex 164.674 -33.3372 1.6
    endloop
  endfacet
  facet normal 0 1 -0
    outer loop
      vertex 163.806 -30.9485 1.6
      vertex 163.216 -30.9485 2
      vertex 163.806 -30.9485 2
    endloop
  endfacet
  facet normal 0 1 0
    outer loop
      vertex 163.216 -30.9485 2
      vertex 163.806 -30.9485 1.6
      vertex 163.216 -30.9485 1.6
    endloop
  endfacet
  facet normal -0.939492 0.34257 0
    outer loop
      vertex 162.345 -33.3372 1.6
      vertex 163.216 -30.9485 2
      vertex 163.216 -30.9485 1.6
    endloop
  endfacet
  facet normal -0.939492 0.34257 0
    outer loop
      vertex 163.216 -30.9485 2
      vertex 162.345 -33.3372 1.6
      vertex 162.345 -33.3372 2
    endloop
  endfacet
  facet normal 0 -1 0
    outer loop
      vertex 162.345 -33.3372 1.6
      vertex 162.845 -33.3372 2
      vertex 162.345 -33.3372 2
    endloop
  endfacet
  facet normal 0 -1 -0
    outer loop
      vertex 162.845 -33.3372 2
      vertex 162.345 -33.3372 1.6
      vertex 162.845 -33.3372 1.6
    endloop
  endfacet
  facet normal 0.94463 -0.328136 0
    outer loop
      vertex 162.845 -33.3372 2
      vertex 163.057 -32.7269 1.6
      vertex 163.057 -32.7269 2
    endloop
  endfacet
  facet normal 0.94463 -0.328136 0
    outer loop
      vertex 163.057 -32.7269 1.6
      vertex 162.845 -33.3372 2
      vertex 162.845 -33.3372 1.6
    endloop
  endfacet
  facet normal 0.946053 -0.324012 0
    outer loop
      vertex 163.169 -32.3505 2
      vertex 163.376 -31.7461 1.6
      vertex 163.376 -31.7461 2
    endloop
  endfacet
  facet normal 0.946053 -0.324012 0
    outer loop
      vertex 163.376 -31.7461 1.6
      vertex 163.169 -32.3505 2
      vertex 163.169 -32.3505 1.6
    endloop
  endfacet
  facet normal 0.949206 -0.314654 0
    outer loop
      vertex 163.376 -31.7461 2
      vertex 163.46 -31.4927 1.6
      vertex 163.46 -31.4927 2
    endloop
  endfacet
  facet normal 0.949206 -0.314654 0
    outer loop
      vertex 163.46 -31.4927 1.6
      vertex 163.376 -31.7461 2
      vertex 163.376 -31.7461 1.6
    endloop
  endfacet
  facet normal 0.958325 -0.28568 0
    outer loop
      vertex 163.46 -31.4927 2
      vertex 163.482 -31.4189 1.6
      vertex 163.482 -31.4189 2
    endloop
  endfacet
  facet normal 0.958325 -0.28568 0
    outer loop
      vertex 163.482 -31.4189 1.6
      vertex 163.46 -31.4927 2
      vertex 163.46 -31.4927 1.6
    endloop
  endfacet
  facet normal 0.960066 -0.279774 0
    outer loop
      vertex 163.482 -31.4189 2
      vertex 163.501 -31.3537 1.6
      vertex 163.501 -31.3537 2
    endloop
  endfacet
  facet normal 0.960066 -0.279774 0
    outer loop
      vertex 163.501 -31.3537 1.6
      vertex 163.482 -31.4189 2
      vertex 163.482 -31.4189 1.6
    endloop
  endfacet
  facet normal 0.96589 -0.258952 0
    outer loop
      vertex 163.501 -31.3537 2
      vertex 163.511 -31.3164 1.6
      vertex 163.511 -31.3164 2
    endloop
  endfacet
  facet normal 0.96589 -0.258952 0
    outer loop
      vertex 163.511 -31.3164 1.6
      vertex 163.501 -31.3537 2
      vertex 163.501 -31.3537 1.6
    endloop
  endfacet
  facet normal -0.955779 -0.294086 0
    outer loop
      vertex 163.547 -31.4334 1.6
      vertex 163.511 -31.3164 2
      vertex 163.511 -31.3164 1.6
    endloop
  endfacet
  facet normal -0.955779 -0.294086 0
    outer loop
      vertex 163.511 -31.3164 2
      vertex 163.547 -31.4334 1.6
      vertex 163.547 -31.4334 2
    endloop
  endfacet
  facet normal -0.953332 -0.301923 0
    outer loop
      vertex 163.62 -31.6639 1.6
      vertex 163.547 -31.4334 2
      vertex 163.547 -31.4334 1.6
    endloop
  endfacet
  facet normal -0.953332 -0.301923 0
    outer loop
      vertex 163.547 -31.4334 2
      vertex 163.62 -31.6639 1.6
      vertex 163.62 -31.6639 2
    endloop
  endfacet
  facet normal -0.946117 -0.323824 0
    outer loop
      vertex 163.855 -32.3505 1.6
      vertex 163.62 -31.6639 2
      vertex 163.62 -31.6639 1.6
    endloop
  endfacet
  facet normal -0.946117 -0.323824 0
    outer loop
      vertex 163.62 -31.6639 2
      vertex 163.855 -32.3505 1.6
      vertex 163.855 -32.3505 2
    endloop
  endfacet
  facet normal 0 1 -0
    outer loop
      vertex 163.855 -32.3505 1.6
      vertex 163.169 -32.3505 2
      vertex 163.855 -32.3505 2
    endloop
  endfacet
  facet normal 0 1 0
    outer loop
      vertex 163.169 -32.3505 2
      vertex 163.855 -32.3505 1.6
      vertex 163.169 -32.3505 1.6
    endloop
  endfacet
  facet normal 0 -1 0
    outer loop
      vertex 168.279 -31.335 1.6
      vertex 169.052 -31.335 2
      vertex 168.279 -31.335 2
    endloop
  endfacet
  facet normal 0 -1 -0
    outer loop
      vertex 169.052 -31.335 2
      vertex 168.279 -31.335 1.6
      vertex 169.052 -31.335 1.6
    endloop
  endfacet
  facet normal 1 -0 0
    outer loop
      vertex 169.052 -31.335 2
      vertex 169.052 -30.9485 1.6
      vertex 169.052 -30.9485 2
    endloop
  endfacet
  facet normal 1 0 0
    outer loop
      vertex 169.052 -30.9485 1.6
      vertex 169.052 -31.335 2
      vertex 169.052 -31.335 1.6
    endloop
  endfacet
  facet normal 0 1 -0
    outer loop
      vertex 169.052 -30.9485 1.6
      vertex 167.008 -30.9485 2
      vertex 169.052 -30.9485 2
    endloop
  endfacet
  facet normal 0 1 0
    outer loop
      vertex 167.008 -30.9485 2
      vertex 169.052 -30.9485 1.6
      vertex 167.008 -30.9485 1.6
    endloop
  endfacet
  facet normal -1 0 0
    outer loop
      vertex 167.008 -31.335 1.6
      vertex 167.008 -30.9485 2
      vertex 167.008 -30.9485 1.6
    endloop
  endfacet
  facet normal -1 -0 0
    outer loop
      vertex 167.008 -30.9485 2
      vertex 167.008 -31.335 1.6
      vertex 167.008 -31.335 2
    endloop
  endfacet
  facet normal 0 -1 0
    outer loop
      vertex 167.008 -31.335 1.6
      vertex 167.779 -31.335 2
      vertex 167.008 -31.335 2
    endloop
  endfacet
  facet normal 0 -1 -0
    outer loop
      vertex 167.779 -31.335 2
      vertex 167.008 -31.335 1.6
      vertex 167.779 -31.335 1.6
    endloop
  endfacet
  facet normal -1 0 0
    outer loop
      vertex 167.779 -33.3372 1.6
      vertex 167.779 -31.335 2
      vertex 167.779 -31.335 1.6
    endloop
  endfacet
  facet normal -1 -0 0
    outer loop
      vertex 167.779 -31.335 2
      vertex 167.779 -33.3372 1.6
      vertex 167.779 -33.3372 2
    endloop
  endfacet
  facet normal 0 -1 0
    outer loop
      vertex 167.779 -33.3372 1.6
      vertex 168.279 -33.3372 2
      vertex 167.779 -33.3372 2
    endloop
  endfacet
  facet normal 0 -1 -0
    outer loop
      vertex 168.279 -33.3372 2
      vertex 167.779 -33.3372 1.6
      vertex 168.279 -33.3372 1.6
    endloop
  endfacet
  facet normal 1 -0 0
    outer loop
      vertex 168.279 -33.3372 2
      vertex 168.279 -31.335 1.6
      vertex 168.279 -31.335 2
    endloop
  endfacet
  facet normal 1 0 0
    outer loop
      vertex 168.279 -31.335 1.6
      vertex 168.279 -33.3372 2
      vertex 168.279 -33.3372 1.6
    endloop
  endfacet
  facet normal 0 1 -0
    outer loop
      vertex 170.874 -32.9828 1.6
      vertex 170.327 -32.9828 2
      vertex 170.874 -32.9828 2
    endloop
  endfacet
  facet normal 0 1 0
    outer loop
      vertex 170.327 -32.9828 2
      vertex 170.874 -32.9828 1.6
      vertex 170.327 -32.9828 1.6
    endloop
  endfacet
  facet normal 1 -0 0
    outer loop
      vertex 170.327 -32.9828 2
      vertex 170.327 -30.9485 1.6
      vertex 170.327 -30.9485 2
    endloop
  endfacet
  facet normal 1 0 0
    outer loop
      vertex 170.327 -30.9485 1.6
      vertex 170.327 -32.9828 2
      vertex 170.327 -32.9828 1.6
    endloop
  endfacet
  facet normal 0 1 -0
    outer loop
      vertex 170.327 -30.9485 1.6
      vertex 169.876 -30.9485 2
      vertex 170.327 -30.9485 2
    endloop
  endfacet
  facet normal 0 1 0
    outer loop
      vertex 169.876 -30.9485 2
      vertex 170.327 -30.9485 1.6
      vertex 169.876 -30.9485 1.6
    endloop
  endfacet
  facet normal -0.543855 0.839179 0
    outer loop
      vertex 169.876 -30.9485 1.6
      vertex 169.277 -31.3367 2
      vertex 169.876 -30.9485 2
    endloop
  endfacet
  facet normal -0.543855 0.839179 0
    outer loop
      vertex 169.277 -31.3367 2
      vertex 169.876 -30.9485 1.6
      vertex 169.277 -31.3367 1.6
    endloop
  endfacet
  facet normal -1 0 0
    outer loop
      vertex 169.277 -31.7114 1.6
      vertex 169.277 -31.3367 2
      vertex 169.277 -31.3367 1.6
    endloop
  endfacet
  facet normal -1 -0 0
    outer loop
      vertex 169.277 -31.3367 2
      vertex 169.277 -31.7114 1.6
      vertex 169.277 -31.7114 2
    endloop
  endfacet
  facet normal 0.529546 -0.848281 0
    outer loop
      vertex 169.277 -31.7114 1.6
      vertex 169.85 -31.3537 2
      vertex 169.277 -31.7114 2
    endloop
  endfacet
  facet normal 0.529546 -0.848281 0
    outer loop
      vertex 169.85 -31.3537 2
      vertex 169.277 -31.7114 1.6
      vertex 169.85 -31.3537 1.6
    endloop
  endfacet
  facet normal -1 0 0
    outer loop
      vertex 169.85 -32.9828 1.6
      vertex 169.85 -31.3537 2
      vertex 169.85 -31.3537 1.6
    endloop
  endfacet
  facet normal -1 -0 0
    outer loop
      vertex 169.85 -31.3537 2
      vertex 169.85 -32.9828 1.6
      vertex 169.85 -32.9828 2
    endloop
  endfacet
  facet normal 0 1 -0
    outer loop
      vertex 169.85 -32.9828 1.6
      vertex 169.259 -32.9828 2
      vertex 169.85 -32.9828 2
    endloop
  endfacet
  facet normal 0 1 0
    outer loop
      vertex 169.259 -32.9828 2
      vertex 169.85 -32.9828 1.6
      vertex 169.259 -32.9828 1.6
    endloop
  endfacet
  facet normal -1 0 0
    outer loop
      vertex 169.259 -33.3372 1.6
      vertex 169.259 -32.9828 2
      vertex 169.259 -32.9828 1.6
    endloop
  endfacet
  facet normal -1 -0 0
    outer loop
      vertex 169.259 -32.9828 2
      vertex 169.259 -33.3372 1.6
      vertex 169.259 -33.3372 2
    endloop
  endfacet
  facet normal 0 -1 0
    outer loop
      vertex 169.259 -33.3372 1.6
      vertex 170.874 -33.3372 2
      vertex 169.259 -33.3372 2
    endloop
  endfacet
  facet normal 0 -1 -0
    outer loop
      vertex 170.874 -33.3372 2
      vertex 169.259 -33.3372 1.6
      vertex 170.874 -33.3372 1.6
    endloop
  endfacet
  facet normal 1 -0 0
    outer loop
      vertex 170.874 -33.3372 2
      vertex 170.874 -32.9828 1.6
      vertex 170.874 -32.9828 2
    endloop
  endfacet
  facet normal 1 0 0
    outer loop
      vertex 170.874 -32.9828 1.6
      vertex 170.874 -33.3372 2
      vertex 170.874 -33.3372 1.6
    endloop
  endfacet
  facet normal 0 0 -1
    outer loop
      vertex 74.7206 -50.7089 1.6
      vertex 73.9221 -50.3325 1.6
      vertex 74.6087 -50.3325 1.6
    endloop
  endfacet
  facet normal 0 -0 -1
    outer loop
      vertex 73.9221 -50.3325 1.6
      vertex 74.7206 -50.7089 1.6
      vertex 73.8102 -50.7089 1.6
    endloop
  endfacet
  facet normal 0 0 -1
    outer loop
      vertex 74.7206 -50.7089 1.6
      vertex 75.4275 -51.3192 1.6
      vertex 74.9325 -51.3192 1.6
    endloop
  endfacet
  facet normal 0 0 -1
    outer loop
      vertex 74.6087 -50.3325 1.6
      vertex 75.4275 -51.3192 1.6
      vertex 74.7206 -50.7089 1.6
    endloop
  endfacet
  facet normal 0 0 -1
    outer loop
      vertex 74.6087 -50.3325 1.6
      vertex 74.5595 -48.9305 1.6
      vertex 75.4275 -51.3192 1.6
    endloop
  endfacet
  facet normal 0 0 -1
    outer loop
      vertex 74.373 -49.646 1.6
      vertex 74.5595 -48.9305 1.6
      vertex 74.6087 -50.3325 1.6
    endloop
  endfacet
  facet normal 0 0 -1
    outer loop
      vertex 74.3001 -49.4154 1.6
      vertex 74.5595 -48.9305 1.6
      vertex 74.373 -49.646 1.6
    endloop
  endfacet
  facet normal 0 0 -1
    outer loop
      vertex 74.2645 -49.2984 1.6
      vertex 74.5595 -48.9305 1.6
      vertex 74.3001 -49.4154 1.6
    endloop
  endfacet
  facet normal 0 0 -1
    outer loop
      vertex 73.9695 -48.9305 1.6
      vertex 74.2544 -49.3357 1.6
      vertex 74.2357 -49.401 1.6
    endloop
  endfacet
  facet normal 0 0 -1
    outer loop
      vertex 73.9695 -48.9305 1.6
      vertex 74.2357 -49.401 1.6
      vertex 74.2137 -49.4747 1.6
    endloop
  endfacet
  facet normal 0 0 -1
    outer loop
      vertex 73.9695 -48.9305 1.6
      vertex 74.2137 -49.4747 1.6
      vertex 74.1289 -49.7282 1.6
    endloop
  endfacet
  facet normal 0 0 -1
    outer loop
      vertex 74.2645 -49.2984 1.6
      vertex 73.9695 -48.9305 1.6
      vertex 74.5595 -48.9305 1.6
    endloop
  endfacet
  facet normal 0 0 -1
    outer loop
      vertex 74.2544 -49.3357 1.6
      vertex 73.9695 -48.9305 1.6
      vertex 74.2645 -49.2984 1.6
    endloop
  endfacet
  facet normal 0 0 -1
    outer loop
      vertex 73.9221 -50.3325 1.6
      vertex 73.9695 -48.9305 1.6
      vertex 74.1289 -49.7282 1.6
    endloop
  endfacet
  facet normal 0 0 -1
    outer loop
      vertex 73.0981 -51.3192 1.6
      vertex 73.9221 -50.3325 1.6
      vertex 73.8102 -50.7089 1.6
    endloop
  endfacet
  facet normal 0 0 -1
    outer loop
      vertex 73.0981 -51.3192 1.6
      vertex 73.8102 -50.7089 1.6
      vertex 73.5983 -51.3192 1.6
    endloop
  endfacet
  facet normal -0 0 -1
    outer loop
      vertex 73.9221 -50.3325 1.6
      vertex 73.0981 -51.3192 1.6
      vertex 73.9695 -48.9305 1.6
    endloop
  endfacet
  facet normal 0 0 -1
    outer loop
      vertex 75.6927 -51.3192 1.6
      vertex 76.1928 -48.9305 1.6
      vertex 76.1928 -51.3192 1.6
    endloop
  endfacet
  facet normal -0 0 -1
    outer loop
      vertex 76.1928 -48.9305 1.6
      vertex 75.6927 -51.3192 1.6
      vertex 75.6927 -48.9305 1.6
    endloop
  endfacet
  facet normal 0 0 -1
    outer loop
      vertex 77.7469 -50.5343 1.6
      vertex 78.2368 -50.5241 1.6
      vertex 78.1777 -50.8651 1.6
    endloop
  endfacet
  facet normal 0 0 -1
    outer loop
      vertex 77.7219 -50.365 1.6
      vertex 78.2368 -50.5241 1.6
      vertex 77.7469 -50.5343 1.6
    endloop
  endfacet
  facet normal 0 0 -1
    outer loop
      vertex 77.7204 -50.7229 1.6
      vertex 78.1777 -50.8651 1.6
      vertex 78.0003 -51.1285 1.6
    endloop
  endfacet
  facet normal 0 0 -1
    outer loop
      vertex 78.2368 -50.5241 1.6
      vertex 77.7219 -50.365 1.6
      vertex 78.1858 -50.1978 1.6
    endloop
  endfacet
  facet normal -0 0 -1
    outer loop
      vertex 78.1858 -50.1978 1.6
      vertex 77.7219 -50.365 1.6
      vertex 78.0325 -49.9477 1.6
    endloop
  endfacet
  facet normal 0 0 -1
    outer loop
      vertex 78.1777 -50.8651 1.6
      vertex 77.7204 -50.7229 1.6
      vertex 77.7469 -50.5343 1.6
    endloop
  endfacet
  facet normal 0 0 -1
    outer loop
      vertex 77.6409 -50.8615 1.6
      vertex 78.0003 -51.1285 1.6
      vertex 77.72 -51.297 1.6
    endloop
  endfacet
  facet normal 0 0 -1
    outer loop
      vertex 78.0003 -51.1285 1.6
      vertex 77.6409 -50.8615 1.6
      vertex 77.7204 -50.7229 1.6
    endloop
  endfacet
  facet normal 0 0 -1
    outer loop
      vertex 77.72 -51.297 1.6
      vertex 77.517 -50.9467 1.6
      vertex 77.6409 -50.8615 1.6
    endloop
  endfacet
  facet normal 0 0 -1
    outer loop
      vertex 77.3519 -51.3531 1.6
      vertex 77.517 -50.9467 1.6
      vertex 77.72 -51.297 1.6
    endloop
  endfacet
  facet normal 0 0 -1
    outer loop
      vertex 77.517 -50.9467 1.6
      vertex 77.3519 -51.3531 1.6
      vertex 77.357 -50.9751 1.6
    endloop
  endfacet
  facet normal 0 0 -1
    outer loop
      vertex 77.3519 -51.3531 1.6
      vertex 77.2252 -50.9577 1.6
      vertex 77.357 -50.9751 1.6
    endloop
  endfacet
  facet normal 0 0 -1
    outer loop
      vertex 77.0283 -51.3126 1.6
      vertex 77.2252 -50.9577 1.6
      vertex 77.3519 -51.3531 1.6
    endloop
  endfacet
  facet normal -0 0 -1
    outer loop
      vertex 77.2252 -50.9577 1.6
      vertex 77.0283 -51.3126 1.6
      vertex 77.1179 -50.9056 1.6
    endloop
  endfacet
  facet normal 0 0 -1
    outer loop
      vertex 76.7763 -51.1912 1.6
      vertex 77.1179 -50.9056 1.6
      vertex 77.0283 -51.3126 1.6
    endloop
  endfacet
  facet normal -0 0 -1
    outer loop
      vertex 77.1179 -50.9056 1.6
      vertex 76.7763 -51.1912 1.6
      vertex 77.0374 -50.8153 1.6
    endloop
  endfacet
  facet normal 0 0 -1
    outer loop
      vertex 76.6015 -50.9931 1.6
      vertex 77.0374 -50.8153 1.6
      vertex 76.7763 -51.1912 1.6
    endloop
  endfacet
  facet normal -0 0 -1
    outer loop
      vertex 77.0374 -50.8153 1.6
      vertex 76.6015 -50.9931 1.6
      vertex 76.9857 -50.6835 1.6
    endloop
  endfacet
  facet normal 0 0 -1
    outer loop
      vertex 76.9857 -50.6835 1.6
      vertex 76.6015 -50.9931 1.6
      vertex 76.5093 -50.7225 1.6
    endloop
  endfacet
  facet normal 0 0 -1
    outer loop
      vertex 77.6469 -50.2334 1.6
      vertex 78.0325 -49.9477 1.6
      vertex 77.7219 -50.365 1.6
    endloop
  endfacet
  facet normal -0 0 -1
    outer loop
      vertex 78.0325 -49.9477 1.6
      vertex 77.6469 -50.2334 1.6
      vertex 77.7941 -49.7888 1.6
    endloop
  endfacet
  facet normal 0 0 -1
    outer loop
      vertex 77.5269 -50.1488 1.6
      vertex 77.7941 -49.7888 1.6
      vertex 77.6469 -50.2334 1.6
    endloop
  endfacet
  facet normal 0 0 -1
    outer loop
      vertex 77.5269 -50.1488 1.6
      vertex 77.4875 -49.7358 1.6
      vertex 77.7941 -49.7888 1.6
    endloop
  endfacet
  facet normal 0 0 -1
    outer loop
      vertex 77.3671 -50.1207 1.6
      vertex 77.4875 -49.7358 1.6
      vertex 77.5269 -50.1488 1.6
    endloop
  endfacet
  facet normal 0 0 -1
    outer loop
      vertex 77.3671 -50.1207 1.6
      vertex 77.2497 -49.7739 1.6
      vertex 77.4875 -49.7358 1.6
    endloop
  endfacet
  facet normal 0 0 -1
    outer loop
      vertex 77.187 -50.1592 1.6
      vertex 77.2497 -49.7739 1.6
      vertex 77.3671 -50.1207 1.6
    endloop
  endfacet
  facet normal 0 0 -1
    outer loop
      vertex 77.187 -50.1592 1.6
      vertex 77.0552 -49.8884 1.6
      vertex 77.2497 -49.7739 1.6
    endloop
  endfacet
  facet normal 0 -0 -1
    outer loop
      vertex 77.0552 -49.8884 1.6
      vertex 77.187 -50.1592 1.6
      vertex 77.0433 -50.2749 1.6
    endloop
  endfacet
  facet normal 0 0 -1
    outer loop
      vertex 77.0942 -49.2849 1.6
      vertex 78.0978 -48.9305 1.6
      vertex 78.0978 -49.2849 1.6
    endloop
  endfacet
  facet normal 0 0 -1
    outer loop
      vertex 77.0942 -49.2849 1.6
      vertex 76.6619 -48.9305 1.6
      vertex 78.0978 -48.9305 1.6
    endloop
  endfacet
  facet normal 0 0 -1
    outer loop
      vertex 77.0552 -49.8884 1.6
      vertex 76.6619 -48.9305 1.6
      vertex 77.0942 -49.2849 1.6
    endloop
  endfacet
  facet normal 0 0 -1
    outer loop
      vertex 76.5788 -50.2749 1.6
      vertex 77.0552 -49.8884 1.6
      vertex 77.0433 -50.2749 1.6
    endloop
  endfacet
  facet normal -0 0 -1
    outer loop
      vertex 77.0552 -49.8884 1.6
      vertex 76.5788 -50.2749 1.6
      vertex 76.6619 -48.9305 1.6
    endloop
  endfacet
  facet normal 0 0 1
    outer loop
      vertex 75.4275 -51.3192 2
      vertex 74.7206 -50.7089 2
      vertex 74.9325 -51.3192 2
    endloop
  endfacet
  facet normal 0 0 1
    outer loop
      vertex 75.4275 -51.3192 2
      vertex 74.6087 -50.3325 2
      vertex 74.7206 -50.7089 2
    endloop
  endfacet
  facet normal 0 0 1
    outer loop
      vertex 74.5595 -48.9305 2
      vertex 74.6087 -50.3325 2
      vertex 75.4275 -51.3192 2
    endloop
  endfacet
  facet normal 0 0 1
    outer loop
      vertex 74.5595 -48.9305 2
      vertex 74.373 -49.646 2
      vertex 74.6087 -50.3325 2
    endloop
  endfacet
  facet normal 0 0 1
    outer loop
      vertex 74.5595 -48.9305 2
      vertex 74.3001 -49.4154 2
      vertex 74.373 -49.646 2
    endloop
  endfacet
  facet normal 0 0 1
    outer loop
      vertex 74.5595 -48.9305 2
      vertex 74.2645 -49.2984 2
      vertex 74.3001 -49.4154 2
    endloop
  endfacet
  facet normal 0 0 1
    outer loop
      vertex 73.9695 -48.9305 2
      vertex 74.2544 -49.3357 2
      vertex 74.2645 -49.2984 2
    endloop
  endfacet
  facet normal 0 0 1
    outer loop
      vertex 74.2544 -49.3357 2
      vertex 73.9695 -48.9305 2
      vertex 74.2357 -49.401 2
    endloop
  endfacet
  facet normal 0 0 1
    outer loop
      vertex 74.2357 -49.401 2
      vertex 73.9695 -48.9305 2
      vertex 74.2137 -49.4747 2
    endloop
  endfacet
  facet normal -0 0 1
    outer loop
      vertex 73.9695 -48.9305 2
      vertex 74.2645 -49.2984 2
      vertex 74.5595 -48.9305 2
    endloop
  endfacet
  facet normal 0 0 1
    outer loop
      vertex 74.2137 -49.4747 2
      vertex 73.9695 -48.9305 2
      vertex 74.1289 -49.7282 2
    endloop
  endfacet
  facet normal 0 0 1
    outer loop
      vertex 73.9695 -48.9305 2
      vertex 73.9221 -50.3325 2
      vertex 74.1289 -49.7282 2
    endloop
  endfacet
  facet normal 0 0 1
    outer loop
      vertex 73.0981 -51.3192 2
      vertex 73.9221 -50.3325 2
      vertex 73.9695 -48.9305 2
    endloop
  endfacet
  facet normal 0 0 1
    outer loop
      vertex 73.9221 -50.3325 2
      vertex 73.0981 -51.3192 2
      vertex 73.8102 -50.7089 2
    endloop
  endfacet
  facet normal 0 0 1
    outer loop
      vertex 73.8102 -50.7089 2
      vertex 73.0981 -51.3192 2
      vertex 73.5983 -51.3192 2
    endloop
  endfacet
  facet normal -0 0 1
    outer loop
      vertex 73.9221 -50.3325 2
      vertex 74.7206 -50.7089 2
      vertex 74.6087 -50.3325 2
    endloop
  endfacet
  facet normal 0 0 1
    outer loop
      vertex 74.7206 -50.7089 2
      vertex 73.9221 -50.3325 2
      vertex 73.8102 -50.7089 2
    endloop
  endfacet
  facet normal -0 0 1
    outer loop
      vertex 75.6927 -48.9305 2
      vertex 76.1928 -51.3192 2
      vertex 76.1928 -48.9305 2
    endloop
  endfacet
  facet normal 0 0 1
    outer loop
      vertex 76.1928 -51.3192 2
      vertex 75.6927 -48.9305 2
      vertex 75.6927 -51.3192 2
    endloop
  endfacet
  facet normal 0 0 1
    outer loop
      vertex 78.0978 -48.9305 2
      vertex 77.0942 -49.2849 2
      vertex 78.0978 -49.2849 2
    endloop
  endfacet
  facet normal -0 0 1
    outer loop
      vertex 76.6619 -48.9305 2
      vertex 77.0942 -49.2849 2
      vertex 78.0978 -48.9305 2
    endloop
  endfacet
  facet normal 0 0 1
    outer loop
      vertex 76.6619 -48.9305 2
      vertex 77.0552 -49.8884 2
      vertex 77.0942 -49.2849 2
    endloop
  endfacet
  facet normal 0 0 1
    outer loop
      vertex 76.5788 -50.2749 2
      vertex 77.0552 -49.8884 2
      vertex 76.6619 -48.9305 2
    endloop
  endfacet
  facet normal 0 0 1
    outer loop
      vertex 77.0552 -49.8884 2
      vertex 76.5788 -50.2749 2
      vertex 77.0433 -50.2749 2
    endloop
  endfacet
  facet normal 0 0 1
    outer loop
      vertex 78.2368 -50.5241 2
      vertex 77.7219 -50.365 2
      vertex 77.7469 -50.5343 2
    endloop
  endfacet
  facet normal 0 0 1
    outer loop
      vertex 78.0325 -49.9477 2
      vertex 77.6469 -50.2334 2
      vertex 77.7219 -50.365 2
    endloop
  endfacet
  facet normal 0 0 1
    outer loop
      vertex 77.7941 -49.7888 2
      vertex 77.5269 -50.1488 2
      vertex 77.6469 -50.2334 2
    endloop
  endfacet
  facet normal 0 0 1
    outer loop
      vertex 77.4875 -49.7358 2
      vertex 77.5269 -50.1488 2
      vertex 77.7941 -49.7888 2
    endloop
  endfacet
  facet normal 0 0 1
    outer loop
      vertex 77.4875 -49.7358 2
      vertex 77.3671 -50.1207 2
      vertex 77.5269 -50.1488 2
    endloop
  endfacet
  facet normal -0 0 1
    outer loop
      vertex 77.2497 -49.7739 2
      vertex 77.3671 -50.1207 2
      vertex 77.4875 -49.7358 2
    endloop
  endfacet
  facet normal 0 0 1
    outer loop
      vertex 77.2497 -49.7739 2
      vertex 77.187 -50.1592 2
      vertex 77.3671 -50.1207 2
    endloop
  endfacet
  facet normal -0 0 1
    outer loop
      vertex 77.0552 -49.8884 2
      vertex 77.187 -50.1592 2
      vertex 77.2497 -49.7739 2
    endloop
  endfacet
  facet normal 0 0 1
    outer loop
      vertex 77.187 -50.1592 2
      vertex 77.0552 -49.8884 2
      vertex 77.0433 -50.2749 2
    endloop
  endfacet
  facet normal -0 0 1
    outer loop
      vertex 77.7219 -50.365 2
      vertex 78.2368 -50.5241 2
      vertex 78.1858 -50.1978 2
    endloop
  endfacet
  facet normal 0 0 1
    outer loop
      vertex 77.7219 -50.365 2
      vertex 78.1858 -50.1978 2
      vertex 78.0325 -49.9477 2
    endloop
  endfacet
  facet normal 0 0 1
    outer loop
      vertex 78.2368 -50.5241 2
      vertex 77.7469 -50.5343 2
      vertex 78.1777 -50.8651 2
    endloop
  endfacet
  facet normal 0 0 1
    outer loop
      vertex 77.6469 -50.2334 2
      vertex 78.0325 -49.9477 2
      vertex 77.7941 -49.7888 2
    endloop
  endfacet
  facet normal -0 0 1
    outer loop
      vertex 77.7204 -50.7229 2
      vertex 78.1777 -50.8651 2
      vertex 77.7469 -50.5343 2
    endloop
  endfacet
  facet normal 0 0 1
    outer loop
      vertex 78.1777 -50.8651 2
      vertex 77.7204 -50.7229 2
      vertex 78.0003 -51.1285 2
    endloop
  endfacet
  facet normal -0 0 1
    outer loop
      vertex 77.6409 -50.8615 2
      vertex 78.0003 -51.1285 2
      vertex 77.7204 -50.7229 2
    endloop
  endfacet
  facet normal 0 0 1
    outer loop
      vertex 78.0003 -51.1285 2
      vertex 77.6409 -50.8615 2
      vertex 77.72 -51.297 2
    endloop
  endfacet
  facet normal -0 0 1
    outer loop
      vertex 77.517 -50.9467 2
      vertex 77.72 -51.297 2
      vertex 77.6409 -50.8615 2
    endloop
  endfacet
  facet normal 0 0 1
    outer loop
      vertex 77.3519 -51.3531 2
      vertex 77.517 -50.9467 2
      vertex 77.357 -50.9751 2
    endloop
  endfacet
  facet normal 0 0 1
    outer loop
      vertex 77.517 -50.9467 2
      vertex 77.3519 -51.3531 2
      vertex 77.72 -51.297 2
    endloop
  endfacet
  facet normal 0 0 1
    outer loop
      vertex 77.2252 -50.9577 2
      vertex 77.3519 -51.3531 2
      vertex 77.357 -50.9751 2
    endloop
  endfacet
  facet normal 0 0 1
    outer loop
      vertex 77.0283 -51.3126 2
      vertex 77.2252 -50.9577 2
      vertex 77.1179 -50.9056 2
    endloop
  endfacet
  facet normal 0 0 1
    outer loop
      vertex 76.7763 -51.1912 2
      vertex 77.1179 -50.9056 2
      vertex 77.0374 -50.8153 2
    endloop
  endfacet
  facet normal 0 0 1
    outer loop
      vertex 77.2252 -50.9577 2
      vertex 77.0283 -51.3126 2
      vertex 77.3519 -51.3531 2
    endloop
  endfacet
  facet normal 0 0 1
    outer loop
      vertex 76.6015 -50.9931 2
      vertex 77.0374 -50.8153 2
      vertex 76.9857 -50.6835 2
    endloop
  endfacet
  facet normal 0 0 1
    outer loop
      vertex 77.1179 -50.9056 2
      vertex 76.7763 -51.1912 2
      vertex 77.0283 -51.3126 2
    endloop
  endfacet
  facet normal 0 0 1
    outer loop
      vertex 77.0374 -50.8153 2
      vertex 76.6015 -50.9931 2
      vertex 76.7763 -51.1912 2
    endloop
  endfacet
  facet normal 0 -0 1
    outer loop
      vertex 76.6015 -50.9931 2
      vertex 76.9857 -50.6835 2
      vertex 76.5093 -50.7225 2
    endloop
  endfacet
  facet normal 0 -1 0
    outer loop
      vertex 73.8102 -50.7089 1.6
      vertex 74.7206 -50.7089 2
      vertex 73.8102 -50.7089 2
    endloop
  endfacet
  facet normal 0 -1 -0
    outer loop
      vertex 74.7206 -50.7089 2
      vertex 73.8102 -50.7089 1.6
      vertex 74.7206 -50.7089 1.6
    endloop
  endfacet
  facet normal -0.944678 -0.327998 0
    outer loop
      vertex 74.9325 -51.3192 1.6
      vertex 74.7206 -50.7089 2
      vertex 74.7206 -50.7089 1.6
    endloop
  endfacet
  facet normal -0.944678 -0.327998 0
    outer loop
      vertex 74.7206 -50.7089 2
      vertex 74.9325 -51.3192 1.6
      vertex 74.9325 -51.3192 2
    endloop
  endfacet
  facet normal 0 -1 0
    outer loop
      vertex 74.9325 -51.3192 1.6
      vertex 75.4275 -51.3192 2
      vertex 74.9325 -51.3192 2
    endloop
  endfacet
  facet normal 0 -1 -0
    outer loop
      vertex 75.4275 -51.3192 2
      vertex 74.9325 -51.3192 1.6
      vertex 75.4275 -51.3192 1.6
    endloop
  endfacet
  facet normal 0.939872 0.341528 0
    outer loop
      vertex 75.4275 -51.3192 2
      vertex 74.5595 -48.9305 1.6
      vertex 74.5595 -48.9305 2
    endloop
  endfacet
  facet normal 0.939872 0.341528 0
    outer loop
      vertex 74.5595 -48.9305 1.6
      vertex 75.4275 -51.3192 2
      vertex 75.4275 -51.3192 1.6
    endloop
  endfacet
  facet normal 0 1 -0
    outer loop
      vertex 74.5595 -48.9305 1.6
      vertex 73.9695 -48.9305 2
      vertex 74.5595 -48.9305 2
    endloop
  endfacet
  facet normal 0 1 0
    outer loop
      vertex 73.9695 -48.9305 2
      vertex 74.5595 -48.9305 1.6
      vertex 73.9695 -48.9305 1.6
    endloop
  endfacet
  facet normal -0.939442 0.342709 0
    outer loop
      vertex 73.0981 -51.3192 1.6
      vertex 73.9695 -48.9305 2
      vertex 73.9695 -48.9305 1.6
    endloop
  endfacet
  facet normal -0.939442 0.342709 0
    outer loop
      vertex 73.9695 -48.9305 2
      vertex 73.0981 -51.3192 1.6
      vertex 73.0981 -51.3192 2
    endloop
  endfacet
  facet normal 0 -1 0
    outer loop
      vertex 73.0981 -51.3192 1.6
      vertex 73.5983 -51.3192 2
      vertex 73.0981 -51.3192 2
    endloop
  endfacet
  facet normal 0 -1 -0
    outer loop
      vertex 73.5983 -51.3192 2
      vertex 73.0981 -51.3192 1.6
      vertex 73.5983 -51.3192 1.6
    endloop
  endfacet
  facet normal 0.944678 -0.327998 0
    outer loop
      vertex 73.5983 -51.3192 2
      vertex 73.8102 -50.7089 1.6
      vertex 73.8102 -50.7089 2
    endloop
  endfacet
  facet normal 0.944678 -0.327998 0
    outer loop
      vertex 73.8102 -50.7089 1.6
      vertex 73.5983 -51.3192 2
      vertex 73.5983 -51.3192 1.6
    endloop
  endfacet
  facet normal 0.946132 -0.32378 0
    outer loop
      vertex 73.9221 -50.3325 2
      vertex 74.1289 -49.7282 1.6
      vertex 74.1289 -49.7282 2
    endloop
  endfacet
  facet normal 0.946132 -0.32378 0
    outer loop
      vertex 74.1289 -49.7282 1.6
      vertex 73.9221 -50.3325 2
      vertex 73.9221 -50.3325 1.6
    endloop
  endfacet
  facet normal 0.948346 -0.317238 0
    outer loop
      vertex 74.1289 -49.7282 2
      vertex 74.2137 -49.4747 1.6
      vertex 74.2137 -49.4747 2
    endloop
  endfacet
  facet normal 0.948346 -0.317238 0
    outer loop
      vertex 74.2137 -49.4747 1.6
      vertex 74.1289 -49.7282 2
      vertex 74.1289 -49.7282 1.6
    endloop
  endfacet
  facet normal 0.958219 -0.286036 0
    outer loop
      vertex 74.2137 -49.4747 2
      vertex 74.2357 -49.401 1.6
      vertex 74.2357 -49.401 2
    endloop
  endfacet
  facet normal 0.958219 -0.286036 0
    outer loop
      vertex 74.2357 -49.401 1.6
      vertex 74.2137 -49.4747 2
      vertex 74.2137 -49.4747 1.6
    endloop
  endfacet
  facet normal 0.961357 -0.275304 0
    outer loop
      vertex 74.2357 -49.401 2
      vertex 74.2544 -49.3357 1.6
      vertex 74.2544 -49.3357 2
    endloop
  endfacet
  facet normal 0.961357 -0.275304 0
    outer loop
      vertex 74.2544 -49.3357 1.6
      vertex 74.2357 -49.401 2
      vertex 74.2357 -49.401 1.6
    endloop
  endfacet
  facet normal 0.96524 -0.261365 0
    outer loop
      vertex 74.2544 -49.3357 2
      vertex 74.2645 -49.2984 1.6
      vertex 74.2645 -49.2984 2
    endloop
  endfacet
  facet normal 0.96524 -0.261365 0
    outer loop
      vertex 74.2645 -49.2984 1.6
      vertex 74.2544 -49.3357 2
      vertex 74.2544 -49.3357 1.6
    endloop
  endfacet
  facet normal -0.956694 -0.291097 0
    outer loop
      vertex 74.3001 -49.4154 1.6
      vertex 74.2645 -49.2984 2
      vertex 74.2645 -49.2984 1.6
    endloop
  endfacet
  facet normal -0.956694 -0.291097 0
    outer loop
      vertex 74.2645 -49.2984 2
      vertex 74.3001 -49.4154 1.6
      vertex 74.3001 -49.4154 2
    endloop
  endfacet
  facet normal -0.953489 -0.301428 0
    outer loop
      vertex 74.373 -49.646 1.6
      vertex 74.3001 -49.4154 2
      vertex 74.3001 -49.4154 1.6
    endloop
  endfacet
  facet normal -0.953489 -0.301428 0
    outer loop
      vertex 74.3001 -49.4154 2
      vertex 74.373 -49.646 1.6
      vertex 74.373 -49.646 2
    endloop
  endfacet
  facet normal -0.945807 -0.324729 0
    outer loop
      vertex 74.6087 -50.3325 1.6
      vertex 74.373 -49.646 2
      vertex 74.373 -49.646 1.6
    endloop
  endfacet
  facet normal -0.945807 -0.324729 0
    outer loop
      vertex 74.373 -49.646 2
      vertex 74.6087 -50.3325 1.6
      vertex 74.6087 -50.3325 2
    endloop
  endfacet
  facet normal 0 1 -0
    outer loop
      vertex 74.6087 -50.3325 1.6
      vertex 73.9221 -50.3325 2
      vertex 74.6087 -50.3325 2
    endloop
  endfacet
  facet normal 0 1 0
    outer loop
      vertex 73.9221 -50.3325 2
      vertex 74.6087 -50.3325 1.6
      vertex 73.9221 -50.3325 1.6
    endloop
  endfacet
  facet normal 0 1 -0
    outer loop
      vertex 76.1928 -48.9305 1.6
      vertex 75.6927 -48.9305 2
      vertex 76.1928 -48.9305 2
    endloop
  endfacet
  facet normal 0 1 0
    outer loop
      vertex 75.6927 -48.9305 2
      vertex 76.1928 -48.9305 1.6
      vertex 75.6927 -48.9305 1.6
    endloop
  endfacet
  facet normal -1 0 0
    outer loop
      vertex 75.6927 -51.3192 1.6
      vertex 75.6927 -48.9305 2
      vertex 75.6927 -48.9305 1.6
    endloop
  endfacet
  facet normal -1 -0 0
    outer loop
      vertex 75.6927 -48.9305 2
      vertex 75.6927 -51.3192 1.6
      vertex 75.6927 -51.3192 2
    endloop
  endfacet
  facet normal 0 -1 0
    outer loop
      vertex 75.6927 -51.3192 1.6
      vertex 76.1928 -51.3192 2
      vertex 75.6927 -51.3192 2
    endloop
  endfacet
  facet normal 0 -1 -0
    outer loop
      vertex 76.1928 -51.3192 2
      vertex 75.6927 -51.3192 1.6
      vertex 76.1928 -51.3192 1.6
    endloop
  endfacet
  facet normal 1 -0 0
    outer loop
      vertex 76.1928 -51.3192 2
      vertex 76.1928 -48.9305 1.6
      vertex 76.1928 -48.9305 2
    endloop
  endfacet
  facet normal 1 0 0
    outer loop
      vertex 76.1928 -48.9305 1.6
      vertex 76.1928 -51.3192 2
      vertex 76.1928 -51.3192 1.6
    endloop
  endfacet
  facet normal 0.515215 -0.857061 0
    outer loop
      vertex 77.72 -51.297 1.6
      vertex 78.0003 -51.1285 2
      vertex 77.72 -51.297 2
    endloop
  endfacet
  facet normal 0.515215 -0.857061 0
    outer loop
      vertex 78.0003 -51.1285 2
      vertex 77.72 -51.297 1.6
      vertex 78.0003 -51.1285 1.6
    endloop
  endfacet
  facet normal 0.829425 -0.558618 0
    outer loop
      vertex 78.0003 -51.1285 2
      vertex 78.1777 -50.8651 1.6
      vertex 78.1777 -50.8651 2
    endloop
  endfacet
  facet normal 0.829425 -0.558618 0
    outer loop
      vertex 78.1777 -50.8651 1.6
      vertex 78.0003 -51.1285 2
      vertex 78.0003 -51.1285 1.6
    endloop
  endfacet
  facet normal 0.985311 -0.170768 0
    outer loop
      vertex 78.1777 -50.8651 2
      vertex 78.2368 -50.5241 1.6
      vertex 78.2368 -50.5241 2
    endloop
  endfacet
  facet normal 0.985311 -0.170768 0
    outer loop
      vertex 78.2368 -50.5241 1.6
      vertex 78.1777 -50.8651 2
      vertex 78.1777 -50.8651 1.6
    endloop
  endfacet
  facet normal 0.988005 0.154423 0
    outer loop
      vertex 78.2368 -50.5241 2
      vertex 78.1858 -50.1978 1.6
      vertex 78.1858 -50.1978 2
    endloop
  endfacet
  facet normal 0.988005 0.154423 0
    outer loop
      vertex 78.1858 -50.1978 1.6
      vertex 78.2368 -50.5241 2
      vertex 78.2368 -50.5241 1.6
    endloop
  endfacet
  facet normal 0.852582 0.522594 0
    outer loop
      vertex 78.1858 -50.1978 2
      vertex 78.0325 -49.9477 1.6
      vertex 78.0325 -49.9477 2
    endloop
  endfacet
  facet normal 0.852582 0.522594 0
    outer loop
      vertex 78.0325 -49.9477 1.6
      vertex 78.1858 -50.1978 2
      vertex 78.1858 -50.1978 1.6
    endloop
  endfacet
  facet normal 0.55462 0.832104 -0
    outer loop
      vertex 78.0325 -49.9477 1.6
      vertex 77.7941 -49.7888 2
      vertex 78.0325 -49.9477 2
    endloop
  endfacet
  facet normal 0.55462 0.832104 0
    outer loop
      vertex 77.7941 -49.7888 2
      vertex 78.0325 -49.9477 1.6
      vertex 77.7941 -49.7888 1.6
    endloop
  endfacet
  facet normal 0.170337 0.985386 -0
    outer loop
      vertex 77.7941 -49.7888 1.6
      vertex 77.4875 -49.7358 2
      vertex 77.7941 -49.7888 2
    endloop
  endfacet
  facet normal 0.170337 0.985386 0
    outer loop
      vertex 77.4875 -49.7358 2
      vertex 77.7941 -49.7888 1.6
      vertex 77.4875 -49.7358 1.6
    endloop
  endfacet
  facet normal -0.158201 0.987407 0
    outer loop
      vertex 77.4875 -49.7358 1.6
      vertex 77.2497 -49.7739 2
      vertex 77.4875 -49.7358 2
    endloop
  endfacet
  facet normal -0.158201 0.987407 0
    outer loop
      vertex 77.2497 -49.7739 2
      vertex 77.4875 -49.7358 1.6
      vertex 77.2497 -49.7739 1.6
    endloop
  endfacet
  facet normal -0.507311 0.861763 0
    outer loop
      vertex 77.2497 -49.7739 1.6
      vertex 77.0552 -49.8884 2
      vertex 77.2497 -49.7739 2
    endloop
  endfacet
  facet normal -0.507311 0.861763 0
    outer loop
      vertex 77.0552 -49.8884 2
      vertex 77.2497 -49.7739 1.6
      vertex 77.0552 -49.8884 1.6
    endloop
  endfacet
  facet normal 0.997918 -0.0644885 0
    outer loop
      vertex 77.0552 -49.8884 2
      vertex 77.0942 -49.2849 1.6
      vertex 77.0942 -49.2849 2
    endloop
  endfacet
  facet normal 0.997918 -0.0644885 0
    outer loop
      vertex 77.0942 -49.2849 1.6
      vertex 77.0552 -49.8884 2
      vertex 77.0552 -49.8884 1.6
    endloop
  endfacet
  facet normal 0 -1 0
    outer loop
      vertex 77.0942 -49.2849 1.6
      vertex 78.0978 -49.2849 2
      vertex 77.0942 -49.2849 2
    endloop
  endfacet
  facet normal 0 -1 -0
    outer loop
      vertex 78.0978 -49.2849 2
      vertex 77.0942 -49.2849 1.6
      vertex 78.0978 -49.2849 1.6
    endloop
  endfacet
  facet normal 1 -0 0
    outer loop
      vertex 78.0978 -49.2849 2
      vertex 78.0978 -48.9305 1.6
      vertex 78.0978 -48.9305 2
    endloop
  endfacet
  facet normal 1 0 0
    outer loop
      vertex 78.0978 -48.9305 1.6
      vertex 78.0978 -49.2849 2
      vertex 78.0978 -49.2849 1.6
    endloop
  endfacet
  facet normal 0 1 -0
    outer loop
      vertex 78.0978 -48.9305 1.6
      vertex 76.6619 -48.9305 2
      vertex 78.0978 -48.9305 2
    endloop
  endfacet
  facet normal 0 1 0
    outer loop
      vertex 76.6619 -48.9305 2
      vertex 78.0978 -48.9305 1.6
      vertex 76.6619 -48.9305 1.6
    endloop
  endfacet
  facet normal -0.998095 0.0616942 0
    outer loop
      vertex 76.5788 -50.2749 1.6
      vertex 76.6619 -48.9305 2
      vertex 76.6619 -48.9305 1.6
    endloop
  endfacet
  facet normal -0.998095 0.0616942 0
    outer loop
      vertex 76.6619 -48.9305 2
      vertex 76.5788 -50.2749 1.6
      vertex 76.5788 -50.2749 2
    endloop
  endfacet
  facet normal 0 -1 0
    outer loop
      vertex 76.5788 -50.2749 1.6
      vertex 77.0433 -50.2749 2
      vertex 76.5788 -50.2749 2
    endloop
  endfacet
  facet normal 0 -1 -0
    outer loop
      vertex 77.0433 -50.2749 2
      vertex 76.5788 -50.2749 1.6
      vertex 77.0433 -50.2749 1.6
    endloop
  endfacet
  facet normal 0.627138 -0.778908 0
    outer loop
      vertex 77.0433 -50.2749 1.6
      vertex 77.187 -50.1592 2
      vertex 77.0433 -50.2749 2
    endloop
  endfacet
  facet normal 0.627138 -0.778908 0
    outer loop
      vertex 77.187 -50.1592 2
      vertex 77.0433 -50.2749 1.6
      vertex 77.187 -50.1592 1.6
    endloop
  endfacet
  facet normal 0.209047 -0.977906 0
    outer loop
      vertex 77.187 -50.1592 1.6
      vertex 77.3671 -50.1207 2
      vertex 77.187 -50.1592 2
    endloop
  endfacet
  facet normal 0.209047 -0.977906 0
    outer loop
      vertex 77.3671 -50.1207 2
      vertex 77.187 -50.1592 1.6
      vertex 77.3671 -50.1207 1.6
    endloop
  endfacet
  facet normal -0.173188 -0.984889 0
    outer loop
      vertex 77.3671 -50.1207 1.6
      vertex 77.5269 -50.1488 2
      vertex 77.3671 -50.1207 2
    endloop
  endfacet
  facet normal -0.173188 -0.984889 -0
    outer loop
      vertex 77.5269 -50.1488 2
      vertex 77.3671 -50.1207 1.6
      vertex 77.5269 -50.1488 1.6
    endloop
  endfacet
  facet normal -0.576202 -0.817307 0
    outer loop
      vertex 77.5269 -50.1488 1.6
      vertex 77.6469 -50.2334 2
      vertex 77.5269 -50.1488 2
    endloop
  endfacet
  facet normal -0.576202 -0.817307 -0
    outer loop
      vertex 77.6469 -50.2334 2
      vertex 77.5269 -50.1488 1.6
      vertex 77.6469 -50.2334 1.6
    endloop
  endfacet
  facet normal -0.868811 -0.495143 0
    outer loop
      vertex 77.7219 -50.365 1.6
      vertex 77.6469 -50.2334 2
      vertex 77.6469 -50.2334 1.6
    endloop
  endfacet
  facet normal -0.868811 -0.495143 0
    outer loop
      vertex 77.6469 -50.2334 2
      vertex 77.7219 -50.365 1.6
      vertex 77.7219 -50.365 2
    endloop
  endfacet
  facet normal -0.989272 -0.146083 0
    outer loop
      vertex 77.7469 -50.5343 1.6
      vertex 77.7219 -50.365 2
      vertex 77.7219 -50.365 1.6
    endloop
  endfacet
  facet normal -0.989272 -0.146083 0
    outer loop
      vertex 77.7219 -50.365 2
      vertex 77.7469 -50.5343 1.6
      vertex 77.7469 -50.5343 2
    endloop
  endfacet
  facet normal -0.990272 0.139142 0
    outer loop
      vertex 77.7204 -50.7229 1.6
      vertex 77.7469 -50.5343 2
      vertex 77.7469 -50.5343 1.6
    endloop
  endfacet
  facet normal -0.990272 0.139142 0
    outer loop
      vertex 77.7469 -50.5343 2
      vertex 77.7204 -50.7229 1.6
      vertex 77.7204 -50.7229 2
    endloop
  endfacet
  facet normal -0.867433 0.497554 0
    outer loop
      vertex 77.6409 -50.8615 1.6
      vertex 77.7204 -50.7229 2
      vertex 77.7204 -50.7229 1.6
    endloop
  endfacet
  facet normal -0.867433 0.497554 0
    outer loop
      vertex 77.7204 -50.7229 2
      vertex 77.6409 -50.8615 1.6
      vertex 77.6409 -50.8615 2
    endloop
  endfacet
  facet normal -0.566613 0.823984 0
    outer loop
      vertex 77.6409 -50.8615 1.6
      vertex 77.517 -50.9467 2
      vertex 77.6409 -50.8615 2
    endloop
  endfacet
  facet normal -0.566613 0.823984 0
    outer loop
      vertex 77.517 -50.9467 2
      vertex 77.6409 -50.8615 1.6
      vertex 77.517 -50.9467 1.6
    endloop
  endfacet
  facet normal -0.174768 0.98461 0
    outer loop
      vertex 77.517 -50.9467 1.6
      vertex 77.357 -50.9751 2
      vertex 77.517 -50.9467 2
    endloop
  endfacet
  facet normal -0.174768 0.98461 0
    outer loop
      vertex 77.357 -50.9751 2
      vertex 77.517 -50.9467 1.6
      vertex 77.357 -50.9751 1.6
    endloop
  endfacet
  facet normal 0.130883 0.991398 -0
    outer loop
      vertex 77.357 -50.9751 1.6
      vertex 77.2252 -50.9577 2
      vertex 77.357 -50.9751 2
    endloop
  endfacet
  facet normal 0.130883 0.991398 0
    outer loop
      vertex 77.2252 -50.9577 2
      vertex 77.357 -50.9751 1.6
      vertex 77.2252 -50.9577 1.6
    endloop
  endfacet
  facet normal 0.436788 0.899565 -0
    outer loop
      vertex 77.2252 -50.9577 1.6
      vertex 77.1179 -50.9056 2
      vertex 77.2252 -50.9577 2
    endloop
  endfacet
  facet normal 0.436788 0.899565 0
    outer loop
      vertex 77.1179 -50.9056 2
      vertex 77.2252 -50.9577 1.6
      vertex 77.1179 -50.9056 1.6
    endloop
  endfacet
  facet normal 0.746451 0.665441 0
    outer loop
      vertex 77.1179 -50.9056 2
      vertex 77.0374 -50.8153 1.6
      vertex 77.0374 -50.8153 2
    endloop
  endfacet
  facet normal 0.746451 0.665441 0
    outer loop
      vertex 77.0374 -50.8153 1.6
      vertex 77.1179 -50.9056 2
      vertex 77.1179 -50.9056 1.6
    endloop
  endfacet
  facet normal 0.93094 0.365172 0
    outer loop
      vertex 77.0374 -50.8153 2
      vertex 76.9857 -50.6835 1.6
      vertex 76.9857 -50.6835 2
    endloop
  endfacet
  facet normal 0.93094 0.365172 0
    outer loop
      vertex 76.9857 -50.6835 1.6
      vertex 77.0374 -50.8153 2
      vertex 77.0374 -50.8153 1.6
    endloop
  endfacet
  facet normal -0.081591 0.996666 0
    outer loop
      vertex 76.9857 -50.6835 1.6
      vertex 76.5093 -50.7225 2
      vertex 76.9857 -50.6835 2
    endloop
  endfacet
  facet normal -0.081591 0.996666 0
    outer loop
      vertex 76.5093 -50.7225 2
      vertex 76.9857 -50.6835 1.6
      vertex 76.5093 -50.7225 1.6
    endloop
  endfacet
  facet normal -0.946564 -0.322517 0
    outer loop
      vertex 76.6015 -50.9931 1.6
      vertex 76.5093 -50.7225 2
      vertex 76.5093 -50.7225 1.6
    endloop
  endfacet
  facet normal -0.946564 -0.322517 0
    outer loop
      vertex 76.5093 -50.7225 2
      vertex 76.6015 -50.9931 1.6
      vertex 76.6015 -50.9931 2
    endloop
  endfacet
  facet normal -0.749827 -0.661634 0
    outer loop
      vertex 76.7763 -51.1912 1.6
      vertex 76.6015 -50.9931 2
      vertex 76.6015 -50.9931 1.6
    endloop
  endfacet
  facet normal -0.749827 -0.661634 0
    outer loop
      vertex 76.6015 -50.9931 2
      vertex 76.7763 -51.1912 1.6
      vertex 76.7763 -51.1912 2
    endloop
  endfacet
  facet normal -0.434009 -0.900908 0
    outer loop
      vertex 76.7763 -51.1912 1.6
      vertex 77.0283 -51.3126 2
      vertex 76.7763 -51.1912 2
    endloop
  endfacet
  facet normal -0.434009 -0.900908 -0
    outer loop
      vertex 77.0283 -51.3126 2
      vertex 76.7763 -51.1912 1.6
      vertex 77.0283 -51.3126 1.6
    endloop
  endfacet
  facet normal -0.124186 -0.992259 0
    outer loop
      vertex 77.0283 -51.3126 1.6
      vertex 77.3519 -51.3531 2
      vertex 77.0283 -51.3126 2
    endloop
  endfacet
  facet normal -0.124186 -0.992259 -0
    outer loop
      vertex 77.3519 -51.3531 2
      vertex 77.0283 -51.3126 1.6
      vertex 77.3519 -51.3531 1.6
    endloop
  endfacet
  facet normal 0.150665 -0.988585 0
    outer loop
      vertex 77.3519 -51.3531 1.6
      vertex 77.72 -51.297 2
      vertex 77.3519 -51.3531 2
    endloop
  endfacet
  facet normal 0.150665 -0.988585 0
    outer loop
      vertex 77.72 -51.297 2
      vertex 77.3519 -51.3531 1.6
      vertex 77.72 -51.297 1.6
    endloop
  endfacet
  facet normal 0 0 -1
    outer loop
      vertex 96.1546 -50.896 1.6
      vertex 95.7075 -50.7491 1.6
      vertex 95.7299 -50.5692 1.6
    endloop
  endfacet
  facet normal 0 0 -1
    outer loop
      vertex 95.9944 -51.1541 1.6
      vertex 95.6401 -50.8854 1.6
      vertex 95.7075 -50.7491 1.6
    endloop
  endfacet
  facet normal 0 0 -1
    outer loop
      vertex 95.7401 -51.3168 1.6
      vertex 95.5324 -50.9712 1.6
      vertex 95.6401 -50.8854 1.6
    endloop
  endfacet
  facet normal 0 0 -1
    outer loop
      vertex 95.4044 -51.3711 1.6
      vertex 95.5324 -50.9712 1.6
      vertex 95.7401 -51.3168 1.6
    endloop
  endfacet
  facet normal 0 0 -1
    outer loop
      vertex 95.4044 -51.3711 1.6
      vertex 95.3892 -50.9998 1.6
      vertex 95.5324 -50.9712 1.6
    endloop
  endfacet
  facet normal 0 0 -1
    outer loop
      vertex 95.4044 -51.3711 1.6
      vertex 95.2436 -50.9657 1.6
      vertex 95.3892 -50.9998 1.6
    endloop
  endfacet
  facet normal 0 0 -1
    outer loop
      vertex 95.0313 -51.2971 1.6
      vertex 95.2436 -50.9657 1.6
      vertex 95.4044 -51.3711 1.6
    endloop
  endfacet
  facet normal -0 0 -1
    outer loop
      vertex 95.2436 -50.9657 1.6
      vertex 95.0313 -51.2971 1.6
      vertex 95.129 -50.8633 1.6
    endloop
  endfacet
  facet normal 0 0 -1
    outer loop
      vertex 94.756 -51.0753 1.6
      vertex 95.129 -50.8633 1.6
      vertex 95.0313 -51.2971 1.6
    endloop
  endfacet
  facet normal -0 0 -1
    outer loop
      vertex 95.129 -50.8633 1.6
      vertex 94.756 -51.0753 1.6
      vertex 95.0546 -50.7088 1.6
    endloop
  endfacet
  facet normal 0 0 -1
    outer loop
      vertex 94.5862 -50.708 1.6
      vertex 95.0546 -50.7088 1.6
      vertex 94.756 -51.0753 1.6
    endloop
  endfacet
  facet normal 0 0 -1
    outer loop
      vertex 95.0546 -50.7088 1.6
      vertex 94.5862 -50.708 1.6
      vertex 95.0298 -50.5184 1.6
    endloop
  endfacet
  facet normal 0 0 -1
    outer loop
      vertex 94.5297 -50.1979 1.6
      vertex 95.0298 -50.5184 1.6
      vertex 94.5862 -50.708 1.6
    endloop
  endfacet
  facet normal 0 -0 -1
    outer loop
      vertex 94.5871 -49.6379 1.6
      vertex 94.9959 -50.0623 1.6
      vertex 94.5297 -50.1979 1.6
    endloop
  endfacet
  facet normal 0 0 -1
    outer loop
      vertex 95.0298 -50.5184 1.6
      vertex 94.5297 -50.1979 1.6
      vertex 94.9959 -50.0623 1.6
    endloop
  endfacet
  facet normal 0 0 -1
    outer loop
      vertex 94.9959 -50.0623 1.6
      vertex 94.5871 -49.6379 1.6
      vertex 94.7594 -49.2359 1.6
    endloop
  endfacet
  facet normal 0 0 -1
    outer loop
      vertex 95.7299 -50.5692 1.6
      vertex 96.208 -50.5556 1.6
      vertex 96.1546 -50.896 1.6
    endloop
  endfacet
  facet normal 0 0 -1
    outer loop
      vertex 95.7064 -50.3897 1.6
      vertex 96.208 -50.5556 1.6
      vertex 95.7299 -50.5692 1.6
    endloop
  endfacet
  facet normal 0 0 -1
    outer loop
      vertex 95.7075 -50.7491 1.6
      vertex 96.1546 -50.896 1.6
      vertex 95.9944 -51.1541 1.6
    endloop
  endfacet
  facet normal 0 0 -1
    outer loop
      vertex 96.208 -50.5556 1.6
      vertex 95.7064 -50.3897 1.6
      vertex 96.1614 -50.2429 1.6
    endloop
  endfacet
  facet normal 0 0 -1
    outer loop
      vertex 95.6401 -50.8854 1.6
      vertex 95.9944 -51.1541 1.6
      vertex 95.7401 -51.3168 1.6
    endloop
  endfacet
  facet normal -0 0 -1
    outer loop
      vertex 96.1614 -50.2429 1.6
      vertex 95.7064 -50.3897 1.6
      vertex 96.0215 -50.003 1.6
    endloop
  endfacet
  facet normal 0 0 -1
    outer loop
      vertex 95.6358 -50.2581 1.6
      vertex 96.0215 -50.003 1.6
      vertex 95.7064 -50.3897 1.6
    endloop
  endfacet
  facet normal -0 0 -1
    outer loop
      vertex 96.0215 -50.003 1.6
      vertex 95.6358 -50.2581 1.6
      vertex 95.8016 -49.8504 1.6
    endloop
  endfacet
  facet normal 0 0 -1
    outer loop
      vertex 95.5242 -50.1774 1.6
      vertex 95.8016 -49.8504 1.6
      vertex 95.6358 -50.2581 1.6
    endloop
  endfacet
  facet normal 0 0 -1
    outer loop
      vertex 95.5242 -50.1774 1.6
      vertex 95.5146 -49.7995 1.6
      vertex 95.8016 -49.8504 1.6
    endloop
  endfacet
  facet normal 0 0 -1
    outer loop
      vertex 95.3773 -50.1505 1.6
      vertex 95.5146 -49.7995 1.6
      vertex 95.5242 -50.1774 1.6
    endloop
  endfacet
  facet normal 0 0 -1
    outer loop
      vertex 95.3773 -50.1505 1.6
      vertex 95.3523 -49.8165 1.6
      vertex 95.5146 -49.7995 1.6
    endloop
  endfacet
  facet normal 0 0 -1
    outer loop
      vertex 95.2078 -49.8674 1.6
      vertex 95.3773 -50.1505 1.6
      vertex 95.2353 -50.1757 1.6
    endloop
  endfacet
  facet normal 0 0 -1
    outer loop
      vertex 95.3773 -50.1505 1.6
      vertex 95.2078 -49.8674 1.6
      vertex 95.3523 -49.8165 1.6
    endloop
  endfacet
  facet normal 0 0 -1
    outer loop
      vertex 94.9959 -50.0623 1.6
      vertex 95.2353 -50.1757 1.6
      vertex 95.1247 -50.2513 1.6
    endloop
  endfacet
  facet normal 0 0 -1
    outer loop
      vertex 95.2353 -50.1757 1.6
      vertex 95.087 -49.95 1.6
      vertex 95.2078 -49.8674 1.6
    endloop
  endfacet
  facet normal 0 0 -1
    outer loop
      vertex 94.9959 -50.0623 1.6
      vertex 95.1247 -50.2513 1.6
      vertex 95.0535 -50.3685 1.6
    endloop
  endfacet
  facet normal 0 0 -1
    outer loop
      vertex 94.9959 -50.0623 1.6
      vertex 95.0535 -50.3685 1.6
      vertex 95.0298 -50.5184 1.6
    endloop
  endfacet
  facet normal 0 0 -1
    outer loop
      vertex 95.2353 -50.1757 1.6
      vertex 94.9959 -50.0623 1.6
      vertex 95.087 -49.95 1.6
    endloop
  endfacet
  facet normal 0 0 -1
    outer loop
      vertex 95.6943 -49.5249 1.6
      vertex 96.0451 -49.2176 1.6
      vertex 96.1436 -49.4622 1.6
    endloop
  endfacet
  facet normal 0 0 -1
    outer loop
      vertex 95.5901 -49.3482 1.6
      vertex 96.0451 -49.2176 1.6
      vertex 95.6943 -49.5249 1.6
    endloop
  endfacet
  facet normal -0 0 -1
    outer loop
      vertex 96.0451 -49.2176 1.6
      vertex 95.5901 -49.3482 1.6
      vertex 95.8952 -49.0468 1.6
    endloop
  endfacet
  facet normal -0 0 -1
    outer loop
      vertex 95.8952 -49.0468 1.6
      vertex 95.5901 -49.3482 1.6
      vertex 95.6878 -48.9464 1.6
    endloop
  endfacet
  facet normal 0 0 -1
    outer loop
      vertex 95.4061 -49.2892 1.6
      vertex 95.6878 -48.9464 1.6
      vertex 95.5901 -49.3482 1.6
    endloop
  endfacet
  facet normal -0 0 -1
    outer loop
      vertex 95.6878 -48.9464 1.6
      vertex 95.4061 -49.2892 1.6
      vertex 95.4163 -48.9129 1.6
    endloop
  endfacet
  facet normal 0 0 -1
    outer loop
      vertex 95.2351 -49.3371 1.6
      vertex 95.4163 -48.9129 1.6
      vertex 95.4061 -49.2892 1.6
    endloop
  endfacet
  facet normal 0 0 -1
    outer loop
      vertex 94.7594 -49.2359 1.6
      vertex 95.2351 -49.3371 1.6
      vertex 95.1052 -49.4808 1.6
    endloop
  endfacet
  facet normal 0 0 -1
    outer loop
      vertex 95.2351 -49.3371 1.6
      vertex 95.0385 -48.9936 1.6
      vertex 95.4163 -48.9129 1.6
    endloop
  endfacet
  facet normal 0 0 -1
    outer loop
      vertex 94.7594 -49.2359 1.6
      vertex 95.1052 -49.4808 1.6
      vertex 95.0232 -49.722 1.6
    endloop
  endfacet
  facet normal 0 0 -1
    outer loop
      vertex 94.7594 -49.2359 1.6
      vertex 95.0232 -49.722 1.6
      vertex 94.9959 -50.0623 1.6
    endloop
  endfacet
  facet normal 0 0 -1
    outer loop
      vertex 95.2351 -49.3371 1.6
      vertex 94.7594 -49.2359 1.6
      vertex 95.0385 -48.9936 1.6
    endloop
  endfacet
  facet normal 0 0 -1
    outer loop
      vertex 93.6927 -51.3372 1.6
      vertex 94.1928 -48.9485 1.6
      vertex 94.1928 -51.3372 1.6
    endloop
  endfacet
  facet normal -0 0 -1
    outer loop
      vertex 94.1928 -48.9485 1.6
      vertex 93.6927 -51.3372 1.6
      vertex 93.6927 -48.9485 1.6
    endloop
  endfacet
  facet normal 0 0 -1
    outer loop
      vertex 92.7206 -50.7269 1.6
      vertex 91.9221 -50.3505 1.6
      vertex 92.6087 -50.3505 1.6
    endloop
  endfacet
  facet normal 0 -0 -1
    outer loop
      vertex 91.9221 -50.3505 1.6
      vertex 92.7206 -50.7269 1.6
      vertex 91.8102 -50.7269 1.6
    endloop
  endfacet
  facet normal 0 0 -1
    outer loop
      vertex 92.7206 -50.7269 1.6
      vertex 93.4275 -51.3372 1.6
      vertex 92.9325 -51.3372 1.6
    endloop
  endfacet
  facet normal 0 0 -1
    outer loop
      vertex 92.6087 -50.3505 1.6
      vertex 93.4275 -51.3372 1.6
      vertex 92.7206 -50.7269 1.6
    endloop
  endfacet
  facet normal 0 0 -1
    outer loop
      vertex 92.6087 -50.3505 1.6
      vertex 92.5595 -48.9485 1.6
      vertex 93.4275 -51.3372 1.6
    endloop
  endfacet
  facet normal 0 0 -1
    outer loop
      vertex 92.373 -49.6639 1.6
      vertex 92.5595 -48.9485 1.6
      vertex 92.6087 -50.3505 1.6
    endloop
  endfacet
  facet normal 0 0 -1
    outer loop
      vertex 92.3001 -49.4334 1.6
      vertex 92.5595 -48.9485 1.6
      vertex 92.373 -49.6639 1.6
    endloop
  endfacet
  facet normal 0 0 -1
    outer loop
      vertex 92.2645 -49.3164 1.6
      vertex 92.5595 -48.9485 1.6
      vertex 92.3001 -49.4334 1.6
    endloop
  endfacet
  facet normal 0 0 -1
    outer loop
      vertex 91.9695 -48.9485 1.6
      vertex 92.2544 -49.3537 1.6
      vertex 92.2357 -49.4189 1.6
    endloop
  endfacet
  facet normal 0 0 -1
    outer loop
      vertex 91.9695 -48.9485 1.6
      vertex 92.2357 -49.4189 1.6
      vertex 92.2137 -49.4927 1.6
    endloop
  endfacet
  facet normal 0 0 -1
    outer loop
      vertex 91.9695 -48.9485 1.6
      vertex 92.2137 -49.4927 1.6
      vertex 92.1289 -49.7461 1.6
    endloop
  endfacet
  facet normal 0 0 -1
    outer loop
      vertex 92.2645 -49.3164 1.6
      vertex 91.9695 -48.9485 1.6
      vertex 92.5595 -48.9485 1.6
    endloop
  endfacet
  facet normal 0 0 -1
    outer loop
      vertex 92.2544 -49.3537 1.6
      vertex 91.9695 -48.9485 1.6
      vertex 92.2645 -49.3164 1.6
    endloop
  endfacet
  facet normal 0 0 -1
    outer loop
      vertex 91.9221 -50.3505 1.6
      vertex 91.9695 -48.9485 1.6
      vertex 92.1289 -49.7461 1.6
    endloop
  endfacet
  facet normal 0 0 -1
    outer loop
      vertex 91.0981 -51.3372 1.6
      vertex 91.9221 -50.3505 1.6
      vertex 91.8102 -50.7269 1.6
    endloop
  endfacet
  facet normal 0 0 -1
    outer loop
      vertex 91.0981 -51.3372 1.6
      vertex 91.8102 -50.7269 1.6
      vertex 91.5983 -51.3372 1.6
    endloop
  endfacet
  facet normal -0 0 -1
    outer loop
      vertex 91.9221 -50.3505 1.6
      vertex 91.0981 -51.3372 1.6
      vertex 91.9695 -48.9485 1.6
    endloop
  endfacet
  facet normal -0 0 1
    outer loop
      vertex 93.6927 -48.9485 2
      vertex 94.1928 -51.3372 2
      vertex 94.1928 -48.9485 2
    endloop
  endfacet
  facet normal 0 0 1
    outer loop
      vertex 94.1928 -51.3372 2
      vertex 93.6927 -48.9485 2
      vertex 93.6927 -51.3372 2
    endloop
  endfacet
  facet normal 0 0 1
    outer loop
      vertex 95.5901 -49.3482 2
      vertex 96.0451 -49.2176 2
      vertex 95.8952 -49.0468 2
    endloop
  endfacet
  facet normal 0 0 1
    outer loop
      vertex 96.0451 -49.2176 2
      vertex 95.6943 -49.5249 2
      vertex 96.1436 -49.4622 2
    endloop
  endfacet
  facet normal 0 0 1
    outer loop
      vertex 95.5901 -49.3482 2
      vertex 95.8952 -49.0468 2
      vertex 95.6878 -48.9464 2
    endloop
  endfacet
  facet normal 0 0 1
    outer loop
      vertex 96.0451 -49.2176 2
      vertex 95.5901 -49.3482 2
      vertex 95.6943 -49.5249 2
    endloop
  endfacet
  facet normal 0 0 1
    outer loop
      vertex 95.4061 -49.2892 2
      vertex 95.6878 -48.9464 2
      vertex 95.4163 -48.9129 2
    endloop
  endfacet
  facet normal 0 0 1
    outer loop
      vertex 95.6878 -48.9464 2
      vertex 95.4061 -49.2892 2
      vertex 95.5901 -49.3482 2
    endloop
  endfacet
  facet normal 0 0 1
    outer loop
      vertex 95.4163 -48.9129 2
      vertex 95.2351 -49.3371 2
      vertex 95.4061 -49.2892 2
    endloop
  endfacet
  facet normal -0 0 1
    outer loop
      vertex 95.0385 -48.9936 2
      vertex 95.2351 -49.3371 2
      vertex 95.4163 -48.9129 2
    endloop
  endfacet
  facet normal -0 0 1
    outer loop
      vertex 94.7594 -49.2359 2
      vertex 95.2351 -49.3371 2
      vertex 95.0385 -48.9936 2
    endloop
  endfacet
  facet normal 0 0 1
    outer loop
      vertex 95.2351 -49.3371 2
      vertex 94.7594 -49.2359 2
      vertex 95.1052 -49.4808 2
    endloop
  endfacet
  facet normal 0 0 1
    outer loop
      vertex 94.5871 -49.6379 2
      vertex 95.1052 -49.4808 2
      vertex 94.7594 -49.2359 2
    endloop
  endfacet
  facet normal 0 0 1
    outer loop
      vertex 95.1052 -49.4808 2
      vertex 94.5871 -49.6379 2
      vertex 95.0232 -49.722 2
    endloop
  endfacet
  facet normal -0 0 1
    outer loop
      vertex 95.7064 -50.3897 2
      vertex 96.208 -50.5556 2
      vertex 96.1614 -50.2429 2
    endloop
  endfacet
  facet normal 0 0 1
    outer loop
      vertex 95.7064 -50.3897 2
      vertex 96.1614 -50.2429 2
      vertex 96.0215 -50.003 2
    endloop
  endfacet
  facet normal 0 0 1
    outer loop
      vertex 96.208 -50.5556 2
      vertex 95.7299 -50.5692 2
      vertex 96.1546 -50.896 2
    endloop
  endfacet
  facet normal 0 0 1
    outer loop
      vertex 95.6358 -50.2581 2
      vertex 96.0215 -50.003 2
      vertex 95.8016 -49.8504 2
    endloop
  endfacet
  facet normal -0 0 1
    outer loop
      vertex 95.7075 -50.7491 2
      vertex 96.1546 -50.896 2
      vertex 95.7299 -50.5692 2
    endloop
  endfacet
  facet normal 0 0 1
    outer loop
      vertex 96.1546 -50.896 2
      vertex 95.7075 -50.7491 2
      vertex 95.9944 -51.1541 2
    endloop
  endfacet
  facet normal 0 0 1
    outer loop
      vertex 96.208 -50.5556 2
      vertex 95.7064 -50.3897 2
      vertex 95.7299 -50.5692 2
    endloop
  endfacet
  facet normal 0 0 1
    outer loop
      vertex 96.0215 -50.003 2
      vertex 95.6358 -50.2581 2
      vertex 95.7064 -50.3897 2
    endloop
  endfacet
  facet normal 0 0 1
    outer loop
      vertex 95.8016 -49.8504 2
      vertex 95.5242 -50.1774 2
      vertex 95.6358 -50.2581 2
    endloop
  endfacet
  facet normal 0 0 1
    outer loop
      vertex 95.5146 -49.7995 2
      vertex 95.5242 -50.1774 2
      vertex 95.8016 -49.8504 2
    endloop
  endfacet
  facet normal 0 0 1
    outer loop
      vertex 95.5146 -49.7995 2
      vertex 95.3773 -50.1505 2
      vertex 95.5242 -50.1774 2
    endloop
  endfacet
  facet normal -0 0 1
    outer loop
      vertex 95.3523 -49.8165 2
      vertex 95.3773 -50.1505 2
      vertex 95.5146 -49.7995 2
    endloop
  endfacet
  facet normal -0 0 1
    outer loop
      vertex 95.2078 -49.8674 2
      vertex 95.3773 -50.1505 2
      vertex 95.3523 -49.8165 2
    endloop
  endfacet
  facet normal 0 0 1
    outer loop
      vertex 95.3773 -50.1505 2
      vertex 95.2078 -49.8674 2
      vertex 95.2353 -50.1757 2
    endloop
  endfacet
  facet normal -0 0 1
    outer loop
      vertex 95.087 -49.95 2
      vertex 95.2353 -50.1757 2
      vertex 95.2078 -49.8674 2
    endloop
  endfacet
  facet normal -0 0 1
    outer loop
      vertex 94.9959 -50.0623 2
      vertex 95.2353 -50.1757 2
      vertex 95.087 -49.95 2
    endloop
  endfacet
  facet normal 0 0 1
    outer loop
      vertex 95.2353 -50.1757 2
      vertex 94.9959 -50.0623 2
      vertex 95.1247 -50.2513 2
    endloop
  endfacet
  facet normal 0 0 1
    outer loop
      vertex 95.1247 -50.2513 2
      vertex 94.9959 -50.0623 2
      vertex 95.0535 -50.3685 2
    endloop
  endfacet
  facet normal -0 0 1
    outer loop
      vertex 94.5297 -50.1979 2
      vertex 95.0535 -50.3685 2
      vertex 94.9959 -50.0623 2
    endloop
  endfacet
  facet normal -0 0 1
    outer loop
      vertex 95.6401 -50.8854 2
      vertex 95.9944 -51.1541 2
      vertex 95.7075 -50.7491 2
    endloop
  endfacet
  facet normal 0 0 1
    outer loop
      vertex 95.9944 -51.1541 2
      vertex 95.6401 -50.8854 2
      vertex 95.7401 -51.3168 2
    endloop
  endfacet
  facet normal -0 0 1
    outer loop
      vertex 95.5324 -50.9712 2
      vertex 95.7401 -51.3168 2
      vertex 95.6401 -50.8854 2
    endloop
  endfacet
  facet normal 0 0 1
    outer loop
      vertex 95.5324 -50.9712 2
      vertex 95.4044 -51.3711 2
      vertex 95.7401 -51.3168 2
    endloop
  endfacet
  facet normal -0 0 1
    outer loop
      vertex 95.3892 -50.9998 2
      vertex 95.4044 -51.3711 2
      vertex 95.5324 -50.9712 2
    endloop
  endfacet
  facet normal 0 0 1
    outer loop
      vertex 95.2436 -50.9657 2
      vertex 95.4044 -51.3711 2
      vertex 95.3892 -50.9998 2
    endloop
  endfacet
  facet normal 0 0 1
    outer loop
      vertex 95.0313 -51.2971 2
      vertex 95.2436 -50.9657 2
      vertex 95.129 -50.8633 2
    endloop
  endfacet
  facet normal 0 0 1
    outer loop
      vertex 95.2436 -50.9657 2
      vertex 95.0313 -51.2971 2
      vertex 95.4044 -51.3711 2
    endloop
  endfacet
  facet normal 0 0 1
    outer loop
      vertex 94.756 -51.0753 2
      vertex 95.129 -50.8633 2
      vertex 95.0546 -50.7088 2
    endloop
  endfacet
  facet normal -0 0 1
    outer loop
      vertex 94.5862 -50.708 2
      vertex 95.0546 -50.7088 2
      vertex 95.0298 -50.5184 2
    endloop
  endfacet
  facet normal 0 0 1
    outer loop
      vertex 95.0535 -50.3685 2
      vertex 94.5297 -50.1979 2
      vertex 95.0298 -50.5184 2
    endloop
  endfacet
  facet normal 0 0 1
    outer loop
      vertex 95.0232 -49.722 2
      vertex 94.5871 -49.6379 2
      vertex 94.9959 -50.0623 2
    endloop
  endfacet
  facet normal 0 0 1
    outer loop
      vertex 95.0298 -50.5184 2
      vertex 94.5297 -50.1979 2
      vertex 94.5862 -50.708 2
    endloop
  endfacet
  facet normal 0 0 1
    outer loop
      vertex 94.9959 -50.0623 2
      vertex 94.5871 -49.6379 2
      vertex 94.5297 -50.1979 2
    endloop
  endfacet
  facet normal 0 0 1
    outer loop
      vertex 95.0546 -50.7088 2
      vertex 94.5862 -50.708 2
      vertex 94.756 -51.0753 2
    endloop
  endfacet
  facet normal 0 0 1
    outer loop
      vertex 95.129 -50.8633 2
      vertex 94.756 -51.0753 2
      vertex 95.0313 -51.2971 2
    endloop
  endfacet
  facet normal 0 0 1
    outer loop
      vertex 93.4275 -51.3372 2
      vertex 92.7206 -50.7269 2
      vertex 92.9325 -51.3372 2
    endloop
  endfacet
  facet normal 0 0 1
    outer loop
      vertex 93.4275 -51.3372 2
      vertex 92.6087 -50.3505 2
      vertex 92.7206 -50.7269 2
    endloop
  endfacet
  facet normal 0 0 1
    outer loop
      vertex 92.5595 -48.9485 2
      vertex 92.6087 -50.3505 2
      vertex 93.4275 -51.3372 2
    endloop
  endfacet
  facet normal 0 0 1
    outer loop
      vertex 92.5595 -48.9485 2
      vertex 92.373 -49.6639 2
      vertex 92.6087 -50.3505 2
    endloop
  endfacet
  facet normal 0 0 1
    outer loop
      vertex 92.5595 -48.9485 2
      vertex 92.3001 -49.4334 2
      vertex 92.373 -49.6639 2
    endloop
  endfacet
  facet normal 0 0 1
    outer loop
      vertex 92.5595 -48.9485 2
      vertex 92.2645 -49.3164 2
      vertex 92.3001 -49.4334 2
    endloop
  endfacet
  facet normal 0 0 1
    outer loop
      vertex 91.9695 -48.9485 2
      vertex 92.2544 -49.3537 2
      vertex 92.2645 -49.3164 2
    endloop
  endfacet
  facet normal 0 0 1
    outer loop
      vertex 92.2544 -49.3537 2
      vertex 91.9695 -48.9485 2
      vertex 92.2357 -49.4189 2
    endloop
  endfacet
  facet normal 0 0 1
    outer loop
      vertex 92.2357 -49.4189 2
      vertex 91.9695 -48.9485 2
      vertex 92.2137 -49.4927 2
    endloop
  endfacet
  facet normal -0 0 1
    outer loop
      vertex 91.9695 -48.9485 2
      vertex 92.2645 -49.3164 2
      vertex 92.5595 -48.9485 2
    endloop
  endfacet
  facet normal 0 0 1
    outer loop
      vertex 92.2137 -49.4927 2
      vertex 91.9695 -48.9485 2
      vertex 92.1289 -49.7461 2
    endloop
  endfacet
  facet normal 0 0 1
    outer loop
      vertex 91.9695 -48.9485 2
      vertex 91.9221 -50.3505 2
      vertex 92.1289 -49.7461 2
    endloop
  endfacet
  facet normal 0 0 1
    outer loop
      vertex 91.0981 -51.3372 2
      vertex 91.9221 -50.3505 2
      vertex 91.9695 -48.9485 2
    endloop
  endfacet
  facet normal 0 0 1
    outer loop
      vertex 91.9221 -50.3505 2
      vertex 91.0981 -51.3372 2
      vertex 91.8102 -50.7269 2
    endloop
  endfacet
  facet normal 0 0 1
    outer loop
      vertex 91.8102 -50.7269 2
      vertex 91.0981 -51.3372 2
      vertex 91.5983 -51.3372 2
    endloop
  endfacet
  facet normal -0 0 1
    outer loop
      vertex 91.9221 -50.3505 2
      vertex 92.7206 -50.7269 2
      vertex 92.6087 -50.3505 2
    endloop
  endfacet
  facet normal 0 0 1
    outer loop
      vertex 92.7206 -50.7269 2
      vertex 91.9221 -50.3505 2
      vertex 91.8102 -50.7269 2
    endloop
  endfacet
  facet normal 0.538931 -0.84235 0
    outer loop
      vertex 95.7401 -51.3168 1.6
      vertex 95.9944 -51.1541 2
      vertex 95.7401 -51.3168 2
    endloop
  endfacet
  facet normal 0.538931 -0.84235 0
    outer loop
      vertex 95.9944 -51.1541 2
      vertex 95.7401 -51.3168 1.6
      vertex 95.9944 -51.1541 1.6
    endloop
  endfacet
  facet normal 0.84964 -0.527363 0
    outer loop
      vertex 95.9944 -51.1541 2
      vertex 96.1546 -50.896 1.6
      vertex 96.1546 -50.896 2
    endloop
  endfacet
  facet normal 0.84964 -0.527363 0
    outer loop
      vertex 96.1546 -50.896 1.6
      vertex 95.9944 -51.1541 2
      vertex 95.9944 -51.1541 1.6
    endloop
  endfacet
  facet normal 0.987918 -0.154979 0
    outer loop
      vertex 96.1546 -50.896 2
      vertex 96.208 -50.5556 1.6
      vertex 96.208 -50.5556 2
    endloop
  endfacet
  facet normal 0.987918 -0.154979 0
    outer loop
      vertex 96.208 -50.5556 1.6
      vertex 96.1546 -50.896 2
      vertex 96.1546 -50.896 1.6
    endloop
  endfacet
  facet normal 0.989077 0.147397 0
    outer loop
      vertex 96.208 -50.5556 2
      vertex 96.1614 -50.2429 1.6
      vertex 96.1614 -50.2429 2
    endloop
  endfacet
  facet normal 0.989077 0.147397 0
    outer loop
      vertex 96.1614 -50.2429 1.6
      vertex 96.208 -50.5556 2
      vertex 96.208 -50.5556 1.6
    endloop
  endfacet
  facet normal 0.863844 0.503759 0
    outer loop
      vertex 96.1614 -50.2429 2
      vertex 96.0215 -50.003 1.6
      vertex 96.0215 -50.003 2
    endloop
  endfacet
  facet normal 0.863844 0.503759 0
    outer loop
      vertex 96.0215 -50.003 1.6
      vertex 96.1614 -50.2429 2
      vertex 96.1614 -50.2429 1.6
    endloop
  endfacet
  facet normal 0.570123 0.82156 -0
    outer loop
      vertex 96.0215 -50.003 1.6
      vertex 95.8016 -49.8504 2
      vertex 96.0215 -50.003 2
    endloop
  endfacet
  facet normal 0.570123 0.82156 0
    outer loop
      vertex 95.8016 -49.8504 2
      vertex 96.0215 -50.003 1.6
      vertex 95.8016 -49.8504 1.6
    endloop
  endfacet
  facet normal 0.174627 0.984635 -0
    outer loop
      vertex 95.8016 -49.8504 1.6
      vertex 95.5146 -49.7995 2
      vertex 95.8016 -49.8504 2
    endloop
  endfacet
  facet normal 0.174627 0.984635 0
    outer loop
      vertex 95.5146 -49.7995 2
      vertex 95.8016 -49.8504 1.6
      vertex 95.5146 -49.7995 1.6
    endloop
  endfacet
  facet normal -0.104174 0.994559 0
    outer loop
      vertex 95.5146 -49.7995 1.6
      vertex 95.3523 -49.8165 2
      vertex 95.5146 -49.7995 2
    endloop
  endfacet
  facet normal -0.104174 0.994559 0
    outer loop
      vertex 95.3523 -49.8165 2
      vertex 95.5146 -49.7995 1.6
      vertex 95.3523 -49.8165 1.6
    endloop
  endfacet
  facet normal -0.33224 0.943195 0
    outer loop
      vertex 95.3523 -49.8165 1.6
      vertex 95.2078 -49.8674 2
      vertex 95.3523 -49.8165 2
    endloop
  endfacet
  facet normal -0.33224 0.943195 0
    outer loop
      vertex 95.2078 -49.8674 2
      vertex 95.3523 -49.8165 1.6
      vertex 95.2078 -49.8674 1.6
    endloop
  endfacet
  facet normal -0.564439 0.825475 0
    outer loop
      vertex 95.2078 -49.8674 1.6
      vertex 95.087 -49.95 2
      vertex 95.2078 -49.8674 2
    endloop
  endfacet
  facet normal -0.564439 0.825475 0
    outer loop
      vertex 95.087 -49.95 2
      vertex 95.2078 -49.8674 1.6
      vertex 95.087 -49.95 1.6
    endloop
  endfacet
  facet normal -0.7766 0.629994 0
    outer loop
      vertex 94.9959 -50.0623 1.6
      vertex 95.087 -49.95 2
      vertex 95.087 -49.95 1.6
    endloop
  endfacet
  facet normal -0.7766 0.629994 0
    outer loop
      vertex 95.087 -49.95 2
      vertex 94.9959 -50.0623 1.6
      vertex 94.9959 -50.0623 2
    endloop
  endfacet
  facet normal 0.996798 -0.0799664 0
    outer loop
      vertex 94.9959 -50.0623 2
      vertex 95.0232 -49.722 1.6
      vertex 95.0232 -49.722 2
    endloop
  endfacet
  facet normal 0.996798 -0.0799664 0
    outer loop
      vertex 95.0232 -49.722 1.6
      vertex 94.9959 -50.0623 2
      vertex 94.9959 -50.0623 1.6
    endloop
  endfacet
  facet normal 0.946782 -0.321875 0
    outer loop
      vertex 95.0232 -49.722 2
      vertex 95.1052 -49.4808 1.6
      vertex 95.1052 -49.4808 2
    endloop
  endfacet
  facet normal 0.946782 -0.321875 0
    outer loop
      vertex 95.1052 -49.4808 1.6
      vertex 95.0232 -49.722 2
      vertex 95.0232 -49.722 1.6
    endloop
  endfacet
  facet normal 0.741829 -0.670589 0
    outer loop
      vertex 95.1052 -49.4808 2
      vertex 95.2351 -49.3371 1.6
      vertex 95.2351 -49.3371 2
    endloop
  endfacet
  facet normal 0.741829 -0.670589 0
    outer loop
      vertex 95.2351 -49.3371 1.6
      vertex 95.1052 -49.4808 2
      vertex 95.1052 -49.4808 1.6
    endloop
  endfacet
  facet normal 0.269734 -0.962935 0
    outer loop
      vertex 95.2351 -49.3371 1.6
      vertex 95.4061 -49.2892 2
      vertex 95.2351 -49.3371 2
    endloop
  endfacet
  facet normal 0.269734 -0.962935 0
    outer loop
      vertex 95.4061 -49.2892 2
      vertex 95.2351 -49.3371 1.6
      vertex 95.4061 -49.2892 1.6
    endloop
  endfacet
  facet normal -0.305339 -0.952244 0
    outer loop
      vertex 95.4061 -49.2892 1.6
      vertex 95.5901 -49.3482 2
      vertex 95.4061 -49.2892 2
    endloop
  endfacet
  facet normal -0.305339 -0.952244 -0
    outer loop
      vertex 95.5901 -49.3482 2
      vertex 95.4061 -49.2892 1.6
      vertex 95.5901 -49.3482 1.6
    endloop
  endfacet
  facet normal -0.861382 -0.507957 0
    outer loop
      vertex 95.6943 -49.5249 1.6
      vertex 95.5901 -49.3482 2
      vertex 95.5901 -49.3482 1.6
    endloop
  endfacet
  facet normal -0.861382 -0.507957 0
    outer loop
      vertex 95.5901 -49.3482 2
      vertex 95.6943 -49.5249 1.6
      vertex 95.6943 -49.5249 2
    endloop
  endfacet
  facet normal 0.138211 -0.990403 0
    outer loop
      vertex 95.6943 -49.5249 1.6
      vertex 96.1436 -49.4622 2
      vertex 95.6943 -49.5249 2
    endloop
  endfacet
  facet normal 0.138211 -0.990403 0
    outer loop
      vertex 96.1436 -49.4622 2
      vertex 95.6943 -49.5249 1.6
      vertex 96.1436 -49.4622 1.6
    endloop
  endfacet
  facet normal 0.927611 0.373547 0
    outer loop
      vertex 96.1436 -49.4622 2
      vertex 96.0451 -49.2176 1.6
      vertex 96.0451 -49.2176 2
    endloop
  endfacet
  facet normal 0.927611 0.373547 0
    outer loop
      vertex 96.0451 -49.2176 1.6
      vertex 96.1436 -49.4622 2
      vertex 96.1436 -49.4622 1.6
    endloop
  endfacet
  facet normal 0.751595 0.659625 0
    outer loop
      vertex 96.0451 -49.2176 2
      vertex 95.8952 -49.0468 1.6
      vertex 95.8952 -49.0468 2
    endloop
  endfacet
  facet normal 0.751595 0.659625 0
    outer loop
      vertex 95.8952 -49.0468 1.6
      vertex 96.0451 -49.2176 2
      vertex 96.0451 -49.2176 1.6
    endloop
  endfacet
  facet normal 0.43572 0.900082 -0
    outer loop
      vertex 95.8952 -49.0468 1.6
      vertex 95.6878 -48.9464 2
      vertex 95.8952 -49.0468 2
    endloop
  endfacet
  facet normal 0.43572 0.900082 0
    outer loop
      vertex 95.6878 -48.9464 2
      vertex 95.8952 -49.0468 1.6
      vertex 95.6878 -48.9464 1.6
    endloop
  endfacet
  facet normal 0.12246 0.992473 -0
    outer loop
      vertex 95.6878 -48.9464 1.6
      vertex 95.4163 -48.9129 2
      vertex 95.6878 -48.9464 2
    endloop
  endfacet
  facet normal 0.12246 0.992473 0
    outer loop
      vertex 95.4163 -48.9129 2
      vertex 95.6878 -48.9464 1.6
      vertex 95.4163 -48.9129 1.6
    endloop
  endfacet
  facet normal -0.208893 0.977939 0
    outer loop
      vertex 95.4163 -48.9129 1.6
      vertex 95.0385 -48.9936 2
      vertex 95.4163 -48.9129 2
    endloop
  endfacet
  facet normal -0.208893 0.977939 0
    outer loop
      vertex 95.0385 -48.9936 2
      vertex 95.4163 -48.9129 1.6
      vertex 95.0385 -48.9936 1.6
    endloop
  endfacet
  facet normal -0.655569 0.755135 0
    outer loop
      vertex 95.0385 -48.9936 1.6
      vertex 94.7594 -49.2359 2
      vertex 95.0385 -48.9936 2
    endloop
  endfacet
  facet normal -0.655569 0.755135 0
    outer loop
      vertex 94.7594 -49.2359 2
      vertex 95.0385 -48.9936 1.6
      vertex 94.7594 -49.2359 1.6
    endloop
  endfacet
  facet normal -0.919133 0.393947 0
    outer loop
      vertex 94.5871 -49.6379 1.6
      vertex 94.7594 -49.2359 2
      vertex 94.7594 -49.2359 1.6
    endloop
  endfacet
  facet normal -0.919133 0.393947 0
    outer loop
      vertex 94.7594 -49.2359 2
      vertex 94.5871 -49.6379 1.6
      vertex 94.5871 -49.6379 2
    endloop
  endfacet
  facet normal -0.994788 0.101966 0
    outer loop
      vertex 94.5297 -50.1979 1.6
      vertex 94.5871 -49.6379 2
      vertex 94.5871 -49.6379 1.6
    endloop
  endfacet
  facet normal -0.994788 0.101966 0
    outer loop
      vertex 94.5871 -49.6379 2
      vertex 94.5297 -50.1979 1.6
      vertex 94.5297 -50.1979 2
    endloop
  endfacet
  facet normal -0.993922 -0.110089 0
    outer loop
      vertex 94.5862 -50.708 1.6
      vertex 94.5297 -50.1979 2
      vertex 94.5297 -50.1979 1.6
    endloop
  endfacet
  facet normal -0.993922 -0.110089 0
    outer loop
      vertex 94.5297 -50.1979 2
      vertex 94.5862 -50.708 1.6
      vertex 94.5862 -50.708 2
    endloop
  endfacet
  facet normal -0.907699 -0.419622 0
    outer loop
      vertex 94.756 -51.0753 1.6
      vertex 94.5862 -50.708 2
      vertex 94.5862 -50.708 1.6
    endloop
  endfacet
  facet normal -0.907699 -0.419622 0
    outer loop
      vertex 94.5862 -50.708 2
      vertex 94.756 -51.0753 1.6
      vertex 94.756 -51.0753 2
    endloop
  endfacet
  facet normal -0.627382 -0.778712 0
    outer loop
      vertex 94.756 -51.0753 1.6
      vertex 95.0313 -51.2971 2
      vertex 94.756 -51.0753 2
    endloop
  endfacet
  facet normal -0.627382 -0.778712 -0
    outer loop
      vertex 95.0313 -51.2971 2
      vertex 94.756 -51.0753 1.6
      vertex 95.0313 -51.2971 1.6
    endloop
  endfacet
  facet normal -0.194549 -0.980893 0
    outer loop
      vertex 95.0313 -51.2971 1.6
      vertex 95.4044 -51.3711 2
      vertex 95.0313 -51.2971 2
    endloop
  endfacet
  facet normal -0.194549 -0.980893 -0
    outer loop
      vertex 95.4044 -51.3711 2
      vertex 95.0313 -51.2971 1.6
      vertex 95.4044 -51.3711 1.6
    endloop
  endfacet
  facet normal 0.159676 -0.987169 0
    outer loop
      vertex 95.4044 -51.3711 1.6
      vertex 95.7401 -51.3168 2
      vertex 95.4044 -51.3711 2
    endloop
  endfacet
  facet normal 0.159676 -0.987169 0
    outer loop
      vertex 95.7401 -51.3168 2
      vertex 95.4044 -51.3711 1.6
      vertex 95.7401 -51.3168 1.6
    endloop
  endfacet
  facet normal 0.6663 0.745684 -0
    outer loop
      vertex 95.2436 -50.9657 1.6
      vertex 95.129 -50.8633 2
      vertex 95.2436 -50.9657 2
    endloop
  endfacet
  facet normal 0.6663 0.745684 0
    outer loop
      vertex 95.129 -50.8633 2
      vertex 95.2436 -50.9657 1.6
      vertex 95.129 -50.8633 1.6
    endloop
  endfacet
  facet normal 0.900976 0.433868 0
    outer loop
      vertex 95.129 -50.8633 2
      vertex 95.0546 -50.7088 1.6
      vertex 95.0546 -50.7088 2
    endloop
  endfacet
  facet normal 0.900976 0.433868 0
    outer loop
      vertex 95.0546 -50.7088 1.6
      vertex 95.129 -50.8633 2
      vertex 95.129 -50.8633 1.6
    endloop
  endfacet
  facet normal 0.991624 0.129161 0
    outer loop
      vertex 95.0546 -50.7088 2
      vertex 95.0298 -50.5184 1.6
      vertex 95.0298 -50.5184 2
    endloop
  endfacet
  facet normal 0.991624 0.129161 0
    outer loop
      vertex 95.0298 -50.5184 1.6
      vertex 95.0546 -50.7088 2
      vertex 95.0546 -50.7088 1.6
    endloop
  endfacet
  facet normal 0.987731 -0.156166 0
    outer loop
      vertex 95.0298 -50.5184 2
      vertex 95.0535 -50.3685 1.6
      vertex 95.0535 -50.3685 2
    endloop
  endfacet
  facet normal 0.987731 -0.156166 0
    outer loop
      vertex 95.0535 -50.3685 1.6
      vertex 95.0298 -50.5184 2
      vertex 95.0298 -50.5184 1.6
    endloop
  endfacet
  facet normal 0.854649 -0.519206 0
    outer loop
      vertex 95.0535 -50.3685 2
      vertex 95.1247 -50.2513 1.6
      vertex 95.1247 -50.2513 2
    endloop
  endfacet
  facet normal 0.854649 -0.519206 0
    outer loop
      vertex 95.1247 -50.2513 1.6
      vertex 95.0535 -50.3685 2
      vertex 95.0535 -50.3685 1.6
    endloop
  endfacet
  facet normal 0.564309 -0.825564 0
    outer loop
      vertex 95.1247 -50.2513 1.6
      vertex 95.2353 -50.1757 2
      vertex 95.1247 -50.2513 2
    endloop
  endfacet
  facet normal 0.564309 -0.825564 0
    outer loop
      vertex 95.2353 -50.1757 2
      vertex 95.1247 -50.2513 1.6
      vertex 95.2353 -50.1757 1.6
    endloop
  endfacet
  facet normal 0.174735 -0.984616 0
    outer loop
      vertex 95.2353 -50.1757 1.6
      vertex 95.3773 -50.1505 2
      vertex 95.2353 -50.1757 2
    endloop
  endfacet
  facet normal 0.174735 -0.984616 0
    outer loop
      vertex 95.3773 -50.1505 2
      vertex 95.2353 -50.1757 1.6
      vertex 95.3773 -50.1505 1.6
    endloop
  endfacet
  facet normal -0.180123 -0.983644 0
    outer loop
      vertex 95.3773 -50.1505 1.6
      vertex 95.5242 -50.1774 2
      vertex 95.3773 -50.1505 2
    endloop
  endfacet
  facet normal -0.180123 -0.983644 -0
    outer loop
      vertex 95.5242 -50.1774 2
      vertex 95.3773 -50.1505 1.6
      vertex 95.5242 -50.1774 1.6
    endloop
  endfacet
  facet normal -0.585968 -0.810334 0
    outer loop
      vertex 95.5242 -50.1774 1.6
      vertex 95.6358 -50.2581 2
      vertex 95.5242 -50.1774 2
    endloop
  endfacet
  facet normal -0.585968 -0.810334 -0
    outer loop
      vertex 95.6358 -50.2581 2
      vertex 95.5242 -50.1774 1.6
      vertex 95.6358 -50.2581 1.6
    endloop
  endfacet
  facet normal -0.881201 -0.472742 0
    outer loop
      vertex 95.7064 -50.3897 1.6
      vertex 95.6358 -50.2581 2
      vertex 95.6358 -50.2581 1.6
    endloop
  endfacet
  facet normal -0.881201 -0.472742 0
    outer loop
      vertex 95.6358 -50.2581 2
      vertex 95.7064 -50.3897 1.6
      vertex 95.7064 -50.3897 2
    endloop
  endfacet
  facet normal -0.991539 -0.129811 0
    outer loop
      vertex 95.7299 -50.5692 1.6
      vertex 95.7064 -50.3897 2
      vertex 95.7064 -50.3897 1.6
    endloop
  endfacet
  facet normal -0.991539 -0.129811 0
    outer loop
      vertex 95.7064 -50.3897 2
      vertex 95.7299 -50.5692 1.6
      vertex 95.7299 -50.5692 2
    endloop
  endfacet
  facet normal -0.992337 0.123559 0
    outer loop
      vertex 95.7075 -50.7491 1.6
      vertex 95.7299 -50.5692 2
      vertex 95.7299 -50.5692 1.6
    endloop
  endfacet
  facet normal -0.992337 0.123559 0
    outer loop
      vertex 95.7299 -50.5692 2
      vertex 95.7075 -50.7491 1.6
      vertex 95.7075 -50.7491 2
    endloop
  endfacet
  facet normal -0.896391 0.443263 0
    outer loop
      vertex 95.6401 -50.8854 1.6
      vertex 95.7075 -50.7491 2
      vertex 95.7075 -50.7491 1.6
    endloop
  endfacet
  facet normal -0.896391 0.443263 0
    outer loop
      vertex 95.7075 -50.7491 2
      vertex 95.6401 -50.8854 1.6
      vertex 95.6401 -50.8854 2
    endloop
  endfacet
  facet normal -0.6231 0.782143 0
    outer loop
      vertex 95.6401 -50.8854 1.6
      vertex 95.5324 -50.9712 2
      vertex 95.6401 -50.8854 2
    endloop
  endfacet
  facet normal -0.6231 0.782143 0
    outer loop
      vertex 95.5324 -50.9712 2
      vertex 95.6401 -50.8854 1.6
      vertex 95.5324 -50.9712 1.6
    endloop
  endfacet
  facet normal -0.195853 0.980633 0
    outer loop
      vertex 95.5324 -50.9712 1.6
      vertex 95.3892 -50.9998 2
      vertex 95.5324 -50.9712 2
    endloop
  endfacet
  facet normal -0.195853 0.980633 0
    outer loop
      vertex 95.3892 -50.9998 2
      vertex 95.5324 -50.9712 1.6
      vertex 95.3892 -50.9998 1.6
    endloop
  endfacet
  facet normal 0.228033 0.973653 -0
    outer loop
      vertex 95.3892 -50.9998 1.6
      vertex 95.2436 -50.9657 2
      vertex 95.3892 -50.9998 2
    endloop
  endfacet
  facet normal 0.228033 0.973653 0
    outer loop
      vertex 95.2436 -50.9657 2
      vertex 95.3892 -50.9998 1.6
      vertex 95.2436 -50.9657 1.6
    endloop
  endfacet
  facet normal 0 -1 0
    outer loop
      vertex 91.8102 -50.7269 1.6
      vertex 92.7206 -50.7269 2
      vertex 91.8102 -50.7269 2
    endloop
  endfacet
  facet normal 0 -1 -0
    outer loop
      vertex 92.7206 -50.7269 2
      vertex 91.8102 -50.7269 1.6
      vertex 92.7206 -50.7269 1.6
    endloop
  endfacet
  facet normal -0.944678 -0.327998 0
    outer loop
      vertex 92.9325 -51.3372 1.6
      vertex 92.7206 -50.7269 2
      vertex 92.7206 -50.7269 1.6
    endloop
  endfacet
  facet normal -0.944678 -0.327998 0
    outer loop
      vertex 92.7206 -50.7269 2
      vertex 92.9325 -51.3372 1.6
      vertex 92.9325 -51.3372 2
    endloop
  endfacet
  facet normal 0 -1 0
    outer loop
      vertex 92.9325 -51.3372 1.6
      vertex 93.4275 -51.3372 2
      vertex 92.9325 -51.3372 2
    endloop
  endfacet
  facet normal 0 -1 -0
    outer loop
      vertex 93.4275 -51.3372 2
      vertex 92.9325 -51.3372 1.6
      vertex 93.4275 -51.3372 1.6
    endloop
  endfacet
  facet normal 0.939872 0.341528 0
    outer loop
      vertex 93.4275 -51.3372 2
      vertex 92.5595 -48.9485 1.6
      vertex 92.5595 -48.9485 2
    endloop
  endfacet
  facet normal 0.939872 0.341528 0
    outer loop
      vertex 92.5595 -48.9485 1.6
      vertex 93.4275 -51.3372 2
      vertex 93.4275 -51.3372 1.6
    endloop
  endfacet
  facet normal 0 1 -0
    outer loop
      vertex 92.5595 -48.9485 1.6
      vertex 91.9695 -48.9485 2
      vertex 92.5595 -48.9485 2
    endloop
  endfacet
  facet normal 0 1 0
    outer loop
      vertex 91.9695 -48.9485 2
      vertex 92.5595 -48.9485 1.6
      vertex 91.9695 -48.9485 1.6
    endloop
  endfacet
  facet normal -0.939442 0.342709 0
    outer loop
      vertex 91.0981 -51.3372 1.6
      vertex 91.9695 -48.9485 2
      vertex 91.9695 -48.9485 1.6
    endloop
  endfacet
  facet normal -0.939442 0.342709 0
    outer loop
      vertex 91.9695 -48.9485 2
      vertex 91.0981 -51.3372 1.6
      vertex 91.0981 -51.3372 2
    endloop
  endfacet
  facet normal 0 -1 0
    outer loop
      vertex 91.0981 -51.3372 1.6
      vertex 91.5983 -51.3372 2
      vertex 91.0981 -51.3372 2
    endloop
  endfacet
  facet normal 0 -1 -0
    outer loop
      vertex 91.5983 -51.3372 2
      vertex 91.0981 -51.3372 1.6
      vertex 91.5983 -51.3372 1.6
    endloop
  endfacet
  facet normal 0.944678 -0.327998 0
    outer loop
      vertex 91.5983 -51.3372 2
      vertex 91.8102 -50.7269 1.6
      vertex 91.8102 -50.7269 2
    endloop
  endfacet
  facet normal 0.944678 -0.327998 0
    outer loop
      vertex 91.8102 -50.7269 1.6
      vertex 91.5983 -51.3372 2
      vertex 91.5983 -51.3372 1.6
    endloop
  endfacet
  facet normal 0.946149 -0.323732 0
    outer loop
      vertex 91.9221 -50.3505 2
      vertex 92.1289 -49.7461 1.6
      vertex 92.1289 -49.7461 2
    endloop
  endfacet
  facet normal 0.946149 -0.323732 0
    outer loop
      vertex 92.1289 -49.7461 1.6
      vertex 91.9221 -50.3505 2
      vertex 91.9221 -50.3505 1.6
    endloop
  endfacet
  facet normal 0.948308 -0.31735 0
    outer loop
      vertex 92.1289 -49.7461 2
      vertex 92.2137 -49.4927 1.6
      vertex 92.2137 -49.4927 2
    endloop
  endfacet
  facet normal 0.948308 -0.31735 0
    outer loop
      vertex 92.2137 -49.4927 1.6
      vertex 92.1289 -49.7461 2
      vertex 92.1289 -49.7461 1.6
    endloop
  endfacet
  facet normal 0.958325 -0.28568 0
    outer loop
      vertex 92.2137 -49.4927 2
      vertex 92.2357 -49.4189 1.6
      vertex 92.2357 -49.4189 2
    endloop
  endfacet
  facet normal 0.958325 -0.28568 0
    outer loop
      vertex 92.2357 -49.4189 1.6
      vertex 92.2137 -49.4927 2
      vertex 92.2137 -49.4927 1.6
    endloop
  endfacet
  facet normal 0.961245 -0.275695 0
    outer loop
      vertex 92.2357 -49.4189 2
      vertex 92.2544 -49.3537 1.6
      vertex 92.2544 -49.3537 2
    endloop
  endfacet
  facet normal 0.961245 -0.275695 0
    outer loop
      vertex 92.2544 -49.3537 1.6
      vertex 92.2357 -49.4189 2
      vertex 92.2357 -49.4189 1.6
    endloop
  endfacet
  facet normal 0.96524 -0.261365 0
    outer loop
      vertex 92.2544 -49.3537 2
      vertex 92.2645 -49.3164 1.6
      vertex 92.2645 -49.3164 2
    endloop
  endfacet
  facet normal 0.96524 -0.261365 0
    outer loop
      vertex 92.2645 -49.3164 1.6
      vertex 92.2544 -49.3537 2
      vertex 92.2544 -49.3537 1.6
    endloop
  endfacet
  facet normal -0.956694 -0.291097 0
    outer loop
      vertex 92.3001 -49.4334 1.6
      vertex 92.2645 -49.3164 2
      vertex 92.2645 -49.3164 1.6
    endloop
  endfacet
  facet normal -0.956694 -0.291097 0
    outer loop
      vertex 92.2645 -49.3164 2
      vertex 92.3001 -49.4334 1.6
      vertex 92.3001 -49.4334 2
    endloop
  endfacet
  facet normal -0.953451 -0.301547 0
    outer loop
      vertex 92.373 -49.6639 1.6
      vertex 92.3001 -49.4334 2
      vertex 92.3001 -49.4334 1.6
    endloop
  endfacet
  facet normal -0.953451 -0.301547 0
    outer loop
      vertex 92.3001 -49.4334 2
      vertex 92.373 -49.6639 1.6
      vertex 92.373 -49.6639 2
    endloop
  endfacet
  facet normal -0.945822 -0.324687 0
    outer loop
      vertex 92.6087 -50.3505 1.6
      vertex 92.373 -49.6639 2
      vertex 92.373 -49.6639 1.6
    endloop
  endfacet
  facet normal -0.945822 -0.324687 0
    outer loop
      vertex 92.373 -49.6639 2
      vertex 92.6087 -50.3505 1.6
      vertex 92.6087 -50.3505 2
    endloop
  endfacet
  facet normal 0 1 -0
    outer loop
      vertex 92.6087 -50.3505 1.6
      vertex 91.9221 -50.3505 2
      vertex 92.6087 -50.3505 2
    endloop
  endfacet
  facet normal 0 1 0
    outer loop
      vertex 91.9221 -50.3505 2
      vertex 92.6087 -50.3505 1.6
      vertex 91.9221 -50.3505 1.6
    endloop
  endfacet
  facet normal 0 1 -0
    outer loop
      vertex 94.1928 -48.9485 1.6
      vertex 93.6927 -48.9485 2
      vertex 94.1928 -48.9485 2
    endloop
  endfacet
  facet normal 0 1 0
    outer loop
      vertex 93.6927 -48.9485 2
      vertex 94.1928 -48.9485 1.6
      vertex 93.6927 -48.9485 1.6
    endloop
  endfacet
  facet normal -1 0 0
    outer loop
      vertex 93.6927 -51.3372 1.6
      vertex 93.6927 -48.9485 2
      vertex 93.6927 -48.9485 1.6
    endloop
  endfacet
  facet normal -1 -0 0
    outer loop
      vertex 93.6927 -48.9485 2
      vertex 93.6927 -51.3372 1.6
      vertex 93.6927 -51.3372 2
    endloop
  endfacet
  facet normal 0 -1 0
    outer loop
      vertex 93.6927 -51.3372 1.6
      vertex 94.1928 -51.3372 2
      vertex 93.6927 -51.3372 2
    endloop
  endfacet
  facet normal 0 -1 -0
    outer loop
      vertex 94.1928 -51.3372 2
      vertex 93.6927 -51.3372 1.6
      vertex 94.1928 -51.3372 1.6
    endloop
  endfacet
  facet normal 1 -0 0
    outer loop
      vertex 94.1928 -51.3372 2
      vertex 94.1928 -48.9485 1.6
      vertex 94.1928 -48.9485 2
    endloop
  endfacet
  facet normal 1 0 0
    outer loop
      vertex 94.1928 -48.9485 1.6
      vertex 94.1928 -51.3372 2
      vertex 94.1928 -51.3372 1.6
    endloop
  endfacet
  facet normal 0 0 -1
    outer loop
      vertex 110.721 -50.7261 1.6
      vertex 109.922 -50.3497 1.6
      vertex 110.609 -50.3497 1.6
    endloop
  endfacet
  facet normal 0 -0 -1
    outer loop
      vertex 109.922 -50.3497 1.6
      vertex 110.721 -50.7261 1.6
      vertex 109.81 -50.7261 1.6
    endloop
  endfacet
  facet normal 0 0 -1
    outer loop
      vertex 110.721 -50.7261 1.6
      vertex 111.427 -51.3364 1.6
      vertex 110.932 -51.3364 1.6
    endloop
  endfacet
  facet normal 0 0 -1
    outer loop
      vertex 110.609 -50.3497 1.6
      vertex 111.427 -51.3364 1.6
      vertex 110.721 -50.7261 1.6
    endloop
  endfacet
  facet normal 0 0 -1
    outer loop
      vertex 110.609 -50.3497 1.6
      vertex 110.56 -48.9477 1.6
      vertex 111.427 -51.3364 1.6
    endloop
  endfacet
  facet normal 0 0 -1
    outer loop
      vertex 110.373 -49.6631 1.6
      vertex 110.56 -48.9477 1.6
      vertex 110.609 -50.3497 1.6
    endloop
  endfacet
  facet normal 0 0 -1
    outer loop
      vertex 110.3 -49.4326 1.6
      vertex 110.56 -48.9477 1.6
      vertex 110.373 -49.6631 1.6
    endloop
  endfacet
  facet normal 0 0 -1
    outer loop
      vertex 110.265 -49.3156 1.6
      vertex 110.56 -48.9477 1.6
      vertex 110.3 -49.4326 1.6
    endloop
  endfacet
  facet normal 0 0 -1
    outer loop
      vertex 109.97 -48.9477 1.6
      vertex 110.254 -49.3529 1.6
      vertex 110.236 -49.4182 1.6
    endloop
  endfacet
  facet normal 0 0 -1
    outer loop
      vertex 109.97 -48.9477 1.6
      vertex 110.236 -49.4182 1.6
      vertex 110.214 -49.4919 1.6
    endloop
  endfacet
  facet normal 0 0 -1
    outer loop
      vertex 109.97 -48.9477 1.6
      vertex 110.214 -49.4919 1.6
      vertex 110.129 -49.7454 1.6
    endloop
  endfacet
  facet normal 0 0 -1
    outer loop
      vertex 110.265 -49.3156 1.6
      vertex 109.97 -48.9477 1.6
      vertex 110.56 -48.9477 1.6
    endloop
  endfacet
  facet normal 0 0 -1
    outer loop
      vertex 110.254 -49.3529 1.6
      vertex 109.97 -48.9477 1.6
      vertex 110.265 -49.3156 1.6
    endloop
  endfacet
  facet normal 0 0 -1
    outer loop
      vertex 109.922 -50.3497 1.6
      vertex 109.97 -48.9477 1.6
      vertex 110.129 -49.7454 1.6
    endloop
  endfacet
  facet normal 0 0 -1
    outer loop
      vertex 109.098 -51.3364 1.6
      vertex 109.922 -50.3497 1.6
      vertex 109.81 -50.7261 1.6
    endloop
  endfacet
  facet normal 0 0 -1
    outer loop
      vertex 109.098 -51.3364 1.6
      vertex 109.81 -50.7261 1.6
      vertex 109.598 -51.3364 1.6
    endloop
  endfacet
  facet normal -0 0 -1
    outer loop
      vertex 109.922 -50.3497 1.6
      vertex 109.098 -51.3364 1.6
      vertex 109.97 -48.9477 1.6
    endloop
  endfacet
  facet normal 0 0 -1
    outer loop
      vertex 111.693 -51.3364 1.6
      vertex 112.193 -48.9477 1.6
      vertex 112.193 -51.3364 1.6
    endloop
  endfacet
  facet normal -0 0 -1
    outer loop
      vertex 112.193 -48.9477 1.6
      vertex 111.693 -51.3364 1.6
      vertex 111.693 -48.9477 1.6
    endloop
  endfacet
  facet normal 0 0 -1
    outer loop
      vertex 113.41 -49.8337 1.6
      vertex 113.742 -50.0588 1.6
      vertex 113.627 -50.2997 1.6
    endloop
  endfacet
  facet normal 0 0 -1
    outer loop
      vertex 113.203 -50.1912 1.6
      vertex 113.627 -50.2997 1.6
      vertex 113.531 -50.5447 1.6
    endloop
  endfacet
  facet normal 0 0 -1
    outer loop
      vertex 113.073 -50.4777 1.6
      vertex 113.531 -50.5447 1.6
      vertex 113.458 -50.7964 1.6
    endloop
  endfacet
  facet normal 0 0 -1
    outer loop
      vertex 113.742 -50.0588 1.6
      vertex 113.41 -49.8337 1.6
      vertex 113.738 -49.3393 1.6
    endloop
  endfacet
  facet normal 0 0 -1
    outer loop
      vertex 112.977 -50.7591 1.6
      vertex 113.458 -50.7964 1.6
      vertex 113.411 -51.059 1.6
    endloop
  endfacet
  facet normal 0 0 -1
    outer loop
      vertex 112.919 -51.0429 1.6
      vertex 113.411 -51.059 1.6
      vertex 113.396 -51.3364 1.6
    endloop
  endfacet
  facet normal 0 0 -1
    outer loop
      vertex 113.627 -50.2997 1.6
      vertex 113.203 -50.1912 1.6
      vertex 113.41 -49.8337 1.6
    endloop
  endfacet
  facet normal 0 0 -1
    outer loop
      vertex 113.531 -50.5447 1.6
      vertex 113.073 -50.4777 1.6
      vertex 113.203 -50.1912 1.6
    endloop
  endfacet
  facet normal 0 0 -1
    outer loop
      vertex 113.458 -50.7964 1.6
      vertex 112.977 -50.7591 1.6
      vertex 113.073 -50.4777 1.6
    endloop
  endfacet
  facet normal 0 0 -1
    outer loop
      vertex 113.411 -51.059 1.6
      vertex 112.919 -51.0429 1.6
      vertex 112.977 -50.7591 1.6
    endloop
  endfacet
  facet normal 0 -0 -1
    outer loop
      vertex 112.919 -51.0429 1.6
      vertex 113.396 -51.3364 1.6
      vertex 112.899 -51.3364 1.6
    endloop
  endfacet
  facet normal 0 0 -1
    outer loop
      vertex 113.738 -49.3393 1.6
      vertex 114.181 -49.3258 1.6
      vertex 114.024 -49.5762 1.6
    endloop
  endfacet
  facet normal 0 0 -1
    outer loop
      vertex 113.738 -49.3393 1.6
      vertex 114.024 -49.5762 1.6
      vertex 113.877 -49.8191 1.6
    endloop
  endfacet
  facet normal 0 0 -1
    outer loop
      vertex 113.738 -49.3393 1.6
      vertex 113.877 -49.8191 1.6
      vertex 113.742 -50.0588 1.6
    endloop
  endfacet
  facet normal -0 0 -1
    outer loop
      vertex 114.181 -49.3258 1.6
      vertex 113.738 -49.3393 1.6
      vertex 114.181 -48.9477 1.6
    endloop
  endfacet
  facet normal 0 0 -1
    outer loop
      vertex 112.552 -48.9477 1.6
      vertex 113.738 -49.3393 1.6
      vertex 112.552 -49.3393 1.6
    endloop
  endfacet
  facet normal 0 0 -1
    outer loop
      vertex 113.738 -49.3393 1.6
      vertex 112.552 -48.9477 1.6
      vertex 114.181 -48.9477 1.6
    endloop
  endfacet
  facet normal 0 0 1
    outer loop
      vertex 111.427 -51.3364 2
      vertex 110.721 -50.7261 2
      vertex 110.932 -51.3364 2
    endloop
  endfacet
  facet normal 0 0 1
    outer loop
      vertex 111.427 -51.3364 2
      vertex 110.609 -50.3497 2
      vertex 110.721 -50.7261 2
    endloop
  endfacet
  facet normal 0 0 1
    outer loop
      vertex 110.56 -48.9477 2
      vertex 110.609 -50.3497 2
      vertex 111.427 -51.3364 2
    endloop
  endfacet
  facet normal 0 0 1
    outer loop
      vertex 110.56 -48.9477 2
      vertex 110.373 -49.6631 2
      vertex 110.609 -50.3497 2
    endloop
  endfacet
  facet normal 0 0 1
    outer loop
      vertex 110.56 -48.9477 2
      vertex 110.3 -49.4326 2
      vertex 110.373 -49.6631 2
    endloop
  endfacet
  facet normal 0 0 1
    outer loop
      vertex 110.56 -48.9477 2
      vertex 110.265 -49.3156 2
      vertex 110.3 -49.4326 2
    endloop
  endfacet
  facet normal 0 0 1
    outer loop
      vertex 109.97 -48.9477 2
      vertex 110.254 -49.3529 2
      vertex 110.265 -49.3156 2
    endloop
  endfacet
  facet normal 0 0 1
    outer loop
      vertex 110.254 -49.3529 2
      vertex 109.97 -48.9477 2
      vertex 110.236 -49.4182 2
    endloop
  endfacet
  facet normal 0 0 1
    outer loop
      vertex 110.236 -49.4182 2
      vertex 109.97 -48.9477 2
      vertex 110.214 -49.4919 2
    endloop
  endfacet
  facet normal -0 0 1
    outer loop
      vertex 109.97 -48.9477 2
      vertex 110.265 -49.3156 2
      vertex 110.56 -48.9477 2
    endloop
  endfacet
  facet normal 0 0 1
    outer loop
      vertex 110.214 -49.4919 2
      vertex 109.97 -48.9477 2
      vertex 110.129 -49.7454 2
    endloop
  endfacet
  facet normal 0 0 1
    outer loop
      vertex 109.97 -48.9477 2
      vertex 109.922 -50.3497 2
      vertex 110.129 -49.7454 2
    endloop
  endfacet
  facet normal 0 0 1
    outer loop
      vertex 109.098 -51.3364 2
      vertex 109.922 -50.3497 2
      vertex 109.97 -48.9477 2
    endloop
  endfacet
  facet normal 0 0 1
    outer loop
      vertex 109.922 -50.3497 2
      vertex 109.098 -51.3364 2
      vertex 109.81 -50.7261 2
    endloop
  endfacet
  facet normal 0 0 1
    outer loop
      vertex 109.81 -50.7261 2
      vertex 109.098 -51.3364 2
      vertex 109.598 -51.3364 2
    endloop
  endfacet
  facet normal -0 0 1
    outer loop
      vertex 109.922 -50.3497 2
      vertex 110.721 -50.7261 2
      vertex 110.609 -50.3497 2
    endloop
  endfacet
  facet normal 0 0 1
    outer loop
      vertex 110.721 -50.7261 2
      vertex 109.922 -50.3497 2
      vertex 109.81 -50.7261 2
    endloop
  endfacet
  facet normal -0 0 1
    outer loop
      vertex 111.693 -48.9477 2
      vertex 112.193 -51.3364 2
      vertex 112.193 -48.9477 2
    endloop
  endfacet
  facet normal 0 0 1
    outer loop
      vertex 112.193 -51.3364 2
      vertex 111.693 -48.9477 2
      vertex 111.693 -51.3364 2
    endloop
  endfacet
  facet normal 0 0 1
    outer loop
      vertex 113.738 -49.3393 2
      vertex 114.181 -49.3258 2
      vertex 114.181 -48.9477 2
    endloop
  endfacet
  facet normal 0 0 1
    outer loop
      vertex 114.181 -49.3258 2
      vertex 113.738 -49.3393 2
      vertex 114.024 -49.5762 2
    endloop
  endfacet
  facet normal 0 0 1
    outer loop
      vertex 114.024 -49.5762 2
      vertex 113.738 -49.3393 2
      vertex 113.877 -49.8191 2
    endloop
  endfacet
  facet normal 0 0 1
    outer loop
      vertex 113.41 -49.8337 2
      vertex 113.877 -49.8191 2
      vertex 113.738 -49.3393 2
    endloop
  endfacet
  facet normal -0 0 1
    outer loop
      vertex 112.552 -48.9477 2
      vertex 113.738 -49.3393 2
      vertex 114.181 -48.9477 2
    endloop
  endfacet
  facet normal 0 0 1
    outer loop
      vertex 113.738 -49.3393 2
      vertex 112.552 -48.9477 2
      vertex 112.552 -49.3393 2
    endloop
  endfacet
  facet normal 0 0 1
    outer loop
      vertex 113.877 -49.8191 2
      vertex 113.41 -49.8337 2
      vertex 113.742 -50.0588 2
    endloop
  endfacet
  facet normal 0 0 1
    outer loop
      vertex 113.742 -50.0588 2
      vertex 113.41 -49.8337 2
      vertex 113.627 -50.2997 2
    endloop
  endfacet
  facet normal -0 0 1
    outer loop
      vertex 113.203 -50.1912 2
      vertex 113.627 -50.2997 2
      vertex 113.41 -49.8337 2
    endloop
  endfacet
  facet normal 0 0 1
    outer loop
      vertex 113.627 -50.2997 2
      vertex 113.203 -50.1912 2
      vertex 113.531 -50.5447 2
    endloop
  endfacet
  facet normal -0 0 1
    outer loop
      vertex 113.073 -50.4777 2
      vertex 113.531 -50.5447 2
      vertex 113.203 -50.1912 2
    endloop
  endfacet
  facet normal 0 0 1
    outer loop
      vertex 113.531 -50.5447 2
      vertex 113.073 -50.4777 2
      vertex 113.458 -50.7964 2
    endloop
  endfacet
  facet normal -0 0 1
    outer loop
      vertex 112.977 -50.7591 2
      vertex 113.458 -50.7964 2
      vertex 113.073 -50.4777 2
    endloop
  endfacet
  facet normal 0 0 1
    outer loop
      vertex 113.458 -50.7964 2
      vertex 112.977 -50.7591 2
      vertex 113.411 -51.059 2
    endloop
  endfacet
  facet normal -0 0 1
    outer loop
      vertex 112.919 -51.0429 2
      vertex 113.411 -51.059 2
      vertex 112.977 -50.7591 2
    endloop
  endfacet
  facet normal 0 0 1
    outer loop
      vertex 113.411 -51.059 2
      vertex 112.919 -51.0429 2
      vertex 113.396 -51.3364 2
    endloop
  endfacet
  facet normal 0 0 1
    outer loop
      vertex 113.396 -51.3364 2
      vertex 112.919 -51.0429 2
      vertex 112.899 -51.3364 2
    endloop
  endfacet
  facet normal 0 -1 0
    outer loop
      vertex 109.81 -50.7261 1.6
      vertex 110.721 -50.7261 2
      vertex 109.81 -50.7261 2
    endloop
  endfacet
  facet normal 0 -1 -0
    outer loop
      vertex 110.721 -50.7261 2
      vertex 109.81 -50.7261 1.6
      vertex 110.721 -50.7261 1.6
    endloop
  endfacet
  facet normal -0.945109 -0.326754 0
    outer loop
      vertex 110.932 -51.3364 1.6
      vertex 110.721 -50.7261 2
      vertex 110.721 -50.7261 1.6
    endloop
  endfacet
  facet normal -0.945109 -0.326754 0
    outer loop
      vertex 110.721 -50.7261 2
      vertex 110.932 -51.3364 1.6
      vertex 110.932 -51.3364 2
    endloop
  endfacet
  facet normal 0 -1 0
    outer loop
      vertex 110.932 -51.3364 1.6
      vertex 111.427 -51.3364 2
      vertex 110.932 -51.3364 2
    endloop
  endfacet
  facet normal 0 -1 -0
    outer loop
      vertex 111.427 -51.3364 2
      vertex 110.932 -51.3364 1.6
      vertex 111.427 -51.3364 1.6
    endloop
  endfacet
  facet normal 0.939998 0.341181 0
    outer loop
      vertex 111.427 -51.3364 2
      vertex 110.56 -48.9477 1.6
      vertex 110.56 -48.9477 2
    endloop
  endfacet
  facet normal 0.939998 0.341181 0
    outer loop
      vertex 110.56 -48.9477 1.6
      vertex 111.427 -51.3364 2
      vertex 111.427 -51.3364 1.6
    endloop
  endfacet
  facet normal 0 1 -0
    outer loop
      vertex 110.56 -48.9477 1.6
      vertex 109.97 -48.9477 2
      vertex 110.56 -48.9477 2
    endloop
  endfacet
  facet normal 0 1 0
    outer loop
      vertex 109.97 -48.9477 2
      vertex 110.56 -48.9477 1.6
      vertex 109.97 -48.9477 1.6
    endloop
  endfacet
  facet normal -0.939366 0.342917 0
    outer loop
      vertex 109.098 -51.3364 1.6
      vertex 109.97 -48.9477 2
      vertex 109.97 -48.9477 1.6
    endloop
  endfacet
  facet normal -0.939366 0.342917 0
    outer loop
      vertex 109.97 -48.9477 2
      vertex 109.098 -51.3364 1.6
      vertex 109.098 -51.3364 2
    endloop
  endfacet
  facet normal 0 -1 0
    outer loop
      vertex 109.098 -51.3364 1.6
      vertex 109.598 -51.3364 2
      vertex 109.098 -51.3364 2
    endloop
  endfacet
  facet normal 0 -1 -0
    outer loop
      vertex 109.598 -51.3364 2
      vertex 109.098 -51.3364 1.6
      vertex 109.598 -51.3364 1.6
    endloop
  endfacet
  facet normal 0.94463 -0.328136 0
    outer loop
      vertex 109.598 -51.3364 2
      vertex 109.81 -50.7261 1.6
      vertex 109.81 -50.7261 2
    endloop
  endfacet
  facet normal 0.94463 -0.328136 0
    outer loop
      vertex 109.81 -50.7261 1.6
      vertex 109.598 -51.3364 2
      vertex 109.598 -51.3364 1.6
    endloop
  endfacet
  facet normal 0.946036 -0.32406 0
    outer loop
      vertex 109.922 -50.3497 2
      vertex 110.129 -49.7454 1.6
      vertex 110.129 -49.7454 2
    endloop
  endfacet
  facet normal 0.946036 -0.32406 0
    outer loop
      vertex 110.129 -49.7454 1.6
      vertex 109.922 -50.3497 2
      vertex 109.922 -50.3497 1.6
    endloop
  endfacet
  facet normal 0.948121 -0.31791 0
    outer loop
      vertex 110.129 -49.7454 2
      vertex 110.214 -49.4919 1.6
      vertex 110.214 -49.4919 2
    endloop
  endfacet
  facet normal 0.948121 -0.31791 0
    outer loop
      vertex 110.214 -49.4919 1.6
      vertex 110.129 -49.7454 2
      vertex 110.129 -49.7454 1.6
    endloop
  endfacet
  facet normal 0.958219 -0.286036 0
    outer loop
      vertex 110.214 -49.4919 2
      vertex 110.236 -49.4182 1.6
      vertex 110.236 -49.4182 2
    endloop
  endfacet
  facet normal 0.958219 -0.286036 0
    outer loop
      vertex 110.236 -49.4182 1.6
      vertex 110.214 -49.4919 2
      vertex 110.214 -49.4919 1.6
    endloop
  endfacet
  facet normal 0.964045 -0.26574 0
    outer loop
      vertex 110.236 -49.4182 2
      vertex 110.254 -49.3529 1.6
      vertex 110.254 -49.3529 2
    endloop
  endfacet
  facet normal 0.964045 -0.26574 0
    outer loop
      vertex 110.254 -49.3529 1.6
      vertex 110.236 -49.4182 2
      vertex 110.236 -49.4182 1.6
    endloop
  endfacet
  facet normal 0.959161 -0.282862 0
    outer loop
      vertex 110.254 -49.3529 2
      vertex 110.265 -49.3156 1.6
      vertex 110.265 -49.3156 2
    endloop
  endfacet
  facet normal 0.959161 -0.282862 0
    outer loop
      vertex 110.265 -49.3156 1.6
      vertex 110.254 -49.3529 2
      vertex 110.254 -49.3529 1.6
    endloop
  endfacet
  facet normal -0.958051 -0.286597 0
    outer loop
      vertex 110.3 -49.4326 1.6
      vertex 110.265 -49.3156 2
      vertex 110.265 -49.3156 1.6
    endloop
  endfacet
  facet normal -0.958051 -0.286597 0
    outer loop
      vertex 110.265 -49.3156 2
      vertex 110.3 -49.4326 1.6
      vertex 110.3 -49.4326 2
    endloop
  endfacet
  facet normal -0.953332 -0.301923 0
    outer loop
      vertex 110.373 -49.6631 1.6
      vertex 110.3 -49.4326 2
      vertex 110.3 -49.4326 1.6
    endloop
  endfacet
  facet normal -0.953332 -0.301923 0
    outer loop
      vertex 110.3 -49.4326 2
      vertex 110.373 -49.6631 1.6
      vertex 110.373 -49.6631 2
    endloop
  endfacet
  facet normal -0.945695 -0.325057 0
    outer loop
      vertex 110.609 -50.3497 1.6
      vertex 110.373 -49.6631 2
      vertex 110.373 -49.6631 1.6
    endloop
  endfacet
  facet normal -0.945695 -0.325057 0
    outer loop
      vertex 110.373 -49.6631 2
      vertex 110.609 -50.3497 1.6
      vertex 110.609 -50.3497 2
    endloop
  endfacet
  facet normal 0 1 -0
    outer loop
      vertex 110.609 -50.3497 1.6
      vertex 109.922 -50.3497 2
      vertex 110.609 -50.3497 2
    endloop
  endfacet
  facet normal 0 1 0
    outer loop
      vertex 109.922 -50.3497 2
      vertex 110.609 -50.3497 1.6
      vertex 109.922 -50.3497 1.6
    endloop
  endfacet
  facet normal 0 1 -0
    outer loop
      vertex 112.193 -48.9477 1.6
      vertex 111.693 -48.9477 2
      vertex 112.193 -48.9477 2
    endloop
  endfacet
  facet normal 0 1 0
    outer loop
      vertex 111.693 -48.9477 2
      vertex 112.193 -48.9477 1.6
      vertex 111.693 -48.9477 1.6
    endloop
  endfacet
  facet normal -1 0 0
    outer loop
      vertex 111.693 -51.3364 1.6
      vertex 111.693 -48.9477 2
      vertex 111.693 -48.9477 1.6
    endloop
  endfacet
  facet normal -1 -0 0
    outer loop
      vertex 111.693 -48.9477 2
      vertex 111.693 -51.3364 1.6
      vertex 111.693 -51.3364 2
    endloop
  endfacet
  facet normal 0 -1 0
    outer loop
      vertex 111.693 -51.3364 1.6
      vertex 112.193 -51.3364 2
      vertex 111.693 -51.3364 2
    endloop
  endfacet
  facet normal 0 -1 -0
    outer loop
      vertex 112.193 -51.3364 2
      vertex 111.693 -51.3364 1.6
      vertex 112.193 -51.3364 1.6
    endloop
  endfacet
  facet normal 1 -0 0
    outer loop
      vertex 112.193 -51.3364 2
      vertex 112.193 -48.9477 1.6
      vertex 112.193 -48.9477 2
    endloop
  endfacet
  facet normal 1 0 0
    outer loop
      vertex 112.193 -48.9477 1.6
      vertex 112.193 -51.3364 2
      vertex 112.193 -51.3364 1.6
    endloop
  endfacet
  facet normal 0.984358 -0.17618 0
    outer loop
      vertex 113.411 -51.059 2
      vertex 113.458 -50.7964 1.6
      vertex 113.458 -50.7964 2
    endloop
  endfacet
  facet normal 0.984358 -0.17618 0
    outer loop
      vertex 113.458 -50.7964 1.6
      vertex 113.411 -51.059 2
      vertex 113.411 -51.059 1.6
    endloop
  endfacet
  facet normal 0.960422 -0.278549 0
    outer loop
      vertex 113.458 -50.7964 2
      vertex 113.531 -50.5447 1.6
      vertex 113.531 -50.5447 2
    endloop
  endfacet
  facet normal 0.960422 -0.278549 0
    outer loop
      vertex 113.531 -50.5447 1.6
      vertex 113.458 -50.7964 2
      vertex 113.458 -50.7964 1.6
    endloop
  endfacet
  facet normal 0.931074 -0.364829 0
    outer loop
      vertex 113.531 -50.5447 2
      vertex 113.627 -50.2997 1.6
      vertex 113.627 -50.2997 2
    endloop
  endfacet
  facet normal 0.931074 -0.364829 0
    outer loop
      vertex 113.627 -50.2997 1.6
      vertex 113.531 -50.5447 2
      vertex 113.531 -50.5447 1.6
    endloop
  endfacet
  facet normal 0.902445 -0.430806 0
    outer loop
      vertex 113.627 -50.2997 2
      vertex 113.742 -50.0588 1.6
      vertex 113.742 -50.0588 2
    endloop
  endfacet
  facet normal 0.902445 -0.430806 0
    outer loop
      vertex 113.742 -50.0588 1.6
      vertex 113.627 -50.2997 2
      vertex 113.627 -50.2997 1.6
    endloop
  endfacet
  facet normal 0.871313 -0.490727 0
    outer loop
      vertex 113.742 -50.0588 2
      vertex 113.877 -49.8191 1.6
      vertex 113.877 -49.8191 2
    endloop
  endfacet
  facet normal 0.871313 -0.490727 0
    outer loop
      vertex 113.877 -49.8191 1.6
      vertex 113.742 -50.0588 2
      vertex 113.742 -50.0588 1.6
    endloop
  endfacet
  facet normal 0.855529 -0.517755 0
    outer loop
      vertex 113.877 -49.8191 2
      vertex 114.024 -49.5762 1.6
      vertex 114.024 -49.5762 2
    endloop
  endfacet
  facet normal 0.855529 -0.517755 0
    outer loop
      vertex 114.024 -49.5762 1.6
      vertex 113.877 -49.8191 2
      vertex 113.877 -49.8191 1.6
    endloop
  endfacet
  facet normal 0.847237 -0.531215 0
    outer loop
      vertex 114.024 -49.5762 2
      vertex 114.181 -49.3258 1.6
      vertex 114.181 -49.3258 2
    endloop
  endfacet
  facet normal 0.847237 -0.531215 0
    outer loop
      vertex 114.181 -49.3258 1.6
      vertex 114.024 -49.5762 2
      vertex 114.024 -49.5762 1.6
    endloop
  endfacet
  facet normal 1 -0 0
    outer loop
      vertex 114.181 -49.3258 2
      vertex 114.181 -48.9477 1.6
      vertex 114.181 -48.9477 2
    endloop
  endfacet
  facet normal 1 0 0
    outer loop
      vertex 114.181 -48.9477 1.6
      vertex 114.181 -49.3258 2
      vertex 114.181 -49.3258 1.6
    endloop
  endfacet
  facet normal 0 1 -0
    outer loop
      vertex 114.181 -48.9477 1.6
      vertex 112.552 -48.9477 2
      vertex 114.181 -48.9477 2
    endloop
  endfacet
  facet normal 0 1 0
    outer loop
      vertex 112.552 -48.9477 2
      vertex 114.181 -48.9477 1.6
      vertex 112.552 -48.9477 1.6
    endloop
  endfacet
  facet normal -1 0 0
    outer loop
      vertex 112.552 -49.3393 1.6
      vertex 112.552 -48.9477 2
      vertex 112.552 -48.9477 1.6
    endloop
  endfacet
  facet normal -1 -0 0
    outer loop
      vertex 112.552 -48.9477 2
      vertex 112.552 -49.3393 1.6
      vertex 112.552 -49.3393 2
    endloop
  endfacet
  facet normal 0 -1 0
    outer loop
      vertex 112.552 -49.3393 1.6
      vertex 113.738 -49.3393 2
      vertex 112.552 -49.3393 2
    endloop
  endfacet
  facet normal 0 -1 -0
    outer loop
      vertex 113.738 -49.3393 2
      vertex 112.552 -49.3393 1.6
      vertex 113.738 -49.3393 1.6
    endloop
  endfacet
  facet normal -0.833293 0.552832 0
    outer loop
      vertex 113.41 -49.8337 1.6
      vertex 113.738 -49.3393 2
      vertex 113.738 -49.3393 1.6
    endloop
  endfacet
  facet normal -0.833293 0.552832 0
    outer loop
      vertex 113.738 -49.3393 2
      vertex 113.41 -49.8337 1.6
      vertex 113.41 -49.8337 2
    endloop
  endfacet
  facet normal -0.865399 0.501084 0
    outer loop
      vertex 113.203 -50.1912 1.6
      vertex 113.41 -49.8337 2
      vertex 113.41 -49.8337 1.6
    endloop
  endfacet
  facet normal -0.865399 0.501084 0
    outer loop
      vertex 113.41 -49.8337 2
      vertex 113.203 -50.1912 1.6
      vertex 113.203 -50.1912 2
    endloop
  endfacet
  facet normal -0.910638 0.413204 0
    outer loop
      vertex 113.073 -50.4777 1.6
      vertex 113.203 -50.1912 2
      vertex 113.203 -50.1912 1.6
    endloop
  endfacet
  facet normal -0.910638 0.413204 0
    outer loop
      vertex 113.203 -50.1912 2
      vertex 113.073 -50.4777 1.6
      vertex 113.073 -50.4777 2
    endloop
  endfacet
  facet normal -0.94644 0.322879 0
    outer loop
      vertex 112.977 -50.7591 1.6
      vertex 113.073 -50.4777 2
      vertex 113.073 -50.4777 1.6
    endloop
  endfacet
  facet normal -0.94644 0.322879 0
    outer loop
      vertex 113.073 -50.4777 2
      vertex 112.977 -50.7591 1.6
      vertex 112.977 -50.7591 2
    endloop
  endfacet
  facet normal -0.979749 0.200231 0
    outer loop
      vertex 112.919 -51.0429 1.6
      vertex 112.977 -50.7591 2
      vertex 112.977 -50.7591 1.6
    endloop
  endfacet
  facet normal -0.979749 0.200231 0
    outer loop
      vertex 112.977 -50.7591 2
      vertex 112.919 -51.0429 1.6
      vertex 112.919 -51.0429 2
    endloop
  endfacet
  facet normal -0.997686 0.0679854 0
    outer loop
      vertex 112.899 -51.3364 1.6
      vertex 112.919 -51.0429 2
      vertex 112.919 -51.0429 1.6
    endloop
  endfacet
  facet normal -0.997686 0.0679854 0
    outer loop
      vertex 112.919 -51.0429 2
      vertex 112.899 -51.3364 1.6
      vertex 112.899 -51.3364 2
    endloop
  endfacet
  facet normal 0 -1 0
    outer loop
      vertex 112.899 -51.3364 1.6
      vertex 113.396 -51.3364 2
      vertex 112.899 -51.3364 2
    endloop
  endfacet
  facet normal 0 -1 -0
    outer loop
      vertex 113.396 -51.3364 2
      vertex 112.899 -51.3364 1.6
      vertex 113.396 -51.3364 1.6
    endloop
  endfacet
  facet normal 0.998541 -0.0539947 0
    outer loop
      vertex 113.396 -51.3364 2
      vertex 113.411 -51.059 1.6
      vertex 113.411 -51.059 2
    endloop
  endfacet
  facet normal 0.998541 -0.0539947 0
    outer loop
      vertex 113.411 -51.059 1.6
      vertex 113.396 -51.3364 2
      vertex 113.396 -51.3364 1.6
    endloop
  endfacet
  facet normal -0 0 -1
    outer loop
      vertex 132.227 -50.6641 1.6
      vertex 131.712 -50.8121 1.6
      vertex 131.733 -50.6252 1.6
    endloop
  endfacet
  facet normal 0 0 -1
    outer loop
      vertex 132.005 -51.1855 1.6
      vertex 131.646 -50.9388 1.6
      vertex 131.712 -50.8121 1.6
    endloop
  endfacet
  facet normal 0 0 -1
    outer loop
      vertex 131.735 -51.3247 1.6
      vertex 131.534 -51.0112 1.6
      vertex 131.646 -50.9388 1.6
    endloop
  endfacet
  facet normal 0 0 -1
    outer loop
      vertex 131.371 -51.3711 1.6
      vertex 131.534 -51.0112 1.6
      vertex 131.735 -51.3247 1.6
    endloop
  endfacet
  facet normal 0 0 -1
    outer loop
      vertex 131.534 -51.0112 1.6
      vertex 131.371 -51.3711 1.6
      vertex 131.374 -51.0354 1.6
    endloop
  endfacet
  facet normal 0 0 -1
    outer loop
      vertex 131.371 -51.3711 1.6
      vertex 131.21 -51.0112 1.6
      vertex 131.374 -51.0354 1.6
    endloop
  endfacet
  facet normal 0 0 -1
    outer loop
      vertex 131.008 -51.3249 1.6
      vertex 131.21 -51.0112 1.6
      vertex 131.371 -51.3711 1.6
    endloop
  endfacet
  facet normal -0 0 -1
    outer loop
      vertex 131.21 -51.0112 1.6
      vertex 131.008 -51.3249 1.6
      vertex 131.094 -50.9388 1.6
    endloop
  endfacet
  facet normal 0 0 -1
    outer loop
      vertex 130.737 -51.1863 1.6
      vertex 131.094 -50.9388 1.6
      vertex 131.008 -51.3249 1.6
    endloop
  endfacet
  facet normal -0 0 -1
    outer loop
      vertex 131.094 -50.9388 1.6
      vertex 130.737 -51.1863 1.6
      vertex 131.026 -50.8138 1.6
    endloop
  endfacet
  facet normal 0 0 -1
    outer loop
      vertex 131.095 -50.3488 1.6
      vertex 130.8 -50.1549 1.6
      vertex 130.999 -50.0877 1.6
    endloop
  endfacet
  facet normal 0 0 -1
    outer loop
      vertex 130.569 -50.9642 1.6
      vertex 131.026 -50.8138 1.6
      vertex 130.737 -51.1863 1.6
    endloop
  endfacet
  facet normal 0 0 -1
    outer loop
      vertex 130.513 -50.6675 1.6
      vertex 131.026 -50.8138 1.6
      vertex 130.569 -50.9642 1.6
    endloop
  endfacet
  facet normal 0 -0 -1
    outer loop
      vertex 130.546 -50.4567 1.6
      vertex 131.003 -50.6319 1.6
      vertex 130.513 -50.6675 1.6
    endloop
  endfacet
  facet normal 0 0 -1
    outer loop
      vertex 131.026 -50.8138 1.6
      vertex 130.513 -50.6675 1.6
      vertex 131.003 -50.6319 1.6
    endloop
  endfacet
  facet normal 0 0 -1
    outer loop
      vertex 131.026 -50.4688 1.6
      vertex 130.546 -50.4567 1.6
      vertex 130.645 -50.2819 1.6
    endloop
  endfacet
  facet normal 0 0 -1
    outer loop
      vertex 131.026 -50.4688 1.6
      vertex 130.645 -50.2819 1.6
      vertex 130.8 -50.1549 1.6
    endloop
  endfacet
  facet normal 0 0 -1
    outer loop
      vertex 131.712 -50.8121 1.6
      vertex 132.227 -50.6641 1.6
      vertex 132.171 -50.9623 1.6
    endloop
  endfacet
  facet normal 0 0 -1
    outer loop
      vertex 132.227 -50.6641 1.6
      vertex 131.733 -50.6252 1.6
      vertex 132.194 -50.4469 1.6
    endloop
  endfacet
  facet normal 0 0 -1
    outer loop
      vertex 131.712 -50.8121 1.6
      vertex 132.171 -50.9623 1.6
      vertex 132.005 -51.1855 1.6
    endloop
  endfacet
  facet normal -0 0 -1
    outer loop
      vertex 132.194 -50.4469 1.6
      vertex 131.733 -50.6252 1.6
      vertex 132.095 -50.2734 1.6
    endloop
  endfacet
  facet normal 0 0 -1
    outer loop
      vertex 131.646 -50.9388 1.6
      vertex 132.005 -51.1855 1.6
      vertex 131.735 -51.3247 1.6
    endloop
  endfacet
  facet normal 0 0 -1
    outer loop
      vertex 131.64 -50.3441 1.6
      vertex 132.095 -50.2734 1.6
      vertex 131.733 -50.6252 1.6
    endloop
  endfacet
  facet normal -0 0 -1
    outer loop
      vertex 132.095 -50.2734 1.6
      vertex 131.64 -50.3441 1.6
      vertex 131.939 -50.1503 1.6
    endloop
  endfacet
  facet normal -0 0 -1
    outer loop
      vertex 131.939 -50.1503 1.6
      vertex 131.64 -50.3441 1.6
      vertex 131.733 -50.0844 1.6
    endloop
  endfacet
  facet normal 0 0 -1
    outer loop
      vertex 131.36 -50.2505 1.6
      vertex 131.733 -50.0844 1.6
      vertex 131.64 -50.3441 1.6
    endloop
  endfacet
  facet normal 0 0 -1
    outer loop
      vertex 131.733 -50.0776 1.6
      vertex 131.677 -49.5741 1.6
      vertex 131.707 -48.9542 1.6
    endloop
  endfacet
  facet normal 0 0 -1
    outer loop
      vertex 131.733 -50.0776 1.6
      vertex 131.658 -49.7313 1.6
      vertex 131.677 -49.5741 1.6
    endloop
  endfacet
  facet normal 0 -0 -1
    outer loop
      vertex 131.503 -49.8966 1.6
      vertex 131.733 -50.0844 1.6
      vertex 131.36 -50.2505 1.6
    endloop
  endfacet
  facet normal 0 0 -1
    outer loop
      vertex 131.733 -50.0776 1.6
      vertex 131.6 -49.8368 1.6
      vertex 131.658 -49.7313 1.6
    endloop
  endfacet
  facet normal 0 0 -1
    outer loop
      vertex 131.733 -50.0776 1.6
      vertex 131.503 -49.8966 1.6
      vertex 131.6 -49.8368 1.6
    endloop
  endfacet
  facet normal 0 0 -1
    outer loop
      vertex 131.733 -50.0844 1.6
      vertex 131.503 -49.8966 1.6
      vertex 131.733 -50.0776 1.6
    endloop
  endfacet
  facet normal 0 0 -1
    outer loop
      vertex 131.503 -49.8966 1.6
      vertex 131.36 -50.2505 1.6
      vertex 131.367 -49.9165 1.6
    endloop
  endfacet
  facet normal 0 0 -1
    outer loop
      vertex 131.208 -50.2751 1.6
      vertex 131.367 -49.9165 1.6
      vertex 131.36 -50.2505 1.6
    endloop
  endfacet
  facet normal 0 0 -1
    outer loop
      vertex 130.999 -50.081 1.6
      vertex 131.367 -49.9165 1.6
      vertex 131.208 -50.2751 1.6
    endloop
  endfacet
  facet normal 0 0 -1
    outer loop
      vertex 130.999 -50.0877 1.6
      vertex 131.208 -50.2751 1.6
      vertex 131.095 -50.3488 1.6
    endloop
  endfacet
  facet normal 0 0 -1
    outer loop
      vertex 130.999 -50.081 1.6
      vertex 131.208 -50.2751 1.6
      vertex 130.999 -50.0877 1.6
    endloop
  endfacet
  facet normal 0 0 -1
    outer loop
      vertex 130.8 -50.1549 1.6
      vertex 131.095 -50.3488 1.6
      vertex 131.026 -50.4688 1.6
    endloop
  endfacet
  facet normal 0 0 -1
    outer loop
      vertex 130.825 -50.0119 1.6
      vertex 131.133 -49.8309 1.6
      vertex 130.999 -50.081 1.6
    endloop
  endfacet
  facet normal 0 0 -1
    outer loop
      vertex 130.546 -50.4567 1.6
      vertex 131.026 -50.4688 1.6
      vertex 131.003 -50.6319 1.6
    endloop
  endfacet
  facet normal -0 0 -1
    outer loop
      vertex 131.367 -49.9165 1.6
      vertex 130.999 -50.081 1.6
      vertex 131.133 -49.8309 1.6
    endloop
  endfacet
  facet normal 0 0 -1
    outer loop
      vertex 130.687 -49.8894 1.6
      vertex 131.133 -49.8309 1.6
      vertex 130.825 -50.0119 1.6
    endloop
  endfacet
  facet normal -0 0 -1
    outer loop
      vertex 131.133 -49.8309 1.6
      vertex 130.687 -49.8894 1.6
      vertex 131.055 -49.5741 1.6
    endloop
  endfacet
  facet normal 0 0 -1
    outer loop
      vertex 131.055 -49.5741 1.6
      vertex 130.776 -49.0824 1.6
      vertex 131.027 -48.9553 1.6
    endloop
  endfacet
  facet normal 0 0 -1
    outer loop
      vertex 130.598 -49.7288 1.6
      vertex 131.055 -49.5741 1.6
      vertex 130.687 -49.8894 1.6
    endloop
  endfacet
  facet normal 0 -0 -1
    outer loop
      vertex 130.621 -49.2829 1.6
      vertex 131.055 -49.5741 1.6
      vertex 130.569 -49.5452 1.6
    endloop
  endfacet
  facet normal -0 0 -1
    outer loop
      vertex 131.055 -49.5741 1.6
      vertex 130.598 -49.7288 1.6
      vertex 130.569 -49.5452 1.6
    endloop
  endfacet
  facet normal 0 0 -1
    outer loop
      vertex 131.055 -49.5741 1.6
      vertex 130.621 -49.2829 1.6
      vertex 130.776 -49.0824 1.6
    endloop
  endfacet
  facet normal 0 0 -1
    outer loop
      vertex 131.733 -50.0776 1.6
      vertex 132.167 -49.5486 1.6
      vertex 132.138 -49.7317 1.6
    endloop
  endfacet
  facet normal 0 0 -1
    outer loop
      vertex 131.733 -50.0776 1.6
      vertex 132.138 -49.7317 1.6
      vertex 132.049 -49.8911 1.6
    endloop
  endfacet
  facet normal -0 0 -1
    outer loop
      vertex 132.167 -49.5486 1.6
      vertex 131.733 -50.0776 1.6
      vertex 132.115 -49.2785 1.6
    endloop
  endfacet
  facet normal 0 0 -1
    outer loop
      vertex 131.733 -50.0776 1.6
      vertex 132.049 -49.8911 1.6
      vertex 131.912 -50.0115 1.6
    endloop
  endfacet
  facet normal -0 0 -1
    outer loop
      vertex 132.115 -49.2785 1.6
      vertex 131.733 -50.0776 1.6
      vertex 131.96 -49.0782 1.6
    endloop
  endfacet
  facet normal -0 0 -1
    outer loop
      vertex 131.96 -49.0782 1.6
      vertex 131.733 -50.0776 1.6
      vertex 131.707 -48.9542 1.6
    endloop
  endfacet
  facet normal 0 0 -1
    outer loop
      vertex 131.658 -49.4272 1.6
      vertex 131.707 -48.9542 1.6
      vertex 131.677 -49.5741 1.6
    endloop
  endfacet
  facet normal 0 0 -1
    outer loop
      vertex 131.599 -49.3257 1.6
      vertex 131.707 -48.9542 1.6
      vertex 131.658 -49.4272 1.6
    endloop
  endfacet
  facet normal 0 0 -1
    outer loop
      vertex 131.501 -49.2666 1.6
      vertex 131.707 -48.9542 1.6
      vertex 131.599 -49.3257 1.6
    endloop
  endfacet
  facet normal 0 0 -1
    outer loop
      vertex 131.364 -48.9129 1.6
      vertex 131.501 -49.2666 1.6
      vertex 131.364 -49.2469 1.6
    endloop
  endfacet
  facet normal 0 0 -1
    outer loop
      vertex 131.501 -49.2666 1.6
      vertex 131.364 -48.9129 1.6
      vertex 131.707 -48.9542 1.6
    endloop
  endfacet
  facet normal 0 0 -1
    outer loop
      vertex 131.027 -48.9553 1.6
      vertex 131.364 -49.2469 1.6
      vertex 131.132 -49.3287 1.6
    endloop
  endfacet
  facet normal 0 0 -1
    outer loop
      vertex 131.364 -49.2469 1.6
      vertex 131.027 -48.9553 1.6
      vertex 131.364 -48.9129 1.6
    endloop
  endfacet
  facet normal 0 0 -1
    outer loop
      vertex 131.027 -48.9553 1.6
      vertex 131.132 -49.3287 1.6
      vertex 131.055 -49.5741 1.6
    endloop
  endfacet
  facet normal 0 0 -1
    outer loop
      vertex 129.693 -51.3372 1.6
      vertex 130.193 -48.9485 1.6
      vertex 130.193 -51.3372 1.6
    endloop
  endfacet
  facet normal -0 0 -1
    outer loop
      vertex 130.193 -48.9485 1.6
      vertex 129.693 -51.3372 1.6
      vertex 129.693 -48.9485 1.6
    endloop
  endfacet
  facet normal 0 0 -1
    outer loop
      vertex 128.721 -50.7269 1.6
      vertex 127.922 -50.3505 1.6
      vertex 128.609 -50.3505 1.6
    endloop
  endfacet
  facet normal 0 -0 -1
    outer loop
      vertex 127.922 -50.3505 1.6
      vertex 128.721 -50.7269 1.6
      vertex 127.81 -50.7269 1.6
    endloop
  endfacet
  facet normal 0 0 -1
    outer loop
      vertex 128.721 -50.7269 1.6
      vertex 129.427 -51.3372 1.6
      vertex 128.932 -51.3372 1.6
    endloop
  endfacet
  facet normal 0 0 -1
    outer loop
      vertex 128.609 -50.3505 1.6
      vertex 129.427 -51.3372 1.6
      vertex 128.721 -50.7269 1.6
    endloop
  endfacet
  facet normal 0 0 -1
    outer loop
      vertex 128.609 -50.3505 1.6
      vertex 128.559 -48.9485 1.6
      vertex 129.427 -51.3372 1.6
    endloop
  endfacet
  facet normal 0 0 -1
    outer loop
      vertex 128.373 -49.6639 1.6
      vertex 128.559 -48.9485 1.6
      vertex 128.609 -50.3505 1.6
    endloop
  endfacet
  facet normal 0 0 -1
    outer loop
      vertex 128.3 -49.4334 1.6
      vertex 128.559 -48.9485 1.6
      vertex 128.373 -49.6639 1.6
    endloop
  endfacet
  facet normal 0 0 -1
    outer loop
      vertex 128.264 -49.3164 1.6
      vertex 128.559 -48.9485 1.6
      vertex 128.3 -49.4334 1.6
    endloop
  endfacet
  facet normal 0 0 -1
    outer loop
      vertex 127.97 -48.9485 1.6
      vertex 128.254 -49.3537 1.6
      vertex 128.236 -49.4189 1.6
    endloop
  endfacet
  facet normal 0 0 -1
    outer loop
      vertex 127.97 -48.9485 1.6
      vertex 128.236 -49.4189 1.6
      vertex 128.214 -49.4927 1.6
    endloop
  endfacet
  facet normal 0 0 -1
    outer loop
      vertex 127.97 -48.9485 1.6
      vertex 128.214 -49.4927 1.6
      vertex 128.129 -49.7461 1.6
    endloop
  endfacet
  facet normal 0 0 -1
    outer loop
      vertex 128.264 -49.3164 1.6
      vertex 127.97 -48.9485 1.6
      vertex 128.559 -48.9485 1.6
    endloop
  endfacet
  facet normal 0 0 -1
    outer loop
      vertex 128.254 -49.3537 1.6
      vertex 127.97 -48.9485 1.6
      vertex 128.264 -49.3164 1.6
    endloop
  endfacet
  facet normal 0 0 -1
    outer loop
      vertex 127.922 -50.3505 1.6
      vertex 127.97 -48.9485 1.6
      vertex 128.129 -49.7461 1.6
    endloop
  endfacet
  facet normal 0 0 -1
    outer loop
      vertex 127.098 -51.3372 1.6
      vertex 127.922 -50.3505 1.6
      vertex 127.81 -50.7269 1.6
    endloop
  endfacet
  facet normal 0 0 -1
    outer loop
      vertex 127.098 -51.3372 1.6
      vertex 127.81 -50.7269 1.6
      vertex 127.598 -51.3372 1.6
    endloop
  endfacet
  facet normal -0 0 -1
    outer loop
      vertex 127.922 -50.3505 1.6
      vertex 127.098 -51.3372 1.6
      vertex 127.97 -48.9485 1.6
    endloop
  endfacet
  facet normal -0 0 1
    outer loop
      vertex 129.693 -48.9485 2
      vertex 130.193 -51.3372 2
      vertex 130.193 -48.9485 2
    endloop
  endfacet
  facet normal 0 0 1
    outer loop
      vertex 130.193 -51.3372 2
      vertex 129.693 -48.9485 2
      vertex 129.693 -51.3372 2
    endloop
  endfacet
  facet normal 0 0 1
    outer loop
      vertex 132.167 -49.5486 2
      vertex 131.658 -49.4272 2
      vertex 131.677 -49.5741 2
    endloop
  endfacet
  facet normal 0 0 1
    outer loop
      vertex 131.96 -49.0782 2
      vertex 131.599 -49.3257 2
      vertex 131.658 -49.4272 2
    endloop
  endfacet
  facet normal 0 0 1
    outer loop
      vertex 131.707 -48.9542 2
      vertex 131.501 -49.2666 2
      vertex 131.599 -49.3257 2
    endloop
  endfacet
  facet normal 0 0 1
    outer loop
      vertex 131.364 -48.9129 2
      vertex 131.501 -49.2666 2
      vertex 131.707 -48.9542 2
    endloop
  endfacet
  facet normal 0 0 1
    outer loop
      vertex 131.364 -48.9129 2
      vertex 131.364 -49.2469 2
      vertex 131.501 -49.2666 2
    endloop
  endfacet
  facet normal -0 0 1
    outer loop
      vertex 131.027 -48.9553 2
      vertex 131.364 -49.2469 2
      vertex 131.364 -48.9129 2
    endloop
  endfacet
  facet normal -0 0 1
    outer loop
      vertex 130.776 -49.0824 2
      vertex 131.132 -49.3287 2
      vertex 131.027 -48.9553 2
    endloop
  endfacet
  facet normal 0 0 1
    outer loop
      vertex 131.364 -49.2469 2
      vertex 131.027 -48.9553 2
      vertex 131.132 -49.3287 2
    endloop
  endfacet
  facet normal -0 0 1
    outer loop
      vertex 131.658 -49.4272 2
      vertex 132.167 -49.5486 2
      vertex 132.115 -49.2785 2
    endloop
  endfacet
  facet normal 0 0 1
    outer loop
      vertex 132.167 -49.5486 2
      vertex 131.677 -49.5741 2
      vertex 132.138 -49.7317 2
    endloop
  endfacet
  facet normal 0 0 1
    outer loop
      vertex 131.658 -49.4272 2
      vertex 132.115 -49.2785 2
      vertex 131.96 -49.0782 2
    endloop
  endfacet
  facet normal -0 0 1
    outer loop
      vertex 131.658 -49.7313 2
      vertex 132.138 -49.7317 2
      vertex 131.677 -49.5741 2
    endloop
  endfacet
  facet normal 0 0 1
    outer loop
      vertex 132.138 -49.7317 2
      vertex 131.658 -49.7313 2
      vertex 132.049 -49.8911 2
    endloop
  endfacet
  facet normal 0 0 1
    outer loop
      vertex 131.503 -49.8966 2
      vertex 131.733 -50.0844 2
      vertex 131.733 -50.0776 2
    endloop
  endfacet
  facet normal 0 0 1
    outer loop
      vertex 131.599 -49.3257 2
      vertex 131.96 -49.0782 2
      vertex 131.707 -48.9542 2
    endloop
  endfacet
  facet normal 0 0 1
    outer loop
      vertex 132.049 -49.8911 2
      vertex 131.658 -49.7313 2
      vertex 131.912 -50.0115 2
    endloop
  endfacet
  facet normal -0 0 1
    outer loop
      vertex 131.6 -49.8368 2
      vertex 131.912 -50.0115 2
      vertex 131.658 -49.7313 2
    endloop
  endfacet
  facet normal 0 0 1
    outer loop
      vertex 131.912 -50.0115 2
      vertex 131.6 -49.8368 2
      vertex 131.733 -50.0776 2
    endloop
  endfacet
  facet normal 0 0 1
    outer loop
      vertex 131.733 -50.0844 2
      vertex 131.64 -50.3441 2
      vertex 131.733 -50.6252 2
    endloop
  endfacet
  facet normal -0 0 1
    outer loop
      vertex 131.503 -49.8966 2
      vertex 131.733 -50.0776 2
      vertex 131.6 -49.8368 2
    endloop
  endfacet
  facet normal 0 0 1
    outer loop
      vertex 131.733 -50.0844 2
      vertex 131.503 -49.8966 2
      vertex 131.36 -50.2505 2
    endloop
  endfacet
  facet normal 0 0 1
    outer loop
      vertex 131.36 -50.2505 2
      vertex 131.503 -49.8966 2
      vertex 131.367 -49.9165 2
    endloop
  endfacet
  facet normal 0 0 1
    outer loop
      vertex 131.733 -50.0844 2
      vertex 131.36 -50.2505 2
      vertex 131.64 -50.3441 2
    endloop
  endfacet
  facet normal 0 0 1
    outer loop
      vertex 131.367 -49.9165 2
      vertex 131.208 -50.2751 2
      vertex 131.36 -50.2505 2
    endloop
  endfacet
  facet normal 0 0 1
    outer loop
      vertex 130.999 -50.081 2
      vertex 131.367 -49.9165 2
      vertex 131.133 -49.8309 2
    endloop
  endfacet
  facet normal 0 0 1
    outer loop
      vertex 131.367 -49.9165 2
      vertex 130.999 -50.081 2
      vertex 131.208 -50.2751 2
    endloop
  endfacet
  facet normal 0 0 1
    outer loop
      vertex 130.687 -49.8894 2
      vertex 131.133 -49.8309 2
      vertex 131.055 -49.5741 2
    endloop
  endfacet
  facet normal 0 0 1
    outer loop
      vertex 131.208 -50.2751 2
      vertex 130.999 -50.081 2
      vertex 130.999 -50.0877 2
    endloop
  endfacet
  facet normal -0 0 1
    outer loop
      vertex 130.621 -49.2829 2
      vertex 131.132 -49.3287 2
      vertex 130.776 -49.0824 2
    endloop
  endfacet
  facet normal 0 0 1
    outer loop
      vertex 131.208 -50.2751 2
      vertex 130.999 -50.0877 2
      vertex 131.095 -50.3488 2
    endloop
  endfacet
  facet normal -0 0 1
    outer loop
      vertex 130.8 -50.1549 2
      vertex 131.095 -50.3488 2
      vertex 130.999 -50.0877 2
    endloop
  endfacet
  facet normal 0 0 1
    outer loop
      vertex 131.132 -49.3287 2
      vertex 130.621 -49.2829 2
      vertex 131.055 -49.5741 2
    endloop
  endfacet
  facet normal 0 -0 1
    outer loop
      vertex 130.598 -49.7288 2
      vertex 131.055 -49.5741 2
      vertex 130.569 -49.5452 2
    endloop
  endfacet
  facet normal 0 0 1
    outer loop
      vertex 131.133 -49.8309 2
      vertex 130.825 -50.0119 2
      vertex 130.999 -50.081 2
    endloop
  endfacet
  facet normal 0 0 1
    outer loop
      vertex 131.055 -49.5741 2
      vertex 130.621 -49.2829 2
      vertex 130.569 -49.5452 2
    endloop
  endfacet
  facet normal 0 0 1
    outer loop
      vertex 131.133 -49.8309 2
      vertex 130.687 -49.8894 2
      vertex 130.825 -50.0119 2
    endloop
  endfacet
  facet normal 0 0 1
    outer loop
      vertex 131.055 -49.5741 2
      vertex 130.598 -49.7288 2
      vertex 130.687 -49.8894 2
    endloop
  endfacet
  facet normal -0 0 1
    outer loop
      vertex 131.733 -50.6252 2
      vertex 132.227 -50.6641 2
      vertex 132.194 -50.4469 2
    endloop
  endfacet
  facet normal 0 0 1
    outer loop
      vertex 131.733 -50.6252 2
      vertex 132.194 -50.4469 2
      vertex 132.095 -50.2734 2
    endloop
  endfacet
  facet normal 0 0 1
    outer loop
      vertex 131.712 -50.8121 2
      vertex 132.227 -50.6641 2
      vertex 131.733 -50.6252 2
    endloop
  endfacet
  facet normal 0 0 1
    outer loop
      vertex 131.733 -50.6252 2
      vertex 132.095 -50.2734 2
      vertex 131.939 -50.1503 2
    endloop
  endfacet
  facet normal 0 0 1
    outer loop
      vertex 132.227 -50.6641 2
      vertex 131.712 -50.8121 2
      vertex 132.171 -50.9623 2
    endloop
  endfacet
  facet normal 0 0 1
    outer loop
      vertex 131.733 -50.6252 2
      vertex 131.939 -50.1503 2
      vertex 131.733 -50.0844 2
    endloop
  endfacet
  facet normal 0 0 1
    outer loop
      vertex 132.171 -50.9623 2
      vertex 131.712 -50.8121 2
      vertex 132.005 -51.1855 2
    endloop
  endfacet
  facet normal -0 0 1
    outer loop
      vertex 131.646 -50.9388 2
      vertex 132.005 -51.1855 2
      vertex 131.712 -50.8121 2
    endloop
  endfacet
  facet normal 0 0 1
    outer loop
      vertex 132.005 -51.1855 2
      vertex 131.646 -50.9388 2
      vertex 131.735 -51.3247 2
    endloop
  endfacet
  facet normal -0 0 1
    outer loop
      vertex 131.534 -51.0112 2
      vertex 131.735 -51.3247 2
      vertex 131.646 -50.9388 2
    endloop
  endfacet
  facet normal 0 0 1
    outer loop
      vertex 131.371 -51.3711 2
      vertex 131.534 -51.0112 2
      vertex 131.374 -51.0354 2
    endloop
  endfacet
  facet normal 0 0 1
    outer loop
      vertex 131.534 -51.0112 2
      vertex 131.371 -51.3711 2
      vertex 131.735 -51.3247 2
    endloop
  endfacet
  facet normal 0 0 1
    outer loop
      vertex 131.21 -51.0112 2
      vertex 131.371 -51.3711 2
      vertex 131.374 -51.0354 2
    endloop
  endfacet
  facet normal 0 0 1
    outer loop
      vertex 131.008 -51.3249 2
      vertex 131.21 -51.0112 2
      vertex 131.094 -50.9388 2
    endloop
  endfacet
  facet normal 0 0 1
    outer loop
      vertex 131.21 -51.0112 2
      vertex 131.008 -51.3249 2
      vertex 131.371 -51.3711 2
    endloop
  endfacet
  facet normal 0 0 1
    outer loop
      vertex 130.737 -51.1863 2
      vertex 131.094 -50.9388 2
      vertex 131.026 -50.8138 2
    endloop
  endfacet
  facet normal -0 0 1
    outer loop
      vertex 130.513 -50.6675 2
      vertex 131.026 -50.8138 2
      vertex 131.003 -50.6319 2
    endloop
  endfacet
  facet normal 0 0 1
    outer loop
      vertex 131.095 -50.3488 2
      vertex 130.8 -50.1549 2
      vertex 131.026 -50.4688 2
    endloop
  endfacet
  facet normal -0 0 1
    outer loop
      vertex 130.645 -50.2819 2
      vertex 131.026 -50.4688 2
      vertex 130.8 -50.1549 2
    endloop
  endfacet
  facet normal -0 0 1
    outer loop
      vertex 130.546 -50.4567 2
      vertex 131.026 -50.4688 2
      vertex 130.645 -50.2819 2
    endloop
  endfacet
  facet normal 0 0 1
    outer loop
      vertex 131.094 -50.9388 2
      vertex 130.737 -51.1863 2
      vertex 131.008 -51.3249 2
    endloop
  endfacet
  facet normal 0 0 1
    outer loop
      vertex 131.026 -50.4688 2
      vertex 130.546 -50.4567 2
      vertex 131.003 -50.6319 2
    endloop
  endfacet
  facet normal 0 0 1
    outer loop
      vertex 131.026 -50.8138 2
      vertex 130.513 -50.6675 2
      vertex 130.569 -50.9642 2
    endloop
  endfacet
  facet normal 0 0 1
    outer loop
      vertex 131.003 -50.6319 2
      vertex 130.546 -50.4567 2
      vertex 130.513 -50.6675 2
    endloop
  endfacet
  facet normal 0 0 1
    outer loop
      vertex 131.026 -50.8138 2
      vertex 130.569 -50.9642 2
      vertex 130.737 -51.1863 2
    endloop
  endfacet
  facet normal 0 0 1
    outer loop
      vertex 129.427 -51.3372 2
      vertex 128.721 -50.7269 2
      vertex 128.932 -51.3372 2
    endloop
  endfacet
  facet normal 0 0 1
    outer loop
      vertex 129.427 -51.3372 2
      vertex 128.609 -50.3505 2
      vertex 128.721 -50.7269 2
    endloop
  endfacet
  facet normal 0 0 1
    outer loop
      vertex 128.559 -48.9485 2
      vertex 128.609 -50.3505 2
      vertex 129.427 -51.3372 2
    endloop
  endfacet
  facet normal 0 0 1
    outer loop
      vertex 128.559 -48.9485 2
      vertex 128.373 -49.6639 2
      vertex 128.609 -50.3505 2
    endloop
  endfacet
  facet normal 0 0 1
    outer loop
      vertex 128.559 -48.9485 2
      vertex 128.3 -49.4334 2
      vertex 128.373 -49.6639 2
    endloop
  endfacet
  facet normal 0 0 1
    outer loop
      vertex 128.559 -48.9485 2
      vertex 128.264 -49.3164 2
      vertex 128.3 -49.4334 2
    endloop
  endfacet
  facet normal 0 0 1
    outer loop
      vertex 127.97 -48.9485 2
      vertex 128.254 -49.3537 2
      vertex 128.264 -49.3164 2
    endloop
  endfacet
  facet normal 0 0 1
    outer loop
      vertex 128.254 -49.3537 2
      vertex 127.97 -48.9485 2
      vertex 128.236 -49.4189 2
    endloop
  endfacet
  facet normal 0 0 1
    outer loop
      vertex 128.236 -49.4189 2
      vertex 127.97 -48.9485 2
      vertex 128.214 -49.4927 2
    endloop
  endfacet
  facet normal -0 0 1
    outer loop
      vertex 127.97 -48.9485 2
      vertex 128.264 -49.3164 2
      vertex 128.559 -48.9485 2
    endloop
  endfacet
  facet normal 0 0 1
    outer loop
      vertex 128.214 -49.4927 2
      vertex 127.97 -48.9485 2
      vertex 128.129 -49.7461 2
    endloop
  endfacet
  facet normal 0 0 1
    outer loop
      vertex 127.97 -48.9485 2
      vertex 127.922 -50.3505 2
      vertex 128.129 -49.7461 2
    endloop
  endfacet
  facet normal 0 0 1
    outer loop
      vertex 127.098 -51.3372 2
      vertex 127.922 -50.3505 2
      vertex 127.97 -48.9485 2
    endloop
  endfacet
  facet normal 0 0 1
    outer loop
      vertex 127.922 -50.3505 2
      vertex 127.098 -51.3372 2
      vertex 127.81 -50.7269 2
    endloop
  endfacet
  facet normal 0 0 1
    outer loop
      vertex 127.81 -50.7269 2
      vertex 127.098 -51.3372 2
      vertex 127.598 -51.3372 2
    endloop
  endfacet
  facet normal -0 0 1
    outer loop
      vertex 127.922 -50.3505 2
      vertex 128.721 -50.7269 2
      vertex 128.609 -50.3505 2
    endloop
  endfacet
  facet normal 0 0 1
    outer loop
      vertex 128.721 -50.7269 2
      vertex 127.922 -50.3505 2
      vertex 127.81 -50.7269 2
    endloop
  endfacet
  facet normal 0.45824 -0.888828 0
    outer loop
      vertex 131.735 -51.3247 1.6
      vertex 132.005 -51.1855 2
      vertex 131.735 -51.3247 2
    endloop
  endfacet
  facet normal 0.45824 -0.888828 0
    outer loop
      vertex 132.005 -51.1855 2
      vertex 131.735 -51.3247 1.6
      vertex 132.005 -51.1855 1.6
    endloop
  endfacet
  facet normal 0.802409 -0.596774 0
    outer loop
      vertex 132.005 -51.1855 2
      vertex 132.171 -50.9623 1.6
      vertex 132.171 -50.9623 2
    endloop
  endfacet
  facet normal 0.802409 -0.596774 0
    outer loop
      vertex 132.171 -50.9623 1.6
      vertex 132.005 -51.1855 2
      vertex 132.005 -51.1855 1.6
    endloop
  endfacet
  facet normal 0.98282 -0.184567 0
    outer loop
      vertex 132.171 -50.9623 2
      vertex 132.227 -50.6641 1.6
      vertex 132.227 -50.6641 2
    endloop
  endfacet
  facet normal 0.98282 -0.184567 0
    outer loop
      vertex 132.227 -50.6641 1.6
      vertex 132.171 -50.9623 2
      vertex 132.171 -50.9623 1.6
    endloop
  endfacet
  facet normal 0.988654 0.15021 0
    outer loop
      vertex 132.227 -50.6641 2
      vertex 132.194 -50.4469 1.6
      vertex 132.194 -50.4469 2
    endloop
  endfacet
  facet normal 0.988654 0.15021 0
    outer loop
      vertex 132.194 -50.4469 1.6
      vertex 132.227 -50.6641 2
      vertex 132.227 -50.6641 1.6
    endloop
  endfacet
  facet normal 0.868551 0.4956 0
    outer loop
      vertex 132.194 -50.4469 2
      vertex 132.095 -50.2734 1.6
      vertex 132.095 -50.2734 2
    endloop
  endfacet
  facet normal 0.868551 0.4956 0
    outer loop
      vertex 132.095 -50.2734 1.6
      vertex 132.194 -50.4469 2
      vertex 132.194 -50.4469 1.6
    endloop
  endfacet
  facet normal 0.619465 0.785024 -0
    outer loop
      vertex 132.095 -50.2734 1.6
      vertex 131.939 -50.1503 2
      vertex 132.095 -50.2734 2
    endloop
  endfacet
  facet normal 0.619465 0.785024 0
    outer loop
      vertex 131.939 -50.1503 2
      vertex 132.095 -50.2734 1.6
      vertex 131.939 -50.1503 1.6
    endloop
  endfacet
  facet normal 0.304692 0.952451 -0
    outer loop
      vertex 131.939 -50.1503 1.6
      vertex 131.733 -50.0844 2
      vertex 131.939 -50.1503 2
    endloop
  endfacet
  facet normal 0.304692 0.952451 0
    outer loop
      vertex 131.733 -50.0844 2
      vertex 131.939 -50.1503 1.6
      vertex 131.733 -50.0844 1.6
    endloop
  endfacet
  facet normal 1 -0 0
    outer loop
      vertex 131.733 -50.0844 2
      vertex 131.733 -50.0776 1.6
      vertex 131.733 -50.0776 2
    endloop
  endfacet
  facet normal 1 0 0
    outer loop
      vertex 131.733 -50.0776 1.6
      vertex 131.733 -50.0844 2
      vertex 131.733 -50.0844 1.6
    endloop
  endfacet
  facet normal 0.34641 -0.938083 0
    outer loop
      vertex 131.733 -50.0776 1.6
      vertex 131.912 -50.0115 2
      vertex 131.733 -50.0776 2
    endloop
  endfacet
  facet normal 0.34641 -0.938083 0
    outer loop
      vertex 131.912 -50.0115 2
      vertex 131.733 -50.0776 1.6
      vertex 131.912 -50.0115 1.6
    endloop
  endfacet
  facet normal 0.660133 -0.751148 0
    outer loop
      vertex 131.912 -50.0115 1.6
      vertex 132.049 -49.8911 2
      vertex 131.912 -50.0115 2
    endloop
  endfacet
  facet normal 0.660133 -0.751148 0
    outer loop
      vertex 132.049 -49.8911 2
      vertex 131.912 -50.0115 1.6
      vertex 132.049 -49.8911 1.6
    endloop
  endfacet
  facet normal 0.873122 -0.487502 0
    outer loop
      vertex 132.049 -49.8911 2
      vertex 132.138 -49.7317 1.6
      vertex 132.138 -49.7317 2
    endloop
  endfacet
  facet normal 0.873122 -0.487502 0
    outer loop
      vertex 132.138 -49.7317 1.6
      vertex 132.049 -49.8911 2
      vertex 132.049 -49.8911 1.6
    endloop
  endfacet
  facet normal 0.987688 -0.156433 0
    outer loop
      vertex 132.138 -49.7317 2
      vertex 132.167 -49.5486 1.6
      vertex 132.167 -49.5486 2
    endloop
  endfacet
  facet normal 0.987688 -0.156433 0
    outer loop
      vertex 132.167 -49.5486 1.6
      vertex 132.138 -49.7317 2
      vertex 132.138 -49.7317 1.6
    endloop
  endfacet
  facet normal 0.981968 0.18905 0
    outer loop
      vertex 132.167 -49.5486 2
      vertex 132.115 -49.2785 1.6
      vertex 132.115 -49.2785 2
    endloop
  endfacet
  facet normal 0.981968 0.18905 0
    outer loop
      vertex 132.115 -49.2785 1.6
      vertex 132.167 -49.5486 2
      vertex 132.167 -49.5486 1.6
    endloop
  endfacet
  facet normal 0.790859 0.611998 0
    outer loop
      vertex 132.115 -49.2785 2
      vertex 131.96 -49.0782 1.6
      vertex 131.96 -49.0782 2
    endloop
  endfacet
  facet normal 0.790859 0.611998 0
    outer loop
      vertex 131.96 -49.0782 1.6
      vertex 132.115 -49.2785 2
      vertex 132.115 -49.2785 1.6
    endloop
  endfacet
  facet normal 0.440101 0.897948 -0
    outer loop
      vertex 131.96 -49.0782 1.6
      vertex 131.707 -48.9542 2
      vertex 131.96 -49.0782 2
    endloop
  endfacet
  facet normal 0.440101 0.897948 0
    outer loop
      vertex 131.707 -48.9542 2
      vertex 131.96 -49.0782 1.6
      vertex 131.707 -48.9542 1.6
    endloop
  endfacet
  facet normal 0.119545 0.992829 -0
    outer loop
      vertex 131.707 -48.9542 1.6
      vertex 131.364 -48.9129 2
      vertex 131.707 -48.9542 2
    endloop
  endfacet
  facet normal 0.119545 0.992829 0
    outer loop
      vertex 131.364 -48.9129 2
      vertex 131.707 -48.9542 1.6
      vertex 131.364 -48.9129 1.6
    endloop
  endfacet
  facet normal -0.124832 0.992178 0
    outer loop
      vertex 131.364 -48.9129 1.6
      vertex 131.027 -48.9553 2
      vertex 131.364 -48.9129 2
    endloop
  endfacet
  facet normal -0.124832 0.992178 0
    outer loop
      vertex 131.027 -48.9553 2
      vertex 131.364 -48.9129 1.6
      vertex 131.027 -48.9553 1.6
    endloop
  endfacet
  facet normal -0.451757 0.892141 0
    outer loop
      vertex 131.027 -48.9553 1.6
      vertex 130.776 -49.0824 2
      vertex 131.027 -48.9553 2
    endloop
  endfacet
  facet normal -0.451757 0.892141 0
    outer loop
      vertex 130.776 -49.0824 2
      vertex 131.027 -48.9553 1.6
      vertex 130.776 -49.0824 1.6
    endloop
  endfacet
  facet normal -0.791155 0.611616 0
    outer loop
      vertex 130.621 -49.2829 1.6
      vertex 130.776 -49.0824 2
      vertex 130.776 -49.0824 1.6
    endloop
  endfacet
  facet normal -0.791155 0.611616 0
    outer loop
      vertex 130.776 -49.0824 2
      vertex 130.621 -49.2829 1.6
      vertex 130.621 -49.2829 2
    endloop
  endfacet
  facet normal -0.98091 0.194462 0
    outer loop
      vertex 130.569 -49.5452 1.6
      vertex 130.621 -49.2829 2
      vertex 130.621 -49.2829 1.6
    endloop
  endfacet
  facet normal -0.98091 0.194462 0
    outer loop
      vertex 130.621 -49.2829 2
      vertex 130.569 -49.5452 1.6
      vertex 130.569 -49.5452 2
    endloop
  endfacet
  facet normal -0.987754 -0.156018 0
    outer loop
      vertex 130.598 -49.7288 1.6
      vertex 130.569 -49.5452 2
      vertex 130.569 -49.5452 1.6
    endloop
  endfacet
  facet normal -0.987754 -0.156018 0
    outer loop
      vertex 130.569 -49.5452 2
      vertex 130.598 -49.7288 1.6
      vertex 130.598 -49.7288 2
    endloop
  endfacet
  facet normal -0.874671 -0.484718 0
    outer loop
      vertex 130.687 -49.8894 1.6
      vertex 130.598 -49.7288 2
      vertex 130.598 -49.7288 1.6
    endloop
  endfacet
  facet normal -0.874671 -0.484718 0
    outer loop
      vertex 130.598 -49.7288 2
      vertex 130.687 -49.8894 1.6
      vertex 130.687 -49.8894 2
    endloop
  endfacet
  facet normal -0.663859 -0.747858 0
    outer loop
      vertex 130.687 -49.8894 1.6
      vertex 130.825 -50.0119 2
      vertex 130.687 -49.8894 2
    endloop
  endfacet
  facet normal -0.663859 -0.747858 -0
    outer loop
      vertex 130.825 -50.0119 2
      vertex 130.687 -49.8894 1.6
      vertex 130.825 -50.0119 1.6
    endloop
  endfacet
  facet normal -0.369087 -0.929395 0
    outer loop
      vertex 130.825 -50.0119 1.6
      vertex 130.999 -50.081 2
      vertex 130.825 -50.0119 2
    endloop
  endfacet
  facet normal -0.369087 -0.929395 -0
    outer loop
      vertex 130.999 -50.081 2
      vertex 130.825 -50.0119 1.6
      vertex 130.999 -50.081 1.6
    endloop
  endfacet
  facet normal -1 0 0
    outer loop
      vertex 130.999 -50.0877 1.6
      vertex 130.999 -50.081 2
      vertex 130.999 -50.081 1.6
    endloop
  endfacet
  facet normal -1 -0 0
    outer loop
      vertex 130.999 -50.081 2
      vertex 130.999 -50.0877 1.6
      vertex 130.999 -50.0877 2
    endloop
  endfacet
  facet normal -0.319939 0.947438 0
    outer loop
      vertex 130.999 -50.0877 1.6
      vertex 130.8 -50.1549 2
      vertex 130.999 -50.0877 2
    endloop
  endfacet
  facet normal -0.319939 0.947438 0
    outer loop
      vertex 130.8 -50.1549 2
      vertex 130.999 -50.0877 1.6
      vertex 130.8 -50.1549 1.6
    endloop
  endfacet
  facet normal -0.633781 0.773512 0
    outer loop
      vertex 130.8 -50.1549 1.6
      vertex 130.645 -50.2819 2
      vertex 130.8 -50.1549 2
    endloop
  endfacet
  facet normal -0.633781 0.773512 0
    outer loop
      vertex 130.645 -50.2819 2
      vertex 130.8 -50.1549 1.6
      vertex 130.645 -50.2819 1.6
    endloop
  endfacet
  facet normal -0.870136 0.492812 0
    outer loop
      vertex 130.546 -50.4567 1.6
      vertex 130.645 -50.2819 2
      vertex 130.645 -50.2819 1.6
    endloop
  endfacet
  facet normal -0.870136 0.492812 0
    outer loop
      vertex 130.645 -50.2819 2
      vertex 130.546 -50.4567 1.6
      vertex 130.546 -50.4567 2
    endloop
  endfacet
  facet normal -0.987967 0.154663 0
    outer loop
      vertex 130.513 -50.6675 1.6
      vertex 130.546 -50.4567 2
      vertex 130.546 -50.4567 1.6
    endloop
  endfacet
  facet normal -0.987967 0.154663 0
    outer loop
      vertex 130.546 -50.4567 2
      vertex 130.513 -50.6675 1.6
      vertex 130.513 -50.6675 2
    endloop
  endfacet
  facet normal -0.98265 -0.185468 0
    outer loop
      vertex 130.569 -50.9642 1.6
      vertex 130.513 -50.6675 2
      vertex 130.513 -50.6675 1.6
    endloop
  endfacet
  facet normal -0.98265 -0.185468 0
    outer loop
      vertex 130.513 -50.6675 2
      vertex 130.569 -50.9642 1.6
      vertex 130.569 -50.9642 2
    endloop
  endfacet
  facet normal -0.797537 -0.60327 0
    outer loop
      vertex 130.737 -51.1863 1.6
      vertex 130.569 -50.9642 2
      vertex 130.569 -50.9642 1.6
    endloop
  endfacet
  facet normal -0.797537 -0.60327 0
    outer loop
      vertex 130.569 -50.9642 2
      vertex 130.737 -51.1863 1.6
      vertex 130.737 -51.1863 2
    endloop
  endfacet
  facet normal -0.455343 -0.890316 0
    outer loop
      vertex 130.737 -51.1863 1.6
      vertex 131.008 -51.3249 2
      vertex 130.737 -51.1863 2
    endloop
  endfacet
  facet normal -0.455343 -0.890316 -0
    outer loop
      vertex 131.008 -51.3249 2
      vertex 130.737 -51.1863 1.6
      vertex 131.008 -51.3249 1.6
    endloop
  endfacet
  facet normal -0.126254 -0.991998 0
    outer loop
      vertex 131.008 -51.3249 1.6
      vertex 131.371 -51.3711 2
      vertex 131.008 -51.3249 2
    endloop
  endfacet
  facet normal -0.126254 -0.991998 -0
    outer loop
      vertex 131.371 -51.3711 2
      vertex 131.008 -51.3249 1.6
      vertex 131.371 -51.3711 1.6
    endloop
  endfacet
  facet normal 0.126449 -0.991973 0
    outer loop
      vertex 131.371 -51.3711 1.6
      vertex 131.735 -51.3247 2
      vertex 131.371 -51.3711 2
    endloop
  endfacet
  facet normal 0.126449 -0.991973 0
    outer loop
      vertex 131.735 -51.3247 2
      vertex 131.371 -51.3711 1.6
      vertex 131.735 -51.3247 1.6
    endloop
  endfacet
  facet normal 0.956836 0.290628 0
    outer loop
      vertex 131.133 -49.8309 2
      vertex 131.055 -49.5741 1.6
      vertex 131.055 -49.5741 2
    endloop
  endfacet
  facet normal 0.956836 0.290628 0
    outer loop
      vertex 131.055 -49.5741 1.6
      vertex 131.133 -49.8309 2
      vertex 131.133 -49.8309 1.6
    endloop
  endfacet
  facet normal 0.954133 -0.299382 0
    outer loop
      vertex 131.055 -49.5741 2
      vertex 131.132 -49.3287 1.6
      vertex 131.132 -49.3287 2
    endloop
  endfacet
  facet normal 0.954133 -0.299382 0
    outer loop
      vertex 131.132 -49.3287 1.6
      vertex 131.055 -49.5741 2
      vertex 131.055 -49.5741 1.6
    endloop
  endfacet
  facet normal 0.332522 -0.943095 0
    outer loop
      vertex 131.132 -49.3287 1.6
      vertex 131.364 -49.2469 2
      vertex 131.132 -49.3287 2
    endloop
  endfacet
  facet normal 0.332522 -0.943095 0
    outer loop
      vertex 131.364 -49.2469 2
      vertex 131.132 -49.3287 1.6
      vertex 131.364 -49.2469 1.6
    endloop
  endfacet
  facet normal -0.142332 -0.989819 0
    outer loop
      vertex 131.364 -49.2469 1.6
      vertex 131.501 -49.2666 2
      vertex 131.364 -49.2469 2
    endloop
  endfacet
  facet normal -0.142332 -0.989819 -0
    outer loop
      vertex 131.501 -49.2666 2
      vertex 131.364 -49.2469 1.6
      vertex 131.501 -49.2666 1.6
    endloop
  endfacet
  facet normal -0.516422 -0.856334 0
    outer loop
      vertex 131.501 -49.2666 1.6
      vertex 131.599 -49.3257 2
      vertex 131.501 -49.2666 2
    endloop
  endfacet
  facet normal -0.516422 -0.856334 -0
    outer loop
      vertex 131.599 -49.3257 2
      vertex 131.501 -49.2666 1.6
      vertex 131.599 -49.3257 1.6
    endloop
  endfacet
  facet normal -0.86455 -0.502546 0
    outer loop
      vertex 131.658 -49.4272 1.6
      vertex 131.599 -49.3257 2
      vertex 131.599 -49.3257 1.6
    endloop
  endfacet
  facet normal -0.86455 -0.502546 0
    outer loop
      vertex 131.599 -49.3257 2
      vertex 131.658 -49.4272 1.6
      vertex 131.658 -49.4272 2
    endloop
  endfacet
  facet normal -0.991739 -0.128271 0
    outer loop
      vertex 131.677 -49.5741 1.6
      vertex 131.658 -49.4272 2
      vertex 131.658 -49.4272 1.6
    endloop
  endfacet
  facet normal -0.991739 -0.128271 0
    outer loop
      vertex 131.658 -49.4272 2
      vertex 131.677 -49.5741 1.6
      vertex 131.677 -49.5741 2
    endloop
  endfacet
  facet normal -0.992775 0.119992 0
    outer loop
      vertex 131.658 -49.7313 1.6
      vertex 131.677 -49.5741 2
      vertex 131.677 -49.5741 1.6
    endloop
  endfacet
  facet normal -0.992775 0.119992 0
    outer loop
      vertex 131.677 -49.5741 2
      vertex 131.658 -49.7313 1.6
      vertex 131.658 -49.7313 2
    endloop
  endfacet
  facet normal -0.876304 0.481759 0
    outer loop
      vertex 131.6 -49.8368 1.6
      vertex 131.658 -49.7313 2
      vertex 131.658 -49.7313 1.6
    endloop
  endfacet
  facet normal -0.876304 0.481759 0
    outer loop
      vertex 131.658 -49.7313 2
      vertex 131.6 -49.8368 1.6
      vertex 131.6 -49.8368 2
    endloop
  endfacet
  facet normal -0.524783 0.851236 0
    outer loop
      vertex 131.6 -49.8368 1.6
      vertex 131.503 -49.8966 2
      vertex 131.6 -49.8368 2
    endloop
  endfacet
  facet normal -0.524783 0.851236 0
    outer loop
      vertex 131.503 -49.8966 2
      vertex 131.6 -49.8368 1.6
      vertex 131.503 -49.8966 1.6
    endloop
  endfacet
  facet normal -0.144782 0.989464 0
    outer loop
      vertex 131.503 -49.8966 1.6
      vertex 131.367 -49.9165 2
      vertex 131.503 -49.8966 2
    endloop
  endfacet
  facet normal -0.144782 0.989464 0
    outer loop
      vertex 131.367 -49.9165 2
      vertex 131.503 -49.8966 1.6
      vertex 131.367 -49.9165 1.6
    endloop
  endfacet
  facet normal 0.343547 0.939135 -0
    outer loop
      vertex 131.367 -49.9165 1.6
      vertex 131.133 -49.8309 2
      vertex 131.367 -49.9165 2
    endloop
  endfacet
  facet normal 0.343547 0.939135 0
    outer loop
      vertex 131.133 -49.8309 2
      vertex 131.367 -49.9165 1.6
      vertex 131.133 -49.8309 1.6
    endloop
  endfacet
  facet normal 0.529473 0.848327 -0
    outer loop
      vertex 131.21 -51.0112 1.6
      vertex 131.094 -50.9388 2
      vertex 131.21 -51.0112 2
    endloop
  endfacet
  facet normal 0.529473 0.848327 0
    outer loop
      vertex 131.094 -50.9388 2
      vertex 131.21 -51.0112 1.6
      vertex 131.094 -50.9388 1.6
    endloop
  endfacet
  facet normal 0.878432 0.477867 0
    outer loop
      vertex 131.094 -50.9388 2
      vertex 131.026 -50.8138 1.6
      vertex 131.026 -50.8138 2
    endloop
  endfacet
  facet normal 0.878432 0.477867 0
    outer loop
      vertex 131.026 -50.8138 1.6
      vertex 131.094 -50.9388 2
      vertex 131.094 -50.9388 1.6
    endloop
  endfacet
  facet normal 0.992101 0.125444 0
    outer loop
      vertex 131.026 -50.8138 2
      vertex 131.003 -50.6319 1.6
      vertex 131.003 -50.6319 2
    endloop
  endfacet
  facet normal 0.992101 0.125444 0
    outer loop
      vertex 131.003 -50.6319 1.6
      vertex 131.026 -50.8138 2
      vertex 131.026 -50.8138 1.6
    endloop
  endfacet
  facet normal 0.990203 -0.139636 0
    outer loop
      vertex 131.003 -50.6319 2
      vertex 131.026 -50.4688 1.6
      vertex 131.026 -50.4688 2
    endloop
  endfacet
  facet normal 0.990203 -0.139636 0
    outer loop
      vertex 131.026 -50.4688 1.6
      vertex 131.003 -50.6319 2
      vertex 131.003 -50.6319 1.6
    endloop
  endfacet
  facet normal 0.866906 -0.498471 0
    outer loop
      vertex 131.026 -50.4688 2
      vertex 131.095 -50.3488 1.6
      vertex 131.095 -50.3488 2
    endloop
  endfacet
  facet normal 0.866906 -0.498471 0
    outer loop
      vertex 131.095 -50.3488 1.6
      vertex 131.026 -50.4688 2
      vertex 131.026 -50.4688 1.6
    endloop
  endfacet
  facet normal 0.54629 -0.837596 0
    outer loop
      vertex 131.095 -50.3488 1.6
      vertex 131.208 -50.2751 2
      vertex 131.095 -50.3488 2
    endloop
  endfacet
  facet normal 0.54629 -0.837596 0
    outer loop
      vertex 131.208 -50.2751 2
      vertex 131.095 -50.3488 1.6
      vertex 131.208 -50.2751 1.6
    endloop
  endfacet
  facet normal 0.159763 -0.987155 0
    outer loop
      vertex 131.208 -50.2751 1.6
      vertex 131.36 -50.2505 2
      vertex 131.208 -50.2751 2
    endloop
  endfacet
  facet normal 0.159763 -0.987155 0
    outer loop
      vertex 131.36 -50.2505 2
      vertex 131.208 -50.2751 1.6
      vertex 131.36 -50.2505 1.6
    endloop
  endfacet
  facet normal -0.317041 -0.948412 0
    outer loop
      vertex 131.36 -50.2505 1.6
      vertex 131.64 -50.3441 2
      vertex 131.36 -50.2505 2
    endloop
  endfacet
  facet normal -0.317041 -0.948412 -0
    outer loop
      vertex 131.64 -50.3441 2
      vertex 131.36 -50.2505 1.6
      vertex 131.64 -50.3441 1.6
    endloop
  endfacet
  facet normal -0.94939 -0.314099 0
    outer loop
      vertex 131.733 -50.6252 1.6
      vertex 131.64 -50.3441 2
      vertex 131.64 -50.3441 1.6
    endloop
  endfacet
  facet normal -0.94939 -0.314099 0
    outer loop
      vertex 131.64 -50.3441 2
      vertex 131.733 -50.6252 1.6
      vertex 131.733 -50.6252 2
    endloop
  endfacet
  facet normal -0.993747 0.111657 0
    outer loop
      vertex 131.712 -50.8121 1.6
      vertex 131.733 -50.6252 2
      vertex 131.733 -50.6252 1.6
    endloop
  endfacet
  facet normal -0.993747 0.111657 0
    outer loop
      vertex 131.733 -50.6252 2
      vertex 131.712 -50.8121 1.6
      vertex 131.712 -50.8121 2
    endloop
  endfacet
  facet normal -0.886884 0.461992 0
    outer loop
      vertex 131.646 -50.9388 1.6
      vertex 131.712 -50.8121 2
      vertex 131.712 -50.8121 1.6
    endloop
  endfacet
  facet normal -0.886884 0.461992 0
    outer loop
      vertex 131.712 -50.8121 2
      vertex 131.646 -50.9388 1.6
      vertex 131.646 -50.9388 2
    endloop
  endfacet
  facet normal -0.542878 0.839811 0
    outer loop
      vertex 131.646 -50.9388 1.6
      vertex 131.534 -51.0112 2
      vertex 131.646 -50.9388 2
    endloop
  endfacet
  facet normal -0.542878 0.839811 0
    outer loop
      vertex 131.534 -51.0112 2
      vertex 131.646 -50.9388 1.6
      vertex 131.534 -51.0112 1.6
    endloop
  endfacet
  facet normal -0.149549 0.988754 0
    outer loop
      vertex 131.534 -51.0112 1.6
      vertex 131.374 -51.0354 2
      vertex 131.534 -51.0112 2
    endloop
  endfacet
  facet normal -0.149549 0.988754 0
    outer loop
      vertex 131.374 -51.0354 2
      vertex 131.534 -51.0112 1.6
      vertex 131.374 -51.0354 1.6
    endloop
  endfacet
  facet normal 0.14598 0.989288 -0
    outer loop
      vertex 131.374 -51.0354 1.6
      vertex 131.21 -51.0112 2
      vertex 131.374 -51.0354 2
    endloop
  endfacet
  facet normal 0.14598 0.989288 0
    outer loop
      vertex 131.21 -51.0112 2
      vertex 131.374 -51.0354 1.6
      vertex 131.21 -51.0112 1.6
    endloop
  endfacet
  facet normal 0 -1 0
    outer loop
      vertex 127.81 -50.7269 1.6
      vertex 128.721 -50.7269 2
      vertex 127.81 -50.7269 2
    endloop
  endfacet
  facet normal 0 -1 -0
    outer loop
      vertex 128.721 -50.7269 2
      vertex 127.81 -50.7269 1.6
      vertex 128.721 -50.7269 1.6
    endloop
  endfacet
  facet normal -0.945109 -0.326754 0
    outer loop
      vertex 128.932 -51.3372 1.6
      vertex 128.721 -50.7269 2
      vertex 128.721 -50.7269 1.6
    endloop
  endfacet
  facet normal -0.945109 -0.326754 0
    outer loop
      vertex 128.721 -50.7269 2
      vertex 128.932 -51.3372 1.6
      vertex 128.932 -51.3372 2
    endloop
  endfacet
  facet normal 0 -1 0
    outer loop
      vertex 128.932 -51.3372 1.6
      vertex 129.427 -51.3372 2
      vertex 128.932 -51.3372 2
    endloop
  endfacet
  facet normal 0 -1 -0
    outer loop
      vertex 129.427 -51.3372 2
      vertex 128.932 -51.3372 1.6
      vertex 129.427 -51.3372 1.6
    endloop
  endfacet
  facet normal 0.939872 0.341528 0
    outer loop
      vertex 129.427 -51.3372 2
      vertex 128.559 -48.9485 1.6
      vertex 128.559 -48.9485 2
    endloop
  endfacet
  facet normal 0.939872 0.341528 0
    outer loop
      vertex 128.559 -48.9485 1.6
      vertex 129.427 -51.3372 2
      vertex 129.427 -51.3372 1.6
    endloop
  endfacet
  facet normal 0 1 -0
    outer loop
      vertex 128.559 -48.9485 1.6
      vertex 127.97 -48.9485 2
      vertex 128.559 -48.9485 2
    endloop
  endfacet
  facet normal 0 1 0
    outer loop
      vertex 127.97 -48.9485 2
      vertex 128.559 -48.9485 1.6
      vertex 127.97 -48.9485 1.6
    endloop
  endfacet
  facet normal -0.939366 0.342917 0
    outer loop
      vertex 127.098 -51.3372 1.6
      vertex 127.97 -48.9485 2
      vertex 127.97 -48.9485 1.6
    endloop
  endfacet
  facet normal -0.939366 0.342917 0
    outer loop
      vertex 127.97 -48.9485 2
      vertex 127.098 -51.3372 1.6
      vertex 127.098 -51.3372 2
    endloop
  endfacet
  facet normal 0 -1 0
    outer loop
      vertex 127.098 -51.3372 1.6
      vertex 127.598 -51.3372 2
      vertex 127.098 -51.3372 2
    endloop
  endfacet
  facet normal 0 -1 -0
    outer loop
      vertex 127.598 -51.3372 2
      vertex 127.098 -51.3372 1.6
      vertex 127.598 -51.3372 1.6
    endloop
  endfacet
  facet normal 0.94463 -0.328136 0
    outer loop
      vertex 127.598 -51.3372 2
      vertex 127.81 -50.7269 1.6
      vertex 127.81 -50.7269 2
    endloop
  endfacet
  facet normal 0.94463 -0.328136 0
    outer loop
      vertex 127.81 -50.7269 1.6
      vertex 127.598 -51.3372 2
      vertex 127.598 -51.3372 1.6
    endloop
  endfacet
  facet normal 0.946053 -0.324012 0
    outer loop
      vertex 127.922 -50.3505 2
      vertex 128.129 -49.7461 1.6
      vertex 128.129 -49.7461 2
    endloop
  endfacet
  facet normal 0.946053 -0.324012 0
    outer loop
      vertex 128.129 -49.7461 1.6
      vertex 127.922 -50.3505 2
      vertex 127.922 -50.3505 1.6
    endloop
  endfacet
  facet normal 0.948083 -0.318023 0
    outer loop
      vertex 128.129 -49.7461 2
      vertex 128.214 -49.4927 1.6
      vertex 128.214 -49.4927 2
    endloop
  endfacet
  facet normal 0.948083 -0.318023 0
    outer loop
      vertex 128.214 -49.4927 1.6
      vertex 128.129 -49.7461 2
      vertex 128.129 -49.7461 1.6
    endloop
  endfacet
  facet normal 0.958325 -0.28568 0
    outer loop
      vertex 128.214 -49.4927 2
      vertex 128.236 -49.4189 1.6
      vertex 128.236 -49.4189 2
    endloop
  endfacet
  facet normal 0.958325 -0.28568 0
    outer loop
      vertex 128.236 -49.4189 1.6
      vertex 128.214 -49.4927 2
      vertex 128.214 -49.4927 1.6
    endloop
  endfacet
  facet normal 0.96394 -0.266118 0
    outer loop
      vertex 128.236 -49.4189 2
      vertex 128.254 -49.3537 1.6
      vertex 128.254 -49.3537 2
    endloop
  endfacet
  facet normal 0.96394 -0.266118 0
    outer loop
      vertex 128.254 -49.3537 1.6
      vertex 128.236 -49.4189 2
      vertex 128.236 -49.4189 1.6
    endloop
  endfacet
  facet normal 0.96589 -0.258952 0
    outer loop
      vertex 128.254 -49.3537 2
      vertex 128.264 -49.3164 1.6
      vertex 128.264 -49.3164 2
    endloop
  endfacet
  facet normal 0.96589 -0.258952 0
    outer loop
      vertex 128.264 -49.3164 1.6
      vertex 128.254 -49.3537 2
      vertex 128.254 -49.3537 1.6
    endloop
  endfacet
  facet normal -0.955779 -0.294086 0
    outer loop
      vertex 128.3 -49.4334 1.6
      vertex 128.264 -49.3164 2
      vertex 128.264 -49.3164 1.6
    endloop
  endfacet
  facet normal -0.955779 -0.294086 0
    outer loop
      vertex 128.264 -49.3164 2
      vertex 128.3 -49.4334 1.6
      vertex 128.3 -49.4334 2
    endloop
  endfacet
  facet normal -0.953332 -0.301923 0
    outer loop
      vertex 128.373 -49.6639 1.6
      vertex 128.3 -49.4334 2
      vertex 128.3 -49.4334 1.6
    endloop
  endfacet
  facet normal -0.953332 -0.301923 0
    outer loop
      vertex 128.3 -49.4334 2
      vertex 128.373 -49.6639 1.6
      vertex 128.373 -49.6639 2
    endloop
  endfacet
  facet normal -0.945695 -0.325057 0
    outer loop
      vertex 128.609 -50.3505 1.6
      vertex 128.373 -49.6639 2
      vertex 128.373 -49.6639 1.6
    endloop
  endfacet
  facet normal -0.945695 -0.325057 0
    outer loop
      vertex 128.373 -49.6639 2
      vertex 128.609 -50.3505 1.6
      vertex 128.609 -50.3505 2
    endloop
  endfacet
  facet normal 0 1 -0
    outer loop
      vertex 128.609 -50.3505 1.6
      vertex 127.922 -50.3505 2
      vertex 128.609 -50.3505 2
    endloop
  endfacet
  facet normal 0 1 0
    outer loop
      vertex 127.922 -50.3505 2
      vertex 128.609 -50.3505 1.6
      vertex 127.922 -50.3505 1.6
    endloop
  endfacet
  facet normal 0 1 -0
    outer loop
      vertex 130.193 -48.9485 1.6
      vertex 129.693 -48.9485 2
      vertex 130.193 -48.9485 2
    endloop
  endfacet
  facet normal 0 1 0
    outer loop
      vertex 129.693 -48.9485 2
      vertex 130.193 -48.9485 1.6
      vertex 129.693 -48.9485 1.6
    endloop
  endfacet
  facet normal -1 0 0
    outer loop
      vertex 129.693 -51.3372 1.6
      vertex 129.693 -48.9485 2
      vertex 129.693 -48.9485 1.6
    endloop
  endfacet
  facet normal -1 -0 0
    outer loop
      vertex 129.693 -48.9485 2
      vertex 129.693 -51.3372 1.6
      vertex 129.693 -51.3372 2
    endloop
  endfacet
  facet normal 0 -1 0
    outer loop
      vertex 129.693 -51.3372 1.6
      vertex 130.193 -51.3372 2
      vertex 129.693 -51.3372 2
    endloop
  endfacet
  facet normal 0 -1 -0
    outer loop
      vertex 130.193 -51.3372 2
      vertex 129.693 -51.3372 1.6
      vertex 130.193 -51.3372 1.6
    endloop
  endfacet
  facet normal 1 -0 0
    outer loop
      vertex 130.193 -51.3372 2
      vertex 130.193 -48.9485 1.6
      vertex 130.193 -48.9485 2
    endloop
  endfacet
  facet normal 1 0 0
    outer loop
      vertex 130.193 -48.9485 1.6
      vertex 130.193 -51.3372 2
      vertex 130.193 -51.3372 1.6
    endloop
  endfacet
  facet normal 0 0 -1
    outer loop
      vertex 145.527 -51.3364 1.6
      vertex 146.027 -50.4294 1.6
      vertex 146.027 -51.3364 1.6
    endloop
  endfacet
  facet normal -0 0 -1
    outer loop
      vertex 146.027 -50.4294 1.6
      vertex 145.527 -51.3364 1.6
      vertex 146.027 -50.0412 1.6
    endloop
  endfacet
  facet normal 0 0 -1
    outer loop
      vertex 145.527 -48.9477 1.6
      vertex 146.027 -50.0412 1.6
      vertex 145.527 -51.3364 1.6
    endloop
  endfacet
  facet normal 0 0 -1
    outer loop
      vertex 147.168 -51.3364 1.6
      vertex 147.085 -50.3328 1.6
      vertex 147.731 -51.3364 1.6
    endloop
  endfacet
  facet normal 0 0 -1
    outer loop
      vertex 147.302 -50.244 1.6
      vertex 147 -49.9463 1.6
      vertex 147.082 -49.8322 1.6
    endloop
  endfacet
  facet normal 0 0 -1
    outer loop
      vertex 146.614 -50.4294 1.6
      vertex 147.085 -50.3328 1.6
      vertex 147.168 -51.3364 1.6
    endloop
  endfacet
  facet normal 0 -0 -1
    outer loop
      vertex 146.866 -50.0175 1.6
      vertex 147.085 -50.3328 1.6
      vertex 146.614 -50.4294 1.6
    endloop
  endfacet
  facet normal 0 0 -1
    outer loop
      vertex 147.085 -50.3328 1.6
      vertex 146.866 -50.0175 1.6
      vertex 147 -49.9463 1.6
    endloop
  endfacet
  facet normal 0 0 -1
    outer loop
      vertex 146.866 -50.0175 1.6
      vertex 146.614 -50.4294 1.6
      vertex 146.682 -50.0412 1.6
    endloop
  endfacet
  facet normal 0 0 -1
    outer loop
      vertex 146.027 -50.0412 1.6
      vertex 146.614 -50.4294 1.6
      vertex 146.027 -50.4294 1.6
    endloop
  endfacet
  facet normal 0 0 -1
    outer loop
      vertex 146.614 -50.4294 1.6
      vertex 146.027 -50.0412 1.6
      vertex 146.682 -50.0412 1.6
    endloop
  endfacet
  facet normal 0 0 -1
    outer loop
      vertex 147 -49.9463 1.6
      vertex 147.302 -50.244 1.6
      vertex 147.085 -50.3328 1.6
    endloop
  endfacet
  facet normal 0 0 -1
    outer loop
      vertex 147.302 -50.244 1.6
      vertex 147.082 -49.8322 1.6
      vertex 147.109 -49.6801 1.6
    endloop
  endfacet
  facet normal 0 0 -1
    outer loop
      vertex 147.109 -49.6801 1.6
      vertex 147.612 -49.6597 1.6
      vertex 147.577 -49.8935 1.6
    endloop
  endfacet
  facet normal 0 0 -1
    outer loop
      vertex 147.109 -49.6801 1.6
      vertex 147.577 -49.8935 1.6
      vertex 147.47 -50.0929 1.6
    endloop
  endfacet
  facet normal -0 0 -1
    outer loop
      vertex 147.612 -49.6597 1.6
      vertex 147.109 -49.6801 1.6
      vertex 147.554 -49.3556 1.6
    endloop
  endfacet
  facet normal 0 0 -1
    outer loop
      vertex 147.109 -49.6801 1.6
      vertex 147.47 -50.0929 1.6
      vertex 147.302 -50.244 1.6
    endloop
  endfacet
  facet normal 0 0 -1
    outer loop
      vertex 146.999 -49.422 1.6
      vertex 147.554 -49.3556 1.6
      vertex 147.109 -49.6801 1.6
    endloop
  endfacet
  facet normal -0 0 -1
    outer loop
      vertex 147.554 -49.3556 1.6
      vertex 146.999 -49.422 1.6
      vertex 147.38 -49.1317 1.6
    endloop
  endfacet
  facet normal -0 0 -1
    outer loop
      vertex 147.38 -49.1317 1.6
      vertex 146.999 -49.422 1.6
      vertex 147.099 -48.9937 1.6
    endloop
  endfacet
  facet normal 0 0 -1
    outer loop
      vertex 146.668 -49.3359 1.6
      vertex 147.099 -48.9937 1.6
      vertex 146.999 -49.422 1.6
    endloop
  endfacet
  facet normal -0 0 -1
    outer loop
      vertex 147.099 -48.9937 1.6
      vertex 146.668 -49.3359 1.6
      vertex 146.721 -48.9477 1.6
    endloop
  endfacet
  facet normal 0 0 -1
    outer loop
      vertex 146.027 -49.3359 1.6
      vertex 146.721 -48.9477 1.6
      vertex 146.668 -49.3359 1.6
    endloop
  endfacet
  facet normal 0 0 -1
    outer loop
      vertex 146.027 -49.3359 1.6
      vertex 145.527 -48.9477 1.6
      vertex 146.721 -48.9477 1.6
    endloop
  endfacet
  facet normal 0 0 -1
    outer loop
      vertex 146.027 -50.0412 1.6
      vertex 145.527 -48.9477 1.6
      vertex 146.027 -49.3359 1.6
    endloop
  endfacet
  facet normal 0 0 -1
    outer loop
      vertex 149.503 -51.3364 1.6
      vertex 149.234 -50.0802 1.6
      vertex 150.029 -51.3364 1.6
    endloop
  endfacet
  facet normal 0 -0 -1
    outer loop
      vertex 149.234 -50.0802 1.6
      vertex 149.503 -51.3364 1.6
      vertex 148.903 -50.3853 1.6
    endloop
  endfacet
  facet normal 0 0 -1
    outer loop
      vertex 149.234 -50.0802 1.6
      vertex 149.434 -48.9477 1.6
      vertex 149.959 -48.9477 1.6
    endloop
  endfacet
  facet normal 0 0 -1
    outer loop
      vertex 148.903 -49.792 1.6
      vertex 149.234 -50.0802 1.6
      vertex 148.903 -50.3853 1.6
    endloop
  endfacet
  facet normal 0 0 -1
    outer loop
      vertex 149.234 -50.0802 1.6
      vertex 148.903 -49.792 1.6
      vertex 149.434 -48.9477 1.6
    endloop
  endfacet
  facet normal 0 0 -1
    outer loop
      vertex 148.903 -50.3853 1.6
      vertex 148.601 -50.0802 1.6
      vertex 148.903 -49.792 1.6
    endloop
  endfacet
  facet normal 0 0 -1
    outer loop
      vertex 148.303 -51.3364 1.6
      vertex 148.601 -50.0802 1.6
      vertex 148.903 -50.3853 1.6
    endloop
  endfacet
  facet normal 0 0 -1
    outer loop
      vertex 148.601 -50.0802 1.6
      vertex 148.303 -51.3364 1.6
      vertex 147.774 -51.3364 1.6
    endloop
  endfacet
  facet normal 0 0 -1
    outer loop
      vertex 148.601 -50.0802 1.6
      vertex 148.372 -48.9477 1.6
      vertex 148.903 -49.792 1.6
    endloop
  endfacet
  facet normal -0 -0 -1
    outer loop
      vertex 148.372 -48.9477 1.6
      vertex 148.601 -50.0802 1.6
      vertex 147.844 -48.9477 1.6
    endloop
  endfacet
  facet normal 0 0 1
    outer loop
      vertex 147.109 -49.6801 2
      vertex 147.612 -49.6597 2
      vertex 147.554 -49.3556 2
    endloop
  endfacet
  facet normal 0 0 1
    outer loop
      vertex 147.612 -49.6597 2
      vertex 147.109 -49.6801 2
      vertex 147.577 -49.8935 2
    endloop
  endfacet
  facet normal 0 0 1
    outer loop
      vertex 146.999 -49.422 2
      vertex 147.554 -49.3556 2
      vertex 147.38 -49.1317 2
    endloop
  endfacet
  facet normal -0 0 1
    outer loop
      vertex 147.082 -49.8322 2
      vertex 147.577 -49.8935 2
      vertex 147.109 -49.6801 2
    endloop
  endfacet
  facet normal 0 0 1
    outer loop
      vertex 147.577 -49.8935 2
      vertex 147.082 -49.8322 2
      vertex 147.47 -50.0929 2
    endloop
  endfacet
  facet normal 0 0 1
    outer loop
      vertex 146.999 -49.422 2
      vertex 147.38 -49.1317 2
      vertex 147.099 -48.9937 2
    endloop
  endfacet
  facet normal 0 0 1
    outer loop
      vertex 147.554 -49.3556 2
      vertex 146.999 -49.422 2
      vertex 147.109 -49.6801 2
    endloop
  endfacet
  facet normal 0 0 1
    outer loop
      vertex 146.668 -49.3359 2
      vertex 147.099 -48.9937 2
      vertex 146.721 -48.9477 2
    endloop
  endfacet
  facet normal 0 0 1
    outer loop
      vertex 147.099 -48.9937 2
      vertex 146.668 -49.3359 2
      vertex 146.999 -49.422 2
    endloop
  endfacet
  facet normal 0 0 1
    outer loop
      vertex 146.721 -48.9477 2
      vertex 146.027 -49.3359 2
      vertex 146.668 -49.3359 2
    endloop
  endfacet
  facet normal 0 0 1
    outer loop
      vertex 145.527 -48.9477 2
      vertex 146.027 -50.0412 2
      vertex 146.027 -49.3359 2
    endloop
  endfacet
  facet normal 0 0 1
    outer loop
      vertex 145.527 -51.3364 2
      vertex 146.027 -50.0412 2
      vertex 145.527 -48.9477 2
    endloop
  endfacet
  facet normal -0 0 1
    outer loop
      vertex 145.527 -48.9477 2
      vertex 146.027 -49.3359 2
      vertex 146.721 -48.9477 2
    endloop
  endfacet
  facet normal 0 0 1
    outer loop
      vertex 146.027 -50.0412 2
      vertex 145.527 -51.3364 2
      vertex 146.027 -50.4294 2
    endloop
  endfacet
  facet normal 0 0 1
    outer loop
      vertex 146.027 -50.4294 2
      vertex 145.527 -51.3364 2
      vertex 146.027 -51.3364 2
    endloop
  endfacet
  facet normal 0 0 1
    outer loop
      vertex 147.47 -50.0929 2
      vertex 147.082 -49.8322 2
      vertex 147.302 -50.244 2
    endloop
  endfacet
  facet normal -0 0 1
    outer loop
      vertex 147 -49.9463 2
      vertex 147.302 -50.244 2
      vertex 147.082 -49.8322 2
    endloop
  endfacet
  facet normal 0 0 1
    outer loop
      vertex 147.085 -50.3328 2
      vertex 147.168 -51.3364 2
      vertex 147.731 -51.3364 2
    endloop
  endfacet
  facet normal 0 0 1
    outer loop
      vertex 147.302 -50.244 2
      vertex 147 -49.9463 2
      vertex 147.085 -50.3328 2
    endloop
  endfacet
  facet normal -0 0 1
    outer loop
      vertex 146.866 -50.0175 2
      vertex 147.085 -50.3328 2
      vertex 147 -49.9463 2
    endloop
  endfacet
  facet normal 0 0 1
    outer loop
      vertex 147.085 -50.3328 2
      vertex 146.866 -50.0175 2
      vertex 146.614 -50.4294 2
    endloop
  endfacet
  facet normal 0 0 1
    outer loop
      vertex 146.614 -50.4294 2
      vertex 146.866 -50.0175 2
      vertex 146.682 -50.0412 2
    endloop
  endfacet
  facet normal 0 0 1
    outer loop
      vertex 147.085 -50.3328 2
      vertex 146.614 -50.4294 2
      vertex 147.168 -51.3364 2
    endloop
  endfacet
  facet normal -0 0 1
    outer loop
      vertex 146.027 -50.0412 2
      vertex 146.614 -50.4294 2
      vertex 146.682 -50.0412 2
    endloop
  endfacet
  facet normal 0 0 1
    outer loop
      vertex 146.614 -50.4294 2
      vertex 146.027 -50.0412 2
      vertex 146.027 -50.4294 2
    endloop
  endfacet
  facet normal -0 0 1
    outer loop
      vertex 149.434 -48.9477 2
      vertex 149.234 -50.0802 2
      vertex 149.959 -48.9477 2
    endloop
  endfacet
  facet normal 0 -0 1
    outer loop
      vertex 149.234 -50.0802 2
      vertex 149.434 -48.9477 2
      vertex 148.903 -49.792 2
    endloop
  endfacet
  facet normal 0 0 1
    outer loop
      vertex 149.234 -50.0802 2
      vertex 149.503 -51.3364 2
      vertex 150.029 -51.3364 2
    endloop
  endfacet
  facet normal 0 0 1
    outer loop
      vertex 148.903 -50.3853 2
      vertex 149.234 -50.0802 2
      vertex 148.903 -49.792 2
    endloop
  endfacet
  facet normal 0 0 1
    outer loop
      vertex 149.234 -50.0802 2
      vertex 148.903 -50.3853 2
      vertex 149.503 -51.3364 2
    endloop
  endfacet
  facet normal 0 0 1
    outer loop
      vertex 148.903 -49.792 2
      vertex 148.601 -50.0802 2
      vertex 148.903 -50.3853 2
    endloop
  endfacet
  facet normal 0 0 1
    outer loop
      vertex 148.372 -48.9477 2
      vertex 148.601 -50.0802 2
      vertex 148.903 -49.792 2
    endloop
  endfacet
  facet normal 0 0 1
    outer loop
      vertex 148.601 -50.0802 2
      vertex 148.372 -48.9477 2
      vertex 147.844 -48.9477 2
    endloop
  endfacet
  facet normal 0 0 1
    outer loop
      vertex 148.601 -50.0802 2
      vertex 148.303 -51.3364 2
      vertex 148.903 -50.3853 2
    endloop
  endfacet
  facet normal 0 -0 1
    outer loop
      vertex 148.303 -51.3364 2
      vertex 148.601 -50.0802 2
      vertex 147.774 -51.3364 2
    endloop
  endfacet
  facet normal 0 -1 0
    outer loop
      vertex 146.027 -50.4294 1.6
      vertex 146.614 -50.4294 2
      vertex 146.027 -50.4294 2
    endloop
  endfacet
  facet normal 0 -1 -0
    outer loop
      vertex 146.614 -50.4294 2
      vertex 146.027 -50.4294 1.6
      vertex 146.614 -50.4294 1.6
    endloop
  endfacet
  facet normal -0.853398 -0.52126 0
    outer loop
      vertex 147.168 -51.3364 1.6
      vertex 146.614 -50.4294 2
      vertex 146.614 -50.4294 1.6
    endloop
  endfacet
  facet normal -0.853398 -0.52126 0
    outer loop
      vertex 146.614 -50.4294 2
      vertex 147.168 -51.3364 1.6
      vertex 147.168 -51.3364 2
    endloop
  endfacet
  facet normal 0 -1 0
    outer loop
      vertex 147.168 -51.3364 1.6
      vertex 147.731 -51.3364 2
      vertex 147.168 -51.3364 2
    endloop
  endfacet
  facet normal 0 -1 -0
    outer loop
      vertex 147.731 -51.3364 2
      vertex 147.168 -51.3364 1.6
      vertex 147.731 -51.3364 1.6
    endloop
  endfacet
  facet normal 0.840863 0.541249 0
    outer loop
      vertex 147.731 -51.3364 2
      vertex 147.085 -50.3328 1.6
      vertex 147.085 -50.3328 2
    endloop
  endfacet
  facet normal 0.840863 0.541249 0
    outer loop
      vertex 147.085 -50.3328 1.6
      vertex 147.731 -51.3364 2
      vertex 147.731 -51.3364 1.6
    endloop
  endfacet
  facet normal 0.378732 -0.925506 0
    outer loop
      vertex 147.085 -50.3328 1.6
      vertex 147.302 -50.244 2
      vertex 147.085 -50.3328 2
    endloop
  endfacet
  facet normal 0.378732 -0.925506 0
    outer loop
      vertex 147.302 -50.244 2
      vertex 147.085 -50.3328 1.6
      vertex 147.302 -50.244 1.6
    endloop
  endfacet
  facet normal 0.66872 -0.743514 0
    outer loop
      vertex 147.302 -50.244 1.6
      vertex 147.47 -50.0929 2
      vertex 147.302 -50.244 2
    endloop
  endfacet
  facet normal 0.66872 -0.743514 0
    outer loop
      vertex 147.47 -50.0929 2
      vertex 147.302 -50.244 1.6
      vertex 147.47 -50.0929 1.6
    endloop
  endfacet
  facet normal 0.881151 -0.472834 0
    outer loop
      vertex 147.47 -50.0929 2
      vertex 147.577 -49.8935 1.6
      vertex 147.577 -49.8935 2
    endloop
  endfacet
  facet normal 0.881151 -0.472834 0
    outer loop
      vertex 147.577 -49.8935 1.6
      vertex 147.47 -50.0929 2
      vertex 147.47 -50.0929 1.6
    endloop
  endfacet
  facet normal 0.98898 -0.148051 0
    outer loop
      vertex 147.577 -49.8935 2
      vertex 147.612 -49.6597 1.6
      vertex 147.612 -49.6597 2
    endloop
  endfacet
  facet normal 0.98898 -0.148051 0
    outer loop
      vertex 147.612 -49.6597 1.6
      vertex 147.577 -49.8935 2
      vertex 147.577 -49.8935 1.6
    endloop
  endfacet
  facet normal 0.982293 0.18735 0
    outer loop
      vertex 147.612 -49.6597 2
      vertex 147.554 -49.3556 1.6
      vertex 147.554 -49.3556 2
    endloop
  endfacet
  facet normal 0.982293 0.18735 0
    outer loop
      vertex 147.554 -49.3556 1.6
      vertex 147.612 -49.6597 2
      vertex 147.612 -49.6597 1.6
    endloop
  endfacet
  facet normal 0.789599 0.613623 0
    outer loop
      vertex 147.554 -49.3556 2
      vertex 147.38 -49.1317 1.6
      vertex 147.38 -49.1317 2
    endloop
  endfacet
  facet normal 0.789599 0.613623 0
    outer loop
      vertex 147.38 -49.1317 1.6
      vertex 147.554 -49.3556 2
      vertex 147.554 -49.3556 1.6
    endloop
  endfacet
  facet normal 0.440814 0.897599 -0
    outer loop
      vertex 147.38 -49.1317 1.6
      vertex 147.099 -48.9937 2
      vertex 147.38 -49.1317 2
    endloop
  endfacet
  facet normal 0.440814 0.897599 0
    outer loop
      vertex 147.099 -48.9937 2
      vertex 147.38 -49.1317 1.6
      vertex 147.099 -48.9937 1.6
    endloop
  endfacet
  facet normal 0.120802 0.992677 -0
    outer loop
      vertex 147.099 -48.9937 1.6
      vertex 146.721 -48.9477 2
      vertex 147.099 -48.9937 2
    endloop
  endfacet
  facet normal 0.120802 0.992677 0
    outer loop
      vertex 146.721 -48.9477 2
      vertex 147.099 -48.9937 1.6
      vertex 146.721 -48.9477 1.6
    endloop
  endfacet
  facet normal 0 1 -0
    outer loop
      vertex 146.721 -48.9477 1.6
      vertex 145.527 -48.9477 2
      vertex 146.721 -48.9477 2
    endloop
  endfacet
  facet normal 0 1 0
    outer loop
      vertex 145.527 -48.9477 2
      vertex 146.721 -48.9477 1.6
      vertex 145.527 -48.9477 1.6
    endloop
  endfacet
  facet normal -1 0 0
    outer loop
      vertex 145.527 -51.3364 1.6
      vertex 145.527 -48.9477 2
      vertex 145.527 -48.9477 1.6
    endloop
  endfacet
  facet normal -1 -0 0
    outer loop
      vertex 145.527 -48.9477 2
      vertex 145.527 -51.3364 1.6
      vertex 145.527 -51.3364 2
    endloop
  endfacet
  facet normal 0 -1 0
    outer loop
      vertex 145.527 -51.3364 1.6
      vertex 146.027 -51.3364 2
      vertex 145.527 -51.3364 2
    endloop
  endfacet
  facet normal 0 -1 -0
    outer loop
      vertex 146.027 -51.3364 2
      vertex 145.527 -51.3364 1.6
      vertex 146.027 -51.3364 1.6
    endloop
  endfacet
  facet normal 1 -0 0
    outer loop
      vertex 146.027 -51.3364 2
      vertex 146.027 -50.4294 1.6
      vertex 146.027 -50.4294 2
    endloop
  endfacet
  facet normal 1 0 0
    outer loop
      vertex 146.027 -50.4294 1.6
      vertex 146.027 -51.3364 2
      vertex 146.027 -51.3364 1.6
    endloop
  endfacet
  facet normal 1 -0 0
    outer loop
      vertex 146.027 -50.0412 2
      vertex 146.027 -49.3359 1.6
      vertex 146.027 -49.3359 2
    endloop
  endfacet
  facet normal 1 0 0
    outer loop
      vertex 146.027 -49.3359 1.6
      vertex 146.027 -50.0412 2
      vertex 146.027 -50.0412 1.6
    endloop
  endfacet
  facet normal 0 -1 0
    outer loop
      vertex 146.027 -49.3359 1.6
      vertex 146.668 -49.3359 2
      vertex 146.027 -49.3359 2
    endloop
  endfacet
  facet normal 0 -1 -0
    outer loop
      vertex 146.668 -49.3359 2
      vertex 146.027 -49.3359 1.6
      vertex 146.668 -49.3359 1.6
    endloop
  endfacet
  facet normal -0.251743 -0.967794 0
    outer loop
      vertex 146.668 -49.3359 1.6
      vertex 146.999 -49.422 2
      vertex 146.668 -49.3359 2
    endloop
  endfacet
  facet normal -0.251743 -0.967794 -0
    outer loop
      vertex 146.999 -49.422 2
      vertex 146.668 -49.3359 1.6
      vertex 146.999 -49.422 1.6
    endloop
  endfacet
  facet normal -0.919936 -0.392069 0
    outer loop
      vertex 147.109 -49.6801 1.6
      vertex 146.999 -49.422 2
      vertex 146.999 -49.422 1.6
    endloop
  endfacet
  facet normal -0.919936 -0.392069 0
    outer loop
      vertex 146.999 -49.422 2
      vertex 147.109 -49.6801 1.6
      vertex 147.109 -49.6801 2
    endloop
  endfacet
  facet normal -0.984607 0.174782 0
    outer loop
      vertex 147.082 -49.8322 1.6
      vertex 147.109 -49.6801 2
      vertex 147.109 -49.6801 1.6
    endloop
  endfacet
  facet normal -0.984607 0.174782 0
    outer loop
      vertex 147.109 -49.6801 2
      vertex 147.082 -49.8322 1.6
      vertex 147.082 -49.8322 2
    endloop
  endfacet
  facet normal -0.812047 0.583592 0
    outer loop
      vertex 147 -49.9463 1.6
      vertex 147.082 -49.8322 2
      vertex 147.082 -49.8322 1.6
    endloop
  endfacet
  facet normal -0.812047 0.583592 0
    outer loop
      vertex 147.082 -49.8322 2
      vertex 147 -49.9463 1.6
      vertex 147 -49.9463 2
    endloop
  endfacet
  facet normal -0.469219 0.883082 0
    outer loop
      vertex 147 -49.9463 1.6
      vertex 146.866 -50.0175 2
      vertex 147 -49.9463 2
    endloop
  endfacet
  facet normal -0.469219 0.883082 0
    outer loop
      vertex 146.866 -50.0175 2
      vertex 147 -49.9463 1.6
      vertex 146.866 -50.0175 1.6
    endloop
  endfacet
  facet normal -0.127749 0.991807 0
    outer loop
      vertex 146.866 -50.0175 1.6
      vertex 146.682 -50.0412 2
      vertex 146.866 -50.0175 2
    endloop
  endfacet
  facet normal -0.127749 0.991807 0
    outer loop
      vertex 146.682 -50.0412 2
      vertex 146.866 -50.0175 1.6
      vertex 146.682 -50.0412 1.6
    endloop
  endfacet
  facet normal 0 1 -0
    outer loop
      vertex 146.682 -50.0412 1.6
      vertex 146.027 -50.0412 2
      vertex 146.682 -50.0412 2
    endloop
  endfacet
  facet normal 0 1 0
    outer loop
      vertex 146.027 -50.0412 2
      vertex 146.682 -50.0412 1.6
      vertex 146.027 -50.0412 1.6
    endloop
  endfacet
  facet normal -0.845768 -0.533551 0
    outer loop
      vertex 149.503 -51.3364 1.6
      vertex 148.903 -50.3853 2
      vertex 148.903 -50.3853 1.6
    endloop
  endfacet
  facet normal -0.845768 -0.533551 0
    outer loop
      vertex 148.903 -50.3853 2
      vertex 149.503 -51.3364 1.6
      vertex 149.503 -51.3364 2
    endloop
  endfacet
  facet normal 0 -1 0
    outer loop
      vertex 149.503 -51.3364 1.6
      vertex 150.029 -51.3364 2
      vertex 149.503 -51.3364 2
    endloop
  endfacet
  facet normal 0 -1 -0
    outer loop
      vertex 150.029 -51.3364 2
      vertex 149.503 -51.3364 1.6
      vertex 150.029 -51.3364 1.6
    endloop
  endfacet
  facet normal 0.844999 0.534767 0
    outer loop
      vertex 150.029 -51.3364 2
      vertex 149.234 -50.0802 1.6
      vertex 149.234 -50.0802 2
    endloop
  endfacet
  facet normal 0.844999 0.534767 0
    outer loop
      vertex 149.234 -50.0802 1.6
      vertex 150.029 -51.3364 2
      vertex 150.029 -51.3364 1.6
    endloop
  endfacet
  facet normal 0.842204 -0.539159 0
    outer loop
      vertex 149.234 -50.0802 2
      vertex 149.959 -48.9477 1.6
      vertex 149.959 -48.9477 2
    endloop
  endfacet
  facet normal 0.842204 -0.539159 0
    outer loop
      vertex 149.959 -48.9477 1.6
      vertex 149.234 -50.0802 2
      vertex 149.234 -50.0802 1.6
    endloop
  endfacet
  facet normal 0 1 -0
    outer loop
      vertex 149.959 -48.9477 1.6
      vertex 149.434 -48.9477 2
      vertex 149.959 -48.9477 2
    endloop
  endfacet
  facet normal 0 1 0
    outer loop
      vertex 149.434 -48.9477 2
      vertex 149.959 -48.9477 1.6
      vertex 149.434 -48.9477 1.6
    endloop
  endfacet
  facet normal -0.846502 0.532385 0
    outer loop
      vertex 148.903 -49.792 1.6
      vertex 149.434 -48.9477 2
      vertex 149.434 -48.9477 1.6
    endloop
  endfacet
  facet normal -0.846502 0.532385 0
    outer loop
      vertex 149.434 -48.9477 2
      vertex 148.903 -49.792 1.6
      vertex 148.903 -49.792 2
    endloop
  endfacet
  facet normal 0.846502 0.532385 0
    outer loop
      vertex 148.903 -49.792 2
      vertex 148.372 -48.9477 1.6
      vertex 148.372 -48.9477 2
    endloop
  endfacet
  facet normal 0.846502 0.532385 0
    outer loop
      vertex 148.372 -48.9477 1.6
      vertex 148.903 -49.792 2
      vertex 148.903 -49.792 1.6
    endloop
  endfacet
  facet normal 0 1 -0
    outer loop
      vertex 148.372 -48.9477 1.6
      vertex 147.844 -48.9477 2
      vertex 148.372 -48.9477 2
    endloop
  endfacet
  facet normal 0 1 0
    outer loop
      vertex 147.844 -48.9477 2
      vertex 148.372 -48.9477 1.6
      vertex 147.844 -48.9477 1.6
    endloop
  endfacet
  facet normal -0.831372 -0.555716 0
    outer loop
      vertex 148.601 -50.0802 1.6
      vertex 147.844 -48.9477 2
      vertex 147.844 -48.9477 1.6
    endloop
  endfacet
  facet normal -0.831372 -0.555716 0
    outer loop
      vertex 147.844 -48.9477 2
      vertex 148.601 -50.0802 1.6
      vertex 148.601 -50.0802 2
    endloop
  endfacet
  facet normal -0.835248 0.549873 0
    outer loop
      vertex 147.774 -51.3364 1.6
      vertex 148.601 -50.0802 2
      vertex 148.601 -50.0802 1.6
    endloop
  endfacet
  facet normal -0.835248 0.549873 0
    outer loop
      vertex 148.601 -50.0802 2
      vertex 147.774 -51.3364 1.6
      vertex 147.774 -51.3364 2
    endloop
  endfacet
  facet normal 0 -1 0
    outer loop
      vertex 147.774 -51.3364 1.6
      vertex 148.303 -51.3364 2
      vertex 147.774 -51.3364 2
    endloop
  endfacet
  facet normal 0 -1 -0
    outer loop
      vertex 148.303 -51.3364 2
      vertex 147.774 -51.3364 1.6
      vertex 148.303 -51.3364 1.6
    endloop
  endfacet
  facet normal 0.845768 -0.533551 0
    outer loop
      vertex 148.303 -51.3364 2
      vertex 148.903 -50.3853 1.6
      vertex 148.903 -50.3853 2
    endloop
  endfacet
  facet normal 0.845768 -0.533551 0
    outer loop
      vertex 148.903 -50.3853 1.6
      vertex 148.303 -51.3364 2
      vertex 148.303 -51.3364 1.6
    endloop
  endfacet
  facet normal 0 0 -1
    outer loop
      vertex 170.832 -51.3372 1.6
      vertex 169.723 -50.9456 1.6
      vertex 170.832 -50.9456 1.6
    endloop
  endfacet
  facet normal 0 0 -1
    outer loop
      vertex 169.868 -50.7387 1.6
      vertex 169.426 -50.6065 1.6
      vertex 169.62 -50.4073 1.6
    endloop
  endfacet
  facet normal 0 0 -1
    outer loop
      vertex 169.723 -50.9456 1.6
      vertex 169.273 -50.804 1.6
      vertex 169.426 -50.6065 1.6
    endloop
  endfacet
  facet normal 0 0 -1
    outer loop
      vertex 169.16 -51.3372 1.6
      vertex 169.723 -50.9456 1.6
      vertex 170.832 -51.3372 1.6
    endloop
  endfacet
  facet normal 0 0 -1
    outer loop
      vertex 169.16 -51.0066 1.6
      vertex 169.723 -50.9456 1.6
      vertex 169.16 -51.3372 1.6
    endloop
  endfacet
  facet normal -0 0 -1
    outer loop
      vertex 169.723 -50.9456 1.6
      vertex 169.16 -51.0066 1.6
      vertex 169.273 -50.804 1.6
    endloop
  endfacet
  facet normal 0 0 -1
    outer loop
      vertex 170.778 -49.744 1.6
      vertex 170.286 -49.733 1.6
      vertex 170.311 -49.6046 1.6
    endloop
  endfacet
  facet normal 0 0 -1
    outer loop
      vertex 170.45 -50.2486 1.6
      vertex 170.211 -49.864 1.6
      vertex 170.286 -49.733 1.6
    endloop
  endfacet
  facet normal 0 0 -1
    outer loop
      vertex 170.072 -50.014 1.6
      vertex 170.329 -50.3522 1.6
      vertex 170.205 -50.451 1.6
    endloop
  endfacet
  facet normal 0 0 -1
    outer loop
      vertex 169.859 -50.1996 1.6
      vertex 170.205 -50.451 1.6
      vertex 170.084 -50.5472 1.6
    endloop
  endfacet
  facet normal 0 0 -1
    outer loop
      vertex 170.45 -50.2486 1.6
      vertex 170.072 -50.014 1.6
      vertex 170.211 -49.864 1.6
    endloop
  endfacet
  facet normal 0 0 -1
    outer loop
      vertex 169.859 -50.1996 1.6
      vertex 170.084 -50.5472 1.6
      vertex 169.971 -50.6425 1.6
    endloop
  endfacet
  facet normal 0 0 -1
    outer loop
      vertex 169.62 -50.4073 1.6
      vertex 169.971 -50.6425 1.6
      vertex 169.868 -50.7387 1.6
    endloop
  endfacet
  facet normal 0 0 -1
    outer loop
      vertex 170.205 -50.451 1.6
      vertex 169.859 -50.1996 1.6
      vertex 170.072 -50.014 1.6
    endloop
  endfacet
  facet normal 0 0 -1
    outer loop
      vertex 169.426 -50.6065 1.6
      vertex 169.868 -50.7387 1.6
      vertex 169.783 -50.8387 1.6
    endloop
  endfacet
  facet normal 0 0 -1
    outer loop
      vertex 169.426 -50.6065 1.6
      vertex 169.783 -50.8387 1.6
      vertex 169.723 -50.9456 1.6
    endloop
  endfacet
  facet normal 0 0 -1
    outer loop
      vertex 169.971 -50.6425 1.6
      vertex 169.62 -50.4073 1.6
      vertex 169.859 -50.1996 1.6
    endloop
  endfacet
  facet normal 0 0 -1
    outer loop
      vertex 170.311 -49.6046 1.6
      vertex 170.795 -49.5842 1.6
      vertex 170.778 -49.744 1.6
    endloop
  endfacet
  facet normal 0 0 -1
    outer loop
      vertex 170.286 -49.733 1.6
      vertex 170.778 -49.744 1.6
      vertex 170.729 -49.8877 1.6
    endloop
  endfacet
  facet normal 0 0 -1
    outer loop
      vertex 170.286 -49.733 1.6
      vertex 170.729 -49.8877 1.6
      vertex 170.653 -50.018 1.6
    endloop
  endfacet
  facet normal -0 0 -1
    outer loop
      vertex 170.795 -49.5842 1.6
      vertex 170.311 -49.6046 1.6
      vertex 170.743 -49.3011 1.6
    endloop
  endfacet
  facet normal 0 0 -1
    outer loop
      vertex 170.286 -49.733 1.6
      vertex 170.653 -50.018 1.6
      vertex 170.559 -50.1378 1.6
    endloop
  endfacet
  facet normal 0 0 -1
    outer loop
      vertex 170.286 -49.733 1.6
      vertex 170.559 -50.1378 1.6
      vertex 170.45 -50.2486 1.6
    endloop
  endfacet
  facet normal 0 0 -1
    outer loop
      vertex 170.233 -49.3706 1.6
      vertex 170.743 -49.3011 1.6
      vertex 170.311 -49.6046 1.6
    endloop
  endfacet
  facet normal 0 0 -1
    outer loop
      vertex 170.072 -50.014 1.6
      vertex 170.45 -50.2486 1.6
      vertex 170.329 -50.3522 1.6
    endloop
  endfacet
  facet normal -0 0 -1
    outer loop
      vertex 170.743 -49.3011 1.6
      vertex 170.233 -49.3706 1.6
      vertex 170.588 -49.0892 1.6
    endloop
  endfacet
  facet normal -0 0 -1
    outer loop
      vertex 170.588 -49.0892 1.6
      vertex 170.233 -49.3706 1.6
      vertex 170.336 -48.957 1.6
    endloop
  endfacet
  facet normal 0 0 -1
    outer loop
      vertex 169.998 -49.2926 1.6
      vertex 170.336 -48.957 1.6
      vertex 170.233 -49.3706 1.6
    endloop
  endfacet
  facet normal 0 0 -1
    outer loop
      vertex 169.998 -49.2926 1.6
      vertex 169.994 -48.9129 1.6
      vertex 170.336 -48.957 1.6
    endloop
  endfacet
  facet normal 0 0 -1
    outer loop
      vertex 169.863 -49.3132 1.6
      vertex 169.994 -48.9129 1.6
      vertex 169.998 -49.2926 1.6
    endloop
  endfacet
  facet normal 0 0 -1
    outer loop
      vertex 169.674 -48.9565 1.6
      vertex 169.863 -49.3132 1.6
      vertex 169.765 -49.3749 1.6
    endloop
  endfacet
  facet normal 0 0 -1
    outer loop
      vertex 169.429 -49.0875 1.6
      vertex 169.765 -49.3749 1.6
      vertex 169.698 -49.4776 1.6
    endloop
  endfacet
  facet normal 0 0 -1
    outer loop
      vertex 169.863 -49.3132 1.6
      vertex 169.674 -48.9565 1.6
      vertex 169.994 -48.9129 1.6
    endloop
  endfacet
  facet normal 0 0 -1
    outer loop
      vertex 169.263 -49.3015 1.6
      vertex 169.698 -49.4776 1.6
      vertex 169.66 -49.6215 1.6
    endloop
  endfacet
  facet normal 0 0 -1
    outer loop
      vertex 169.765 -49.3749 1.6
      vertex 169.429 -49.0875 1.6
      vertex 169.674 -48.9565 1.6
    endloop
  endfacet
  facet normal 0 0 -1
    outer loop
      vertex 169.698 -49.4776 1.6
      vertex 169.263 -49.3015 1.6
      vertex 169.429 -49.0875 1.6
    endloop
  endfacet
  facet normal 0 -0 -1
    outer loop
      vertex 169.263 -49.3015 1.6
      vertex 169.66 -49.6215 1.6
      vertex 169.181 -49.5944 1.6
    endloop
  endfacet
  facet normal 0 0 -1
    outer loop
      vertex 166.401 -50.6777 1.6
      vertex 166.876 -50.5084 1.6
      vertex 166.887 -50.6489 1.6
    endloop
  endfacet
  facet normal 0 0 -1
    outer loop
      vertex 166.401 -50.6777 1.6
      vertex 166.887 -50.6489 1.6
      vertex 166.822 -50.9585 1.6
    endloop
  endfacet
  facet normal 0 0 -1
    outer loop
      vertex 166.876 -50.5084 1.6
      vertex 166.401 -50.6777 1.6
      vertex 166.386 -50.5849 1.6
    endloop
  endfacet
  facet normal -0 0 -1
    outer loop
      vertex 166.876 -50.5084 1.6
      vertex 166.386 -50.5849 1.6
      vertex 166.841 -50.3853 1.6
    endloop
  endfacet
  facet normal 0 0 -1
    outer loop
      vertex 166.27 -50.9167 1.6
      vertex 166.822 -50.9585 1.6
      vertex 166.627 -51.1855 1.6
    endloop
  endfacet
  facet normal -0 0 -1
    outer loop
      vertex 166.841 -50.3853 1.6
      vertex 166.386 -50.5849 1.6
      vertex 166.786 -50.2789 1.6
    endloop
  endfacet
  facet normal 0 0 -1
    outer loop
      vertex 166.34 -50.5099 1.6
      vertex 166.786 -50.2789 1.6
      vertex 166.386 -50.5849 1.6
    endloop
  endfacet
  facet normal -0 0 -1
    outer loop
      vertex 166.786 -50.2789 1.6
      vertex 166.34 -50.5099 1.6
      vertex 166.709 -50.1886 1.6
    endloop
  endfacet
  facet normal 0 0 -1
    outer loop
      vertex 166.27 -50.9167 1.6
      vertex 166.627 -51.1855 1.6
      vertex 166.306 -51.3247 1.6
    endloop
  endfacet
  facet normal 0 0 -1
    outer loop
      vertex 166.822 -50.9585 1.6
      vertex 166.27 -50.9167 1.6
      vertex 166.401 -50.6777 1.6
    endloop
  endfacet
  facet normal 0 0 -1
    outer loop
      vertex 166.306 -51.3247 1.6
      vertex 165.877 -50.9964 1.6
      vertex 166.27 -50.9167 1.6
    endloop
  endfacet
  facet normal 0 0 -1
    outer loop
      vertex 165.863 -51.3711 1.6
      vertex 165.877 -50.9964 1.6
      vertex 166.306 -51.3247 1.6
    endloop
  endfacet
  facet normal 0 0 -1
    outer loop
      vertex 165.863 -51.3711 1.6
      vertex 165.652 -50.975 1.6
      vertex 165.877 -50.9964 1.6
    endloop
  endfacet
  facet normal 0 0 -1
    outer loop
      vertex 165.453 -51.3304 1.6
      vertex 165.652 -50.975 1.6
      vertex 165.863 -51.3711 1.6
    endloop
  endfacet
  facet normal -0 0 -1
    outer loop
      vertex 165.652 -50.975 1.6
      vertex 165.453 -51.3304 1.6
      vertex 165.482 -50.9108 1.6
    endloop
  endfacet
  facet normal 0 0 -1
    outer loop
      vertex 165.143 -51.2083 1.6
      vertex 165.482 -50.9108 1.6
      vertex 165.453 -51.3304 1.6
    endloop
  endfacet
  facet normal -0 0 -1
    outer loop
      vertex 165.482 -50.9108 1.6
      vertex 165.143 -51.2083 1.6
      vertex 165.363 -50.7991 1.6
    endloop
  endfacet
  facet normal 0 0 -1
    outer loop
      vertex 164.928 -51.0036 1.6
      vertex 165.363 -50.7991 1.6
      vertex 165.143 -51.2083 1.6
    endloop
  endfacet
  facet normal -0 0 -1
    outer loop
      vertex 165.363 -50.7991 1.6
      vertex 164.928 -51.0036 1.6
      vertex 165.29 -50.6353 1.6
    endloop
  endfacet
  facet normal 0 0 -1
    outer loop
      vertex 165.29 -50.6353 1.6
      vertex 164.928 -51.0036 1.6
      vertex 164.807 -50.715 1.6
    endloop
  endfacet
  facet normal -0 0 -1
    outer loop
      vertex 166.709 -50.1886 1.6
      vertex 166.34 -50.5099 1.6
      vertex 166.607 -50.1115 1.6
    endloop
  endfacet
  facet normal 0 0 -1
    outer loop
      vertex 166.268 -50.4493 1.6
      vertex 166.607 -50.1115 1.6
      vertex 166.34 -50.5099 1.6
    endloop
  endfacet
  facet normal -0 0 -1
    outer loop
      vertex 166.607 -50.1115 1.6
      vertex 166.268 -50.4493 1.6
      vertex 166.474 -50.0445 1.6
    endloop
  endfacet
  facet normal 0 0 -1
    outer loop
      vertex 166.171 -50.3997 1.6
      vertex 166.474 -50.0445 1.6
      vertex 166.268 -50.4493 1.6
    endloop
  endfacet
  facet normal -0 0 -1
    outer loop
      vertex 166.474 -50.0445 1.6
      vertex 166.171 -50.3997 1.6
      vertex 166.277 -49.9799 1.6
    endloop
  endfacet
  facet normal 0 0 -1
    outer loop
      vertex 166.011 -50.3509 1.6
      vertex 166.277 -49.9799 1.6
      vertex 166.171 -50.3997 1.6
    endloop
  endfacet
  facet normal 0 0 -1
    outer loop
      vertex 166.011 -50.3509 1.6
      vertex 165.982 -49.9097 1.6
      vertex 166.277 -49.9799 1.6
    endloop
  endfacet
  facet normal 0 0 -1
    outer loop
      vertex 165.751 -50.2928 1.6
      vertex 165.982 -49.9097 1.6
      vertex 166.011 -50.3509 1.6
    endloop
  endfacet
  facet normal 0 0 -1
    outer loop
      vertex 165.751 -50.2928 1.6
      vertex 165.741 -49.8523 1.6
      vertex 165.982 -49.9097 1.6
    endloop
  endfacet
  facet normal 0 0 -1
    outer loop
      vertex 165.524 -50.2363 1.6
      vertex 165.741 -49.8523 1.6
      vertex 165.751 -50.2928 1.6
    endloop
  endfacet
  facet normal -0 0 -1
    outer loop
      vertex 165.741 -49.8523 1.6
      vertex 165.524 -50.2363 1.6
      vertex 165.597 -49.8055 1.6
    endloop
  endfacet
  facet normal 0 0 -1
    outer loop
      vertex 165.378 -50.192 1.6
      vertex 165.597 -49.8055 1.6
      vertex 165.524 -50.2363 1.6
    endloop
  endfacet
  facet normal -0 0 -1
    outer loop
      vertex 165.597 -49.8055 1.6
      vertex 165.378 -50.192 1.6
      vertex 165.514 -49.7595 1.6
    endloop
  endfacet
  facet normal 0 0 -1
    outer loop
      vertex 165.278 -50.1505 1.6
      vertex 165.514 -49.7595 1.6
      vertex 165.378 -50.192 1.6
    endloop
  endfacet
  facet normal -0 0 -1
    outer loop
      vertex 165.514 -49.7595 1.6
      vertex 165.189 -50.1022 1.6
      vertex 165.454 -49.7046 1.6
    endloop
  endfacet
  facet normal 0 0 -1
    outer loop
      vertex 165.189 -50.1022 1.6
      vertex 165.514 -49.7595 1.6
      vertex 165.278 -50.1505 1.6
    endloop
  endfacet
  facet normal 0 0 -1
    outer loop
      vertex 166.34 -49.5775 1.6
      vertex 166.72 -49.2363 1.6
      vertex 166.825 -49.5113 1.6
    endloop
  endfacet
  facet normal 0 0 -1
    outer loop
      vertex 166.72 -49.2363 1.6
      vertex 166.34 -49.5775 1.6
      vertex 166.283 -49.4423 1.6
    endloop
  endfacet
  facet normal -0 0 -1
    outer loop
      vertex 166.72 -49.2363 1.6
      vertex 166.283 -49.4423 1.6
      vertex 166.537 -49.0519 1.6
    endloop
  endfacet
  facet normal 0 0 -1
    outer loop
      vertex 166.188 -49.3452 1.6
      vertex 166.537 -49.0519 1.6
      vertex 166.283 -49.4423 1.6
    endloop
  endfacet
  facet normal -0 0 -1
    outer loop
      vertex 166.537 -49.0519 1.6
      vertex 166.188 -49.3452 1.6
      vertex 166.259 -48.9476 1.6
    endloop
  endfacet
  facet normal 0 0 -1
    outer loop
      vertex 166.049 -49.2867 1.6
      vertex 166.259 -48.9476 1.6
      vertex 166.188 -49.3452 1.6
    endloop
  endfacet
  facet normal 0 0 -1
    outer loop
      vertex 166.049 -49.2867 1.6
      vertex 165.87 -48.9129 1.6
      vertex 166.259 -48.9476 1.6
    endloop
  endfacet
  facet normal 0 0 -1
    outer loop
      vertex 165.86 -49.2672 1.6
      vertex 165.87 -48.9129 1.6
      vertex 166.049 -49.2867 1.6
    endloop
  endfacet
  facet normal 0 0 -1
    outer loop
      vertex 165.461 -48.9559 1.6
      vertex 165.86 -49.2672 1.6
      vertex 165.519 -49.3384 1.6
    endloop
  endfacet
  facet normal 0 0 -1
    outer loop
      vertex 165.86 -49.2672 1.6
      vertex 165.461 -48.9559 1.6
      vertex 165.87 -48.9129 1.6
    endloop
  endfacet
  facet normal 0 0 -1
    outer loop
      vertex 165.162 -49.085 1.6
      vertex 165.519 -49.3384 1.6
      vertex 165.406 -49.552 1.6
    endloop
  endfacet
  facet normal 0 0 -1
    outer loop
      vertex 165.11 -50.0452 1.6
      vertex 165.454 -49.7046 1.6
      vertex 165.189 -50.1022 1.6
    endloop
  endfacet
  facet normal 0 0 -1
    outer loop
      vertex 165.044 -49.9775 1.6
      vertex 165.454 -49.7046 1.6
      vertex 165.11 -50.0452 1.6
    endloop
  endfacet
  facet normal 0 0 -1
    outer loop
      vertex 164.992 -49.8983 1.6
      vertex 165.454 -49.7046 1.6
      vertex 165.044 -49.9775 1.6
    endloop
  endfacet
  facet normal 0 0 -1
    outer loop
      vertex 165.519 -49.3384 1.6
      vertex 165.162 -49.085 1.6
      vertex 165.461 -48.9559 1.6
    endloop
  endfacet
  facet normal -0 0 -1
    outer loop
      vertex 165.454 -49.7046 1.6
      vertex 164.992 -49.8983 1.6
      vertex 165.418 -49.6368 1.6
    endloop
  endfacet
  facet normal 0 0 -1
    outer loop
      vertex 164.952 -49.8063 1.6
      vertex 165.418 -49.6368 1.6
      vertex 164.992 -49.8983 1.6
    endloop
  endfacet
  facet normal 0 0 -1
    outer loop
      vertex 164.927 -49.7008 1.6
      vertex 165.418 -49.6368 1.6
      vertex 164.952 -49.8063 1.6
    endloop
  endfacet
  facet normal 0 -0 -1
    outer loop
      vertex 164.98 -49.295 1.6
      vertex 165.406 -49.552 1.6
      vertex 164.919 -49.5808 1.6
    endloop
  endfacet
  facet normal -0 0 -1
    outer loop
      vertex 165.418 -49.6368 1.6
      vertex 164.927 -49.7008 1.6
      vertex 165.406 -49.552 1.6
    endloop
  endfacet
  facet normal 0 0 -1
    outer loop
      vertex 165.406 -49.552 1.6
      vertex 164.927 -49.7008 1.6
      vertex 164.919 -49.5808 1.6
    endloop
  endfacet
  facet normal 0 0 -1
    outer loop
      vertex 165.406 -49.552 1.6
      vertex 164.98 -49.295 1.6
      vertex 165.162 -49.085 1.6
    endloop
  endfacet
  facet normal 0 0 -1
    outer loop
      vertex 160.606 -51.3372 1.6
      vertex 161.107 -50.4607 1.6
      vertex 161.107 -51.3372 1.6
    endloop
  endfacet
  facet normal -0 0 -1
    outer loop
      vertex 161.107 -50.4607 1.6
      vertex 160.606 -51.3372 1.6
      vertex 161.107 -50.0742 1.6
    endloop
  endfacet
  facet normal 0 0 -1
    outer loop
      vertex 160.606 -48.9485 1.6
      vertex 161.107 -50.0742 1.6
      vertex 160.606 -51.3372 1.6
    endloop
  endfacet
  facet normal 0 0 -1
    outer loop
      vertex 161.107 -50.4607 1.6
      vertex 162.329 -50.0742 1.6
      vertex 162.329 -50.4607 1.6
    endloop
  endfacet
  facet normal -0 0 -1
    outer loop
      vertex 162.329 -50.0742 1.6
      vertex 161.107 -50.4607 1.6
      vertex 161.107 -50.0742 1.6
    endloop
  endfacet
  facet normal 0 0 -1
    outer loop
      vertex 161.107 -49.335 1.6
      vertex 162.368 -48.9485 1.6
      vertex 162.368 -49.335 1.6
    endloop
  endfacet
  facet normal 0 0 -1
    outer loop
      vertex 161.107 -49.335 1.6
      vertex 160.606 -48.9485 1.6
      vertex 162.368 -48.9485 1.6
    endloop
  endfacet
  facet normal 0 0 -1
    outer loop
      vertex 161.107 -50.0742 1.6
      vertex 160.606 -48.9485 1.6
      vertex 161.107 -49.335 1.6
    endloop
  endfacet
  facet normal 0 0 -1
    outer loop
      vertex 163.967 -50.7269 1.6
      vertex 163.169 -50.3505 1.6
      vertex 163.855 -50.3505 1.6
    endloop
  endfacet
  facet normal 0 -0 -1
    outer loop
      vertex 163.169 -50.3505 1.6
      vertex 163.967 -50.7269 1.6
      vertex 163.057 -50.7269 1.6
    endloop
  endfacet
  facet normal 0 0 -1
    outer loop
      vertex 163.967 -50.7269 1.6
      vertex 164.674 -51.3372 1.6
      vertex 164.179 -51.3372 1.6
    endloop
  endfacet
  facet normal 0 0 -1
    outer loop
      vertex 163.855 -50.3505 1.6
      vertex 164.674 -51.3372 1.6
      vertex 163.967 -50.7269 1.6
    endloop
  endfacet
  facet normal 0 0 -1
    outer loop
      vertex 163.855 -50.3505 1.6
      vertex 163.806 -48.9485 1.6
      vertex 164.674 -51.3372 1.6
    endloop
  endfacet
  facet normal 0 0 -1
    outer loop
      vertex 163.62 -49.6639 1.6
      vertex 163.806 -48.9485 1.6
      vertex 163.855 -50.3505 1.6
    endloop
  endfacet
  facet normal 0 0 -1
    outer loop
      vertex 163.547 -49.4334 1.6
      vertex 163.806 -48.9485 1.6
      vertex 163.62 -49.6639 1.6
    endloop
  endfacet
  facet normal 0 0 -1
    outer loop
      vertex 163.511 -49.3164 1.6
      vertex 163.806 -48.9485 1.6
      vertex 163.547 -49.4334 1.6
    endloop
  endfacet
  facet normal 0 0 -1
    outer loop
      vertex 163.216 -48.9485 1.6
      vertex 163.501 -49.3537 1.6
      vertex 163.482 -49.4189 1.6
    endloop
  endfacet
  facet normal 0 0 -1
    outer loop
      vertex 163.216 -48.9485 1.6
      vertex 163.482 -49.4189 1.6
      vertex 163.46 -49.4927 1.6
    endloop
  endfacet
  facet normal 0 0 -1
    outer loop
      vertex 163.216 -48.9485 1.6
      vertex 163.46 -49.4927 1.6
      vertex 163.376 -49.7461 1.6
    endloop
  endfacet
  facet normal 0 0 -1
    outer loop
      vertex 163.511 -49.3164 1.6
      vertex 163.216 -48.9485 1.6
      vertex 163.806 -48.9485 1.6
    endloop
  endfacet
  facet normal 0 0 -1
    outer loop
      vertex 163.501 -49.3537 1.6
      vertex 163.216 -48.9485 1.6
      vertex 163.511 -49.3164 1.6
    endloop
  endfacet
  facet normal 0 0 -1
    outer loop
      vertex 163.169 -50.3505 1.6
      vertex 163.216 -48.9485 1.6
      vertex 163.376 -49.7461 1.6
    endloop
  endfacet
  facet normal 0 0 -1
    outer loop
      vertex 162.345 -51.3372 1.6
      vertex 163.169 -50.3505 1.6
      vertex 163.057 -50.7269 1.6
    endloop
  endfacet
  facet normal 0 0 -1
    outer loop
      vertex 162.345 -51.3372 1.6
      vertex 163.057 -50.7269 1.6
      vertex 162.845 -51.3372 1.6
    endloop
  endfacet
  facet normal -0 0 -1
    outer loop
      vertex 163.169 -50.3505 1.6
      vertex 162.345 -51.3372 1.6
      vertex 163.216 -48.9485 1.6
    endloop
  endfacet
  facet normal 0 0 -1
    outer loop
      vertex 168.279 -51.3372 1.6
      vertex 167.779 -51.3372 1.6
      vertex 168.279 -49.335 1.6
    endloop
  endfacet
  facet normal 0 0 -1
    outer loop
      vertex 168.279 -49.335 1.6
      vertex 169.052 -48.9485 1.6
      vertex 169.052 -49.335 1.6
    endloop
  endfacet
  facet normal 0 0 -1
    outer loop
      vertex 167.779 -49.335 1.6
      vertex 168.279 -49.335 1.6
      vertex 167.779 -51.3372 1.6
    endloop
  endfacet
  facet normal 0 0 -1
    outer loop
      vertex 167.779 -49.335 1.6
      vertex 169.052 -48.9485 1.6
      vertex 168.279 -49.335 1.6
    endloop
  endfacet
  facet normal 0 0 -1
    outer loop
      vertex 167.008 -48.9485 1.6
      vertex 167.779 -49.335 1.6
      vertex 167.008 -49.335 1.6
    endloop
  endfacet
  facet normal 0 0 -1
    outer loop
      vertex 167.779 -49.335 1.6
      vertex 167.008 -48.9485 1.6
      vertex 169.052 -48.9485 1.6
    endloop
  endfacet
  facet normal 0 0 1
    outer loop
      vertex 166.283 -49.4423 2
      vertex 166.72 -49.2363 2
      vertex 166.537 -49.0519 2
    endloop
  endfacet
  facet normal 0 -0 1
    outer loop
      vertex 166.34 -49.5775 2
      vertex 166.72 -49.2363 2
      vertex 166.283 -49.4423 2
    endloop
  endfacet
  facet normal 0 0 1
    outer loop
      vertex 166.72 -49.2363 2
      vertex 166.34 -49.5775 2
      vertex 166.825 -49.5113 2
    endloop
  endfacet
  facet normal 0 0 1
    outer loop
      vertex 166.188 -49.3452 2
      vertex 166.537 -49.0519 2
      vertex 166.259 -48.9476 2
    endloop
  endfacet
  facet normal 0 0 1
    outer loop
      vertex 166.537 -49.0519 2
      vertex 166.188 -49.3452 2
      vertex 166.283 -49.4423 2
    endloop
  endfacet
  facet normal 0 0 1
    outer loop
      vertex 166.259 -48.9476 2
      vertex 166.049 -49.2867 2
      vertex 166.188 -49.3452 2
    endloop
  endfacet
  facet normal 0 0 1
    outer loop
      vertex 165.87 -48.9129 2
      vertex 166.049 -49.2867 2
      vertex 166.259 -48.9476 2
    endloop
  endfacet
  facet normal 0 0 1
    outer loop
      vertex 165.87 -48.9129 2
      vertex 165.86 -49.2672 2
      vertex 166.049 -49.2867 2
    endloop
  endfacet
  facet normal -0 0 1
    outer loop
      vertex 165.461 -48.9559 2
      vertex 165.86 -49.2672 2
      vertex 165.87 -48.9129 2
    endloop
  endfacet
  facet normal 0 0 1
    outer loop
      vertex 165.86 -49.2672 2
      vertex 165.461 -48.9559 2
      vertex 165.519 -49.3384 2
    endloop
  endfacet
  facet normal -0 0 1
    outer loop
      vertex 165.162 -49.085 2
      vertex 165.519 -49.3384 2
      vertex 165.461 -48.9559 2
    endloop
  endfacet
  facet normal 0 0 1
    outer loop
      vertex 165.514 -49.7595 2
      vertex 165.278 -50.1505 2
      vertex 165.378 -50.192 2
    endloop
  endfacet
  facet normal 0 0 1
    outer loop
      vertex 165.519 -49.3384 2
      vertex 165.162 -49.085 2
      vertex 165.406 -49.552 2
    endloop
  endfacet
  facet normal -0 0 1
    outer loop
      vertex 164.98 -49.295 2
      vertex 165.406 -49.552 2
      vertex 165.162 -49.085 2
    endloop
  endfacet
  facet normal 0 -0 1
    outer loop
      vertex 164.927 -49.7008 2
      vertex 165.406 -49.552 2
      vertex 164.919 -49.5808 2
    endloop
  endfacet
  facet normal 0 0 1
    outer loop
      vertex 165.418 -49.6368 2
      vertex 165.189 -50.1022 2
      vertex 165.278 -50.1505 2
    endloop
  endfacet
  facet normal 0 0 1
    outer loop
      vertex 165.418 -49.6368 2
      vertex 164.927 -49.7008 2
      vertex 164.952 -49.8063 2
    endloop
  endfacet
  facet normal 0 0 1
    outer loop
      vertex 165.418 -49.6368 2
      vertex 164.952 -49.8063 2
      vertex 164.992 -49.8983 2
    endloop
  endfacet
  facet normal 0 0 1
    outer loop
      vertex 165.406 -49.552 2
      vertex 164.98 -49.295 2
      vertex 164.919 -49.5808 2
    endloop
  endfacet
  facet normal 0 0 1
    outer loop
      vertex 165.418 -49.6368 2
      vertex 165.11 -50.0452 2
      vertex 165.189 -50.1022 2
    endloop
  endfacet
  facet normal 0 0 1
    outer loop
      vertex 165.418 -49.6368 2
      vertex 164.992 -49.8983 2
      vertex 165.044 -49.9775 2
    endloop
  endfacet
  facet normal 0 0 1
    outer loop
      vertex 165.418 -49.6368 2
      vertex 165.044 -49.9775 2
      vertex 165.11 -50.0452 2
    endloop
  endfacet
  facet normal 0 0 1
    outer loop
      vertex 166.876 -50.5084 2
      vertex 166.386 -50.5849 2
      vertex 166.401 -50.6777 2
    endloop
  endfacet
  facet normal 0 0 1
    outer loop
      vertex 166.607 -50.1115 2
      vertex 166.34 -50.5099 2
      vertex 166.386 -50.5849 2
    endloop
  endfacet
  facet normal 0 0 1
    outer loop
      vertex 166.171 -50.3997 2
      vertex 166.474 -50.0445 2
      vertex 166.277 -49.9799 2
    endloop
  endfacet
  facet normal 0 0 1
    outer loop
      vertex 166.607 -50.1115 2
      vertex 166.268 -50.4493 2
      vertex 166.34 -50.5099 2
    endloop
  endfacet
  facet normal 0 0 1
    outer loop
      vertex 166.474 -50.0445 2
      vertex 166.171 -50.3997 2
      vertex 166.268 -50.4493 2
    endloop
  endfacet
  facet normal 0 0 1
    outer loop
      vertex 166.277 -49.9799 2
      vertex 166.011 -50.3509 2
      vertex 166.171 -50.3997 2
    endloop
  endfacet
  facet normal 0 0 1
    outer loop
      vertex 165.982 -49.9097 2
      vertex 166.011 -50.3509 2
      vertex 166.277 -49.9799 2
    endloop
  endfacet
  facet normal 0 0 1
    outer loop
      vertex 165.982 -49.9097 2
      vertex 165.751 -50.2928 2
      vertex 166.011 -50.3509 2
    endloop
  endfacet
  facet normal 0 0 1
    outer loop
      vertex 165.741 -49.8523 2
      vertex 165.751 -50.2928 2
      vertex 165.982 -49.9097 2
    endloop
  endfacet
  facet normal 0 0 1
    outer loop
      vertex 165.524 -50.2363 2
      vertex 165.741 -49.8523 2
      vertex 165.597 -49.8055 2
    endloop
  endfacet
  facet normal 0 0 1
    outer loop
      vertex 165.741 -49.8523 2
      vertex 165.524 -50.2363 2
      vertex 165.751 -50.2928 2
    endloop
  endfacet
  facet normal 0 0 1
    outer loop
      vertex 165.378 -50.192 2
      vertex 165.597 -49.8055 2
      vertex 165.514 -49.7595 2
    endloop
  endfacet
  facet normal 0 0 1
    outer loop
      vertex 165.278 -50.1505 2
      vertex 165.514 -49.7595 2
      vertex 165.454 -49.7046 2
    endloop
  endfacet
  facet normal 0 0 1
    outer loop
      vertex 165.278 -50.1505 2
      vertex 165.454 -49.7046 2
      vertex 165.418 -49.6368 2
    endloop
  endfacet
  facet normal 0 0 1
    outer loop
      vertex 165.597 -49.8055 2
      vertex 165.378 -50.192 2
      vertex 165.524 -50.2363 2
    endloop
  endfacet
  facet normal 0 0 1
    outer loop
      vertex 164.927 -49.7008 2
      vertex 165.418 -49.6368 2
      vertex 165.406 -49.552 2
    endloop
  endfacet
  facet normal 0 0 1
    outer loop
      vertex 166.386 -50.5849 2
      vertex 166.876 -50.5084 2
      vertex 166.841 -50.3853 2
    endloop
  endfacet
  facet normal 0 0 1
    outer loop
      vertex 166.876 -50.5084 2
      vertex 166.401 -50.6777 2
      vertex 166.887 -50.6489 2
    endloop
  endfacet
  facet normal 0 0 1
    outer loop
      vertex 166.386 -50.5849 2
      vertex 166.841 -50.3853 2
      vertex 166.786 -50.2789 2
    endloop
  endfacet
  facet normal 0 0 1
    outer loop
      vertex 166.386 -50.5849 2
      vertex 166.786 -50.2789 2
      vertex 166.709 -50.1886 2
    endloop
  endfacet
  facet normal 0 0 1
    outer loop
      vertex 166.887 -50.6489 2
      vertex 166.401 -50.6777 2
      vertex 166.822 -50.9585 2
    endloop
  endfacet
  facet normal 0 0 1
    outer loop
      vertex 166.386 -50.5849 2
      vertex 166.709 -50.1886 2
      vertex 166.607 -50.1115 2
    endloop
  endfacet
  facet normal 0 0 1
    outer loop
      vertex 166.268 -50.4493 2
      vertex 166.607 -50.1115 2
      vertex 166.474 -50.0445 2
    endloop
  endfacet
  facet normal -0 0 1
    outer loop
      vertex 166.27 -50.9167 2
      vertex 166.822 -50.9585 2
      vertex 166.401 -50.6777 2
    endloop
  endfacet
  facet normal 0 0 1
    outer loop
      vertex 166.822 -50.9585 2
      vertex 166.27 -50.9167 2
      vertex 166.627 -51.1855 2
    endloop
  endfacet
  facet normal 0 0 1
    outer loop
      vertex 166.627 -51.1855 2
      vertex 166.27 -50.9167 2
      vertex 166.306 -51.3247 2
    endloop
  endfacet
  facet normal -0 0 1
    outer loop
      vertex 165.877 -50.9964 2
      vertex 166.306 -51.3247 2
      vertex 166.27 -50.9167 2
    endloop
  endfacet
  facet normal 0 0 1
    outer loop
      vertex 165.877 -50.9964 2
      vertex 165.863 -51.3711 2
      vertex 166.306 -51.3247 2
    endloop
  endfacet
  facet normal 0 0 1
    outer loop
      vertex 165.652 -50.975 2
      vertex 165.863 -51.3711 2
      vertex 165.877 -50.9964 2
    endloop
  endfacet
  facet normal 0 0 1
    outer loop
      vertex 165.453 -51.3304 2
      vertex 165.652 -50.975 2
      vertex 165.482 -50.9108 2
    endloop
  endfacet
  facet normal 0 0 1
    outer loop
      vertex 165.652 -50.975 2
      vertex 165.453 -51.3304 2
      vertex 165.863 -51.3711 2
    endloop
  endfacet
  facet normal 0 0 1
    outer loop
      vertex 165.143 -51.2083 2
      vertex 165.482 -50.9108 2
      vertex 165.363 -50.7991 2
    endloop
  endfacet
  facet normal 0 0 1
    outer loop
      vertex 164.928 -51.0036 2
      vertex 165.363 -50.7991 2
      vertex 165.29 -50.6353 2
    endloop
  endfacet
  facet normal 0 0 1
    outer loop
      vertex 165.482 -50.9108 2
      vertex 165.143 -51.2083 2
      vertex 165.453 -51.3304 2
    endloop
  endfacet
  facet normal 0 0 1
    outer loop
      vertex 165.363 -50.7991 2
      vertex 164.928 -51.0036 2
      vertex 165.143 -51.2083 2
    endloop
  endfacet
  facet normal 0 -0 1
    outer loop
      vertex 164.928 -51.0036 2
      vertex 165.29 -50.6353 2
      vertex 164.807 -50.715 2
    endloop
  endfacet
  facet normal 0 0 1
    outer loop
      vertex 170.311 -49.6046 2
      vertex 170.795 -49.5842 2
      vertex 170.743 -49.3011 2
    endloop
  endfacet
  facet normal 0 0 1
    outer loop
      vertex 170.795 -49.5842 2
      vertex 170.311 -49.6046 2
      vertex 170.778 -49.744 2
    endloop
  endfacet
  facet normal -0 0 1
    outer loop
      vertex 170.286 -49.733 2
      vertex 170.778 -49.744 2
      vertex 170.311 -49.6046 2
    endloop
  endfacet
  facet normal 0 0 1
    outer loop
      vertex 170.233 -49.3706 2
      vertex 170.743 -49.3011 2
      vertex 170.588 -49.0892 2
    endloop
  endfacet
  facet normal 0 0 1
    outer loop
      vertex 170.778 -49.744 2
      vertex 170.286 -49.733 2
      vertex 170.729 -49.8877 2
    endloop
  endfacet
  facet normal 0 0 1
    outer loop
      vertex 170.729 -49.8877 2
      vertex 170.286 -49.733 2
      vertex 170.653 -50.018 2
    endloop
  endfacet
  facet normal 0 0 1
    outer loop
      vertex 170.233 -49.3706 2
      vertex 170.588 -49.0892 2
      vertex 170.336 -48.957 2
    endloop
  endfacet
  facet normal -0 0 1
    outer loop
      vertex 170.211 -49.864 2
      vertex 170.653 -50.018 2
      vertex 170.286 -49.733 2
    endloop
  endfacet
  facet normal 0 0 1
    outer loop
      vertex 170.653 -50.018 2
      vertex 170.211 -49.864 2
      vertex 170.559 -50.1378 2
    endloop
  endfacet
  facet normal 0 0 1
    outer loop
      vertex 170.743 -49.3011 2
      vertex 170.233 -49.3706 2
      vertex 170.311 -49.6046 2
    endloop
  endfacet
  facet normal 0 0 1
    outer loop
      vertex 170.336 -48.957 2
      vertex 169.998 -49.2926 2
      vertex 170.233 -49.3706 2
    endloop
  endfacet
  facet normal 0 0 1
    outer loop
      vertex 169.994 -48.9129 2
      vertex 169.998 -49.2926 2
      vertex 170.336 -48.957 2
    endloop
  endfacet
  facet normal 0 0 1
    outer loop
      vertex 169.994 -48.9129 2
      vertex 169.863 -49.3132 2
      vertex 169.998 -49.2926 2
    endloop
  endfacet
  facet normal -0 0 1
    outer loop
      vertex 169.674 -48.9565 2
      vertex 169.863 -49.3132 2
      vertex 169.994 -48.9129 2
    endloop
  endfacet
  facet normal 0 0 1
    outer loop
      vertex 169.863 -49.3132 2
      vertex 169.674 -48.9565 2
      vertex 169.765 -49.3749 2
    endloop
  endfacet
  facet normal -0 0 1
    outer loop
      vertex 169.429 -49.0875 2
      vertex 169.765 -49.3749 2
      vertex 169.674 -48.9565 2
    endloop
  endfacet
  facet normal 0 0 1
    outer loop
      vertex 169.765 -49.3749 2
      vertex 169.429 -49.0875 2
      vertex 169.698 -49.4776 2
    endloop
  endfacet
  facet normal -0 0 1
    outer loop
      vertex 169.263 -49.3015 2
      vertex 169.698 -49.4776 2
      vertex 169.429 -49.0875 2
    endloop
  endfacet
  facet normal 0 0 1
    outer loop
      vertex 169.698 -49.4776 2
      vertex 169.263 -49.3015 2
      vertex 169.66 -49.6215 2
    endloop
  endfacet
  facet normal 0 0 1
    outer loop
      vertex 169.66 -49.6215 2
      vertex 169.263 -49.3015 2
      vertex 169.181 -49.5944 2
    endloop
  endfacet
  facet normal 0 0 1
    outer loop
      vertex 170.559 -50.1378 2
      vertex 170.211 -49.864 2
      vertex 170.45 -50.2486 2
    endloop
  endfacet
  facet normal -0 0 1
    outer loop
      vertex 170.072 -50.014 2
      vertex 170.45 -50.2486 2
      vertex 170.211 -49.864 2
    endloop
  endfacet
  facet normal 0 0 1
    outer loop
      vertex 170.45 -50.2486 2
      vertex 170.072 -50.014 2
      vertex 170.329 -50.3522 2
    endloop
  endfacet
  facet normal 0 0 1
    outer loop
      vertex 170.329 -50.3522 2
      vertex 170.072 -50.014 2
      vertex 170.205 -50.451 2
    endloop
  endfacet
  facet normal -0 0 1
    outer loop
      vertex 169.859 -50.1996 2
      vertex 170.205 -50.451 2
      vertex 170.072 -50.014 2
    endloop
  endfacet
  facet normal 0 0 1
    outer loop
      vertex 170.205 -50.451 2
      vertex 169.859 -50.1996 2
      vertex 170.084 -50.5472 2
    endloop
  endfacet
  facet normal 0 0 1
    outer loop
      vertex 170.084 -50.5472 2
      vertex 169.859 -50.1996 2
      vertex 169.971 -50.6425 2
    endloop
  endfacet
  facet normal -0 0 1
    outer loop
      vertex 169.62 -50.4073 2
      vertex 169.971 -50.6425 2
      vertex 169.859 -50.1996 2
    endloop
  endfacet
  facet normal 0 0 1
    outer loop
      vertex 169.971 -50.6425 2
      vertex 169.62 -50.4073 2
      vertex 169.868 -50.7387 2
    endloop
  endfacet
  facet normal -0 0 1
    outer loop
      vertex 169.426 -50.6065 2
      vertex 169.868 -50.7387 2
      vertex 169.62 -50.4073 2
    endloop
  endfacet
  facet normal 0 0 1
    outer loop
      vertex 169.868 -50.7387 2
      vertex 169.426 -50.6065 2
      vertex 169.783 -50.8387 2
    endloop
  endfacet
  facet normal -0 0 1
    outer loop
      vertex 169.723 -50.9456 2
      vertex 170.832 -51.3372 2
      vertex 170.832 -50.9456 2
    endloop
  endfacet
  facet normal 0 0 1
    outer loop
      vertex 169.783 -50.8387 2
      vertex 169.426 -50.6065 2
      vertex 169.723 -50.9456 2
    endloop
  endfacet
  facet normal -0 0 1
    outer loop
      vertex 169.273 -50.804 2
      vertex 169.723 -50.9456 2
      vertex 169.426 -50.6065 2
    endloop
  endfacet
  facet normal 0 0 1
    outer loop
      vertex 169.16 -51.0066 2
      vertex 169.723 -50.9456 2
      vertex 169.273 -50.804 2
    endloop
  endfacet
  facet normal 0 0 1
    outer loop
      vertex 169.723 -50.9456 2
      vertex 169.16 -51.0066 2
      vertex 169.16 -51.3372 2
    endloop
  endfacet
  facet normal 0 0 1
    outer loop
      vertex 169.723 -50.9456 2
      vertex 169.16 -51.3372 2
      vertex 170.832 -51.3372 2
    endloop
  endfacet
  facet normal 0 0 1
    outer loop
      vertex 162.368 -48.9485 2
      vertex 161.107 -49.335 2
      vertex 162.368 -49.335 2
    endloop
  endfacet
  facet normal 0 0 1
    outer loop
      vertex 160.606 -48.9485 2
      vertex 161.107 -50.0742 2
      vertex 161.107 -49.335 2
    endloop
  endfacet
  facet normal 0 0 1
    outer loop
      vertex 160.606 -51.3372 2
      vertex 161.107 -50.0742 2
      vertex 160.606 -48.9485 2
    endloop
  endfacet
  facet normal -0 0 1
    outer loop
      vertex 160.606 -48.9485 2
      vertex 161.107 -49.335 2
      vertex 162.368 -48.9485 2
    endloop
  endfacet
  facet normal 0 0 1
    outer loop
      vertex 161.107 -50.0742 2
      vertex 160.606 -51.3372 2
      vertex 161.107 -50.4607 2
    endloop
  endfacet
  facet normal 0 0 1
    outer loop
      vertex 161.107 -50.4607 2
      vertex 160.606 -51.3372 2
      vertex 161.107 -51.3372 2
    endloop
  endfacet
  facet normal -0 0 1
    outer loop
      vertex 161.107 -50.0742 2
      vertex 162.329 -50.4607 2
      vertex 162.329 -50.0742 2
    endloop
  endfacet
  facet normal 0 0 1
    outer loop
      vertex 162.329 -50.4607 2
      vertex 161.107 -50.0742 2
      vertex 161.107 -50.4607 2
    endloop
  endfacet
  facet normal 0 0 1
    outer loop
      vertex 164.674 -51.3372 2
      vertex 163.967 -50.7269 2
      vertex 164.179 -51.3372 2
    endloop
  endfacet
  facet normal 0 0 1
    outer loop
      vertex 164.674 -51.3372 2
      vertex 163.855 -50.3505 2
      vertex 163.967 -50.7269 2
    endloop
  endfacet
  facet normal 0 0 1
    outer loop
      vertex 163.806 -48.9485 2
      vertex 163.855 -50.3505 2
      vertex 164.674 -51.3372 2
    endloop
  endfacet
  facet normal 0 0 1
    outer loop
      vertex 163.806 -48.9485 2
      vertex 163.62 -49.6639 2
      vertex 163.855 -50.3505 2
    endloop
  endfacet
  facet normal 0 0 1
    outer loop
      vertex 163.806 -48.9485 2
      vertex 163.547 -49.4334 2
      vertex 163.62 -49.6639 2
    endloop
  endfacet
  facet normal 0 0 1
    outer loop
      vertex 163.806 -48.9485 2
      vertex 163.511 -49.3164 2
      vertex 163.547 -49.4334 2
    endloop
  endfacet
  facet normal 0 0 1
    outer loop
      vertex 163.216 -48.9485 2
      vertex 163.501 -49.3537 2
      vertex 163.511 -49.3164 2
    endloop
  endfacet
  facet normal 0 0 1
    outer loop
      vertex 163.501 -49.3537 2
      vertex 163.216 -48.9485 2
      vertex 163.482 -49.4189 2
    endloop
  endfacet
  facet normal 0 0 1
    outer loop
      vertex 163.482 -49.4189 2
      vertex 163.216 -48.9485 2
      vertex 163.46 -49.4927 2
    endloop
  endfacet
  facet normal -0 0 1
    outer loop
      vertex 163.216 -48.9485 2
      vertex 163.511 -49.3164 2
      vertex 163.806 -48.9485 2
    endloop
  endfacet
  facet normal 0 0 1
    outer loop
      vertex 163.46 -49.4927 2
      vertex 163.216 -48.9485 2
      vertex 163.376 -49.7461 2
    endloop
  endfacet
  facet normal 0 0 1
    outer loop
      vertex 163.216 -48.9485 2
      vertex 163.169 -50.3505 2
      vertex 163.376 -49.7461 2
    endloop
  endfacet
  facet normal 0 0 1
    outer loop
      vertex 162.345 -51.3372 2
      vertex 163.169 -50.3505 2
      vertex 163.216 -48.9485 2
    endloop
  endfacet
  facet normal 0 0 1
    outer loop
      vertex 163.169 -50.3505 2
      vertex 162.345 -51.3372 2
      vertex 163.057 -50.7269 2
    endloop
  endfacet
  facet normal 0 0 1
    outer loop
      vertex 163.057 -50.7269 2
      vertex 162.345 -51.3372 2
      vertex 162.845 -51.3372 2
    endloop
  endfacet
  facet normal -0 0 1
    outer loop
      vertex 163.169 -50.3505 2
      vertex 163.967 -50.7269 2
      vertex 163.855 -50.3505 2
    endloop
  endfacet
  facet normal 0 0 1
    outer loop
      vertex 163.967 -50.7269 2
      vertex 163.169 -50.3505 2
      vertex 163.057 -50.7269 2
    endloop
  endfacet
  facet normal 0 0 1
    outer loop
      vertex 169.052 -48.9485 2
      vertex 168.279 -49.335 2
      vertex 169.052 -49.335 2
    endloop
  endfacet
  facet normal 0 0 1
    outer loop
      vertex 168.279 -49.335 2
      vertex 167.779 -49.335 2
      vertex 168.279 -51.3372 2
    endloop
  endfacet
  facet normal 0 0 1
    outer loop
      vertex 169.052 -48.9485 2
      vertex 167.779 -49.335 2
      vertex 168.279 -49.335 2
    endloop
  endfacet
  facet normal -0 0 1
    outer loop
      vertex 167.008 -48.9485 2
      vertex 167.779 -49.335 2
      vertex 169.052 -48.9485 2
    endloop
  endfacet
  facet normal 0 0 1
    outer loop
      vertex 167.779 -49.335 2
      vertex 167.008 -48.9485 2
      vertex 167.008 -49.335 2
    endloop
  endfacet
  facet normal 0 0 1
    outer loop
      vertex 168.279 -51.3372 2
      vertex 167.779 -49.335 2
      vertex 167.779 -51.3372 2
    endloop
  endfacet
  facet normal 0.397848 -0.917451 0
    outer loop
      vertex 166.306 -51.3247 1.6
      vertex 166.627 -51.1855 2
      vertex 166.306 -51.3247 2
    endloop
  endfacet
  facet normal 0.397848 -0.917451 0
    outer loop
      vertex 166.627 -51.1855 2
      vertex 166.306 -51.3247 1.6
      vertex 166.627 -51.1855 1.6
    endloop
  endfacet
  facet normal 0.758549 -0.651617 0
    outer loop
      vertex 166.627 -51.1855 2
      vertex 166.822 -50.9585 1.6
      vertex 166.822 -50.9585 2
    endloop
  endfacet
  facet normal 0.758549 -0.651617 0
    outer loop
      vertex 166.822 -50.9585 1.6
      vertex 166.627 -51.1855 2
      vertex 166.627 -51.1855 1.6
    endloop
  endfacet
  facet normal 0.978664 -0.205469 0
    outer loop
      vertex 166.822 -50.9585 2
      vertex 166.887 -50.6489 1.6
      vertex 166.887 -50.6489 2
    endloop
  endfacet
  facet normal 0.978664 -0.205469 0
    outer loop
      vertex 166.887 -50.6489 1.6
      vertex 166.822 -50.9585 2
      vertex 166.822 -50.9585 1.6
    endloop
  endfacet
  facet normal 0.996949 0.078053 0
    outer loop
      vertex 166.887 -50.6489 2
      vertex 166.876 -50.5084 1.6
      vertex 166.876 -50.5084 2
    endloop
  endfacet
  facet normal 0.996949 0.078053 0
    outer loop
      vertex 166.876 -50.5084 1.6
      vertex 166.887 -50.6489 2
      vertex 166.887 -50.6489 1.6
    endloop
  endfacet
  facet normal 0.961877 0.273482 0
    outer loop
      vertex 166.876 -50.5084 2
      vertex 166.841 -50.3853 1.6
      vertex 166.841 -50.3853 2
    endloop
  endfacet
  facet normal 0.961877 0.273482 0
    outer loop
      vertex 166.841 -50.3853 1.6
      vertex 166.876 -50.5084 2
      vertex 166.876 -50.5084 1.6
    endloop
  endfacet
  facet normal 0.888335 0.459196 0
    outer loop
      vertex 166.841 -50.3853 2
      vertex 166.786 -50.2789 1.6
      vertex 166.786 -50.2789 2
    endloop
  endfacet
  facet normal 0.888335 0.459196 0
    outer loop
      vertex 166.786 -50.2789 1.6
      vertex 166.841 -50.3853 2
      vertex 166.841 -50.3853 1.6
    endloop
  endfacet
  facet normal 0.76092 0.648846 0
    outer loop
      vertex 166.786 -50.2789 2
      vertex 166.709 -50.1886 1.6
      vertex 166.709 -50.1886 2
    endloop
  endfacet
  facet normal 0.76092 0.648846 0
    outer loop
      vertex 166.709 -50.1886 1.6
      vertex 166.786 -50.2789 2
      vertex 166.786 -50.2789 1.6
    endloop
  endfacet
  facet normal 0.602999 0.797742 -0
    outer loop
      vertex 166.709 -50.1886 1.6
      vertex 166.607 -50.1115 2
      vertex 166.709 -50.1886 2
    endloop
  endfacet
  facet normal 0.602999 0.797742 0
    outer loop
      vertex 166.607 -50.1115 2
      vertex 166.709 -50.1886 1.6
      vertex 166.607 -50.1115 1.6
    endloop
  endfacet
  facet normal 0.449898 0.89308 -0
    outer loop
      vertex 166.607 -50.1115 1.6
      vertex 166.474 -50.0445 2
      vertex 166.607 -50.1115 2
    endloop
  endfacet
  facet normal 0.449898 0.89308 0
    outer loop
      vertex 166.474 -50.0445 2
      vertex 166.607 -50.1115 1.6
      vertex 166.474 -50.0445 1.6
    endloop
  endfacet
  facet normal 0.311594 0.950215 -0
    outer loop
      vertex 166.474 -50.0445 1.6
      vertex 166.277 -49.9799 2
      vertex 166.474 -50.0445 2
    endloop
  endfacet
  facet normal 0.311594 0.950215 0
    outer loop
      vertex 166.277 -49.9799 2
      vertex 166.474 -50.0445 1.6
      vertex 166.277 -49.9799 1.6
    endloop
  endfacet
  facet normal 0.231502 0.972835 -0
    outer loop
      vertex 166.277 -49.9799 1.6
      vertex 165.982 -49.9097 2
      vertex 166.277 -49.9799 2
    endloop
  endfacet
  facet normal 0.231502 0.972835 0
    outer loop
      vertex 165.982 -49.9097 2
      vertex 166.277 -49.9799 1.6
      vertex 165.982 -49.9097 1.6
    endloop
  endfacet
  facet normal 0.231693 0.972789 -0
    outer loop
      vertex 165.982 -49.9097 1.6
      vertex 165.741 -49.8523 2
      vertex 165.982 -49.9097 2
    endloop
  endfacet
  facet normal 0.231693 0.972789 0
    outer loop
      vertex 165.741 -49.8523 2
      vertex 165.982 -49.9097 1.6
      vertex 165.741 -49.8523 1.6
    endloop
  endfacet
  facet normal 0.309086 0.951034 -0
    outer loop
      vertex 165.741 -49.8523 1.6
      vertex 165.597 -49.8055 2
      vertex 165.741 -49.8523 2
    endloop
  endfacet
  facet normal 0.309086 0.951034 0
    outer loop
      vertex 165.597 -49.8055 2
      vertex 165.741 -49.8523 1.6
      vertex 165.597 -49.8055 1.6
    endloop
  endfacet
  facet normal 0.484748 0.874654 -0
    outer loop
      vertex 165.597 -49.8055 1.6
      vertex 165.514 -49.7595 2
      vertex 165.597 -49.8055 2
    endloop
  endfacet
  facet normal 0.484748 0.874654 0
    outer loop
      vertex 165.514 -49.7595 2
      vertex 165.597 -49.8055 1.6
      vertex 165.514 -49.7595 1.6
    endloop
  endfacet
  facet normal 0.675056 0.737766 -0
    outer loop
      vertex 165.514 -49.7595 1.6
      vertex 165.454 -49.7046 2
      vertex 165.514 -49.7595 2
    endloop
  endfacet
  facet normal 0.675056 0.737766 0
    outer loop
      vertex 165.454 -49.7046 2
      vertex 165.514 -49.7595 1.6
      vertex 165.454 -49.7046 1.6
    endloop
  endfacet
  facet normal 0.883217 0.468965 0
    outer loop
      vertex 165.454 -49.7046 2
      vertex 165.418 -49.6368 1.6
      vertex 165.418 -49.6368 2
    endloop
  endfacet
  facet normal 0.883217 0.468965 0
    outer loop
      vertex 165.418 -49.6368 1.6
      vertex 165.454 -49.7046 2
      vertex 165.454 -49.7046 1.6
    endloop
  endfacet
  facet normal 0.990135 0.140114 0
    outer loop
      vertex 165.418 -49.6368 2
      vertex 165.406 -49.552 1.6
      vertex 165.406 -49.552 2
    endloop
  endfacet
  facet normal 0.990135 0.140114 0
    outer loop
      vertex 165.406 -49.552 1.6
      vertex 165.418 -49.6368 2
      vertex 165.418 -49.6368 1.6
    endloop
  endfacet
  facet normal 0.883929 -0.467622 0
    outer loop
      vertex 165.406 -49.552 2
      vertex 165.519 -49.3384 1.6
      vertex 165.519 -49.3384 2
    endloop
  endfacet
  facet normal 0.883929 -0.467622 0
    outer loop
      vertex 165.519 -49.3384 1.6
      vertex 165.406 -49.552 2
      vertex 165.406 -49.552 1.6
    endloop
  endfacet
  facet normal 0.20439 -0.97889 0
    outer loop
      vertex 165.519 -49.3384 1.6
      vertex 165.86 -49.2672 2
      vertex 165.519 -49.3384 2
    endloop
  endfacet
  facet normal 0.20439 -0.97889 0
    outer loop
      vertex 165.86 -49.2672 2
      vertex 165.519 -49.3384 1.6
      vertex 165.86 -49.2672 1.6
    endloop
  endfacet
  facet normal -0.10263 -0.99472 0
    outer loop
      vertex 165.86 -49.2672 1.6
      vertex 166.049 -49.2867 2
      vertex 165.86 -49.2672 2
    endloop
  endfacet
  facet normal -0.10263 -0.99472 -0
    outer loop
      vertex 166.049 -49.2867 2
      vertex 165.86 -49.2672 1.6
      vertex 166.049 -49.2867 1.6
    endloop
  endfacet
  facet normal -0.387909 -0.921698 0
    outer loop
      vertex 166.049 -49.2867 1.6
      vertex 166.188 -49.3452 2
      vertex 166.049 -49.2867 2
    endloop
  endfacet
  facet normal -0.387909 -0.921698 -0
    outer loop
      vertex 166.188 -49.3452 2
      vertex 166.049 -49.2867 1.6
      vertex 166.188 -49.3452 1.6
    endloop
  endfacet
  facet normal -0.714794 -0.699335 0
    outer loop
      vertex 166.283 -49.4423 1.6
      vertex 166.188 -49.3452 2
      vertex 166.188 -49.3452 1.6
    endloop
  endfacet
  facet normal -0.714794 -0.699335 0
    outer loop
      vertex 166.188 -49.3452 2
      vertex 166.283 -49.4423 1.6
      vertex 166.283 -49.4423 2
    endloop
  endfacet
  facet normal -0.921456 -0.388484 0
    outer loop
      vertex 166.34 -49.5775 1.6
      vertex 166.283 -49.4423 2
      vertex 166.283 -49.4423 1.6
    endloop
  endfacet
  facet normal -0.921456 -0.388484 0
    outer loop
      vertex 166.283 -49.4423 2
      vertex 166.34 -49.5775 1.6
      vertex 166.34 -49.5775 2
    endloop
  endfacet
  facet normal 0.135241 -0.990813 0
    outer loop
      vertex 166.34 -49.5775 1.6
      vertex 166.825 -49.5113 2
      vertex 166.34 -49.5775 2
    endloop
  endfacet
  facet normal 0.135241 -0.990813 0
    outer loop
      vertex 166.825 -49.5113 2
      vertex 166.34 -49.5775 1.6
      vertex 166.825 -49.5113 1.6
    endloop
  endfacet
  facet normal 0.934218 0.356702 0
    outer loop
      vertex 166.825 -49.5113 2
      vertex 166.72 -49.2363 1.6
      vertex 166.72 -49.2363 2
    endloop
  endfacet
  facet normal 0.934218 0.356702 0
    outer loop
      vertex 166.72 -49.2363 1.6
      vertex 166.825 -49.5113 2
      vertex 166.825 -49.5113 1.6
    endloop
  endfacet
  facet normal 0.709796 0.704407 0
    outer loop
      vertex 166.72 -49.2363 2
      vertex 166.537 -49.0519 1.6
      vertex 166.537 -49.0519 2
    endloop
  endfacet
  facet normal 0.709796 0.704407 0
    outer loop
      vertex 166.537 -49.0519 1.6
      vertex 166.72 -49.2363 2
      vertex 166.72 -49.2363 1.6
    endloop
  endfacet
  facet normal 0.351271 0.936274 -0
    outer loop
      vertex 166.537 -49.0519 1.6
      vertex 166.259 -48.9476 2
      vertex 166.537 -49.0519 2
    endloop
  endfacet
  facet normal 0.351271 0.936274 0
    outer loop
      vertex 166.259 -48.9476 2
      vertex 166.537 -49.0519 1.6
      vertex 166.259 -48.9476 1.6
    endloop
  endfacet
  facet normal 0.0888503 0.996045 -0
    outer loop
      vertex 166.259 -48.9476 1.6
      vertex 165.87 -48.9129 2
      vertex 166.259 -48.9476 2
    endloop
  endfacet
  facet normal 0.0888503 0.996045 0
    outer loop
      vertex 165.87 -48.9129 2
      vertex 166.259 -48.9476 1.6
      vertex 165.87 -48.9129 1.6
    endloop
  endfacet
  facet normal -0.104558 0.994519 0
    outer loop
      vertex 165.87 -48.9129 1.6
      vertex 165.461 -48.9559 2
      vertex 165.87 -48.9129 2
    endloop
  endfacet
  facet normal -0.104558 0.994519 0
    outer loop
      vertex 165.461 -48.9559 2
      vertex 165.87 -48.9129 1.6
      vertex 165.461 -48.9559 1.6
    endloop
  endfacet
  facet normal -0.396401 0.918078 0
    outer loop
      vertex 165.461 -48.9559 1.6
      vertex 165.162 -49.085 2
      vertex 165.461 -48.9559 2
    endloop
  endfacet
  facet normal -0.396401 0.918078 0
    outer loop
      vertex 165.162 -49.085 2
      vertex 165.461 -48.9559 1.6
      vertex 165.162 -49.085 1.6
    endloop
  endfacet
  facet normal -0.755689 0.654931 0
    outer loop
      vertex 164.98 -49.295 1.6
      vertex 165.162 -49.085 2
      vertex 165.162 -49.085 1.6
    endloop
  endfacet
  facet normal -0.755689 0.654931 0
    outer loop
      vertex 165.162 -49.085 2
      vertex 164.98 -49.295 1.6
      vertex 164.98 -49.295 2
    endloop
  endfacet
  facet normal -0.977972 0.208734 0
    outer loop
      vertex 164.919 -49.5808 1.6
      vertex 164.98 -49.295 2
      vertex 164.98 -49.295 1.6
    endloop
  endfacet
  facet normal -0.977972 0.208734 0
    outer loop
      vertex 164.98 -49.295 2
      vertex 164.919 -49.5808 1.6
      vertex 164.919 -49.5808 2
    endloop
  endfacet
  facet normal -0.997785 -0.066519 0
    outer loop
      vertex 164.927 -49.7008 1.6
      vertex 164.919 -49.5808 2
      vertex 164.919 -49.5808 1.6
    endloop
  endfacet
  facet normal -0.997785 -0.066519 0
    outer loop
      vertex 164.919 -49.5808 2
      vertex 164.927 -49.7008 1.6
      vertex 164.927 -49.7008 2
    endloop
  endfacet
  facet normal -0.973053 -0.230581 0
    outer loop
      vertex 164.952 -49.8063 1.6
      vertex 164.927 -49.7008 2
      vertex 164.927 -49.7008 1.6
    endloop
  endfacet
  facet normal -0.973053 -0.230581 0
    outer loop
      vertex 164.927 -49.7008 2
      vertex 164.952 -49.8063 1.6
      vertex 164.952 -49.8063 2
    endloop
  endfacet
  facet normal -0.91707 -0.398726 0
    outer loop
      vertex 164.992 -49.8983 1.6
      vertex 164.952 -49.8063 2
      vertex 164.952 -49.8063 1.6
    endloop
  endfacet
  facet normal -0.91707 -0.398726 0
    outer loop
      vertex 164.952 -49.8063 2
      vertex 164.992 -49.8983 1.6
      vertex 164.992 -49.8983 2
    endloop
  endfacet
  facet normal -0.835927 -0.548841 0
    outer loop
      vertex 165.044 -49.9775 1.6
      vertex 164.992 -49.8983 2
      vertex 164.992 -49.8983 1.6
    endloop
  endfacet
  facet normal -0.835927 -0.548841 0
    outer loop
      vertex 164.992 -49.8983 2
      vertex 165.044 -49.9775 1.6
      vertex 165.044 -49.9775 2
    endloop
  endfacet
  facet normal -0.71604 -0.698059 0
    outer loop
      vertex 165.11 -50.0452 1.6
      vertex 165.044 -49.9775 2
      vertex 165.044 -49.9775 1.6
    endloop
  endfacet
  facet normal -0.71604 -0.698059 0
    outer loop
      vertex 165.044 -49.9775 2
      vertex 165.11 -50.0452 1.6
      vertex 165.11 -50.0452 2
    endloop
  endfacet
  facet normal -0.585116 -0.81095 0
    outer loop
      vertex 165.11 -50.0452 1.6
      vertex 165.189 -50.1022 2
      vertex 165.11 -50.0452 2
    endloop
  endfacet
  facet normal -0.585116 -0.81095 -0
    outer loop
      vertex 165.189 -50.1022 2
      vertex 165.11 -50.0452 1.6
      vertex 165.189 -50.1022 1.6
    endloop
  endfacet
  facet normal -0.476983 -0.878913 0
    outer loop
      vertex 165.189 -50.1022 1.6
      vertex 165.278 -50.1505 2
      vertex 165.189 -50.1022 2
    endloop
  endfacet
  facet normal -0.476983 -0.878913 -0
    outer loop
      vertex 165.278 -50.1505 2
      vertex 165.189 -50.1022 1.6
      vertex 165.278 -50.1505 1.6
    endloop
  endfacet
  facet normal -0.383303 -0.923623 0
    outer loop
      vertex 165.278 -50.1505 1.6
      vertex 165.378 -50.192 2
      vertex 165.278 -50.1505 2
    endloop
  endfacet
  facet normal -0.383303 -0.923623 -0
    outer loop
      vertex 165.378 -50.192 2
      vertex 165.278 -50.1505 1.6
      vertex 165.378 -50.192 1.6
    endloop
  endfacet
  facet normal -0.290353 -0.95692 0
    outer loop
      vertex 165.378 -50.192 1.6
      vertex 165.524 -50.2363 2
      vertex 165.378 -50.192 2
    endloop
  endfacet
  facet normal -0.290353 -0.95692 -0
    outer loop
      vertex 165.524 -50.2363 2
      vertex 165.378 -50.192 1.6
      vertex 165.524 -50.2363 1.6
    endloop
  endfacet
  facet normal -0.24153 -0.970393 0
    outer loop
      vertex 165.524 -50.2363 1.6
      vertex 165.751 -50.2928 2
      vertex 165.524 -50.2363 2
    endloop
  endfacet
  facet normal -0.24153 -0.970393 -0
    outer loop
      vertex 165.751 -50.2928 2
      vertex 165.524 -50.2363 1.6
      vertex 165.751 -50.2928 1.6
    endloop
  endfacet
  facet normal -0.218083 -0.97593 0
    outer loop
      vertex 165.751 -50.2928 1.6
      vertex 166.011 -50.3509 2
      vertex 165.751 -50.2928 2
    endloop
  endfacet
  facet normal -0.218083 -0.97593 -0
    outer loop
      vertex 166.011 -50.3509 2
      vertex 165.751 -50.2928 1.6
      vertex 166.011 -50.3509 1.6
    endloop
  endfacet
  facet normal -0.291732 -0.9565 0
    outer loop
      vertex 166.011 -50.3509 1.6
      vertex 166.171 -50.3997 2
      vertex 166.011 -50.3509 2
    endloop
  endfacet
  facet normal -0.291732 -0.9565 -0
    outer loop
      vertex 166.171 -50.3997 2
      vertex 166.011 -50.3509 1.6
      vertex 166.171 -50.3997 1.6
    endloop
  endfacet
  facet normal -0.455273 -0.890352 0
    outer loop
      vertex 166.171 -50.3997 1.6
      vertex 166.268 -50.4493 2
      vertex 166.171 -50.3997 2
    endloop
  endfacet
  facet normal -0.455273 -0.890352 -0
    outer loop
      vertex 166.268 -50.4493 2
      vertex 166.171 -50.3997 1.6
      vertex 166.268 -50.4493 1.6
    endloop
  endfacet
  facet normal -0.643939 -0.765077 0
    outer loop
      vertex 166.268 -50.4493 1.6
      vertex 166.34 -50.5099 2
      vertex 166.268 -50.4493 2
    endloop
  endfacet
  facet normal -0.643939 -0.765077 -0
    outer loop
      vertex 166.34 -50.5099 2
      vertex 166.268 -50.4493 1.6
      vertex 166.34 -50.5099 1.6
    endloop
  endfacet
  facet normal -0.852438 -0.522829 0
    outer loop
      vertex 166.386 -50.5849 1.6
      vertex 166.34 -50.5099 2
      vertex 166.34 -50.5099 1.6
    endloop
  endfacet
  facet normal -0.852438 -0.522829 0
    outer loop
      vertex 166.34 -50.5099 2
      vertex 166.386 -50.5849 1.6
      vertex 166.386 -50.5849 2
    endloop
  endfacet
  facet normal -0.987187 -0.159567 0
    outer loop
      vertex 166.401 -50.6777 1.6
      vertex 166.386 -50.5849 2
      vertex 166.386 -50.5849 1.6
    endloop
  endfacet
  facet normal -0.987187 -0.159567 0
    outer loop
      vertex 166.386 -50.5849 2
      vertex 166.401 -50.6777 1.6
      vertex 166.401 -50.6777 2
    endloop
  endfacet
  facet normal -0.876912 0.480651 0
    outer loop
      vertex 166.27 -50.9167 1.6
      vertex 166.401 -50.6777 2
      vertex 166.401 -50.6777 1.6
    endloop
  endfacet
  facet normal -0.876912 0.480651 0
    outer loop
      vertex 166.401 -50.6777 2
      vertex 166.27 -50.9167 1.6
      vertex 166.27 -50.9167 2
    endloop
  endfacet
  facet normal -0.198753 0.98005 0
    outer loop
      vertex 166.27 -50.9167 1.6
      vertex 165.877 -50.9964 2
      vertex 166.27 -50.9167 2
    endloop
  endfacet
  facet normal -0.198753 0.98005 0
    outer loop
      vertex 165.877 -50.9964 2
      vertex 166.27 -50.9167 1.6
      vertex 165.877 -50.9964 1.6
    endloop
  endfacet
  facet normal 0.0946838 0.995507 -0
    outer loop
      vertex 165.877 -50.9964 1.6
      vertex 165.652 -50.975 2
      vertex 165.877 -50.9964 2
    endloop
  endfacet
  facet normal 0.0946838 0.995507 0
    outer loop
      vertex 165.652 -50.975 2
      vertex 165.877 -50.9964 1.6
      vertex 165.652 -50.975 1.6
    endloop
  endfacet
  facet normal 0.353294 0.935513 -0
    outer loop
      vertex 165.652 -50.975 1.6
      vertex 165.482 -50.9108 2
      vertex 165.652 -50.975 2
    endloop
  endfacet
  facet normal 0.353294 0.935513 0
    outer loop
      vertex 165.482 -50.9108 2
      vertex 165.652 -50.975 1.6
      vertex 165.482 -50.9108 1.6
    endloop
  endfacet
  facet normal 0.684389 0.729117 -0
    outer loop
      vertex 165.482 -50.9108 1.6
      vertex 165.363 -50.7991 2
      vertex 165.482 -50.9108 2
    endloop
  endfacet
  facet normal 0.684389 0.729117 0
    outer loop
      vertex 165.363 -50.7991 2
      vertex 165.482 -50.9108 1.6
      vertex 165.363 -50.7991 1.6
    endloop
  endfacet
  facet normal 0.913397 0.40707 0
    outer loop
      vertex 165.363 -50.7991 2
      vertex 165.29 -50.6353 1.6
      vertex 165.29 -50.6353 2
    endloop
  endfacet
  facet normal 0.913397 0.40707 0
    outer loop
      vertex 165.29 -50.6353 1.6
      vertex 165.363 -50.7991 2
      vertex 165.363 -50.7991 1.6
    endloop
  endfacet
  facet normal -0.162809 0.986658 0
    outer loop
      vertex 165.29 -50.6353 1.6
      vertex 164.807 -50.715 2
      vertex 165.29 -50.6353 2
    endloop
  endfacet
  facet normal -0.162809 0.986658 0
    outer loop
      vertex 164.807 -50.715 2
      vertex 165.29 -50.6353 1.6
      vertex 164.807 -50.715 1.6
    endloop
  endfacet
  facet normal -0.922224 -0.386657 0
    outer loop
      vertex 164.928 -51.0036 1.6
      vertex 164.807 -50.715 2
      vertex 164.807 -50.715 1.6
    endloop
  endfacet
  facet normal -0.922224 -0.386657 0
    outer loop
      vertex 164.807 -50.715 2
      vertex 164.928 -51.0036 1.6
      vertex 164.928 -51.0036 2
    endloop
  endfacet
  facet normal -0.689546 -0.724242 0
    outer loop
      vertex 164.928 -51.0036 1.6
      vertex 165.143 -51.2083 2
      vertex 164.928 -51.0036 2
    endloop
  endfacet
  facet normal -0.689546 -0.724242 -0
    outer loop
      vertex 165.143 -51.2083 2
      vertex 164.928 -51.0036 1.6
      vertex 165.143 -51.2083 1.6
    endloop
  endfacet
  facet normal -0.366469 -0.93043 0
    outer loop
      vertex 165.143 -51.2083 1.6
      vertex 165.453 -51.3304 2
      vertex 165.143 -51.2083 2
    endloop
  endfacet
  facet normal -0.366469 -0.93043 -0
    outer loop
      vertex 165.453 -51.3304 2
      vertex 165.143 -51.2083 1.6
      vertex 165.453 -51.3304 1.6
    endloop
  endfacet
  facet normal -0.0987828 -0.995109 0
    outer loop
      vertex 165.453 -51.3304 1.6
      vertex 165.863 -51.3711 2
      vertex 165.453 -51.3304 2
    endloop
  endfacet
  facet normal -0.0987828 -0.995109 -0
    outer loop
      vertex 165.863 -51.3711 2
      vertex 165.453 -51.3304 1.6
      vertex 165.863 -51.3711 1.6
    endloop
  endfacet
  facet normal 0.104171 -0.994559 0
    outer loop
      vertex 165.863 -51.3711 1.6
      vertex 166.306 -51.3247 2
      vertex 165.863 -51.3711 2
    endloop
  endfacet
  facet normal 0.104171 -0.994559 0
    outer loop
      vertex 166.306 -51.3247 2
      vertex 165.863 -51.3711 1.6
      vertex 166.306 -51.3247 1.6
    endloop
  endfacet
  facet normal 0 1 -0
    outer loop
      vertex 170.832 -50.9456 1.6
      vertex 169.723 -50.9456 2
      vertex 170.832 -50.9456 2
    endloop
  endfacet
  facet normal 0 1 0
    outer loop
      vertex 169.723 -50.9456 2
      vertex 170.832 -50.9456 1.6
      vertex 169.723 -50.9456 1.6
    endloop
  endfacet
  facet normal 0.872033 -0.489448 0
    outer loop
      vertex 169.723 -50.9456 2
      vertex 169.783 -50.8387 1.6
      vertex 169.783 -50.8387 2
    endloop
  endfacet
  facet normal 0.872033 -0.489448 0
    outer loop
      vertex 169.783 -50.8387 1.6
      vertex 169.723 -50.9456 2
      vertex 169.723 -50.9456 1.6
    endloop
  endfacet
  facet normal 0.761939 -0.647648 0
    outer loop
      vertex 169.783 -50.8387 2
      vertex 169.868 -50.7387 1.6
      vertex 169.868 -50.7387 2
    endloop
  endfacet
  facet normal 0.761939 -0.647648 0
    outer loop
      vertex 169.868 -50.7387 1.6
      vertex 169.783 -50.8387 2
      vertex 169.783 -50.8387 1.6
    endloop
  endfacet
  facet normal 0.682571 -0.730819 0
    outer loop
      vertex 169.868 -50.7387 1.6
      vertex 169.971 -50.6425 2
      vertex 169.868 -50.7387 2
    endloop
  endfacet
  facet normal 0.682571 -0.730819 0
    outer loop
      vertex 169.971 -50.6425 2
      vertex 169.868 -50.7387 1.6
      vertex 169.971 -50.6425 1.6
    endloop
  endfacet
  facet normal 0.644698 -0.764437 0
    outer loop
      vertex 169.971 -50.6425 1.6
      vertex 170.084 -50.5472 2
      vertex 169.971 -50.6425 2
    endloop
  endfacet
  facet normal 0.644698 -0.764437 0
    outer loop
      vertex 170.084 -50.5472 2
      vertex 169.971 -50.6425 1.6
      vertex 170.084 -50.5472 1.6
    endloop
  endfacet
  facet normal 0.622325 -0.782759 0
    outer loop
      vertex 170.084 -50.5472 1.6
      vertex 170.205 -50.451 2
      vertex 170.084 -50.5472 2
    endloop
  endfacet
  facet normal 0.622325 -0.782759 0
    outer loop
      vertex 170.205 -50.451 2
      vertex 170.084 -50.5472 1.6
      vertex 170.205 -50.451 1.6
    endloop
  endfacet
  facet normal 0.623155 -0.782098 0
    outer loop
      vertex 170.205 -50.451 1.6
      vertex 170.329 -50.3522 2
      vertex 170.205 -50.451 2
    endloop
  endfacet
  facet normal 0.623155 -0.782098 0
    outer loop
      vertex 170.329 -50.3522 2
      vertex 170.205 -50.451 1.6
      vertex 170.329 -50.3522 1.6
    endloop
  endfacet
  facet normal 0.650378 -0.759611 0
    outer loop
      vertex 170.329 -50.3522 1.6
      vertex 170.45 -50.2486 2
      vertex 170.329 -50.3522 2
    endloop
  endfacet
  facet normal 0.650378 -0.759611 0
    outer loop
      vertex 170.45 -50.2486 2
      vertex 170.329 -50.3522 1.6
      vertex 170.45 -50.2486 1.6
    endloop
  endfacet
  facet normal 0.712874 -0.701293 0
    outer loop
      vertex 170.45 -50.2486 2
      vertex 170.559 -50.1378 1.6
      vertex 170.559 -50.1378 2
    endloop
  endfacet
  facet normal 0.712874 -0.701293 0
    outer loop
      vertex 170.559 -50.1378 1.6
      vertex 170.45 -50.2486 2
      vertex 170.45 -50.2486 1.6
    endloop
  endfacet
  facet normal 0.786728 -0.617299 0
    outer loop
      vertex 170.559 -50.1378 2
      vertex 170.653 -50.018 1.6
      vertex 170.653 -50.018 2
    endloop
  endfacet
  facet normal 0.786728 -0.617299 0
    outer loop
      vertex 170.653 -50.018 1.6
      vertex 170.559 -50.1378 2
      vertex 170.559 -50.1378 1.6
    endloop
  endfacet
  facet normal 0.863803 -0.50383 0
    outer loop
      vertex 170.653 -50.018 2
      vertex 170.729 -49.8877 1.6
      vertex 170.729 -49.8877 2
    endloop
  endfacet
  facet normal 0.863803 -0.50383 0
    outer loop
      vertex 170.729 -49.8877 1.6
      vertex 170.653 -50.018 2
      vertex 170.653 -50.018 1.6
    endloop
  endfacet
  facet normal 0.946487 -0.322741 0
    outer loop
      vertex 170.729 -49.8877 2
      vertex 170.778 -49.744 1.6
      vertex 170.778 -49.744 2
    endloop
  endfacet
  facet normal 0.946487 -0.322741 0
    outer loop
      vertex 170.778 -49.744 1.6
      vertex 170.729 -49.8877 2
      vertex 170.729 -49.8877 1.6
    endloop
  endfacet
  facet normal 0.994389 -0.105786 0
    outer loop
      vertex 170.778 -49.744 2
      vertex 170.795 -49.5842 1.6
      vertex 170.795 -49.5842 2
    endloop
  endfacet
  facet normal 0.994389 -0.105786 0
    outer loop
      vertex 170.795 -49.5842 1.6
      vertex 170.778 -49.744 2
      vertex 170.778 -49.744 1.6
    endloop
  endfacet
  facet normal 0.983546 0.180658 0
    outer loop
      vertex 170.795 -49.5842 2
      vertex 170.743 -49.3011 1.6
      vertex 170.743 -49.3011 2
    endloop
  endfacet
  facet normal 0.983546 0.180658 0
    outer loop
      vertex 170.743 -49.3011 1.6
      vertex 170.795 -49.5842 2
      vertex 170.795 -49.5842 1.6
    endloop
  endfacet
  facet normal 0.807119 0.590389 0
    outer loop
      vertex 170.743 -49.3011 2
      vertex 170.588 -49.0892 1.6
      vertex 170.588 -49.0892 2
    endloop
  endfacet
  facet normal 0.807119 0.590389 0
    outer loop
      vertex 170.588 -49.0892 1.6
      vertex 170.743 -49.3011 2
      vertex 170.743 -49.3011 1.6
    endloop
  endfacet
  facet normal 0.464558 0.885542 -0
    outer loop
      vertex 170.588 -49.0892 1.6
      vertex 170.336 -48.957 2
      vertex 170.588 -49.0892 2
    endloop
  endfacet
  facet normal 0.464558 0.885542 0
    outer loop
      vertex 170.336 -48.957 2
      vertex 170.588 -49.0892 1.6
      vertex 170.336 -48.957 1.6
    endloop
  endfacet
  facet normal 0.127889 0.991789 -0
    outer loop
      vertex 170.336 -48.957 1.6
      vertex 169.994 -48.9129 2
      vertex 170.336 -48.957 2
    endloop
  endfacet
  facet normal 0.127889 0.991789 0
    outer loop
      vertex 169.994 -48.9129 2
      vertex 170.336 -48.957 1.6
      vertex 169.994 -48.9129 1.6
    endloop
  endfacet
  facet normal -0.135003 0.990845 0
    outer loop
      vertex 169.994 -48.9129 1.6
      vertex 169.674 -48.9565 2
      vertex 169.994 -48.9129 2
    endloop
  endfacet
  facet normal -0.135003 0.990845 0
    outer loop
      vertex 169.674 -48.9565 2
      vertex 169.994 -48.9129 1.6
      vertex 169.674 -48.9565 1.6
    endloop
  endfacet
  facet normal -0.471522 0.881854 0
    outer loop
      vertex 169.674 -48.9565 1.6
      vertex 169.429 -49.0875 2
      vertex 169.674 -48.9565 2
    endloop
  endfacet
  facet normal -0.471522 0.881854 0
    outer loop
      vertex 169.429 -49.0875 2
      vertex 169.674 -48.9565 1.6
      vertex 169.429 -49.0875 1.6
    endloop
  endfacet
  facet normal -0.790147 0.612918 0
    outer loop
      vertex 169.263 -49.3015 1.6
      vertex 169.429 -49.0875 2
      vertex 169.429 -49.0875 1.6
    endloop
  endfacet
  facet normal -0.790147 0.612918 0
    outer loop
      vertex 169.429 -49.0875 2
      vertex 169.263 -49.3015 1.6
      vertex 169.263 -49.3015 2
    endloop
  endfacet
  facet normal -0.962974 0.269593 0
    outer loop
      vertex 169.181 -49.5944 1.6
      vertex 169.263 -49.3015 2
      vertex 169.263 -49.3015 1.6
    endloop
  endfacet
  facet normal -0.962974 0.269593 0
    outer loop
      vertex 169.263 -49.3015 2
      vertex 169.181 -49.5944 1.6
      vertex 169.181 -49.5944 2
    endloop
  endfacet
  facet normal -0.0564859 -0.998403 0
    outer loop
      vertex 169.181 -49.5944 1.6
      vertex 169.66 -49.6215 2
      vertex 169.181 -49.5944 2
    endloop
  endfacet
  facet normal -0.0564859 -0.998403 -0
    outer loop
      vertex 169.66 -49.6215 2
      vertex 169.181 -49.5944 1.6
      vertex 169.66 -49.6215 1.6
    endloop
  endfacet
  facet normal 0.966857 -0.25532 0
    outer loop
      vertex 169.66 -49.6215 2
      vertex 169.698 -49.4776 1.6
      vertex 169.698 -49.4776 2
    endloop
  endfacet
  facet normal 0.966857 -0.25532 0
    outer loop
      vertex 169.698 -49.4776 1.6
      vertex 169.66 -49.6215 2
      vertex 169.66 -49.6215 1.6
    endloop
  endfacet
  facet normal 0.837529 -0.546392 0
    outer loop
      vertex 169.698 -49.4776 2
      vertex 169.765 -49.3749 1.6
      vertex 169.765 -49.3749 2
    endloop
  endfacet
  facet normal 0.837529 -0.546392 0
    outer loop
      vertex 169.765 -49.3749 1.6
      vertex 169.698 -49.4776 2
      vertex 169.698 -49.4776 1.6
    endloop
  endfacet
  facet normal 0.53279 -0.846247 0
    outer loop
      vertex 169.765 -49.3749 1.6
      vertex 169.863 -49.3132 2
      vertex 169.765 -49.3749 2
    endloop
  endfacet
  facet normal 0.53279 -0.846247 0
    outer loop
      vertex 169.863 -49.3132 2
      vertex 169.765 -49.3749 1.6
      vertex 169.863 -49.3132 1.6
    endloop
  endfacet
  facet normal 0.150847 -0.988557 0
    outer loop
      vertex 169.863 -49.3132 1.6
      vertex 169.998 -49.2926 2
      vertex 169.863 -49.3132 2
    endloop
  endfacet
  facet normal 0.150847 -0.988557 0
    outer loop
      vertex 169.998 -49.2926 2
      vertex 169.863 -49.3132 1.6
      vertex 169.998 -49.2926 1.6
    endloop
  endfacet
  facet normal -0.315016 -0.949086 0
    outer loop
      vertex 169.998 -49.2926 1.6
      vertex 170.233 -49.3706 2
      vertex 169.998 -49.2926 2
    endloop
  endfacet
  facet normal -0.315016 -0.949086 -0
    outer loop
      vertex 170.233 -49.3706 2
      vertex 169.998 -49.2926 1.6
      vertex 170.233 -49.3706 1.6
    endloop
  endfacet
  facet normal -0.948683 -0.316228 0
    outer loop
      vertex 170.311 -49.6046 1.6
      vertex 170.233 -49.3706 2
      vertex 170.233 -49.3706 1.6
    endloop
  endfacet
  facet normal -0.948683 -0.316228 0
    outer loop
      vertex 170.233 -49.3706 2
      vertex 170.311 -49.6046 1.6
      vertex 170.311 -49.6046 2
    endloop
  endfacet
  facet normal -0.981568 0.191115 0
    outer loop
      vertex 170.286 -49.733 1.6
      vertex 170.311 -49.6046 2
      vertex 170.311 -49.6046 1.6
    endloop
  endfacet
  facet normal -0.981568 0.191115 0
    outer loop
      vertex 170.311 -49.6046 2
      vertex 170.286 -49.733 1.6
      vertex 170.286 -49.733 2
    endloop
  endfacet
  facet normal -0.867835 0.496852 0
    outer loop
      vertex 170.211 -49.864 1.6
      vertex 170.286 -49.733 2
      vertex 170.286 -49.733 1.6
    endloop
  endfacet
  facet normal -0.867835 0.496852 0
    outer loop
      vertex 170.286 -49.733 2
      vertex 170.211 -49.864 1.6
      vertex 170.211 -49.864 2
    endloop
  endfacet
  facet normal -0.73349 0.679701 0
    outer loop
      vertex 170.072 -50.014 1.6
      vertex 170.211 -49.864 2
      vertex 170.211 -49.864 1.6
    endloop
  endfacet
  facet normal -0.73349 0.679701 0
    outer loop
      vertex 170.211 -49.864 2
      vertex 170.072 -50.014 1.6
      vertex 170.072 -50.014 2
    endloop
  endfacet
  facet normal -0.65695 0.753935 0
    outer loop
      vertex 170.072 -50.014 1.6
      vertex 169.859 -50.1996 2
      vertex 170.072 -50.014 2
    endloop
  endfacet
  facet normal -0.65695 0.753935 0
    outer loop
      vertex 169.859 -50.1996 2
      vertex 170.072 -50.014 1.6
      vertex 169.859 -50.1996 1.6
    endloop
  endfacet
  facet normal -0.655952 0.754803 0
    outer loop
      vertex 169.859 -50.1996 1.6
      vertex 169.62 -50.4073 2
      vertex 169.859 -50.1996 2
    endloop
  endfacet
  facet normal -0.655952 0.754803 0
    outer loop
      vertex 169.62 -50.4073 2
      vertex 169.859 -50.1996 1.6
      vertex 169.62 -50.4073 1.6
    endloop
  endfacet
  facet normal -0.716395 0.697694 0
    outer loop
      vertex 169.426 -50.6065 1.6
      vertex 169.62 -50.4073 2
      vertex 169.62 -50.4073 1.6
    endloop
  endfacet
  facet normal -0.716395 0.697694 0
    outer loop
      vertex 169.62 -50.4073 2
      vertex 169.426 -50.6065 1.6
      vertex 169.426 -50.6065 2
    endloop
  endfacet
  facet normal -0.790536 0.612415 0
    outer loop
      vertex 169.273 -50.804 1.6
      vertex 169.426 -50.6065 2
      vertex 169.426 -50.6065 1.6
    endloop
  endfacet
  facet normal -0.790536 0.612415 0
    outer loop
      vertex 169.426 -50.6065 2
      vertex 169.273 -50.804 1.6
      vertex 169.273 -50.804 2
    endloop
  endfacet
  facet normal -0.873343 0.487106 0
    outer loop
      vertex 169.16 -51.0066 1.6
      vertex 169.273 -50.804 2
      vertex 169.273 -50.804 1.6
    endloop
  endfacet
  facet normal -0.873343 0.487106 0
    outer loop
      vertex 169.273 -50.804 2
      vertex 169.16 -51.0066 1.6
      vertex 169.16 -51.0066 2
    endloop
  endfacet
  facet normal -1 0 0
    outer loop
      vertex 169.16 -51.3372 1.6
      vertex 169.16 -51.0066 2
      vertex 169.16 -51.0066 1.6
    endloop
  endfacet
  facet normal -1 -0 0
    outer loop
      vertex 169.16 -51.0066 2
      vertex 169.16 -51.3372 1.6
      vertex 169.16 -51.3372 2
    endloop
  endfacet
  facet normal 0 -1 0
    outer loop
      vertex 169.16 -51.3372 1.6
      vertex 170.832 -51.3372 2
      vertex 169.16 -51.3372 2
    endloop
  endfacet
  facet normal 0 -1 -0
    outer loop
      vertex 170.832 -51.3372 2
      vertex 169.16 -51.3372 1.6
      vertex 170.832 -51.3372 1.6
    endloop
  endfacet
  facet normal 1 -0 0
    outer loop
      vertex 170.832 -51.3372 2
      vertex 170.832 -50.9456 1.6
      vertex 170.832 -50.9456 2
    endloop
  endfacet
  facet normal 1 0 0
    outer loop
      vertex 170.832 -50.9456 1.6
      vertex 170.832 -51.3372 2
      vertex 170.832 -51.3372 1.6
    endloop
  endfacet
  facet normal 0 -1 0
    outer loop
      vertex 161.107 -50.4607 1.6
      vertex 162.329 -50.4607 2
      vertex 161.107 -50.4607 2
    endloop
  endfacet
  facet normal 0 -1 -0
    outer loop
      vertex 162.329 -50.4607 2
      vertex 161.107 -50.4607 1.6
      vertex 162.329 -50.4607 1.6
    endloop
  endfacet
  facet normal 1 -0 0
    outer loop
      vertex 162.329 -50.4607 2
      vertex 162.329 -50.0742 1.6
      vertex 162.329 -50.0742 2
    endloop
  endfacet
  facet normal 1 0 0
    outer loop
      vertex 162.329 -50.0742 1.6
      vertex 162.329 -50.4607 2
      vertex 162.329 -50.4607 1.6
    endloop
  endfacet
  facet normal 0 1 -0
    outer loop
      vertex 162.329 -50.0742 1.6
      vertex 161.107 -50.0742 2
      vertex 162.329 -50.0742 2
    endloop
  endfacet
  facet normal 0 1 0
    outer loop
      vertex 161.107 -50.0742 2
      vertex 162.329 -50.0742 1.6
      vertex 161.107 -50.0742 1.6
    endloop
  endfacet
  facet normal 1 -0 0
    outer loop
      vertex 161.107 -50.0742 2
      vertex 161.107 -49.335 1.6
      vertex 161.107 -49.335 2
    endloop
  endfacet
  facet normal 1 0 0
    outer loop
      vertex 161.107 -49.335 1.6
      vertex 161.107 -50.0742 2
      vertex 161.107 -50.0742 1.6
    endloop
  endfacet
  facet normal 0 -1 0
    outer loop
      vertex 161.107 -49.335 1.6
      vertex 162.368 -49.335 2
      vertex 161.107 -49.335 2
    endloop
  endfacet
  facet normal 0 -1 -0
    outer loop
      vertex 162.368 -49.335 2
      vertex 161.107 -49.335 1.6
      vertex 162.368 -49.335 1.6
    endloop
  endfacet
  facet normal 1 -0 0
    outer loop
      vertex 162.368 -49.335 2
      vertex 162.368 -48.9485 1.6
      vertex 162.368 -48.9485 2
    endloop
  endfacet
  facet normal 1 0 0
    outer loop
      vertex 162.368 -48.9485 1.6
      vertex 162.368 -49.335 2
      vertex 162.368 -49.335 1.6
    endloop
  endfacet
  facet normal 0 1 -0
    outer loop
      vertex 162.368 -48.9485 1.6
      vertex 160.606 -48.9485 2
      vertex 162.368 -48.9485 2
    endloop
  endfacet
  facet normal 0 1 0
    outer loop
      vertex 160.606 -48.9485 2
      vertex 162.368 -48.9485 1.6
      vertex 160.606 -48.9485 1.6
    endloop
  endfacet
  facet normal -1 0 0
    outer loop
      vertex 160.606 -51.3372 1.6
      vertex 160.606 -48.9485 2
      vertex 160.606 -48.9485 1.6
    endloop
  endfacet
  facet normal -1 -0 0
    outer loop
      vertex 160.606 -48.9485 2
      vertex 160.606 -51.3372 1.6
      vertex 160.606 -51.3372 2
    endloop
  endfacet
  facet normal 0 -1 0
    outer loop
      vertex 160.606 -51.3372 1.6
      vertex 161.107 -51.3372 2
      vertex 160.606 -51.3372 2
    endloop
  endfacet
  facet normal 0 -1 -0
    outer loop
      vertex 161.107 -51.3372 2
      vertex 160.606 -51.3372 1.6
      vertex 161.107 -51.3372 1.6
    endloop
  endfacet
  facet normal 1 -0 0
    outer loop
      vertex 161.107 -51.3372 2
      vertex 161.107 -50.4607 1.6
      vertex 161.107 -50.4607 2
    endloop
  endfacet
  facet normal 1 0 0
    outer loop
      vertex 161.107 -50.4607 1.6
      vertex 161.107 -51.3372 2
      vertex 161.107 -51.3372 1.6
    endloop
  endfacet
  facet normal 0 -1 0
    outer loop
      vertex 163.057 -50.7269 1.6
      vertex 163.967 -50.7269 2
      vertex 163.057 -50.7269 2
    endloop
  endfacet
  facet normal 0 -1 -0
    outer loop
      vertex 163.967 -50.7269 2
      vertex 163.057 -50.7269 1.6
      vertex 163.967 -50.7269 1.6
    endloop
  endfacet
  facet normal -0.94463 -0.328136 0
    outer loop
      vertex 164.179 -51.3372 1.6
      vertex 163.967 -50.7269 2
      vertex 163.967 -50.7269 1.6
    endloop
  endfacet
  facet normal -0.94463 -0.328136 0
    outer loop
      vertex 163.967 -50.7269 2
      vertex 164.179 -51.3372 1.6
      vertex 164.179 -51.3372 2
    endloop
  endfacet
  facet normal 0 -1 0
    outer loop
      vertex 164.179 -51.3372 1.6
      vertex 164.674 -51.3372 2
      vertex 164.179 -51.3372 2
    endloop
  endfacet
  facet normal 0 -1 -0
    outer loop
      vertex 164.674 -51.3372 2
      vertex 164.179 -51.3372 1.6
      vertex 164.674 -51.3372 1.6
    endloop
  endfacet
  facet normal 0.939872 0.341528 0
    outer loop
      vertex 164.674 -51.3372 2
      vertex 163.806 -48.9485 1.6
      vertex 163.806 -48.9485 2
    endloop
  endfacet
  facet normal 0.939872 0.341528 0
    outer loop
      vertex 163.806 -48.9485 1.6
      vertex 164.674 -51.3372 2
      vertex 164.674 -51.3372 1.6
    endloop
  endfacet
  facet normal 0 1 -0
    outer loop
      vertex 163.806 -48.9485 1.6
      vertex 163.216 -48.9485 2
      vertex 163.806 -48.9485 2
    endloop
  endfacet
  facet normal 0 1 0
    outer loop
      vertex 163.216 -48.9485 2
      vertex 163.806 -48.9485 1.6
      vertex 163.216 -48.9485 1.6
    endloop
  endfacet
  facet normal -0.939492 0.34257 0
    outer loop
      vertex 162.345 -51.3372 1.6
      vertex 163.216 -48.9485 2
      vertex 163.216 -48.9485 1.6
    endloop
  endfacet
  facet normal -0.939492 0.34257 0
    outer loop
      vertex 163.216 -48.9485 2
      vertex 162.345 -51.3372 1.6
      vertex 162.345 -51.3372 2
    endloop
  endfacet
  facet normal 0 -1 0
    outer loop
      vertex 162.345 -51.3372 1.6
      vertex 162.845 -51.3372 2
      vertex 162.345 -51.3372 2
    endloop
  endfacet
  facet normal 0 -1 -0
    outer loop
      vertex 162.845 -51.3372 2
      vertex 162.345 -51.3372 1.6
      vertex 162.845 -51.3372 1.6
    endloop
  endfacet
  facet normal 0.94463 -0.328136 0
    outer loop
      vertex 162.845 -51.3372 2
      vertex 163.057 -50.7269 1.6
      vertex 163.057 -50.7269 2
    endloop
  endfacet
  facet normal 0.94463 -0.328136 0
    outer loop
      vertex 163.057 -50.7269 1.6
      vertex 162.845 -51.3372 2
      vertex 162.845 -51.3372 1.6
    endloop
  endfacet
  facet normal 0.946053 -0.324012 0
    outer loop
      vertex 163.169 -50.3505 2
      vertex 163.376 -49.7461 1.6
      vertex 163.376 -49.7461 2
    endloop
  endfacet
  facet normal 0.946053 -0.324012 0
    outer loop
      vertex 163.376 -49.7461 1.6
      vertex 163.169 -50.3505 2
      vertex 163.169 -50.3505 1.6
    endloop
  endfacet
  facet normal 0.949206 -0.314654 0
    outer loop
      vertex 163.376 -49.7461 2
      vertex 163.46 -49.4927 1.6
      vertex 163.46 -49.4927 2
    endloop
  endfacet
  facet normal 0.949206 -0.314654 0
    outer loop
      vertex 163.46 -49.4927 1.6
      vertex 163.376 -49.7461 2
      vertex 163.376 -49.7461 1.6
    endloop
  endfacet
  facet normal 0.958325 -0.28568 0
    outer loop
      vertex 163.46 -49.4927 2
      vertex 163.482 -49.4189 1.6
      vertex 163.482 -49.4189 2
    endloop
  endfacet
  facet normal 0.958325 -0.28568 0
    outer loop
      vertex 163.482 -49.4189 1.6
      vertex 163.46 -49.4927 2
      vertex 163.46 -49.4927 1.6
    endloop
  endfacet
  facet normal 0.960066 -0.279774 0
    outer loop
      vertex 163.482 -49.4189 2
      vertex 163.501 -49.3537 1.6
      vertex 163.501 -49.3537 2
    endloop
  endfacet
  facet normal 0.960066 -0.279774 0
    outer loop
      vertex 163.501 -49.3537 1.6
      vertex 163.482 -49.4189 2
      vertex 163.482 -49.4189 1.6
    endloop
  endfacet
  facet normal 0.96589 -0.258952 0
    outer loop
      vertex 163.501 -49.3537 2
      vertex 163.511 -49.3164 1.6
      vertex 163.511 -49.3164 2
    endloop
  endfacet
  facet normal 0.96589 -0.258952 0
    outer loop
      vertex 163.511 -49.3164 1.6
      vertex 163.501 -49.3537 2
      vertex 163.501 -49.3537 1.6
    endloop
  endfacet
  facet normal -0.955779 -0.294086 0
    outer loop
      vertex 163.547 -49.4334 1.6
      vertex 163.511 -49.3164 2
      vertex 163.511 -49.3164 1.6
    endloop
  endfacet
  facet normal -0.955779 -0.294086 0
    outer loop
      vertex 163.511 -49.3164 2
      vertex 163.547 -49.4334 1.6
      vertex 163.547 -49.4334 2
    endloop
  endfacet
  facet normal -0.953332 -0.301923 0
    outer loop
      vertex 163.62 -49.6639 1.6
      vertex 163.547 -49.4334 2
      vertex 163.547 -49.4334 1.6
    endloop
  endfacet
  facet normal -0.953332 -0.301923 0
    outer loop
      vertex 163.547 -49.4334 2
      vertex 163.62 -49.6639 1.6
      vertex 163.62 -49.6639 2
    endloop
  endfacet
  facet normal -0.946117 -0.323824 0
    outer loop
      vertex 163.855 -50.3505 1.6
      vertex 163.62 -49.6639 2
      vertex 163.62 -49.6639 1.6
    endloop
  endfacet
  facet normal -0.946117 -0.323824 0
    outer loop
      vertex 163.62 -49.6639 2
      vertex 163.855 -50.3505 1.6
      vertex 163.855 -50.3505 2
    endloop
  endfacet
  facet normal 0 1 -0
    outer loop
      vertex 163.855 -50.3505 1.6
      vertex 163.169 -50.3505 2
      vertex 163.855 -50.3505 2
    endloop
  endfacet
  facet normal 0 1 0
    outer loop
      vertex 163.169 -50.3505 2
      vertex 163.855 -50.3505 1.6
      vertex 163.169 -50.3505 1.6
    endloop
  endfacet
  facet normal 0 -1 0
    outer loop
      vertex 168.279 -49.335 1.6
      vertex 169.052 -49.335 2
      vertex 168.279 -49.335 2
    endloop
  endfacet
  facet normal 0 -1 -0
    outer loop
      vertex 169.052 -49.335 2
      vertex 168.279 -49.335 1.6
      vertex 169.052 -49.335 1.6
    endloop
  endfacet
  facet normal 1 -0 0
    outer loop
      vertex 169.052 -49.335 2
      vertex 169.052 -48.9485 1.6
      vertex 169.052 -48.9485 2
    endloop
  endfacet
  facet normal 1 0 0
    outer loop
      vertex 169.052 -48.9485 1.6
      vertex 169.052 -49.335 2
      vertex 169.052 -49.335 1.6
    endloop
  endfacet
  facet normal 0 1 -0
    outer loop
      vertex 169.052 -48.9485 1.6
      vertex 167.008 -48.9485 2
      vertex 169.052 -48.9485 2
    endloop
  endfacet
  facet normal 0 1 0
    outer loop
      vertex 167.008 -48.9485 2
      vertex 169.052 -48.9485 1.6
      vertex 167.008 -48.9485 1.6
    endloop
  endfacet
  facet normal -1 0 0
    outer loop
      vertex 167.008 -49.335 1.6
      vertex 167.008 -48.9485 2
      vertex 167.008 -48.9485 1.6
    endloop
  endfacet
  facet normal -1 -0 0
    outer loop
      vertex 167.008 -48.9485 2
      vertex 167.008 -49.335 1.6
      vertex 167.008 -49.335 2
    endloop
  endfacet
  facet normal 0 -1 0
    outer loop
      vertex 167.008 -49.335 1.6
      vertex 167.779 -49.335 2
      vertex 167.008 -49.335 2
    endloop
  endfacet
  facet normal 0 -1 -0
    outer loop
      vertex 167.779 -49.335 2
      vertex 167.008 -49.335 1.6
      vertex 167.779 -49.335 1.6
    endloop
  endfacet
  facet normal -1 0 0
    outer loop
      vertex 167.779 -51.3372 1.6
      vertex 167.779 -49.335 2
      vertex 167.779 -49.335 1.6
    endloop
  endfacet
  facet normal -1 -0 0
    outer loop
      vertex 167.779 -49.335 2
      vertex 167.779 -51.3372 1.6
      vertex 167.779 -51.3372 2
    endloop
  endfacet
  facet normal 0 -1 0
    outer loop
      vertex 167.779 -51.3372 1.6
      vertex 168.279 -51.3372 2
      vertex 167.779 -51.3372 2
    endloop
  endfacet
  facet normal 0 -1 -0
    outer loop
      vertex 168.279 -51.3372 2
      vertex 167.779 -51.3372 1.6
      vertex 168.279 -51.3372 1.6
    endloop
  endfacet
  facet normal 1 -0 0
    outer loop
      vertex 168.279 -51.3372 2
      vertex 168.279 -49.335 1.6
      vertex 168.279 -49.335 2
    endloop
  endfacet
  facet normal 1 0 0
    outer loop
      vertex 168.279 -49.335 1.6
      vertex 168.279 -51.3372 2
      vertex 168.279 -51.3372 1.6
    endloop
  endfacet
  facet normal 0 0 -1
    outer loop
      vertex 79.0845 -69.3372 1.6
      vertex 78.537 -68.9828 1.6
      vertex 79.0845 -68.9828 1.6
    endloop
  endfacet
  facet normal 0 0 -1
    outer loop
      vertex 78.0606 -67.3537 1.6
      vertex 78.537 -66.9485 1.6
      vertex 78.537 -68.9828 1.6
    endloop
  endfacet
  facet normal 0 0 -1
    outer loop
      vertex 78.0606 -67.3537 1.6
      vertex 78.537 -68.9828 1.6
      vertex 78.0606 -68.9828 1.6
    endloop
  endfacet
  facet normal 0 0 -1
    outer loop
      vertex 79.0845 -69.3372 1.6
      vertex 78.0606 -68.9828 1.6
      vertex 78.537 -68.9828 1.6
    endloop
  endfacet
  facet normal 0 0 -1
    outer loop
      vertex 77.4689 -69.3372 1.6
      vertex 78.0606 -68.9828 1.6
      vertex 79.0845 -69.3372 1.6
    endloop
  endfacet
  facet normal -0 0 -1
    outer loop
      vertex 78.0606 -68.9828 1.6
      vertex 77.4689 -69.3372 1.6
      vertex 77.4689 -68.9828 1.6
    endloop
  endfacet
  facet normal -0 0 -1
    outer loop
      vertex 78.537 -66.9485 1.6
      vertex 78.0606 -67.3537 1.6
      vertex 78.086 -66.9485 1.6
    endloop
  endfacet
  facet normal 0 0 -1
    outer loop
      vertex 77.4876 -67.3367 1.6
      vertex 78.0606 -67.3537 1.6
      vertex 77.4876 -67.7114 1.6
    endloop
  endfacet
  facet normal 0 0 -1
    outer loop
      vertex 78.0606 -67.3537 1.6
      vertex 77.4876 -67.3367 1.6
      vertex 78.086 -66.9485 1.6
    endloop
  endfacet
  facet normal -0 0 -1
    outer loop
      vertex 77.1307 -68.4823 1.6
      vertex 76.6117 -68.4908 1.6
      vertex 76.6573 -68.1318 1.6
    endloop
  endfacet
  facet normal 0 0 -1
    outer loop
      vertex 76.475 -68.7574 1.6
      vertex 76.8408 -69.0377 1.6
      vertex 76.5979 -69.2211 1.6
    endloop
  endfacet
  facet normal 0 0 -1
    outer loop
      vertex 77.02 -68.7879 1.6
      vertex 76.475 -68.7574 1.6
      vertex 76.6117 -68.4908 1.6
    endloop
  endfacet
  facet normal 0 0 -1
    outer loop
      vertex 76.2544 -68.9227 1.6
      vertex 76.5979 -69.2211 1.6
      vertex 76.3004 -69.3336 1.6
    endloop
  endfacet
  facet normal 0 0 -1
    outer loop
      vertex 76.5979 -69.2211 1.6
      vertex 76.2544 -68.9227 1.6
      vertex 76.475 -68.7574 1.6
    endloop
  endfacet
  facet normal 0 0 -1
    outer loop
      vertex 75.9571 -68.9778 1.6
      vertex 76.3004 -69.3336 1.6
      vertex 75.9571 -69.3711 1.6
    endloop
  endfacet
  facet normal 0 0 -1
    outer loop
      vertex 76.3004 -69.3336 1.6
      vertex 75.9571 -68.9778 1.6
      vertex 76.2544 -68.9227 1.6
    endloop
  endfacet
  facet normal 0 0 -1
    outer loop
      vertex 75.9571 -69.3711 1.6
      vertex 75.6674 -68.9212 1.6
      vertex 75.9571 -68.9778 1.6
    endloop
  endfacet
  facet normal 0 0 -1
    outer loop
      vertex 75.4551 -69.2882 1.6
      vertex 75.6674 -68.9212 1.6
      vertex 75.9571 -69.3711 1.6
    endloop
  endfacet
  facet normal 0 0 -1
    outer loop
      vertex 75.4551 -69.2882 1.6
      vertex 75.446 -68.7514 1.6
      vertex 75.6674 -68.9212 1.6
    endloop
  endfacet
  facet normal 0 0 -1
    outer loop
      vertex 75.0747 -69.0397 1.6
      vertex 75.446 -68.7514 1.6
      vertex 75.4551 -69.2882 1.6
    endloop
  endfacet
  facet normal 0 0 -1
    outer loop
      vertex 74.835 -68.647 1.6
      vertex 75.3055 -68.4834 1.6
      vertex 75.0747 -69.0397 1.6
    endloop
  endfacet
  facet normal -0 0 -1
    outer loop
      vertex 75.446 -68.7514 1.6
      vertex 75.0747 -69.0397 1.6
      vertex 75.3055 -68.4834 1.6
    endloop
  endfacet
  facet normal 0 0 -1
    outer loop
      vertex 76.6573 -68.1318 1.6
      vertex 77.1675 -68.1318 1.6
      vertex 77.1307 -68.4823 1.6
    endloop
  endfacet
  facet normal 0 0 -1
    outer loop
      vertex 76.6117 -68.4908 1.6
      vertex 77.1307 -68.4823 1.6
      vertex 77.02 -68.7879 1.6
    endloop
  endfacet
  facet normal 0 0 -1
    outer loop
      vertex 76.6115 -67.787 1.6
      vertex 77.1675 -68.1318 1.6
      vertex 76.6573 -68.1318 1.6
    endloop
  endfacet
  facet normal 0 0 -1
    outer loop
      vertex 76.475 -68.7574 1.6
      vertex 77.02 -68.7879 1.6
      vertex 76.8408 -69.0377 1.6
    endloop
  endfacet
  facet normal 0 0 -1
    outer loop
      vertex 77.1675 -68.1318 1.6
      vertex 76.6115 -67.787 1.6
      vertex 77.0876 -67.6245 1.6
    endloop
  endfacet
  facet normal -0 0 -1
    outer loop
      vertex 77.0876 -67.6245 1.6
      vertex 76.6115 -67.787 1.6
      vertex 76.848 -67.2384 1.6
    endloop
  endfacet
  facet normal 0 0 -1
    outer loop
      vertex 76.4742 -67.5258 1.6
      vertex 76.848 -67.2384 1.6
      vertex 76.6115 -67.787 1.6
    endloop
  endfacet
  facet normal 0 0 -1
    outer loop
      vertex 76.4742 -67.5258 1.6
      vertex 76.4663 -66.9943 1.6
      vertex 76.848 -67.2384 1.6
    endloop
  endfacet
  facet normal 0 0 -1
    outer loop
      vertex 76.2542 -67.3611 1.6
      vertex 76.4663 -66.9943 1.6
      vertex 76.4742 -67.5258 1.6
    endloop
  endfacet
  facet normal 0 0 -1
    outer loop
      vertex 75.9605 -66.9129 1.6
      vertex 76.2542 -67.3611 1.6
      vertex 75.9605 -67.3062 1.6
    endloop
  endfacet
  facet normal 0 0 -1
    outer loop
      vertex 76.2542 -67.3611 1.6
      vertex 75.9605 -66.9129 1.6
      vertex 76.4663 -66.9943 1.6
    endloop
  endfacet
  facet normal 0 0 -1
    outer loop
      vertex 75.663 -67.3607 1.6
      vertex 75.9605 -66.9129 1.6
      vertex 75.9605 -67.3062 1.6
    endloop
  endfacet
  facet normal 0 0 -1
    outer loop
      vertex 75.663 -67.3607 1.6
      vertex 75.4549 -66.9934 1.6
      vertex 75.9605 -66.9129 1.6
    endloop
  endfacet
  facet normal 0 0 -1
    outer loop
      vertex 75.4417 -67.5241 1.6
      vertex 75.4549 -66.9934 1.6
      vertex 75.663 -67.3607 1.6
    endloop
  endfacet
  facet normal 0 0 -1
    outer loop
      vertex 75.0739 -67.235 1.6
      vertex 75.4417 -67.5241 1.6
      vertex 75.3044 -67.7849 1.6
    endloop
  endfacet
  facet normal 0 0 -1
    outer loop
      vertex 74.7551 -68.1318 1.6
      vertex 75.3055 -68.4834 1.6
      vertex 74.835 -68.647 1.6
    endloop
  endfacet
  facet normal 0 0 -1
    outer loop
      vertex 75.4417 -67.5241 1.6
      vertex 75.0739 -67.235 1.6
      vertex 75.4549 -66.9934 1.6
    endloop
  endfacet
  facet normal 0 0 -1
    outer loop
      vertex 75.3055 -68.4834 1.6
      vertex 74.7551 -68.1318 1.6
      vertex 75.2587 -68.1318 1.6
    endloop
  endfacet
  facet normal 0 0 -1
    outer loop
      vertex 75.2587 -68.1318 1.6
      vertex 74.7551 -68.1318 1.6
      vertex 75.3044 -67.7849 1.6
    endloop
  endfacet
  facet normal 0 -0 -1
    outer loop
      vertex 74.8348 -67.6203 1.6
      vertex 75.3044 -67.7849 1.6
      vertex 74.7551 -68.1318 1.6
    endloop
  endfacet
  facet normal 0 0 -1
    outer loop
      vertex 75.3044 -67.7849 1.6
      vertex 74.8348 -67.6203 1.6
      vertex 75.0739 -67.235 1.6
    endloop
  endfacet
  facet normal 0 0 -1
    outer loop
      vertex 73.8729 -68.7269 1.6
      vertex 73.0743 -68.3505 1.6
      vertex 73.7609 -68.3505 1.6
    endloop
  endfacet
  facet normal 0 -0 -1
    outer loop
      vertex 73.0743 -68.3505 1.6
      vertex 73.8729 -68.7269 1.6
      vertex 72.9625 -68.7269 1.6
    endloop
  endfacet
  facet normal 0 0 -1
    outer loop
      vertex 73.8729 -68.7269 1.6
      vertex 74.5798 -69.3372 1.6
      vertex 74.0848 -69.3372 1.6
    endloop
  endfacet
  facet normal 0 0 -1
    outer loop
      vertex 73.7609 -68.3505 1.6
      vertex 74.5798 -69.3372 1.6
      vertex 73.8729 -68.7269 1.6
    endloop
  endfacet
  facet normal 0 0 -1
    outer loop
      vertex 73.7609 -68.3505 1.6
      vertex 73.7118 -66.9485 1.6
      vertex 74.5798 -69.3372 1.6
    endloop
  endfacet
  facet normal 0 0 -1
    outer loop
      vertex 73.5253 -67.6639 1.6
      vertex 73.7118 -66.9485 1.6
      vertex 73.7609 -68.3505 1.6
    endloop
  endfacet
  facet normal 0 0 -1
    outer loop
      vertex 73.4524 -67.4334 1.6
      vertex 73.7118 -66.9485 1.6
      vertex 73.5253 -67.6639 1.6
    endloop
  endfacet
  facet normal 0 0 -1
    outer loop
      vertex 73.4168 -67.3164 1.6
      vertex 73.7118 -66.9485 1.6
      vertex 73.4524 -67.4334 1.6
    endloop
  endfacet
  facet normal 0 0 -1
    outer loop
      vertex 73.1218 -66.9485 1.6
      vertex 73.4067 -67.3537 1.6
      vertex 73.388 -67.4189 1.6
    endloop
  endfacet
  facet normal 0 0 -1
    outer loop
      vertex 73.1218 -66.9485 1.6
      vertex 73.388 -67.4189 1.6
      vertex 73.3659 -67.4927 1.6
    endloop
  endfacet
  facet normal 0 0 -1
    outer loop
      vertex 73.1218 -66.9485 1.6
      vertex 73.3659 -67.4927 1.6
      vertex 73.2812 -67.7461 1.6
    endloop
  endfacet
  facet normal 0 0 -1
    outer loop
      vertex 73.4168 -67.3164 1.6
      vertex 73.1218 -66.9485 1.6
      vertex 73.7118 -66.9485 1.6
    endloop
  endfacet
  facet normal 0 0 -1
    outer loop
      vertex 73.4067 -67.3537 1.6
      vertex 73.1218 -66.9485 1.6
      vertex 73.4168 -67.3164 1.6
    endloop
  endfacet
  facet normal 0 0 -1
    outer loop
      vertex 73.0743 -68.3505 1.6
      vertex 73.1218 -66.9485 1.6
      vertex 73.2812 -67.7461 1.6
    endloop
  endfacet
  facet normal 0 0 -1
    outer loop
      vertex 72.2504 -69.3372 1.6
      vertex 73.0743 -68.3505 1.6
      vertex 72.9625 -68.7269 1.6
    endloop
  endfacet
  facet normal 0 0 -1
    outer loop
      vertex 72.2504 -69.3372 1.6
      vertex 72.9625 -68.7269 1.6
      vertex 72.7505 -69.3372 1.6
    endloop
  endfacet
  facet normal -0 0 -1
    outer loop
      vertex 73.0743 -68.3505 1.6
      vertex 72.2504 -69.3372 1.6
      vertex 73.1218 -66.9485 1.6
    endloop
  endfacet
  facet normal -0 0 1
    outer loop
      vertex 76.6115 -67.787 2
      vertex 77.1675 -68.1318 2
      vertex 77.0876 -67.6245 2
    endloop
  endfacet
  facet normal 0 0 1
    outer loop
      vertex 77.1675 -68.1318 2
      vertex 76.6573 -68.1318 2
      vertex 77.1307 -68.4823 2
    endloop
  endfacet
  facet normal 0 0 1
    outer loop
      vertex 76.6115 -67.787 2
      vertex 77.0876 -67.6245 2
      vertex 76.848 -67.2384 2
    endloop
  endfacet
  facet normal 0 0 1
    outer loop
      vertex 76.6117 -68.4908 2
      vertex 77.1307 -68.4823 2
      vertex 76.6573 -68.1318 2
    endloop
  endfacet
  facet normal 0 0 1
    outer loop
      vertex 77.1307 -68.4823 2
      vertex 76.6117 -68.4908 2
      vertex 77.02 -68.7879 2
    endloop
  endfacet
  facet normal 0 0 1
    outer loop
      vertex 77.1675 -68.1318 2
      vertex 76.6115 -67.787 2
      vertex 76.6573 -68.1318 2
    endloop
  endfacet
  facet normal 0 0 1
    outer loop
      vertex 76.848 -67.2384 2
      vertex 76.4742 -67.5258 2
      vertex 76.6115 -67.787 2
    endloop
  endfacet
  facet normal 0 0 1
    outer loop
      vertex 76.4663 -66.9943 2
      vertex 76.4742 -67.5258 2
      vertex 76.848 -67.2384 2
    endloop
  endfacet
  facet normal 0 0 1
    outer loop
      vertex 76.4663 -66.9943 2
      vertex 76.2542 -67.3611 2
      vertex 76.4742 -67.5258 2
    endloop
  endfacet
  facet normal 0 0 1
    outer loop
      vertex 75.9605 -66.9129 2
      vertex 76.2542 -67.3611 2
      vertex 76.4663 -66.9943 2
    endloop
  endfacet
  facet normal 0 0 1
    outer loop
      vertex 75.9605 -66.9129 2
      vertex 75.9605 -67.3062 2
      vertex 76.2542 -67.3611 2
    endloop
  endfacet
  facet normal 0 0 1
    outer loop
      vertex 75.9605 -66.9129 2
      vertex 75.663 -67.3607 2
      vertex 75.9605 -67.3062 2
    endloop
  endfacet
  facet normal -0 0 1
    outer loop
      vertex 75.4549 -66.9934 2
      vertex 75.663 -67.3607 2
      vertex 75.9605 -66.9129 2
    endloop
  endfacet
  facet normal 0 0 1
    outer loop
      vertex 75.4549 -66.9934 2
      vertex 75.4417 -67.5241 2
      vertex 75.663 -67.3607 2
    endloop
  endfacet
  facet normal -0 0 1
    outer loop
      vertex 75.0739 -67.235 2
      vertex 75.4417 -67.5241 2
      vertex 75.4549 -66.9934 2
    endloop
  endfacet
  facet normal 0 0 1
    outer loop
      vertex 74.7551 -68.1318 2
      vertex 75.2587 -68.1318 2
      vertex 75.3044 -67.7849 2
    endloop
  endfacet
  facet normal 0 0 1
    outer loop
      vertex 75.4417 -67.5241 2
      vertex 75.0739 -67.235 2
      vertex 75.3044 -67.7849 2
    endloop
  endfacet
  facet normal -0 0 1
    outer loop
      vertex 74.8348 -67.6203 2
      vertex 75.3044 -67.7849 2
      vertex 75.0739 -67.235 2
    endloop
  endfacet
  facet normal 0 0 1
    outer loop
      vertex 75.2587 -68.1318 2
      vertex 74.7551 -68.1318 2
      vertex 74.835 -68.647 2
    endloop
  endfacet
  facet normal 0 0 1
    outer loop
      vertex 75.3044 -67.7849 2
      vertex 74.8348 -67.6203 2
      vertex 74.7551 -68.1318 2
    endloop
  endfacet
  facet normal 0 0 1
    outer loop
      vertex 75.2587 -68.1318 2
      vertex 74.835 -68.647 2
      vertex 75.0747 -69.0397 2
    endloop
  endfacet
  facet normal -0 0 1
    outer loop
      vertex 76.475 -68.7574 2
      vertex 77.02 -68.7879 2
      vertex 76.6117 -68.4908 2
    endloop
  endfacet
  facet normal 0 0 1
    outer loop
      vertex 77.02 -68.7879 2
      vertex 76.475 -68.7574 2
      vertex 76.8408 -69.0377 2
    endloop
  endfacet
  facet normal 0 0 1
    outer loop
      vertex 76.8408 -69.0377 2
      vertex 76.475 -68.7574 2
      vertex 76.5979 -69.2211 2
    endloop
  endfacet
  facet normal -0 0 1
    outer loop
      vertex 76.2544 -68.9227 2
      vertex 76.5979 -69.2211 2
      vertex 76.475 -68.7574 2
    endloop
  endfacet
  facet normal 0 0 1
    outer loop
      vertex 76.5979 -69.2211 2
      vertex 76.2544 -68.9227 2
      vertex 76.3004 -69.3336 2
    endloop
  endfacet
  facet normal -0 0 1
    outer loop
      vertex 75.9571 -68.9778 2
      vertex 76.3004 -69.3336 2
      vertex 76.2544 -68.9227 2
    endloop
  endfacet
  facet normal 0 0 1
    outer loop
      vertex 75.9571 -68.9778 2
      vertex 75.9571 -69.3711 2
      vertex 76.3004 -69.3336 2
    endloop
  endfacet
  facet normal 0 0 1
    outer loop
      vertex 75.6674 -68.9212 2
      vertex 75.9571 -69.3711 2
      vertex 75.9571 -68.9778 2
    endloop
  endfacet
  facet normal 0 0 1
    outer loop
      vertex 75.6674 -68.9212 2
      vertex 75.4551 -69.2882 2
      vertex 75.9571 -69.3711 2
    endloop
  endfacet
  facet normal 0 0 1
    outer loop
      vertex 75.446 -68.7514 2
      vertex 75.4551 -69.2882 2
      vertex 75.6674 -68.9212 2
    endloop
  endfacet
  facet normal 0 0 1
    outer loop
      vertex 75.0747 -69.0397 2
      vertex 75.446 -68.7514 2
      vertex 75.3055 -68.4834 2
    endloop
  endfacet
  facet normal 0 0 1
    outer loop
      vertex 75.446 -68.7514 2
      vertex 75.0747 -69.0397 2
      vertex 75.4551 -69.2882 2
    endloop
  endfacet
  facet normal 0 0 1
    outer loop
      vertex 75.0747 -69.0397 2
      vertex 75.3055 -68.4834 2
      vertex 75.2587 -68.1318 2
    endloop
  endfacet
  facet normal 0 0 1
    outer loop
      vertex 74.5798 -69.3372 2
      vertex 73.8729 -68.7269 2
      vertex 74.0848 -69.3372 2
    endloop
  endfacet
  facet normal 0 0 1
    outer loop
      vertex 74.5798 -69.3372 2
      vertex 73.7609 -68.3505 2
      vertex 73.8729 -68.7269 2
    endloop
  endfacet
  facet normal 0 0 1
    outer loop
      vertex 73.7118 -66.9485 2
      vertex 73.7609 -68.3505 2
      vertex 74.5798 -69.3372 2
    endloop
  endfacet
  facet normal 0 0 1
    outer loop
      vertex 73.7118 -66.9485 2
      vertex 73.5253 -67.6639 2
      vertex 73.7609 -68.3505 2
    endloop
  endfacet
  facet normal 0 0 1
    outer loop
      vertex 73.7118 -66.9485 2
      vertex 73.4524 -67.4334 2
      vertex 73.5253 -67.6639 2
    endloop
  endfacet
  facet normal 0 0 1
    outer loop
      vertex 73.7118 -66.9485 2
      vertex 73.4168 -67.3164 2
      vertex 73.4524 -67.4334 2
    endloop
  endfacet
  facet normal 0 0 1
    outer loop
      vertex 73.1218 -66.9485 2
      vertex 73.4067 -67.3537 2
      vertex 73.4168 -67.3164 2
    endloop
  endfacet
  facet normal 0 0 1
    outer loop
      vertex 73.4067 -67.3537 2
      vertex 73.1218 -66.9485 2
      vertex 73.388 -67.4189 2
    endloop
  endfacet
  facet normal 0 0 1
    outer loop
      vertex 73.388 -67.4189 2
      vertex 73.1218 -66.9485 2
      vertex 73.3659 -67.4927 2
    endloop
  endfacet
  facet normal -0 0 1
    outer loop
      vertex 73.1218 -66.9485 2
      vertex 73.4168 -67.3164 2
      vertex 73.7118 -66.9485 2
    endloop
  endfacet
  facet normal 0 0 1
    outer loop
      vertex 73.3659 -67.4927 2
      vertex 73.1218 -66.9485 2
      vertex 73.2812 -67.7461 2
    endloop
  endfacet
  facet normal 0 0 1
    outer loop
      vertex 73.1218 -66.9485 2
      vertex 73.0743 -68.3505 2
      vertex 73.2812 -67.7461 2
    endloop
  endfacet
  facet normal 0 0 1
    outer loop
      vertex 72.2504 -69.3372 2
      vertex 73.0743 -68.3505 2
      vertex 73.1218 -66.9485 2
    endloop
  endfacet
  facet normal 0 0 1
    outer loop
      vertex 73.0743 -68.3505 2
      vertex 72.2504 -69.3372 2
      vertex 72.9625 -68.7269 2
    endloop
  endfacet
  facet normal 0 0 1
    outer loop
      vertex 72.9625 -68.7269 2
      vertex 72.2504 -69.3372 2
      vertex 72.7505 -69.3372 2
    endloop
  endfacet
  facet normal -0 0 1
    outer loop
      vertex 73.0743 -68.3505 2
      vertex 73.8729 -68.7269 2
      vertex 73.7609 -68.3505 2
    endloop
  endfacet
  facet normal 0 0 1
    outer loop
      vertex 73.8729 -68.7269 2
      vertex 73.0743 -68.3505 2
      vertex 72.9625 -68.7269 2
    endloop
  endfacet
  facet normal 0 0 1
    outer loop
      vertex 78.0606 -67.3537 2
      vertex 78.537 -66.9485 2
      vertex 78.086 -66.9485 2
    endloop
  endfacet
  facet normal -0 0 1
    outer loop
      vertex 78.537 -68.9828 2
      vertex 79.0845 -69.3372 2
      vertex 79.0845 -68.9828 2
    endloop
  endfacet
  facet normal 0 0 1
    outer loop
      vertex 78.537 -66.9485 2
      vertex 78.0606 -67.3537 2
      vertex 78.537 -68.9828 2
    endloop
  endfacet
  facet normal 0 0 1
    outer loop
      vertex 78.0606 -68.9828 2
      vertex 78.537 -68.9828 2
      vertex 78.0606 -67.3537 2
    endloop
  endfacet
  facet normal -0 0 1
    outer loop
      vertex 78.0606 -68.9828 2
      vertex 79.0845 -69.3372 2
      vertex 78.537 -68.9828 2
    endloop
  endfacet
  facet normal 0 0 1
    outer loop
      vertex 77.4689 -69.3372 2
      vertex 78.0606 -68.9828 2
      vertex 77.4689 -68.9828 2
    endloop
  endfacet
  facet normal 0 0 1
    outer loop
      vertex 78.0606 -68.9828 2
      vertex 77.4689 -69.3372 2
      vertex 79.0845 -69.3372 2
    endloop
  endfacet
  facet normal -0 0 1
    outer loop
      vertex 77.4876 -67.3367 2
      vertex 78.0606 -67.3537 2
      vertex 78.086 -66.9485 2
    endloop
  endfacet
  facet normal 0 0 1
    outer loop
      vertex 78.0606 -67.3537 2
      vertex 77.4876 -67.3367 2
      vertex 77.4876 -67.7114 2
    endloop
  endfacet
  facet normal 0.353706 -0.935357 0
    outer loop
      vertex 76.3004 -69.3336 1.6
      vertex 76.5979 -69.2211 2
      vertex 76.3004 -69.3336 2
    endloop
  endfacet
  facet normal 0.353706 -0.935357 0
    outer loop
      vertex 76.5979 -69.2211 2
      vertex 76.3004 -69.3336 1.6
      vertex 76.5979 -69.2211 1.6
    endloop
  endfacet
  facet normal 0.602573 -0.798064 0
    outer loop
      vertex 76.5979 -69.2211 1.6
      vertex 76.8408 -69.0377 2
      vertex 76.5979 -69.2211 2
    endloop
  endfacet
  facet normal 0.602573 -0.798064 0
    outer loop
      vertex 76.8408 -69.0377 2
      vertex 76.5979 -69.2211 1.6
      vertex 76.8408 -69.0377 1.6
    endloop
  endfacet
  facet normal 0.812545 -0.582899 0
    outer loop
      vertex 76.8408 -69.0377 2
      vertex 77.02 -68.7879 1.6
      vertex 77.02 -68.7879 2
    endloop
  endfacet
  facet normal 0.812545 -0.582899 0
    outer loop
      vertex 77.02 -68.7879 1.6
      vertex 76.8408 -69.0377 2
      vertex 76.8408 -69.0377 1.6
    endloop
  endfacet
  facet normal 0.940215 -0.340582 0
    outer loop
      vertex 77.02 -68.7879 2
      vertex 77.1307 -68.4823 1.6
      vertex 77.1307 -68.4823 2
    endloop
  endfacet
  facet normal 0.940215 -0.340582 0
    outer loop
      vertex 77.1307 -68.4823 1.6
      vertex 77.02 -68.7879 2
      vertex 77.02 -68.7879 1.6
    endloop
  endfacet
  facet normal 0.994533 -0.104419 0
    outer loop
      vertex 77.1307 -68.4823 2
      vertex 77.1675 -68.1318 1.6
      vertex 77.1675 -68.1318 2
    endloop
  endfacet
  facet normal 0.994533 -0.104419 0
    outer loop
      vertex 77.1675 -68.1318 1.6
      vertex 77.1307 -68.4823 2
      vertex 77.1307 -68.4823 1.6
    endloop
  endfacet
  facet normal 0.987823 0.155583 0
    outer loop
      vertex 77.1675 -68.1318 2
      vertex 77.0876 -67.6245 1.6
      vertex 77.0876 -67.6245 2
    endloop
  endfacet
  facet normal 0.987823 0.155583 0
    outer loop
      vertex 77.0876 -67.6245 1.6
      vertex 77.1675 -68.1318 2
      vertex 77.1675 -68.1318 1.6
    endloop
  endfacet
  facet normal 0.849688 0.527286 0
    outer loop
      vertex 77.0876 -67.6245 2
      vertex 76.848 -67.2384 1.6
      vertex 76.848 -67.2384 2
    endloop
  endfacet
  facet normal 0.849688 0.527286 0
    outer loop
      vertex 76.848 -67.2384 1.6
      vertex 77.0876 -67.6245 2
      vertex 77.0876 -67.6245 1.6
    endloop
  endfacet
  facet normal 0.538759 0.84246 -0
    outer loop
      vertex 76.848 -67.2384 1.6
      vertex 76.4663 -66.9943 2
      vertex 76.848 -67.2384 2
    endloop
  endfacet
  facet normal 0.538759 0.84246 0
    outer loop
      vertex 76.4663 -66.9943 2
      vertex 76.848 -67.2384 1.6
      vertex 76.4663 -66.9943 1.6
    endloop
  endfacet
  facet normal 0.158889 0.987296 -0
    outer loop
      vertex 76.4663 -66.9943 1.6
      vertex 75.9605 -66.9129 2
      vertex 76.4663 -66.9943 2
    endloop
  endfacet
  facet normal 0.158889 0.987296 0
    outer loop
      vertex 75.9605 -66.9129 2
      vertex 76.4663 -66.9943 1.6
      vertex 75.9605 -66.9129 1.6
    endloop
  endfacet
  facet normal -0.157236 0.987561 0
    outer loop
      vertex 75.9605 -66.9129 1.6
      vertex 75.4549 -66.9934 2
      vertex 75.9605 -66.9129 2
    endloop
  endfacet
  facet normal -0.157236 0.987561 0
    outer loop
      vertex 75.4549 -66.9934 2
      vertex 75.9605 -66.9129 1.6
      vertex 75.4549 -66.9934 1.6
    endloop
  endfacet
  facet normal -0.535527 0.844518 0
    outer loop
      vertex 75.4549 -66.9934 1.6
      vertex 75.0739 -67.235 2
      vertex 75.4549 -66.9934 2
    endloop
  endfacet
  facet normal -0.535527 0.844518 0
    outer loop
      vertex 75.0739 -67.235 2
      vertex 75.4549 -66.9934 1.6
      vertex 75.0739 -67.235 1.6
    endloop
  endfacet
  facet normal -0.849691 0.527281 0
    outer loop
      vertex 74.8348 -67.6203 1.6
      vertex 75.0739 -67.235 2
      vertex 75.0739 -67.235 1.6
    endloop
  endfacet
  facet normal -0.849691 0.527281 0
    outer loop
      vertex 75.0739 -67.235 2
      vertex 74.8348 -67.6203 1.6
      vertex 74.8348 -67.6203 2
    endloop
  endfacet
  facet normal -0.988077 0.153958 0
    outer loop
      vertex 74.7551 -68.1318 1.6
      vertex 74.8348 -67.6203 2
      vertex 74.8348 -67.6203 1.6
    endloop
  endfacet
  facet normal -0.988077 0.153958 0
    outer loop
      vertex 74.8348 -67.6203 2
      vertex 74.7551 -68.1318 1.6
      vertex 74.7551 -68.1318 2
    endloop
  endfacet
  facet normal -0.988187 -0.153253 0
    outer loop
      vertex 74.835 -68.647 1.6
      vertex 74.7551 -68.1318 2
      vertex 74.7551 -68.1318 1.6
    endloop
  endfacet
  facet normal -0.988187 -0.153253 0
    outer loop
      vertex 74.7551 -68.1318 2
      vertex 74.835 -68.647 1.6
      vertex 74.835 -68.647 2
    endloop
  endfacet
  facet normal -0.853556 -0.521002 0
    outer loop
      vertex 75.0747 -69.0397 1.6
      vertex 74.835 -68.647 2
      vertex 74.835 -68.647 1.6
    endloop
  endfacet
  facet normal -0.853556 -0.521002 0
    outer loop
      vertex 74.835 -68.647 2
      vertex 75.0747 -69.0397 1.6
      vertex 75.0747 -69.0397 2
    endloop
  endfacet
  facet normal -0.546905 -0.837194 0
    outer loop
      vertex 75.0747 -69.0397 1.6
      vertex 75.4551 -69.2882 2
      vertex 75.0747 -69.0397 2
    endloop
  endfacet
  facet normal -0.546905 -0.837194 -0
    outer loop
      vertex 75.4551 -69.2882 2
      vertex 75.0747 -69.0397 1.6
      vertex 75.4551 -69.2882 1.6
    endloop
  endfacet
  facet normal -0.162933 -0.986637 0
    outer loop
      vertex 75.4551 -69.2882 1.6
      vertex 75.9571 -69.3711 2
      vertex 75.4551 -69.2882 2
    endloop
  endfacet
  facet normal -0.162933 -0.986637 -0
    outer loop
      vertex 75.9571 -69.3711 2
      vertex 75.4551 -69.2882 1.6
      vertex 75.9571 -69.3711 1.6
    endloop
  endfacet
  facet normal 0.108588 -0.994087 0
    outer loop
      vertex 75.9571 -69.3711 1.6
      vertex 76.3004 -69.3336 2
      vertex 75.9571 -69.3711 2
    endloop
  endfacet
  facet normal 0.108588 -0.994087 0
    outer loop
      vertex 76.3004 -69.3336 2
      vertex 75.9571 -69.3711 1.6
      vertex 76.3004 -69.3336 1.6
    endloop
  endfacet
  facet normal 0.608567 0.793503 -0
    outer loop
      vertex 75.6674 -68.9212 1.6
      vertex 75.446 -68.7514 2
      vertex 75.6674 -68.9212 2
    endloop
  endfacet
  facet normal 0.608567 0.793503 0
    outer loop
      vertex 75.446 -68.7514 2
      vertex 75.6674 -68.9212 1.6
      vertex 75.446 -68.7514 1.6
    endloop
  endfacet
  facet normal 0.88567 0.464316 0
    outer loop
      vertex 75.446 -68.7514 2
      vertex 75.3055 -68.4834 1.6
      vertex 75.3055 -68.4834 2
    endloop
  endfacet
  facet normal 0.88567 0.464316 0
    outer loop
      vertex 75.3055 -68.4834 1.6
      vertex 75.446 -68.7514 2
      vertex 75.446 -68.7514 1.6
    endloop
  endfacet
  facet normal 0.991257 0.131942 0
    outer loop
      vertex 75.3055 -68.4834 2
      vertex 75.2587 -68.1318 1.6
      vertex 75.2587 -68.1318 2
    endloop
  endfacet
  facet normal 0.991257 0.131942 0
    outer loop
      vertex 75.2587 -68.1318 1.6
      vertex 75.3055 -68.4834 2
      vertex 75.3055 -68.4834 1.6
    endloop
  endfacet
  facet normal 0.991434 -0.13061 0
    outer loop
      vertex 75.2587 -68.1318 2
      vertex 75.3044 -67.7849 1.6
      vertex 75.3044 -67.7849 2
    endloop
  endfacet
  facet normal 0.991434 -0.13061 0
    outer loop
      vertex 75.3044 -67.7849 1.6
      vertex 75.2587 -68.1318 2
      vertex 75.2587 -68.1318 1.6
    endloop
  endfacet
  facet normal 0.884867 -0.465844 0
    outer loop
      vertex 75.3044 -67.7849 2
      vertex 75.4417 -67.5241 1.6
      vertex 75.4417 -67.5241 2
    endloop
  endfacet
  facet normal 0.884867 -0.465844 0
    outer loop
      vertex 75.4417 -67.5241 1.6
      vertex 75.3044 -67.7849 2
      vertex 75.3044 -67.7849 1.6
    endloop
  endfacet
  facet normal 0.593992 -0.804471 0
    outer loop
      vertex 75.4417 -67.5241 1.6
      vertex 75.663 -67.3607 2
      vertex 75.4417 -67.5241 2
    endloop
  endfacet
  facet normal 0.593992 -0.804471 0
    outer loop
      vertex 75.663 -67.3607 2
      vertex 75.4417 -67.5241 1.6
      vertex 75.663 -67.3607 1.6
    endloop
  endfacet
  facet normal 0.180195 -0.983631 0
    outer loop
      vertex 75.663 -67.3607 1.6
      vertex 75.9605 -67.3062 2
      vertex 75.663 -67.3607 2
    endloop
  endfacet
  facet normal 0.180195 -0.983631 0
    outer loop
      vertex 75.9605 -67.3062 2
      vertex 75.663 -67.3607 1.6
      vertex 75.9605 -67.3062 1.6
    endloop
  endfacet
  facet normal -0.183743 -0.982974 0
    outer loop
      vertex 75.9605 -67.3062 1.6
      vertex 76.2542 -67.3611 2
      vertex 75.9605 -67.3062 2
    endloop
  endfacet
  facet normal -0.183743 -0.982974 -0
    outer loop
      vertex 76.2542 -67.3611 2
      vertex 75.9605 -67.3062 1.6
      vertex 76.2542 -67.3611 1.6
    endloop
  endfacet
  facet normal -0.599301 -0.800524 0
    outer loop
      vertex 76.2542 -67.3611 1.6
      vertex 76.4742 -67.5258 2
      vertex 76.2542 -67.3611 2
    endloop
  endfacet
  facet normal -0.599301 -0.800524 -0
    outer loop
      vertex 76.4742 -67.5258 2
      vertex 76.2542 -67.3611 1.6
      vertex 76.4742 -67.5258 1.6
    endloop
  endfacet
  facet normal -0.885161 -0.465285 0
    outer loop
      vertex 76.6115 -67.787 1.6
      vertex 76.4742 -67.5258 2
      vertex 76.4742 -67.5258 1.6
    endloop
  endfacet
  facet normal -0.885161 -0.465285 0
    outer loop
      vertex 76.4742 -67.5258 2
      vertex 76.6115 -67.787 1.6
      vertex 76.6115 -67.787 2
    endloop
  endfacet
  facet normal -0.991293 -0.131674 0
    outer loop
      vertex 76.6573 -68.1318 1.6
      vertex 76.6115 -67.787 2
      vertex 76.6115 -67.787 1.6
    endloop
  endfacet
  facet normal -0.991293 -0.131674 0
    outer loop
      vertex 76.6115 -67.787 2
      vertex 76.6573 -68.1318 1.6
      vertex 76.6573 -68.1318 2
    endloop
  endfacet
  facet normal -0.992029 0.126007 0
    outer loop
      vertex 76.6117 -68.4908 1.6
      vertex 76.6573 -68.1318 2
      vertex 76.6573 -68.1318 1.6
    endloop
  endfacet
  facet normal -0.992029 0.126007 0
    outer loop
      vertex 76.6573 -68.1318 2
      vertex 76.6117 -68.4908 1.6
      vertex 76.6117 -68.4908 2
    endloop
  endfacet
  facet normal -0.889842 0.456269 0
    outer loop
      vertex 76.475 -68.7574 1.6
      vertex 76.6117 -68.4908 2
      vertex 76.6117 -68.4908 1.6
    endloop
  endfacet
  facet normal -0.889842 0.456269 0
    outer loop
      vertex 76.6117 -68.4908 2
      vertex 76.475 -68.7574 1.6
      vertex 76.475 -68.7574 2
    endloop
  endfacet
  facet normal -0.599652 0.800261 0
    outer loop
      vertex 76.475 -68.7574 1.6
      vertex 76.2544 -68.9227 2
      vertex 76.475 -68.7574 2
    endloop
  endfacet
  facet normal -0.599652 0.800261 0
    outer loop
      vertex 76.2544 -68.9227 2
      vertex 76.475 -68.7574 1.6
      vertex 76.2544 -68.9227 1.6
    endloop
  endfacet
  facet normal -0.182231 0.983256 0
    outer loop
      vertex 76.2544 -68.9227 1.6
      vertex 75.9571 -68.9778 2
      vertex 76.2544 -68.9227 2
    endloop
  endfacet
  facet normal -0.182231 0.983256 0
    outer loop
      vertex 75.9571 -68.9778 2
      vertex 76.2544 -68.9227 1.6
      vertex 75.9571 -68.9778 1.6
    endloop
  endfacet
  facet normal 0.191749 0.981444 -0
    outer loop
      vertex 75.9571 -68.9778 1.6
      vertex 75.6674 -68.9212 2
      vertex 75.9571 -68.9778 2
    endloop
  endfacet
  facet normal 0.191749 0.981444 0
    outer loop
      vertex 75.6674 -68.9212 2
      vertex 75.9571 -68.9778 1.6
      vertex 75.6674 -68.9212 1.6
    endloop
  endfacet
  facet normal 0 -1 0
    outer loop
      vertex 72.9625 -68.7269 1.6
      vertex 73.8729 -68.7269 2
      vertex 72.9625 -68.7269 2
    endloop
  endfacet
  facet normal 0 -1 -0
    outer loop
      vertex 73.8729 -68.7269 2
      vertex 72.9625 -68.7269 1.6
      vertex 73.8729 -68.7269 1.6
    endloop
  endfacet
  facet normal -0.944678 -0.327998 0
    outer loop
      vertex 74.0848 -69.3372 1.6
      vertex 73.8729 -68.7269 2
      vertex 73.8729 -68.7269 1.6
    endloop
  endfacet
  facet normal -0.944678 -0.327998 0
    outer loop
      vertex 73.8729 -68.7269 2
      vertex 74.0848 -69.3372 1.6
      vertex 74.0848 -69.3372 2
    endloop
  endfacet
  facet normal 0 -1 0
    outer loop
      vertex 74.0848 -69.3372 1.6
      vertex 74.5798 -69.3372 2
      vertex 74.0848 -69.3372 2
    endloop
  endfacet
  facet normal 0 -1 -0
    outer loop
      vertex 74.5798 -69.3372 2
      vertex 74.0848 -69.3372 1.6
      vertex 74.5798 -69.3372 1.6
    endloop
  endfacet
  facet normal 0.939872 0.341528 0
    outer loop
      vertex 74.5798 -69.3372 2
      vertex 73.7118 -66.9485 1.6
      vertex 73.7118 -66.9485 2
    endloop
  endfacet
  facet normal 0.939872 0.341528 0
    outer loop
      vertex 73.7118 -66.9485 1.6
      vertex 74.5798 -69.3372 2
      vertex 74.5798 -69.3372 1.6
    endloop
  endfacet
  facet normal 0 1 -0
    outer loop
      vertex 73.7118 -66.9485 1.6
      vertex 73.1218 -66.9485 2
      vertex 73.7118 -66.9485 2
    endloop
  endfacet
  facet normal 0 1 0
    outer loop
      vertex 73.1218 -66.9485 2
      vertex 73.7118 -66.9485 1.6
      vertex 73.1218 -66.9485 1.6
    endloop
  endfacet
  facet normal -0.939442 0.342709 0
    outer loop
      vertex 72.2504 -69.3372 1.6
      vertex 73.1218 -66.9485 2
      vertex 73.1218 -66.9485 1.6
    endloop
  endfacet
  facet normal -0.939442 0.342709 0
    outer loop
      vertex 73.1218 -66.9485 2
      vertex 72.2504 -69.3372 1.6
      vertex 72.2504 -69.3372 2
    endloop
  endfacet
  facet normal 0 -1 0
    outer loop
      vertex 72.2504 -69.3372 1.6
      vertex 72.7505 -69.3372 2
      vertex 72.2504 -69.3372 2
    endloop
  endfacet
  facet normal 0 -1 -0
    outer loop
      vertex 72.7505 -69.3372 2
      vertex 72.2504 -69.3372 1.6
      vertex 72.7505 -69.3372 1.6
    endloop
  endfacet
  facet normal 0.94463 -0.328136 0
    outer loop
      vertex 72.7505 -69.3372 2
      vertex 72.9625 -68.7269 1.6
      vertex 72.9625 -68.7269 2
    endloop
  endfacet
  facet normal 0.94463 -0.328136 0
    outer loop
      vertex 72.9625 -68.7269 1.6
      vertex 72.7505 -69.3372 2
      vertex 72.7505 -69.3372 1.6
    endloop
  endfacet
  facet normal 0.946101 -0.323872 0
    outer loop
      vertex 73.0743 -68.3505 2
      vertex 73.2812 -67.7461 1.6
      vertex 73.2812 -67.7461 2
    endloop
  endfacet
  facet normal 0.946101 -0.323872 0
    outer loop
      vertex 73.2812 -67.7461 1.6
      vertex 73.0743 -68.3505 2
      vertex 73.0743 -68.3505 1.6
    endloop
  endfacet
  facet normal 0.948421 -0.317014 0
    outer loop
      vertex 73.2812 -67.7461 2
      vertex 73.3659 -67.4927 1.6
      vertex 73.3659 -67.4927 2
    endloop
  endfacet
  facet normal 0.948421 -0.317014 0
    outer loop
      vertex 73.3659 -67.4927 1.6
      vertex 73.2812 -67.7461 2
      vertex 73.2812 -67.7461 1.6
    endloop
  endfacet
  facet normal 0.957969 -0.286871 0
    outer loop
      vertex 73.3659 -67.4927 2
      vertex 73.388 -67.4189 1.6
      vertex 73.388 -67.4189 2
    endloop
  endfacet
  facet normal 0.957969 -0.286871 0
    outer loop
      vertex 73.388 -67.4189 1.6
      vertex 73.3659 -67.4927 2
      vertex 73.3659 -67.4927 1.6
    endloop
  endfacet
  facet normal 0.961245 -0.275695 0
    outer loop
      vertex 73.388 -67.4189 2
      vertex 73.4067 -67.3537 1.6
      vertex 73.4067 -67.3537 2
    endloop
  endfacet
  facet normal 0.961245 -0.275695 0
    outer loop
      vertex 73.4067 -67.3537 1.6
      vertex 73.388 -67.4189 2
      vertex 73.388 -67.4189 1.6
    endloop
  endfacet
  facet normal 0.96524 -0.261365 0
    outer loop
      vertex 73.4067 -67.3537 2
      vertex 73.4168 -67.3164 1.6
      vertex 73.4168 -67.3164 2
    endloop
  endfacet
  facet normal 0.96524 -0.261365 0
    outer loop
      vertex 73.4168 -67.3164 1.6
      vertex 73.4067 -67.3537 2
      vertex 73.4067 -67.3537 1.6
    endloop
  endfacet
  facet normal -0.956694 -0.291097 0
    outer loop
      vertex 73.4524 -67.4334 1.6
      vertex 73.4168 -67.3164 2
      vertex 73.4168 -67.3164 1.6
    endloop
  endfacet
  facet normal -0.956694 -0.291097 0
    outer loop
      vertex 73.4168 -67.3164 2
      vertex 73.4524 -67.4334 1.6
      vertex 73.4524 -67.4334 2
    endloop
  endfacet
  facet normal -0.953451 -0.301547 0
    outer loop
      vertex 73.5253 -67.6639 1.6
      vertex 73.4524 -67.4334 2
      vertex 73.4524 -67.4334 1.6
    endloop
  endfacet
  facet normal -0.953451 -0.301547 0
    outer loop
      vertex 73.4524 -67.4334 2
      vertex 73.5253 -67.6639 1.6
      vertex 73.5253 -67.6639 2
    endloop
  endfacet
  facet normal -0.945864 -0.324564 0
    outer loop
      vertex 73.7609 -68.3505 1.6
      vertex 73.5253 -67.6639 2
      vertex 73.5253 -67.6639 1.6
    endloop
  endfacet
  facet normal -0.945864 -0.324564 0
    outer loop
      vertex 73.5253 -67.6639 2
      vertex 73.7609 -68.3505 1.6
      vertex 73.7609 -68.3505 2
    endloop
  endfacet
  facet normal 0 1 -0
    outer loop
      vertex 73.7609 -68.3505 1.6
      vertex 73.0743 -68.3505 2
      vertex 73.7609 -68.3505 2
    endloop
  endfacet
  facet normal 0 1 0
    outer loop
      vertex 73.0743 -68.3505 2
      vertex 73.7609 -68.3505 1.6
      vertex 73.0743 -68.3505 1.6
    endloop
  endfacet
  facet normal 0 1 -0
    outer loop
      vertex 79.0845 -68.9828 1.6
      vertex 78.537 -68.9828 2
      vertex 79.0845 -68.9828 2
    endloop
  endfacet
  facet normal 0 1 0
    outer loop
      vertex 78.537 -68.9828 2
      vertex 79.0845 -68.9828 1.6
      vertex 78.537 -68.9828 1.6
    endloop
  endfacet
  facet normal 1 -0 0
    outer loop
      vertex 78.537 -68.9828 2
      vertex 78.537 -66.9485 1.6
      vertex 78.537 -66.9485 2
    endloop
  endfacet
  facet normal 1 0 0
    outer loop
      vertex 78.537 -66.9485 1.6
      vertex 78.537 -68.9828 2
      vertex 78.537 -68.9828 1.6
    endloop
  endfacet
  facet normal 0 1 -0
    outer loop
      vertex 78.537 -66.9485 1.6
      vertex 78.086 -66.9485 2
      vertex 78.537 -66.9485 2
    endloop
  endfacet
  facet normal 0 1 0
    outer loop
      vertex 78.086 -66.9485 2
      vertex 78.537 -66.9485 1.6
      vertex 78.086 -66.9485 1.6
    endloop
  endfacet
  facet normal -0.544239 0.83893 0
    outer loop
      vertex 78.086 -66.9485 1.6
      vertex 77.4876 -67.3367 2
      vertex 78.086 -66.9485 2
    endloop
  endfacet
  facet normal -0.544239 0.83893 0
    outer loop
      vertex 77.4876 -67.3367 2
      vertex 78.086 -66.9485 1.6
      vertex 77.4876 -67.3367 1.6
    endloop
  endfacet
  facet normal -1 0 0
    outer loop
      vertex 77.4876 -67.7114 1.6
      vertex 77.4876 -67.3367 2
      vertex 77.4876 -67.3367 1.6
    endloop
  endfacet
  facet normal -1 -0 0
    outer loop
      vertex 77.4876 -67.3367 2
      vertex 77.4876 -67.7114 1.6
      vertex 77.4876 -67.7114 2
    endloop
  endfacet
  facet normal 0.529546 -0.848281 0
    outer loop
      vertex 77.4876 -67.7114 1.6
      vertex 78.0606 -67.3537 2
      vertex 77.4876 -67.7114 2
    endloop
  endfacet
  facet normal 0.529546 -0.848281 0
    outer loop
      vertex 78.0606 -67.3537 2
      vertex 77.4876 -67.7114 1.6
      vertex 78.0606 -67.3537 1.6
    endloop
  endfacet
  facet normal -1 0 0
    outer loop
      vertex 78.0606 -68.9828 1.6
      vertex 78.0606 -67.3537 2
      vertex 78.0606 -67.3537 1.6
    endloop
  endfacet
  facet normal -1 -0 0
    outer loop
      vertex 78.0606 -67.3537 2
      vertex 78.0606 -68.9828 1.6
      vertex 78.0606 -68.9828 2
    endloop
  endfacet
  facet normal 0 1 -0
    outer loop
      vertex 78.0606 -68.9828 1.6
      vertex 77.4689 -68.9828 2
      vertex 78.0606 -68.9828 2
    endloop
  endfacet
  facet normal 0 1 0
    outer loop
      vertex 77.4689 -68.9828 2
      vertex 78.0606 -68.9828 1.6
      vertex 77.4689 -68.9828 1.6
    endloop
  endfacet
  facet normal -1 0 0
    outer loop
      vertex 77.4689 -69.3372 1.6
      vertex 77.4689 -68.9828 2
      vertex 77.4689 -68.9828 1.6
    endloop
  endfacet
  facet normal -1 -0 0
    outer loop
      vertex 77.4689 -68.9828 2
      vertex 77.4689 -69.3372 1.6
      vertex 77.4689 -69.3372 2
    endloop
  endfacet
  facet normal 0 -1 0
    outer loop
      vertex 77.4689 -69.3372 1.6
      vertex 79.0845 -69.3372 2
      vertex 77.4689 -69.3372 2
    endloop
  endfacet
  facet normal 0 -1 -0
    outer loop
      vertex 79.0845 -69.3372 2
      vertex 77.4689 -69.3372 1.6
      vertex 79.0845 -69.3372 1.6
    endloop
  endfacet
  facet normal 1 -0 0
    outer loop
      vertex 79.0845 -69.3372 2
      vertex 79.0845 -68.9828 1.6
      vertex 79.0845 -68.9828 2
    endloop
  endfacet
  facet normal 1 0 0
    outer loop
      vertex 79.0845 -68.9828 1.6
      vertex 79.0845 -69.3372 2
      vertex 79.0845 -69.3372 1.6
    endloop
  endfacet
  facet normal -0 0 -1
    outer loop
      vertex 95.1307 -68.4823 1.6
      vertex 94.6117 -68.4908 1.6
      vertex 94.6573 -68.1318 1.6
    endloop
  endfacet
  facet normal 0 0 -1
    outer loop
      vertex 94.475 -68.7574 1.6
      vertex 94.8408 -69.0377 1.6
      vertex 94.5979 -69.2211 1.6
    endloop
  endfacet
  facet normal 0 0 -1
    outer loop
      vertex 95.02 -68.7879 1.6
      vertex 94.475 -68.7574 1.6
      vertex 94.6117 -68.4908 1.6
    endloop
  endfacet
  facet normal 0 0 -1
    outer loop
      vertex 94.2544 -68.9227 1.6
      vertex 94.5979 -69.2211 1.6
      vertex 94.3004 -69.3336 1.6
    endloop
  endfacet
  facet normal 0 0 -1
    outer loop
      vertex 94.5979 -69.2211 1.6
      vertex 94.2544 -68.9227 1.6
      vertex 94.475 -68.7574 1.6
    endloop
  endfacet
  facet normal 0 0 -1
    outer loop
      vertex 93.9571 -68.9778 1.6
      vertex 94.3004 -69.3336 1.6
      vertex 93.9571 -69.3711 1.6
    endloop
  endfacet
  facet normal 0 0 -1
    outer loop
      vertex 94.3004 -69.3336 1.6
      vertex 93.9571 -68.9778 1.6
      vertex 94.2544 -68.9227 1.6
    endloop
  endfacet
  facet normal 0 0 -1
    outer loop
      vertex 93.9571 -69.3711 1.6
      vertex 93.6674 -68.9212 1.6
      vertex 93.9571 -68.9778 1.6
    endloop
  endfacet
  facet normal 0 0 -1
    outer loop
      vertex 93.4551 -69.2882 1.6
      vertex 93.6674 -68.9212 1.6
      vertex 93.9571 -69.3711 1.6
    endloop
  endfacet
  facet normal 0 0 -1
    outer loop
      vertex 93.4551 -69.2882 1.6
      vertex 93.446 -68.7514 1.6
      vertex 93.6674 -68.9212 1.6
    endloop
  endfacet
  facet normal 0 0 -1
    outer loop
      vertex 93.0747 -69.0397 1.6
      vertex 93.446 -68.7514 1.6
      vertex 93.4551 -69.2882 1.6
    endloop
  endfacet
  facet normal 0 0 -1
    outer loop
      vertex 92.835 -68.647 1.6
      vertex 93.3055 -68.4834 1.6
      vertex 93.0747 -69.0397 1.6
    endloop
  endfacet
  facet normal -0 0 -1
    outer loop
      vertex 93.446 -68.7514 1.6
      vertex 93.0747 -69.0397 1.6
      vertex 93.3055 -68.4834 1.6
    endloop
  endfacet
  facet normal 0 0 -1
    outer loop
      vertex 94.6573 -68.1318 1.6
      vertex 95.1675 -68.1318 1.6
      vertex 95.1307 -68.4823 1.6
    endloop
  endfacet
  facet normal 0 0 -1
    outer loop
      vertex 94.6117 -68.4908 1.6
      vertex 95.1307 -68.4823 1.6
      vertex 95.02 -68.7879 1.6
    endloop
  endfacet
  facet normal 0 0 -1
    outer loop
      vertex 94.6115 -67.787 1.6
      vertex 95.1675 -68.1318 1.6
      vertex 94.6573 -68.1318 1.6
    endloop
  endfacet
  facet normal 0 0 -1
    outer loop
      vertex 94.475 -68.7574 1.6
      vertex 95.02 -68.7879 1.6
      vertex 94.8408 -69.0377 1.6
    endloop
  endfacet
  facet normal 0 0 -1
    outer loop
      vertex 95.1675 -68.1318 1.6
      vertex 94.6115 -67.787 1.6
      vertex 95.0876 -67.6245 1.6
    endloop
  endfacet
  facet normal -0 0 -1
    outer loop
      vertex 95.0876 -67.6245 1.6
      vertex 94.6115 -67.787 1.6
      vertex 94.848 -67.2384 1.6
    endloop
  endfacet
  facet normal 0 0 -1
    outer loop
      vertex 94.4742 -67.5258 1.6
      vertex 94.848 -67.2384 1.6
      vertex 94.6115 -67.787 1.6
    endloop
  endfacet
  facet normal 0 0 -1
    outer loop
      vertex 94.4742 -67.5258 1.6
      vertex 94.4663 -66.9943 1.6
      vertex 94.848 -67.2384 1.6
    endloop
  endfacet
  facet normal 0 0 -1
    outer loop
      vertex 94.2542 -67.3611 1.6
      vertex 94.4663 -66.9943 1.6
      vertex 94.4742 -67.5258 1.6
    endloop
  endfacet
  facet normal 0 0 -1
    outer loop
      vertex 93.9605 -66.9129 1.6
      vertex 94.2542 -67.3611 1.6
      vertex 93.9605 -67.3062 1.6
    endloop
  endfacet
  facet normal 0 0 -1
    outer loop
      vertex 94.2542 -67.3611 1.6
      vertex 93.9605 -66.9129 1.6
      vertex 94.4663 -66.9943 1.6
    endloop
  endfacet
  facet normal 0 0 -1
    outer loop
      vertex 93.663 -67.3607 1.6
      vertex 93.9605 -66.9129 1.6
      vertex 93.9605 -67.3062 1.6
    endloop
  endfacet
  facet normal 0 0 -1
    outer loop
      vertex 93.663 -67.3607 1.6
      vertex 93.4549 -66.9934 1.6
      vertex 93.9605 -66.9129 1.6
    endloop
  endfacet
  facet normal 0 0 -1
    outer loop
      vertex 93.4417 -67.5241 1.6
      vertex 93.4549 -66.9934 1.6
      vertex 93.663 -67.3607 1.6
    endloop
  endfacet
  facet normal 0 0 -1
    outer loop
      vertex 93.0739 -67.235 1.6
      vertex 93.4417 -67.5241 1.6
      vertex 93.3044 -67.7849 1.6
    endloop
  endfacet
  facet normal 0 0 -1
    outer loop
      vertex 92.7551 -68.1318 1.6
      vertex 93.3055 -68.4834 1.6
      vertex 92.835 -68.647 1.6
    endloop
  endfacet
  facet normal 0 0 -1
    outer loop
      vertex 93.4417 -67.5241 1.6
      vertex 93.0739 -67.235 1.6
      vertex 93.4549 -66.9934 1.6
    endloop
  endfacet
  facet normal 0 0 -1
    outer loop
      vertex 93.3055 -68.4834 1.6
      vertex 92.7551 -68.1318 1.6
      vertex 93.2587 -68.1318 1.6
    endloop
  endfacet
  facet normal 0 0 -1
    outer loop
      vertex 93.2587 -68.1318 1.6
      vertex 92.7551 -68.1318 1.6
      vertex 93.3044 -67.7849 1.6
    endloop
  endfacet
  facet normal 0 -0 -1
    outer loop
      vertex 92.8348 -67.6203 1.6
      vertex 93.3044 -67.7849 1.6
      vertex 92.7551 -68.1318 1.6
    endloop
  endfacet
  facet normal 0 0 -1
    outer loop
      vertex 93.3044 -67.7849 1.6
      vertex 92.8348 -67.6203 1.6
      vertex 93.0739 -67.235 1.6
    endloop
  endfacet
  facet normal 0 0 -1
    outer loop
      vertex 97.0422 -69.3372 1.6
      vertex 95.9334 -68.9456 1.6
      vertex 97.0422 -68.9456 1.6
    endloop
  endfacet
  facet normal 0 0 -1
    outer loop
      vertex 96.0784 -68.7387 1.6
      vertex 95.6359 -68.6065 1.6
      vertex 95.8302 -68.4073 1.6
    endloop
  endfacet
  facet normal 0 0 -1
    outer loop
      vertex 95.9334 -68.9456 1.6
      vertex 95.4835 -68.804 1.6
      vertex 95.6359 -68.6065 1.6
    endloop
  endfacet
  facet normal 0 0 -1
    outer loop
      vertex 95.3706 -69.3372 1.6
      vertex 95.9334 -68.9456 1.6
      vertex 97.0422 -69.3372 1.6
    endloop
  endfacet
  facet normal 0 0 -1
    outer loop
      vertex 95.3706 -69.0066 1.6
      vertex 95.9334 -68.9456 1.6
      vertex 95.3706 -69.3372 1.6
    endloop
  endfacet
  facet normal -0 0 -1
    outer loop
      vertex 95.9334 -68.9456 1.6
      vertex 95.3706 -69.0066 1.6
      vertex 95.4835 -68.804 1.6
    endloop
  endfacet
  facet normal 0 0 -1
    outer loop
      vertex 96.9883 -67.744 1.6
      vertex 96.4965 -67.733 1.6
      vertex 96.5217 -67.6046 1.6
    endloop
  endfacet
  facet normal 0 0 -1
    outer loop
      vertex 96.6601 -68.2486 1.6
      vertex 96.4208 -67.864 1.6
      vertex 96.4965 -67.733 1.6
    endloop
  endfacet
  facet normal 0 0 -1
    outer loop
      vertex 96.2824 -68.014 1.6
      vertex 96.5395 -68.3522 1.6
      vertex 96.4151 -68.451 1.6
    endloop
  endfacet
  facet normal 0 0 -1
    outer loop
      vertex 96.069 -68.1996 1.6
      vertex 96.4151 -68.451 1.6
      vertex 96.2945 -68.5472 1.6
    endloop
  endfacet
  facet normal 0 0 -1
    outer loop
      vertex 96.6601 -68.2486 1.6
      vertex 96.2824 -68.014 1.6
      vertex 96.4208 -67.864 1.6
    endloop
  endfacet
  facet normal 0 0 -1
    outer loop
      vertex 96.069 -68.1996 1.6
      vertex 96.2945 -68.5472 1.6
      vertex 96.1811 -68.6425 1.6
    endloop
  endfacet
  facet normal 0 0 -1
    outer loop
      vertex 95.8302 -68.4073 1.6
      vertex 96.1811 -68.6425 1.6
      vertex 96.0784 -68.7387 1.6
    endloop
  endfacet
  facet normal 0 0 -1
    outer loop
      vertex 96.4151 -68.451 1.6
      vertex 96.069 -68.1996 1.6
      vertex 96.2824 -68.014 1.6
    endloop
  endfacet
  facet normal 0 0 -1
    outer loop
      vertex 95.6359 -68.6065 1.6
      vertex 96.0784 -68.7387 1.6
      vertex 95.9934 -68.8387 1.6
    endloop
  endfacet
  facet normal 0 0 -1
    outer loop
      vertex 95.6359 -68.6065 1.6
      vertex 95.9934 -68.8387 1.6
      vertex 95.9334 -68.9456 1.6
    endloop
  endfacet
  facet normal 0 0 -1
    outer loop
      vertex 96.1811 -68.6425 1.6
      vertex 95.8302 -68.4073 1.6
      vertex 96.069 -68.1996 1.6
    endloop
  endfacet
  facet normal 0 0 -1
    outer loop
      vertex 96.5217 -67.6046 1.6
      vertex 97.0049 -67.5842 1.6
      vertex 96.9883 -67.744 1.6
    endloop
  endfacet
  facet normal 0 0 -1
    outer loop
      vertex 96.4965 -67.733 1.6
      vertex 96.9883 -67.744 1.6
      vertex 96.9387 -67.8877 1.6
    endloop
  endfacet
  facet normal 0 0 -1
    outer loop
      vertex 96.4965 -67.733 1.6
      vertex 96.9387 -67.8877 1.6
      vertex 96.8633 -68.018 1.6
    endloop
  endfacet
  facet normal -0 0 -1
    outer loop
      vertex 97.0049 -67.5842 1.6
      vertex 96.5217 -67.6046 1.6
      vertex 96.9532 -67.3011 1.6
    endloop
  endfacet
  facet normal 0 0 -1
    outer loop
      vertex 96.4965 -67.733 1.6
      vertex 96.8633 -68.018 1.6
      vertex 96.7692 -68.1378 1.6
    endloop
  endfacet
  facet normal 0 0 -1
    outer loop
      vertex 96.4965 -67.733 1.6
      vertex 96.7692 -68.1378 1.6
      vertex 96.6601 -68.2486 1.6
    endloop
  endfacet
  facet normal 0 0 -1
    outer loop
      vertex 96.4433 -67.3706 1.6
      vertex 96.9532 -67.3011 1.6
      vertex 96.5217 -67.6046 1.6
    endloop
  endfacet
  facet normal 0 0 -1
    outer loop
      vertex 96.2824 -68.014 1.6
      vertex 96.6601 -68.2486 1.6
      vertex 96.5395 -68.3522 1.6
    endloop
  endfacet
  facet normal -0 0 -1
    outer loop
      vertex 96.9532 -67.3011 1.6
      vertex 96.4433 -67.3706 1.6
      vertex 96.798 -67.0892 1.6
    endloop
  endfacet
  facet normal -0 0 -1
    outer loop
      vertex 96.798 -67.0892 1.6
      vertex 96.4433 -67.3706 1.6
      vertex 96.5463 -66.957 1.6
    endloop
  endfacet
  facet normal 0 0 -1
    outer loop
      vertex 96.2081 -67.2926 1.6
      vertex 96.5463 -66.957 1.6
      vertex 96.4433 -67.3706 1.6
    endloop
  endfacet
  facet normal 0 0 -1
    outer loop
      vertex 96.2081 -67.2926 1.6
      vertex 96.2047 -66.9129 1.6
      vertex 96.5463 -66.957 1.6
    endloop
  endfacet
  facet normal 0 0 -1
    outer loop
      vertex 96.0735 -67.3132 1.6
      vertex 96.2047 -66.9129 1.6
      vertex 96.2081 -67.2926 1.6
    endloop
  endfacet
  facet normal 0 0 -1
    outer loop
      vertex 95.8845 -66.9565 1.6
      vertex 96.0735 -67.3132 1.6
      vertex 95.975 -67.3749 1.6
    endloop
  endfacet
  facet normal 0 0 -1
    outer loop
      vertex 95.6393 -67.0875 1.6
      vertex 95.975 -67.3749 1.6
      vertex 95.9086 -67.4776 1.6
    endloop
  endfacet
  facet normal 0 0 -1
    outer loop
      vertex 96.0735 -67.3132 1.6
      vertex 95.8845 -66.9565 1.6
      vertex 96.2047 -66.9129 1.6
    endloop
  endfacet
  facet normal 0 0 -1
    outer loop
      vertex 95.4734 -67.3015 1.6
      vertex 95.9086 -67.4776 1.6
      vertex 95.8707 -67.6215 1.6
    endloop
  endfacet
  facet normal 0 0 -1
    outer loop
      vertex 95.975 -67.3749 1.6
      vertex 95.6393 -67.0875 1.6
      vertex 95.8845 -66.9565 1.6
    endloop
  endfacet
  facet normal 0 0 -1
    outer loop
      vertex 95.9086 -67.4776 1.6
      vertex 95.4734 -67.3015 1.6
      vertex 95.6393 -67.0875 1.6
    endloop
  endfacet
  facet normal 0 -0 -1
    outer loop
      vertex 95.4734 -67.3015 1.6
      vertex 95.8707 -67.6215 1.6
      vertex 95.3909 -67.5944 1.6
    endloop
  endfacet
  facet normal 0 0 -1
    outer loop
      vertex 91.8729 -68.7269 1.6
      vertex 91.0743 -68.3505 1.6
      vertex 91.7609 -68.3505 1.6
    endloop
  endfacet
  facet normal 0 -0 -1
    outer loop
      vertex 91.0743 -68.3505 1.6
      vertex 91.8729 -68.7269 1.6
      vertex 90.9625 -68.7269 1.6
    endloop
  endfacet
  facet normal 0 0 -1
    outer loop
      vertex 91.8729 -68.7269 1.6
      vertex 92.5798 -69.3372 1.6
      vertex 92.0848 -69.3372 1.6
    endloop
  endfacet
  facet normal 0 0 -1
    outer loop
      vertex 91.7609 -68.3505 1.6
      vertex 92.5798 -69.3372 1.6
      vertex 91.8729 -68.7269 1.6
    endloop
  endfacet
  facet normal 0 0 -1
    outer loop
      vertex 91.7609 -68.3505 1.6
      vertex 91.7118 -66.9485 1.6
      vertex 92.5798 -69.3372 1.6
    endloop
  endfacet
  facet normal 0 0 -1
    outer loop
      vertex 91.5253 -67.6639 1.6
      vertex 91.7118 -66.9485 1.6
      vertex 91.7609 -68.3505 1.6
    endloop
  endfacet
  facet normal 0 0 -1
    outer loop
      vertex 91.4524 -67.4334 1.6
      vertex 91.7118 -66.9485 1.6
      vertex 91.5253 -67.6639 1.6
    endloop
  endfacet
  facet normal 0 0 -1
    outer loop
      vertex 91.4168 -67.3164 1.6
      vertex 91.7118 -66.9485 1.6
      vertex 91.4524 -67.4334 1.6
    endloop
  endfacet
  facet normal 0 0 -1
    outer loop
      vertex 91.1218 -66.9485 1.6
      vertex 91.4067 -67.3537 1.6
      vertex 91.388 -67.4189 1.6
    endloop
  endfacet
  facet normal 0 0 -1
    outer loop
      vertex 91.1218 -66.9485 1.6
      vertex 91.388 -67.4189 1.6
      vertex 91.3659 -67.4927 1.6
    endloop
  endfacet
  facet normal 0 0 -1
    outer loop
      vertex 91.1218 -66.9485 1.6
      vertex 91.3659 -67.4927 1.6
      vertex 91.2812 -67.7461 1.6
    endloop
  endfacet
  facet normal 0 0 -1
    outer loop
      vertex 91.4168 -67.3164 1.6
      vertex 91.1218 -66.9485 1.6
      vertex 91.7118 -66.9485 1.6
    endloop
  endfacet
  facet normal 0 0 -1
    outer loop
      vertex 91.4067 -67.3537 1.6
      vertex 91.1218 -66.9485 1.6
      vertex 91.4168 -67.3164 1.6
    endloop
  endfacet
  facet normal 0 0 -1
    outer loop
      vertex 91.0743 -68.3505 1.6
      vertex 91.1218 -66.9485 1.6
      vertex 91.2812 -67.7461 1.6
    endloop
  endfacet
  facet normal 0 0 -1
    outer loop
      vertex 90.2504 -69.3372 1.6
      vertex 91.0743 -68.3505 1.6
      vertex 90.9625 -68.7269 1.6
    endloop
  endfacet
  facet normal 0 0 -1
    outer loop
      vertex 90.2504 -69.3372 1.6
      vertex 90.9625 -68.7269 1.6
      vertex 90.7505 -69.3372 1.6
    endloop
  endfacet
  facet normal -0 0 -1
    outer loop
      vertex 91.0743 -68.3505 1.6
      vertex 90.2504 -69.3372 1.6
      vertex 91.1218 -66.9485 1.6
    endloop
  endfacet
  facet normal -0 0 1
    outer loop
      vertex 94.6115 -67.787 2
      vertex 95.1675 -68.1318 2
      vertex 95.0876 -67.6245 2
    endloop
  endfacet
  facet normal 0 0 1
    outer loop
      vertex 95.1675 -68.1318 2
      vertex 94.6573 -68.1318 2
      vertex 95.1307 -68.4823 2
    endloop
  endfacet
  facet normal 0 0 1
    outer loop
      vertex 94.6115 -67.787 2
      vertex 95.0876 -67.6245 2
      vertex 94.848 -67.2384 2
    endloop
  endfacet
  facet normal 0 0 1
    outer loop
      vertex 94.6117 -68.4908 2
      vertex 95.1307 -68.4823 2
      vertex 94.6573 -68.1318 2
    endloop
  endfacet
  facet normal 0 0 1
    outer loop
      vertex 95.1307 -68.4823 2
      vertex 94.6117 -68.4908 2
      vertex 95.02 -68.7879 2
    endloop
  endfacet
  facet normal 0 0 1
    outer loop
      vertex 95.1675 -68.1318 2
      vertex 94.6115 -67.787 2
      vertex 94.6573 -68.1318 2
    endloop
  endfacet
  facet normal 0 0 1
    outer loop
      vertex 94.848 -67.2384 2
      vertex 94.4742 -67.5258 2
      vertex 94.6115 -67.787 2
    endloop
  endfacet
  facet normal 0 0 1
    outer loop
      vertex 94.4663 -66.9943 2
      vertex 94.4742 -67.5258 2
      vertex 94.848 -67.2384 2
    endloop
  endfacet
  facet normal 0 0 1
    outer loop
      vertex 94.4663 -66.9943 2
      vertex 94.2542 -67.3611 2
      vertex 94.4742 -67.5258 2
    endloop
  endfacet
  facet normal 0 0 1
    outer loop
      vertex 93.9605 -66.9129 2
      vertex 94.2542 -67.3611 2
      vertex 94.4663 -66.9943 2
    endloop
  endfacet
  facet normal 0 0 1
    outer loop
      vertex 93.9605 -66.9129 2
      vertex 93.9605 -67.3062 2
      vertex 94.2542 -67.3611 2
    endloop
  endfacet
  facet normal 0 0 1
    outer loop
      vertex 93.9605 -66.9129 2
      vertex 93.663 -67.3607 2
      vertex 93.9605 -67.3062 2
    endloop
  endfacet
  facet normal -0 0 1
    outer loop
      vertex 93.4549 -66.9934 2
      vertex 93.663 -67.3607 2
      vertex 93.9605 -66.9129 2
    endloop
  endfacet
  facet normal 0 0 1
    outer loop
      vertex 93.4549 -66.9934 2
      vertex 93.4417 -67.5241 2
      vertex 93.663 -67.3607 2
    endloop
  endfacet
  facet normal -0 0 1
    outer loop
      vertex 93.0739 -67.235 2
      vertex 93.4417 -67.5241 2
      vertex 93.4549 -66.9934 2
    endloop
  endfacet
  facet normal 0 0 1
    outer loop
      vertex 92.7551 -68.1318 2
      vertex 93.2587 -68.1318 2
      vertex 93.3044 -67.7849 2
    endloop
  endfacet
  facet normal 0 0 1
    outer loop
      vertex 93.4417 -67.5241 2
      vertex 93.0739 -67.235 2
      vertex 93.3044 -67.7849 2
    endloop
  endfacet
  facet normal -0 0 1
    outer loop
      vertex 92.8348 -67.6203 2
      vertex 93.3044 -67.7849 2
      vertex 93.0739 -67.235 2
    endloop
  endfacet
  facet normal 0 0 1
    outer loop
      vertex 93.2587 -68.1318 2
      vertex 92.7551 -68.1318 2
      vertex 92.835 -68.647 2
    endloop
  endfacet
  facet normal 0 0 1
    outer loop
      vertex 93.3044 -67.7849 2
      vertex 92.8348 -67.6203 2
      vertex 92.7551 -68.1318 2
    endloop
  endfacet
  facet normal 0 0 1
    outer loop
      vertex 93.2587 -68.1318 2
      vertex 92.835 -68.647 2
      vertex 93.0747 -69.0397 2
    endloop
  endfacet
  facet normal -0 0 1
    outer loop
      vertex 94.475 -68.7574 2
      vertex 95.02 -68.7879 2
      vertex 94.6117 -68.4908 2
    endloop
  endfacet
  facet normal 0 0 1
    outer loop
      vertex 95.02 -68.7879 2
      vertex 94.475 -68.7574 2
      vertex 94.8408 -69.0377 2
    endloop
  endfacet
  facet normal 0 0 1
    outer loop
      vertex 94.8408 -69.0377 2
      vertex 94.475 -68.7574 2
      vertex 94.5979 -69.2211 2
    endloop
  endfacet
  facet normal -0 0 1
    outer loop
      vertex 94.2544 -68.9227 2
      vertex 94.5979 -69.2211 2
      vertex 94.475 -68.7574 2
    endloop
  endfacet
  facet normal 0 0 1
    outer loop
      vertex 94.5979 -69.2211 2
      vertex 94.2544 -68.9227 2
      vertex 94.3004 -69.3336 2
    endloop
  endfacet
  facet normal -0 0 1
    outer loop
      vertex 93.9571 -68.9778 2
      vertex 94.3004 -69.3336 2
      vertex 94.2544 -68.9227 2
    endloop
  endfacet
  facet normal 0 0 1
    outer loop
      vertex 93.9571 -68.9778 2
      vertex 93.9571 -69.3711 2
      vertex 94.3004 -69.3336 2
    endloop
  endfacet
  facet normal 0 0 1
    outer loop
      vertex 93.6674 -68.9212 2
      vertex 93.9571 -69.3711 2
      vertex 93.9571 -68.9778 2
    endloop
  endfacet
  facet normal 0 0 1
    outer loop
      vertex 93.6674 -68.9212 2
      vertex 93.4551 -69.2882 2
      vertex 93.9571 -69.3711 2
    endloop
  endfacet
  facet normal 0 0 1
    outer loop
      vertex 93.446 -68.7514 2
      vertex 93.4551 -69.2882 2
      vertex 93.6674 -68.9212 2
    endloop
  endfacet
  facet normal 0 0 1
    outer loop
      vertex 93.0747 -69.0397 2
      vertex 93.446 -68.7514 2
      vertex 93.3055 -68.4834 2
    endloop
  endfacet
  facet normal 0 0 1
    outer loop
      vertex 93.446 -68.7514 2
      vertex 93.0747 -69.0397 2
      vertex 93.4551 -69.2882 2
    endloop
  endfacet
  facet normal 0 0 1
    outer loop
      vertex 93.0747 -69.0397 2
      vertex 93.3055 -68.4834 2
      vertex 93.2587 -68.1318 2
    endloop
  endfacet
  facet normal 0 0 1
    outer loop
      vertex 96.5217 -67.6046 2
      vertex 97.0049 -67.5842 2
      vertex 96.9532 -67.3011 2
    endloop
  endfacet
  facet normal 0 0 1
    outer loop
      vertex 97.0049 -67.5842 2
      vertex 96.5217 -67.6046 2
      vertex 96.9883 -67.744 2
    endloop
  endfacet
  facet normal -0 0 1
    outer loop
      vertex 96.4965 -67.733 2
      vertex 96.9883 -67.744 2
      vertex 96.5217 -67.6046 2
    endloop
  endfacet
  facet normal 0 0 1
    outer loop
      vertex 96.4433 -67.3706 2
      vertex 96.9532 -67.3011 2
      vertex 96.798 -67.0892 2
    endloop
  endfacet
  facet normal 0 0 1
    outer loop
      vertex 96.9883 -67.744 2
      vertex 96.4965 -67.733 2
      vertex 96.9387 -67.8877 2
    endloop
  endfacet
  facet normal 0 0 1
    outer loop
      vertex 96.9387 -67.8877 2
      vertex 96.4965 -67.733 2
      vertex 96.8633 -68.018 2
    endloop
  endfacet
  facet normal 0 0 1
    outer loop
      vertex 96.4433 -67.3706 2
      vertex 96.798 -67.0892 2
      vertex 96.5463 -66.957 2
    endloop
  endfacet
  facet normal -0 0 1
    outer loop
      vertex 96.4208 -67.864 2
      vertex 96.8633 -68.018 2
      vertex 96.4965 -67.733 2
    endloop
  endfacet
  facet normal 0 0 1
    outer loop
      vertex 96.8633 -68.018 2
      vertex 96.4208 -67.864 2
      vertex 96.7692 -68.1378 2
    endloop
  endfacet
  facet normal 0 0 1
    outer loop
      vertex 96.9532 -67.3011 2
      vertex 96.4433 -67.3706 2
      vertex 96.5217 -67.6046 2
    endloop
  endfacet
  facet normal 0 0 1
    outer loop
      vertex 96.5463 -66.957 2
      vertex 96.2081 -67.2926 2
      vertex 96.4433 -67.3706 2
    endloop
  endfacet
  facet normal 0 0 1
    outer loop
      vertex 96.2047 -66.9129 2
      vertex 96.2081 -67.2926 2
      vertex 96.5463 -66.957 2
    endloop
  endfacet
  facet normal 0 0 1
    outer loop
      vertex 96.2047 -66.9129 2
      vertex 96.0735 -67.3132 2
      vertex 96.2081 -67.2926 2
    endloop
  endfacet
  facet normal -0 0 1
    outer loop
      vertex 95.8845 -66.9565 2
      vertex 96.0735 -67.3132 2
      vertex 96.2047 -66.9129 2
    endloop
  endfacet
  facet normal 0 0 1
    outer loop
      vertex 96.0735 -67.3132 2
      vertex 95.8845 -66.9565 2
      vertex 95.975 -67.3749 2
    endloop
  endfacet
  facet normal -0 0 1
    outer loop
      vertex 95.6393 -67.0875 2
      vertex 95.975 -67.3749 2
      vertex 95.8845 -66.9565 2
    endloop
  endfacet
  facet normal 0 0 1
    outer loop
      vertex 95.975 -67.3749 2
      vertex 95.6393 -67.0875 2
      vertex 95.9086 -67.4776 2
    endloop
  endfacet
  facet normal -0 0 1
    outer loop
      vertex 95.4734 -67.3015 2
      vertex 95.9086 -67.4776 2
      vertex 95.6393 -67.0875 2
    endloop
  endfacet
  facet normal 0 0 1
    outer loop
      vertex 95.9086 -67.4776 2
      vertex 95.4734 -67.3015 2
      vertex 95.8707 -67.6215 2
    endloop
  endfacet
  facet normal 0 0 1
    outer loop
      vertex 95.8707 -67.6215 2
      vertex 95.4734 -67.3015 2
      vertex 95.3909 -67.5944 2
    endloop
  endfacet
  facet normal 0 0 1
    outer loop
      vertex 96.7692 -68.1378 2
      vertex 96.4208 -67.864 2
      vertex 96.6601 -68.2486 2
    endloop
  endfacet
  facet normal -0 0 1
    outer loop
      vertex 96.2824 -68.014 2
      vertex 96.6601 -68.2486 2
      vertex 96.4208 -67.864 2
    endloop
  endfacet
  facet normal 0 0 1
    outer loop
      vertex 96.6601 -68.2486 2
      vertex 96.2824 -68.014 2
      vertex 96.5395 -68.3522 2
    endloop
  endfacet
  facet normal 0 0 1
    outer loop
      vertex 96.5395 -68.3522 2
      vertex 96.2824 -68.014 2
      vertex 96.4151 -68.451 2
    endloop
  endfacet
  facet normal -0 0 1
    outer loop
      vertex 96.069 -68.1996 2
      vertex 96.4151 -68.451 2
      vertex 96.2824 -68.014 2
    endloop
  endfacet
  facet normal 0 0 1
    outer loop
      vertex 96.4151 -68.451 2
      vertex 96.069 -68.1996 2
      vertex 96.2945 -68.5472 2
    endloop
  endfacet
  facet normal 0 0 1
    outer loop
      vertex 96.2945 -68.5472 2
      vertex 96.069 -68.1996 2
      vertex 96.1811 -68.6425 2
    endloop
  endfacet
  facet normal -0 0 1
    outer loop
      vertex 95.8302 -68.4073 2
      vertex 96.1811 -68.6425 2
      vertex 96.069 -68.1996 2
    endloop
  endfacet
  facet normal 0 0 1
    outer loop
      vertex 96.1811 -68.6425 2
      vertex 95.8302 -68.4073 2
      vertex 96.0784 -68.7387 2
    endloop
  endfacet
  facet normal -0 0 1
    outer loop
      vertex 95.6359 -68.6065 2
      vertex 96.0784 -68.7387 2
      vertex 95.8302 -68.4073 2
    endloop
  endfacet
  facet normal 0 0 1
    outer loop
      vertex 96.0784 -68.7387 2
      vertex 95.6359 -68.6065 2
      vertex 95.9934 -68.8387 2
    endloop
  endfacet
  facet normal -0 0 1
    outer loop
      vertex 95.9334 -68.9456 2
      vertex 97.0422 -69.3372 2
      vertex 97.0422 -68.9456 2
    endloop
  endfacet
  facet normal 0 0 1
    outer loop
      vertex 95.9934 -68.8387 2
      vertex 95.6359 -68.6065 2
      vertex 95.9334 -68.9456 2
    endloop
  endfacet
  facet normal -0 0 1
    outer loop
      vertex 95.4835 -68.804 2
      vertex 95.9334 -68.9456 2
      vertex 95.6359 -68.6065 2
    endloop
  endfacet
  facet normal 0 0 1
    outer loop
      vertex 95.3706 -69.0066 2
      vertex 95.9334 -68.9456 2
      vertex 95.4835 -68.804 2
    endloop
  endfacet
  facet normal 0 0 1
    outer loop
      vertex 95.9334 -68.9456 2
      vertex 95.3706 -69.0066 2
      vertex 95.3706 -69.3372 2
    endloop
  endfacet
  facet normal 0 0 1
    outer loop
      vertex 95.9334 -68.9456 2
      vertex 95.3706 -69.3372 2
      vertex 97.0422 -69.3372 2
    endloop
  endfacet
  facet normal 0 0 1
    outer loop
      vertex 92.5798 -69.3372 2
      vertex 91.8729 -68.7269 2
      vertex 92.0848 -69.3372 2
    endloop
  endfacet
  facet normal 0 0 1
    outer loop
      vertex 92.5798 -69.3372 2
      vertex 91.7609 -68.3505 2
      vertex 91.8729 -68.7269 2
    endloop
  endfacet
  facet normal 0 0 1
    outer loop
      vertex 91.7118 -66.9485 2
      vertex 91.7609 -68.3505 2
      vertex 92.5798 -69.3372 2
    endloop
  endfacet
  facet normal 0 0 1
    outer loop
      vertex 91.7118 -66.9485 2
      vertex 91.5253 -67.6639 2
      vertex 91.7609 -68.3505 2
    endloop
  endfacet
  facet normal 0 0 1
    outer loop
      vertex 91.7118 -66.9485 2
      vertex 91.4524 -67.4334 2
      vertex 91.5253 -67.6639 2
    endloop
  endfacet
  facet normal 0 0 1
    outer loop
      vertex 91.7118 -66.9485 2
      vertex 91.4168 -67.3164 2
      vertex 91.4524 -67.4334 2
    endloop
  endfacet
  facet normal 0 0 1
    outer loop
      vertex 91.1218 -66.9485 2
      vertex 91.4067 -67.3537 2
      vertex 91.4168 -67.3164 2
    endloop
  endfacet
  facet normal 0 0 1
    outer loop
      vertex 91.4067 -67.3537 2
      vertex 91.1218 -66.9485 2
      vertex 91.388 -67.4189 2
    endloop
  endfacet
  facet normal 0 0 1
    outer loop
      vertex 91.388 -67.4189 2
      vertex 91.1218 -66.9485 2
      vertex 91.3659 -67.4927 2
    endloop
  endfacet
  facet normal -0 0 1
    outer loop
      vertex 91.1218 -66.9485 2
      vertex 91.4168 -67.3164 2
      vertex 91.7118 -66.9485 2
    endloop
  endfacet
  facet normal 0 0 1
    outer loop
      vertex 91.3659 -67.4927 2
      vertex 91.1218 -66.9485 2
      vertex 91.2812 -67.7461 2
    endloop
  endfacet
  facet normal 0 0 1
    outer loop
      vertex 91.1218 -66.9485 2
      vertex 91.0743 -68.3505 2
      vertex 91.2812 -67.7461 2
    endloop
  endfacet
  facet normal 0 0 1
    outer loop
      vertex 90.2504 -69.3372 2
      vertex 91.0743 -68.3505 2
      vertex 91.1218 -66.9485 2
    endloop
  endfacet
  facet normal 0 0 1
    outer loop
      vertex 91.0743 -68.3505 2
      vertex 90.2504 -69.3372 2
      vertex 90.9625 -68.7269 2
    endloop
  endfacet
  facet normal 0 0 1
    outer loop
      vertex 90.9625 -68.7269 2
      vertex 90.2504 -69.3372 2
      vertex 90.7505 -69.3372 2
    endloop
  endfacet
  facet normal -0 0 1
    outer loop
      vertex 91.0743 -68.3505 2
      vertex 91.8729 -68.7269 2
      vertex 91.7609 -68.3505 2
    endloop
  endfacet
  facet normal 0 0 1
    outer loop
      vertex 91.8729 -68.7269 2
      vertex 91.0743 -68.3505 2
      vertex 90.9625 -68.7269 2
    endloop
  endfacet
  facet normal 0.353706 -0.935357 0
    outer loop
      vertex 94.3004 -69.3336 1.6
      vertex 94.5979 -69.2211 2
      vertex 94.3004 -69.3336 2
    endloop
  endfacet
  facet normal 0.353706 -0.935357 0
    outer loop
      vertex 94.5979 -69.2211 2
      vertex 94.3004 -69.3336 1.6
      vertex 94.5979 -69.2211 1.6
    endloop
  endfacet
  facet normal 0.602573 -0.798064 0
    outer loop
      vertex 94.5979 -69.2211 1.6
      vertex 94.8408 -69.0377 2
      vertex 94.5979 -69.2211 2
    endloop
  endfacet
  facet normal 0.602573 -0.798064 0
    outer loop
      vertex 94.8408 -69.0377 2
      vertex 94.5979 -69.2211 1.6
      vertex 94.8408 -69.0377 1.6
    endloop
  endfacet
  facet normal 0.812545 -0.582899 0
    outer loop
      vertex 94.8408 -69.0377 2
      vertex 95.02 -68.7879 1.6
      vertex 95.02 -68.7879 2
    endloop
  endfacet
  facet normal 0.812545 -0.582899 0
    outer loop
      vertex 95.02 -68.7879 1.6
      vertex 94.8408 -69.0377 2
      vertex 94.8408 -69.0377 1.6
    endloop
  endfacet
  facet normal 0.940215 -0.340582 0
    outer loop
      vertex 95.02 -68.7879 2
      vertex 95.1307 -68.4823 1.6
      vertex 95.1307 -68.4823 2
    endloop
  endfacet
  facet normal 0.940215 -0.340582 0
    outer loop
      vertex 95.1307 -68.4823 1.6
      vertex 95.02 -68.7879 2
      vertex 95.02 -68.7879 1.6
    endloop
  endfacet
  facet normal 0.994533 -0.104419 0
    outer loop
      vertex 95.1307 -68.4823 2
      vertex 95.1675 -68.1318 1.6
      vertex 95.1675 -68.1318 2
    endloop
  endfacet
  facet normal 0.994533 -0.104419 0
    outer loop
      vertex 95.1675 -68.1318 1.6
      vertex 95.1307 -68.4823 2
      vertex 95.1307 -68.4823 1.6
    endloop
  endfacet
  facet normal 0.987823 0.155583 0
    outer loop
      vertex 95.1675 -68.1318 2
      vertex 95.0876 -67.6245 1.6
      vertex 95.0876 -67.6245 2
    endloop
  endfacet
  facet normal 0.987823 0.155583 0
    outer loop
      vertex 95.0876 -67.6245 1.6
      vertex 95.1675 -68.1318 2
      vertex 95.1675 -68.1318 1.6
    endloop
  endfacet
  facet normal 0.849688 0.527286 0
    outer loop
      vertex 95.0876 -67.6245 2
      vertex 94.848 -67.2384 1.6
      vertex 94.848 -67.2384 2
    endloop
  endfacet
  facet normal 0.849688 0.527286 0
    outer loop
      vertex 94.848 -67.2384 1.6
      vertex 95.0876 -67.6245 2
      vertex 95.0876 -67.6245 1.6
    endloop
  endfacet
  facet normal 0.538759 0.84246 -0
    outer loop
      vertex 94.848 -67.2384 1.6
      vertex 94.4663 -66.9943 2
      vertex 94.848 -67.2384 2
    endloop
  endfacet
  facet normal 0.538759 0.84246 0
    outer loop
      vertex 94.4663 -66.9943 2
      vertex 94.848 -67.2384 1.6
      vertex 94.4663 -66.9943 1.6
    endloop
  endfacet
  facet normal 0.158889 0.987296 -0
    outer loop
      vertex 94.4663 -66.9943 1.6
      vertex 93.9605 -66.9129 2
      vertex 94.4663 -66.9943 2
    endloop
  endfacet
  facet normal 0.158889 0.987296 0
    outer loop
      vertex 93.9605 -66.9129 2
      vertex 94.4663 -66.9943 1.6
      vertex 93.9605 -66.9129 1.6
    endloop
  endfacet
  facet normal -0.157236 0.987561 0
    outer loop
      vertex 93.9605 -66.9129 1.6
      vertex 93.4549 -66.9934 2
      vertex 93.9605 -66.9129 2
    endloop
  endfacet
  facet normal -0.157236 0.987561 0
    outer loop
      vertex 93.4549 -66.9934 2
      vertex 93.9605 -66.9129 1.6
      vertex 93.4549 -66.9934 1.6
    endloop
  endfacet
  facet normal -0.535527 0.844518 0
    outer loop
      vertex 93.4549 -66.9934 1.6
      vertex 93.0739 -67.235 2
      vertex 93.4549 -66.9934 2
    endloop
  endfacet
  facet normal -0.535527 0.844518 0
    outer loop
      vertex 93.0739 -67.235 2
      vertex 93.4549 -66.9934 1.6
      vertex 93.0739 -67.235 1.6
    endloop
  endfacet
  facet normal -0.849691 0.527281 0
    outer loop
      vertex 92.8348 -67.6203 1.6
      vertex 93.0739 -67.235 2
      vertex 93.0739 -67.235 1.6
    endloop
  endfacet
  facet normal -0.849691 0.527281 0
    outer loop
      vertex 93.0739 -67.235 2
      vertex 92.8348 -67.6203 1.6
      vertex 92.8348 -67.6203 2
    endloop
  endfacet
  facet normal -0.988077 0.153958 0
    outer loop
      vertex 92.7551 -68.1318 1.6
      vertex 92.8348 -67.6203 2
      vertex 92.8348 -67.6203 1.6
    endloop
  endfacet
  facet normal -0.988077 0.153958 0
    outer loop
      vertex 92.8348 -67.6203 2
      vertex 92.7551 -68.1318 1.6
      vertex 92.7551 -68.1318 2
    endloop
  endfacet
  facet normal -0.988187 -0.153253 0
    outer loop
      vertex 92.835 -68.647 1.6
      vertex 92.7551 -68.1318 2
      vertex 92.7551 -68.1318 1.6
    endloop
  endfacet
  facet normal -0.988187 -0.153253 0
    outer loop
      vertex 92.7551 -68.1318 2
      vertex 92.835 -68.647 1.6
      vertex 92.835 -68.647 2
    endloop
  endfacet
  facet normal -0.853556 -0.521002 0
    outer loop
      vertex 93.0747 -69.0397 1.6
      vertex 92.835 -68.647 2
      vertex 92.835 -68.647 1.6
    endloop
  endfacet
  facet normal -0.853556 -0.521002 0
    outer loop
      vertex 92.835 -68.647 2
      vertex 93.0747 -69.0397 1.6
      vertex 93.0747 -69.0397 2
    endloop
  endfacet
  facet normal -0.546905 -0.837194 0
    outer loop
      vertex 93.0747 -69.0397 1.6
      vertex 93.4551 -69.2882 2
      vertex 93.0747 -69.0397 2
    endloop
  endfacet
  facet normal -0.546905 -0.837194 -0
    outer loop
      vertex 93.4551 -69.2882 2
      vertex 93.0747 -69.0397 1.6
      vertex 93.4551 -69.2882 1.6
    endloop
  endfacet
  facet normal -0.162933 -0.986637 0
    outer loop
      vertex 93.4551 -69.2882 1.6
      vertex 93.9571 -69.3711 2
      vertex 93.4551 -69.2882 2
    endloop
  endfacet
  facet normal -0.162933 -0.986637 -0
    outer loop
      vertex 93.9571 -69.3711 2
      vertex 93.4551 -69.2882 1.6
      vertex 93.9571 -69.3711 1.6
    endloop
  endfacet
  facet normal 0.108588 -0.994087 0
    outer loop
      vertex 93.9571 -69.3711 1.6
      vertex 94.3004 -69.3336 2
      vertex 93.9571 -69.3711 2
    endloop
  endfacet
  facet normal 0.108588 -0.994087 0
    outer loop
      vertex 94.3004 -69.3336 2
      vertex 93.9571 -69.3711 1.6
      vertex 94.3004 -69.3336 1.6
    endloop
  endfacet
  facet normal 0.608567 0.793503 -0
    outer loop
      vertex 93.6674 -68.9212 1.6
      vertex 93.446 -68.7514 2
      vertex 93.6674 -68.9212 2
    endloop
  endfacet
  facet normal 0.608567 0.793503 0
    outer loop
      vertex 93.446 -68.7514 2
      vertex 93.6674 -68.9212 1.6
      vertex 93.446 -68.7514 1.6
    endloop
  endfacet
  facet normal 0.88567 0.464316 0
    outer loop
      vertex 93.446 -68.7514 2
      vertex 93.3055 -68.4834 1.6
      vertex 93.3055 -68.4834 2
    endloop
  endfacet
  facet normal 0.88567 0.464316 0
    outer loop
      vertex 93.3055 -68.4834 1.6
      vertex 93.446 -68.7514 2
      vertex 93.446 -68.7514 1.6
    endloop
  endfacet
  facet normal 0.991257 0.131942 0
    outer loop
      vertex 93.3055 -68.4834 2
      vertex 93.2587 -68.1318 1.6
      vertex 93.2587 -68.1318 2
    endloop
  endfacet
  facet normal 0.991257 0.131942 0
    outer loop
      vertex 93.2587 -68.1318 1.6
      vertex 93.3055 -68.4834 2
      vertex 93.3055 -68.4834 1.6
    endloop
  endfacet
  facet normal 0.991434 -0.13061 0
    outer loop
      vertex 93.2587 -68.1318 2
      vertex 93.3044 -67.7849 1.6
      vertex 93.3044 -67.7849 2
    endloop
  endfacet
  facet normal 0.991434 -0.13061 0
    outer loop
      vertex 93.3044 -67.7849 1.6
      vertex 93.2587 -68.1318 2
      vertex 93.2587 -68.1318 1.6
    endloop
  endfacet
  facet normal 0.884867 -0.465844 0
    outer loop
      vertex 93.3044 -67.7849 2
      vertex 93.4417 -67.5241 1.6
      vertex 93.4417 -67.5241 2
    endloop
  endfacet
  facet normal 0.884867 -0.465844 0
    outer loop
      vertex 93.4417 -67.5241 1.6
      vertex 93.3044 -67.7849 2
      vertex 93.3044 -67.7849 1.6
    endloop
  endfacet
  facet normal 0.593992 -0.804471 0
    outer loop
      vertex 93.4417 -67.5241 1.6
      vertex 93.663 -67.3607 2
      vertex 93.4417 -67.5241 2
    endloop
  endfacet
  facet normal 0.593992 -0.804471 0
    outer loop
      vertex 93.663 -67.3607 2
      vertex 93.4417 -67.5241 1.6
      vertex 93.663 -67.3607 1.6
    endloop
  endfacet
  facet normal 0.180195 -0.983631 0
    outer loop
      vertex 93.663 -67.3607 1.6
      vertex 93.9605 -67.3062 2
      vertex 93.663 -67.3607 2
    endloop
  endfacet
  facet normal 0.180195 -0.983631 0
    outer loop
      vertex 93.9605 -67.3062 2
      vertex 93.663 -67.3607 1.6
      vertex 93.9605 -67.3062 1.6
    endloop
  endfacet
  facet normal -0.183743 -0.982974 0
    outer loop
      vertex 93.9605 -67.3062 1.6
      vertex 94.2542 -67.3611 2
      vertex 93.9605 -67.3062 2
    endloop
  endfacet
  facet normal -0.183743 -0.982974 -0
    outer loop
      vertex 94.2542 -67.3611 2
      vertex 93.9605 -67.3062 1.6
      vertex 94.2542 -67.3611 1.6
    endloop
  endfacet
  facet normal -0.599301 -0.800524 0
    outer loop
      vertex 94.2542 -67.3611 1.6
      vertex 94.4742 -67.5258 2
      vertex 94.2542 -67.3611 2
    endloop
  endfacet
  facet normal -0.599301 -0.800524 -0
    outer loop
      vertex 94.4742 -67.5258 2
      vertex 94.2542 -67.3611 1.6
      vertex 94.4742 -67.5258 1.6
    endloop
  endfacet
  facet normal -0.885161 -0.465285 0
    outer loop
      vertex 94.6115 -67.787 1.6
      vertex 94.4742 -67.5258 2
      vertex 94.4742 -67.5258 1.6
    endloop
  endfacet
  facet normal -0.885161 -0.465285 0
    outer loop
      vertex 94.4742 -67.5258 2
      vertex 94.6115 -67.787 1.6
      vertex 94.6115 -67.787 2
    endloop
  endfacet
  facet normal -0.991293 -0.131674 0
    outer loop
      vertex 94.6573 -68.1318 1.6
      vertex 94.6115 -67.787 2
      vertex 94.6115 -67.787 1.6
    endloop
  endfacet
  facet normal -0.991293 -0.131674 0
    outer loop
      vertex 94.6115 -67.787 2
      vertex 94.6573 -68.1318 1.6
      vertex 94.6573 -68.1318 2
    endloop
  endfacet
  facet normal -0.992029 0.126007 0
    outer loop
      vertex 94.6117 -68.4908 1.6
      vertex 94.6573 -68.1318 2
      vertex 94.6573 -68.1318 1.6
    endloop
  endfacet
  facet normal -0.992029 0.126007 0
    outer loop
      vertex 94.6573 -68.1318 2
      vertex 94.6117 -68.4908 1.6
      vertex 94.6117 -68.4908 2
    endloop
  endfacet
  facet normal -0.889842 0.456269 0
    outer loop
      vertex 94.475 -68.7574 1.6
      vertex 94.6117 -68.4908 2
      vertex 94.6117 -68.4908 1.6
    endloop
  endfacet
  facet normal -0.889842 0.456269 0
    outer loop
      vertex 94.6117 -68.4908 2
      vertex 94.475 -68.7574 1.6
      vertex 94.475 -68.7574 2
    endloop
  endfacet
  facet normal -0.599652 0.800261 0
    outer loop
      vertex 94.475 -68.7574 1.6
      vertex 94.2544 -68.9227 2
      vertex 94.475 -68.7574 2
    endloop
  endfacet
  facet normal -0.599652 0.800261 0
    outer loop
      vertex 94.2544 -68.9227 2
      vertex 94.475 -68.7574 1.6
      vertex 94.2544 -68.9227 1.6
    endloop
  endfacet
  facet normal -0.182231 0.983256 0
    outer loop
      vertex 94.2544 -68.9227 1.6
      vertex 93.9571 -68.9778 2
      vertex 94.2544 -68.9227 2
    endloop
  endfacet
  facet normal -0.182231 0.983256 0
    outer loop
      vertex 93.9571 -68.9778 2
      vertex 94.2544 -68.9227 1.6
      vertex 93.9571 -68.9778 1.6
    endloop
  endfacet
  facet normal 0.191749 0.981444 -0
    outer loop
      vertex 93.9571 -68.9778 1.6
      vertex 93.6674 -68.9212 2
      vertex 93.9571 -68.9778 2
    endloop
  endfacet
  facet normal 0.191749 0.981444 0
    outer loop
      vertex 93.6674 -68.9212 2
      vertex 93.9571 -68.9778 1.6
      vertex 93.6674 -68.9212 1.6
    endloop
  endfacet
  facet normal 0 1 -0
    outer loop
      vertex 97.0422 -68.9456 1.6
      vertex 95.9334 -68.9456 2
      vertex 97.0422 -68.9456 2
    endloop
  endfacet
  facet normal 0 1 0
    outer loop
      vertex 95.9334 -68.9456 2
      vertex 97.0422 -68.9456 1.6
      vertex 95.9334 -68.9456 1.6
    endloop
  endfacet
  facet normal 0.872033 -0.489448 0
    outer loop
      vertex 95.9334 -68.9456 2
      vertex 95.9934 -68.8387 1.6
      vertex 95.9934 -68.8387 2
    endloop
  endfacet
  facet normal 0.872033 -0.489448 0
    outer loop
      vertex 95.9934 -68.8387 1.6
      vertex 95.9334 -68.9456 2
      vertex 95.9334 -68.9456 1.6
    endloop
  endfacet
  facet normal 0.761939 -0.647648 0
    outer loop
      vertex 95.9934 -68.8387 2
      vertex 96.0784 -68.7387 1.6
      vertex 96.0784 -68.7387 2
    endloop
  endfacet
  facet normal 0.761939 -0.647648 0
    outer loop
      vertex 96.0784 -68.7387 1.6
      vertex 95.9934 -68.8387 2
      vertex 95.9934 -68.8387 1.6
    endloop
  endfacet
  facet normal 0.683634 -0.729825 0
    outer loop
      vertex 96.0784 -68.7387 1.6
      vertex 96.1811 -68.6425 2
      vertex 96.0784 -68.7387 2
    endloop
  endfacet
  facet normal 0.683634 -0.729825 0
    outer loop
      vertex 96.1811 -68.6425 2
      vertex 96.0784 -68.7387 1.6
      vertex 96.1811 -68.6425 1.6
    endloop
  endfacet
  facet normal 0.643366 -0.765559 0
    outer loop
      vertex 96.1811 -68.6425 1.6
      vertex 96.2945 -68.5472 2
      vertex 96.1811 -68.6425 2
    endloop
  endfacet
  facet normal 0.643366 -0.765559 0
    outer loop
      vertex 96.2945 -68.5472 2
      vertex 96.1811 -68.6425 1.6
      vertex 96.2945 -68.5472 1.6
    endloop
  endfacet
  facet normal 0.623588 -0.781753 0
    outer loop
      vertex 96.2945 -68.5472 1.6
      vertex 96.4151 -68.451 2
      vertex 96.2945 -68.5472 2
    endloop
  endfacet
  facet normal 0.623588 -0.781753 0
    outer loop
      vertex 96.4151 -68.451 2
      vertex 96.2945 -68.5472 1.6
      vertex 96.4151 -68.451 1.6
    endloop
  endfacet
  facet normal 0.621928 -0.783075 0
    outer loop
      vertex 96.4151 -68.451 1.6
      vertex 96.5395 -68.3522 2
      vertex 96.4151 -68.451 2
    endloop
  endfacet
  facet normal 0.621928 -0.783075 0
    outer loop
      vertex 96.5395 -68.3522 2
      vertex 96.4151 -68.451 1.6
      vertex 96.5395 -68.3522 1.6
    endloop
  endfacet
  facet normal 0.65162 -0.758546 0
    outer loop
      vertex 96.5395 -68.3522 1.6
      vertex 96.6601 -68.2486 2
      vertex 96.5395 -68.3522 2
    endloop
  endfacet
  facet normal 0.65162 -0.758546 0
    outer loop
      vertex 96.6601 -68.2486 2
      vertex 96.5395 -68.3522 1.6
      vertex 96.6601 -68.2486 1.6
    endloop
  endfacet
  facet normal 0.712552 -0.701619 0
    outer loop
      vertex 96.6601 -68.2486 2
      vertex 96.7692 -68.1378 1.6
      vertex 96.7692 -68.1378 2
    endloop
  endfacet
  facet normal 0.712552 -0.701619 0
    outer loop
      vertex 96.7692 -68.1378 1.6
      vertex 96.6601 -68.2486 2
      vertex 96.6601 -68.2486 1.6
    endloop
  endfacet
  facet normal 0.786409 -0.617706 0
    outer loop
      vertex 96.7692 -68.1378 2
      vertex 96.8633 -68.018 1.6
      vertex 96.8633 -68.018 2
    endloop
  endfacet
  facet normal 0.786409 -0.617706 0
    outer loop
      vertex 96.8633 -68.018 1.6
      vertex 96.7692 -68.1378 2
      vertex 96.7692 -68.1378 1.6
    endloop
  endfacet
  facet normal 0.865532 -0.500853 0
    outer loop
      vertex 96.8633 -68.018 2
      vertex 96.9387 -67.8877 1.6
      vertex 96.9387 -67.8877 2
    endloop
  endfacet
  facet normal 0.865532 -0.500853 0
    outer loop
      vertex 96.9387 -67.8877 1.6
      vertex 96.8633 -68.018 2
      vertex 96.8633 -68.018 1.6
    endloop
  endfacet
  facet normal 0.945275 -0.326274 0
    outer loop
      vertex 96.9387 -67.8877 2
      vertex 96.9883 -67.744 1.6
      vertex 96.9883 -67.744 2
    endloop
  endfacet
  facet normal 0.945275 -0.326274 0
    outer loop
      vertex 96.9883 -67.744 1.6
      vertex 96.9387 -67.8877 2
      vertex 96.9387 -67.8877 1.6
    endloop
  endfacet
  facet normal 0.994648 -0.103324 0
    outer loop
      vertex 96.9883 -67.744 2
      vertex 97.0049 -67.5842 1.6
      vertex 97.0049 -67.5842 2
    endloop
  endfacet
  facet normal 0.994648 -0.103324 0
    outer loop
      vertex 97.0049 -67.5842 1.6
      vertex 96.9883 -67.744 2
      vertex 96.9883 -67.744 1.6
    endloop
  endfacet
  facet normal 0.983731 0.17965 0
    outer loop
      vertex 97.0049 -67.5842 2
      vertex 96.9532 -67.3011 1.6
      vertex 96.9532 -67.3011 2
    endloop
  endfacet
  facet normal 0.983731 0.17965 0
    outer loop
      vertex 96.9532 -67.3011 1.6
      vertex 97.0049 -67.5842 2
      vertex 97.0049 -67.5842 1.6
    endloop
  endfacet
  facet normal 0.806756 0.590885 0
    outer loop
      vertex 96.9532 -67.3011 2
      vertex 96.798 -67.0892 1.6
      vertex 96.798 -67.0892 2
    endloop
  endfacet
  facet normal 0.806756 0.590885 0
    outer loop
      vertex 96.798 -67.0892 1.6
      vertex 96.9532 -67.3011 2
      vertex 96.9532 -67.3011 1.6
    endloop
  endfacet
  facet normal 0.464992 0.885315 -0
    outer loop
      vertex 96.798 -67.0892 1.6
      vertex 96.5463 -66.957 2
      vertex 96.798 -67.0892 2
    endloop
  endfacet
  facet normal 0.464992 0.885315 0
    outer loop
      vertex 96.5463 -66.957 2
      vertex 96.798 -67.0892 1.6
      vertex 96.5463 -66.957 1.6
    endloop
  endfacet
  facet normal 0.128036 0.99177 -0
    outer loop
      vertex 96.5463 -66.957 1.6
      vertex 96.2047 -66.9129 2
      vertex 96.5463 -66.957 2
    endloop
  endfacet
  facet normal 0.128036 0.99177 0
    outer loop
      vertex 96.2047 -66.9129 2
      vertex 96.5463 -66.957 1.6
      vertex 96.2047 -66.9129 1.6
    endloop
  endfacet
  facet normal -0.13492 0.990857 0
    outer loop
      vertex 96.2047 -66.9129 1.6
      vertex 95.8845 -66.9565 2
      vertex 96.2047 -66.9129 2
    endloop
  endfacet
  facet normal -0.13492 0.990857 0
    outer loop
      vertex 95.8845 -66.9565 2
      vertex 96.2047 -66.9129 1.6
      vertex 95.8845 -66.9565 1.6
    endloop
  endfacet
  facet normal -0.471223 0.882014 0
    outer loop
      vertex 95.8845 -66.9565 1.6
      vertex 95.6393 -67.0875 2
      vertex 95.8845 -66.9565 2
    endloop
  endfacet
  facet normal -0.471223 0.882014 0
    outer loop
      vertex 95.6393 -67.0875 2
      vertex 95.8845 -66.9565 1.6
      vertex 95.6393 -67.0875 1.6
    endloop
  endfacet
  facet normal -0.790326 0.612687 0
    outer loop
      vertex 95.4734 -67.3015 1.6
      vertex 95.6393 -67.0875 2
      vertex 95.6393 -67.0875 1.6
    endloop
  endfacet
  facet normal -0.790326 0.612687 0
    outer loop
      vertex 95.6393 -67.0875 2
      vertex 95.4734 -67.3015 1.6
      vertex 95.4734 -67.3015 2
    endloop
  endfacet
  facet normal -0.962546 0.271117 0
    outer loop
      vertex 95.3909 -67.5944 1.6
      vertex 95.4734 -67.3015 2
      vertex 95.4734 -67.3015 1.6
    endloop
  endfacet
  facet normal -0.962546 0.271117 0
    outer loop
      vertex 95.4734 -67.3015 2
      vertex 95.3909 -67.5944 1.6
      vertex 95.3909 -67.5944 2
    endloop
  endfacet
  facet normal -0.056392 -0.998409 0
    outer loop
      vertex 95.3909 -67.5944 1.6
      vertex 95.8707 -67.6215 2
      vertex 95.3909 -67.5944 2
    endloop
  endfacet
  facet normal -0.056392 -0.998409 -0
    outer loop
      vertex 95.8707 -67.6215 2
      vertex 95.3909 -67.5944 1.6
      vertex 95.8707 -67.6215 1.6
    endloop
  endfacet
  facet normal 0.967022 -0.254692 0
    outer loop
      vertex 95.8707 -67.6215 2
      vertex 95.9086 -67.4776 1.6
      vertex 95.9086 -67.4776 2
    endloop
  endfacet
  facet normal 0.967022 -0.254692 0
    outer loop
      vertex 95.9086 -67.4776 1.6
      vertex 95.8707 -67.6215 2
      vertex 95.8707 -67.6215 1.6
    endloop
  endfacet
  facet normal 0.839768 -0.542946 0
    outer loop
      vertex 95.9086 -67.4776 2
      vertex 95.975 -67.3749 1.6
      vertex 95.975 -67.3749 2
    endloop
  endfacet
  facet normal 0.839768 -0.542946 0
    outer loop
      vertex 95.975 -67.3749 1.6
      vertex 95.9086 -67.4776 2
      vertex 95.9086 -67.4776 1.6
    endloop
  endfacet
  facet normal 0.530849 -0.847466 0
    outer loop
      vertex 95.975 -67.3749 1.6
      vertex 96.0735 -67.3132 2
      vertex 95.975 -67.3749 2
    endloop
  endfacet
  facet normal 0.530849 -0.847466 0
    outer loop
      vertex 96.0735 -67.3132 2
      vertex 95.975 -67.3749 1.6
      vertex 96.0735 -67.3132 1.6
    endloop
  endfacet
  facet normal 0.151285 -0.98849 0
    outer loop
      vertex 96.0735 -67.3132 1.6
      vertex 96.2081 -67.2926 2
      vertex 96.0735 -67.3132 2
    endloop
  endfacet
  facet normal 0.151285 -0.98849 0
    outer loop
      vertex 96.2081 -67.2926 2
      vertex 96.0735 -67.3132 1.6
      vertex 96.2081 -67.2926 1.6
    endloop
  endfacet
  facet normal -0.314775 -0.949166 0
    outer loop
      vertex 96.2081 -67.2926 1.6
      vertex 96.4433 -67.3706 2
      vertex 96.2081 -67.2926 2
    endloop
  endfacet
  facet normal -0.314775 -0.949166 -0
    outer loop
      vertex 96.4433 -67.3706 2
      vertex 96.2081 -67.2926 1.6
      vertex 96.4433 -67.3706 1.6
    endloop
  endfacet
  facet normal -0.948196 -0.317686 0
    outer loop
      vertex 96.5217 -67.6046 1.6
      vertex 96.4433 -67.3706 2
      vertex 96.4433 -67.3706 1.6
    endloop
  endfacet
  facet normal -0.948196 -0.317686 0
    outer loop
      vertex 96.4433 -67.3706 2
      vertex 96.5217 -67.6046 1.6
      vertex 96.5217 -67.6046 2
    endloop
  endfacet
  facet normal -0.98128 0.192588 0
    outer loop
      vertex 96.4965 -67.733 1.6
      vertex 96.5217 -67.6046 2
      vertex 96.5217 -67.6046 1.6
    endloop
  endfacet
  facet normal -0.98128 0.192588 0
    outer loop
      vertex 96.5217 -67.6046 2
      vertex 96.4965 -67.733 1.6
      vertex 96.4965 -67.733 2
    endloop
  endfacet
  facet normal -0.865833 0.500333 0
    outer loop
      vertex 96.4208 -67.864 1.6
      vertex 96.4965 -67.733 2
      vertex 96.4965 -67.733 1.6
    endloop
  endfacet
  facet normal -0.865833 0.500333 0
    outer loop
      vertex 96.4965 -67.733 2
      vertex 96.4208 -67.864 1.6
      vertex 96.4208 -67.864 2
    endloop
  endfacet
  facet normal -0.734954 0.678117 0
    outer loop
      vertex 96.2824 -68.014 1.6
      vertex 96.4208 -67.864 2
      vertex 96.4208 -67.864 1.6
    endloop
  endfacet
  facet normal -0.734954 0.678117 0
    outer loop
      vertex 96.4208 -67.864 2
      vertex 96.2824 -68.014 1.6
      vertex 96.2824 -68.014 2
    endloop
  endfacet
  facet normal -0.656249 0.754545 0
    outer loop
      vertex 96.2824 -68.014 1.6
      vertex 96.069 -68.1996 2
      vertex 96.2824 -68.014 2
    endloop
  endfacet
  facet normal -0.656249 0.754545 0
    outer loop
      vertex 96.069 -68.1996 2
      vertex 96.2824 -68.014 1.6
      vertex 96.069 -68.1996 1.6
    endloop
  endfacet
  facet normal -0.656265 0.754531 0
    outer loop
      vertex 96.069 -68.1996 1.6
      vertex 95.8302 -68.4073 2
      vertex 96.069 -68.1996 2
    endloop
  endfacet
  facet normal -0.656265 0.754531 0
    outer loop
      vertex 95.8302 -68.4073 2
      vertex 96.069 -68.1996 1.6
      vertex 95.8302 -68.4073 1.6
    endloop
  endfacet
  facet normal -0.715856 0.698248 0
    outer loop
      vertex 95.6359 -68.6065 1.6
      vertex 95.8302 -68.4073 2
      vertex 95.8302 -68.4073 1.6
    endloop
  endfacet
  facet normal -0.715856 0.698248 0
    outer loop
      vertex 95.8302 -68.4073 2
      vertex 95.6359 -68.6065 1.6
      vertex 95.6359 -68.6065 2
    endloop
  endfacet
  facet normal -0.791699 0.610911 0
    outer loop
      vertex 95.4835 -68.804 1.6
      vertex 95.6359 -68.6065 2
      vertex 95.6359 -68.6065 1.6
    endloop
  endfacet
  facet normal -0.791699 0.610911 0
    outer loop
      vertex 95.6359 -68.6065 2
      vertex 95.4835 -68.804 1.6
      vertex 95.4835 -68.804 2
    endloop
  endfacet
  facet normal -0.873526 0.486777 0
    outer loop
      vertex 95.3706 -69.0066 1.6
      vertex 95.4835 -68.804 2
      vertex 95.4835 -68.804 1.6
    endloop
  endfacet
  facet normal -0.873526 0.486777 0
    outer loop
      vertex 95.4835 -68.804 2
      vertex 95.3706 -69.0066 1.6
      vertex 95.3706 -69.0066 2
    endloop
  endfacet
  facet normal -1 0 0
    outer loop
      vertex 95.3706 -69.3372 1.6
      vertex 95.3706 -69.0066 2
      vertex 95.3706 -69.0066 1.6
    endloop
  endfacet
  facet normal -1 -0 0
    outer loop
      vertex 95.3706 -69.0066 2
      vertex 95.3706 -69.3372 1.6
      vertex 95.3706 -69.3372 2
    endloop
  endfacet
  facet normal 0 -1 0
    outer loop
      vertex 95.3706 -69.3372 1.6
      vertex 97.0422 -69.3372 2
      vertex 95.3706 -69.3372 2
    endloop
  endfacet
  facet normal 0 -1 -0
    outer loop
      vertex 97.0422 -69.3372 2
      vertex 95.3706 -69.3372 1.6
      vertex 97.0422 -69.3372 1.6
    endloop
  endfacet
  facet normal 1 -0 0
    outer loop
      vertex 97.0422 -69.3372 2
      vertex 97.0422 -68.9456 1.6
      vertex 97.0422 -68.9456 2
    endloop
  endfacet
  facet normal 1 0 0
    outer loop
      vertex 97.0422 -68.9456 1.6
      vertex 97.0422 -69.3372 2
      vertex 97.0422 -69.3372 1.6
    endloop
  endfacet
  facet normal 0 -1 0
    outer loop
      vertex 90.9625 -68.7269 1.6
      vertex 91.8729 -68.7269 2
      vertex 90.9625 -68.7269 2
    endloop
  endfacet
  facet normal 0 -1 -0
    outer loop
      vertex 91.8729 -68.7269 2
      vertex 90.9625 -68.7269 1.6
      vertex 91.8729 -68.7269 1.6
    endloop
  endfacet
  facet normal -0.944678 -0.327998 0
    outer loop
      vertex 92.0848 -69.3372 1.6
      vertex 91.8729 -68.7269 2
      vertex 91.8729 -68.7269 1.6
    endloop
  endfacet
  facet normal -0.944678 -0.327998 0
    outer loop
      vertex 91.8729 -68.7269 2
      vertex 92.0848 -69.3372 1.6
      vertex 92.0848 -69.3372 2
    endloop
  endfacet
  facet normal 0 -1 0
    outer loop
      vertex 92.0848 -69.3372 1.6
      vertex 92.5798 -69.3372 2
      vertex 92.0848 -69.3372 2
    endloop
  endfacet
  facet normal 0 -1 -0
    outer loop
      vertex 92.5798 -69.3372 2
      vertex 92.0848 -69.3372 1.6
      vertex 92.5798 -69.3372 1.6
    endloop
  endfacet
  facet normal 0.939872 0.341528 0
    outer loop
      vertex 92.5798 -69.3372 2
      vertex 91.7118 -66.9485 1.6
      vertex 91.7118 -66.9485 2
    endloop
  endfacet
  facet normal 0.939872 0.341528 0
    outer loop
      vertex 91.7118 -66.9485 1.6
      vertex 92.5798 -69.3372 2
      vertex 92.5798 -69.3372 1.6
    endloop
  endfacet
  facet normal 0 1 -0
    outer loop
      vertex 91.7118 -66.9485 1.6
      vertex 91.1218 -66.9485 2
      vertex 91.7118 -66.9485 2
    endloop
  endfacet
  facet normal 0 1 0
    outer loop
      vertex 91.1218 -66.9485 2
      vertex 91.7118 -66.9485 1.6
      vertex 91.1218 -66.9485 1.6
    endloop
  endfacet
  facet normal -0.939442 0.342709 0
    outer loop
      vertex 90.2504 -69.3372 1.6
      vertex 91.1218 -66.9485 2
      vertex 91.1218 -66.9485 1.6
    endloop
  endfacet
  facet normal -0.939442 0.342709 0
    outer loop
      vertex 91.1218 -66.9485 2
      vertex 90.2504 -69.3372 1.6
      vertex 90.2504 -69.3372 2
    endloop
  endfacet
  facet normal 0 -1 0
    outer loop
      vertex 90.2504 -69.3372 1.6
      vertex 90.7505 -69.3372 2
      vertex 90.2504 -69.3372 2
    endloop
  endfacet
  facet normal 0 -1 -0
    outer loop
      vertex 90.7505 -69.3372 2
      vertex 90.2504 -69.3372 1.6
      vertex 90.7505 -69.3372 1.6
    endloop
  endfacet
  facet normal 0.94463 -0.328136 0
    outer loop
      vertex 90.7505 -69.3372 2
      vertex 90.9625 -68.7269 1.6
      vertex 90.9625 -68.7269 2
    endloop
  endfacet
  facet normal 0.94463 -0.328136 0
    outer loop
      vertex 90.9625 -68.7269 1.6
      vertex 90.7505 -69.3372 2
      vertex 90.7505 -69.3372 1.6
    endloop
  endfacet
  facet normal 0.946101 -0.323872 0
    outer loop
      vertex 91.0743 -68.3505 2
      vertex 91.2812 -67.7461 1.6
      vertex 91.2812 -67.7461 2
    endloop
  endfacet
  facet normal 0.946101 -0.323872 0
    outer loop
      vertex 91.2812 -67.7461 1.6
      vertex 91.0743 -68.3505 2
      vertex 91.0743 -68.3505 1.6
    endloop
  endfacet
  facet normal 0.948421 -0.317014 0
    outer loop
      vertex 91.2812 -67.7461 2
      vertex 91.3659 -67.4927 1.6
      vertex 91.3659 -67.4927 2
    endloop
  endfacet
  facet normal 0.948421 -0.317014 0
    outer loop
      vertex 91.3659 -67.4927 1.6
      vertex 91.2812 -67.7461 2
      vertex 91.2812 -67.7461 1.6
    endloop
  endfacet
  facet normal 0.957969 -0.286871 0
    outer loop
      vertex 91.3659 -67.4927 2
      vertex 91.388 -67.4189 1.6
      vertex 91.388 -67.4189 2
    endloop
  endfacet
  facet normal 0.957969 -0.286871 0
    outer loop
      vertex 91.388 -67.4189 1.6
      vertex 91.3659 -67.4927 2
      vertex 91.3659 -67.4927 1.6
    endloop
  endfacet
  facet normal 0.961245 -0.275695 0
    outer loop
      vertex 91.388 -67.4189 2
      vertex 91.4067 -67.3537 1.6
      vertex 91.4067 -67.3537 2
    endloop
  endfacet
  facet normal 0.961245 -0.275695 0
    outer loop
      vertex 91.4067 -67.3537 1.6
      vertex 91.388 -67.4189 2
      vertex 91.388 -67.4189 1.6
    endloop
  endfacet
  facet normal 0.96524 -0.261365 0
    outer loop
      vertex 91.4067 -67.3537 2
      vertex 91.4168 -67.3164 1.6
      vertex 91.4168 -67.3164 2
    endloop
  endfacet
  facet normal 0.96524 -0.261365 0
    outer loop
      vertex 91.4168 -67.3164 1.6
      vertex 91.4067 -67.3537 2
      vertex 91.4067 -67.3537 1.6
    endloop
  endfacet
  facet normal -0.956694 -0.291097 0
    outer loop
      vertex 91.4524 -67.4334 1.6
      vertex 91.4168 -67.3164 2
      vertex 91.4168 -67.3164 1.6
    endloop
  endfacet
  facet normal -0.956694 -0.291097 0
    outer loop
      vertex 91.4168 -67.3164 2
      vertex 91.4524 -67.4334 1.6
      vertex 91.4524 -67.4334 2
    endloop
  endfacet
  facet normal -0.953451 -0.301547 0
    outer loop
      vertex 91.5253 -67.6639 1.6
      vertex 91.4524 -67.4334 2
      vertex 91.4524 -67.4334 1.6
    endloop
  endfacet
  facet normal -0.953451 -0.301547 0
    outer loop
      vertex 91.4524 -67.4334 2
      vertex 91.5253 -67.6639 1.6
      vertex 91.5253 -67.6639 2
    endloop
  endfacet
  facet normal -0.945864 -0.324564 0
    outer loop
      vertex 91.7609 -68.3505 1.6
      vertex 91.5253 -67.6639 2
      vertex 91.5253 -67.6639 1.6
    endloop
  endfacet
  facet normal -0.945864 -0.324564 0
    outer loop
      vertex 91.5253 -67.6639 2
      vertex 91.7609 -68.3505 1.6
      vertex 91.7609 -68.3505 2
    endloop
  endfacet
  facet normal 0 1 -0
    outer loop
      vertex 91.7609 -68.3505 1.6
      vertex 91.0743 -68.3505 2
      vertex 91.7609 -68.3505 2
    endloop
  endfacet
  facet normal 0 1 0
    outer loop
      vertex 91.0743 -68.3505 2
      vertex 91.7609 -68.3505 1.6
      vertex 91.0743 -68.3505 1.6
    endloop
  endfacet
  facet normal 0 0 -1
    outer loop
      vertex 110.794 -69.3364 1.6
      vertex 110.294 -69.3364 1.6
      vertex 110.794 -67.3342 1.6
    endloop
  endfacet
  facet normal 0 0 -1
    outer loop
      vertex 110.794 -67.3342 1.6
      vertex 111.567 -66.9477 1.6
      vertex 111.567 -67.3342 1.6
    endloop
  endfacet
  facet normal 0 0 -1
    outer loop
      vertex 110.294 -67.3342 1.6
      vertex 110.794 -67.3342 1.6
      vertex 110.294 -69.3364 1.6
    endloop
  endfacet
  facet normal 0 0 -1
    outer loop
      vertex 110.294 -67.3342 1.6
      vertex 111.567 -66.9477 1.6
      vertex 110.794 -67.3342 1.6
    endloop
  endfacet
  facet normal 0 0 -1
    outer loop
      vertex 109.523 -66.9477 1.6
      vertex 110.294 -67.3342 1.6
      vertex 109.523 -67.3342 1.6
    endloop
  endfacet
  facet normal 0 0 -1
    outer loop
      vertex 110.294 -67.3342 1.6
      vertex 109.523 -66.9477 1.6
      vertex 111.567 -66.9477 1.6
    endloop
  endfacet
  facet normal 0 0 -1
    outer loop
      vertex 113.315 -69.3364 1.6
      vertex 113.045 -68.0802 1.6
      vertex 113.84 -69.3364 1.6
    endloop
  endfacet
  facet normal 0 -0 -1
    outer loop
      vertex 113.045 -68.0802 1.6
      vertex 113.315 -69.3364 1.6
      vertex 112.714 -68.3853 1.6
    endloop
  endfacet
  facet normal 0 0 -1
    outer loop
      vertex 113.045 -68.0802 1.6
      vertex 113.245 -66.9477 1.6
      vertex 113.771 -66.9477 1.6
    endloop
  endfacet
  facet normal 0 0 -1
    outer loop
      vertex 112.714 -67.792 1.6
      vertex 113.045 -68.0802 1.6
      vertex 112.714 -68.3853 1.6
    endloop
  endfacet
  facet normal 0 0 -1
    outer loop
      vertex 113.045 -68.0802 1.6
      vertex 112.714 -67.792 1.6
      vertex 113.245 -66.9477 1.6
    endloop
  endfacet
  facet normal 0 0 -1
    outer loop
      vertex 112.714 -68.3853 1.6
      vertex 112.413 -68.0802 1.6
      vertex 112.714 -67.792 1.6
    endloop
  endfacet
  facet normal 0 0 -1
    outer loop
      vertex 112.114 -69.3364 1.6
      vertex 112.413 -68.0802 1.6
      vertex 112.714 -68.3853 1.6
    endloop
  endfacet
  facet normal 0 0 -1
    outer loop
      vertex 112.413 -68.0802 1.6
      vertex 112.114 -69.3364 1.6
      vertex 111.585 -69.3364 1.6
    endloop
  endfacet
  facet normal 0 0 -1
    outer loop
      vertex 112.413 -68.0802 1.6
      vertex 112.184 -66.9477 1.6
      vertex 112.714 -67.792 1.6
    endloop
  endfacet
  facet normal -0 -0 -1
    outer loop
      vertex 112.184 -66.9477 1.6
      vertex 112.413 -68.0802 1.6
      vertex 111.655 -66.9477 1.6
    endloop
  endfacet
  facet normal 0 0 1
    outer loop
      vertex 111.567 -66.9477 2
      vertex 110.794 -67.3342 2
      vertex 111.567 -67.3342 2
    endloop
  endfacet
  facet normal 0 0 1
    outer loop
      vertex 110.794 -67.3342 2
      vertex 110.294 -67.3342 2
      vertex 110.794 -69.3364 2
    endloop
  endfacet
  facet normal 0 0 1
    outer loop
      vertex 111.567 -66.9477 2
      vertex 110.294 -67.3342 2
      vertex 110.794 -67.3342 2
    endloop
  endfacet
  facet normal -0 0 1
    outer loop
      vertex 109.523 -66.9477 2
      vertex 110.294 -67.3342 2
      vertex 111.567 -66.9477 2
    endloop
  endfacet
  facet normal 0 0 1
    outer loop
      vertex 110.294 -67.3342 2
      vertex 109.523 -66.9477 2
      vertex 109.523 -67.3342 2
    endloop
  endfacet
  facet normal 0 0 1
    outer loop
      vertex 110.794 -69.3364 2
      vertex 110.294 -67.3342 2
      vertex 110.294 -69.3364 2
    endloop
  endfacet
  facet normal -0 0 1
    outer loop
      vertex 113.245 -66.9477 2
      vertex 113.045 -68.0802 2
      vertex 113.771 -66.9477 2
    endloop
  endfacet
  facet normal 0 -0 1
    outer loop
      vertex 113.045 -68.0802 2
      vertex 113.245 -66.9477 2
      vertex 112.714 -67.792 2
    endloop
  endfacet
  facet normal 0 0 1
    outer loop
      vertex 113.045 -68.0802 2
      vertex 113.315 -69.3364 2
      vertex 113.84 -69.3364 2
    endloop
  endfacet
  facet normal 0 0 1
    outer loop
      vertex 112.714 -68.3853 2
      vertex 113.045 -68.0802 2
      vertex 112.714 -67.792 2
    endloop
  endfacet
  facet normal 0 0 1
    outer loop
      vertex 113.045 -68.0802 2
      vertex 112.714 -68.3853 2
      vertex 113.315 -69.3364 2
    endloop
  endfacet
  facet normal 0 0 1
    outer loop
      vertex 112.714 -67.792 2
      vertex 112.413 -68.0802 2
      vertex 112.714 -68.3853 2
    endloop
  endfacet
  facet normal 0 0 1
    outer loop
      vertex 112.184 -66.9477 2
      vertex 112.413 -68.0802 2
      vertex 112.714 -67.792 2
    endloop
  endfacet
  facet normal 0 0 1
    outer loop
      vertex 112.413 -68.0802 2
      vertex 112.184 -66.9477 2
      vertex 111.655 -66.9477 2
    endloop
  endfacet
  facet normal 0 0 1
    outer loop
      vertex 112.413 -68.0802 2
      vertex 112.114 -69.3364 2
      vertex 112.714 -68.3853 2
    endloop
  endfacet
  facet normal 0 -0 1
    outer loop
      vertex 112.114 -69.3364 2
      vertex 112.413 -68.0802 2
      vertex 111.585 -69.3364 2
    endloop
  endfacet
  facet normal 0 -1 0
    outer loop
      vertex 110.794 -67.3342 1.6
      vertex 111.567 -67.3342 2
      vertex 110.794 -67.3342 2
    endloop
  endfacet
  facet normal 0 -1 -0
    outer loop
      vertex 111.567 -67.3342 2
      vertex 110.794 -67.3342 1.6
      vertex 111.567 -67.3342 1.6
    endloop
  endfacet
  facet normal 1 -0 0
    outer loop
      vertex 111.567 -67.3342 2
      vertex 111.567 -66.9477 1.6
      vertex 111.567 -66.9477 2
    endloop
  endfacet
  facet normal 1 0 0
    outer loop
      vertex 111.567 -66.9477 1.6
      vertex 111.567 -67.3342 2
      vertex 111.567 -67.3342 1.6
    endloop
  endfacet
  facet normal 0 1 -0
    outer loop
      vertex 111.567 -66.9477 1.6
      vertex 109.523 -66.9477 2
      vertex 111.567 -66.9477 2
    endloop
  endfacet
  facet normal 0 1 0
    outer loop
      vertex 109.523 -66.9477 2
      vertex 111.567 -66.9477 1.6
      vertex 109.523 -66.9477 1.6
    endloop
  endfacet
  facet normal -1 0 0
    outer loop
      vertex 109.523 -67.3342 1.6
      vertex 109.523 -66.9477 2
      vertex 109.523 -66.9477 1.6
    endloop
  endfacet
  facet normal -1 -0 0
    outer loop
      vertex 109.523 -66.9477 2
      vertex 109.523 -67.3342 1.6
      vertex 109.523 -67.3342 2
    endloop
  endfacet
  facet normal 0 -1 0
    outer loop
      vertex 109.523 -67.3342 1.6
      vertex 110.294 -67.3342 2
      vertex 109.523 -67.3342 2
    endloop
  endfacet
  facet normal 0 -1 -0
    outer loop
      vertex 110.294 -67.3342 2
      vertex 109.523 -67.3342 1.6
      vertex 110.294 -67.3342 1.6
    endloop
  endfacet
  facet normal -1 0 0
    outer loop
      vertex 110.294 -69.3364 1.6
      vertex 110.294 -67.3342 2
      vertex 110.294 -67.3342 1.6
    endloop
  endfacet
  facet normal -1 -0 0
    outer loop
      vertex 110.294 -67.3342 2
      vertex 110.294 -69.3364 1.6
      vertex 110.294 -69.3364 2
    endloop
  endfacet
  facet normal 0 -1 0
    outer loop
      vertex 110.294 -69.3364 1.6
      vertex 110.794 -69.3364 2
      vertex 110.294 -69.3364 2
    endloop
  endfacet
  facet normal 0 -1 -0
    outer loop
      vertex 110.794 -69.3364 2
      vertex 110.294 -69.3364 1.6
      vertex 110.794 -69.3364 1.6
    endloop
  endfacet
  facet normal 1 -0 0
    outer loop
      vertex 110.794 -69.3364 2
      vertex 110.794 -67.3342 1.6
      vertex 110.794 -67.3342 2
    endloop
  endfacet
  facet normal 1 0 0
    outer loop
      vertex 110.794 -67.3342 1.6
      vertex 110.794 -69.3364 2
      vertex 110.794 -69.3364 1.6
    endloop
  endfacet
  facet normal -0.845366 -0.534187 0
    outer loop
      vertex 113.315 -69.3364 1.6
      vertex 112.714 -68.3853 2
      vertex 112.714 -68.3853 1.6
    endloop
  endfacet
  facet normal -0.845366 -0.534187 0
    outer loop
      vertex 112.714 -68.3853 2
      vertex 113.315 -69.3364 1.6
      vertex 113.315 -69.3364 2
    endloop
  endfacet
  facet normal 0 -1 0
    outer loop
      vertex 113.315 -69.3364 1.6
      vertex 113.84 -69.3364 2
      vertex 113.315 -69.3364 2
    endloop
  endfacet
  facet normal 0 -1 -0
    outer loop
      vertex 113.84 -69.3364 2
      vertex 113.315 -69.3364 1.6
      vertex 113.84 -69.3364 1.6
    endloop
  endfacet
  facet normal 0.844999 0.534767 0
    outer loop
      vertex 113.84 -69.3364 2
      vertex 113.045 -68.0802 1.6
      vertex 113.045 -68.0802 2
    endloop
  endfacet
  facet normal 0.844999 0.534767 0
    outer loop
      vertex 113.045 -68.0802 1.6
      vertex 113.84 -69.3364 2
      vertex 113.84 -69.3364 1.6
    endloop
  endfacet
  facet normal 0.841866 -0.539686 0
    outer loop
      vertex 113.045 -68.0802 2
      vertex 113.771 -66.9477 1.6
      vertex 113.771 -66.9477 2
    endloop
  endfacet
  facet normal 0.841866 -0.539686 0
    outer loop
      vertex 113.771 -66.9477 1.6
      vertex 113.045 -68.0802 2
      vertex 113.045 -68.0802 1.6
    endloop
  endfacet
  facet normal 0 1 -0
    outer loop
      vertex 113.771 -66.9477 1.6
      vertex 113.245 -66.9477 2
      vertex 113.771 -66.9477 2
    endloop
  endfacet
  facet normal 0 1 0
    outer loop
      vertex 113.245 -66.9477 2
      vertex 113.771 -66.9477 1.6
      vertex 113.245 -66.9477 1.6
    endloop
  endfacet
  facet normal -0.846502 0.532385 0
    outer loop
      vertex 112.714 -67.792 1.6
      vertex 113.245 -66.9477 2
      vertex 113.245 -66.9477 1.6
    endloop
  endfacet
  facet normal -0.846502 0.532385 0
    outer loop
      vertex 113.245 -66.9477 2
      vertex 112.714 -67.792 1.6
      vertex 112.714 -67.792 2
    endloop
  endfacet
  facet normal 0.846954 0.531666 0
    outer loop
      vertex 112.714 -67.792 2
      vertex 112.184 -66.9477 1.6
      vertex 112.184 -66.9477 2
    endloop
  endfacet
  facet normal 0.846954 0.531666 0
    outer loop
      vertex 112.184 -66.9477 1.6
      vertex 112.714 -67.792 2
      vertex 112.714 -67.792 1.6
    endloop
  endfacet
  facet normal 0 1 -0
    outer loop
      vertex 112.184 -66.9477 1.6
      vertex 111.655 -66.9477 2
      vertex 112.184 -66.9477 2
    endloop
  endfacet
  facet normal 0 1 0
    outer loop
      vertex 111.655 -66.9477 2
      vertex 112.184 -66.9477 1.6
      vertex 111.655 -66.9477 1.6
    endloop
  endfacet
  facet normal -0.831033 -0.556223 0
    outer loop
      vertex 112.413 -68.0802 1.6
      vertex 111.655 -66.9477 2
      vertex 111.655 -66.9477 1.6
    endloop
  endfacet
  facet normal -0.831033 -0.556223 0
    outer loop
      vertex 111.655 -66.9477 2
      vertex 112.413 -68.0802 1.6
      vertex 112.413 -68.0802 2
    endloop
  endfacet
  facet normal -0.834943 0.550337 0
    outer loop
      vertex 111.585 -69.3364 1.6
      vertex 112.413 -68.0802 2
      vertex 112.413 -68.0802 1.6
    endloop
  endfacet
  facet normal -0.834943 0.550337 0
    outer loop
      vertex 112.413 -68.0802 2
      vertex 111.585 -69.3364 1.6
      vertex 111.585 -69.3364 2
    endloop
  endfacet
  facet normal 0 -1 0
    outer loop
      vertex 111.585 -69.3364 1.6
      vertex 112.114 -69.3364 2
      vertex 111.585 -69.3364 2
    endloop
  endfacet
  facet normal 0 -1 -0
    outer loop
      vertex 112.114 -69.3364 2
      vertex 111.585 -69.3364 1.6
      vertex 112.114 -69.3364 1.6
    endloop
  endfacet
  facet normal 0.845768 -0.533551 0
    outer loop
      vertex 112.114 -69.3364 2
      vertex 112.714 -68.3853 1.6
      vertex 112.714 -68.3853 2
    endloop
  endfacet
  facet normal 0.845768 -0.533551 0
    outer loop
      vertex 112.714 -68.3853 1.6
      vertex 112.114 -69.3364 2
      vertex 112.114 -69.3364 1.6
    endloop
  endfacet
  facet normal 0 0 -1
    outer loop
      vertex 132.969 -68.858 1.6
      vertex 133.329 -69.1295 1.6
      vertex 133.053 -69.2609 1.6
    endloop
  endfacet
  facet normal 0 0 -1
    outer loop
      vertex 133.329 -69.1295 1.6
      vertex 132.969 -68.858 1.6
      vertex 133.09 -68.7777 1.6
    endloop
  endfacet
  facet normal 0 0 -1
    outer loop
      vertex 133.053 -69.2609 1.6
      vertex 132.807 -68.9227 1.6
      vertex 132.969 -68.858 1.6
    endloop
  endfacet
  facet normal 0 0 -1
    outer loop
      vertex 132.742 -69.3435 1.6
      vertex 132.807 -68.9227 1.6
      vertex 133.053 -69.2609 1.6
    endloop
  endfacet
  facet normal 0 0 -1
    outer loop
      vertex 132.742 -69.3435 1.6
      vertex 132.621 -68.9653 1.6
      vertex 132.807 -68.9227 1.6
    endloop
  endfacet
  facet normal 0 0 -1
    outer loop
      vertex 132.415 -69.3711 1.6
      vertex 132.621 -68.9653 1.6
      vertex 132.742 -69.3435 1.6
    endloop
  endfacet
  facet normal 0 0 -1
    outer loop
      vertex 132.621 -68.9653 1.6
      vertex 132.415 -69.3711 1.6
      vertex 132.429 -68.9795 1.6
    endloop
  endfacet
  facet normal 0 0 -1
    outer loop
      vertex 132.415 -69.3711 1.6
      vertex 132.125 -68.9242 1.6
      vertex 132.429 -68.9795 1.6
    endloop
  endfacet
  facet normal 0 0 -1
    outer loop
      vertex 131.899 -69.2903 1.6
      vertex 132.125 -68.9242 1.6
      vertex 132.415 -69.3711 1.6
    endloop
  endfacet
  facet normal 0 0 -1
    outer loop
      vertex 131.899 -69.2903 1.6
      vertex 131.897 -68.7582 1.6
      vertex 132.125 -68.9242 1.6
    endloop
  endfacet
  facet normal 0 0 -1
    outer loop
      vertex 131.518 -69.0481 1.6
      vertex 131.897 -68.7582 1.6
      vertex 131.899 -69.2903 1.6
    endloop
  endfacet
  facet normal 0 0 -1
    outer loop
      vertex 131.205 -68.1318 1.6
      vertex 131.708 -68.1318 1.6
      vertex 131.755 -68.491 1.6
    endloop
  endfacet
  facet normal -0 0 -1
    outer loop
      vertex 131.897 -68.7582 1.6
      vertex 131.518 -69.0481 1.6
      vertex 131.755 -68.491 1.6
    endloop
  endfacet
  facet normal 0 0 -1
    outer loop
      vertex 131.755 -68.491 1.6
      vertex 131.518 -69.0481 1.6
      vertex 131.283 -68.6576 1.6
    endloop
  endfacet
  facet normal 0 0 -1
    outer loop
      vertex 131.708 -68.1318 1.6
      vertex 131.205 -68.1318 1.6
      vertex 131.284 -67.6107 1.6
    endloop
  endfacet
  facet normal -0 0 -1
    outer loop
      vertex 131.755 -68.491 1.6
      vertex 131.283 -68.6576 1.6
      vertex 131.205 -68.1318 1.6
    endloop
  endfacet
  facet normal 0 0 -1
    outer loop
      vertex 131.708 -68.1318 1.6
      vertex 131.284 -67.6107 1.6
      vertex 131.52 -67.2274 1.6
    endloop
  endfacet
  facet normal 0 0 -1
    outer loop
      vertex 133.09 -68.7777 1.6
      vertex 133.548 -68.9557 1.6
      vertex 133.329 -69.1295 1.6
    endloop
  endfacet
  facet normal 0 0 -1
    outer loop
      vertex 133.09 -68.4471 1.6
      vertex 133.548 -68.9557 1.6
      vertex 133.09 -68.7777 1.6
    endloop
  endfacet
  facet normal 0 0 -1
    outer loop
      vertex 133.548 -68.9557 1.6
      vertex 133.09 -68.4471 1.6
      vertex 133.548 -68.0776 1.6
    endloop
  endfacet
  facet normal 0 0 -1
    outer loop
      vertex 132.507 -68.0776 1.6
      vertex 133.09 -68.4471 1.6
      vertex 132.507 -68.4471 1.6
    endloop
  endfacet
  facet normal 0 0 -1
    outer loop
      vertex 133.09 -68.4471 1.6
      vertex 132.507 -68.0776 1.6
      vertex 133.548 -68.0776 1.6
    endloop
  endfacet
  facet normal 0 0 -1
    outer loop
      vertex 132.94 -67.5147 1.6
      vertex 133.497 -67.5351 1.6
      vertex 133.036 -67.6741 1.6
    endloop
  endfacet
  facet normal 0 0 -1
    outer loop
      vertex 133.497 -67.5351 1.6
      vertex 132.94 -67.5147 1.6
      vertex 133.115 -67.0684 1.6
    endloop
  endfacet
  facet normal 0 0 -1
    outer loop
      vertex 132.802 -67.3995 1.6
      vertex 133.115 -67.0684 1.6
      vertex 132.94 -67.5147 1.6
    endloop
  endfacet
  facet normal 0 0 -1
    outer loop
      vertex 132.628 -67.3295 1.6
      vertex 133.115 -67.0684 1.6
      vertex 132.802 -67.3995 1.6
    endloop
  endfacet
  facet normal 0 0 -1
    outer loop
      vertex 132.427 -66.9129 1.6
      vertex 132.628 -67.3295 1.6
      vertex 132.427 -67.3062 1.6
    endloop
  endfacet
  facet normal 0 0 -1
    outer loop
      vertex 132.628 -67.3295 1.6
      vertex 132.427 -66.9129 1.6
      vertex 133.115 -67.0684 1.6
    endloop
  endfacet
  facet normal 0 0 -1
    outer loop
      vertex 132.117 -67.3596 1.6
      vertex 132.427 -66.9129 1.6
      vertex 132.427 -67.3062 1.6
    endloop
  endfacet
  facet normal 0 0 -1
    outer loop
      vertex 132.117 -67.3596 1.6
      vertex 131.904 -66.9915 1.6
      vertex 132.427 -66.9129 1.6
    endloop
  endfacet
  facet normal 0 0 -1
    outer loop
      vertex 131.891 -67.5198 1.6
      vertex 131.904 -66.9915 1.6
      vertex 132.117 -67.3596 1.6
    endloop
  endfacet
  facet normal 0 0 -1
    outer loop
      vertex 131.52 -67.2274 1.6
      vertex 131.891 -67.5198 1.6
      vertex 131.754 -67.7796 1.6
    endloop
  endfacet
  facet normal 0 0 -1
    outer loop
      vertex 131.891 -67.5198 1.6
      vertex 131.52 -67.2274 1.6
      vertex 131.904 -66.9915 1.6
    endloop
  endfacet
  facet normal 0 0 -1
    outer loop
      vertex 131.52 -67.2274 1.6
      vertex 131.754 -67.7796 1.6
      vertex 131.708 -68.1318 1.6
    endloop
  endfacet
  facet normal 0 0 -1
    outer loop
      vertex 126.911 -69.3372 1.6
      vertex 126.411 -69.3372 1.6
      vertex 126.911 -67.335 1.6
    endloop
  endfacet
  facet normal 0 0 -1
    outer loop
      vertex 126.911 -67.335 1.6
      vertex 127.684 -66.9485 1.6
      vertex 127.684 -67.335 1.6
    endloop
  endfacet
  facet normal 0 0 -1
    outer loop
      vertex 126.411 -67.335 1.6
      vertex 126.911 -67.335 1.6
      vertex 126.411 -69.3372 1.6
    endloop
  endfacet
  facet normal 0 0 -1
    outer loop
      vertex 126.411 -67.335 1.6
      vertex 127.684 -66.9485 1.6
      vertex 126.911 -67.335 1.6
    endloop
  endfacet
  facet normal 0 0 -1
    outer loop
      vertex 125.639 -66.9485 1.6
      vertex 126.411 -67.335 1.6
      vertex 125.639 -67.335 1.6
    endloop
  endfacet
  facet normal 0 0 -1
    outer loop
      vertex 126.411 -67.335 1.6
      vertex 125.639 -66.9485 1.6
      vertex 127.684 -66.9485 1.6
    endloop
  endfacet
  facet normal 0 0 -1
    outer loop
      vertex 130.352 -69.3372 1.6
      vertex 130.853 -66.9485 1.6
      vertex 130.853 -69.3372 1.6
    endloop
  endfacet
  facet normal -0 0 -1
    outer loop
      vertex 130.853 -66.9485 1.6
      vertex 130.352 -69.3372 1.6
      vertex 130.352 -66.9485 1.6
    endloop
  endfacet
  facet normal 0 0 -1
    outer loop
      vertex 127.904 -69.3372 1.6
      vertex 128.404 -68.4302 1.6
      vertex 128.404 -69.3372 1.6
    endloop
  endfacet
  facet normal -0 0 -1
    outer loop
      vertex 128.404 -68.4302 1.6
      vertex 127.904 -69.3372 1.6
      vertex 128.404 -68.042 1.6
    endloop
  endfacet
  facet normal 0 0 -1
    outer loop
      vertex 127.904 -66.9485 1.6
      vertex 128.404 -68.042 1.6
      vertex 127.904 -69.3372 1.6
    endloop
  endfacet
  facet normal 0 0 -1
    outer loop
      vertex 129.545 -69.3372 1.6
      vertex 129.462 -68.3336 1.6
      vertex 130.108 -69.3372 1.6
    endloop
  endfacet
  facet normal 0 0 -1
    outer loop
      vertex 129.679 -68.2448 1.6
      vertex 129.377 -67.947 1.6
      vertex 129.458 -67.833 1.6
    endloop
  endfacet
  facet normal 0 0 -1
    outer loop
      vertex 128.99 -68.4302 1.6
      vertex 129.462 -68.3336 1.6
      vertex 129.545 -69.3372 1.6
    endloop
  endfacet
  facet normal 0 -0 -1
    outer loop
      vertex 129.243 -68.0182 1.6
      vertex 129.462 -68.3336 1.6
      vertex 128.99 -68.4302 1.6
    endloop
  endfacet
  facet normal 0 0 -1
    outer loop
      vertex 129.462 -68.3336 1.6
      vertex 129.243 -68.0182 1.6
      vertex 129.377 -67.947 1.6
    endloop
  endfacet
  facet normal 0 0 -1
    outer loop
      vertex 129.243 -68.0182 1.6
      vertex 128.99 -68.4302 1.6
      vertex 129.058 -68.042 1.6
    endloop
  endfacet
  facet normal 0 0 -1
    outer loop
      vertex 128.404 -68.042 1.6
      vertex 128.99 -68.4302 1.6
      vertex 128.404 -68.4302 1.6
    endloop
  endfacet
  facet normal 0 0 -1
    outer loop
      vertex 128.99 -68.4302 1.6
      vertex 128.404 -68.042 1.6
      vertex 129.058 -68.042 1.6
    endloop
  endfacet
  facet normal 0 0 -1
    outer loop
      vertex 129.377 -67.947 1.6
      vertex 129.679 -68.2448 1.6
      vertex 129.462 -68.3336 1.6
    endloop
  endfacet
  facet normal 0 0 -1
    outer loop
      vertex 129.679 -68.2448 1.6
      vertex 129.458 -67.833 1.6
      vertex 129.485 -67.6809 1.6
    endloop
  endfacet
  facet normal 0 0 -1
    outer loop
      vertex 129.485 -67.6809 1.6
      vertex 129.989 -67.6605 1.6
      vertex 129.953 -67.8943 1.6
    endloop
  endfacet
  facet normal 0 0 -1
    outer loop
      vertex 129.485 -67.6809 1.6
      vertex 129.953 -67.8943 1.6
      vertex 129.847 -68.0937 1.6
    endloop
  endfacet
  facet normal -0 0 -1
    outer loop
      vertex 129.989 -67.6605 1.6
      vertex 129.485 -67.6809 1.6
      vertex 129.931 -67.3564 1.6
    endloop
  endfacet
  facet normal 0 0 -1
    outer loop
      vertex 129.485 -67.6809 1.6
      vertex 129.847 -68.0937 1.6
      vertex 129.679 -68.2448 1.6
    endloop
  endfacet
  facet normal 0 0 -1
    outer loop
      vertex 129.375 -67.4228 1.6
      vertex 129.931 -67.3564 1.6
      vertex 129.485 -67.6809 1.6
    endloop
  endfacet
  facet normal -0 0 -1
    outer loop
      vertex 129.931 -67.3564 1.6
      vertex 129.375 -67.4228 1.6
      vertex 129.757 -67.1324 1.6
    endloop
  endfacet
  facet normal -0 0 -1
    outer loop
      vertex 129.757 -67.1324 1.6
      vertex 129.375 -67.4228 1.6
      vertex 129.476 -66.9945 1.6
    endloop
  endfacet
  facet normal 0 0 -1
    outer loop
      vertex 129.045 -67.3367 1.6
      vertex 129.476 -66.9945 1.6
      vertex 129.375 -67.4228 1.6
    endloop
  endfacet
  facet normal -0 0 -1
    outer loop
      vertex 129.476 -66.9945 1.6
      vertex 129.045 -67.3367 1.6
      vertex 129.097 -66.9485 1.6
    endloop
  endfacet
  facet normal 0 0 -1
    outer loop
      vertex 128.404 -67.3367 1.6
      vertex 129.097 -66.9485 1.6
      vertex 129.045 -67.3367 1.6
    endloop
  endfacet
  facet normal 0 0 -1
    outer loop
      vertex 128.404 -67.3367 1.6
      vertex 127.904 -66.9485 1.6
      vertex 129.097 -66.9485 1.6
    endloop
  endfacet
  facet normal 0 0 -1
    outer loop
      vertex 128.404 -68.042 1.6
      vertex 127.904 -66.9485 1.6
      vertex 128.404 -67.3367 1.6
    endloop
  endfacet
  facet normal -0 0 1
    outer loop
      vertex 132.94 -67.5147 2
      vertex 133.497 -67.5351 2
      vertex 133.115 -67.0684 2
    endloop
  endfacet
  facet normal 0 0 1
    outer loop
      vertex 133.497 -67.5351 2
      vertex 132.94 -67.5147 2
      vertex 133.036 -67.6741 2
    endloop
  endfacet
  facet normal 0 0 1
    outer loop
      vertex 133.115 -67.0684 2
      vertex 132.802 -67.3995 2
      vertex 132.94 -67.5147 2
    endloop
  endfacet
  facet normal 0 0 1
    outer loop
      vertex 133.115 -67.0684 2
      vertex 132.628 -67.3295 2
      vertex 132.802 -67.3995 2
    endloop
  endfacet
  facet normal 0 0 1
    outer loop
      vertex 132.427 -66.9129 2
      vertex 132.628 -67.3295 2
      vertex 133.115 -67.0684 2
    endloop
  endfacet
  facet normal 0 0 1
    outer loop
      vertex 132.427 -66.9129 2
      vertex 132.427 -67.3062 2
      vertex 132.628 -67.3295 2
    endloop
  endfacet
  facet normal 0 0 1
    outer loop
      vertex 132.427 -66.9129 2
      vertex 132.117 -67.3596 2
      vertex 132.427 -67.3062 2
    endloop
  endfacet
  facet normal -0 0 1
    outer loop
      vertex 131.904 -66.9915 2
      vertex 132.117 -67.3596 2
      vertex 132.427 -66.9129 2
    endloop
  endfacet
  facet normal 0 0 1
    outer loop
      vertex 131.904 -66.9915 2
      vertex 131.891 -67.5198 2
      vertex 132.117 -67.3596 2
    endloop
  endfacet
  facet normal -0 0 1
    outer loop
      vertex 131.52 -67.2274 2
      vertex 131.891 -67.5198 2
      vertex 131.904 -66.9915 2
    endloop
  endfacet
  facet normal -0 0 1
    outer loop
      vertex 131.284 -67.6107 2
      vertex 131.754 -67.7796 2
      vertex 131.52 -67.2274 2
    endloop
  endfacet
  facet normal 0 0 1
    outer loop
      vertex 131.891 -67.5198 2
      vertex 131.52 -67.2274 2
      vertex 131.754 -67.7796 2
    endloop
  endfacet
  facet normal -0 0 1
    outer loop
      vertex 133.09 -68.4471 2
      vertex 133.548 -68.9557 2
      vertex 133.548 -68.0776 2
    endloop
  endfacet
  facet normal 0 0 1
    outer loop
      vertex 133.548 -68.9557 2
      vertex 133.09 -68.4471 2
      vertex 133.09 -68.7777 2
    endloop
  endfacet
  facet normal -0 0 1
    outer loop
      vertex 132.507 -68.0776 2
      vertex 133.09 -68.4471 2
      vertex 133.548 -68.0776 2
    endloop
  endfacet
  facet normal 0 0 1
    outer loop
      vertex 133.09 -68.4471 2
      vertex 132.507 -68.0776 2
      vertex 132.507 -68.4471 2
    endloop
  endfacet
  facet normal 0 0 1
    outer loop
      vertex 133.548 -68.9557 2
      vertex 133.09 -68.7777 2
      vertex 133.329 -69.1295 2
    endloop
  endfacet
  facet normal -0 0 1
    outer loop
      vertex 132.969 -68.858 2
      vertex 133.329 -69.1295 2
      vertex 133.09 -68.7777 2
    endloop
  endfacet
  facet normal 0 0 1
    outer loop
      vertex 133.329 -69.1295 2
      vertex 132.969 -68.858 2
      vertex 133.053 -69.2609 2
    endloop
  endfacet
  facet normal -0 0 1
    outer loop
      vertex 132.807 -68.9227 2
      vertex 133.053 -69.2609 2
      vertex 132.969 -68.858 2
    endloop
  endfacet
  facet normal 0 0 1
    outer loop
      vertex 132.807 -68.9227 2
      vertex 132.742 -69.3435 2
      vertex 133.053 -69.2609 2
    endloop
  endfacet
  facet normal -0 0 1
    outer loop
      vertex 132.621 -68.9653 2
      vertex 132.742 -69.3435 2
      vertex 132.807 -68.9227 2
    endloop
  endfacet
  facet normal 0 0 1
    outer loop
      vertex 132.415 -69.3711 2
      vertex 132.621 -68.9653 2
      vertex 132.429 -68.9795 2
    endloop
  endfacet
  facet normal 0 0 1
    outer loop
      vertex 132.621 -68.9653 2
      vertex 132.415 -69.3711 2
      vertex 132.742 -69.3435 2
    endloop
  endfacet
  facet normal 0 0 1
    outer loop
      vertex 132.125 -68.9242 2
      vertex 132.415 -69.3711 2
      vertex 132.429 -68.9795 2
    endloop
  endfacet
  facet normal 0 0 1
    outer loop
      vertex 132.125 -68.9242 2
      vertex 131.899 -69.2903 2
      vertex 132.415 -69.3711 2
    endloop
  endfacet
  facet normal 0 0 1
    outer loop
      vertex 131.897 -68.7582 2
      vertex 131.899 -69.2903 2
      vertex 132.125 -68.9242 2
    endloop
  endfacet
  facet normal 0 0 1
    outer loop
      vertex 131.518 -69.0481 2
      vertex 131.897 -68.7582 2
      vertex 131.755 -68.491 2
    endloop
  endfacet
  facet normal 0 0 1
    outer loop
      vertex 131.205 -68.1318 2
      vertex 131.754 -67.7796 2
      vertex 131.284 -67.6107 2
    endloop
  endfacet
  facet normal 0 0 1
    outer loop
      vertex 131.754 -67.7796 2
      vertex 131.205 -68.1318 2
      vertex 131.708 -68.1318 2
    endloop
  endfacet
  facet normal 0 -0 1
    outer loop
      vertex 131.283 -68.6576 2
      vertex 131.755 -68.491 2
      vertex 131.205 -68.1318 2
    endloop
  endfacet
  facet normal 0 0 1
    outer loop
      vertex 131.708 -68.1318 2
      vertex 131.205 -68.1318 2
      vertex 131.755 -68.491 2
    endloop
  endfacet
  facet normal 0 -0 1
    outer loop
      vertex 131.518 -69.0481 2
      vertex 131.755 -68.491 2
      vertex 131.283 -68.6576 2
    endloop
  endfacet
  facet normal 0 0 1
    outer loop
      vertex 131.897 -68.7582 2
      vertex 131.518 -69.0481 2
      vertex 131.899 -69.2903 2
    endloop
  endfacet
  facet normal 0 0 1
    outer loop
      vertex 127.684 -66.9485 2
      vertex 126.911 -67.335 2
      vertex 127.684 -67.335 2
    endloop
  endfacet
  facet normal 0 0 1
    outer loop
      vertex 126.911 -67.335 2
      vertex 126.411 -67.335 2
      vertex 126.911 -69.3372 2
    endloop
  endfacet
  facet normal 0 0 1
    outer loop
      vertex 127.684 -66.9485 2
      vertex 126.411 -67.335 2
      vertex 126.911 -67.335 2
    endloop
  endfacet
  facet normal -0 0 1
    outer loop
      vertex 125.639 -66.9485 2
      vertex 126.411 -67.335 2
      vertex 127.684 -66.9485 2
    endloop
  endfacet
  facet normal 0 0 1
    outer loop
      vertex 126.411 -67.335 2
      vertex 125.639 -66.9485 2
      vertex 125.639 -67.335 2
    endloop
  endfacet
  facet normal 0 0 1
    outer loop
      vertex 126.911 -69.3372 2
      vertex 126.411 -67.335 2
      vertex 126.411 -69.3372 2
    endloop
  endfacet
  facet normal -0 0 1
    outer loop
      vertex 130.352 -66.9485 2
      vertex 130.853 -69.3372 2
      vertex 130.853 -66.9485 2
    endloop
  endfacet
  facet normal 0 0 1
    outer loop
      vertex 130.853 -69.3372 2
      vertex 130.352 -66.9485 2
      vertex 130.352 -69.3372 2
    endloop
  endfacet
  facet normal 0 0 1
    outer loop
      vertex 129.485 -67.6809 2
      vertex 129.989 -67.6605 2
      vertex 129.931 -67.3564 2
    endloop
  endfacet
  facet normal 0 0 1
    outer loop
      vertex 129.989 -67.6605 2
      vertex 129.485 -67.6809 2
      vertex 129.953 -67.8943 2
    endloop
  endfacet
  facet normal 0 0 1
    outer loop
      vertex 129.375 -67.4228 2
      vertex 129.931 -67.3564 2
      vertex 129.757 -67.1324 2
    endloop
  endfacet
  facet normal -0 0 1
    outer loop
      vertex 129.458 -67.833 2
      vertex 129.953 -67.8943 2
      vertex 129.485 -67.6809 2
    endloop
  endfacet
  facet normal 0 0 1
    outer loop
      vertex 129.953 -67.8943 2
      vertex 129.458 -67.833 2
      vertex 129.847 -68.0937 2
    endloop
  endfacet
  facet normal 0 0 1
    outer loop
      vertex 129.375 -67.4228 2
      vertex 129.757 -67.1324 2
      vertex 129.476 -66.9945 2
    endloop
  endfacet
  facet normal 0 0 1
    outer loop
      vertex 129.931 -67.3564 2
      vertex 129.375 -67.4228 2
      vertex 129.485 -67.6809 2
    endloop
  endfacet
  facet normal 0 0 1
    outer loop
      vertex 129.045 -67.3367 2
      vertex 129.476 -66.9945 2
      vertex 129.097 -66.9485 2
    endloop
  endfacet
  facet normal 0 0 1
    outer loop
      vertex 129.476 -66.9945 2
      vertex 129.045 -67.3367 2
      vertex 129.375 -67.4228 2
    endloop
  endfacet
  facet normal 0 0 1
    outer loop
      vertex 129.097 -66.9485 2
      vertex 128.404 -67.3367 2
      vertex 129.045 -67.3367 2
    endloop
  endfacet
  facet normal 0 0 1
    outer loop
      vertex 127.904 -66.9485 2
      vertex 128.404 -68.042 2
      vertex 128.404 -67.3367 2
    endloop
  endfacet
  facet normal 0 0 1
    outer loop
      vertex 127.904 -69.3372 2
      vertex 128.404 -68.042 2
      vertex 127.904 -66.9485 2
    endloop
  endfacet
  facet normal -0 0 1
    outer loop
      vertex 127.904 -66.9485 2
      vertex 128.404 -67.3367 2
      vertex 129.097 -66.9485 2
    endloop
  endfacet
  facet normal 0 0 1
    outer loop
      vertex 128.404 -68.042 2
      vertex 127.904 -69.3372 2
      vertex 128.404 -68.4302 2
    endloop
  endfacet
  facet normal 0 0 1
    outer loop
      vertex 128.404 -68.4302 2
      vertex 127.904 -69.3372 2
      vertex 128.404 -69.3372 2
    endloop
  endfacet
  facet normal 0 0 1
    outer loop
      vertex 129.847 -68.0937 2
      vertex 129.458 -67.833 2
      vertex 129.679 -68.2448 2
    endloop
  endfacet
  facet normal -0 0 1
    outer loop
      vertex 129.377 -67.947 2
      vertex 129.679 -68.2448 2
      vertex 129.458 -67.833 2
    endloop
  endfacet
  facet normal 0 0 1
    outer loop
      vertex 129.462 -68.3336 2
      vertex 129.545 -69.3372 2
      vertex 130.108 -69.3372 2
    endloop
  endfacet
  facet normal 0 0 1
    outer loop
      vertex 129.679 -68.2448 2
      vertex 129.377 -67.947 2
      vertex 129.462 -68.3336 2
    endloop
  endfacet
  facet normal -0 0 1
    outer loop
      vertex 129.243 -68.0182 2
      vertex 129.462 -68.3336 2
      vertex 129.377 -67.947 2
    endloop
  endfacet
  facet normal 0 0 1
    outer loop
      vertex 129.462 -68.3336 2
      vertex 129.243 -68.0182 2
      vertex 128.99 -68.4302 2
    endloop
  endfacet
  facet normal 0 0 1
    outer loop
      vertex 128.99 -68.4302 2
      vertex 129.243 -68.0182 2
      vertex 129.058 -68.042 2
    endloop
  endfacet
  facet normal 0 0 1
    outer loop
      vertex 129.462 -68.3336 2
      vertex 128.99 -68.4302 2
      vertex 129.545 -69.3372 2
    endloop
  endfacet
  facet normal -0 0 1
    outer loop
      vertex 128.404 -68.042 2
      vertex 128.99 -68.4302 2
      vertex 129.058 -68.042 2
    endloop
  endfacet
  facet normal 0 0 1
    outer loop
      vertex 128.99 -68.4302 2
      vertex 128.404 -68.042 2
      vertex 128.404 -68.4302 2
    endloop
  endfacet
  facet normal 0.256695 -0.966492 0
    outer loop
      vertex 132.742 -69.3435 1.6
      vertex 133.053 -69.2609 2
      vertex 132.742 -69.3435 2
    endloop
  endfacet
  facet normal 0.256695 -0.966492 0
    outer loop
      vertex 133.053 -69.2609 2
      vertex 132.742 -69.3435 1.6
      vertex 133.053 -69.2609 1.6
    endloop
  endfacet
  facet normal 0.429857 -0.902897 0
    outer loop
      vertex 133.053 -69.2609 1.6
      vertex 133.329 -69.1295 2
      vertex 133.053 -69.2609 2
    endloop
  endfacet
  facet normal 0.429857 -0.902897 0
    outer loop
      vertex 133.329 -69.1295 2
      vertex 133.053 -69.2609 1.6
      vertex 133.329 -69.1295 1.6
    endloop
  endfacet
  facet normal 0.621637 -0.783305 0
    outer loop
      vertex 133.329 -69.1295 1.6
      vertex 133.548 -68.9557 2
      vertex 133.329 -69.1295 2
    endloop
  endfacet
  facet normal 0.621637 -0.783305 0
    outer loop
      vertex 133.548 -68.9557 2
      vertex 133.329 -69.1295 1.6
      vertex 133.548 -68.9557 1.6
    endloop
  endfacet
  facet normal 1 -0 0
    outer loop
      vertex 133.548 -68.9557 2
      vertex 133.548 -68.0776 1.6
      vertex 133.548 -68.0776 2
    endloop
  endfacet
  facet normal 1 0 0
    outer loop
      vertex 133.548 -68.0776 1.6
      vertex 133.548 -68.9557 2
      vertex 133.548 -68.9557 1.6
    endloop
  endfacet
  facet normal 0 1 -0
    outer loop
      vertex 133.548 -68.0776 1.6
      vertex 132.507 -68.0776 2
      vertex 133.548 -68.0776 2
    endloop
  endfacet
  facet normal 0 1 0
    outer loop
      vertex 132.507 -68.0776 2
      vertex 133.548 -68.0776 1.6
      vertex 132.507 -68.0776 1.6
    endloop
  endfacet
  facet normal -1 0 0
    outer loop
      vertex 132.507 -68.4471 1.6
      vertex 132.507 -68.0776 2
      vertex 132.507 -68.0776 1.6
    endloop
  endfacet
  facet normal -1 -0 0
    outer loop
      vertex 132.507 -68.0776 2
      vertex 132.507 -68.4471 1.6
      vertex 132.507 -68.4471 2
    endloop
  endfacet
  facet normal 0 -1 0
    outer loop
      vertex 132.507 -68.4471 1.6
      vertex 133.09 -68.4471 2
      vertex 132.507 -68.4471 2
    endloop
  endfacet
  facet normal 0 -1 -0
    outer loop
      vertex 133.09 -68.4471 2
      vertex 132.507 -68.4471 1.6
      vertex 133.09 -68.4471 1.6
    endloop
  endfacet
  facet normal -1 0 0
    outer loop
      vertex 133.09 -68.7777 1.6
      vertex 133.09 -68.4471 2
      vertex 133.09 -68.4471 1.6
    endloop
  endfacet
  facet normal -1 -0 0
    outer loop
      vertex 133.09 -68.4471 2
      vertex 133.09 -68.7777 1.6
      vertex 133.09 -68.7777 2
    endloop
  endfacet
  facet normal -0.552951 0.833214 0
    outer loop
      vertex 133.09 -68.7777 1.6
      vertex 132.969 -68.858 2
      vertex 133.09 -68.7777 2
    endloop
  endfacet
  facet normal -0.552951 0.833214 0
    outer loop
      vertex 132.969 -68.858 2
      vertex 133.09 -68.7777 1.6
      vertex 132.969 -68.858 1.6
    endloop
  endfacet
  facet normal -0.370896 0.928674 0
    outer loop
      vertex 132.969 -68.858 1.6
      vertex 132.807 -68.9227 2
      vertex 132.969 -68.858 2
    endloop
  endfacet
  facet normal -0.370896 0.928674 0
    outer loop
      vertex 132.807 -68.9227 2
      vertex 132.969 -68.858 1.6
      vertex 132.807 -68.9227 1.6
    endloop
  endfacet
  facet normal -0.223252 0.974761 0
    outer loop
      vertex 132.807 -68.9227 1.6
      vertex 132.621 -68.9653 2
      vertex 132.807 -68.9227 2
    endloop
  endfacet
  facet normal -0.223252 0.974761 0
    outer loop
      vertex 132.621 -68.9653 2
      vertex 132.807 -68.9227 1.6
      vertex 132.621 -68.9653 1.6
    endloop
  endfacet
  facet normal -0.0737569 0.997276 0
    outer loop
      vertex 132.621 -68.9653 1.6
      vertex 132.429 -68.9795 2
      vertex 132.621 -68.9653 2
    endloop
  endfacet
  facet normal -0.0737569 0.997276 0
    outer loop
      vertex 132.429 -68.9795 2
      vertex 132.621 -68.9653 1.6
      vertex 132.429 -68.9795 1.6
    endloop
  endfacet
  facet normal 0.178971 0.983854 -0
    outer loop
      vertex 132.429 -68.9795 1.6
      vertex 132.125 -68.9242 2
      vertex 132.429 -68.9795 2
    endloop
  endfacet
  facet normal 0.178971 0.983854 0
    outer loop
      vertex 132.125 -68.9242 2
      vertex 132.429 -68.9795 1.6
      vertex 132.125 -68.9242 1.6
    endloop
  endfacet
  facet normal 0.588593 0.808429 -0
    outer loop
      vertex 132.125 -68.9242 1.6
      vertex 131.897 -68.7582 2
      vertex 132.125 -68.9242 2
    endloop
  endfacet
  facet normal 0.588593 0.808429 0
    outer loop
      vertex 131.897 -68.7582 2
      vertex 132.125 -68.9242 1.6
      vertex 131.897 -68.7582 1.6
    endloop
  endfacet
  facet normal 0.883047 0.469284 0
    outer loop
      vertex 131.897 -68.7582 2
      vertex 131.755 -68.491 1.6
      vertex 131.755 -68.491 2
    endloop
  endfacet
  facet normal 0.883047 0.469284 0
    outer loop
      vertex 131.755 -68.491 1.6
      vertex 131.897 -68.7582 2
      vertex 131.897 -68.7582 1.6
    endloop
  endfacet
  facet normal 0.991548 0.12974 0
    outer loop
      vertex 131.755 -68.491 2
      vertex 131.708 -68.1318 1.6
      vertex 131.708 -68.1318 2
    endloop
  endfacet
  facet normal 0.991548 0.12974 0
    outer loop
      vertex 131.708 -68.1318 1.6
      vertex 131.755 -68.491 2
      vertex 131.755 -68.491 1.6
    endloop
  endfacet
  facet normal 0.991578 -0.129508 0
    outer loop
      vertex 131.708 -68.1318 2
      vertex 131.754 -67.7796 1.6
      vertex 131.754 -67.7796 2
    endloop
  endfacet
  facet normal 0.991578 -0.129508 0
    outer loop
      vertex 131.754 -67.7796 1.6
      vertex 131.708 -68.1318 2
      vertex 131.708 -68.1318 1.6
    endloop
  endfacet
  facet normal 0.884549 -0.466448 0
    outer loop
      vertex 131.754 -67.7796 2
      vertex 131.891 -67.5198 1.6
      vertex 131.891 -67.5198 2
    endloop
  endfacet
  facet normal 0.884549 -0.466448 0
    outer loop
      vertex 131.891 -67.5198 1.6
      vertex 131.754 -67.7796 2
      vertex 131.754 -67.7796 1.6
    endloop
  endfacet
  facet normal 0.578298 -0.815826 0
    outer loop
      vertex 131.891 -67.5198 1.6
      vertex 132.117 -67.3596 2
      vertex 131.891 -67.5198 2
    endloop
  endfacet
  facet normal 0.578298 -0.815826 0
    outer loop
      vertex 132.117 -67.3596 2
      vertex 131.891 -67.5198 1.6
      vertex 132.117 -67.3596 1.6
    endloop
  endfacet
  facet normal 0.169758 -0.985486 0
    outer loop
      vertex 132.117 -67.3596 1.6
      vertex 132.427 -67.3062 2
      vertex 132.117 -67.3596 2
    endloop
  endfacet
  facet normal 0.169758 -0.985486 0
    outer loop
      vertex 132.427 -67.3062 2
      vertex 132.117 -67.3596 1.6
      vertex 132.427 -67.3062 1.6
    endloop
  endfacet
  facet normal -0.115149 -0.993348 0
    outer loop
      vertex 132.427 -67.3062 1.6
      vertex 132.628 -67.3295 2
      vertex 132.427 -67.3062 2
    endloop
  endfacet
  facet normal -0.115149 -0.993348 -0
    outer loop
      vertex 132.628 -67.3295 2
      vertex 132.427 -67.3062 1.6
      vertex 132.628 -67.3295 1.6
    endloop
  endfacet
  facet normal -0.373229 -0.927739 0
    outer loop
      vertex 132.628 -67.3295 1.6
      vertex 132.802 -67.3995 2
      vertex 132.628 -67.3295 2
    endloop
  endfacet
  facet normal -0.373229 -0.927739 -0
    outer loop
      vertex 132.802 -67.3995 2
      vertex 132.628 -67.3295 1.6
      vertex 132.802 -67.3995 1.6
    endloop
  endfacet
  facet normal -0.640841 -0.767674 0
    outer loop
      vertex 132.802 -67.3995 1.6
      vertex 132.94 -67.5147 2
      vertex 132.802 -67.3995 2
    endloop
  endfacet
  facet normal -0.640841 -0.767674 -0
    outer loop
      vertex 132.94 -67.5147 2
      vertex 132.802 -67.3995 1.6
      vertex 132.94 -67.5147 1.6
    endloop
  endfacet
  facet normal -0.856638 -0.515918 0
    outer loop
      vertex 133.036 -67.6741 1.6
      vertex 132.94 -67.5147 2
      vertex 132.94 -67.5147 1.6
    endloop
  endfacet
  facet normal -0.856638 -0.515918 0
    outer loop
      vertex 132.94 -67.5147 2
      vertex 133.036 -67.6741 1.6
      vertex 133.036 -67.6741 2
    endloop
  endfacet
  facet normal 0.288681 -0.957425 0
    outer loop
      vertex 133.036 -67.6741 1.6
      vertex 133.497 -67.5351 2
      vertex 133.036 -67.6741 2
    endloop
  endfacet
  facet normal 0.288681 -0.957425 0
    outer loop
      vertex 133.497 -67.5351 2
      vertex 133.036 -67.6741 1.6
      vertex 133.497 -67.5351 1.6
    endloop
  endfacet
  facet normal 0.773832 0.633391 0
    outer loop
      vertex 133.497 -67.5351 2
      vertex 133.115 -67.0684 1.6
      vertex 133.115 -67.0684 2
    endloop
  endfacet
  facet normal 0.773832 0.633391 0
    outer loop
      vertex 133.115 -67.0684 1.6
      vertex 133.497 -67.5351 2
      vertex 133.497 -67.5351 1.6
    endloop
  endfacet
  facet normal 0.220457 0.975397 -0
    outer loop
      vertex 133.115 -67.0684 1.6
      vertex 132.427 -66.9129 2
      vertex 133.115 -67.0684 2
    endloop
  endfacet
  facet normal 0.220457 0.975397 0
    outer loop
      vertex 132.427 -66.9129 2
      vertex 133.115 -67.0684 1.6
      vertex 132.427 -66.9129 1.6
    endloop
  endfacet
  facet normal -0.148618 0.988895 0
    outer loop
      vertex 132.427 -66.9129 1.6
      vertex 131.904 -66.9915 2
      vertex 132.427 -66.9129 2
    endloop
  endfacet
  facet normal -0.148618 0.988895 0
    outer loop
      vertex 131.904 -66.9915 2
      vertex 132.427 -66.9129 1.6
      vertex 131.904 -66.9915 1.6
    endloop
  endfacet
  facet normal -0.523441 0.852062 0
    outer loop
      vertex 131.904 -66.9915 1.6
      vertex 131.52 -67.2274 2
      vertex 131.904 -66.9915 2
    endloop
  endfacet
  facet normal -0.523441 0.852062 0
    outer loop
      vertex 131.52 -67.2274 2
      vertex 131.904 -66.9915 1.6
      vertex 131.52 -67.2274 1.6
    endloop
  endfacet
  facet normal -0.851536 0.524296 0
    outer loop
      vertex 131.284 -67.6107 1.6
      vertex 131.52 -67.2274 2
      vertex 131.52 -67.2274 1.6
    endloop
  endfacet
  facet normal -0.851536 0.524296 0
    outer loop
      vertex 131.52 -67.2274 2
      vertex 131.284 -67.6107 1.6
      vertex 131.284 -67.6107 2
    endloop
  endfacet
  facet normal -0.988703 0.14989 0
    outer loop
      vertex 131.205 -68.1318 1.6
      vertex 131.284 -67.6107 2
      vertex 131.284 -67.6107 1.6
    endloop
  endfacet
  facet normal -0.988703 0.14989 0
    outer loop
      vertex 131.284 -67.6107 2
      vertex 131.205 -68.1318 1.6
      vertex 131.205 -68.1318 2
    endloop
  endfacet
  facet normal -0.989175 -0.14674 0
    outer loop
      vertex 131.283 -68.6576 1.6
      vertex 131.205 -68.1318 2
      vertex 131.205 -68.1318 1.6
    endloop
  endfacet
  facet normal -0.989175 -0.14674 0
    outer loop
      vertex 131.205 -68.1318 2
      vertex 131.283 -68.6576 1.6
      vertex 131.283 -68.6576 2
    endloop
  endfacet
  facet normal -0.856815 -0.515625 0
    outer loop
      vertex 131.518 -69.0481 1.6
      vertex 131.283 -68.6576 2
      vertex 131.283 -68.6576 1.6
    endloop
  endfacet
  facet normal -0.856815 -0.515625 0
    outer loop
      vertex 131.283 -68.6576 2
      vertex 131.518 -69.0481 1.6
      vertex 131.518 -69.0481 2
    endloop
  endfacet
  facet normal -0.536474 -0.843917 0
    outer loop
      vertex 131.518 -69.0481 1.6
      vertex 131.899 -69.2903 2
      vertex 131.518 -69.0481 2
    endloop
  endfacet
  facet normal -0.536474 -0.843917 -0
    outer loop
      vertex 131.899 -69.2903 2
      vertex 131.518 -69.0481 1.6
      vertex 131.899 -69.2903 1.6
    endloop
  endfacet
  facet normal -0.154704 -0.987961 0
    outer loop
      vertex 131.899 -69.2903 1.6
      vertex 132.415 -69.3711 2
      vertex 131.899 -69.2903 2
    endloop
  endfacet
  facet normal -0.154704 -0.987961 -0
    outer loop
      vertex 132.415 -69.3711 2
      vertex 131.899 -69.2903 1.6
      vertex 132.415 -69.3711 1.6
    endloop
  endfacet
  facet normal 0.0841046 -0.996457 0
    outer loop
      vertex 132.415 -69.3711 1.6
      vertex 132.742 -69.3435 2
      vertex 132.415 -69.3711 2
    endloop
  endfacet
  facet normal 0.0841046 -0.996457 0
    outer loop
      vertex 132.742 -69.3435 2
      vertex 132.415 -69.3711 1.6
      vertex 132.742 -69.3435 1.6
    endloop
  endfacet
  facet normal 0 -1 0
    outer loop
      vertex 126.911 -67.335 1.6
      vertex 127.684 -67.335 2
      vertex 126.911 -67.335 2
    endloop
  endfacet
  facet normal 0 -1 -0
    outer loop
      vertex 127.684 -67.335 2
      vertex 126.911 -67.335 1.6
      vertex 127.684 -67.335 1.6
    endloop
  endfacet
  facet normal 1 -0 0
    outer loop
      vertex 127.684 -67.335 2
      vertex 127.684 -66.9485 1.6
      vertex 127.684 -66.9485 2
    endloop
  endfacet
  facet normal 1 0 0
    outer loop
      vertex 127.684 -66.9485 1.6
      vertex 127.684 -67.335 2
      vertex 127.684 -67.335 1.6
    endloop
  endfacet
  facet normal 0 1 -0
    outer loop
      vertex 127.684 -66.9485 1.6
      vertex 125.639 -66.9485 2
      vertex 127.684 -66.9485 2
    endloop
  endfacet
  facet normal 0 1 0
    outer loop
      vertex 125.639 -66.9485 2
      vertex 127.684 -66.9485 1.6
      vertex 125.639 -66.9485 1.6
    endloop
  endfacet
  facet normal -1 0 0
    outer loop
      vertex 125.639 -67.335 1.6
      vertex 125.639 -66.9485 2
      vertex 125.639 -66.9485 1.6
    endloop
  endfacet
  facet normal -1 -0 0
    outer loop
      vertex 125.639 -66.9485 2
      vertex 125.639 -67.335 1.6
      vertex 125.639 -67.335 2
    endloop
  endfacet
  facet normal 0 -1 0
    outer loop
      vertex 125.639 -67.335 1.6
      vertex 126.411 -67.335 2
      vertex 125.639 -67.335 2
    endloop
  endfacet
  facet normal 0 -1 -0
    outer loop
      vertex 126.411 -67.335 2
      vertex 125.639 -67.335 1.6
      vertex 126.411 -67.335 1.6
    endloop
  endfacet
  facet normal -1 0 0
    outer loop
      vertex 126.411 -69.3372 1.6
      vertex 126.411 -67.335 2
      vertex 126.411 -67.335 1.6
    endloop
  endfacet
  facet normal -1 -0 0
    outer loop
      vertex 126.411 -67.335 2
      vertex 126.411 -69.3372 1.6
      vertex 126.411 -69.3372 2
    endloop
  endfacet
  facet normal 0 -1 0
    outer loop
      vertex 126.411 -69.3372 1.6
      vertex 126.911 -69.3372 2
      vertex 126.411 -69.3372 2
    endloop
  endfacet
  facet normal 0 -1 -0
    outer loop
      vertex 126.911 -69.3372 2
      vertex 126.411 -69.3372 1.6
      vertex 126.911 -69.3372 1.6
    endloop
  endfacet
  facet normal 1 -0 0
    outer loop
      vertex 126.911 -69.3372 2
      vertex 126.911 -67.335 1.6
      vertex 126.911 -67.335 2
    endloop
  endfacet
  facet normal 1 0 0
    outer loop
      vertex 126.911 -67.335 1.6
      vertex 126.911 -69.3372 2
      vertex 126.911 -69.3372 1.6
    endloop
  endfacet
  facet normal 0 -1 0
    outer loop
      vertex 128.404 -68.4302 1.6
      vertex 128.99 -68.4302 2
      vertex 128.404 -68.4302 2
    endloop
  endfacet
  facet normal 0 -1 -0
    outer loop
      vertex 128.99 -68.4302 2
      vertex 128.404 -68.4302 1.6
      vertex 128.99 -68.4302 1.6
    endloop
  endfacet
  facet normal -0.852979 -0.521944 0
    outer loop
      vertex 129.545 -69.3372 1.6
      vertex 128.99 -68.4302 2
      vertex 128.99 -68.4302 1.6
    endloop
  endfacet
  facet normal -0.852979 -0.521944 0
    outer loop
      vertex 128.99 -68.4302 2
      vertex 129.545 -69.3372 1.6
      vertex 129.545 -69.3372 2
    endloop
  endfacet
  facet normal 0 -1 0
    outer loop
      vertex 129.545 -69.3372 1.6
      vertex 130.108 -69.3372 2
      vertex 129.545 -69.3372 2
    endloop
  endfacet
  facet normal 0 -1 -0
    outer loop
      vertex 130.108 -69.3372 2
      vertex 129.545 -69.3372 1.6
      vertex 130.108 -69.3372 1.6
    endloop
  endfacet
  facet normal 0.840863 0.541249 0
    outer loop
      vertex 130.108 -69.3372 2
      vertex 129.462 -68.3336 1.6
      vertex 129.462 -68.3336 2
    endloop
  endfacet
  facet normal 0.840863 0.541249 0
    outer loop
      vertex 129.462 -68.3336 1.6
      vertex 130.108 -69.3372 2
      vertex 130.108 -69.3372 1.6
    endloop
  endfacet
  facet normal 0.378732 -0.925506 0
    outer loop
      vertex 129.462 -68.3336 1.6
      vertex 129.679 -68.2448 2
      vertex 129.462 -68.3336 2
    endloop
  endfacet
  facet normal 0.378732 -0.925506 0
    outer loop
      vertex 129.679 -68.2448 2
      vertex 129.462 -68.3336 1.6
      vertex 129.679 -68.2448 1.6
    endloop
  endfacet
  facet normal 0.66872 -0.743514 0
    outer loop
      vertex 129.679 -68.2448 1.6
      vertex 129.847 -68.0937 2
      vertex 129.679 -68.2448 2
    endloop
  endfacet
  facet normal 0.66872 -0.743514 0
    outer loop
      vertex 129.847 -68.0937 2
      vertex 129.679 -68.2448 1.6
      vertex 129.847 -68.0937 1.6
    endloop
  endfacet
  facet normal 0.88299 -0.469393 0
    outer loop
      vertex 129.847 -68.0937 2
      vertex 129.953 -67.8943 1.6
      vertex 129.953 -67.8943 2
    endloop
  endfacet
  facet normal 0.88299 -0.469393 0
    outer loop
      vertex 129.953 -67.8943 1.6
      vertex 129.847 -68.0937 2
      vertex 129.847 -68.0937 1.6
    endloop
  endfacet
  facet normal 0.988352 -0.152184 0
    outer loop
      vertex 129.953 -67.8943 2
      vertex 129.989 -67.6605 1.6
      vertex 129.989 -67.6605 2
    endloop
  endfacet
  facet normal 0.988352 -0.152184 0
    outer loop
      vertex 129.989 -67.6605 1.6
      vertex 129.953 -67.8943 2
      vertex 129.953 -67.8943 1.6
    endloop
  endfacet
  facet normal 0.982293 0.18735 0
    outer loop
      vertex 129.989 -67.6605 2
      vertex 129.931 -67.3564 1.6
      vertex 129.931 -67.3564 2
    endloop
  endfacet
  facet normal 0.982293 0.18735 0
    outer loop
      vertex 129.931 -67.3564 1.6
      vertex 129.989 -67.6605 2
      vertex 129.989 -67.6605 1.6
    endloop
  endfacet
  facet normal 0.789732 0.613452 0
    outer loop
      vertex 129.931 -67.3564 2
      vertex 129.757 -67.1324 1.6
      vertex 129.757 -67.1324 2
    endloop
  endfacet
  facet normal 0.789732 0.613452 0
    outer loop
      vertex 129.757 -67.1324 1.6
      vertex 129.931 -67.3564 2
      vertex 129.931 -67.3564 1.6
    endloop
  endfacet
  facet normal 0.440556 0.897725 -0
    outer loop
      vertex 129.757 -67.1324 1.6
      vertex 129.476 -66.9945 2
      vertex 129.757 -67.1324 2
    endloop
  endfacet
  facet normal 0.440556 0.897725 0
    outer loop
      vertex 129.476 -66.9945 2
      vertex 129.757 -67.1324 1.6
      vertex 129.476 -66.9945 1.6
    endloop
  endfacet
  facet normal 0.120488 0.992715 -0
    outer loop
      vertex 129.476 -66.9945 1.6
      vertex 129.097 -66.9485 2
      vertex 129.476 -66.9945 2
    endloop
  endfacet
  facet normal 0.120488 0.992715 0
    outer loop
      vertex 129.097 -66.9485 2
      vertex 129.476 -66.9945 1.6
      vertex 129.097 -66.9485 1.6
    endloop
  endfacet
  facet normal 0 1 -0
    outer loop
      vertex 129.097 -66.9485 1.6
      vertex 127.904 -66.9485 2
      vertex 129.097 -66.9485 2
    endloop
  endfacet
  facet normal 0 1 0
    outer loop
      vertex 127.904 -66.9485 2
      vertex 129.097 -66.9485 1.6
      vertex 127.904 -66.9485 1.6
    endloop
  endfacet
  facet normal -1 0 0
    outer loop
      vertex 127.904 -69.3372 1.6
      vertex 127.904 -66.9485 2
      vertex 127.904 -66.9485 1.6
    endloop
  endfacet
  facet normal -1 -0 0
    outer loop
      vertex 127.904 -66.9485 2
      vertex 127.904 -69.3372 1.6
      vertex 127.904 -69.3372 2
    endloop
  endfacet
  facet normal 0 -1 0
    outer loop
      vertex 127.904 -69.3372 1.6
      vertex 128.404 -69.3372 2
      vertex 127.904 -69.3372 2
    endloop
  endfacet
  facet normal 0 -1 -0
    outer loop
      vertex 128.404 -69.3372 2
      vertex 127.904 -69.3372 1.6
      vertex 128.404 -69.3372 1.6
    endloop
  endfacet
  facet normal 1 -0 0
    outer loop
      vertex 128.404 -69.3372 2
      vertex 128.404 -68.4302 1.6
      vertex 128.404 -68.4302 2
    endloop
  endfacet
  facet normal 1 0 0
    outer loop
      vertex 128.404 -68.4302 1.6
      vertex 128.404 -69.3372 2
      vertex 128.404 -69.3372 1.6
    endloop
  endfacet
  facet normal 1 -0 0
    outer loop
      vertex 128.404 -68.042 2
      vertex 128.404 -67.3367 1.6
      vertex 128.404 -67.3367 2
    endloop
  endfacet
  facet normal 1 0 0
    outer loop
      vertex 128.404 -67.3367 1.6
      vertex 128.404 -68.042 2
      vertex 128.404 -68.042 1.6
    endloop
  endfacet
  facet normal 0 -1 0
    outer loop
      vertex 128.404 -67.3367 1.6
      vertex 129.045 -67.3367 2
      vertex 128.404 -67.3367 2
    endloop
  endfacet
  facet normal 0 -1 -0
    outer loop
      vertex 129.045 -67.3367 2
      vertex 128.404 -67.3367 1.6
      vertex 129.045 -67.3367 1.6
    endloop
  endfacet
  facet normal -0.252458 -0.967608 0
    outer loop
      vertex 129.045 -67.3367 1.6
      vertex 129.375 -67.4228 2
      vertex 129.045 -67.3367 2
    endloop
  endfacet
  facet normal -0.252458 -0.967608 -0
    outer loop
      vertex 129.375 -67.4228 2
      vertex 129.045 -67.3367 1.6
      vertex 129.375 -67.4228 1.6
    endloop
  endfacet
  facet normal -0.919936 -0.392069 0
    outer loop
      vertex 129.485 -67.6809 1.6
      vertex 129.375 -67.4228 2
      vertex 129.375 -67.4228 1.6
    endloop
  endfacet
  facet normal -0.919936 -0.392069 0
    outer loop
      vertex 129.375 -67.4228 2
      vertex 129.485 -67.6809 1.6
      vertex 129.485 -67.6809 2
    endloop
  endfacet
  facet normal -0.984607 0.174782 0
    outer loop
      vertex 129.458 -67.833 1.6
      vertex 129.485 -67.6809 2
      vertex 129.485 -67.6809 1.6
    endloop
  endfacet
  facet normal -0.984607 0.174782 0
    outer loop
      vertex 129.485 -67.6809 2
      vertex 129.458 -67.833 1.6
      vertex 129.458 -67.833 2
    endloop
  endfacet
  facet normal -0.81518 0.579207 0
    outer loop
      vertex 129.377 -67.947 1.6
      vertex 129.458 -67.833 2
      vertex 129.458 -67.833 1.6
    endloop
  endfacet
  facet normal -0.81518 0.579207 0
    outer loop
      vertex 129.458 -67.833 2
      vertex 129.377 -67.947 1.6
      vertex 129.377 -67.947 2
    endloop
  endfacet
  facet normal -0.469219 0.883082 0
    outer loop
      vertex 129.377 -67.947 1.6
      vertex 129.243 -68.0182 2
      vertex 129.377 -67.947 2
    endloop
  endfacet
  facet normal -0.469219 0.883082 0
    outer loop
      vertex 129.243 -68.0182 2
      vertex 129.377 -67.947 1.6
      vertex 129.243 -68.0182 1.6
    endloop
  endfacet
  facet normal -0.127597 0.991826 0
    outer loop
      vertex 129.243 -68.0182 1.6
      vertex 129.058 -68.042 2
      vertex 129.243 -68.0182 2
    endloop
  endfacet
  facet normal -0.127597 0.991826 0
    outer loop
      vertex 129.058 -68.042 2
      vertex 129.243 -68.0182 1.6
      vertex 129.058 -68.042 1.6
    endloop
  endfacet
  facet normal 0 1 -0
    outer loop
      vertex 129.058 -68.042 1.6
      vertex 128.404 -68.042 2
      vertex 129.058 -68.042 2
    endloop
  endfacet
  facet normal 0 1 0
    outer loop
      vertex 128.404 -68.042 2
      vertex 129.058 -68.042 1.6
      vertex 128.404 -68.042 1.6
    endloop
  endfacet
  facet normal 0 1 -0
    outer loop
      vertex 130.853 -66.9485 1.6
      vertex 130.352 -66.9485 2
      vertex 130.853 -66.9485 2
    endloop
  endfacet
  facet normal 0 1 0
    outer loop
      vertex 130.352 -66.9485 2
      vertex 130.853 -66.9485 1.6
      vertex 130.352 -66.9485 1.6
    endloop
  endfacet
  facet normal -1 0 0
    outer loop
      vertex 130.352 -69.3372 1.6
      vertex 130.352 -66.9485 2
      vertex 130.352 -66.9485 1.6
    endloop
  endfacet
  facet normal -1 -0 0
    outer loop
      vertex 130.352 -66.9485 2
      vertex 130.352 -69.3372 1.6
      vertex 130.352 -69.3372 2
    endloop
  endfacet
  facet normal 0 -1 0
    outer loop
      vertex 130.352 -69.3372 1.6
      vertex 130.853 -69.3372 2
      vertex 130.352 -69.3372 2
    endloop
  endfacet
  facet normal 0 -1 -0
    outer loop
      vertex 130.853 -69.3372 2
      vertex 130.352 -69.3372 1.6
      vertex 130.853 -69.3372 1.6
    endloop
  endfacet
  facet normal 1 -0 0
    outer loop
      vertex 130.853 -69.3372 2
      vertex 130.853 -66.9485 1.6
      vertex 130.853 -66.9485 2
    endloop
  endfacet
  facet normal 1 0 0
    outer loop
      vertex 130.853 -66.9485 1.6
      vertex 130.853 -69.3372 2
      vertex 130.853 -69.3372 1.6
    endloop
  endfacet
endsolid OpenSCAD_Model
