#VRML V2.0 utf8
# 3D model generated by easyeda2kicad.py (https://github.com/uPesy/easyeda2kicad.py)

Shape{
    appearance Appearance {
        material  Material 	{
            diffuseColor 0.8509803921568627 0.8509803921568627 0.8509803921568627
            specularColor 0.4235294117647059 0.4235294117647059 0.4235294117647059
            ambientIntensity 0.851
            transparency 0.0
            shininess 0.5
        }
    }
    geometry IndexedFaceSet {
        ccw TRUE
        solid FALSE
        coord DEF co Coordinate {
            point [
                2.1652 -0.0008 0.0787, 2.1585 0.0502 -1.3779, 2.1585 0.0502 0.0787, 2.1388 0.0977 -1.3779, 2.1388 0.0977 0.0787, 2.1075 0.1384 -1.3779, 2.1075 0.1384 0.0787, 2.0667 0.1697 -1.3779, 2.0667 0.1697 0.0787, 2.0193 0.1894 -1.3779, 2.0193 0.1894 0.0787, 1.9683 0.1961 -1.3779, 1.9683 0.1961 0.0787, 1.9174 0.1894 -1.3779, 1.9174 0.1894 0.0787, 1.8699 0.1697 -1.3779, 1.8699 0.1697 0.0787, 1.8291 0.1384 -1.3779, 1.8291 0.1384 0.0787, 1.7978 0.0977 -1.3779, 1.7978 0.0977 0.0787, 1.7782 0.0502 -1.3779, 1.7782 0.0502 0.0787, 1.7715 -0.0008 -1.3779, 1.7715 -0.0008 0.0787, 1.7782 -0.0517 -1.3779, 1.7782 -0.0517 0.0787, 1.7978 -0.0992 -1.3779, 1.7978 -0.0992 0.0787, 1.8291 -0.14 -1.3779, 1.8291 -0.14 0.0787, 1.8699 -0.1712 -1.3779, 1.8699 -0.1712 0.0787, 1.9174 -0.1909 -1.3779, 1.9174 -0.1909 0.0787, 1.9683 -0.1976 -1.3779, 1.9683 -0.1976 0.0787, 2.0193 -0.1909 -1.3779, 2.0193 -0.1909 0.0787, 2.0667 -0.1712 -1.3779, 2.0667 -0.1712 0.0787, 2.1075 -0.14 -1.3779, 2.1075 -0.14 0.0787, 2.1388 -0.0992 -1.3779, 2.1388 -0.0992 0.0787, 2.1585 -0.0517 -1.3779, 2.1585 -0.0517 0.0787, 2.1652 -0.0008 -1.3779
            ]
        }
        coordIndex [
            0,1,2,-1,2,1,3,-1,2,3,4,-1,4,3,5,-1,4,5,6,-1,6,5,7,-1,6,7,8,-1,8,7,9,-1,8,9,10,-1,10,9,11,-1,10,11,12,-1,12,11,13,-1,12,13,14,-1,14,13,15,-1,14,15,16,-1,16,15,17,-1,16,17,18,-1,18,17,19,-1,18,19,20,-1,20,19,21,-1,20,21,22,-1,22,21,23,-1,22,23,24,-1,24,23,25,-1,24,25,26,-1,26,25,27,-1,26,27,28,-1,28,27,29,-1,28,29,30,-1,30,29,31,-1,30,31,32,-1,32,31,33,-1,32,33,34,-1,34,33,35,-1,34,35,36,-1,36,35,37,-1,36,37,38,-1,38,37,39,-1,38,39,40,-1,40,39,41,-1,40,41,42,-1,42,41,43,-1,42,43,44,-1,44,43,45,-1,44,45,46,-1,46,45,47,-1,46,47,0,-1,0,47,1,-1,
        ]
    }
}
Shape{
    appearance Appearance {
        material  Material 	{
            diffuseColor 0.2235294117647059 0.2235294117647059 0.2235294117647059
            specularColor 0.11372549019607843 0.11372549019607843 0.11372549019607843
            ambientIntensity 0.2235
            transparency 0.0
            shininess 0.5
        }
    }
    geometry IndexedFaceSet {
        ccw TRUE
        solid FALSE
        coord DEF co Coordinate {
            point [
                3.6069 2.3958 13.189, 3.8412 1.9989 13.189, 3.8412 1.9989 7.8095, -2.4904 3.5424 13.189, -2.2082 3.719 13.189, -2.2108 3.7232 7.8095, -1.0773 4.1939 4.1049, -1.0532 4.2 4.1708, -1.0295 4.2056 4.1709, -0.6372 4.2828 4.3206, -0.5445 4.2956 4.3213, -0.5439 4.2957 4.2444, -0.6551 4.2801 4.5547, -0.6316 4.2837 4.4891, -0.7551 4.2636 4.554, -0.7792 4.2593 4.4881, -0.5973 4.2886 4.4894, -0.5137 4.2994 4.3491, -0.6374 4.2828 4.3482, -0.8582 4.2441 4.3038, -0.8722 4.2412 4.282, -0.9886 4.2156 4.3457, -0.8134 4.2529 4.4878, -0.8254 4.2506 4.3306, -0.8473 4.2463 4.3149, -0.6298 4.2839 4.2438, -0.6882 4.2749 4.3479, -0.7567 4.2634 4.3474, -0.7969 4.256 4.3422, -0.5437 4.2957 4.2169, -0.5432 4.2958 4.1361, -0.6296 4.284 4.2163, -0.6413 4.2822 4.1354, -0.4586 4.3056 4.7306, -0.4988 4.3011 4.7254, -0.3986 4.3116 7.8095, -0.5273 4.2978 4.7138, -0.5492 4.295 4.6981, -0.6905 4.2746 4.7289, -0.5601 4.2936 4.687, -0.5741 4.2917 4.6652, -0.5821 4.2907 4.6414, -0.5849 4.2903 4.6126, -0.5838 4.2904 4.5951, -0.5773 4.2913 4.5674, -0.5649 4.293 4.5429, -0.548 4.2952 4.5234, -0.5224 4.2984 4.5053, -0.4496 4.3066 4.2809, -0.4948 4.3016 4.4949, -0.4545 4.3061 4.4904, -0.3985 4.3115 4.4908, -0.4018 4.3113 4.1521, -1.0295 4.2058 7.8095, -1.0218 4.2077 4.3455, -0.7237 4.2691 4.7287, -0.9532 4.2238 4.1715, -0.9297 4.229 4.1059, -1.0281 4.1999 2.43, -0.8802 4.2396 4.2582, -0.883 4.239 4.2295, -0.8954 4.2364 4.1062, -0.8819 4.2392 4.2119, -0.8755 4.2406 4.1842, -0.863 4.2431 4.1597, -0.8461 4.2465 4.1402, -0.8043 4.2546 2.43, -0.3982 4.3092 2.43, -0.8205 4.2516 4.1222, -0.7929 4.2568 4.1117, -0.7526 4.2641 4.1072, -0.6865 4.2752 4.1077, -0.6411 4.2823 4.108, -0.512 4.2996 4.1089, -0.4807 4.3032 4.2807, -1.1115 4.1849 4.1047, -1.6372 4.006 2.43, -1.6381 4.0083 7.8095, -1.0295 4.2058 4.3247, -1.2519 4.1451 2.43, -0.0102 4.3299 4.1834, -0.0165 4.3299 4.1931, -0.0224 4.3299 4.2427, -0.0254 4.3299 4.2012, -0.0375 4.3298 4.2078, -0.0432 4.3297 4.2555, -0.0624 4.3295 4.214, -0.089 4.329 4.2619, -0.0788 4.3292 4.263, -0.062 4.3295 4.2615, -0.1132 4.3285 4.2208, -0.1123 4.3285 4.2341, -0.1093 4.3286 4.2448, -0.1058 4.3287 4.2511, -0.1013 4.3288 4.2559, -0.0959 4.3289 4.2594, 0.0278 4.3299 4.3529, 0.028 4.3299 4.3253, 0.1208 4.3283 4.326, 0.1213 4.3282 4.2491, 0.0354 4.3298 4.2485, -0.0065 4.3299 4.1724, 0.1221 4.3282 4.1408, 0.0239 4.3299 4.1401, 0.1215 4.3282 4.2216, 0.0356 4.3298 4.221, -0.0779 4.3292 4.696, -0.1624 4.3269 4.697, -0.1379 4.3278 4.7059, -0.1107 4.3285 4.7091, -0.1001 4.3288 4.7087, -0.0793 4.3292 4.7046, -0.0301 4.3298 4.6614, -0.0225 4.3299 4.6397, -0.0605 4.3295 4.6957, -0.0451 4.3297 4.6829, -0.0412 4.3298 4.6786, -0.0193 4.3299 4.6109, -0.0196 4.3299 4.6087, -0.1672 4.3267 4.6944, -0.0229 4.3299 4.5791, -0.0303 4.3298 4.5595, -0.0424 4.3297 4.5422, -0.0471 4.3297 4.5375, -0.0627 4.3295 4.5263, -0.0798 4.3292 4.5195, -0.1039 4.3287 4.5165, -0.1167 4.3284 4.5169, -0.2112 4.3248 4.2774, -0.2274 4.324 4.2835, -0.3884 4.3125 4.4909, -0.233 4.3237 4.1314, -0.2343 4.3236 4.1315, -0.2296 4.3239 4.1863, -0.2497 4.3228 4.133, -0.2575 4.3223 4.1358, -0.2603 4.3221 4.1374, -0.2637 4.3219 4.1405, -0.2652 4.3218 4.1423, -0.2493 4.3228 4.1779, -0.2664 4.3218 4.1443, -0.268 4.3217 4.1486, -0.2686 4.3216 4.1544, -0.2684 4.3216 4.1581, -0.267 4.3217 4.1628, -0.2647 4.3219 4.1668, -0.261 4.3221 4.1707, -0.1976 4.3254 4.2041, -0.1836 4.3261 4.1483, -0.2117 4.3248 4.1947, -0.1953 4.3255 4.141, -0.2141 4.3247 4.1337, -0.1927 4.3257 4.2093, -0.1889 4.3258 4.2156, -0.1433 4.3276 4.2219, -0.1856 4.326 4.2248, -0.1406 4.3277 4.2472, -0.1844 4.326 4.2365, -0.1857 4.326 4.2472, -0.1893 4.3258 4.2569, -0.195 4.3256 4.265, -0.2039 4.3251 4.273, -0.2922 4.3201 4.2783, -0.2695 4.3216 4.2848, -0.2516 4.3226 4.2862, -0.292 4.3201 4.2491, -0.3161 4.3184 4.2819, -0.3497 4.3158 4.2816, -0.3936 4.312 4.1524, -0.3972 4.3117 4.1382, -0.398 4.3116 4.1382, -0.3986 4.3116 4.1402, -0.3996 4.3115 4.144, -0.005 4.3299 4.1584, -0.1834 4.3261 4.1173, -0.1426 4.3276 4.1115, -0.2048 4.3251 4.1096, -0.3205 4.3181 4.0319, -0.2559 4.3224 4.1096, -0.2298 4.3239 4.1069, -0.4015 4.3113 4.0838, -0.3986 4.3116 4.0782, -0.3877 4.3126 4.0573, -0.3763 4.3136 4.0444, -0.3745 4.3137 4.0423, -0.364 4.3146 4.0351, -0.3521 4.3156 4.0306, -0.3399 4.3166 4.0293, -0.3332 4.3171 4.0296, -0.1125 4.3285 4.1117, -0.0296 4.3298 4.1147, -0.0195 4.3299 4.1219, 0.0241 4.3299 4.1127, -0.0162 4.3299 4.1253, -0.01 4.3299 4.1346, -0.0064 4.3299 4.1448, -0.0976 4.3289 4.121, -0.0868 4.3291 4.114, -0.1127 4.3285 4.1383, -0.1119 4.3285 4.1383, -0.1071 4.3286 4.1312, -0.0411 4.3298 4.1103, -0.0591 4.3295 4.1081, -0.0746 4.3293 4.1097, -0.3475 4.316 2.43, 0.1533 4.3272 4.1136, 0.1132 4.3285 2.43, 0.2407 4.3183 2.43, 0.1516 4.3273 4.3538, 0.2411 4.3232 7.8095, -0.1357 4.3278 4.2602, -0.343 4.3164 4.4912, -0.3432 4.3163 4.5186, -0.3901 4.3124 4.7311, -0.3985 4.3115 4.731, -0.0226 4.3299 4.2719, -0.0314 4.3298 4.2768, -0.2138 4.3247 4.4921, -0.0543 4.3296 4.2847, -0.0818 4.3292 4.2875, -0.1026 4.3287 4.2851, -0.1146 4.3284 4.2808, -0.1241 4.3282 4.2747, -0.1294 4.328 4.2695, -0.2156 4.3246 4.7323, -0.1436 4.3276 4.5221, -0.1661 4.3268 4.5321, -0.1658 4.3268 4.5024, -0.1617 4.3269 4.5004, -0.1359 4.3278 4.4921, -0.0992 4.3288 4.4889, -0.0839 4.3291 4.4897, -0.0581 4.3296 4.4954, -0.0356 4.3298 4.5064, 0.0239 4.3299 4.4938, 0.1506 4.3273 4.4947, 0.1489 4.3274 4.7349, 0.1179 4.3283 4.7347, -0.017 4.3299 4.5222, -0.0147 4.3299 4.5247, 0.0237 4.3299 4.5212, -0.0006 4.3299 4.5454, 0.1194 4.3283 4.5218, 0.0063 4.3299 4.6556, -0.0058 4.3299 4.6819, 0.0089 4.3299 4.5707, 0.0133 4.3299 4.6093, 0.0125 4.3299 4.6249, -0.0221 4.3299 4.7024, -0.031 4.3298 4.7104, -0.0552 4.3296 4.7258, -0.0812 4.3292 4.7343, -0.1106 4.3285 4.7371, -0.1133 4.3285 4.7368, -0.1443 4.3275 4.734, -0.1674 4.3267 4.7269, -0.3391 4.3167 4.7038, -0.3393 4.3167 4.7314, -0.2456 4.323 4.6001, -0.2451 4.323 4.5193, -0.3315 4.3173 4.5995, -0.3317 4.3172 4.627, -0.2458 4.323 4.6276, -0.2464 4.3229 4.7044, -0.2886 4.3203 4.1276, -0.3628 4.3147 4.0683, -0.2942 4.32 4.1355, -0.3687 4.3142 4.0791, -0.298 4.3197 4.145, -0.3822 4.3131 4.1102, -0.2995 4.3196 4.1571, -0.345 4.3162 4.0559, -0.3516 4.3157 4.0583, -0.3571 4.3152 4.0621, -0.2721 4.3214 4.1154, -0.3207 4.3181 4.0587, -0.2799 4.3209 4.1201, -0.3268 4.3176 4.0566, -0.3377 4.3168 4.0551, -0.2897 4.3203 4.1855, -0.2952 4.3199 4.1772, -0.2201 4.3244 4.2516, -0.2175 4.3245 4.2478, -0.2201 4.3244 4.2473, -0.216 4.3246 4.2438, -0.2154 4.3246 4.239, -0.2484 4.3228 4.2618, -0.2395 4.3233 4.2612, -0.2315 4.3238 4.2592, -0.2247 4.3241 4.2556, -0.2157 4.3246 4.235, -0.2168 4.3245 4.2303, -0.219 4.3244 4.2262, -0.2219 4.3243 4.223, -0.2324 4.3237 4.2163, -0.2682 4.3216 4.2594, -0.251 4.3227 4.208, -0.2851 4.3206 4.2531, -0.2626 4.322 4.2032, -0.2825 4.3207 4.192, -0.2984 4.3197 4.1683, 0.6786 4.2764 4.6396, 0.7263 4.2686 4.6733, 0.8753 4.2392 4.3239, 0.7797 4.2591 4.6942, 0.4542 4.306 4.3523, 0.455 4.306 4.3676, 0.6577 4.2797 4.3179, 0.4628 4.3051 4.4004, 0.4786 4.3034 4.43, 0.4979 4.3012 4.4518, 0.5242 4.2981 4.4705, 0.6001 4.2881 4.4866, 0.71 4.2713 4.4088, 0.5865 4.29 4.4865, 0.5539 4.2943 4.4822, 0.6902 4.2746 4.2162, 0.6784 4.2764 4.2207, 0.7007 4.2728 4.2088, 0.6652 4.2785 4.2223, 0.6636 4.2788 4.222, 0.6584 4.2796 4.221, 0.655 4.2801 4.2205, 0.5781 4.2912 4.22, 0.5472 4.2952 4.2257, 0.517 4.299 4.2395, 0.4916 4.3019 4.26, 0.4896 4.3022 4.2622, 0.4706 4.3043 4.2887, 0.4586 4.3056 4.319, 0.6104 4.2867 4.5345, 0.6364 4.2829 4.5897, 0.6747 4.277 4.636, 0.6829 4.2757 4.7655, 0.6071 4.2872 4.7138, 0.9232 4.2303 4.7944, 0.8755 4.2403 4.8, 0.8755 4.2405 7.8095, 0.8387 4.2479 4.8042, 0.7684 4.2612 4.7963, 0.5509 4.2947 4.6478, 0.5158 4.2991 4.5782, 0.5076 4.3001 4.5754, 0.4569 4.3058 4.5498, 0.4108 4.3104 4.5103, 0.3763 4.3135 4.4615, 0.4126 4.3102 4.1915, 0.4593 4.3055 4.1525, 0.3784 4.3134 4.2386, 0.3558 4.3153 4.4092, 0.3483 4.3159 4.3533, 0.3565 4.3152 4.2925, 0.5116 4.2996 4.1274, 0.5686 4.2924 4.1157, 0.5726 4.2919 2.43, 0.6694 4.2779 4.1165, 0.8745 4.2351 2.43, 0.679 4.2764 4.1181, 0.6902 4.2746 4.1226, 0.7013 4.2728 4.1306, 0.7052 4.2721 4.1346, 0.8754 4.2399 4.2048, 0.7126 4.2709 4.1454, 0.717 4.2701 4.157, 0.7185 4.2699 4.1697, 0.718 4.27 4.1765, 0.7145 4.2706 4.1895, 0.7079 4.2717 4.2011, 0.8981 4.2358 4.1671, 0.8989 4.2356 4.1581, 0.8977 4.2358 4.1932, 0.8978 4.2358 4.1761, 0.8979 4.2358 4.1716, 0.9027 4.2348 4.1368, 0.9093 4.2334 4.116, 0.9298 4.2289 4.0781, 0.956 4.2231 4.0492, 0.9901 4.2152 4.0258, 1.0283 4.206 4.0114, 1.0255 4.2067 2.43, 1.0698 4.1957 4.0066, 1.4668 4.0739 2.43, 1.0762 4.194 4.0067, 1.4904 4.064 2.43, 1.1165 4.1835 4.0133, 1.1558 4.1728 4.0301, 1.1891 4.1635 4.0555, 1.2143 4.1562 4.087, 1.2312 4.1512 4.1239, 1.2528 4.1447 4.1305, 1.3143 4.1256 4.161, 1.3673 4.1084 4.2068, 1.4058 4.0954 4.2627, 1.4298 4.087 4.3264, 1.4377 4.0843 4.3935, 1.4371 4.0845 4.4098, 1.4909 4.0652 7.8095, 1.4252 4.0887 4.4739, 1.3975 4.0982 4.5352, 1.356 4.1121 4.5876, 1.3444 4.1159 4.5984, 1.2899 4.1333 4.6362, 1.1395 4.1773 4.6663, 1.1198 4.1826 4.6645, 1.0845 4.1919 4.705, 1.2264 4.1526 4.6603, 1.159 4.1719 4.6682, 1.0441 4.2022 4.7391, 1.0022 4.2123 4.7646, 0.9694 4.22 4.3183, 0.9397 4.2267 4.2909, 0.9567 4.2229 4.6718, 1.0026 4.2123 4.6388, 1.0412 4.2029 4.5933, 1.0055 4.2115 4.338, 1.0677 4.1962 4.5394, 1.0467 4.2015 4.3485, 0.8377 4.2481 4.7017, 0.8755 4.2404 4.6971, 0.9007 4.2352 4.6941, 1.3281 4.1212 4.3695, 1.3235 4.1227 4.3482, 1.2096 4.1575 4.2747, 1.3161 4.1251 4.3276, 1.2962 4.1314 4.2932, 1.2658 4.1408 4.2615, 1.2287 4.1519 4.2383, 1.33 4.1206 4.3961, 1.1812 4.1657 4.3068, 1.3246 4.1223 4.4375, 1.2184 4.155 4.5551, 1.2565 4.1436 4.5351, 1.1461 4.1755 4.3309, 1.2858 4.1346 4.5093, 1.3097 4.1271 4.4755, 1.0795 4.1932 4.546, 1.1083 4.1857 4.3451, 1.0674 4.1963 4.3498, 1.1177 4.1832 4.5603, 1.158 4.1722 4.5657, 1.1761 4.1671 4.5648, 3.8412 -2.0005 7.8095, 3.8412 -2.0005 13.189, 3.6069 -2.3973 13.189, 3.5047 -2.5446 7.8095, 3.6069 -2.3973 2.43, 3.8412 -2.0005 2.43, 3.019 -3.1055 2.43, 3.0885 -3.0303 2.43, 3.0916 -3.0332 7.8095, 3.3318 -2.7671 2.43, 3.5 -2.5411 2.43, 3.5 -2.5411 13.189, 3.3318 -2.7671 13.189, 3.0885 -3.0303 13.189, 3.019 -3.1055 13.189, 2.672 -3.4087 2.43, 2.6111 -3.4556 7.8095, 2.672 -3.4087 13.189, 2.6092 -3.4528 13.189, 2.2947 -3.6734 13.189, 2.0736 -3.8026 7.8095, 2.2947 -3.6734 2.43, 2.6092 -3.4528 2.43, 2.0707 -3.7973 13.189, 1.8915 -3.8965 13.189, 1.4909 -4.0667 7.8095, 1.4668 -4.0754 2.43, 1.4904 -4.0655 2.43, 1.8915 -3.8965 2.43, 2.0707 -3.7973 2.43, 1.4904 -4.0655 13.189, 1.4668 -4.0754 13.189, 0.8755 -4.242 7.8095, 1.0255 -4.2083 13.189, 1.0255 -4.2083 2.43, 0.1132 -4.33 2.43, 0.2407 -4.3198 2.43, 0.2411 -4.3247 7.8095, 0.5726 -4.2934 2.43, 0.8745 -4.2366 2.43, 0.8745 -4.2366 13.189, 0.5726 -4.2934 13.189, 0.2407 -4.3198 13.189, 0.1132 -4.33 13.189, -0.3475 -4.3175 2.43, -0.3986 -4.3131 7.8095, -0.3475 -4.3175 13.189, -0.3982 -4.3107 13.189, -0.8043 -4.2562 13.189, -1.0295 -4.2074 7.8095, -0.8043 -4.2562 2.43, -0.3982 -4.3107 2.43, -1.6854 -3.9901 2.43, -1.6372 -4.0075 2.43, -1.6381 -4.0098 7.8095, -1.2519 -4.1466 2.43, -1.0281 -4.2014 2.43, -1.0281 -4.2014 13.189, -1.2519 -4.1466 13.189, -1.6372 -4.0075 13.189, -1.6854 -3.9901 13.189, -2.0998 -3.7885 2.43, -2.2108 -3.7247 7.8095, -2.0998 -3.7885 13.189, -2.732 -3.3541 13.189, -2.7354 -3.3584 7.8095, -2.4904 -3.5439 13.189, -2.2082 -3.7206 13.189, -2.8528 -3.2593 13.189, -3.1829 -2.9377 13.189, -3.2002 -2.9188 7.8095, -2.8528 -3.2593 2.43, -2.732 -3.3541 2.43, -2.4904 -3.5439 2.43, -2.2082 -3.7206 2.43, -3.1992 -2.918 13.189, -3.477 -2.5828 13.189, -3.5952 -2.4155 7.8095, -3.477 -2.5828 2.43, -3.1992 -2.918 2.43, -3.1829 -2.9377 2.43, -3.9441 -1.7898 2.43, -3.9087 -1.8579 2.43, -3.9117 -1.8595 7.8095, -3.7317 -2.1988 2.43, -3.5902 -2.4121 2.43, -3.5902 -2.4121 13.189, -3.7317 -2.1988 13.189, -3.9087 -1.8579 13.189, -3.9441 -1.7898 13.189, -4.1119 -1.3606 2.43, -4.1429 -1.2629 7.8095, -4.1119 -1.3606 13.189, -4.2779 -0.6379 13.189, -4.2836 -0.6388 7.8095, -4.2331 -0.9159 13.189, -4.1388 -1.2618 13.189, -4.3064 -0.461 2.43, -4.2779 -0.6379 2.43, -4.2331 -0.9159 2.43, -4.1388 -1.2618 2.43, -4.3064 -0.461 13.189, -4.3309 -0.0008 7.8095, -4.3309 -0.0008 13.189, -4.3064 0.4594 13.189, -4.2836 0.6373 7.8095, -4.3064 0.4594 2.43, -4.3309 -0.0008 2.43, -4.1119 1.359 2.43, -4.1388 1.2603 2.43, -4.1429 1.2614 7.8095, -4.2331 0.9144 2.43, -4.2779 0.6364 2.43, -4.2779 0.6364 13.189, -4.2331 0.9144 13.189, -4.1388 1.2603 13.189, -4.1119 1.359 13.189, -3.9441 1.7883 2.43, -3.9117 1.858 7.8095, -3.9441 1.7883 13.189, -3.9087 1.8564 13.189, -3.7317 2.1972 13.189, -3.5952 2.414 7.8095, -3.7317 2.1972 2.43, -3.9087 1.8564 2.43, -3.2002 2.9173 7.8095, -3.477 2.5813 2.43, -3.5902 2.4106 2.43, -3.5902 2.4106 13.189, -3.477 2.5813 13.189, -3.1992 2.9165 13.189, -2.7354 3.3569 7.8095, -3.1829 2.9361 13.189, -2.732 3.3526 2.43, -2.8528 3.2577 2.43, -3.1829 2.9361 2.43, -3.1992 2.9165 2.43, -2.8528 3.2577 13.189, -2.732 3.3526 13.189, -2.4904 3.5424 2.43, -1.6372 4.006 13.189, -1.6854 3.9886 13.189, -2.0998 3.787 13.189, -1.6854 3.9886 2.43, -2.0998 3.787 2.43, -2.2082 3.719 2.43, -1.2519 4.1451 13.189, -1.0281 4.1999 13.189, -0.8043 4.2546 13.189, -0.3982 4.3092 13.189, -0.3475 4.316 13.189, 0.1132 4.3285 13.189, 0.2407 4.3183 13.189, 0.5726 4.2919 13.189, 0.8745 4.2351 13.189, 1.0255 4.2067 13.189, 1.4668 4.0739 13.189, 1.4904 4.064 13.189, 1.8915 3.895 13.189, 2.0736 3.8011 7.8095, 1.8915 3.895 2.43, 2.672 3.4072 2.43, 2.6092 3.4513 2.43, 2.6111 3.4541 7.8095, 2.2947 3.6719 2.43, 2.0707 3.7958 2.43, 2.0707 3.7958 13.189, 2.2947 3.6719 13.189, 2.6092 3.4513 13.189, 2.672 3.4072 13.189, 3.019 3.104 2.43, 3.0916 3.0317 7.8095, 3.019 3.104 13.189, 3.5 2.5396 13.189, 3.5047 2.5431 7.8095, 3.3318 2.7656 13.189, 3.0885 3.0288 13.189, 3.6069 2.3958 2.43, 3.5 2.5396 2.43, 3.3318 2.7656 2.43, 3.0885 3.0288 2.43, 3.8412 1.9989 2.43
            ]
        }
        coordIndex [
            0,1,2,-1,3,4,5,-1,6,7,8,-1,9,10,11,-1,12,13,14,-1,14,13,15,-1,16,17,13,-1,13,17,18,-1,13,18,15,-1,15,18,9,-1,19,20,21,-1,22,23,21,-1,21,23,24,-1,21,24,19,-1,11,25,9,-1,9,25,26,-1,9,26,15,-1,15,26,27,-1,15,27,22,-1,22,27,28,-1,22,28,23,-1,29,30,31,-1,31,30,32,-1,33,34,35,-1,36,37,38,-1,37,39,38,-1,38,39,40,-1,38,40,41,-1,41,42,38,-1,38,42,43,-1,38,43,16,-1,16,43,44,-1,16,44,45,-1,46,47,48,-1,48,47,49,-1,49,50,48,-1,48,50,51,-1,48,51,52,-1,34,36,35,-1,35,36,38,-1,35,38,53,-1,21,54,22,-1,22,54,53,-1,22,53,55,-1,55,53,38,-1,56,57,58,-1,20,59,21,-1,21,59,60,-1,21,60,61,-1,61,60,62,-1,62,63,61,-1,61,63,64,-1,61,64,65,-1,58,57,66,-1,66,57,61,-1,66,61,67,-1,67,61,65,-1,67,65,68,-1,68,69,67,-1,67,69,70,-1,67,70,71,-1,25,31,26,-1,26,31,32,-1,26,32,71,-1,71,32,72,-1,71,72,67,-1,67,72,73,-1,45,46,16,-1,16,46,48,-1,16,48,17,-1,17,48,74,-1,17,74,73,-1,75,76,77,-1,75,77,78,-1,76,75,79,-1,79,75,6,-1,79,6,58,-1,58,6,8,-1,58,8,56,-1,80,81,82,-1,81,83,82,-1,82,83,84,-1,82,84,85,-1,85,84,86,-1,87,88,86,-1,86,88,89,-1,86,89,85,-1,90,91,86,-1,86,91,92,-1,86,92,93,-1,93,94,86,-1,86,94,95,-1,86,95,87,-1,82,96,97,-1,98,99,97,-1,97,99,100,-1,97,100,82,-1,82,100,101,-1,82,101,80,-1,102,103,104,-1,104,103,105,-1,106,107,108,-1,108,109,106,-1,106,109,110,-1,106,110,111,-1,112,113,107,-1,111,114,106,-1,106,114,115,-1,106,115,107,-1,107,115,116,-1,107,116,112,-1,113,117,107,-1,107,117,118,-1,107,118,119,-1,119,118,120,-1,119,120,121,-1,121,122,119,-1,119,122,123,-1,119,123,124,-1,124,125,119,-1,119,125,126,-1,119,126,127,-1,128,129,130,-1,131,132,133,-1,132,134,133,-1,133,134,135,-1,133,135,136,-1,136,137,133,-1,133,137,138,-1,133,138,139,-1,139,138,140,-1,140,141,139,-1,139,141,142,-1,139,142,143,-1,143,144,139,-1,139,144,145,-1,139,145,146,-1,147,148,149,-1,149,148,150,-1,149,150,133,-1,133,150,151,-1,133,151,131,-1,152,153,154,-1,154,153,155,-1,154,155,156,-1,156,155,157,-1,157,158,156,-1,156,158,159,-1,156,159,160,-1,128,130,161,-1,162,51,163,-1,163,51,130,-1,163,130,164,-1,164,130,129,-1,162,165,166,-1,162,166,51,-1,51,166,167,-1,51,167,168,-1,169,170,168,-1,168,170,171,-1,168,171,51,-1,51,171,172,-1,51,172,52,-1,100,105,101,-1,101,105,103,-1,101,103,173,-1,147,152,148,-1,148,152,154,-1,148,154,174,-1,174,154,175,-1,174,175,176,-1,177,178,179,-1,74,180,73,-1,73,180,181,-1,73,181,67,-1,67,181,182,-1,67,182,183,-1,183,184,67,-1,67,184,185,-1,67,185,186,-1,186,187,67,-1,67,187,188,-1,67,188,177,-1,179,176,177,-1,177,176,175,-1,177,175,67,-1,67,175,189,-1,190,191,192,-1,191,193,192,-1,192,193,194,-1,192,194,103,-1,103,194,195,-1,103,195,173,-1,196,197,189,-1,198,199,189,-1,189,199,200,-1,189,200,196,-1,201,67,202,-1,202,67,189,-1,202,189,203,-1,203,189,197,-1,201,190,67,-1,67,190,192,-1,67,192,204,-1,204,192,205,-1,204,205,206,-1,206,205,207,-1,207,205,208,-1,207,208,209,-1,160,161,156,-1,156,161,130,-1,156,130,210,-1,211,130,212,-1,212,130,213,-1,212,213,35,-1,35,213,214,-1,35,214,33,-1,215,216,217,-1,217,216,218,-1,217,218,219,-1,219,220,217,-1,217,220,221,-1,217,221,211,-1,211,221,222,-1,211,222,130,-1,130,222,223,-1,130,223,210,-1,217,224,119,-1,127,225,119,-1,119,225,226,-1,119,226,217,-1,217,226,227,-1,217,227,215,-1,215,227,228,-1,228,229,215,-1,215,229,230,-1,215,230,231,-1,231,232,215,-1,215,232,233,-1,215,233,234,-1,82,215,96,-1,96,215,234,-1,96,234,208,-1,208,234,235,-1,208,235,209,-1,236,237,35,-1,233,238,234,-1,234,238,239,-1,234,239,240,-1,240,239,241,-1,240,241,242,-1,243,244,237,-1,241,245,242,-1,242,245,246,-1,242,246,237,-1,237,246,247,-1,237,247,243,-1,244,248,237,-1,237,248,249,-1,237,249,35,-1,249,250,35,-1,35,250,251,-1,35,251,252,-1,252,253,35,-1,35,253,254,-1,35,254,255,-1,256,212,257,-1,257,212,35,-1,257,35,224,-1,224,35,255,-1,224,255,119,-1,258,259,260,-1,260,259,212,-1,260,212,261,-1,261,212,256,-1,261,256,262,-1,262,256,263,-1,264,265,266,-1,266,265,267,-1,266,267,268,-1,268,267,269,-1,268,269,270,-1,271,272,264,-1,264,272,273,-1,264,273,265,-1,178,177,274,-1,274,177,275,-1,274,275,276,-1,276,275,277,-1,276,277,264,-1,264,277,278,-1,264,278,271,-1,279,280,165,-1,281,282,283,-1,283,282,284,-1,283,284,285,-1,286,287,285,-1,285,287,288,-1,285,288,283,-1,283,288,289,-1,283,289,281,-1,285,290,286,-1,286,290,291,-1,286,291,292,-1,292,293,286,-1,286,293,294,-1,286,294,295,-1,295,294,296,-1,295,296,297,-1,297,296,298,-1,297,298,165,-1,165,298,299,-1,165,299,279,-1,269,166,270,-1,270,166,165,-1,270,165,300,-1,300,165,280,-1,301,302,303,-1,303,302,304,-1,305,306,307,-1,307,306,308,-1,308,309,307,-1,307,309,310,-1,307,310,311,-1,312,313,314,-1,314,313,307,-1,314,307,315,-1,315,307,311,-1,316,317,307,-1,316,307,318,-1,317,319,307,-1,307,319,320,-1,307,320,321,-1,321,322,307,-1,307,322,323,-1,307,323,324,-1,324,325,307,-1,307,325,326,-1,307,326,327,-1,327,328,307,-1,307,328,329,-1,307,329,305,-1,312,330,313,-1,313,330,331,-1,313,331,303,-1,303,331,332,-1,303,332,301,-1,333,334,209,-1,335,336,337,-1,337,336,338,-1,337,338,209,-1,209,338,339,-1,209,339,333,-1,334,340,209,-1,209,340,341,-1,209,341,342,-1,342,343,209,-1,209,343,344,-1,209,344,345,-1,346,347,207,-1,346,207,348,-1,345,349,209,-1,209,349,350,-1,209,350,207,-1,207,350,351,-1,207,351,348,-1,347,352,207,-1,207,352,353,-1,207,353,354,-1,354,353,355,-1,354,355,356,-1,356,355,357,-1,356,357,358,-1,359,360,361,-1,360,362,361,-1,361,362,363,-1,361,363,364,-1,364,365,361,-1,361,365,366,-1,361,366,307,-1,307,366,367,-1,307,367,318,-1,368,369,361,-1,370,371,361,-1,361,371,372,-1,361,372,368,-1,358,359,356,-1,356,359,361,-1,356,361,373,-1,373,361,369,-1,373,374,356,-1,356,374,375,-1,356,375,376,-1,376,377,356,-1,356,377,378,-1,356,378,379,-1,379,378,380,-1,379,380,381,-1,381,380,382,-1,381,382,383,-1,383,382,384,-1,384,385,383,-1,383,385,386,-1,383,386,387,-1,387,388,383,-1,383,388,389,-1,383,389,390,-1,390,391,383,-1,383,391,392,-1,383,392,393,-1,394,395,396,-1,396,395,397,-1,396,397,398,-1,398,399,396,-1,396,399,400,-1,396,400,401,-1,402,403,404,-1,401,405,396,-1,396,405,406,-1,396,406,402,-1,402,404,396,-1,396,404,407,-1,396,407,408,-1,409,410,303,-1,411,412,409,-1,409,412,413,-1,409,413,414,-1,414,413,415,-1,414,415,416,-1,304,417,303,-1,303,417,418,-1,303,418,409,-1,409,418,419,-1,409,419,411,-1,420,421,422,-1,422,421,423,-1,423,424,422,-1,422,424,425,-1,422,425,426,-1,420,422,427,-1,427,422,428,-1,427,428,429,-1,430,431,432,-1,432,431,433,-1,432,433,428,-1,428,433,434,-1,428,434,429,-1,435,436,415,-1,415,436,437,-1,415,437,416,-1,435,438,436,-1,436,438,439,-1,436,439,432,-1,432,439,440,-1,432,440,430,-1,441,442,443,-1,443,444,441,-1,441,444,445,-1,441,445,446,-1,447,448,449,-1,449,448,450,-1,449,450,444,-1,444,450,451,-1,444,451,445,-1,443,452,444,-1,444,452,453,-1,444,453,449,-1,449,453,454,-1,449,454,455,-1,456,447,457,-1,457,447,449,-1,457,449,458,-1,458,449,455,-1,458,459,457,-1,457,459,460,-1,457,460,461,-1,461,462,457,-1,457,462,463,-1,457,463,456,-1,460,464,461,-1,461,464,465,-1,461,465,466,-1,467,468,466,-1,466,468,469,-1,466,469,461,-1,461,469,470,-1,461,470,462,-1,471,472,473,-1,473,472,474,-1,475,467,473,-1,473,467,466,-1,473,466,471,-1,471,466,465,-1,476,477,478,-1,478,477,479,-1,478,479,473,-1,473,479,480,-1,473,480,475,-1,474,481,473,-1,473,481,482,-1,473,482,478,-1,478,482,483,-1,478,483,484,-1,485,476,486,-1,486,476,478,-1,486,478,487,-1,487,478,484,-1,487,488,486,-1,486,488,489,-1,486,489,490,-1,490,491,486,-1,486,491,492,-1,486,492,485,-1,493,494,495,-1,495,494,496,-1,495,496,490,-1,490,496,497,-1,490,497,491,-1,489,498,490,-1,490,498,499,-1,490,499,495,-1,495,499,500,-1,495,500,501,-1,502,493,503,-1,503,493,495,-1,503,495,504,-1,504,495,501,-1,505,506,507,-1,507,506,503,-1,507,503,508,-1,508,503,504,-1,505,509,506,-1,506,509,510,-1,506,510,511,-1,512,513,506,-1,506,513,514,-1,506,514,503,-1,503,514,515,-1,503,515,502,-1,510,516,511,-1,511,516,517,-1,511,517,518,-1,518,519,511,-1,511,519,520,-1,511,520,506,-1,506,520,521,-1,506,521,512,-1,522,523,524,-1,524,523,525,-1,524,525,518,-1,518,525,526,-1,518,526,519,-1,517,527,518,-1,518,527,528,-1,518,528,524,-1,524,528,529,-1,524,529,530,-1,531,522,532,-1,532,522,524,-1,532,524,533,-1,533,524,530,-1,534,535,536,-1,536,535,532,-1,536,532,537,-1,537,532,533,-1,538,539,535,-1,535,539,540,-1,535,540,532,-1,532,540,541,-1,532,541,531,-1,534,542,535,-1,535,542,543,-1,535,543,538,-1,542,544,543,-1,543,544,545,-1,543,545,546,-1,546,547,543,-1,543,547,548,-1,543,548,538,-1,549,550,551,-1,551,550,552,-1,551,552,546,-1,546,552,553,-1,546,553,547,-1,545,554,546,-1,546,554,555,-1,546,555,551,-1,551,555,556,-1,551,556,557,-1,558,549,559,-1,559,549,551,-1,559,551,560,-1,560,551,557,-1,560,561,559,-1,559,561,562,-1,559,562,563,-1,563,564,559,-1,559,564,565,-1,559,565,558,-1,566,567,563,-1,563,567,568,-1,563,568,564,-1,562,569,563,-1,563,569,570,-1,563,570,566,-1,566,570,571,-1,566,571,572,-1,572,571,573,-1,574,575,572,-1,572,575,576,-1,572,576,566,-1,566,576,577,-1,566,577,567,-1,573,578,572,-1,572,578,579,-1,572,579,3,-1,3,5,572,-1,572,5,580,-1,572,580,574,-1,581,77,582,-1,582,77,5,-1,582,5,583,-1,583,5,4,-1,76,584,77,-1,77,584,585,-1,77,585,5,-1,5,585,586,-1,5,586,580,-1,581,587,77,-1,77,587,53,-1,77,53,78,-1,78,53,54,-1,587,588,53,-1,53,588,589,-1,53,589,35,-1,35,589,590,-1,35,590,591,-1,591,592,35,-1,35,592,209,-1,35,209,236,-1,236,209,235,-1,592,593,209,-1,209,593,594,-1,209,594,337,-1,337,594,595,-1,337,595,596,-1,596,597,337,-1,337,597,396,-1,337,396,335,-1,335,396,408,-1,597,598,396,-1,396,598,599,-1,396,599,600,-1,393,394,383,-1,383,394,396,-1,383,396,601,-1,601,396,600,-1,602,603,604,-1,604,603,605,-1,604,605,600,-1,600,605,606,-1,600,606,601,-1,599,607,600,-1,600,607,608,-1,600,608,604,-1,604,608,609,-1,604,609,610,-1,611,602,612,-1,612,602,604,-1,612,604,613,-1,613,604,610,-1,614,615,616,-1,616,615,612,-1,616,612,617,-1,617,612,613,-1,618,619,615,-1,615,619,620,-1,615,620,612,-1,612,620,621,-1,612,621,611,-1,622,618,2,-1,2,618,615,-1,2,615,0,-1,0,615,614,-1,
        ]
    }
}
Shape{
    appearance Appearance {
        material  Material 	{
            diffuseColor 0.8117647058823529 0.9882352941176471 1.0
            specularColor 0.403921568627451 0.49411764705882355 0.5019607843137255
            ambientIntensity 0.9368
            transparency 0.0
            shininess 0.5
        }
    }
    geometry IndexedFaceSet {
        ccw TRUE
        solid FALSE
        coord DEF co Coordinate {
            point [
                4.18 -1.1341 12.666, 4.0789 -1.4567 12.9886, 4.0752 -1.4555 2.8452, 4.0526 -1.5284 2.9181, 3.8415 -2.0006 3.3904, 4.0017 -1.6571 13.189, 3.8415 -2.0006 13.189, 4.2396 -0.8854 12.4173, 4.2043 -1.0403 2.43, 4.235 -0.8845 2.43, 4.293 -0.5724 12.1043, 4.2956 -0.553 8.6276, 4.2956 -0.553 4.8973, 4.2841 -0.6359 2.43, 4.3207 -0.2975 4.8973, 4.3207 -0.2975 11.8294, 4.3207 -0.2975 8.6276, 4.3309 -0.0008 11.5326, 4.3207 -0.0008 8.6276, 4.3207 0.296 11.8294, 4.3207 0.296 8.6276, 4.293 0.5709 12.1043, 4.2956 0.5514 8.6276, 4.2396 0.8839 12.4173, 4.3207 0.296 4.8973, 4.2841 0.6343 2.43, 4.2956 0.5514 4.8973, 4.235 0.883 2.43, 4.2043 1.0387 2.43, 4.18 1.1326 12.666, 4.0752 1.454 2.8452, 4.0789 1.4552 12.9886, 4.0526 1.5268 2.9181, 4.0017 1.6556 13.189, 3.8415 1.9991 3.3904, 3.8415 1.9991 13.189, 4.3174 -0.2972 2.43, 4.3257 -0.2131 2.43, 4.3207 -0.0008 4.8973, 4.3257 0.2116 2.43, 4.3174 0.2956 2.43, 4.1255 -1.3187 2.43, 4.0526 -1.5284 2.6397, 4.0226 -1.6055 2.43, 3.9932 -1.6611 2.7725, 3.9965 -1.6625 2.43, 3.8415 -2.0006 3.112, 3.8415 -2.0006 2.43, 4.1255 1.3171 2.43, 4.0226 1.604 2.43, 4.0491 1.5255 2.6384, 3.9965 1.661 2.43, 3.999 1.6621 2.775, 3.8415 1.9991 2.43, 3.8415 1.9991 3.112
            ]
        }
        coordIndex [
            0,1,2,-1,2,1,3,-1,3,1,4,-1,4,1,5,-1,4,5,6,-1,0,2,7,-1,7,2,8,-1,7,8,9,-1,10,7,11,-1,11,7,9,-1,11,9,12,-1,12,9,13,-1,12,13,14,-1,10,11,15,-1,15,11,16,-1,15,16,17,-1,17,16,18,-1,17,18,19,-1,19,18,20,-1,19,20,21,-1,21,20,22,-1,21,22,23,-1,24,25,26,-1,26,25,27,-1,26,27,22,-1,22,27,23,-1,23,27,28,-1,23,28,29,-1,29,28,30,-1,29,30,31,-1,31,30,32,-1,31,32,33,-1,33,32,34,-1,33,34,35,-1,13,36,14,-1,14,36,37,-1,14,37,38,-1,38,37,39,-1,38,39,24,-1,24,39,40,-1,24,40,25,-1,41,42,43,-1,43,42,44,-1,43,44,45,-1,45,44,46,-1,45,46,47,-1,48,49,50,-1,50,49,51,-1,50,51,52,-1,52,51,53,-1,52,53,54,-1,
        ]
    }
}
Shape{
    appearance Appearance {
        material  Material 	{
            diffuseColor 0.2235294117647059 0.2235294117647059 0.2235294117647059
            specularColor 0.11372549019607843 0.11372549019607843 0.11372549019607843
            ambientIntensity 0.2235
            transparency 0.0
            shininess 0.5
        }
    }
    geometry IndexedFaceSet {
        ccw TRUE
        solid FALSE
        coord DEF co Coordinate {
            point [
                4.0526 -1.5284 2.6397, 4.1255 -1.3187 2.43, 4.2043 -1.0403 2.43, 4.0526 -1.5284 2.9181, 3.8415 -2.0006 3.3904, 3.8415 -2.0006 3.112, 4.0752 -1.4555 2.8452, 3.9932 -1.6611 2.7725
            ]
        }
        coordIndex [
            0,1,2,-1,3,4,5,-1,2,6,0,-1,0,6,3,-1,0,3,7,-1,7,3,5,-1,
        ]
    }
}
Shape{
    appearance Appearance {
        material  Material 	{
            diffuseColor 0.8117647058823529 0.9882352941176471 1.0
            specularColor 0.403921568627451 0.49411764705882355 0.5019607843137255
            ambientIntensity 0.9368
            transparency 0.0
            shininess 0.5
        }
    }
    geometry IndexedFaceSet {
        ccw TRUE
        solid FALSE
        coord DEF co Coordinate {
            point [
                4.3174 0.2956 2.43, 4.3257 0.2116 2.43, 4.3084 0.2108 2.2655, 4.3174 -0.2972 2.43, 4.2841 -0.6359 2.43, 4.2669 -0.6333 2.2655, 4.2221 0.9286 2.3199, 4.2043 1.0387 2.43, 4.235 0.883 2.43, 4.2218 0.9005 2.2918, 4.2841 0.6343 2.43, 4.2215 0.8747 2.2659, 4.2669 0.6318 2.2655, 4.2208 0.8196 2.2109, 4.16 0.6162 2.0074, 4.1815 0.6587 2.05, 4.2162 0.6243 2.1084, 4.1993 0.7178 2.1091, 4.2112 0.7569 2.1482, 4.0431 0.4516 1.8428, 4.1129 0.5333 1.9246, 4.1743 0.2042 1.9653, 4.1347 0.5662 1.9574, 4.1389 0.5744 1.9657, 4.2571 0.2083 2.1084, 4.0431 -0.4531 1.8428, 4.0634 -0.2003 1.8428, 4.1128 -0.5348 1.9245, 4.1743 -0.2057 1.9653, 4.2571 -0.2098 2.1084, 4.1618 -0.6178 2.0075, 4.1376 -0.5767 1.9664, 4.1663 -0.6255 2.0152, 4.2162 -0.6258 2.1084, 4.1816 -0.6605 2.0502, 4.1991 -0.7194 2.1092, 4.2124 -0.7645 2.1542, 4.2238 -0.873 2.2627, 4.235 -0.8845 2.43, 4.2043 -1.0403 2.43, 4.2131 -0.9994 2.3891, 4.2224 -0.9021 2.2918, 4.2239 -0.8866 2.2763, 4.2238 -0.8758 2.2656, 4.0634 -0.1536 1.8428, 4.0634 0.1521 1.8428, 4.0634 0.1987 1.8428, 4.3257 -0.2131 2.43, 4.3084 -0.2123 2.2655, 3.9965 -1.6625 2.43, 3.8415 -2.0006 2.43, 3.8261 -1.9926 2.2655, 3.8819 -1.2063 1.8428, 3.9108 -1.1219 1.8428, 4.0175 -1.1525 1.9653, 3.7602 -1.5488 1.8428, 3.7787 -1.5082 1.8428, 3.8818 -1.5494 1.9653, 4.1255 -1.3187 2.43, 4.0226 -1.6055 2.43, 4.1508 -1.2102 2.3215, 4.0065 -1.5991 2.2655, 4.1519 -1.1911 2.3024, 4.1541 -1.1546 2.2659, 4.1465 -1.1895 2.2655, 4.1572 -1.1024 2.2138, 4.0972 -1.1753 2.1084, 4.1515 -1.0373 2.1487, 4.1421 -0.9977 2.109, 4.1285 -0.9403 2.0516, 4.1004 -0.8762 1.9876, 4.0908 -0.8543 1.9656, 3.9733 -0.8546 1.8428, 4.0022 -0.7315 1.8428, 4.0118 -0.7418 1.8531, 4.0721 -0.8211 1.9324, 4.0882 -0.8484 1.9597, 3.9589 -1.5801 2.1084, 3.7807 -1.9689 2.1084, 3.7071 -1.9306 1.9653, 3.6086 -1.8794 1.8428, 3.7602 1.5472 1.8428, 3.6086 1.8779 1.8428, 3.7071 1.9291 1.9653, 3.8819 1.2048 1.8428, 3.7787 1.5067 1.8428, 3.8818 1.5478 1.9653, 3.9733 0.8531 1.8428, 3.9108 1.1204 1.8428, 4.0175 1.151 1.9653, 4.1141 0.9003 2.0131, 4.1005 0.8748 1.9876, 4.0892 0.8536 1.9664, 4.0664 0.8107 1.9236, 4.0022 0.7299 1.8428, 4.1415 1.2587 2.3715, 4.151 1.1893 2.3021, 4.1465 1.188 2.2655, 4.156 1.1528 2.2656, 4.0972 1.1738 2.1084, 4.1568 1.1469 2.2597, 4.1511 1.0331 2.146, 4.142 0.9963 2.1091, 4.1257 0.9305 2.0434, 3.9965 1.661 2.43, 4.0226 1.604 2.43, 4.0065 1.5976 2.2655, 4.1255 1.3171 2.43, 3.9589 1.5786 2.1084, 3.8415 1.9991 2.43, 3.8261 1.9911 2.2655, 3.7807 1.9674 2.1084
            ]
        }
        coordIndex [
            0,1,2,-1,3,4,5,-1,6,7,8,-1,6,8,9,-1,9,8,10,-1,9,10,11,-1,11,10,12,-1,11,12,13,-1,14,15,16,-1,16,15,17,-1,16,17,12,-1,12,17,18,-1,12,18,13,-1,19,20,21,-1,20,22,21,-1,21,22,23,-1,21,23,24,-1,25,26,27,-1,27,26,28,-1,29,30,28,-1,28,30,31,-1,28,31,27,-1,32,33,34,-1,34,33,35,-1,35,33,36,-1,36,33,5,-1,36,5,37,-1,38,39,40,-1,38,40,4,-1,40,41,4,-1,4,41,42,-1,4,42,5,-1,5,42,43,-1,5,43,37,-1,44,45,21,-1,21,45,46,-1,21,46,19,-1,47,3,48,-1,48,3,5,-1,48,5,29,-1,29,5,33,-1,29,33,30,-1,30,33,32,-1,26,44,28,-1,28,44,21,-1,28,21,29,-1,29,21,24,-1,29,24,48,-1,48,24,2,-1,48,2,47,-1,47,2,1,-1,10,0,12,-1,12,0,2,-1,12,2,16,-1,16,2,24,-1,16,24,14,-1,14,24,23,-1,49,50,51,-1,52,53,54,-1,55,56,57,-1,58,59,60,-1,60,59,61,-1,60,61,62,-1,63,64,65,-1,65,64,66,-1,65,66,67,-1,67,66,68,-1,68,66,69,-1,69,66,54,-1,69,54,70,-1,70,54,71,-1,71,54,53,-1,71,53,72,-1,72,73,74,-1,74,75,72,-1,72,75,76,-1,72,76,71,-1,56,52,57,-1,57,52,54,-1,57,54,77,-1,77,54,66,-1,77,66,61,-1,61,66,64,-1,61,64,62,-1,62,64,63,-1,59,49,61,-1,61,49,51,-1,61,51,77,-1,77,51,78,-1,77,78,57,-1,57,78,79,-1,57,79,55,-1,55,79,80,-1,81,82,83,-1,84,85,86,-1,87,88,89,-1,90,91,89,-1,89,91,92,-1,89,92,87,-1,87,92,93,-1,87,93,94,-1,95,96,97,-1,97,96,98,-1,97,98,99,-1,99,98,100,-1,100,101,99,-1,99,101,102,-1,99,102,89,-1,89,102,103,-1,89,103,90,-1,104,105,106,-1,106,105,107,-1,88,84,89,-1,89,84,86,-1,89,86,99,-1,99,86,108,-1,99,108,97,-1,97,108,106,-1,97,106,95,-1,95,106,107,-1,109,104,110,-1,110,104,106,-1,110,106,111,-1,111,106,108,-1,111,108,83,-1,83,108,86,-1,83,86,81,-1,81,86,85,-1,
        ]
    }
}
Shape{
    appearance Appearance {
        material  Material 	{
            diffuseColor 0.2235294117647059 0.2235294117647059 0.2235294117647059
            specularColor 0.11372549019607843 0.11372549019607843 0.11372549019607843
            ambientIntensity 0.2235
            transparency 0.0
            shininess 0.5
        }
    }
    geometry IndexedFaceSet {
        ccw TRUE
        solid FALSE
        coord DEF co Coordinate {
            point [
                4.0022 -0.7315 1.8428, 4.0431 -0.4531 1.8428, 4.0118 -0.7418 1.8531, 4.1128 -0.5348 1.9245, 4.0721 -0.8211 1.9324, 4.1376 -0.5767 1.9664, 4.1618 -0.6178 2.0075, 4.0908 -0.8543 1.9656, 4.0882 -0.8484 1.9597, 4.1816 -0.6605 2.0502, 4.1991 -0.7194 2.1092, 4.1684 -0.8906 2.1084, 4.1663 -0.6255 2.0152, 4.1004 -0.8762 1.9876, 4.1285 -0.9403 2.0516, 4.1541 -1.1546 2.2659, 4.1572 -1.1024 2.2138, 4.2185 -0.9013 2.2655, 4.1515 -1.0373 2.1487, 4.1421 -0.9977 2.109, 4.1255 -1.3187 2.43, 4.1508 -1.2102 2.3215, 4.2043 -1.0403 2.43, 4.1519 -1.1911 2.3024, 4.2131 -0.9994 2.3891, 4.2224 -0.9021 2.2918, 4.2239 -0.8866 2.2763, 4.2124 -0.7645 2.1542, 4.2238 -0.873 2.2627, 4.2238 -0.8758 2.2656
            ]
        }
        coordIndex [
            0,1,2,-1,2,1,3,-1,2,3,4,-1,4,3,5,-1,6,7,5,-1,5,7,8,-1,5,8,4,-1,9,10,11,-1,6,12,7,-1,7,12,9,-1,7,9,13,-1,13,9,11,-1,13,11,14,-1,15,16,17,-1,17,16,18,-1,17,18,11,-1,11,18,19,-1,11,19,14,-1,20,21,22,-1,22,21,23,-1,22,23,24,-1,24,23,15,-1,24,15,25,-1,25,15,17,-1,25,17,26,-1,10,27,11,-1,11,27,28,-1,11,28,17,-1,17,28,29,-1,17,29,26,-1,
        ]
    }
}
Shape{
    appearance Appearance {
        material  Material 	{
            diffuseColor 0.8117647058823529 0.9882352941176471 1.0
            specularColor 0.403921568627451 0.49411764705882355 0.5019607843137255
            ambientIntensity 0.9368
            transparency 0.0
            shininess 0.5
        }
    }
    geometry IndexedFaceSet {
        ccw TRUE
        solid FALSE
        coord DEF co Coordinate {
            point [
                3.9208 -1.0718 1.2565, 3.9775 -0.8556 1.2565, 3.9166 -0.8425 1.3273, 4.0022 -0.7315 1.8428, 3.9733 -0.8546 1.8428, 3.9561 -0.6694 1.7807, 3.9166 -0.8425 1.772, 3.9522 -0.6601 1.7715, 3.9265 -0.5999 1.7112, 3.874 -0.8334 1.6884, 3.9223 -0.5764 1.6877, 3.911 -0.5129 1.6242, 3.8521 -0.8286 1.5968, 3.9123 -0.4853 1.5966, 3.9125 -0.4816 1.5929, 3.9106 -0.4813 1.5025, 3.9157 -0.417 1.5284, 3.9225 -0.3915 1.5028, 3.9306 -0.3609 1.4722, 3.9329 -0.484 1.4109, 3.939 -0.3292 1.4405, 4.0014 -0.217 1.3284, 3.9874 -0.2343 1.3456, 3.9762 -0.4893 1.3273, 3.9793 -0.247 1.3583, 3.953 -0.3005 1.4118, 4.0657 -0.1452 1.2565, 4.041 -0.1684 1.2797, 4.06 -0.2174 1.2565, 4.0379 -0.4969 1.2565, 4.0124 -0.6482 1.2565, 3.6086 -1.8794 1.2565, 3.762 -1.5496 1.2565, 3.7044 -1.5259 1.3273, 3.7857 -1.4837 1.2565, 3.8853 -1.2074 1.2565, 3.8258 -1.189 1.3273, 3.8521 -0.8286 1.5025, 3.874 -0.8334 1.4109, 3.5534 -1.8507 1.3273, 3.6641 -1.5093 1.4109, 3.5147 -1.8305 1.4109, 3.6434 -1.5008 1.5025, 3.4948 -1.8202 1.5025, 3.6434 -1.5008 1.5968, 3.4948 -1.8202 1.5968, 3.6641 -1.5093 1.6884, 3.5147 -1.8305 1.6884, 3.7044 -1.5259 1.772, 3.5534 -1.8507 1.772, 3.7602 -1.5488 1.8428, 3.6086 -1.8794 1.8428, 3.9108 -1.1219 1.8428, 3.8819 -1.2063 1.8428, 3.8258 -1.189 1.772, 3.7787 -1.5082 1.8428, 3.7842 -1.176 1.4109, 3.7628 -1.1694 1.5025, 3.7628 -1.1694 1.5968, 3.7842 -1.176 1.6884, 3.762 1.5481 1.2565, 3.6086 1.8779 1.2565, 3.5534 1.8491 1.3273, 3.7857 1.4821 1.2565, 3.7044 1.5244 1.3273, 3.9208 1.0703 1.2565, 3.8853 1.2059 1.2565, 3.8258 1.1874 1.3273, 4.0657 0.1436 1.2565, 4.06 0.2159 1.2565, 4.0051 0.2081 1.321, 4.0007 0.2148 1.3276, 3.9106 0.4798 1.5025, 3.923 0.3899 1.5028, 3.9329 0.4825 1.4109, 3.929 0.3592 1.4721, 3.93 0.354 1.4669, 3.9533 0.299 1.4118, 3.9762 0.4878 1.3273, 3.9672 0.2661 1.379, 3.9115 0.4799 1.5928, 3.9107 0.4628 1.5756, 3.9118 0.4466 1.5594, 3.8521 0.8271 1.5968, 3.874 0.8318 1.6884, 3.9225 0.5746 1.6874, 3.8521 0.8271 1.5025, 3.9117 0.4836 1.5965, 3.9148 0.547 1.6598, 3.9166 0.841 1.772, 3.9733 0.8531 1.8428, 4.0022 0.7299 1.8428, 3.9732 0.6948 1.8076, 3.953 0.658 1.7708, 3.9381 0.6308 1.7437, 4.0379 0.4954 1.2565, 4.0124 0.6467 1.2565, 3.9775 0.8541 1.2565, 3.874 0.8318 1.4109, 3.9166 0.841 1.3273, 3.8258 1.1874 1.772, 3.8819 1.2048 1.8428, 3.9108 1.1204 1.8428, 3.7842 1.1745 1.4109, 3.7628 1.1678 1.5025, 3.7628 1.1678 1.5968, 3.7842 1.1745 1.6884, 3.7044 1.5244 1.772, 3.7602 1.5472 1.8428, 3.7787 1.5067 1.8428, 3.6641 1.5078 1.4109, 3.6434 1.4992 1.5025, 3.6434 1.4992 1.5968, 3.6641 1.5078 1.6884, 3.5147 1.829 1.4109, 3.4948 1.8186 1.5025, 3.4948 1.8186 1.5968, 3.5147 1.829 1.6884, 3.5534 1.8491 1.772, 3.6086 1.8779 1.8428, 3.9337 -0.1821 1.5718, 3.9369 -0.1488 1.5385, 3.9357 -0.1487 1.5818, 4.0634 0.1987 1.8428, 4.0634 0.1521 1.8428, 4.0004 0.1497 1.7678, 3.9886 0.3803 1.7715, 3.9927 0.3886 1.7799, 4.0431 0.4516 1.8428, 3.96 0.3227 1.7139, 3.9805 0.3641 1.7553, 3.9864 0.376 1.7672, 3.9355 0.1355 1.5268, 3.9358 0.1472 1.5385, 3.9357 0.1472 1.5818, 3.9367 0.1903 1.5816, 3.9563 0.148 1.6789, 3.9371 0.2053 1.5966, 3.9377 0.2353 1.6265, 3.9509 0.2868 1.6781, 3.9533 0.2964 1.6876, 3.9403 0.1116 1.5028, 3.9403 -0.1129 1.5027, 3.9442 0.0919 1.4831, 3.9422 -0.093 1.4827, 3.9426 -0.0893 1.479, 3.9531 0.0467 1.4379, 3.9641 -0.0218 1.4116, 3.9631 0.02 1.4112, 3.9708 -0.0008 1.3905, 3.9563 -0.1495 1.6789, 3.9495 -0.2888 1.6785, 3.9456 -0.2778 1.6675, 3.9356 -0.2069 1.5966, 3.934 -0.1952 1.585, 3.9339 -0.1921 1.5818, 3.9528 -0.2979 1.6876, 4.0004 -0.1512 1.7678, 3.9733 -0.3552 1.7449, 4.0634 -0.2003 1.8428, 4.0431 -0.4531 1.8428, 3.9929 -0.3904 1.7801, 4.0634 -0.1536 1.8428, 3.9882 -0.382 1.7717, 3.9859 -0.3778 1.7675, 3.979 -0.3654 1.7551, 4.2078 0.6783 0.9909, 4.2585 0.6864 0.8337, 4.1611 1.1359 0.8337, 3.9687 -1.5553 0.9909, 4.0165 -1.574 0.8337, 4.1611 -1.1374 0.8337, 4.0741 1.4536 0.6693, 4.0326 1.5788 0.6693, 4.0165 1.5724 0.8337, 4.3074 -0.2307 0.8337, 4.3247 -0.2316 0.6693, 4.3247 0.2301 0.6693, 4.3177 -0.2972 0.6693, 4.1734 0.222 1.1339, 4.1469 -0.0634 1.1747, 4.1734 -0.2235 1.1339, 4.1784 -0.0221 1.1334, 4.1947 -0.0008 1.1121, 4.1778 -1.142 0.6693, 4.0741 -1.4551 0.6693, 4.0326 -1.5803 0.6693, 4.2337 -0.8841 0.6693, 4.2585 -0.688 0.8337, 4.2756 -0.6907 0.6693, 4.1778 1.1405 0.6693, 4.2337 0.8826 0.6693, 4.2756 0.6892 0.6693, 4.3177 0.2957 0.6693, 3.8415 -2.0006 0.6693, 3.8261 -1.9926 0.8337, 3.7807 -1.9689 0.9909, 3.7071 -1.9306 1.1339, 4.3074 0.2292 0.8337, 4.2562 0.2264 0.9909, 4.2562 -0.228 0.9909, 3.9687 1.5537 0.9909, 3.8914 1.5235 1.1339, 4.0316 1.1005 1.1339, 3.8914 -1.525 1.1339, 4.1116 -1.1239 0.9909, 4.0316 -1.1021 1.1339, 4.2078 -0.6798 0.9909, 4.1259 -0.6666 1.1339, 4.1252 0.0862 1.1991, 4.1779 0.0203 1.1331, 4.1259 0.6651 1.1339, 4.1116 1.1224 0.9909, 3.8415 1.9991 0.6693, 3.8261 1.9911 0.8337, 3.7807 1.9674 0.9909, 3.7071 1.9291 1.1339
            ]
        }
        coordIndex [
            0,1,2,-1,3,4,5,-1,5,4,6,-1,5,6,7,-1,7,6,8,-1,8,6,9,-1,8,9,10,-1,10,9,11,-1,11,9,12,-1,11,12,13,-1,14,15,16,-1,16,15,17,-1,17,15,18,-1,18,15,19,-1,18,19,20,-1,21,22,23,-1,23,22,24,-1,23,24,19,-1,19,24,25,-1,19,25,20,-1,26,27,28,-1,28,27,21,-1,28,21,29,-1,29,21,23,-1,29,23,30,-1,31,32,33,-1,33,32,34,-1,34,35,36,-1,36,35,0,-1,13,12,14,-1,14,12,37,-1,14,37,15,-1,15,37,38,-1,15,38,19,-1,19,38,2,-1,19,2,23,-1,23,2,1,-1,23,1,30,-1,31,33,39,-1,39,33,40,-1,39,40,41,-1,41,40,42,-1,41,42,43,-1,43,42,44,-1,43,44,45,-1,45,44,46,-1,45,46,47,-1,47,46,48,-1,47,48,49,-1,49,48,50,-1,49,50,51,-1,52,53,54,-1,54,53,55,-1,34,36,33,-1,33,36,56,-1,33,56,40,-1,40,56,57,-1,40,57,42,-1,42,57,58,-1,42,58,44,-1,44,58,59,-1,44,59,46,-1,46,59,54,-1,46,54,48,-1,48,54,55,-1,48,55,50,-1,0,2,36,-1,36,2,38,-1,36,38,56,-1,56,38,37,-1,56,37,57,-1,57,37,12,-1,57,12,58,-1,58,12,9,-1,58,9,59,-1,59,9,6,-1,59,6,54,-1,54,6,4,-1,54,4,52,-1,60,61,62,-1,63,60,64,-1,65,66,67,-1,68,69,70,-1,70,69,71,-1,72,73,74,-1,74,73,75,-1,75,76,74,-1,74,76,77,-1,74,77,78,-1,78,77,79,-1,78,79,71,-1,80,81,72,-1,72,81,82,-1,72,82,73,-1,83,84,85,-1,80,86,87,-1,87,86,83,-1,87,83,88,-1,88,83,85,-1,89,90,91,-1,91,92,89,-1,89,92,93,-1,89,93,84,-1,84,93,94,-1,84,94,85,-1,71,69,78,-1,78,69,95,-1,78,95,96,-1,65,67,97,-1,63,64,66,-1,80,72,86,-1,86,72,74,-1,86,74,98,-1,98,74,78,-1,98,78,99,-1,99,78,96,-1,99,96,97,-1,100,101,102,-1,97,67,99,-1,99,67,103,-1,99,103,98,-1,98,103,104,-1,98,104,86,-1,86,104,105,-1,86,105,83,-1,83,105,106,-1,83,106,84,-1,84,106,100,-1,84,100,89,-1,89,100,102,-1,89,102,90,-1,107,108,109,-1,66,64,67,-1,67,64,110,-1,67,110,103,-1,103,110,111,-1,103,111,104,-1,104,111,112,-1,104,112,105,-1,105,112,113,-1,105,113,106,-1,106,113,107,-1,106,107,100,-1,100,107,109,-1,100,109,101,-1,60,62,64,-1,64,62,114,-1,64,114,110,-1,110,114,115,-1,110,115,111,-1,111,115,116,-1,111,116,112,-1,112,116,117,-1,112,117,113,-1,113,117,118,-1,113,118,107,-1,107,118,119,-1,107,119,108,-1,120,121,122,-1,123,124,125,-1,125,126,123,-1,123,126,127,-1,123,127,128,-1,129,130,125,-1,125,130,131,-1,125,131,126,-1,132,133,134,-1,134,133,135,-1,134,135,136,-1,136,135,137,-1,137,138,136,-1,136,138,139,-1,136,139,125,-1,125,139,140,-1,125,140,129,-1,141,132,122,-1,122,121,141,-1,141,121,142,-1,141,142,143,-1,142,144,143,-1,143,144,145,-1,143,145,146,-1,146,145,147,-1,146,147,148,-1,148,147,149,-1,150,151,152,-1,152,153,150,-1,150,153,154,-1,150,154,122,-1,122,154,155,-1,122,155,120,-1,151,150,156,-1,156,150,157,-1,156,157,158,-1,159,160,161,-1,157,162,159,-1,161,163,159,-1,159,163,164,-1,159,164,157,-1,157,164,165,-1,157,165,158,-1,132,134,122,-1,122,134,136,-1,122,136,150,-1,150,136,125,-1,150,125,157,-1,157,125,124,-1,157,124,162,-1,166,167,168,-1,169,170,171,-1,172,173,174,-1,175,176,177,-1,176,175,178,-1,179,69,68,-1,26,28,180,-1,180,28,181,-1,180,181,182,-1,182,181,183,-1,184,171,185,-1,185,171,170,-1,185,170,186,-1,184,187,188,-1,188,187,189,-1,188,189,178,-1,190,168,191,-1,191,168,167,-1,191,167,192,-1,192,167,193,-1,172,174,190,-1,194,186,195,-1,195,186,170,-1,195,170,196,-1,196,170,169,-1,196,169,197,-1,198,199,200,-1,177,193,198,-1,198,193,167,-1,198,167,199,-1,199,167,166,-1,199,166,179,-1,201,202,203,-1,204,34,32,-1,184,188,171,-1,171,188,205,-1,171,205,169,-1,169,205,204,-1,169,204,197,-1,197,204,32,-1,197,32,31,-1,206,0,35,-1,178,175,188,-1,188,175,207,-1,188,207,205,-1,205,207,206,-1,205,206,204,-1,204,206,35,-1,204,35,34,-1,29,30,208,-1,208,30,1,-1,177,198,175,-1,175,198,200,-1,175,200,207,-1,207,200,208,-1,207,208,206,-1,206,208,1,-1,206,1,0,-1,68,209,179,-1,179,209,210,-1,179,210,199,-1,199,210,183,-1,199,183,200,-1,200,183,181,-1,200,181,208,-1,208,181,28,-1,208,28,29,-1,97,96,211,-1,211,96,95,-1,190,174,168,-1,168,174,212,-1,168,212,166,-1,166,212,211,-1,166,211,179,-1,179,211,95,-1,179,95,69,-1,174,201,212,-1,212,201,203,-1,212,203,211,-1,211,203,65,-1,211,65,97,-1,173,213,174,-1,174,213,214,-1,174,214,201,-1,201,214,215,-1,201,215,202,-1,202,215,216,-1,202,216,61,-1,61,60,202,-1,202,60,63,-1,202,63,203,-1,203,63,66,-1,203,66,65,-1,
        ]
    }
}
Shape{
    appearance Appearance {
        material  Material 	{
            diffuseColor 0.2235294117647059 0.2235294117647059 0.2235294117647059
            specularColor 0.11372549019607843 0.11372549019607843 0.11372549019607843
            ambientIntensity 0.2235
            transparency 0.0
            shininess 0.5
        }
    }
    geometry IndexedFaceSet {
        ccw TRUE
        solid FALSE
        coord DEF co Coordinate {
            point [
                3.8415 1.9991 3.112, 3.8415 1.9991 3.3904, 3.999 1.6621 2.775, 4.0526 1.5268 2.9181, 4.0491 1.5255 2.6384, 4.0752 1.454 2.8452, 4.1255 1.3171 2.43, 4.2043 1.0387 2.43, 4.3309 -0.0008 8.4308, 4.3163 0.3546 8.4308, 4.3207 0.296 8.6276, 4.3309 -0.0008 5.0942, 4.3207 0.296 4.8973, 4.3163 0.3546 5.0942, 4.2956 0.5514 4.8973, 4.2956 0.5514 8.6276, 4.3163 -0.3561 5.0942, 4.3207 -0.2975 4.8973, 4.3207 -0.0008 4.8973, 4.3207 -0.0008 8.6276, 4.3207 -0.2975 8.6276, 4.3163 -0.3561 8.4308, 4.2956 -0.553 8.6276, 4.2956 -0.553 4.8973
            ]
        }
        coordIndex [
            0,1,2,-1,2,1,3,-1,2,3,4,-1,4,3,5,-1,4,5,6,-1,6,5,7,-1,8,9,10,-1,11,12,13,-1,13,12,14,-1,13,14,9,-1,9,14,15,-1,9,15,10,-1,16,17,11,-1,11,17,18,-1,11,18,12,-1,10,19,8,-1,8,19,20,-1,8,20,21,-1,21,20,22,-1,21,22,16,-1,16,22,23,-1,16,23,17,-1,
        ]
    }
}
Shape{
    appearance Appearance {
        material  Material 	{
            diffuseColor 0.8117647058823529 0.9882352941176471 1.0
            specularColor 0.403921568627451 0.49411764705882355 0.5019607843137255
            ambientIntensity 0.9368
            transparency 0.0
            shininess 0.5
        }
    }
    geometry IndexedFaceSet {
        ccw TRUE
        solid FALSE
        coord DEF co Coordinate {
            point [
                3.7883 -1.941 13.4729, 3.7666 -1.9616 13.4935, 3.7888 -1.9732 13.4472, 3.8074 -1.9829 13.3989, 3.8648 -1.8668 13.3987, 3.8591 -1.8739 13.4058, 3.7986 -1.9783 13.4233, 3.9346 -1.7797 13.3115, 3.9155 -1.8036 13.3354, 3.8329 -1.9962 13.2957, 3.8222 -1.9906 13.3479, 4.0017 -1.6571 13.189, 3.9837 -1.6917 13.2235, 3.8415 -2.0006 13.189, 3.95 -1.7562 13.2881, 3.9451 -1.7638 13.2957, 3.9836 1.6901 13.2235, 4.0017 1.6556 13.189, 3.8415 1.9991 13.189, 3.8222 1.9891 13.3479, 3.9148 1.802 13.3354, 3.8329 1.9946 13.2957, 3.9446 1.7622 13.2956, 3.9493 1.7559 13.2893, 3.7888 1.9717 13.4472, 3.7666 1.9601 13.4935, 3.789 1.9397 13.4731, 3.7986 1.9768 13.4233, 3.8326 1.8999 13.4333, 3.8074 1.9813 13.3989, 3.865 1.8653 13.3987, 3.8775 1.8519 13.3853, 3.3174 -1.7278 13.7799, 3.453 -1.7984 13.7598, 3.6248 -1.4206 13.7598, 4.0613 -1.4797 13.2899, 4.1059 -1.3787 13.189, 4.1778 -1.142 13.189, 4.1015 -1.1211 13.4845, 3.9589 -1.5514 13.4845, 4.0274 -1.5312 13.3414, 3.9066 -1.6733 13.4835, 3.917 -1.6632 13.4734, 3.9179 -1.6623 13.4725, 3.9586 -1.623 13.4333, 3.9975 -1.5765 13.3867, 4.0027 -1.5686 13.3788, 3.7497 -1.7963 13.6065, 3.7648 -1.7871 13.5974, 3.8714 -1.5172 13.6068, 3.7707 -1.7827 13.593, 3.8686 -1.7099 13.5202, 3.5795 -1.8642 13.7008, 3.7575 -1.4725 13.7008, 3.6012 -1.8755 13.6858, 3.7063 -1.8227 13.633, 3.6012 1.874 13.6858, 3.5795 1.8627 13.7008, 3.7218 1.8122 13.624, 3.7575 1.471 13.7008, 3.7488 1.794 13.6058, 3.9067 1.6718 13.4836, 3.8752 1.7028 13.5146, 3.8714 1.5157 13.6068, 3.8312 1.7386 13.5504, 3.7695 1.7802 13.5919, 3.9589 1.5499 13.4845, 4.0013 1.5663 13.3781, 3.9642 1.6152 13.427, 3.9179 1.6608 13.4725, 3.917 1.6616 13.4734, 4.1059 1.3772 13.189, 4.0643 1.4727 13.2845, 4.1584 1.1352 13.3419, 4.0356 1.5212 13.333, 4.0335 1.524 13.3358, 4.029 1.5299 13.3417, 4.0314 -1.5251 13.3353, 4.1584 -1.1367 13.3419, 4.2557 -0.6875 13.3419, 4.242 -0.8456 13.189, 4.2756 -0.6907 13.189, 4.3191 -0.2841 13.189, 4.3046 -0.2306 13.3419, 4.3247 -0.2316 13.189, 4.3247 0.2301 13.189, 4.3046 0.229 13.3419, 4.3191 0.2826 13.189, 4.2557 0.686 13.3419, 4.2756 0.6892 13.189, 4.242 0.8441 13.189, 4.1778 1.1405 13.189, 4.1015 1.1196 13.4845, 4.1974 0.6766 13.4845, 4.2457 0.2259 13.4845, 4.2457 -0.2274 13.4845, 4.1974 -0.6781 13.4845, 4.0109 1.0949 13.6068, 4.1047 0.6616 13.6068, 4.1519 0.2209 13.6068, 4.1519 -0.2224 13.6068, 4.1047 -0.6632 13.6068, 4.0109 -1.0964 13.6068, 3.8928 1.0626 13.7008, 3.9839 0.6421 13.7008, 4.0297 0.2144 13.7008, 4.0297 -0.2159 13.7008, 3.9839 -0.6437 13.7008, 3.8928 -1.0641 13.7008, 3.7553 -1.0266 13.7598, 3.8432 -0.621 13.7598, 3.8874 -0.2083 13.7598, 3.8874 0.2068 13.7598, 3.8432 0.6194 13.7598, 3.7553 1.0251 13.7598, 3.6248 1.419 13.7598, 3.453 1.7969 13.7598, 3.4824 -1.3648 13.7799, 3.6078 -0.9863 13.7799, 3.6922 -0.5966 13.7799, 3.7346 -0.2001 13.7799, 3.7346 0.1986 13.7799, 3.6922 0.5951 13.7799, 3.6078 0.9848 13.7799, 3.4824 1.3633 13.7799, 3.3174 1.7262 13.7799, 3.9173 1.6627 13.4717, 3.9696 1.6842 13.3358, 3.6997 1.9253 13.5933, 3.677 1.9135 13.6189, 3.6529 1.9009 13.6429, 3.6277 1.8878 13.6653, 3.7355 1.9439 13.5454, 3.7181 1.9349 13.5699, 4.3163 -0.3561 8.4308, 4.3163 -0.3561 5.0942, 4.3309 -0.0008 5.0942, 4.3309 -0.0008 8.4308, 4.3163 0.3546 5.0942, 4.3163 0.3546 8.4308, 4.3216 -0.2844 12.0947, 4.3309 -0.0008 11.811, 4.3216 0.2829 12.0947, 4.293 -0.5724 12.3827, 4.2475 -0.8468 12.657, 4.18 -1.1341 12.9444, 4.18 1.1326 12.9444, 4.2475 0.8453 12.657, 4.293 0.5709 12.3827
            ]
        }
        coordIndex [
            0,1,2,-1,3,4,5,-1,0,2,5,-1,5,2,6,-1,5,6,3,-1,7,8,9,-1,4,3,8,-1,8,3,10,-1,8,10,9,-1,11,12,13,-1,13,12,14,-1,13,14,9,-1,9,14,15,-1,9,15,7,-1,16,17,18,-1,19,20,21,-1,21,20,22,-1,21,22,18,-1,18,22,23,-1,18,23,16,-1,24,25,26,-1,24,26,27,-1,27,26,28,-1,27,28,29,-1,29,28,30,-1,29,30,19,-1,19,30,31,-1,19,31,20,-1,32,33,34,-1,35,36,37,-1,38,39,40,-1,41,42,39,-1,39,42,43,-1,39,43,44,-1,44,45,39,-1,39,45,46,-1,39,46,40,-1,47,48,49,-1,49,48,50,-1,49,50,51,-1,33,52,53,-1,53,52,54,-1,53,54,55,-1,56,57,58,-1,58,57,59,-1,58,59,60,-1,61,62,63,-1,62,64,63,-1,63,64,65,-1,63,65,60,-1,66,67,68,-1,68,69,66,-1,66,69,70,-1,66,70,61,-1,71,72,73,-1,72,74,73,-1,73,74,75,-1,73,75,76,-1,77,35,78,-1,78,35,37,-1,78,37,79,-1,79,37,80,-1,80,81,79,-1,79,81,82,-1,79,82,83,-1,82,84,83,-1,83,84,85,-1,83,85,86,-1,86,85,87,-1,86,87,88,-1,87,89,88,-1,88,89,90,-1,88,90,73,-1,73,90,91,-1,73,91,71,-1,67,66,76,-1,76,66,92,-1,76,92,73,-1,73,92,93,-1,73,93,88,-1,88,93,94,-1,88,94,86,-1,86,94,95,-1,86,95,83,-1,83,95,96,-1,83,96,79,-1,79,96,38,-1,79,38,78,-1,78,38,40,-1,78,40,77,-1,61,63,66,-1,66,63,97,-1,66,97,92,-1,92,97,98,-1,92,98,93,-1,93,98,99,-1,93,99,94,-1,94,99,100,-1,94,100,95,-1,95,100,101,-1,95,101,96,-1,96,101,102,-1,96,102,38,-1,38,102,49,-1,38,49,39,-1,39,49,51,-1,39,51,41,-1,60,59,63,-1,63,59,103,-1,63,103,97,-1,97,103,104,-1,97,104,98,-1,98,104,105,-1,98,105,99,-1,99,105,106,-1,99,106,100,-1,100,106,107,-1,100,107,101,-1,101,107,108,-1,101,108,102,-1,102,108,53,-1,102,53,49,-1,49,53,55,-1,49,55,47,-1,33,53,34,-1,34,53,108,-1,34,108,109,-1,109,108,107,-1,109,107,110,-1,110,107,106,-1,110,106,111,-1,111,106,105,-1,111,105,112,-1,112,105,104,-1,112,104,113,-1,113,104,103,-1,113,103,114,-1,114,103,59,-1,114,59,115,-1,115,59,57,-1,115,57,116,-1,32,34,117,-1,117,34,109,-1,117,109,118,-1,118,109,110,-1,118,110,119,-1,119,110,111,-1,119,111,120,-1,120,111,112,-1,120,112,121,-1,121,112,113,-1,121,113,122,-1,122,113,114,-1,122,114,123,-1,123,114,115,-1,123,115,124,-1,124,115,116,-1,124,116,125,-1,75,74,17,-1,17,74,72,-1,17,72,71,-1,61,70,126,-1,126,70,69,-1,126,69,127,-1,127,69,68,-1,68,67,127,-1,127,67,76,-1,127,76,75,-1,25,64,26,-1,26,64,62,-1,58,128,129,-1,129,130,58,-1,58,130,131,-1,58,131,56,-1,25,132,64,-1,64,132,133,-1,64,133,65,-1,65,133,128,-1,65,128,60,-1,60,128,58,-1,62,61,26,-1,26,61,126,-1,26,126,28,-1,28,126,30,-1,75,17,127,-1,127,17,16,-1,127,16,23,-1,23,22,127,-1,127,22,20,-1,127,20,126,-1,126,20,31,-1,126,31,30,-1,134,135,136,-1,134,136,137,-1,137,136,138,-1,137,138,139,-1,140,141,142,-1,140,82,143,-1,143,82,81,-1,143,81,144,-1,144,81,80,-1,144,80,145,-1,145,80,37,-1,145,37,36,-1,71,91,146,-1,146,91,90,-1,146,90,147,-1,147,90,148,-1,90,89,148,-1,148,89,87,-1,148,87,142,-1,142,87,85,-1,142,85,140,-1,140,85,84,-1,140,84,82,-1,
        ]
    }
}
Shape{
    appearance Appearance {
        material  Material 	{
            diffuseColor 0.8509803921568627 0.8509803921568627 0.8509803921568627
            specularColor 0.4235294117647059 0.4235294117647059 0.4235294117647059
            ambientIntensity 0.851
            transparency 0.0
            shininess 0.5
        }
    }
    geometry IndexedFaceSet {
        ccw TRUE
        solid FALSE
        coord DEF co Coordinate {
            point [
                3.1494 -0.0008 13.7012, 3.1016 0.5462 13.7012, 0.0453 -0.0008 13.7012, 2.9595 1.0765 13.7012, 2.7274 1.574 13.7012, 2.4125 2.0238 13.7012, 2.0243 2.412 13.7012, 1.6086 2.707 13.7012, 1.6086 -2.7085 13.7012, 2.0243 -2.4135 13.7012, 2.4125 -2.0253 13.7012, 2.7274 -1.5756 13.7012, 2.9595 -1.078 13.7012, 3.1016 -0.5477 13.7012, 1.5404 2.7463 13.7012, 1.077 2.9589 13.7012, -0.0229 0.0386 13.7012, 0.5467 3.101 13.7012, -0.0002 3.1488 13.7012, -0.5471 3.101 13.7012, -1.0774 2.9589 13.7012, -1.575 2.7269 13.7012, -2.0247 2.412 13.7012, -2.4129 2.0238 13.7012, -2.7278 1.574 13.7012, -2.9599 1.0765 13.7012, -3.102 0.5462 13.7012, -3.1496 0.0386 13.7012
            ]
        }
        coordIndex [
            0,1,2,-1,2,1,3,-1,2,3,4,-1,4,5,2,-1,2,5,6,-1,2,6,7,-1,8,9,2,-1,2,9,10,-1,2,10,11,-1,11,12,2,-1,2,12,13,-1,2,13,0,-1,14,15,16,-1,16,15,17,-1,16,17,18,-1,18,19,16,-1,16,19,20,-1,16,20,21,-1,21,22,16,-1,16,22,23,-1,16,23,24,-1,24,25,16,-1,16,25,26,-1,16,26,27,-1,
        ]
    }
}
Shape{
    appearance Appearance {
        material  Material 	{
            diffuseColor 0.2235294117647059 0.2235294117647059 0.2235294117647059
            specularColor 0.11372549019607843 0.11372549019607843 0.11372549019607843
            ambientIntensity 0.2235
            transparency 0.0
            shininess 0.5
        }
    }
    geometry IndexedFaceSet {
        ccw TRUE
        solid FALSE
        coord DEF co Coordinate {
            point [
                3.3174 -1.7278 0.0, 3.4529 -1.7984 0.0201, 3.2424 -2.1551 0.0201, 3.5793 -1.8641 0.0791, 3.361 -2.2339 0.0791, 3.6878 -1.9206 0.173, 3.4629 -2.3016 0.173, 3.771 -1.9639 0.2953, 3.541 -2.3536 0.2953, 3.8233 -1.9912 0.4377, 3.5902 -2.3862 0.4377, 3.0885 -3.0303 0.5906, 3.005 -3.0911 0.4377, 3.3318 -2.7671 0.5906, 3.3164 -2.7542 0.4377, 3.5 -2.5411 0.5906, 3.6069 -2.3973 0.5906, 3.8412 -2.0005 0.5906, 3.019 -3.1055 0.5906, 2.672 -3.4087 0.5906, 2.6596 -3.3929 0.4377, 2.6092 -3.4528 0.5906, 2.2841 -3.6563 0.4377, 2.2947 -3.6734 0.5906, 1.8827 -3.8784 0.4377, 2.0707 -3.7973 0.5906, 1.8915 -3.8965 0.5906, 1.4904 -4.0655 0.5906, 1.46 -4.0565 0.4377, 1.4668 -4.0754 0.5906, 1.0255 -4.2083 0.5906, 1.0207 -4.1887 0.4377, 0.8745 -4.2366 0.5906, 0.5699 -4.2735 0.4377, 0.5726 -4.2934 0.5906, 0.1126 -4.3099 0.4377, 0.2407 -4.3198 0.5906, 0.1132 -4.33 0.5906, -0.3475 -4.3175 0.5906, -0.3459 -4.2975 0.4377, -0.3982 -4.3107 0.5906, -0.8005 -4.2364 0.4377, -0.8043 -4.2562 0.5906, -1.0281 -4.2014 0.5906, -1.2461 -4.1274 0.4377, -1.2519 -4.1466 0.5906, -1.6372 -4.0075 0.5906, -1.6775 -3.9716 0.4377, -1.6854 -3.9901 0.5906, -2.0998 -3.7885 0.5906, -2.09 -3.7709 0.4377, -2.2082 -3.7206 0.5906, -2.4788 -3.5275 0.4377, -2.4904 -3.5439 0.5906, -2.8395 -3.2441 0.4377, -2.732 -3.3541 0.5906, -2.8528 -3.2593 0.5906, -3.1829 -2.9377 0.5906, -3.1681 -2.924 0.4377, -3.1992 -2.918 0.5906, -3.4608 -2.5708 0.4377, -3.477 -2.5828 0.5906, -3.5902 -2.4121 0.5906, -3.7143 -2.1886 0.4377, -3.7317 -2.1988 0.5906, -3.9087 -1.8579 0.5906, -3.9258 -1.7815 0.4377, -3.9441 -1.7898 0.5906, -4.1119 -1.3606 0.5906, -4.0928 -1.3543 0.4377, -4.1388 -1.2618 0.5906, -4.2134 -0.9117 0.4377, -4.2331 -0.9159 0.5906, -4.2864 -0.4588 0.4377, -4.2779 -0.6379 0.5906, -4.3064 -0.461 0.5906, -4.3309 -0.0008 0.5906, -4.3108 -0.0008 0.4377, -4.3064 0.4594 0.5906, -4.2864 0.4573 0.4377, -4.2779 0.6364 0.5906, -4.2134 0.9102 0.4377, -4.2331 0.9144 0.5906, -4.0928 1.3527 0.4377, -4.1388 1.2603 0.5906, -4.1119 1.359 0.5906, -3.9441 1.7883 0.5906, -3.9258 1.78 0.4377, -3.9087 1.8564 0.5906, -3.7143 2.187 0.4377, -3.7317 2.1972 0.5906, -3.4608 2.5693 0.4377, -3.5902 2.4106 0.5906, -3.477 2.5813 0.5906, -3.1992 2.9165 0.5906, -3.1681 2.9225 0.4377, -3.1829 2.9361 0.5906, -2.8528 3.2577 0.5906, -2.8395 3.2426 0.4377, -2.732 3.3526 0.5906, -2.4788 3.5259 0.4377, -2.4904 3.5424 0.5906, -2.09 3.7694 0.4377, -2.2082 3.719 0.5906, -2.0998 3.787 0.5906, -1.6854 3.9886 0.5906, -1.6775 3.9701 0.4377, -1.6372 4.006 0.5906, -1.2461 4.1258 0.4377, -1.2519 4.1451 0.5906, -1.0281 4.1999 0.5906, -0.8005 4.2349 0.4377, -0.8043 4.2546 0.5906, -0.3982 4.3092 0.5906, -0.3459 4.2959 0.4377, -0.3475 4.316 0.5906, 0.1132 4.3285 0.5906, 0.1126 4.3083 0.4377, 0.2407 4.3183 0.5906, 0.5699 4.272 0.4377, 0.5726 4.2919 0.5906, 1.0207 4.1872 0.4377, 0.8745 4.2351 0.5906, 1.0255 4.2067 0.5906, 1.4668 4.0739 0.5906, 1.46 4.055 0.4377, 1.4904 4.064 0.5906, 1.8827 3.8769 0.4377, 1.8915 3.895 0.5906, 2.0707 3.7958 0.5906, 2.2841 3.6548 0.4377, 2.2947 3.6719 0.5906, 2.6092 3.4513 0.5906, 2.6596 3.3914 0.4377, 2.672 3.4072 0.5906, 3.019 3.104 0.5906, 3.005 3.0895 0.4377, 3.0885 3.0288 0.5906, 3.3164 2.7527 0.4377, 3.3318 2.7656 0.5906, 3.5902 2.3847 0.4377, 3.5 2.5396 0.5906, 3.6069 2.3958 0.5906, 3.8412 1.9989 0.5906, 3.8233 1.9896 0.4377, 3.271 -2.7165 0.2953, 2.9639 -3.0488 0.2953, 2.6232 -3.3465 0.2953, 2.2528 -3.6063 0.2953, 1.8569 -3.8253 0.2953, 1.44 -4.001 0.2953, 1.0067 -4.1314 0.2953, 0.5621 -4.215 0.2953, 0.1111 -4.2509 0.2953, -0.3412 -4.2387 0.2953, -0.7896 -4.1784 0.2953, -1.229 -4.0709 0.2953, -1.6546 -3.9173 0.2953, -2.0614 -3.7193 0.2953, -2.4449 -3.4792 0.2953, -2.8007 -3.1997 0.2953, -3.1248 -2.884 0.2953, -3.4134 -2.5357 0.2953, -3.6635 -2.1586 0.2953, -3.8721 -1.7571 0.2953, -4.0368 -1.3357 0.2953, -4.1558 -0.8992 0.2953, -4.2277 -0.4526 0.2953, -4.2518 -0.0008 0.2953, -4.2277 0.451 0.2953, -4.1558 0.8977 0.2953, -4.0368 1.3342 0.2953, -3.8721 1.7556 0.2953, -3.6635 2.1571 0.2953, -3.4134 2.5341 0.2953, -3.1248 2.8825 0.2953, -2.8007 3.1982 0.2953, -2.4449 3.4777 0.2953, -2.0614 3.7178 0.2953, -1.6546 3.9157 0.2953, -1.229 4.0694 0.2953, -0.7896 4.1769 0.2953, -0.3412 4.2371 0.2953, 0.1111 4.2494 0.2953, 0.5621 4.2135 0.2953, 1.0067 4.1299 0.2953, 1.44 3.9995 0.2953, 1.8569 3.8238 0.2953, 2.2528 3.6048 0.2953, 2.6232 3.345 0.2953, 2.9639 3.0472 0.2953, 3.271 2.715 0.2953, 3.541 2.352 0.2953, 3.771 1.9624 0.2953, 3.1988 -2.6566 0.173, 2.8984 -2.9815 0.173, 2.5653 -3.2726 0.173, 2.2031 -3.5267 0.173, 1.8159 -3.7409 0.173, 1.4082 -3.9127 0.173, 0.9845 -4.0402 0.173, 0.5497 -4.122 0.173, 0.1086 -4.1571 0.173, -0.3336 -4.1451 0.173, -0.7722 -4.0862 0.173, -1.2019 -3.981 0.173, -1.6181 -3.8308 0.173, -2.0159 -3.6372 0.173, -2.3909 -3.4024 0.173, -2.7389 -3.1291 0.173, -3.0558 -2.8204 0.173, -3.3381 -2.4797 0.173, -3.5826 -2.111 0.173, -3.7866 -1.7183 0.173, -3.9477 -1.3063 0.173, -4.064 -0.8794 0.173, -4.1344 -0.4426 0.173, -4.1579 -0.0008 0.173, -4.1344 0.4411 0.173, -4.064 0.8779 0.173, -3.9477 1.3047 0.173, -3.7866 1.7168 0.173, -3.5826 2.1094 0.173, -3.3381 2.4782 0.173, -3.0558 2.8188 0.173, -2.7389 3.1276 0.173, -2.3909 3.4009 0.173, -2.0159 3.6357 0.173, -1.6181 3.8293 0.173, -1.2019 3.9795 0.173, -0.7722 4.0847 0.173, -0.3336 4.1436 0.173, 0.1086 4.1556 0.173, 0.5497 4.1205 0.173, 0.9845 4.0387 0.173, 1.4082 3.9112 0.173, 1.8159 3.7394 0.173, 2.2031 3.5252 0.173, 2.5653 3.2711 0.173, 2.8984 2.98 0.173, 3.1988 2.6551 0.173, 3.4629 2.3001 0.173, 3.6878 1.9191 0.173, 3.1047 -2.5785 0.0791, 2.8132 -2.8938 0.0791, 2.4898 -3.1764 0.0791, 2.1383 -3.423 0.0791, 1.7625 -3.6309 0.0791, 1.3668 -3.7976 0.0791, 0.9555 -3.9214 0.0791, 0.5335 -4.0007 0.0791, 0.1054 -4.0348 0.0791, -0.3238 -4.0232 0.0791, -0.7494 -3.966 0.0791, -1.1666 -3.864 0.0791, -1.5705 -3.7181 0.0791, -1.9566 -3.5302 0.0791, -2.3206 -3.3024 0.0791, -2.6583 -3.0371 0.0791, -2.9659 -2.7374 0.0791, -3.2399 -2.4068 0.0791, -3.4772 -2.0489 0.0791, -3.6752 -1.6678 0.0791, -3.8315 -1.2679 0.0791, -3.9445 -0.8536 0.0791, -4.0128 -0.4296 0.0791, -4.0356 -0.0008 0.0791, -4.0128 0.4281 0.0791, -3.9445 0.852 0.0791, -3.8315 1.2663 0.0791, -3.6752 1.6663 0.0791, -3.4772 2.0474 0.0791, -3.2399 2.4053 0.0791, -2.9659 2.7359 0.0791, -2.6583 3.0356 0.0791, -2.3206 3.3008 0.0791, -1.9566 3.5287 0.0791, -1.5705 3.7166 0.0791, -1.1666 3.8624 0.0791, -0.7494 3.9645 0.0791, -0.3238 4.0217 0.0791, 0.1054 4.0333 0.0791, 0.5335 3.9992 0.0791, 0.9555 3.9199 0.0791, 1.3668 3.7961 0.0791, 1.7625 3.6293 0.0791, 2.1383 3.4215 0.0791, 2.4898 3.1749 0.0791, 2.8132 2.8923 0.0791, 3.1047 2.5769 0.0791, 3.361 2.2324 0.0791, 3.5793 1.8626 0.0791, 2.9951 -2.4875 0.0201, 2.7139 -2.7917 0.0201, 2.4019 -3.0643 0.0201, 2.0628 -3.3022 0.0201, 1.7003 -3.5027 0.0201, 1.3185 -3.6636 0.0201, 0.9218 -3.783 0.0201, 0.5147 -3.8596 0.0201, 0.1017 -3.8924 0.0201, -0.3124 -3.8812 0.0201, -0.723 -3.8261 0.0201, -1.1254 -3.7276 0.0201, -1.5151 -3.5869 0.0201, -1.8876 -3.4057 0.0201, -2.2387 -3.1858 0.0201, -2.5645 -2.9299 0.0201, -2.8612 -2.6408 0.0201, -3.1256 -2.3219 0.0201, -3.3545 -1.9766 0.0201, -3.5455 -1.609 0.0201, -3.6963 -1.2231 0.0201, -3.8053 -0.8235 0.0201, -3.8712 -0.4144 0.0201, -3.8932 -0.0008 0.0201, -3.8712 0.4129 0.0201, -3.8053 0.8219 0.0201, -3.6963 1.2216 0.0201, -3.5455 1.6075 0.0201, -3.3545 1.9751 0.0201, -3.1256 2.3203 0.0201, -2.8612 2.6393 0.0201, -2.5645 2.9284 0.0201, -2.2387 3.1843 0.0201, -1.8876 3.4041 0.0201, -1.5151 3.5854 0.0201, -1.1254 3.7261 0.0201, -0.723 3.8246 0.0201, -0.3124 3.8797 0.0201, 0.1017 3.8909 0.0201, 0.5147 3.858 0.0201, 0.9218 3.7815 0.0201, 1.3185 3.6621 0.0201, 1.7003 3.5012 0.0201, 2.0628 3.3007 0.0201, 2.4019 3.0628 0.0201, 2.7139 2.7902 0.0201, 2.9951 2.486 0.0201, 3.2424 2.1536 0.0201, 3.4529 1.7968 0.0201, 3.1151 -2.0705 0.0, 2.8775 -2.3899 0.0, 2.6073 -2.6821 0.0, 2.3076 -2.944 0.0, 1.9818 -3.1726 0.0, 1.6335 -3.3653 0.0, 1.2667 -3.5198 0.0, 0.8856 -3.6345 0.0, 0.4945 -3.7081 0.0, 0.0977 -3.7396 0.0, -0.3002 -3.7289 0.0, -0.6946 -3.6759 0.0, -1.0812 -3.5813 0.0, -1.4556 -3.4461 0.0, -1.8135 -3.272 0.0, -2.1508 -3.0608 0.0, -2.4638 -2.8149 0.0, -2.7489 -2.5372 0.0, -3.0029 -2.2307 0.0, -3.2228 -1.899 0.0, -3.4063 -1.5458 0.0, -3.5512 -1.1751 0.0, -3.6559 -0.7912 0.0, -3.7192 -0.3982 0.0, -3.7404 -0.0008 0.0, -3.7192 0.3967 0.0, -3.6559 0.7896 0.0, -3.5512 1.1736 0.0, -3.4063 1.5443 0.0, -3.2228 1.8975 0.0, -3.0029 2.2292 0.0, -2.7489 2.5357 0.0, -2.4638 2.8134 0.0, -2.1508 3.0592 0.0, -1.8135 3.2705 0.0, -1.4556 3.4446 0.0, -1.0812 3.5798 0.0, -0.6946 3.6744 0.0, -0.3002 3.7273 0.0, 0.0977 3.7381 0.0, 0.4945 3.7065 0.0, 0.8856 3.633 0.0, 1.2667 3.5183 0.0, 1.6335 3.3637 0.0, 1.9818 3.1711 0.0, 2.3076 2.9425 0.0, 2.6073 2.6806 0.0, 2.8775 2.3883 0.0, 3.1151 2.069 0.0, 3.3174 1.7262 0.0, 3.8412 -2.0005 0.6693, 3.6069 -2.3973 0.6693, 3.5 -2.5411 0.6693, 3.3318 -2.7671 0.6693, 3.0885 -3.0303 0.6693, 3.019 -3.1055 0.6693, 2.672 -3.4087 0.6693, 2.6092 -3.4528 0.6693, 2.2947 -3.6734 0.6693, 2.0707 -3.7973 0.6693, 1.8915 -3.8965 0.6693, 1.4904 -4.0655 0.6693, 1.4668 -4.0754 0.6693, 1.0255 -4.2083 0.6693, 0.8745 -4.2366 0.6693, 0.5726 -4.2934 0.6693, 0.2407 -4.3198 0.6693, 0.1132 -4.33 0.6693, -0.3475 -4.3175 0.6693, -0.3982 -4.3107 0.6693, -0.8043 -4.2562 0.6693, -1.0281 -4.2014 0.6693, -1.2519 -4.1466 0.6693, -1.6372 -4.0075 0.6693, -1.6854 -3.9901 0.6693, -2.0998 -3.7885 0.6693, -2.2082 -3.7206 0.6693, -2.4904 -3.5439 0.6693, -2.732 -3.3541 0.6693, -2.8528 -3.2593 0.6693, -3.1829 -2.9377 0.6693, -3.1992 -2.918 0.6693, -3.477 -2.5828 0.6693, -3.5902 -2.4121 0.6693, -3.7317 -2.1988 0.6693, -3.9087 -1.8579 0.6693, -3.9441 -1.7898 0.6693, -4.1119 -1.3606 0.6693, -4.1388 -1.2618 0.6693, -4.2331 -0.9159 0.6693, -4.2779 -0.6379 0.6693, -4.3064 -0.461 0.6693, -4.3309 -0.0008 0.6693, -4.3064 0.4594 0.6693, -4.2779 0.6364 0.6693, -4.2331 0.9144 0.6693, -4.1388 1.2603 0.6693, -4.1119 1.359 0.6693, -3.9441 1.7883 0.6693, -3.9087 1.8564 0.6693, -3.7317 2.1972 0.6693, -3.5902 2.4106 0.6693, -3.477 2.5813 0.6693, -3.1992 2.9165 0.6693, -3.1829 2.9361 0.6693, -2.8528 3.2577 0.6693, -2.732 3.3526 0.6693, -2.4904 3.5424 0.6693, -2.2082 3.719 0.6693, -2.0998 3.787 0.6693, -1.6854 3.9886 0.6693, -1.6372 4.006 0.6693, -1.2519 4.1451 0.6693, -1.0281 4.1999 0.6693, -0.8043 4.2546 0.6693, -0.3982 4.3092 0.6693, -0.3475 4.316 0.6693, 0.1132 4.3285 0.6693, 0.2407 4.3183 0.6693, 0.5726 4.2919 0.6693, 0.8745 4.2351 0.6693, 1.0255 4.2067 0.6693, 1.4668 4.0739 0.6693, 1.4904 4.064 0.6693, 1.8915 3.895 0.6693, 2.0707 3.7958 0.6693, 2.2947 3.6719 0.6693, 2.6092 3.4513 0.6693, 2.672 3.4072 0.6693, 3.019 3.104 0.6693, 3.0885 3.0288 0.6693, 3.3318 2.7656 0.6693, 3.5 2.5396 0.6693, 3.6069 2.3958 0.6693, 3.8412 1.9989 0.6693, 3.3185 2.7545 0.8336, 2.2855 3.6572 0.8336, -0.801 4.2376 0.8336, -3.463 2.571 0.8336, -3.7167 2.1884 0.8336, -1.2469 -4.13 0.8336, 1.8839 -3.8809 0.8336, 2.2855 -3.6587 0.8336, -3.463 -2.5725 0.8336, -3.4219 -2.5419 0.9908, -3.6725 -2.1639 0.9908, -3.3553 -2.4925 1.1337, -3.6011 -2.1219 1.1337, 3.3831 2.2576 1.2562, 3.3883 2.2506 1.2562, 3.4807 2.312 1.1337, 3.1179 2.6109 1.2562, 3.1299 2.5979 1.2562, 3.2153 2.6688 1.1337, 2.8161 2.9332 1.2562, 2.836 2.9158 1.2562, 2.9134 2.9953 1.1337, 2.4811 3.221 1.2562, 2.5101 3.2007 1.2562, 2.5785 3.288 1.1337, 2.117 3.4707 1.2562, 2.1556 3.4493 1.2562, 2.2144 3.5434 1.1337, 1.728 3.6794 1.2562, 1.7768 3.6589 1.2562, 1.8253 3.7586 1.1337, 1.3187 3.8448 1.2562, 1.3779 3.827 1.2562, 1.4154 3.9313 1.1337, 0.8939 3.9648 1.2562, 0.9633 3.9517 1.2562, 0.9896 4.0595 1.1337, 0.4586 4.038 1.2562, 0.5379 4.0317 1.2562, 0.5525 4.1417 1.1337, 0.018 4.0637 1.2562, 0.1063 4.0661 1.2562, 0.1092 4.177 1.1337, -0.4227 4.0414 1.2562, -0.3265 4.0544 1.2562, -0.3354 4.165 1.1337, -2.7875 -2.957 1.2562, -2.99 -2.7597 1.2562, -3.0715 -2.8349 1.1337, -2.4506 -3.2419 1.2562, -2.6799 -3.0618 1.2562, -2.753 -3.1452 1.1337, -2.0848 -3.4886 1.2562, -2.3395 -3.3292 1.2562, -2.4032 -3.42 1.1337, -1.6944 -3.6943 1.2562, -1.9725 -3.5589 1.2562, -2.0263 -3.656 1.1337, -1.284 -3.8564 1.2562, -1.5832 -3.7484 1.2562, -1.6264 -3.8506 1.1337, -0.8585 -3.9731 1.2562, -1.176 -3.8954 1.2562, -1.2081 -4.0016 1.1337, -0.4227 -4.043 1.2562, -0.7555 -3.9983 1.2562, -0.7761 -4.1073 1.1337, 0.018 -4.0652 1.2562, -0.3265 -4.0559 1.2562, -0.3354 -4.1665 1.1337, 0.4586 -4.0396 1.2562, 0.1063 -4.0676 1.2562, 0.1092 -4.1785 1.1337, 0.8939 -3.9663 1.2562, 0.5379 -4.0333 1.2562, 0.5525 -4.1432 1.1337, 1.3187 -3.8463 1.2562, 0.9633 -3.9533 1.2562, 0.9896 -4.061 1.1337, 1.728 -3.681 1.2562, 1.3779 -3.8285 1.2562, 1.4154 -3.9329 1.1337, 2.117 -3.4722 1.2562, 1.7768 -3.6604 1.2562, 1.8253 -3.7602 1.1337, 2.4811 -3.2225 1.2562, 2.1556 -3.4508 1.2562, 2.2144 -3.5449 1.1337, 2.8161 -2.9348 1.2562, 2.5101 -3.2022 1.2562, 2.5785 -3.2895 1.1337, 3.1179 -2.6124 1.2562, 2.836 -2.9173 1.2562, 2.9134 -2.9969 1.1337, 3.3831 -2.2592 1.2562, 3.1299 -2.5994 1.2562, 3.2153 -2.6703 1.1337, -3.0915 -2.6373 1.2562, -3.2663 -2.4263 1.2562, -3.359 -2.2865 1.2562, -3.5055 -2.0656 1.2562, -3.587 -1.9088 1.2562, -3.8061 -1.7272 1.1337, -3.7051 -1.6814 1.2562, -3.7726 -1.5086 1.2562, -3.968 -1.313 1.1337, -3.8627 -1.2782 1.2562, -3.9138 -1.0906 1.2562, -4.085 -0.8839 1.1337, -3.9766 -0.8605 1.2562, -4.0089 -0.6599 1.2562, -4.1557 -0.4449 1.1337, -4.0454 -0.4331 1.2562, -4.0567 -0.2213 1.2562, -4.1794 -0.0008 1.1337, -4.0684 -0.0008 1.2562, -4.1557 0.4433 1.1337, -4.0567 0.2198 1.2562, -4.0454 0.4315 1.2562, -4.085 0.8824 1.1337, -4.0089 0.6583 1.2562, -3.9766 0.859 1.2562, -3.968 1.3115 1.1337, -3.9138 1.0891 1.2562, -3.8627 1.2766 1.2562, -3.8061 1.7257 1.1337, -3.7726 1.5071 1.2562, -3.7051 1.6798 1.2562, -3.587 1.9072 1.2562, -3.6011 2.1203 1.1337, -3.5055 2.064 1.2562, -3.359 2.2849 1.2562, -3.3553 2.491 1.1337, -3.2663 2.4248 1.2562, -3.0915 2.6357 1.2562, -3.0715 2.8334 1.1337, -2.99 2.7582 1.2562, -2.7875 2.9555 1.2562, -2.753 3.1437 1.1337, -2.6799 3.0602 1.2562, -2.4506 3.2404 1.2562, -2.4032 3.4184 1.1337, -2.3395 3.3277 1.2562, -2.0848 3.4871 1.2562, -2.0263 3.6544 1.1337, -1.9725 3.5574 1.2562, -1.6944 3.6927 1.2562, -1.6264 3.849 1.1337, -1.5832 3.7468 1.2562, -1.284 3.8549 1.2562, -1.2081 4.0 1.1337, -1.176 3.8938 1.2562, -0.8585 3.9716 1.2562, -0.7761 4.1057 1.1337, -0.7555 3.9967 1.2562, -3.8816 -1.7615 0.9908, -4.0467 -1.339 0.9908, -4.166 -0.9015 0.9908, -4.2382 -0.4537 0.9908, -4.2623 -0.0008 0.9908, -4.2382 0.4521 0.9908, -4.166 0.8999 0.9908, -4.0467 1.3375 0.9908, -3.8816 1.7599 0.9908, 3.3883 -2.2521 1.2562, 3.4807 -2.3135 1.1337, 3.5498 -2.3594 0.9908, 3.2791 -2.7233 0.9908, 3.5925 -2.3877 0.8336, 3.3185 -2.756 0.8336, 2.9712 -3.0563 0.9908, 3.0069 -3.0931 0.8336, 2.6297 -3.3548 0.9908, 2.6613 -3.3951 0.8336, 1.0092 -4.1416 0.9908, 0.5635 -4.2254 0.9908, 1.0214 -4.1914 0.8336, 0.5703 -4.2762 0.8336, 0.1114 -4.2614 0.9908, 0.1127 -4.3127 0.8336, -0.342 -4.2491 0.9908, -0.3461 -4.3002 0.8336, -0.7915 -4.1888 0.9908, -1.2321 -4.081 0.9908, -0.801 -4.2391 0.8336, -2.0665 -3.7285 0.9908, -2.4509 -3.4878 0.9908, -2.0914 -3.7733 0.8336, -2.4804 -3.5297 0.8336, -2.8076 -3.2076 0.9908, -2.8414 -3.2462 0.8336, -3.1325 -2.8911 0.9908, -3.1702 -2.9259 0.8336, -3.7167 -2.19 0.8336, -3.9283 -1.7826 0.8336, -4.0954 -1.3551 0.8336, -4.2161 -0.9123 0.8336, -4.2891 -0.4591 0.8336, -4.3136 -0.0008 0.8336, -4.2891 0.4576 0.8336, -4.2161 0.9108 0.8336, -4.0954 1.3536 0.8336, -3.9283 1.7811 0.8336, -2.8076 3.2061 0.9908, -2.4509 3.4863 0.9908, -2.8414 3.2447 0.8336, -2.4804 3.5282 0.8336, -2.0665 3.727 0.9908, -2.0914 3.7718 0.8336, -1.6587 3.9254 0.9908, -1.6786 3.9726 0.8336, -1.2321 4.0794 0.9908, -0.7915 4.1872 0.9908, -1.2469 4.1285 0.8336, 0.1114 4.2599 0.9908, 0.5635 4.2239 0.9908, 0.1127 4.3111 0.8336, 0.5703 4.2747 0.8336, 1.0092 4.1401 0.9908, 1.0214 4.1899 0.8336, 1.4435 4.0094 0.9908, 1.4609 4.0576 0.8336, 1.8615 3.8332 0.9908, 2.2584 3.6137 0.9908, 1.8839 3.8794 0.8336, 2.9712 3.0548 0.9908, 3.2791 2.7217 0.9908, 3.0069 3.0915 0.8336, 3.6084 -1.8793 1.2562, 3.7068 -1.9305 1.1337, 3.7803 -1.9688 0.9908, 3.8258 -1.9925 0.8336, 2.2584 -3.6152 0.9908, 1.8615 -3.8348 0.9908, 1.4609 -4.0591 0.8336, 1.4435 -4.0109 0.9908, -1.6786 -3.9742 0.8336, -1.6587 -3.927 0.9908, -3.6725 2.1624 0.9908, -3.4219 2.5404 0.9908, -3.1702 2.9244 0.8336, -3.1325 2.8896 0.9908, -0.3461 4.2987 0.8336, -0.342 4.2476 0.9908, 2.6613 3.3936 0.8336, 2.6297 3.3532 0.9908, 3.5925 2.3862 0.8336, 3.5498 2.3578 0.9908, 3.6084 1.8777 1.2562, 3.7068 1.929 1.1337, 3.7803 1.9673 0.9908, 3.8258 1.9909 0.8336, 3.3316 2.2233 1.3271, 3.0708 2.5715 1.3271, 2.7738 2.8893 1.3271, 2.4441 3.173 1.3271, 2.0856 3.4193 1.3271, 0.4519 3.9796 1.3271, 0.0176 4.0051 1.3271, -0.4168 3.9835 1.3271, -0.8463 3.9148 1.3271, -1.2659 3.8 1.3271, -1.6705 3.6403 1.3271, -2.0555 3.4378 1.3271, -2.4162 3.1947 1.3271, -2.7484 2.9139 1.3271, -3.0482 2.5987 1.3271, -3.3121 2.2529 1.3271, -3.5369 1.8805 1.3271, -3.72 1.486 1.3271, -3.8593 1.0739 1.3271, -3.9531 0.6491 1.3271, -4.0002 0.2167 1.3271, 2.0856 3.4193 1.7722, 2.4441 3.173 1.7722, 2.4175 3.1384 1.6885, 1.3768 3.8243 1.8431, 1.729 3.6817 1.8431, 1.7025 3.6253 1.7722, 0.9624 3.9486 1.8431, 1.3195 3.8475 1.8431, 1.2993 3.7886 1.7722, 0.5373 4.0282 1.8431, 0.8945 3.9679 1.8431, 0.8808 3.9071 1.7722, 0.1061 4.0623 1.8431, 0.4589 4.0415 1.8431, 0.4519 3.9796 1.7722, -0.3263 4.0503 1.8431, 0.0179 4.0674 1.8431, 0.0176 4.0051 1.7722, -0.7548 3.9924 1.8431, -0.4233 4.0454 1.8431, -0.4168 3.9835 1.7722, -1.1748 3.8894 1.8431, -0.8595 3.9757 1.8431, -0.8463 3.9148 1.7722, -4.0394 -0.4324 1.8431, -4.0624 -0.2216 1.8431, -4.0002 -0.2183 1.7722, -3.9707 -0.8592 1.8431, -4.0145 -0.6608 1.8431, -3.9531 -0.6507 1.7722, -3.8571 -1.2763 1.8431, -3.9193 -1.0921 1.8431, -3.8593 -1.0754 1.7722, -3.6998 -1.6789 1.8431, -3.7779 -1.5106 1.8431, -3.72 -1.4875 1.7722, -3.5006 -2.0626 1.8431, -3.5919 -1.9113 1.8431, -3.5369 -1.8821 1.7722, -3.2618 -2.4229 1.8431, -3.3636 -2.2895 1.8431, -3.3121 -2.2544 1.7722, -2.986 -2.7559 1.8431, -3.0956 -2.6407 1.8431, -3.0482 -2.6002 1.7722, -2.6764 -3.0577 1.8431, -2.7911 -2.9607 1.8431, -2.7484 -2.9154 1.7722, -2.3365 -3.3249 1.8431, -2.4537 -3.2459 1.8431, -2.4162 -3.1962 1.7722, -1.9702 -3.5545 1.8431, -2.0874 -3.4928 1.8431, -2.0555 -3.4393 1.7722, -1.5815 -3.7439 1.8431, -1.6965 -3.6985 1.8431, -1.6705 -3.6419 1.7722, -1.1748 -3.8909 1.8431, -1.2856 -3.8606 1.8431, -1.2659 -3.8015 1.7722, -0.7548 -3.9939 1.8431, -0.8595 -3.9772 1.8431, -0.8463 -3.9163 1.7722, -0.3263 -4.0518 1.8431, -0.4233 -4.0469 1.8431, -0.4168 -3.985 1.7722, 0.1061 -4.0638 1.8431, 0.0179 -4.069 1.8431, 0.0176 -4.0067 1.7722, 0.5373 -4.0298 1.8431, 0.4589 -4.043 1.8431, 0.4519 -3.9811 1.7722, 0.9624 -3.9502 1.8431, 0.8945 -3.9694 1.8431, 0.8808 -3.9086 1.7722, 1.3768 -3.8258 1.8431, 1.3195 -3.849 1.8431, 1.2993 -3.7901 1.7722, 1.7756 -3.6582 1.8431, 1.729 -3.6832 1.8431, 1.7025 -3.6268 1.7722, 3.5531 -1.8505 1.7722, 3.6084 -1.8793 1.8431, 3.3879 -2.2519 1.8431, 3.3834 -2.2595 1.8431, 3.3316 -2.2249 1.7722, 3.1292 -2.5989 1.8431, 3.1186 -2.613 1.8431, 3.0708 -2.573 1.7722, 2.8351 -2.9164 1.8431, 2.817 -2.9358 1.8431, 2.7738 -2.8908 1.7722, 2.5089 -3.2009 1.8431, 2.4821 -3.2239 1.8431, 2.4441 -3.1745 1.7722, 2.1544 -3.449 1.8431, 2.118 -3.474 1.8431, 2.0856 -3.4209 1.7722, -4.0624 -0.0008 1.8431, -4.0002 0.2167 1.7722, -4.0624 0.2201 1.8431, -4.0394 0.4309 1.8431, -4.0145 0.6593 1.8431, -3.9531 0.6491 1.7722, -3.9707 0.8577 1.8431, -3.9193 1.0906 1.8431, -3.8593 1.0739 1.7722, -3.8571 1.2747 1.8431, -3.7779 1.5091 1.8431, -3.72 1.486 1.7722, -3.6998 1.6774 1.8431, -3.5919 1.9098 1.8431, -3.5369 1.8805 1.7722, -3.5006 2.061 1.8431, -3.3636 2.288 1.8431, -3.3121 2.2529 1.7722, -3.2618 2.4214 1.8431, -3.0956 2.6391 1.8431, -3.0482 2.5987 1.7722, -2.986 2.7543 1.8431, -2.7911 2.9592 1.8431, -2.7484 2.9139 1.7722, -2.6764 3.0561 1.8431, -2.4537 3.2443 1.8431, -2.4162 3.1947 1.7722, -2.3365 3.3233 1.8431, -2.0874 3.4912 1.8431, -2.0555 3.4378 1.7722, -1.9702 3.5529 1.8431, -1.6965 3.697 1.8431, -1.6705 3.6403 1.7722, -1.5815 3.7423 1.8431, -1.2856 3.8591 1.8431, -1.2659 3.8 1.7722, 1.7756 3.6566 1.8431, 2.118 3.4725 1.8431, 2.1544 3.4475 1.8431, 2.4821 3.2224 1.8431, 2.5089 3.1993 1.8431, 2.7738 2.8893 1.7722, 2.817 2.9342 1.8431, 2.8351 2.9149 1.8431, 3.0708 2.5715 1.7722, 3.1186 2.6115 1.8431, 3.1292 2.5973 1.8431, 3.3316 2.2233 1.7722, 3.3834 2.2579 1.8431, 3.3879 2.2503 1.8431, 2.7281 2.8416 1.5968, 2.7436 2.8578 1.6885, 3.0202 2.529 1.5024, 3.0202 2.529 1.5968, 3.0374 2.5435 1.6885, 3.2953 2.1991 1.4108, 3.2766 2.1866 1.5024, 3.2766 2.1866 1.5968, 3.2953 2.1991 1.6885, 3.5531 1.849 1.3271, 3.5144 1.8288 1.4108, 3.4945 1.8185 1.5024, 3.4945 1.8185 1.5968, 3.5144 1.8288 1.6885, 3.5531 1.849 1.7722, 3.6084 1.8777 1.8431, 1.2993 3.7886 1.3271, 0.8808 3.9071 1.3271, 0.8712 3.8645 1.4108, 3.3316 -2.2249 1.3271, 3.2953 -2.2006 1.6885, 3.5144 -1.8304 1.6885, 3.2766 -2.1882 1.5968, 3.4945 -1.82 1.5968, 3.2766 -2.1882 1.5024, 3.4945 -1.82 1.5024, 3.2953 -2.2006 1.4108, 3.5144 -1.8304 1.4108, 3.5531 -1.8505 1.3271, 3.0708 -2.573 1.3271, 3.0374 -2.545 1.6885, 3.0202 -2.5306 1.5968, 3.0202 -2.5306 1.5024, 3.0374 -2.545 1.4108, 2.7738 -2.8908 1.3271, 2.7436 -2.8593 1.6885, 2.7281 -2.8431 1.5968, 2.7281 -2.8431 1.5024, 2.7436 -2.8593 1.4108, 2.4441 -3.1745 1.3271, 2.4175 -3.14 1.6885, 2.4038 -3.1222 1.5968, 2.4038 -3.1222 1.5024, 2.4175 -3.14 1.4108, 2.0856 -3.4209 1.3271, 2.0629 -3.3836 1.6885, 2.0512 -3.3644 1.5968, 2.0512 -3.3644 1.5024, 2.0629 -3.3836 1.4108, 1.7025 -3.6268 1.3271, 1.6839 -3.5873 1.6885, 1.6744 -3.567 1.5968, 1.6744 -3.567 1.5024, 1.6839 -3.5873 1.4108, 1.2993 -3.7901 1.3271, 1.2851 -3.7488 1.6885, 1.2778 -3.7276 1.5968, 1.2778 -3.7276 1.5024, 1.2851 -3.7488 1.4108, 0.8808 -3.9086 1.3271, 0.8712 -3.8661 1.6885, 0.8662 -3.8442 1.5968, 0.8662 -3.8442 1.5024, 0.8712 -3.8661 1.4108, 0.4519 -3.9811 1.3271, 0.4469 -3.9378 1.6885, 0.4444 -3.9154 1.5968, 0.4444 -3.9154 1.5024, 0.4469 -3.9378 1.4108, 0.0176 -4.0067 1.3271, 0.0174 -3.963 1.6885, 0.0173 -3.9406 1.5968, 0.0173 -3.9406 1.5024, 0.0174 -3.963 1.4108, -0.4168 -3.985 1.3271, -0.4123 -3.9416 1.6885, -0.4099 -3.9192 1.5968, -0.4099 -3.9192 1.5024, -0.4123 -3.9416 1.4108, -0.8463 -3.9163 1.3271, -0.8371 -3.8737 1.6885, -0.8324 -3.8517 1.5968, -0.8324 -3.8517 1.5024, -0.8371 -3.8737 1.4108, -1.2659 -3.8015 1.3271, -1.2521 -3.7601 1.6885, -1.245 -3.7388 1.5968, -1.245 -3.7388 1.5024, -1.2521 -3.7601 1.4108, -1.6705 -3.6419 1.3271, -1.6523 -3.6022 1.6885, -1.643 -3.5818 1.5968, -1.643 -3.5818 1.5024, -1.6523 -3.6022 1.4108, -2.0555 -3.4393 1.3271, -2.0331 -3.4018 1.6885, -2.0215 -3.3826 1.5968, -2.0215 -3.3826 1.5024, -2.0331 -3.4018 1.4108, -2.4162 -3.1962 1.3271, -2.3898 -3.1614 1.6885, -2.3763 -3.1435 1.5968, -2.3763 -3.1435 1.5024, -2.3898 -3.1614 1.4108, -2.7484 -2.9154 1.3271, -2.7184 -2.8836 1.6885, -2.703 -2.8673 1.5968, -2.703 -2.8673 1.5024, -2.7184 -2.8836 1.4108, -3.0482 -2.6002 1.3271, -3.015 -2.5719 1.6885, -2.9979 -2.5574 1.5968, -2.9979 -2.5574 1.5024, -3.015 -2.5719 1.4108, -3.3121 -2.2544 1.3271, -3.276 -2.2299 1.6885, -3.2574 -2.2173 1.5968, -3.2574 -2.2173 1.5024, -3.276 -2.2299 1.4108, -3.5369 -1.8821 1.3271, -3.4984 -1.8616 1.6885, -3.4785 -1.851 1.5968, -3.4785 -1.851 1.5024, -3.4984 -1.8616 1.4108, -3.72 -1.4875 1.3271, -3.6795 -1.4713 1.6885, -3.6587 -1.463 1.5968, -3.6587 -1.463 1.5024, -3.6795 -1.4713 1.4108, -3.8593 -1.0754 1.3271, -3.8173 -1.0637 1.6885, -3.7956 -1.0577 1.5968, -3.7956 -1.0577 1.5024, -3.8173 -1.0637 1.4108, -3.9531 -0.6507 1.3271, -3.91 -0.6436 1.6885, -3.8878 -0.64 1.5968, -3.8878 -0.64 1.5024, -3.91 -0.6436 1.4108, -4.0002 -0.2183 1.3271, -3.9567 -0.2159 1.6885, -3.9342 -0.2147 1.5968, -3.9342 -0.2147 1.5024, -3.9567 -0.2159 1.4108, -3.9567 0.2144 1.6885, -3.9342 0.2131 1.5968, -3.9342 0.2131 1.5024, -3.9567 0.2144 1.4108, -3.91 0.6421 1.6885, -3.8878 0.6384 1.5968, -3.8878 0.6384 1.5024, -3.91 0.6421 1.4108, -3.8173 1.0622 1.6885, -3.7956 1.0562 1.5968, -3.7956 1.0562 1.5024, -3.8173 1.0622 1.4108, -3.6795 1.4698 1.6885, -3.6587 1.4615 1.5968, -3.6587 1.4615 1.5024, -3.6795 1.4698 1.4108, -3.4984 1.8601 1.6885, -3.4785 1.8495 1.5968, -3.4785 1.8495 1.5024, -3.4984 1.8601 1.4108, -3.276 2.2284 1.6885, -3.2574 2.2157 1.5968, -3.2574 2.2157 1.5024, -3.276 2.2284 1.4108, -3.015 2.5704 1.6885, -2.9979 2.5558 1.5968, -2.9979 2.5558 1.5024, -3.015 2.5704 1.4108, -2.7184 2.8821 1.6885, -2.703 2.8658 1.5968, -2.703 2.8658 1.5024, -2.7184 2.8821 1.4108, -2.3898 3.1599 1.6885, -2.3763 3.1419 1.5968, -2.3763 3.1419 1.5024, -2.3898 3.1599 1.4108, -2.0331 3.4003 1.6885, -2.0215 3.381 1.5968, -2.0215 3.381 1.5024, -2.0331 3.4003 1.4108, -1.6523 3.6007 1.6885, -1.643 3.5803 1.5968, -1.643 3.5803 1.5024, -1.6523 3.6007 1.4108, -1.2521 3.7586 1.6885, -1.245 3.7373 1.5968, -1.245 3.7373 1.5024, -1.2521 3.7586 1.4108, -0.8371 3.8721 1.6885, -0.8324 3.8502 1.5968, -0.8324 3.8502 1.5024, -0.8371 3.8721 1.4108, -0.4123 3.9401 1.6885, -0.4099 3.9177 1.5968, -0.4099 3.9177 1.5024, -0.4123 3.9401 1.4108, 0.0173 3.939 1.5968, 0.0173 3.939 1.5024, 0.0174 3.9615 1.4108, 0.4444 3.9139 1.5024, 0.4469 3.9362 1.4108, 1.7025 3.6253 1.3271, 1.2851 3.7473 1.4108, 0.8662 3.8426 1.5024, 0.4444 3.9139 1.5968, 0.0174 3.9615 1.6885, 1.6839 3.5858 1.4108, 1.2778 3.726 1.5024, 0.8662 3.8426 1.5968, 0.4469 3.9362 1.6885, 2.0629 3.3821 1.4108, 1.6744 3.5655 1.5024, 1.2778 3.726 1.5968, 0.8712 3.8645 1.6885, 2.4175 3.1384 1.4108, 2.0512 3.3629 1.5024, 1.6744 3.5655 1.5968, 1.2851 3.7473 1.6885, 2.7436 2.8578 1.4108, 2.4038 3.1207 1.5024, 2.0512 3.3629 1.5968, 1.6839 3.5858 1.6885, 3.0374 2.5435 1.4108, 2.7281 2.8416 1.5024, 2.4038 3.1207 1.5968, 2.0629 3.3821 1.6885, 3.2153 2.6688 1.9656, 2.9134 2.9953 1.9656, 2.5785 3.288 1.9656, 2.2144 3.5434 1.9656, 1.8253 3.7586 1.9656, 1.4154 3.9313 1.9656, 0.9896 4.0595 1.9656, 0.5525 4.1417 1.9656, 0.1092 4.177 1.9656, -0.3354 4.165 1.9656, -0.7761 4.1057 1.9656, -1.2081 4.0 1.9656, -1.6264 3.849 1.9656, -2.0263 3.6544 1.9656, -2.4032 3.4184 1.9656, -2.753 3.1437 1.9656, -3.0715 2.8334 1.9656, -3.3553 2.491 1.9656, -3.6011 2.1203 1.9656, -3.8061 1.7257 1.9656, -3.968 1.3115 1.9656, -4.085 0.8824 1.9656, -4.1557 0.4433 1.9656, -3.968 -1.313 1.9656, -3.8061 -1.7272 1.9656, -3.6011 -2.1219 1.9656, -3.3553 -2.4925 1.9656, -3.0715 -2.8349 1.9656, -2.753 -3.1452 1.9656, -2.4032 -3.42 1.9656, -2.0263 -3.656 1.9656, -1.6264 -3.8506 1.9656, -1.2081 -4.0016 1.9656, -0.7761 -4.1073 1.9656, -0.3354 -4.1665 1.9656, 0.1092 -4.1785 1.9656, 0.5525 -4.1432 1.9656, 0.9896 -4.061 1.9656, 1.4154 -3.9329 1.9656, 1.8253 -3.7602 1.9656, 2.2144 -3.5449 1.9656, 2.5785 -3.2895 1.9656, 2.9134 -2.9969 1.9656, 3.2153 -2.6703 1.9656, 3.4807 -2.3135 1.9656, 3.2791 -2.7233 2.1085, 3.3185 -2.756 2.2656, 3.0069 -3.0931 2.2656, 3.5 2.5396 2.43, 3.6069 2.3958 2.43, 3.5925 2.3862 2.2656, 2.6092 3.4513 2.43, 2.672 3.4072 2.43, 2.6613 3.3936 2.2656, 2.0707 3.7958 2.43, 2.2947 3.6719 2.43, 2.2855 3.6572 2.2656, 1.4904 4.064 2.43, 1.8915 3.895 2.43, 1.8839 3.8794 2.2656, 0.8745 4.2351 2.43, 1.0255 4.2067 2.43, 1.0214 4.1899 2.2656, -0.3982 4.3092 2.43, -0.3475 4.316 2.43, -0.3461 4.2987 2.2656, -1.0281 4.1999 2.43, -0.8043 4.2546 2.43, -0.801 4.2376 2.2656, -1.6372 4.006 2.43, -1.2519 4.1451 2.43, -1.2469 4.1285 2.2656, -2.2082 3.719 2.43, -2.0998 3.787 2.43, -2.0914 3.7718 2.2656, -3.1992 2.9165 2.43, -3.1829 2.9361 2.43, -3.1702 2.9244 2.2656, -3.5902 2.4106 2.43, -3.477 2.5813 2.43, -3.463 2.571 2.2656, -4.1388 1.2603 2.43, -4.1119 1.359 2.43, -4.0954 1.3536 2.2656, -4.2779 -0.6379 2.43, -4.3064 -0.461 2.43, -4.2891 -0.4591 2.2656, -4.1388 -1.2618 2.43, -4.2331 -0.9159 2.43, -4.2161 -0.9123 2.2656, -3.9283 -1.7826 2.2656, -3.9441 -1.7898 2.43, -4.1119 -1.3606 2.43, -3.9087 -1.8579 2.43, -2.2082 -3.7206 2.43, -2.4904 -3.5439 2.43, -2.4804 -3.5297 2.2656, -1.6786 -3.9742 2.2656, -1.6854 -3.9901 2.43, -2.0998 -3.7885 2.43, -1.6372 -4.0075 2.43, 0.8745 -4.2366 2.43, 0.5726 -4.2934 2.43, 0.5703 -4.2762 2.2656, 1.4609 -4.0591 2.2656, 1.4668 -4.0754 2.43, 1.0255 -4.2083 2.43, 1.4904 -4.0655 2.43, 2.6092 -3.4528 2.43, 2.2947 -3.6734 2.43, 2.2855 -3.6587 2.2656, 3.019 -3.1055 2.43, 2.672 -3.4087 2.43, 3.5 -2.5411 2.43, 3.3318 -2.7671 2.43, 3.0885 -3.0303 2.43, 2.6613 -3.3951 2.2656, 2.0707 -3.7973 2.43, 1.8839 -3.8809 2.2656, 1.8915 -3.8965 2.43, 1.0214 -4.1914 2.2656, 0.2407 -4.3198 2.43, 0.1127 -4.3127 2.2656, 0.1132 -4.33 2.43, -0.3475 -4.3175 2.43, -0.3461 -4.3002 2.2656, -0.3982 -4.3107 2.43, -0.8043 -4.2562 2.43, -0.801 -4.2391 2.2656, -1.0281 -4.2014 2.43, -1.2519 -4.1466 2.43, -1.2469 -4.13 2.2656, -2.0914 -3.7733 2.2656, -2.732 -3.3541 2.43, -2.8414 -3.2462 2.2656, -2.8528 -3.2593 2.43, -3.1829 -2.9377 2.43, -3.1702 -2.9259 2.2656, -3.1992 -2.918 2.43, -3.477 -2.5828 2.43, -3.463 -2.5725 2.2656, -3.5902 -2.4121 2.43, -3.7317 -2.1988 2.43, -3.7167 -2.19 2.2656, -4.0954 -1.3551 2.2656, -4.2331 0.9144 2.43, -3.7317 2.1972 2.43, -2.4904 3.5424 2.43, 0.5726 4.2919 2.43, 3.3318 2.7656 2.43, 3.6069 -2.3973 2.43, 3.5925 -2.3877 2.2656, 3.5498 -2.3594 2.1085, -4.2382 -0.4537 2.1085, -4.1557 -0.4449 1.9656, -4.085 -0.8839 1.9656, 3.8412 -2.0005 2.43, 3.8258 -1.9925 2.2656, 3.7803 -1.9688 2.1085, 3.7068 -1.9305 1.9656, 2.9712 -3.0563 2.1085, 2.6297 -3.3548 2.1085, 2.2584 -3.6152 2.1085, 1.8615 -3.8348 2.1085, 1.4435 -4.0109 2.1085, 1.0092 -4.1416 2.1085, 0.5635 -4.2254 2.1085, 0.1114 -4.2614 2.1085, -0.342 -4.2491 2.1085, -0.7915 -4.1888 2.1085, -1.2321 -4.081 2.1085, -1.6587 -3.927 2.1085, -2.0665 -3.7285 2.1085, -2.4509 -3.4878 2.1085, -2.8076 -3.2076 2.1085, -3.1325 -2.8911 2.1085, -3.4219 -2.5419 2.1085, -3.6725 -2.1639 2.1085, -3.8816 -1.7615 2.1085, -4.0467 -1.339 2.1085, -4.166 -0.9015 2.1085, -4.1794 -0.0008 1.9656, -4.2623 -0.0008 2.1085, -4.3136 -0.0008 2.2656, -4.3309 -0.0008 2.43, -4.2382 0.4521 2.1085, -4.2891 0.4576 2.2656, -4.3064 0.4594 2.43, -4.166 0.8999 2.1085, -4.2161 0.9108 2.2656, -4.2779 0.6364 2.43, -4.0467 1.3375 2.1085, -3.8816 1.7599 2.1085, -3.9283 1.7811 2.2656, -3.9441 1.7883 2.43, -3.6725 2.1624 2.1085, -3.7167 2.1884 2.2656, -3.9087 1.8564 2.43, -3.4219 2.5404 2.1085, -3.1325 2.8896 2.1085, -2.8076 3.2061 2.1085, -2.8414 3.2447 2.2656, -2.8528 3.2577 2.43, -2.4509 3.4863 2.1085, -2.4804 3.5282 2.2656, -2.732 3.3526 2.43, -2.0665 3.727 2.1085, -1.6587 3.9254 2.1085, -1.6786 3.9726 2.2656, -1.6854 3.9886 2.43, -1.2321 4.0794 2.1085, -0.7915 4.1872 2.1085, -0.342 4.2476 2.1085, 0.1114 4.2599 2.1085, 0.1127 4.3111 2.2656, 0.1132 4.3285 2.43, 0.5635 4.2239 2.1085, 0.5703 4.2747 2.2656, 0.2407 4.3183 2.43, 1.0092 4.1401 2.1085, 1.4435 4.0094 2.1085, 1.4609 4.0576 2.2656, 1.4668 4.0739 2.43, 1.8615 3.8332 2.1085, 2.2584 3.6137 2.1085, 2.6297 3.3532 2.1085, 2.9712 3.0548 2.1085, 3.0069 3.0915 2.2656, 3.019 3.104 2.43, 3.2791 2.7217 2.1085, 3.3185 2.7545 2.2656, 3.0885 3.0288 2.43, 3.4807 2.312 1.9656, 3.5498 2.3578 2.1085, 3.8412 1.9989 2.43, 3.8258 1.9909 2.2656, 3.7803 1.9673 2.1085, 3.7068 1.929 1.9656, 3.0885 3.0288 13.189, 3.019 3.104 13.189, 3.005 3.0895 13.3418, 2.6092 3.4513 13.189, 2.2947 3.6719 13.189, 2.2841 3.6548 13.3418, 1.4904 4.064 13.189, 1.4668 4.0739 13.189, 1.46 4.055 13.3418, 0.8745 4.2351 13.189, 0.5726 4.2919 13.189, 0.5699 4.272 13.3418, -0.3982 4.3092 13.189, -0.8043 4.2546 13.189, -0.8005 4.2349 13.3418, -1.6372 4.006 13.189, -1.6854 3.9886 13.189, -1.6775 3.9701 13.3418, -2.2082 3.719 13.189, -2.4904 3.5424 13.189, -2.4788 3.5259 13.3418, -3.1992 2.9165 13.189, -3.477 2.5813 13.189, -3.4608 2.5693 13.3418, -3.5902 2.4106 13.189, -3.7317 2.1972 13.189, -3.7143 2.187 13.3418, -3.9087 1.8564 13.189, -3.9441 1.7883 13.189, -3.9258 1.78 13.3418, -4.1388 1.2603 13.189, -4.2331 0.9144 13.189, -4.2134 0.9102 13.3418, -4.2779 -0.6379 13.189, -4.2331 -0.9159 13.189, -4.2134 -0.9117 13.3418, -3.9087 -1.8579 13.189, -3.7317 -2.1988 13.189, -3.7143 -2.1886 13.3418, -3.1992 -2.918 13.189, -3.1829 -2.9377 13.189, -3.1681 -2.924 13.3418, -2.732 -3.3541 13.189, -2.4904 -3.5439 13.189, -2.4788 -3.5275 13.3418, -1.6372 -4.0075 13.189, -1.2519 -4.1466 13.189, -1.2461 -4.1274 13.3418, -0.3982 -4.3107 13.189, -0.3475 -4.3175 13.189, -0.3459 -4.2975 13.3418, 0.2407 -4.3198 13.189, 0.5726 -4.2934 13.189, 0.5699 -4.2735 13.3418, 1.4904 -4.0655 13.189, 1.8915 -3.8965 13.189, 1.8827 -3.8784 13.3418, 2.0707 -3.7973 13.189, 2.2947 -3.6734 13.189, 2.2841 -3.6563 13.3418, 2.6092 -3.4528 13.189, 2.672 -3.4087 13.189, 2.6596 -3.3929 13.3418, 3.0885 -3.0303 13.189, 3.3318 -2.7671 13.189, 3.3164 -2.7542 13.3418, 2.9639 3.0472 13.4843, 3.271 2.715 13.4843, 3.6627 1.906 13.633, 3.6878 1.9191 13.6066, 3.4629 2.3001 13.6066, 3.1151 2.069 13.7795, 3.3174 1.7262 13.7795, 3.2424 2.1536 13.7594, 3.4529 1.7968 13.7594, 3.361 2.2324 13.7004, 3.3174 -1.7278 13.7795, 3.1151 -2.0705 13.7795, 3.4529 -1.7984 13.7594, 3.2424 -2.1551 13.7594, 3.5793 -1.8641 13.7004, 3.361 -2.2339 13.7004, 3.6084 -1.8793 13.68, 3.4629 -2.3016 13.6066, 3.6362 -1.8938 13.6575, 3.6627 -1.9076 13.633, 2.6073 2.6806 13.7795, 2.8775 2.3883 13.7795, 2.7139 2.7902 13.7594, 2.9951 2.486 13.7594, 2.8132 2.8923 13.7004, 3.1047 2.5769 13.7004, 2.8984 2.98 13.6066, 3.1988 2.6551 13.6066, 3.5793 1.8626 13.7004, 3.6084 1.8777 13.68, 3.6362 1.8922 13.6575, 3.7112 -1.9328 13.5784, 3.6997 -1.9268 13.5927, 3.6878 -1.9206 13.6066, 3.7329 -1.9441 13.5485, 3.541 -2.3536 13.4843, 3.771 -1.9639 13.4843, 3.6997 1.9253 13.5927, 3.7112 1.9313 13.5784, 3.7329 1.9426 13.5485, 3.541 2.352 13.4843, 3.5902 -2.3862 13.3418, 3.8013 -1.9797 13.415, 3.7872 -1.9723 13.4502, 2.8775 -2.3899 13.7795, 2.9951 -2.4875 13.7594, 3.1047 -2.5785 13.7004, 3.1988 -2.6566 13.6066, 3.271 -2.7165 13.4843, 0.8856 -3.6345 13.7795, 0.4945 -3.7081 13.7795, 0.9218 -3.783 13.7594, 0.5147 -3.8596 13.7594, 0.9555 -3.9214 13.7004, 0.5335 -4.0007 13.7004, 0.9845 -4.0402 13.6066, 0.5497 -4.122 13.6066, 1.0067 -4.1314 13.4843, 0.5621 -4.215 13.4843, 1.0207 -4.1887 13.3418, -0.6946 -3.6759 13.7795, -1.0812 -3.5813 13.7795, -0.723 -3.8261 13.7594, -1.1254 -3.7276 13.7594, -0.7494 -3.966 13.7004, -1.1666 -3.864 13.7004, -0.7722 -4.0862 13.6066, -1.2019 -3.981 13.6066, -0.7896 -4.1784 13.4843, -1.229 -4.0709 13.4843, -0.8005 -4.2364 13.3418, -1.8135 -3.272 13.7795, -2.1508 -3.0608 13.7795, -1.8876 -3.4057 13.7594, -2.2387 -3.1858 13.7594, -1.9566 -3.5302 13.7004, -2.3206 -3.3024 13.7004, -2.0159 -3.6372 13.6066, -2.3909 -3.4024 13.6066, -2.0614 -3.7193 13.4843, -2.4449 -3.4792 13.4843, -2.09 -3.7709 13.3418, -3.0029 -2.2307 13.7795, -3.2228 -1.899 13.7795, -3.1256 -2.3219 13.7594, -3.3545 -1.9766 13.7594, -3.2399 -2.4068 13.7004, -3.4772 -2.0489 13.7004, -3.3381 -2.4797 13.6066, -3.5826 -2.111 13.6066, -3.4134 -2.5357 13.4843, -3.6635 -2.1586 13.4843, -3.4608 -2.5708 13.3418, -3.5512 -1.1751 13.7795, -3.6559 -0.7912 13.7795, -3.6963 -1.2231 13.7594, -3.8053 -0.8235 13.7594, -3.8315 -1.2679 13.7004, -3.9445 -0.8536 13.7004, -3.9477 -1.3063 13.6066, -4.064 -0.8794 13.6066, -4.0368 -1.3357 13.4843, -4.1558 -0.8992 13.4843, -4.0928 -1.3543 13.3418, -3.7192 0.3967 13.7795, -3.6559 0.7896 13.7795, -3.8712 0.4129 13.7594, -3.8053 0.8219 13.7594, -4.0128 0.4281 13.7004, -3.9445 0.852 13.7004, -4.1344 0.4411 13.6066, -4.064 0.8779 13.6066, -4.2277 0.451 13.4843, -4.1558 0.8977 13.4843, -4.2864 0.4573 13.3418, -2.4638 2.8134 13.7795, -2.1508 3.0592 13.7795, -2.5645 2.9284 13.7594, -2.2387 3.1843 13.7594, -2.6583 3.0356 13.7004, -2.3206 3.3008 13.7004, -2.7389 3.1276 13.6066, -2.3909 3.4009 13.6066, -2.8007 3.1982 13.4843, -2.4449 3.4777 13.4843, -2.8395 3.2426 13.3418, -1.0812 3.5798 13.7795, -0.6946 3.6744 13.7795, -1.1254 3.7261 13.7594, -0.723 3.8246 13.7594, -1.1666 3.8624 13.7004, -0.7494 3.9645 13.7004, -1.2019 3.9795 13.6066, -0.7722 4.0847 13.6066, -1.229 4.0694 13.4843, -0.7896 4.1769 13.4843, -1.2461 4.1258 13.3418, 0.0977 3.7381 13.7795, 0.4945 3.7065 13.7795, 0.1017 3.8909 13.7594, 0.5147 3.858 13.7594, 0.1054 4.0333 13.7004, 0.5335 3.9992 13.7004, 0.1086 4.1556 13.6066, 0.5497 4.1205 13.6066, 0.1111 4.2494 13.4843, 0.5621 4.2135 13.4843, 0.1126 4.3083 13.3418, 1.6335 3.3637 13.7795, 1.9818 3.1711 13.7795, 1.7003 3.5012 13.7594, 2.0628 3.3007 13.7594, 1.7625 3.6293 13.7004, 2.1383 3.4215 13.7004, 1.8159 3.7394 13.6066, 2.2031 3.5252 13.6066, 1.8569 3.8238 13.4843, 2.2528 3.6048 13.4843, 1.8827 3.8769 13.3418, 3.771 1.9624 13.4843, 3.7872 1.9708 13.4502, 3.8013 1.9782 13.415, 3.3164 2.7527 13.3418, 3.5902 2.3847 13.3418, 3.8233 1.9896 13.3418, 3.6069 -2.3973 13.189, 3.8412 -2.0005 13.189, 3.8233 -1.9912 13.3418, 3.5 -2.5411 13.189, 3.019 -3.1055 13.189, 3.005 -3.0911 13.3418, 2.9639 -3.0488 13.4843, 2.8984 -2.9815 13.6066, 2.8132 -2.8938 13.7004, 2.7139 -2.7917 13.7594, 2.6073 -2.6821 13.7795, 2.3076 -2.944 13.7795, 2.4019 -3.0643 13.7594, 2.4898 -3.1764 13.7004, 2.5653 -3.2726 13.6066, 2.6232 -3.3465 13.4843, 2.2528 -3.6063 13.4843, 2.2031 -3.5267 13.6066, 2.1383 -3.423 13.7004, 2.0628 -3.3022 13.7594, 1.9818 -3.1726 13.7795, 1.8569 -3.8253 13.4843, 1.8159 -3.7409 13.6066, 1.7625 -3.6309 13.7004, 1.7003 -3.5027 13.7594, 1.6335 -3.3653 13.7795, 1.4668 -4.0754 13.189, 1.46 -4.0565 13.3418, 1.44 -4.001 13.4843, 1.4082 -3.9127 13.6066, 1.3668 -3.7976 13.7004, 1.3185 -3.6636 13.7594, 1.2667 -3.5198 13.7795, 1.0255 -4.2083 13.189, 0.8745 -4.2366 13.189, 0.1132 -4.33 13.189, 0.1126 -4.3099 13.3418, 0.1111 -4.2509 13.4843, 0.1086 -4.1571 13.6066, 0.1054 -4.0348 13.7004, 0.1017 -3.8924 13.7594, 0.0977 -3.7396 13.7795, -0.3002 -3.7289 13.7795, -0.3124 -3.8812 13.7594, -0.3238 -4.0232 13.7004, -0.3336 -4.1451 13.6066, -0.3412 -4.2387 13.4843, -0.8043 -4.2562 13.189, -1.0281 -4.2014 13.189, -1.6854 -3.9901 13.189, -1.6775 -3.9716 13.3418, -1.6546 -3.9173 13.4843, -1.6181 -3.8308 13.6066, -1.5705 -3.7181 13.7004, -1.5151 -3.5869 13.7594, -1.4556 -3.4461 13.7795, -2.0998 -3.7885 13.189, -2.2082 -3.7206 13.189, -2.8528 -3.2593 13.189, -2.8395 -3.2441 13.3418, -2.8007 -3.1997 13.4843, -2.7389 -3.1291 13.6066, -2.6583 -3.0371 13.7004, -2.5645 -2.9299 13.7594, -2.4638 -2.8149 13.7795, -2.7489 -2.5372 13.7795, -2.8612 -2.6408 13.7594, -2.9659 -2.7374 13.7004, -3.0558 -2.8204 13.6066, -3.1248 -2.884 13.4843, -3.477 -2.5828 13.189, -3.5902 -2.4121 13.189, -3.9441 -1.7898 13.189, -3.9258 -1.7815 13.3418, -3.8721 -1.7571 13.4843, -3.7866 -1.7183 13.6066, -3.6752 -1.6678 13.7004, -3.5455 -1.609 13.7594, -3.4063 -1.5458 13.7795, -4.1119 -1.3606 13.189, -4.1388 -1.2618 13.189, -4.3064 -0.461 13.189, -4.2864 -0.4588 13.3418, -4.2277 -0.4526 13.4843, -4.1344 -0.4426 13.6066, -4.0128 -0.4296 13.7004, -3.8712 -0.4144 13.7594, -3.7192 -0.3982 13.7795, -3.7404 -0.0008 13.7795, -3.8932 -0.0008 13.7594, -4.0356 -0.0008 13.7004, -4.1579 -0.0008 13.6066, -4.2518 -0.0008 13.4843, -4.3108 -0.0008 13.3418, -4.3309 -0.0008 13.189, -4.3064 0.4594 13.189, -4.2779 0.6364 13.189, -4.1119 1.359 13.189, -4.0928 1.3527 13.3418, -4.0368 1.3342 13.4843, -3.9477 1.3047 13.6066, -3.8315 1.2663 13.7004, -3.6963 1.2216 13.7594, -3.5512 1.1736 13.7795, -3.4063 1.5443 13.7795, -3.5455 1.6075 13.7594, -3.6752 1.6663 13.7004, -3.7866 1.7168 13.6066, -3.8721 1.7556 13.4843, -3.6635 2.1571 13.4843, -3.5826 2.1094 13.6066, -3.4772 2.0474 13.7004, -3.3545 1.9751 13.7594, -3.2228 1.8975 13.7795, -3.4134 2.5341 13.4843, -3.3381 2.4782 13.6066, -3.2399 2.4053 13.7004, -3.1256 2.3203 13.7594, -3.0029 2.2292 13.7795, -3.1829 2.9361 13.189, -3.1681 2.9225 13.3418, -3.1248 2.8825 13.4843, -3.0558 2.8188 13.6066, -2.9659 2.7359 13.7004, -2.8612 2.6393 13.7594, -2.7489 2.5357 13.7795, -2.8528 3.2577 13.189, -2.732 3.3526 13.189, -2.0998 3.787 13.189, -2.09 3.7694 13.3418, -2.0614 3.7178 13.4843, -2.0159 3.6357 13.6066, -1.9566 3.5287 13.7004, -1.8876 3.4041 13.7594, -1.8135 3.2705 13.7795, -1.4556 3.4446 13.7795, -1.5151 3.5854 13.7594, -1.5705 3.7166 13.7004, -1.6181 3.8293 13.6066, -1.6546 3.9157 13.4843, -1.2519 4.1451 13.189, -1.0281 4.1999 13.189, -0.3475 4.316 13.189, -0.3459 4.2959 13.3418, -0.3412 4.2371 13.4843, -0.3336 4.1436 13.6066, -0.3238 4.0217 13.7004, -0.3124 3.8797 13.7594, -0.3002 3.7273 13.7795, 0.1132 4.3285 13.189, 0.2407 4.3183 13.189, 1.0255 4.2067 13.189, 1.0207 4.1872 13.3418, 1.0067 4.1299 13.4843, 0.9845 4.0387 13.6066, 0.9555 3.9199 13.7004, 0.9218 3.7815 13.7594, 0.8856 3.633 13.7795, 1.2667 3.5183 13.7795, 1.3185 3.6621 13.7594, 1.3668 3.7961 13.7004, 1.4082 3.9112 13.6066, 1.44 3.9995 13.4843, 1.8915 3.895 13.189, 2.0707 3.7958 13.189, 2.672 3.4072 13.189, 2.6596 3.3914 13.3418, 2.6232 3.345 13.4843, 2.5653 3.2711 13.6066, 2.4898 3.1749 13.7004, 2.4019 3.0628 13.7594, 2.3076 2.9425 13.7795, 3.3318 2.7656 13.189, 3.5 2.5396 13.189, 3.6069 2.3958 13.189, 3.8412 1.9989 13.189, -3.1498 -0.0008 13.7795, -3.102 -0.5477 13.7795, -2.9599 -1.078 13.7795, -2.7278 1.574 13.7795, -2.9599 1.0765 13.7795, -3.102 0.5462 13.7795, -2.4129 2.0238 13.7795, -1.575 2.7269 13.7795, -2.0247 2.412 13.7795, -0.5471 3.101 13.7795, -1.0774 2.9589 13.7795, -0.5471 -3.1025 13.7795, -0.0002 -3.1504 13.7795, 0.5467 -3.1025 13.7795, -2.7278 -1.5756 13.7795, -0.0002 3.1488 13.7795, 1.077 2.9589 13.7795, 0.5467 3.101 13.7795, 2.4125 -2.0253 13.7795, 2.7274 -1.5756 13.7795, 2.7935 -1.4551 13.7795, 2.0243 -2.4135 13.7795, 1.077 -2.9604 13.7795, 1.5746 -2.7284 13.7795, -1.0774 -2.9604 13.7795, -2.0247 -2.4135 13.7795, -1.575 -2.7284 13.7795, -2.4129 -2.0253 13.7795, 1.5746 2.7269 13.7795, 2.4125 2.0238 13.7795, 2.0243 2.412 13.7795, 2.7935 1.4536 13.7795, 2.7274 1.574 13.7795, 2.7274 -1.5756 13.7012, 2.4125 -2.0253 13.7012, 2.7935 -1.4551 13.7799, 2.9595 -1.078 13.7799, 2.0243 -2.4135 13.7012, 1.6086 -2.7085 13.7012, 1.5746 -2.7284 13.7012, 1.5404 -2.7479 13.7012, 1.077 -2.9604 13.7012, 0.5467 -3.1025 13.7012, -0.0002 -3.1504 13.7012, -0.5471 -3.1025 13.7012, -1.0774 -2.9604 13.7012, -1.575 -2.7284 13.7012, -2.0247 -2.4135 13.7012, -2.4129 -2.0253 13.7012, -2.7278 -1.5756 13.7012, -2.9599 -1.078 13.7012, -3.102 -0.5477 13.7012, -3.1496 -0.0401 13.7012, -3.1498 -0.0008 13.7012, -3.1496 0.0386 13.7012, -3.102 0.5462 13.7012, -2.9599 1.0765 13.7012, -2.7278 1.574 13.7012, -2.4129 2.0238 13.7012, -2.0247 2.412 13.7012, -1.575 2.7269 13.7012, -1.0774 2.9589 13.7012, -0.5471 3.101 13.7012, -0.0002 3.1488 13.7012, 0.5467 3.101 13.7012, 1.077 2.9589 13.7012, 1.5404 2.7463 13.7012, 1.5746 2.7269 13.7012, 1.6086 2.707 13.7012, 2.0243 2.412 13.7012, 2.4125 2.0238 13.7012, 2.7274 1.574 13.7012, 2.9595 1.0765 13.7012, 2.7935 1.4536 13.7799, 2.9595 -1.078 13.7012, 3.1016 -0.5477 13.7012, 3.1016 -0.5477 13.7799, 3.1494 -0.0008 13.7012, 3.1494 -0.0008 13.7799, 3.1016 0.5462 13.7012, 3.1016 0.5462 13.7799, 2.9595 1.0765 13.7799, 2.1388 -0.0992 0.0787, 2.1585 -0.0517 0.0787, 3.1016 -0.5477 0.0787, 1.8699 0.1697 0.0787, 1.8291 0.1384 0.0787, -1.7786 -0.0517 0.0787, -3.102 -0.5477 0.0787, -3.1498 -0.0008 0.0787, -2.1656 -0.0008 0.0787, -2.1588 0.0502 0.0787, -3.102 0.5462 0.0787, -2.1392 0.0977 0.0787, 1.7978 0.0977 0.0787, 1.7782 0.0502 0.0787, -1.7982 -0.0992 0.0787, 1.7715 -0.0008 0.0787, -1.8295 -0.14 0.0787, -1.8703 -0.1712 0.0787, -2.1588 -0.0517 0.0787, -2.1392 -0.0992 0.0787, -2.9599 -1.078 0.0787, -2.1079 -0.14 0.0787, -2.7278 -1.5756 0.0787, -2.0671 -0.1712 0.0787, -2.4129 -2.0253 0.0787, -2.0196 -0.1909 0.0787, 1.7782 -0.0517 0.0787, -1.9687 -0.1976 0.0787, -1.9178 -0.1909 0.0787, 3.1494 -0.0008 0.0787, 2.1652 -0.0008 0.0787, 3.1016 0.5462 0.0787, 1.077 2.9589 0.0787, 1.5746 2.7269 0.0787, -1.8295 0.1384 0.0787, -1.7982 0.0977 0.0787, 0.5467 3.101 0.0787, -1.8703 0.1697 0.0787, -0.0002 3.1488 0.0787, -1.7719 -0.0008 0.0787, 1.9683 0.1961 0.0787, 1.9174 0.1894 0.0787, 2.0243 2.412 0.0787, 2.4125 2.0238 0.0787, -1.7786 0.0502 0.0787, 2.7274 1.574 0.0787, 2.9595 1.0765 0.0787, -1.9178 0.1894 0.0787, -1.0774 2.9589 0.0787, -0.5471 3.101 0.0787, -2.0247 -2.4135 0.0787, 1.7978 -0.0992 0.0787, -1.575 -2.7284 0.0787, 1.8291 -0.14 0.0787, -1.0774 -2.9604 0.0787, -0.5471 -3.1025 0.0787, 1.8699 -0.1712 0.0787, -0.0002 -3.1504 0.0787, 2.1585 0.0502 0.0787, 2.1388 0.0977 0.0787, 2.1075 0.1384 0.0787, 2.0667 0.1697 0.0787, -2.1079 0.1384 0.0787, -2.9599 1.0765 0.0787, -2.0671 0.1697 0.0787, -2.7278 1.574 0.0787, -2.0196 0.1894 0.0787, -2.4129 2.0238 0.0787, -1.9687 0.1961 0.0787, -2.0247 2.412 0.0787, -1.575 2.7269 0.0787, 1.9174 -0.1909 0.0787, 1.077 -2.9604 0.0787, 0.5467 -3.1025 0.0787, 2.0193 0.1894 0.0787, 2.1075 -0.14 0.0787, 2.9595 -1.078 0.0787, 2.0667 -0.1712 0.0787, 2.7274 -1.5756 0.0787, 2.0193 -0.1909 0.0787, 2.4125 -2.0253 0.0787, 1.9683 -0.1976 0.0787, 2.0243 -2.4135 0.0787, 1.5746 -2.7284 0.0787, 2.7935 1.4536 0.0, 2.7935 1.4536 -0.0004, 2.9595 1.0765 -0.0004, 2.4125 2.0238 0.0, 2.0243 2.412 0.0, 1.5746 2.7269 0.0, 1.077 2.9589 0.0, 0.5467 3.101 0.0, -0.0002 3.1488 0.0, -0.5471 3.101 0.0, -1.0774 2.9589 0.0, -1.575 2.7269 0.0, -2.0247 2.412 0.0, -2.4129 2.0238 0.0, -2.7278 1.574 0.0, -2.9599 1.0765 0.0, -3.102 0.5462 0.0, -3.1498 -0.0008 0.0, -3.102 -0.5477 0.0, -2.9599 -1.078 0.0, -2.7278 -1.5756 0.0, -2.4129 -2.0253 0.0, -2.0247 -2.4135 0.0, -1.575 -2.7284 0.0, -1.0774 -2.9604 0.0, -0.5471 -3.1025 0.0, -0.0002 -3.1504 0.0, 0.5467 -3.1025 0.0, 1.077 -2.9604 0.0, 1.5746 -2.7284 0.0, 2.0243 -2.4135 0.0, 2.4125 -2.0253 0.0, 2.7274 -1.5756 0.0, 2.7935 -1.4551 0.0, 2.7935 -1.4551 -0.0004, 2.7274 1.574 0.0, 3.1016 0.5462 -0.0004, 3.1494 -0.0008 -0.0004, 3.1016 -0.5477 -0.0004, 2.9595 -1.078 -0.0004
            ]
        }
        coordIndex [
            0,1,2,-1,1,3,4,-1,3,5,6,-1,5,7,8,-1,7,9,10,-1,11,12,13,-1,13,12,14,-1,13,14,15,-1,15,14,10,-1,15,10,16,-1,16,10,9,-1,16,9,17,-1,11,18,12,-1,12,18,19,-1,12,19,20,-1,20,19,21,-1,20,21,22,-1,22,21,23,-1,22,23,24,-1,24,23,25,-1,25,26,24,-1,24,26,27,-1,24,27,28,-1,27,29,28,-1,28,29,30,-1,28,30,31,-1,31,30,32,-1,31,32,33,-1,33,32,34,-1,33,34,35,-1,35,34,36,-1,36,37,35,-1,35,37,38,-1,35,38,39,-1,39,38,40,-1,39,40,41,-1,40,42,41,-1,41,42,43,-1,41,43,44,-1,43,45,44,-1,44,45,46,-1,44,46,47,-1,46,48,47,-1,47,48,49,-1,47,49,50,-1,50,49,51,-1,50,51,52,-1,52,51,53,-1,52,53,54,-1,54,53,55,-1,55,56,54,-1,54,56,57,-1,54,57,58,-1,58,57,59,-1,58,59,60,-1,59,61,60,-1,60,61,62,-1,60,62,63,-1,62,64,63,-1,63,64,65,-1,63,65,66,-1,65,67,66,-1,66,67,68,-1,66,68,69,-1,69,68,70,-1,69,70,71,-1,71,70,72,-1,71,72,73,-1,73,72,74,-1,74,75,73,-1,73,75,76,-1,73,76,77,-1,77,76,78,-1,77,78,79,-1,79,78,80,-1,79,80,81,-1,81,80,82,-1,81,82,83,-1,83,82,84,-1,84,85,83,-1,83,85,86,-1,83,86,87,-1,87,86,88,-1,87,88,89,-1,89,88,90,-1,89,90,91,-1,91,90,92,-1,92,93,91,-1,91,93,94,-1,91,94,95,-1,94,96,95,-1,95,96,97,-1,95,97,98,-1,98,97,99,-1,98,99,100,-1,100,99,101,-1,100,101,102,-1,102,101,103,-1,103,104,102,-1,102,104,105,-1,102,105,106,-1,106,105,107,-1,106,107,108,-1,107,109,108,-1,108,109,110,-1,108,110,111,-1,110,112,111,-1,111,112,113,-1,111,113,114,-1,113,115,114,-1,114,115,116,-1,114,116,117,-1,117,116,118,-1,117,118,119,-1,119,118,120,-1,119,120,121,-1,121,120,122,-1,122,123,121,-1,121,123,124,-1,121,124,125,-1,125,124,126,-1,125,126,127,-1,126,128,127,-1,127,128,129,-1,127,129,130,-1,129,131,130,-1,130,131,132,-1,130,132,133,-1,132,134,133,-1,133,134,135,-1,133,135,136,-1,136,135,137,-1,136,137,138,-1,138,137,139,-1,138,139,140,-1,140,139,141,-1,141,142,140,-1,140,142,143,-1,140,143,144,-1,7,10,8,-1,8,10,14,-1,8,14,145,-1,145,14,12,-1,145,12,146,-1,146,12,20,-1,146,20,147,-1,147,20,22,-1,147,22,148,-1,148,22,24,-1,148,24,149,-1,149,24,28,-1,149,28,150,-1,150,28,31,-1,150,31,151,-1,151,31,33,-1,151,33,152,-1,152,33,35,-1,152,35,153,-1,153,35,39,-1,153,39,154,-1,154,39,41,-1,154,41,155,-1,155,41,44,-1,155,44,156,-1,156,44,47,-1,156,47,157,-1,157,47,50,-1,157,50,158,-1,158,50,52,-1,158,52,159,-1,159,52,54,-1,159,54,160,-1,160,54,58,-1,160,58,161,-1,161,58,60,-1,161,60,162,-1,162,60,63,-1,162,63,163,-1,163,63,66,-1,163,66,164,-1,164,66,69,-1,164,69,165,-1,165,69,71,-1,165,71,166,-1,166,71,73,-1,166,73,167,-1,167,73,77,-1,167,77,168,-1,168,77,79,-1,168,79,169,-1,169,79,81,-1,169,81,170,-1,170,81,83,-1,170,83,171,-1,171,83,87,-1,171,87,172,-1,172,87,89,-1,172,89,173,-1,173,89,91,-1,173,91,174,-1,174,91,95,-1,174,95,175,-1,175,95,98,-1,175,98,176,-1,176,98,100,-1,176,100,177,-1,177,100,102,-1,177,102,178,-1,178,102,106,-1,178,106,179,-1,179,106,108,-1,179,108,180,-1,180,108,111,-1,180,111,181,-1,181,111,114,-1,181,114,182,-1,182,114,117,-1,182,117,183,-1,183,117,119,-1,183,119,184,-1,184,119,121,-1,184,121,185,-1,185,121,125,-1,185,125,186,-1,186,125,127,-1,186,127,187,-1,187,127,130,-1,187,130,188,-1,188,130,133,-1,188,133,189,-1,189,133,136,-1,189,136,190,-1,190,136,138,-1,190,138,191,-1,191,138,140,-1,191,140,192,-1,192,140,144,-1,192,144,193,-1,5,8,6,-1,6,8,145,-1,6,145,194,-1,194,145,146,-1,194,146,195,-1,195,146,147,-1,195,147,196,-1,196,147,148,-1,196,148,197,-1,197,148,149,-1,197,149,198,-1,198,149,150,-1,198,150,199,-1,199,150,151,-1,199,151,200,-1,200,151,152,-1,200,152,201,-1,201,152,153,-1,201,153,202,-1,202,153,154,-1,202,154,203,-1,203,154,155,-1,203,155,204,-1,204,155,156,-1,204,156,205,-1,205,156,157,-1,205,157,206,-1,206,157,158,-1,206,158,207,-1,207,158,159,-1,207,159,208,-1,208,159,160,-1,208,160,209,-1,209,160,161,-1,209,161,210,-1,210,161,162,-1,210,162,211,-1,211,162,163,-1,211,163,212,-1,212,163,164,-1,212,164,213,-1,213,164,165,-1,213,165,214,-1,214,165,166,-1,214,166,215,-1,215,166,167,-1,215,167,216,-1,216,167,168,-1,216,168,217,-1,217,168,169,-1,217,169,218,-1,218,169,170,-1,218,170,219,-1,219,170,171,-1,219,171,220,-1,220,171,172,-1,220,172,221,-1,221,172,173,-1,221,173,222,-1,222,173,174,-1,222,174,223,-1,223,174,175,-1,223,175,224,-1,224,175,176,-1,224,176,225,-1,225,176,177,-1,225,177,226,-1,226,177,178,-1,226,178,227,-1,227,178,179,-1,227,179,228,-1,228,179,180,-1,228,180,229,-1,229,180,181,-1,229,181,230,-1,230,181,182,-1,230,182,231,-1,231,182,183,-1,231,183,232,-1,232,183,184,-1,232,184,233,-1,233,184,185,-1,233,185,234,-1,234,185,186,-1,234,186,235,-1,235,186,187,-1,235,187,236,-1,236,187,188,-1,236,188,237,-1,237,188,189,-1,237,189,238,-1,238,189,190,-1,238,190,239,-1,239,190,191,-1,239,191,240,-1,240,191,192,-1,240,192,241,-1,241,192,193,-1,241,193,242,-1,3,6,4,-1,4,6,194,-1,4,194,243,-1,243,194,195,-1,243,195,244,-1,244,195,196,-1,244,196,245,-1,245,196,197,-1,245,197,246,-1,246,197,198,-1,246,198,247,-1,247,198,199,-1,247,199,248,-1,248,199,200,-1,248,200,249,-1,249,200,201,-1,249,201,250,-1,250,201,202,-1,250,202,251,-1,251,202,203,-1,251,203,252,-1,252,203,204,-1,252,204,253,-1,253,204,205,-1,253,205,254,-1,254,205,206,-1,254,206,255,-1,255,206,207,-1,255,207,256,-1,256,207,208,-1,256,208,257,-1,257,208,209,-1,257,209,258,-1,258,209,210,-1,258,210,259,-1,259,210,211,-1,259,211,260,-1,260,211,212,-1,260,212,261,-1,261,212,213,-1,261,213,262,-1,262,213,214,-1,262,214,263,-1,263,214,215,-1,263,215,264,-1,264,215,216,-1,264,216,265,-1,265,216,217,-1,265,217,266,-1,266,217,218,-1,266,218,267,-1,267,218,219,-1,267,219,268,-1,268,219,220,-1,268,220,269,-1,269,220,221,-1,269,221,270,-1,270,221,222,-1,270,222,271,-1,271,222,223,-1,271,223,272,-1,272,223,224,-1,272,224,273,-1,273,224,225,-1,273,225,274,-1,274,225,226,-1,274,226,275,-1,275,226,227,-1,275,227,276,-1,276,227,228,-1,276,228,277,-1,277,228,229,-1,277,229,278,-1,278,229,230,-1,278,230,279,-1,279,230,231,-1,279,231,280,-1,280,231,232,-1,280,232,281,-1,281,232,233,-1,281,233,282,-1,282,233,234,-1,282,234,283,-1,283,234,235,-1,283,235,284,-1,284,235,236,-1,284,236,285,-1,285,236,237,-1,285,237,286,-1,286,237,238,-1,286,238,287,-1,287,238,239,-1,287,239,288,-1,288,239,240,-1,288,240,289,-1,289,240,241,-1,289,241,290,-1,290,241,242,-1,290,242,291,-1,1,4,2,-1,2,4,243,-1,2,243,292,-1,292,243,244,-1,292,244,293,-1,293,244,245,-1,293,245,294,-1,294,245,246,-1,294,246,295,-1,295,246,247,-1,295,247,296,-1,296,247,248,-1,296,248,297,-1,297,248,249,-1,297,249,298,-1,298,249,250,-1,298,250,299,-1,299,250,251,-1,299,251,300,-1,300,251,252,-1,300,252,301,-1,301,252,253,-1,301,253,302,-1,302,253,254,-1,302,254,303,-1,303,254,255,-1,303,255,304,-1,304,255,256,-1,304,256,305,-1,305,256,257,-1,305,257,306,-1,306,257,258,-1,306,258,307,-1,307,258,259,-1,307,259,308,-1,308,259,260,-1,308,260,309,-1,309,260,261,-1,309,261,310,-1,310,261,262,-1,310,262,311,-1,311,262,263,-1,311,263,312,-1,312,263,264,-1,312,264,313,-1,313,264,265,-1,313,265,314,-1,314,265,266,-1,314,266,315,-1,315,266,267,-1,315,267,316,-1,316,267,268,-1,316,268,317,-1,317,268,269,-1,317,269,318,-1,318,269,270,-1,318,270,319,-1,319,270,271,-1,319,271,320,-1,320,271,272,-1,320,272,321,-1,321,272,273,-1,321,273,322,-1,322,273,274,-1,322,274,323,-1,323,274,275,-1,323,275,324,-1,324,275,276,-1,324,276,325,-1,325,276,277,-1,325,277,326,-1,326,277,278,-1,326,278,327,-1,327,278,279,-1,327,279,328,-1,328,279,280,-1,328,280,329,-1,329,280,281,-1,329,281,330,-1,330,281,282,-1,330,282,331,-1,331,282,283,-1,331,283,332,-1,332,283,284,-1,332,284,333,-1,333,284,285,-1,333,285,334,-1,334,285,286,-1,334,286,335,-1,335,286,287,-1,335,287,336,-1,336,287,288,-1,336,288,337,-1,337,288,289,-1,337,289,338,-1,338,289,290,-1,338,290,339,-1,339,290,291,-1,339,291,340,-1,0,2,341,-1,341,2,292,-1,341,292,342,-1,342,292,293,-1,342,293,343,-1,343,293,294,-1,343,294,344,-1,344,294,295,-1,344,295,345,-1,345,295,296,-1,345,296,346,-1,346,296,297,-1,346,297,347,-1,347,297,298,-1,347,298,348,-1,348,298,299,-1,348,299,349,-1,349,299,300,-1,349,300,350,-1,350,300,301,-1,350,301,351,-1,351,301,302,-1,351,302,352,-1,352,302,303,-1,352,303,353,-1,353,303,304,-1,353,304,354,-1,354,304,305,-1,354,305,355,-1,355,305,306,-1,355,306,356,-1,356,306,307,-1,356,307,357,-1,357,307,308,-1,357,308,358,-1,358,308,309,-1,358,309,359,-1,359,309,310,-1,359,310,360,-1,360,310,311,-1,360,311,361,-1,361,311,312,-1,361,312,362,-1,362,312,313,-1,362,313,363,-1,363,313,314,-1,363,314,364,-1,364,314,315,-1,364,315,365,-1,365,315,316,-1,365,316,366,-1,366,316,317,-1,366,317,367,-1,367,317,318,-1,367,318,368,-1,368,318,319,-1,368,319,369,-1,369,319,320,-1,369,320,370,-1,370,320,321,-1,370,321,371,-1,371,321,322,-1,371,322,372,-1,372,322,323,-1,372,323,373,-1,373,323,324,-1,373,324,374,-1,374,324,325,-1,374,325,375,-1,375,325,326,-1,375,326,376,-1,376,326,327,-1,376,327,377,-1,377,327,328,-1,377,328,378,-1,378,328,329,-1,378,329,379,-1,379,329,330,-1,379,330,380,-1,380,330,331,-1,380,331,381,-1,381,331,332,-1,381,332,382,-1,382,332,333,-1,382,333,383,-1,383,333,334,-1,383,334,384,-1,384,334,335,-1,384,335,385,-1,385,335,336,-1,385,336,386,-1,386,336,337,-1,386,337,387,-1,387,337,338,-1,387,338,388,-1,388,338,339,-1,388,339,389,-1,389,339,340,-1,389,340,390,-1,17,391,16,-1,16,391,392,-1,16,392,15,-1,15,392,393,-1,15,393,13,-1,13,393,394,-1,13,394,11,-1,11,394,395,-1,11,395,18,-1,18,395,396,-1,18,396,19,-1,19,396,397,-1,19,397,21,-1,21,397,398,-1,21,398,23,-1,23,398,399,-1,23,399,25,-1,25,399,400,-1,25,400,26,-1,26,400,401,-1,26,401,27,-1,27,401,402,-1,27,402,29,-1,29,402,403,-1,29,403,30,-1,30,403,404,-1,30,404,32,-1,32,404,405,-1,32,405,34,-1,34,405,406,-1,34,406,36,-1,36,406,407,-1,36,407,37,-1,37,407,408,-1,37,408,38,-1,38,408,409,-1,38,409,40,-1,40,409,410,-1,40,410,42,-1,42,410,411,-1,42,411,43,-1,43,411,412,-1,43,412,45,-1,45,412,413,-1,45,413,46,-1,46,413,414,-1,46,414,48,-1,48,414,415,-1,48,415,49,-1,49,415,416,-1,49,416,51,-1,51,416,417,-1,51,417,53,-1,53,417,418,-1,53,418,55,-1,55,418,419,-1,55,419,56,-1,56,419,420,-1,56,420,57,-1,57,420,421,-1,57,421,59,-1,59,421,422,-1,59,422,61,-1,61,422,423,-1,61,423,62,-1,62,423,424,-1,62,424,64,-1,64,424,425,-1,64,425,65,-1,65,425,426,-1,65,426,67,-1,67,426,427,-1,67,427,68,-1,68,427,428,-1,68,428,70,-1,70,428,429,-1,70,429,72,-1,72,429,430,-1,72,430,74,-1,74,430,431,-1,74,431,75,-1,75,431,432,-1,75,432,76,-1,76,432,433,-1,76,433,78,-1,78,433,434,-1,78,434,80,-1,80,434,435,-1,80,435,82,-1,82,435,436,-1,82,436,84,-1,84,436,437,-1,84,437,85,-1,85,437,438,-1,85,438,86,-1,86,438,439,-1,86,439,88,-1,88,439,440,-1,88,440,90,-1,90,440,441,-1,90,441,92,-1,92,441,442,-1,92,442,93,-1,93,442,443,-1,93,443,94,-1,94,443,444,-1,94,444,96,-1,96,444,445,-1,96,445,97,-1,97,445,446,-1,97,446,99,-1,99,446,447,-1,99,447,101,-1,101,447,448,-1,101,448,103,-1,103,448,449,-1,103,449,104,-1,104,449,450,-1,104,450,105,-1,105,450,451,-1,105,451,107,-1,107,451,452,-1,107,452,109,-1,109,452,453,-1,109,453,110,-1,110,453,454,-1,110,454,112,-1,112,454,455,-1,112,455,113,-1,113,455,456,-1,113,456,115,-1,115,456,457,-1,115,457,116,-1,116,457,458,-1,116,458,118,-1,118,458,459,-1,118,459,120,-1,120,459,460,-1,120,460,122,-1,122,460,461,-1,122,461,123,-1,123,461,462,-1,123,462,124,-1,124,462,463,-1,124,463,126,-1,126,463,464,-1,126,464,128,-1,128,464,465,-1,128,465,129,-1,129,465,466,-1,129,466,131,-1,131,466,467,-1,131,467,132,-1,132,467,468,-1,132,468,134,-1,134,468,469,-1,134,469,135,-1,135,469,470,-1,135,470,137,-1,137,470,471,-1,137,471,139,-1,139,471,472,-1,139,472,141,-1,141,472,473,-1,141,473,142,-1,142,473,474,-1,142,474,143,-1,143,474,475,-1,473,472,476,-1,468,467,477,-1,456,455,478,-1,444,443,479,-1,442,441,480,-1,414,413,481,-1,402,401,482,-1,400,399,483,-1,484,485,486,-1,485,487,488,-1,489,490,491,-1,492,493,494,-1,495,496,497,-1,498,499,500,-1,501,502,503,-1,504,505,506,-1,507,508,509,-1,510,511,512,-1,513,514,515,-1,516,517,518,-1,519,520,521,-1,522,523,524,-1,525,526,527,-1,528,529,530,-1,531,532,533,-1,534,535,536,-1,537,538,539,-1,540,541,542,-1,543,544,545,-1,546,547,548,-1,549,550,551,-1,552,553,554,-1,555,556,557,-1,558,559,560,-1,561,562,563,-1,564,565,566,-1,567,568,569,-1,570,571,572,-1,573,574,487,-1,487,574,575,-1,487,575,488,-1,575,576,488,-1,488,576,577,-1,488,577,578,-1,577,579,578,-1,578,579,580,-1,578,580,581,-1,580,582,581,-1,581,582,583,-1,581,583,584,-1,583,585,584,-1,584,585,586,-1,584,586,587,-1,586,588,587,-1,587,588,589,-1,587,589,590,-1,590,589,591,-1,590,591,592,-1,591,593,592,-1,592,593,594,-1,592,594,595,-1,594,596,595,-1,595,596,597,-1,595,597,598,-1,597,599,598,-1,598,599,600,-1,598,600,601,-1,601,600,602,-1,603,604,605,-1,606,607,608,-1,609,610,611,-1,612,613,614,-1,615,616,617,-1,618,619,620,-1,621,622,623,-1,624,625,626,-1,627,628,629,-1,519,521,630,-1,485,488,486,-1,486,488,578,-1,486,578,631,-1,631,578,581,-1,631,581,632,-1,632,581,584,-1,632,584,633,-1,633,584,587,-1,633,587,634,-1,634,587,590,-1,634,590,635,-1,635,590,592,-1,635,592,636,-1,636,592,595,-1,636,595,637,-1,637,595,598,-1,637,598,638,-1,638,598,601,-1,638,601,639,-1,640,570,641,-1,641,570,572,-1,641,572,642,-1,642,572,643,-1,642,643,644,-1,644,643,645,-1,571,567,572,-1,572,567,569,-1,572,569,643,-1,643,569,646,-1,643,646,645,-1,645,646,647,-1,568,564,569,-1,569,564,566,-1,569,566,646,-1,646,566,648,-1,646,648,647,-1,647,648,649,-1,553,549,554,-1,554,549,551,-1,554,551,650,-1,650,551,651,-1,650,651,652,-1,652,651,653,-1,550,546,551,-1,551,546,548,-1,551,548,651,-1,651,548,654,-1,651,654,653,-1,653,654,655,-1,547,543,548,-1,548,543,545,-1,548,545,654,-1,654,545,656,-1,654,656,655,-1,655,656,657,-1,541,537,542,-1,542,537,539,-1,542,539,658,-1,658,539,659,-1,658,659,660,-1,660,659,481,-1,532,528,533,-1,533,528,530,-1,533,530,661,-1,661,530,662,-1,661,662,663,-1,663,662,664,-1,529,525,530,-1,530,525,527,-1,530,527,662,-1,662,527,665,-1,662,665,664,-1,664,665,666,-1,526,522,527,-1,527,522,524,-1,527,524,665,-1,665,524,667,-1,665,667,666,-1,666,667,668,-1,484,486,669,-1,669,486,631,-1,669,631,670,-1,670,631,632,-1,670,632,671,-1,671,632,633,-1,671,633,672,-1,672,633,634,-1,672,634,673,-1,673,634,635,-1,673,635,674,-1,674,635,636,-1,674,636,675,-1,675,636,637,-1,675,637,676,-1,676,637,638,-1,676,638,677,-1,677,638,639,-1,677,639,678,-1,613,615,614,-1,614,615,617,-1,614,617,679,-1,679,617,680,-1,679,680,681,-1,681,680,682,-1,616,618,617,-1,617,618,620,-1,617,620,680,-1,680,620,683,-1,680,683,682,-1,682,683,684,-1,619,621,620,-1,620,621,623,-1,620,623,683,-1,683,623,685,-1,683,685,684,-1,684,685,686,-1,625,627,626,-1,626,627,629,-1,626,629,687,-1,687,629,688,-1,687,688,689,-1,689,688,478,-1,517,513,518,-1,518,513,515,-1,518,515,690,-1,690,515,691,-1,690,691,692,-1,692,691,693,-1,514,510,515,-1,515,510,512,-1,515,512,691,-1,691,512,694,-1,691,694,693,-1,693,694,695,-1,511,507,512,-1,512,507,509,-1,512,509,694,-1,694,509,696,-1,694,696,695,-1,695,696,697,-1,505,501,506,-1,506,501,503,-1,506,503,698,-1,698,503,699,-1,698,699,700,-1,700,699,477,-1,496,492,497,-1,497,492,494,-1,497,494,701,-1,701,494,702,-1,701,702,703,-1,703,702,476,-1,704,640,705,-1,705,640,641,-1,705,641,706,-1,706,641,642,-1,706,642,707,-1,707,642,644,-1,707,644,391,-1,391,644,392,-1,398,397,649,-1,649,397,396,-1,649,396,647,-1,647,396,395,-1,647,395,645,-1,645,395,394,-1,645,394,644,-1,644,394,393,-1,644,393,392,-1,399,398,483,-1,483,398,649,-1,483,649,708,-1,708,649,648,-1,708,648,563,-1,563,648,566,-1,563,566,561,-1,561,566,565,-1,401,400,482,-1,482,400,483,-1,482,483,709,-1,709,483,708,-1,709,708,560,-1,560,708,563,-1,560,563,558,-1,558,563,562,-1,403,402,710,-1,710,402,482,-1,710,482,711,-1,711,482,709,-1,711,709,557,-1,557,709,560,-1,557,560,555,-1,555,560,559,-1,556,552,557,-1,557,552,554,-1,557,554,711,-1,711,554,650,-1,711,650,710,-1,710,650,652,-1,710,652,403,-1,403,652,404,-1,410,409,657,-1,657,409,408,-1,657,408,655,-1,655,408,407,-1,655,407,653,-1,653,407,406,-1,653,406,652,-1,652,406,405,-1,652,405,404,-1,411,410,660,-1,660,410,657,-1,660,657,658,-1,658,657,656,-1,658,656,542,-1,542,656,545,-1,542,545,540,-1,540,545,544,-1,481,413,660,-1,660,413,412,-1,660,412,411,-1,415,414,712,-1,712,414,481,-1,712,481,713,-1,713,481,659,-1,713,659,536,-1,536,659,539,-1,536,539,534,-1,534,539,538,-1,535,531,536,-1,536,531,533,-1,536,533,713,-1,713,533,661,-1,713,661,712,-1,712,661,663,-1,712,663,415,-1,415,663,416,-1,422,421,668,-1,668,421,420,-1,668,420,666,-1,666,420,419,-1,666,419,664,-1,664,419,418,-1,664,418,663,-1,663,418,417,-1,663,417,416,-1,423,422,484,-1,484,422,668,-1,484,668,485,-1,485,668,667,-1,485,667,487,-1,487,667,524,-1,487,524,573,-1,573,524,523,-1,429,428,671,-1,671,428,427,-1,671,427,670,-1,670,427,426,-1,670,426,669,-1,669,426,425,-1,669,425,484,-1,484,425,424,-1,484,424,423,-1,429,671,430,-1,430,671,672,-1,430,672,431,-1,431,672,673,-1,431,673,432,-1,432,673,674,-1,432,674,433,-1,433,674,675,-1,433,675,434,-1,440,439,678,-1,678,439,438,-1,678,438,677,-1,677,438,437,-1,677,437,676,-1,676,437,436,-1,676,436,675,-1,675,436,435,-1,675,435,434,-1,441,440,480,-1,480,440,678,-1,480,678,714,-1,714,678,639,-1,714,639,605,-1,605,639,601,-1,605,601,603,-1,603,601,602,-1,443,442,479,-1,479,442,480,-1,479,480,715,-1,715,480,714,-1,715,714,608,-1,608,714,605,-1,608,605,606,-1,606,605,604,-1,445,444,716,-1,716,444,479,-1,716,479,717,-1,717,479,715,-1,717,715,611,-1,611,715,608,-1,611,608,609,-1,609,608,607,-1,610,612,611,-1,611,612,614,-1,611,614,717,-1,717,614,679,-1,717,679,716,-1,716,679,681,-1,716,681,445,-1,445,681,446,-1,452,451,686,-1,686,451,450,-1,686,450,684,-1,684,450,449,-1,684,449,682,-1,682,449,448,-1,682,448,681,-1,681,448,447,-1,681,447,446,-1,453,452,689,-1,689,452,686,-1,689,686,687,-1,687,686,685,-1,687,685,626,-1,626,685,623,-1,626,623,624,-1,624,623,622,-1,478,455,689,-1,689,455,454,-1,689,454,453,-1,457,456,718,-1,718,456,478,-1,718,478,719,-1,719,478,688,-1,719,688,521,-1,521,688,629,-1,521,629,630,-1,630,629,628,-1,520,516,521,-1,521,516,518,-1,521,518,719,-1,719,518,690,-1,719,690,718,-1,718,690,692,-1,718,692,457,-1,457,692,458,-1,464,463,697,-1,697,463,462,-1,697,462,695,-1,695,462,461,-1,695,461,693,-1,693,461,460,-1,693,460,692,-1,692,460,459,-1,692,459,458,-1,465,464,700,-1,700,464,697,-1,700,697,698,-1,698,697,696,-1,698,696,506,-1,506,696,509,-1,506,509,504,-1,504,509,508,-1,477,467,700,-1,700,467,466,-1,700,466,465,-1,469,468,720,-1,720,468,477,-1,720,477,721,-1,721,477,699,-1,721,699,500,-1,500,699,503,-1,500,503,498,-1,498,503,502,-1,499,495,500,-1,500,495,497,-1,500,497,721,-1,721,497,701,-1,721,701,720,-1,720,701,703,-1,720,703,469,-1,469,703,470,-1,476,472,703,-1,703,472,471,-1,703,471,470,-1,474,473,722,-1,722,473,476,-1,722,476,723,-1,723,476,702,-1,723,702,491,-1,491,702,494,-1,491,494,489,-1,489,494,493,-1,490,724,491,-1,491,724,725,-1,491,725,723,-1,723,725,726,-1,723,726,722,-1,722,726,727,-1,722,727,474,-1,474,727,475,-1,490,489,728,-1,493,492,729,-1,496,495,730,-1,499,498,731,-1,502,501,732,-1,514,513,733,-1,517,516,734,-1,520,519,735,-1,630,628,736,-1,627,625,737,-1,624,622,738,-1,621,619,739,-1,618,616,740,-1,615,613,741,-1,612,610,742,-1,609,607,743,-1,606,604,744,-1,603,602,745,-1,600,599,746,-1,597,596,747,-1,594,593,748,-1,749,750,751,-1,752,753,754,-1,755,756,757,-1,758,759,760,-1,761,762,763,-1,764,765,766,-1,767,768,769,-1,770,771,772,-1,773,774,775,-1,776,777,778,-1,779,780,781,-1,782,783,784,-1,785,786,787,-1,788,789,790,-1,791,792,793,-1,794,795,796,-1,797,798,799,-1,800,801,802,-1,803,804,805,-1,806,807,808,-1,809,810,811,-1,812,813,814,-1,815,816,817,-1,818,819,820,-1,821,822,823,-1,824,825,826,-1,827,828,829,-1,830,831,832,-1,832,833,834,-1,834,833,835,-1,835,836,837,-1,837,836,838,-1,838,839,840,-1,840,839,841,-1,841,842,843,-1,843,842,844,-1,844,845,846,-1,846,845,827,-1,824,826,828,-1,821,823,825,-1,818,820,822,-1,815,817,819,-1,812,814,816,-1,809,811,813,-1,806,808,810,-1,803,805,807,-1,800,802,804,-1,797,799,801,-1,794,796,798,-1,791,793,795,-1,788,790,792,-1,785,787,789,-1,782,784,786,-1,779,781,783,-1,776,778,780,-1,773,775,777,-1,774,847,848,-1,848,847,849,-1,848,849,850,-1,850,851,852,-1,852,851,853,-1,853,854,855,-1,855,854,856,-1,856,857,858,-1,858,857,859,-1,859,860,861,-1,861,860,862,-1,862,863,864,-1,864,863,865,-1,865,866,867,-1,867,866,868,-1,868,869,870,-1,870,869,871,-1,871,872,873,-1,873,872,874,-1,874,875,876,-1,876,875,877,-1,877,878,879,-1,879,878,880,-1,880,881,882,-1,882,881,770,-1,883,884,749,-1,749,884,885,-1,749,885,750,-1,750,885,886,-1,750,886,887,-1,888,889,890,-1,891,892,893,-1,894,895,896,-1,897,751,898,-1,898,751,750,-1,898,750,888,-1,888,750,887,-1,888,887,889,-1,899,897,900,-1,900,897,898,-1,900,898,901,-1,901,898,888,-1,901,888,891,-1,891,888,890,-1,891,890,892,-1,902,899,903,-1,903,899,900,-1,903,900,904,-1,904,900,901,-1,904,901,905,-1,905,901,891,-1,905,891,894,-1,894,891,893,-1,894,893,895,-1,906,902,907,-1,907,902,903,-1,907,903,908,-1,908,903,904,-1,908,904,909,-1,909,904,905,-1,909,905,910,-1,910,905,894,-1,910,894,911,-1,911,894,896,-1,911,896,912,-1,913,914,915,-1,916,570,640,-1,832,834,830,-1,830,834,917,-1,830,917,918,-1,918,917,919,-1,918,919,920,-1,920,919,921,-1,920,921,922,-1,922,921,923,-1,922,923,924,-1,924,923,916,-1,924,916,925,-1,925,916,640,-1,925,640,704,-1,926,567,571,-1,835,837,834,-1,834,837,927,-1,834,927,917,-1,917,927,928,-1,917,928,919,-1,919,928,929,-1,919,929,921,-1,921,929,930,-1,921,930,923,-1,923,930,926,-1,923,926,916,-1,916,926,571,-1,916,571,570,-1,931,564,568,-1,838,840,837,-1,837,840,932,-1,837,932,927,-1,927,932,933,-1,927,933,928,-1,928,933,934,-1,928,934,929,-1,929,934,935,-1,929,935,930,-1,930,935,931,-1,930,931,926,-1,926,931,568,-1,926,568,567,-1,936,561,565,-1,841,843,840,-1,840,843,937,-1,840,937,932,-1,932,937,938,-1,932,938,933,-1,933,938,939,-1,933,939,934,-1,934,939,940,-1,934,940,935,-1,935,940,936,-1,935,936,931,-1,931,936,565,-1,931,565,564,-1,941,558,562,-1,844,846,843,-1,843,846,942,-1,843,942,937,-1,937,942,943,-1,937,943,938,-1,938,943,944,-1,938,944,939,-1,939,944,945,-1,939,945,940,-1,940,945,941,-1,940,941,936,-1,936,941,562,-1,936,562,561,-1,946,555,559,-1,827,829,846,-1,846,829,947,-1,846,947,942,-1,942,947,948,-1,942,948,943,-1,943,948,949,-1,943,949,944,-1,944,949,950,-1,944,950,945,-1,945,950,946,-1,945,946,941,-1,941,946,559,-1,941,559,558,-1,951,552,556,-1,828,826,829,-1,829,826,952,-1,829,952,947,-1,947,952,953,-1,947,953,948,-1,948,953,954,-1,948,954,949,-1,949,954,955,-1,949,955,950,-1,950,955,951,-1,950,951,946,-1,946,951,556,-1,946,556,555,-1,956,549,553,-1,825,823,826,-1,826,823,957,-1,826,957,952,-1,952,957,958,-1,952,958,953,-1,953,958,959,-1,953,959,954,-1,954,959,960,-1,954,960,955,-1,955,960,956,-1,955,956,951,-1,951,956,553,-1,951,553,552,-1,961,546,550,-1,822,820,823,-1,823,820,962,-1,823,962,957,-1,957,962,963,-1,957,963,958,-1,958,963,964,-1,958,964,959,-1,959,964,965,-1,959,965,960,-1,960,965,961,-1,960,961,956,-1,956,961,550,-1,956,550,549,-1,966,543,547,-1,819,817,820,-1,820,817,967,-1,820,967,962,-1,962,967,968,-1,962,968,963,-1,963,968,969,-1,963,969,964,-1,964,969,970,-1,964,970,965,-1,965,970,966,-1,965,966,961,-1,961,966,547,-1,961,547,546,-1,971,540,544,-1,816,814,817,-1,817,814,972,-1,817,972,967,-1,967,972,973,-1,967,973,968,-1,968,973,974,-1,968,974,969,-1,969,974,975,-1,969,975,970,-1,970,975,971,-1,970,971,966,-1,966,971,544,-1,966,544,543,-1,976,537,541,-1,813,811,814,-1,814,811,977,-1,814,977,972,-1,972,977,978,-1,972,978,973,-1,973,978,979,-1,973,979,974,-1,974,979,980,-1,974,980,975,-1,975,980,976,-1,975,976,971,-1,971,976,541,-1,971,541,540,-1,981,534,538,-1,810,808,811,-1,811,808,982,-1,811,982,977,-1,977,982,983,-1,977,983,978,-1,978,983,984,-1,978,984,979,-1,979,984,985,-1,979,985,980,-1,980,985,981,-1,980,981,976,-1,976,981,538,-1,976,538,537,-1,986,531,535,-1,807,805,808,-1,808,805,987,-1,808,987,982,-1,982,987,988,-1,982,988,983,-1,983,988,989,-1,983,989,984,-1,984,989,990,-1,984,990,985,-1,985,990,986,-1,985,986,981,-1,981,986,535,-1,981,535,534,-1,991,528,532,-1,804,802,805,-1,805,802,992,-1,805,992,987,-1,987,992,993,-1,987,993,988,-1,988,993,994,-1,988,994,989,-1,989,994,995,-1,989,995,990,-1,990,995,991,-1,990,991,986,-1,986,991,532,-1,986,532,531,-1,996,525,529,-1,801,799,802,-1,802,799,997,-1,802,997,992,-1,992,997,998,-1,992,998,993,-1,993,998,999,-1,993,999,994,-1,994,999,1000,-1,994,1000,995,-1,995,1000,996,-1,995,996,991,-1,991,996,529,-1,991,529,528,-1,1001,522,526,-1,798,796,799,-1,799,796,1002,-1,799,1002,997,-1,997,1002,1003,-1,997,1003,998,-1,998,1003,1004,-1,998,1004,999,-1,999,1004,1005,-1,999,1005,1000,-1,1000,1005,1001,-1,1000,1001,996,-1,996,1001,526,-1,996,526,525,-1,1006,573,523,-1,795,793,796,-1,796,793,1007,-1,796,1007,1002,-1,1002,1007,1008,-1,1002,1008,1003,-1,1003,1008,1009,-1,1003,1009,1004,-1,1004,1009,1010,-1,1004,1010,1005,-1,1005,1010,1006,-1,1005,1006,1001,-1,1001,1006,523,-1,1001,523,522,-1,1011,575,574,-1,792,790,793,-1,793,790,1012,-1,793,1012,1007,-1,1007,1012,1013,-1,1007,1013,1008,-1,1008,1013,1014,-1,1008,1014,1009,-1,1009,1014,1015,-1,1009,1015,1010,-1,1010,1015,1011,-1,1010,1011,1006,-1,1006,1011,574,-1,1006,574,573,-1,1016,577,576,-1,789,787,790,-1,790,787,1017,-1,790,1017,1012,-1,1012,1017,1018,-1,1012,1018,1013,-1,1013,1018,1019,-1,1013,1019,1014,-1,1014,1019,1020,-1,1014,1020,1015,-1,1015,1020,1016,-1,1015,1016,1011,-1,1011,1016,576,-1,1011,576,575,-1,1021,580,579,-1,786,784,787,-1,787,784,1022,-1,787,1022,1017,-1,1017,1022,1023,-1,1017,1023,1018,-1,1018,1023,1024,-1,1018,1024,1019,-1,1019,1024,1025,-1,1019,1025,1020,-1,1020,1025,1021,-1,1020,1021,1016,-1,1016,1021,579,-1,1016,579,577,-1,1026,583,582,-1,783,781,784,-1,784,781,1027,-1,784,1027,1022,-1,1022,1027,1028,-1,1022,1028,1023,-1,1023,1028,1029,-1,1023,1029,1024,-1,1024,1029,1030,-1,1024,1030,1025,-1,1025,1030,1026,-1,1025,1026,1021,-1,1021,1026,582,-1,1021,582,580,-1,1031,586,585,-1,780,778,781,-1,781,778,1032,-1,781,1032,1027,-1,1027,1032,1033,-1,1027,1033,1028,-1,1028,1033,1034,-1,1028,1034,1029,-1,1029,1034,1035,-1,1029,1035,1030,-1,1030,1035,1031,-1,1030,1031,1026,-1,1026,1031,585,-1,1026,585,583,-1,591,589,1036,-1,1036,589,588,-1,777,775,778,-1,778,775,1037,-1,778,1037,1032,-1,1032,1037,1038,-1,1032,1038,1033,-1,1033,1038,1039,-1,1033,1039,1034,-1,1034,1039,1040,-1,1034,1040,1035,-1,1035,1040,1036,-1,1035,1036,1031,-1,1031,1036,588,-1,1031,588,586,-1,774,848,775,-1,775,848,1041,-1,775,1041,1037,-1,1037,1041,1042,-1,1037,1042,1038,-1,1038,1042,1043,-1,1038,1043,1039,-1,1039,1043,1044,-1,1039,1044,1040,-1,1040,1044,748,-1,1040,748,1036,-1,1036,748,593,-1,1036,593,591,-1,850,852,848,-1,848,852,1045,-1,848,1045,1041,-1,1041,1045,1046,-1,1041,1046,1042,-1,1042,1046,1047,-1,1042,1047,1043,-1,1043,1047,1048,-1,1043,1048,1044,-1,1044,1048,747,-1,1044,747,748,-1,748,747,596,-1,748,596,594,-1,853,855,852,-1,852,855,1049,-1,852,1049,1045,-1,1045,1049,1050,-1,1045,1050,1046,-1,1046,1050,1051,-1,1046,1051,1047,-1,1047,1051,1052,-1,1047,1052,1048,-1,1048,1052,746,-1,1048,746,747,-1,747,746,599,-1,747,599,597,-1,856,858,855,-1,855,858,1053,-1,855,1053,1049,-1,1049,1053,1054,-1,1049,1054,1050,-1,1050,1054,1055,-1,1050,1055,1051,-1,1051,1055,1056,-1,1051,1056,1052,-1,1052,1056,745,-1,1052,745,746,-1,746,745,602,-1,746,602,600,-1,859,861,858,-1,858,861,1057,-1,858,1057,1053,-1,1053,1057,1058,-1,1053,1058,1054,-1,1054,1058,1059,-1,1054,1059,1055,-1,1055,1059,1060,-1,1055,1060,1056,-1,1056,1060,744,-1,1056,744,745,-1,745,744,604,-1,745,604,603,-1,862,864,861,-1,861,864,1061,-1,861,1061,1057,-1,1057,1061,1062,-1,1057,1062,1058,-1,1058,1062,1063,-1,1058,1063,1059,-1,1059,1063,1064,-1,1059,1064,1060,-1,1060,1064,743,-1,1060,743,744,-1,744,743,607,-1,744,607,606,-1,865,867,864,-1,864,867,1065,-1,864,1065,1061,-1,1061,1065,1066,-1,1061,1066,1062,-1,1062,1066,1067,-1,1062,1067,1063,-1,1063,1067,1068,-1,1063,1068,1064,-1,1064,1068,742,-1,1064,742,743,-1,743,742,610,-1,743,610,609,-1,868,870,867,-1,867,870,1069,-1,867,1069,1065,-1,1065,1069,1070,-1,1065,1070,1066,-1,1066,1070,1071,-1,1066,1071,1067,-1,1067,1071,1072,-1,1067,1072,1068,-1,1068,1072,741,-1,1068,741,742,-1,742,741,613,-1,742,613,612,-1,871,873,870,-1,870,873,1073,-1,870,1073,1069,-1,1069,1073,1074,-1,1069,1074,1070,-1,1070,1074,1075,-1,1070,1075,1071,-1,1071,1075,1076,-1,1071,1076,1072,-1,1072,1076,740,-1,1072,740,741,-1,741,740,616,-1,741,616,615,-1,874,876,873,-1,873,876,1077,-1,873,1077,1073,-1,1073,1077,1078,-1,1073,1078,1074,-1,1074,1078,1079,-1,1074,1079,1075,-1,1075,1079,1080,-1,1075,1080,1076,-1,1076,1080,739,-1,1076,739,740,-1,740,739,619,-1,740,619,618,-1,877,879,876,-1,876,879,1081,-1,876,1081,1077,-1,1077,1081,1082,-1,1077,1082,1078,-1,1078,1082,1083,-1,1078,1083,1079,-1,1079,1083,1084,-1,1079,1084,1080,-1,1080,1084,738,-1,1080,738,739,-1,739,738,622,-1,739,622,621,-1,880,882,879,-1,879,882,1085,-1,879,1085,1081,-1,1081,1085,1086,-1,1081,1086,1082,-1,1082,1086,1087,-1,1082,1087,1083,-1,1083,1087,1088,-1,1083,1088,1084,-1,1084,1088,737,-1,1084,737,738,-1,738,737,625,-1,738,625,624,-1,770,772,882,-1,882,772,1089,-1,882,1089,1085,-1,1085,1089,1090,-1,1085,1090,1086,-1,1086,1090,1091,-1,1086,1091,1087,-1,1087,1091,1092,-1,1087,1092,1088,-1,1088,1092,736,-1,1088,736,737,-1,737,736,628,-1,737,628,627,-1,772,1093,1089,-1,1089,1093,1094,-1,1089,1094,1090,-1,1090,1094,1095,-1,1090,1095,1091,-1,1091,1095,1096,-1,1091,1096,1092,-1,1092,1096,735,-1,1092,735,736,-1,736,735,519,-1,736,519,630,-1,1093,1097,1094,-1,1094,1097,1098,-1,1094,1098,1095,-1,1095,1098,1099,-1,1095,1099,1096,-1,1096,1099,734,-1,1096,734,735,-1,735,734,516,-1,735,516,520,-1,1097,1100,1098,-1,1098,1100,1101,-1,1098,1101,1099,-1,1099,1101,733,-1,1099,733,734,-1,734,733,513,-1,734,513,517,-1,1100,915,1101,-1,1101,915,914,-1,1101,914,733,-1,733,914,510,-1,733,510,514,-1,505,504,1102,-1,1102,504,913,-1,1102,913,1103,-1,1103,913,915,-1,1103,915,1104,-1,1104,915,1100,-1,1104,1100,1105,-1,1105,1100,1097,-1,1105,1097,1106,-1,1106,1097,1093,-1,1106,1093,769,-1,769,1093,772,-1,769,772,767,-1,767,772,771,-1,504,508,913,-1,913,508,507,-1,913,507,914,-1,914,507,511,-1,914,511,510,-1,501,505,732,-1,732,505,1102,-1,732,1102,1107,-1,1107,1102,1103,-1,1107,1103,1108,-1,1108,1103,1104,-1,1108,1104,1109,-1,1109,1104,1105,-1,1109,1105,1110,-1,1110,1105,1106,-1,1110,1106,766,-1,766,1106,769,-1,766,769,764,-1,764,769,768,-1,498,502,731,-1,731,502,732,-1,731,732,1111,-1,1111,732,1107,-1,1111,1107,1112,-1,1112,1107,1108,-1,1112,1108,1113,-1,1113,1108,1109,-1,1113,1109,1114,-1,1114,1109,1110,-1,1114,1110,763,-1,763,1110,766,-1,763,766,761,-1,761,766,765,-1,495,499,730,-1,730,499,731,-1,730,731,1115,-1,1115,731,1111,-1,1115,1111,1116,-1,1116,1111,1112,-1,1116,1112,1117,-1,1117,1112,1113,-1,1117,1113,1118,-1,1118,1113,1114,-1,1118,1114,760,-1,760,1114,763,-1,760,763,758,-1,758,763,762,-1,492,496,729,-1,729,496,730,-1,729,730,1119,-1,1119,730,1115,-1,1119,1115,1120,-1,1120,1115,1116,-1,1120,1116,1121,-1,1121,1116,1117,-1,1121,1117,1122,-1,1122,1117,1118,-1,1122,1118,757,-1,757,1118,760,-1,757,760,755,-1,755,760,759,-1,489,493,728,-1,728,493,729,-1,728,729,1123,-1,1123,729,1119,-1,1123,1119,1124,-1,1124,1119,1120,-1,1124,1120,1125,-1,1125,1120,1121,-1,1125,1121,1126,-1,1126,1121,1122,-1,1126,1122,754,-1,754,1122,757,-1,754,757,752,-1,752,757,756,-1,724,490,906,-1,906,490,728,-1,906,728,902,-1,902,728,1123,-1,902,1123,899,-1,899,1123,1124,-1,899,1124,897,-1,897,1124,1125,-1,897,1125,751,-1,751,1125,1126,-1,751,1126,749,-1,749,1126,754,-1,749,754,883,-1,883,754,753,-1,895,893,1127,-1,892,890,1128,-1,889,887,1129,-1,886,885,1130,-1,884,883,1131,-1,753,752,1132,-1,756,755,1133,-1,759,758,1134,-1,762,761,1135,-1,765,764,1136,-1,768,767,1137,-1,771,770,1138,-1,881,880,1139,-1,878,877,1140,-1,875,874,1141,-1,872,871,1142,-1,869,868,1143,-1,866,865,1144,-1,863,862,1145,-1,860,859,1146,-1,857,856,1147,-1,854,853,1148,-1,851,850,1149,-1,780,779,1150,-1,783,782,1151,-1,786,785,1152,-1,789,788,1153,-1,792,791,1154,-1,795,794,1155,-1,798,797,1156,-1,801,800,1157,-1,804,803,1158,-1,807,806,1159,-1,810,809,1160,-1,813,812,1161,-1,816,815,1162,-1,819,818,1163,-1,822,821,1164,-1,825,824,1165,-1,828,827,1166,-1,845,844,1167,-1,842,841,1168,-1,839,838,1169,-1,836,835,1170,-1,833,832,1171,-1,1172,1173,1174,-1,1175,1176,1177,-1,1178,1179,1180,-1,1181,1182,1183,-1,1184,1185,1186,-1,1187,1188,1189,-1,1190,1191,1192,-1,1193,1194,1195,-1,1196,1197,1198,-1,1199,1200,1201,-1,1202,1203,1204,-1,1205,1206,1207,-1,1208,1209,1210,-1,1211,1212,1213,-1,1214,1215,1216,-1,1217,1218,1219,-1,1218,1217,1220,-1,1221,1222,1223,-1,1224,1225,1226,-1,1225,1224,1227,-1,1228,1229,1230,-1,1231,1232,1233,-1,1232,1231,1234,-1,1235,1236,1237,-1,1174,1238,1239,-1,1240,1241,1173,-1,1173,1241,1174,-1,1174,1241,1242,-1,1174,1242,1238,-1,1243,1239,1235,-1,1236,1244,1245,-1,1245,1244,1246,-1,1245,1246,1234,-1,1247,1233,1228,-1,1229,1248,1249,-1,1249,1248,1250,-1,1249,1250,1251,-1,1252,1251,1253,-1,1253,1254,1255,-1,1255,1254,1256,-1,1256,1257,1258,-1,1258,1257,1227,-1,1259,1226,1221,-1,1222,1260,1261,-1,1261,1260,1262,-1,1261,1262,1263,-1,1264,1263,1265,-1,1265,1266,1267,-1,1267,1266,1268,-1,1268,1269,1270,-1,1270,1269,1220,-1,1271,1219,1214,-1,1211,1213,1215,-1,1208,1210,1272,-1,1205,1207,1273,-1,1199,1201,1274,-1,1187,1189,1275,-1,1175,1177,1276,-1,1277,1240,1278,-1,1278,1240,1173,-1,1278,1173,1279,-1,1279,1173,1172,-1,1279,1172,1171,-1,1280,1281,1282,-1,1283,1277,1284,-1,1284,1277,1278,-1,1284,1278,1285,-1,1285,1278,1279,-1,1285,1279,1286,-1,1286,1279,1171,-1,1286,1171,831,-1,831,1171,832,-1,1239,1243,1174,-1,1174,1243,1287,-1,1174,1287,1172,-1,1172,1287,1170,-1,1172,1170,1171,-1,1171,1170,835,-1,1171,835,833,-1,1235,1237,1243,-1,1243,1237,1288,-1,1243,1288,1287,-1,1287,1288,1169,-1,1287,1169,1170,-1,1170,1169,838,-1,1170,838,836,-1,1236,1245,1237,-1,1237,1245,1289,-1,1237,1289,1288,-1,1288,1289,1168,-1,1288,1168,1169,-1,1169,1168,841,-1,1169,841,839,-1,1234,1231,1245,-1,1245,1231,1290,-1,1245,1290,1289,-1,1289,1290,1167,-1,1289,1167,1168,-1,1168,1167,844,-1,1168,844,842,-1,1233,1247,1231,-1,1231,1247,1291,-1,1231,1291,1290,-1,1290,1291,1166,-1,1290,1166,1167,-1,1167,1166,827,-1,1167,827,845,-1,1228,1230,1247,-1,1247,1230,1292,-1,1247,1292,1291,-1,1291,1292,1165,-1,1291,1165,1166,-1,1166,1165,824,-1,1166,824,828,-1,1229,1249,1230,-1,1230,1249,1293,-1,1230,1293,1292,-1,1292,1293,1164,-1,1292,1164,1165,-1,1165,1164,821,-1,1165,821,825,-1,1251,1252,1249,-1,1249,1252,1294,-1,1249,1294,1293,-1,1293,1294,1163,-1,1293,1163,1164,-1,1164,1163,818,-1,1164,818,822,-1,1253,1255,1252,-1,1252,1255,1295,-1,1252,1295,1294,-1,1294,1295,1162,-1,1294,1162,1163,-1,1163,1162,815,-1,1163,815,819,-1,1256,1258,1255,-1,1255,1258,1296,-1,1255,1296,1295,-1,1295,1296,1161,-1,1295,1161,1162,-1,1162,1161,812,-1,1162,812,816,-1,1227,1224,1258,-1,1258,1224,1297,-1,1258,1297,1296,-1,1296,1297,1160,-1,1296,1160,1161,-1,1161,1160,809,-1,1161,809,813,-1,1226,1259,1224,-1,1224,1259,1298,-1,1224,1298,1297,-1,1297,1298,1159,-1,1297,1159,1160,-1,1160,1159,806,-1,1160,806,810,-1,1221,1223,1259,-1,1259,1223,1299,-1,1259,1299,1298,-1,1298,1299,1158,-1,1298,1158,1159,-1,1159,1158,803,-1,1159,803,807,-1,1222,1261,1223,-1,1223,1261,1300,-1,1223,1300,1299,-1,1299,1300,1157,-1,1299,1157,1158,-1,1158,1157,800,-1,1158,800,804,-1,1263,1264,1261,-1,1261,1264,1301,-1,1261,1301,1300,-1,1300,1301,1156,-1,1300,1156,1157,-1,1157,1156,797,-1,1157,797,801,-1,1265,1267,1264,-1,1264,1267,1302,-1,1264,1302,1301,-1,1301,1302,1155,-1,1301,1155,1156,-1,1156,1155,794,-1,1156,794,798,-1,1268,1270,1267,-1,1267,1270,1303,-1,1267,1303,1302,-1,1302,1303,1154,-1,1302,1154,1155,-1,1155,1154,791,-1,1155,791,795,-1,1220,1217,1270,-1,1270,1217,1304,-1,1270,1304,1303,-1,1303,1304,1153,-1,1303,1153,1154,-1,1154,1153,788,-1,1154,788,792,-1,1219,1271,1217,-1,1217,1271,1305,-1,1217,1305,1304,-1,1304,1305,1152,-1,1304,1152,1153,-1,1153,1152,785,-1,1153,785,789,-1,1214,1216,1271,-1,1271,1216,1306,-1,1271,1306,1305,-1,1305,1306,1151,-1,1305,1151,1152,-1,1152,1151,782,-1,1152,782,786,-1,1215,1213,1216,-1,1216,1213,1307,-1,1216,1307,1306,-1,1306,1307,1150,-1,1306,1150,1151,-1,1151,1150,779,-1,1151,779,783,-1,1213,1280,1307,-1,1307,1280,1282,-1,1307,1282,1150,-1,1150,1282,776,-1,1150,776,780,-1,849,847,1308,-1,1308,847,1281,-1,1308,1281,1309,-1,1309,1281,1280,-1,1309,1280,1310,-1,1310,1280,1213,-1,1310,1213,1311,-1,1311,1213,1212,-1,847,774,1281,-1,1281,774,773,-1,1281,773,1282,-1,1282,773,777,-1,1282,777,776,-1,850,849,1149,-1,1149,849,1308,-1,1149,1308,1312,-1,1312,1308,1309,-1,1312,1309,1313,-1,1313,1309,1310,-1,1313,1310,1314,-1,1314,1310,1311,-1,853,851,1148,-1,1148,851,1149,-1,1148,1149,1315,-1,1315,1149,1312,-1,1315,1312,1316,-1,1316,1312,1313,-1,1316,1313,1317,-1,1317,1313,1314,-1,856,854,1147,-1,1147,854,1148,-1,1147,1148,1318,-1,1318,1148,1315,-1,1318,1315,1210,-1,1210,1315,1316,-1,1210,1316,1272,-1,1272,1316,1317,-1,859,857,1146,-1,1146,857,1147,-1,1146,1147,1319,-1,1319,1147,1318,-1,1319,1318,1320,-1,1320,1318,1210,-1,1320,1210,1321,-1,1321,1210,1209,-1,862,860,1145,-1,1145,860,1146,-1,1145,1146,1322,-1,1322,1146,1319,-1,1322,1319,1323,-1,1323,1319,1320,-1,1323,1320,1324,-1,1324,1320,1321,-1,865,863,1144,-1,1144,863,1145,-1,1144,1145,1325,-1,1325,1145,1322,-1,1325,1322,1207,-1,1207,1322,1323,-1,1207,1323,1273,-1,1273,1323,1324,-1,868,866,1143,-1,1143,866,1144,-1,1143,1144,1326,-1,1326,1144,1325,-1,1326,1325,1204,-1,1204,1325,1207,-1,1204,1207,1202,-1,1202,1207,1206,-1,871,869,1142,-1,1142,869,1143,-1,1142,1143,1327,-1,1327,1143,1326,-1,1327,1326,1328,-1,1328,1326,1204,-1,1328,1204,1329,-1,1329,1204,1203,-1,874,872,1141,-1,1141,872,1142,-1,1141,1142,1330,-1,1330,1142,1327,-1,1330,1327,1331,-1,1331,1327,1328,-1,1331,1328,1332,-1,1332,1328,1329,-1,877,875,1140,-1,1140,875,1141,-1,1140,1141,1333,-1,1333,1141,1330,-1,1333,1330,1201,-1,1201,1330,1331,-1,1201,1331,1274,-1,1274,1331,1332,-1,880,878,1139,-1,1139,878,1140,-1,1139,1140,1334,-1,1334,1140,1333,-1,1334,1333,1335,-1,1335,1333,1201,-1,1335,1201,1336,-1,1336,1201,1200,-1,770,881,1138,-1,1138,881,1139,-1,1138,1139,1337,-1,1337,1139,1334,-1,1337,1334,1198,-1,1198,1334,1335,-1,1198,1335,1196,-1,1196,1335,1336,-1,767,771,1137,-1,1137,771,1138,-1,1137,1138,1338,-1,1338,1138,1337,-1,1338,1337,1195,-1,1195,1337,1198,-1,1195,1198,1193,-1,1193,1198,1197,-1,764,768,1136,-1,1136,768,1137,-1,1136,1137,1339,-1,1339,1137,1338,-1,1339,1338,1192,-1,1192,1338,1195,-1,1192,1195,1190,-1,1190,1195,1194,-1,761,765,1135,-1,1135,765,1136,-1,1135,1136,1340,-1,1340,1136,1339,-1,1340,1339,1341,-1,1341,1339,1192,-1,1341,1192,1342,-1,1342,1192,1191,-1,758,762,1134,-1,1134,762,1135,-1,1134,1135,1343,-1,1343,1135,1340,-1,1343,1340,1344,-1,1344,1340,1341,-1,1344,1341,1345,-1,1345,1341,1342,-1,755,759,1133,-1,1133,759,1134,-1,1133,1134,1346,-1,1346,1134,1343,-1,1346,1343,1189,-1,1189,1343,1344,-1,1189,1344,1275,-1,1275,1344,1345,-1,752,756,1132,-1,1132,756,1133,-1,1132,1133,1347,-1,1347,1133,1346,-1,1347,1346,1348,-1,1348,1346,1189,-1,1348,1189,1349,-1,1349,1189,1188,-1,883,753,1131,-1,1131,753,1132,-1,1131,1132,1350,-1,1350,1132,1347,-1,1350,1347,1186,-1,1186,1347,1348,-1,1186,1348,1184,-1,1184,1348,1349,-1,885,884,1130,-1,1130,884,1131,-1,1130,1131,1351,-1,1351,1131,1350,-1,1351,1350,1183,-1,1183,1350,1186,-1,1183,1186,1181,-1,1181,1186,1185,-1,887,886,1129,-1,1129,886,1130,-1,1129,1130,1352,-1,1352,1130,1351,-1,1352,1351,1180,-1,1180,1351,1183,-1,1180,1183,1178,-1,1178,1183,1182,-1,890,889,1128,-1,1128,889,1129,-1,1128,1129,1353,-1,1353,1129,1352,-1,1353,1352,1354,-1,1354,1352,1180,-1,1354,1180,1355,-1,1355,1180,1179,-1,893,892,1127,-1,1127,892,1128,-1,1127,1128,1356,-1,1356,1128,1353,-1,1356,1353,1357,-1,1357,1353,1354,-1,1357,1354,1358,-1,1358,1354,1355,-1,896,895,1359,-1,1359,895,1127,-1,1359,1127,1360,-1,1360,1127,1356,-1,1360,1356,1177,-1,1177,1356,1357,-1,1177,1357,1276,-1,1276,1357,1358,-1,1176,1361,1177,-1,1177,1361,1362,-1,1177,1362,1360,-1,1360,1362,1363,-1,1360,1363,1359,-1,1359,1363,1364,-1,1359,1364,896,-1,896,1364,912,-1,1365,1366,1367,-1,1368,1369,1370,-1,1371,1372,1373,-1,1374,1375,1376,-1,1377,1378,1379,-1,1380,1381,1382,-1,1383,1384,1385,-1,1386,1387,1388,-1,1389,1390,1391,-1,1392,1393,1394,-1,1395,1396,1397,-1,1398,1399,1400,-1,1401,1402,1403,-1,1404,1405,1406,-1,1407,1408,1409,-1,1410,1411,1412,-1,1413,1414,1415,-1,1416,1417,1418,-1,1419,1420,1421,-1,1422,1423,1424,-1,1425,1426,1427,-1,1428,1429,1430,-1,1367,1431,1432,-1,1433,1434,1435,-1,1436,1437,1438,-1,1438,1437,1439,-1,1438,1439,1440,-1,1441,1442,1443,-1,1443,1442,1444,-1,1443,1444,1445,-1,1445,1444,1446,-1,1445,1446,1447,-1,1447,1446,1448,-1,1447,1448,1449,-1,1449,1448,1450,-1,1451,1452,1453,-1,1453,1452,1454,-1,1453,1454,1455,-1,1455,1454,1456,-1,1455,1456,1457,-1,1457,1456,1458,-1,1452,1436,1454,-1,1454,1436,1438,-1,1454,1438,1456,-1,1456,1438,1440,-1,1456,1440,1458,-1,1458,1440,1435,-1,1439,1459,1440,-1,1440,1459,1460,-1,1440,1460,1435,-1,1435,1460,1461,-1,1435,1461,1433,-1,1462,1463,1448,-1,1448,1463,1464,-1,1448,1464,1450,-1,1462,1448,1465,-1,1465,1448,1466,-1,1465,1466,1467,-1,1434,1468,1435,-1,1435,1468,1469,-1,1435,1469,1470,-1,1470,1471,1435,-1,1435,1471,1432,-1,1435,1432,1458,-1,1458,1432,1431,-1,1458,1431,1457,-1,1472,1473,1466,-1,1466,1473,1474,-1,1466,1474,1467,-1,1442,1475,1444,-1,1444,1475,1476,-1,1444,1476,1446,-1,1446,1476,1477,-1,1446,1477,1448,-1,1448,1477,1478,-1,1448,1478,1466,-1,1466,1478,1479,-1,1466,1479,1472,-1,1472,1479,1430,-1,1480,1481,1482,-1,1482,1481,1483,-1,1482,1483,1484,-1,1484,1483,1485,-1,1484,1485,1486,-1,1486,1485,1487,-1,1486,1487,1488,-1,1488,1487,1489,-1,1488,1489,1490,-1,1490,1489,1418,-1,1491,1492,1493,-1,1493,1492,1494,-1,1493,1494,1495,-1,1495,1494,1496,-1,1495,1496,1497,-1,1497,1496,1498,-1,1497,1498,1499,-1,1499,1498,1500,-1,1499,1500,1501,-1,1501,1500,1412,-1,1502,1503,1504,-1,1504,1503,1505,-1,1504,1505,1506,-1,1506,1505,1507,-1,1506,1507,1508,-1,1508,1507,1509,-1,1508,1509,1510,-1,1510,1509,1511,-1,1510,1511,1512,-1,1512,1511,1409,-1,1513,1514,1515,-1,1515,1514,1516,-1,1515,1516,1517,-1,1517,1516,1518,-1,1517,1518,1519,-1,1519,1518,1520,-1,1519,1520,1521,-1,1521,1520,1522,-1,1521,1522,1523,-1,1523,1522,1403,-1,1524,1525,1526,-1,1526,1525,1527,-1,1526,1527,1528,-1,1528,1527,1529,-1,1528,1529,1530,-1,1530,1529,1531,-1,1530,1531,1532,-1,1532,1531,1533,-1,1532,1533,1534,-1,1534,1533,1400,-1,1535,1536,1537,-1,1537,1536,1538,-1,1537,1538,1539,-1,1539,1538,1540,-1,1539,1540,1541,-1,1541,1540,1542,-1,1541,1542,1543,-1,1543,1542,1544,-1,1543,1544,1545,-1,1545,1544,1397,-1,1546,1547,1548,-1,1548,1547,1549,-1,1548,1549,1550,-1,1550,1549,1551,-1,1550,1551,1552,-1,1552,1551,1553,-1,1552,1553,1554,-1,1554,1553,1555,-1,1554,1555,1556,-1,1556,1555,1385,-1,1557,1558,1559,-1,1559,1558,1560,-1,1559,1560,1561,-1,1561,1560,1562,-1,1561,1562,1563,-1,1563,1562,1564,-1,1563,1564,1565,-1,1565,1564,1566,-1,1565,1566,1567,-1,1567,1566,1379,-1,1568,1569,1570,-1,1570,1569,1571,-1,1570,1571,1572,-1,1572,1571,1573,-1,1572,1573,1574,-1,1574,1573,1575,-1,1574,1575,1576,-1,1576,1575,1577,-1,1576,1577,1578,-1,1578,1577,1376,-1,1579,1580,1581,-1,1581,1580,1582,-1,1581,1582,1583,-1,1583,1582,1584,-1,1583,1584,1585,-1,1585,1584,1586,-1,1585,1586,1587,-1,1587,1586,1588,-1,1587,1588,1589,-1,1589,1588,1370,-1,1470,1590,1471,-1,1471,1590,1591,-1,1471,1591,1592,-1,1367,1432,1593,-1,1593,1432,1471,-1,1593,1471,1594,-1,1594,1471,1592,-1,1594,1592,1595,-1,1596,1597,1472,-1,1472,1597,1598,-1,1472,1598,1473,-1,1430,1429,1472,-1,1472,1429,1599,-1,1472,1599,1596,-1,1600,1428,1601,-1,1601,1428,1430,-1,1601,1430,1602,-1,1602,1430,1479,-1,1602,1479,1603,-1,1603,1479,1478,-1,1603,1478,1604,-1,1604,1478,1477,-1,1604,1477,1605,-1,1605,1477,1476,-1,1605,1476,1606,-1,1606,1476,1475,-1,1606,1607,1605,-1,1605,1607,1608,-1,1605,1608,1604,-1,1604,1608,1609,-1,1604,1609,1603,-1,1603,1609,1610,-1,1603,1610,1602,-1,1602,1610,1611,-1,1602,1611,1601,-1,1601,1611,1427,-1,1601,1427,1600,-1,1600,1427,1426,-1,1423,1425,1424,-1,1424,1425,1427,-1,1424,1427,1612,-1,1612,1427,1611,-1,1612,1611,1613,-1,1613,1611,1610,-1,1613,1610,1614,-1,1614,1610,1609,-1,1614,1609,1615,-1,1615,1609,1608,-1,1615,1608,1616,-1,1616,1608,1607,-1,1420,1422,1421,-1,1421,1422,1424,-1,1421,1424,1617,-1,1617,1424,1612,-1,1617,1612,1618,-1,1618,1612,1613,-1,1618,1613,1619,-1,1619,1613,1614,-1,1619,1614,1620,-1,1620,1614,1615,-1,1620,1615,1621,-1,1621,1615,1616,-1,1622,1419,1623,-1,1623,1419,1421,-1,1623,1421,1624,-1,1624,1421,1617,-1,1624,1617,1625,-1,1625,1617,1618,-1,1625,1618,1626,-1,1626,1618,1619,-1,1626,1619,1627,-1,1627,1619,1620,-1,1627,1620,1628,-1,1628,1620,1621,-1,1628,1480,1627,-1,1627,1480,1482,-1,1627,1482,1626,-1,1626,1482,1484,-1,1626,1484,1625,-1,1625,1484,1486,-1,1625,1486,1624,-1,1624,1486,1488,-1,1624,1488,1623,-1,1623,1488,1490,-1,1623,1490,1622,-1,1622,1490,1629,-1,1418,1417,1490,-1,1490,1417,1630,-1,1490,1630,1629,-1,1631,1416,1632,-1,1632,1416,1418,-1,1632,1418,1633,-1,1633,1418,1489,-1,1633,1489,1634,-1,1634,1489,1487,-1,1634,1487,1635,-1,1635,1487,1485,-1,1635,1485,1636,-1,1636,1485,1483,-1,1636,1483,1637,-1,1637,1483,1481,-1,1637,1638,1636,-1,1636,1638,1639,-1,1636,1639,1635,-1,1635,1639,1640,-1,1635,1640,1634,-1,1634,1640,1641,-1,1634,1641,1633,-1,1633,1641,1642,-1,1633,1642,1632,-1,1632,1642,1415,-1,1632,1415,1631,-1,1631,1415,1414,-1,1643,1413,1501,-1,1501,1413,1415,-1,1501,1415,1499,-1,1499,1415,1642,-1,1499,1642,1497,-1,1497,1642,1641,-1,1497,1641,1495,-1,1495,1641,1640,-1,1495,1640,1493,-1,1493,1640,1639,-1,1493,1639,1491,-1,1491,1639,1638,-1,1412,1411,1501,-1,1501,1411,1644,-1,1501,1644,1643,-1,1645,1410,1646,-1,1646,1410,1412,-1,1646,1412,1647,-1,1647,1412,1500,-1,1647,1500,1648,-1,1648,1500,1498,-1,1648,1498,1649,-1,1649,1498,1496,-1,1649,1496,1650,-1,1650,1496,1494,-1,1650,1494,1651,-1,1651,1494,1492,-1,1651,1502,1650,-1,1650,1502,1504,-1,1650,1504,1649,-1,1649,1504,1506,-1,1649,1506,1648,-1,1648,1506,1508,-1,1648,1508,1647,-1,1647,1508,1510,-1,1647,1510,1646,-1,1646,1510,1512,-1,1646,1512,1645,-1,1645,1512,1652,-1,1409,1408,1512,-1,1512,1408,1653,-1,1512,1653,1652,-1,1654,1407,1655,-1,1655,1407,1409,-1,1655,1409,1656,-1,1656,1409,1511,-1,1656,1511,1657,-1,1657,1511,1509,-1,1657,1509,1658,-1,1658,1509,1507,-1,1658,1507,1659,-1,1659,1507,1505,-1,1659,1505,1660,-1,1660,1505,1503,-1,1660,1661,1659,-1,1659,1661,1662,-1,1659,1662,1658,-1,1658,1662,1663,-1,1658,1663,1657,-1,1657,1663,1664,-1,1657,1664,1656,-1,1656,1664,1665,-1,1656,1665,1655,-1,1655,1665,1406,-1,1655,1406,1654,-1,1654,1406,1405,-1,1666,1404,1523,-1,1523,1404,1406,-1,1523,1406,1521,-1,1521,1406,1665,-1,1521,1665,1519,-1,1519,1665,1664,-1,1519,1664,1517,-1,1517,1664,1663,-1,1517,1663,1515,-1,1515,1663,1662,-1,1515,1662,1513,-1,1513,1662,1661,-1,1403,1402,1523,-1,1523,1402,1667,-1,1523,1667,1666,-1,1668,1401,1669,-1,1669,1401,1403,-1,1669,1403,1670,-1,1670,1403,1522,-1,1670,1522,1671,-1,1671,1522,1520,-1,1671,1520,1672,-1,1672,1520,1518,-1,1672,1518,1673,-1,1673,1518,1516,-1,1673,1516,1674,-1,1674,1516,1514,-1,1674,1524,1673,-1,1673,1524,1526,-1,1673,1526,1672,-1,1672,1526,1528,-1,1672,1528,1671,-1,1671,1528,1530,-1,1671,1530,1670,-1,1670,1530,1532,-1,1670,1532,1669,-1,1669,1532,1534,-1,1669,1534,1668,-1,1668,1534,1675,-1,1400,1399,1534,-1,1534,1399,1676,-1,1534,1676,1675,-1,1677,1398,1678,-1,1678,1398,1400,-1,1678,1400,1679,-1,1679,1400,1533,-1,1679,1533,1680,-1,1680,1533,1531,-1,1680,1531,1681,-1,1681,1531,1529,-1,1681,1529,1682,-1,1682,1529,1527,-1,1682,1527,1683,-1,1683,1527,1525,-1,1683,1684,1682,-1,1682,1684,1685,-1,1682,1685,1681,-1,1681,1685,1686,-1,1681,1686,1680,-1,1680,1686,1687,-1,1680,1687,1679,-1,1679,1687,1688,-1,1679,1688,1678,-1,1678,1688,1689,-1,1678,1689,1677,-1,1677,1689,1690,-1,1684,1535,1685,-1,1685,1535,1537,-1,1685,1537,1686,-1,1686,1537,1539,-1,1686,1539,1687,-1,1687,1539,1541,-1,1687,1541,1688,-1,1688,1541,1543,-1,1688,1543,1689,-1,1689,1543,1545,-1,1689,1545,1690,-1,1690,1545,1691,-1,1397,1396,1545,-1,1545,1396,1692,-1,1545,1692,1691,-1,1693,1395,1694,-1,1694,1395,1397,-1,1694,1397,1695,-1,1695,1397,1544,-1,1695,1544,1696,-1,1696,1544,1542,-1,1696,1542,1697,-1,1697,1542,1540,-1,1697,1540,1698,-1,1698,1540,1538,-1,1698,1538,1699,-1,1699,1538,1536,-1,1699,1700,1698,-1,1698,1700,1701,-1,1698,1701,1697,-1,1697,1701,1702,-1,1697,1702,1696,-1,1696,1702,1703,-1,1696,1703,1695,-1,1695,1703,1704,-1,1695,1704,1694,-1,1694,1704,1394,-1,1694,1394,1693,-1,1693,1394,1393,-1,1390,1392,1391,-1,1391,1392,1394,-1,1391,1394,1705,-1,1705,1394,1704,-1,1705,1704,1706,-1,1706,1704,1703,-1,1706,1703,1707,-1,1707,1703,1702,-1,1707,1702,1708,-1,1708,1702,1701,-1,1708,1701,1709,-1,1709,1701,1700,-1,1387,1389,1388,-1,1388,1389,1391,-1,1388,1391,1710,-1,1710,1391,1705,-1,1710,1705,1711,-1,1711,1705,1706,-1,1711,1706,1712,-1,1712,1706,1707,-1,1712,1707,1713,-1,1713,1707,1708,-1,1713,1708,1714,-1,1714,1708,1709,-1,1715,1386,1716,-1,1716,1386,1388,-1,1716,1388,1717,-1,1717,1388,1710,-1,1717,1710,1718,-1,1718,1710,1711,-1,1718,1711,1719,-1,1719,1711,1712,-1,1719,1712,1720,-1,1720,1712,1713,-1,1720,1713,1721,-1,1721,1713,1714,-1,1721,1546,1720,-1,1720,1546,1548,-1,1720,1548,1719,-1,1719,1548,1550,-1,1719,1550,1718,-1,1718,1550,1552,-1,1718,1552,1717,-1,1717,1552,1554,-1,1717,1554,1716,-1,1716,1554,1556,-1,1716,1556,1715,-1,1715,1556,1722,-1,1385,1384,1556,-1,1556,1384,1723,-1,1556,1723,1722,-1,1724,1383,1725,-1,1725,1383,1385,-1,1725,1385,1726,-1,1726,1385,1555,-1,1726,1555,1727,-1,1727,1555,1553,-1,1727,1553,1728,-1,1728,1553,1551,-1,1728,1551,1729,-1,1729,1551,1549,-1,1729,1549,1730,-1,1730,1549,1547,-1,1730,1731,1729,-1,1729,1731,1732,-1,1729,1732,1728,-1,1728,1732,1733,-1,1728,1733,1727,-1,1727,1733,1734,-1,1727,1734,1726,-1,1726,1734,1735,-1,1726,1735,1725,-1,1725,1735,1382,-1,1725,1382,1724,-1,1724,1382,1381,-1,1736,1380,1567,-1,1567,1380,1382,-1,1567,1382,1565,-1,1565,1382,1735,-1,1565,1735,1563,-1,1563,1735,1734,-1,1563,1734,1561,-1,1561,1734,1733,-1,1561,1733,1559,-1,1559,1733,1732,-1,1559,1732,1557,-1,1557,1732,1731,-1,1379,1378,1567,-1,1567,1378,1737,-1,1567,1737,1736,-1,1738,1377,1739,-1,1739,1377,1379,-1,1739,1379,1740,-1,1740,1379,1566,-1,1740,1566,1741,-1,1741,1566,1564,-1,1741,1564,1742,-1,1742,1564,1562,-1,1742,1562,1743,-1,1743,1562,1560,-1,1743,1560,1744,-1,1744,1560,1558,-1,1744,1568,1743,-1,1743,1568,1570,-1,1743,1570,1742,-1,1742,1570,1572,-1,1742,1572,1741,-1,1741,1572,1574,-1,1741,1574,1740,-1,1740,1574,1576,-1,1740,1576,1739,-1,1739,1576,1578,-1,1739,1578,1738,-1,1738,1578,1745,-1,1376,1375,1578,-1,1578,1375,1746,-1,1578,1746,1745,-1,1747,1374,1748,-1,1748,1374,1376,-1,1748,1376,1749,-1,1749,1376,1577,-1,1749,1577,1750,-1,1750,1577,1575,-1,1750,1575,1751,-1,1751,1575,1573,-1,1751,1573,1752,-1,1752,1573,1571,-1,1752,1571,1753,-1,1753,1571,1569,-1,1753,1754,1752,-1,1752,1754,1755,-1,1752,1755,1751,-1,1751,1755,1756,-1,1751,1756,1750,-1,1750,1756,1757,-1,1750,1757,1749,-1,1749,1757,1758,-1,1749,1758,1748,-1,1748,1758,1373,-1,1748,1373,1747,-1,1747,1373,1372,-1,1759,1371,1589,-1,1589,1371,1373,-1,1589,1373,1587,-1,1587,1373,1758,-1,1587,1758,1585,-1,1585,1758,1757,-1,1585,1757,1583,-1,1583,1757,1756,-1,1583,1756,1581,-1,1581,1756,1755,-1,1581,1755,1579,-1,1579,1755,1754,-1,1370,1369,1589,-1,1589,1369,1760,-1,1589,1760,1759,-1,1761,1368,1762,-1,1762,1368,1370,-1,1762,1370,1763,-1,1763,1370,1588,-1,1763,1588,1764,-1,1764,1588,1586,-1,1764,1586,1765,-1,1765,1586,1584,-1,1765,1584,1766,-1,1766,1584,1582,-1,1766,1582,1767,-1,1767,1582,1580,-1,1767,1451,1766,-1,1766,1451,1453,-1,1766,1453,1765,-1,1765,1453,1455,-1,1765,1455,1764,-1,1764,1455,1457,-1,1764,1457,1763,-1,1763,1457,1431,-1,1763,1431,1762,-1,1762,1431,1367,-1,1762,1367,1761,-1,1761,1367,1366,-1,1365,1367,1768,-1,1768,1367,1593,-1,1768,1593,1769,-1,1769,1593,1594,-1,1769,1594,1770,-1,1770,1594,1595,-1,1770,1595,1771,-1,1772,1683,1773,-1,1773,1683,1525,-1,1773,1525,1774,-1,1775,1700,1776,-1,1776,1700,1699,-1,1776,1699,1777,-1,1778,1714,1775,-1,1775,1714,1709,-1,1775,1709,1700,-1,1779,1547,1780,-1,1780,1547,1546,-1,1780,1546,1778,-1,1778,1546,1721,-1,1778,1721,1714,-1,1699,1536,1777,-1,1777,1536,1535,-1,1777,1535,1772,-1,1772,1535,1684,-1,1772,1684,1683,-1,1781,1557,1782,-1,1782,1557,1731,-1,1782,1731,1779,-1,1779,1731,1730,-1,1779,1730,1547,-1,1783,1638,1784,-1,1784,1638,1637,-1,1784,1637,1785,-1,1525,1524,1774,-1,1774,1524,1674,-1,1774,1674,1786,-1,1787,1744,1781,-1,1781,1744,1558,-1,1781,1558,1557,-1,1788,1753,1789,-1,1789,1753,1569,-1,1789,1569,1787,-1,1787,1569,1568,-1,1787,1568,1744,-1,1790,1442,1791,-1,1791,1442,1441,-1,1791,1441,1792,-1,1793,1606,1790,-1,1790,1606,1475,-1,1790,1475,1442,-1,1794,1621,1795,-1,1795,1621,1616,-1,1795,1616,1793,-1,1793,1616,1607,-1,1793,1607,1606,-1,1796,1492,1783,-1,1783,1492,1491,-1,1783,1491,1638,-1,1797,1503,1798,-1,1798,1503,1502,-1,1798,1502,1796,-1,1796,1502,1651,-1,1796,1651,1492,-1,1674,1514,1786,-1,1786,1514,1513,-1,1786,1513,1799,-1,1799,1513,1661,-1,1799,1661,1797,-1,1797,1661,1660,-1,1797,1660,1503,-1,1637,1481,1785,-1,1785,1481,1480,-1,1785,1480,1794,-1,1794,1480,1628,-1,1794,1628,1621,-1,1800,1579,1788,-1,1788,1579,1754,-1,1788,1754,1753,-1,1801,1451,1802,-1,1802,1451,1767,-1,1802,1767,1800,-1,1800,1767,1580,-1,1800,1580,1579,-1,1803,1437,1804,-1,1804,1437,1436,-1,1804,1436,1801,-1,1801,1436,1452,-1,1801,1452,1451,-1,1805,1806,1790,-1,1792,1807,1808,-1,1790,1806,1793,-1,1806,1809,1793,-1,1793,1809,1810,-1,1793,1810,1795,-1,1810,1811,1795,-1,1795,1811,1812,-1,1795,1812,1794,-1,1794,1812,1813,-1,1794,1813,1785,-1,1785,1813,1814,-1,1785,1814,1784,-1,1784,1814,1815,-1,1784,1815,1783,-1,1783,1815,1816,-1,1783,1816,1796,-1,1796,1816,1817,-1,1796,1817,1798,-1,1798,1817,1818,-1,1798,1818,1797,-1,1797,1818,1819,-1,1797,1819,1799,-1,1799,1819,1820,-1,1799,1820,1786,-1,1786,1820,1821,-1,1786,1821,1774,-1,1774,1821,1822,-1,1774,1822,1773,-1,1822,1823,1773,-1,1773,1823,1824,-1,1773,1824,1772,-1,1824,1825,1772,-1,1772,1825,1826,-1,1772,1826,1777,-1,1777,1826,1827,-1,1777,1827,1776,-1,1776,1827,1828,-1,1776,1828,1775,-1,1775,1828,1829,-1,1775,1829,1778,-1,1778,1829,1830,-1,1778,1830,1780,-1,1780,1830,1831,-1,1780,1831,1779,-1,1779,1831,1832,-1,1779,1832,1782,-1,1782,1832,1833,-1,1782,1833,1781,-1,1781,1833,1834,-1,1781,1834,1787,-1,1787,1834,1835,-1,1787,1835,1789,-1,1789,1835,1836,-1,1789,1836,1788,-1,1836,1837,1788,-1,1788,1837,1838,-1,1788,1838,1800,-1,1838,1839,1800,-1,1800,1839,1840,-1,1800,1840,1802,-1,1802,1840,1841,-1,1802,1841,1801,-1,1801,1841,1842,-1,1801,1842,1804,-1,1804,1842,1843,-1,1804,1843,1803,-1,1803,1843,1844,-1,1803,1844,1845,-1,1790,1791,1805,-1,1805,1791,1792,-1,1805,1792,1846,-1,1846,1792,1808,-1,1846,1808,1847,-1,1847,1808,1848,-1,1847,1848,1849,-1,1849,1848,1850,-1,1849,1850,1851,-1,1851,1850,1852,-1,1851,1852,1844,-1,1844,1852,1853,-1,1844,1853,1845,-1,1854,1855,1856,-1,1857,1858,1859,-1,1860,1861,1862,-1,1862,1861,1863,-1,1863,1861,1864,-1,1863,1864,1865,-1,1858,1866,1859,-1,1859,1866,1867,-1,1859,1867,1868,-1,1868,1867,1869,-1,1868,1869,1870,-1,1870,1869,1871,-1,1862,1872,1860,-1,1860,1872,1873,-1,1860,1873,1874,-1,1874,1873,1875,-1,1874,1875,1876,-1,1876,1875,1877,-1,1876,1877,1878,-1,1878,1877,1879,-1,1880,1881,1869,-1,1869,1881,1882,-1,1869,1882,1871,-1,1856,1855,1883,-1,1883,1855,1884,-1,1883,1884,1885,-1,1886,1887,1888,-1,1888,1887,1889,-1,1886,1888,1890,-1,1890,1888,1891,-1,1890,1891,1892,-1,1893,1894,1859,-1,1859,1894,1895,-1,1859,1895,1857,-1,1887,1896,1889,-1,1889,1896,1897,-1,1889,1897,1898,-1,1898,1897,1899,-1,1898,1899,1900,-1,1901,1902,1891,-1,1891,1902,1903,-1,1891,1903,1892,-1,1879,1881,1878,-1,1878,1881,1880,-1,1878,1880,1904,-1,1904,1880,1905,-1,1904,1905,1906,-1,1906,1905,1907,-1,1906,1907,1908,-1,1908,1907,1909,-1,1909,1907,1910,-1,1909,1910,1911,-1,1884,1912,1885,-1,1885,1912,1913,-1,1885,1913,1900,-1,1900,1913,1914,-1,1900,1914,1915,-1,1865,1864,1916,-1,1916,1864,1917,-1,1916,1917,1918,-1,1918,1917,1919,-1,1918,1919,1920,-1,1920,1919,1921,-1,1920,1921,1922,-1,1922,1921,1923,-1,1922,1923,1901,-1,1901,1923,1924,-1,1901,1924,1902,-1,1925,1926,1910,-1,1910,1926,1927,-1,1910,1927,1911,-1,1893,1898,1894,-1,1894,1898,1900,-1,1894,1900,1928,-1,1928,1900,1915,-1,1854,1856,1929,-1,1929,1856,1930,-1,1929,1930,1931,-1,1931,1930,1932,-1,1931,1932,1933,-1,1933,1932,1934,-1,1933,1934,1935,-1,1935,1934,1936,-1,1935,1936,1925,-1,1925,1936,1937,-1,1925,1937,1926,-1,1938,1939,1940,-1,1899,1897,1941,-1,1941,1897,1942,-1,1942,1897,1896,-1,1942,1896,1943,-1,1943,1896,1887,-1,1943,1887,1944,-1,1944,1887,1886,-1,1944,1886,1945,-1,1945,1886,1890,-1,1945,1890,1946,-1,1946,1890,1892,-1,1946,1892,1947,-1,1947,1892,1903,-1,1947,1903,1948,-1,1948,1903,1902,-1,1948,1902,1949,-1,1949,1902,1924,-1,1949,1924,1950,-1,1950,1924,1923,-1,1950,1923,1951,-1,1951,1923,1921,-1,1951,1921,1952,-1,1952,1921,1919,-1,1952,1919,1953,-1,1953,1919,1917,-1,1953,1917,1954,-1,1954,1917,1864,-1,1954,1864,1955,-1,1955,1864,1861,-1,1955,1861,1956,-1,1956,1861,1860,-1,1956,1860,1957,-1,1957,1860,1874,-1,1957,1874,1958,-1,1958,1874,1876,-1,1958,1876,1959,-1,1959,1876,1878,-1,1959,1878,1960,-1,1960,1878,1904,-1,1960,1904,1961,-1,1961,1904,1906,-1,1961,1906,1962,-1,1962,1906,1908,-1,1962,1908,1963,-1,1963,1908,1909,-1,1963,1909,1964,-1,1964,1909,1911,-1,1964,1911,1965,-1,1965,1911,1927,-1,1965,1927,1966,-1,1966,1927,1926,-1,1966,1926,1967,-1,1967,1926,1937,-1,1967,1937,1968,-1,1968,1937,1936,-1,1968,1936,1969,-1,1969,1936,1934,-1,1969,1934,1970,-1,1970,1934,1932,-1,1970,1932,1971,-1,1971,1932,1930,-1,1971,1930,1972,-1,1941,1973,1899,-1,1899,1973,1938,-1,1899,1938,1900,-1,1900,1938,1940,-1,1900,1940,1885,-1,1885,1940,1974,-1,1885,1974,1883,-1,1883,1974,1975,-1,1883,1975,1856,-1,1856,1975,1976,-1,1856,1976,1930,-1,1930,1976,1977,-1,1930,1977,1972,-1,1941,389,1973,-1,1973,389,390,-1,1973,390,1938,-1,1947,379,1946,-1,1946,379,380,-1,1946,380,1945,-1,1966,348,1965,-1,1965,348,349,-1,1965,349,1964,-1,1942,387,1941,-1,1941,387,388,-1,1941,388,389,-1,1948,377,1947,-1,1947,377,378,-1,1947,378,379,-1,349,350,1964,-1,1964,350,351,-1,1964,351,1963,-1,1967,346,1966,-1,1966,346,347,-1,1966,347,348,-1,1969,343,1968,-1,1968,343,344,-1,1968,344,1967,-1,1967,344,345,-1,1967,345,346,-1,1944,384,1943,-1,1943,384,385,-1,1943,385,1942,-1,1942,385,386,-1,1942,386,387,-1,1958,361,1957,-1,1957,361,362,-1,1957,362,1956,-1,1950,374,1949,-1,1949,374,375,-1,1949,375,1948,-1,1948,375,376,-1,1948,376,377,-1,1952,371,1951,-1,1951,371,372,-1,1951,372,1950,-1,1950,372,373,-1,1950,373,374,-1,1961,356,1960,-1,1960,356,357,-1,1960,357,1959,-1,351,352,1963,-1,1963,352,353,-1,1963,353,1962,-1,1962,353,354,-1,1962,354,1961,-1,1961,354,355,-1,1961,355,356,-1,1971,0,1970,-1,1970,0,341,-1,1970,341,1969,-1,1969,341,342,-1,1969,342,343,-1,380,381,1945,-1,1945,381,382,-1,1945,382,1944,-1,1944,382,383,-1,1944,383,384,-1,362,363,1956,-1,1956,363,364,-1,1956,364,1955,-1,357,358,1959,-1,1959,358,359,-1,1959,359,1958,-1,1958,359,360,-1,1958,360,361,-1,1953,369,1952,-1,1952,369,370,-1,1952,370,371,-1,364,365,1955,-1,1955,365,366,-1,1955,366,1954,-1,1954,366,367,-1,1954,367,1953,-1,1953,367,368,-1,1953,368,369,-1,
        ]
    }
}
Shape{
    appearance Appearance {
        material  Material 	{
            diffuseColor 0.8509803921568627 0.8509803921568627 0.8509803921568627
            specularColor 0.4235294117647059 0.4235294117647059 0.4235294117647059
            ambientIntensity 0.851
            transparency 0.0
            shininess 0.5
        }
    }
    geometry IndexedFaceSet {
        ccw TRUE
        solid FALSE
        coord DEF co Coordinate {
            point [
                -3.1496 -0.0401 13.7012, -3.102 -0.5477 13.7012, -0.0229 -0.0401 13.7012, -2.9599 -1.078 13.7012, -0.0002 -3.1504 13.7012, 0.5467 -3.1025 13.7012, 1.077 -2.9604 13.7012, 1.5404 -2.7479 13.7012, -2.0247 -2.4135 13.7012, -1.575 -2.7284 13.7012, -2.7278 -1.5756 13.7012, -2.4129 -2.0253 13.7012, -1.0774 -2.9604 13.7012, -0.5471 -3.1025 13.7012, 1.5404 2.7463 13.7012, 1.7581 3.1234 13.7012, 1.5746 2.7269 13.7012, 1.8262 3.084 13.7012, 1.6086 2.707 13.7012, -3.5849 -0.0401 13.7012, -3.1498 -0.0008 13.7012, -3.5849 0.0386 13.7012, -3.1496 0.0386 13.7012, 1.8262 -3.0855 13.6224, 1.7581 -3.1249 13.6224, 1.8262 -3.0855 13.7012, 1.7581 -3.1249 13.7012, -0.0229 -0.0401 13.6224, -3.5849 -0.0401 13.6224, -3.5849 0.0386 13.6224, -0.0229 0.0386 13.6224, -0.0229 0.0386 13.7012, 1.7581 3.1234 13.6224, 1.8262 3.084 13.6224, 0.0453 -0.0008 13.6224, 0.0453 -0.0008 13.7012, 1.6086 -2.7085 13.7012, 1.5746 -2.7284 13.7012
            ]
        }
        coordIndex [
            0,1,2,-1,2,1,3,-1,4,5,2,-1,2,5,6,-1,2,6,7,-1,2,8,9,-1,3,10,2,-1,2,10,11,-1,2,11,8,-1,9,12,2,-1,2,12,13,-1,2,13,4,-1,14,15,16,-1,16,15,17,-1,16,17,18,-1,0,19,20,-1,20,19,21,-1,20,21,22,-1,23,24,25,-1,25,24,26,-1,26,24,7,-1,7,24,27,-1,7,27,2,-1,2,27,0,-1,0,27,28,-1,0,28,19,-1,28,29,19,-1,19,29,21,-1,21,29,22,-1,22,29,30,-1,22,30,31,-1,31,30,14,-1,14,30,32,-1,14,32,15,-1,32,33,15,-1,15,33,17,-1,17,33,18,-1,18,33,34,-1,18,34,35,-1,35,34,36,-1,36,34,23,-1,36,23,25,-1,24,23,27,-1,27,23,34,-1,27,34,28,-1,28,34,29,-1,33,32,34,-1,34,32,30,-1,34,30,29,-1,36,25,37,-1,37,25,26,-1,37,26,7,-1,
        ]
    }
}
Shape{
    appearance Appearance {
        material  Material 	{
            diffuseColor 0.8117647058823529 0.9882352941176471 1.0
            specularColor 0.403921568627451 0.49411764705882355 0.5019607843137255
            ambientIntensity 0.9368
            transparency 0.0
            shininess 0.5
        }
    }
    geometry IndexedFaceSet {
        ccw TRUE
        solid FALSE
        coord DEF co Coordinate {
            point [
                2.9595 1.0765 -0.0004, 2.7935 1.4536 -0.0004, 3.3174 1.7262 -0.0004, 3.1016 0.5462 -0.0004, 3.7346 0.1986 -0.0004, 3.1494 -0.0008 -0.0004, 3.7346 -0.2001 -0.0004, 3.1016 -0.5477 -0.0004, 3.3174 -1.7278 -0.0004, 2.7935 -1.4551 -0.0004, 3.4824 -1.3648 -0.0004, 2.9595 -1.078 -0.0004, 3.6078 -0.9863 -0.0004, 3.6922 -0.5966 -0.0004, 3.4824 1.3633 -0.0004, 3.6078 0.9848 -0.0004, 3.6922 0.5951 -0.0004, 2.9595 -1.078 13.7799, 2.7935 -1.4551 13.7799, 3.3174 -1.7278 13.7799, 3.3174 1.7262 13.7799, 2.7935 1.4536 13.7799, 3.4824 1.3633 13.7799, 2.9595 1.0765 13.7799, 3.6078 0.9848 13.7799, 3.1016 0.5462 13.7799, 3.1494 -0.0008 13.7799, 3.7346 0.1986 13.7799, 3.6922 0.5951 13.7799, 3.4824 -1.3648 13.7799, 3.6078 -0.9863 13.7799, 3.1016 -0.5477 13.7799, 3.6922 -0.5966 13.7799, 3.7346 -0.2001 13.7799, 3.6529 -1.9025 13.6429, 3.7063 -1.8227 13.633, 3.6277 -1.8893 13.6653, 3.6012 -1.8755 13.6858, 3.677 -1.915 13.6189, 3.6997 -1.9268 13.5933, 3.7497 -1.7963 13.6065, 3.9174 -1.6642 13.4717, 3.917 -1.6632 13.4734, 3.7883 -1.941 13.4729, 3.9066 -1.6733 13.4835, 3.8686 -1.7099 13.5202, 3.7666 -1.9616 13.4935, 3.7355 -1.9454 13.5454, 3.7181 -1.9364 13.5699, 3.7707 -1.7827 13.593, 3.7648 -1.7871 13.5974, 4.0027 -1.5686 13.3788, 3.9696 -1.6857 13.3358, 4.0274 -1.5312 13.3414, 4.0314 -1.5251 13.3353, 3.9975 -1.5765 13.3867, 3.9586 -1.623 13.4333, 3.9179 -1.6623 13.4725, 3.9837 -1.6917 13.2235, 4.0017 -1.6571 13.189, 4.0613 -1.4797 13.2899, 4.1059 -1.3787 13.189, 3.9346 -1.7797 13.3115, 3.9451 -1.7638 13.2957, 3.95 -1.7562 13.2881, 3.8591 -1.8739 13.4058, 3.8648 -1.8668 13.3987, 3.9155 -1.8036 13.3354
            ]
        }
        coordIndex [
            0,1,2,-1,3,4,5,-1,5,4,6,-1,5,6,7,-1,8,9,10,-1,10,9,11,-1,10,11,12,-1,12,11,7,-1,12,7,13,-1,13,7,6,-1,2,14,0,-1,0,14,15,-1,0,15,3,-1,3,15,16,-1,3,16,4,-1,17,18,19,-1,20,21,22,-1,22,21,23,-1,22,23,24,-1,24,23,25,-1,26,27,25,-1,25,27,28,-1,25,28,24,-1,19,29,17,-1,17,29,30,-1,17,30,31,-1,31,30,32,-1,31,32,26,-1,26,32,33,-1,26,33,27,-1,34,35,36,-1,36,35,37,-1,34,38,35,-1,35,38,39,-1,35,39,40,-1,41,42,43,-1,43,42,44,-1,43,44,45,-1,46,43,47,-1,47,43,45,-1,47,45,48,-1,48,45,49,-1,48,49,39,-1,39,49,50,-1,39,50,40,-1,51,52,53,-1,53,52,54,-1,51,55,52,-1,52,55,56,-1,52,56,41,-1,41,56,57,-1,41,57,42,-1,52,58,54,-1,54,58,59,-1,54,59,60,-1,60,59,61,-1,62,63,52,-1,52,63,64,-1,52,64,58,-1,43,65,41,-1,41,65,66,-1,41,66,52,-1,52,66,67,-1,52,67,62,-1,
        ]
    }
}
Shape{
    appearance Appearance {
        material  Material 	{
            diffuseColor 0.2235294117647059 0.2235294117647059 0.2235294117647059
            specularColor 0.11372549019607843 0.11372549019607843 0.11372549019607843
            ambientIntensity 0.2235
            transparency 0.0
            shininess 0.5
        }
    }
    geometry IndexedFaceSet {
        ccw TRUE
        solid FALSE
        coord DEF co Coordinate {
            point [
                4.1059 -1.3787 13.189, 4.0017 -1.6571 13.189, 4.0789 -1.4567 12.9886, 4.18 -1.1341 12.9444, 4.18 -1.1341 12.666, 4.2475 -0.8468 12.657, 4.2396 -0.8854 12.4173, 4.293 -0.5724 12.3827, 4.293 -0.5724 12.1043, 4.3216 -0.2844 12.0947, 4.3207 -0.2975 11.8294, 4.3309 -0.0008 11.811, 4.3309 -0.0008 11.5326, 4.3216 0.2829 12.0947, 4.3207 0.296 11.8294, 4.293 0.5709 12.3827, 4.293 0.5709 12.1043, 4.2475 0.8453 12.657, 4.2396 0.8839 12.4173, 4.18 1.1326 12.9444, 4.18 1.1326 12.666, 4.1059 1.3772 13.189, 4.0789 1.4552 12.9886, 4.0017 1.6556 13.189, 4.1568 1.1469 2.2597, 4.156 1.1528 2.2656, 4.2185 0.8997 2.2655, 4.1415 1.2587 2.3715, 4.1255 1.3171 2.43, 4.2043 1.0387 2.43, 4.2215 0.8747 2.2659, 4.2218 0.9005 2.2918, 4.2112 0.7569 2.1482, 4.1993 0.7178 2.1091, 4.1684 0.889 2.1084, 4.0664 0.8107 1.9236, 4.0892 0.8536 1.9664, 4.1389 0.5744 1.9657, 4.1129 0.5333 1.9246, 4.0431 0.4516 1.8428, 4.0022 0.7299 1.8428, 4.1347 0.5662 1.9574, 4.1005 0.8748 1.9876, 4.1815 0.6587 2.05, 4.16 0.6162 2.0074, 4.2208 0.8196 2.2109, 4.2221 0.9286 2.3199, 4.151 1.1893 2.3021, 4.1141 0.9003 2.0131, 4.1257 0.9305 2.0434, 4.142 0.9963 2.1091, 4.1511 1.0331 2.146, 3.9927 0.3886 1.7799, 3.9886 0.3803 1.7715, 3.953 0.658 1.7708, 3.9377 0.2353 1.6265, 3.9371 0.2053 1.5966, 3.9236 0.3588 1.5968, 3.9223 -0.5764 1.6877, 3.9859 -0.3778 1.7675, 3.9265 -0.5999 1.7112, 3.9882 -0.382 1.7717, 3.9522 -0.6601 1.7715, 3.9929 -0.3904 1.7801, 3.9561 -0.6694 1.7807, 4.0431 -0.4531 1.8428, 4.0022 -0.7315 1.8428, 3.979 -0.3654 1.7551, 3.9459 -0.3623 1.6884, 3.9733 -0.3552 1.7449, 3.9528 -0.2979 1.6876, 3.9495 -0.2888 1.6785, 3.9236 -0.3603 1.5968, 3.9456 -0.2778 1.6675, 3.9337 -0.1821 1.5718, 3.9236 -0.3603 1.5025, 3.9369 -0.1488 1.5385, 3.9403 -0.1129 1.5027, 3.9339 -0.1921 1.5818, 3.934 -0.1952 1.585, 3.9356 -0.2069 1.5966, 3.9306 -0.3609 1.4722, 3.939 -0.3292 1.4405, 3.9422 -0.093 1.4827, 3.953 -0.3005 1.4118, 3.9426 -0.0893 1.479, 3.9641 -0.0218 1.4116, 3.9403 0.1116 1.5028, 3.9442 0.0919 1.4831, 3.9533 0.299 1.4118, 4.0007 0.2148 1.3276, 3.9672 0.2661 1.379, 3.9631 0.02 1.4112, 3.9531 0.0467 1.4379, 3.93 0.354 1.4669, 3.9236 0.3588 1.5025, 3.9355 0.1355 1.5268, 3.9358 0.1472 1.5385, 3.9367 0.1903 1.5816, 3.9805 0.3641 1.7553, 3.96 0.3227 1.7139, 3.9459 0.3608 1.6884, 3.9533 0.2964 1.6876, 3.9509 0.2868 1.6781, 3.9864 0.376 1.7672, 3.9225 0.5746 1.6874, 3.9381 0.6308 1.7437, 3.9732 0.6948 1.8076, 3.9107 0.4628 1.5756, 3.9115 0.4799 1.5928, 3.9117 0.4836 1.5965, 3.9148 0.547 1.6598, 3.929 0.3592 1.4721, 3.923 0.3899 1.5028, 3.9118 0.4466 1.5594, 4.0061 -0.0008 1.3273, 4.0683 -0.0008 1.2565, 4.0657 0.1436 1.2565, 3.9708 -0.0008 1.3905, 4.0051 0.2081 1.321, 4.0657 -0.1452 1.2565, 4.041 -0.1684 1.2797, 4.0014 -0.217 1.3284, 3.9874 -0.2343 1.3456, 3.9793 -0.247 1.3583, 3.9123 -0.4853 1.5966, 3.9125 -0.4816 1.5929, 3.9157 -0.417 1.5284, 3.9225 -0.3915 1.5028, 3.911 -0.5129 1.6242, 4.1947 -0.0008 1.1121, 4.1779 0.0203 1.1331, 4.1252 0.0862 1.1991, 4.1469 -0.0634 1.1747, 4.1784 -0.0221 1.1334
            ]
        }
        coordIndex [
            0,1,2,-1,0,2,3,-1,3,2,4,-1,3,4,5,-1,5,4,6,-1,5,6,7,-1,7,6,8,-1,7,8,9,-1,9,8,10,-1,9,10,11,-1,11,10,12,-1,11,12,13,-1,13,12,14,-1,13,14,15,-1,15,14,16,-1,15,16,17,-1,17,16,18,-1,17,18,19,-1,19,18,20,-1,19,20,21,-1,21,20,22,-1,21,22,23,-1,24,25,26,-1,27,28,29,-1,30,26,31,-1,32,33,34,-1,35,36,37,-1,38,39,40,-1,35,37,40,-1,40,37,41,-1,40,41,38,-1,42,43,36,-1,36,43,44,-1,36,44,37,-1,26,30,34,-1,34,30,45,-1,34,45,32,-1,31,26,46,-1,46,26,25,-1,46,25,29,-1,29,25,47,-1,29,47,27,-1,48,34,42,-1,42,34,33,-1,42,33,43,-1,48,49,34,-1,34,49,50,-1,34,50,26,-1,26,50,51,-1,26,51,24,-1,52,53,54,-1,55,56,57,-1,58,59,60,-1,60,59,61,-1,60,61,62,-1,62,61,63,-1,62,63,64,-1,64,63,65,-1,64,65,66,-1,67,68,69,-1,69,68,70,-1,70,68,71,-1,71,68,72,-1,71,72,73,-1,74,75,76,-1,76,75,77,-1,74,78,75,-1,75,78,79,-1,75,79,72,-1,72,79,80,-1,72,80,73,-1,75,81,77,-1,77,81,82,-1,77,82,83,-1,83,82,84,-1,83,84,85,-1,85,84,86,-1,87,88,89,-1,90,91,92,-1,92,91,89,-1,92,89,93,-1,93,89,88,-1,89,94,87,-1,87,94,95,-1,87,95,96,-1,96,95,97,-1,57,56,95,-1,95,56,98,-1,95,98,97,-1,99,100,101,-1,101,100,102,-1,101,102,57,-1,57,102,103,-1,57,103,55,-1,99,101,104,-1,104,101,105,-1,104,105,53,-1,53,105,106,-1,53,106,54,-1,52,54,39,-1,39,54,107,-1,39,107,40,-1,108,109,57,-1,57,109,110,-1,57,110,101,-1,101,110,111,-1,101,111,105,-1,94,112,95,-1,95,112,113,-1,95,113,57,-1,57,113,114,-1,57,114,108,-1,115,116,117,-1,92,118,90,-1,90,118,115,-1,90,115,119,-1,119,115,117,-1,120,116,121,-1,121,116,115,-1,121,115,122,-1,122,115,118,-1,122,118,123,-1,123,118,86,-1,123,86,124,-1,124,86,84,-1,125,126,72,-1,72,126,127,-1,72,127,75,-1,75,127,128,-1,75,128,81,-1,125,72,129,-1,129,72,68,-1,129,68,58,-1,58,68,67,-1,58,67,59,-1,130,131,116,-1,116,131,132,-1,116,132,117,-1,120,133,116,-1,116,133,134,-1,116,134,130,-1,
        ]
    }
}
Shape{
    appearance Appearance {
        material  Material 	{
            diffuseColor 0.8117647058823529 0.9882352941176471 1.0
            specularColor 0.403921568627451 0.49411764705882355 0.5019607843137255
            ambientIntensity 0.9368
            transparency 0.0
            shininess 0.5
        }
    }
    geometry IndexedFaceSet {
        ccw TRUE
        solid FALSE
        coord DEF co Coordinate {
            point [
                3.8415 -2.0006 0.6693, 3.8415 -2.0006 0.5906, 4.0326 -1.5803 0.6693, 4.0326 -1.5803 0.5906, 4.0741 -1.4551 0.6693, 4.0741 -1.4551 0.5906, 4.1778 -1.142 0.6693, 4.1778 -1.142 0.5906, 4.2337 -0.8841 0.6693, 4.2337 -0.8841 0.5906, 4.2756 -0.6907 0.6693, 4.2756 -0.6907 0.5906, 4.3177 -0.2972 0.6693, 4.3177 -0.2972 0.5906, 4.3247 -0.2316 0.6693, 4.3247 -0.2316 0.5906, 4.3247 0.2301 0.6693, 4.3247 0.2301 0.5906, 4.3177 0.2957 0.6693, 4.3177 0.2957 0.5906, 4.2756 0.6892 0.6693, 4.2756 0.6892 0.5906, 4.2337 0.8826 0.6693, 4.2337 0.8826 0.5906, 4.1778 1.1405 0.6693, 4.1778 1.1405 0.5906, 4.0741 1.4536 0.6693, 4.0741 1.4536 0.5906, 4.0326 1.5788 0.6693, 4.0326 1.5788 0.5906, 3.8415 1.9991 0.6693, 3.8415 1.9991 0.5906, 4.1584 1.1352 0.4376, 4.3046 0.229 0.4376, 4.2557 -0.6875 0.4376, 4.1584 -1.1367 0.4376, 3.4824 -1.3648 -0.0004, 3.6078 -0.9863 -0.0004, 3.6248 -1.4206 0.0197, 3.7553 -1.0266 0.0197, 3.7575 -1.4725 0.0788, 3.8928 -1.0641 0.0788, 3.8714 -1.5172 0.1727, 4.0109 -1.0964 0.1727, 3.9589 -1.5514 0.2951, 4.1015 -1.1211 0.2951, 4.0139 -1.573 0.4376, 3.6922 0.5951 -0.0004, 3.6078 0.9848 -0.0004, 3.8432 0.6194 0.0197, 3.7553 1.0251 0.0197, 3.9839 0.6421 0.0788, 3.8928 1.0626 0.0788, 4.1047 0.6616 0.1727, 4.0109 1.0949 0.1727, 4.1974 0.6766 0.2951, 4.1015 1.1196 0.2951, 4.2557 0.686 0.4376, 3.3174 -1.7278 -0.0004, 3.453 -1.7984 0.0197, 3.5795 -1.8642 0.0788, 3.688 -1.9207 0.1727, 3.7713 -1.9641 0.2951, 3.8237 -1.9913 0.4376, 4.1974 -0.6781 0.2951, 4.1047 -0.6632 0.1727, 3.9839 -0.6437 0.0788, 3.8432 -0.621 0.0197, 3.6922 -0.5966 -0.0004, 4.3046 -0.2306 0.4376, 4.2457 -0.2274 0.2951, 4.1519 -0.2224 0.1727, 4.0297 -0.2159 0.0788, 3.8874 -0.2083 0.0197, 3.7346 -0.2001 -0.0004, 3.7346 0.1986 -0.0004, 3.8874 0.2068 0.0197, 4.0297 0.2144 0.0788, 4.1519 0.2209 0.1727, 4.2457 0.2259 0.2951, 4.0139 1.5714 0.4376, 3.9589 1.5499 0.2951, 3.8714 1.5157 0.1727, 3.7575 1.471 0.0788, 3.6248 1.419 0.0197, 3.4824 1.3633 -0.0004, 3.3174 1.7262 -0.0004, 3.453 1.7969 0.0197, 3.5795 1.8627 0.0788, 3.688 1.9192 0.1727, 3.7713 1.9626 0.2951, 3.8237 1.9898 0.4376, 2.7935 1.4536 13.7795, 2.7935 1.4536 13.7799, 3.3174 1.7262 13.7795, 3.3174 1.7262 13.7799, 3.4529 1.7968 13.7594, 3.453 1.7969 13.7598, 3.5793 1.8626 13.7004, 2.7935 1.4536 -0.0004, 2.7935 1.4536 0.0, 3.3174 1.7262 0.0, 3.4529 1.7968 0.0201, 3.5793 1.8626 0.0791, 3.6878 1.9191 0.173, 3.771 1.9624 0.2953, 3.8233 1.9896 0.4377, 3.8412 1.9989 0.5906, 3.8412 1.9989 0.6693, 3.8261 1.9911 0.8337, 3.8258 1.9909 0.8336, 3.7807 1.9674 0.9909, 3.7803 1.9673 0.9908, 3.7071 1.9291 1.1339, 3.7068 1.929 1.1337, 3.6086 1.8779 1.2565, 3.6084 1.8777 1.2562, 3.5534 1.8491 1.3273, 3.5531 1.849 1.3271, 3.5147 1.829 1.4109, 3.5144 1.8288 1.4108, 3.4948 1.8186 1.5025, 3.4945 1.8185 1.5024, 3.4948 1.8186 1.5968, 3.4945 1.8185 1.5968, 3.5147 1.829 1.6884, 3.5144 1.8288 1.6885, 3.5534 1.8491 1.772, 3.5531 1.849 1.7722, 3.6086 1.8779 1.8428, 3.6084 1.8777 1.8431, 3.7071 1.9291 1.9653, 3.7068 1.929 1.9656, 3.7807 1.9674 2.1084, 3.7803 1.9673 2.1085, 3.8261 1.9911 2.2655, 3.8258 1.9909 2.2656, 3.8415 1.9991 2.43, 3.8412 1.9989 2.43, 3.8415 1.9991 3.112, 3.8415 1.9991 3.3904, 3.8412 1.9989 7.8095, 3.8415 1.9991 13.189, 3.8412 1.9989 13.189, 3.8329 1.9946 13.2957, 3.8233 1.9896 13.3418, 3.8222 1.9891 13.3479, 3.8074 1.9813 13.3989, 3.8013 1.9782 13.415, 3.7986 1.9768 13.4233, 3.7872 1.9708 13.4502, 3.7888 1.9717 13.4472, 3.771 1.9624 13.4843, 3.7666 1.9601 13.4935, 3.7355 1.9439 13.5454, 3.7329 1.9426 13.5485, 3.7181 1.9349 13.5699, 3.7112 1.9313 13.5784, 3.6997 1.9253 13.5933, 3.6997 1.9253 13.5927, 3.6878 1.9191 13.6066, 3.677 1.9135 13.6189, 3.6627 1.906 13.633, 3.6529 1.9009 13.6429, 3.6362 1.8922 13.6575, 3.6277 1.8878 13.6653, 3.6084 1.8777 13.68, 3.6012 1.874 13.6858, 3.5795 1.8627 13.7008, 2.7935 -1.4551 0.0, 2.7935 -1.4551 -0.0004, 3.3174 -1.7278 0.0, 3.4529 -1.7984 0.0201, 3.5793 -1.8641 0.0791, 3.6878 -1.9206 0.173, 3.771 -1.9639 0.2953, 3.8233 -1.9912 0.4377, 3.8412 -2.0005 0.5906, 3.8412 -2.0005 0.6693, 3.8258 -1.9925 0.8336, 3.8261 -1.9926 0.8337, 3.7803 -1.9688 0.9908, 3.7807 -1.9689 0.9909, 3.7068 -1.9305 1.1337, 3.7071 -1.9306 1.1339, 3.6084 -1.8793 1.2562, 3.6086 -1.8794 1.2565, 3.5531 -1.8505 1.3271, 3.5534 -1.8507 1.3273, 3.5144 -1.8304 1.4108, 3.5147 -1.8305 1.4109, 3.4945 -1.82 1.5024, 3.4948 -1.8202 1.5025, 3.4945 -1.82 1.5968, 3.4948 -1.8202 1.5968, 3.5144 -1.8304 1.6885, 3.5147 -1.8305 1.6884, 3.5531 -1.8505 1.7722, 3.5534 -1.8507 1.772, 3.6084 -1.8793 1.8431, 3.6086 -1.8794 1.8428, 3.7068 -1.9305 1.9656, 3.7071 -1.9306 1.9653, 3.7803 -1.9688 2.1085, 3.7807 -1.9689 2.1084, 3.8258 -1.9925 2.2656, 3.8261 -1.9926 2.2655, 3.8412 -2.0005 2.43, 3.8415 -2.0006 2.43, 3.8233 -1.9912 13.3418, 3.8074 -1.9829 13.3989, 3.8013 -1.9797 13.415, 3.7986 -1.9783 13.4233, 3.7872 -1.9723 13.4502, 3.7888 -1.9732 13.4472, 3.771 -1.9639 13.4843, 3.7666 -1.9616 13.4935, 3.7329 -1.9441 13.5485, 3.8415 -2.0006 3.112, 3.8415 -2.0006 3.3904, 3.8412 -2.0005 7.8095, 3.8415 -2.0006 13.189, 3.8412 -2.0005 13.189, 3.8329 -1.9962 13.2957, 3.8222 -1.9906 13.3479, 3.6997 -1.9268 13.5933, 3.7112 -1.9328 13.5784, 3.7181 -1.9364 13.5699, 3.7355 -1.9454 13.5454, 2.7935 -1.4551 13.7799, 2.7935 -1.4551 13.7795, 3.3174 -1.7278 13.7799, 3.3174 -1.7278 13.7795, 3.453 -1.7984 13.7598, 3.4529 -1.7984 13.7594, 3.5795 -1.8642 13.7008, 3.5793 -1.8641 13.7004, 3.6012 -1.8755 13.6858, 3.6084 -1.8793 13.68, 3.6277 -1.8893 13.6653, 3.6362 -1.8938 13.6575, 3.6529 -1.9025 13.6429, 3.6627 -1.9076 13.633, 3.677 -1.915 13.6189, 3.6878 -1.9206 13.6066, 3.6997 -1.9268 13.5927
            ]
        }
        coordIndex [
            0,1,2,-1,2,1,3,-1,2,3,4,-1,4,3,5,-1,4,5,6,-1,6,5,7,-1,6,7,8,-1,8,7,9,-1,8,9,10,-1,10,9,11,-1,10,11,12,-1,12,11,13,-1,12,13,14,-1,14,13,15,-1,14,15,16,-1,16,15,17,-1,16,17,18,-1,18,17,19,-1,18,19,20,-1,20,19,21,-1,20,21,22,-1,22,21,23,-1,22,23,24,-1,24,23,25,-1,24,25,26,-1,26,25,27,-1,26,27,28,-1,28,27,29,-1,28,29,30,-1,30,29,31,-1,27,25,32,-1,19,17,33,-1,13,11,34,-1,9,7,35,-1,36,37,38,-1,38,37,39,-1,38,39,40,-1,40,39,41,-1,40,41,42,-1,42,41,43,-1,42,43,44,-1,44,43,45,-1,44,45,46,-1,46,45,35,-1,47,48,49,-1,49,48,50,-1,49,50,51,-1,51,50,52,-1,51,52,53,-1,53,52,54,-1,53,54,55,-1,55,54,56,-1,55,56,57,-1,57,56,32,-1,58,36,59,-1,59,36,38,-1,59,38,60,-1,60,38,40,-1,60,40,61,-1,61,40,42,-1,61,42,62,-1,62,42,44,-1,62,44,63,-1,63,44,46,-1,63,46,1,-1,1,46,3,-1,35,7,46,-1,46,7,5,-1,46,5,3,-1,11,9,34,-1,34,9,35,-1,34,35,64,-1,64,35,45,-1,64,45,65,-1,65,45,43,-1,65,43,66,-1,66,43,41,-1,66,41,67,-1,67,41,39,-1,67,39,68,-1,68,39,37,-1,15,13,69,-1,69,13,34,-1,69,34,70,-1,70,34,64,-1,70,64,71,-1,71,64,65,-1,71,65,72,-1,72,65,66,-1,72,66,73,-1,73,66,67,-1,73,67,74,-1,74,67,68,-1,74,75,73,-1,73,75,76,-1,73,76,72,-1,72,76,77,-1,72,77,71,-1,71,77,78,-1,71,78,70,-1,70,78,79,-1,70,79,69,-1,69,79,33,-1,69,33,15,-1,15,33,17,-1,21,19,57,-1,57,19,33,-1,57,33,55,-1,55,33,79,-1,55,79,53,-1,53,79,78,-1,53,78,51,-1,51,78,77,-1,51,77,49,-1,49,77,76,-1,49,76,47,-1,47,76,75,-1,32,25,57,-1,57,25,23,-1,57,23,21,-1,29,27,80,-1,80,27,32,-1,80,32,81,-1,81,32,56,-1,81,56,82,-1,82,56,54,-1,82,54,83,-1,83,54,52,-1,83,52,84,-1,84,52,50,-1,84,50,85,-1,85,50,48,-1,85,86,84,-1,84,86,87,-1,84,87,83,-1,83,87,88,-1,83,88,82,-1,82,88,89,-1,82,89,81,-1,81,89,90,-1,81,90,80,-1,80,90,91,-1,80,91,29,-1,29,91,31,-1,92,93,94,-1,94,93,95,-1,94,95,96,-1,96,95,97,-1,96,97,98,-1,99,100,86,-1,86,100,101,-1,86,101,87,-1,87,101,102,-1,87,102,88,-1,88,102,103,-1,88,103,89,-1,89,103,104,-1,89,104,90,-1,90,104,105,-1,90,105,91,-1,91,105,106,-1,91,106,31,-1,31,106,107,-1,31,107,30,-1,30,107,108,-1,30,108,109,-1,109,108,110,-1,109,110,111,-1,111,110,112,-1,111,112,113,-1,113,112,114,-1,113,114,115,-1,115,114,116,-1,115,116,117,-1,117,116,118,-1,117,118,119,-1,119,118,120,-1,119,120,121,-1,121,120,122,-1,121,122,123,-1,123,122,124,-1,123,124,125,-1,125,124,126,-1,125,126,127,-1,127,126,128,-1,127,128,129,-1,129,128,130,-1,129,130,131,-1,131,130,132,-1,131,132,133,-1,133,132,134,-1,133,134,135,-1,135,134,136,-1,135,136,137,-1,137,136,138,-1,137,138,139,-1,139,138,140,-1,140,138,141,-1,140,141,142,-1,142,141,143,-1,142,143,144,-1,144,143,145,-1,144,145,146,-1,146,145,147,-1,147,145,148,-1,147,148,149,-1,149,148,150,-1,149,150,151,-1,151,150,152,-1,151,152,153,-1,153,152,154,-1,154,152,155,-1,154,155,156,-1,156,155,157,-1,156,157,158,-1,157,159,158,-1,158,159,160,-1,158,160,161,-1,161,160,162,-1,161,162,163,-1,163,162,164,-1,163,164,165,-1,165,164,166,-1,165,166,167,-1,167,166,98,-1,167,98,168,-1,168,98,97,-1,169,170,171,-1,171,170,58,-1,171,58,172,-1,172,58,59,-1,172,59,173,-1,173,59,60,-1,173,60,174,-1,174,60,61,-1,174,61,175,-1,175,61,62,-1,175,62,176,-1,176,62,63,-1,176,63,177,-1,177,63,1,-1,177,1,178,-1,178,1,0,-1,178,0,179,-1,179,0,180,-1,179,180,181,-1,181,180,182,-1,181,182,183,-1,183,182,184,-1,183,184,185,-1,185,184,186,-1,185,186,187,-1,187,186,188,-1,187,188,189,-1,189,188,190,-1,189,190,191,-1,191,190,192,-1,191,192,193,-1,193,192,194,-1,193,194,195,-1,195,194,196,-1,195,196,197,-1,197,196,198,-1,197,198,199,-1,199,198,200,-1,199,200,201,-1,201,200,202,-1,201,202,203,-1,203,202,204,-1,203,204,205,-1,205,204,206,-1,205,206,207,-1,207,206,208,-1,209,210,211,-1,211,210,212,-1,211,212,213,-1,213,212,214,-1,213,214,215,-1,215,214,216,-1,215,216,217,-1,208,218,207,-1,207,218,219,-1,207,219,220,-1,220,219,221,-1,220,221,222,-1,222,221,223,-1,222,223,209,-1,209,223,224,-1,209,224,210,-1,225,226,227,-1,227,226,217,-1,227,217,228,-1,228,217,216,-1,229,230,231,-1,231,230,232,-1,231,232,233,-1,233,232,234,-1,233,234,235,-1,235,234,236,-1,235,236,237,-1,237,236,238,-1,237,238,239,-1,239,238,240,-1,239,240,241,-1,241,240,242,-1,241,242,243,-1,243,242,244,-1,243,244,225,-1,225,244,245,-1,225,245,226,-1,
        ]
    }
}
Shape{
    appearance Appearance {
        material  Material 	{
            diffuseColor 0.8509803921568627 0.8509803921568627 0.8509803921568627
            specularColor 0.4235294117647059 0.4235294117647059 0.4235294117647059
            ambientIntensity 0.851
            transparency 0.0
            shininess 0.5
        }
    }
    geometry IndexedFaceSet {
        ccw TRUE
        solid FALSE
        coord DEF co Coordinate {
            point [
                -1.7719 -0.0008 0.0787, -1.7786 0.0502 -1.9685, -1.7786 0.0502 0.0787, -1.7982 0.0977 -1.9685, -1.7982 0.0977 0.0787, -1.8295 0.1384 -1.9685, -1.8295 0.1384 0.0787, -1.8703 0.1697 -1.9685, -1.8703 0.1697 0.0787, -1.9178 0.1894 -1.9685, -1.9178 0.1894 0.0787, -1.9687 0.1961 -1.9685, -1.9687 0.1961 0.0787, -2.0196 0.1894 -1.9685, -2.0196 0.1894 0.0787, -2.0671 0.1697 -1.9685, -2.0671 0.1697 0.0787, -2.1079 0.1384 -1.9685, -2.1079 0.1384 0.0787, -2.1392 0.0977 -1.9685, -2.1392 0.0977 0.0787, -2.1588 0.0502 -1.9685, -2.1588 0.0502 0.0787, -2.1656 -0.0008 -1.9685, -2.1656 -0.0008 0.0787, -2.1588 -0.0517 -1.9685, -2.1588 -0.0517 0.0787, -2.1392 -0.0992 -1.9685, -2.1392 -0.0992 0.0787, -2.1079 -0.14 -1.9685, -2.1079 -0.14 0.0787, -2.0671 -0.1712 -1.9685, -2.0671 -0.1712 0.0787, -2.0196 -0.1909 -1.9685, -2.0196 -0.1909 0.0787, -1.9687 -0.1976 -1.9685, -1.9687 -0.1976 0.0787, -1.9178 -0.1909 -1.9685, -1.9178 -0.1909 0.0787, -1.8703 -0.1712 -1.9685, -1.8703 -0.1712 0.0787, -1.8295 -0.14 -1.9685, -1.8295 -0.14 0.0787, -1.7982 -0.0992 -1.9685, -1.7982 -0.0992 0.0787, -1.7786 -0.0517 -1.9685, -1.7786 -0.0517 0.0787, -1.7719 -0.0008 -1.9685, -1.9687 -0.0008 -1.9685
            ]
        }
        coordIndex [
            0,1,2,-1,2,1,3,-1,2,3,4,-1,4,3,5,-1,4,5,6,-1,6,5,7,-1,6,7,8,-1,8,7,9,-1,8,9,10,-1,10,9,11,-1,10,11,12,-1,12,11,13,-1,12,13,14,-1,14,13,15,-1,14,15,16,-1,16,15,17,-1,16,17,18,-1,18,17,19,-1,18,19,20,-1,20,19,21,-1,20,21,22,-1,22,21,23,-1,22,23,24,-1,24,23,25,-1,24,25,26,-1,26,25,27,-1,26,27,28,-1,28,27,29,-1,28,29,30,-1,30,29,31,-1,30,31,32,-1,32,31,33,-1,32,33,34,-1,34,33,35,-1,34,35,36,-1,36,35,37,-1,36,37,38,-1,38,37,39,-1,38,39,40,-1,40,39,41,-1,40,41,42,-1,42,41,43,-1,42,43,44,-1,44,43,45,-1,44,45,46,-1,46,45,47,-1,46,47,0,-1,0,47,1,-1,27,25,48,-1,48,25,23,-1,48,23,21,-1,33,31,48,-1,48,31,29,-1,48,29,27,-1,39,37,48,-1,48,37,35,-1,48,35,33,-1,45,43,48,-1,48,43,41,-1,48,41,39,-1,3,1,48,-1,48,1,47,-1,48,47,45,-1,9,7,48,-1,48,7,5,-1,48,5,3,-1,15,13,48,-1,48,13,11,-1,48,11,9,-1,21,19,48,-1,48,19,17,-1,48,17,15,-1,
        ]
    }
}
Shape{
    appearance Appearance {
        material  Material 	{
            diffuseColor 1.0 1.0 1.0
            specularColor 0.5019607843137255 0.5019607843137255 0.5019607843137255
            ambientIntensity 1.0
            transparency 0.0
            shininess 0.5
        }
    }
    geometry IndexedFaceSet {
        ccw TRUE
        solid FALSE
        coord DEF co Coordinate {
            point [
                0.4126 4.3103 4.1915, 0.4126 4.3102 4.1915, 0.3784 4.3134 4.2386, 0.3784 4.3134 4.2386, 0.3565 4.3152 4.2925, 0.3565 4.3153 4.2925, 0.3483 4.3159 4.3533, 0.3483 4.3159 4.3533, 0.5686 4.2925 4.1157, 0.5686 4.2924 4.1157, 0.5116 4.2996 4.1274, 0.5116 4.2996 4.1274, 0.4593 4.3055 4.1525, 0.4593 4.3055 4.1525, 0.6694 4.2779 4.1165, 0.6694 4.2779 4.1165, 0.7185 4.2699 4.1697, 0.7185 4.2699 4.1697, 0.717 4.2701 4.157, 0.717 4.2702 4.157, 0.7126 4.2709 4.1454, 0.7126 4.2709 4.1454, 0.7052 4.2721 4.1346, 0.7052 4.2722 4.1346, 0.7013 4.2728 4.1306, 0.7013 4.2728 4.1306, 0.6902 4.2746 4.1226, 0.6902 4.2746 4.1226, 0.679 4.2764 4.1181, 0.679 4.2764 4.1181, 0.6652 4.2786 4.2223, 0.6652 4.2785 4.2223, 0.6784 4.2764 4.2207, 0.6784 4.2765 4.2207, 0.6902 4.2746 4.2162, 0.6902 4.2746 4.2162, 0.7007 4.2728 4.2088, 0.7007 4.2729 4.2088, 0.7079 4.2717 4.2011, 0.7079 4.2717 4.2011, 0.7145 4.2706 4.1895, 0.7145 4.2706 4.1895, 0.718 4.27 4.1765, 0.718 4.27 4.1765, 0.6584 4.2796 4.2212, 0.655 4.2801 4.2205, 0.655 4.2801 4.2205, 0.6636 4.2788 4.222, 0.6584 4.2796 4.221, 0.6635 4.2788 4.2222, 0.5781 4.2912 4.22, 0.5781 4.2912 4.22, 0.4542 4.3061 4.3523, 0.4542 4.306 4.3523, 0.4586 4.3056 4.319, 0.4586 4.3056 4.319, 0.4706 4.3043 4.2887, 0.4706 4.3043 4.2887, 0.4896 4.3022 4.2622, 0.4896 4.3022 4.2622, 0.4916 4.3019 4.26, 0.4916 4.302 4.26, 0.517 4.299 4.2395, 0.517 4.299 4.2395, 0.5472 4.2952 4.2257, 0.5472 4.2953 4.2257, 0.5865 4.2901 4.4865, 0.5865 4.29 4.4865, 0.5539 4.2943 4.4822, 0.5539 4.2944 4.4822, 0.5242 4.2981 4.4705, 0.5242 4.2981 4.4705, 0.4979 4.3012 4.4518, 0.4979 4.3012 4.4518, 0.4786 4.3034 4.43, 0.4786 4.3034 4.43, 0.4628 4.3051 4.4004, 0.4628 4.3052 4.4004, 0.455 4.306 4.3676, 0.455 4.306 4.3676, 0.6001 4.2882 4.4866, 0.6001 4.2881 4.4866, 0.8377 4.2482 4.7017, 0.8377 4.2481 4.7017, 0.7797 4.2591 4.6942, 0.7797 4.2592 4.6942, 0.7263 4.2686 4.6733, 0.7263 4.2686 4.6733, 0.6786 4.2764 4.6396, 0.6786 4.2765 4.6396, 0.6747 4.277 4.636, 0.6747 4.2771 4.636, 0.6364 4.2829 4.5897, 0.6364 4.2829 4.5897, 0.6104 4.2867 4.5345, 0.6104 4.2867 4.5345, 0.9007 4.2352 4.6941, 0.9567 4.223 4.6718, 0.9567 4.2229 4.6718, 1.0026 4.2123 4.6388, 1.0026 4.2123 4.6388, 1.0412 4.2029 4.5933, 1.0412 4.2029 4.5933, 1.0677 4.1963 4.5394, 1.0677 4.1962 4.5394, 0.8755 4.2404 4.6971, 0.9006 4.2353 4.6941, 0.9007 4.2352 4.6941, 1.158 4.1722 4.5657, 1.158 4.1722 4.5657, 1.1177 4.1832 4.5603, 1.1177 4.1832 4.5603, 1.0795 4.1932 4.546, 1.0795 4.1932 4.546, 1.33 4.1206 4.3961, 1.33 4.1206 4.3961, 1.3246 4.1223 4.4375, 1.3246 4.1224 4.4375, 1.3097 4.1271 4.4755, 1.3097 4.1271 4.4755, 1.2858 4.1346 4.5093, 1.2858 4.1347 4.5093, 1.2565 4.1436 4.5351, 1.2565 4.1436 4.5351, 1.2184 4.155 4.5551, 1.2184 4.155 4.5551, 1.1761 4.1671 4.5648, 1.1761 4.1672 4.5648, 1.2287 4.152 4.2383, 1.2287 4.1519 4.2383, 1.2658 4.1408 4.2615, 1.2658 4.1408 4.2615, 1.2962 4.1314 4.2932, 1.2962 4.1314 4.2932, 1.3161 4.1251 4.3276, 1.3161 4.1251 4.3276, 1.3235 4.1227 4.3481, 1.3235 4.1227 4.3482, 1.3281 4.1212 4.3695, 1.3281 4.1212 4.3695, 1.0674 4.1963 4.3498, 1.0674 4.1963 4.3498, 1.1083 4.1857 4.3451, 1.1083 4.1857 4.3451, 1.1461 4.1755 4.3309, 1.1461 4.1755 4.3309, 1.1812 4.1657 4.3068, 1.1812 4.1657 4.3068, 1.2096 4.1575 4.2747, 1.2096 4.1576 4.2747, 0.9397 4.2268 4.2909, 0.9397 4.2267 4.2909, 0.9694 4.22 4.3183, 0.9694 4.22 4.3183, 1.0055 4.2115 4.338, 1.0055 4.2116 4.338, 1.0467 4.2015 4.3485, 1.0467 4.2015 4.3485, 0.9004 4.2344 4.311, 0.8753 4.2392 4.3239, 0.71 4.2714 4.4088, 0.71 4.2713 4.4088, 0.6577 4.2797 4.3179, 0.6577 4.2797 4.3179, 0.8754 4.2399 4.2048, 0.8977 4.2359 4.1932, 0.8977 4.2358 4.1932, 0.8978 4.2359 4.1761, 0.8978 4.2358 4.1761, 0.9093 4.2334 4.116, 0.9298 4.229 4.0781, 0.9298 4.2289 4.0781, 0.956 4.2231 4.0492, 0.956 4.2231 4.0492, 0.9901 4.2152 4.0258, 0.9901 4.2152 4.0258, 1.0283 4.2061 4.0114, 1.0283 4.206 4.0114, 1.0698 4.1957 4.0066, 1.0698 4.1957 4.0066, 0.8989 4.2356 4.1581, 0.9006 4.2353 4.1484, 0.9027 4.2348 4.1368, 0.9027 4.2348 4.1366, 0.9093 4.2334 4.116, 0.8979 4.2358 4.1716, 0.8982 4.2358 4.1661, 0.8981 4.2358 4.1671, 0.8989 4.2356 4.1581, 0.8991 4.2356 4.1562, 1.2312 4.1512 4.1239, 1.2312 4.1512 4.1239, 1.2143 4.1562 4.087, 1.2143 4.1562 4.087, 1.1891 4.1635 4.0555, 1.1891 4.1635 4.0555, 1.1558 4.1728 4.0301, 1.1558 4.1728 4.0301, 1.1165 4.1835 4.0133, 1.1165 4.1835 4.0133, 1.0762 4.194 4.0067, 1.0762 4.1941 4.0067, 1.3673 4.1084 4.2068, 1.3673 4.1084 4.2068, 1.3143 4.1256 4.161, 1.3143 4.1257 4.161, 1.2528 4.1447 4.1305, 1.2528 4.1448 4.1305, 1.4377 4.0843 4.3935, 1.4377 4.0843 4.3935, 1.4298 4.087 4.3264, 1.4298 4.0871 4.3264, 1.4058 4.0954 4.2627, 1.4058 4.0954 4.2627, 1.356 4.1122 4.5876, 1.356 4.1121 4.5876, 1.3975 4.0982 4.5352, 1.3975 4.0982 4.5352, 1.4252 4.0887 4.4739, 1.4252 4.0887 4.4739, 1.4371 4.0845 4.4098, 1.4371 4.0845 4.4098, 1.159 4.172 4.6682, 1.159 4.1719 4.6682, 1.2264 4.1526 4.6603, 1.2264 4.1526 4.6603, 1.2899 4.1333 4.6362, 1.2899 4.1334 4.6362, 1.3444 4.1159 4.5984, 1.3444 4.116 4.5984, 1.1198 4.1827 4.6645, 1.1198 4.1826 4.6645, 1.1395 4.1773 4.6663, 1.1395 4.1773 4.6663, 1.0441 4.2022 4.7391, 1.0441 4.2022 4.7391, 1.0845 4.1919 4.705, 1.0845 4.192 4.705, 0.8387 4.248 4.8042, 0.8387 4.2479 4.8042, 0.8755 4.2403 4.8, 0.9005 4.2351 4.7971, 0.9232 4.2303 4.7944, 0.9232 4.2304 4.7944, 1.0022 4.2123 4.7646, 1.0022 4.2124 4.7646, 0.6071 4.2872 4.7138, 0.6071 4.2872 4.7138, 0.6829 4.2757 4.7655, 0.6829 4.2758 4.7655, 0.7684 4.2612 4.7963, 0.7684 4.2612 4.7963, 0.5158 4.2991 4.5782, 0.5158 4.2991 4.5782, 0.5509 4.2947 4.6478, 0.5509 4.2948 4.6478, 0.3558 4.3153 4.4092, 0.3558 4.3153 4.4092, 0.3763 4.3135 4.4615, 0.3763 4.3136 4.4615, 0.4108 4.3104 4.5103, 0.4108 4.3104 4.5103, 0.4569 4.3058 4.5498, 0.4569 4.3058 4.5498, 0.5076 4.3001 4.5754, 0.5076 4.3001 4.5754, 1.0708 4.1955 4.1091, 1.0708 4.1954 4.1091, 1.0737 4.1947 4.1091, 1.0737 4.1947 4.1091, 1.089 4.1907 4.1117, 1.089 4.1908 4.1117, 1.1044 4.1867 4.1185, 1.1044 4.1868 4.1185, 1.1174 4.1833 4.1286, 1.1174 4.1833 4.1286, 1.1271 4.1807 4.1408, 1.1271 4.1807 4.1408, 1.1337 4.1789 4.1552, 1.1337 4.1789 4.1552, 1.1368 4.178 4.1712, 1.1368 4.1781 4.1712, 1.1358 4.1783 4.1879, 1.1358 4.1783 4.1879, 1.1337 4.1789 4.1961, 1.1337 4.1789 4.1961, 1.1306 4.1797 4.2039, 1.1306 4.1797 4.2039, 1.1217 4.1821 4.218, 1.1217 4.1821 4.218, 1.1149 4.1839 4.2251, 1.1149 4.184 4.2251, 1.1015 4.1875 4.2345, 1.1015 4.1875 4.2345, 1.0865 4.1914 4.2402, 1.0865 4.1914 4.2402, 1.0698 4.1957 4.2423, 1.0698 4.1957 4.2423, 1.0556 4.1993 4.2406, 1.0556 4.1993 4.2406, 1.0398 4.2032 4.2348, 1.0398 4.2033 4.2348, 1.0261 4.2066 4.2255, 1.0261 4.2066 4.2255, 1.0152 4.2092 4.2131, 1.0152 4.2093 4.2131, 1.0079 4.211 4.199, 1.0079 4.211 4.199, 1.0041 4.2119 4.1832, 1.0041 4.2119 4.1832, 1.0042 4.2119 4.1675, 1.0042 4.2119 4.1675, 1.0084 4.2109 4.1512, 1.0084 4.2109 4.1512, 1.0164 4.2089 4.1366, 1.0164 4.209 4.1366, 1.0258 4.2067 4.1262, 1.0258 4.2067 4.1262, 1.0388 4.2035 4.1169, 1.0388 4.2035 4.1169, 1.0536 4.1998 4.1111, 1.0536 4.1998 4.1111, 0.6916 4.2744 4.1994
            ]
        }
        coordIndex [
            0,1,2,-1,0,2,3,-1,3,2,4,-1,3,4,5,-1,5,4,6,-1,5,6,7,-1,8,9,10,-1,8,10,11,-1,11,10,12,-1,11,12,13,-1,13,12,1,-1,13,1,0,-1,8,14,9,-1,9,14,15,-1,16,17,18,-1,16,18,19,-1,19,18,20,-1,19,20,21,-1,21,20,22,-1,21,22,23,-1,23,22,24,-1,23,24,25,-1,25,24,26,-1,25,26,27,-1,27,26,28,-1,27,28,29,-1,29,28,15,-1,29,15,14,-1,30,31,32,-1,30,32,33,-1,33,32,34,-1,33,34,35,-1,35,34,36,-1,35,36,37,-1,37,36,38,-1,37,38,39,-1,39,38,40,-1,39,40,41,-1,41,40,42,-1,41,42,43,-1,43,42,17,-1,43,17,16,-1,44,45,46,-1,47,31,30,-1,46,48,44,-1,44,48,47,-1,44,47,49,-1,49,47,30,-1,45,50,46,-1,46,50,51,-1,52,53,54,-1,52,54,55,-1,55,54,56,-1,55,56,57,-1,57,56,58,-1,57,58,59,-1,59,58,60,-1,59,60,61,-1,61,60,62,-1,61,62,63,-1,63,62,64,-1,63,64,65,-1,65,64,51,-1,65,51,50,-1,66,67,68,-1,66,68,69,-1,69,68,70,-1,69,70,71,-1,71,70,72,-1,71,72,73,-1,73,72,74,-1,73,74,75,-1,75,74,76,-1,75,76,77,-1,77,76,78,-1,77,78,79,-1,79,78,53,-1,79,53,52,-1,66,80,67,-1,67,80,81,-1,82,83,84,-1,82,84,85,-1,85,84,86,-1,85,86,87,-1,87,86,88,-1,87,88,89,-1,89,88,90,-1,89,90,91,-1,91,90,92,-1,91,92,93,-1,93,92,94,-1,93,94,95,-1,95,94,81,-1,95,81,80,-1,96,97,98,-1,98,97,99,-1,98,99,100,-1,100,99,101,-1,100,101,102,-1,102,101,103,-1,102,103,104,-1,83,82,105,-1,105,82,106,-1,105,106,96,-1,96,106,107,-1,96,107,97,-1,108,109,110,-1,108,110,111,-1,111,110,112,-1,111,112,113,-1,113,112,104,-1,113,104,103,-1,114,115,116,-1,114,116,117,-1,117,116,118,-1,117,118,119,-1,119,118,120,-1,119,120,121,-1,121,120,122,-1,121,122,123,-1,123,122,124,-1,123,124,125,-1,125,124,126,-1,125,126,127,-1,127,126,109,-1,127,109,108,-1,128,129,130,-1,128,130,131,-1,131,130,132,-1,131,132,133,-1,133,132,134,-1,133,134,135,-1,135,134,136,-1,136,134,137,-1,136,137,138,-1,137,139,138,-1,138,139,115,-1,138,115,114,-1,140,141,142,-1,140,142,143,-1,143,142,144,-1,143,144,145,-1,145,144,146,-1,145,146,147,-1,147,146,148,-1,147,148,149,-1,149,148,129,-1,149,129,128,-1,150,151,152,-1,150,152,153,-1,153,152,154,-1,153,154,155,-1,155,154,156,-1,155,156,157,-1,157,156,141,-1,157,141,140,-1,151,150,158,-1,151,158,159,-1,159,158,160,-1,159,160,161,-1,160,162,161,-1,161,162,163,-1,163,162,164,-1,164,162,165,-1,164,165,166,-1,165,167,166,-1,166,167,168,-1,169,170,171,-1,171,170,172,-1,171,172,173,-1,173,172,174,-1,173,174,175,-1,175,174,176,-1,175,176,177,-1,177,176,178,-1,177,178,179,-1,180,181,182,-1,182,181,183,-1,182,183,169,-1,169,183,184,-1,169,184,170,-1,168,167,185,-1,185,167,186,-1,185,186,187,-1,187,186,188,-1,187,188,180,-1,180,188,189,-1,180,189,181,-1,190,191,192,-1,190,192,193,-1,193,192,194,-1,193,194,195,-1,195,194,196,-1,195,196,197,-1,197,196,198,-1,197,198,199,-1,199,198,200,-1,199,200,201,-1,201,200,179,-1,201,179,178,-1,202,203,204,-1,202,204,205,-1,205,204,206,-1,205,206,207,-1,207,206,191,-1,207,191,190,-1,208,209,210,-1,208,210,211,-1,211,210,212,-1,211,212,213,-1,213,212,203,-1,213,203,202,-1,214,215,216,-1,214,216,217,-1,217,216,218,-1,217,218,219,-1,219,218,220,-1,219,220,221,-1,221,220,209,-1,221,209,208,-1,222,223,224,-1,222,224,225,-1,225,224,226,-1,225,226,227,-1,227,226,228,-1,227,228,229,-1,229,228,215,-1,229,215,214,-1,230,231,232,-1,230,232,233,-1,233,232,223,-1,233,223,222,-1,234,235,236,-1,234,236,237,-1,237,236,231,-1,237,231,230,-1,238,239,240,-1,238,240,241,-1,241,240,242,-1,241,242,243,-1,243,242,244,-1,243,244,245,-1,245,244,235,-1,245,235,234,-1,246,247,248,-1,246,248,249,-1,249,248,250,-1,249,250,251,-1,251,250,239,-1,251,239,238,-1,252,253,254,-1,252,254,255,-1,255,254,247,-1,255,247,246,-1,7,6,256,-1,7,256,257,-1,257,256,258,-1,257,258,259,-1,259,258,260,-1,259,260,261,-1,261,260,262,-1,261,262,263,-1,263,262,264,-1,263,264,265,-1,265,264,253,-1,265,253,252,-1,266,267,268,-1,266,268,269,-1,269,268,270,-1,269,270,271,-1,271,270,272,-1,271,272,273,-1,273,272,274,-1,273,274,275,-1,275,274,276,-1,275,276,277,-1,277,276,278,-1,277,278,279,-1,279,278,280,-1,279,280,281,-1,281,280,282,-1,281,282,283,-1,283,282,284,-1,284,282,285,-1,284,285,286,-1,285,287,286,-1,286,287,288,-1,286,288,289,-1,289,288,290,-1,289,290,291,-1,291,290,292,-1,291,292,293,-1,293,292,294,-1,293,294,295,-1,295,294,296,-1,295,296,297,-1,297,296,298,-1,297,298,299,-1,299,298,300,-1,299,300,301,-1,301,300,302,-1,301,302,303,-1,303,302,304,-1,303,304,305,-1,305,304,306,-1,305,306,307,-1,307,306,308,-1,307,308,309,-1,309,308,310,-1,309,310,311,-1,311,310,312,-1,311,312,313,-1,313,312,314,-1,313,314,315,-1,315,314,316,-1,315,316,317,-1,317,316,318,-1,317,318,319,-1,319,318,320,-1,319,320,321,-1,321,320,267,-1,321,267,266,-1,193,195,128,-1,80,66,252,-1,252,66,69,-1,252,69,265,-1,265,69,71,-1,265,71,263,-1,263,71,261,-1,71,73,261,-1,261,73,75,-1,261,75,259,-1,259,75,77,-1,259,77,257,-1,257,77,79,-1,257,79,7,-1,7,79,52,-1,7,52,5,-1,5,52,55,-1,5,55,3,-1,3,55,57,-1,3,57,0,-1,57,59,0,-1,0,59,61,-1,0,61,13,-1,13,61,63,-1,13,63,11,-1,11,63,65,-1,11,65,8,-1,8,65,50,-1,8,50,14,-1,14,50,45,-1,14,45,29,-1,49,30,322,-1,322,37,39,-1,30,33,322,-1,322,33,35,-1,322,35,37,-1,39,41,322,-1,322,41,43,-1,322,43,49,-1,49,43,16,-1,49,16,19,-1,19,21,49,-1,49,21,23,-1,49,23,25,-1,45,44,29,-1,29,44,49,-1,29,49,27,-1,27,49,25,-1,89,91,246,-1,246,91,255,-1,255,91,93,-1,255,93,252,-1,252,93,95,-1,252,95,80,-1,299,301,150,-1,299,150,297,-1,307,158,305,-1,305,158,150,-1,305,150,303,-1,303,150,301,-1,307,309,181,-1,181,309,311,-1,181,311,183,-1,183,311,313,-1,275,195,273,-1,273,195,197,-1,273,197,271,-1,271,197,199,-1,271,199,269,-1,269,199,201,-1,269,201,266,-1,266,201,178,-1,266,178,321,-1,321,178,176,-1,321,176,319,-1,319,176,174,-1,319,174,317,-1,317,174,172,-1,317,172,315,-1,315,172,170,-1,315,170,313,-1,313,170,184,-1,313,184,183,-1,275,277,195,-1,195,277,279,-1,195,279,128,-1,128,279,281,-1,128,281,283,-1,283,284,128,-1,128,284,286,-1,128,286,149,-1,149,286,289,-1,149,289,147,-1,147,289,291,-1,147,291,145,-1,145,291,293,-1,145,293,143,-1,143,293,295,-1,155,157,295,-1,295,157,140,-1,295,140,143,-1,297,150,295,-1,295,150,153,-1,295,153,155,-1,97,234,99,-1,99,234,237,-1,99,237,101,-1,101,237,230,-1,101,230,103,-1,89,246,87,-1,87,246,249,-1,87,249,85,-1,85,249,251,-1,85,251,82,-1,82,251,238,-1,82,238,106,-1,106,238,241,-1,106,241,107,-1,107,241,243,-1,107,243,97,-1,97,243,245,-1,97,245,234,-1,131,133,202,-1,202,133,213,-1,213,133,135,-1,213,135,211,-1,135,136,211,-1,211,136,138,-1,211,138,208,-1,208,138,114,-1,208,114,221,-1,221,114,117,-1,221,117,219,-1,219,117,217,-1,217,117,119,-1,217,119,214,-1,214,119,121,-1,214,121,229,-1,229,121,123,-1,229,123,227,-1,227,123,225,-1,225,123,125,-1,225,125,222,-1,125,127,222,-1,222,127,108,-1,222,108,233,-1,233,108,111,-1,233,111,230,-1,230,111,113,-1,230,113,103,-1,202,205,131,-1,131,205,207,-1,131,207,128,-1,128,207,190,-1,128,190,193,-1,307,181,158,-1,158,181,189,-1,158,189,188,-1,162,160,165,-1,165,160,158,-1,165,158,167,-1,167,158,188,-1,167,188,186,-1,
        ]
    }
}
Shape{
    appearance Appearance {
        material  Material 	{
            diffuseColor 0.2235294117647059 0.2235294117647059 0.2235294117647059
            specularColor 0.11372549019607843 0.11372549019607843 0.11372549019607843
            ambientIntensity 0.2235
            transparency 0.0
            shininess 0.5
        }
    }
    geometry IndexedFaceSet {
        ccw TRUE
        solid FALSE
        coord DEF co Coordinate {
            point [
                1.0391 4.2034 4.1967, 1.0261 4.2066 4.2255, 1.0398 4.2032 4.2348, 1.0041 4.2119 4.1832, 1.0042 4.2119 4.1675, 1.0084 4.2109 4.1512, 1.0079 4.211 4.199, 1.0152 4.2092 4.2131, 1.0556 4.1993 4.2406, 1.0698 4.1957 4.2423, 1.0865 4.1914 4.2402, 1.1015 4.1875 4.2345, 1.1149 4.1839 4.2251, 1.1217 4.1821 4.218, 1.1306 4.1797 4.2039, 1.1271 4.1807 4.1408, 1.1174 4.1833 4.1286, 1.1037 4.1869 4.1526, 1.1044 4.1867 4.1185, 1.1337 4.1789 4.1961, 1.1358 4.1783 4.1879, 1.1368 4.178 4.1712, 1.1337 4.1789 4.1552, 1.089 4.1907 4.1117, 1.0737 4.1947 4.1091, 1.0708 4.1954 4.1091, 1.0536 4.1998 4.1111, 1.0388 4.2035 4.1169, 1.0258 4.2067 4.1262, 1.0164 4.2089 4.1366
            ]
        }
        coordIndex [
            0,1,2,-1,3,0,4,-1,4,0,5,-1,3,6,0,-1,0,6,7,-1,0,7,1,-1,2,8,0,-1,0,8,9,-1,0,9,10,-1,10,11,0,-1,0,11,12,-1,0,12,5,-1,5,12,13,-1,5,13,14,-1,15,16,17,-1,17,16,18,-1,17,19,20,-1,20,21,17,-1,17,21,22,-1,17,22,15,-1,18,23,17,-1,17,23,24,-1,17,24,25,-1,25,26,17,-1,17,26,27,-1,17,27,28,-1,14,19,5,-1,5,19,17,-1,5,17,29,-1,29,17,28,-1,
        ]
    }
}
Shape{
    appearance Appearance {
        material  Material 	{
            diffuseColor 1.0 1.0 1.0
            specularColor 0.5019607843137255 0.5019607843137255 0.5019607843137255
            ambientIntensity 1.0
            transparency 0.0
            shininess 0.5
        }
    }
    geometry IndexedFaceSet {
        ccw TRUE
        solid FALSE
        coord DEF co Coordinate {
            point [
                -0.8134 4.2529 4.4878, -0.7792 4.2594 4.4881, -0.8134 4.2529 4.4878, -0.7792 4.2593 4.4881, -0.7551 4.2637 4.554, -0.7551 4.2636 4.554, -0.6551 4.2802 4.5547, -0.6551 4.2801 4.5547, -0.6316 4.2837 4.4891, -0.6316 4.2837 4.4891, -0.5973 4.2886 4.4894, -0.5973 4.2886 4.4894, -0.6905 4.2746 4.7289, -0.6905 4.2746 4.7289, -0.7237 4.2691 4.7287, -0.7237 4.2691 4.7287, -0.7018 4.2727 4.6813, -0.7018 4.2728 4.6813, -0.6651 4.2786 4.5817, -0.6651 4.2786 4.5817, -0.7035 4.2725 4.6886, -0.7035 4.2725 4.6886, -0.7058 4.2721 4.6981, -0.7058 4.2721 4.6981, -0.7065 4.272 4.6981, -0.7065 4.272 4.6981, -0.7065 4.272 4.6981, -0.7087 4.2716 4.688, -0.7087 4.2716 4.688, -0.7102 4.2713 4.6813, -0.7102 4.2714 4.6813, -0.7458 4.2653 4.5812, -0.7458 4.2653 4.5812, -0.7102 4.2714 4.6813
            ]
        }
        coordIndex [
            0,1,2,-1,2,1,3,-1,1,4,3,-1,3,4,5,-1,4,6,5,-1,5,6,7,-1,6,8,7,-1,7,8,9,-1,8,10,9,-1,9,10,11,-1,10,12,11,-1,11,12,13,-1,12,14,13,-1,13,14,15,-1,14,0,15,-1,15,0,2,-1,16,17,18,-1,18,17,19,-1,17,16,20,-1,17,20,21,-1,21,20,22,-1,21,22,23,-1,24,25,22,-1,22,25,23,-1,26,24,27,-1,26,27,28,-1,28,27,29,-1,28,29,30,-1,31,32,33,-1,33,32,30,-1,18,19,31,-1,31,19,32,-1,19,6,32,-1,32,6,4,-1,17,12,19,-1,19,12,10,-1,19,10,6,-1,6,10,8,-1,17,21,12,-1,12,21,23,-1,12,23,14,-1,14,23,25,-1,14,25,28,-1,28,30,14,-1,14,30,32,-1,14,32,0,-1,0,32,4,-1,0,4,1,-1,
        ]
    }
}
Shape{
    appearance Appearance {
        material  Material 	{
            diffuseColor 0.2235294117647059 0.2235294117647059 0.2235294117647059
            specularColor 0.11372549019607843 0.11372549019607843 0.11372549019607843
            ambientIntensity 0.2235
            transparency 0.0
            shininess 0.5
        }
    }
    geometry IndexedFaceSet {
        ccw TRUE
        solid FALSE
        coord DEF co Coordinate {
            point [
                -0.6651 4.2786 4.5817, -0.7458 4.2653 4.5812, -0.7018 4.2727 4.6813, -0.7102 4.2714 4.6813, -0.7035 4.2725 4.6886, -0.7087 4.2716 4.688, -0.7058 4.2721 4.6981, -0.7065 4.272 4.6981
            ]
        }
        coordIndex [
            0,1,2,-1,2,1,3,-1,2,3,4,-1,4,3,5,-1,4,5,6,-1,6,5,7,-1,
        ]
    }
}
Shape{
    appearance Appearance {
        material  Material 	{
            diffuseColor 1.0 1.0 1.0
            specularColor 0.5019607843137255 0.5019607843137255 0.5019607843137255
            ambientIntensity 1.0
            transparency 0.0
            shininess 0.5
        }
    }
    geometry IndexedFaceSet {
        ccw TRUE
        solid FALSE
        coord DEF co Coordinate {
            point [
                0.0239 4.3299 4.1401, 0.0241 4.3299 4.1127, 0.0239 4.3299 4.1401, 0.0241 4.3299 4.1127, 0.1221 4.3283 4.1408, 0.1221 4.3282 4.1408, 0.1215 4.3283 4.2216, 0.1215 4.3282 4.2216, 0.0356 4.3298 4.221, 0.0356 4.3298 4.221, 0.0354 4.3298 4.2485, 0.0354 4.3298 4.2485, 0.1213 4.3283 4.2491, 0.1213 4.3282 4.2491, 0.1208 4.3283 4.326, 0.1208 4.3283 4.326, 0.028 4.3299 4.3253, 0.028 4.3299 4.3253, 0.0278 4.3299 4.3529, 0.0278 4.3299 4.3529, 0.1516 4.3273 4.3538, 0.1516 4.3273 4.3538, 0.1533 4.3273 4.1136, 0.1533 4.3272 4.1136, -0.1433 4.3276 4.2219, -0.1433 4.3276 4.2219, -0.1406 4.3277 4.2472, -0.1406 4.3277 4.2472, -0.1357 4.3278 4.2602, -0.1357 4.3279 4.2602, -0.1294 4.328 4.2695, -0.1294 4.3281 4.2695, -0.1241 4.3282 4.2747, -0.1241 4.3282 4.2747, -0.1146 4.3284 4.2808, -0.1146 4.3285 4.2808, -0.1026 4.3287 4.2851, -0.1026 4.3288 4.2851, -0.0818 4.3292 4.2875, -0.0818 4.3292 4.2875, -0.1426 4.3276 4.1115, -0.1426 4.3276 4.1115, -0.1125 4.3285 4.1117, -0.1125 4.3285 4.1117, -0.1127 4.3285 4.1383, -0.1127 4.3285 4.1383, -0.1119 4.3285 4.1383, -0.1119 4.3285 4.1383, -0.0591 4.3296 4.1081, -0.0591 4.3295 4.1081, -0.0746 4.3293 4.1097, -0.0746 4.3293 4.1097, -0.0868 4.3291 4.114, -0.0868 4.3291 4.114, -0.0976 4.3289 4.121, -0.0976 4.3289 4.121, -0.1071 4.3286 4.1312, -0.1071 4.3287 4.1312, -0.0195 4.3299 4.1219, -0.0195 4.3299 4.1219, -0.0296 4.3298 4.1147, -0.0296 4.3299 4.1147, -0.0411 4.3298 4.1103, -0.0411 4.3298 4.1103, -0.0591 4.3295 4.1081, -0.0195 4.3299 4.1219, -0.0195 4.3299 4.1219, -0.0162 4.33 4.1253, -0.0162 4.3299 4.1253, -0.01 4.33 4.1346, -0.01 4.3299 4.1346, -0.0064 4.33 4.1448, -0.0064 4.3299 4.1448, -0.005 4.33 4.1584, -0.005 4.3299 4.1584, -0.0624 4.3295 4.214, -0.0624 4.3295 4.214, -0.0375 4.3298 4.2078, -0.0375 4.3298 4.2078, -0.0254 4.3299 4.2012, -0.0254 4.3299 4.2012, -0.0165 4.3299 4.1931, -0.0165 4.33 4.1931, -0.0102 4.3299 4.1834, -0.0102 4.33 4.1834, -0.0065 4.3299 4.1724, -0.0065 4.33 4.1724, -0.005 4.33 4.1584, -0.1132 4.3285 4.2208, -0.0624 4.3295 4.214, -0.1132 4.3285 4.2208, -0.0788 4.3293 4.263, -0.0788 4.3292 4.263, -0.089 4.329 4.2619, -0.089 4.3291 4.2619, -0.0959 4.3289 4.2594, -0.0959 4.3289 4.2594, -0.1013 4.3288 4.2559, -0.1013 4.3288 4.2559, -0.1058 4.3287 4.2511, -0.1058 4.3287 4.2511, -0.1093 4.3286 4.2448, -0.1093 4.3286 4.2448, -0.1123 4.3285 4.2341, -0.1123 4.3285 4.2341, -0.0224 4.3299 4.2427, -0.0224 4.3299 4.2427, -0.0432 4.3297 4.2555, -0.0432 4.3298 4.2555, -0.062 4.3295 4.2615, -0.062 4.3295 4.2615, -0.0226 4.3299 4.2719, -0.0226 4.3299 4.2719, -0.0543 4.3296 4.2847, -0.0543 4.3296 4.2847, -0.0314 4.3298 4.2768, -0.0314 4.3299 4.2768, -0.1131 4.3285 4.1978, -0.1131 4.3285 4.1978, -0.0729 4.3293 4.1927, -0.0729 4.3294 4.1927, -0.113 4.3285 4.1814, -0.113 4.3285 4.1814, -0.113 4.3285 4.1814, -0.1129 4.3285 4.1794, -0.1129 4.3285 4.1794, -0.1109 4.3285 4.166, -0.1109 4.3286 4.166, -0.1064 4.3286 4.1553, -0.1064 4.3287 4.1553, -0.0998 4.3288 4.1465, -0.0998 4.3288 4.1465, -0.0998 4.3288 4.1465, -0.096 4.3289 4.1428, -0.096 4.3289 4.1428, -0.0875 4.3291 4.1371, -0.0875 4.3291 4.1371, -0.0783 4.3292 4.1339, -0.0783 4.3293 4.1339, -0.0671 4.3294 4.1327, -0.0671 4.3295 4.1327, -0.0671 4.3294 4.1327, -0.0569 4.3296 4.1339, -0.0569 4.3296 4.1339, -0.0501 4.3297 4.1365, -0.0501 4.3297 4.1365, -0.0442 4.3297 4.1406, -0.0442 4.3298 4.1406, -0.0442 4.3298 4.1406, -0.0442 4.3297 4.1406, -0.0416 4.3297 4.1432, -0.0416 4.3298 4.1432, -0.0382 4.3298 4.1483, -0.0382 4.3298 4.1483, -0.0363 4.3298 4.1538, -0.0363 4.3298 4.1538, -0.0356 4.3298 4.1607, -0.0356 4.3298 4.1607, -0.0437 4.3297 4.1824, -0.0437 4.3298 4.1824, -0.0401 4.3298 4.1779, -0.0401 4.3298 4.1779, -0.0374 4.3298 4.1723, -0.0374 4.3298 4.1723, -0.0359 4.3298 4.1654, -0.0359 4.3298 4.1654, -0.0437 4.3298 4.1824, -0.0437 4.3297 4.1824, -0.048 4.3297 4.1855, -0.048 4.3297 4.1855, -0.0553 4.3296 4.1888, -0.0553 4.3296 4.1888, -0.0729 4.3293 4.1927, -0.0359 4.3298 4.1654, -0.0356 4.3298 4.1607, -0.005 4.33 4.1584, -0.0064 4.33 4.1448
            ]
        }
        coordIndex [
            0,1,2,-1,2,1,3,-1,4,0,5,-1,5,0,2,-1,6,4,7,-1,7,4,5,-1,8,6,9,-1,9,6,7,-1,10,8,11,-1,11,8,9,-1,12,10,13,-1,13,10,11,-1,14,12,15,-1,15,12,13,-1,16,14,17,-1,17,14,15,-1,18,16,19,-1,19,16,17,-1,20,18,21,-1,21,18,19,-1,22,20,23,-1,23,20,21,-1,1,22,3,-1,3,22,23,-1,1,0,22,-1,22,0,4,-1,8,10,6,-1,6,10,12,-1,16,18,14,-1,14,18,20,-1,14,20,12,-1,12,20,22,-1,12,22,6,-1,6,22,4,-1,24,25,26,-1,24,26,27,-1,27,26,28,-1,27,28,29,-1,29,28,30,-1,29,30,31,-1,31,30,32,-1,31,32,33,-1,33,32,34,-1,33,34,35,-1,35,34,36,-1,35,36,37,-1,37,36,38,-1,37,38,39,-1,24,40,25,-1,25,40,41,-1,40,42,41,-1,41,42,43,-1,42,44,43,-1,43,44,45,-1,44,46,45,-1,45,46,47,-1,48,49,50,-1,48,50,51,-1,51,50,52,-1,51,52,53,-1,53,52,54,-1,53,54,55,-1,55,54,56,-1,55,56,57,-1,57,56,47,-1,57,47,46,-1,58,59,60,-1,58,60,61,-1,61,60,62,-1,61,62,63,-1,63,62,64,-1,63,64,48,-1,65,66,67,-1,65,67,68,-1,68,67,69,-1,68,69,70,-1,70,69,71,-1,70,71,72,-1,72,71,73,-1,72,73,74,-1,75,76,77,-1,75,77,78,-1,78,77,79,-1,78,79,80,-1,80,79,81,-1,80,81,82,-1,82,81,83,-1,82,83,84,-1,84,83,85,-1,84,85,86,-1,86,85,74,-1,86,74,87,-1,75,88,89,-1,89,88,90,-1,91,92,93,-1,91,93,94,-1,94,93,95,-1,94,95,96,-1,96,95,97,-1,96,97,98,-1,98,97,99,-1,98,99,100,-1,100,99,101,-1,100,101,102,-1,102,101,103,-1,102,103,104,-1,104,103,90,-1,104,90,88,-1,105,106,107,-1,105,107,108,-1,108,107,109,-1,108,109,110,-1,110,109,92,-1,110,92,91,-1,105,111,106,-1,106,111,112,-1,39,38,113,-1,39,113,114,-1,114,113,115,-1,114,115,116,-1,116,115,112,-1,116,112,111,-1,117,118,119,-1,119,118,120,-1,121,122,117,-1,117,122,118,-1,122,123,124,-1,122,124,125,-1,125,124,126,-1,125,126,127,-1,127,126,128,-1,127,128,129,-1,129,128,130,-1,129,130,131,-1,132,130,133,-1,132,133,134,-1,134,133,135,-1,134,135,136,-1,136,135,137,-1,136,137,138,-1,138,137,139,-1,138,139,140,-1,140,141,142,-1,140,142,143,-1,143,142,144,-1,143,144,145,-1,145,144,146,-1,145,146,147,-1,148,149,150,-1,148,150,151,-1,151,150,152,-1,151,152,153,-1,153,152,154,-1,153,154,155,-1,155,154,156,-1,155,156,157,-1,158,159,160,-1,158,160,161,-1,161,160,162,-1,161,162,163,-1,163,162,164,-1,163,164,165,-1,165,164,157,-1,165,157,156,-1,166,167,168,-1,166,168,169,-1,169,168,170,-1,169,170,171,-1,171,170,172,-1,171,172,120,-1,111,105,116,-1,116,105,108,-1,116,108,114,-1,114,108,110,-1,114,110,39,-1,39,110,91,-1,39,91,37,-1,91,94,37,-1,37,94,96,-1,37,96,35,-1,35,96,98,-1,88,24,104,-1,104,24,27,-1,104,27,102,-1,102,27,29,-1,102,29,100,-1,100,29,31,-1,100,31,98,-1,98,31,33,-1,98,33,35,-1,88,75,169,-1,169,75,78,-1,169,78,159,-1,159,78,80,-1,159,80,160,-1,160,80,82,-1,160,82,162,-1,162,82,84,-1,162,84,173,-1,173,84,86,-1,173,86,174,-1,174,86,175,-1,174,175,155,-1,155,175,176,-1,155,176,153,-1,153,176,69,-1,153,69,151,-1,122,125,24,-1,169,171,88,-1,88,171,120,-1,88,120,24,-1,24,120,118,-1,24,118,122,-1,69,67,151,-1,151,67,66,-1,151,66,148,-1,148,66,61,-1,148,61,145,-1,145,61,63,-1,145,63,143,-1,143,63,48,-1,143,48,140,-1,140,48,51,-1,140,51,138,-1,138,51,53,-1,138,53,136,-1,136,53,55,-1,136,55,134,-1,134,55,57,-1,134,57,132,-1,132,57,46,-1,132,46,129,-1,129,46,44,-1,129,44,127,-1,42,40,44,-1,44,40,24,-1,44,24,127,-1,127,24,125,-1,
        ]
    }
}
Shape{
    appearance Appearance {
        material  Material 	{
            diffuseColor 0.2235294117647059 0.2235294117647059 0.2235294117647059
            specularColor 0.11372549019607843 0.11372549019607843 0.11372549019607843
            ambientIntensity 0.2235
            transparency 0.0
            shininess 0.5
        }
    }
    geometry IndexedFaceSet {
        ccw TRUE
        solid FALSE
        coord DEF co Coordinate {
            point [
                -0.1064 4.3286 4.1553, -0.1109 4.3285 4.166, -0.0401 4.3298 4.1779, -0.0437 4.3297 4.1824, -0.0815 4.3292 4.1377, -0.0671 4.3294 4.1327, -0.0783 4.3292 4.1339, -0.0382 4.3298 4.1483, -0.0416 4.3297 4.1432, -0.096 4.3289 4.1428, -0.0374 4.3298 4.1723, -0.0359 4.3298 4.1654, -0.0998 4.3288 4.1465, -0.0356 4.3298 4.1607, -0.0363 4.3298 4.1538, -0.0442 4.3297 4.1406, -0.0501 4.3297 4.1365, -0.0569 4.3296 4.1339, -0.0875 4.3291 4.1371, -0.1131 4.3285 4.1978, -0.0729 4.3293 4.1927, -0.113 4.3285 4.1814, -0.0553 4.3296 4.1888, -0.1129 4.3285 4.1794, -0.048 4.3297 4.1855
            ]
        }
        coordIndex [
            0,1,2,-1,2,1,3,-1,4,5,6,-1,7,8,9,-1,2,10,0,-1,0,10,11,-1,0,11,12,-1,12,11,13,-1,12,13,9,-1,9,13,14,-1,9,14,7,-1,15,16,4,-1,4,16,17,-1,4,17,5,-1,8,15,9,-1,9,15,4,-1,9,4,18,-1,18,4,6,-1,19,20,21,-1,21,20,22,-1,1,23,3,-1,3,23,21,-1,3,21,24,-1,24,21,22,-1,
        ]
    }
}
Shape{
    appearance Appearance {
        material  Material 	{
            diffuseColor 1.0 1.0 1.0
            specularColor 0.5019607843137255 0.5019607843137255 0.5019607843137255
            ambientIntensity 1.0
            transparency 0.0
            shininess 0.5
        }
    }
    geometry IndexedFaceSet {
        ccw TRUE
        solid FALSE
        coord DEF co Coordinate {
            point [
                -0.233 4.3237 4.1314, -0.233 4.3237 4.1314, -0.2141 4.3247 4.1337, -0.2141 4.3247 4.1337, -0.1953 4.3255 4.141, -0.1953 4.3256 4.141, -0.1836 4.3261 4.1483, -0.1836 4.3261 4.1483, -0.1834 4.3261 4.1173, -0.1834 4.3261 4.1173, -0.2048 4.3251 4.1096, -0.2048 4.3251 4.1096, -0.2298 4.3239 4.1069, -0.2298 4.3239 4.1069, -0.2559 4.3224 4.1096, -0.2559 4.3224 4.1096, -0.2721 4.3214 4.1154, -0.2721 4.3214 4.1154, -0.2799 4.3209 4.1201, -0.2799 4.3209 4.1201, -0.2886 4.3203 4.1276, -0.2886 4.3204 4.1276, -0.2942 4.32 4.1355, -0.2942 4.32 4.1355, -0.298 4.3197 4.145, -0.298 4.3197 4.145, -0.2995 4.3196 4.1571, -0.2995 4.3196 4.1571, -0.2984 4.3197 4.1683, -0.2984 4.3197 4.1683, -0.2952 4.3199 4.1772, -0.2952 4.3199 4.1772, -0.2897 4.3203 4.1855, -0.2897 4.3203 4.1855, -0.2825 4.3207 4.192, -0.2825 4.3208 4.192, -0.2626 4.322 4.2032, -0.2626 4.322 4.2032, -0.251 4.3227 4.208, -0.251 4.3227 4.208, -0.2324 4.3237 4.2163, -0.2324 4.3238 4.2163, -0.2219 4.3243 4.223, -0.2219 4.3243 4.223, -0.2219 4.3243 4.223, -0.219 4.3244 4.2262, -0.219 4.3245 4.2262, -0.2168 4.3245 4.2303, -0.2168 4.3246 4.2303, -0.2157 4.3246 4.235, -0.2157 4.3246 4.235, -0.2154 4.3246 4.239, -0.2154 4.3246 4.239, -0.2154 4.3246 4.239, -0.216 4.3246 4.2438, -0.216 4.3246 4.2438, -0.2175 4.3245 4.2478, -0.2175 4.3245 4.2478, -0.2201 4.3244 4.2516, -0.2201 4.3244 4.2516, -0.2247 4.3241 4.2556, -0.2247 4.3242 4.2556, -0.2247 4.3241 4.2556, -0.2315 4.3238 4.2592, -0.2315 4.3238 4.2592, -0.2395 4.3233 4.2612, -0.2395 4.3234 4.2612, -0.2484 4.3228 4.2618, -0.2484 4.3229 4.2618, -0.2682 4.3216 4.2594, -0.2682 4.3217 4.2594, -0.2851 4.3206 4.2531, -0.2851 4.3206 4.2531, -0.292 4.3201 4.2491, -0.292 4.3201 4.2491, -0.2922 4.3201 4.2783, -0.2922 4.3201 4.2783, -0.2695 4.3216 4.2848, -0.2695 4.3216 4.2848, -0.2516 4.3226 4.2862, -0.2516 4.3227 4.2862, -0.2274 4.324 4.2835, -0.2274 4.324 4.2835, -0.2112 4.3248 4.2774, -0.2112 4.3248 4.2774, -0.2039 4.3251 4.273, -0.2039 4.3252 4.273, -0.195 4.3256 4.265, -0.195 4.3256 4.265, -0.1893 4.3258 4.2569, -0.1893 4.3259 4.2569, -0.1857 4.326 4.2472, -0.1857 4.326 4.2472, -0.1844 4.326 4.2365, -0.1844 4.3261 4.2365, -0.1844 4.3261 4.2365, -0.1856 4.326 4.2248, -0.1856 4.326 4.2248, -0.1889 4.3258 4.2156, -0.1889 4.3259 4.2156, -0.1927 4.3257 4.2093, -0.1927 4.3257 4.2093, -0.1927 4.3257 4.2093, -0.1976 4.3254 4.2041, -0.1976 4.3255 4.2041, -0.2117 4.3248 4.1947, -0.2117 4.3248 4.1947, -0.2296 4.3239 4.1863, -0.2296 4.3239 4.1863, -0.2493 4.3228 4.1779, -0.2493 4.3228 4.1779, -0.261 4.3221 4.1707, -0.261 4.3221 4.1707, -0.261 4.3221 4.1707, -0.2647 4.3219 4.1668, -0.2647 4.3219 4.1668, -0.267 4.3217 4.1628, -0.267 4.3218 4.1628, -0.2684 4.3216 4.1581, -0.2684 4.3217 4.1581, -0.2686 4.3216 4.1544, -0.2686 4.3217 4.1544, -0.2686 4.3216 4.1544, -0.268 4.3217 4.1486, -0.268 4.3217 4.1486, -0.2664 4.3218 4.1443, -0.2664 4.3218 4.1443, -0.2652 4.3219 4.1423, -0.2652 4.3218 4.1423, -0.2637 4.322 4.1405, -0.2637 4.3219 4.1405, -0.2603 4.3221 4.1374, -0.2603 4.3222 4.1374, -0.2575 4.3223 4.1358, -0.2575 4.3223 4.1358, -0.2497 4.3228 4.133, -0.2497 4.3228 4.133, -0.2343 4.3236 4.1315, -0.2343 4.3237 4.1315, -0.2154 4.3246 4.239, -0.3884 4.3125 4.4909, -0.3901 4.3124 4.7311, -0.3884 4.3125 4.4909, -0.3901 4.3124 4.7311, -0.3985 4.3115 4.731, -0.4586 4.3057 4.7306, -0.4586 4.3056 4.7306, -0.5492 4.295 4.6981, -0.5492 4.295 4.6981, -0.5273 4.2978 4.7138, -0.5273 4.2978 4.7138, -0.4988 4.3011 4.7254, -0.4988 4.3012 4.7254, -0.5849 4.2903 4.6126, -0.5849 4.2903 4.6126, -0.5821 4.2907 4.6414, -0.5821 4.2907 4.6414, -0.5741 4.2917 4.6652, -0.5741 4.2918 4.6652, -0.5601 4.2936 4.687, -0.5601 4.2936 4.687, -0.548 4.2952 4.5234, -0.548 4.2952 4.5234, -0.5649 4.293 4.5429, -0.5649 4.293 4.5429, -0.5773 4.2913 4.5674, -0.5773 4.2914 4.5674, -0.5838 4.2904 4.5951, -0.5838 4.2905 4.5951, -0.4545 4.3061 4.4904, -0.4545 4.3061 4.4904, -0.4948 4.3016 4.4949, -0.4948 4.3016 4.4949, -0.5224 4.2984 4.5053, -0.5224 4.2984 4.5053, -0.3985 4.3115 4.4908, -0.4572 4.3058 4.703, -0.4572 4.3058 4.703, -0.487 4.3025 4.6996, -0.487 4.3025 4.6996, -0.508 4.3001 4.6921, -0.508 4.3001 4.6921, -0.5264 4.2979 4.6799, -0.5264 4.2979 4.6799, -0.5342 4.2969 4.6718, -0.5342 4.2969 4.6718, -0.5431 4.2958 4.6579, -0.5431 4.2958 4.6579, -0.5495 4.295 4.6397, -0.5495 4.295 4.6397, -0.5522 4.2946 4.612, -0.5522 4.2947 4.612, -0.5387 4.2963 4.558, -0.5469 4.2953 4.576, -0.5469 4.2953 4.576, -0.5515 4.2947 4.5984, -0.5515 4.2947 4.5984, -0.5261 4.2979 4.5423, -0.5261 4.2979 4.5423, -0.5329 4.2971 4.5498, -0.5329 4.2971 4.5498, -0.5387 4.2964 4.558, -0.5208 4.2985 4.5377, -0.5208 4.2986 4.5377, -0.5046 4.3005 4.5275, -0.5046 4.3005 4.5275, -0.4836 4.3029 4.5205, -0.4836 4.3029 4.5205, -0.4545 4.3061 4.5178, -0.4545 4.3061 4.5178, -0.4196 4.3096 4.518, -0.4196 4.3096 4.518, -0.4209 4.3095 4.7032, -0.4209 4.3095 4.7032
            ]
        }
        coordIndex [
            0,1,2,-1,0,2,3,-1,3,2,4,-1,3,4,5,-1,5,4,6,-1,5,6,7,-1,8,7,9,-1,9,7,6,-1,8,9,10,-1,8,10,11,-1,11,10,12,-1,11,12,13,-1,13,12,14,-1,13,14,15,-1,15,14,16,-1,15,16,17,-1,17,16,18,-1,17,18,19,-1,19,18,20,-1,19,20,21,-1,21,20,22,-1,21,22,23,-1,23,22,24,-1,23,24,25,-1,25,24,26,-1,25,26,27,-1,27,26,28,-1,27,28,29,-1,29,28,30,-1,29,30,31,-1,31,30,32,-1,31,32,33,-1,33,32,34,-1,33,34,35,-1,35,34,36,-1,35,36,37,-1,37,36,38,-1,37,38,39,-1,39,38,40,-1,39,40,41,-1,41,40,42,-1,41,42,43,-1,43,44,45,-1,43,45,46,-1,46,45,47,-1,46,47,48,-1,48,47,49,-1,48,49,50,-1,50,49,51,-1,50,51,52,-1,53,51,54,-1,53,54,55,-1,55,54,56,-1,55,56,57,-1,57,56,58,-1,57,58,59,-1,59,58,60,-1,59,60,61,-1,61,62,63,-1,61,63,64,-1,64,63,65,-1,64,65,66,-1,66,65,67,-1,66,67,68,-1,68,67,69,-1,68,69,70,-1,70,69,71,-1,70,71,72,-1,72,71,73,-1,72,73,74,-1,75,74,76,-1,76,74,73,-1,75,76,77,-1,75,77,78,-1,78,77,79,-1,78,79,80,-1,80,79,81,-1,80,81,82,-1,82,81,83,-1,82,83,84,-1,84,83,85,-1,84,85,86,-1,86,85,87,-1,86,87,88,-1,88,87,89,-1,88,89,90,-1,90,89,91,-1,90,91,92,-1,92,91,93,-1,92,93,94,-1,95,93,96,-1,95,96,97,-1,97,96,98,-1,97,98,99,-1,99,98,100,-1,99,100,101,-1,101,102,103,-1,101,103,104,-1,104,103,105,-1,104,105,106,-1,106,105,107,-1,106,107,108,-1,108,107,109,-1,108,109,110,-1,110,109,111,-1,110,111,112,-1,113,111,114,-1,113,114,115,-1,115,114,116,-1,115,116,117,-1,117,116,118,-1,117,118,119,-1,119,118,120,-1,119,120,121,-1,121,122,123,-1,121,123,124,-1,124,123,125,-1,124,125,126,-1,126,125,127,-1,127,125,128,-1,127,128,129,-1,128,130,129,-1,129,130,131,-1,129,131,132,-1,132,131,133,-1,132,133,134,-1,134,133,135,-1,134,135,136,-1,136,135,137,-1,136,137,138,-1,138,137,1,-1,138,1,0,-1,110,37,39,-1,110,39,108,-1,108,39,41,-1,108,41,106,-1,37,110,35,-1,35,110,112,-1,35,112,33,-1,33,112,115,-1,33,115,31,-1,31,115,117,-1,31,117,29,-1,29,117,119,-1,29,119,27,-1,27,119,121,-1,27,121,25,-1,25,121,124,-1,25,124,23,-1,23,124,126,-1,23,126,21,-1,21,126,127,-1,21,127,19,-1,19,127,129,-1,19,129,17,-1,129,132,17,-1,17,132,134,-1,17,134,15,-1,134,136,15,-1,15,136,138,-1,15,138,13,-1,13,138,0,-1,13,0,11,-1,11,0,3,-1,11,3,8,-1,8,3,5,-1,8,5,7,-1,106,41,104,-1,104,41,43,-1,104,43,101,-1,101,43,46,-1,101,46,99,-1,99,46,48,-1,99,48,97,-1,97,48,50,-1,97,50,94,-1,94,50,139,-1,94,139,92,-1,92,139,55,-1,92,55,90,-1,90,55,57,-1,90,57,88,-1,88,57,59,-1,88,59,86,-1,86,59,84,-1,84,59,61,-1,84,61,82,-1,61,64,82,-1,82,64,66,-1,82,66,80,-1,80,66,68,-1,80,68,78,-1,78,68,70,-1,78,70,75,-1,75,70,72,-1,75,72,74,-1,140,141,142,-1,142,141,143,-1,143,141,144,-1,144,141,145,-1,144,145,146,-1,147,148,149,-1,147,149,150,-1,150,149,151,-1,150,151,152,-1,152,151,146,-1,152,146,145,-1,153,154,155,-1,153,155,156,-1,156,155,157,-1,156,157,158,-1,158,157,159,-1,158,159,160,-1,160,159,148,-1,160,148,147,-1,161,162,163,-1,161,163,164,-1,164,163,165,-1,164,165,166,-1,166,165,167,-1,166,167,168,-1,168,167,154,-1,168,154,153,-1,169,170,171,-1,169,171,172,-1,172,171,173,-1,172,173,174,-1,174,173,162,-1,174,162,161,-1,170,169,175,-1,175,169,140,-1,175,140,142,-1,176,177,178,-1,176,178,179,-1,179,178,180,-1,179,180,181,-1,181,180,182,-1,181,182,183,-1,183,182,184,-1,183,184,185,-1,185,184,186,-1,185,186,187,-1,187,186,188,-1,187,188,189,-1,189,188,190,-1,189,190,191,-1,192,193,194,-1,194,193,195,-1,194,195,196,-1,196,195,191,-1,196,191,190,-1,197,198,199,-1,199,198,200,-1,199,200,192,-1,192,200,201,-1,192,201,193,-1,198,197,202,-1,198,202,203,-1,203,202,204,-1,203,204,205,-1,205,204,206,-1,205,206,207,-1,207,206,208,-1,207,208,209,-1,210,211,208,-1,208,211,209,-1,212,213,210,-1,210,213,211,-1,177,176,212,-1,212,176,213,-1,200,198,161,-1,161,198,203,-1,161,203,174,-1,174,203,205,-1,174,205,172,-1,172,205,207,-1,172,207,169,-1,169,207,209,-1,169,209,140,-1,140,209,211,-1,140,211,141,-1,141,211,213,-1,141,213,145,-1,145,213,176,-1,145,176,152,-1,152,176,179,-1,152,179,150,-1,150,179,181,-1,150,181,147,-1,147,181,183,-1,147,183,160,-1,160,183,185,-1,160,185,158,-1,158,185,187,-1,158,187,156,-1,156,187,189,-1,156,189,153,-1,153,189,191,-1,153,191,168,-1,168,191,195,-1,168,195,166,-1,166,195,193,-1,166,193,164,-1,164,193,201,-1,164,201,161,-1,161,201,200,-1,
        ]
    }
}
Shape{
    appearance Appearance {
        material  Material 	{
            diffuseColor 0.2235294117647059 0.2235294117647059 0.2235294117647059
            specularColor 0.11372549019607843 0.11372549019607843 0.11372549019607843
            ambientIntensity 0.2235
            transparency 0.0
            shininess 0.5
        }
    }
    geometry IndexedFaceSet {
        ccw TRUE
        solid FALSE
        coord DEF co Coordinate {
            point [
                -0.4572 4.3058 4.703, -0.4209 4.3095 4.7032, -0.4196 4.3096 4.518, -0.4545 4.3061 4.5178, -0.4836 4.3029 4.5205, -0.5046 4.3005 4.5275, -0.5208 4.2985 4.5377, -0.5261 4.2979 4.5423, -0.5329 4.2971 4.5498, -0.5387 4.2963 4.558, -0.5469 4.2953 4.576, -0.5515 4.2947 4.5984, -0.5522 4.2946 4.612, -0.5495 4.295 4.6397, -0.5431 4.2958 4.6579, -0.5342 4.2969 4.6718, -0.5264 4.2979 4.6799, -0.487 4.3025 4.6996, -0.508 4.3001 4.6921
            ]
        }
        coordIndex [
            0,1,2,-1,2,3,0,-1,0,3,4,-1,0,4,5,-1,5,6,0,-1,0,6,7,-1,0,7,8,-1,8,9,0,-1,0,9,10,-1,0,10,11,-1,11,12,0,-1,0,12,13,-1,0,13,14,-1,14,15,0,-1,0,15,16,-1,0,16,17,-1,17,16,18,-1,
        ]
    }
}
Shape{
    appearance Appearance {
        material  Material 	{
            diffuseColor 1.0 1.0 1.0
            specularColor 0.5019607843137255 0.5019607843137255 0.5019607843137255
            ambientIntensity 1.0
            transparency 0.0
            shininess 0.5
        }
    }
    geometry IndexedFaceSet {
        ccw TRUE
        solid FALSE
        coord DEF co Coordinate {
            point [
                -0.3432 4.3164 4.5186, -0.343 4.3164 4.4912, -0.3432 4.3163 4.5186, -0.343 4.3164 4.4912, -0.2451 4.3231 4.5193, -0.2451 4.323 4.5193, -0.2456 4.323 4.6001, -0.2456 4.323 4.6001, -0.3315 4.3173 4.5995, -0.3315 4.3173 4.5995, -0.3317 4.3173 4.627, -0.3317 4.3172 4.627, -0.2458 4.323 4.6276, -0.2458 4.323 4.6276, -0.2464 4.323 4.7044, -0.2464 4.3229 4.7044, -0.3391 4.3167 4.7038, -0.3391 4.3167 4.7038, -0.3393 4.3167 4.7314, -0.3393 4.3167 4.7314, -0.2156 4.3246 4.7323, -0.2156 4.3246 4.7323, -0.2138 4.3247 4.4921, -0.2138 4.3247 4.4921, -0.0992 4.3289 4.4889, -0.0992 4.3288 4.4889, -0.1359 4.3278 4.4921, -0.1359 4.3279 4.4921, -0.1617 4.3269 4.5004, -0.1617 4.327 4.5004, -0.1658 4.3268 4.5024, -0.1658 4.3268 4.5024, -0.1661 4.3268 4.5321, -0.1661 4.3268 4.5321, -0.1436 4.3276 4.5221, -0.1436 4.3276 4.5221, -0.1167 4.3284 4.5169, -0.1167 4.3284 4.5169, -0.1039 4.3287 4.5165, -0.1039 4.3287 4.5165, -0.0798 4.3292 4.5195, -0.0798 4.3293 4.5195, -0.0627 4.3295 4.5263, -0.0627 4.3295 4.5263, -0.0471 4.3297 4.5375, -0.0471 4.3297 4.5375, -0.0424 4.3297 4.5422, -0.0424 4.3298 4.5422, -0.0424 4.3297 4.5422, -0.0303 4.3298 4.5595, -0.0303 4.3299 4.5595, -0.0229 4.3299 4.5791, -0.0229 4.3299 4.5791, -0.0196 4.3299 4.6087, -0.0196 4.3299 4.6087, -0.0193 4.3299 4.6109, -0.0193 4.3299 4.6109, -0.0225 4.3299 4.6397, -0.0225 4.3299 4.6397, -0.0301 4.3298 4.6614, -0.0301 4.3299 4.6614, -0.0412 4.3298 4.6786, -0.0412 4.3298 4.6786, -0.0451 4.3297 4.6829, -0.0451 4.3298 4.6829, -0.0451 4.3297 4.6829, -0.0605 4.3295 4.6957, -0.0605 4.3296 4.6957, -0.0793 4.3292 4.7046, -0.0793 4.3293 4.7046, -0.1001 4.3288 4.7087, -0.1001 4.3288 4.7087, -0.1107 4.3285 4.7091, -0.1107 4.3286 4.7091, -0.1379 4.3278 4.7059, -0.1379 4.3278 4.7059, -0.1624 4.3269 4.697, -0.1624 4.3269 4.697, -0.1672 4.3267 4.6944, -0.1672 4.3268 4.6944, -0.1674 4.3268 4.7269, -0.1674 4.3267 4.7269, -0.1443 4.3275 4.734, -0.1443 4.3276 4.734, -0.1133 4.3285 4.7368, -0.1133 4.3285 4.7368, -0.1106 4.3285 4.7371, -0.1106 4.3286 4.7371, -0.0812 4.3292 4.7343, -0.0812 4.3292 4.7343, -0.0552 4.3296 4.7258, -0.0552 4.3296 4.7258, -0.031 4.3298 4.7104, -0.031 4.3299 4.7104, -0.0221 4.3299 4.7024, -0.0221 4.3299 4.7024, -0.0221 4.3299 4.7024, -0.0058 4.3299 4.6819, -0.0058 4.33 4.6819, 0.0063 4.3299 4.6556, 0.0063 4.33 4.6556, 0.0125 4.3299 4.6249, 0.0125 4.33 4.6249, 0.0133 4.3299 4.6093, 0.0133 4.33 4.6093, 0.0089 4.3299 4.5707, 0.0089 4.33 4.5707, -0.0006 4.3299 4.5454, -0.0006 4.33 4.5454, -0.0147 4.3299 4.5247, -0.0147 4.33 4.5247, -0.017 4.3299 4.5222, -0.017 4.33 4.5222, -0.017 4.3299 4.5222, -0.0356 4.3298 4.5064, -0.0356 4.3298 4.5064, -0.0581 4.3296 4.4954, -0.0581 4.3296 4.4954, -0.0839 4.3291 4.4897, -0.0839 4.3292 4.4897, -0.0006 4.33 4.5454, -0.0193 4.3299 4.6109, 0.0237 4.3299 4.5212, 0.0239 4.3299 4.4938, 0.0237 4.3299 4.5212, 0.0239 4.3299 4.4938, 0.1194 4.3283 4.5218, 0.1194 4.3283 4.5218, 0.1179 4.3284 4.7347, 0.1179 4.3283 4.7347, 0.1489 4.3274 4.7349, 0.1489 4.3274 4.7349, 0.1506 4.3274 4.4947, 0.1506 4.3273 4.4947, -0.4496 4.3066 4.2809, -0.4807 4.3032 4.2807, -0.4496 4.3066 4.2809, -0.4807 4.3032 4.2807, -0.4018 4.3113 4.1521, -0.4018 4.3113 4.1521, -0.398 4.3116 4.1382, -0.398 4.3117 4.1382, -0.3986 4.3116 4.1402, -0.3996 4.3115 4.144, -0.3996 4.3115 4.144, -0.4018 4.3113 4.1521, -0.3972 4.3117 4.1382, -0.398 4.3117 4.1382, -0.3972 4.3117 4.1382, -0.3936 4.3121 4.1524, -0.3936 4.312 4.1524, -0.3497 4.3159 4.2816, -0.3497 4.3158 4.2816, -0.3161 4.3184 4.2819, -0.3161 4.3184 4.2819, -0.3822 4.3131 4.1102, -0.3822 4.3131 4.1102, -0.3687 4.3143 4.0791, -0.3687 4.3142 4.0791, -0.3628 4.3147 4.0683, -0.3628 4.3148 4.0683, -0.3571 4.3152 4.0621, -0.3571 4.3153 4.0621, -0.3516 4.3157 4.0583, -0.3516 4.3157 4.0583, -0.345 4.3162 4.0559, -0.345 4.3162 4.0559, -0.3377 4.3168 4.0551, -0.3377 4.3168 4.0551, -0.3268 4.3176 4.0566, -0.3268 4.3176 4.0566, -0.3207 4.3181 4.0587, -0.3207 4.3181 4.0587, -0.3205 4.3181 4.0319, -0.3205 4.3181 4.0319, -0.3332 4.3171 4.0296, -0.3332 4.3172 4.0296, -0.3399 4.3166 4.0293, -0.3399 4.3166 4.0293, -0.4015 4.3113 4.0838, -0.4015 4.3114 4.0838, -0.3986 4.3116 4.0782, -0.3877 4.3126 4.0573, -0.3877 4.3126 4.0573, -0.3763 4.3136 4.0444, -0.3763 4.3136 4.0444, -0.3745 4.3138 4.0423, -0.3745 4.3137 4.0423, -0.364 4.3147 4.0351, -0.364 4.3146 4.0351, -0.3521 4.3157 4.0306, -0.3521 4.3156 4.0306, -0.6413 4.2823 4.1354, -0.6411 4.2823 4.108, -0.6413 4.2822 4.1354, -0.6411 4.2823 4.108, -0.5432 4.2958 4.1361, -0.5432 4.2958 4.1361, -0.5437 4.2957 4.2169, -0.5437 4.2957 4.2169, -0.6296 4.284 4.2163, -0.6296 4.284 4.2163, -0.6298 4.284 4.2438, -0.6298 4.2839 4.2438, -0.5439 4.2957 4.2444, -0.5439 4.2957 4.2444, -0.5445 4.2956 4.3213, -0.5445 4.2956 4.3213, -0.6372 4.2829 4.3206, -0.6372 4.2828 4.3206, -0.6374 4.2829 4.3482, -0.6374 4.2828 4.3482, -0.5137 4.2994 4.3491, -0.5137 4.2994 4.3491, -0.512 4.2996 4.1089, -0.512 4.2996 4.1089, -0.6865 4.2753 4.1077, -0.6882 4.275 4.3479, -0.6865 4.2752 4.1077, -0.6882 4.2749 4.3479, -0.7567 4.2634 4.3474, -0.7567 4.2634 4.3474, -0.8473 4.2463 4.3149, -0.8473 4.2463 4.3149, -0.8254 4.2506 4.3306, -0.8254 4.2506 4.3306, -0.7969 4.256 4.3422, -0.7969 4.2561 4.3422, -0.883 4.2391 4.2295, -0.883 4.239 4.2295, -0.8802 4.2396 4.2582, -0.8802 4.2396 4.2582, -0.8722 4.2412 4.282, -0.8722 4.2413 4.282, -0.8582 4.2441 4.3038, -0.8582 4.2441 4.3038, -0.8461 4.2466 4.1402, -0.8461 4.2465 4.1402, -0.863 4.2431 4.1597, -0.863 4.2432 4.1597, -0.8755 4.2406 4.1842, -0.8755 4.2406 4.1842, -0.8819 4.2392 4.2119, -0.8819 4.2393 4.2119, -0.7526 4.2641 4.1072, -0.7526 4.2641 4.1072, -0.7929 4.2568 4.1117, -0.7929 4.2568 4.1117, -0.8205 4.2516 4.1222, -0.8205 4.2516 4.1222, -0.7553 4.2636 4.3198, -0.7553 4.2636 4.3198, -0.7851 4.2582 4.3164, -0.7851 4.2583 4.3164, -0.8061 4.2543 4.3089, -0.8061 4.2543 4.3089, -0.8245 4.2508 4.2967, -0.8245 4.2508 4.2967, -0.8323 4.2492 4.2886, -0.8323 4.2493 4.2886, -0.8413 4.2475 4.2747, -0.8413 4.2475 4.2747, -0.8476 4.2462 4.2565, -0.8476 4.2463 4.2565, -0.8503 4.2457 4.2288, -0.8503 4.2457 4.2288, -0.8368 4.2484 4.1748, -0.845 4.2468 4.1928, -0.845 4.2467 4.1928, -0.8496 4.2459 4.2152, -0.8496 4.2458 4.2152, -0.8242 4.2508 4.1591, -0.8242 4.2509 4.1591, -0.831 4.2495 4.1666, -0.831 4.2495 4.1666, -0.8368 4.2484 4.1748, -0.8189 4.2519 4.1545, -0.8189 4.2519 4.1545, -0.8027 4.2549 4.1443, -0.8027 4.255 4.1443, -0.7817 4.2588 4.1373, -0.7817 4.2589 4.1373, -0.7526 4.2641 4.1346, -0.7526 4.2641 4.1346, -0.7177 4.2701 4.1348, -0.7177 4.2701 4.1348, -0.719 4.2699 4.32, -0.719 4.2699 4.32
            ]
        }
        coordIndex [
            0,1,2,-1,2,1,3,-1,4,0,5,-1,5,0,2,-1,6,4,7,-1,7,4,5,-1,8,6,9,-1,9,6,7,-1,10,8,11,-1,11,8,9,-1,12,10,13,-1,13,10,11,-1,14,12,15,-1,15,12,13,-1,16,14,17,-1,17,14,15,-1,18,16,19,-1,19,16,17,-1,20,18,21,-1,21,18,19,-1,22,20,23,-1,23,20,21,-1,1,22,3,-1,3,22,23,-1,1,0,22,-1,22,0,4,-1,8,10,6,-1,6,10,12,-1,16,18,14,-1,14,18,20,-1,14,20,12,-1,12,20,22,-1,12,22,6,-1,6,22,4,-1,24,25,26,-1,24,26,27,-1,27,26,28,-1,27,28,29,-1,29,28,30,-1,29,30,31,-1,32,31,33,-1,33,31,30,-1,32,33,34,-1,32,34,35,-1,35,34,36,-1,35,36,37,-1,37,36,38,-1,37,38,39,-1,39,38,40,-1,39,40,41,-1,41,40,42,-1,41,42,43,-1,43,42,44,-1,43,44,45,-1,45,44,46,-1,45,46,47,-1,47,48,49,-1,47,49,50,-1,50,49,51,-1,50,51,52,-1,52,51,53,-1,52,53,54,-1,54,53,55,-1,54,55,56,-1,56,55,57,-1,56,57,58,-1,58,57,59,-1,58,59,60,-1,60,59,61,-1,60,61,62,-1,62,61,63,-1,62,63,64,-1,64,65,66,-1,64,66,67,-1,67,66,68,-1,67,68,69,-1,69,68,70,-1,69,70,71,-1,71,70,72,-1,71,72,73,-1,73,72,74,-1,73,74,75,-1,75,74,76,-1,75,76,77,-1,77,76,78,-1,77,78,79,-1,80,79,81,-1,81,79,78,-1,80,81,82,-1,80,82,83,-1,83,82,84,-1,83,84,85,-1,85,84,86,-1,85,86,87,-1,87,86,88,-1,87,88,89,-1,89,88,90,-1,89,90,91,-1,91,90,92,-1,91,92,93,-1,93,92,94,-1,93,94,95,-1,95,96,97,-1,95,97,98,-1,98,97,99,-1,98,99,100,-1,100,99,101,-1,100,101,102,-1,102,101,103,-1,102,103,104,-1,104,103,105,-1,104,105,106,-1,106,105,107,-1,106,107,108,-1,108,107,109,-1,108,109,110,-1,110,109,111,-1,110,111,112,-1,112,113,114,-1,112,114,115,-1,115,114,116,-1,115,116,117,-1,117,116,118,-1,117,118,119,-1,119,118,25,-1,119,25,24,-1,31,32,29,-1,29,32,35,-1,29,35,27,-1,27,35,37,-1,27,37,24,-1,24,37,39,-1,24,39,119,-1,119,39,41,-1,119,41,117,-1,117,41,43,-1,117,43,115,-1,115,43,45,-1,115,45,112,-1,112,45,47,-1,112,47,110,-1,110,47,50,-1,110,50,120,-1,120,50,106,-1,50,52,106,-1,106,52,54,-1,106,54,104,-1,104,54,121,-1,104,121,102,-1,102,121,58,-1,102,58,100,-1,100,58,98,-1,98,58,60,-1,98,60,95,-1,60,62,95,-1,95,62,64,-1,95,64,93,-1,93,64,67,-1,93,67,91,-1,91,67,89,-1,89,67,69,-1,89,69,87,-1,69,71,87,-1,87,71,73,-1,87,73,85,-1,85,73,75,-1,85,75,83,-1,83,75,80,-1,80,75,77,-1,80,77,79,-1,122,123,124,-1,124,123,125,-1,126,122,127,-1,127,122,124,-1,128,126,129,-1,129,126,127,-1,130,128,131,-1,131,128,129,-1,132,130,133,-1,133,130,131,-1,123,132,125,-1,125,132,133,-1,128,130,126,-1,126,130,132,-1,126,132,122,-1,122,132,123,-1,134,135,136,-1,136,135,137,-1,138,134,139,-1,139,134,136,-1,140,141,142,-1,142,141,143,-1,142,143,144,-1,144,143,138,-1,144,138,145,-1,146,147,148,-1,148,147,140,-1,149,146,150,-1,150,146,148,-1,151,149,152,-1,152,149,150,-1,153,151,154,-1,154,151,152,-1,155,153,156,-1,156,153,154,-1,157,155,158,-1,158,155,156,-1,157,158,159,-1,157,159,160,-1,160,159,161,-1,160,161,162,-1,162,161,163,-1,162,163,164,-1,164,163,165,-1,164,165,166,-1,166,165,167,-1,166,167,168,-1,168,167,169,-1,168,169,170,-1,170,169,171,-1,170,171,172,-1,173,172,174,-1,174,172,171,-1,173,174,175,-1,173,175,176,-1,176,175,177,-1,176,177,178,-1,179,180,181,-1,181,180,182,-1,181,182,183,-1,183,182,184,-1,183,184,185,-1,185,184,186,-1,185,186,187,-1,187,186,188,-1,187,188,189,-1,189,188,190,-1,189,190,191,-1,191,190,178,-1,191,178,177,-1,135,180,137,-1,137,180,179,-1,135,134,180,-1,180,134,138,-1,180,138,143,-1,182,180,155,-1,155,157,182,-1,182,157,160,-1,182,160,184,-1,184,160,162,-1,172,173,170,-1,170,173,176,-1,170,176,168,-1,168,176,178,-1,168,178,166,-1,166,178,190,-1,166,190,164,-1,164,190,188,-1,164,188,162,-1,162,188,186,-1,162,186,184,-1,151,153,149,-1,149,153,155,-1,149,155,146,-1,146,155,180,-1,146,180,147,-1,147,180,143,-1,192,193,194,-1,194,193,195,-1,196,192,197,-1,197,192,194,-1,198,196,199,-1,199,196,197,-1,200,198,201,-1,201,198,199,-1,202,200,203,-1,203,200,201,-1,204,202,205,-1,205,202,203,-1,206,204,207,-1,207,204,205,-1,208,206,209,-1,209,206,207,-1,210,208,211,-1,211,208,209,-1,212,210,213,-1,213,210,211,-1,214,212,215,-1,215,212,213,-1,193,214,195,-1,195,214,215,-1,193,192,214,-1,214,192,196,-1,200,202,198,-1,198,202,204,-1,208,210,206,-1,206,210,212,-1,206,212,204,-1,204,212,214,-1,204,214,198,-1,198,214,196,-1,216,217,218,-1,218,217,219,-1,217,220,219,-1,219,220,221,-1,222,223,224,-1,222,224,225,-1,225,224,226,-1,225,226,227,-1,227,226,221,-1,227,221,220,-1,228,229,230,-1,228,230,231,-1,231,230,232,-1,231,232,233,-1,233,232,234,-1,233,234,235,-1,235,234,223,-1,235,223,222,-1,236,237,238,-1,236,238,239,-1,239,238,240,-1,239,240,241,-1,241,240,242,-1,241,242,243,-1,243,242,229,-1,243,229,228,-1,244,245,246,-1,244,246,247,-1,247,246,248,-1,247,248,249,-1,249,248,237,-1,249,237,236,-1,244,216,245,-1,245,216,218,-1,250,251,252,-1,250,252,253,-1,253,252,254,-1,253,254,255,-1,255,254,256,-1,255,256,257,-1,257,256,258,-1,257,258,259,-1,259,258,260,-1,259,260,261,-1,261,260,262,-1,261,262,263,-1,263,262,264,-1,263,264,265,-1,266,267,268,-1,268,267,269,-1,268,269,270,-1,270,269,265,-1,270,265,264,-1,271,272,273,-1,273,272,274,-1,273,274,266,-1,266,274,275,-1,266,275,267,-1,272,271,276,-1,272,276,277,-1,277,276,278,-1,277,278,279,-1,279,278,280,-1,279,280,281,-1,281,280,282,-1,281,282,283,-1,284,285,282,-1,282,285,283,-1,286,287,284,-1,284,287,285,-1,251,250,286,-1,286,250,287,-1,274,272,236,-1,236,272,277,-1,236,277,249,-1,249,277,279,-1,249,279,247,-1,247,279,281,-1,247,281,244,-1,244,281,283,-1,244,283,216,-1,216,283,285,-1,216,285,217,-1,217,285,287,-1,217,287,220,-1,220,287,250,-1,220,250,227,-1,227,250,253,-1,227,253,225,-1,225,253,255,-1,225,255,222,-1,222,255,257,-1,222,257,235,-1,235,257,259,-1,235,259,233,-1,233,259,261,-1,233,261,231,-1,231,261,263,-1,231,263,228,-1,228,263,265,-1,228,265,243,-1,243,265,269,-1,243,269,241,-1,241,269,267,-1,241,267,239,-1,239,267,275,-1,239,275,236,-1,236,275,274,-1,
        ]
    }
}
Shape{
    appearance Appearance {
        material  Material 	{
            diffuseColor 0.2235294117647059 0.2235294117647059 0.2235294117647059
            specularColor 0.11372549019607843 0.11372549019607843 0.11372549019607843
            ambientIntensity 0.2235
            transparency 0.0
            shininess 0.5
        }
    }
    geometry IndexedFaceSet {
        ccw TRUE
        solid FALSE
        coord DEF co Coordinate {
            point [
                -0.7553 4.2636 4.3198, -0.719 4.2699 4.32, -0.7177 4.2701 4.1348, -0.7526 4.2641 4.1346, -0.7817 4.2588 4.1373, -0.8027 4.2549 4.1443, -0.8189 4.2519 4.1545, -0.8242 4.2508 4.1591, -0.831 4.2495 4.1666, -0.8368 4.2484 4.1748, -0.845 4.2467 4.1928, -0.8496 4.2458 4.2152, -0.8503 4.2457 4.2288, -0.8476 4.2462 4.2565, -0.8413 4.2475 4.2747, -0.8323 4.2492 4.2886, -0.8245 4.2508 4.2967, -0.7851 4.2582 4.3164, -0.8061 4.2543 4.3089
            ]
        }
        coordIndex [
            0,1,2,-1,2,3,0,-1,0,3,4,-1,0,4,5,-1,5,6,0,-1,0,6,7,-1,0,7,8,-1,8,9,0,-1,0,9,10,-1,0,10,11,-1,11,12,0,-1,0,12,13,-1,0,13,14,-1,14,15,0,-1,0,15,16,-1,0,16,17,-1,17,16,18,-1,
        ]
    }
}
Shape{
    appearance Appearance {
        material  Material 	{
            diffuseColor 1.0 1.0 1.0
            specularColor 0.5019607843137255 0.5019607843137255 0.5019607843137255
            ambientIntensity 1.0
            transparency 0.0
            shininess 0.5
        }
    }
    geometry IndexedFaceSet {
        ccw TRUE
        solid FALSE
        coord DEF co Coordinate {
            point [
                -1.1115 4.185 4.1047, -1.0773 4.1939 4.1049, -1.1115 4.1849 4.1047, -1.0773 4.1939 4.1049, -1.0532 4.2 4.1708, -1.0532 4.2 4.1708, -1.0295 4.2056 4.1709, -0.9532 4.2238 4.1715, -0.9532 4.2238 4.1715, -0.9297 4.2291 4.1059, -0.9297 4.229 4.1059, -0.8954 4.2365 4.1062, -0.8954 4.2364 4.1062, -0.9886 4.2157 4.3457, -0.9886 4.2156 4.3457, -1.0218 4.2078 4.3455, -1.0218 4.2077 4.3455, -1.0295 4.2058 4.3247, -0.9999 4.213 4.2981, -0.9999 4.213 4.2981, -0.9632 4.2215 4.1985, -0.9632 4.2216 4.1985, -1.0016 4.2126 4.3054, -1.0016 4.2126 4.3054, -1.0039 4.212 4.3149, -1.0039 4.2121 4.3149, -1.0047 4.2118 4.3149, -1.0047 4.2119 4.3149, -1.0068 4.2113 4.3048, -1.0068 4.2114 4.3048, -1.0083 4.211 4.2981, -1.0083 4.211 4.2981, -1.0439 4.2023 4.198, -1.0439 4.2023 4.198
            ]
        }
        coordIndex [
            0,1,2,-1,2,1,3,-1,1,4,3,-1,3,4,5,-1,5,4,6,-1,6,4,7,-1,6,7,8,-1,7,9,8,-1,8,9,10,-1,9,11,10,-1,10,11,12,-1,11,13,12,-1,12,13,14,-1,13,15,14,-1,14,15,16,-1,16,15,17,-1,17,15,0,-1,17,0,2,-1,18,19,20,-1,20,19,21,-1,19,18,22,-1,19,22,23,-1,23,22,24,-1,23,24,25,-1,26,27,24,-1,24,27,25,-1,27,26,28,-1,27,28,29,-1,29,28,30,-1,29,30,31,-1,32,33,30,-1,30,33,31,-1,20,21,32,-1,32,21,33,-1,21,7,33,-1,33,7,4,-1,19,13,21,-1,21,13,11,-1,21,11,7,-1,7,11,9,-1,19,23,13,-1,13,23,25,-1,13,25,15,-1,15,25,27,-1,15,27,29,-1,29,31,15,-1,15,31,33,-1,15,33,0,-1,0,33,4,-1,0,4,1,-1,
        ]
    }
}
Shape{
    appearance Appearance {
        material  Material 	{
            diffuseColor 0.2235294117647059 0.2235294117647059 0.2235294117647059
            specularColor 0.11372549019607843 0.11372549019607843 0.11372549019607843
            ambientIntensity 0.2235
            transparency 0.0
            shininess 0.5
        }
    }
    geometry IndexedFaceSet {
        ccw TRUE
        solid FALSE
        coord DEF co Coordinate {
            point [
                -0.9632 4.2215 4.1985, -1.0439 4.2023 4.198, -0.9999 4.213 4.2981, -1.0083 4.211 4.2981, -1.0016 4.2126 4.3054, -1.0068 4.2113 4.3048, -1.0039 4.212 4.3149, -1.0047 4.2118 4.3149
            ]
        }
        coordIndex [
            0,1,2,-1,2,1,3,-1,2,3,4,-1,4,3,5,-1,4,5,6,-1,6,5,7,-1,
        ]
    }
}
Shape{
    appearance Appearance {
        material  Material 	{
            diffuseColor 0.8509803921568627 0.8509803921568627 0.8509803921568627
            specularColor 0.4235294117647059 0.4235294117647059 0.4235294117647059
            ambientIntensity 0.851
            transparency 0.0
            shininess 0.5
        }
    }
    geometry IndexedFaceSet {
        ccw TRUE
        solid FALSE
        coord DEF co Coordinate {
            point [
                1.7978 -0.0992 -1.3779, 1.7782 -0.0517 -1.3779, 1.9683 -0.0008 -1.3779, 1.7715 -0.0008 -1.3779, 1.7782 0.0502 -1.3779, 1.9174 -0.1909 -1.3779, 1.8699 -0.1712 -1.3779, 1.8291 -0.14 -1.3779, 2.0667 -0.1712 -1.3779, 2.0193 -0.1909 -1.3779, 1.9683 -0.1976 -1.3779, 2.1585 -0.0517 -1.3779, 2.1388 -0.0992 -1.3779, 2.1075 -0.14 -1.3779, 2.1388 0.0977 -1.3779, 2.1585 0.0502 -1.3779, 2.1652 -0.0008 -1.3779, 2.0193 0.1894 -1.3779, 2.0667 0.1697 -1.3779, 2.1075 0.1384 -1.3779, 1.8699 0.1697 -1.3779, 1.9174 0.1894 -1.3779, 1.9683 0.1961 -1.3779, 1.7978 0.0977 -1.3779, 1.8291 0.1384 -1.3779
            ]
        }
        coordIndex [
            0,1,2,-1,2,1,3,-1,2,3,4,-1,5,6,2,-1,2,6,7,-1,2,7,0,-1,8,9,2,-1,2,9,10,-1,2,10,5,-1,11,12,2,-1,2,12,13,-1,2,13,8,-1,14,15,2,-1,2,15,16,-1,2,16,11,-1,17,18,2,-1,2,18,19,-1,2,19,14,-1,20,21,2,-1,2,21,22,-1,2,22,17,-1,4,23,2,-1,2,23,24,-1,2,24,20,-1,
        ]
    }
}