#VRML V2.0 utf8
# 3D model generated by easyeda2kicad.py (https://github.com/uPesy/easyeda2kicad.py)

Shape{
    appearance Appearance {
        material  Material 	{
            diffuseColor 0.6470588235294118 0.6196078431372549 0.5882352941176471
            specularColor 0.45098039215686275 0.43529411764705883 0.4117647058823529
            ambientIntensity 0.6242
            transparency 0.0
            shininess 0.5
        }
    }
    geometry IndexedFaceSet {
        ccw TRUE
        solid FALSE
        coord DEF co Coordinate {
            point [
                1.4911 -0.3002 5.4658, 0.4774 -0.3002 5.4658, 1.4785 -0.3361 5.4658, 0.49 -0.3361 5.4658, 0.5301 -0.4175 5.4658, 0.8939 -0.6657 5.4658, 0.8061 -0.6427 5.4658, 0.7236 -0.6051 5.4658, 1.1624 -0.6427 5.4658, 1.2449 -0.6051 5.4658, 1.0746 -0.6657 5.4658, 1.3198 -0.5539 5.4658, 1.385 -0.4908 5.4658, 0.5835 -0.4908 5.4658, 0.6487 -0.5539 5.4658, 0.9842 -0.6735 5.4658, 1.4384 -0.4175 5.4658, 0.3874 -0.5546 5.2689, 0.4349 -0.6199 5.2689, 0.44 -0.6155 5.3199, 0.5031 -0.686 5.2689, 0.5242 -0.7065 5.2689, 0.5284 -0.7013 5.3199, 0.6467 -0.7856 5.2689, 0.7401 -0.8282 5.2689, 0.7423 -0.8218 5.3199, 1.1577 -0.8467 5.2689, 1.2284 -0.8282 5.2689, 1.2262 -0.8218 5.3199, 1.3218 -0.7856 5.2689, 1.3416 -0.7766 5.2689, 1.3383 -0.7707 5.3199, 1.4654 -0.686 5.2689, 1.5336 -0.6199 5.2689, 1.5285 -0.6155 5.3199, 1.5352 -0.3002 5.4612, 1.526 -0.3547 5.4591, 1.5702 -0.372 5.4394, 1.5619 -0.3002 5.4537, 1.5441 -0.3002 5.4587, 1.6347 -0.3002 5.4074, 1.6238 -0.3002 5.4186, 1.6082 -0.3869 5.4081, 1.6011 -0.3002 5.4349, 1.5931 -0.3002 5.4387, 1.6536 -0.3002 5.3878, 1.6373 -0.3983 5.3673, 1.6681 -0.3002 5.3665, 1.6854 -0.3002 5.3277, 1.6556 -0.4054 5.3199, 1.6874 -0.3002 5.3198, 1.6618 -0.4079 5.2689, 1.6641 -0.4006 5.2689, 1.6913 -0.3002 5.3044, 1.6946 -0.3002 5.2689, 0.3067 -0.4079 5.2689, 0.3129 -0.4054 5.3199, 0.3044 -0.4006 5.2689, 0.2776 -0.3002 5.3068, 0.2739 -0.3002 5.2689, 0.3312 -0.3983 5.3673, 0.2883 -0.3002 5.3421, 0.2815 -0.3002 5.3196, 0.3234 -0.3002 5.398, 0.3087 -0.3002 5.3795, 0.3018 -0.3002 5.3669, 0.3338 -0.3002 5.4074, 0.3603 -0.3869 5.4081, 0.3554 -0.3002 5.4269, 0.3983 -0.372 5.4394, 0.3749 -0.3002 5.4393, 0.4152 -0.3002 5.4565, 0.4425 -0.3547 5.4591, 0.4243 -0.3002 5.4588, 0.4381 -0.3002 5.4621, 1.482 -0.4439 5.4591, 1.4234 -0.5242 5.4591, 1.5226 -0.4684 5.4394, 1.4593 -0.5553 5.4394, 1.5575 -0.4895 5.4081, 1.49 -0.5821 5.4081, 1.5842 -0.5057 5.3673, 1.5137 -0.6026 5.3673, 1.6011 -0.5159 5.3199, 0.8852 -0.7159 5.4591, 0.789 -0.6907 5.4591, 0.8771 -0.7627 5.4394, 0.7731 -0.7354 5.4394, 0.8702 -0.8029 5.4081, 0.7594 -0.7738 5.4081, 0.8648 -0.8337 5.3673, 0.7489 -0.8033 5.3673, 0.8615 -0.8531 5.3199, 1.6068 -0.5194 5.2689, 1.5811 -0.5546 5.2689, 1.4443 -0.7065 5.2689, 1.44 -0.7013 5.3199, 1.4276 -0.686 5.3673, 1.4078 -0.6618 5.4081, 1.3821 -0.6302 5.4394, 1.352 -0.5934 5.4591, 1.2699 -0.6495 5.4591, 1.2932 -0.6908 5.4394, 1.3133 -0.7263 5.4081, 1.3286 -0.7536 5.3673, 1.2196 -0.8033 5.3673, 1.2091 -0.7738 5.4081, 1.1954 -0.7354 5.4394, 1.1795 -0.6907 5.4591, 1.1081 -0.8597 5.2689, 1.107 -0.8531 5.3199, 1.1037 -0.8337 5.3673, 1.0983 -0.8029 5.4081, 1.0914 -0.7627 5.4394, 1.0833 -0.7159 5.4591, 0.9842 -0.7244 5.4591, 0.9842 -0.7719 5.4394, 0.9842 -0.8127 5.4081, 0.9842 -0.844 5.3673, 0.9842 -0.8636 5.3199, 0.9842 -0.8703 5.2689, 0.8603 -0.8597 5.2689, 0.8108 -0.8467 5.2689, 0.6269 -0.7766 5.2689, 0.6302 -0.7707 5.3199, 0.6399 -0.7536 5.3673, 0.6552 -0.7263 5.4081, 0.6753 -0.6908 5.4394, 0.6986 -0.6495 5.4591, 0.6165 -0.5934 5.4591, 0.5864 -0.6302 5.4394, 0.5607 -0.6618 5.4081, 0.5409 -0.686 5.3673, 0.4548 -0.6026 5.3673, 0.4785 -0.5821 5.4081, 0.5092 -0.5553 5.4394, 0.5451 -0.5242 5.4591, 0.3617 -0.5194 5.2689, 0.3674 -0.5159 5.3199, 0.3843 -0.5057 5.3673, 0.411 -0.4895 5.4081, 0.4459 -0.4684 5.4394, 0.4865 -0.4439 5.4591
            ]
        }
        coordIndex [
            0,1,2,-1,2,1,3,-1,2,3,4,-1,5,2,6,-1,6,2,7,-1,8,9,10,-1,10,9,11,-1,10,11,12,-1,4,13,2,-1,2,13,14,-1,2,14,7,-1,5,15,2,-1,2,15,10,-1,2,10,16,-1,16,10,12,-1,17,18,19,-1,20,21,22,-1,23,24,25,-1,26,27,28,-1,29,30,31,-1,32,33,34,-1,0,2,35,-1,35,2,36,-1,37,38,36,-1,36,38,39,-1,36,39,35,-1,40,41,42,-1,42,41,43,-1,42,43,37,-1,37,43,44,-1,37,44,38,-1,40,42,45,-1,45,42,46,-1,45,46,47,-1,47,46,48,-1,48,46,49,-1,48,49,50,-1,49,51,52,-1,50,49,53,-1,53,49,52,-1,53,52,54,-1,55,56,57,-1,57,56,58,-1,57,58,59,-1,60,61,56,-1,56,61,62,-1,56,62,58,-1,63,64,60,-1,60,64,65,-1,60,65,61,-1,63,60,66,-1,66,60,67,-1,66,67,68,-1,68,67,69,-1,68,69,70,-1,70,69,71,-1,71,69,72,-1,71,72,73,-1,73,72,74,-1,74,72,3,-1,74,3,1,-1,16,12,75,-1,75,12,76,-1,75,76,77,-1,77,76,78,-1,77,78,79,-1,79,78,80,-1,79,80,81,-1,81,80,82,-1,81,82,83,-1,83,82,34,-1,5,6,84,-1,84,6,85,-1,84,85,86,-1,86,85,87,-1,86,87,88,-1,88,87,89,-1,88,89,90,-1,90,89,91,-1,90,91,92,-1,92,91,25,-1,2,16,36,-1,36,16,75,-1,36,75,37,-1,37,75,77,-1,37,77,42,-1,42,77,79,-1,42,79,46,-1,46,79,81,-1,46,81,49,-1,49,81,83,-1,49,83,51,-1,51,83,93,-1,34,33,83,-1,83,33,94,-1,83,94,93,-1,95,32,96,-1,96,32,34,-1,96,34,97,-1,97,34,82,-1,97,82,98,-1,98,82,80,-1,98,80,99,-1,99,80,78,-1,99,78,100,-1,100,78,76,-1,100,76,11,-1,11,76,12,-1,11,9,100,-1,100,9,101,-1,100,101,99,-1,99,101,102,-1,99,102,98,-1,98,102,103,-1,98,103,97,-1,97,103,104,-1,97,104,96,-1,96,104,31,-1,96,31,95,-1,95,31,30,-1,27,29,28,-1,28,29,31,-1,28,31,105,-1,105,31,104,-1,105,104,106,-1,106,104,103,-1,106,103,107,-1,107,103,102,-1,107,102,108,-1,108,102,101,-1,108,101,8,-1,8,101,9,-1,109,26,110,-1,110,26,28,-1,110,28,111,-1,111,28,105,-1,111,105,112,-1,112,105,106,-1,112,106,113,-1,113,106,107,-1,113,107,114,-1,114,107,108,-1,114,108,10,-1,10,108,8,-1,10,15,114,-1,114,15,115,-1,114,115,113,-1,113,115,116,-1,113,116,112,-1,112,116,117,-1,112,117,111,-1,111,117,118,-1,111,118,110,-1,110,118,119,-1,110,119,109,-1,109,119,120,-1,15,5,115,-1,115,5,84,-1,115,84,116,-1,116,84,86,-1,116,86,117,-1,117,86,88,-1,117,88,118,-1,118,88,90,-1,118,90,119,-1,119,90,92,-1,119,92,120,-1,120,92,121,-1,25,24,92,-1,92,24,122,-1,92,122,121,-1,123,23,124,-1,124,23,25,-1,124,25,125,-1,125,25,91,-1,125,91,126,-1,126,91,89,-1,126,89,127,-1,127,89,87,-1,127,87,128,-1,128,87,85,-1,128,85,7,-1,7,85,6,-1,7,14,128,-1,128,14,129,-1,128,129,127,-1,127,129,130,-1,127,130,126,-1,126,130,131,-1,126,131,125,-1,125,131,132,-1,125,132,124,-1,124,132,22,-1,124,22,123,-1,123,22,21,-1,18,20,19,-1,19,20,22,-1,19,22,133,-1,133,22,132,-1,133,132,134,-1,134,132,131,-1,134,131,135,-1,135,131,130,-1,135,130,136,-1,136,130,129,-1,136,129,13,-1,13,129,14,-1,137,17,138,-1,138,17,19,-1,138,19,139,-1,139,19,133,-1,139,133,140,-1,140,133,134,-1,140,134,141,-1,141,134,135,-1,141,135,142,-1,142,135,136,-1,142,136,4,-1,4,136,13,-1,4,3,142,-1,142,3,72,-1,142,72,141,-1,141,72,69,-1,141,69,140,-1,140,69,67,-1,140,67,139,-1,139,67,60,-1,139,60,138,-1,138,60,56,-1,138,56,137,-1,137,56,55,-1,
        ]
    }
}
Shape{
    appearance Appearance {
        material  Material 	{
            diffuseColor 0.792156862745098 0.8196078431372549 0.9333333333333333
            specularColor 0.396078431372549 0.4117647058823529 0.4666666666666667
            ambientIntensity 0.8244
            transparency 0.0
            shininess 0.5
        }
    }
    geometry IndexedFaceSet {
        ccw TRUE
        solid FALSE
        coord DEF co Coordinate {
            point [
                0.3937 -1.0896 2.531, 0.3937 0.7929 2.531, 0.8268 -1.0896 2.531, 0.8268 0.7929 2.531
            ]
        }
        coordIndex [
            0,1,2,-1,2,1,3,-1,
        ]
    }
}
Shape{
    appearance Appearance {
        material  Material 	{
            diffuseColor 0.6470588235294118 0.6196078431372549 0.5882352941176471
            specularColor 0.45098039215686275 0.43529411764705883 0.4117647058823529
            ambientIntensity 0.6242
            transparency 0.0
            shininess 0.5
        }
    }
    geometry IndexedFaceSet {
        ccw TRUE
        solid FALSE
        coord DEF co Coordinate {
            point [
                0.9842 -0.6458 4.8882, 1.1145 -0.6287 3.2179, 1.1145 -0.6287 4.8882, 1.2358 -0.5784 3.2179, 1.2358 -0.5784 4.8882, 1.34 -0.4985 3.2179, 1.34 -0.4985 4.8882, 1.42 -0.3943 3.2179, 1.42 -0.3943 4.8882, 1.4702 -0.2729 3.2179, 1.4702 -0.2729 4.8882, 1.4874 -0.1427 3.2179, 1.4874 -0.1427 4.8882, 1.4702 -0.0125 3.2179, 1.4702 -0.0125 4.8882, 1.42 0.1089 3.2179, 1.42 0.1089 4.8882, 1.34 0.2131 3.2179, 1.34 0.2131 4.8882, 1.2358 0.293 3.2179, 1.2358 0.293 4.8882, 1.1145 0.3433 3.2179, 1.1145 0.3433 4.8882, 0.9842 0.3604 3.2179, 0.9842 0.3604 4.8882, 0.854 0.3433 3.2179, 0.854 0.3433 4.8882, 0.7327 0.293 3.2179, 0.7327 0.293 4.8882, 0.6285 0.2131 3.2179, 0.6285 0.2131 4.8882, 0.5485 0.1089 3.2179, 0.5485 0.1089 4.8882, 0.4983 -0.0125 3.2179, 0.4983 -0.0125 4.8882, 0.4811 -0.1427 3.2179, 0.4811 -0.1427 4.8882, 0.4983 -0.2729 3.2179, 0.4983 -0.2729 4.8882, 0.5485 -0.3943 3.2179, 0.5485 -0.3943 4.8882, 0.6285 -0.4985 3.2179, 0.6285 -0.4985 4.8882, 0.7327 -0.5784 3.2179, 0.7327 -0.5784 4.8882, 0.854 -0.6287 3.2179, 0.854 -0.6287 4.8882, 0.9842 -0.6458 3.2179, 0.4774 0.0148 5.4658, 1.4911 0.0148 5.4658, 0.49 0.0507 5.4658, 1.4785 0.0507 5.4658, 1.3198 0.2685 5.4658, 0.7236 0.3197 5.4658, 1.385 0.2054 5.4658, 0.6487 0.2685 5.4658, 0.5835 0.2054 5.4658, 1.4384 0.1321 5.4658, 0.5301 0.1321 5.4658, 1.2449 0.3197 5.4658, 1.1624 0.3573 5.4658, 1.0746 0.3803 5.4658, 0.9842 0.3881 5.4658, 0.8939 0.3803 5.4658, 0.8061 0.3573 5.4658, 0.2619 -0.2304 4.8882, 0.2637 -0.2305 5.1508, 0.2693 -0.0552 5.1508, 1.7066 -0.055 4.8882, 1.7048 -0.0549 5.1508, 1.6992 -0.2302 5.1508, 1.6946 -0.3002 5.2689, 1.6641 -0.4006 5.2689, 1.6972 -0.2945 5.1508, 1.6646 -0.4007 4.8882, 1.7066 -0.2304 4.8882, 1.7069 0.0111 5.1508, 1.6646 0.1153 4.8882, 1.6946 0.0148 5.2689, 0.2739 0.0148 5.2689, 0.3044 0.1152 5.2689, 0.2713 0.009 5.1508, 0.3039 0.1153 4.8882, 0.2619 -0.055 4.8882, 0.2616 -0.2965 5.1508, 0.3039 -0.4007 4.8882, 0.2739 -0.3002 5.2689, 0.8603 -0.8597 5.2689, 0.8101 -0.8492 4.8882, 0.9842 -0.8703 4.8882, 0.6467 -0.7856 5.2689, 0.6461 -0.787 4.8882, 0.7401 -0.8282 5.2689, 0.8108 -0.8467 5.2689, 0.6269 -0.7766 5.2689, 0.5242 -0.7065 5.2689, 0.5017 -0.6874 4.8882, 0.3874 -0.5546 5.2689, 0.3854 -0.5561 4.8882, 0.4349 -0.6199 5.2689, 0.5031 -0.686 5.2689, 0.3617 -0.5194 5.2689, 0.3067 -0.4079 5.2689, 0.3044 -0.4006 5.2689, 0.3067 0.1225 5.2689, 0.3617 0.234 5.2689, 0.3854 0.2706 4.8882, 0.5031 0.4006 5.2689, 0.5017 0.4019 4.8882, 0.4349 0.3345 5.2689, 0.3874 0.2692 5.2689, 0.5242 0.421 5.2689, 0.6269 0.4911 5.2689, 0.6461 0.5016 4.8882, 0.6467 0.5002 5.2689, 0.7401 0.5427 5.2689, 0.8101 0.5638 4.8882, 0.8108 0.5613 5.2689, 0.8603 0.5743 5.2689, 0.9842 0.5849 4.8882, 0.9842 0.5849 5.2689, 1.1081 0.5743 5.2689, 1.1584 0.5638 4.8882, 1.3218 0.5002 5.2689, 1.3224 0.5016 4.8882, 1.2284 0.5427 5.2689, 1.1577 0.5613 5.2689, 1.3416 0.4911 5.2689, 1.4443 0.421 5.2689, 1.4668 0.4019 4.8882, 1.5811 0.2692 5.2689, 1.5831 0.2706 4.8882, 1.5336 0.3345 5.2689, 1.4654 0.4006 5.2689, 1.6068 0.234 5.2689, 1.6618 0.1225 5.2689, 1.6641 0.1152 5.2689, 1.6618 -0.4079 5.2689, 1.6068 -0.5194 5.2689, 1.5831 -0.5561 4.8882, 1.4654 -0.686 5.2689, 1.4668 -0.6874 4.8882, 1.5336 -0.6199 5.2689, 1.5811 -0.5546 5.2689, 1.4443 -0.7065 5.2689, 1.3416 -0.7766 5.2689, 1.3224 -0.787 4.8882, 1.3218 -0.7856 5.2689, 1.2284 -0.8282 5.2689, 1.1584 -0.8492 4.8882, 1.1577 -0.8467 5.2689, 1.1081 -0.8597 5.2689, 0.9842 -0.8703 5.2689
            ]
        }
        coordIndex [
            0,1,2,-1,2,1,3,-1,2,3,4,-1,4,3,5,-1,4,5,6,-1,6,5,7,-1,6,7,8,-1,8,7,9,-1,8,9,10,-1,10,9,11,-1,10,11,12,-1,12,11,13,-1,12,13,14,-1,14,13,15,-1,14,15,16,-1,16,15,17,-1,16,17,18,-1,18,17,19,-1,18,19,20,-1,20,19,21,-1,20,21,22,-1,22,21,23,-1,22,23,24,-1,24,23,25,-1,24,25,26,-1,26,25,27,-1,26,27,28,-1,28,27,29,-1,28,29,30,-1,30,29,31,-1,30,31,32,-1,32,31,33,-1,32,33,34,-1,34,33,35,-1,34,35,36,-1,36,35,37,-1,36,37,38,-1,38,37,39,-1,38,39,40,-1,40,39,41,-1,40,41,42,-1,42,41,43,-1,42,43,44,-1,44,43,45,-1,44,45,46,-1,46,45,47,-1,46,47,0,-1,0,47,1,-1,48,49,50,-1,50,49,51,-1,52,53,54,-1,54,53,55,-1,54,55,56,-1,51,57,50,-1,50,57,54,-1,50,54,58,-1,58,54,56,-1,52,59,53,-1,53,59,60,-1,53,60,61,-1,61,62,53,-1,53,62,63,-1,53,63,64,-1,65,66,67,-1,68,69,70,-1,71,72,73,-1,73,72,74,-1,73,74,70,-1,70,74,75,-1,70,75,68,-1,69,68,76,-1,76,68,77,-1,76,77,78,-1,79,80,81,-1,81,80,82,-1,81,82,67,-1,67,82,83,-1,67,83,65,-1,66,65,84,-1,84,65,85,-1,84,85,86,-1,87,88,89,-1,90,91,92,-1,92,91,88,-1,92,88,93,-1,93,88,87,-1,90,94,91,-1,91,94,95,-1,91,95,96,-1,97,98,99,-1,99,98,96,-1,99,96,100,-1,100,96,95,-1,97,101,98,-1,98,101,102,-1,98,102,85,-1,85,102,103,-1,85,103,86,-1,80,104,82,-1,82,104,105,-1,82,105,106,-1,107,108,109,-1,109,108,106,-1,109,106,110,-1,110,106,105,-1,107,111,108,-1,108,111,112,-1,108,112,113,-1,112,114,113,-1,113,114,115,-1,113,115,116,-1,115,117,116,-1,116,117,118,-1,116,118,119,-1,118,120,119,-1,119,120,121,-1,119,121,122,-1,123,124,125,-1,125,124,122,-1,125,122,126,-1,126,122,121,-1,123,127,124,-1,124,127,128,-1,124,128,129,-1,130,131,132,-1,132,131,129,-1,132,129,133,-1,133,129,128,-1,130,134,131,-1,131,134,135,-1,131,135,77,-1,77,135,136,-1,77,136,78,-1,72,137,74,-1,74,137,138,-1,74,138,139,-1,140,141,142,-1,142,141,139,-1,142,139,143,-1,143,139,138,-1,140,144,141,-1,141,144,145,-1,141,145,146,-1,145,147,146,-1,146,147,148,-1,146,148,149,-1,148,150,149,-1,149,150,151,-1,149,151,89,-1,89,151,152,-1,89,152,87,-1,14,68,12,-1,12,68,75,-1,12,75,10,-1,10,75,74,-1,10,74,8,-1,8,74,139,-1,8,139,6,-1,6,139,141,-1,6,141,4,-1,4,141,146,-1,4,146,2,-1,2,146,149,-1,2,149,0,-1,0,149,89,-1,0,89,46,-1,46,89,88,-1,46,88,44,-1,44,88,91,-1,44,91,42,-1,42,91,96,-1,42,96,40,-1,40,96,98,-1,40,98,38,-1,98,85,38,-1,38,85,65,-1,38,65,36,-1,36,65,83,-1,36,83,34,-1,34,83,82,-1,34,82,32,-1,32,82,106,-1,32,106,30,-1,30,106,108,-1,30,108,28,-1,28,108,113,-1,28,113,26,-1,26,113,116,-1,26,116,24,-1,24,116,119,-1,24,119,22,-1,22,119,122,-1,22,122,20,-1,20,122,124,-1,20,124,18,-1,18,124,129,-1,18,129,16,-1,16,129,131,-1,16,131,14,-1,14,131,77,-1,14,77,68,-1,
        ]
    }
}
Shape{
    appearance Appearance {
        material  Material 	{
            diffuseColor 0.27450980392156865 0.5215686274509804 0.27450980392156865
            specularColor 0.0196078431372549 0.0392156862745098 0.0196078431372549
            ambientIntensity 0.5993
            transparency 0.0
            shininess 0.5
        }
    }
    geometry IndexedFaceSet {
        ccw TRUE
        solid FALSE
        coord DEF co Coordinate {
            point [
                1.42 -0.3943 3.2179, 1.34 -0.4985 3.2179, 1.6732 -1.0896 3.2179, 1.42 0.1089 3.2179, 1.4702 -0.0125 3.2179, 1.6732 0.7929 3.2179, 1.4874 -0.1427 3.2179, 1.4702 -0.2729 3.2179, 1.2358 -0.5784 3.2179, 1.1145 -0.6287 3.2179, 0.2953 -1.0896 3.2179, 0.9842 -0.6458 3.2179, 0.854 -0.6287 3.2179, 1.1145 0.3433 3.2179, 1.2358 0.293 3.2179, 1.34 0.2131 3.2179, 0.2953 0.7929 3.2179, 0.854 0.3433 3.2179, 0.9842 0.3604 3.2179, 0.5485 0.1089 3.2179, 0.6285 0.2131 3.2179, 0.7327 0.293 3.2179, 0.7327 -0.5784 3.2179, 0.6285 -0.4985 3.2179, 0.5485 -0.3943 3.2179, 0.4983 -0.2729 3.2179, 0.4811 -0.1427 3.2179, 0.4983 -0.0125 3.2179, 0.8268 -1.0896 2.531, 0.8268 -1.0896 2.292, 1.1417 -1.0896 2.292, 1.1417 -1.0896 2.531, 1.5748 -1.0896 2.531, 1.6732 -1.0896 0.7444, 1.5748 -1.0896 1.1347, 0.2953 -1.0896 0.7444, 0.3937 -1.0896 1.1347, 0.3937 -1.0896 2.531, 1.6732 0.7929 0.7444, 0.2953 0.7929 0.7444, 1.5748 0.7929 2.531, 1.1417 0.7929 2.531, 1.1417 0.7929 2.607, 0.8268 0.7929 2.531, 0.3937 0.7929 2.531, 0.3937 0.7929 1.1347, 1.5748 0.7929 1.1347, 0.8268 0.7929 2.607
            ]
        }
        coordIndex [
            0,1,2,-1,3,4,5,-1,5,4,6,-1,5,6,2,-1,2,6,7,-1,2,7,0,-1,1,8,2,-1,2,8,9,-1,2,9,10,-1,10,9,11,-1,10,11,12,-1,13,14,5,-1,5,14,15,-1,5,15,3,-1,16,17,5,-1,5,17,18,-1,5,18,13,-1,19,20,16,-1,16,20,21,-1,16,21,17,-1,12,22,10,-1,10,22,23,-1,10,23,24,-1,24,25,10,-1,10,25,26,-1,10,26,16,-1,16,26,27,-1,16,27,19,-1,28,29,30,-1,10,31,2,-1,2,31,32,-1,2,32,33,-1,33,32,34,-1,33,34,35,-1,34,36,35,-1,35,36,37,-1,35,37,10,-1,10,37,28,-1,10,28,31,-1,31,28,30,-1,38,33,39,-1,39,33,35,-1,40,41,42,-1,43,44,16,-1,16,44,39,-1,39,44,45,-1,39,45,38,-1,45,46,38,-1,38,46,40,-1,38,40,5,-1,5,40,42,-1,5,42,16,-1,16,42,47,-1,16,47,43,-1,33,38,2,-1,2,38,5,-1,39,35,16,-1,16,35,10,-1,
        ]
    }
}
Shape{
    appearance Appearance {
        material  Material 	{
            diffuseColor 0.792156862745098 0.8196078431372549 0.9333333333333333
            specularColor 0.396078431372549 0.4117647058823529 0.4666666666666667
            ambientIntensity 0.8244
            transparency 0.0
            shininess 0.5
        }
    }
    geometry IndexedFaceSet {
        ccw TRUE
        solid FALSE
        coord DEF co Coordinate {
            point [
                1.1417 0.7929 2.531, 1.5748 0.7929 2.531, 1.1417 -1.0896 2.531, 1.5748 -1.0896 2.531, 0.3937 0.7929 1.1347, 0.3937 -1.0896 1.1347, 1.5748 0.7929 1.1347, 1.5748 -1.0896 1.1347, 0.3937 -1.0896 2.531, 0.3937 0.7929 2.531
            ]
        }
        coordIndex [
            0,1,2,-1,2,1,3,-1,4,5,6,-1,6,5,7,-1,5,4,8,-1,8,4,9,-1,6,7,1,-1,1,7,3,-1,
        ]
    }
}
Shape{
    appearance Appearance {
        material  Material 	{
            diffuseColor 0.6470588235294118 0.6196078431372549 0.5882352941176471
            specularColor 0.45098039215686275 0.43529411764705883 0.4117647058823529
            ambientIntensity 0.6242
            transparency 0.0
            shininess 0.5
        }
    }
    geometry IndexedFaceSet {
        ccw TRUE
        solid FALSE
        coord DEF co Coordinate {
            point [
                0.8268 0.7929 2.607, 1.1417 0.7929 2.607, 0.8268 0.8742 2.607, 1.1417 0.8742 2.607, 1.1417 0.7929 2.531, 1.1417 -1.0896 2.531, 1.1417 -1.0896 2.292, 1.1417 1.2764 2.539, 1.1417 0.8742 2.539, 1.1417 1.0554 2.292, 1.1417 1.0758 2.2893, 1.1417 1.0947 2.2815, 1.1417 1.3485 2.4761, 1.1417 1.1111 2.2689, 1.1417 1.4033 2.3976, 1.1417 1.1236 2.2526, 1.1417 1.4374 2.3082, 1.1417 1.1314 2.2336, 1.1417 1.4491 2.2133, 1.1417 1.1341 2.2133, 1.1417 1.4491 0.7072, 1.1417 1.1341 0.7072, 1.1417 1.4357 0.6053, 1.1417 1.1314 0.6868, 1.1417 1.3963 0.5103, 1.1417 1.1236 0.6678, 1.1417 1.3338 0.4288, 1.1417 1.1111 0.6515, 1.1417 1.2522 0.3662, 1.1417 1.0947 0.639, 1.1417 1.1573 0.3269, 1.1417 1.0758 0.6311, 1.1417 1.0554 0.3135, 1.1417 1.0554 0.6284, 1.1417 0.2362 0.3135, 1.1417 0.2362 0.6284, 1.1417 0.2158 0.3108, 1.1417 0.1343 0.615, 1.1417 0.1969 0.3029, 1.1417 0.0394 0.5757, 1.1417 0.1805 0.2904, 1.1417 -0.0422 0.5131, 1.1417 0.168 0.2741, 1.1417 -0.1047 0.4316, 1.1417 0.1602 0.2551, 1.1417 -0.1441 0.3366, 1.1417 0.1575 0.2347, 1.1417 -0.1575 0.2347, 1.1417 0.1575 -1.2992, 1.1417 -0.1575 -1.2992, 0.8268 0.7929 2.531, 0.8268 1.1111 2.2689, 0.8268 1.0947 2.2815, 0.8268 -1.0896 2.292, 0.8268 -1.0896 2.531, 0.8268 1.0554 2.292, 0.8268 1.0758 2.2893, 0.8268 0.8742 2.539, 0.8268 0.1575 -1.2992, 0.8268 -0.1575 -1.2992, 0.8268 0.1575 0.2347, 0.8268 -0.1575 0.2347, 0.8268 0.1602 0.2551, 0.8268 -0.1441 0.3366, 0.8268 0.168 0.2741, 0.8268 -0.1047 0.4316, 0.8268 0.1805 0.2904, 0.8268 -0.0422 0.5131, 0.8268 0.1969 0.3029, 0.8268 0.0394 0.5757, 0.8268 0.2158 0.3108, 0.8268 0.1343 0.615, 0.8268 0.2362 0.3135, 0.8268 0.2362 0.6284, 0.8268 1.0554 0.3135, 0.8268 1.0554 0.6284, 0.8268 1.1573 0.3269, 0.8268 1.0758 0.6311, 0.8268 1.2522 0.3662, 0.8268 1.0947 0.639, 0.8268 1.3338 0.4288, 0.8268 1.1111 0.6515, 0.8268 1.3963 0.5103, 0.8268 1.1236 0.6678, 0.8268 1.4357 0.6053, 0.8268 1.1314 0.6868, 0.8268 1.4491 0.7072, 0.8268 1.1341 0.7072, 0.8268 1.4491 2.2133, 0.8268 1.1341 2.2133, 0.8268 1.4374 2.3082, 0.8268 1.1314 2.2336, 0.8268 1.4033 2.3976, 0.8268 1.1236 2.2526, 0.8268 1.3485 2.4761, 0.8268 1.2764 2.539, 0.9055 -0.0787 -1.6929, 0.9055 0.0787 -1.6929, 1.063 -0.0787 -1.6929, 1.063 0.0787 -1.6929
            ]
        }
        coordIndex [
            0,1,2,-1,2,1,3,-1,4,5,6,-1,7,8,9,-1,3,1,8,-1,8,1,4,-1,8,4,9,-1,9,4,6,-1,9,10,7,-1,7,10,11,-1,7,11,12,-1,12,11,13,-1,12,13,14,-1,14,13,15,-1,14,15,16,-1,16,15,17,-1,16,17,18,-1,18,17,19,-1,18,19,20,-1,20,19,21,-1,20,21,22,-1,22,21,23,-1,22,23,24,-1,24,23,25,-1,24,25,26,-1,26,25,27,-1,26,27,28,-1,28,27,29,-1,28,29,30,-1,30,29,31,-1,30,31,32,-1,32,31,33,-1,32,33,34,-1,34,33,35,-1,34,35,36,-1,36,35,37,-1,36,37,38,-1,38,37,39,-1,38,39,40,-1,40,39,41,-1,40,41,42,-1,42,41,43,-1,42,43,44,-1,44,43,45,-1,44,45,46,-1,46,45,47,-1,46,47,48,-1,48,47,49,-1,50,51,52,-1,53,54,55,-1,55,54,50,-1,55,50,56,-1,56,50,52,-1,0,2,50,-1,50,2,57,-1,50,57,51,-1,58,59,60,-1,60,59,61,-1,60,61,62,-1,62,61,63,-1,62,63,64,-1,64,63,65,-1,64,65,66,-1,66,65,67,-1,66,67,68,-1,68,67,69,-1,68,69,70,-1,70,69,71,-1,70,71,72,-1,72,71,73,-1,72,73,74,-1,74,73,75,-1,74,75,76,-1,76,75,77,-1,76,77,78,-1,78,77,79,-1,78,79,80,-1,80,79,81,-1,80,81,82,-1,82,81,83,-1,82,83,84,-1,84,83,85,-1,84,85,86,-1,86,85,87,-1,86,87,88,-1,88,87,89,-1,88,89,90,-1,90,89,91,-1,90,91,92,-1,92,91,93,-1,92,93,94,-1,94,93,51,-1,94,51,95,-1,95,51,57,-1,49,47,59,-1,59,47,61,-1,96,97,98,-1,98,97,99,-1,58,60,48,-1,48,60,46,-1,46,60,44,-1,44,60,62,-1,44,62,42,-1,42,62,64,-1,42,64,40,-1,40,64,66,-1,40,66,38,-1,38,66,68,-1,38,68,36,-1,36,68,70,-1,36,70,34,-1,34,70,72,-1,32,34,74,-1,74,34,72,-1,32,74,76,-1,32,76,30,-1,30,76,78,-1,30,78,28,-1,28,78,80,-1,28,80,26,-1,26,80,82,-1,26,82,24,-1,24,82,84,-1,24,84,22,-1,22,84,86,-1,22,86,20,-1,18,20,88,-1,88,20,86,-1,18,88,90,-1,18,90,16,-1,16,90,92,-1,16,92,14,-1,14,92,94,-1,14,94,12,-1,12,94,95,-1,12,95,7,-1,9,6,55,-1,55,6,53,-1,9,55,10,-1,10,55,56,-1,10,56,11,-1,11,56,52,-1,11,52,13,-1,13,52,51,-1,13,51,15,-1,15,51,93,-1,15,93,17,-1,17,93,91,-1,17,91,19,-1,19,91,89,-1,21,19,87,-1,87,19,89,-1,21,87,23,-1,23,87,85,-1,23,85,25,-1,25,85,83,-1,25,83,27,-1,27,83,81,-1,27,81,29,-1,29,81,79,-1,29,79,31,-1,31,79,77,-1,31,77,33,-1,33,77,75,-1,35,33,73,-1,73,33,75,-1,35,73,71,-1,35,71,37,-1,37,71,69,-1,37,69,39,-1,39,69,67,-1,39,67,41,-1,41,67,65,-1,41,65,43,-1,43,65,63,-1,43,63,45,-1,45,63,61,-1,45,61,47,-1,
        ]
    }
}
Shape{
    appearance Appearance {
        material  Material 	{
            diffuseColor 0.27450980392156865 0.5215686274509804 0.27450980392156865
            specularColor 0.0196078431372549 0.0392156862745098 0.0196078431372549
            ambientIntensity 0.5993
            transparency 0.0
            shininess 0.5
        }
    }
    geometry IndexedFaceSet {
        ccw TRUE
        solid FALSE
        coord DEF co Coordinate {
            point [
                0.8899 -1.4162 0.0, 0.8893 -1.4164 0.0, 0.8428 -1.4164 0.0, -1.0786 -1.4162 0.0, -1.0792 -1.4164 0.0, -1.1257 -1.4164 0.0, -1.9685 1.6929 0.0, -2.0866 1.6929 0.0, -2.0866 1.8898 0.0, -1.9685 1.8898 0.0, -1.9685 2.0866 0.0, -1.7717 1.7347 0.0, -1.7226 2.0866 0.0, -1.9685 -1.2959 0.0, -1.7717 -1.1886 0.0, -1.7226 -1.2959 0.0, -1.7226 -1.1886 0.0, -1.5257 -1.2959 0.0, -1.5257 -1.1886 0.0, -1.3238 -1.2959 0.0, -1.3238 -1.1886 0.0, -1.1257 -1.2959 0.0, -1.1257 -1.1886 0.0, -0.9149 -1.2959 0.0, -0.9149 -1.1886 0.0, -0.0 -1.2959 0.0, -0.1969 -1.1886 0.0, -0.0 2.0866 0.0, -0.1969 1.7347 0.0, -0.9149 2.0866 0.0, -0.9149 1.7347 0.0, -1.1257 2.0866 0.0, -1.1257 1.7347 0.0, -1.3238 2.0866 0.0, -1.3238 1.7347 0.0, -1.5257 2.0866 0.0, -1.5257 1.7347 0.0, -1.7226 1.7347 0.0, -0.7773 -1.5683 0.0, -0.8543 -1.5497 0.0, -0.7439 -1.4307 0.0, -0.8725 -1.4653 0.0, -0.7414 -1.4164 0.0, -0.7348 -1.4058 0.0, -0.7351 -1.4051 0.0, -0.9149 -1.4164 0.0, -0.8899 -1.404 0.0, -0.8902 -1.4046 0.0, -0.8906 -1.406 0.0, -0.8916 -1.4132 0.0, -0.8887 -1.4033 0.0, -0.8892 -1.4034 0.0, -0.8895 -1.4036 0.0, -0.7338 -1.4132 0.0, -0.734 -1.4102 0.0, -0.737 -1.4041 0.0, -0.8844 -1.4087 0.0, -0.8851 -1.4067 0.0, -0.7343 -1.4081 0.0, -0.7346 -1.4067 0.0, -0.8825 -1.4164 0.0, -0.7376 -1.4042 0.0, -0.7382 -1.4045 0.0, -0.881 -1.4223 0.0, -0.74 -1.4081 0.0, -0.7396 -1.4066 0.0, -0.7386 -1.4049 0.0, -0.7391 -1.4055 0.0, -0.8874 -1.4035 0.0, -0.8879 -1.4033 0.0, -0.8883 -1.4032 0.0, -0.8858 -1.4054 0.0, -0.8864 -1.4045 0.0, -0.8869 -1.4039 0.0, -0.7354 -1.4047 0.0, -0.7358 -1.4044 0.0, -0.7362 -1.4042 0.0, -0.7366 -1.4041 0.0, -0.7306 -1.466 0.0, -0.7299 -1.4651 0.0, -0.0 -1.7847 0.0, -0.7296 -1.4644 0.0, -0.7294 -1.4638 0.0, -0.0 -1.4164 0.0, -0.7295 -1.4618 0.0, -0.7303 -1.4484 0.0, -0.7304 -1.4483 0.0, -0.7326 -1.4228 0.0, -0.7334 -1.4164 0.0, -0.7559 -1.5474 0.0, -0.7491 -1.5191 0.0, -0.7461 -1.5057 0.0, -0.7423 -1.4925 0.0, -0.7383 -1.4817 0.0, -0.7347 -1.4717 0.0, -0.7323 -1.4681 0.0, -0.8199 -1.7847 0.0, -0.8187 -1.7903 0.0, -0.9149 -1.7943 0.0, -0.8108 -1.7903 0.0, -0.8095 -1.7847 0.0, -0.8906 -1.4704 0.0, -0.8832 -1.4951 0.0, -0.8934 -1.4653 0.0, -0.8946 -1.4631 0.0, -0.892 -1.4164 0.0, -0.8923 -1.42 0.0, -0.8951 -1.4437 0.0, -0.877 -1.5202 0.0, -0.9149 -1.7847 0.0, -0.8957 -1.4599 0.0, -0.8959 -1.4547 0.0, -1.1036 -1.4449 0.0, -1.1034 -1.4452 0.0, -1.1257 -1.7847 0.0, -0.9822 -1.7737 0.0, -0.9718 -1.7683 0.0, -0.9829 -1.4368 0.0, -0.9935 -1.4325 0.0, -1.1043 -1.4413 0.0, -1.1045 -1.4419 0.0, -0.995 -1.7767 0.0, -1.1011 -1.4457 0.0, -1.0822 -1.7422 0.0, -1.1025 -1.4456 0.0, -1.1031 -1.4454 0.0, -1.105 -1.762 0.0, -1.105 -1.7633 0.0, -1.1046 -1.7648 0.0, -1.1041 -1.7657 0.0, -0.9625 -1.76 0.0, -0.9534 -1.7469 0.0, -0.9446 -1.7238 0.0, -1.0797 -1.4166 0.0, -1.0834 -1.4192 0.0, -1.0915 -1.4268 0.0, -1.0896 -1.7462 0.0, -1.0997 -1.7546 0.0, -1.0991 -1.4455 0.0, -1.0913 -1.4455 0.0, -1.0822 -1.4455 0.0, -1.0126 -1.7779 0.0, -1.0251 -1.7768 0.0, -1.0346 -1.4262 0.0, -1.0595 -1.4233 0.0, -1.0688 -1.4209 0.0, -1.1045 -1.4426 0.0, -1.1044 -1.4433 0.0, -1.1039 -1.4444 0.0, -1.086 -1.744 0.0, -1.1022 -1.7566 0.0, -1.1038 -1.7586 0.0, -1.1047 -1.7606 0.0, -0.9503 -1.4776 0.0, -0.9621 -1.4566 0.0, -0.9719 -1.4448 0.0, -1.1023 -1.4385 0.0, -1.1033 -1.4397 0.0, -1.1039 -1.4406 0.0, -1.0941 -1.4296 0.0, -1.1009 -1.4369 0.0, -1.0709 -1.7671 0.0, -1.059 -1.7682 0.0, -1.0375 -1.7744 0.0, -1.1033 -1.7666 0.0, -1.1026 -1.7671 0.0, -1.0923 -1.7654 0.0, -0.9364 -1.6604 0.0, -0.9338 -1.5819 0.0, -0.9395 -1.5151 0.0, -1.0805 -1.7654 0.0, -1.0757 -1.7663 0.0, -1.0771 -1.416 0.0, -1.0766 -1.4162 0.0, -1.0763 -1.4164 0.0, -1.0747 -1.4173 0.0, -1.1621 -1.6146 0.0, -1.1631 -1.614 0.0, -1.1645 -1.4659 0.0, -1.3001 -1.767 0.0, -1.2999 -1.7674 0.0, -1.3238 -1.7847 0.0, -1.2698 -1.6187 0.0, -1.2222 -1.6249 0.0, -1.2698 -1.7433 0.0, -1.2026 -1.6289 0.0, -1.1792 -1.6397 0.0, -1.1627 -1.7597 0.0, -1.1718 -1.7586 0.0, -1.2997 -1.7677 0.0, -1.2995 -1.7679 0.0, -1.2992 -1.7681 0.0, -1.1851 -1.7568 0.0, -1.1985 -1.7552 0.0, -1.1843 -1.6368 0.0, -1.19 -1.6334 0.0, -1.1613 -1.6154 0.0, -1.3238 -1.4164 0.0, -1.2867 -1.4191 0.0, -1.288 -1.4197 0.0, -1.2987 -1.7589 0.0, -1.2996 -1.7608 0.0, -1.3001 -1.7635 0.0, -1.1578 -1.7646 0.0, -1.1577 -1.7637 0.0, -1.1616 -1.6217 0.0, -1.1608 -1.6205 0.0, -1.1614 -1.7599 0.0, -1.1604 -1.6193 0.0, -1.1603 -1.7602 0.0, -1.1602 -1.6183 0.0, -1.1593 -1.7607 0.0, -1.1585 -1.7615 0.0, -1.2894 -1.4208 0.0, -1.2906 -1.4222 0.0, -1.2912 -1.4235 0.0, -1.3002 -1.7652 0.0, -1.3002 -1.7665 0.0, -1.2984 -1.7683 0.0, -1.2969 -1.7684 0.0, -1.2953 -1.7682 0.0, -1.1763 -1.7858 0.0, -1.1753 -1.7847 0.0, -1.16 -1.7688 0.0, -1.2698 -1.5989 0.0, -1.2698 -1.4455 0.0, -1.1854 -1.4573 0.0, -1.1627 -1.6233 0.0, -1.1486 -1.4483 0.0, -1.1463 -1.4428 0.0, -1.1466 -1.4419 0.0, -1.1472 -1.4408 0.0, -1.2852 -1.4188 0.0, -1.2823 -1.419 0.0, -1.2916 -1.4258 0.0, -1.2915 -1.429 0.0, -1.2913 -1.4301 0.0, -1.1578 -1.763 0.0, -1.158 -1.7622 0.0, -1.1642 -1.6137 0.0, -1.1656 -1.6136 0.0, -1.1695 -1.463 0.0, -1.1772 -1.4594 0.0, -1.2926 -1.7508 0.0, -1.2964 -1.7555 0.0, -1.1603 -1.6175 0.0, -1.1606 -1.6166 0.0, -1.1469 -1.4459 0.0, -1.1464 -1.4446 0.0, -1.1463 -1.4436 0.0, -1.1476 -1.4403 0.0, -1.148 -1.4399 0.0, -1.1486 -1.4396 0.0, -1.1487 -1.4396 0.0, -1.1502 -1.4393 0.0, -1.152 -1.4392 0.0, -1.2845 -1.7665 0.0, -1.2749 -1.7654 0.0, -1.2652 -1.7654 0.0, -1.1589 -1.7669 0.0, -1.1582 -1.7656 0.0, -1.246 -1.4268 0.0, -1.272 -1.4223 0.0, -1.2783 -1.4199 0.0, -1.2877 -1.4444 0.0, -1.2862 -1.4591 0.0, -1.2862 -1.4698 0.0, -1.2636 -1.7654 0.0, -1.2525 -1.7656 0.0, -1.2415 -1.7671 0.0, -1.2194 -1.7711 0.0, -1.1998 -1.775 0.0, -1.1844 -1.7806 0.0, -1.1605 -1.4387 0.0, -1.2033 -1.4334 0.0, -1.2862 -1.7433 0.0, -1.2856 -1.484 0.0, -1.2859 -1.4769 0.0, -1.7226 -1.7847 0.0, -1.6725 -1.788 0.0, -1.7226 -1.7943 0.0, -1.6736 -1.7937 0.0, -1.6731 -1.7943 0.0, -1.6532 -1.7314 0.0, -1.5708 -1.4588 0.0, -1.5689 -1.4596 0.0, -1.5257 -1.4164 0.0, -1.5457 -1.4342 0.0, -1.5463 -1.4329 0.0, -1.6448 -1.7671 0.0, -1.6506 -1.7547 0.0, -1.5257 -1.7847 0.0, -1.6531 -1.7387 0.0, -1.5495 -1.4422 0.0, -1.5474 -1.4399 0.0, -1.5464 -1.4382 0.0, -1.5459 -1.4362 0.0, -1.7226 -1.4164 0.0, -1.671 -1.4246 0.0, -1.6709 -1.4277 0.0, -1.5557 -1.4479 0.0, -1.668 -1.4783 0.0, -1.668 -1.7332 0.0, -1.6532 -1.4426 0.0, -1.6096 -1.4463 0.0, -1.5889 -1.4495 0.0, -1.5819 -1.4511 0.0, -1.6683 -1.7608 0.0, -1.672 -1.7847 0.0, -1.5778 -1.453 0.0, -1.5726 -1.4575 0.0, -1.6674 -1.4198 0.0, -1.6682 -1.4201 0.0, -1.6689 -1.4206 0.0, -1.6697 -1.4214 0.0, -1.6706 -1.423 0.0, -1.6694 -1.4415 0.0, -1.6691 -1.4449 0.0, -1.5468 -1.4324 0.0, -1.5476 -1.4319 0.0, -1.549 -1.4313 0.0, -1.5511 -1.4311 0.0, -1.561 -1.4308 0.0, -1.5754 -1.4288 0.0, -1.6127 -1.4249 0.0, -1.625 -1.4239 0.0, -1.6487 -1.4217 0.0, -1.6663 -1.4196 0.0, -1.6647 -1.4197 0.0, -1.6618 -1.4206 0.0, -1.6588 -1.7847 0.0, -1.5257 -1.7943 0.0, -1.6665 -1.7943 0.0, -1.6697 -1.7983 0.0, -1.7226 -2.0866 0.0, -1.5257 -2.0866 0.0, 1.0536 2.0866 0.0, 1.9685 2.0866 0.0, 1.8504 1.8898 0.0, 1.9685 1.8898 0.0, 1.8504 1.6929 0.0, 1.7716 -1.1886 0.0, 1.7716 1.7347 0.0, 1.9685 1.6929 0.0, 1.9685 -1.2959 0.0, 1.0536 -1.1886 0.0, 1.0536 -1.2959 0.0, 0.8428 -1.1886 0.0, 0.8428 -1.2959 0.0, 0.6447 -1.1886 0.0, 0.6447 -1.2959 0.0, 0.4428 -1.1886 0.0, 0.4428 -1.2959 0.0, 0.2459 -1.1886 0.0, 0.2459 -1.2959 0.0, 0.1968 -1.1886 0.0, 0.1968 1.7347 0.0, 0.2459 1.7347 0.0, 0.2459 2.0866 0.0, 0.4428 1.7347 0.0, 0.4428 2.0866 0.0, 0.6447 1.7347 0.0, 0.6447 2.0866 0.0, 0.8428 1.7347 0.0, 0.8428 2.0866 0.0, 1.0536 1.7347 0.0, 1.1912 -1.5683 0.0, 1.1142 -1.5497 0.0, 1.2246 -1.4307 0.0, 1.096 -1.4653 0.0, 1.2271 -1.4164 0.0, 1.2337 -1.4058 0.0, 1.2334 -1.4051 0.0, 1.0536 -1.4164 0.0, 1.0786 -1.404 0.0, 1.0783 -1.4046 0.0, 1.0779 -1.406 0.0, 1.0769 -1.4132 0.0, 1.0798 -1.4033 0.0, 1.0794 -1.4034 0.0, 1.079 -1.4036 0.0, 1.2315 -1.4041 0.0, 1.0841 -1.4087 0.0, 1.0834 -1.4067 0.0, 1.2345 -1.4102 0.0, 1.2342 -1.4081 0.0, 1.2339 -1.4067 0.0, 1.086 -1.4164 0.0, 1.2309 -1.4042 0.0, 1.2303 -1.4045 0.0, 1.0875 -1.4223 0.0, 1.2285 -1.4081 0.0, 1.2289 -1.4066 0.0, 1.2299 -1.4049 0.0, 1.2294 -1.4055 0.0, 1.0811 -1.4035 0.0, 1.0806 -1.4033 0.0, 1.0802 -1.4032 0.0, 1.0827 -1.4054 0.0, 1.0821 -1.4045 0.0, 1.0816 -1.4039 0.0, 1.2331 -1.4047 0.0, 1.2327 -1.4044 0.0, 1.2323 -1.4042 0.0, 1.2319 -1.4041 0.0, 1.2347 -1.4132 0.0, 1.9685 -1.4164 0.0, 1.2351 -1.4164 0.0, 1.9685 -1.6929 0.0, 1.8504 -1.6929 0.0, 1.2389 -1.4644 0.0, 1.2391 -1.4638 0.0, 1.239 -1.4618 0.0, 1.2382 -1.4484 0.0, 1.2386 -1.4651 0.0, 1.8504 -1.7847 0.0, 1.2379 -1.466 0.0, 1.2382 -1.4483 0.0, 1.2359 -1.4228 0.0, 1.2126 -1.5474 0.0, 1.2194 -1.5191 0.0, 1.2225 -1.5057 0.0, 1.2262 -1.4925 0.0, 1.2302 -1.4817 0.0, 1.2338 -1.4717 0.0, 1.2362 -1.4681 0.0, 1.1486 -1.7847 0.0, 1.1498 -1.7903 0.0, 1.0536 -1.7943 0.0, 1.1577 -1.7903 0.0, 1.0779 -1.4704 0.0, 1.0853 -1.4951 0.0, 1.0751 -1.4653 0.0, 1.0739 -1.4631 0.0, 1.0765 -1.4164 0.0, 1.0762 -1.42 0.0, 1.0734 -1.4437 0.0, 1.0915 -1.5202 0.0, 1.0536 -1.7847 0.0, 1.0729 -1.4599 0.0, 1.0726 -1.4547 0.0, 0.8649 -1.4449 0.0, 0.8651 -1.4452 0.0, 0.8428 -1.7847 0.0, 0.9863 -1.7737 0.0, 0.9967 -1.7683 0.0, 0.9856 -1.4368 0.0, 0.975 -1.4325 0.0, 0.8642 -1.4413 0.0, 0.864 -1.4419 0.0, 0.9736 -1.7767 0.0, 0.8674 -1.4457 0.0, 0.8863 -1.7422 0.0, 0.866 -1.4456 0.0, 0.8655 -1.4454 0.0, 0.8635 -1.762 0.0, 0.8635 -1.7633 0.0, 0.8639 -1.7648 0.0, 0.8644 -1.7657 0.0, 1.006 -1.76 0.0, 1.0151 -1.7469 0.0, 1.0239 -1.7238 0.0, 0.8888 -1.4166 0.0, 0.8851 -1.4192 0.0, 0.877 -1.4268 0.0, 0.8789 -1.7462 0.0, 0.8688 -1.7546 0.0, 0.8694 -1.4455 0.0, 0.8773 -1.4455 0.0, 0.8863 -1.4455 0.0, 0.9559 -1.7779 0.0, 0.9434 -1.7768 0.0, 0.9339 -1.4262 0.0, 0.909 -1.4233 0.0, 0.8997 -1.4209 0.0, 0.864 -1.4426 0.0, 0.8641 -1.4433 0.0, 0.8646 -1.4444 0.0, 0.8825 -1.744 0.0, 0.8663 -1.7566 0.0, 0.8648 -1.7586 0.0, 0.8638 -1.7606 0.0, 1.0182 -1.4776 0.0, 1.0064 -1.4566 0.0, 0.9966 -1.4448 0.0, 0.8662 -1.4385 0.0, 0.8652 -1.4397 0.0, 0.8646 -1.4406 0.0, 0.8744 -1.4296 0.0, 0.8676 -1.4369 0.0, 0.8976 -1.7671 0.0, 0.9096 -1.7682 0.0, 0.931 -1.7744 0.0, 0.8652 -1.7666 0.0, 0.8659 -1.7671 0.0, 0.8762 -1.7654 0.0, 1.0321 -1.6604 0.0, 1.0347 -1.5819 0.0, 1.029 -1.5151 0.0, 0.888 -1.7654 0.0, 0.8928 -1.7663 0.0, 0.8914 -1.416 0.0, 0.8919 -1.4162 0.0, 0.8922 -1.4164 0.0, 0.8938 -1.4173 0.0, 0.8064 -1.6146 0.0, 0.8054 -1.614 0.0, 0.804 -1.4659 0.0, 0.6684 -1.767 0.0, 0.6686 -1.7674 0.0, 0.6447 -1.7847 0.0, 0.6987 -1.6187 0.0, 0.7463 -1.6249 0.0, 0.6987 -1.7433 0.0, 0.7659 -1.6289 0.0, 0.7893 -1.6397 0.0, 0.8058 -1.7597 0.0, 0.7967 -1.7586 0.0, 0.6688 -1.7677 0.0, 0.669 -1.7679 0.0, 0.6693 -1.7681 0.0, 0.7834 -1.7568 0.0, 0.77 -1.7552 0.0, 0.7842 -1.6368 0.0, 0.7785 -1.6334 0.0, 0.8072 -1.6154 0.0, 0.6447 -1.4164 0.0, 0.6818 -1.4191 0.0, 0.6805 -1.4197 0.0, 0.6698 -1.7589 0.0, 0.6689 -1.7608 0.0, 0.6684 -1.7635 0.0, 0.8107 -1.7646 0.0, 0.8108 -1.7637 0.0, 0.8069 -1.6217 0.0, 0.8077 -1.6205 0.0, 0.8071 -1.7599 0.0, 0.8081 -1.6193 0.0, 0.8082 -1.7602 0.0, 0.8083 -1.6183 0.0, 0.8092 -1.7607 0.0, 0.81 -1.7615 0.0, 0.6791 -1.4208 0.0, 0.6779 -1.4222 0.0, 0.6773 -1.4235 0.0, 0.6683 -1.7652 0.0, 0.6683 -1.7665 0.0, 0.6701 -1.7683 0.0, 0.6716 -1.7684 0.0, 0.6732 -1.7682 0.0, 0.7922 -1.7858 0.0, 0.7932 -1.7847 0.0, 0.8085 -1.7688 0.0, 0.6987 -1.5989 0.0, 0.6987 -1.4455 0.0, 0.7831 -1.4573 0.0, 0.8058 -1.6233 0.0, 0.8199 -1.4483 0.0, 0.8222 -1.4428 0.0, 0.8219 -1.4419 0.0, 0.8213 -1.4408 0.0, 0.6833 -1.4188 0.0, 0.6862 -1.419 0.0, 0.6769 -1.4258 0.0, 0.677 -1.429 0.0, 0.6772 -1.4301 0.0, 0.8107 -1.763 0.0, 0.8105 -1.7622 0.0, 0.8043 -1.6137 0.0, 0.8029 -1.6136 0.0, 0.799 -1.463 0.0, 0.7913 -1.4594 0.0, 0.6759 -1.7508 0.0, 0.6721 -1.7555 0.0, 0.8082 -1.6175 0.0, 0.8079 -1.6166 0.0, 0.8216 -1.4459 0.0, 0.8221 -1.4446 0.0, 0.8223 -1.4436 0.0, 0.8209 -1.4403 0.0, 0.8205 -1.4399 0.0, 0.8199 -1.4396 0.0, 0.8198 -1.4396 0.0, 0.8183 -1.4393 0.0, 0.8165 -1.4392 0.0, 0.684 -1.7665 0.0, 0.6936 -1.7654 0.0, 0.7033 -1.7654 0.0, 0.8096 -1.7669 0.0, 0.8103 -1.7656 0.0, 0.7225 -1.4268 0.0, 0.6965 -1.4223 0.0, 0.6902 -1.4199 0.0, 0.6808 -1.4444 0.0, 0.6823 -1.4591 0.0, 0.6823 -1.4698 0.0, 0.7049 -1.7654 0.0, 0.716 -1.7656 0.0, 0.727 -1.7671 0.0, 0.7492 -1.7711 0.0, 0.7687 -1.775 0.0, 0.7841 -1.7806 0.0, 0.808 -1.4387 0.0, 0.7652 -1.4334 0.0, 0.6823 -1.7433 0.0, 0.6829 -1.484 0.0, 0.6826 -1.4769 0.0, 0.296 -1.788 0.0, 0.2949 -1.7937 0.0, 0.2459 -1.7943 0.0, 0.3153 -1.7314 0.0, 0.3977 -1.4588 0.0, 0.3996 -1.4596 0.0, 0.4428 -1.4164 0.0, 0.4228 -1.4342 0.0, 0.4222 -1.4329 0.0, 0.3237 -1.7671 0.0, 0.3179 -1.7547 0.0, 0.4428 -1.7847 0.0, 0.3154 -1.7387 0.0, 0.419 -1.4422 0.0, 0.4211 -1.4399 0.0, 0.4221 -1.4382 0.0, 0.4226 -1.4362 0.0, 0.4128 -1.4479 0.0, 0.3153 -1.4426 0.0, 0.3589 -1.4463 0.0, 0.3796 -1.4495 0.0, 0.3866 -1.4511 0.0, 0.3005 -1.4783 0.0, 0.3005 -1.7332 0.0, 0.2459 -1.7847 0.0, 0.3002 -1.7608 0.0, 0.2965 -1.7847 0.0, 0.3907 -1.453 0.0, 0.3959 -1.4575 0.0, 0.3011 -1.4198 0.0, 0.3003 -1.4201 0.0, 0.2459 -1.4164 0.0, 0.2996 -1.4206 0.0, 0.2988 -1.4214 0.0, 0.298 -1.423 0.0, 0.2976 -1.4246 0.0, 0.2976 -1.4277 0.0, 0.2991 -1.4415 0.0, 0.2994 -1.4449 0.0, 0.4217 -1.4324 0.0, 0.4209 -1.4319 0.0, 0.4195 -1.4313 0.0, 0.4174 -1.4311 0.0, 0.4075 -1.4308 0.0, 0.3931 -1.4288 0.0, 0.3558 -1.4249 0.0, 0.3435 -1.4239 0.0, 0.3198 -1.4217 0.0, 0.3022 -1.4196 0.0, 0.3038 -1.4197 0.0, 0.3067 -1.4206 0.0, 0.3097 -1.7847 0.0, 0.4428 -1.7943 0.0, 0.302 -1.7943 0.0, 0.2954 -1.7943 0.0, 0.2988 -1.7983 0.0, 0.2459 -2.0866 0.0, 0.4428 -2.0866 0.0, -2.0866 -1.6929 0.0, -1.9685 -1.6929 0.0, -1.9685 -1.4164 0.0, -1.9685 -2.0866 0.0, -1.9685 -1.8898 0.0, 1.9685 -1.8898 0.0, 1.9685 -2.0866 0.0, 1.8504 -1.8898 0.0, 1.0536 -2.0866 0.0, 1.8504 -1.7943 0.0, 0.6447 -2.0866 0.0, 0.6447 -1.7943 0.0, 0.8428 -2.0866 0.0, 0.8428 -1.7943 0.0, 1.159 -1.7847 0.0, -0.0 -2.0866 0.0, -0.0 -1.7943 0.0, -1.3238 -2.0866 0.0, -1.3238 -1.7943 0.0, -1.1257 -2.0866 0.0, -1.1257 -1.7943 0.0, -0.9149 -2.0866 0.0, 0.7871 -1.7824 0.0, 0.7906 -1.7847 0.0, -1.1814 -1.7824 0.0, -1.1779 -1.7847 0.0, -2.0866 -1.7847 0.0, -2.0866 -1.7943 0.0, -2.0866 -1.8898 0.0, 0.604 -1.7773 0.0, 0.6125 -1.7773 0.0, 0.6125 -1.6261 0.0, 0.5258 -1.4223 0.0, 0.5127 -1.4299 0.0, 0.5033 -1.4396 0.0, 0.4903 -1.4607 0.0, 0.564 -1.7792 0.0, 0.5771 -1.772 0.0, 0.4818 -1.722 0.0, 0.4938 -1.749 0.0, 0.5053 -1.7641 0.0, 0.5229 -1.7777 0.0, 0.6167 -1.4889 0.0, 0.6102 -1.4635 0.0, 0.5823 -1.4258 0.0, 0.5686 -1.4194 0.0, 0.5553 -1.4171 0.0, 0.5408 -1.4177 0.0, 0.4745 -1.5081 0.0, 0.4683 -1.5465 0.0, 0.4681 -1.6607 0.0, 0.5884 -1.7618 0.0, 0.595 -1.753 0.0, 0.6 -1.7439 0.0, 0.4811 -1.5728 0.0, 0.6091 -1.527 0.0, 0.4832 -1.6629 0.0, 0.6119 -1.557 0.0, 0.4883 -1.6924 0.0, 0.621 -1.5565 0.0, 0.6005 -1.4439 0.0, 0.5931 -1.4345 0.0, 0.5313 -1.7818 0.0, 0.5394 -1.7834 0.0, 0.5474 -1.7835 0.0, 0.5474 -1.4358 0.0, 0.4951 -1.4919 0.0, 0.597 -1.7059 0.0, 0.6018 -1.6261 0.0, 0.5827 -1.4486 0.0, 0.5911 -1.4582 0.0, 0.5605 -1.763 0.0, 0.5204 -1.7548 0.0, 0.5113 -1.7459 0.0, 0.5601 -1.4368 0.0, 0.5726 -1.4415 0.0, 0.5985 -1.4729 0.0, 0.6066 -1.5103 0.0, 0.5519 -1.7649 0.0, 0.5401 -1.7641 0.0, 0.53 -1.7607 0.0, 0.5248 -1.4431 0.0, 0.5166 -1.4506 0.0, 0.5037 -1.4689 0.0, 0.532 -1.4389 0.0, 0.5395 -1.4366 0.0, 0.59 -1.7316 0.0, 0.5829 -1.7455 0.0, 0.576 -1.7537 0.0, 0.5015 -1.7305 0.0, 0.5685 -1.7594 0.0, -1.3645 -1.7773 0.0, -1.356 -1.7773 0.0, -1.356 -1.6261 0.0, -1.4427 -1.4223 0.0, -1.4558 -1.4299 0.0, -1.4652 -1.4396 0.0, -1.4782 -1.4607 0.0, -1.4045 -1.7792 0.0, -1.3914 -1.772 0.0, -1.4867 -1.722 0.0, -1.4747 -1.749 0.0, -1.4632 -1.7641 0.0, -1.4456 -1.7777 0.0, -1.3518 -1.4889 0.0, -1.3583 -1.4635 0.0, -1.3862 -1.4258 0.0, -1.3999 -1.4194 0.0, -1.4132 -1.4171 0.0, -1.4277 -1.4177 0.0, -1.494 -1.5081 0.0, -1.5002 -1.5465 0.0, -1.5004 -1.6607 0.0, -1.3801 -1.7618 0.0, -1.3735 -1.753 0.0, -1.3685 -1.7439 0.0, -1.4874 -1.5728 0.0, -1.3595 -1.527 0.0, -1.4853 -1.6629 0.0, -1.3566 -1.557 0.0, -1.4802 -1.6924 0.0, -1.3475 -1.5565 0.0, -1.368 -1.4439 0.0, -1.3754 -1.4345 0.0, -1.4372 -1.7818 0.0, -1.4291 -1.7834 0.0, -1.4211 -1.7835 0.0, -1.4211 -1.4358 0.0, -1.4734 -1.4919 0.0, -1.3715 -1.7059 0.0, -1.3667 -1.6261 0.0, -1.3858 -1.4486 0.0, -1.3774 -1.4582 0.0, -1.408 -1.763 0.0, -1.4481 -1.7548 0.0, -1.4572 -1.7459 0.0, -1.4084 -1.4368 0.0, -1.3959 -1.4415 0.0, -1.37 -1.4729 0.0, -1.3619 -1.5103 0.0, -1.4166 -1.7649 0.0, -1.4284 -1.7641 0.0, -1.4385 -1.7607 0.0, -1.4437 -1.4431 0.0, -1.4519 -1.4506 0.0, -1.4648 -1.4689 0.0, -1.4365 -1.4389 0.0, -1.429 -1.4366 0.0, -1.3785 -1.7316 0.0, -1.3856 -1.7455 0.0, -1.3925 -1.7537 0.0, -1.467 -1.7305 0.0, -1.4 -1.7594 0.0, -1.6915 -0.4109 5.5512, -1.7352 -0.2339 5.5512, -1.9685 -1.3911 5.5512, 1.9685 -1.3911 5.5512, -0.3617 -0.5724 5.5512, -0.4827 -0.7089 5.5512, -1.1653 -0.8771 5.5512, -1.3358 -0.8125 5.5512, -1.9685 1.1057 5.5512, 1.6915 -0.4109 5.5512, 1.6068 -0.5724 5.5512, -1.4859 -0.7089 5.5512, -1.6068 -0.5724 5.5512, 1.4858 -0.7089 5.5512, 1.3358 -0.8125 5.5512, 1.1653 -0.8771 5.5512, -1.7352 -0.0515 5.5512, -1.6915 0.1255 5.5512, -1.6068 0.287 5.5512, -0.4827 0.4235 5.5512, -0.3617 0.287 5.5512, 1.9685 1.1057 5.5512, 1.6068 0.287 5.5512, 1.6915 0.1255 5.5512, 1.7352 -0.0515 5.5512, 1.7352 -0.2339 5.5512, -0.6327 -0.8125 5.5512, -0.8032 -0.8771 5.5512, -0.9843 -0.8991 5.5512, -1.4859 0.4235 5.5512, -1.3358 0.5271 5.5512, -1.1653 0.5917 5.5512, 0.4826 -0.7089 5.5512, 0.3617 -0.5724 5.5512, 0.277 -0.4109 5.5512, -0.9843 0.6137 5.5512, -0.8032 0.5917 5.5512, -0.6327 0.5271 5.5512, 0.2333 -0.0515 5.5512, 0.277 0.1255 5.5512, -0.2334 -0.0515 5.5512, 0.3617 0.287 5.5512, -0.277 0.1255 5.5512, 0.4826 0.4235 5.5512, 0.9842 -0.8991 5.5512, 0.8032 -0.8771 5.5512, 0.6327 -0.8125 5.5512, 0.2333 -0.2339 5.5512, -0.2334 -0.2339 5.5512, -0.277 -0.4109 5.5512, 1.1653 0.5917 5.5512, 1.3358 0.5271 5.5512, 1.4858 0.4235 5.5512, 0.6327 0.5271 5.5512, 0.8032 0.5917 5.5512, 0.9842 0.6137 5.5512, -1.9685 -1.6915 3.1619, 1.9685 -1.6915 3.1619, -1.9685 -2.0866 3.1619, 1.9685 -2.0866 3.1619, 1.7716 -2.0866 0.8502, -0.1969 -2.0866 0.8502, 0.1968 -2.0866 0.8502, -0.1969 -2.0866 2.8996, 0.1968 -2.0866 2.8996, -1.7717 -2.0866 0.8502, -1.7717 -2.0866 2.8996, 1.7716 -2.0866 2.8996, 1.3779 2.0866 1.5748, 1.3779 2.0866 2.0638, 1.9685 2.0866 2.0638, -0.5906 2.0866 2.0638, 0.5905 2.0866 2.0638, -0.5906 2.0866 1.5748, 0.5905 2.0866 1.5748, -1.9685 2.0866 2.0638, -1.378 2.0866 2.0638, -1.378 2.0866 1.5748, 1.3779 1.7347 3.315, 0.5905 1.7347 3.315, -1.378 1.7347 3.315, -0.5906 1.7347 3.315, 1.9685 1.8898 2.3622, 1.9685 -1.8898 2.3622, 1.9685 -1.6929 2.3622, 1.9685 1.6929 2.3622, 1.5748 -1.1886 2.6266, 0.3937 -1.1886 2.6266, 0.1968 -1.1886 4.2953, 1.7716 -1.1886 4.2953, 1.5748 -1.1886 0.0761, 0.3937 -1.1886 0.0761, 0.7221 -0.5967 4.2953, 0.6136 -0.5134 4.2953, 0.5302 -0.4048 4.2953, 1.2464 -0.5967 4.2953, 1.3549 -0.5134 4.2953, 1.4382 -0.4048 4.2953, 0.8486 -0.6491 4.2953, 0.9842 -0.6669 4.2953, 1.1199 -0.6491 4.2953, 1.4906 -0.2784 4.2953, 1.5085 -0.1427 4.2953, 1.7716 0.8742 4.2953, 1.4906 -0.007 4.2953, 1.4382 0.1194 4.2953, 1.3549 0.228 4.2953, 1.2464 0.3113 4.2953, 0.5302 0.1194 4.2953, 0.1968 0.8742 4.2953, 0.6136 0.228 4.2953, 0.7221 0.3113 4.2953, 0.4779 -0.007 4.2953, 0.46 -0.1427 4.2953, 0.4779 -0.2784 4.2953, 1.1199 0.3637 4.2953, 0.9842 0.3815 4.2953, 0.8486 0.3637 4.2953, 1.1417 0.8742 2.539, 1.7716 0.8742 2.539, 1.1417 0.8742 2.607, 0.8268 0.8742 2.607, 0.8268 0.8742 2.539, 0.1968 0.8742 2.539, 0.8268 1.2764 2.539, 0.1968 1.7347 2.539, 1.7716 1.7347 2.539, 1.1417 1.2764 2.539, 1.3779 1.7347 2.539, 0.5905 1.7347 2.539, 1.3779 1.7347 1.5748, 0.5905 1.7347 1.5748, 0.9842 -0.8991 4.5137, 1.1653 -0.8771 4.5137, 1.3358 -0.8125 4.5137, 1.4858 -0.7089 4.5137, 1.6068 -0.5724 4.5137, 1.6915 -0.4109 4.5137, 1.7352 -0.2339 4.5137, 1.7352 -0.0515 4.5137, 1.6915 0.1255 4.5137, 1.6068 0.287 4.5137, 1.4858 0.4235 4.5137, 1.3358 0.5271 4.5137, 1.1653 0.5917 4.5137, 0.9842 0.6137 4.5137, 0.8032 0.5917 4.5137, 0.6327 0.5271 4.5137, 0.4826 0.4235 4.5137, 0.3617 0.287 4.5137, 0.277 0.1255 4.5137, 0.2333 -0.0515 4.5137, 0.2333 -0.2339 4.5137, 0.277 -0.4109 4.5137, 0.3617 -0.5724 4.5137, 0.4826 -0.7089 4.5137, 0.6327 -0.8125 4.5137, 0.8032 -0.8771 4.5137, 1.5085 -0.1427 4.5137, 1.4906 -0.007 4.5137, 1.4382 0.1194 4.5137, 1.3549 0.228 4.5137, 1.2464 0.3113 4.5137, 1.1199 0.3637 4.5137, 0.9842 0.3815 4.5137, 0.8486 0.3637 4.5137, 0.7221 0.3113 4.5137, 0.6136 0.228 4.5137, 0.5302 0.1194 4.5137, 0.4779 -0.007 4.5137, 0.46 -0.1427 4.5137, 0.4779 -0.2784 4.5137, 0.5302 -0.4048 4.5137, 0.6136 -0.5134 4.5137, 0.7221 -0.5967 4.5137, 0.8486 -0.6491 4.5137, 0.9842 -0.6669 4.5137, 1.1199 -0.6491 4.5137, 1.2464 -0.5967 4.5137, 1.3549 -0.5134 4.5137, 1.4382 -0.4048 4.5137, 1.4906 -0.2784 4.5137, 0.3937 -1.4001 0.0761, 1.5748 -1.4001 0.0761, 0.3937 -1.4001 0.9755, 1.5748 -1.4001 0.9755, 0.3937 -1.5701 0.9755, 1.5748 -1.5701 0.9755, 1.5748 -1.6929 0.9457, 0.3937 -1.6929 0.9457, 0.3937 -1.5701 2.2373, 1.5748 -1.5701 2.2373, 0.3937 -1.6929 2.3948, 1.5748 -1.6929 2.3948, 0.3937 -1.4001 2.2373, 1.5748 -1.4001 2.2373, 0.3937 -1.4001 2.6266, 1.5748 -1.4001 2.6266
            ]
        }
        coordIndex [
            0,1,2,-1,3,4,5,-1,6,7,8,-1,9,10,11,-1,11,10,12,-1,8,9,6,-1,6,9,11,-1,6,11,13,-1,13,11,14,-1,13,14,15,-1,15,14,16,-1,15,16,17,-1,17,16,18,-1,17,18,19,-1,19,18,20,-1,19,20,21,-1,21,20,22,-1,21,22,23,-1,23,22,24,-1,23,24,25,-1,25,24,26,-1,25,26,27,-1,27,26,28,-1,27,28,29,-1,29,28,30,-1,29,30,31,-1,31,30,32,-1,31,32,33,-1,33,32,34,-1,33,34,35,-1,35,34,36,-1,35,36,12,-1,12,36,37,-1,12,37,11,-1,38,39,40,-1,40,39,41,-1,40,41,42,-1,43,44,25,-1,45,23,46,-1,46,47,45,-1,45,47,48,-1,45,48,49,-1,50,51,23,-1,23,51,52,-1,23,52,46,-1,53,54,25,-1,55,56,57,-1,54,58,25,-1,25,58,59,-1,25,59,43,-1,56,55,60,-1,60,55,61,-1,60,61,62,-1,41,63,42,-1,42,63,60,-1,42,60,64,-1,64,60,65,-1,62,66,60,-1,60,66,67,-1,60,67,65,-1,68,69,23,-1,23,69,70,-1,23,70,50,-1,57,71,55,-1,55,71,72,-1,55,72,73,-1,44,74,25,-1,25,74,75,-1,25,75,23,-1,23,75,76,-1,76,77,23,-1,23,77,55,-1,23,55,68,-1,68,55,73,-1,78,79,80,-1,81,82,83,-1,83,82,84,-1,83,84,85,-1,85,86,83,-1,83,86,87,-1,83,87,88,-1,89,90,80,-1,90,91,80,-1,80,91,92,-1,80,92,93,-1,93,94,80,-1,80,94,95,-1,80,95,78,-1,96,97,98,-1,98,97,99,-1,98,99,80,-1,80,99,100,-1,80,100,89,-1,101,102,103,-1,103,102,104,-1,49,105,45,-1,45,105,106,-1,45,106,107,-1,102,108,104,-1,104,108,109,-1,104,109,110,-1,110,109,45,-1,110,45,111,-1,111,45,107,-1,112,113,114,-1,115,116,109,-1,45,117,118,-1,119,120,5,-1,115,109,121,-1,122,123,124,-1,124,123,125,-1,126,127,114,-1,114,127,128,-1,114,128,129,-1,116,130,109,-1,109,130,131,-1,109,131,132,-1,4,133,5,-1,5,133,134,-1,5,134,135,-1,113,136,137,-1,122,138,123,-1,123,138,139,-1,123,139,140,-1,121,109,141,-1,141,109,114,-1,141,114,142,-1,118,143,45,-1,45,143,144,-1,45,144,145,-1,120,146,5,-1,5,146,147,-1,5,147,114,-1,114,147,148,-1,114,148,112,-1,125,123,113,-1,113,123,149,-1,113,149,136,-1,137,150,113,-1,113,150,151,-1,113,151,114,-1,114,151,152,-1,114,152,126,-1,153,154,45,-1,45,154,155,-1,45,155,117,-1,156,157,5,-1,5,157,158,-1,5,158,119,-1,135,159,5,-1,5,159,160,-1,5,160,156,-1,161,162,114,-1,114,162,163,-1,114,163,142,-1,129,164,114,-1,114,164,165,-1,114,165,166,-1,132,167,109,-1,109,167,168,-1,109,168,45,-1,45,168,169,-1,45,169,153,-1,166,170,114,-1,114,170,171,-1,114,171,161,-1,172,21,173,-1,173,21,23,-1,173,23,174,-1,174,23,45,-1,174,45,175,-1,175,45,145,-1,176,177,178,-1,179,180,181,-1,182,183,184,-1,184,183,185,-1,186,187,188,-1,180,189,181,-1,181,189,190,-1,181,190,191,-1,188,192,186,-1,186,192,193,-1,186,193,194,-1,194,193,184,-1,194,184,195,-1,195,184,185,-1,176,178,196,-1,197,198,199,-1,200,201,181,-1,181,201,202,-1,203,204,114,-1,205,206,207,-1,207,206,208,-1,207,208,209,-1,209,208,210,-1,209,210,211,-1,211,210,212,-1,199,213,197,-1,197,213,214,-1,197,214,215,-1,202,216,181,-1,181,216,217,-1,181,217,179,-1,191,218,181,-1,181,218,219,-1,181,219,220,-1,221,222,114,-1,114,222,223,-1,224,225,226,-1,187,186,207,-1,207,186,227,-1,207,227,205,-1,114,178,228,-1,229,230,5,-1,5,230,231,-1,198,197,232,-1,232,197,5,-1,232,5,233,-1,215,234,197,-1,197,234,235,-1,197,235,236,-1,204,237,114,-1,114,237,238,-1,114,238,212,-1,177,239,178,-1,178,239,240,-1,178,240,241,-1,241,240,224,-1,241,224,242,-1,242,224,226,-1,243,244,197,-1,212,210,114,-1,114,210,245,-1,114,245,178,-1,178,245,246,-1,178,246,196,-1,228,247,114,-1,114,247,248,-1,114,248,5,-1,5,248,249,-1,5,249,229,-1,231,250,5,-1,5,250,251,-1,5,251,252,-1,252,253,5,-1,5,253,254,-1,5,254,255,-1,220,256,181,-1,181,256,257,-1,181,257,258,-1,223,259,114,-1,114,259,260,-1,114,260,203,-1,261,262,5,-1,5,262,263,-1,5,263,233,-1,236,264,197,-1,197,264,265,-1,197,265,266,-1,258,267,181,-1,181,267,268,-1,181,268,269,-1,269,270,181,-1,181,270,271,-1,181,271,272,-1,255,273,5,-1,5,273,274,-1,5,274,261,-1,275,243,276,-1,276,243,197,-1,276,197,277,-1,277,197,266,-1,278,279,280,-1,280,279,281,-1,280,281,282,-1,283,284,285,-1,286,287,288,-1,289,290,291,-1,291,290,292,-1,291,292,283,-1,293,294,291,-1,291,294,295,-1,291,295,286,-1,286,295,296,-1,286,296,287,-1,297,298,299,-1,283,285,291,-1,291,285,300,-1,291,300,293,-1,301,302,278,-1,303,304,283,-1,283,304,305,-1,283,305,306,-1,302,307,278,-1,278,307,308,-1,278,308,279,-1,306,309,283,-1,283,309,310,-1,283,310,284,-1,311,312,297,-1,297,312,313,-1,313,314,297,-1,297,314,315,-1,297,315,298,-1,299,316,297,-1,297,316,317,-1,297,317,301,-1,288,318,286,-1,286,318,319,-1,286,319,320,-1,320,321,286,-1,286,321,322,-1,286,322,323,-1,323,324,286,-1,286,324,325,-1,286,325,326,-1,311,297,327,-1,327,297,286,-1,327,286,328,-1,328,286,326,-1,328,326,329,-1,289,291,330,-1,330,291,331,-1,330,331,332,-1,282,333,334,-1,332,331,333,-1,333,331,335,-1,333,335,334,-1,336,337,338,-1,338,337,339,-1,340,341,342,-1,340,343,341,-1,341,343,344,-1,341,344,345,-1,345,344,346,-1,345,346,347,-1,347,346,348,-1,347,348,349,-1,349,348,350,-1,349,350,351,-1,351,350,352,-1,351,352,353,-1,353,352,354,-1,353,354,355,-1,355,354,25,-1,355,25,356,-1,356,25,27,-1,356,27,357,-1,357,27,358,-1,357,358,359,-1,359,358,360,-1,359,360,361,-1,361,360,362,-1,361,362,363,-1,363,362,364,-1,363,364,365,-1,365,364,336,-1,365,336,342,-1,342,336,338,-1,342,338,340,-1,366,367,368,-1,368,367,369,-1,368,369,370,-1,371,372,344,-1,373,346,374,-1,374,375,373,-1,373,375,376,-1,373,376,377,-1,378,379,346,-1,346,379,380,-1,346,380,374,-1,381,382,383,-1,384,385,344,-1,344,385,386,-1,344,386,371,-1,382,381,387,-1,387,381,388,-1,387,388,389,-1,369,390,370,-1,370,390,387,-1,370,387,391,-1,391,387,392,-1,389,393,387,-1,387,393,394,-1,387,394,392,-1,395,396,346,-1,346,396,397,-1,346,397,378,-1,383,398,381,-1,381,398,399,-1,381,399,400,-1,372,401,344,-1,344,401,402,-1,344,402,346,-1,346,402,403,-1,403,404,346,-1,346,404,381,-1,346,381,395,-1,395,381,400,-1,384,344,405,-1,405,344,406,-1,405,406,407,-1,407,406,408,-1,407,408,409,-1,410,411,409,-1,409,411,412,-1,409,412,413,-1,410,409,414,-1,414,409,415,-1,414,415,416,-1,413,417,409,-1,409,417,418,-1,409,418,407,-1,419,420,415,-1,420,421,415,-1,415,421,422,-1,415,422,423,-1,423,424,415,-1,415,424,425,-1,415,425,416,-1,426,427,428,-1,428,427,429,-1,430,431,432,-1,432,431,433,-1,377,434,373,-1,373,434,435,-1,373,435,436,-1,431,437,433,-1,433,437,438,-1,433,438,439,-1,439,438,373,-1,439,373,440,-1,440,373,436,-1,441,442,443,-1,444,445,438,-1,373,446,447,-1,448,449,2,-1,444,438,450,-1,451,452,453,-1,453,452,454,-1,455,456,443,-1,443,456,457,-1,443,457,458,-1,445,459,438,-1,438,459,460,-1,438,460,461,-1,1,462,2,-1,2,462,463,-1,2,463,464,-1,442,465,466,-1,451,467,452,-1,452,467,468,-1,452,468,469,-1,450,438,470,-1,470,438,443,-1,470,443,471,-1,447,472,373,-1,373,472,473,-1,373,473,474,-1,449,475,2,-1,2,475,476,-1,2,476,443,-1,443,476,477,-1,443,477,441,-1,454,452,442,-1,442,452,478,-1,442,478,465,-1,466,479,442,-1,442,479,480,-1,442,480,443,-1,443,480,481,-1,443,481,455,-1,482,483,373,-1,373,483,484,-1,373,484,446,-1,485,486,2,-1,2,486,487,-1,2,487,448,-1,464,488,2,-1,2,488,489,-1,2,489,485,-1,490,491,443,-1,443,491,492,-1,443,492,471,-1,458,493,443,-1,443,493,494,-1,443,494,495,-1,461,496,438,-1,438,496,497,-1,438,497,373,-1,373,497,498,-1,373,498,482,-1,495,499,443,-1,443,499,500,-1,443,500,490,-1,501,348,502,-1,502,348,346,-1,502,346,503,-1,503,346,373,-1,503,373,504,-1,504,373,474,-1,505,506,507,-1,508,509,510,-1,511,512,513,-1,513,512,514,-1,515,516,517,-1,509,518,510,-1,510,518,519,-1,510,519,520,-1,517,521,515,-1,515,521,522,-1,515,522,523,-1,523,522,513,-1,523,513,524,-1,524,513,514,-1,505,507,525,-1,526,527,528,-1,529,530,510,-1,510,530,531,-1,532,533,443,-1,534,535,536,-1,536,535,537,-1,536,537,538,-1,538,537,539,-1,538,539,540,-1,540,539,541,-1,528,542,526,-1,526,542,543,-1,526,543,544,-1,531,545,510,-1,510,545,546,-1,510,546,508,-1,520,547,510,-1,510,547,548,-1,510,548,549,-1,550,551,443,-1,443,551,552,-1,553,554,555,-1,516,515,536,-1,536,515,556,-1,536,556,534,-1,443,507,557,-1,558,559,2,-1,2,559,560,-1,527,526,561,-1,561,526,2,-1,561,2,562,-1,544,563,526,-1,526,563,564,-1,526,564,565,-1,533,566,443,-1,443,566,567,-1,443,567,541,-1,506,568,507,-1,507,568,569,-1,507,569,570,-1,570,569,553,-1,570,553,571,-1,571,553,555,-1,572,573,526,-1,541,539,443,-1,443,539,574,-1,443,574,507,-1,507,574,575,-1,507,575,525,-1,557,576,443,-1,443,576,577,-1,443,577,2,-1,2,577,578,-1,2,578,558,-1,560,579,2,-1,2,579,580,-1,2,580,581,-1,581,582,2,-1,2,582,583,-1,2,583,584,-1,549,585,510,-1,510,585,586,-1,510,586,587,-1,552,588,443,-1,443,588,589,-1,443,589,532,-1,590,591,2,-1,2,591,592,-1,2,592,562,-1,565,593,526,-1,526,593,594,-1,526,594,595,-1,587,596,510,-1,510,596,597,-1,510,597,598,-1,598,599,510,-1,510,599,600,-1,510,600,601,-1,584,602,2,-1,2,602,603,-1,2,603,590,-1,604,572,605,-1,605,572,526,-1,605,526,606,-1,606,526,595,-1,607,608,609,-1,610,611,612,-1,613,614,615,-1,616,617,618,-1,618,617,619,-1,618,619,610,-1,620,621,618,-1,618,621,622,-1,618,622,613,-1,613,622,623,-1,613,623,614,-1,610,612,618,-1,618,612,624,-1,618,624,620,-1,625,626,610,-1,610,626,627,-1,610,627,628,-1,629,630,631,-1,631,630,632,-1,631,632,633,-1,628,634,610,-1,610,634,635,-1,610,635,611,-1,636,637,638,-1,638,637,639,-1,639,640,638,-1,638,640,641,-1,638,641,642,-1,642,643,638,-1,638,643,644,-1,638,644,645,-1,615,646,613,-1,613,646,647,-1,613,647,648,-1,648,649,613,-1,613,649,650,-1,613,650,651,-1,651,652,613,-1,613,652,653,-1,613,653,654,-1,636,638,655,-1,655,638,613,-1,655,613,656,-1,656,613,654,-1,656,654,657,-1,616,618,658,-1,658,618,659,-1,658,659,660,-1,661,662,663,-1,660,659,662,-1,662,659,664,-1,662,664,663,-1,665,666,278,-1,301,278,297,-1,297,278,666,-1,297,666,667,-1,282,334,280,-1,280,334,668,-1,280,668,669,-1,670,671,672,-1,672,671,673,-1,672,673,674,-1,675,676,677,-1,677,676,678,-1,677,678,673,-1,673,678,428,-1,673,428,674,-1,674,428,429,-1,674,429,415,-1,415,429,679,-1,415,679,419,-1,680,681,663,-1,663,681,609,-1,663,609,661,-1,661,609,608,-1,682,683,684,-1,684,683,685,-1,684,685,686,-1,686,685,98,-1,601,687,510,-1,510,687,688,-1,510,688,676,-1,676,688,550,-1,676,550,678,-1,678,550,443,-1,678,443,428,-1,428,443,438,-1,428,438,426,-1,426,438,437,-1,633,607,631,-1,631,607,609,-1,631,609,80,-1,80,609,681,-1,80,681,98,-1,98,681,680,-1,98,680,686,-1,272,689,181,-1,181,689,690,-1,181,690,683,-1,683,690,221,-1,683,221,685,-1,685,221,114,-1,685,114,98,-1,98,114,109,-1,98,109,96,-1,96,109,108,-1,665,278,691,-1,691,278,280,-1,691,280,692,-1,692,280,669,-1,692,669,693,-1,694,695,510,-1,510,695,696,-1,697,698,613,-1,613,698,699,-1,613,699,700,-1,694,701,702,-1,703,704,618,-1,618,704,705,-1,618,705,706,-1,707,708,526,-1,709,710,526,-1,526,710,711,-1,526,711,613,-1,613,711,712,-1,613,712,697,-1,700,713,613,-1,613,713,714,-1,613,714,618,-1,618,714,715,-1,618,715,703,-1,702,716,694,-1,694,716,717,-1,694,717,718,-1,719,720,721,-1,721,720,722,-1,721,722,723,-1,707,526,724,-1,708,725,526,-1,526,725,726,-1,526,726,709,-1,706,727,618,-1,618,727,728,-1,618,728,729,-1,701,694,729,-1,729,694,510,-1,729,510,618,-1,618,510,676,-1,618,676,659,-1,659,676,675,-1,659,675,664,-1,730,719,731,-1,732,723,733,-1,733,723,722,-1,733,722,696,-1,696,722,724,-1,696,724,510,-1,510,724,526,-1,510,526,529,-1,529,526,573,-1,719,734,735,-1,736,737,738,-1,730,739,719,-1,719,739,740,-1,719,740,734,-1,735,741,719,-1,719,741,742,-1,719,742,720,-1,743,744,736,-1,736,744,745,-1,736,745,737,-1,746,731,747,-1,747,731,748,-1,746,749,731,-1,731,749,750,-1,731,750,730,-1,732,751,723,-1,723,751,752,-1,723,752,753,-1,738,754,736,-1,736,754,723,-1,736,723,755,-1,755,723,753,-1,79,81,80,-1,80,81,83,-1,80,83,631,-1,631,83,638,-1,631,638,629,-1,629,638,645,-1,756,757,181,-1,181,757,758,-1,759,760,286,-1,286,760,761,-1,286,761,762,-1,756,763,764,-1,765,766,291,-1,291,766,767,-1,291,767,768,-1,769,770,197,-1,771,772,197,-1,197,772,773,-1,197,773,286,-1,286,773,774,-1,286,774,759,-1,762,775,286,-1,286,775,776,-1,286,776,291,-1,291,776,777,-1,291,777,765,-1,764,778,756,-1,756,778,779,-1,756,779,780,-1,781,782,783,-1,783,782,784,-1,783,784,785,-1,769,197,786,-1,770,787,197,-1,197,787,788,-1,197,788,771,-1,768,789,291,-1,291,789,790,-1,291,790,791,-1,763,756,791,-1,791,756,181,-1,791,181,291,-1,291,181,683,-1,291,683,331,-1,331,683,682,-1,331,682,335,-1,792,781,793,-1,794,785,795,-1,795,785,784,-1,795,784,758,-1,758,784,786,-1,758,786,181,-1,181,786,197,-1,181,197,200,-1,200,197,244,-1,781,796,797,-1,798,799,800,-1,792,801,781,-1,781,801,802,-1,781,802,796,-1,797,803,781,-1,781,803,804,-1,781,804,782,-1,805,806,798,-1,798,806,807,-1,798,807,799,-1,808,793,809,-1,809,793,810,-1,808,811,793,-1,793,811,812,-1,793,812,792,-1,794,813,785,-1,785,813,814,-1,785,814,815,-1,800,816,798,-1,798,816,785,-1,798,785,817,-1,817,785,815,-1,88,53,83,-1,83,53,25,-1,83,25,638,-1,638,25,354,-1,638,354,613,-1,613,354,352,-1,613,352,526,-1,526,352,350,-1,526,350,2,-1,2,350,348,-1,2,348,0,-1,0,348,501,-1,667,13,297,-1,297,13,15,-1,297,15,286,-1,286,15,17,-1,286,17,197,-1,197,17,19,-1,197,19,5,-1,5,19,21,-1,5,21,3,-1,3,21,172,-1,818,819,820,-1,821,822,823,-1,824,825,820,-1,820,819,826,-1,827,828,821,-1,825,829,820,-1,820,829,830,-1,820,830,818,-1,828,831,821,-1,821,831,832,-1,821,832,833,-1,819,834,826,-1,826,834,835,-1,826,835,836,-1,837,838,839,-1,840,841,839,-1,839,841,842,-1,839,842,821,-1,821,842,843,-1,821,843,827,-1,823,844,821,-1,821,844,845,-1,821,845,820,-1,820,845,846,-1,820,846,824,-1,836,847,826,-1,826,847,848,-1,826,848,849,-1,850,851,822,-1,822,851,852,-1,849,853,826,-1,826,853,854,-1,826,854,839,-1,839,854,855,-1,839,855,837,-1,856,857,858,-1,858,857,859,-1,858,859,860,-1,860,859,861,-1,860,861,838,-1,833,862,821,-1,821,862,863,-1,821,863,822,-1,822,863,864,-1,822,864,850,-1,856,858,865,-1,865,858,866,-1,865,866,852,-1,852,866,867,-1,852,867,822,-1,868,869,839,-1,839,869,870,-1,839,870,840,-1,861,871,838,-1,838,871,872,-1,838,872,839,-1,839,872,873,-1,839,873,868,-1,874,875,820,-1,820,875,821,-1,876,877,874,-1,874,877,875,-1,878,671,877,-1,879,880,881,-1,881,880,882,-1,883,334,335,-1,884,876,883,-1,883,876,668,-1,883,668,334,-1,884,881,876,-1,876,881,882,-1,876,882,877,-1,877,882,885,-1,877,885,878,-1,335,682,883,-1,883,682,684,-1,883,684,879,-1,684,686,879,-1,879,686,680,-1,879,680,663,-1,663,664,879,-1,879,664,675,-1,879,675,880,-1,880,675,677,-1,880,677,878,-1,878,677,673,-1,878,673,671,-1,886,887,888,-1,889,890,891,-1,891,890,892,-1,888,337,886,-1,886,337,336,-1,886,336,892,-1,892,336,364,-1,893,894,10,-1,10,894,895,-1,10,895,12,-1,12,895,35,-1,364,362,892,-1,892,362,360,-1,892,360,358,-1,358,27,892,-1,892,27,29,-1,892,29,891,-1,891,29,31,-1,891,31,895,-1,895,31,33,-1,895,33,35,-1,888,887,896,-1,897,826,896,-1,896,826,839,-1,896,839,888,-1,894,893,898,-1,898,893,826,-1,898,826,899,-1,899,826,897,-1,899,897,889,-1,889,897,890,-1,900,339,337,-1,877,671,901,-1,901,671,670,-1,839,821,875,-1,877,901,875,-1,875,901,902,-1,875,902,839,-1,902,408,406,-1,344,343,903,-1,406,344,902,-1,902,344,903,-1,902,903,839,-1,839,903,900,-1,839,900,888,-1,888,900,337,-1,904,905,906,-1,906,907,904,-1,904,907,341,-1,904,341,908,-1,908,341,345,-1,908,345,909,-1,909,345,347,-1,909,347,349,-1,349,351,909,-1,909,351,353,-1,909,353,905,-1,905,353,355,-1,905,355,906,-1,910,906,911,-1,911,906,912,-1,913,914,907,-1,907,914,915,-1,910,916,906,-1,906,916,917,-1,906,917,907,-1,907,917,918,-1,907,918,913,-1,915,919,907,-1,907,919,920,-1,907,920,921,-1,921,920,922,-1,922,923,921,-1,921,923,924,-1,921,924,925,-1,926,927,928,-1,928,927,929,-1,926,930,927,-1,927,930,931,-1,927,931,906,-1,906,931,932,-1,906,932,912,-1,925,933,921,-1,921,933,934,-1,921,934,927,-1,927,934,935,-1,927,935,929,-1,936,937,938,-1,938,937,921,-1,938,921,939,-1,939,921,927,-1,939,927,940,-1,940,927,941,-1,940,941,942,-1,942,941,943,-1,937,936,944,-1,944,936,945,-1,944,945,946,-1,946,945,942,-1,946,942,947,-1,947,942,943,-1,944,946,948,-1,947,943,949,-1,949,943,356,-1,356,357,949,-1,949,357,359,-1,949,359,361,-1,361,363,949,-1,949,363,365,-1,949,365,948,-1,948,365,342,-1,948,342,944,-1,927,906,941,-1,941,906,355,-1,941,355,943,-1,943,355,356,-1,944,342,937,-1,937,342,341,-1,937,341,921,-1,921,341,907,-1,950,862,951,-1,951,862,833,-1,951,833,952,-1,952,833,832,-1,952,832,953,-1,953,832,831,-1,953,831,954,-1,954,831,828,-1,954,828,955,-1,955,828,827,-1,955,827,956,-1,956,827,843,-1,956,843,957,-1,957,843,842,-1,957,842,958,-1,958,842,841,-1,958,841,959,-1,959,841,840,-1,959,840,960,-1,960,840,870,-1,960,870,961,-1,961,870,869,-1,961,869,962,-1,962,869,868,-1,962,868,963,-1,963,868,873,-1,963,873,964,-1,964,873,872,-1,964,872,965,-1,965,872,871,-1,965,871,966,-1,966,871,861,-1,966,861,967,-1,967,861,859,-1,967,859,968,-1,968,859,857,-1,968,857,969,-1,969,857,856,-1,969,856,970,-1,970,856,865,-1,970,865,971,-1,971,865,852,-1,971,852,972,-1,972,852,851,-1,972,851,973,-1,973,851,850,-1,973,850,974,-1,974,850,864,-1,974,864,975,-1,975,864,863,-1,975,863,950,-1,950,863,862,-1,976,957,977,-1,977,957,958,-1,977,958,978,-1,978,958,959,-1,978,959,979,-1,979,959,960,-1,979,960,980,-1,980,960,961,-1,980,961,981,-1,981,961,962,-1,981,962,982,-1,982,962,963,-1,982,963,983,-1,983,963,964,-1,983,964,984,-1,984,964,965,-1,984,965,985,-1,985,965,966,-1,985,966,986,-1,986,966,967,-1,986,967,987,-1,987,967,968,-1,987,968,988,-1,968,969,988,-1,988,969,970,-1,988,970,989,-1,989,970,971,-1,989,971,990,-1,990,971,972,-1,990,972,991,-1,991,972,973,-1,991,973,992,-1,992,973,974,-1,992,974,993,-1,993,974,975,-1,993,975,994,-1,994,975,950,-1,994,950,995,-1,995,950,951,-1,995,951,996,-1,996,951,952,-1,996,952,997,-1,997,952,953,-1,997,953,998,-1,998,953,954,-1,998,954,999,-1,999,954,955,-1,999,955,976,-1,976,955,956,-1,976,956,957,-1,917,994,918,-1,918,994,995,-1,918,995,913,-1,913,995,996,-1,913,996,914,-1,914,996,997,-1,914,997,915,-1,915,997,998,-1,915,998,919,-1,919,998,999,-1,919,999,920,-1,920,999,976,-1,920,976,922,-1,922,976,977,-1,922,977,923,-1,923,977,978,-1,923,978,924,-1,924,978,979,-1,924,979,925,-1,925,979,980,-1,925,980,933,-1,933,980,981,-1,933,981,934,-1,934,981,982,-1,934,982,935,-1,935,982,983,-1,935,983,929,-1,929,983,984,-1,929,984,928,-1,928,984,985,-1,928,985,926,-1,926,985,986,-1,926,986,930,-1,930,986,987,-1,930,987,931,-1,931,987,988,-1,931,988,932,-1,932,988,989,-1,932,989,912,-1,912,989,990,-1,912,990,911,-1,911,990,991,-1,911,991,910,-1,910,991,992,-1,910,992,916,-1,916,992,993,-1,916,993,917,-1,917,993,994,-1,909,1000,908,-1,908,1000,1001,-1,1000,1002,1001,-1,1001,1002,1003,-1,1002,1004,1003,-1,1003,1004,1005,-1,1005,1004,1006,-1,1006,1004,1007,-1,1006,1007,878,-1,878,1007,880,-1,1008,1009,1010,-1,1010,1009,1011,-1,1010,1011,882,-1,882,1011,885,-1,1008,1012,1009,-1,1009,1012,1013,-1,1012,1014,1013,-1,1013,1014,1015,-1,1014,905,1015,-1,1015,905,904,-1,1002,1000,909,-1,905,1014,1012,-1,909,905,1002,-1,1002,905,1012,-1,1002,1012,1004,-1,1004,1012,1008,-1,1004,1008,1007,-1,1007,1008,1010,-1,1013,1015,904,-1,908,1001,1003,-1,1006,1011,1009,-1,904,908,1013,-1,1013,908,1003,-1,1013,1003,1009,-1,1009,1003,1005,-1,1009,1005,1006,-1,
        ]
    }
}
Shape{
    appearance Appearance {
        material  Material 	{
            diffuseColor 0.6470588235294118 0.6196078431372549 0.5882352941176471
            specularColor 0.45098039215686275 0.43529411764705883 0.4117647058823529
            ambientIntensity 0.6242
            transparency 0.0
            shininess 0.5
        }
    }
    geometry IndexedFaceSet {
        ccw TRUE
        solid FALSE
        coord DEF co Coordinate {
            point [
                1.1417 0.1575 -1.2992, 1.063 0.0787 -1.6929, 0.8268 0.1575 -1.2992, 0.9055 0.0787 -1.6929, 1.1417 -0.1575 -1.2992, 1.063 -0.0787 -1.6929, 0.9055 -0.0787 -1.6929, 0.8268 -0.1575 -1.2992
            ]
        }
        coordIndex [
            0,1,2,-1,2,1,3,-1,4,5,0,-1,0,5,1,-1,6,7,3,-1,3,7,2,-1,7,6,4,-1,4,6,5,-1,
        ]
    }
}
Shape{
    appearance Appearance {
        material  Material 	{
            diffuseColor 0.27450980392156865 0.5215686274509804 0.27450980392156865
            specularColor 0.0196078431372549 0.0392156862745098 0.0196078431372549
            ambientIntensity 0.5993
            transparency 0.0
            shininess 0.5
        }
    }
    geometry IndexedFaceSet {
        ccw TRUE
        solid FALSE
        coord DEF co Coordinate {
            point [
                0.1968 -2.0866 0.8502, 0.3937 -1.6929 0.9457, 0.1968 -2.0866 2.8996, 0.3937 -1.6929 2.3948, 1.5748 -1.6929 0.9457, 1.7716 -2.0866 0.8502, 1.5748 -1.6929 2.3948, 1.7716 -2.0866 2.8996
            ]
        }
        coordIndex [
            0,1,2,-1,2,1,3,-1,4,5,6,-1,6,5,7,-1,
        ]
    }
}
Shape{
    appearance Appearance {
        material  Material 	{
            diffuseColor 0.6470588235294118 0.6196078431372549 0.5882352941176471
            specularColor 0.45098039215686275 0.43529411764705883 0.4117647058823529
            ambientIntensity 0.6242
            transparency 0.0
            shininess 0.5
        }
    }
    geometry IndexedFaceSet {
        ccw TRUE
        solid FALSE
        coord DEF co Coordinate {
            point [
                1.5811 0.2692 5.2689, 1.5336 0.3345 5.2689, 1.5285 0.3301 5.3199, 1.4654 0.4006 5.2689, 1.4443 0.421 5.2689, 1.44 0.4158 5.3199, 1.3218 0.5002 5.2689, 1.2284 0.5427 5.2689, 1.2262 0.5364 5.3199, 0.8108 0.5613 5.2689, 0.7401 0.5427 5.2689, 0.7423 0.5364 5.3199, 0.6467 0.5002 5.2689, 0.6269 0.4911 5.2689, 0.6302 0.4853 5.3199, 0.5031 0.4006 5.2689, 0.4349 0.3345 5.2689, 0.44 0.3301 5.3199, 1.6618 0.1225 5.2689, 1.6556 0.12 5.3199, 1.6641 0.1152 5.2689, 1.69 0.0148 5.311, 1.6946 0.0148 5.2689, 1.6373 0.1129 5.3673, 1.6859 0.0148 5.3263, 1.6876 0.0148 5.3198, 1.6275 0.0148 5.4155, 1.6348 0.0148 5.4075, 1.6082 0.1015 5.4081, 1.6566 0.0148 5.3839, 1.6688 0.0148 5.3653, 1.5494 0.0148 5.4577, 1.5714 0.0148 5.4501, 1.5702 0.0866 5.4394, 1.5928 0.0148 5.4384, 1.6097 0.0148 5.4293, 1.5441 0.0148 5.4586, 1.526 0.0693 5.4591, 1.5057 0.0148 5.4653, 1.4785 0.0507 5.4658, 1.4911 0.0148 5.4658, 0.4774 0.0148 5.4658, 0.49 0.0507 5.4658, 0.4333 0.0148 5.4612, 0.4425 0.0693 5.4591, 0.4243 0.0148 5.459, 0.4211 0.0148 5.4582, 0.3805 0.0148 5.4423, 0.3983 0.0866 5.4394, 0.3753 0.0148 5.4391, 0.3562 0.0148 5.4275, 0.3603 0.1015 5.4081, 0.3337 0.0148 5.4074, 0.3242 0.0148 5.3989, 0.3312 0.1129 5.3673, 0.3079 0.0148 5.3783, 0.3129 0.12 5.3199, 0.2883 0.0148 5.3421, 0.3017 0.0148 5.3669, 0.3067 0.1225 5.2689, 0.3044 0.1152 5.2689, 0.2739 0.0148 5.2689, 0.2741 0.0148 5.279, 0.2766 0.0148 5.3014, 0.2818 0.0148 5.3196, 0.5301 0.1321 5.4658, 0.5835 0.2054 5.4658, 0.4865 0.1584 5.4591, 0.5451 0.2388 5.4591, 0.4459 0.183 5.4394, 0.5092 0.2699 5.4394, 0.411 0.2041 5.4081, 0.4785 0.2967 5.4081, 0.3843 0.2203 5.3673, 0.4548 0.3172 5.3673, 0.3674 0.2305 5.3199, 1.0746 0.3803 5.4658, 1.1624 0.3573 5.4658, 1.0833 0.4305 5.4591, 1.1795 0.4053 5.4591, 1.0914 0.4773 5.4394, 1.1954 0.45 5.4394, 1.0983 0.5175 5.4081, 1.2091 0.4884 5.4081, 1.1037 0.5483 5.3673, 1.2196 0.5179 5.3673, 1.107 0.5677 5.3199, 0.3617 0.234 5.2689, 0.3874 0.2692 5.2689, 0.5242 0.421 5.2689, 0.5284 0.4158 5.3199, 0.5409 0.4006 5.3673, 0.5607 0.3764 5.4081, 0.5864 0.3448 5.4394, 0.6165 0.308 5.4591, 0.6487 0.2685 5.4658, 0.7236 0.3197 5.4658, 0.6986 0.364 5.4591, 0.6753 0.4054 5.4394, 0.6552 0.4409 5.4081, 0.6399 0.4682 5.3673, 0.7489 0.5179 5.3673, 0.7594 0.4884 5.4081, 0.7731 0.45 5.4394, 0.789 0.4053 5.4591, 0.8061 0.3573 5.4658, 0.8603 0.5743 5.2689, 0.8615 0.5677 5.3199, 0.8648 0.5483 5.3673, 0.8702 0.5175 5.4081, 0.8771 0.4773 5.4394, 0.8852 0.4305 5.4591, 0.8939 0.3803 5.4658, 0.9842 0.3881 5.4658, 0.9842 0.439 5.4591, 0.9842 0.4865 5.4394, 0.9842 0.5273 5.4081, 0.9842 0.5586 5.3673, 0.9842 0.5782 5.3199, 0.9842 0.5849 5.2689, 1.1081 0.5743 5.2689, 1.1577 0.5613 5.2689, 1.3416 0.4911 5.2689, 1.3383 0.4853 5.3199, 1.3286 0.4682 5.3673, 1.3133 0.4409 5.4081, 1.2932 0.4054 5.4394, 1.2699 0.364 5.4591, 1.2449 0.3197 5.4658, 1.3198 0.2685 5.4658, 1.352 0.308 5.4591, 1.3821 0.3448 5.4394, 1.4078 0.3764 5.4081, 1.4276 0.4006 5.3673, 1.5137 0.3172 5.3673, 1.49 0.2967 5.4081, 1.4593 0.2699 5.4394, 1.4234 0.2388 5.4591, 1.385 0.2054 5.4658, 1.6068 0.234 5.2689, 1.6011 0.2305 5.3199, 1.5842 0.2203 5.3673, 1.5575 0.2041 5.4081, 1.5226 0.183 5.4394, 1.482 0.1584 5.4591, 1.4384 0.1321 5.4658, 1.6972 -0.2945 5.1508, 0.2616 -0.2965 5.1508, 0.2739 -0.3002 5.2689, 1.6874 -0.3002 5.3198, 1.6913 -0.3002 5.3044, 1.6946 -0.3002 5.2689, 1.6011 -0.3002 5.4349, 1.5931 -0.3002 5.4387, 0.2776 -0.3002 5.3068, 0.2815 -0.3002 5.3196, 0.2883 -0.3002 5.3421, 0.3018 -0.3002 5.3669, 1.5619 -0.3002 5.4537, 0.3234 -0.3002 5.398, 0.3338 -0.3002 5.4074, 1.5441 -0.3002 5.4587, 1.6238 -0.3002 5.4186, 1.6347 -0.3002 5.4074, 1.6536 -0.3002 5.3878, 1.6681 -0.3002 5.3665, 1.6854 -0.3002 5.3277, 0.3087 -0.3002 5.3795, 0.3554 -0.3002 5.4269, 0.3749 -0.3002 5.4393, 0.4152 -0.3002 5.4565, 0.4243 -0.3002 5.4588, 0.4381 -0.3002 5.4621, 1.5352 -0.3002 5.4612, 1.4911 -0.3002 5.4658, 0.4774 -0.3002 5.4658, 0.2713 0.009 5.1508, 1.7069 0.0111 5.1508, 0.2637 -0.2305 5.1508, 1.6992 -0.2302 5.1508, 0.2693 -0.0552 5.1508, 1.7048 -0.0549 5.1508
            ]
        }
        coordIndex [
            0,1,2,-1,3,4,5,-1,6,7,8,-1,9,10,11,-1,12,13,14,-1,15,16,17,-1,18,19,20,-1,20,19,21,-1,20,21,22,-1,23,24,19,-1,19,24,25,-1,19,25,21,-1,26,27,28,-1,28,27,29,-1,28,29,23,-1,23,29,30,-1,23,30,24,-1,31,32,33,-1,33,32,34,-1,33,34,28,-1,28,34,35,-1,28,35,26,-1,31,33,36,-1,36,33,37,-1,36,37,38,-1,38,37,39,-1,38,39,40,-1,41,42,43,-1,43,42,44,-1,43,44,45,-1,45,44,46,-1,46,44,47,-1,47,44,48,-1,47,48,49,-1,49,48,50,-1,50,48,51,-1,50,51,52,-1,52,51,53,-1,53,51,54,-1,53,54,55,-1,56,57,54,-1,54,57,58,-1,54,58,55,-1,56,59,60,-1,61,62,60,-1,60,62,63,-1,60,63,56,-1,56,63,64,-1,56,64,57,-1,65,66,67,-1,67,66,68,-1,67,68,69,-1,69,68,70,-1,69,70,71,-1,71,70,72,-1,71,72,73,-1,73,72,74,-1,73,74,75,-1,75,74,17,-1,76,77,78,-1,78,77,79,-1,78,79,80,-1,80,79,81,-1,80,81,82,-1,82,81,83,-1,82,83,84,-1,84,83,85,-1,84,85,86,-1,86,85,8,-1,42,65,44,-1,44,65,67,-1,44,67,48,-1,48,67,69,-1,48,69,51,-1,51,69,71,-1,51,71,54,-1,54,71,73,-1,54,73,56,-1,56,73,75,-1,56,75,59,-1,59,75,87,-1,17,16,75,-1,75,16,88,-1,75,88,87,-1,89,15,90,-1,90,15,17,-1,90,17,91,-1,91,17,74,-1,91,74,92,-1,92,74,72,-1,92,72,93,-1,93,72,70,-1,93,70,94,-1,94,70,68,-1,94,68,95,-1,95,68,66,-1,95,96,94,-1,94,96,97,-1,94,97,93,-1,93,97,98,-1,93,98,92,-1,92,98,99,-1,92,99,91,-1,91,99,100,-1,91,100,90,-1,90,100,14,-1,90,14,89,-1,89,14,13,-1,10,12,11,-1,11,12,14,-1,11,14,101,-1,101,14,100,-1,101,100,102,-1,102,100,99,-1,102,99,103,-1,103,99,98,-1,103,98,104,-1,104,98,97,-1,104,97,105,-1,105,97,96,-1,106,9,107,-1,107,9,11,-1,107,11,108,-1,108,11,101,-1,108,101,109,-1,109,101,102,-1,109,102,110,-1,110,102,103,-1,110,103,111,-1,111,103,104,-1,111,104,112,-1,112,104,105,-1,112,113,111,-1,111,113,114,-1,111,114,110,-1,110,114,115,-1,110,115,109,-1,109,115,116,-1,109,116,108,-1,108,116,117,-1,108,117,107,-1,107,117,118,-1,107,118,106,-1,106,118,119,-1,113,76,114,-1,114,76,78,-1,114,78,115,-1,115,78,80,-1,115,80,116,-1,116,80,82,-1,116,82,117,-1,117,82,84,-1,117,84,118,-1,118,84,86,-1,118,86,119,-1,119,86,120,-1,8,7,86,-1,86,7,121,-1,86,121,120,-1,122,6,123,-1,123,6,8,-1,123,8,124,-1,124,8,85,-1,124,85,125,-1,125,85,83,-1,125,83,126,-1,126,83,81,-1,126,81,127,-1,127,81,79,-1,127,79,128,-1,128,79,77,-1,128,129,127,-1,127,129,130,-1,127,130,126,-1,126,130,131,-1,126,131,125,-1,125,131,132,-1,125,132,124,-1,124,132,133,-1,124,133,123,-1,123,133,5,-1,123,5,122,-1,122,5,4,-1,1,3,2,-1,2,3,5,-1,2,5,134,-1,134,5,133,-1,134,133,135,-1,135,133,132,-1,135,132,136,-1,136,132,131,-1,136,131,137,-1,137,131,130,-1,137,130,138,-1,138,130,129,-1,139,0,140,-1,140,0,2,-1,140,2,141,-1,141,2,134,-1,141,134,142,-1,142,134,135,-1,142,135,143,-1,143,135,136,-1,143,136,144,-1,144,136,137,-1,144,137,145,-1,145,137,138,-1,145,39,144,-1,144,39,37,-1,144,37,143,-1,143,37,33,-1,143,33,142,-1,142,33,28,-1,142,28,141,-1,141,28,23,-1,141,23,140,-1,140,23,19,-1,140,19,139,-1,139,19,18,-1,146,147,148,-1,149,150,148,-1,148,150,151,-1,148,151,146,-1,152,148,153,-1,153,148,154,-1,153,154,155,-1,155,156,153,-1,153,156,157,-1,153,157,158,-1,159,160,161,-1,152,162,148,-1,148,162,163,-1,148,163,164,-1,164,165,148,-1,148,165,166,-1,148,166,149,-1,158,157,161,-1,161,157,167,-1,161,167,159,-1,160,168,169,-1,169,170,160,-1,160,170,171,-1,160,171,172,-1,173,161,174,-1,174,161,160,-1,174,160,175,-1,175,160,172,-1,61,176,177,-1,50,52,177,-1,50,177,49,-1,49,177,22,-1,49,22,21,-1,35,34,45,-1,64,177,57,-1,57,177,58,-1,21,25,49,-1,49,25,24,-1,49,24,30,-1,30,29,49,-1,49,29,27,-1,49,27,47,-1,47,27,46,-1,52,53,177,-1,177,53,55,-1,177,55,58,-1,64,63,177,-1,177,63,62,-1,177,62,61,-1,46,27,45,-1,45,27,26,-1,45,26,35,-1,32,31,34,-1,34,31,36,-1,34,36,38,-1,43,45,41,-1,41,45,34,-1,41,34,40,-1,40,34,38,-1,147,146,178,-1,178,146,179,-1,178,179,180,-1,180,179,181,-1,180,181,176,-1,176,181,177,-1,
        ]
    }
}
Shape{
    appearance Appearance {
        material  Material 	{
            diffuseColor 0.27450980392156865 0.5215686274509804 0.27450980392156865
            specularColor 0.0196078431372549 0.0392156862745098 0.0196078431372549
            ambientIntensity 0.5993
            transparency 0.0
            shininess 0.5
        }
    }
    geometry IndexedFaceSet {
        ccw TRUE
        solid FALSE
        coord DEF co Coordinate {
            point [
                0.5905 1.7347 2.539, 0.5905 1.7347 3.315, 1.3779 1.7347 2.539, 1.3779 1.7347 3.315, 0.5905 1.7347 1.5748, 0.5905 2.0866 1.5748, 0.5905 2.0866 2.0638, 1.3779 2.0866 1.5748, 1.3779 1.7347 1.5748, 1.3779 2.0866 2.0638
            ]
        }
        coordIndex [
            0,1,2,-1,2,1,3,-1,4,5,0,-1,0,5,6,-1,0,6,1,-1,7,8,9,-1,9,8,2,-1,9,2,3,-1,8,7,4,-1,4,7,5,-1,
        ]
    }
}
Shape{
    appearance Appearance {
        material  Material 	{
            diffuseColor 0.792156862745098 0.8196078431372549 0.9333333333333333
            specularColor 0.396078431372549 0.4117647058823529 0.4666666666666667
            ambientIntensity 0.8244
            transparency 0.0
            shininess 0.5
        }
    }
    geometry IndexedFaceSet {
        ccw TRUE
        solid FALSE
        coord DEF co Coordinate {
            point [
                1.096 -1.4653 0.0039, 1.096 -1.4653 0.0, 1.1142 -1.5497 0.0039, 1.1142 -1.5497 0.0, 1.0875 -1.4223 0.0039, 1.0875 -1.4223 0.0, 1.0841 -1.4087 0.0039, 1.0841 -1.4087 0.0, 1.086 -1.4164 0.0, 1.0834 -1.4067 0.0039, 1.0834 -1.4067 0.0, 1.0827 -1.4054 0.0039, 1.0827 -1.4054 0.0, 1.0821 -1.4045 0.0039, 1.0821 -1.4045 0.0, 1.0816 -1.4039 0.0039, 1.0816 -1.4039 0.0, 1.0811 -1.4035 0.0039, 1.0811 -1.4035 0.0, 1.0806 -1.4033 0.0039, 1.0806 -1.4033 0.0, 1.0802 -1.4032 0.0039, 1.0802 -1.4032 0.0, 1.0798 -1.4033 0.0039, 1.0798 -1.4033 0.0, 1.0794 -1.4034 0.0039, 1.0794 -1.4034 0.0, 1.079 -1.4036 0.0039, 1.079 -1.4036 0.0, 1.0786 -1.404 0.0039, 1.0786 -1.404 0.0, 1.0783 -1.4046 0.0039, 1.0783 -1.4046 0.0, 1.0779 -1.406 0.0039, 1.0779 -1.406 0.0, 1.0769 -1.4132 0.0039, 1.0769 -1.4132 0.0, 1.0762 -1.42 0.0039, 1.0762 -1.42 0.0, 1.0765 -1.4164 0.0, 1.0734 -1.4437 0.0039, 1.0734 -1.4437 0.0, 1.0726 -1.4547 0.0039, 1.0726 -1.4547 0.0, 1.0729 -1.4599 0.0039, 1.0729 -1.4599 0.0, 1.0739 -1.4631 0.0039, 1.0739 -1.4631 0.0, 1.0751 -1.4653 0.0039, 1.0751 -1.4653 0.0, 1.0779 -1.4704 0.0039, 1.0779 -1.4704 0.0, 1.0853 -1.4951 0.0039, 1.0853 -1.4951 0.0, 1.0915 -1.5202 0.0039, 1.0915 -1.5202 0.0, 1.1486 -1.7847 0.0, 1.1498 -1.7903 0.0039, 1.1498 -1.7903 0.0, 1.1577 -1.7903 0.0039, 1.1577 -1.7903 0.0, 1.2126 -1.5474 0.0039, 1.2126 -1.5474 0.0, 1.159 -1.7847 0.0, 1.2194 -1.5191 0.0039, 1.2194 -1.5191 0.0, 1.2225 -1.5057 0.0039, 1.2225 -1.5057 0.0, 1.2262 -1.4925 0.0039, 1.2262 -1.4925 0.0, 1.2302 -1.4817 0.0039, 1.2302 -1.4817 0.0, 1.2338 -1.4717 0.0039, 1.2338 -1.4717 0.0, 1.2362 -1.4681 0.0039, 1.2362 -1.4681 0.0, 1.2379 -1.466 0.0039, 1.2379 -1.466 0.0, 1.2386 -1.4651 0.0039, 1.2386 -1.4651 0.0, 1.2389 -1.4644 0.0039, 1.2389 -1.4644 0.0, 1.2391 -1.4638 0.0039, 1.2391 -1.4638 0.0, 1.239 -1.4618 0.0039, 1.239 -1.4618 0.0, 1.2382 -1.4484 0.0039, 1.2382 -1.4484 0.0, 1.2382 -1.4483 0.0039, 1.2382 -1.4483 0.0, 1.2359 -1.4228 0.0039, 1.2359 -1.4228 0.0, 1.2351 -1.4164 0.0, 1.2347 -1.4132 0.0039, 1.2347 -1.4132 0.0, 1.2345 -1.4102 0.0039, 1.2345 -1.4102 0.0, 1.2342 -1.4081 0.0039, 1.2342 -1.4081 0.0, 1.2339 -1.4067 0.0039, 1.2339 -1.4067 0.0, 1.2337 -1.4058 0.0039, 1.2337 -1.4058 0.0, 1.2334 -1.4051 0.0039, 1.2334 -1.4051 0.0, 1.2331 -1.4047 0.0039, 1.2331 -1.4047 0.0, 1.2327 -1.4044 0.0039, 1.2327 -1.4044 0.0, 1.2323 -1.4042 0.0039, 1.2323 -1.4042 0.0, 1.2319 -1.4041 0.0039, 1.2319 -1.4041 0.0, 1.2315 -1.4041 0.0039, 1.2315 -1.4041 0.0, 1.2309 -1.4042 0.0039, 1.2309 -1.4042 0.0, 1.2303 -1.4045 0.0039, 1.2303 -1.4045 0.0, 1.2299 -1.4049 0.0039, 1.2299 -1.4049 0.0, 1.2294 -1.4055 0.0039, 1.2294 -1.4055 0.0, 1.2289 -1.4066 0.0039, 1.2289 -1.4066 0.0, 1.2285 -1.4081 0.0039, 1.2285 -1.4081 0.0, 1.2246 -1.4307 0.0039, 1.2246 -1.4307 0.0, 1.2271 -1.4164 0.0, 1.1912 -1.5683 0.0039, 1.1912 -1.5683 0.0, 1.1538 -1.7359 0.0039, 1.1169 -1.5695 0.0039, 1.19 -1.5769 0.0039, 1.1747 -1.5915 0.0039, 1.1606 -1.5819 0.0039, 1.1558 -1.5793 0.0039, 1.1392 -1.5741 0.0039, 1.1169 -1.5695 0.0, 1.1538 -1.7359 0.0, 1.1392 -1.5741 0.0, 1.1558 -1.5793 0.0, 1.1606 -1.5819 0.0, 1.1747 -1.5915 0.0, 1.19 -1.5769 0.0, 0.8688 -1.7546 0.0039, 0.8688 -1.7546 0.0, 0.8789 -1.7462 0.0039, 0.8789 -1.7462 0.0, 0.8663 -1.7566 0.0039, 0.8663 -1.7566 0.0, 0.8648 -1.7586 0.0039, 0.8648 -1.7586 0.0, 0.8638 -1.7606 0.0039, 0.8638 -1.7606 0.0, 0.8635 -1.762 0.0039, 0.8635 -1.762 0.0, 0.8635 -1.7633 0.0039, 0.8635 -1.7633 0.0, 0.8639 -1.7648 0.0039, 0.8639 -1.7648 0.0, 0.8644 -1.7657 0.0039, 0.8644 -1.7657 0.0, 0.8652 -1.7666 0.0039, 0.8652 -1.7666 0.0, 0.8659 -1.7671 0.0039, 0.8659 -1.7671 0.0, 0.8762 -1.7654 0.0039, 0.8762 -1.7654 0.0, 0.888 -1.7654 0.0039, 0.888 -1.7654 0.0, 0.8928 -1.7663 0.0039, 0.8928 -1.7663 0.0, 0.8976 -1.7671 0.0039, 0.8976 -1.7671 0.0, 0.9096 -1.7682 0.0039, 0.9096 -1.7682 0.0, 0.931 -1.7744 0.0039, 0.931 -1.7744 0.0, 0.9434 -1.7768 0.0039, 0.9434 -1.7768 0.0, 0.9559 -1.7779 0.0039, 0.9559 -1.7779 0.0, 0.9736 -1.7767 0.0039, 0.9736 -1.7767 0.0, 0.9863 -1.7737 0.0039, 0.9863 -1.7737 0.0, 0.9967 -1.7683 0.0039, 0.9967 -1.7683 0.0, 1.006 -1.76 0.0039, 1.006 -1.76 0.0, 1.0151 -1.7469 0.0039, 1.0151 -1.7469 0.0, 1.0239 -1.7238 0.0039, 1.0239 -1.7238 0.0, 1.0321 -1.6604 0.0039, 1.0321 -1.6604 0.0, 1.0347 -1.5819 0.0039, 1.0347 -1.5819 0.0, 1.029 -1.5151 0.0039, 1.029 -1.5151 0.0, 1.0182 -1.4776 0.0039, 1.0182 -1.4776 0.0, 1.0064 -1.4566 0.0039, 1.0064 -1.4566 0.0, 0.9966 -1.4448 0.0039, 0.9966 -1.4448 0.0, 0.9856 -1.4368 0.0039, 0.9856 -1.4368 0.0, 0.975 -1.4325 0.0039, 0.975 -1.4325 0.0, 0.9339 -1.4262 0.0039, 0.9339 -1.4262 0.0, 0.909 -1.4233 0.0039, 0.909 -1.4233 0.0, 0.8997 -1.4209 0.0039, 0.8997 -1.4209 0.0, 0.8938 -1.4173 0.0039, 0.8938 -1.4173 0.0, 0.8922 -1.4164 0.0, 0.8919 -1.4162 0.0039, 0.8919 -1.4162 0.0, 0.8914 -1.416 0.0039, 0.8914 -1.416 0.0, 0.8899 -1.4162 0.0, 0.8899 -1.4162 0.0039, 0.8893 -1.4164 0.0, 0.8888 -1.4166 0.0039, 0.8888 -1.4166 0.0, 0.8851 -1.4192 0.0039, 0.8851 -1.4192 0.0, 0.877 -1.4268 0.0039, 0.877 -1.4268 0.0, 0.8744 -1.4296 0.0039, 0.8744 -1.4296 0.0, 0.8676 -1.4369 0.0039, 0.8676 -1.4369 0.0, 0.8662 -1.4385 0.0039, 0.8662 -1.4385 0.0, 0.8652 -1.4397 0.0039, 0.8652 -1.4397 0.0, 0.8646 -1.4406 0.0039, 0.8646 -1.4406 0.0, 0.8642 -1.4413 0.0039, 0.8642 -1.4413 0.0, 0.864 -1.4419 0.0039, 0.864 -1.4419 0.0, 0.864 -1.4426 0.0039, 0.864 -1.4426 0.0, 0.8641 -1.4433 0.0039, 0.8641 -1.4433 0.0, 0.8646 -1.4444 0.0039, 0.8646 -1.4444 0.0, 0.8649 -1.4449 0.0039, 0.8649 -1.4449 0.0, 0.8651 -1.4452 0.0039, 0.8651 -1.4452 0.0, 0.8655 -1.4454 0.0039, 0.8655 -1.4454 0.0, 0.866 -1.4456 0.0039, 0.866 -1.4456 0.0, 0.8674 -1.4457 0.0039, 0.8674 -1.4457 0.0, 0.8694 -1.4455 0.0039, 0.8694 -1.4455 0.0, 0.8773 -1.4455 0.0039, 0.8773 -1.4455 0.0, 0.8863 -1.4455 0.0039, 0.8863 -1.4455 0.0, 0.8863 -1.7422 0.0039, 0.8863 -1.7422 0.0, 0.8825 -1.744 0.0039, 0.8825 -1.744 0.0, 0.9022 -1.7462 0.0039, 0.9022 -1.4466 0.0039, 0.9747 -1.4549 0.0039, 0.9621 -1.4517 0.0039, 0.9446 -1.4494 0.0039, 0.9197 -1.4466 0.0039, 0.9839 -1.459 0.0039, 0.9109 -1.4463 0.0039, 0.9129 -1.7507 0.0039, 0.937 -1.7562 0.0039, 0.9616 -1.7581 0.0039, 0.9766 -1.7552 0.0039, 1.0175 -1.5483 0.0039, 1.0085 -1.498 0.0039, 0.9973 -1.4729 0.0039, 0.9907 -1.4644 0.0039, 0.9875 -1.7509 0.0039, 0.9942 -1.746 0.0039, 1.001 -1.7379 0.0039, 1.0073 -1.7257 0.0039, 1.0122 -1.7087 0.0039, 1.0189 -1.6317 0.0039, 0.9446 -1.4494 0.0, 0.9197 -1.4466 0.0, 0.9621 -1.4517 0.0, 0.9747 -1.4549 0.0, 0.9839 -1.459 0.0, 0.9907 -1.4644 0.0, 0.9973 -1.4729 0.0, 1.0085 -1.498 0.0, 1.0175 -1.5483 0.0, 1.0189 -1.6317 0.0, 1.0122 -1.7087 0.0, 1.0073 -1.7257 0.0, 1.001 -1.7379 0.0, 0.9942 -1.746 0.0, 0.9875 -1.7509 0.0, 0.9766 -1.7552 0.0, 0.9616 -1.7581 0.0, 0.937 -1.7562 0.0, 0.9129 -1.7507 0.0, 0.9022 -1.7462 0.0, 0.9022 -1.4466 0.0, 0.9109 -1.4463 0.0, 0.7463 -1.6249 0.0039, 0.7463 -1.6249 0.0, 0.6987 -1.6187 0.0039, 0.6987 -1.6187 0.0, 0.7659 -1.6289 0.0039, 0.7659 -1.6289 0.0, 0.7785 -1.6334 0.0039, 0.7785 -1.6334 0.0, 0.7842 -1.6368 0.0039, 0.7842 -1.6368 0.0, 0.7893 -1.6397 0.0039, 0.7893 -1.6397 0.0, 0.8058 -1.6233 0.0039, 0.8058 -1.6233 0.0, 0.8069 -1.6217 0.0039, 0.8069 -1.6217 0.0, 0.8077 -1.6205 0.0039, 0.8077 -1.6205 0.0, 0.8081 -1.6193 0.0039, 0.8081 -1.6193 0.0, 0.8083 -1.6183 0.0039, 0.8083 -1.6183 0.0, 0.8082 -1.6175 0.0039, 0.8082 -1.6175 0.0, 0.8079 -1.6166 0.0039, 0.8079 -1.6166 0.0, 0.8072 -1.6154 0.0039, 0.8072 -1.6154 0.0, 0.8064 -1.6146 0.0039, 0.8064 -1.6146 0.0, 0.8054 -1.614 0.0039, 0.8054 -1.614 0.0, 0.8043 -1.6137 0.0039, 0.8043 -1.6137 0.0, 0.8029 -1.6136 0.0039, 0.8029 -1.6136 0.0, 0.6987 -1.5989 0.0039, 0.6987 -1.5989 0.0, 0.6987 -1.4455 0.0039, 0.6987 -1.4455 0.0, 0.7831 -1.4573 0.0039, 0.7831 -1.4573 0.0, 0.7913 -1.4594 0.0039, 0.7913 -1.4594 0.0, 0.799 -1.463 0.0039, 0.799 -1.463 0.0, 0.804 -1.4659 0.0039, 0.804 -1.4659 0.0, 0.8199 -1.4483 0.0039, 0.8199 -1.4483 0.0, 0.8216 -1.4459 0.0039, 0.8216 -1.4459 0.0, 0.8221 -1.4446 0.0039, 0.8221 -1.4446 0.0, 0.8223 -1.4436 0.0039, 0.8223 -1.4436 0.0, 0.8222 -1.4428 0.0039, 0.8222 -1.4428 0.0, 0.8219 -1.4419 0.0039, 0.8219 -1.4419 0.0, 0.8213 -1.4408 0.0039, 0.8213 -1.4408 0.0, 0.8209 -1.4403 0.0039, 0.8209 -1.4403 0.0, 0.8205 -1.4399 0.0039, 0.8205 -1.4399 0.0, 0.8199 -1.4396 0.0039, 0.8199 -1.4396 0.0, 0.8198 -1.4396 0.0039, 0.8198 -1.4396 0.0, 0.8183 -1.4393 0.0039, 0.8183 -1.4393 0.0, 0.8165 -1.4392 0.0039, 0.8165 -1.4392 0.0, 0.808 -1.4387 0.0039, 0.808 -1.4387 0.0, 0.7652 -1.4334 0.0039, 0.7652 -1.4334 0.0, 0.7225 -1.4268 0.0039, 0.7225 -1.4268 0.0, 0.6965 -1.4223 0.0039, 0.6965 -1.4223 0.0, 0.6902 -1.4199 0.0039, 0.6902 -1.4199 0.0, 0.6862 -1.419 0.0039, 0.6862 -1.419 0.0, 0.6833 -1.4188 0.0039, 0.6833 -1.4188 0.0, 0.6818 -1.4191 0.0039, 0.6818 -1.4191 0.0, 0.6805 -1.4197 0.0039, 0.6805 -1.4197 0.0, 0.6791 -1.4208 0.0039, 0.6791 -1.4208 0.0, 0.6779 -1.4222 0.0039, 0.6779 -1.4222 0.0, 0.6773 -1.4235 0.0039, 0.6773 -1.4235 0.0, 0.6769 -1.4258 0.0039, 0.6769 -1.4258 0.0, 0.677 -1.429 0.0039, 0.677 -1.429 0.0, 0.6772 -1.4301 0.0039, 0.6772 -1.4301 0.0, 0.6808 -1.4444 0.0039, 0.6808 -1.4444 0.0, 0.6823 -1.4591 0.0039, 0.6823 -1.4591 0.0, 0.6823 -1.4698 0.0039, 0.6823 -1.4698 0.0, 0.6826 -1.4769 0.0039, 0.6826 -1.4769 0.0, 0.6829 -1.484 0.0039, 0.6829 -1.484 0.0, 0.6823 -1.7433 0.0039, 0.6823 -1.7433 0.0, 0.6759 -1.7508 0.0039, 0.6759 -1.7508 0.0, 0.6721 -1.7555 0.0039, 0.6721 -1.7555 0.0, 0.6698 -1.7589 0.0039, 0.6698 -1.7589 0.0, 0.6689 -1.7608 0.0039, 0.6689 -1.7608 0.0, 0.6684 -1.7635 0.0039, 0.6684 -1.7635 0.0, 0.6683 -1.7652 0.0039, 0.6683 -1.7652 0.0, 0.6683 -1.7665 0.0039, 0.6683 -1.7665 0.0, 0.6684 -1.767 0.0039, 0.6684 -1.767 0.0, 0.6686 -1.7674 0.0039, 0.6686 -1.7674 0.0, 0.6688 -1.7677 0.0039, 0.6688 -1.7677 0.0, 0.669 -1.7679 0.0039, 0.669 -1.7679 0.0, 0.6693 -1.7681 0.0039, 0.6693 -1.7681 0.0, 0.6701 -1.7683 0.0039, 0.6701 -1.7683 0.0, 0.6716 -1.7684 0.0039, 0.6716 -1.7684 0.0, 0.6732 -1.7682 0.0039, 0.6732 -1.7682 0.0, 0.684 -1.7665 0.0039, 0.684 -1.7665 0.0, 0.6936 -1.7654 0.0039, 0.6936 -1.7654 0.0, 0.7033 -1.7654 0.0039, 0.7033 -1.7654 0.0, 0.7049 -1.7654 0.0039, 0.7049 -1.7654 0.0, 0.716 -1.7656 0.0039, 0.716 -1.7656 0.0, 0.727 -1.7671 0.0039, 0.727 -1.7671 0.0, 0.7492 -1.7711 0.0039, 0.7492 -1.7711 0.0, 0.7687 -1.775 0.0039, 0.7687 -1.775 0.0, 0.7841 -1.7806 0.0039, 0.7841 -1.7806 0.0, 0.7871 -1.7824 0.0039, 0.7871 -1.7824 0.0, 0.7906 -1.7847 0.0, 0.7922 -1.7858 0.0039, 0.7922 -1.7858 0.0, 0.7932 -1.7847 0.0, 0.8085 -1.7688 0.0039, 0.8085 -1.7688 0.0, 0.8096 -1.7669 0.0039, 0.8096 -1.7669 0.0, 0.8103 -1.7656 0.0039, 0.8103 -1.7656 0.0, 0.8107 -1.7646 0.0039, 0.8107 -1.7646 0.0, 0.8108 -1.7637 0.0039, 0.8108 -1.7637 0.0, 0.8107 -1.763 0.0039, 0.8107 -1.763 0.0, 0.8105 -1.7622 0.0039, 0.8105 -1.7622 0.0, 0.81 -1.7615 0.0039, 0.81 -1.7615 0.0, 0.8092 -1.7607 0.0039, 0.8092 -1.7607 0.0, 0.8082 -1.7602 0.0039, 0.8082 -1.7602 0.0, 0.8071 -1.7599 0.0039, 0.8071 -1.7599 0.0, 0.8058 -1.7597 0.0039, 0.8058 -1.7597 0.0, 0.7967 -1.7586 0.0039, 0.7967 -1.7586 0.0, 0.7834 -1.7568 0.0039, 0.7834 -1.7568 0.0, 0.77 -1.7552 0.0039, 0.77 -1.7552 0.0, 0.6987 -1.7433 0.0039, 0.6987 -1.7433 0.0, 0.6125 -1.7773 0.0039, 0.6125 -1.7773 0.0, 0.604 -1.7773 0.0039, 0.604 -1.7773 0.0, 0.6125 -1.6261 0.0039, 0.6125 -1.6261 0.0, 0.6018 -1.6261 0.0039, 0.6018 -1.6261 0.0, 0.597 -1.7059 0.0039, 0.597 -1.7059 0.0, 0.59 -1.7316 0.0039, 0.59 -1.7316 0.0, 0.5829 -1.7455 0.0039, 0.5829 -1.7455 0.0, 0.576 -1.7537 0.0039, 0.576 -1.7537 0.0, 0.5685 -1.7594 0.0039, 0.5685 -1.7594 0.0, 0.5605 -1.763 0.0039, 0.5605 -1.763 0.0, 0.5519 -1.7649 0.0039, 0.5519 -1.7649 0.0, 0.5401 -1.7641 0.0039, 0.5401 -1.7641 0.0, 0.53 -1.7607 0.0039, 0.53 -1.7607 0.0, 0.5204 -1.7548 0.0039, 0.5204 -1.7548 0.0, 0.5113 -1.7459 0.0039, 0.5113 -1.7459 0.0, 0.5015 -1.7305 0.0039, 0.5015 -1.7305 0.0, 0.4883 -1.6924 0.0039, 0.4883 -1.6924 0.0, 0.4832 -1.6629 0.0039, 0.4832 -1.6629 0.0, 0.4811 -1.5728 0.0039, 0.4811 -1.5728 0.0, 0.4951 -1.4919 0.0039, 0.4951 -1.4919 0.0, 0.5037 -1.4689 0.0039, 0.5037 -1.4689 0.0, 0.5166 -1.4506 0.0039, 0.5166 -1.4506 0.0, 0.5248 -1.4431 0.0039, 0.5248 -1.4431 0.0, 0.532 -1.4389 0.0039, 0.532 -1.4389 0.0, 0.5395 -1.4366 0.0039, 0.5395 -1.4366 0.0, 0.5474 -1.4358 0.0039, 0.5474 -1.4358 0.0, 0.5601 -1.4368 0.0039, 0.5601 -1.4368 0.0, 0.5726 -1.4415 0.0039, 0.5726 -1.4415 0.0, 0.5827 -1.4486 0.0039, 0.5827 -1.4486 0.0, 0.5911 -1.4582 0.0039, 0.5911 -1.4582 0.0, 0.5985 -1.4729 0.0039, 0.5985 -1.4729 0.0, 0.6066 -1.5103 0.0039, 0.6066 -1.5103 0.0, 0.6091 -1.527 0.0039, 0.6091 -1.527 0.0, 0.6119 -1.557 0.0039, 0.6119 -1.557 0.0, 0.621 -1.5565 0.0039, 0.621 -1.5565 0.0, 0.6167 -1.4889 0.0039, 0.6167 -1.4889 0.0, 0.6102 -1.4635 0.0039, 0.6102 -1.4635 0.0, 0.6005 -1.4439 0.0039, 0.6005 -1.4439 0.0, 0.5931 -1.4345 0.0039, 0.5931 -1.4345 0.0, 0.5823 -1.4258 0.0039, 0.5823 -1.4258 0.0, 0.5686 -1.4194 0.0039, 0.5686 -1.4194 0.0, 0.5553 -1.4171 0.0039, 0.5553 -1.4171 0.0, 0.5408 -1.4177 0.0039, 0.5408 -1.4177 0.0, 0.5258 -1.4223 0.0039, 0.5258 -1.4223 0.0, 0.5127 -1.4299 0.0039, 0.5127 -1.4299 0.0, 0.5033 -1.4396 0.0039, 0.5033 -1.4396 0.0, 0.4903 -1.4607 0.0039, 0.4903 -1.4607 0.0, 0.4745 -1.5081 0.0039, 0.4745 -1.5081 0.0, 0.4683 -1.5465 0.0039, 0.4683 -1.5465 0.0, 0.4681 -1.6607 0.0039, 0.4681 -1.6607 0.0, 0.4818 -1.722 0.0039, 0.4818 -1.722 0.0, 0.4938 -1.749 0.0039, 0.4938 -1.749 0.0, 0.5053 -1.7641 0.0039, 0.5053 -1.7641 0.0, 0.5229 -1.7777 0.0039, 0.5229 -1.7777 0.0, 0.5313 -1.7818 0.0039, 0.5313 -1.7818 0.0, 0.5394 -1.7834 0.0039, 0.5394 -1.7834 0.0, 0.5474 -1.7835 0.0039, 0.5474 -1.7835 0.0, 0.564 -1.7792 0.0039, 0.564 -1.7792 0.0, 0.5771 -1.772 0.0039, 0.5771 -1.772 0.0, 0.5884 -1.7618 0.0039, 0.5884 -1.7618 0.0, 0.595 -1.753 0.0039, 0.595 -1.753 0.0, 0.6 -1.7439 0.0039, 0.6 -1.7439 0.0, 0.3237 -1.7671 0.0039, 0.3237 -1.7671 0.0, 0.3097 -1.7847 0.0, 0.2988 -1.7983 0.0039, 0.302 -1.7943 0.0, 0.2988 -1.7983 0.0, 0.3179 -1.7547 0.0039, 0.3179 -1.7547 0.0, 0.3154 -1.7387 0.0039, 0.3154 -1.7387 0.0, 0.3153 -1.7314 0.0039, 0.3153 -1.7314 0.0, 0.3153 -1.4426 0.0039, 0.3153 -1.4426 0.0, 0.3589 -1.4463 0.0039, 0.3589 -1.4463 0.0, 0.3796 -1.4495 0.0039, 0.3796 -1.4495 0.0, 0.3866 -1.4511 0.0039, 0.3866 -1.4511 0.0, 0.3907 -1.453 0.0039, 0.3907 -1.453 0.0, 0.3959 -1.4575 0.0039, 0.3959 -1.4575 0.0, 0.3977 -1.4588 0.0039, 0.3977 -1.4588 0.0, 0.3996 -1.4596 0.0039, 0.3996 -1.4596 0.0, 0.4128 -1.4479 0.0039, 0.4128 -1.4479 0.0, 0.419 -1.4422 0.0039, 0.419 -1.4422 0.0, 0.4211 -1.4399 0.0039, 0.4211 -1.4399 0.0, 0.4221 -1.4382 0.0039, 0.4221 -1.4382 0.0, 0.4226 -1.4362 0.0039, 0.4226 -1.4362 0.0, 0.4228 -1.4342 0.0039, 0.4228 -1.4342 0.0, 0.4222 -1.4329 0.0039, 0.4222 -1.4329 0.0, 0.4217 -1.4324 0.0039, 0.4217 -1.4324 0.0, 0.4209 -1.4319 0.0039, 0.4209 -1.4319 0.0, 0.4195 -1.4313 0.0039, 0.4195 -1.4313 0.0, 0.4174 -1.4311 0.0039, 0.4174 -1.4311 0.0, 0.4075 -1.4308 0.0039, 0.4075 -1.4308 0.0, 0.3931 -1.4288 0.0039, 0.3931 -1.4288 0.0, 0.3558 -1.4249 0.0039, 0.3558 -1.4249 0.0, 0.3435 -1.4239 0.0039, 0.3435 -1.4239 0.0, 0.3198 -1.4217 0.0039, 0.3198 -1.4217 0.0, 0.3067 -1.4206 0.0039, 0.3067 -1.4206 0.0, 0.3038 -1.4197 0.0039, 0.3038 -1.4197 0.0, 0.3022 -1.4196 0.0039, 0.3022 -1.4196 0.0, 0.3011 -1.4198 0.0039, 0.3011 -1.4198 0.0, 0.3003 -1.4201 0.0039, 0.3003 -1.4201 0.0, 0.2996 -1.4206 0.0039, 0.2996 -1.4206 0.0, 0.2988 -1.4214 0.0039, 0.2988 -1.4214 0.0, 0.298 -1.423 0.0039, 0.298 -1.423 0.0, 0.2976 -1.4246 0.0039, 0.2976 -1.4246 0.0, 0.2976 -1.4277 0.0039, 0.2976 -1.4277 0.0, 0.2991 -1.4415 0.0039, 0.2991 -1.4415 0.0, 0.2994 -1.4449 0.0039, 0.2994 -1.4449 0.0, 0.3005 -1.4783 0.0039, 0.3005 -1.4783 0.0, 0.3005 -1.7332 0.0039, 0.3005 -1.7332 0.0, 0.3002 -1.7608 0.0, 0.3002 -1.7608 0.0039, 0.2965 -1.7847 0.0, 0.296 -1.788 0.0039, 0.296 -1.788 0.0, 0.2949 -1.7937 0.0039, 0.2949 -1.7937 0.0, 0.2954 -1.7943 0.0
            ]
        }
        coordIndex [
            0,1,2,-1,2,1,3,-1,4,5,0,-1,0,5,1,-1,6,7,4,-1,4,7,8,-1,4,8,5,-1,7,6,9,-1,7,9,10,-1,10,9,11,-1,10,11,12,-1,12,11,13,-1,12,13,14,-1,14,13,15,-1,14,15,16,-1,16,15,17,-1,16,17,18,-1,18,17,19,-1,18,19,20,-1,20,19,21,-1,20,21,22,-1,22,21,23,-1,22,23,24,-1,24,23,25,-1,24,25,26,-1,26,25,27,-1,26,27,28,-1,28,27,29,-1,28,29,30,-1,30,29,31,-1,30,31,32,-1,32,31,33,-1,32,33,34,-1,34,33,35,-1,34,35,36,-1,37,38,35,-1,35,38,39,-1,35,39,36,-1,40,41,37,-1,37,41,38,-1,41,40,42,-1,41,42,43,-1,43,42,44,-1,43,44,45,-1,45,44,46,-1,45,46,47,-1,47,46,48,-1,47,48,49,-1,50,51,48,-1,48,51,49,-1,51,50,52,-1,51,52,53,-1,53,52,54,-1,53,54,55,-1,55,54,56,-1,56,54,57,-1,56,57,58,-1,59,60,57,-1,57,60,58,-1,61,62,59,-1,59,62,63,-1,59,63,60,-1,64,65,61,-1,61,65,62,-1,65,64,66,-1,65,66,67,-1,67,66,68,-1,67,68,69,-1,70,71,68,-1,68,71,69,-1,71,70,72,-1,71,72,73,-1,73,72,74,-1,73,74,75,-1,75,74,76,-1,75,76,77,-1,77,76,78,-1,77,78,79,-1,79,78,80,-1,79,80,81,-1,81,80,82,-1,81,82,83,-1,83,82,84,-1,83,84,85,-1,85,84,86,-1,85,86,87,-1,87,86,88,-1,87,88,89,-1,90,91,88,-1,88,91,89,-1,91,90,92,-1,92,90,93,-1,92,93,94,-1,94,93,95,-1,94,95,96,-1,96,95,97,-1,96,97,98,-1,98,97,99,-1,98,99,100,-1,100,99,101,-1,100,101,102,-1,102,101,103,-1,102,103,104,-1,104,103,105,-1,104,105,106,-1,106,105,107,-1,106,107,108,-1,108,107,109,-1,108,109,110,-1,110,109,111,-1,110,111,112,-1,112,111,113,-1,112,113,114,-1,114,113,115,-1,114,115,116,-1,116,115,117,-1,116,117,118,-1,118,117,119,-1,118,119,120,-1,120,119,121,-1,120,121,122,-1,122,121,123,-1,122,123,124,-1,124,123,125,-1,124,125,126,-1,127,128,125,-1,125,128,129,-1,125,129,126,-1,130,131,127,-1,127,131,128,-1,130,2,131,-1,131,2,3,-1,132,57,133,-1,133,57,54,-1,6,4,35,-1,130,134,135,-1,74,72,127,-1,127,72,70,-1,135,136,130,-1,130,136,137,-1,130,137,2,-1,2,137,138,-1,52,0,54,-1,54,0,2,-1,54,2,133,-1,133,2,138,-1,70,68,127,-1,127,68,66,-1,127,66,130,-1,130,66,64,-1,130,64,134,-1,134,64,61,-1,134,61,132,-1,132,61,59,-1,132,59,57,-1,0,40,4,-1,4,40,37,-1,4,37,35,-1,97,95,125,-1,125,95,93,-1,125,93,127,-1,127,93,90,-1,90,88,127,-1,127,88,86,-1,127,86,74,-1,74,86,84,-1,74,84,76,-1,52,50,0,-1,0,50,48,-1,0,48,46,-1,33,11,35,-1,35,11,9,-1,35,9,6,-1,46,44,0,-1,0,44,42,-1,0,42,40,-1,82,80,84,-1,84,80,78,-1,84,78,76,-1,121,103,123,-1,123,103,101,-1,123,101,125,-1,125,101,99,-1,125,99,97,-1,121,119,103,-1,103,119,117,-1,103,117,105,-1,31,15,33,-1,33,15,13,-1,33,13,11,-1,31,29,15,-1,15,29,27,-1,15,27,25,-1,19,17,21,-1,21,17,15,-1,21,15,23,-1,23,15,25,-1,113,111,115,-1,115,111,109,-1,115,109,117,-1,117,109,107,-1,117,107,105,-1,133,139,132,-1,132,139,140,-1,139,133,138,-1,139,138,141,-1,141,138,137,-1,141,137,142,-1,142,137,136,-1,142,136,143,-1,135,144,136,-1,136,144,143,-1,134,145,135,-1,135,145,144,-1,140,145,132,-1,132,145,134,-1,146,147,148,-1,148,147,149,-1,147,146,150,-1,147,150,151,-1,151,150,152,-1,151,152,153,-1,153,152,154,-1,153,154,155,-1,155,154,156,-1,155,156,157,-1,157,156,158,-1,157,158,159,-1,159,158,160,-1,159,160,161,-1,161,160,162,-1,161,162,163,-1,163,162,164,-1,163,164,165,-1,165,164,166,-1,165,166,167,-1,168,169,166,-1,166,169,167,-1,170,171,168,-1,168,171,169,-1,171,170,172,-1,171,172,173,-1,173,172,174,-1,173,174,175,-1,176,177,174,-1,174,177,175,-1,178,179,176,-1,176,179,177,-1,179,178,180,-1,179,180,181,-1,181,180,182,-1,181,182,183,-1,183,182,184,-1,183,184,185,-1,185,184,186,-1,185,186,187,-1,187,186,188,-1,187,188,189,-1,189,188,190,-1,189,190,191,-1,191,190,192,-1,191,192,193,-1,193,192,194,-1,193,194,195,-1,195,194,196,-1,195,196,197,-1,197,196,198,-1,197,198,199,-1,199,198,200,-1,199,200,201,-1,201,200,202,-1,201,202,203,-1,203,202,204,-1,203,204,205,-1,205,204,206,-1,205,206,207,-1,207,206,208,-1,207,208,209,-1,209,208,210,-1,209,210,211,-1,211,210,212,-1,211,212,213,-1,214,215,212,-1,212,215,213,-1,215,214,216,-1,215,216,217,-1,217,216,218,-1,217,218,219,-1,219,218,220,-1,220,218,221,-1,220,221,222,-1,222,221,223,-1,222,223,224,-1,225,224,226,-1,226,224,223,-1,225,226,227,-1,227,226,228,-1,227,228,229,-1,229,228,230,-1,229,230,231,-1,231,230,232,-1,231,232,233,-1,233,232,234,-1,233,234,235,-1,236,237,234,-1,234,237,235,-1,237,236,238,-1,237,238,239,-1,239,238,240,-1,239,240,241,-1,241,240,242,-1,241,242,243,-1,243,242,244,-1,243,244,245,-1,245,244,246,-1,245,246,247,-1,247,246,248,-1,247,248,249,-1,249,248,250,-1,249,250,251,-1,251,250,252,-1,251,252,253,-1,253,252,254,-1,253,254,255,-1,255,254,256,-1,255,256,257,-1,257,256,258,-1,257,258,259,-1,259,258,260,-1,259,260,261,-1,261,260,262,-1,261,262,263,-1,263,262,264,-1,263,264,265,-1,266,267,264,-1,264,267,265,-1,268,269,266,-1,266,269,267,-1,270,271,268,-1,268,271,269,-1,271,270,272,-1,271,272,273,-1,273,272,148,-1,273,148,149,-1,242,240,264,-1,170,168,274,-1,168,166,146,-1,146,166,164,-1,146,164,150,-1,146,148,168,-1,168,148,272,-1,168,272,274,-1,274,272,270,-1,274,270,275,-1,276,277,232,-1,232,277,278,-1,232,278,279,-1,240,238,264,-1,264,238,236,-1,264,236,266,-1,266,236,234,-1,266,234,268,-1,268,234,232,-1,232,230,276,-1,276,230,216,-1,276,216,280,-1,270,268,275,-1,275,268,232,-1,275,232,281,-1,281,232,279,-1,282,283,178,-1,178,283,180,-1,180,283,284,-1,180,284,182,-1,258,256,254,-1,178,176,282,-1,282,176,174,-1,282,174,274,-1,274,174,172,-1,274,172,170,-1,182,284,184,-1,184,284,285,-1,184,285,186,-1,264,250,248,-1,162,154,164,-1,164,154,152,-1,164,152,150,-1,162,160,154,-1,154,160,158,-1,154,158,156,-1,286,287,202,-1,250,264,252,-1,252,264,262,-1,252,262,254,-1,254,262,260,-1,254,260,258,-1,248,246,264,-1,264,246,244,-1,264,244,242,-1,226,223,228,-1,228,223,221,-1,228,221,230,-1,230,221,218,-1,230,218,216,-1,202,287,204,-1,216,214,280,-1,280,214,212,-1,280,212,210,-1,287,288,204,-1,204,288,289,-1,204,289,206,-1,206,289,280,-1,206,280,208,-1,208,280,210,-1,186,285,188,-1,188,285,290,-1,188,290,190,-1,190,290,291,-1,190,291,192,-1,192,291,292,-1,192,292,194,-1,292,293,194,-1,194,293,294,-1,194,294,196,-1,196,294,295,-1,196,295,198,-1,198,295,286,-1,198,286,200,-1,200,286,202,-1,278,296,279,-1,279,296,297,-1,296,278,277,-1,296,277,298,-1,298,277,276,-1,298,276,299,-1,299,276,280,-1,299,280,300,-1,300,280,289,-1,300,289,301,-1,301,289,288,-1,301,288,302,-1,302,288,287,-1,302,287,303,-1,303,287,286,-1,303,286,304,-1,304,286,295,-1,304,295,305,-1,305,295,294,-1,305,294,306,-1,306,294,293,-1,306,293,307,-1,307,293,292,-1,307,292,308,-1,308,292,291,-1,308,291,309,-1,309,291,290,-1,309,290,310,-1,310,290,285,-1,310,285,311,-1,311,285,284,-1,311,284,312,-1,312,284,283,-1,312,283,313,-1,313,283,282,-1,313,282,314,-1,274,315,282,-1,282,315,314,-1,275,316,274,-1,274,316,315,-1,316,275,281,-1,316,281,317,-1,317,281,279,-1,317,279,297,-1,318,319,320,-1,320,319,321,-1,319,318,322,-1,319,322,323,-1,323,322,324,-1,323,324,325,-1,325,324,326,-1,325,326,327,-1,328,329,326,-1,326,329,327,-1,330,331,328,-1,328,331,329,-1,331,330,332,-1,331,332,333,-1,333,332,334,-1,333,334,335,-1,335,334,336,-1,335,336,337,-1,337,336,338,-1,337,338,339,-1,339,338,340,-1,339,340,341,-1,341,340,342,-1,341,342,343,-1,343,342,344,-1,343,344,345,-1,345,344,346,-1,345,346,347,-1,347,346,348,-1,347,348,349,-1,349,348,350,-1,349,350,351,-1,351,350,352,-1,351,352,353,-1,354,355,352,-1,352,355,353,-1,356,357,354,-1,354,357,355,-1,358,359,356,-1,356,359,357,-1,359,358,360,-1,359,360,361,-1,361,360,362,-1,361,362,363,-1,364,365,362,-1,362,365,363,-1,366,367,364,-1,364,367,365,-1,367,366,368,-1,367,368,369,-1,369,368,370,-1,369,370,371,-1,371,370,372,-1,371,372,373,-1,373,372,374,-1,373,374,375,-1,375,374,376,-1,375,376,377,-1,377,376,378,-1,377,378,379,-1,379,378,380,-1,379,380,381,-1,381,380,382,-1,381,382,383,-1,383,382,384,-1,383,384,385,-1,385,384,386,-1,385,386,387,-1,387,386,388,-1,387,388,389,-1,389,388,390,-1,389,390,391,-1,392,393,390,-1,390,393,391,-1,393,392,394,-1,393,394,395,-1,395,394,396,-1,395,396,397,-1,398,399,396,-1,396,399,397,-1,399,398,400,-1,399,400,401,-1,401,400,402,-1,401,402,403,-1,403,402,404,-1,403,404,405,-1,405,404,406,-1,405,406,407,-1,407,406,408,-1,407,408,409,-1,409,408,410,-1,409,410,411,-1,411,410,412,-1,411,412,413,-1,413,412,414,-1,413,414,415,-1,415,414,416,-1,415,416,417,-1,417,416,418,-1,417,418,419,-1,419,418,420,-1,419,420,421,-1,421,420,422,-1,421,422,423,-1,423,422,424,-1,423,424,425,-1,426,427,424,-1,424,427,425,-1,427,426,428,-1,427,428,429,-1,429,428,430,-1,429,430,431,-1,432,433,430,-1,430,433,431,-1,433,432,434,-1,433,434,435,-1,435,434,436,-1,435,436,437,-1,437,436,438,-1,437,438,439,-1,439,438,440,-1,439,440,441,-1,441,440,442,-1,441,442,443,-1,443,442,444,-1,443,444,445,-1,445,444,446,-1,445,446,447,-1,447,446,448,-1,447,448,449,-1,449,448,450,-1,449,450,451,-1,451,450,452,-1,451,452,453,-1,453,452,454,-1,453,454,455,-1,455,454,456,-1,455,456,457,-1,457,456,458,-1,457,458,459,-1,459,458,460,-1,459,460,461,-1,461,460,462,-1,461,462,463,-1,464,465,462,-1,462,465,463,-1,465,464,466,-1,465,466,467,-1,467,466,468,-1,467,468,469,-1,470,471,468,-1,468,471,469,-1,471,470,472,-1,471,472,473,-1,473,472,474,-1,473,474,475,-1,476,477,474,-1,474,477,475,-1,477,476,478,-1,477,478,479,-1,479,478,480,-1,479,480,481,-1,481,480,482,-1,481,482,483,-1,483,482,484,-1,484,482,485,-1,484,485,486,-1,486,485,487,-1,487,485,488,-1,487,488,489,-1,489,488,490,-1,489,490,491,-1,491,490,492,-1,491,492,493,-1,493,492,494,-1,493,494,495,-1,495,494,496,-1,495,496,497,-1,497,496,498,-1,497,498,499,-1,499,498,500,-1,499,500,501,-1,501,500,502,-1,501,502,503,-1,503,502,504,-1,503,504,505,-1,505,504,506,-1,505,506,507,-1,507,506,508,-1,507,508,509,-1,509,508,510,-1,509,510,511,-1,512,513,510,-1,510,513,511,-1,513,512,514,-1,513,514,515,-1,515,514,516,-1,515,516,517,-1,518,519,516,-1,516,519,517,-1,518,320,519,-1,519,320,321,-1,402,400,356,-1,362,360,392,-1,392,360,358,-1,326,324,352,-1,400,398,356,-1,356,398,396,-1,356,396,358,-1,358,396,394,-1,358,394,392,-1,430,428,356,-1,428,426,356,-1,356,426,424,-1,356,424,422,-1,422,420,356,-1,356,420,418,-1,356,418,416,-1,320,354,318,-1,318,354,352,-1,318,352,322,-1,322,352,324,-1,362,392,364,-1,364,392,390,-1,364,390,366,-1,366,390,388,-1,366,388,386,-1,356,410,408,-1,436,434,518,-1,518,434,432,-1,518,432,320,-1,320,432,430,-1,320,430,354,-1,354,430,356,-1,416,414,356,-1,356,414,412,-1,356,412,410,-1,336,334,350,-1,350,334,352,-1,328,326,330,-1,330,326,352,-1,330,352,332,-1,332,352,334,-1,448,446,518,-1,518,446,444,-1,518,444,442,-1,386,384,366,-1,366,384,382,-1,366,382,380,-1,408,406,356,-1,356,406,404,-1,356,404,402,-1,496,494,508,-1,508,494,492,-1,508,492,510,-1,510,492,490,-1,510,490,488,-1,472,470,518,-1,518,470,468,-1,518,468,466,-1,466,464,518,-1,518,464,462,-1,518,462,460,-1,370,376,372,-1,372,376,374,-1,380,378,366,-1,366,378,376,-1,366,376,368,-1,368,376,370,-1,454,452,518,-1,518,452,450,-1,518,450,448,-1,442,440,518,-1,518,440,438,-1,518,438,436,-1,488,485,510,-1,510,485,482,-1,510,482,512,-1,512,482,480,-1,512,480,514,-1,514,480,478,-1,514,478,516,-1,516,478,476,-1,516,476,518,-1,518,476,474,-1,518,474,472,-1,460,458,518,-1,518,458,456,-1,518,456,454,-1,342,340,350,-1,350,340,338,-1,350,338,336,-1,502,508,504,-1,504,508,506,-1,502,500,508,-1,508,500,498,-1,508,498,496,-1,348,346,350,-1,350,346,344,-1,350,344,342,-1,520,521,522,-1,522,521,523,-1,524,525,520,-1,520,525,521,-1,526,527,524,-1,524,527,525,-1,527,526,528,-1,527,528,529,-1,529,528,530,-1,529,530,531,-1,531,530,532,-1,531,532,533,-1,533,532,534,-1,533,534,535,-1,535,534,536,-1,535,536,537,-1,537,536,538,-1,537,538,539,-1,539,538,540,-1,539,540,541,-1,541,540,542,-1,541,542,543,-1,543,542,544,-1,543,544,545,-1,545,544,546,-1,545,546,547,-1,547,546,548,-1,547,548,549,-1,549,548,550,-1,549,550,551,-1,551,550,552,-1,551,552,553,-1,553,552,554,-1,553,554,555,-1,555,554,556,-1,555,556,557,-1,557,556,558,-1,557,558,559,-1,559,558,560,-1,559,560,561,-1,561,560,562,-1,561,562,563,-1,563,562,564,-1,563,564,565,-1,565,564,566,-1,565,566,567,-1,567,566,568,-1,567,568,569,-1,569,568,570,-1,569,570,571,-1,571,570,572,-1,571,572,573,-1,573,572,574,-1,573,574,575,-1,575,574,576,-1,575,576,577,-1,577,576,578,-1,577,578,579,-1,579,578,580,-1,579,580,581,-1,581,580,582,-1,581,582,583,-1,583,582,584,-1,583,584,585,-1,586,587,584,-1,584,587,585,-1,588,589,586,-1,586,589,587,-1,589,588,590,-1,589,590,591,-1,591,590,592,-1,591,592,593,-1,593,592,594,-1,593,594,595,-1,595,594,596,-1,595,596,597,-1,597,596,598,-1,597,598,599,-1,599,598,600,-1,599,600,601,-1,601,600,602,-1,601,602,603,-1,603,602,604,-1,603,604,605,-1,605,604,606,-1,605,606,607,-1,607,606,608,-1,607,608,609,-1,609,608,610,-1,609,610,611,-1,611,610,612,-1,611,612,613,-1,613,612,614,-1,613,614,615,-1,615,614,616,-1,615,616,617,-1,617,616,618,-1,617,618,619,-1,619,618,620,-1,619,620,621,-1,621,620,622,-1,621,622,623,-1,623,622,624,-1,623,624,625,-1,625,624,626,-1,625,626,627,-1,627,626,628,-1,627,628,629,-1,629,628,630,-1,629,630,631,-1,631,630,632,-1,631,632,633,-1,633,632,634,-1,633,634,635,-1,635,634,636,-1,635,636,637,-1,637,636,638,-1,637,638,639,-1,639,638,640,-1,639,640,641,-1,642,643,640,-1,640,643,641,-1,642,522,643,-1,643,522,523,-1,524,520,642,-1,642,520,522,-1,640,536,642,-1,642,536,534,-1,642,534,532,-1,526,524,528,-1,528,524,642,-1,528,642,530,-1,530,642,532,-1,640,638,536,-1,536,638,636,-1,536,636,538,-1,538,636,634,-1,538,634,540,-1,540,634,632,-1,540,632,542,-1,632,630,542,-1,542,630,628,-1,542,628,544,-1,544,628,626,-1,544,626,546,-1,546,626,624,-1,546,624,548,-1,548,624,622,-1,548,622,550,-1,550,622,552,-1,552,622,620,-1,552,620,554,-1,554,620,618,-1,554,618,556,-1,556,618,616,-1,556,616,558,-1,558,616,614,-1,558,614,560,-1,560,614,612,-1,560,612,562,-1,562,612,610,-1,562,610,564,-1,564,610,608,-1,564,608,566,-1,566,608,606,-1,566,606,568,-1,568,606,604,-1,568,604,570,-1,570,604,602,-1,570,602,572,-1,572,602,600,-1,572,600,574,-1,574,600,598,-1,574,598,576,-1,576,598,596,-1,576,596,578,-1,578,596,594,-1,578,594,580,-1,580,594,592,-1,580,592,582,-1,582,592,590,-1,582,590,584,-1,584,590,588,-1,584,588,586,-1,644,645,646,-1,644,646,647,-1,647,646,648,-1,647,648,649,-1,645,644,650,-1,645,650,651,-1,651,650,652,-1,651,652,653,-1,653,652,654,-1,653,654,655,-1,656,657,654,-1,654,657,655,-1,657,656,658,-1,657,658,659,-1,659,658,660,-1,659,660,661,-1,661,660,662,-1,661,662,663,-1,663,662,664,-1,663,664,665,-1,665,664,666,-1,665,666,667,-1,667,666,668,-1,667,668,669,-1,669,668,670,-1,669,670,671,-1,671,670,672,-1,671,672,673,-1,673,672,674,-1,673,674,675,-1,675,674,676,-1,675,676,677,-1,677,676,678,-1,677,678,679,-1,679,678,680,-1,679,680,681,-1,681,680,682,-1,681,682,683,-1,683,682,684,-1,683,684,685,-1,685,684,686,-1,685,686,687,-1,687,686,688,-1,687,688,689,-1,689,688,690,-1,689,690,691,-1,691,690,692,-1,691,692,693,-1,693,692,694,-1,693,694,695,-1,695,694,696,-1,695,696,697,-1,697,696,698,-1,697,698,699,-1,699,698,700,-1,699,700,701,-1,702,703,700,-1,700,703,701,-1,704,705,702,-1,702,705,703,-1,705,704,706,-1,705,706,707,-1,707,706,708,-1,707,708,709,-1,709,708,710,-1,709,710,711,-1,711,710,712,-1,711,712,713,-1,713,712,714,-1,713,714,715,-1,715,714,716,-1,715,716,717,-1,717,716,718,-1,717,718,719,-1,719,718,720,-1,719,720,721,-1,721,720,722,-1,721,722,723,-1,723,722,724,-1,723,724,725,-1,725,724,726,-1,725,726,727,-1,728,729,726,-1,726,729,727,-1,730,731,728,-1,728,731,729,-1,732,731,733,-1,733,731,730,-1,732,733,734,-1,734,733,735,-1,734,735,736,-1,737,738,735,-1,735,738,736,-1,738,737,739,-1,739,737,647,-1,739,647,649,-1,668,666,694,-1,694,666,664,-1,694,664,696,-1,670,668,672,-1,672,668,694,-1,672,694,674,-1,674,694,692,-1,674,692,676,-1,730,728,656,-1,656,728,726,-1,656,726,724,-1,664,662,696,-1,696,662,660,-1,696,660,698,-1,698,660,658,-1,647,737,644,-1,644,737,735,-1,644,735,650,-1,650,735,733,-1,650,733,652,-1,652,733,730,-1,652,730,654,-1,654,730,656,-1,724,722,656,-1,656,722,720,-1,656,720,718,-1,680,690,688,-1,690,680,692,-1,692,680,678,-1,692,678,676,-1,718,716,656,-1,656,716,714,-1,656,714,712,-1,712,710,656,-1,656,710,708,-1,656,708,706,-1,706,704,656,-1,656,704,702,-1,656,702,658,-1,658,702,700,-1,658,700,698,-1,688,686,680,-1,680,686,684,-1,680,684,682,-1,
        ]
    }
}
Shape{
    appearance Appearance {
        material  Material 	{
            diffuseColor 0.27450980392156865 0.5215686274509804 0.27450980392156865
            specularColor 0.0196078431372549 0.0392156862745098 0.0196078431372549
            ambientIntensity 0.5993
            transparency 0.0
            shininess 0.5
        }
    }
    geometry IndexedFaceSet {
        ccw TRUE
        solid FALSE
        coord DEF co Coordinate {
            point [
                1.1747 -1.5915 0.0, 1.19 -1.5769 0.0, 1.1538 -1.7359 0.0, 1.1169 -1.5695 0.0, 1.1392 -1.5741 0.0, 1.1558 -1.5793 0.0, 1.1606 -1.5819 0.0, 0.9022 -1.7462 0.0, 0.9022 -1.4466 0.0, 0.9129 -1.7507 0.0, 0.9109 -1.4463 0.0, 0.9197 -1.4466 0.0, 0.9446 -1.4494 0.0, 0.9621 -1.4517 0.0, 0.9616 -1.7581 0.0, 0.937 -1.7562 0.0, 1.0189 -1.6317 0.0, 1.0175 -1.5483 0.0, 0.9766 -1.7552 0.0, 1.0122 -1.7087 0.0, 1.0073 -1.7257 0.0, 0.9747 -1.4549 0.0, 0.9839 -1.459 0.0, 0.9907 -1.4644 0.0, 1.001 -1.7379 0.0, 0.9942 -1.746 0.0, 0.9875 -1.7509 0.0, 0.9973 -1.4729 0.0, 1.0085 -1.498 0.0, 1.8504 1.6929 0.0, 1.8504 1.6929 2.3622, 1.9685 1.6929 0.0, 1.9685 1.6929 2.3622, 1.8504 1.8898 2.3622, 1.9685 1.8898 2.3622, 1.8504 1.8898 0.0, 1.9685 1.8898 0.0, 1.8504 -1.8898 0.0, 1.8504 -1.8898 2.3622, 1.9685 -1.8898 0.0, 1.9685 -1.8898 2.3622, 1.8504 -1.6929 2.3622, 1.9685 -1.6929 2.3622, 1.8504 -1.6929 0.0, 1.9685 -1.6929 0.0, 1.8504 -1.7847 0.0, 1.8504 -1.7943 0.0, -1.9685 2.0866 0.0, -1.9685 1.8898 0.0, -1.9685 2.0866 2.0638, -1.9685 1.8898 2.3622, -1.9685 1.1057 5.5512, -1.9685 -1.3911 5.5512, -1.9685 1.6929 2.3622, -1.9685 1.6929 0.0, -1.9685 -1.8898 0.0, -1.9685 -2.0866 0.0, -1.9685 -1.8898 2.3622, -1.9685 -2.0866 3.1619, -1.9685 -1.6929 2.3622, -1.9685 -1.6915 3.1619, -1.9685 -1.2959 0.0, -1.9685 -1.4164 0.0, -1.9685 -1.6929 0.0
            ]
        }
        coordIndex [
            0,1,2,-1,2,3,4,-1,4,5,2,-1,2,5,6,-1,2,6,0,-1,7,8,9,-1,9,8,10,-1,10,11,9,-1,9,11,12,-1,9,12,13,-1,14,15,16,-1,16,15,9,-1,16,9,17,-1,14,16,18,-1,18,16,19,-1,18,19,20,-1,13,21,9,-1,9,21,22,-1,9,22,23,-1,20,24,18,-1,18,24,25,-1,18,25,26,-1,23,27,9,-1,9,27,28,-1,9,28,17,-1,29,30,31,-1,31,30,32,-1,30,33,32,-1,32,33,34,-1,33,35,34,-1,34,35,36,-1,35,33,29,-1,29,33,30,-1,37,38,39,-1,39,38,40,-1,38,41,40,-1,40,41,42,-1,41,43,42,-1,42,43,44,-1,43,41,45,-1,45,41,38,-1,45,38,46,-1,46,38,37,-1,47,48,49,-1,49,48,50,-1,49,50,51,-1,51,50,52,-1,52,50,53,-1,52,53,54,-1,55,56,57,-1,57,56,58,-1,57,58,59,-1,59,58,60,-1,59,60,52,-1,54,61,52,-1,52,61,62,-1,52,62,59,-1,59,62,63,-1,
        ]
    }
}
Shape{
    appearance Appearance {
        material  Material 	{
            diffuseColor 0.6470588235294118 0.6196078431372549 0.5882352941176471
            specularColor 0.45098039215686275 0.43529411764705883 0.4117647058823529
            ambientIntensity 0.6242
            transparency 0.0
            shininess 0.5
        }
    }
    geometry IndexedFaceSet {
        ccw TRUE
        solid FALSE
        coord DEF co Coordinate {
            point [
                -0.4774 -0.3002 5.4658, -1.4911 -0.3002 5.4658, -0.49 -0.3361 5.4658, -1.4785 -0.3361 5.4658, -1.4384 -0.4175 5.4658, -1.2449 -0.6051 5.4658, -1.1624 -0.6427 5.4658, -1.0746 -0.6657 5.4658, -0.5301 -0.4175 5.4658, -1.385 -0.4908 5.4658, -1.3198 -0.5539 5.4658, -0.5836 -0.4908 5.4658, -0.9843 -0.6735 5.4658, -0.8939 -0.6657 5.4658, -0.8061 -0.6427 5.4658, -0.7236 -0.6051 5.4658, -0.6487 -0.5539 5.4658, -1.5811 -0.5546 5.2689, -1.5336 -0.6199 5.2689, -1.5285 -0.6155 5.3199, -1.4654 -0.686 5.2689, -1.4443 -0.7065 5.2689, -1.4401 -0.7013 5.3199, -1.3218 -0.7856 5.2689, -1.2284 -0.8282 5.2689, -1.2262 -0.8218 5.3199, -0.8108 -0.8467 5.2689, -0.7401 -0.8282 5.2689, -0.7423 -0.8218 5.3199, -0.6467 -0.7856 5.2689, -0.6269 -0.7766 5.2689, -0.6302 -0.7707 5.3199, -0.5031 -0.686 5.2689, -0.4349 -0.6199 5.2689, -0.44 -0.6155 5.3199, -0.4333 -0.3002 5.4612, -0.4425 -0.3547 5.4591, -0.3983 -0.372 5.4394, -0.4066 -0.3002 5.4537, -0.4244 -0.3002 5.4587, -0.3338 -0.3002 5.4074, -0.3447 -0.3002 5.4186, -0.3604 -0.3869 5.4081, -0.3674 -0.3002 5.4349, -0.3754 -0.3002 5.4387, -0.3149 -0.3002 5.3878, -0.3312 -0.3983 5.3673, -0.3004 -0.3002 5.3665, -0.2831 -0.3002 5.3277, -0.3129 -0.4054 5.3199, -0.2811 -0.3002 5.3198, -0.3067 -0.4079 5.2689, -0.3044 -0.4006 5.2689, -0.2772 -0.3002 5.3044, -0.2739 -0.3002 5.2689, -1.6619 -0.4079 5.2689, -1.6556 -0.4054 5.3199, -1.6641 -0.4006 5.2689, -1.6909 -0.3002 5.3068, -1.6946 -0.3002 5.2689, -1.6373 -0.3983 5.3673, -1.6802 -0.3002 5.3421, -1.687 -0.3002 5.3196, -1.6451 -0.3002 5.398, -1.6598 -0.3002 5.3795, -1.6667 -0.3002 5.3669, -1.6347 -0.3002 5.4074, -1.6082 -0.3869 5.4081, -1.6131 -0.3002 5.4269, -1.5702 -0.372 5.4394, -1.5936 -0.3002 5.4393, -1.5533 -0.3002 5.4565, -1.526 -0.3547 5.4591, -1.5442 -0.3002 5.4588, -1.5304 -0.3002 5.4621, -0.4865 -0.4439 5.4591, -0.5451 -0.5242 5.4591, -0.4459 -0.4684 5.4394, -0.5092 -0.5553 5.4394, -0.411 -0.4895 5.4081, -0.4785 -0.5821 5.4081, -0.3843 -0.5057 5.3673, -0.4549 -0.6026 5.3673, -0.3675 -0.5159 5.3199, -1.0833 -0.7159 5.4591, -1.1795 -0.6907 5.4591, -1.0914 -0.7627 5.4394, -1.1954 -0.7354 5.4394, -1.0983 -0.8029 5.4081, -1.2091 -0.7738 5.4081, -1.1037 -0.8337 5.3673, -1.2196 -0.8033 5.3673, -1.107 -0.8531 5.3199, -0.3617 -0.5194 5.2689, -0.3874 -0.5546 5.2689, -0.5242 -0.7065 5.2689, -0.5285 -0.7013 5.3199, -0.5409 -0.686 5.3673, -0.5607 -0.6618 5.4081, -0.5864 -0.6302 5.4394, -0.6165 -0.5934 5.4591, -0.6986 -0.6495 5.4591, -0.6753 -0.6908 5.4394, -0.6552 -0.7263 5.4081, -0.6399 -0.7536 5.3673, -0.7489 -0.8033 5.3673, -0.7594 -0.7738 5.4081, -0.7731 -0.7354 5.4394, -0.789 -0.6907 5.4591, -0.8604 -0.8597 5.2689, -0.8615 -0.8531 5.3199, -0.8648 -0.8337 5.3673, -0.8702 -0.8029 5.4081, -0.8771 -0.7627 5.4394, -0.8852 -0.7159 5.4591, -0.9843 -0.7244 5.4591, -0.9843 -0.7719 5.4394, -0.9843 -0.8127 5.4081, -0.9843 -0.844 5.3673, -0.9843 -0.8636 5.3199, -0.9843 -0.8703 5.2689, -1.1082 -0.8597 5.2689, -1.1577 -0.8467 5.2689, -1.3416 -0.7766 5.2689, -1.3383 -0.7707 5.3199, -1.3286 -0.7536 5.3673, -1.3133 -0.7263 5.4081, -1.2932 -0.6908 5.4394, -1.2699 -0.6495 5.4591, -1.3521 -0.5934 5.4591, -1.3821 -0.6302 5.4394, -1.4078 -0.6618 5.4081, -1.4276 -0.686 5.3673, -1.5137 -0.6026 5.3673, -1.49 -0.5821 5.4081, -1.4593 -0.5553 5.4394, -1.4234 -0.5242 5.4591, -1.6068 -0.5194 5.2689, -1.6011 -0.5159 5.3199, -1.5842 -0.5057 5.3673, -1.5575 -0.4895 5.4081, -1.5226 -0.4684 5.4394, -1.482 -0.4439 5.4591
            ]
        }
        coordIndex [
            0,1,2,-1,2,1,3,-1,2,3,4,-1,5,6,2,-1,2,6,7,-1,2,7,8,-1,4,9,2,-1,2,9,10,-1,2,10,5,-1,8,7,11,-1,11,7,12,-1,11,12,13,-1,14,15,13,-1,13,15,16,-1,13,16,11,-1,17,18,19,-1,20,21,22,-1,23,24,25,-1,26,27,28,-1,29,30,31,-1,32,33,34,-1,0,2,35,-1,35,2,36,-1,37,38,36,-1,36,38,39,-1,36,39,35,-1,40,41,42,-1,42,41,43,-1,42,43,37,-1,37,43,44,-1,37,44,38,-1,40,42,45,-1,45,42,46,-1,45,46,47,-1,47,46,48,-1,48,46,49,-1,48,49,50,-1,49,51,52,-1,50,49,53,-1,53,49,52,-1,53,52,54,-1,55,56,57,-1,57,56,58,-1,57,58,59,-1,60,61,56,-1,56,61,62,-1,56,62,58,-1,63,64,60,-1,60,64,65,-1,60,65,61,-1,63,60,66,-1,66,60,67,-1,66,67,68,-1,68,67,69,-1,68,69,70,-1,70,69,71,-1,71,69,72,-1,71,72,73,-1,73,72,74,-1,74,72,3,-1,74,3,1,-1,8,11,75,-1,75,11,76,-1,75,76,77,-1,77,76,78,-1,77,78,79,-1,79,78,80,-1,79,80,81,-1,81,80,82,-1,81,82,83,-1,83,82,34,-1,7,6,84,-1,84,6,85,-1,84,85,86,-1,86,85,87,-1,86,87,88,-1,88,87,89,-1,88,89,90,-1,90,89,91,-1,90,91,92,-1,92,91,25,-1,2,8,36,-1,36,8,75,-1,36,75,37,-1,37,75,77,-1,37,77,42,-1,42,77,79,-1,42,79,46,-1,46,79,81,-1,46,81,49,-1,49,81,83,-1,49,83,51,-1,51,83,93,-1,34,33,83,-1,83,33,94,-1,83,94,93,-1,95,32,96,-1,96,32,34,-1,96,34,97,-1,97,34,82,-1,97,82,98,-1,98,82,80,-1,98,80,99,-1,99,80,78,-1,99,78,100,-1,100,78,76,-1,100,76,16,-1,16,76,11,-1,16,15,100,-1,100,15,101,-1,100,101,99,-1,99,101,102,-1,99,102,98,-1,98,102,103,-1,98,103,97,-1,97,103,104,-1,97,104,96,-1,96,104,31,-1,96,31,95,-1,95,31,30,-1,27,29,28,-1,28,29,31,-1,28,31,105,-1,105,31,104,-1,105,104,106,-1,106,104,103,-1,106,103,107,-1,107,103,102,-1,107,102,108,-1,108,102,101,-1,108,101,14,-1,14,101,15,-1,109,26,110,-1,110,26,28,-1,110,28,111,-1,111,28,105,-1,111,105,112,-1,112,105,106,-1,112,106,113,-1,113,106,107,-1,113,107,114,-1,114,107,108,-1,114,108,13,-1,13,108,14,-1,13,12,114,-1,114,12,115,-1,114,115,113,-1,113,115,116,-1,113,116,112,-1,112,116,117,-1,112,117,111,-1,111,117,118,-1,111,118,110,-1,110,118,119,-1,110,119,109,-1,109,119,120,-1,12,7,115,-1,115,7,84,-1,115,84,116,-1,116,84,86,-1,116,86,117,-1,117,86,88,-1,117,88,118,-1,118,88,90,-1,118,90,119,-1,119,90,92,-1,119,92,120,-1,120,92,121,-1,25,24,92,-1,92,24,122,-1,92,122,121,-1,123,23,124,-1,124,23,25,-1,124,25,125,-1,125,25,91,-1,125,91,126,-1,126,91,89,-1,126,89,127,-1,127,89,87,-1,127,87,128,-1,128,87,85,-1,128,85,5,-1,5,85,6,-1,5,10,128,-1,128,10,129,-1,128,129,127,-1,127,129,130,-1,127,130,126,-1,126,130,131,-1,126,131,125,-1,125,131,132,-1,125,132,124,-1,124,132,22,-1,124,22,123,-1,123,22,21,-1,18,20,19,-1,19,20,22,-1,19,22,133,-1,133,22,132,-1,133,132,134,-1,134,132,131,-1,134,131,135,-1,135,131,130,-1,135,130,136,-1,136,130,129,-1,136,129,9,-1,9,129,10,-1,137,17,138,-1,138,17,19,-1,138,19,139,-1,139,19,133,-1,139,133,140,-1,140,133,134,-1,140,134,141,-1,141,134,135,-1,141,135,142,-1,142,135,136,-1,142,136,4,-1,4,136,9,-1,4,3,142,-1,142,3,72,-1,142,72,141,-1,141,72,69,-1,141,69,140,-1,140,69,67,-1,140,67,139,-1,139,67,60,-1,139,60,138,-1,138,60,56,-1,138,56,137,-1,137,56,55,-1,
        ]
    }
}
Shape{
    appearance Appearance {
        material  Material 	{
            diffuseColor 0.792156862745098 0.8196078431372549 0.9333333333333333
            specularColor 0.396078431372549 0.4117647058823529 0.4666666666666667
            ambientIntensity 0.8244
            transparency 0.0
            shininess 0.5
        }
    }
    geometry IndexedFaceSet {
        ccw TRUE
        solid FALSE
        coord DEF co Coordinate {
            point [
                -1.5748 -1.0896 2.531, -1.5748 0.7929 2.531, -1.1417 -1.0896 2.531, -1.1417 0.7929 2.531
            ]
        }
        coordIndex [
            0,1,2,-1,2,1,3,-1,
        ]
    }
}
Shape{
    appearance Appearance {
        material  Material 	{
            diffuseColor 0.6470588235294118 0.6196078431372549 0.5882352941176471
            specularColor 0.45098039215686275 0.43529411764705883 0.4117647058823529
            ambientIntensity 0.6242
            transparency 0.0
            shininess 0.5
        }
    }
    geometry IndexedFaceSet {
        ccw TRUE
        solid FALSE
        coord DEF co Coordinate {
            point [
                -0.9843 -0.6458 4.8882, -0.854 -0.6287 3.2179, -0.854 -0.6287 4.8882, -0.7327 -0.5784 3.2179, -0.7327 -0.5784 4.8882, -0.6285 -0.4985 3.2179, -0.6285 -0.4985 4.8882, -0.5485 -0.3943 3.2179, -0.5485 -0.3943 4.8882, -0.4983 -0.2729 3.2179, -0.4983 -0.2729 4.8882, -0.4811 -0.1427 3.2179, -0.4811 -0.1427 4.8882, -0.4983 -0.0125 3.2179, -0.4983 -0.0125 4.8882, -0.5485 0.1089 3.2179, -0.5485 0.1089 4.8882, -0.6285 0.2131 3.2179, -0.6285 0.2131 4.8882, -0.7327 0.293 3.2179, -0.7327 0.293 4.8882, -0.854 0.3433 3.2179, -0.854 0.3433 4.8882, -0.9843 0.3604 3.2179, -0.9843 0.3604 4.8882, -1.1145 0.3433 3.2179, -1.1145 0.3433 4.8882, -1.2358 0.293 3.2179, -1.2358 0.293 4.8882, -1.34 0.2131 3.2179, -1.34 0.2131 4.8882, -1.42 0.1089 3.2179, -1.42 0.1089 4.8882, -1.4702 -0.0125 3.2179, -1.4702 -0.0125 4.8882, -1.4874 -0.1427 3.2179, -1.4874 -0.1427 4.8882, -1.4702 -0.2729 3.2179, -1.4702 -0.2729 4.8882, -1.42 -0.3943 3.2179, -1.42 -0.3943 4.8882, -1.34 -0.4985 3.2179, -1.34 -0.4985 4.8882, -1.2358 -0.5784 3.2179, -1.2358 -0.5784 4.8882, -1.1145 -0.6287 3.2179, -1.1145 -0.6287 4.8882, -0.9843 -0.6458 3.2179, -1.4911 0.0148 5.4658, -0.4774 0.0148 5.4658, -1.4785 0.0507 5.4658, -0.49 0.0507 5.4658, -1.4384 0.1321 5.4658, -0.5301 0.1321 5.4658, -1.385 0.2054 5.4658, -1.3198 0.2685 5.4658, -1.2449 0.3197 5.4658, -0.5836 0.2054 5.4658, -0.6487 0.2685 5.4658, -0.7236 0.3197 5.4658, -0.8061 0.3573 5.4658, -0.8939 0.3803 5.4658, -0.9843 0.3881 5.4658, -1.0746 0.3803 5.4658, -1.1624 0.3573 5.4658, -1.7066 -0.2304 4.8882, -1.7048 -0.2305 5.1508, -1.6992 -0.0552 5.1508, -0.2619 -0.055 4.8882, -0.2637 -0.0549 5.1508, -0.2693 -0.2302 5.1508, -0.2739 -0.3002 5.2689, -0.3044 -0.4006 5.2689, -0.2713 -0.2945 5.1508, -0.3039 -0.4007 4.8882, -0.2619 -0.2304 4.8882, -0.2616 0.0111 5.1508, -0.3039 0.1153 4.8882, -0.2739 0.0148 5.2689, -1.6946 0.0148 5.2689, -1.6641 0.1152 5.2689, -1.6972 0.009 5.1508, -1.6646 0.1153 4.8882, -1.7066 -0.055 4.8882, -1.7069 -0.2965 5.1508, -1.6646 -0.4007 4.8882, -1.6946 -0.3002 5.2689, -1.1082 -0.8597 5.2689, -1.1584 -0.8492 4.8882, -0.9843 -0.8703 4.8882, -1.3218 -0.7856 5.2689, -1.3224 -0.787 4.8882, -1.2284 -0.8282 5.2689, -1.1577 -0.8467 5.2689, -1.3416 -0.7766 5.2689, -1.4443 -0.7065 5.2689, -1.4668 -0.6874 4.8882, -1.5811 -0.5546 5.2689, -1.5831 -0.5561 4.8882, -1.5336 -0.6199 5.2689, -1.4654 -0.686 5.2689, -1.6068 -0.5194 5.2689, -1.6619 -0.4079 5.2689, -1.6641 -0.4006 5.2689, -1.6619 0.1225 5.2689, -1.6068 0.234 5.2689, -1.5831 0.2706 4.8882, -1.4654 0.4006 5.2689, -1.4668 0.4019 4.8882, -1.5336 0.3345 5.2689, -1.5811 0.2692 5.2689, -1.4443 0.421 5.2689, -1.3416 0.4911 5.2689, -1.3224 0.5016 4.8882, -1.3218 0.5002 5.2689, -1.2284 0.5427 5.2689, -1.1584 0.5638 4.8882, -1.1577 0.5613 5.2689, -1.1082 0.5743 5.2689, -0.9843 0.5849 4.8882, -0.9843 0.5849 5.2689, -0.8604 0.5743 5.2689, -0.8101 0.5638 4.8882, -0.6467 0.5002 5.2689, -0.6461 0.5016 4.8882, -0.7401 0.5427 5.2689, -0.8108 0.5613 5.2689, -0.6269 0.4911 5.2689, -0.5242 0.421 5.2689, -0.5017 0.4019 4.8882, -0.3874 0.2692 5.2689, -0.3854 0.2706 4.8882, -0.4349 0.3345 5.2689, -0.5031 0.4006 5.2689, -0.3617 0.234 5.2689, -0.3067 0.1225 5.2689, -0.3044 0.1152 5.2689, -0.3067 -0.4079 5.2689, -0.3617 -0.5194 5.2689, -0.3854 -0.5561 4.8882, -0.5031 -0.686 5.2689, -0.5017 -0.6874 4.8882, -0.4349 -0.6199 5.2689, -0.3874 -0.5546 5.2689, -0.5242 -0.7065 5.2689, -0.6269 -0.7766 5.2689, -0.6461 -0.787 4.8882, -0.6467 -0.7856 5.2689, -0.7401 -0.8282 5.2689, -0.8101 -0.8492 4.8882, -0.8108 -0.8467 5.2689, -0.8604 -0.8597 5.2689, -0.9843 -0.8703 5.2689
            ]
        }
        coordIndex [
            0,1,2,-1,2,1,3,-1,2,3,4,-1,4,3,5,-1,4,5,6,-1,6,5,7,-1,6,7,8,-1,8,7,9,-1,8,9,10,-1,10,9,11,-1,10,11,12,-1,12,11,13,-1,12,13,14,-1,14,13,15,-1,14,15,16,-1,16,15,17,-1,16,17,18,-1,18,17,19,-1,18,19,20,-1,20,19,21,-1,20,21,22,-1,22,21,23,-1,22,23,24,-1,24,23,25,-1,24,25,26,-1,26,25,27,-1,26,27,28,-1,28,27,29,-1,28,29,30,-1,30,29,31,-1,30,31,32,-1,32,31,33,-1,32,33,34,-1,34,33,35,-1,34,35,36,-1,36,35,37,-1,36,37,38,-1,38,37,39,-1,38,39,40,-1,40,39,41,-1,40,41,42,-1,42,41,43,-1,42,43,44,-1,44,43,45,-1,44,45,46,-1,46,45,47,-1,46,47,0,-1,0,47,1,-1,48,49,50,-1,50,49,51,-1,50,51,52,-1,52,51,53,-1,52,53,54,-1,54,53,55,-1,55,53,56,-1,56,53,57,-1,56,57,58,-1,58,59,56,-1,56,59,60,-1,56,60,61,-1,61,62,56,-1,56,62,63,-1,56,63,64,-1,65,66,67,-1,68,69,70,-1,71,72,73,-1,73,72,74,-1,73,74,70,-1,70,74,75,-1,70,75,68,-1,69,68,76,-1,76,68,77,-1,76,77,78,-1,79,80,81,-1,81,80,82,-1,81,82,67,-1,67,82,83,-1,67,83,65,-1,66,65,84,-1,84,65,85,-1,84,85,86,-1,87,88,89,-1,90,91,92,-1,92,91,88,-1,92,88,93,-1,93,88,87,-1,90,94,91,-1,91,94,95,-1,91,95,96,-1,97,98,99,-1,99,98,96,-1,99,96,100,-1,100,96,95,-1,97,101,98,-1,98,101,102,-1,98,102,85,-1,85,102,103,-1,85,103,86,-1,80,104,82,-1,82,104,105,-1,82,105,106,-1,107,108,109,-1,109,108,106,-1,109,106,110,-1,110,106,105,-1,107,111,108,-1,108,111,112,-1,108,112,113,-1,112,114,113,-1,113,114,115,-1,113,115,116,-1,115,117,116,-1,116,117,118,-1,116,118,119,-1,118,120,119,-1,119,120,121,-1,119,121,122,-1,123,124,125,-1,125,124,122,-1,125,122,126,-1,126,122,121,-1,123,127,124,-1,124,127,128,-1,124,128,129,-1,130,131,132,-1,132,131,129,-1,132,129,133,-1,133,129,128,-1,130,134,131,-1,131,134,135,-1,131,135,77,-1,77,135,136,-1,77,136,78,-1,72,137,74,-1,74,137,138,-1,74,138,139,-1,140,141,142,-1,142,141,139,-1,142,139,143,-1,143,139,138,-1,140,144,141,-1,141,144,145,-1,141,145,146,-1,145,147,146,-1,146,147,148,-1,146,148,149,-1,148,150,149,-1,149,150,151,-1,149,151,89,-1,89,151,152,-1,89,152,87,-1,38,65,36,-1,36,65,83,-1,36,83,34,-1,34,83,82,-1,34,82,32,-1,32,82,106,-1,32,106,30,-1,30,106,108,-1,30,108,28,-1,28,108,113,-1,28,113,26,-1,26,113,116,-1,26,116,24,-1,24,116,119,-1,24,119,22,-1,22,119,122,-1,22,122,20,-1,20,122,124,-1,20,124,18,-1,18,124,129,-1,18,129,16,-1,16,129,131,-1,16,131,14,-1,131,77,14,-1,14,77,68,-1,14,68,12,-1,12,68,75,-1,12,75,10,-1,10,75,74,-1,10,74,8,-1,8,74,139,-1,8,139,6,-1,6,139,141,-1,6,141,4,-1,4,141,146,-1,4,146,2,-1,2,146,149,-1,2,149,0,-1,0,149,89,-1,0,89,46,-1,46,89,88,-1,46,88,44,-1,44,88,91,-1,44,91,42,-1,42,91,96,-1,42,96,40,-1,40,96,98,-1,40,98,38,-1,38,98,85,-1,38,85,65,-1,
        ]
    }
}
Shape{
    appearance Appearance {
        material  Material 	{
            diffuseColor 0.27450980392156865 0.5215686274509804 0.27450980392156865
            specularColor 0.0196078431372549 0.0392156862745098 0.0196078431372549
            ambientIntensity 0.5993
            transparency 0.0
            shininess 0.5
        }
    }
    geometry IndexedFaceSet {
        ccw TRUE
        solid FALSE
        coord DEF co Coordinate {
            point [
                -0.2953 -1.0896 3.2179, -0.2953 0.7929 3.2179, -0.4811 -0.1427 3.2179, -0.4983 -0.2729 3.2179, -0.5485 -0.3943 3.2179, -0.6285 -0.4985 3.2179, -0.6285 0.2131 3.2179, -0.7327 0.293 3.2179, -0.854 0.3433 3.2179, -0.5485 0.1089 3.2179, -0.4983 -0.0125 3.2179, -0.7327 -0.5784 3.2179, -0.854 -0.6287 3.2179, -1.6732 -1.0896 3.2179, -0.9843 -0.6458 3.2179, -1.1145 -0.6287 3.2179, -1.6732 0.7929 3.2179, -1.1145 0.3433 3.2179, -0.9843 0.3604 3.2179, -1.42 0.1089 3.2179, -1.34 0.2131 3.2179, -1.2358 0.293 3.2179, -1.2358 -0.5784 3.2179, -1.34 -0.4985 3.2179, -1.42 -0.3943 3.2179, -1.4702 -0.2729 3.2179, -1.4874 -0.1427 3.2179, -1.4702 -0.0125 3.2179, -1.1417 -1.0896 2.531, -1.1417 -1.0896 2.292, -0.8268 -1.0896 2.292, -0.8268 -1.0896 2.531, -0.3937 -1.0896 2.531, -0.2953 -1.0896 0.7444, -0.3937 -1.0896 1.1347, -1.6732 -1.0896 0.7444, -1.5748 -1.0896 1.1347, -1.5748 -1.0896 2.531, -0.2953 0.7929 0.7444, -1.6732 0.7929 0.7444, -0.3937 0.7929 2.531, -0.8268 0.7929 2.531, -0.8268 0.7929 2.607, -1.1417 0.7929 2.531, -1.5748 0.7929 2.531, -1.5748 0.7929 1.1347, -0.3937 0.7929 1.1347, -1.1417 0.7929 2.607
            ]
        }
        coordIndex [
            0,1,2,-1,2,3,0,-1,0,3,4,-1,0,4,5,-1,6,1,7,-1,7,1,8,-1,6,9,1,-1,1,9,10,-1,1,10,2,-1,5,11,0,-1,0,11,12,-1,0,12,13,-1,13,12,14,-1,13,14,15,-1,16,17,1,-1,1,17,18,-1,1,18,8,-1,19,20,16,-1,16,20,21,-1,16,21,17,-1,15,22,13,-1,13,22,23,-1,13,23,24,-1,24,25,13,-1,13,25,26,-1,13,26,16,-1,16,26,27,-1,16,27,19,-1,28,29,30,-1,13,31,0,-1,0,31,32,-1,0,32,33,-1,33,32,34,-1,33,34,35,-1,34,36,35,-1,35,36,37,-1,35,37,13,-1,13,37,28,-1,13,28,31,-1,31,28,30,-1,38,33,39,-1,39,33,35,-1,40,41,42,-1,43,44,16,-1,16,44,39,-1,39,44,45,-1,39,45,38,-1,45,46,38,-1,38,46,40,-1,38,40,1,-1,1,40,42,-1,1,42,16,-1,16,42,47,-1,16,47,43,-1,33,38,0,-1,0,38,1,-1,39,35,16,-1,16,35,13,-1,
        ]
    }
}
Shape{
    appearance Appearance {
        material  Material 	{
            diffuseColor 0.792156862745098 0.8196078431372549 0.9333333333333333
            specularColor 0.396078431372549 0.4117647058823529 0.4666666666666667
            ambientIntensity 0.8244
            transparency 0.0
            shininess 0.5
        }
    }
    geometry IndexedFaceSet {
        ccw TRUE
        solid FALSE
        coord DEF co Coordinate {
            point [
                -0.8268 0.7929 2.531, -0.3937 0.7929 2.531, -0.8268 -1.0896 2.531, -0.3937 -1.0896 2.531, -1.5748 0.7929 1.1347, -1.5748 -1.0896 1.1347, -0.3937 0.7929 1.1347, -0.3937 -1.0896 1.1347, -1.5748 -1.0896 2.531, -1.5748 0.7929 2.531
            ]
        }
        coordIndex [
            0,1,2,-1,2,1,3,-1,4,5,6,-1,6,5,7,-1,5,4,8,-1,8,4,9,-1,6,7,1,-1,1,7,3,-1,
        ]
    }
}
Shape{
    appearance Appearance {
        material  Material 	{
            diffuseColor 0.6470588235294118 0.6196078431372549 0.5882352941176471
            specularColor 0.45098039215686275 0.43529411764705883 0.4117647058823529
            ambientIntensity 0.6242
            transparency 0.0
            shininess 0.5
        }
    }
    geometry IndexedFaceSet {
        ccw TRUE
        solid FALSE
        coord DEF co Coordinate {
            point [
                -1.1417 0.7929 2.607, -0.8268 0.7929 2.607, -1.1417 0.8742 2.607, -0.8268 0.8742 2.607, -0.8268 0.7929 2.531, -0.8268 -1.0896 2.531, -0.8268 -1.0896 2.292, -0.8268 1.2764 2.539, -0.8268 0.8742 2.539, -0.8268 1.0554 2.292, -0.8268 1.0758 2.2893, -0.8268 1.0947 2.2815, -0.8268 1.3485 2.4761, -0.8268 1.1111 2.2689, -0.8268 1.4033 2.3976, -0.8268 1.1236 2.2526, -0.8268 1.4374 2.3082, -0.8268 1.1314 2.2336, -0.8268 1.4491 2.2133, -0.8268 1.1341 2.2133, -0.8268 1.4491 0.7072, -0.8268 1.1341 0.7072, -0.8268 1.4357 0.6053, -0.8268 1.1314 0.6868, -0.8268 1.3963 0.5103, -0.8268 1.1236 0.6678, -0.8268 1.3338 0.4288, -0.8268 1.1111 0.6515, -0.8268 1.2522 0.3662, -0.8268 1.0947 0.639, -0.8268 1.1573 0.3269, -0.8268 1.0758 0.6311, -0.8268 1.0554 0.3135, -0.8268 1.0554 0.6284, -0.8268 0.2362 0.3135, -0.8268 0.2362 0.6284, -0.8268 0.2158 0.3108, -0.8268 0.1343 0.615, -0.8268 0.1969 0.3029, -0.8268 0.0394 0.5757, -0.8268 0.1805 0.2904, -0.8268 -0.0422 0.5131, -0.8268 0.168 0.2741, -0.8268 -0.1047 0.4316, -0.8268 0.1602 0.2551, -0.8268 -0.1441 0.3366, -0.8268 0.1575 0.2347, -0.8268 -0.1575 0.2347, -0.8268 0.1575 -1.2992, -0.8268 -0.1575 -1.2992, -1.1417 0.7929 2.531, -1.1417 1.1111 2.2689, -1.1417 1.0947 2.2815, -1.1417 -1.0896 2.292, -1.1417 -1.0896 2.531, -1.1417 1.0554 2.292, -1.1417 1.0758 2.2893, -1.1417 0.8742 2.539, -1.1417 0.1575 -1.2992, -1.1417 -0.1575 -1.2992, -1.1417 0.1575 0.2347, -1.1417 -0.1575 0.2347, -1.1417 0.1602 0.2551, -1.1417 -0.1441 0.3366, -1.1417 0.168 0.2741, -1.1417 -0.1047 0.4316, -1.1417 0.1805 0.2904, -1.1417 -0.0422 0.5131, -1.1417 0.1969 0.3029, -1.1417 0.0394 0.5757, -1.1417 0.2158 0.3108, -1.1417 0.1343 0.615, -1.1417 0.2362 0.3135, -1.1417 0.2362 0.6284, -1.1417 1.0554 0.3135, -1.1417 1.0554 0.6284, -1.1417 1.1573 0.3269, -1.1417 1.0758 0.6311, -1.1417 1.2522 0.3662, -1.1417 1.0947 0.639, -1.1417 1.3338 0.4288, -1.1417 1.1111 0.6515, -1.1417 1.3963 0.5103, -1.1417 1.1236 0.6678, -1.1417 1.4357 0.6053, -1.1417 1.1314 0.6868, -1.1417 1.4491 0.7072, -1.1417 1.1341 0.7072, -1.1417 1.4491 2.2133, -1.1417 1.1341 2.2133, -1.1417 1.4374 2.3082, -1.1417 1.1314 2.2336, -1.1417 1.4033 2.3976, -1.1417 1.1236 2.2526, -1.1417 1.3485 2.4761, -1.1417 1.2764 2.539, -1.063 -0.0787 -1.6929, -1.063 0.0787 -1.6929, -0.9055 -0.0787 -1.6929, -0.9055 0.0787 -1.6929
            ]
        }
        coordIndex [
            0,1,2,-1,2,1,3,-1,4,5,6,-1,7,8,9,-1,3,1,8,-1,8,1,4,-1,8,4,9,-1,9,4,6,-1,9,10,7,-1,7,10,11,-1,7,11,12,-1,12,11,13,-1,12,13,14,-1,14,13,15,-1,14,15,16,-1,16,15,17,-1,16,17,18,-1,18,17,19,-1,18,19,20,-1,20,19,21,-1,20,21,22,-1,22,21,23,-1,22,23,24,-1,24,23,25,-1,24,25,26,-1,26,25,27,-1,26,27,28,-1,28,27,29,-1,28,29,30,-1,30,29,31,-1,30,31,32,-1,32,31,33,-1,32,33,34,-1,34,33,35,-1,34,35,36,-1,36,35,37,-1,36,37,38,-1,38,37,39,-1,38,39,40,-1,40,39,41,-1,40,41,42,-1,42,41,43,-1,42,43,44,-1,44,43,45,-1,44,45,46,-1,46,45,47,-1,46,47,48,-1,48,47,49,-1,50,51,52,-1,53,54,55,-1,55,54,50,-1,55,50,56,-1,56,50,52,-1,0,2,50,-1,50,2,57,-1,50,57,51,-1,58,59,60,-1,60,59,61,-1,60,61,62,-1,62,61,63,-1,62,63,64,-1,64,63,65,-1,64,65,66,-1,66,65,67,-1,66,67,68,-1,68,67,69,-1,68,69,70,-1,70,69,71,-1,70,71,72,-1,72,71,73,-1,72,73,74,-1,74,73,75,-1,74,75,76,-1,76,75,77,-1,76,77,78,-1,78,77,79,-1,78,79,80,-1,80,79,81,-1,80,81,82,-1,82,81,83,-1,82,83,84,-1,84,83,85,-1,84,85,86,-1,86,85,87,-1,86,87,88,-1,88,87,89,-1,88,89,90,-1,90,89,91,-1,90,91,92,-1,92,91,93,-1,92,93,94,-1,94,93,51,-1,94,51,95,-1,95,51,57,-1,49,47,59,-1,59,47,61,-1,96,97,98,-1,98,97,99,-1,58,60,48,-1,48,60,46,-1,46,60,44,-1,44,60,62,-1,44,62,42,-1,42,62,64,-1,42,64,40,-1,40,64,66,-1,40,66,38,-1,38,66,68,-1,38,68,36,-1,36,68,70,-1,36,70,34,-1,34,70,72,-1,32,34,74,-1,74,34,72,-1,32,74,76,-1,32,76,30,-1,30,76,78,-1,30,78,28,-1,28,78,80,-1,28,80,26,-1,26,80,82,-1,26,82,24,-1,24,82,84,-1,24,84,22,-1,22,84,86,-1,22,86,20,-1,18,20,88,-1,88,20,86,-1,18,88,90,-1,18,90,16,-1,16,90,92,-1,16,92,14,-1,14,92,94,-1,14,94,12,-1,12,94,95,-1,12,95,7,-1,9,6,55,-1,55,6,53,-1,9,55,10,-1,10,55,56,-1,10,56,11,-1,11,56,52,-1,11,52,13,-1,13,52,51,-1,13,51,15,-1,15,51,93,-1,15,93,17,-1,17,93,91,-1,17,91,19,-1,19,91,89,-1,21,19,87,-1,87,19,89,-1,21,87,23,-1,23,87,85,-1,23,85,25,-1,25,85,83,-1,25,83,27,-1,27,83,81,-1,27,81,29,-1,29,81,79,-1,29,79,31,-1,31,79,77,-1,31,77,33,-1,33,77,75,-1,35,33,73,-1,73,33,75,-1,35,73,71,-1,35,71,37,-1,37,71,69,-1,37,69,39,-1,39,69,67,-1,39,67,41,-1,41,67,65,-1,41,65,43,-1,43,65,63,-1,43,63,45,-1,45,63,61,-1,45,61,47,-1,
        ]
    }
}
Shape{
    appearance Appearance {
        material  Material 	{
            diffuseColor 0.27450980392156865 0.5215686274509804 0.27450980392156865
            specularColor 0.0196078431372549 0.0392156862745098 0.0196078431372549
            ambientIntensity 0.5993
            transparency 0.0
            shininess 0.5
        }
    }
    geometry IndexedFaceSet {
        ccw TRUE
        solid FALSE
        coord DEF co Coordinate {
            point [
                -0.3937 -1.1886 2.6266, -1.5748 -1.1886 2.6266, -1.7717 -1.1886 4.2953, -0.1969 -1.1886 4.2953, -0.1969 -1.1886 0.0, -0.3937 -1.1886 0.0761, -0.9149 -1.1886 0.0, -1.5748 -1.1886 0.0761, -1.1257 -1.1886 0.0, -1.3238 -1.1886 0.0, -1.5257 -1.1886 0.0, -1.7226 -1.1886 0.0, -1.7717 -1.1886 0.0, -1.4906 -0.2784 4.2953, -1.5085 -0.1427 4.2953, -1.7717 0.8742 4.2953, -1.4383 -0.4048 4.2953, -1.3549 -0.5134 4.2953, -1.2464 -0.5967 4.2953, -0.7221 -0.5967 4.2953, -0.6136 -0.5134 4.2953, -0.5303 -0.4048 4.2953, -1.1199 -0.6491 4.2953, -0.9843 -0.6669 4.2953, -0.8486 -0.6491 4.2953, -0.4779 -0.2784 4.2953, -0.46 -0.1427 4.2953, -0.1969 0.8742 4.2953, -0.4779 -0.007 4.2953, -0.5303 0.1194 4.2953, -0.6136 0.228 4.2953, -0.7221 0.3113 4.2953, -1.2464 0.3113 4.2953, -1.3549 0.228 4.2953, -1.4383 0.1194 4.2953, -1.4906 -0.007 4.2953, -0.8486 0.3637 4.2953, -0.9843 0.3815 4.2953, -1.1199 0.3637 4.2953, -0.8268 0.8742 2.539, -0.1969 0.8742 2.539, -0.8268 0.8742 2.607, -1.1417 0.8742 2.607, -1.1417 0.8742 2.539, -1.7717 0.8742 2.539, -1.1417 1.2764 2.539, -1.7717 1.7347 2.539, -0.1969 1.7347 2.539, -0.8268 1.2764 2.539, -0.5906 1.7347 2.539, -1.378 1.7347 2.539, -0.5906 1.7347 1.5748, -1.378 1.7347 1.5748, -1.7717 1.7347 0.0, -1.7226 1.7347 0.0, -1.5257 1.7347 0.0, -1.3238 1.7347 0.0, -1.1257 1.7347 0.0, -0.9149 1.7347 0.0, -0.1969 1.7347 0.0, -0.9843 -0.8991 4.5137, -0.9843 -0.8991 5.5512, -0.8032 -0.8771 4.5137, -0.8032 -0.8771 5.5512, -0.6327 -0.8125 4.5137, -0.6327 -0.8125 5.5512, -0.4827 -0.7089 4.5137, -0.4827 -0.7089 5.5512, -0.3617 -0.5724 4.5137, -0.3617 -0.5724 5.5512, -0.277 -0.4109 4.5137, -0.277 -0.4109 5.5512, -0.2334 -0.2339 4.5137, -0.2334 -0.2339 5.5512, -0.2334 -0.0515 4.5137, -0.2334 -0.0515 5.5512, -0.277 0.1255 4.5137, -0.277 0.1255 5.5512, -0.3617 0.287 4.5137, -0.3617 0.287 5.5512, -0.4827 0.4235 4.5137, -0.4827 0.4235 5.5512, -0.6327 0.5271 4.5137, -0.6327 0.5271 5.5512, -0.8032 0.5917 4.5137, -0.8032 0.5917 5.5512, -0.9843 0.6137 4.5137, -0.9843 0.6137 5.5512, -1.1653 0.5917 4.5137, -1.1653 0.5917 5.5512, -1.3358 0.5271 4.5137, -1.3358 0.5271 5.5512, -1.4859 0.4235 4.5137, -1.4859 0.4235 5.5512, -1.6068 0.287 4.5137, -1.6068 0.287 5.5512, -1.6915 0.1255 4.5137, -1.6915 0.1255 5.5512, -1.7352 -0.0515 4.5137, -1.7352 -0.0515 5.5512, -1.7352 -0.2339 4.5137, -1.7352 -0.2339 5.5512, -1.6915 -0.4109 4.5137, -1.6915 -0.4109 5.5512, -1.6068 -0.5724 4.5137, -1.6068 -0.5724 5.5512, -1.4859 -0.7089 4.5137, -1.4859 -0.7089 5.5512, -1.3358 -0.8125 4.5137, -1.3358 -0.8125 5.5512, -1.1653 -0.8771 4.5137, -1.1653 -0.8771 5.5512, -0.46 -0.1427 4.5137, -0.4779 -0.007 4.5137, -0.5303 0.1194 4.5137, -0.6136 0.228 4.5137, -0.7221 0.3113 4.5137, -0.8486 0.3637 4.5137, -0.9843 0.3815 4.5137, -1.1199 0.3637 4.5137, -1.2464 0.3113 4.5137, -1.3549 0.228 4.5137, -1.4383 0.1194 4.5137, -1.4906 -0.007 4.5137, -1.5085 -0.1427 4.5137, -1.4906 -0.2784 4.5137, -1.4383 -0.4048 4.5137, -1.3549 -0.5134 4.5137, -1.2464 -0.5967 4.5137, -1.1199 -0.6491 4.5137, -0.9843 -0.6669 4.5137, -0.8486 -0.6491 4.5137, -0.7221 -0.5967 4.5137, -0.6136 -0.5134 4.5137, -0.5303 -0.4048 4.5137, -0.4779 -0.2784 4.5137, -1.5748 -1.4001 0.0761, -0.3937 -1.4001 0.0761, -1.5748 -1.4001 0.9755, -0.3937 -1.4001 0.9755, -1.5748 -1.5701 0.9755, -0.3937 -1.5701 0.9755, -0.3937 -1.6929 0.9457, -1.5748 -1.6929 0.9457, -0.1969 -2.0866 0.8502, -1.7717 -2.0866 0.8502, -1.5748 -1.5701 2.2373, -0.3937 -1.5701 2.2373, -1.5748 -1.6929 2.3948, -0.3937 -1.6929 2.3948, -1.7717 -2.0866 2.8996, -0.1969 -2.0866 2.8996, -1.5748 -1.4001 2.2373, -0.3937 -1.4001 2.2373, -1.5748 -1.4001 2.6266, -0.3937 -1.4001 2.6266
            ]
        }
        coordIndex [
            0,1,2,-1,2,3,0,-1,0,3,4,-1,0,4,5,-1,5,4,6,-1,5,6,7,-1,7,6,8,-1,7,8,9,-1,9,10,7,-1,7,10,11,-1,7,11,1,-1,1,11,12,-1,1,12,2,-1,13,2,14,-1,14,2,15,-1,13,16,2,-1,2,16,17,-1,2,17,18,-1,19,20,3,-1,3,20,21,-1,18,22,2,-1,2,22,23,-1,2,23,3,-1,3,23,24,-1,3,24,19,-1,21,25,3,-1,3,25,26,-1,3,26,27,-1,27,26,28,-1,28,29,27,-1,27,29,30,-1,27,30,31,-1,15,32,33,-1,33,34,15,-1,15,34,35,-1,15,35,14,-1,31,36,27,-1,27,36,37,-1,27,37,15,-1,15,37,38,-1,15,38,32,-1,39,40,41,-1,41,40,27,-1,41,27,42,-1,42,27,15,-1,42,15,43,-1,43,15,44,-1,43,44,45,-1,45,44,46,-1,40,39,47,-1,47,39,48,-1,47,48,49,-1,49,48,45,-1,49,45,50,-1,50,45,46,-1,47,49,51,-1,50,46,52,-1,52,46,53,-1,53,54,52,-1,52,54,55,-1,52,55,56,-1,56,57,52,-1,52,57,58,-1,52,58,51,-1,51,58,59,-1,51,59,47,-1,15,2,44,-1,44,2,12,-1,44,12,46,-1,46,12,53,-1,47,59,40,-1,40,59,4,-1,40,4,27,-1,27,4,3,-1,60,61,62,-1,62,61,63,-1,62,63,64,-1,64,63,65,-1,64,65,66,-1,66,65,67,-1,66,67,68,-1,68,67,69,-1,68,69,70,-1,70,69,71,-1,70,71,72,-1,72,71,73,-1,72,73,74,-1,74,73,75,-1,74,75,76,-1,76,75,77,-1,76,77,78,-1,78,77,79,-1,78,79,80,-1,80,79,81,-1,80,81,82,-1,82,81,83,-1,82,83,84,-1,84,83,85,-1,84,85,86,-1,86,85,87,-1,86,87,88,-1,88,87,89,-1,88,89,90,-1,90,89,91,-1,90,91,92,-1,92,91,93,-1,92,93,94,-1,94,93,95,-1,94,95,96,-1,96,95,97,-1,96,97,98,-1,98,97,99,-1,98,99,100,-1,100,99,101,-1,100,101,102,-1,102,101,103,-1,102,103,104,-1,104,103,105,-1,104,105,106,-1,106,105,107,-1,106,107,108,-1,108,107,109,-1,108,109,110,-1,110,109,111,-1,110,111,60,-1,60,111,61,-1,112,74,113,-1,113,74,76,-1,113,76,114,-1,114,76,78,-1,114,78,115,-1,115,78,80,-1,115,80,116,-1,116,80,82,-1,116,82,117,-1,117,82,84,-1,117,84,118,-1,118,84,86,-1,118,86,119,-1,119,86,88,-1,119,88,120,-1,120,88,90,-1,120,90,121,-1,121,90,92,-1,121,92,122,-1,122,92,94,-1,122,94,123,-1,123,94,96,-1,123,96,124,-1,96,98,124,-1,124,98,100,-1,124,100,125,-1,125,100,102,-1,125,102,126,-1,126,102,104,-1,126,104,127,-1,127,104,106,-1,127,106,128,-1,128,106,108,-1,128,108,129,-1,129,108,110,-1,129,110,130,-1,130,110,60,-1,130,60,131,-1,131,60,62,-1,131,62,132,-1,132,62,64,-1,132,64,133,-1,133,64,66,-1,133,66,134,-1,134,66,68,-1,134,68,135,-1,135,68,70,-1,135,70,112,-1,112,70,72,-1,112,72,74,-1,23,130,24,-1,24,130,131,-1,24,131,19,-1,19,131,132,-1,19,132,20,-1,20,132,133,-1,20,133,21,-1,21,133,134,-1,21,134,25,-1,25,134,135,-1,25,135,26,-1,26,135,112,-1,26,112,28,-1,28,112,113,-1,28,113,29,-1,29,113,114,-1,29,114,30,-1,30,114,115,-1,30,115,31,-1,31,115,116,-1,31,116,36,-1,36,116,117,-1,36,117,37,-1,37,117,118,-1,37,118,38,-1,38,118,119,-1,38,119,32,-1,32,119,120,-1,32,120,33,-1,33,120,121,-1,33,121,34,-1,34,121,122,-1,34,122,35,-1,35,122,123,-1,35,123,14,-1,14,123,124,-1,14,124,13,-1,13,124,125,-1,13,125,16,-1,16,125,126,-1,16,126,17,-1,17,126,127,-1,17,127,18,-1,18,127,128,-1,18,128,22,-1,22,128,129,-1,22,129,23,-1,23,129,130,-1,7,136,5,-1,5,136,137,-1,136,138,137,-1,137,138,139,-1,138,140,139,-1,139,140,141,-1,141,140,142,-1,142,140,143,-1,142,143,144,-1,144,143,145,-1,146,147,148,-1,148,147,149,-1,148,149,150,-1,150,149,151,-1,146,152,147,-1,147,152,153,-1,152,154,153,-1,153,154,155,-1,154,1,155,-1,155,1,0,-1,138,136,7,-1,1,154,152,-1,7,1,138,-1,138,1,152,-1,138,152,140,-1,140,152,146,-1,140,146,143,-1,143,146,148,-1,153,155,0,-1,5,137,139,-1,142,149,147,-1,0,5,153,-1,153,5,139,-1,153,139,147,-1,147,139,141,-1,147,141,142,-1,
        ]
    }
}
Shape{
    appearance Appearance {
        material  Material 	{
            diffuseColor 0.6470588235294118 0.6196078431372549 0.5882352941176471
            specularColor 0.45098039215686275 0.43529411764705883 0.4117647058823529
            ambientIntensity 0.6242
            transparency 0.0
            shininess 0.5
        }
    }
    geometry IndexedFaceSet {
        ccw TRUE
        solid FALSE
        coord DEF co Coordinate {
            point [
                -0.8268 0.1575 -1.2992, -0.9055 0.0787 -1.6929, -1.1417 0.1575 -1.2992, -1.063 0.0787 -1.6929, -0.8268 -0.1575 -1.2992, -0.9055 -0.0787 -1.6929, -1.063 -0.0787 -1.6929, -1.1417 -0.1575 -1.2992
            ]
        }
        coordIndex [
            0,1,2,-1,2,1,3,-1,4,5,0,-1,0,5,1,-1,6,7,3,-1,3,7,2,-1,7,6,4,-1,4,6,5,-1,
        ]
    }
}
Shape{
    appearance Appearance {
        material  Material 	{
            diffuseColor 0.27450980392156865 0.5215686274509804 0.27450980392156865
            specularColor 0.0196078431372549 0.0392156862745098 0.0196078431372549
            ambientIntensity 0.5993
            transparency 0.0
            shininess 0.5
        }
    }
    geometry IndexedFaceSet {
        ccw TRUE
        solid FALSE
        coord DEF co Coordinate {
            point [
                -1.7717 -2.0866 0.8502, -1.5748 -1.6929 0.9457, -1.7717 -2.0866 2.8996, -1.5748 -1.6929 2.3948, -0.3937 -1.6929 0.9457, -0.1969 -2.0866 0.8502, -0.3937 -1.6929 2.3948, -0.1969 -2.0866 2.8996
            ]
        }
        coordIndex [
            0,1,2,-1,2,1,3,-1,4,5,6,-1,6,5,7,-1,
        ]
    }
}
Shape{
    appearance Appearance {
        material  Material 	{
            diffuseColor 0.6470588235294118 0.6196078431372549 0.5882352941176471
            specularColor 0.45098039215686275 0.43529411764705883 0.4117647058823529
            ambientIntensity 0.6242
            transparency 0.0
            shininess 0.5
        }
    }
    geometry IndexedFaceSet {
        ccw TRUE
        solid FALSE
        coord DEF co Coordinate {
            point [
                -0.3874 0.2692 5.2689, -0.4349 0.3345 5.2689, -0.44 0.3301 5.3199, -0.5031 0.4006 5.2689, -0.5242 0.421 5.2689, -0.5285 0.4158 5.3199, -0.6467 0.5002 5.2689, -0.7401 0.5427 5.2689, -0.7423 0.5364 5.3199, -1.1577 0.5613 5.2689, -1.2284 0.5427 5.2689, -1.2262 0.5364 5.3199, -1.3218 0.5002 5.2689, -1.3416 0.4911 5.2689, -1.3383 0.4853 5.3199, -1.4654 0.4006 5.2689, -1.5336 0.3345 5.2689, -1.5285 0.3301 5.3199, -0.3067 0.1225 5.2689, -0.3129 0.12 5.3199, -0.3044 0.1152 5.2689, -0.2785 0.0148 5.311, -0.2739 0.0148 5.2689, -0.3312 0.1129 5.3673, -0.2826 0.0148 5.3263, -0.2809 0.0148 5.3198, -0.341 0.0148 5.4155, -0.3337 0.0148 5.4075, -0.3604 0.1015 5.4081, -0.3119 0.0148 5.3839, -0.2997 0.0148 5.3653, -0.4191 0.0148 5.4577, -0.3971 0.0148 5.4501, -0.3983 0.0866 5.4394, -0.3757 0.0148 5.4384, -0.3588 0.0148 5.4293, -0.4244 0.0148 5.4586, -0.4425 0.0693 5.4591, -0.4628 0.0148 5.4653, -0.49 0.0507 5.4658, -0.4774 0.0148 5.4658, -1.4911 0.0148 5.4658, -1.4785 0.0507 5.4658, -1.5352 0.0148 5.4612, -1.526 0.0693 5.4591, -1.5442 0.0148 5.459, -1.5474 0.0148 5.4582, -1.588 0.0148 5.4423, -1.5702 0.0866 5.4394, -1.5933 0.0148 5.4391, -1.6123 0.0148 5.4275, -1.6082 0.1015 5.4081, -1.6348 0.0148 5.4074, -1.6443 0.0148 5.3989, -1.6373 0.1129 5.3673, -1.6606 0.0148 5.3783, -1.6556 0.12 5.3199, -1.6802 0.0148 5.3421, -1.6668 0.0148 5.3669, -1.6619 0.1225 5.2689, -1.6641 0.1152 5.2689, -1.6946 0.0148 5.2689, -1.6944 0.0148 5.279, -1.6919 0.0148 5.3014, -1.6867 0.0148 5.3196, -1.4384 0.1321 5.4658, -1.385 0.2054 5.4658, -1.482 0.1584 5.4591, -1.4234 0.2388 5.4591, -1.5226 0.183 5.4394, -1.4593 0.2699 5.4394, -1.5575 0.2041 5.4081, -1.49 0.2967 5.4081, -1.5842 0.2203 5.3673, -1.5137 0.3172 5.3673, -1.6011 0.2305 5.3199, -0.8939 0.3803 5.4658, -0.8061 0.3573 5.4658, -0.8852 0.4305 5.4591, -0.789 0.4053 5.4591, -0.8771 0.4773 5.4394, -0.7731 0.45 5.4394, -0.8702 0.5175 5.4081, -0.7594 0.4884 5.4081, -0.8648 0.5483 5.3673, -0.7489 0.5179 5.3673, -0.8615 0.5677 5.3199, -1.6068 0.234 5.2689, -1.5811 0.2692 5.2689, -1.4443 0.421 5.2689, -1.4401 0.4158 5.3199, -1.4276 0.4006 5.3673, -1.4078 0.3764 5.4081, -1.3821 0.3448 5.4394, -1.3521 0.308 5.4591, -1.3198 0.2685 5.4658, -1.2449 0.3197 5.4658, -1.2699 0.364 5.4591, -1.2932 0.4054 5.4394, -1.3133 0.4409 5.4081, -1.3286 0.4682 5.3673, -1.2196 0.5179 5.3673, -1.2091 0.4884 5.4081, -1.1954 0.45 5.4394, -1.1795 0.4053 5.4591, -1.1624 0.3573 5.4658, -1.1082 0.5743 5.2689, -1.107 0.5677 5.3199, -1.1037 0.5483 5.3673, -1.0983 0.5175 5.4081, -1.0914 0.4773 5.4394, -1.0833 0.4305 5.4591, -1.0746 0.3803 5.4658, -0.9843 0.3881 5.4658, -0.9843 0.439 5.4591, -0.9843 0.4865 5.4394, -0.9843 0.5273 5.4081, -0.9843 0.5586 5.3673, -0.9843 0.5782 5.3199, -0.9843 0.5849 5.2689, -0.8604 0.5743 5.2689, -0.8108 0.5613 5.2689, -0.6269 0.4911 5.2689, -0.6302 0.4853 5.3199, -0.6399 0.4682 5.3673, -0.6552 0.4409 5.4081, -0.6753 0.4054 5.4394, -0.6986 0.364 5.4591, -0.7236 0.3197 5.4658, -0.6487 0.2685 5.4658, -0.6165 0.308 5.4591, -0.5864 0.3448 5.4394, -0.5607 0.3764 5.4081, -0.5409 0.4006 5.3673, -0.4549 0.3172 5.3673, -0.4785 0.2967 5.4081, -0.5092 0.2699 5.4394, -0.5451 0.2388 5.4591, -0.5836 0.2054 5.4658, -0.3617 0.234 5.2689, -0.3675 0.2305 5.3199, -0.3843 0.2203 5.3673, -0.411 0.2041 5.4081, -0.4459 0.183 5.4394, -0.4865 0.1584 5.4591, -0.5301 0.1321 5.4658, -0.2713 -0.2945 5.1508, -1.7069 -0.2965 5.1508, -1.6946 -0.3002 5.2689, -0.2811 -0.3002 5.3198, -0.2772 -0.3002 5.3044, -0.2739 -0.3002 5.2689, -0.3674 -0.3002 5.4349, -0.3754 -0.3002 5.4387, -1.6909 -0.3002 5.3068, -1.687 -0.3002 5.3196, -1.6802 -0.3002 5.3421, -1.6667 -0.3002 5.3669, -0.4066 -0.3002 5.4537, -0.3447 -0.3002 5.4186, -0.3338 -0.3002 5.4074, -0.3149 -0.3002 5.3878, -1.6451 -0.3002 5.398, -1.6347 -0.3002 5.4074, -1.5442 -0.3002 5.4588, -0.3004 -0.3002 5.3665, -0.2831 -0.3002 5.3277, -1.5304 -0.3002 5.4621, -1.4911 -0.3002 5.4658, -0.4774 -0.3002 5.4658, -1.6598 -0.3002 5.3795, -1.6131 -0.3002 5.4269, -1.5936 -0.3002 5.4393, -1.5533 -0.3002 5.4565, -0.4333 -0.3002 5.4612, -0.4244 -0.3002 5.4587, -1.6972 0.009 5.1508, -0.2616 0.0111 5.1508, -1.7048 -0.2305 5.1508, -0.2693 -0.2302 5.1508, -1.6992 -0.0552 5.1508, -0.2637 -0.0549 5.1508
            ]
        }
        coordIndex [
            0,1,2,-1,3,4,5,-1,6,7,8,-1,9,10,11,-1,12,13,14,-1,15,16,17,-1,18,19,20,-1,20,19,21,-1,20,21,22,-1,23,24,19,-1,19,24,25,-1,19,25,21,-1,26,27,28,-1,28,27,29,-1,28,29,23,-1,23,29,30,-1,23,30,24,-1,31,32,33,-1,33,32,34,-1,33,34,28,-1,28,34,35,-1,28,35,26,-1,31,33,36,-1,36,33,37,-1,36,37,38,-1,38,37,39,-1,38,39,40,-1,41,42,43,-1,43,42,44,-1,43,44,45,-1,45,44,46,-1,46,44,47,-1,47,44,48,-1,47,48,49,-1,49,48,50,-1,50,48,51,-1,50,51,52,-1,52,51,53,-1,53,51,54,-1,53,54,55,-1,56,57,54,-1,54,57,58,-1,54,58,55,-1,56,59,60,-1,61,62,60,-1,60,62,63,-1,60,63,56,-1,56,63,64,-1,56,64,57,-1,65,66,67,-1,67,66,68,-1,67,68,69,-1,69,68,70,-1,69,70,71,-1,71,70,72,-1,71,72,73,-1,73,72,74,-1,73,74,75,-1,75,74,17,-1,76,77,78,-1,78,77,79,-1,78,79,80,-1,80,79,81,-1,80,81,82,-1,82,81,83,-1,82,83,84,-1,84,83,85,-1,84,85,86,-1,86,85,8,-1,42,65,44,-1,44,65,67,-1,44,67,48,-1,48,67,69,-1,48,69,51,-1,51,69,71,-1,51,71,54,-1,54,71,73,-1,54,73,56,-1,56,73,75,-1,56,75,59,-1,59,75,87,-1,17,16,75,-1,75,16,88,-1,75,88,87,-1,89,15,90,-1,90,15,17,-1,90,17,91,-1,91,17,74,-1,91,74,92,-1,92,74,72,-1,92,72,93,-1,93,72,70,-1,93,70,94,-1,94,70,68,-1,94,68,95,-1,95,68,66,-1,95,96,94,-1,94,96,97,-1,94,97,93,-1,93,97,98,-1,93,98,92,-1,92,98,99,-1,92,99,91,-1,91,99,100,-1,91,100,90,-1,90,100,14,-1,90,14,89,-1,89,14,13,-1,10,12,11,-1,11,12,14,-1,11,14,101,-1,101,14,100,-1,101,100,102,-1,102,100,99,-1,102,99,103,-1,103,99,98,-1,103,98,104,-1,104,98,97,-1,104,97,105,-1,105,97,96,-1,106,9,107,-1,107,9,11,-1,107,11,108,-1,108,11,101,-1,108,101,109,-1,109,101,102,-1,109,102,110,-1,110,102,103,-1,110,103,111,-1,111,103,104,-1,111,104,112,-1,112,104,105,-1,112,113,111,-1,111,113,114,-1,111,114,110,-1,110,114,115,-1,110,115,109,-1,109,115,116,-1,109,116,108,-1,108,116,117,-1,108,117,107,-1,107,117,118,-1,107,118,106,-1,106,118,119,-1,113,76,114,-1,114,76,78,-1,114,78,115,-1,115,78,80,-1,115,80,116,-1,116,80,82,-1,116,82,117,-1,117,82,84,-1,117,84,118,-1,118,84,86,-1,118,86,119,-1,119,86,120,-1,8,7,86,-1,86,7,121,-1,86,121,120,-1,122,6,123,-1,123,6,8,-1,123,8,124,-1,124,8,85,-1,124,85,125,-1,125,85,83,-1,125,83,126,-1,126,83,81,-1,126,81,127,-1,127,81,79,-1,127,79,128,-1,128,79,77,-1,128,129,127,-1,127,129,130,-1,127,130,126,-1,126,130,131,-1,126,131,125,-1,125,131,132,-1,125,132,124,-1,124,132,133,-1,124,133,123,-1,123,133,5,-1,123,5,122,-1,122,5,4,-1,1,3,2,-1,2,3,5,-1,2,5,134,-1,134,5,133,-1,134,133,135,-1,135,133,132,-1,135,132,136,-1,136,132,131,-1,136,131,137,-1,137,131,130,-1,137,130,138,-1,138,130,129,-1,139,0,140,-1,140,0,2,-1,140,2,141,-1,141,2,134,-1,141,134,142,-1,142,134,135,-1,142,135,143,-1,143,135,136,-1,143,136,144,-1,144,136,137,-1,144,137,145,-1,145,137,138,-1,145,39,144,-1,144,39,37,-1,144,37,143,-1,143,37,33,-1,143,33,142,-1,142,33,28,-1,142,28,141,-1,141,28,23,-1,141,23,140,-1,140,23,19,-1,140,19,139,-1,139,19,18,-1,146,147,148,-1,149,150,148,-1,148,150,151,-1,148,151,146,-1,152,148,153,-1,153,148,154,-1,153,154,155,-1,155,156,153,-1,153,156,157,-1,153,157,158,-1,152,159,148,-1,148,159,160,-1,148,160,161,-1,162,163,164,-1,161,165,148,-1,148,165,166,-1,148,166,149,-1,167,168,157,-1,157,168,169,-1,167,157,164,-1,164,157,170,-1,164,170,162,-1,171,172,163,-1,163,172,173,-1,163,173,164,-1,169,174,157,-1,157,174,175,-1,157,175,158,-1,61,176,177,-1,50,52,177,-1,21,25,49,-1,49,25,24,-1,35,34,45,-1,50,177,49,-1,49,177,22,-1,49,22,21,-1,49,27,47,-1,47,27,46,-1,64,177,57,-1,57,177,58,-1,24,30,49,-1,49,30,29,-1,49,29,27,-1,46,27,45,-1,45,27,26,-1,45,26,35,-1,52,53,177,-1,177,53,55,-1,177,55,58,-1,64,63,177,-1,177,63,62,-1,177,62,61,-1,32,31,34,-1,34,31,36,-1,34,36,38,-1,43,45,41,-1,41,45,34,-1,41,34,40,-1,40,34,38,-1,147,146,178,-1,178,146,179,-1,178,179,180,-1,180,179,181,-1,180,181,176,-1,176,181,177,-1,
        ]
    }
}
Shape{
    appearance Appearance {
        material  Material 	{
            diffuseColor 0.27450980392156865 0.5215686274509804 0.27450980392156865
            specularColor 0.0196078431372549 0.0392156862745098 0.0196078431372549
            ambientIntensity 0.5993
            transparency 0.0
            shininess 0.5
        }
    }
    geometry IndexedFaceSet {
        ccw TRUE
        solid FALSE
        coord DEF co Coordinate {
            point [
                -1.378 1.7347 2.539, -1.378 1.7347 3.315, -0.5906 1.7347 2.539, -0.5906 1.7347 3.315, -1.378 1.7347 1.5748, -1.378 2.0866 1.5748, -1.378 2.0866 2.0638, -0.5906 2.0866 1.5748, -0.5906 1.7347 1.5748, -0.5906 2.0866 2.0638
            ]
        }
        coordIndex [
            0,1,2,-1,2,1,3,-1,4,5,0,-1,0,5,6,-1,0,6,1,-1,7,8,9,-1,9,8,2,-1,9,2,3,-1,8,7,4,-1,4,7,5,-1,
        ]
    }
}
Shape{
    appearance Appearance {
        material  Material 	{
            diffuseColor 0.792156862745098 0.8196078431372549 0.9333333333333333
            specularColor 0.396078431372549 0.4117647058823529 0.4666666666666667
            ambientIntensity 0.8244
            transparency 0.0
            shininess 0.5
        }
    }
    geometry IndexedFaceSet {
        ccw TRUE
        solid FALSE
        coord DEF co Coordinate {
            point [
                -0.8725 -1.4653 0.0039, -0.8725 -1.4653 0.0, -0.8543 -1.5497 0.0039, -0.8543 -1.5497 0.0, -0.881 -1.4223 0.0039, -0.881 -1.4223 0.0, -0.8844 -1.4087 0.0039, -0.8844 -1.4087 0.0, -0.8825 -1.4164 0.0, -0.8851 -1.4067 0.0039, -0.8851 -1.4067 0.0, -0.8858 -1.4054 0.0039, -0.8858 -1.4054 0.0, -0.8864 -1.4045 0.0039, -0.8864 -1.4045 0.0, -0.8869 -1.4039 0.0039, -0.8869 -1.4039 0.0, -0.8874 -1.4035 0.0039, -0.8874 -1.4035 0.0, -0.8879 -1.4033 0.0039, -0.8879 -1.4033 0.0, -0.8883 -1.4032 0.0039, -0.8883 -1.4032 0.0, -0.8887 -1.4033 0.0039, -0.8887 -1.4033 0.0, -0.8892 -1.4034 0.0039, -0.8892 -1.4034 0.0, -0.8895 -1.4036 0.0039, -0.8895 -1.4036 0.0, -0.8899 -1.404 0.0039, -0.8899 -1.404 0.0, -0.8902 -1.4046 0.0039, -0.8902 -1.4046 0.0, -0.8906 -1.406 0.0039, -0.8906 -1.406 0.0, -0.8916 -1.4132 0.0039, -0.8916 -1.4132 0.0, -0.8923 -1.42 0.0039, -0.8923 -1.42 0.0, -0.892 -1.4164 0.0, -0.8951 -1.4437 0.0039, -0.8951 -1.4437 0.0, -0.8959 -1.4547 0.0039, -0.8959 -1.4547 0.0, -0.8957 -1.4599 0.0039, -0.8957 -1.4599 0.0, -0.8946 -1.4631 0.0039, -0.8946 -1.4631 0.0, -0.8934 -1.4653 0.0039, -0.8934 -1.4653 0.0, -0.8906 -1.4704 0.0039, -0.8906 -1.4704 0.0, -0.8832 -1.4951 0.0039, -0.8832 -1.4951 0.0, -0.877 -1.5202 0.0039, -0.877 -1.5202 0.0, -0.8199 -1.7847 0.0, -0.8187 -1.7903 0.0039, -0.8187 -1.7903 0.0, -0.8108 -1.7903 0.0039, -0.8108 -1.7903 0.0, -0.7559 -1.5474 0.0039, -0.7559 -1.5474 0.0, -0.8095 -1.7847 0.0, -0.7491 -1.5191 0.0039, -0.7491 -1.5191 0.0, -0.7461 -1.5057 0.0039, -0.7461 -1.5057 0.0, -0.7423 -1.4925 0.0039, -0.7423 -1.4925 0.0, -0.7383 -1.4817 0.0039, -0.7383 -1.4817 0.0, -0.7347 -1.4717 0.0039, -0.7347 -1.4717 0.0, -0.7323 -1.4681 0.0039, -0.7323 -1.4681 0.0, -0.7306 -1.466 0.0039, -0.7306 -1.466 0.0, -0.7299 -1.4651 0.0039, -0.7299 -1.4651 0.0, -0.7296 -1.4644 0.0039, -0.7296 -1.4644 0.0, -0.7294 -1.4638 0.0039, -0.7294 -1.4638 0.0, -0.7295 -1.4618 0.0039, -0.7295 -1.4618 0.0, -0.7303 -1.4484 0.0039, -0.7303 -1.4484 0.0, -0.7304 -1.4483 0.0039, -0.7304 -1.4483 0.0, -0.7326 -1.4228 0.0039, -0.7326 -1.4228 0.0, -0.7334 -1.4164 0.0, -0.7338 -1.4132 0.0039, -0.7338 -1.4132 0.0, -0.734 -1.4102 0.0039, -0.734 -1.4102 0.0, -0.7343 -1.4081 0.0039, -0.7343 -1.4081 0.0, -0.7346 -1.4067 0.0039, -0.7346 -1.4067 0.0, -0.7348 -1.4058 0.0039, -0.7348 -1.4058 0.0, -0.7351 -1.4051 0.0039, -0.7351 -1.4051 0.0, -0.7354 -1.4047 0.0039, -0.7354 -1.4047 0.0, -0.7358 -1.4044 0.0039, -0.7358 -1.4044 0.0, -0.7362 -1.4042 0.0039, -0.7362 -1.4042 0.0, -0.7366 -1.4041 0.0039, -0.7366 -1.4041 0.0, -0.737 -1.4041 0.0039, -0.737 -1.4041 0.0, -0.7376 -1.4042 0.0039, -0.7376 -1.4042 0.0, -0.7382 -1.4045 0.0039, -0.7382 -1.4045 0.0, -0.7386 -1.4049 0.0039, -0.7386 -1.4049 0.0, -0.7391 -1.4055 0.0039, -0.7391 -1.4055 0.0, -0.7396 -1.4066 0.0039, -0.7396 -1.4066 0.0, -0.74 -1.4081 0.0039, -0.74 -1.4081 0.0, -0.7439 -1.4307 0.0039, -0.7439 -1.4307 0.0, -0.7414 -1.4164 0.0, -0.7773 -1.5683 0.0039, -0.7773 -1.5683 0.0, -0.8147 -1.7359 0.0039, -0.8516 -1.5695 0.0039, -0.7785 -1.5769 0.0039, -0.7938 -1.5915 0.0039, -0.808 -1.5819 0.0039, -0.8128 -1.5793 0.0039, -0.8293 -1.5741 0.0039, -0.8516 -1.5695 0.0, -0.8147 -1.7359 0.0, -0.8293 -1.5741 0.0, -0.8128 -1.5793 0.0, -0.808 -1.5819 0.0, -0.7938 -1.5915 0.0, -0.7785 -1.5769 0.0, -1.0997 -1.7546 0.0039, -1.0997 -1.7546 0.0, -1.0896 -1.7462 0.0039, -1.0896 -1.7462 0.0, -1.1022 -1.7566 0.0039, -1.1022 -1.7566 0.0, -1.1038 -1.7586 0.0039, -1.1038 -1.7586 0.0, -1.1047 -1.7606 0.0039, -1.1047 -1.7606 0.0, -1.105 -1.762 0.0039, -1.105 -1.762 0.0, -1.105 -1.7633 0.0039, -1.105 -1.7633 0.0, -1.1046 -1.7648 0.0039, -1.1046 -1.7648 0.0, -1.1041 -1.7657 0.0039, -1.1041 -1.7657 0.0, -1.1033 -1.7666 0.0039, -1.1033 -1.7666 0.0, -1.1026 -1.7671 0.0039, -1.1026 -1.7671 0.0, -1.0923 -1.7654 0.0039, -1.0923 -1.7654 0.0, -1.0805 -1.7654 0.0039, -1.0805 -1.7654 0.0, -1.0757 -1.7663 0.0039, -1.0757 -1.7663 0.0, -1.0709 -1.7671 0.0039, -1.0709 -1.7671 0.0, -1.059 -1.7682 0.0039, -1.059 -1.7682 0.0, -1.0375 -1.7744 0.0039, -1.0375 -1.7744 0.0, -1.0251 -1.7768 0.0039, -1.0251 -1.7768 0.0, -1.0126 -1.7779 0.0039, -1.0126 -1.7779 0.0, -0.995 -1.7767 0.0039, -0.995 -1.7767 0.0, -0.9822 -1.7737 0.0039, -0.9822 -1.7737 0.0, -0.9718 -1.7683 0.0039, -0.9718 -1.7683 0.0, -0.9625 -1.76 0.0039, -0.9625 -1.76 0.0, -0.9534 -1.7469 0.0039, -0.9534 -1.7469 0.0, -0.9446 -1.7238 0.0039, -0.9446 -1.7238 0.0, -0.9364 -1.6604 0.0039, -0.9364 -1.6604 0.0, -0.9338 -1.5819 0.0039, -0.9338 -1.5819 0.0, -0.9395 -1.5151 0.0039, -0.9395 -1.5151 0.0, -0.9503 -1.4776 0.0039, -0.9503 -1.4776 0.0, -0.9621 -1.4566 0.0039, -0.9621 -1.4566 0.0, -0.9719 -1.4448 0.0039, -0.9719 -1.4448 0.0, -0.9829 -1.4368 0.0039, -0.9829 -1.4368 0.0, -0.9935 -1.4325 0.0039, -0.9935 -1.4325 0.0, -1.0346 -1.4262 0.0039, -1.0346 -1.4262 0.0, -1.0595 -1.4233 0.0039, -1.0595 -1.4233 0.0, -1.0688 -1.4209 0.0039, -1.0688 -1.4209 0.0, -1.0747 -1.4173 0.0039, -1.0747 -1.4173 0.0, -1.0763 -1.4164 0.0, -1.0766 -1.4162 0.0039, -1.0766 -1.4162 0.0, -1.0771 -1.416 0.0039, -1.0771 -1.416 0.0, -1.0786 -1.4162 0.0, -1.0786 -1.4162 0.0039, -1.0792 -1.4164 0.0, -1.0797 -1.4166 0.0039, -1.0797 -1.4166 0.0, -1.0834 -1.4192 0.0039, -1.0834 -1.4192 0.0, -1.0915 -1.4268 0.0039, -1.0915 -1.4268 0.0, -1.0941 -1.4296 0.0039, -1.0941 -1.4296 0.0, -1.1009 -1.4369 0.0039, -1.1009 -1.4369 0.0, -1.1023 -1.4385 0.0039, -1.1023 -1.4385 0.0, -1.1033 -1.4397 0.0039, -1.1033 -1.4397 0.0, -1.1039 -1.4406 0.0039, -1.1039 -1.4406 0.0, -1.1043 -1.4413 0.0039, -1.1043 -1.4413 0.0, -1.1045 -1.4419 0.0039, -1.1045 -1.4419 0.0, -1.1045 -1.4426 0.0039, -1.1045 -1.4426 0.0, -1.1044 -1.4433 0.0039, -1.1044 -1.4433 0.0, -1.1039 -1.4444 0.0039, -1.1039 -1.4444 0.0, -1.1036 -1.4449 0.0039, -1.1036 -1.4449 0.0, -1.1034 -1.4452 0.0039, -1.1034 -1.4452 0.0, -1.1031 -1.4454 0.0039, -1.1031 -1.4454 0.0, -1.1025 -1.4456 0.0039, -1.1025 -1.4456 0.0, -1.1011 -1.4457 0.0039, -1.1011 -1.4457 0.0, -1.0991 -1.4455 0.0039, -1.0991 -1.4455 0.0, -1.0913 -1.4455 0.0039, -1.0913 -1.4455 0.0, -1.0822 -1.4455 0.0039, -1.0822 -1.4455 0.0, -1.0822 -1.7422 0.0039, -1.0822 -1.7422 0.0, -1.086 -1.744 0.0039, -1.086 -1.744 0.0, -1.0663 -1.7462 0.0039, -1.0663 -1.4466 0.0039, -0.9938 -1.4549 0.0039, -1.0064 -1.4517 0.0039, -1.0239 -1.4494 0.0039, -1.0488 -1.4466 0.0039, -0.9846 -1.459 0.0039, -1.0576 -1.4463 0.0039, -1.0556 -1.7507 0.0039, -1.0315 -1.7562 0.0039, -1.0069 -1.7581 0.0039, -0.9919 -1.7552 0.0039, -0.951 -1.5483 0.0039, -0.96 -1.498 0.0039, -0.9712 -1.4729 0.0039, -0.9778 -1.4644 0.0039, -0.981 -1.7509 0.0039, -0.9743 -1.746 0.0039, -0.9675 -1.7379 0.0039, -0.9612 -1.7257 0.0039, -0.9563 -1.7087 0.0039, -0.9496 -1.6317 0.0039, -1.0239 -1.4494 0.0, -1.0488 -1.4466 0.0, -1.0064 -1.4517 0.0, -0.9938 -1.4549 0.0, -0.9846 -1.459 0.0, -0.9778 -1.4644 0.0, -0.9712 -1.4729 0.0, -0.96 -1.498 0.0, -0.951 -1.5483 0.0, -0.9496 -1.6317 0.0, -0.9563 -1.7087 0.0, -0.9612 -1.7257 0.0, -0.9675 -1.7379 0.0, -0.9743 -1.746 0.0, -0.981 -1.7509 0.0, -0.9919 -1.7552 0.0, -1.0069 -1.7581 0.0, -1.0315 -1.7562 0.0, -1.0556 -1.7507 0.0, -1.0663 -1.7462 0.0, -1.0663 -1.4466 0.0, -1.0576 -1.4463 0.0, -1.2222 -1.6249 0.0039, -1.2222 -1.6249 0.0, -1.2698 -1.6187 0.0039, -1.2698 -1.6187 0.0, -1.2026 -1.6289 0.0039, -1.2026 -1.6289 0.0, -1.19 -1.6334 0.0039, -1.19 -1.6334 0.0, -1.1843 -1.6368 0.0039, -1.1843 -1.6368 0.0, -1.1792 -1.6397 0.0039, -1.1792 -1.6397 0.0, -1.1627 -1.6233 0.0039, -1.1627 -1.6233 0.0, -1.1616 -1.6217 0.0039, -1.1616 -1.6217 0.0, -1.1608 -1.6205 0.0039, -1.1608 -1.6205 0.0, -1.1604 -1.6193 0.0039, -1.1604 -1.6193 0.0, -1.1602 -1.6183 0.0039, -1.1602 -1.6183 0.0, -1.1603 -1.6175 0.0039, -1.1603 -1.6175 0.0, -1.1606 -1.6166 0.0039, -1.1606 -1.6166 0.0, -1.1613 -1.6154 0.0039, -1.1613 -1.6154 0.0, -1.1621 -1.6146 0.0039, -1.1621 -1.6146 0.0, -1.1631 -1.614 0.0039, -1.1631 -1.614 0.0, -1.1642 -1.6137 0.0039, -1.1642 -1.6137 0.0, -1.1656 -1.6136 0.0039, -1.1656 -1.6136 0.0, -1.2698 -1.5989 0.0039, -1.2698 -1.5989 0.0, -1.2698 -1.4455 0.0039, -1.2698 -1.4455 0.0, -1.1854 -1.4573 0.0039, -1.1854 -1.4573 0.0, -1.1772 -1.4594 0.0039, -1.1772 -1.4594 0.0, -1.1695 -1.463 0.0039, -1.1695 -1.463 0.0, -1.1645 -1.4659 0.0039, -1.1645 -1.4659 0.0, -1.1486 -1.4483 0.0039, -1.1486 -1.4483 0.0, -1.1469 -1.4459 0.0039, -1.1469 -1.4459 0.0, -1.1464 -1.4446 0.0039, -1.1464 -1.4446 0.0, -1.1463 -1.4436 0.0039, -1.1463 -1.4436 0.0, -1.1463 -1.4428 0.0039, -1.1463 -1.4428 0.0, -1.1466 -1.4419 0.0039, -1.1466 -1.4419 0.0, -1.1472 -1.4408 0.0039, -1.1472 -1.4408 0.0, -1.1476 -1.4403 0.0039, -1.1476 -1.4403 0.0, -1.148 -1.4399 0.0039, -1.148 -1.4399 0.0, -1.1486 -1.4396 0.0039, -1.1486 -1.4396 0.0, -1.1487 -1.4396 0.0039, -1.1487 -1.4396 0.0, -1.1502 -1.4393 0.0039, -1.1502 -1.4393 0.0, -1.152 -1.4392 0.0039, -1.152 -1.4392 0.0, -1.1605 -1.4387 0.0039, -1.1605 -1.4387 0.0, -1.2033 -1.4334 0.0039, -1.2033 -1.4334 0.0, -1.246 -1.4268 0.0039, -1.246 -1.4268 0.0, -1.272 -1.4223 0.0039, -1.272 -1.4223 0.0, -1.2783 -1.4199 0.0039, -1.2783 -1.4199 0.0, -1.2823 -1.419 0.0039, -1.2823 -1.419 0.0, -1.2852 -1.4188 0.0039, -1.2852 -1.4188 0.0, -1.2867 -1.4191 0.0039, -1.2867 -1.4191 0.0, -1.288 -1.4197 0.0039, -1.288 -1.4197 0.0, -1.2894 -1.4208 0.0039, -1.2894 -1.4208 0.0, -1.2906 -1.4222 0.0039, -1.2906 -1.4222 0.0, -1.2912 -1.4235 0.0039, -1.2912 -1.4235 0.0, -1.2916 -1.4258 0.0039, -1.2916 -1.4258 0.0, -1.2915 -1.429 0.0039, -1.2915 -1.429 0.0, -1.2913 -1.4301 0.0039, -1.2913 -1.4301 0.0, -1.2877 -1.4444 0.0039, -1.2877 -1.4444 0.0, -1.2862 -1.4591 0.0039, -1.2862 -1.4591 0.0, -1.2862 -1.4698 0.0039, -1.2862 -1.4698 0.0, -1.2859 -1.4769 0.0039, -1.2859 -1.4769 0.0, -1.2856 -1.484 0.0039, -1.2856 -1.484 0.0, -1.2862 -1.7433 0.0039, -1.2862 -1.7433 0.0, -1.2926 -1.7508 0.0039, -1.2926 -1.7508 0.0, -1.2964 -1.7555 0.0039, -1.2964 -1.7555 0.0, -1.2987 -1.7589 0.0039, -1.2987 -1.7589 0.0, -1.2996 -1.7608 0.0039, -1.2996 -1.7608 0.0, -1.3001 -1.7635 0.0039, -1.3001 -1.7635 0.0, -1.3002 -1.7652 0.0039, -1.3002 -1.7652 0.0, -1.3002 -1.7665 0.0039, -1.3002 -1.7665 0.0, -1.3001 -1.767 0.0039, -1.3001 -1.767 0.0, -1.2999 -1.7674 0.0039, -1.2999 -1.7674 0.0, -1.2997 -1.7677 0.0039, -1.2997 -1.7677 0.0, -1.2995 -1.7679 0.0039, -1.2995 -1.7679 0.0, -1.2992 -1.7681 0.0039, -1.2992 -1.7681 0.0, -1.2984 -1.7683 0.0039, -1.2984 -1.7683 0.0, -1.2969 -1.7684 0.0039, -1.2969 -1.7684 0.0, -1.2953 -1.7682 0.0039, -1.2953 -1.7682 0.0, -1.2845 -1.7665 0.0039, -1.2845 -1.7665 0.0, -1.2749 -1.7654 0.0039, -1.2749 -1.7654 0.0, -1.2652 -1.7654 0.0039, -1.2652 -1.7654 0.0, -1.2636 -1.7654 0.0039, -1.2636 -1.7654 0.0, -1.2525 -1.7656 0.0039, -1.2525 -1.7656 0.0, -1.2415 -1.7671 0.0039, -1.2415 -1.7671 0.0, -1.2194 -1.7711 0.0039, -1.2194 -1.7711 0.0, -1.1998 -1.775 0.0039, -1.1998 -1.775 0.0, -1.1844 -1.7806 0.0039, -1.1844 -1.7806 0.0, -1.1814 -1.7824 0.0039, -1.1814 -1.7824 0.0, -1.1779 -1.7847 0.0, -1.1763 -1.7858 0.0039, -1.1763 -1.7858 0.0, -1.1753 -1.7847 0.0, -1.16 -1.7688 0.0039, -1.16 -1.7688 0.0, -1.1589 -1.7669 0.0039, -1.1589 -1.7669 0.0, -1.1582 -1.7656 0.0039, -1.1582 -1.7656 0.0, -1.1578 -1.7646 0.0039, -1.1578 -1.7646 0.0, -1.1577 -1.7637 0.0039, -1.1577 -1.7637 0.0, -1.1578 -1.763 0.0039, -1.1578 -1.763 0.0, -1.158 -1.7622 0.0039, -1.158 -1.7622 0.0, -1.1585 -1.7615 0.0039, -1.1585 -1.7615 0.0, -1.1593 -1.7607 0.0039, -1.1593 -1.7607 0.0, -1.1603 -1.7602 0.0039, -1.1603 -1.7602 0.0, -1.1614 -1.7599 0.0039, -1.1614 -1.7599 0.0, -1.1627 -1.7597 0.0039, -1.1627 -1.7597 0.0, -1.1718 -1.7586 0.0039, -1.1718 -1.7586 0.0, -1.1851 -1.7568 0.0039, -1.1851 -1.7568 0.0, -1.1985 -1.7552 0.0039, -1.1985 -1.7552 0.0, -1.2698 -1.7433 0.0039, -1.2698 -1.7433 0.0, -1.356 -1.7773 0.0039, -1.356 -1.7773 0.0, -1.3645 -1.7773 0.0039, -1.3645 -1.7773 0.0, -1.356 -1.6261 0.0039, -1.356 -1.6261 0.0, -1.3667 -1.6261 0.0039, -1.3667 -1.6261 0.0, -1.3715 -1.7059 0.0039, -1.3715 -1.7059 0.0, -1.3785 -1.7316 0.0039, -1.3785 -1.7316 0.0, -1.3856 -1.7455 0.0039, -1.3856 -1.7455 0.0, -1.3925 -1.7537 0.0039, -1.3925 -1.7537 0.0, -1.4 -1.7594 0.0039, -1.4 -1.7594 0.0, -1.408 -1.763 0.0039, -1.408 -1.763 0.0, -1.4166 -1.7649 0.0039, -1.4166 -1.7649 0.0, -1.4284 -1.7641 0.0039, -1.4284 -1.7641 0.0, -1.4385 -1.7607 0.0039, -1.4385 -1.7607 0.0, -1.4481 -1.7548 0.0039, -1.4481 -1.7548 0.0, -1.4572 -1.7459 0.0039, -1.4572 -1.7459 0.0, -1.467 -1.7305 0.0039, -1.467 -1.7305 0.0, -1.4802 -1.6924 0.0039, -1.4802 -1.6924 0.0, -1.4853 -1.6629 0.0039, -1.4853 -1.6629 0.0, -1.4874 -1.5728 0.0039, -1.4874 -1.5728 0.0, -1.4734 -1.4919 0.0039, -1.4734 -1.4919 0.0, -1.4648 -1.4689 0.0039, -1.4648 -1.4689 0.0, -1.4519 -1.4506 0.0039, -1.4519 -1.4506 0.0, -1.4437 -1.4431 0.0039, -1.4437 -1.4431 0.0, -1.4365 -1.4389 0.0039, -1.4365 -1.4389 0.0, -1.429 -1.4366 0.0039, -1.429 -1.4366 0.0, -1.4211 -1.4358 0.0039, -1.4211 -1.4358 0.0, -1.4084 -1.4368 0.0039, -1.4084 -1.4368 0.0, -1.3959 -1.4415 0.0039, -1.3959 -1.4415 0.0, -1.3858 -1.4486 0.0039, -1.3858 -1.4486 0.0, -1.3774 -1.4582 0.0039, -1.3774 -1.4582 0.0, -1.37 -1.4729 0.0039, -1.37 -1.4729 0.0, -1.3619 -1.5103 0.0039, -1.3619 -1.5103 0.0, -1.3595 -1.527 0.0039, -1.3595 -1.527 0.0, -1.3566 -1.557 0.0039, -1.3566 -1.557 0.0, -1.3475 -1.5565 0.0039, -1.3475 -1.5565 0.0, -1.3518 -1.4889 0.0039, -1.3518 -1.4889 0.0, -1.3583 -1.4635 0.0039, -1.3583 -1.4635 0.0, -1.368 -1.4439 0.0039, -1.368 -1.4439 0.0, -1.3754 -1.4345 0.0039, -1.3754 -1.4345 0.0, -1.3862 -1.4258 0.0039, -1.3862 -1.4258 0.0, -1.3999 -1.4194 0.0039, -1.3999 -1.4194 0.0, -1.4132 -1.4171 0.0039, -1.4132 -1.4171 0.0, -1.4277 -1.4177 0.0039, -1.4277 -1.4177 0.0, -1.4427 -1.4223 0.0039, -1.4427 -1.4223 0.0, -1.4558 -1.4299 0.0039, -1.4558 -1.4299 0.0, -1.4652 -1.4396 0.0039, -1.4652 -1.4396 0.0, -1.4782 -1.4607 0.0039, -1.4782 -1.4607 0.0, -1.494 -1.5081 0.0039, -1.494 -1.5081 0.0, -1.5002 -1.5465 0.0039, -1.5002 -1.5465 0.0, -1.5004 -1.6607 0.0039, -1.5004 -1.6607 0.0, -1.4867 -1.722 0.0039, -1.4867 -1.722 0.0, -1.4747 -1.749 0.0039, -1.4747 -1.749 0.0, -1.4632 -1.7641 0.0039, -1.4632 -1.7641 0.0, -1.4456 -1.7777 0.0039, -1.4456 -1.7777 0.0, -1.4372 -1.7818 0.0039, -1.4372 -1.7818 0.0, -1.4291 -1.7834 0.0039, -1.4291 -1.7834 0.0, -1.4211 -1.7835 0.0039, -1.4211 -1.7835 0.0, -1.4045 -1.7792 0.0039, -1.4045 -1.7792 0.0, -1.3914 -1.772 0.0039, -1.3914 -1.772 0.0, -1.3801 -1.7618 0.0039, -1.3801 -1.7618 0.0, -1.3735 -1.753 0.0039, -1.3735 -1.753 0.0, -1.3685 -1.7439 0.0039, -1.3685 -1.7439 0.0, -1.6448 -1.7671 0.0039, -1.6448 -1.7671 0.0, -1.6588 -1.7847 0.0, -1.6697 -1.7983 0.0039, -1.6665 -1.7943 0.0, -1.6697 -1.7983 0.0, -1.6506 -1.7547 0.0039, -1.6506 -1.7547 0.0, -1.6531 -1.7387 0.0039, -1.6531 -1.7387 0.0, -1.6532 -1.7314 0.0039, -1.6532 -1.7314 0.0, -1.6532 -1.4426 0.0039, -1.6532 -1.4426 0.0, -1.6096 -1.4463 0.0039, -1.6096 -1.4463 0.0, -1.5889 -1.4495 0.0039, -1.5889 -1.4495 0.0, -1.5819 -1.4511 0.0039, -1.5819 -1.4511 0.0, -1.5778 -1.453 0.0039, -1.5778 -1.453 0.0, -1.5726 -1.4575 0.0039, -1.5726 -1.4575 0.0, -1.5708 -1.4588 0.0039, -1.5708 -1.4588 0.0, -1.5689 -1.4596 0.0039, -1.5689 -1.4596 0.0, -1.5557 -1.4479 0.0039, -1.5557 -1.4479 0.0, -1.5495 -1.4422 0.0039, -1.5495 -1.4422 0.0, -1.5474 -1.4399 0.0039, -1.5474 -1.4399 0.0, -1.5464 -1.4382 0.0039, -1.5464 -1.4382 0.0, -1.5459 -1.4362 0.0039, -1.5459 -1.4362 0.0, -1.5457 -1.4342 0.0039, -1.5457 -1.4342 0.0, -1.5463 -1.4329 0.0039, -1.5463 -1.4329 0.0, -1.5468 -1.4324 0.0039, -1.5468 -1.4324 0.0, -1.5476 -1.4319 0.0039, -1.5476 -1.4319 0.0, -1.549 -1.4313 0.0039, -1.549 -1.4313 0.0, -1.5511 -1.4311 0.0039, -1.5511 -1.4311 0.0, -1.561 -1.4308 0.0039, -1.561 -1.4308 0.0, -1.5754 -1.4288 0.0039, -1.5754 -1.4288 0.0, -1.6127 -1.4249 0.0039, -1.6127 -1.4249 0.0, -1.625 -1.4239 0.0039, -1.625 -1.4239 0.0, -1.6487 -1.4217 0.0039, -1.6487 -1.4217 0.0, -1.6618 -1.4206 0.0039, -1.6618 -1.4206 0.0, -1.6647 -1.4197 0.0039, -1.6647 -1.4197 0.0, -1.6663 -1.4196 0.0039, -1.6663 -1.4196 0.0, -1.6674 -1.4198 0.0039, -1.6674 -1.4198 0.0, -1.6682 -1.4201 0.0039, -1.6682 -1.4201 0.0, -1.6689 -1.4206 0.0039, -1.6689 -1.4206 0.0, -1.6697 -1.4214 0.0039, -1.6697 -1.4214 0.0, -1.6706 -1.423 0.0039, -1.6706 -1.423 0.0, -1.671 -1.4246 0.0039, -1.671 -1.4246 0.0, -1.6709 -1.4277 0.0039, -1.6709 -1.4277 0.0, -1.6694 -1.4415 0.0039, -1.6694 -1.4415 0.0, -1.6691 -1.4449 0.0039, -1.6691 -1.4449 0.0, -1.668 -1.4783 0.0039, -1.668 -1.4783 0.0, -1.668 -1.7332 0.0039, -1.668 -1.7332 0.0, -1.6683 -1.7608 0.0, -1.6683 -1.7608 0.0039, -1.672 -1.7847 0.0, -1.6725 -1.788 0.0039, -1.6725 -1.788 0.0, -1.6736 -1.7937 0.0039, -1.6736 -1.7937 0.0, -1.6731 -1.7943 0.0
            ]
        }
        coordIndex [
            0,1,2,-1,2,1,3,-1,4,5,0,-1,0,5,1,-1,6,7,4,-1,4,7,8,-1,4,8,5,-1,7,6,9,-1,7,9,10,-1,10,9,11,-1,10,11,12,-1,12,11,13,-1,12,13,14,-1,14,13,15,-1,14,15,16,-1,16,15,17,-1,16,17,18,-1,18,17,19,-1,18,19,20,-1,20,19,21,-1,20,21,22,-1,22,21,23,-1,22,23,24,-1,24,23,25,-1,24,25,26,-1,26,25,27,-1,26,27,28,-1,28,27,29,-1,28,29,30,-1,30,29,31,-1,30,31,32,-1,32,31,33,-1,32,33,34,-1,34,33,35,-1,34,35,36,-1,37,38,35,-1,35,38,39,-1,35,39,36,-1,40,41,37,-1,37,41,38,-1,41,40,42,-1,41,42,43,-1,43,42,44,-1,43,44,45,-1,45,44,46,-1,45,46,47,-1,47,46,48,-1,47,48,49,-1,50,51,48,-1,48,51,49,-1,51,50,52,-1,51,52,53,-1,53,52,54,-1,53,54,55,-1,55,54,56,-1,56,54,57,-1,56,57,58,-1,59,60,57,-1,57,60,58,-1,61,62,59,-1,59,62,63,-1,59,63,60,-1,64,65,61,-1,61,65,62,-1,65,64,66,-1,65,66,67,-1,67,66,68,-1,67,68,69,-1,70,71,68,-1,68,71,69,-1,71,70,72,-1,71,72,73,-1,73,72,74,-1,73,74,75,-1,75,74,76,-1,75,76,77,-1,77,76,78,-1,77,78,79,-1,79,78,80,-1,79,80,81,-1,81,80,82,-1,81,82,83,-1,83,82,84,-1,83,84,85,-1,85,84,86,-1,85,86,87,-1,87,86,88,-1,87,88,89,-1,90,91,88,-1,88,91,89,-1,91,90,92,-1,92,90,93,-1,92,93,94,-1,94,93,95,-1,94,95,96,-1,96,95,97,-1,96,97,98,-1,98,97,99,-1,98,99,100,-1,100,99,101,-1,100,101,102,-1,102,101,103,-1,102,103,104,-1,104,103,105,-1,104,105,106,-1,106,105,107,-1,106,107,108,-1,108,107,109,-1,108,109,110,-1,110,109,111,-1,110,111,112,-1,112,111,113,-1,112,113,114,-1,114,113,115,-1,114,115,116,-1,116,115,117,-1,116,117,118,-1,118,117,119,-1,118,119,120,-1,120,119,121,-1,120,121,122,-1,122,121,123,-1,122,123,124,-1,124,123,125,-1,124,125,126,-1,127,128,125,-1,125,128,129,-1,125,129,126,-1,130,131,127,-1,127,131,128,-1,130,2,131,-1,131,2,3,-1,132,57,133,-1,133,57,54,-1,6,4,35,-1,130,134,135,-1,74,72,127,-1,127,72,70,-1,135,136,130,-1,130,136,137,-1,130,137,2,-1,2,137,138,-1,52,0,54,-1,54,0,2,-1,54,2,133,-1,133,2,138,-1,70,68,127,-1,127,68,66,-1,127,66,130,-1,130,66,64,-1,130,64,134,-1,134,64,61,-1,134,61,132,-1,132,61,59,-1,132,59,57,-1,0,40,4,-1,4,40,37,-1,4,37,35,-1,97,95,125,-1,125,95,93,-1,125,93,127,-1,127,93,90,-1,90,88,127,-1,127,88,86,-1,127,86,74,-1,74,86,84,-1,74,84,76,-1,52,50,0,-1,0,50,48,-1,0,48,46,-1,33,11,35,-1,35,11,9,-1,35,9,6,-1,46,44,0,-1,0,44,42,-1,0,42,40,-1,82,80,84,-1,84,80,78,-1,84,78,76,-1,121,103,123,-1,123,103,101,-1,123,101,125,-1,125,101,99,-1,125,99,97,-1,121,119,103,-1,103,119,117,-1,103,117,105,-1,31,15,33,-1,33,15,13,-1,33,13,11,-1,31,29,15,-1,15,29,27,-1,15,27,25,-1,19,17,21,-1,21,17,15,-1,21,15,23,-1,23,15,25,-1,113,111,115,-1,115,111,109,-1,115,109,117,-1,117,109,107,-1,117,107,105,-1,133,139,132,-1,132,139,140,-1,139,133,138,-1,139,138,141,-1,141,138,137,-1,141,137,142,-1,142,137,136,-1,142,136,143,-1,135,144,136,-1,136,144,143,-1,134,145,135,-1,135,145,144,-1,140,145,132,-1,132,145,134,-1,146,147,148,-1,148,147,149,-1,147,146,150,-1,147,150,151,-1,151,150,152,-1,151,152,153,-1,153,152,154,-1,153,154,155,-1,155,154,156,-1,155,156,157,-1,157,156,158,-1,157,158,159,-1,159,158,160,-1,159,160,161,-1,161,160,162,-1,161,162,163,-1,163,162,164,-1,163,164,165,-1,165,164,166,-1,165,166,167,-1,168,169,166,-1,166,169,167,-1,170,171,168,-1,168,171,169,-1,171,170,172,-1,171,172,173,-1,173,172,174,-1,173,174,175,-1,176,177,174,-1,174,177,175,-1,178,179,176,-1,176,179,177,-1,179,178,180,-1,179,180,181,-1,181,180,182,-1,181,182,183,-1,183,182,184,-1,183,184,185,-1,185,184,186,-1,185,186,187,-1,187,186,188,-1,187,188,189,-1,189,188,190,-1,189,190,191,-1,191,190,192,-1,191,192,193,-1,193,192,194,-1,193,194,195,-1,195,194,196,-1,195,196,197,-1,197,196,198,-1,197,198,199,-1,199,198,200,-1,199,200,201,-1,201,200,202,-1,201,202,203,-1,203,202,204,-1,203,204,205,-1,205,204,206,-1,205,206,207,-1,207,206,208,-1,207,208,209,-1,209,208,210,-1,209,210,211,-1,211,210,212,-1,211,212,213,-1,214,215,212,-1,212,215,213,-1,215,214,216,-1,215,216,217,-1,217,216,218,-1,217,218,219,-1,219,218,220,-1,220,218,221,-1,220,221,222,-1,222,221,223,-1,222,223,224,-1,225,224,226,-1,226,224,223,-1,225,226,227,-1,227,226,228,-1,227,228,229,-1,229,228,230,-1,229,230,231,-1,231,230,232,-1,231,232,233,-1,233,232,234,-1,233,234,235,-1,236,237,234,-1,234,237,235,-1,237,236,238,-1,237,238,239,-1,239,238,240,-1,239,240,241,-1,241,240,242,-1,241,242,243,-1,243,242,244,-1,243,244,245,-1,245,244,246,-1,245,246,247,-1,247,246,248,-1,247,248,249,-1,249,248,250,-1,249,250,251,-1,251,250,252,-1,251,252,253,-1,253,252,254,-1,253,254,255,-1,255,254,256,-1,255,256,257,-1,257,256,258,-1,257,258,259,-1,259,258,260,-1,259,260,261,-1,261,260,262,-1,261,262,263,-1,263,262,264,-1,263,264,265,-1,266,267,264,-1,264,267,265,-1,268,269,266,-1,266,269,267,-1,270,271,268,-1,268,271,269,-1,271,270,272,-1,271,272,273,-1,273,272,148,-1,273,148,149,-1,242,240,264,-1,170,168,274,-1,168,166,146,-1,146,166,164,-1,146,164,150,-1,146,148,168,-1,168,148,272,-1,168,272,274,-1,274,272,270,-1,274,270,275,-1,276,277,232,-1,232,277,278,-1,232,278,279,-1,240,238,264,-1,264,238,236,-1,264,236,266,-1,266,236,234,-1,266,234,268,-1,268,234,232,-1,232,230,276,-1,276,230,216,-1,276,216,280,-1,270,268,275,-1,275,268,232,-1,275,232,281,-1,281,232,279,-1,282,283,178,-1,178,283,180,-1,180,283,284,-1,180,284,182,-1,258,256,254,-1,178,176,282,-1,282,176,174,-1,282,174,274,-1,274,174,172,-1,274,172,170,-1,182,284,184,-1,184,284,285,-1,184,285,186,-1,264,250,248,-1,162,154,164,-1,164,154,152,-1,164,152,150,-1,162,160,154,-1,154,160,158,-1,154,158,156,-1,286,287,202,-1,250,264,252,-1,252,264,262,-1,252,262,254,-1,254,262,260,-1,254,260,258,-1,248,246,264,-1,264,246,244,-1,264,244,242,-1,226,223,228,-1,228,223,221,-1,228,221,230,-1,230,221,218,-1,230,218,216,-1,202,287,204,-1,216,214,280,-1,280,214,212,-1,280,212,210,-1,287,288,204,-1,204,288,289,-1,204,289,206,-1,206,289,280,-1,206,280,208,-1,208,280,210,-1,186,285,188,-1,188,285,290,-1,188,290,190,-1,190,290,291,-1,190,291,192,-1,192,291,292,-1,192,292,194,-1,292,293,194,-1,194,293,294,-1,194,294,196,-1,196,294,295,-1,196,295,198,-1,198,295,286,-1,198,286,200,-1,200,286,202,-1,278,296,279,-1,279,296,297,-1,296,278,277,-1,296,277,298,-1,298,277,276,-1,298,276,299,-1,299,276,280,-1,299,280,300,-1,300,280,289,-1,300,289,301,-1,301,289,288,-1,301,288,302,-1,302,288,287,-1,302,287,303,-1,303,287,286,-1,303,286,304,-1,304,286,295,-1,304,295,305,-1,305,295,294,-1,305,294,306,-1,306,294,293,-1,306,293,307,-1,307,293,292,-1,307,292,308,-1,308,292,291,-1,308,291,309,-1,309,291,290,-1,309,290,310,-1,310,290,285,-1,310,285,311,-1,311,285,284,-1,311,284,312,-1,312,284,283,-1,312,283,313,-1,313,283,282,-1,313,282,314,-1,274,315,282,-1,282,315,314,-1,275,316,274,-1,274,316,315,-1,316,275,281,-1,316,281,317,-1,317,281,279,-1,317,279,297,-1,318,319,320,-1,320,319,321,-1,319,318,322,-1,319,322,323,-1,323,322,324,-1,323,324,325,-1,325,324,326,-1,325,326,327,-1,328,329,326,-1,326,329,327,-1,330,331,328,-1,328,331,329,-1,331,330,332,-1,331,332,333,-1,333,332,334,-1,333,334,335,-1,335,334,336,-1,335,336,337,-1,337,336,338,-1,337,338,339,-1,339,338,340,-1,339,340,341,-1,341,340,342,-1,341,342,343,-1,343,342,344,-1,343,344,345,-1,345,344,346,-1,345,346,347,-1,347,346,348,-1,347,348,349,-1,349,348,350,-1,349,350,351,-1,351,350,352,-1,351,352,353,-1,354,355,352,-1,352,355,353,-1,356,357,354,-1,354,357,355,-1,358,359,356,-1,356,359,357,-1,359,358,360,-1,359,360,361,-1,361,360,362,-1,361,362,363,-1,364,365,362,-1,362,365,363,-1,366,367,364,-1,364,367,365,-1,367,366,368,-1,367,368,369,-1,369,368,370,-1,369,370,371,-1,371,370,372,-1,371,372,373,-1,373,372,374,-1,373,374,375,-1,375,374,376,-1,375,376,377,-1,377,376,378,-1,377,378,379,-1,379,378,380,-1,379,380,381,-1,381,380,382,-1,381,382,383,-1,383,382,384,-1,383,384,385,-1,385,384,386,-1,385,386,387,-1,387,386,388,-1,387,388,389,-1,389,388,390,-1,389,390,391,-1,392,393,390,-1,390,393,391,-1,393,392,394,-1,393,394,395,-1,395,394,396,-1,395,396,397,-1,398,399,396,-1,396,399,397,-1,399,398,400,-1,399,400,401,-1,401,400,402,-1,401,402,403,-1,403,402,404,-1,403,404,405,-1,405,404,406,-1,405,406,407,-1,407,406,408,-1,407,408,409,-1,409,408,410,-1,409,410,411,-1,411,410,412,-1,411,412,413,-1,413,412,414,-1,413,414,415,-1,415,414,416,-1,415,416,417,-1,417,416,418,-1,417,418,419,-1,419,418,420,-1,419,420,421,-1,421,420,422,-1,421,422,423,-1,423,422,424,-1,423,424,425,-1,426,427,424,-1,424,427,425,-1,427,426,428,-1,427,428,429,-1,429,428,430,-1,429,430,431,-1,432,433,430,-1,430,433,431,-1,433,432,434,-1,433,434,435,-1,435,434,436,-1,435,436,437,-1,437,436,438,-1,437,438,439,-1,439,438,440,-1,439,440,441,-1,441,440,442,-1,441,442,443,-1,443,442,444,-1,443,444,445,-1,445,444,446,-1,445,446,447,-1,447,446,448,-1,447,448,449,-1,449,448,450,-1,449,450,451,-1,451,450,452,-1,451,452,453,-1,453,452,454,-1,453,454,455,-1,455,454,456,-1,455,456,457,-1,457,456,458,-1,457,458,459,-1,459,458,460,-1,459,460,461,-1,461,460,462,-1,461,462,463,-1,464,465,462,-1,462,465,463,-1,465,464,466,-1,465,466,467,-1,467,466,468,-1,467,468,469,-1,470,471,468,-1,468,471,469,-1,471,470,472,-1,471,472,473,-1,473,472,474,-1,473,474,475,-1,476,477,474,-1,474,477,475,-1,477,476,478,-1,477,478,479,-1,479,478,480,-1,479,480,481,-1,481,480,482,-1,481,482,483,-1,483,482,484,-1,484,482,485,-1,484,485,486,-1,486,485,487,-1,487,485,488,-1,487,488,489,-1,489,488,490,-1,489,490,491,-1,491,490,492,-1,491,492,493,-1,493,492,494,-1,493,494,495,-1,495,494,496,-1,495,496,497,-1,497,496,498,-1,497,498,499,-1,499,498,500,-1,499,500,501,-1,501,500,502,-1,501,502,503,-1,503,502,504,-1,503,504,505,-1,505,504,506,-1,505,506,507,-1,507,506,508,-1,507,508,509,-1,509,508,510,-1,509,510,511,-1,512,513,510,-1,510,513,511,-1,513,512,514,-1,513,514,515,-1,515,514,516,-1,515,516,517,-1,518,519,516,-1,516,519,517,-1,518,320,519,-1,519,320,321,-1,402,400,356,-1,362,360,392,-1,392,360,358,-1,326,324,352,-1,400,398,356,-1,356,398,396,-1,356,396,358,-1,358,396,394,-1,358,394,392,-1,430,428,356,-1,428,426,356,-1,356,426,424,-1,356,424,422,-1,422,420,356,-1,356,420,418,-1,356,418,416,-1,320,354,318,-1,318,354,352,-1,318,352,322,-1,322,352,324,-1,362,392,364,-1,364,392,390,-1,364,390,366,-1,366,390,388,-1,366,388,386,-1,356,410,408,-1,436,434,518,-1,518,434,432,-1,518,432,320,-1,320,432,430,-1,320,430,354,-1,354,430,356,-1,416,414,356,-1,356,414,412,-1,356,412,410,-1,336,334,350,-1,350,334,352,-1,328,326,330,-1,330,326,352,-1,330,352,332,-1,332,352,334,-1,448,446,518,-1,518,446,444,-1,518,444,442,-1,386,384,366,-1,366,384,382,-1,366,382,380,-1,408,406,356,-1,356,406,404,-1,356,404,402,-1,496,494,508,-1,508,494,492,-1,508,492,510,-1,510,492,490,-1,510,490,488,-1,472,470,518,-1,518,470,468,-1,518,468,466,-1,466,464,518,-1,518,464,462,-1,518,462,460,-1,370,376,372,-1,372,376,374,-1,380,378,366,-1,366,378,376,-1,366,376,368,-1,368,376,370,-1,454,452,518,-1,518,452,450,-1,518,450,448,-1,442,440,518,-1,518,440,438,-1,518,438,436,-1,488,485,510,-1,510,485,482,-1,510,482,512,-1,512,482,480,-1,512,480,514,-1,514,480,478,-1,514,478,516,-1,516,478,476,-1,516,476,518,-1,518,476,474,-1,518,474,472,-1,460,458,518,-1,518,458,456,-1,518,456,454,-1,342,340,350,-1,350,340,338,-1,350,338,336,-1,502,508,504,-1,504,508,506,-1,502,500,508,-1,508,500,498,-1,508,498,496,-1,348,346,350,-1,350,346,344,-1,350,344,342,-1,520,521,522,-1,522,521,523,-1,524,525,520,-1,520,525,521,-1,526,527,524,-1,524,527,525,-1,527,526,528,-1,527,528,529,-1,529,528,530,-1,529,530,531,-1,531,530,532,-1,531,532,533,-1,533,532,534,-1,533,534,535,-1,535,534,536,-1,535,536,537,-1,537,536,538,-1,537,538,539,-1,539,538,540,-1,539,540,541,-1,541,540,542,-1,541,542,543,-1,543,542,544,-1,543,544,545,-1,545,544,546,-1,545,546,547,-1,547,546,548,-1,547,548,549,-1,549,548,550,-1,549,550,551,-1,551,550,552,-1,551,552,553,-1,553,552,554,-1,553,554,555,-1,555,554,556,-1,555,556,557,-1,557,556,558,-1,557,558,559,-1,559,558,560,-1,559,560,561,-1,561,560,562,-1,561,562,563,-1,563,562,564,-1,563,564,565,-1,565,564,566,-1,565,566,567,-1,567,566,568,-1,567,568,569,-1,569,568,570,-1,569,570,571,-1,571,570,572,-1,571,572,573,-1,573,572,574,-1,573,574,575,-1,575,574,576,-1,575,576,577,-1,577,576,578,-1,577,578,579,-1,579,578,580,-1,579,580,581,-1,581,580,582,-1,581,582,583,-1,583,582,584,-1,583,584,585,-1,586,587,584,-1,584,587,585,-1,588,589,586,-1,586,589,587,-1,589,588,590,-1,589,590,591,-1,591,590,592,-1,591,592,593,-1,593,592,594,-1,593,594,595,-1,595,594,596,-1,595,596,597,-1,597,596,598,-1,597,598,599,-1,599,598,600,-1,599,600,601,-1,601,600,602,-1,601,602,603,-1,603,602,604,-1,603,604,605,-1,605,604,606,-1,605,606,607,-1,607,606,608,-1,607,608,609,-1,609,608,610,-1,609,610,611,-1,611,610,612,-1,611,612,613,-1,613,612,614,-1,613,614,615,-1,615,614,616,-1,615,616,617,-1,617,616,618,-1,617,618,619,-1,619,618,620,-1,619,620,621,-1,621,620,622,-1,621,622,623,-1,623,622,624,-1,623,624,625,-1,625,624,626,-1,625,626,627,-1,627,626,628,-1,627,628,629,-1,629,628,630,-1,629,630,631,-1,631,630,632,-1,631,632,633,-1,633,632,634,-1,633,634,635,-1,635,634,636,-1,635,636,637,-1,637,636,638,-1,637,638,639,-1,639,638,640,-1,639,640,641,-1,642,643,640,-1,640,643,641,-1,642,522,643,-1,643,522,523,-1,524,520,642,-1,642,520,522,-1,640,536,642,-1,642,536,534,-1,642,534,532,-1,526,524,528,-1,528,524,642,-1,528,642,530,-1,530,642,532,-1,640,638,536,-1,536,638,636,-1,536,636,538,-1,538,636,634,-1,538,634,540,-1,540,634,632,-1,540,632,542,-1,632,630,542,-1,542,630,628,-1,542,628,544,-1,544,628,626,-1,544,626,546,-1,546,626,624,-1,546,624,548,-1,548,624,622,-1,548,622,550,-1,550,622,552,-1,552,622,620,-1,552,620,554,-1,554,620,618,-1,554,618,556,-1,556,618,616,-1,556,616,558,-1,558,616,614,-1,558,614,560,-1,560,614,612,-1,560,612,562,-1,562,612,610,-1,562,610,564,-1,564,610,608,-1,564,608,566,-1,566,608,606,-1,566,606,568,-1,568,606,604,-1,568,604,570,-1,570,604,602,-1,570,602,572,-1,572,602,600,-1,572,600,574,-1,574,600,598,-1,574,598,576,-1,576,598,596,-1,576,596,578,-1,578,596,594,-1,578,594,580,-1,580,594,592,-1,580,592,582,-1,582,592,590,-1,582,590,584,-1,584,590,588,-1,584,588,586,-1,644,645,646,-1,644,646,647,-1,647,646,648,-1,647,648,649,-1,645,644,650,-1,645,650,651,-1,651,650,652,-1,651,652,653,-1,653,652,654,-1,653,654,655,-1,656,657,654,-1,654,657,655,-1,657,656,658,-1,657,658,659,-1,659,658,660,-1,659,660,661,-1,661,660,662,-1,661,662,663,-1,663,662,664,-1,663,664,665,-1,665,664,666,-1,665,666,667,-1,667,666,668,-1,667,668,669,-1,669,668,670,-1,669,670,671,-1,671,670,672,-1,671,672,673,-1,673,672,674,-1,673,674,675,-1,675,674,676,-1,675,676,677,-1,677,676,678,-1,677,678,679,-1,679,678,680,-1,679,680,681,-1,681,680,682,-1,681,682,683,-1,683,682,684,-1,683,684,685,-1,685,684,686,-1,685,686,687,-1,687,686,688,-1,687,688,689,-1,689,688,690,-1,689,690,691,-1,691,690,692,-1,691,692,693,-1,693,692,694,-1,693,694,695,-1,695,694,696,-1,695,696,697,-1,697,696,698,-1,697,698,699,-1,699,698,700,-1,699,700,701,-1,702,703,700,-1,700,703,701,-1,704,705,702,-1,702,705,703,-1,705,704,706,-1,705,706,707,-1,707,706,708,-1,707,708,709,-1,709,708,710,-1,709,710,711,-1,711,710,712,-1,711,712,713,-1,713,712,714,-1,713,714,715,-1,715,714,716,-1,715,716,717,-1,717,716,718,-1,717,718,719,-1,719,718,720,-1,719,720,721,-1,721,720,722,-1,721,722,723,-1,723,722,724,-1,723,724,725,-1,725,724,726,-1,725,726,727,-1,728,729,726,-1,726,729,727,-1,730,731,728,-1,728,731,729,-1,732,731,733,-1,733,731,730,-1,732,733,734,-1,734,733,735,-1,734,735,736,-1,737,738,735,-1,735,738,736,-1,738,737,739,-1,739,737,647,-1,739,647,649,-1,668,666,694,-1,694,666,664,-1,694,664,696,-1,670,668,672,-1,672,668,694,-1,672,694,674,-1,674,694,692,-1,674,692,676,-1,730,728,656,-1,656,728,726,-1,656,726,724,-1,664,662,696,-1,696,662,660,-1,696,660,698,-1,698,660,658,-1,647,737,644,-1,644,737,735,-1,644,735,650,-1,650,735,733,-1,650,733,652,-1,652,733,730,-1,652,730,654,-1,654,730,656,-1,724,722,656,-1,656,722,720,-1,656,720,718,-1,680,690,688,-1,690,680,692,-1,692,680,678,-1,692,678,676,-1,718,716,656,-1,656,716,714,-1,656,714,712,-1,712,710,656,-1,656,710,708,-1,656,708,706,-1,706,704,656,-1,656,704,702,-1,656,702,658,-1,658,702,700,-1,658,700,698,-1,688,686,680,-1,680,686,684,-1,680,684,682,-1,
        ]
    }
}
Shape{
    appearance Appearance {
        material  Material 	{
            diffuseColor 0.27450980392156865 0.5215686274509804 0.27450980392156865
            specularColor 0.0196078431372549 0.0392156862745098 0.0196078431372549
            ambientIntensity 0.5993
            transparency 0.0
            shininess 0.5
        }
    }
    geometry IndexedFaceSet {
        ccw TRUE
        solid FALSE
        coord DEF co Coordinate {
            point [
                -0.7938 -1.5915 0.0, -0.7785 -1.5769 0.0, -0.8147 -1.7359 0.0, -0.8516 -1.5695 0.0, -0.8293 -1.5741 0.0, -0.8128 -1.5793 0.0, -0.808 -1.5819 0.0, -1.0663 -1.7462 0.0, -1.0663 -1.4466 0.0, -1.0556 -1.7507 0.0, -1.0576 -1.4463 0.0, -1.0488 -1.4466 0.0, -1.0239 -1.4494 0.0, -1.0064 -1.4517 0.0, -1.0069 -1.7581 0.0, -1.0315 -1.7562 0.0, -0.9496 -1.6317 0.0, -0.951 -1.5483 0.0, -0.9919 -1.7552 0.0, -0.9563 -1.7087 0.0, -0.9612 -1.7257 0.0, -0.9938 -1.4549 0.0, -0.9846 -1.459 0.0, -0.9778 -1.4644 0.0, -0.9675 -1.7379 0.0, -0.9743 -1.746 0.0, -0.981 -1.7509 0.0, -0.9712 -1.4729 0.0, -0.96 -1.498 0.0, -2.0866 -1.8898 2.3622, -2.0866 -1.8898 0.0, -1.9685 -1.8898 2.3622, -1.9685 -1.8898 0.0, -2.0866 -1.6929 2.3622, -1.9685 -1.6929 2.3622, -2.0866 -1.6929 0.0, -1.9685 -1.6929 0.0, -2.0866 -1.7943 0.0, -2.0866 -1.7847 0.0, -2.0866 1.6929 2.3622, -2.0866 1.6929 0.0, -1.9685 1.6929 2.3622, -1.9685 1.6929 0.0, -2.0866 1.8898 2.3622, -1.9685 1.8898 2.3622, -2.0866 1.8898 0.0, -1.9685 1.8898 0.0
            ]
        }
        coordIndex [
            0,1,2,-1,2,3,4,-1,4,5,2,-1,2,5,6,-1,2,6,0,-1,7,8,9,-1,9,8,10,-1,10,11,9,-1,9,11,12,-1,9,12,13,-1,14,15,16,-1,16,15,9,-1,16,9,17,-1,14,16,18,-1,18,16,19,-1,18,19,20,-1,13,21,9,-1,9,21,22,-1,9,22,23,-1,20,24,18,-1,18,24,25,-1,18,25,26,-1,23,27,9,-1,9,27,28,-1,9,28,17,-1,29,30,31,-1,31,30,32,-1,33,29,34,-1,34,29,31,-1,35,33,36,-1,36,33,34,-1,30,29,37,-1,37,29,33,-1,37,33,38,-1,38,33,35,-1,39,40,41,-1,41,40,42,-1,43,39,44,-1,44,39,41,-1,45,43,46,-1,46,43,44,-1,39,43,40,-1,40,43,45,-1,
        ]
    }
}