#VRML V2.0 utf8
# 3D model generated by easyeda2kicad.py (https://github.com/uPesy/easyeda2kicad.py)

Shape{
    appearance Appearance {
        material  Material 	{
            diffuseColor 0.8509803921568627 0.8509803921568627 0.8509803921568627
            specularColor 0.4235294117647059 0.4235294117647059 0.4235294117647059
            ambientIntensity 0.851
            transparency 0.0
            shininess 0.5
        }
    }
    geometry IndexedFaceSet {
        ccw TRUE
        solid FALSE
        coord DEF co Coordinate {
            point [
                1.2992 1.5156 1.7636, 1.2992 1.5156 -0.7283, 1.1417 1.5156 1.7636, 1.1417 1.5156 -0.7283, 1.1417 1.6362 1.8873, 1.2992 1.6362 1.8873, 1.1417 1.7305 2.032, 1.2992 1.7305 2.032, 1.1417 1.7949 2.1922, 1.2992 1.7949 2.1922, 1.1417 1.827 2.362, 1.2992 1.827 2.362, 1.1417 1.8255 2.5347, 1.2992 1.8255 2.5347, 1.1417 1.7906 2.7038, 1.2992 1.7906 2.7038, 1.1417 1.7235 2.863, 1.2992 1.7235 2.863, 1.1417 1.6268 3.0061, 1.2992 1.6268 3.0061, 1.1417 1.5041 3.1278, 1.2992 1.5041 3.1278, 1.1417 1.3602 3.2233, 1.2992 1.3602 3.2233, 1.1417 1.2005 3.289, 1.2992 1.2005 3.289, 1.1417 1.0311 3.3226, 1.2992 1.0311 3.3226, 1.1417 0.8583 3.3226, 1.2992 0.8583 3.3226, 1.1417 0.6889 3.289, 1.2992 0.6889 3.289, 1.1417 0.5292 3.2233, 1.2992 0.5292 3.2233, 1.1417 0.3852 3.1278, 1.2992 0.3852 3.1278, 1.1417 0.2626 3.0061, 1.2992 0.2626 3.0061, 1.1417 0.1659 2.863, 1.2992 0.1659 2.863, 1.1417 0.0988 2.7038, 1.2992 0.0988 2.7038, 1.1417 0.0638 2.5347, 1.2992 0.0638 2.5347, 1.1417 0.0624 2.362, 1.2992 0.0624 2.362, 1.1417 0.0945 2.1922, 1.2992 0.0945 2.1922, 1.1417 0.1589 2.032, 1.2992 0.1589 2.032, 1.1417 0.2532 1.8873, 1.2992 0.2532 1.8873, 1.1417 0.3738 1.7636, 1.2992 0.3738 1.7636, 1.2992 0.3738 -0.7283, 1.1417 0.3738 -0.7283, 1.1417 0.3904 -0.865, 1.2992 0.3904 -0.865, 1.1417 0.4392 -0.9936, 1.2992 0.4392 -0.9936, 1.1417 0.5174 -1.1069, 1.2992 0.5174 -1.1069, 1.1417 0.6204 -1.1982, 1.2992 0.6204 -1.1982, 1.1417 0.7423 -1.2621, 1.2992 0.7423 -1.2621, 1.1417 0.8759 -1.295, 1.2992 0.8759 -1.295, 1.1417 1.0135 -1.295, 1.2992 1.0135 -1.295, 1.1417 1.1471 -1.2621, 1.2992 1.1471 -1.2621, 1.1417 1.269 -1.1982, 1.2992 1.269 -1.1982, 1.1417 1.372 -1.1069, 1.2992 1.372 -1.1069, 1.1417 1.4502 -0.9936, 1.2992 1.4502 -0.9936, 1.1417 1.499 -0.865, 1.2992 1.499 -0.865, 1.2992 1.2141 2.0058, 1.2992 1.1296 1.9637, 1.2992 0.7598 1.9637, 1.2992 0.8506 1.9379, 1.2992 0.9447 1.9291, 1.2992 1.4543 2.3937, 1.2992 1.437 2.3009, 1.2992 1.4028 2.2128, 1.2992 1.3531 2.1325, 1.2992 1.2895 2.0627, 1.2992 1.4543 2.4882, 1.2992 1.0387 1.9379, 1.2992 0.6753 2.0058, 1.2992 0.5999 2.0627, 1.2992 0.5363 2.1325, 1.2992 0.4865 2.2128, 1.2992 0.4524 2.3009, 1.2992 0.4351 2.3937, 1.2992 0.4351 2.4882, 1.2992 0.4524 2.581, 1.2992 0.4865 2.6691, 1.2992 0.5363 2.7494, 1.2992 0.5999 2.8192, 1.2992 0.6753 2.8761, 1.2992 0.7598 2.9182, 1.2992 0.8506 2.944, 1.2992 1.437 2.581, 1.2992 1.4028 2.6691, 1.2992 1.3531 2.7494, 1.2992 1.2895 2.8192, 1.2992 1.2141 2.8761, 1.2992 1.1296 2.9182, 1.2992 1.0387 2.944, 1.2992 0.9447 2.9528, 1.1417 1.2231 2.1626, 1.1417 1.2856 2.2441, 1.1417 0.8428 2.8212, 1.1417 0.9447 2.8346, 1.1417 1.0466 2.8212, 1.1417 1.1415 2.7819, 1.1417 0.6663 2.7193, 1.1417 0.7478 2.7819, 1.1417 0.7478 2.1, 1.1417 0.8428 2.0607, 1.1417 0.9447 2.0472, 1.1417 1.0466 2.0607, 1.1417 1.1415 2.1, 1.1417 1.325 2.3391, 1.1417 1.3384 2.4409, 1.1417 1.325 2.5428, 1.1417 1.2231 2.7193, 1.1417 1.2856 2.6378, 1.1417 0.551 2.4409, 1.1417 0.5644 2.5428, 1.1417 0.6037 2.6378, 1.1417 0.6663 2.1626, 1.1417 0.6037 2.2441, 1.1417 0.5644 2.3391, -3.6538 0.9759 2.3708, -3.6538 0.9607 2.3658, -3.6614 0.9447 2.4409, -3.6538 0.9898 2.3788, -3.6538 1.0018 2.3896, -3.6538 1.0112 2.4025, -3.6538 1.0177 2.4172, -3.6538 1.0211 2.4329, -3.6538 1.0211 2.449, -3.6538 1.0177 2.4647, -3.6538 1.0112 2.4794, -3.6538 1.0018 2.4923, -3.6538 0.9898 2.5031, -3.6538 0.9759 2.5111, -3.6538 0.9607 2.5161, -3.6538 0.9447 2.5178, -3.6538 0.9287 2.5161, -3.6538 0.9134 2.5111, -3.6538 0.8995 2.5031, -3.6538 0.8876 2.4923, -3.6538 0.8782 2.4794, -3.6538 0.8716 2.4647, -3.6538 0.8683 2.449, -3.6538 0.8683 2.4329, -3.6538 0.8716 2.4172, -3.6538 0.8782 2.4025, -3.6538 0.8876 2.3896, -3.6538 0.8995 2.3788, -3.6538 0.9134 2.3708, -3.6538 0.9287 2.3658, -3.6538 0.9447 2.3641, -3.2677 0.7489 2.1019, -3.3445 0.7177 2.1286, -3.3445 0.7876 2.0882, -3.2677 0.7133 2.1224, -3.2677 0.6674 2.1638, -3.3445 0.6577 2.1826, -3.2677 0.6521 2.1775, -3.2677 0.6037 2.2441, -3.3445 0.6103 2.2479, -3.2677 0.5703 2.3193, -3.3445 0.5775 2.3216, -3.2677 0.566 2.3394, -3.3445 0.5607 2.4006, -3.2677 0.5531 2.3998, -3.2677 0.5531 2.4409, -3.3445 0.5607 2.4813, -3.2677 0.5531 2.4821, -3.2677 0.566 2.5425, -3.3445 0.5775 2.5603, -3.2677 0.5703 2.5626, -3.2677 0.6037 2.6378, -3.3445 0.6103 2.634, -3.2677 0.6521 2.7044, -3.3445 0.6577 2.6993, -3.2677 0.6674 2.7181, -3.3445 0.7177 2.7533, -3.2677 0.7133 2.7595, -3.2677 0.7489 2.78, -3.3445 0.7876 2.7937, -3.2677 0.7846 2.8006, -3.2677 0.8433 2.8197, -3.3445 0.8644 2.8186, -3.2677 0.8628 2.826, -3.2677 0.9447 2.8346, -3.3445 0.9447 2.8271, -3.2677 1.0265 2.826, -3.3445 1.025 2.8186, -3.2677 1.0461 2.8197, -3.3445 1.1017 2.7937, -3.2677 1.1048 2.8006, -3.2677 1.1405 2.78, -3.3445 1.1717 2.7533, -3.2677 1.1761 2.7595, -3.2677 1.222 2.7181, -3.3445 1.2316 2.6993, -3.2677 1.2373 2.7044, -3.2677 1.2856 2.6378, -3.3445 1.2791 2.634, -3.2677 1.3191 2.5626, -3.3445 1.3119 2.5603, -3.2677 1.3234 2.5425, -3.3445 1.3287 2.4813, -3.2677 1.3362 2.4821, -3.2677 1.3362 2.4409, -3.3445 1.3287 2.4006, -3.2677 1.3362 2.3998, -3.2677 1.3234 2.3394, -3.3445 1.3119 2.3216, -3.2677 1.3191 2.3193, -3.2677 1.2856 2.2441, -3.3445 1.2791 2.2479, -3.2677 1.2373 2.1775, -3.3445 1.2316 2.1826, -3.2677 1.222 2.1638, -3.3445 1.1717 2.1286, -3.2677 1.1761 2.1224, -3.2677 1.1405 2.1019, -3.3445 1.1017 2.0882, -3.2677 1.1048 2.0813, -3.2677 1.0461 2.0622, -3.3445 1.025 2.0632, -3.2677 1.0265 2.0559, -3.2677 0.9447 2.0472, -3.3445 0.9447 2.0548, -3.2677 0.8628 2.0559, -3.3445 0.8644 2.0632, -3.2677 0.8433 2.0622, -3.2677 0.7846 2.0813, -3.4184 1.0203 2.0852, -3.4184 1.0926 2.1087, -3.4184 1.1585 2.1467, -3.4184 1.215 2.1976, -3.4184 1.2597 2.2591, -3.4184 1.2906 2.3285, -3.4184 1.3064 2.4029, -3.4184 1.3064 2.479, -3.4184 1.2906 2.5533, -3.4184 1.2597 2.6228, -3.4184 1.215 2.6843, -3.4184 1.1585 2.7352, -3.4184 1.0926 2.7732, -3.4184 1.0203 2.7967, -3.4184 0.9447 2.8047, -3.4184 0.8691 2.7967, -3.4184 0.7967 2.7732, -3.4184 0.7309 2.7352, -3.4184 0.6744 2.6843, -3.4184 0.6297 2.6228, -3.4184 0.5988 2.5533, -3.4184 0.5829 2.479, -3.4184 0.5829 2.4029, -3.4184 0.5988 2.3285, -3.4184 0.6297 2.2591, -3.4184 0.6744 2.1976, -3.4184 0.7309 2.1467, -3.4184 0.7967 2.1087, -3.4184 0.8691 2.0852, -3.4184 0.9447 2.0772, -3.4864 1.0127 2.1208, -3.4864 1.0778 2.1419, -3.4864 1.1371 2.1761, -3.4864 1.188 2.2219, -3.4864 1.2282 2.2773, -3.4864 1.256 2.3398, -3.4864 1.2702 2.4067, -3.4864 1.2702 2.4752, -3.4864 1.256 2.5421, -3.4864 1.2282 2.6046, -3.4864 1.188 2.66, -3.4864 1.1371 2.7058, -3.4864 1.0778 2.74, -3.4864 1.0127 2.7611, -3.4864 0.9447 2.7683, -3.4864 0.8766 2.7611, -3.4864 0.8115 2.74, -3.4864 0.7523 2.7058, -3.4864 0.7014 2.66, -3.4864 0.6612 2.6046, -3.4864 0.6334 2.5421, -3.4864 0.6191 2.4752, -3.4864 0.6191 2.4067, -3.4864 0.6334 2.3398, -3.4864 0.6612 2.2773, -3.4864 0.7014 2.2219, -3.4864 0.7523 2.1761, -3.4864 0.8115 2.1419, -3.4864 0.8766 2.1208, -3.4864 0.9447 2.1136, -3.5461 1.0026 2.1686, -3.5461 1.0579 2.1866, -3.5461 1.1083 2.2157, -3.5461 1.1516 2.2547, -3.5461 1.1858 2.3018, -3.5461 1.2095 2.3549, -3.5461 1.2216 2.4118, -3.5461 1.2216 2.47, -3.5461 1.2095 2.527, -3.5461 1.1858 2.5801, -3.5461 1.1516 2.6272, -3.5461 1.1083 2.6662, -3.5461 1.0579 2.6953, -3.5461 1.0026 2.7133, -3.5461 0.9447 2.7193, -3.5461 0.8868 2.7133, -3.5461 0.8315 2.6953, -3.5461 0.7811 2.6662, -3.5461 0.7378 2.6272, -3.5461 0.7036 2.5801, -3.5461 0.6799 2.527, -3.5461 0.6678 2.47, -3.5461 0.6678 2.4118, -3.5461 0.6799 2.3549, -3.5461 0.7036 2.3018, -3.5461 0.7378 2.2547, -3.5461 0.7811 2.2157, -3.5461 0.8315 2.1866, -3.5461 0.8868 2.1686, -3.5461 0.9447 2.1626, -3.5951 0.9902 2.227, -3.5951 1.0337 2.2411, -3.5951 1.0733 2.264, -3.5951 1.1072 2.2946, -3.5951 1.1341 2.3316, -3.5951 1.1527 2.3734, -3.5951 1.1622 2.4181, -3.5951 1.1622 2.4638, -3.5951 1.1527 2.5085, -3.5951 1.1341 2.5503, -3.5951 1.1072 2.5873, -3.5951 1.0733 2.6179, -3.5951 1.0337 2.6408, -3.5951 0.9902 2.6549, -3.5951 0.9447 2.6597, -3.5951 0.8992 2.6549, -3.5951 0.8557 2.6408, -3.5951 0.8161 2.6179, -3.5951 0.7821 2.5873, -3.5951 0.7553 2.5503, -3.5951 0.7367 2.5085, -3.5951 0.7272 2.4638, -3.5951 0.7272 2.4181, -3.5951 0.7367 2.3734, -3.5951 0.7553 2.3316, -3.5951 0.7821 2.2946, -3.5951 0.8161 2.264, -3.5951 0.8557 2.2411, -3.5951 0.8992 2.227, -3.5951 0.9447 2.2222, -3.6314 0.976 2.2936, -3.6314 1.006 2.3033, -3.6314 1.0332 2.3191, -3.6314 1.0567 2.3401, -3.6314 1.0752 2.3656, -3.6314 1.088 2.3944, -3.6314 1.0945 2.4252, -3.6314 1.0945 2.4567, -3.6314 1.088 2.4875, -3.6314 1.0752 2.5163, -3.6314 1.0567 2.5418, -3.6314 1.0332 2.5628, -3.6314 1.006 2.5786, -3.6314 0.976 2.5883, -3.6314 0.9447 2.5916, -3.6314 0.9134 2.5883, -3.6314 0.8834 2.5786, -3.6314 0.8561 2.5628, -3.6314 0.8327 2.5418, -3.6314 0.8142 2.5163, -3.6314 0.8014 2.4875, -3.6314 0.7949 2.4567, -3.6314 0.7949 2.4252, -3.6314 0.8014 2.3944, -3.6314 0.8142 2.3656, -3.6314 0.8327 2.3401, -3.6314 0.8561 2.3191, -3.6314 0.8834 2.3033, -3.6314 0.9134 2.2936, -3.6314 0.9447 2.2903, -3.2677 1.0159 2.1751, -3.2677 1.0775 2.1994, -3.329 1.0741 2.2055, -3.2677 1.0821 2.2028, -3.2677 1.1333 2.2401, -3.329 1.1286 2.2451, -3.2677 1.1388 2.2467, -3.2677 1.1774 2.2933, -3.329 1.1715 2.297, -3.2677 1.1823 2.3037, -3.2677 1.2068 2.3558, -3.329 1.2002 2.3579, -3.2677 1.2095 2.3699, -3.2677 1.2197 2.4236, -3.329 1.2128 2.4241, -3.2677 1.2187 2.4408, -3.2677 1.2154 2.4926, -3.329 1.2086 2.4913, -3.2677 1.2092 2.5117, -3.2677 1.1941 2.5583, -3.329 1.1878 2.5553, -3.2677 1.1817 2.5777, -3.2677 1.157 2.6166, -3.329 1.1517 2.6122, -3.2677 1.1382 2.6343, -3.2677 1.1067 2.6639, -3.329 1.1026 2.6583, -3.2677 1.0815 2.6778, -3.2677 1.0461 2.6972, -3.329 1.0436 2.6908, -3.2677 1.0155 2.7051, -3.2677 0.9792 2.7144, -3.329 0.9784 2.7075, -3.2677 0.9447 2.7144, -3.2677 0.9101 2.7144, -3.329 0.911 2.7075, -3.2677 0.8739 2.7051, -3.2677 0.8432 2.6972, -3.329 0.8458 2.6908, -3.2677 0.8079 2.6778, -3.2677 0.7827 2.6639, -3.329 0.7868 2.6583, -3.2677 0.7512 2.6343, -3.2677 0.7323 2.6166, -3.329 0.7377 2.6122, -3.2677 0.7077 2.5777, -3.2677 0.6953 2.5583, -3.329 0.7016 2.5553, -3.2677 0.6802 2.5117, -3.2677 0.674 2.4926, -3.329 0.6808 2.4913, -3.2677 0.6707 2.4408, -3.2677 0.6696 2.4236, -3.329 0.6765 2.4241, -3.2677 0.6799 2.3699, -3.2677 0.6826 2.3558, -3.329 0.6892 2.3579, -3.2677 0.7071 2.3037, -3.2677 0.712 2.2933, -3.329 0.7178 2.297, -3.2677 0.7505 2.2467, -3.2677 0.756 2.2401, -3.329 0.7608 2.2451, -3.5364 1.0059 2.4371, -3.5364 1.003 2.422, -3.516 1.0584 2.404, -3.5433 0.9447 2.4409, -3.4832 1.0898 2.3489, -3.516 1.0456 2.3769, -3.5364 0.9965 2.4081, -3.4395 1.0922 2.2839, -3.4832 1.0623 2.3157, -3.516 1.0265 2.3538, -3.5364 0.9867 2.3962, -3.3873 1.0643 2.2234, -3.4395 1.0485 2.2521, -3.4832 1.0275 2.2904, -3.516 1.0023 2.3362, -3.5364 0.9742 2.3872, -3.3873 0.8829 2.2005, -3.3873 0.9447 2.1926, -3.4395 0.9447 2.2255, -3.329 1.0115 2.1807, -3.3873 1.0064 2.2005, -3.4395 0.9983 2.2323, -3.4832 0.9874 2.2745, -3.516 0.9744 2.3251, -3.5364 0.9599 2.3815, -3.329 0.9447 2.1723, -3.329 0.8779 2.1807, -3.329 0.8153 2.2055, -3.2677 0.9447 2.1654, -3.2677 0.8762 2.174, -3.2677 0.8735 2.1751, -3.2677 0.8119 2.1994, -3.2677 0.8073 2.2028, -3.3873 0.8251 2.2234, -3.4395 0.8911 2.2323, -3.4832 0.9447 2.2691, -3.3873 0.7747 2.2599, -3.4395 0.8409 2.2521, -3.4832 0.902 2.2745, -3.516 0.9447 2.3214, -3.3873 0.735 2.3079, -3.4395 0.7972 2.2839, -3.4832 0.8619 2.2904, -3.516 0.915 2.3251, -3.5364 0.9447 2.3796, -3.3873 0.7085 2.3642, -3.4395 0.7628 2.3255, -3.4832 0.8271 2.3157, -3.516 0.8871 2.3362, -3.5364 0.9294 2.3815, -3.3873 0.7008 2.4875, -3.3873 0.6969 2.4254, -3.4395 0.7296 2.4274, -3.4395 0.7398 2.3744, -3.4832 0.7813 2.3879, -3.4832 0.7996 2.3489, -3.516 0.8437 2.3769, -3.516 0.8628 2.3538, -3.5364 0.9027 2.3962, -3.5364 0.9151 2.3872, -3.3873 0.72 2.5467, -3.4395 0.733 2.4813, -3.4832 0.7732 2.4302, -3.516 0.831 2.404, -3.5364 0.8929 2.4081, -3.3873 0.7534 2.5992, -3.4395 0.7497 2.5327, -3.4832 0.7759 2.4731, -3.516 0.8254 2.4334, -3.5364 0.8864 2.422, -3.3873 0.7987 2.6418, -3.4395 0.7787 2.5783, -3.4832 0.7892 2.5141, -3.516 0.8272 2.4634, -3.5364 0.8835 2.4371, -3.3873 0.8533 2.6718, -3.4395 0.818 2.6153, -3.4832 0.8123 2.5505, -3.516 0.8365 2.4919, -3.5364 0.8844 2.4524, -3.3873 0.9136 2.6873, -3.4395 0.8654 2.6413, -3.4832 0.8437 2.58, -3.516 0.8526 2.5172, -3.5364 0.8892 2.4671, -3.3873 0.9758 2.6873, -3.4395 0.9177 2.6547, -3.4832 0.8814 2.6007, -3.516 0.8744 2.5377, -3.5364 0.8974 2.48, -3.3873 1.0361 2.6718, -3.4395 0.9717 2.6547, -3.4832 0.9232 2.6114, -3.516 0.9007 2.5521, -3.5364 0.9086 2.4906, -3.3873 1.0906 2.6418, -3.4395 1.024 2.6413, -3.4832 0.9662 2.6114, -3.516 0.9297 2.5596, -3.5364 0.9221 2.498, -3.3873 1.136 2.5992, -3.4395 1.0713 2.6153, -3.4832 1.0079 2.6007, -3.516 0.9597 2.5596, -3.5364 0.937 2.5018, -3.3873 1.1694 2.5467, -3.4395 1.1107 2.5783, -3.4832 1.0457 2.58, -3.516 0.9887 2.5521, -3.5364 0.9524 2.5018, -3.3873 1.1886 2.4875, -3.4395 1.1396 2.5327, -3.4832 1.0771 2.5505, -3.516 1.015 2.5377, -3.5364 0.9673 2.498, -3.3873 1.1925 2.4254, -3.4395 1.1563 2.4813, -3.4832 1.1002 2.5141, -3.516 1.0368 2.5172, -3.5364 0.9807 2.4906, -3.3873 1.1808 2.3642, -3.4395 1.1597 2.4274, -3.4832 1.1135 2.4731, -3.516 1.0529 2.4919, -3.5364 0.9919 2.48, -3.3873 1.1543 2.3079, -3.4395 1.1496 2.3744, -3.4832 1.1162 2.4302, -3.516 1.0621 2.4634, -3.5364 1.0002 2.4671, -3.3873 1.1147 2.2599, -3.4395 1.1266 2.3255, -3.4832 1.1081 2.3879, -3.516 1.064 2.4334, -3.5364 1.0049 2.4524, -3.2677 1.0132 2.174, 1.2992 1.1388 2.2469, 1.2992 1.1495 2.2565, 1.2992 1.1834 2.3032, 1.2992 1.2068 2.3558, 1.2992 1.2098 2.3699, 1.2992 1.2188 2.4121, 1.2992 1.2188 2.4409, 1.2992 1.2188 2.4698, 1.2992 1.2098 2.512, 1.2992 1.2068 2.5261, 1.2992 1.1834 2.5787, 1.2992 1.1495 2.6254, 1.2992 1.1388 2.635, 1.2992 1.1067 2.6639, 1.2992 1.0817 2.6783, 1.2992 1.0568 2.6927, 1.2992 1.0157 2.7061, 1.2992 1.002 2.7105, 1.2992 0.9447 2.7165, 1.2992 0.8874 2.7105, 1.2992 0.8737 2.7061, 1.2992 0.8326 2.6927, 1.2992 0.8076 2.6783, 1.2992 0.7827 2.6639, 1.2992 0.7506 2.635, 1.2992 0.7399 2.6254, 1.2992 0.706 2.5787, 1.2992 0.6826 2.5261, 1.2992 0.6796 2.512, 1.2992 0.6706 2.4698, 1.2992 0.6706 2.4409, 1.2992 0.6706 2.4121, 1.2992 0.6796 2.3699, 1.2992 0.6826 2.3558, 1.2992 0.706 2.3032, 1.2992 0.7399 2.2565, 1.2992 0.7506 2.2469, 1.2992 0.7827 2.218, 1.2992 0.8076 2.2036, 1.2992 0.8326 2.1892, 1.2992 0.8737 2.1758, 1.2992 1.1067 2.218, 1.2992 1.0817 2.2036, 1.2992 1.0568 2.1892, 1.2992 1.0157 2.1758, 1.2992 1.002 2.1714, 1.2992 0.9447 2.1654, 1.2992 0.8874 2.1714, 1.4173 1.0169 2.0548, 1.4173 1.0265 2.0559, 1.4133 1.0202 2.0858, 1.4173 1.2572 2.2049, 1.4173 1.2856 2.2441, 1.4133 1.2592 2.2594, 1.4173 1.2955 2.2662, 1.4173 1.3191 2.3193, 1.4133 1.29 2.3287, 1.4173 1.3221 2.3335, 1.4173 1.3362 2.3998, 1.4133 1.3058 2.403, 1.4173 1.2085 2.7303, 1.4173 1.1761 2.7595, 1.4133 1.1581 2.7347, 1.4173 1.151 2.774, 1.4173 1.1048 2.8006, 1.4133 1.0924 2.7727, 1.4173 1.0864 2.8066, 1.4173 1.0265 2.826, 1.4133 1.0202 2.7961, 1.4173 1.0169 2.8271, 1.4173 0.9447 2.8346, 1.4133 0.9447 2.8041, 1.4173 0.8724 2.8271, 1.4173 0.8628 2.826, 1.4133 0.8692 2.7961, 1.4173 0.6322 2.677, 1.4173 0.6037 2.6378, 1.4133 0.6302 2.6225, 1.4173 0.5939 2.6157, 1.4173 0.5703 2.5626, 1.4133 0.5993 2.5532, 1.4173 0.5531 2.4046, 1.4173 0.5531 2.3998, 1.4133 0.5835 2.403, 1.4173 0.6809 2.1516, 1.4173 0.7133 2.1224, 1.4133 0.7312 2.1472, 1.4173 0.7384 2.1079, 1.4173 0.7846 2.0813, 1.4133 0.797 2.1092, 1.4173 0.8029 2.0753, 1.4173 0.8628 2.0559, 1.4133 0.8692 2.0858, 1.4173 0.8724 2.0548, 1.4173 0.9447 2.0472, 1.4133 0.9447 2.0778, 1.3298 1.0028 2.1674, 1.3298 1.0584 2.1855, 1.3298 1.109 2.2147, 1.3298 1.2106 2.3545, 1.3298 1.2228 2.4117, 1.3298 1.1525 2.628, 1.3298 1.109 2.6672, 1.3298 1.0584 2.6964, 1.3298 0.8866 2.7145, 1.3298 0.831 2.6964, 1.3298 0.6788 2.5274, 1.3298 0.6666 2.4702, 1.3298 0.7369 2.2538, 1.3298 0.7803 2.2147, 1.3298 0.7025 2.3011, 1.3583 0.7281 2.246, 1.3583 0.6923 2.2952, 1.3827 0.7142 2.2334, 1.3827 0.6761 2.2859, 1.4015 0.696 2.217, 1.4015 0.6549 2.2736, 1.4133 0.6748 2.198, 1.4133 0.6302 2.2594, 1.3298 0.7369 2.628, 1.3298 0.7803 2.6672, 1.3583 0.7281 2.6359, 1.3583 0.7734 2.6767, 1.3827 0.7142 2.6485, 1.3827 0.7624 2.6919, 1.4015 0.696 2.6649, 1.4015 0.748 2.7117, 1.4133 0.6748 2.6839, 1.4133 0.7312 2.7347, 1.3298 1.1868 2.5808, 1.3583 1.1613 2.6359, 1.3583 1.1971 2.5867, 1.3827 1.1752 2.6485, 1.3827 1.2133 2.596, 1.4015 1.1934 2.6649, 1.4015 1.2345 2.6083, 1.4133 1.2145 2.6839, 1.4133 1.2592 2.6225, 1.3298 1.1525 2.2538, 1.3583 1.1613 2.246, 1.3583 1.116 2.2052, 1.3827 1.1752 2.2334, 1.3827 1.127 2.19, 1.4015 1.1934 2.217, 1.4015 1.1414 2.1702, 1.4133 1.2145 2.198, 1.4133 1.1581 2.1472, 1.4015 0.8751 2.1136, 1.4015 0.9447 2.1063, 1.3827 0.8802 2.1375, 1.3827 0.9447 2.1308, 1.3583 0.8841 2.1559, 1.3583 0.9447 2.1495, 1.3298 0.8866 2.1674, 1.3298 0.9447 2.1613, 1.4015 0.8086 2.1352, 1.3827 0.8185 2.1576, 1.3583 0.8262 2.1747, 1.3298 0.831 2.1855, 1.4015 0.748 2.1702, 1.3827 0.7624 2.19, 1.3583 0.7734 2.2052, 1.4173 0.6521 2.1775, 1.4173 0.5672 2.3335, 1.4173 0.5703 2.3193, 1.4133 0.5993 2.3287, 1.4015 0.6264 2.3375, 1.3827 0.6497 2.3451, 1.3583 0.6675 2.3509, 1.3298 0.6788 2.3545, 1.4173 0.5939 2.2662, 1.4173 0.6037 2.2441, 1.4173 0.6322 2.2049, 1.4015 0.6119 2.406, 1.3827 0.6362 2.4085, 1.3583 0.6549 2.4105, 1.3298 0.6666 2.4117, 1.4173 0.5672 2.5484, 1.4173 0.5531 2.4821, 1.4133 0.5835 2.4789, 1.4173 0.5531 2.4773, 1.4015 0.6119 2.4759, 1.3827 0.6362 2.4734, 1.3583 0.6549 2.4714, 1.4015 0.6264 2.5444, 1.3827 0.6497 2.5368, 1.3583 0.6675 2.531, 1.4015 0.6549 2.6083, 1.3827 0.6761 2.596, 1.3583 0.6923 2.5867, 1.3298 0.7025 2.5808, 1.4173 0.6521 2.7044, 1.4173 0.8029 2.8066, 1.4173 0.7846 2.8006, 1.4133 0.797 2.7727, 1.4015 0.8086 2.7467, 1.3827 0.8185 2.7243, 1.3583 0.8262 2.7072, 1.4173 0.7384 2.774, 1.4173 0.7133 2.7595, 1.4173 0.6809 2.7303, 1.4015 0.8751 2.7683, 1.3827 0.8802 2.7444, 1.3583 0.8841 2.726, 1.4015 0.9447 2.7756, 1.3827 0.9447 2.7511, 1.3583 0.9447 2.7324, 1.3298 0.9447 2.7206, 1.4015 1.0143 2.7683, 1.3827 1.0092 2.7444, 1.3583 1.0053 2.726, 1.3298 1.0028 2.7145, 1.4015 1.0808 2.7467, 1.3827 1.0709 2.7243, 1.3583 1.0632 2.7072, 1.4015 1.1414 2.7117, 1.3827 1.127 2.6919, 1.3583 1.116 2.6767, 1.4173 1.2373 2.7044, 1.4173 1.3221 2.5484, 1.4173 1.3191 2.5626, 1.4133 1.29 2.5532, 1.4015 1.263 2.5444, 1.3827 1.2397 2.5368, 1.3583 1.2218 2.531, 1.3298 1.2106 2.5274, 1.4173 1.2955 2.6157, 1.4173 1.2856 2.6378, 1.4173 1.2572 2.677, 1.3298 1.2228 2.4702, 1.3583 1.2345 2.4714, 1.3827 1.2532 2.4734, 1.4015 1.2775 2.4759, 1.4133 1.3058 2.4789, 1.4173 1.3362 2.4046, 1.4173 1.3362 2.4773, 1.4173 1.3362 2.4821, 1.4015 1.2775 2.406, 1.3827 1.2532 2.4085, 1.3583 1.2345 2.4105, 1.4015 1.263 2.3375, 1.3827 1.2397 2.3451, 1.3583 1.2218 2.3509, 1.4015 1.2345 2.2736, 1.3827 1.2133 2.2859, 1.3583 1.1971 2.2952, 1.3298 1.1868 2.3011, 1.4173 1.2373 2.1775, 1.4173 1.0864 2.0753, 1.4173 1.1048 2.0813, 1.4133 1.0924 2.1092, 1.4015 1.0808 2.1352, 1.3827 1.0709 2.1576, 1.3583 1.0632 2.1747, 1.4173 1.151 2.1079, 1.4173 1.1761 2.1224, 1.4173 1.2085 2.1516, 1.4015 1.0143 2.1136, 1.3827 1.0092 2.1375, 1.3583 1.0053 2.1559, 1.4133 0.7213 2.0802, 1.4133 0.7914 2.0453, 1.4133 0.6589 2.1274, 1.4133 0.6061 2.1853, 1.4133 0.5649 2.2518, 1.4133 0.5366 2.3248, 1.4133 0.5222 2.4018, 1.4133 0.5222 2.4801, 1.4133 0.5366 2.5571, 1.4133 0.5649 2.6301, 1.4133 0.6061 2.6966, 1.4133 0.6589 2.7545, 1.4133 0.7213 2.8017, 1.4133 0.7914 2.8366, 1.4133 0.8667 2.858, 1.4133 0.9447 2.8652, 1.4133 1.0226 2.858, 1.4133 1.098 2.8366, 1.4133 1.168 2.8017, 1.4133 1.2305 2.7545, 1.4133 1.2833 2.6966, 1.4133 1.3245 2.6301, 1.4133 1.3528 2.5571, 1.4133 1.3671 2.4801, 1.4133 1.3671 2.4018, 1.4133 1.3528 2.3248, 1.4133 1.3245 2.2518, 1.4133 1.2833 2.1853, 1.4133 1.2305 2.1274, 1.4133 1.168 2.0802, 1.4133 1.098 2.0453, 1.4133 1.0226 2.0239, 1.4133 0.9447 2.0167, 1.4133 0.8667 2.0239, 1.4015 1.0279 1.9959, 1.4015 1.1082 2.0188, 1.4015 1.183 2.056, 1.4015 1.2497 2.1064, 1.4015 1.306 2.1681, 1.4015 1.35 2.2391, 1.4015 1.3802 2.317, 1.4015 1.3955 2.3992, 1.4015 1.3955 2.4827, 1.4015 1.3802 2.5649, 1.4015 1.35 2.6428, 1.4015 1.306 2.7138, 1.4015 1.2497 2.7755, 1.4015 1.183 2.8259, 1.4015 1.1082 2.8631, 1.4015 1.0279 2.886, 1.4015 0.9447 2.8937, 1.4015 0.8615 2.886, 1.4015 0.7811 2.8631, 1.4015 0.7063 2.8259, 1.4015 0.6397 2.7755, 1.4015 0.5834 2.7138, 1.4015 0.5394 2.6428, 1.4015 0.5092 2.5649, 1.4015 0.4939 2.4827, 1.4015 0.4939 2.3992, 1.4015 0.5092 2.317, 1.4015 0.5394 2.2391, 1.4015 0.5834 2.1681, 1.4015 0.6397 2.1064, 1.4015 0.7063 2.056, 1.4015 0.7811 2.0188, 1.4015 0.8615 1.9959, 1.4015 0.9447 1.9882, 1.3827 1.0324 1.9719, 1.3827 1.1171 1.996, 1.3827 1.1959 2.0352, 1.3827 1.2662 2.0883, 1.3827 1.3255 2.1534, 1.3827 1.3719 2.2282, 1.3827 1.4037 2.3104, 1.3827 1.4199 2.3969, 1.3827 1.4199 2.485, 1.3827 1.4037 2.5715, 1.3827 1.3719 2.6537, 1.3827 1.3255 2.7285, 1.3827 1.2662 2.7936, 1.3827 1.1959 2.8467, 1.3827 1.1171 2.8859, 1.3827 1.0324 2.91, 1.3827 0.9447 2.9182, 1.3827 0.857 2.91, 1.3827 0.7723 2.8859, 1.3827 0.6935 2.8467, 1.3827 0.6232 2.7936, 1.3827 0.5639 2.7285, 1.3827 0.5175 2.6537, 1.3827 0.4857 2.5715, 1.3827 0.4695 2.485, 1.3827 0.4695 2.3969, 1.3827 0.4857 2.3104, 1.3827 0.5175 2.2282, 1.3827 0.5639 2.1534, 1.3827 0.6232 2.0883, 1.3827 0.6935 2.0352, 1.3827 0.7723 1.996, 1.3827 0.857 1.9719, 1.3827 0.9447 1.9637, 1.3583 1.0358 1.9534, 1.3583 1.1239 1.9785, 1.3583 1.2058 2.0193, 1.3583 1.2788 2.0744, 1.3583 1.3405 2.142, 1.3583 1.3887 2.2199, 1.3583 1.4217 2.3052, 1.3583 1.4386 2.3952, 1.3583 1.4386 2.4867, 1.3583 1.4217 2.5767, 1.3583 1.3887 2.662, 1.3583 1.3405 2.7398, 1.3583 1.2788 2.8075, 1.3583 1.2058 2.8626, 1.3583 1.1239 2.9034, 1.3583 1.0358 2.9285, 1.3583 0.9447 2.9369, 1.3583 0.8536 2.9285, 1.3583 0.7655 2.9034, 1.3583 0.6836 2.8626, 1.3583 0.6105 2.8075, 1.3583 0.5489 2.7398, 1.3583 0.5007 2.662, 1.3583 0.4676 2.5767, 1.3583 0.4508 2.4867, 1.3583 0.4508 2.3952, 1.3583 0.4676 2.3052, 1.3583 0.5007 2.2199, 1.3583 0.5489 2.142, 1.3583 0.6105 2.0744, 1.3583 0.6836 2.0193, 1.3583 0.7655 1.9785, 1.3583 0.8536 1.9534, 1.3583 0.9447 1.945, 1.3298 1.038 1.9418, 1.3298 1.1281 1.9675, 1.3298 1.212 2.0092, 1.3298 1.2868 2.0657, 1.3298 1.3499 2.1349, 1.3298 1.3992 2.2146, 1.3298 1.4331 2.302, 1.3298 1.4503 2.3941, 1.3298 1.4503 2.4878, 1.3298 1.4331 2.5799, 1.3298 1.3992 2.6673, 1.3298 1.3499 2.747, 1.3298 1.2868 2.8162, 1.3298 1.212 2.8727, 1.3298 1.1281 2.9144, 1.3298 1.038 2.9401, 1.3298 0.9447 2.9487, 1.3298 0.8514 2.9401, 1.3298 0.7613 2.9144, 1.3298 0.6774 2.8727, 1.3298 0.6026 2.8162, 1.3298 0.5395 2.747, 1.3298 0.4901 2.6673, 1.3298 0.4563 2.5799, 1.3298 0.4391 2.4878, 1.3298 0.4391 2.3941, 1.3298 0.4563 2.302, 1.3298 0.4901 2.2146, 1.3298 0.5395 2.1349, 1.3298 0.6026 2.0657, 1.3298 0.6774 2.0092, 1.3298 0.7613 1.9675, 1.3298 0.8514 1.9418, 1.3298 0.9447 1.9332, 0.1311 -0.8663 -0.8383, 0.1378 -0.8663 -0.7874, 0.4528 -0.8663 -0.7874, -0.11 -0.8663 -0.5973, -0.5709 -0.8663 1.2598, -0.059 -0.8663 -0.5905, 0.4528 -0.8663 1.2598, -0.0081 -0.8663 -0.5973, 0.0394 -0.8663 -0.6169, -0.2295 -0.8663 -0.689, -0.5709 -0.8663 -0.7874, -0.1982 -0.8663 -0.6482, -0.1575 -0.8663 -0.6169, 0.4429 -0.8663 -0.8872, 0.4138 -0.8663 -0.9833, 0.1114 -0.8663 -0.8858, 0.3665 -0.8663 -1.0717, 0.0801 -0.8663 -0.9266, 0.3029 -0.8663 -1.1493, 0.0394 -0.8663 -0.9579, -0.2492 -0.8663 -0.7364, -0.2559 -0.8663 -0.7874, -0.561 -0.8663 -0.8872, -0.2492 -0.8663 -0.8383, -0.5319 -0.8663 -0.9833, -0.2295 -0.8663 -0.8858, -0.11 -0.8663 -0.9775, -0.2549 -0.8663 -1.2603, -0.1575 -0.8663 -0.9579, -0.3434 -0.8663 -1.213, -0.1982 -0.8663 -0.9266, -0.421 -0.8663 -1.1493, -0.4846 -0.8663 -1.0717, 0.2253 -0.8663 -1.213, 0.1368 -0.8663 -1.2603, -0.0081 -0.8663 -0.9775, 0.0408 -0.8663 -1.2894, -0.059 -0.8663 -0.9842, -0.059 -0.8663 -1.2992, -0.1589 -0.8663 -1.2894, 0.1311 -0.8663 -0.7364, 0.1114 -0.8663 -0.689, 0.0801 -0.8663 -0.6482, -0.1575 -1.0238 -0.6169, -0.11 -1.0238 -0.5973, -0.5709 -1.0238 1.2598, 0.4528 -1.0238 1.2598, -0.059 -1.0238 -0.5905, -0.0081 -1.0238 -0.5973, 0.1114 -1.0238 -0.689, 0.4528 -1.0238 -0.7874, 0.0801 -1.0238 -0.6482, 0.0394 -1.0238 -0.6169, -0.1575 -1.0238 -0.9579, -0.2549 -1.0238 -1.2603, -0.11 -1.0238 -0.9775, -0.1589 -1.0238 -1.2894, -0.059 -1.0238 -0.9842, -0.059 -1.0238 -1.2992, -0.0081 -1.0238 -0.9775, -0.2492 -1.0238 -0.8383, -0.5319 -1.0238 -0.9833, -0.2295 -1.0238 -0.8858, -0.4846 -1.0238 -1.0717, -0.1982 -1.0238 -0.9266, -0.421 -1.0238 -1.1493, -0.3434 -1.0238 -1.213, -0.2559 -1.0238 -0.7874, -0.5709 -1.0238 -0.7874, -0.561 -1.0238 -0.8872, -0.2492 -1.0238 -0.7364, -0.2295 -1.0238 -0.689, -0.1982 -1.0238 -0.6482, 0.1311 -1.0238 -0.7364, 0.1378 -1.0238 -0.7874, 0.4429 -1.0238 -0.8872, 0.1311 -1.0238 -0.8383, 0.4138 -1.0238 -0.9833, 0.1114 -1.0238 -0.8858, 0.0408 -1.0238 -1.2894, 0.1368 -1.0238 -1.2603, 0.0394 -1.0238 -0.9579, 0.2253 -1.0238 -1.213, 0.0801 -1.0238 -0.9266, 0.3029 -1.0238 -1.1493, 0.3665 -1.0238 -1.0717, 0.4528 -1.0144 1.3312, -0.5709 -1.0144 1.3312, 0.4528 -0.9869 1.3976, -0.5709 -0.9869 1.3976, 0.4528 -0.9431 1.4547, -0.5709 -0.9431 1.4547, 0.4528 -0.886 1.4985, -0.5709 -0.886 1.4985, 0.4528 -0.8196 1.526, -0.5709 -0.8196 1.526, 0.4528 -0.7482 1.5354, -0.5709 -0.7482 1.5354, -0.5709 1.7527 1.5354, 0.4528 1.7527 1.5354, -0.5709 1.7527 1.378, 0.4528 1.7527 1.378, -0.5709 -0.7482 1.378, 0.4528 -0.7482 1.378, -0.5709 -0.7788 1.3739, 0.4528 -0.7788 1.3739, -0.5709 -0.8073 1.3621, 0.4528 -0.8073 1.3621, -0.5709 -0.8317 1.3434, 0.4528 -0.8317 1.3434, -0.5709 -0.8505 1.3189, 0.4528 -0.8505 1.3189, -0.5709 -0.8623 1.2904, 0.4528 -0.8623 1.2904, -1.1614 1.4368 0.2409, -1.1614 0.4526 0.2409, -1.1614 1.4368 -0.9646, -1.1614 0.4526 -0.9646, -1.1614 0.462 -1.0606, -1.1614 0.49 -1.1529, -1.1614 0.5355 -1.238, -1.1614 0.5967 -1.3125, -1.1614 0.6713 -1.3738, -1.1614 0.7564 -1.4192, -1.1614 0.8487 -1.4472, -1.1614 0.9447 -1.4567, -1.1614 1.0407 -1.4472, -1.1614 1.4274 -1.0606, -1.1614 1.2181 -1.3738, -1.1614 1.2927 -1.3125, -1.1614 1.3539 -1.238, -1.1614 1.133 -1.4192, -1.1614 1.3994 -1.1529, -1.2795 0.4526 0.2409, -1.2795 1.4368 0.2409, -1.2795 0.4526 -0.9646, -1.2795 1.4368 -0.9646, -1.2795 0.462 -1.0606, -1.2795 1.3994 -1.1529, -1.2795 1.3539 -1.238, -1.2795 0.7564 -1.4192, -1.2795 0.6713 -1.3738, -1.2795 0.5967 -1.3125, -1.2795 0.5355 -1.238, -1.2795 0.49 -1.1529, -1.2795 1.4274 -1.0606, -1.2795 1.2927 -1.3125, -1.2795 1.2181 -1.3738, -1.2795 1.133 -1.4192, -1.2795 1.0407 -1.4472, -1.2795 0.9447 -1.4567, -1.2795 0.8487 -1.4472, -1.2836 1.4368 0.2716, -1.2836 0.4526 0.2716, -1.2955 1.4368 0.3003, -1.2955 0.4526 0.3003, -1.3144 1.4368 0.325, -1.3144 0.4526 0.325, -1.339 1.4368 0.3439, -1.339 0.4526 0.3439, -1.3677 1.4368 0.3558, -1.3677 0.4526 0.3558, -1.3985 1.4368 0.3598, -1.3985 0.4526 0.3598, -3.2893 1.4368 0.3598, -3.2893 0.4526 0.3598, -3.3809 0.4526 0.3624, -3.3809 1.4368 0.3624, -3.4694 0.4526 0.3863, -3.4694 1.4368 0.3863, -3.55 0.4526 0.4301, -3.55 1.4368 0.4301, -3.6181 0.4526 0.4914, -3.6181 1.4368 0.4914, -3.6702 0.4526 0.5668, -3.6702 1.4368 0.5668, -3.7032 0.4526 0.6523, -3.7032 1.4368 0.6523, -3.7155 0.4526 0.7431, -3.7155 1.4368 0.7431, -3.7063 0.4526 0.8343, -3.7063 1.4368 0.8343, -3.6762 0.4526 0.9209, -3.6762 1.4368 0.9209, -3.6267 0.4526 0.9981, -3.6267 1.4368 0.9981, -3.5607 0.4526 1.0617, -3.5607 1.4368 1.0617, -3.4817 0.4526 1.1082, -3.4817 1.4368 1.1082, -2.1612 1.4368 1.6893, -2.1612 0.4526 1.6893, -2.1071 0.4526 1.7058, -2.1071 1.4368 1.7058, -2.0506 0.4526 1.7092, -2.0506 1.4368 1.7092, -1.9949 0.4526 1.6992, -1.9949 1.4368 1.6992, -1.9431 0.4526 1.6765, -1.9431 1.4368 1.6765, -1.8981 0.4526 1.6423, -1.8981 1.4368 1.6423, -1.5414 1.4368 1.2982, -1.5414 0.4526 1.2982, -1.478 1.4368 1.2501, -1.478 0.4526 1.2501, -1.4052 1.4368 1.2182, -1.4052 0.4526 1.2182, -1.327 1.4368 1.2042, -1.327 0.4526 1.2042, -1.2477 1.4368 1.209, -1.2477 0.4526 1.209, -0.0798 1.4368 1.4186, -0.0798 0.4526 1.4186, -0.0589 1.4368 1.3024, -0.0589 0.4526 1.3024, -1.2268 1.4368 1.0927, -1.2268 0.4526 1.0927, -1.3124 0.4526 1.0856, -1.3124 1.4368 1.0856, -1.3979 0.4526 1.0947, -1.3979 1.4368 1.0947, -1.4801 0.4526 1.1196, -1.4801 1.4368 1.1196, -1.5562 0.4526 1.1596, -1.5562 1.4368 1.1596, -1.6234 0.4526 1.2132, -1.6234 1.4368 1.2132, -1.9801 1.4368 1.5573, -1.9801 0.4526 1.5573, -2.0029 1.4368 1.5747, -2.0029 0.4526 1.5747, -2.0292 1.4368 1.5862, -2.0292 0.4526 1.5862, -2.0575 1.4368 1.5913, -2.0575 0.4526 1.5913, -2.0862 1.4368 1.5895, -2.0862 0.4526 1.5895, -2.1136 1.4368 1.5812, -2.1136 0.4526 1.5812, -3.4341 1.4368 1.0001, -3.4341 0.4526 1.0001, -3.4943 1.4368 0.9638, -3.4943 0.4526 0.9638, -3.5431 1.4368 0.9133, -3.5431 0.4526 0.9133, -3.5776 1.4368 0.8521, -3.5776 0.4526 0.8521, -3.5953 1.4368 0.7842, -3.5953 0.4526 0.7842, -3.5951 1.4368 0.7139, -3.5951 0.4526 0.7139, -3.577 1.4368 0.6461, -3.577 0.4526 0.6461, -3.5422 1.4368 0.585, -3.5422 0.4526 0.585, -3.493 1.4368 0.5349, -3.493 0.4526 0.5349, -3.4327 1.4368 0.4989, -3.4327 0.4526 0.4989, -3.3652 1.4368 0.4795, -3.3652 0.4526 0.4795, -3.295 1.4368 0.4779, -3.295 0.4526 0.4779, -1.3985 1.4368 0.4779, -1.3985 0.4526 0.4779, -1.3371 0.4526 0.4699, -1.3371 1.4368 0.4699, -1.28 0.4526 0.4462, -1.28 1.4368 0.4462, -1.2308 0.4526 0.4085, -1.2308 1.4368 0.4085, -1.1932 0.4526 0.3594, -1.1932 1.4368 0.3594, -1.1695 0.4526 0.3022, -1.1695 1.4368 0.3022
            ]
        }
        coordIndex [
            0,1,2,-1,2,1,3,-1,0,2,4,-1,0,4,5,-1,5,4,6,-1,5,6,7,-1,7,6,8,-1,7,8,9,-1,9,8,10,-1,9,10,11,-1,11,10,12,-1,11,12,13,-1,13,12,14,-1,13,14,15,-1,15,14,16,-1,15,16,17,-1,17,16,18,-1,17,18,19,-1,19,18,20,-1,19,20,21,-1,21,20,22,-1,21,22,23,-1,23,22,24,-1,23,24,25,-1,25,24,26,-1,25,26,27,-1,27,26,28,-1,27,28,29,-1,29,28,30,-1,29,30,31,-1,31,30,32,-1,31,32,33,-1,33,32,34,-1,33,34,35,-1,35,34,36,-1,35,36,37,-1,37,36,38,-1,37,38,39,-1,39,38,40,-1,39,40,41,-1,41,40,42,-1,41,42,43,-1,43,42,44,-1,43,44,45,-1,45,44,46,-1,45,46,47,-1,47,46,48,-1,47,48,49,-1,49,48,50,-1,49,50,51,-1,51,50,52,-1,51,52,53,-1,54,53,55,-1,55,53,52,-1,54,55,56,-1,54,56,57,-1,57,56,58,-1,57,58,59,-1,59,58,60,-1,59,60,61,-1,61,60,62,-1,61,62,63,-1,63,62,64,-1,63,64,65,-1,65,64,66,-1,65,66,67,-1,67,66,68,-1,67,68,69,-1,69,68,70,-1,69,70,71,-1,71,70,72,-1,71,72,73,-1,73,72,74,-1,73,74,75,-1,75,74,76,-1,75,76,77,-1,77,76,78,-1,77,78,79,-1,79,78,3,-1,79,3,1,-1,0,80,1,-1,1,80,81,-1,82,53,83,-1,83,53,54,-1,83,54,84,-1,84,54,57,-1,84,57,59,-1,65,67,84,-1,84,67,69,-1,84,69,71,-1,59,61,84,-1,84,61,63,-1,84,63,65,-1,85,86,0,-1,0,86,87,-1,87,88,0,-1,0,88,89,-1,0,89,80,-1,71,73,84,-1,84,73,75,-1,84,75,77,-1,7,9,90,-1,77,79,84,-1,84,79,1,-1,84,1,91,-1,91,1,81,-1,82,92,53,-1,53,92,93,-1,53,93,51,-1,51,93,94,-1,51,94,49,-1,49,94,95,-1,49,95,47,-1,47,95,96,-1,47,96,45,-1,45,96,97,-1,45,97,43,-1,43,97,98,-1,43,98,41,-1,41,98,99,-1,41,99,39,-1,39,99,100,-1,39,100,37,-1,37,100,101,-1,37,101,35,-1,35,101,102,-1,35,102,33,-1,33,102,103,-1,33,103,31,-1,31,103,104,-1,31,104,29,-1,29,104,105,-1,29,105,27,-1,9,11,90,-1,90,11,13,-1,90,13,106,-1,106,13,15,-1,106,15,107,-1,107,15,17,-1,107,17,108,-1,108,17,19,-1,108,19,109,-1,109,19,21,-1,109,21,110,-1,110,21,23,-1,110,23,111,-1,111,23,25,-1,111,25,112,-1,112,25,27,-1,112,27,113,-1,113,27,105,-1,85,0,90,-1,90,0,5,-1,90,5,7,-1,10,8,52,-1,52,8,6,-1,3,66,64,-1,64,62,3,-1,3,62,60,-1,3,60,58,-1,6,4,52,-1,52,4,2,-1,52,2,55,-1,55,2,3,-1,55,3,56,-1,56,3,58,-1,10,114,115,-1,116,28,117,-1,117,28,26,-1,117,26,118,-1,118,26,24,-1,118,24,119,-1,3,78,66,-1,66,78,76,-1,66,76,74,-1,120,34,121,-1,121,34,32,-1,121,32,116,-1,116,32,30,-1,116,30,28,-1,122,123,52,-1,123,124,52,-1,52,124,125,-1,52,125,10,-1,10,125,126,-1,10,126,114,-1,115,127,10,-1,10,127,128,-1,10,128,12,-1,12,128,129,-1,24,22,119,-1,119,22,20,-1,119,20,130,-1,130,20,18,-1,130,18,131,-1,131,18,16,-1,131,16,129,-1,129,16,14,-1,129,14,12,-1,74,72,66,-1,66,72,70,-1,66,70,68,-1,132,42,133,-1,133,42,40,-1,133,40,134,-1,134,40,38,-1,134,38,120,-1,120,38,36,-1,120,36,34,-1,122,52,135,-1,135,52,50,-1,135,50,136,-1,136,50,48,-1,136,48,137,-1,137,48,46,-1,137,46,132,-1,132,46,44,-1,132,44,42,-1,138,139,140,-1,138,140,141,-1,142,141,140,-1,143,142,140,-1,144,143,140,-1,145,144,140,-1,146,145,140,-1,147,146,140,-1,148,147,140,-1,149,148,140,-1,150,149,140,-1,151,150,140,-1,152,151,140,-1,153,152,140,-1,154,153,140,-1,155,154,140,-1,156,155,140,-1,157,156,140,-1,158,157,140,-1,159,158,140,-1,160,159,140,-1,161,160,140,-1,162,161,140,-1,163,162,140,-1,164,163,140,-1,165,164,140,-1,166,165,140,-1,167,166,140,-1,168,167,140,-1,139,168,140,-1,169,170,171,-1,169,172,170,-1,170,172,173,-1,170,173,174,-1,173,175,174,-1,174,175,176,-1,174,176,177,-1,177,176,178,-1,177,178,179,-1,179,178,180,-1,179,180,181,-1,180,182,181,-1,181,182,183,-1,181,183,184,-1,183,185,184,-1,184,185,186,-1,184,186,187,-1,186,188,187,-1,187,188,189,-1,187,189,190,-1,190,189,191,-1,190,191,192,-1,192,191,193,-1,192,193,194,-1,193,195,194,-1,194,195,196,-1,194,196,197,-1,196,198,197,-1,197,198,199,-1,197,199,200,-1,199,201,200,-1,200,201,202,-1,200,202,203,-1,203,202,204,-1,203,204,205,-1,205,204,206,-1,205,206,207,-1,206,208,207,-1,207,208,209,-1,207,209,210,-1,209,211,210,-1,210,211,212,-1,210,212,213,-1,212,214,213,-1,213,214,215,-1,213,215,216,-1,216,215,217,-1,216,217,218,-1,218,217,219,-1,218,219,220,-1,219,221,220,-1,220,221,222,-1,220,222,223,-1,222,224,223,-1,223,224,225,-1,223,225,226,-1,225,227,226,-1,226,227,228,-1,226,228,229,-1,229,228,230,-1,229,230,231,-1,231,230,232,-1,231,232,233,-1,232,234,233,-1,233,234,235,-1,233,235,236,-1,235,237,236,-1,236,237,238,-1,236,238,239,-1,238,240,239,-1,239,240,241,-1,239,241,242,-1,242,241,243,-1,242,243,244,-1,244,243,245,-1,244,245,171,-1,171,245,246,-1,171,246,169,-1,242,247,239,-1,239,247,248,-1,239,248,236,-1,236,248,249,-1,236,249,233,-1,233,249,250,-1,233,250,231,-1,231,250,251,-1,231,251,229,-1,229,251,252,-1,229,252,226,-1,226,252,253,-1,226,253,223,-1,223,253,254,-1,223,254,220,-1,220,254,255,-1,220,255,218,-1,218,255,256,-1,218,256,216,-1,216,256,257,-1,216,257,213,-1,213,257,258,-1,213,258,210,-1,210,258,259,-1,210,259,207,-1,207,259,260,-1,207,260,205,-1,205,260,261,-1,205,261,203,-1,203,261,262,-1,203,262,200,-1,200,262,263,-1,200,263,197,-1,197,263,264,-1,197,264,194,-1,194,264,265,-1,194,265,192,-1,192,265,266,-1,192,266,190,-1,190,266,267,-1,190,267,187,-1,187,267,268,-1,187,268,184,-1,184,268,269,-1,184,269,181,-1,181,269,270,-1,181,270,179,-1,179,270,271,-1,179,271,177,-1,177,271,272,-1,177,272,174,-1,174,272,273,-1,174,273,170,-1,170,273,274,-1,170,274,171,-1,171,274,275,-1,171,275,244,-1,244,275,276,-1,244,276,242,-1,242,276,247,-1,276,277,247,-1,247,277,278,-1,247,278,248,-1,248,278,279,-1,248,279,249,-1,249,279,280,-1,249,280,250,-1,250,280,281,-1,250,281,251,-1,251,281,282,-1,251,282,252,-1,252,282,283,-1,252,283,253,-1,253,283,284,-1,253,284,254,-1,254,284,285,-1,254,285,255,-1,255,285,286,-1,255,286,256,-1,256,286,287,-1,256,287,257,-1,257,287,288,-1,257,288,258,-1,258,288,289,-1,258,289,259,-1,259,289,290,-1,259,290,260,-1,260,290,291,-1,260,291,261,-1,261,291,292,-1,261,292,262,-1,262,292,293,-1,262,293,263,-1,263,293,294,-1,263,294,264,-1,264,294,295,-1,264,295,265,-1,265,295,296,-1,265,296,266,-1,266,296,297,-1,266,297,267,-1,267,297,298,-1,267,298,268,-1,268,298,299,-1,268,299,269,-1,269,299,300,-1,269,300,270,-1,270,300,301,-1,270,301,271,-1,271,301,302,-1,271,302,272,-1,272,302,303,-1,272,303,273,-1,273,303,304,-1,273,304,274,-1,274,304,305,-1,274,305,275,-1,275,305,306,-1,275,306,276,-1,276,306,277,-1,306,307,277,-1,277,307,308,-1,277,308,278,-1,278,308,309,-1,278,309,279,-1,279,309,310,-1,279,310,280,-1,280,310,311,-1,280,311,281,-1,281,311,312,-1,281,312,282,-1,282,312,313,-1,282,313,283,-1,283,313,314,-1,283,314,284,-1,284,314,315,-1,284,315,285,-1,285,315,316,-1,285,316,286,-1,286,316,317,-1,286,317,287,-1,287,317,318,-1,287,318,288,-1,288,318,319,-1,288,319,289,-1,289,319,320,-1,289,320,290,-1,290,320,321,-1,290,321,291,-1,291,321,322,-1,291,322,292,-1,292,322,323,-1,292,323,293,-1,293,323,324,-1,293,324,294,-1,294,324,325,-1,294,325,295,-1,295,325,326,-1,295,326,296,-1,296,326,327,-1,296,327,297,-1,297,327,328,-1,297,328,298,-1,298,328,329,-1,298,329,299,-1,299,329,330,-1,299,330,300,-1,300,330,331,-1,300,331,301,-1,301,331,332,-1,301,332,302,-1,302,332,333,-1,302,333,303,-1,303,333,334,-1,303,334,304,-1,304,334,335,-1,304,335,305,-1,305,335,336,-1,305,336,306,-1,306,336,307,-1,336,337,307,-1,307,337,338,-1,307,338,308,-1,308,338,339,-1,308,339,309,-1,309,339,340,-1,309,340,310,-1,310,340,341,-1,310,341,311,-1,311,341,342,-1,311,342,312,-1,312,342,343,-1,312,343,313,-1,313,343,344,-1,313,344,314,-1,314,344,345,-1,314,345,315,-1,315,345,346,-1,315,346,316,-1,316,346,347,-1,316,347,317,-1,317,347,348,-1,317,348,318,-1,318,348,349,-1,318,349,319,-1,319,349,350,-1,319,350,320,-1,320,350,351,-1,320,351,321,-1,321,351,352,-1,321,352,322,-1,322,352,353,-1,322,353,323,-1,323,353,354,-1,323,354,324,-1,324,354,355,-1,324,355,325,-1,325,355,356,-1,325,356,326,-1,326,356,357,-1,326,357,327,-1,327,357,358,-1,327,358,328,-1,328,358,359,-1,328,359,329,-1,329,359,360,-1,329,360,330,-1,330,360,361,-1,330,361,331,-1,331,361,362,-1,331,362,332,-1,332,362,363,-1,332,363,333,-1,333,363,364,-1,333,364,334,-1,334,364,365,-1,334,365,335,-1,335,365,366,-1,335,366,336,-1,336,366,337,-1,366,367,337,-1,337,367,368,-1,337,368,338,-1,338,368,369,-1,338,369,339,-1,339,369,370,-1,339,370,340,-1,340,370,371,-1,340,371,341,-1,341,371,372,-1,341,372,342,-1,342,372,373,-1,342,373,343,-1,343,373,374,-1,343,374,344,-1,344,374,375,-1,344,375,345,-1,345,375,376,-1,345,376,346,-1,346,376,377,-1,346,377,347,-1,347,377,378,-1,347,378,348,-1,348,378,379,-1,348,379,349,-1,349,379,380,-1,349,380,350,-1,350,380,381,-1,350,381,351,-1,351,381,382,-1,351,382,352,-1,352,382,383,-1,352,383,353,-1,353,383,384,-1,353,384,354,-1,354,384,385,-1,354,385,355,-1,355,385,386,-1,355,386,356,-1,356,386,387,-1,356,387,357,-1,357,387,388,-1,357,388,358,-1,358,388,389,-1,358,389,359,-1,359,389,390,-1,359,390,360,-1,360,390,391,-1,360,391,361,-1,361,391,392,-1,361,392,362,-1,362,392,393,-1,362,393,363,-1,363,393,394,-1,363,394,364,-1,364,394,395,-1,364,395,365,-1,365,395,396,-1,365,396,366,-1,366,396,367,-1,396,139,367,-1,367,139,138,-1,367,138,368,-1,368,138,141,-1,368,141,369,-1,369,141,142,-1,369,142,370,-1,370,142,143,-1,370,143,371,-1,371,143,144,-1,371,144,372,-1,372,144,145,-1,372,145,373,-1,373,145,146,-1,373,146,374,-1,374,146,147,-1,374,147,375,-1,375,147,148,-1,375,148,376,-1,376,148,149,-1,376,149,377,-1,377,149,150,-1,377,150,378,-1,378,150,151,-1,378,151,379,-1,379,151,152,-1,379,152,380,-1,380,152,153,-1,380,153,381,-1,381,153,154,-1,381,154,382,-1,382,154,155,-1,382,155,383,-1,383,155,156,-1,383,156,384,-1,384,156,157,-1,384,157,385,-1,385,157,158,-1,385,158,386,-1,386,158,159,-1,386,159,387,-1,387,159,160,-1,387,160,388,-1,388,160,161,-1,388,161,389,-1,389,161,162,-1,389,162,390,-1,390,162,163,-1,390,163,391,-1,391,163,164,-1,391,164,392,-1,392,164,165,-1,392,165,393,-1,393,165,166,-1,393,166,394,-1,394,166,167,-1,394,167,395,-1,395,167,168,-1,395,168,396,-1,396,168,139,-1,243,124,245,-1,245,124,123,-1,245,123,246,-1,246,123,122,-1,246,122,169,-1,169,122,172,-1,172,122,135,-1,172,135,173,-1,173,135,175,-1,175,135,136,-1,175,136,176,-1,132,182,137,-1,137,182,180,-1,137,180,136,-1,136,180,178,-1,136,178,176,-1,133,185,132,-1,132,185,183,-1,132,183,182,-1,191,189,134,-1,134,189,188,-1,134,188,133,-1,133,188,186,-1,133,186,185,-1,191,134,193,-1,193,134,120,-1,193,120,195,-1,195,120,121,-1,195,121,196,-1,196,121,198,-1,198,121,116,-1,198,116,199,-1,199,116,201,-1,201,116,117,-1,201,117,202,-1,119,208,118,-1,118,208,206,-1,118,206,117,-1,117,206,204,-1,117,204,202,-1,130,211,119,-1,119,211,209,-1,119,209,208,-1,217,215,131,-1,131,215,214,-1,131,214,130,-1,130,214,212,-1,130,212,211,-1,217,131,219,-1,219,131,129,-1,219,129,221,-1,221,129,128,-1,221,128,222,-1,222,128,224,-1,224,128,127,-1,224,127,225,-1,225,127,227,-1,227,127,115,-1,227,115,228,-1,126,234,114,-1,114,234,232,-1,114,232,115,-1,115,232,230,-1,115,230,228,-1,125,237,126,-1,126,237,235,-1,126,235,234,-1,243,241,124,-1,124,241,240,-1,124,240,125,-1,125,240,238,-1,125,238,237,-1,397,398,399,-1,400,401,402,-1,403,404,405,-1,406,407,408,-1,409,410,411,-1,412,413,414,-1,415,416,417,-1,418,419,420,-1,421,422,423,-1,424,425,426,-1,427,428,429,-1,430,431,432,-1,433,434,435,-1,436,437,438,-1,439,440,441,-1,442,443,444,-1,445,446,447,-1,448,449,450,-1,451,452,453,-1,454,455,456,-1,457,458,459,-1,460,461,462,-1,461,460,463,-1,464,462,465,-1,465,462,461,-1,465,461,466,-1,466,461,463,-1,467,464,468,-1,468,464,465,-1,468,465,469,-1,469,465,466,-1,469,466,470,-1,470,466,463,-1,471,467,472,-1,472,467,468,-1,472,468,473,-1,473,468,469,-1,473,469,474,-1,474,469,470,-1,474,470,475,-1,475,470,463,-1,476,477,478,-1,479,471,480,-1,480,471,472,-1,480,472,481,-1,481,472,473,-1,481,473,482,-1,482,473,474,-1,482,474,483,-1,483,474,475,-1,483,475,484,-1,484,475,463,-1,485,477,486,-1,486,477,476,-1,486,476,487,-1,488,485,489,-1,489,485,486,-1,489,486,490,-1,490,486,487,-1,490,487,491,-1,491,487,492,-1,458,492,459,-1,459,492,487,-1,459,487,493,-1,493,487,476,-1,493,476,494,-1,494,476,478,-1,494,478,495,-1,455,457,456,-1,456,457,459,-1,456,459,496,-1,496,459,493,-1,496,493,497,-1,497,493,494,-1,497,494,498,-1,498,494,495,-1,498,495,499,-1,452,454,453,-1,453,454,456,-1,453,456,500,-1,500,456,496,-1,500,496,501,-1,501,496,497,-1,501,497,502,-1,502,497,498,-1,502,498,503,-1,503,498,499,-1,503,499,504,-1,449,451,450,-1,450,451,453,-1,450,453,505,-1,505,453,500,-1,505,500,506,-1,506,500,501,-1,506,501,507,-1,507,501,502,-1,507,502,508,-1,508,502,503,-1,508,503,509,-1,509,503,504,-1,509,504,463,-1,443,445,444,-1,444,445,447,-1,444,447,510,-1,510,447,511,-1,510,511,512,-1,512,511,513,-1,512,513,514,-1,514,513,515,-1,514,515,516,-1,516,515,517,-1,516,517,518,-1,518,517,519,-1,518,519,463,-1,440,442,441,-1,441,442,444,-1,441,444,520,-1,520,444,510,-1,520,510,521,-1,521,510,512,-1,521,512,522,-1,522,512,514,-1,522,514,523,-1,523,514,516,-1,523,516,524,-1,524,516,518,-1,524,518,463,-1,437,439,438,-1,438,439,441,-1,438,441,525,-1,525,441,520,-1,525,520,526,-1,526,520,521,-1,526,521,527,-1,527,521,522,-1,527,522,528,-1,528,522,523,-1,528,523,529,-1,529,523,524,-1,529,524,463,-1,434,436,435,-1,435,436,438,-1,435,438,530,-1,530,438,525,-1,530,525,531,-1,531,525,526,-1,531,526,532,-1,532,526,527,-1,532,527,533,-1,533,527,528,-1,533,528,534,-1,534,528,529,-1,534,529,463,-1,431,433,432,-1,432,433,435,-1,432,435,535,-1,535,435,530,-1,535,530,536,-1,536,530,531,-1,536,531,537,-1,537,531,532,-1,537,532,538,-1,538,532,533,-1,538,533,539,-1,539,533,534,-1,539,534,463,-1,428,430,429,-1,429,430,432,-1,429,432,540,-1,540,432,535,-1,540,535,541,-1,541,535,536,-1,541,536,542,-1,542,536,537,-1,542,537,543,-1,543,537,538,-1,543,538,544,-1,544,538,539,-1,544,539,463,-1,425,427,426,-1,426,427,429,-1,426,429,545,-1,545,429,540,-1,545,540,546,-1,546,540,541,-1,546,541,547,-1,547,541,542,-1,547,542,548,-1,548,542,543,-1,548,543,549,-1,549,543,544,-1,549,544,463,-1,422,424,423,-1,423,424,426,-1,423,426,550,-1,550,426,545,-1,550,545,551,-1,551,545,546,-1,551,546,552,-1,552,546,547,-1,552,547,553,-1,553,547,548,-1,553,548,554,-1,554,548,549,-1,554,549,463,-1,419,421,420,-1,420,421,423,-1,420,423,555,-1,555,423,550,-1,555,550,556,-1,556,550,551,-1,556,551,557,-1,557,551,552,-1,557,552,558,-1,558,552,553,-1,558,553,559,-1,559,553,554,-1,559,554,463,-1,416,418,417,-1,417,418,420,-1,417,420,560,-1,560,420,555,-1,560,555,561,-1,561,555,556,-1,561,556,562,-1,562,556,557,-1,562,557,563,-1,563,557,558,-1,563,558,564,-1,564,558,559,-1,564,559,463,-1,413,415,414,-1,414,415,417,-1,414,417,565,-1,565,417,560,-1,565,560,566,-1,566,560,561,-1,566,561,567,-1,567,561,562,-1,567,562,568,-1,568,562,563,-1,568,563,569,-1,569,563,564,-1,569,564,463,-1,410,412,411,-1,411,412,414,-1,411,414,570,-1,570,414,565,-1,570,565,571,-1,571,565,566,-1,571,566,572,-1,572,566,567,-1,572,567,573,-1,573,567,568,-1,573,568,574,-1,574,568,569,-1,574,569,463,-1,407,409,408,-1,408,409,411,-1,408,411,575,-1,575,411,570,-1,575,570,576,-1,576,570,571,-1,576,571,577,-1,577,571,572,-1,577,572,578,-1,578,572,573,-1,578,573,579,-1,579,573,574,-1,579,574,463,-1,404,406,405,-1,405,406,408,-1,405,408,580,-1,580,408,575,-1,580,575,581,-1,581,575,576,-1,581,576,582,-1,582,576,577,-1,582,577,583,-1,583,577,578,-1,583,578,584,-1,584,578,579,-1,584,579,463,-1,401,403,402,-1,402,403,405,-1,402,405,585,-1,585,405,580,-1,585,580,586,-1,586,580,581,-1,586,581,587,-1,587,581,582,-1,587,582,588,-1,588,582,583,-1,588,583,589,-1,589,583,584,-1,589,584,463,-1,398,400,399,-1,399,400,402,-1,399,402,590,-1,590,402,585,-1,590,585,591,-1,591,585,586,-1,591,586,592,-1,592,586,587,-1,592,587,593,-1,593,587,588,-1,593,588,594,-1,594,588,589,-1,594,589,463,-1,595,397,479,-1,479,397,399,-1,479,399,471,-1,471,399,590,-1,471,590,467,-1,467,590,591,-1,467,591,464,-1,464,591,592,-1,464,592,462,-1,462,592,593,-1,462,593,460,-1,460,593,594,-1,460,594,463,-1,463,504,484,-1,484,504,499,-1,484,499,483,-1,483,499,495,-1,483,495,482,-1,482,495,478,-1,482,478,481,-1,481,478,477,-1,481,477,480,-1,480,477,485,-1,480,485,479,-1,479,485,488,-1,479,488,595,-1,446,448,447,-1,447,448,450,-1,447,450,511,-1,511,450,505,-1,511,505,513,-1,513,505,506,-1,513,506,515,-1,515,506,507,-1,515,507,517,-1,517,507,508,-1,517,508,519,-1,519,508,509,-1,519,509,463,-1,596,597,406,-1,406,597,598,-1,406,598,407,-1,407,598,599,-1,407,599,409,-1,409,599,600,-1,409,600,410,-1,410,600,601,-1,410,601,412,-1,412,601,602,-1,412,602,413,-1,413,602,603,-1,413,603,415,-1,415,603,604,-1,415,604,416,-1,416,604,418,-1,604,605,418,-1,418,605,606,-1,418,606,419,-1,419,606,607,-1,419,607,421,-1,421,607,608,-1,421,608,422,-1,422,608,609,-1,422,609,424,-1,424,609,610,-1,424,610,425,-1,425,610,611,-1,425,611,427,-1,427,611,612,-1,427,612,428,-1,428,612,613,-1,428,613,430,-1,430,613,614,-1,430,614,431,-1,431,614,615,-1,431,615,433,-1,433,615,616,-1,433,616,434,-1,434,616,617,-1,434,617,436,-1,436,617,618,-1,436,618,437,-1,437,618,619,-1,437,619,439,-1,439,619,620,-1,439,620,440,-1,440,620,621,-1,440,621,442,-1,442,621,622,-1,442,622,443,-1,443,622,623,-1,443,623,445,-1,445,623,624,-1,445,624,446,-1,446,624,625,-1,446,625,448,-1,448,625,626,-1,448,626,449,-1,449,626,627,-1,449,627,451,-1,451,627,628,-1,451,628,452,-1,452,628,629,-1,452,629,454,-1,454,629,630,-1,454,630,455,-1,455,630,631,-1,455,631,457,-1,457,631,632,-1,457,632,458,-1,458,632,633,-1,458,633,492,-1,492,633,634,-1,492,634,491,-1,491,634,635,-1,491,635,490,-1,490,635,636,-1,490,636,489,-1,489,636,488,-1,406,404,596,-1,596,404,403,-1,596,403,637,-1,637,403,401,-1,637,401,638,-1,638,401,400,-1,638,400,639,-1,639,400,398,-1,639,398,640,-1,640,398,397,-1,640,397,641,-1,641,397,595,-1,641,595,642,-1,642,595,488,-1,642,488,643,-1,643,488,636,-1,644,645,646,-1,647,648,649,-1,650,651,652,-1,653,654,655,-1,656,657,658,-1,659,660,661,-1,662,663,664,-1,665,666,667,-1,668,669,670,-1,671,672,673,-1,674,675,676,-1,677,678,679,-1,680,681,682,-1,683,684,685,-1,686,687,688,-1,689,690,691,-1,640,641,692,-1,638,639,693,-1,596,637,694,-1,600,599,695,-1,602,601,696,-1,608,607,697,-1,610,609,698,-1,612,611,699,-1,616,615,700,-1,618,617,701,-1,624,623,702,-1,626,625,703,-1,632,631,704,-1,634,633,705,-1,634,705,635,-1,626,703,627,-1,618,701,619,-1,602,696,603,-1,631,630,704,-1,704,630,706,-1,704,706,707,-1,707,706,708,-1,707,708,709,-1,709,708,710,-1,709,710,711,-1,711,710,712,-1,711,712,713,-1,713,712,714,-1,621,620,715,-1,715,620,716,-1,715,716,717,-1,717,716,718,-1,717,718,719,-1,719,718,720,-1,719,720,721,-1,721,720,722,-1,721,722,723,-1,723,722,724,-1,607,606,697,-1,697,606,725,-1,697,725,726,-1,726,725,727,-1,726,727,728,-1,728,727,729,-1,728,729,730,-1,730,729,731,-1,730,731,732,-1,732,731,733,-1,597,596,734,-1,734,596,694,-1,734,694,735,-1,735,694,736,-1,735,736,737,-1,737,736,738,-1,737,738,739,-1,739,738,740,-1,739,740,741,-1,741,740,742,-1,687,689,688,-1,688,689,691,-1,688,691,743,-1,743,691,744,-1,743,744,745,-1,745,744,746,-1,745,746,747,-1,747,746,748,-1,747,748,749,-1,749,748,750,-1,749,750,643,-1,643,750,642,-1,684,686,685,-1,685,686,688,-1,685,688,751,-1,751,688,743,-1,751,743,752,-1,752,743,745,-1,752,745,753,-1,753,745,747,-1,753,747,754,-1,754,747,749,-1,754,749,636,-1,636,749,643,-1,681,683,682,-1,682,683,685,-1,682,685,755,-1,755,685,751,-1,755,751,756,-1,756,751,752,-1,756,752,757,-1,757,752,753,-1,757,753,705,-1,705,753,754,-1,705,754,635,-1,635,754,636,-1,758,680,713,-1,713,680,682,-1,713,682,711,-1,711,682,755,-1,711,755,709,-1,709,755,756,-1,709,756,707,-1,707,756,757,-1,707,757,704,-1,704,757,705,-1,704,705,632,-1,632,705,633,-1,759,760,761,-1,761,760,714,-1,761,714,762,-1,762,714,712,-1,762,712,763,-1,763,712,710,-1,763,710,764,-1,764,710,708,-1,764,708,765,-1,765,708,706,-1,765,706,629,-1,629,706,630,-1,760,766,714,-1,714,766,767,-1,714,767,713,-1,713,767,768,-1,713,768,758,-1,678,759,679,-1,679,759,761,-1,679,761,769,-1,769,761,762,-1,769,762,770,-1,770,762,763,-1,770,763,771,-1,771,763,764,-1,771,764,772,-1,772,764,765,-1,772,765,628,-1,628,765,629,-1,773,774,775,-1,775,774,776,-1,776,677,775,-1,775,677,679,-1,775,679,777,-1,777,679,769,-1,777,769,778,-1,778,769,770,-1,778,770,779,-1,779,770,771,-1,779,771,703,-1,703,771,772,-1,703,772,627,-1,627,772,628,-1,675,773,676,-1,676,773,775,-1,676,775,780,-1,780,775,777,-1,780,777,781,-1,781,777,778,-1,781,778,782,-1,782,778,779,-1,782,779,702,-1,702,779,703,-1,702,703,624,-1,624,703,625,-1,672,674,673,-1,673,674,676,-1,673,676,783,-1,783,676,780,-1,783,780,784,-1,784,780,781,-1,784,781,785,-1,785,781,782,-1,785,782,786,-1,786,782,702,-1,786,702,622,-1,622,702,623,-1,787,671,723,-1,723,671,673,-1,723,673,721,-1,721,673,783,-1,721,783,719,-1,719,783,784,-1,719,784,717,-1,717,784,785,-1,717,785,715,-1,715,785,786,-1,715,786,621,-1,621,786,622,-1,788,789,790,-1,790,789,724,-1,790,724,791,-1,791,724,722,-1,791,722,792,-1,792,722,720,-1,792,720,793,-1,793,720,718,-1,793,718,701,-1,701,718,716,-1,701,716,619,-1,619,716,620,-1,789,794,724,-1,724,794,795,-1,724,795,723,-1,723,795,796,-1,723,796,787,-1,669,788,670,-1,670,788,790,-1,670,790,797,-1,797,790,791,-1,797,791,798,-1,798,791,792,-1,798,792,799,-1,799,792,793,-1,799,793,700,-1,700,793,701,-1,700,701,616,-1,616,701,617,-1,666,668,667,-1,667,668,670,-1,667,670,800,-1,800,670,797,-1,800,797,801,-1,801,797,798,-1,801,798,802,-1,802,798,799,-1,802,799,803,-1,803,799,700,-1,803,700,614,-1,614,700,615,-1,663,665,664,-1,664,665,667,-1,664,667,804,-1,804,667,800,-1,804,800,805,-1,805,800,801,-1,805,801,806,-1,806,801,802,-1,806,802,807,-1,807,802,803,-1,807,803,613,-1,613,803,614,-1,660,662,661,-1,661,662,664,-1,661,664,808,-1,808,664,804,-1,808,804,809,-1,809,804,805,-1,809,805,810,-1,810,805,806,-1,810,806,699,-1,699,806,807,-1,699,807,612,-1,612,807,613,-1,657,659,658,-1,658,659,661,-1,658,661,811,-1,811,661,808,-1,811,808,812,-1,812,808,809,-1,812,809,813,-1,813,809,810,-1,813,810,698,-1,698,810,699,-1,698,699,610,-1,610,699,611,-1,814,656,732,-1,732,656,658,-1,732,658,730,-1,730,658,811,-1,730,811,728,-1,728,811,812,-1,728,812,726,-1,726,812,813,-1,726,813,697,-1,697,813,698,-1,697,698,608,-1,608,698,609,-1,815,816,817,-1,817,816,733,-1,817,733,818,-1,818,733,731,-1,818,731,819,-1,819,731,729,-1,819,729,820,-1,820,729,727,-1,820,727,821,-1,821,727,725,-1,821,725,605,-1,605,725,606,-1,816,822,733,-1,733,822,823,-1,733,823,732,-1,732,823,824,-1,732,824,814,-1,605,604,821,-1,821,604,825,-1,821,825,820,-1,820,825,826,-1,820,826,819,-1,819,826,827,-1,819,827,818,-1,818,827,828,-1,818,828,817,-1,817,828,829,-1,817,829,815,-1,830,831,829,-1,829,831,832,-1,829,832,815,-1,654,830,655,-1,655,830,829,-1,655,829,833,-1,833,829,828,-1,833,828,834,-1,834,828,827,-1,834,827,835,-1,835,827,826,-1,835,826,696,-1,696,826,825,-1,696,825,603,-1,603,825,604,-1,651,653,652,-1,652,653,655,-1,652,655,836,-1,836,655,833,-1,836,833,837,-1,837,833,834,-1,837,834,838,-1,838,834,835,-1,838,835,695,-1,695,835,696,-1,695,696,600,-1,600,696,601,-1,648,650,649,-1,649,650,652,-1,649,652,839,-1,839,652,836,-1,839,836,840,-1,840,836,837,-1,840,837,841,-1,841,837,838,-1,841,838,842,-1,842,838,695,-1,842,695,598,-1,598,695,599,-1,843,647,741,-1,741,647,649,-1,741,649,739,-1,739,649,839,-1,739,839,737,-1,737,839,840,-1,737,840,735,-1,735,840,841,-1,735,841,734,-1,734,841,842,-1,734,842,597,-1,597,842,598,-1,844,845,846,-1,846,845,742,-1,846,742,847,-1,847,742,740,-1,847,740,848,-1,848,740,738,-1,848,738,849,-1,849,738,736,-1,849,736,693,-1,693,736,694,-1,693,694,638,-1,638,694,637,-1,845,850,742,-1,742,850,851,-1,742,851,741,-1,741,851,852,-1,741,852,843,-1,645,844,646,-1,646,844,846,-1,646,846,853,-1,853,846,847,-1,853,847,854,-1,854,847,848,-1,854,848,855,-1,855,848,849,-1,855,849,692,-1,692,849,693,-1,692,693,640,-1,640,693,639,-1,690,644,691,-1,691,644,646,-1,691,646,744,-1,744,646,853,-1,744,853,746,-1,746,853,854,-1,746,854,748,-1,748,854,855,-1,748,855,750,-1,750,855,692,-1,750,692,642,-1,642,692,641,-1,856,857,684,-1,684,683,856,-1,856,683,681,-1,856,681,858,-1,858,681,680,-1,858,680,859,-1,680,758,859,-1,859,758,768,-1,859,768,860,-1,768,767,860,-1,860,767,766,-1,860,766,861,-1,766,760,861,-1,861,760,759,-1,861,759,862,-1,862,759,678,-1,678,677,862,-1,862,677,776,-1,862,776,863,-1,863,776,774,-1,863,774,864,-1,774,773,864,-1,864,773,675,-1,864,675,865,-1,675,674,865,-1,865,674,672,-1,865,672,866,-1,672,671,866,-1,866,671,787,-1,866,787,867,-1,867,787,796,-1,867,796,868,-1,796,795,868,-1,868,795,794,-1,868,794,869,-1,794,789,869,-1,869,789,788,-1,869,788,870,-1,870,788,669,-1,669,668,870,-1,870,668,666,-1,870,666,871,-1,871,666,665,-1,871,665,872,-1,872,665,663,-1,872,663,873,-1,663,662,873,-1,873,662,660,-1,873,660,874,-1,660,659,874,-1,874,659,657,-1,874,657,875,-1,875,657,656,-1,875,656,876,-1,656,814,876,-1,876,814,824,-1,876,824,877,-1,824,823,877,-1,877,823,822,-1,877,822,878,-1,822,816,878,-1,878,816,815,-1,878,815,879,-1,879,815,832,-1,832,831,879,-1,879,831,830,-1,879,830,880,-1,880,830,654,-1,880,654,881,-1,654,653,881,-1,881,653,651,-1,881,651,882,-1,651,650,882,-1,882,650,648,-1,882,648,883,-1,648,647,883,-1,883,647,843,-1,883,843,884,-1,884,843,852,-1,884,852,885,-1,852,851,885,-1,885,851,850,-1,885,850,886,-1,850,845,886,-1,886,845,844,-1,886,844,887,-1,887,844,645,-1,645,644,887,-1,887,644,690,-1,887,690,888,-1,888,690,689,-1,888,689,889,-1,889,689,687,-1,889,687,857,-1,857,687,686,-1,857,686,684,-1,888,890,887,-1,887,890,891,-1,887,891,886,-1,886,891,892,-1,886,892,885,-1,885,892,893,-1,885,893,884,-1,884,893,894,-1,884,894,883,-1,883,894,895,-1,883,895,882,-1,882,895,896,-1,882,896,881,-1,881,896,897,-1,881,897,880,-1,880,897,898,-1,880,898,879,-1,879,898,899,-1,879,899,878,-1,878,899,900,-1,878,900,877,-1,877,900,901,-1,877,901,876,-1,876,901,902,-1,876,902,875,-1,875,902,903,-1,875,903,874,-1,874,903,904,-1,874,904,873,-1,873,904,905,-1,873,905,872,-1,872,905,906,-1,872,906,871,-1,871,906,907,-1,871,907,870,-1,870,907,908,-1,870,908,869,-1,869,908,909,-1,869,909,868,-1,868,909,910,-1,868,910,867,-1,867,910,911,-1,867,911,866,-1,866,911,912,-1,866,912,865,-1,865,912,913,-1,865,913,864,-1,864,913,914,-1,864,914,863,-1,863,914,915,-1,863,915,862,-1,862,915,916,-1,862,916,861,-1,861,916,917,-1,861,917,860,-1,860,917,918,-1,860,918,859,-1,859,918,919,-1,859,919,858,-1,858,919,920,-1,858,920,856,-1,856,920,921,-1,856,921,857,-1,857,921,922,-1,857,922,889,-1,889,922,923,-1,889,923,888,-1,888,923,890,-1,923,924,890,-1,890,924,925,-1,890,925,891,-1,891,925,926,-1,891,926,892,-1,892,926,927,-1,892,927,893,-1,893,927,928,-1,893,928,894,-1,894,928,929,-1,894,929,895,-1,895,929,930,-1,895,930,896,-1,896,930,931,-1,896,931,897,-1,897,931,932,-1,897,932,898,-1,898,932,933,-1,898,933,899,-1,899,933,934,-1,899,934,900,-1,900,934,935,-1,900,935,901,-1,901,935,936,-1,901,936,902,-1,902,936,937,-1,902,937,903,-1,903,937,938,-1,903,938,904,-1,904,938,939,-1,904,939,905,-1,905,939,940,-1,905,940,906,-1,906,940,941,-1,906,941,907,-1,907,941,942,-1,907,942,908,-1,908,942,943,-1,908,943,909,-1,909,943,944,-1,909,944,910,-1,910,944,945,-1,910,945,911,-1,911,945,946,-1,911,946,912,-1,912,946,947,-1,912,947,913,-1,913,947,948,-1,913,948,914,-1,914,948,949,-1,914,949,915,-1,915,949,950,-1,915,950,916,-1,916,950,951,-1,916,951,917,-1,917,951,952,-1,917,952,918,-1,918,952,953,-1,918,953,919,-1,919,953,954,-1,919,954,920,-1,920,954,955,-1,920,955,921,-1,921,955,956,-1,921,956,922,-1,922,956,957,-1,922,957,923,-1,923,957,924,-1,957,958,924,-1,924,958,959,-1,924,959,925,-1,925,959,960,-1,925,960,926,-1,926,960,961,-1,926,961,927,-1,927,961,962,-1,927,962,928,-1,928,962,963,-1,928,963,929,-1,929,963,964,-1,929,964,930,-1,930,964,965,-1,930,965,931,-1,931,965,966,-1,931,966,932,-1,932,966,967,-1,932,967,933,-1,933,967,968,-1,933,968,934,-1,934,968,969,-1,934,969,935,-1,935,969,970,-1,935,970,936,-1,936,970,971,-1,936,971,937,-1,937,971,972,-1,937,972,938,-1,938,972,973,-1,938,973,939,-1,939,973,974,-1,939,974,940,-1,940,974,975,-1,940,975,941,-1,941,975,976,-1,941,976,942,-1,942,976,977,-1,942,977,943,-1,943,977,978,-1,943,978,944,-1,944,978,979,-1,944,979,945,-1,945,979,980,-1,945,980,946,-1,946,980,981,-1,946,981,947,-1,947,981,982,-1,947,982,948,-1,948,982,983,-1,948,983,949,-1,949,983,984,-1,949,984,950,-1,950,984,985,-1,950,985,951,-1,951,985,986,-1,951,986,952,-1,952,986,987,-1,952,987,953,-1,953,987,988,-1,953,988,954,-1,954,988,989,-1,954,989,955,-1,955,989,990,-1,955,990,956,-1,956,990,991,-1,956,991,957,-1,957,991,958,-1,991,992,958,-1,958,992,993,-1,958,993,959,-1,959,993,994,-1,959,994,960,-1,960,994,995,-1,960,995,961,-1,961,995,996,-1,961,996,962,-1,962,996,997,-1,962,997,963,-1,963,997,998,-1,963,998,964,-1,964,998,999,-1,964,999,965,-1,965,999,1000,-1,965,1000,966,-1,966,1000,1001,-1,966,1001,967,-1,967,1001,1002,-1,967,1002,968,-1,968,1002,1003,-1,968,1003,969,-1,969,1003,1004,-1,969,1004,970,-1,970,1004,1005,-1,970,1005,971,-1,971,1005,1006,-1,971,1006,972,-1,972,1006,1007,-1,972,1007,973,-1,973,1007,1008,-1,973,1008,974,-1,974,1008,1009,-1,974,1009,975,-1,975,1009,1010,-1,975,1010,976,-1,976,1010,1011,-1,976,1011,977,-1,977,1011,1012,-1,977,1012,978,-1,978,1012,1013,-1,978,1013,979,-1,979,1013,1014,-1,979,1014,980,-1,980,1014,1015,-1,980,1015,981,-1,981,1015,1016,-1,981,1016,982,-1,982,1016,1017,-1,982,1017,983,-1,983,1017,1018,-1,983,1018,984,-1,984,1018,1019,-1,984,1019,985,-1,985,1019,1020,-1,985,1020,986,-1,986,1020,1021,-1,986,1021,987,-1,987,1021,1022,-1,987,1022,988,-1,988,1022,1023,-1,988,1023,989,-1,989,1023,1024,-1,989,1024,990,-1,990,1024,1025,-1,990,1025,991,-1,991,1025,992,-1,1025,91,992,-1,992,91,81,-1,992,81,993,-1,993,81,80,-1,993,80,994,-1,994,80,89,-1,994,89,995,-1,995,89,88,-1,995,88,996,-1,996,88,87,-1,996,87,997,-1,997,87,86,-1,997,86,998,-1,998,86,85,-1,998,85,999,-1,999,85,90,-1,999,90,1000,-1,1000,90,106,-1,1000,106,1001,-1,1001,106,107,-1,1001,107,1002,-1,1002,107,108,-1,1002,108,1003,-1,1003,108,109,-1,1003,109,1004,-1,1004,109,110,-1,1004,110,1005,-1,1005,110,111,-1,1005,111,1006,-1,1006,111,112,-1,1006,112,1007,-1,1007,112,113,-1,1007,113,1008,-1,1008,113,105,-1,1008,105,1009,-1,1009,105,104,-1,1009,104,1010,-1,1010,104,103,-1,1010,103,1011,-1,1011,103,102,-1,1011,102,1012,-1,1012,102,101,-1,1012,101,1013,-1,1013,101,100,-1,1013,100,1014,-1,1014,100,99,-1,1014,99,1015,-1,1015,99,98,-1,1015,98,1016,-1,1016,98,97,-1,1016,97,1017,-1,1017,97,96,-1,1017,96,1018,-1,1018,96,95,-1,1018,95,1019,-1,1019,95,94,-1,1019,94,1020,-1,1020,94,93,-1,1020,93,1021,-1,1021,93,92,-1,1021,92,1022,-1,1022,92,82,-1,1022,82,1023,-1,1023,82,83,-1,1023,83,1024,-1,1024,83,84,-1,1024,84,1025,-1,1025,84,91,-1,1026,1027,1028,-1,1029,1030,1031,-1,1031,1030,1032,-1,1031,1032,1033,-1,1033,1032,1034,-1,1035,1036,1037,-1,1037,1036,1030,-1,1037,1030,1038,-1,1038,1030,1029,-1,1028,1039,1026,-1,1026,1039,1040,-1,1026,1040,1041,-1,1041,1040,1042,-1,1041,1042,1043,-1,1043,1042,1044,-1,1043,1044,1045,-1,1035,1046,1036,-1,1036,1046,1047,-1,1036,1047,1048,-1,1048,1047,1049,-1,1048,1049,1050,-1,1050,1049,1051,-1,1052,1053,1054,-1,1054,1053,1055,-1,1054,1055,1056,-1,1056,1055,1057,-1,1056,1057,1051,-1,1051,1057,1058,-1,1051,1058,1050,-1,1044,1059,1045,-1,1045,1059,1060,-1,1045,1060,1061,-1,1061,1060,1062,-1,1061,1062,1063,-1,1063,1062,1064,-1,1063,1064,1052,-1,1052,1064,1065,-1,1052,1065,1053,-1,1027,1066,1028,-1,1028,1066,1067,-1,1028,1067,1032,-1,1032,1067,1068,-1,1032,1068,1034,-1,1069,1070,1071,-1,1071,1070,1072,-1,1072,1070,1073,-1,1072,1073,1074,-1,1075,1076,1077,-1,1077,1076,1072,-1,1077,1072,1078,-1,1078,1072,1074,-1,1079,1080,1081,-1,1081,1080,1082,-1,1081,1082,1083,-1,1083,1082,1084,-1,1083,1084,1085,-1,1086,1087,1088,-1,1088,1087,1089,-1,1088,1089,1090,-1,1090,1089,1091,-1,1090,1091,1079,-1,1079,1091,1092,-1,1079,1092,1080,-1,1093,1094,1086,-1,1086,1094,1095,-1,1086,1095,1087,-1,1093,1096,1094,-1,1094,1096,1097,-1,1094,1097,1071,-1,1071,1097,1098,-1,1071,1098,1069,-1,1075,1099,1076,-1,1076,1099,1100,-1,1076,1100,1101,-1,1101,1100,1102,-1,1101,1102,1103,-1,1103,1102,1104,-1,1084,1105,1085,-1,1085,1105,1106,-1,1085,1106,1107,-1,1107,1106,1108,-1,1107,1108,1109,-1,1109,1108,1110,-1,1109,1110,1104,-1,1104,1110,1111,-1,1104,1111,1103,-1,1071,1072,1112,-1,1071,1112,1113,-1,1113,1112,1114,-1,1113,1114,1115,-1,1115,1114,1116,-1,1115,1116,1117,-1,1117,1116,1118,-1,1117,1118,1119,-1,1119,1118,1120,-1,1119,1120,1121,-1,1121,1120,1122,-1,1121,1122,1123,-1,1124,1123,1125,-1,1125,1123,1122,-1,1126,1124,1127,-1,1127,1124,1125,-1,1128,1126,1129,-1,1129,1126,1127,-1,1128,1129,1130,-1,1130,1129,1131,-1,1130,1131,1132,-1,1132,1131,1133,-1,1132,1133,1134,-1,1134,1133,1135,-1,1134,1135,1136,-1,1136,1135,1137,-1,1136,1137,1138,-1,1138,1137,1139,-1,1138,1139,1030,-1,1030,1139,1032,-1,1036,1094,1030,-1,1030,1094,1071,-1,1030,1071,1138,-1,1138,1071,1113,-1,1138,1113,1136,-1,1136,1113,1115,-1,1136,1115,1134,-1,1134,1115,1117,-1,1134,1117,1132,-1,1132,1117,1119,-1,1132,1119,1130,-1,1130,1119,1121,-1,1130,1121,1128,-1,1128,1121,1123,-1,1128,1123,1126,-1,1126,1123,1124,-1,1127,1125,1129,-1,1129,1125,1122,-1,1129,1122,1131,-1,1131,1122,1120,-1,1131,1120,1133,-1,1133,1120,1118,-1,1133,1118,1135,-1,1135,1118,1116,-1,1135,1116,1137,-1,1137,1116,1114,-1,1137,1114,1139,-1,1139,1114,1112,-1,1139,1112,1032,-1,1032,1112,1072,-1,1032,1072,1028,-1,1028,1072,1076,-1,1028,1076,1101,-1,1028,1101,1039,-1,1039,1101,1103,-1,1039,1103,1040,-1,1040,1103,1111,-1,1040,1111,1042,-1,1042,1111,1110,-1,1042,1110,1044,-1,1044,1110,1108,-1,1044,1108,1059,-1,1059,1108,1106,-1,1059,1106,1060,-1,1060,1106,1105,-1,1060,1105,1062,-1,1062,1105,1084,-1,1062,1084,1064,-1,1094,1036,1048,-1,1094,1048,1095,-1,1095,1048,1050,-1,1095,1050,1087,-1,1087,1050,1058,-1,1087,1058,1089,-1,1089,1058,1057,-1,1089,1057,1091,-1,1091,1057,1055,-1,1091,1055,1092,-1,1092,1055,1053,-1,1092,1053,1080,-1,1080,1053,1065,-1,1080,1065,1082,-1,1082,1065,1064,-1,1082,1064,1084,-1,1063,1083,1061,-1,1061,1083,1085,-1,1061,1085,1045,-1,1045,1085,1107,-1,1045,1107,1043,-1,1043,1107,1109,-1,1043,1109,1041,-1,1041,1109,1104,-1,1041,1104,1026,-1,1026,1104,1102,-1,1026,1102,1027,-1,1027,1102,1100,-1,1027,1100,1066,-1,1066,1100,1099,-1,1066,1099,1067,-1,1067,1099,1075,-1,1067,1075,1068,-1,1068,1075,1077,-1,1068,1077,1034,-1,1034,1077,1078,-1,1034,1078,1033,-1,1033,1078,1074,-1,1033,1074,1031,-1,1031,1074,1073,-1,1031,1073,1029,-1,1029,1073,1070,-1,1029,1070,1038,-1,1038,1070,1069,-1,1038,1069,1037,-1,1037,1069,1098,-1,1037,1098,1035,-1,1035,1098,1097,-1,1035,1097,1046,-1,1046,1097,1096,-1,1046,1096,1047,-1,1047,1096,1093,-1,1047,1093,1049,-1,1049,1093,1086,-1,1049,1086,1051,-1,1051,1086,1088,-1,1051,1088,1056,-1,1056,1088,1090,-1,1056,1090,1054,-1,1054,1090,1079,-1,1054,1079,1052,-1,1052,1079,1081,-1,1052,1081,1063,-1,1063,1081,1083,-1,1140,1141,1142,-1,1142,1141,1143,-1,1142,1143,1144,-1,1144,1145,1142,-1,1142,1145,1146,-1,1142,1146,1147,-1,1147,1148,1142,-1,1142,1148,1149,-1,1142,1149,1150,-1,1150,1151,1142,-1,1142,1151,1152,-1,1142,1152,1153,-1,1154,1155,1156,-1,1154,1156,1157,-1,1157,1156,1152,-1,1152,1156,1158,-1,1152,1158,1153,-1,1159,1160,1161,-1,1161,1160,1162,-1,1161,1162,1163,-1,1164,1165,1166,-1,1167,1168,1162,-1,1168,1169,1162,-1,1162,1169,1170,-1,1162,1170,1163,-1,1167,1162,1166,-1,1166,1162,1171,-1,1166,1171,1164,-1,1172,1173,1165,-1,1165,1173,1174,-1,1165,1174,1175,-1,1175,1176,1165,-1,1165,1176,1177,-1,1165,1177,1166,-1,1160,1159,1178,-1,1178,1159,1179,-1,1178,1179,1180,-1,1180,1179,1181,-1,1180,1181,1182,-1,1182,1181,1183,-1,1182,1183,1184,-1,1184,1183,1185,-1,1184,1185,1186,-1,1186,1185,1187,-1,1186,1187,1188,-1,1188,1187,1189,-1,1190,1188,1191,-1,1191,1188,1189,-1,1190,1191,1192,-1,1190,1192,1193,-1,1193,1192,1194,-1,1193,1194,1195,-1,1195,1194,1196,-1,1195,1196,1197,-1,1197,1196,1198,-1,1197,1198,1199,-1,1199,1198,1200,-1,1199,1200,1201,-1,1201,1200,1202,-1,1201,1202,1203,-1,1203,1202,1204,-1,1203,1204,1205,-1,1205,1204,1206,-1,1205,1206,1207,-1,1207,1206,1208,-1,1207,1208,1209,-1,1209,1208,1210,-1,1209,1210,1211,-1,1211,1210,1212,-1,1211,1212,1213,-1,1213,1212,1214,-1,1213,1214,1215,-1,1216,1215,1217,-1,1217,1215,1214,-1,1216,1217,1218,-1,1216,1218,1219,-1,1219,1218,1220,-1,1219,1220,1221,-1,1221,1220,1222,-1,1221,1222,1223,-1,1223,1222,1224,-1,1223,1224,1225,-1,1225,1224,1226,-1,1225,1226,1227,-1,1228,1227,1229,-1,1229,1227,1226,-1,1228,1229,1230,-1,1230,1229,1231,-1,1230,1231,1232,-1,1232,1231,1233,-1,1232,1233,1234,-1,1234,1233,1235,-1,1234,1235,1236,-1,1236,1235,1237,-1,1238,1236,1239,-1,1239,1236,1237,-1,1240,1238,1241,-1,1241,1238,1239,-1,1242,1240,1243,-1,1243,1240,1241,-1,1242,1243,1244,-1,1242,1244,1245,-1,1245,1244,1246,-1,1245,1246,1247,-1,1247,1246,1248,-1,1247,1248,1249,-1,1249,1248,1250,-1,1249,1250,1251,-1,1251,1250,1252,-1,1251,1252,1253,-1,1254,1253,1255,-1,1255,1253,1252,-1,1254,1255,1256,-1,1256,1255,1257,-1,1256,1257,1258,-1,1258,1257,1259,-1,1258,1259,1260,-1,1260,1259,1261,-1,1260,1261,1262,-1,1262,1261,1263,-1,1262,1263,1264,-1,1264,1263,1265,-1,1266,1264,1267,-1,1267,1264,1265,-1,1266,1267,1268,-1,1268,1267,1269,-1,1268,1269,1270,-1,1270,1269,1271,-1,1270,1271,1272,-1,1272,1271,1273,-1,1272,1273,1274,-1,1274,1273,1275,-1,1274,1275,1276,-1,1276,1275,1277,-1,1276,1277,1278,-1,1278,1277,1279,-1,1278,1279,1280,-1,1280,1279,1281,-1,1280,1281,1282,-1,1282,1281,1283,-1,1282,1283,1284,-1,1284,1283,1285,-1,1284,1285,1286,-1,1286,1285,1287,-1,1286,1287,1288,-1,1288,1287,1289,-1,1290,1288,1291,-1,1291,1288,1289,-1,1290,1291,1292,-1,1290,1292,1293,-1,1293,1292,1294,-1,1293,1294,1295,-1,1295,1294,1296,-1,1295,1296,1297,-1,1297,1296,1298,-1,1297,1298,1299,-1,1299,1298,1300,-1,1299,1300,1301,-1,1301,1300,1141,-1,1301,1141,1140,-1,1238,1240,1236,-1,1236,1240,1242,-1,1236,1242,1234,-1,1234,1242,1245,-1,1234,1245,1232,-1,1142,1162,1140,-1,1140,1162,1160,-1,1140,1160,1301,-1,1301,1160,1178,-1,1301,1178,1299,-1,1299,1178,1180,-1,1299,1180,1297,-1,1297,1180,1182,-1,1297,1182,1295,-1,1295,1182,1184,-1,1295,1184,1293,-1,1293,1184,1186,-1,1293,1186,1290,-1,1290,1186,1188,-1,1290,1188,1288,-1,1288,1188,1190,-1,1288,1190,1286,-1,1286,1190,1193,-1,1286,1193,1284,-1,1284,1193,1195,-1,1284,1195,1282,-1,1282,1195,1197,-1,1282,1197,1280,-1,1280,1197,1199,-1,1280,1199,1278,-1,1245,1247,1232,-1,1232,1247,1249,-1,1232,1249,1230,-1,1230,1249,1251,-1,1230,1251,1228,-1,1228,1251,1253,-1,1228,1253,1227,-1,1227,1253,1254,-1,1227,1254,1225,-1,1225,1254,1256,-1,1225,1256,1223,-1,1223,1256,1258,-1,1223,1258,1221,-1,1221,1258,1260,-1,1221,1260,1219,-1,1219,1260,1262,-1,1219,1262,1216,-1,1216,1262,1264,-1,1216,1264,1215,-1,1215,1264,1266,-1,1215,1266,1213,-1,1213,1266,1268,-1,1213,1268,1211,-1,1211,1268,1270,-1,1211,1270,1209,-1,1209,1270,1272,-1,1209,1272,1207,-1,1207,1272,1274,-1,1207,1274,1205,-1,1205,1274,1276,-1,1205,1276,1203,-1,1203,1276,1278,-1,1203,1278,1201,-1,1201,1278,1199,-1,1161,1143,1159,-1,1159,1143,1141,-1,1159,1141,1179,-1,1179,1141,1300,-1,1179,1300,1181,-1,1181,1300,1298,-1,1181,1298,1183,-1,1183,1298,1296,-1,1183,1296,1185,-1,1185,1296,1294,-1,1185,1294,1187,-1,1187,1294,1292,-1,1187,1292,1189,-1,1189,1292,1291,-1,1189,1291,1191,-1,1191,1291,1289,-1,1191,1289,1192,-1,1192,1289,1287,-1,1192,1287,1194,-1,1194,1287,1285,-1,1194,1285,1196,-1,1196,1285,1283,-1,1196,1283,1198,-1,1198,1283,1281,-1,1198,1281,1200,-1,1200,1281,1279,-1,1200,1279,1202,-1,1202,1279,1277,-1,1202,1277,1204,-1,1241,1239,1243,-1,1243,1239,1237,-1,1243,1237,1244,-1,1244,1237,1235,-1,1244,1235,1246,-1,1246,1235,1233,-1,1246,1233,1248,-1,1248,1233,1231,-1,1204,1277,1206,-1,1206,1277,1275,-1,1206,1275,1208,-1,1208,1275,1273,-1,1208,1273,1210,-1,1210,1273,1271,-1,1210,1271,1212,-1,1212,1271,1269,-1,1212,1269,1214,-1,1214,1269,1267,-1,1214,1267,1217,-1,1217,1267,1265,-1,1217,1265,1218,-1,1218,1265,1263,-1,1218,1263,1220,-1,1220,1263,1261,-1,1220,1261,1222,-1,1222,1261,1259,-1,1222,1259,1224,-1,1224,1259,1257,-1,1224,1257,1226,-1,1226,1257,1255,-1,1226,1255,1229,-1,1229,1255,1252,-1,1229,1252,1231,-1,1231,1252,1250,-1,1231,1250,1248,-1,1143,1161,1163,-1,1143,1163,1144,-1,1144,1163,1170,-1,1144,1170,1145,-1,1145,1170,1169,-1,1145,1169,1146,-1,1146,1169,1168,-1,1146,1168,1147,-1,1147,1168,1167,-1,1147,1167,1148,-1,1148,1167,1166,-1,1148,1166,1149,-1,1149,1166,1177,-1,1149,1177,1150,-1,1150,1177,1176,-1,1150,1176,1151,-1,1162,1142,1153,-1,1162,1153,1171,-1,1171,1153,1158,-1,1171,1158,1164,-1,1164,1158,1156,-1,1164,1156,1165,-1,1165,1156,1155,-1,1165,1155,1172,-1,1172,1155,1154,-1,1172,1154,1173,-1,1173,1154,1157,-1,1173,1157,1174,-1,1174,1157,1152,-1,1174,1152,1175,-1,1175,1152,1151,-1,1175,1151,1176,-1,
        ]
    }
}
Shape{
    appearance Appearance {
        material  Material 	{
            diffuseColor 0.2235294117647059 0.2235294117647059 0.2235294117647059
            specularColor 0.11372549019607843 0.11372549019607843 0.11372549019607843
            ambientIntensity 0.2235
            transparency 0.0
            shininess 0.5
        }
    }
    geometry IndexedFaceSet {
        ccw TRUE
        solid FALSE
        coord DEF co Coordinate {
            point [
                -2.4883 2.7163 0.9408, -2.4995 2.7163 0.9667, -2.4859 2.7163 1.0021, -2.2943 2.7163 1.285, -2.27 2.7163 1.2828, -2.3106 2.7163 1.2828, -2.244 2.7163 1.4858, -2.248 2.7163 1.4862, -2.1776 2.7163 1.4862, -2.3106 2.7163 1.4836, -2.3106 2.7163 1.4862, -2.3018 2.7163 1.4862, -2.0829 2.7163 1.4871, -2.0829 2.7163 1.4862, -2.1656 2.7163 1.4862, -2.7841 2.7163 1.4821, -2.8584 2.7163 1.2828, -2.9221 2.7163 1.2828, -1.8696 2.7163 1.2555, -1.8806 2.7163 1.2256, -1.9721 2.7163 1.2256, -1.8907 2.7163 1.1639, -1.9721 2.7163 1.1639, -1.9721 2.7163 1.1678, -1.3143 2.7163 1.1639, -1.4888 2.7163 1.1639, -1.4964 2.7163 1.1678, -0.9835 2.7163 1.216, -0.9853 2.7163 1.2256, 0.4291 2.7163 1.2256, -1.3457 2.7163 1.512, -1.3598 2.7163 1.5173, 0.4291 2.7163 1.5173, -1.9721 2.7163 1.4862, -1.651 2.7163 1.4862, -1.6752 2.7163 1.4697, -1.7214 2.7163 1.4156, -1.7512 2.7163 1.3567, -1.7624 2.7163 1.3528, -1.612 2.7163 1.5128, -1.9721 2.7163 1.5173, -1.5997 2.7163 1.5173, -1.9721 2.7163 2.4213, 0.4291 2.7163 2.4213, -1.4822 2.7163 1.5451, -1.5408 2.7163 1.5385, -1.4115 2.7163 1.5369, 0.4291 2.7163 1.4862, -1.3056 2.7163 1.4862, -1.311 2.7163 1.4908, -1.1589 2.7163 1.4251, -1.2152 2.7163 1.4317, -1.2773 2.7163 1.4624, -1.2316 2.7163 1.4307, -1.2479 2.7163 1.4286, -1.0511 2.7163 1.3645, -1.0605 2.7163 1.3734, -1.106 2.7163 1.405, 0.4291 2.7163 1.2828, -0.9933 2.7163 1.2694, -0.9993 2.7163 1.2828, -1.0163 2.7163 1.3206, -0.983 2.7163 1.2028, 0.4291 2.7163 1.1678, -0.9871 2.7163 1.1678, 0.4291 2.7163 1.1639, -0.9876 2.7163 1.1639, -1.5981 2.7163 1.0497, -1.607 2.7163 1.0556, -1.633 2.7163 1.1398, -1.6169 2.7163 1.0591, -1.6086 2.7163 0.9757, -1.599 2.7163 0.9817, -1.4236 2.7163 0.9721, -1.5927 2.7163 0.9879, -1.2504 2.7163 0.886, -1.2177 2.7163 0.9001, 0.4291 2.7163 0.0197, -1.19 2.7163 0.9213, -1.1691 2.7163 0.9476, -1.8319 2.7163 1.029, -1.7941 2.7163 0.9994, -1.9721 2.7163 0.0197, -1.3843 2.7163 0.9158, -1.3558 2.7163 0.8963, -1.0856 2.7163 1.0092, -1.0417 2.7163 1.0472, -1.0098 2.7163 1.0934, -0.9896 2.7163 1.1465, -1.1551 2.7163 0.9781, -1.1369 2.7163 0.9837, -1.6267 2.7163 1.0602, -1.6281 2.7163 1.06, -1.6324 2.7163 1.0591, -1.5823 2.7163 1.0163, -1.5826 2.7163 1.0208, -1.433 2.7163 1.0359, -1.5852 2.7163 1.0317, -1.5905 2.7163 1.0416, -1.324 2.7163 0.8843, -1.2896 2.7163 0.8804, -1.284 2.7163 0.8805, -1.5868 2.7163 0.9969, -1.5834 2.7163 1.0066, -1.4321 2.7163 1.0072, -1.4329 2.7163 1.0217, -1.8372 2.7163 1.0345, -1.7501 2.7163 0.9795, -1.7072 2.7163 0.9713, -1.6233 2.7163 0.9719, -1.8905 2.7163 1.1602, -1.8826 2.7163 1.1137, -1.8633 2.7163 1.0694, -1.4066 2.7163 0.9404, -1.6182 2.7163 0.9726, -1.7732 2.7163 1.0935, -1.789 2.7163 1.1156, -1.799 2.7163 1.1409, -1.6191 2.7163 1.1639, -1.6353 2.7163 1.0587, -1.6993 2.7163 1.0582, -1.7247 2.7163 1.0629, -1.7499 2.7163 1.0743, -1.7711 2.7163 1.0913, -1.802 2.7163 1.1639, -1.8025 2.7163 1.1678, -1.6169 2.7163 1.1678, -1.8026 2.7163 1.1685, -1.0786 2.7163 1.1678, -1.0742 2.7163 1.1833, -1.5894 2.7163 1.2156, -1.0727 2.7163 1.205, -1.0754 2.7163 1.2256, -1.802 2.7163 1.1807, -1.7956 2.7163 1.2081, -1.7864 2.7163 1.2256, -1.3433 2.7163 1.1565, -1.3734 2.7163 1.1401, -1.398 2.7163 1.1173, -1.2262 2.7163 1.1507, -1.2577 2.7163 1.1625, -1.0797 2.7163 1.1639, -1.2697 2.7163 1.1639, -1.2916 2.7163 1.1664, -1.309 2.7163 1.1653, -1.0841 2.7163 1.1484, -1.1732 2.7163 1.104, -1.1969 2.7163 1.1307, -1.101 2.7163 1.1191, -1.1264 2.7163 1.0927, -1.1572 2.7163 1.0734, -1.6805 2.7163 1.2828, -1.0979 2.7163 1.2828, -1.681 2.7163 1.2804, -1.0896 2.7163 1.271, -1.0772 2.7163 1.2393, -1.6924 2.7163 1.2803, -1.7826 2.7163 1.2328, -1.7661 2.7163 1.2515, -1.7441 2.7163 1.2671, -1.7193 2.7163 1.2768, -1.2808 2.7163 1.3302, -1.2913 2.7163 1.3244, -1.3103 2.7163 1.3645, -1.6769 2.7163 1.3043, -1.6591 2.7163 1.352, -1.6303 2.7163 1.3932, -1.5711 2.7163 1.4384, -1.5262 2.7163 1.4546, -1.6115 2.7163 1.4115, -1.483 2.7163 1.4597, -1.4742 2.7163 1.4596, -1.4269 2.7163 1.4523, -1.249 2.7163 1.342, -1.216 2.7163 1.3463, -1.2015 2.7163 1.3457, -1.3806 2.7163 1.4329, -1.3413 2.7163 1.4032, -1.1663 2.7163 1.3377, -1.1344 2.7163 1.3211, -1.1095 2.7163 1.2992, -1.8857 2.7163 1.2117, -1.8908 2.7163 1.1693, -1.8908 2.7163 1.1678, -1.8042 2.7163 1.3305, -1.8417 2.7163 1.2968, -1.9721 2.7163 1.2828, -1.8511 2.7163 1.2828, -2.8663 2.7163 1.1518, -2.9221 2.7163 1.1639, -2.8422 2.7163 1.1608, -2.8158 2.7163 1.1639, -2.9112 2.7163 1.03, -2.9012 2.7163 1.0094, -2.9221 2.7163 0.0197, -2.8861 2.7163 0.9917, -2.8654 2.7163 0.977, -2.8872 2.7163 1.1373, -2.894 2.7163 1.1306, -2.9063 2.7163 1.1131, -2.9136 2.7163 1.094, -2.9169 2.7163 1.0661, -2.9162 2.7163 1.0534, -2.8426 2.7163 0.9682, -2.8082 2.7163 0.9642, -2.7343 2.7163 0.0197, -2.7532 2.7163 0.9646, -2.7343 2.7163 1.1639, -2.7546 2.7163 1.1639, -2.7343 2.7163 1.1678, -2.7546 2.7163 1.1648, -2.8117 2.7163 1.1644, -2.9221 2.7163 1.1678, -2.7122 2.7163 1.1639, -2.7121 2.7163 1.1421, -2.7058 2.7163 1.0551, -2.7059 2.7163 1.078, -2.6737 2.7163 1.0783, -2.6737 2.7163 0.0197, -2.7154 2.7163 0.9649, -2.7155 2.7163 0.9877, -2.6737 2.7163 0.988, -2.6737 2.7163 1.0553, -2.6342 2.7163 1.0556, -2.6337 2.7163 0.9883, -2.6737 2.7163 1.1423, -2.6348 2.7163 1.1426, -2.6343 2.7163 1.0785, -2.7122 2.7163 1.1651, -2.6737 2.7163 1.1678, -2.4859 2.7163 1.1678, -2.6091 2.7163 1.1658, -2.6737 2.7163 1.1654, -2.4859 2.7163 1.0701, -2.5091 2.7163 1.0019, -2.5159 2.7163 1.0016, -2.5121 2.7163 0.9901, -2.5127 2.7163 0.9901, -2.5139 2.7163 0.995, -2.4859 2.7163 1.1639, -2.5557 2.7163 1.109, -2.6091 2.7163 1.1639, -2.5817 2.7163 1.1088, -2.6077 2.7163 0.9656, -2.5156 2.7163 0.9447, -2.504 2.7163 0.9225, -2.4947 2.7163 0.9116, -2.4932 2.7163 0.9102, -2.4859 2.7163 0.9052, -2.3339 2.7163 0.9726, -2.3341 2.7163 0.9985, -2.3106 2.7163 1.1639, -2.3357 2.7163 1.0806, -2.3387 2.7163 1.0887, -2.3433 2.7163 1.0954, -2.3466 2.7163 1.1639, -2.3466 2.7163 0.9914, -2.3466 2.7163 1.0444, -2.343 2.7163 0.9928, -2.3458 2.7163 1.045, -2.3417 2.7163 1.0493, -2.3386 2.7163 1.0542, -2.3359 2.7163 1.0618, -2.3347 2.7163 1.072, -2.3106 2.7163 0.0197, -2.3466 2.7163 0.968, -2.3466 2.7163 0.0197, -2.3514 2.7163 0.9663, -2.4225 2.7163 1.0295, -2.4268 2.7163 1.023, -2.4244 2.7163 1.0825, -2.4296 2.7163 1.0157, -2.4307 2.7163 1.0058, -2.3466 2.7163 1.0984, -2.351 2.7163 1.1024, -2.3571 2.7163 1.106, -2.3705 2.7163 1.1111, -2.3907 2.7163 1.1134, -2.4376 2.7163 1.1639, -2.4083 2.7163 1.1117, -2.4245 2.7163 1.1068, -2.4265 2.7163 0.9882, -2.4219 2.7163 0.9816, -2.4376 2.7163 0.0197, -2.4143 2.7163 0.975, -2.4071 2.7163 0.9708, -2.3935 2.7163 0.966, -2.3726 2.7163 0.9639, -2.4295 2.7163 0.9962, -2.3881 2.7163 1.0931, -2.3807 2.7163 1.0926, -2.3606 2.7163 1.074, -2.374 2.7163 1.0909, -2.3683 2.7163 1.0879, -2.3608 2.7163 1.0707, -2.3618 2.7163 1.0668, -2.3636 2.7163 1.0634, -2.366 2.7163 1.0607, -2.3748 2.7163 1.0551, -2.4056 2.7163 1.0908, -2.3902 2.7163 1.0482, -2.4198 2.7163 1.0852, -2.3999 2.7163 1.0442, -2.4165 2.7163 1.0349, -2.3645 2.7163 1.0846, -2.3623 2.7163 1.0814, -2.3611 2.7163 1.078, -2.3587 2.7163 0.9865, -2.3724 2.7163 1.0302, -2.3575 2.7163 1.0371, -2.3752 2.7163 0.9844, -2.3763 2.7163 0.9844, -2.3888 2.7163 1.0231, -2.3892 2.7163 0.9857, -2.4049 2.7163 1.0035, -2.4047 2.7163 1.0066, -2.3957 2.7163 0.9881, -2.398 2.7163 0.9894, -2.4009 2.7163 0.992, -2.4031 2.7163 0.9952, -2.4044 2.7163 0.9987, -2.4036 2.7163 1.0106, -2.4017 2.7163 1.0139, -2.3986 2.7163 1.0172, -2.9221 2.7163 1.4862, -2.7343 2.7163 1.4862, -2.7565 2.7163 1.4823, -2.6737 2.7163 1.2828, -2.6789 2.7163 1.2828, -2.7343 2.7163 1.4254, -2.6788 2.7163 1.2827, -2.6737 2.7163 1.2256, -2.7074 2.7163 1.2825, -2.7343 2.7163 1.2256, -2.7075 2.7163 1.2828, -2.7343 2.7163 1.2828, -2.7343 2.7163 1.3371, -2.727 2.7163 1.3371, -2.8104 2.7163 1.3365, -2.8299 2.7163 1.2828, -2.8304 2.7163 1.2816, -2.8589 2.7163 1.2814, -2.9221 2.7163 1.2256, -2.4376 2.7163 1.4862, -2.4638 2.7163 1.4844, -2.4859 2.7163 1.4862, -2.4636 2.7163 1.4614, -2.4575 2.7163 1.3974, -2.4376 2.7163 1.3975, -2.4376 2.7163 1.3072, -2.4671 2.7163 1.307, -2.4573 2.7163 1.3744, -2.4376 2.7163 1.3746, -2.3858 2.7163 1.3749, -2.3853 2.7163 1.3076, -2.4376 2.7163 1.4616, -2.3864 2.7163 1.4619, -2.3859 2.7163 1.3979, -2.3593 2.7163 1.285, -2.3466 2.7163 1.2828, -2.4376 2.7163 1.2828, -2.3466 2.7163 1.4862, -2.3607 2.7163 1.4851, -2.4376 2.7163 1.4846, -2.4859 2.7163 1.2828, -2.4669 2.7163 1.2842, -2.4376 2.7163 1.2844, -2.0816 2.7163 1.3098, -2.1613 2.7163 1.3092, -2.1656 2.7163 1.2828, -2.1612 2.7163 1.2864, -2.0556 2.7163 1.2871, -2.1656 2.7163 1.5173, -2.057 2.7163 1.4873, -2.057 2.7163 1.4862, -2.8543 2.7163 2.4606, -2.853 2.7163 2.4504, -2.9221 2.7163 1.5173, -2.849 2.7163 2.4409, -2.8428 2.7163 2.4328, -2.8346 2.7163 2.4265, -2.8251 2.7163 2.4226, -2.815 2.7163 2.4213, -2.7343 2.7163 1.5173, -2.9221 2.7163 4.2323, -2.8543 2.7163 4.2323, -2.7343 2.7163 2.4213, -2.6737 2.7163 2.4213, -2.6737 2.7163 1.5173, -2.4859 2.7163 2.4213, -2.4859 2.7163 1.5173, -2.4376 2.7163 2.4213, -2.4376 2.7163 1.5173, -2.3466 2.7163 2.4213, -2.3466 2.7163 1.5173, -2.3106 2.7163 2.4213, -2.3106 2.7163 1.5173, -2.1776 2.7163 2.4213, -2.1776 2.7163 1.5173, -2.1656 2.7163 2.4213, -2.3206 2.7163 1.4806, -2.3204 2.7163 1.4536, -2.2771 2.7163 1.3056, -2.2998 2.7163 1.3096, -2.3106 2.7163 1.4578, -2.3106 2.7163 1.3144, -2.3182 2.7163 1.4548, -2.3194 2.7163 1.3183, -2.2202 2.7163 1.3229, -2.2332 2.7163 1.3135, -2.2979 2.7163 1.4627, -2.2161 2.7163 1.4412, -2.2066 2.7163 1.427, -2.2001 2.7163 1.4093, -2.2733 2.7163 1.4658, -2.2656 2.7163 1.4656, -2.2186 2.7163 1.444, -2.2481 2.7163 1.4623, -2.2323 2.7163 1.4552, -2.1972 2.7163 1.384, -2.1973 2.7163 1.3766, -2.2004 2.7163 1.3565, -2.2474 2.7163 1.3079, -2.2677 2.7163 1.3053, -2.2067 2.7163 1.3403, -2.2164 2.7163 1.3267, -2.2737 2.7163 1.4891, -2.2998 2.7163 1.4868, -2.1848 2.7163 1.4413, -2.1995 2.7163 1.4602, -2.2042 2.7163 1.4647, -2.223 2.7163 1.4777, -2.1776 2.7163 1.2828, -2.1776 2.7163 1.3399, -2.1752 2.7163 1.4191, -2.1776 2.7163 1.4247, -2.1731 2.7163 1.3527, -2.17 2.7163 1.3826, -2.1705 2.7163 1.393, -2.2517 2.7163 1.2829, -2.2301 2.7163 1.2875, -2.2112 2.7163 1.2966, -2.1952 2.7163 1.3101, -2.1921 2.7163 1.3136, -2.1807 2.7163 1.3312, -2.2638 2.7163 1.2823, -2.3106 2.7163 1.2256, -2.2536 2.7163 1.2828, -2.1776 2.7163 1.2256, -2.3193 2.7163 1.2935, -2.3158 2.7163 1.2919, -2.3106 2.7163 1.2902, -2.1656 2.7163 1.1639, -2.1578 2.7163 1.1639, -2.1577 2.7163 1.146, -2.0804 2.7163 1.1465, -2.08 2.7163 1.0825, -2.1516 2.7163 1.082, -2.1514 2.7163 1.059, -2.0798 2.7163 1.0596, -2.0793 2.7163 0.9922, -2.1612 2.7163 0.9916, -2.161 2.7163 0.9688, -2.1579 2.7163 1.169, -2.1579 2.7163 1.1678, -2.1656 2.7163 1.1678, -2.1656 2.7163 1.2256, -2.0548 2.7163 1.1697, -2.0548 2.7163 1.1678, -2.0547 2.7163 1.1639, -2.4445 2.7163 1.1098, -2.4725 2.7163 1.1096, -2.6737 2.7163 0.9652, -2.4859 2.7163 0.0197, -2.4844 2.7163 0.9041, -2.4745 2.7163 0.9004, -2.4643 2.7163 0.8993, -2.4583 2.7163 0.8996, -2.4482 2.7163 0.9015, -2.4483 2.7163 0.9238, -2.4534 2.7163 0.9221, -2.4625 2.7163 0.9208, -2.4643 2.7163 0.9209, -2.4701 2.7163 0.9219, -2.4754 2.7163 0.9243, -2.4782 2.7163 0.9263, -2.483 2.7163 0.9313, -2.4859 2.7163 0.9365, -4.2716 2.7163 1.1639, -3.6895 2.7163 1.1639, -4.2716 2.7163 0.0197, -3.6895 2.7163 0.0197, -2.9558 2.7163 0.9632, -2.9272 2.7163 0.9634, -3.0049 2.7163 1.163, -3.0325 2.7163 1.1628, -3.1074 2.7163 0.9621, -3.0788 2.7163 0.9623, -3.0588 2.7163 1.0172, -2.9754 2.7163 1.0178, -3.6895 2.7163 1.1678, -4.2716 2.7163 1.1678, -3.6895 2.7163 1.2256, -3.6895 2.7163 1.2828, -4.2716 2.7163 1.2256, -4.2716 2.7163 1.2828, -3.6895 2.7163 1.4862, -4.2716 2.7163 1.4862, -3.6895 2.7163 1.5173, -3.6895 2.7163 4.2323, -4.2716 2.7163 1.5173, -4.2716 2.7163 4.2323, -2.6678 2.7163 1.3728, -2.6628 2.7163 1.3493, -2.6579 2.7163 1.4324, -2.6652 2.7163 1.4133, -2.6737 2.7163 1.4862, -2.6684 2.7163 1.3854, -2.6528 2.7163 1.3287, -2.6377 2.7163 1.311, -2.617 2.7163 1.2964, -2.5633 2.7163 1.4837, -2.5938 2.7163 1.4801, -2.6179 2.7163 1.4711, -2.5942 2.7163 1.2875, -2.5598 2.7163 1.2836, -2.5047 2.7163 1.2839, -2.5062 2.7163 1.4841, -2.6388 2.7163 1.4567, -2.6456 2.7163 1.4499, -2.3466 2.7163 1.2256, -2.4376 2.7163 1.2256, -2.4859 2.7163 1.2256, -2.1905 2.7163 1.0295, -2.1956 2.7163 1.0367, -2.1997 2.7163 1.0771, -2.2897 2.7163 1.0986, -2.2948 2.7163 1.0905, -2.2641 2.7163 1.113, -2.2747 2.7163 1.1098, -2.283 2.7163 1.105, -2.1999 2.7163 1.1015, -2.2049 2.7163 1.1043, -2.1776 2.7163 1.1639, -2.2236 2.7163 1.1115, -2.2492 2.7163 1.1144, -2.2033 2.7163 1.0433, -2.214 2.7163 1.0487, -2.2172 2.7163 1.0879, -2.233 2.7163 1.0532, -2.2554 2.7163 1.0931, -2.2467 2.7163 1.0941, -2.233 2.7163 1.0929, -2.2987 2.7163 1.0791, -2.3005 2.7163 1.0598, -2.2999 2.7163 0.9678, -2.1776 2.7163 0.0197, -2.2748 2.7163 0.968, -2.2618 2.7163 0.9753, -2.275 2.7163 0.9901, -2.2743 2.7163 0.9901, -2.2699 2.7163 0.9836, -2.2526 2.7163 0.9695, -2.2422 2.7163 0.9661, -2.2303 2.7163 0.9649, -2.2051 2.7163 0.9708, -2.1973 2.7163 0.9764, -2.1938 2.7163 0.9801, -2.1854 2.7163 1.0099, -2.187 2.7163 1.0207, -2.2754 2.7163 1.0589, -2.2747 2.7163 1.0697, -2.2722 2.7163 1.0788, -2.2693 2.7163 1.084, -2.2264 2.7163 0.9651, -2.2146 2.7163 0.967, -2.1893 2.7163 0.9872, -2.1864 2.7163 0.9957, -2.1853 2.7163 1.0069, -2.2656 2.7163 1.0881, -2.2611 2.7163 1.091, -2.0533 2.7163 0.9696, -2.1656 2.7163 0.0197, -2.1776 2.7163 1.1678, -2.3106 2.7163 1.1678, -2.3466 2.7163 1.1678, -2.4376 2.7163 1.1678, -2.2732 2.7163 1.4891, 1.5748 2.4801 1.3583, 1.5748 1.5549 1.3583, 1.5748 2.4801 0.0197, 1.5748 1.5549 0.0197, 1.5748 0.3345 0.0197, 1.5748 0.3345 1.3583, 1.5748 -0.5907 0.0197, 1.5748 -0.5907 1.3583, 1.1234 2.4998 1.3875, 1.1273 2.4998 1.378, 0.4685 2.4998 0.0197, 1.1336 2.4998 1.3698, 0.4685 2.4998 2.4409, 1.1221 2.4998 2.4409, 1.1221 2.4998 1.3976, 1.1417 2.4998 1.3635, 1.1512 2.4998 1.3596, 1.5551 2.4998 0.0197, 1.1614 2.4998 1.3583, 1.5551 2.4998 1.3583, 0.4685 -0.6104 2.4409, 1.1221 -0.6104 2.4409, 0.4685 -0.6007 2.6151, 1.1221 -0.6007 2.6151, 0.4685 -0.589 2.6838, 1.1221 -0.589 2.6838, 0.4685 -0.5714 2.787, 1.1221 -0.5714 2.787, 0.4685 -0.5328 2.9211, 1.1221 -0.5328 2.9211, 0.4685 -0.5232 2.9546, 1.1221 -0.5232 2.9546, 0.4685 -0.4564 3.1157, 1.1221 -0.4564 3.1157, 0.4685 -0.4396 3.1462, 1.1221 -0.4396 3.1462, 0.4685 -0.3721 3.2683, 1.1221 -0.3721 3.2683, 0.4685 -0.3115 3.3537, 1.1221 -0.3115 3.3537, 0.4685 -0.2712 3.4105, 1.1221 -0.2712 3.4105, 0.4685 -0.1549 3.5406, 1.1221 -0.1549 3.5406, 0.4685 -0.0249 3.6568, 1.1221 -0.0249 3.6568, 0.4685 0.032 3.6971, 1.1221 0.032 3.6971, 0.4685 0.1173 3.7577, 1.1221 0.1173 3.7577, 0.4685 0.2394 3.8252, 1.1221 0.2394 3.8252, 0.4685 0.2699 3.8421, 1.1221 0.2699 3.8421, 0.4685 0.4311 3.9088, 1.1221 0.4311 3.9088, 0.4685 0.4646 3.9184, 1.1221 0.4646 3.9184, 0.4685 0.5986 3.9571, 1.1221 0.5986 3.9571, 0.4685 0.7018 3.9746, 1.1221 0.7018 3.9746, 0.4685 0.7706 3.9863, 1.1221 0.7706 3.9863, 0.4685 0.9447 3.9961, 1.1221 0.9447 3.9961, 0.4685 1.1188 3.9863, 1.1221 1.1188 3.9863, 0.4685 1.1876 3.9746, 1.1221 1.1876 3.9746, 0.4685 1.2907 3.9571, 1.1221 1.2907 3.9571, 0.4685 1.4248 3.9184, 1.1221 1.4248 3.9184, 0.4685 1.4583 3.9088, 1.1221 1.4583 3.9088, 0.4685 1.6194 3.8421, 1.1221 1.6194 3.8421, 0.4685 1.6499 3.8252, 1.1221 1.6499 3.8252, 0.4685 1.7721 3.7577, 1.1221 1.7721 3.7577, 0.4685 1.8574 3.6971, 1.1221 1.8574 3.6971, 0.4685 1.9143 3.6568, 1.1221 1.9143 3.6568, 0.4685 2.0443 3.5406, 1.1221 2.0443 3.5406, 0.4685 2.1605 3.4105, 1.1221 2.1605 3.4105, 0.4685 2.2009 3.3537, 1.1221 2.2009 3.3537, 0.4685 2.2614 3.2683, 1.1221 2.2614 3.2683, 0.4685 2.3289 3.1462, 1.1221 2.3289 3.1462, 0.4685 2.3458 3.1157, 1.1221 2.3458 3.1157, 0.4685 2.4125 2.9546, 1.1221 2.4125 2.9546, 0.4685 2.4222 2.9211, 1.1221 2.4222 2.9211, 0.4685 2.4608 2.787, 1.1221 2.4608 2.787, 0.4685 2.4783 2.6838, 1.1221 2.4783 2.6838, 0.4685 2.49 2.6151, 1.1221 2.49 2.6151, 0.4291 -0.827 0.0197, 0.4291 -0.827 2.4213, -4.2716 -0.827 0.0197, -2.815 -0.827 2.4213, -2.8251 -0.827 2.4226, -2.8346 -0.827 2.4265, -2.8428 -0.827 2.4328, -2.849 -0.827 2.4409, -2.853 -0.827 2.4504, -4.2716 -0.827 4.2323, -2.8543 -0.827 2.4606, -2.8543 -0.827 4.2323, -2.815 -0.6694 2.4604, 0.4291 -0.6694 2.4604, -2.815 -0.658 2.6335, 0.4291 -0.658 2.6335, -2.815 -0.6445 2.7103, 0.4291 -0.6445 2.7103, -2.815 -0.6281 2.8043, 0.4291 -0.6281 2.8043, -2.815 -0.5848 2.9543, 0.4291 -0.5848 2.9543, -2.815 -0.58 2.9709, 0.4291 -0.58 2.9709, -2.815 -0.5143 3.1315, 0.4291 -0.5143 3.1315, -2.815 -0.4855 3.1849, 0.4291 -0.4855 3.1849, -2.815 -0.4318 3.284, 0.4291 -0.4318 3.284, -2.815 -0.3531 3.3983, 0.4291 -0.3531 3.3983, -2.815 -0.3334 3.4269, 0.4291 -0.3334 3.4269, -2.815 -0.2203 3.5583, 0.4291 -0.2203 3.5583, -2.815 -0.1886 3.5879, 0.4291 -0.1886 3.5879, -2.815 -0.0936 3.6768, 0.4291 -0.0936 3.6768, -2.815 0.0034 3.7498, 0.4291 0.0034 3.7498, -2.815 0.045 3.7811, 0.4291 0.045 3.7811, -2.815 0.1939 3.8699, 0.4291 0.1939 3.8699, -2.815 0.2176 3.8807, 0.4291 0.2176 3.8807, -2.815 0.3516 3.9422, 0.4291 0.3516 3.9422, -2.815 0.4503 3.9752, 0.4291 0.4503 3.9752, -2.815 0.5161 3.9972, 0.4291 0.5161 3.9972, -2.815 0.6855 4.0342, 0.4291 0.6855 4.0342, -2.815 0.6941 4.0351, 0.4291 0.6941 4.0351, -2.815 0.858 4.0528, 0.4291 0.858 4.0528, -2.815 0.9447 4.0528, 0.4291 0.9447 4.0528, -2.815 1.0314 4.0528, 0.4291 1.0314 4.0528, -2.815 1.1952 4.0351, 0.4291 1.1952 4.0351, -2.815 1.2038 4.0342, 0.4291 1.2038 4.0342, -2.815 1.3733 3.9972, 0.4291 1.3733 3.9972, -2.815 1.4391 3.9752, 0.4291 1.4391 3.9752, -2.815 1.5378 3.9422, 0.4291 1.5378 3.9422, -2.815 1.6718 3.8807, 0.4291 1.6718 3.8807, -2.815 1.6954 3.8699, 0.4291 1.6954 3.8699, -2.815 1.8444 3.7811, 0.4291 1.8444 3.7811, -2.815 1.886 3.7498, 0.4291 1.886 3.7498, -2.815 1.983 3.6768, 0.4291 1.983 3.6768, -2.815 2.078 3.5879, 0.4291 2.078 3.5879, -2.815 2.1096 3.5583, 0.4291 2.1096 3.5583, -2.815 2.2228 3.4269, 0.4291 2.2228 3.4269, -2.815 2.2425 3.3983, 0.4291 2.2425 3.3983, -2.815 2.3212 3.284, 0.4291 2.3212 3.284, -2.815 2.3748 3.1849, 0.4291 2.3748 3.1849, -2.815 2.4037 3.1315, 0.4291 2.4037 3.1315, -2.815 2.4694 2.9709, 0.4291 2.4694 2.9709, -2.815 2.4742 2.9543, 0.4291 2.4742 2.9543, -2.815 2.5174 2.8043, 0.4291 2.5174 2.8043, -2.815 2.5339 2.7103, 0.4291 2.5339 2.7103, -2.815 2.5473 2.6335, 0.4291 2.5473 2.6335, -2.815 2.5587 2.4604, 0.4291 2.5587 2.4604, -2.815 -0.8073 2.4409, 0.4291 -0.8073 2.4409, -2.815 -0.6891 2.4409, 0.4291 -0.6891 2.4409, -2.815 2.5784 2.4409, 0.4291 2.5784 2.4409, -2.815 2.6967 2.4409, 0.4291 2.6967 2.4409, -4.2716 2.6967 4.252, -4.2716 -0.8073 4.252, -2.8543 2.6967 4.252, -2.8543 -0.8073 4.252, -4.2913 2.6967 4.2323, -4.2913 0.9447 3.7008, -4.2913 -0.8073 4.2323, -4.2913 0.7868 3.6909, -4.2913 0.6314 3.6612, -4.2913 1.8071 3.3593, -4.2913 1.6852 3.4602, -4.2913 1.5516 3.545, -4.2913 1.4085 3.6123, -4.2913 1.258 3.6612, -4.2913 1.1026 3.6909, -4.2913 0.4809 3.6123, -4.2913 0.3378 3.545, -4.2913 0.2042 3.4602, -4.2913 0.3378 1.3369, -4.2913 0.4809 1.2696, -4.2913 -0.8073 0.0197, -4.2913 0.0823 3.3593, -4.2913 -0.026 3.244, -4.2913 -0.119 3.116, -4.2913 1.9154 1.6379, -4.2913 2.0084 1.7659, -4.2913 2.6967 0.0197, -4.2913 2.0846 1.9045, -4.2913 2.1429 2.0516, -4.2913 2.1822 2.677, -4.2913 2.1429 2.8303, -4.2913 2.0846 2.9774, -4.2913 2.1822 2.2049, -4.2913 2.202 2.3618, -4.2913 2.202 2.5201, -4.2913 2.0084 3.116, -4.2913 1.9154 3.244, -4.2913 -0.1953 2.9774, -4.2913 -0.2535 2.8303, -4.2913 -0.2928 2.677, -4.2913 -0.3127 2.5201, -4.2913 -0.3127 2.3618, -4.2913 -0.2928 2.2049, -4.2913 -0.2535 2.0516, -4.2913 -0.1953 1.9045, -4.2913 -0.119 1.7659, -4.2913 -0.026 1.6379, -4.2913 1.1026 1.191, -4.2913 1.258 1.2207, -4.2913 1.4085 1.2696, -4.2913 1.5516 1.3369, -4.2913 1.6852 1.4217, -4.2913 1.8071 1.5226, -4.2913 0.0823 1.5226, -4.2913 0.2042 1.4217, -4.2913 0.6314 1.2207, -4.2913 0.7868 1.191, -4.2913 0.9447 1.1811, 0.4305 2.5093 0.0, -4.2716 2.6967 0.0, 0.4291 2.5195 0.0, 0.4291 2.6967 0.0, 0.4685 -0.5907 0.0, 0.4583 -0.5921 0.0, 1.1512 0.3358 0.0, 0.4291 -0.6301 0.0, 0.4291 -0.8073 0.0, -4.2716 -0.8073 0.0, 0.4344 2.4998 0.0, 0.4407 2.4917 0.0, 1.1234 1.5257 0.0, 0.4488 2.4854 0.0, 0.4583 2.4815 0.0, 1.1273 1.5352 0.0, 1.5551 2.4801 0.0, 1.5551 1.5549 0.0, 1.1614 1.5549 0.0, 1.1221 0.3738 0.0, 1.1234 0.3636 0.0, 1.1273 0.3541 0.0, 1.1336 0.346 0.0, 1.1417 0.3397 0.0, 0.4685 2.4801 0.0, 1.1221 1.5156 0.0, 0.4488 -0.596 0.0, 0.4407 -0.6023 0.0, 0.4344 -0.6104 0.0, 0.4305 -0.6199 0.0, 1.1512 1.5536 0.0, 1.1417 1.5496 0.0, 1.1336 1.5434 0.0, 1.5551 -0.5907 0.0, 1.1614 0.3345 0.0, 1.5551 0.3345 0.0, -2.8346 0.034 3.7975, -2.8346 0.1848 3.8873, -2.8346 -0.8073 4.2323, -2.8346 0.3444 3.9605, -2.8346 0.5109 4.0162, -2.8346 -0.6891 2.4606, -2.8346 -0.6775 2.6358, -2.8346 -0.8073 2.4606, -2.8346 -0.6472 2.8087, -2.8346 -0.5986 2.9774, -2.8346 -0.5321 3.1399, -2.8346 -0.4486 3.2943, -2.8346 -0.349 3.4389, -2.8346 -0.2345 3.5719, -2.8346 -0.1063 3.6919, -2.8346 0.6824 4.0536, -2.8346 0.8569 4.0724, -2.8346 2.6967 4.2323, -2.8346 1.0325 4.0724, -2.8346 1.207 4.0536, -2.8346 1.7046 3.8873, -2.8346 1.8554 3.7975, -2.8346 1.9957 3.6919, -2.8346 2.1238 3.5719, -2.8346 2.2384 3.4389, -2.8346 2.338 3.2943, -2.8346 2.4215 3.1399, -2.8346 2.488 2.9774, -2.8346 2.5366 2.8087, -2.8346 2.6967 2.4606, -2.8346 2.5669 2.6358, -2.8346 2.5784 2.4606, -2.8346 1.3785 4.0162, -2.8346 1.545 3.9605, 0.4488 -0.6695 2.4265, 0.4488 -0.6789 2.4226, 0.4488 -0.6301 0.0197, 0.4488 -0.6301 2.4409, 0.4488 -0.6511 2.4501, 0.4488 -0.6551 2.4407, 0.4488 2.6967 0.0197, 0.4488 2.6967 2.4213, 0.4488 2.5195 0.0197, 0.4488 2.5784 2.4213, 0.4488 -0.8073 0.0197, 0.4488 -0.6891 2.4213, 0.4488 -0.8073 2.4213, 0.4488 2.5683 2.4226, 0.4488 2.5589 2.4265, 0.4488 2.5195 2.4409, 0.4488 2.5508 2.4326, 0.4488 2.5445 2.4407, 0.4488 -0.6614 2.4326, 0.4488 1.628 3.8598, 0.4488 1.5306 3.9239, 0.4488 1.4648 3.9274, 0.4488 1.3681 3.9782, 0.4488 1.2951 3.9763, 0.4488 1.2007 4.0148, 0.4488 1.121 4.0058, 0.4488 1.0304 4.0331, 0.4488 0.9447 4.0158, 0.4488 0.859 4.0331, 0.4488 0.7684 4.0058, 0.4488 0.6887 4.0148, 0.4488 0.5943 3.9763, 0.4488 0.5213 3.9782, 0.4488 0.4246 3.9274, 0.4488 0.3588 3.9239, 0.4488 0.2614 3.8598, 0.4488 0.2031 3.8525, 0.4488 0.1068 3.7744, 0.4488 0.0559 3.7648, 0.4488 -0.0372 3.6722, 0.4488 -0.081 3.6618, 0.4488 -0.1689 3.5545, 0.4488 -0.206 3.5447, 0.4488 -0.2865 3.4228, 0.4488 -0.3178 3.4148, 0.4488 -0.3887 3.2788, 0.4488 -0.415 3.2738, 0.4488 -0.4742 3.1242, 0.4488 -0.4965 3.1231, 0.4488 -0.5417 2.9611, 0.4488 -0.5614 2.9645, 0.4488 -0.5906 2.7914, 0.4488 -0.6089 2.7999, 0.4488 -0.6202 2.6173, 0.4488 -0.6384 2.6311, 0.4488 -0.6497 2.4602, 0.4488 2.5405 2.4501, 0.4488 2.5391 2.4602, 0.4488 2.5096 2.6173, 0.4488 2.5278 2.6311, 0.4488 2.48 2.7914, 0.4488 2.4983 2.7999, 0.4488 2.4311 2.9611, 0.4488 2.4508 2.9645, 0.4488 2.3635 3.1242, 0.4488 2.3859 3.1231, 0.4488 2.2781 3.2788, 0.4488 2.3044 3.2738, 0.4488 2.1759 3.4228, 0.4488 2.2072 3.4148, 0.4488 2.0582 3.5545, 0.4488 2.0954 3.5447, 0.4488 1.9266 3.6722, 0.4488 1.9704 3.6618, 0.4488 1.7825 3.7744, 0.4488 1.8335 3.7648, 0.4488 1.6863 3.8525, 1.1336 -0.6104 1.3698, 0.4685 -0.6104 0.0197, 1.1417 -0.6104 1.3635, 1.1512 -0.6104 1.3596, 1.1614 -0.6104 1.3583, 1.5551 -0.6104 0.0197, 1.5551 -0.6104 1.3583, 1.1273 -0.6104 1.378, 1.1234 -0.6104 1.3875, 1.1221 -0.6104 1.3976, 1.1614 1.5352 1.378, 1.5551 1.5352 1.378, 1.1614 2.4801 1.378, 1.5551 2.4801 1.378, 1.1614 1.5352 0.0197, 1.5551 1.5352 0.0197, 1.1614 0.3541 1.378, 1.5551 0.3541 1.378, 1.1614 0.3541 0.0197, 1.5551 0.3541 0.0197, 1.1614 -0.5907 1.378, 1.5551 -0.5907 1.378, 1.1417 1.3575 2.4186, 1.1417 1.343 2.3304, 1.1417 1.5156 1.3976, 1.1417 1.3099 2.2473, 1.1417 1.2598 2.1733, 1.1417 0.9447 2.0276, 1.1417 0.8558 2.0372, 1.1417 1.5156 0.0197, 1.1417 0.3738 1.3976, 1.1417 0.3738 0.0197, 1.1417 0.7711 2.0658, 1.1417 0.6945 2.1119, 1.1417 -0.5907 1.3976, 1.1417 1.1949 2.1119, 1.1417 1.1183 2.0658, 1.1417 1.0336 2.0372, 1.1417 0.6296 2.1733, 1.1417 0.5795 2.2473, 1.1417 -0.5907 2.4409, 1.1417 -0.4387 3.1071, 1.1417 0.5607 2.594, 1.1417 0.6025 2.6729, 1.1417 1.0767 2.8327, 1.1417 1.1578 2.7952, 1.1417 1.6109 3.8243, 1.1417 0.5464 2.3304, 1.1417 0.5319 2.4186, 1.1417 -0.5811 2.6129, 1.1417 0.5367 2.5078, 1.1417 -0.5522 2.7826, 1.1417 -0.5046 2.9481, 1.1417 0.6604 2.7411, 1.1417 -0.2558 3.3983, 1.1417 -0.3554 3.2578, 1.1417 0.7316 2.7952, 1.1417 -0.0126 3.6414, 1.1417 -0.141 3.5267, 1.1417 0.8127 2.8327, 1.1417 0.2785 3.8243, 1.1417 0.1278 3.741, 1.1417 0.9 2.8519, 1.1417 0.603 3.9379, 1.1417 0.4376 3.8902, 1.1417 1.229 2.7411, 1.1417 1.902 3.6414, 1.1417 1.7616 3.741, 1.1417 1.2868 2.6729, 1.1417 2.1451 3.3983, 1.1417 2.0304 3.5267, 1.1417 1.3287 2.594, 1.1417 2.3281 3.1071, 1.1417 2.2448 3.2578, 1.1417 0.9894 2.8519, 1.1417 0.9447 3.9764, 1.1417 0.7728 3.9667, 1.1417 1.4518 3.8902, 1.1417 1.2864 3.9379, 1.1417 1.1166 3.9667, 1.1417 1.3526 2.5078, 1.1417 2.4801 1.3976, 1.1417 2.4801 2.4409, 1.1417 2.4705 2.6129, 1.1417 2.4416 2.7826, 1.1417 2.394 2.9481, -3.9961 1.7921 1.5354, -0.3543 1.7921 1.5354, -0.3543 1.8947 1.6438, -0.3543 -0.0053 1.6438, -0.3543 0.0973 1.5354, -4.2716 -0.005 1.6441, -3.9961 0.0973 1.5354, -4.2716 0.0957 1.5369, -3.9961 0.1475 1.4909, -4.2716 1.564 1.3681, -3.9961 1.5648 1.3669, -4.2716 1.6736 1.4376, -3.9961 1.7418 1.4909, -4.2716 1.5421 1.3542, -4.2716 1.4012 1.2879, -3.9961 1.3688 1.2756, -4.2716 1.3683 1.2772, -4.2716 1.2531 1.2398, -3.9961 1.16 1.2196, -4.2716 1.1596 1.2219, -4.2716 1.1001 1.2106, -3.9961 0.9447 1.2008, -4.2716 0.9447 1.2008, -4.2716 0.7893 1.2106, -3.9961 0.7293 1.2196, -4.2716 0.5211 1.2772, -3.9961 0.5205 1.2756, -4.2716 0.6363 1.2398, -4.2716 0.7298 1.2219, -4.2716 0.4882 1.2879, -4.2716 0.3472 1.3542, -3.9961 0.3246 1.3669, -4.2716 0.3253 1.3681, -4.2716 0.2157 1.4376, -4.2716 0.1491 1.4928, -4.2716 1.1001 3.6713, -0.3543 1.16 3.6623, -0.3543 0.9447 3.6811, -4.2716 1.3683 3.6047, -0.3543 1.3688 3.6063, -4.2716 1.2531 3.6421, -4.2716 1.1596 3.66, -4.2716 1.4012 3.594, -4.2716 1.5421 3.5277, -0.3543 1.5648 3.515, -4.2716 1.564 3.5138, -4.2716 1.6736 3.4443, -0.3543 1.7418 3.391, -4.2716 1.7403 3.3891, -4.2716 1.7936 3.345, -0.3543 1.8947 3.2381, -4.2716 1.8943 3.2378, -0.3543 2.0187 3.061, -4.2716 1.9002 3.2315, -4.2716 1.9918 3.1055, -4.2716 2.1082 2.8644, -0.3543 2.1101 2.8651, -4.2716 2.0668 2.969, -4.2716 2.0168 3.06, -4.2716 2.1241 2.8242, -4.2716 2.1629 2.6733, -0.3543 2.166 2.6563, -4.2716 2.165 2.6562, -4.2716 2.1824 2.5188, -0.3543 2.1848 2.4409, -4.2716 2.1824 2.4409, -4.2716 2.1824 2.3631, -0.3543 2.166 2.2256, -4.2716 2.165 2.2257, -0.3543 2.1101 2.0168, -4.2716 2.1629 2.2086, -4.2716 2.1241 2.0577, -4.2716 2.0168 1.8219, -0.3543 2.0187 1.8209, -4.2716 2.0668 1.9129, -4.2716 2.1082 2.0175, -4.2716 1.9918 1.7764, -4.2716 1.9002 1.6504, -4.2716 1.8943 1.6441, -4.2716 1.7936 1.5369, -4.2716 1.7403 1.4928, -0.3543 -0.1293 1.8209, -4.2716 -0.0109 1.6504, -4.2716 -0.1024 1.7764, -4.2716 -0.2189 2.0175, -0.3543 -0.2207 2.0168, -4.2716 -0.1774 1.9129, -4.2716 -0.1274 1.8219, -4.2716 -0.2348 2.0577, -4.2716 -0.2735 2.2086, -0.3543 -0.2766 2.2256, -4.2716 -0.2757 2.2257, -4.2716 -0.293 2.3631, -0.3543 -0.2955 2.4409, -4.2716 -0.293 2.4409, -4.2716 -0.293 2.5188, -0.3543 -0.2766 2.6563, -4.2716 -0.2757 2.6562, -0.3543 -0.2207 2.8651, -4.2716 -0.2735 2.6733, -4.2716 -0.2348 2.8242, -4.2716 -0.1274 3.06, -0.3543 -0.1293 3.061, -4.2716 -0.1774 2.969, -4.2716 -0.2189 2.8644, -4.2716 -0.1024 3.1055, -4.2716 -0.0109 3.2315, -0.3543 -0.0053 3.2381, -4.2716 -0.005 3.2378, -4.2716 0.0957 3.345, -0.3543 0.1475 3.391, -4.2716 0.3253 3.5138, -0.3543 0.3246 3.515, -4.2716 0.2157 3.4443, -4.2716 0.1491 3.3891, -4.2716 0.3472 3.5277, -4.2716 0.4882 3.594, -0.3543 0.5205 3.6063, -4.2716 0.5211 3.6047, -4.2716 0.6363 3.6421, -0.3543 0.7293 3.6623, -4.2716 0.7298 3.66, -4.2716 0.7893 3.6713, -4.2716 0.9447 3.6811, -0.3543 0.6412 2.993, -0.3543 0.788 3.0511, -0.3543 0.9447 3.0709, -0.3543 1.1013 3.0511, -0.3543 0.4128 2.7785, -0.3543 0.5135 2.9001, -0.3543 1.0236 1.816, -0.3543 0.8657 1.816, -0.3543 0.7128 1.8553, -0.3543 0.5744 1.9313, -0.3543 0.316 2.4805, -0.3543 0.3456 2.6356, -0.3543 0.4593 2.0394, -0.3543 0.3747 2.1727, -0.3543 1.1766 1.8553, -0.3543 1.3149 1.9313, -0.3543 1.4301 2.0394, -0.3543 1.5147 2.1727, -0.3543 1.5635 2.3229, -0.3543 0.3259 2.3229, -0.3543 1.5438 2.6356, -0.3543 1.5734 2.4805, -0.3543 1.3759 2.9001, -0.3543 1.4765 2.7785, -0.3543 1.2482 2.993, -0.2362 0.9447 3.0709, -0.2362 1.1013 3.0511, -0.2362 1.2482 2.993, -0.2362 1.3759 2.9001, -0.2362 1.4765 2.7785, -0.2362 1.5438 2.6356, -0.2362 1.5734 2.4805, -0.2362 1.5635 2.3229, -0.2362 1.5147 2.1727, -0.2362 1.4301 2.0394, -0.2362 1.3149 1.9313, -0.2362 1.1766 1.8553, -0.2362 1.0236 1.816, -0.2362 0.8657 1.816, -0.2362 0.7128 1.8553, -0.2362 0.5744 1.9313, -0.2362 0.4593 2.0394, -0.2362 0.3747 2.1727, -0.2362 0.3259 2.3229, -0.2362 0.316 2.4805, -0.2362 0.3456 2.6356, -0.2362 0.4128 2.7785, -0.2362 0.5135 2.9001, -0.2362 0.6412 2.993, -0.2362 0.788 3.0511, -0.2362 0.9447 2.0472, -0.2362 0.8428 2.0607, -0.2362 0.7478 2.1, -0.2362 0.6663 2.1626, -0.2362 0.6037 2.2441, -0.2362 0.5644 2.3391, -0.2362 0.551 2.4409, -0.2362 0.5644 2.5428, -0.2362 0.6037 2.6378, -0.2362 0.6663 2.7193, -0.2362 0.7478 2.7819, -0.2362 0.8428 2.8212, -0.2362 0.9447 2.8346, -0.2362 1.0466 2.8212, -0.2362 1.1415 2.7819, -0.2362 1.2231 2.7193, -0.2362 1.2856 2.6378, -0.2362 1.325 2.5428, -0.2362 1.3384 2.4409, -0.2362 1.325 2.3391, -0.2362 1.2856 2.2441, -0.2362 1.2231 2.1626, -0.2362 1.1415 2.1, -0.2362 1.0466 2.0607, 1.1221 0.9873 2.8323, 1.1221 1.0704 2.814, 1.1221 1.0462 2.8194, 1.1221 1.2223 2.7187, 1.1221 1.2154 2.7268, 1.1221 1.1477 2.7783, 1.1221 1.1412 2.7813, 1.1221 1.2706 2.6619, 1.1221 1.2838 2.6368, 1.1221 1.3104 2.5867, 1.1221 1.3228 2.5422, 1.1221 1.3332 2.5046, 1.1221 1.3367 2.4409, 1.1221 1.3378 2.4196, 1.1221 1.3246 2.3391, 1.1221 1.324 2.3356, 1.1221 1.2925 2.2565, 1.1221 1.2448 2.1861, 1.1221 1.2846 2.2448, 1.1221 1.1829 2.1275, 1.1221 1.2216 2.1641, 1.1221 1.11 2.0836, 1.1221 1.1404 2.1019, 1.1221 1.0293 2.0565, 1.1221 1.0461 2.0621, 1.1221 0.8601 2.0565, 1.1221 0.9447 2.0472, 1.1221 0.7794 2.0836, 1.1221 0.8433 2.0621, 1.1221 0.7064 2.1275, 1.1221 0.749 2.1019, 1.1221 0.6446 2.1861, 1.1221 0.6678 2.1641, 1.1221 0.5653 2.3356, 1.1221 0.5968 2.2565, 1.1221 0.6048 2.2448, 1.1221 0.5648 2.3391, 1.1221 0.5516 2.4196, 1.1221 0.5527 2.4409, 1.1221 0.5562 2.5046, 1.1221 0.5666 2.5422, 1.1221 0.5789 2.5867, 1.1221 0.6055 2.6368, 1.1221 0.6188 2.6619, 1.1221 0.6671 2.7187, 1.1221 0.6739 2.7268, 1.1221 0.7417 2.7783, 1.1221 0.819 2.814, 1.1221 0.7481 2.7813, 1.1221 0.9447 2.8323, 1.1221 0.9021 2.8323, 1.1221 0.8432 2.8194, -3.9961 1.7921 0.3543, -3.9961 0.0973 0.3543, 0.4488 1.7921 0.3543, 0.4488 0.0973 0.3543, 0.4488 1.7921 1.5354, 0.4488 0.0973 1.5354, -2.8194 -0.6891 2.4414, -2.82 -0.8073 2.4416, -2.82 -0.6891 2.4417, -2.8235 -0.6891 2.4429, -2.8248 -0.8073 2.4436, -2.8247 -0.6891 2.4437, -2.8273 -0.6891 2.4453, -2.8289 -0.8073 2.4467, -2.8288 -0.6891 2.4468, -2.8304 -0.6891 2.4484, -2.832 -0.8073 2.4508, -2.8319 -0.6891 2.4509, -2.8327 -0.6891 2.4522, -2.834 -0.8073 2.4555, -2.8342 -0.6891 2.4564, -2.8339 -0.6891 2.4556, -2.8353 -0.8124 4.2323, -2.8353 -0.8124 2.4606, -2.8373 -0.8171 4.2323, -2.8373 -0.8171 2.4606, -2.8404 -0.8212 4.2323, -2.8404 -0.8212 2.4606, -2.8445 -0.8243 4.2323, -2.8445 -0.8243 2.4606, -2.8492 -0.8263 4.2323, -2.8492 -0.8263 2.4606, -2.8481 -0.8263 2.4518, -2.8435 -0.8243 2.453, -2.8395 -0.8212 2.454, -2.8365 -0.8171 2.4549, -2.8346 -0.8124 2.4554, -2.8446 -0.8263 2.4435, -2.8405 -0.8243 2.4459, -2.837 -0.8212 2.4479, -2.8343 -0.8171 2.4495, -2.8326 -0.8124 2.4505, -2.8392 -0.8263 2.4364, -2.8358 -0.8243 2.4398, -2.8329 -0.8212 2.4426, -2.8307 -0.8171 2.4448, -2.8293 -0.8124 2.4462, -2.8321 -0.8263 2.4309, -2.8297 -0.8243 2.4351, -2.8277 -0.8212 2.4386, -2.8261 -0.8171 2.4413, -2.8251 -0.8124 2.443, -2.8238 -0.8263 2.4275, -2.8226 -0.8243 2.4321, -2.8215 -0.8212 2.436, -2.8207 -0.8171 2.4391, -2.8202 -0.8124 2.441, -2.815 -0.8263 2.4264, -2.815 -0.8243 2.4311, -2.815 -0.8212 2.4352, -2.815 -0.8171 2.4383, -2.815 -0.8124 2.4403, -2.815 -0.6702 2.4554, -2.815 -0.6698 2.4564, -2.8192 -0.6703 2.4564, -2.8323 -0.6851 2.4522, -2.815 -0.6722 2.4507, -2.815 -0.6713 2.4522, -2.8189 -0.6717 2.4522, -2.83 -0.6856 2.4484, -2.815 -0.6753 2.4467, -2.815 -0.6736 2.4484, -2.8184 -0.674 2.4484, -2.827 -0.6863 2.4453, -2.8169 -0.6851 2.4414, -2.8159 -0.6848 2.4414, -2.8169 -0.6807 2.4429, -2.8177 -0.6856 2.4414, -2.8192 -0.6881 2.4414, -2.8337 -0.6848 2.4564, -2.8341 -0.6847 2.4606, -2.834 -0.684 2.4606, -2.8323 -0.6807 2.4564, -2.832 -0.6792 2.4605, -2.83 -0.6771 2.4564, -2.8302 -0.6769 2.4605, -2.8269 -0.674 2.4564, -2.8289 -0.6751 2.4605, -2.8248 -0.672 2.4604, -2.8233 -0.6717 2.4564, -2.8234 -0.6714 2.4604, -2.82 -0.67 2.4604, -2.8193 -0.6699 2.4604, -2.8227 -0.6853 2.4429, -2.8189 -0.6871 2.4414, -2.8217 -0.6837 2.4429, -2.8184 -0.6863 2.4414, -2.8203 -0.6823 2.4429, -2.8233 -0.6871 2.4429, -2.8261 -0.6837 2.4453, -2.8246 -0.6814 2.4453, -2.8226 -0.6794 2.4453, -2.8203 -0.6779 2.4453, -2.815 -0.6846 2.4414, -2.815 -0.684 2.4417, -2.815 -0.6805 2.4429, -2.815 -0.6793 2.4436, -2.8187 -0.6813 2.4429, -2.8177 -0.677 2.4453, -2.815 -0.6767 2.4453, -2.8289 -0.6823 2.4484, -2.827 -0.6794 2.4484, -2.8246 -0.677 2.4484, -2.8217 -0.6751 2.4484, -2.8227 -0.673 2.4522, -2.826 -0.6751 2.4522, -2.8289 -0.678 2.4522, -2.831 -0.6813 2.4522, -2.8353 -0.8073 4.2374, -2.836 -0.8122 4.2374, -2.8458 -0.8122 4.2493, -2.8499 -0.8098 4.2513, -2.8507 -0.8109 4.2513, -2.8543 -0.8124 4.2513, -2.853 -0.8122 4.2513, -2.8494 -0.8086 4.2513, -2.8448 -0.8098 4.2493, -2.8409 -0.8109 4.2462, -2.8492 -0.8073 4.2513, -2.8474 -0.8142 4.2493, -2.8518 -0.8117 4.2513, -2.8494 -0.8158 4.2493, -2.8518 -0.8168 4.2493, -2.8543 -0.8171 4.2493, -2.8445 -0.8073 4.2493, -2.8404 -0.8073 4.2462, -2.8373 -0.8073 4.2421, -2.8423 -0.8142 4.2462, -2.8445 -0.8171 4.2462, -2.8474 -0.8193 4.2462, -2.8507 -0.8207 4.2462, -2.8543 -0.8212 4.2462, -2.8379 -0.8117 4.2421, -2.8396 -0.8158 4.2421, -2.8423 -0.8193 4.2421, -2.8458 -0.822 4.2421, -2.8499 -0.8237 4.2421, -2.8543 -0.8243 4.2421, -2.8379 -0.8168 4.2374, -2.8409 -0.8207 4.2374, -2.8448 -0.8237 4.2374, -2.8494 -0.8256 4.2374, -2.8543 -0.8263 4.2374, 0.4291 -0.8263 2.4264, 0.4291 -0.8243 2.4311, 0.4291 -0.8212 2.4352, 0.4291 -0.8171 2.4383, 0.4291 -0.8124 2.4403, 0.4482 -0.6891 2.4264, 0.4482 -0.8073 2.4264, 0.4462 -0.6891 2.4311, 0.4462 -0.8073 2.4311, 0.4431 -0.6891 2.4352, 0.4431 -0.8073 2.4352, 0.439 -0.6891 2.4383, 0.439 -0.8073 2.4383, 0.4342 -0.6891 2.4403, 0.4342 -0.8073 2.4403, 0.4291 -0.684 2.4416, 0.4291 -0.6793 2.4435, 0.4291 -0.6752 2.4466, 0.4291 -0.6721 2.4507, 0.4291 -0.6701 2.4553, -2.8341 2.5741 2.4606, -2.834 -0.6724 2.6352, -2.8302 2.5663 2.4605, -2.832 2.5686 2.4605, -2.832 2.5571 2.6346, -2.8289 -0.6637 2.6341, -2.8234 2.5608 2.4604, -2.8248 2.5614 2.4604, -2.8248 2.55 2.6338, -2.82 -0.6586 2.6335, -2.8193 2.5593 2.4604, -2.82 2.5594 2.4604, -2.82 2.548 2.6335, -2.82 -0.6287 2.8045, -2.82 -0.5806 2.9712, -2.82 -0.5149 3.1318, -2.82 -0.4324 3.2844, -2.82 -0.3339 3.4273, -2.82 -0.2207 3.5588, -2.82 -0.0941 3.6773, -2.82 0.0446 3.7817, -2.82 0.1936 3.8705, -2.82 0.3513 3.9428, -2.82 0.5159 3.9978, -2.82 0.6854 4.0348, -2.82 0.8579 4.0535, -2.82 1.0314 4.0535, -2.82 1.204 4.0348, -2.82 1.3735 3.9978, -2.82 1.538 3.9428, -2.82 1.6958 3.8705, -2.82 1.8448 3.7817, -2.82 1.9835 3.6773, -2.82 2.1101 3.5588, -2.82 2.2233 3.4273, -2.82 2.3218 3.2844, -2.82 2.4043 3.1318, -2.82 2.47 2.9712, -2.82 2.5181 2.8045, -2.8248 2.52 2.8049, -2.8248 2.4719 2.9718, -2.8248 2.4061 3.1326, -2.8248 2.3234 3.2854, -2.8248 2.2249 3.4285, -2.8248 2.1115 3.5601, -2.8248 1.9847 3.6789, -2.8248 1.8459 3.7833, -2.8248 1.6967 3.8722, -2.8248 1.5388 3.9447, -2.8248 1.374 3.9997, -2.8248 1.2043 4.0368, -2.8248 1.0315 4.0554, -2.8248 0.8578 4.0554, -2.8248 0.6851 4.0368, -2.8248 0.5154 3.9997, -2.8248 0.3506 3.9447, -2.8248 0.1927 3.8722, -2.8248 0.0435 3.7833, -2.8248 -0.0953 3.6789, -2.8248 -0.2222 3.5601, -2.8248 -0.3355 3.4285, -2.8248 -0.4341 3.2854, -2.8248 -0.5167 3.1326, -2.8248 -0.5825 2.9718, -2.8248 -0.6306 2.8049, -2.8248 -0.6606 2.6338, -2.8289 2.5645 2.4605, -2.8289 2.5531 2.6341, -2.8289 2.5231 2.8056, -2.8289 2.4748 2.9728, -2.8289 2.4089 3.1339, -2.8289 2.3261 3.287, -2.8289 2.2274 3.4304, -2.8289 2.1138 3.5623, -2.8289 1.9867 3.6812, -2.8289 1.8476 3.7859, -2.8289 1.6981 3.875, -2.8289 1.5399 3.9476, -2.8289 1.3748 4.0027, -2.8289 1.2048 4.0399, -2.8289 1.0317 4.0585, -2.8289 0.8577 4.0585, -2.8289 0.6846 4.0399, -2.8289 0.5146 4.0027, -2.8289 0.3495 3.9476, -2.8289 0.1913 3.875, -2.8289 0.0417 3.7859, -2.8289 -0.0974 3.6812, -2.8289 -0.2244 3.5623, -2.8289 -0.338 3.4304, -2.8289 -0.4367 3.287, -2.8289 -0.5195 3.1339, -2.8289 -0.5854 2.9728, -2.8289 -0.6337 2.8056, -2.832 2.527 2.8065, -2.832 2.4787 2.9742, -2.832 2.4126 3.1357, -2.832 2.3296 3.2892, -2.832 2.2306 3.4329, -2.832 2.1167 3.5651, -2.832 1.9894 3.6844, -2.832 1.8499 3.7893, -2.832 1.7 3.8786, -2.832 1.5414 3.9514, -2.832 1.3759 4.0067, -2.832 1.2054 4.0439, -2.832 1.0319 4.0626, -2.832 0.8574 4.0626, -2.832 0.6839 4.0439, -2.832 0.5135 4.0067, -2.832 0.348 3.9514, -2.832 0.1894 3.8786, -2.832 0.0395 3.7893, -2.832 -0.1 3.6844, -2.832 -0.2274 3.5651, -2.832 -0.3412 3.4329, -2.832 -0.4402 3.2892, -2.832 -0.5232 3.1357, -2.832 -0.5893 2.9742, -2.832 -0.6376 2.8065, -2.832 -0.6677 2.6346, -2.834 2.5733 2.4606, -2.834 2.5618 2.6352, -2.834 2.5316 2.8076, -2.834 2.4832 2.9757, -2.834 2.4169 3.1377, -2.834 2.3336 3.2917, -2.834 2.2343 3.4358, -2.834 2.1202 3.5684, -2.834 1.9924 3.688, -2.834 1.8526 3.7932, -2.834 1.7022 3.8828, -2.834 1.5432 3.9558, -2.834 1.3772 4.0112, -2.834 1.2062 4.0486, -2.834 1.0322 4.0674, -2.834 0.8572 4.0674, -2.834 0.6832 4.0486, -2.834 0.5122 4.0112, -2.834 0.3462 3.9558, -2.834 0.1871 3.8828, -2.834 0.0368 3.7932, -2.834 -0.103 3.688, -2.834 -0.2308 3.5684, -2.834 -0.345 3.4358, -2.834 -0.4443 3.2917, -2.834 -0.5275 3.1377, -2.834 -0.5938 2.9757, -2.834 -0.6423 2.8076, -2.8492 2.6967 4.2513, -2.8445 2.6967 4.2493, -2.8404 2.6967 4.2462, -2.8373 2.6967 4.2421, -2.8353 2.6967 4.2374, -4.2716 -0.8124 4.2513, -4.2716 -0.8171 4.2493, -4.2716 -0.8212 4.2462, -4.2716 -0.8243 4.2421, -4.2716 -0.8263 4.2374, 0.4475 -0.8122 2.4264, 0.4377 -0.8122 2.4383, 0.4336 -0.8098 2.4403, 0.4327 -0.8109 2.4403, 0.4305 -0.8122 2.4403, 0.4341 -0.8086 2.4403, 0.4386 -0.8098 2.4383, 0.4426 -0.8109 2.4352, 0.4361 -0.8142 2.4383, 0.4317 -0.8117 2.4403, 0.4341 -0.8158 2.4383, 0.4317 -0.8168 2.4383, 0.4412 -0.8142 2.4352, 0.439 -0.8171 2.4352, 0.4361 -0.8193 2.4352, 0.4327 -0.8207 2.4352, 0.4456 -0.8117 2.4311, 0.4439 -0.8158 2.4311, 0.4412 -0.8193 2.4311, 0.4377 -0.822 2.4311, 0.4336 -0.8237 2.4311, 0.4456 -0.8168 2.4264, 0.4426 -0.8207 2.4264, 0.4386 -0.8237 2.4264, 0.4341 -0.8256 2.4264, 0.4482 -0.8124 2.4213, 0.4462 -0.8171 2.4213, 0.4431 -0.8212 2.4213, 0.439 -0.8243 2.4213, 0.4342 -0.8263 2.4213, 0.4335 -0.6688 2.4604, 0.4342 -0.6694 2.4552, 0.4342 -0.6687 2.4604, 0.439 -0.6667 2.4604, 0.439 -0.6675 2.4546, 0.4431 -0.6636 2.4603, 0.4431 -0.6645 2.4538, 0.4462 -0.6595 2.4603, 0.4462 -0.6606 2.4527, 0.4482 -0.6548 2.4602, 0.4482 -0.656 2.4514, 0.4483 -0.6541 2.4602, 0.4342 -0.6715 2.4503, 0.439 -0.6698 2.4493, 0.4431 -0.6671 2.4477, 0.4462 -0.6636 2.4457, 0.4482 -0.6595 2.4433, 0.4342 -0.6747 2.4462, 0.439 -0.6734 2.4448, 0.4431 -0.6712 2.4425, 0.4462 -0.6683 2.4396, 0.4482 -0.665 2.4363, 0.4342 -0.6789 2.443, 0.439 -0.678 2.4413, 0.4431 -0.6764 2.4385, 0.4462 -0.6744 2.435, 0.4482 -0.672 2.4309, 0.4342 -0.6838 2.441, 0.439 -0.6833 2.4391, 0.4431 -0.6825 2.436, 0.4462 -0.6815 2.4321, 0.4482 -0.6802 2.4275, -2.8339 2.5784 2.4556, -2.8342 2.5784 2.4564, -2.8337 2.5741 2.4564, -2.815 2.5596 2.4554, -2.815 2.5606 2.4522, -2.8189 2.5611 2.4522, -2.8319 2.5784 2.4509, -2.8327 2.5784 2.4522, -2.8323 2.5745 2.4522, -2.815 2.5616 2.4507, -2.815 2.563 2.4484, -2.8184 2.5634 2.4484, -2.8288 2.5784 2.4468, -2.8304 2.5784 2.4484, -2.83 2.575 2.4484, -2.815 2.5647 2.4467, -2.815 2.5661 2.4453, -2.8177 2.5664 2.4453, -2.8189 2.5765 2.4414, -2.8192 2.5774 2.4414, -2.8233 2.5765 2.4429, -2.8184 2.5757 2.4414, -2.8159 2.5741 2.4414, -2.815 2.574 2.4414, -2.815 2.5592 2.4564, -2.8192 2.5597 2.4564, -2.8233 2.5611 2.4564, -2.8269 2.5634 2.4564, -2.83 2.5664 2.4564, -2.8323 2.5701 2.4564, -2.8187 2.5707 2.4429, -2.8169 2.5745 2.4414, -2.8203 2.5717 2.4429, -2.8177 2.575 2.4414, -2.8217 2.5731 2.4429, -2.8169 2.5701 2.4429, -2.815 2.5687 2.4436, -2.815 2.5698 2.4429, -2.815 2.5734 2.4417, -2.8203 2.5673 2.4453, -2.8226 2.5688 2.4453, -2.8246 2.5707 2.4453, -2.8261 2.5731 2.4453, -2.8194 2.5784 2.4414, -2.82 2.5784 2.4417, -2.8235 2.5784 2.4429, -2.8247 2.5784 2.4437, -2.8227 2.5747 2.4429, -2.827 2.5757 2.4453, -2.8273 2.5784 2.4453, -2.8217 2.5645 2.4484, -2.8246 2.5663 2.4484, -2.827 2.5688 2.4484, -2.8289 2.5717 2.4484, -2.831 2.5707 2.4522, -2.8289 2.5673 2.4522, -2.826 2.5645 2.4522, -2.8227 2.5624 2.4522, -2.8543 2.7157 4.2374, -2.8494 2.715 4.2374, -2.8494 2.7052 4.2493, -2.8518 2.7011 4.2513, -2.8507 2.7003 4.2513, -2.8494 2.698 4.2513, -2.853 2.7016 4.2513, -2.8518 2.7062 4.2493, -2.8507 2.7101 4.2462, -2.8543 2.7018 4.2513, -2.8474 2.7036 4.2493, -2.8499 2.6992 4.2513, -2.8458 2.7016 4.2493, -2.8448 2.6992 4.2493, -2.8543 2.7065 4.2493, -2.8543 2.7106 4.2462, -2.8543 2.7137 4.2421, -2.8474 2.7087 4.2462, -2.8445 2.7065 4.2462, -2.8423 2.7036 4.2462, -2.8409 2.7003 4.2462, -2.8499 2.7131 4.2421, -2.8458 2.7114 4.2421, -2.8423 2.7087 4.2421, -2.8396 2.7052 4.2421, -2.8379 2.7011 4.2421, -2.8448 2.7131 4.2374, -2.8409 2.7101 4.2374, -2.8379 2.7062 4.2374, -2.836 2.7016 4.2374, -2.8492 2.7157 4.2323, -2.8445 2.7137 4.2323, -2.8404 2.7106 4.2323, -2.8373 2.7065 4.2323, -2.8353 2.7018 4.2323, -4.2766 -0.8256 4.2374, -4.2766 -0.8158 4.2493, -4.2742 -0.8117 4.2513, -4.2752 -0.8109 4.2513, -4.2767 -0.8073 4.2513, -4.2766 -0.8086 4.2513, -4.273 -0.8122 4.2513, -4.2742 -0.8168 4.2493, -4.2752 -0.8207 4.2462, -4.2786 -0.8142 4.2493, -4.2761 -0.8098 4.2513, -4.2802 -0.8122 4.2493, -4.2812 -0.8098 4.2493, -4.2815 -0.8073 4.2493, -4.2786 -0.8193 4.2462, -4.2815 -0.8171 4.2462, -4.2837 -0.8142 4.2462, -4.2851 -0.8109 4.2462, -4.2856 -0.8073 4.2462, -4.2761 -0.8237 4.2421, -4.2802 -0.822 4.2421, -4.2837 -0.8193 4.2421, -4.2864 -0.8158 4.2421, -4.2881 -0.8117 4.2421, -4.2887 -0.8073 4.2421, -4.2812 -0.8237 4.2374, -4.2851 -0.8207 4.2374, -4.2881 -0.8168 4.2374, -4.29 -0.8122 4.2374, -4.2907 -0.8073 4.2374, -4.2767 -0.8263 4.2323, -4.2815 -0.8243 4.2323, -4.2856 -0.8212 4.2323, -4.2887 -0.8171 4.2323, -4.2907 -0.8124 4.2323, 0.4342 -0.8263 0.0197, 0.439 -0.8243 0.0197, 0.4431 -0.8212 0.0197, 0.4462 -0.8171 0.0197, 0.4482 -0.8124 0.0197, 0.4335 2.517 2.8042, 0.4335 2.4689 2.9708, 0.4335 2.3208 3.2838, 0.4335 2.2224 3.4266, 0.4335 1.9827 3.6765, 0.4335 1.8442 3.7807, 0.4335 1.5376 3.9417, 0.4335 1.3732 3.9967, 0.4335 1.0314 4.0523, 0.4335 0.858 4.0523, 0.4335 0.3518 3.9417, 0.4335 0.1942 3.8695, 0.4335 -0.0933 3.6765, 0.4335 -0.2199 3.558, 0.4335 -0.4314 3.2838, 0.4335 -0.5139 3.1313, 0.4335 -0.6276 2.8042, 0.4335 -0.6575 2.6334, 0.4483 2.5321 2.6316, 0.4483 2.5434 2.4602, 0.4481 2.5441 2.4602, 0.4469 2.5363 2.6321, 0.4469 2.5476 2.4603, 0.4445 2.54 2.6326, 0.4483 -0.6428 2.6316, 0.4469 -0.6469 2.6321, 0.4445 -0.6506 2.6326, 0.4414 -0.6537 2.6329, 0.4377 -0.656 2.6332, 0.4445 2.5513 2.4603, 0.443 2.5529 2.4603, 0.4414 2.5431 2.6329, 0.4414 2.5545 2.4603, 0.4377 2.5454 2.6332, 0.4483 0.688 4.0191, 0.4483 0.8588 4.0375, 0.4469 0.6873 4.0232, 0.4469 0.8586 4.0417, 0.4445 0.6867 4.0269, 0.4445 0.8584 4.0454, 0.4414 0.6862 4.0299, 0.4414 0.8582 4.0485, 0.4377 0.6858 4.0323, 0.4377 0.8581 4.0508, 0.4335 0.6856 4.0337, 0.4483 -0.6131 2.8009, 0.4469 -0.6172 2.8018, 0.4445 -0.6208 2.8026, 0.4414 -0.6239 2.8033, 0.4377 -0.6262 2.8039, 0.4335 -0.5795 2.9708, 0.4377 -0.5782 2.9703, 0.4414 -0.5759 2.9695, 0.4445 -0.573 2.9685, 0.4469 -0.5695 2.9673, 0.4483 -0.5655 2.9659, 0.4483 -0.5005 3.1249, 0.4469 -0.5043 3.1267, 0.4445 -0.5076 3.1283, 0.4414 -0.5104 3.1296, 0.4377 -0.5126 3.1306, 0.4483 -0.4188 3.276, 0.4469 -0.4223 3.2782, 0.4445 -0.4255 3.2802, 0.4414 -0.4282 3.2818, 0.4377 -0.4302 3.283, 0.4335 -0.333 3.4266, 0.4377 -0.3319 3.4257, 0.4414 -0.33 3.4242, 0.4445 -0.3275 3.4223, 0.4469 -0.3246 3.42, 0.4483 -0.3213 3.4175, 0.4483 -0.2092 3.5477, 0.4469 -0.2122 3.5506, 0.4445 -0.2149 3.5532, 0.4414 -0.2172 3.5553, 0.4377 -0.2188 3.5569, 0.4483 -0.0838 3.6651, 0.4469 -0.0865 3.6683, 0.4445 -0.0889 3.6712, 0.4414 -0.0909 3.6735, 0.4377 -0.0924 3.6753, 0.4335 0.0452 3.7807, 0.4377 0.046 3.7795, 0.4414 0.0473 3.7775, 0.4445 0.0491 3.775, 0.4469 0.0512 3.7719, 0.4483 0.0535 3.7684, 0.4483 0.2011 3.8564, 0.4469 0.1991 3.86, 0.4445 0.1974 3.8633, 0.4414 0.1959 3.8661, 0.4377 0.1948 3.8682, 0.4483 0.3572 3.928, 0.4469 0.3557 3.9318, 0.4445 0.3543 3.9353, 0.4414 0.3532 3.9382, 0.4377 0.3523 3.9404, 0.4335 0.5162 3.9967, 0.4377 0.5166 3.9953, 0.4414 0.5172 3.993, 0.4445 0.5181 3.99, 0.4469 0.519 3.9864, 0.4483 0.5201 3.9824, 0.4483 1.0306 4.0375, 0.4469 1.0308 4.0417, 0.4445 1.031 4.0454, 0.4414 1.0312 4.0485, 0.4377 1.0313 4.0508, 0.4335 1.2038 4.0337, 0.4377 1.2035 4.0323, 0.4414 1.2032 4.0299, 0.4445 1.2027 4.0269, 0.4469 1.2021 4.0232, 0.4483 1.2014 4.0191, 0.4483 1.3692 3.9824, 0.4469 1.3703 3.9864, 0.4445 1.3713 3.99, 0.4414 1.3722 3.993, 0.4377 1.3728 3.9953, 0.4483 1.5322 3.928, 0.4469 1.5337 3.9318, 0.4445 1.5351 3.9353, 0.4414 1.5362 3.9382, 0.4377 1.5371 3.9404, 0.4335 1.6952 3.8695, 0.4377 1.6945 3.8682, 0.4414 1.6934 3.8661, 0.4445 1.692 3.8633, 0.4469 1.6903 3.86, 0.4483 1.6883 3.8564, 0.4483 1.8359 3.7684, 0.4469 1.8382 3.7719, 0.4445 1.8403 3.775, 0.4414 1.842 3.7775, 0.4377 1.8433 3.7795, 0.4483 1.9732 3.6651, 0.4469 1.9759 3.6683, 0.4445 1.9783 3.6712, 0.4414 1.9803 3.6735, 0.4377 1.9818 3.6753, 0.4335 2.1093 3.558, 0.4377 2.1082 3.5569, 0.4414 2.1065 3.5553, 0.4445 2.1043 3.5532, 0.4469 2.1016 3.5506, 0.4483 2.0986 3.5477, 0.4483 2.2107 3.4175, 0.4469 2.214 3.42, 0.4445 2.2169 3.4223, 0.4414 2.2194 3.4242, 0.4377 2.2212 3.4257, 0.4483 2.3081 3.276, 0.4469 2.3117 3.2782, 0.4445 2.3149 3.2802, 0.4414 2.3175 3.2818, 0.4377 2.3195 3.283, 0.4335 2.4033 3.1313, 0.4377 2.4019 3.1306, 0.4414 2.3998 3.1296, 0.4445 2.397 3.1283, 0.4469 2.3936 3.1267, 0.4483 2.3899 3.1249, 0.4483 2.4549 2.9659, 0.4469 2.4588 2.9673, 0.4445 2.4624 2.9685, 0.4414 2.4653 2.9695, 0.4377 2.4675 2.9703, 0.4483 2.5025 2.8009, 0.4469 2.5066 2.8018, 0.4445 2.5102 2.8026, 0.4414 2.5132 2.8033, 0.4377 2.5155 2.8039, 0.4335 2.5469 2.6334, 0.4377 2.5568 2.4604, 0.4342 2.558 2.4604, 0.4335 2.5583 2.4604, 0.4291 2.5595 2.4553, 0.4291 2.5615 2.4507, 0.4291 2.5646 2.4466, 0.4291 2.5687 2.4435, 0.4291 2.5734 2.4416, -2.82 2.6967 2.4416, -2.8248 2.6967 2.4436, -2.8289 2.6967 2.4467, -2.832 2.6967 2.4508, -2.834 2.6967 2.4555, -2.8351 2.701 2.4606, -2.8354 2.7017 2.4606, -2.8366 2.7052 2.4606, -2.8374 2.7064 2.4606, -2.8389 2.7089 2.4606, -2.8405 2.7105 2.4606, -2.842 2.712 2.4606, -2.8445 2.7136 2.4606, -2.8458 2.7144 2.4606, -2.8493 2.7156 2.4606, -2.8499 2.7158 2.4606, -4.2716 2.7018 4.2513, -4.2716 2.7065 4.2493, -4.2716 2.7106 4.2462, -4.2716 2.7137 4.2421, -4.2716 2.7157 4.2374, -4.2767 2.6967 4.2513, -4.2815 2.6967 4.2493, -4.2856 2.6967 4.2462, -4.2887 2.6967 4.2421, -4.2907 2.6967 4.2374, -4.2907 -0.8124 0.0197, -4.2887 -0.8171 0.0197, -4.2856 -0.8212 0.0197, -4.2815 -0.8243 0.0197, -4.2767 -0.8263 0.0197, 0.4291 -0.8124 0.0007, -4.2716 -0.8124 0.0007, 0.4291 -0.8171 0.0026, -4.2716 -0.8171 0.0026, 0.4291 -0.8212 0.0058, -4.2716 -0.8212 0.0058, 0.4291 -0.8243 0.0098, -4.2716 -0.8243 0.0098, 0.4291 -0.8263 0.0146, -4.2716 -0.8263 0.0146, 0.4475 -0.8122 0.0146, 0.4456 -0.8168 0.0146, 0.4456 -0.8117 0.0098, 0.4439 -0.8158 0.0098, 0.4426 -0.8109 0.0058, 0.4412 -0.8142 0.0058, 0.4386 -0.8098 0.0026, 0.4377 -0.8122 0.0026, 0.4341 -0.8086 0.0007, 0.4336 -0.8098 0.0007, 0.4426 -0.8207 0.0146, 0.4412 -0.8193 0.0098, 0.439 -0.8171 0.0058, 0.4361 -0.8142 0.0026, 0.4327 -0.8109 0.0007, 0.4482 -0.8073 0.0146, 0.4462 -0.8073 0.0098, 0.4431 -0.8073 0.0058, 0.439 -0.8073 0.0026, 0.4342 -0.8073 0.0007, 0.4386 -0.8237 0.0146, 0.4341 -0.8256 0.0146, 0.4377 -0.822 0.0098, 0.4336 -0.8237 0.0098, 0.4361 -0.8193 0.0058, 0.4327 -0.8207 0.0058, 0.4341 -0.8158 0.0026, 0.4317 -0.8168 0.0026, 0.4317 -0.8117 0.0007, 0.4305 -0.8122 0.0007, 0.4482 2.5784 2.4264, 0.4482 2.5696 2.4275, 0.4462 2.55 2.4527, 0.4462 2.5784 2.4311, 0.4462 2.5708 2.4321, 0.4431 2.5784 2.4352, 0.4431 2.5719 2.436, 0.439 2.5784 2.4383, 0.439 2.5727 2.4391, 0.4342 2.5588 2.4552, 0.4342 2.5784 2.4403, 0.4342 2.5732 2.441, 0.4342 2.5683 2.443, 0.4342 2.5641 2.4462, 0.4342 2.5609 2.4503, 0.439 2.5673 2.4413, 0.4431 2.5658 2.4385, 0.439 2.5627 2.4448, 0.4431 2.5605 2.4425, 0.439 2.5592 2.4493, 0.4431 2.5565 2.4477, 0.439 2.5569 2.4546, 0.4431 2.5539 2.4538, 0.4462 2.5638 2.435, 0.4462 2.5577 2.4396, 0.4462 2.553 2.4457, 0.4482 2.5614 2.4309, 0.4482 2.5543 2.4363, 0.4482 2.5489 2.4433, 0.4482 2.5454 2.4514, -2.8488 2.7158 2.4516, -2.815 2.7158 2.4256, -2.824 2.7158 2.4268, -2.815 2.7156 2.4263, -2.8229 2.7144 2.4309, -2.8447 2.7144 2.4527, -2.822 2.712 2.4345, -2.815 2.7136 2.431, -2.815 2.7144 2.4298, -2.8411 2.712 2.4536, -2.8212 2.7089 2.4375, -2.815 2.7105 2.4351, -2.815 2.712 2.4335, -2.8381 2.7089 2.4544, -2.815 2.7017 2.4402, -2.815 2.7052 2.439, -2.8206 2.7052 2.4397, -2.815 2.7064 2.4382, -2.815 2.7089 2.4367, -2.8324 2.7158 2.4303, -2.8304 2.7144 2.4339, -2.8285 2.712 2.4372, -2.8269 2.7089 2.4399, -2.8258 2.7052 2.4419, -2.8397 2.7158 2.4359, -2.8368 2.7144 2.4388, -2.8341 2.712 2.4415, -2.8319 2.7089 2.4437, -2.8303 2.7052 2.4453, -2.8453 2.7158 2.4431, -2.8417 2.7144 2.4452, -2.8384 2.712 2.4471, -2.8357 2.7089 2.4486, -2.8337 2.7052 2.4498, -2.8359 2.7052 2.455, -2.815 2.701 2.4405, -2.8202 2.701 2.4411, -2.825 2.701 2.4432, -2.8292 2.701 2.4464, -2.8324 2.701 2.4505, -2.8344 2.701 2.4554, -4.29 2.7016 4.2374, -4.2802 2.7016 4.2493, -4.2761 2.6992 4.2513, -4.2752 2.7003 4.2513, -4.273 2.7016 4.2513, -4.2766 2.698 4.2513, -4.2812 2.6992 4.2493, -4.2851 2.7003 4.2462, -4.2786 2.7036 4.2493, -4.2742 2.7011 4.2513, -4.2766 2.7052 4.2493, -4.2742 2.7062 4.2493, -4.2837 2.7036 4.2462, -4.2815 2.7065 4.2462, -4.2786 2.7087 4.2462, -4.2752 2.7101 4.2462, -4.2881 2.7011 4.2421, -4.2864 2.7052 4.2421, -4.2837 2.7087 4.2421, -4.2802 2.7114 4.2421, -4.2761 2.7131 4.2421, -4.2881 2.7062 4.2374, -4.2851 2.7101 4.2374, -4.2812 2.7131 4.2374, -4.2766 2.715 4.2374, -4.2907 2.7018 4.2323, -4.2887 2.7065 4.2323, -4.2856 2.7106 4.2323, -4.2815 2.7137 4.2323, -4.2767 2.7157 4.2323, -4.2766 -0.8256 0.0146, -4.2812 -0.8237 0.0146, -4.2761 -0.8237 0.0098, -4.2802 -0.822 0.0098, -4.2752 -0.8207 0.0058, -4.2786 -0.8193 0.0058, -4.2742 -0.8168 0.0026, -4.2766 -0.8158 0.0026, -4.273 -0.8122 0.0007, -4.2742 -0.8117 0.0007, -4.2851 -0.8207 0.0146, -4.2837 -0.8193 0.0098, -4.2815 -0.8171 0.0058, -4.2786 -0.8142 0.0026, -4.2752 -0.8109 0.0007, -4.2881 -0.8168 0.0146, -4.29 -0.8122 0.0146, -4.2864 -0.8158 0.0098, -4.2881 -0.8117 0.0098, -4.2837 -0.8142 0.0058, -4.2851 -0.8109 0.0058, -4.2802 -0.8122 0.0026, -4.2812 -0.8098 0.0026, -4.2761 -0.8098 0.0007, -4.2766 -0.8086 0.0007, -4.2907 -0.8073 0.0146, -4.2887 -0.8073 0.0098, -4.2856 -0.8073 0.0058, -4.2815 -0.8073 0.0026, -4.2767 -0.8073 0.0007, 0.4335 -0.6301 0.0005, 0.4342 -0.6301 0.0007, 0.4377 -0.6301 0.002, 0.4389 -0.6301 0.0027, 0.4414 -0.6301 0.0043, 0.443 -0.6301 0.0059, 0.4445 -0.6301 0.0074, 0.4461 -0.6301 0.0099, 0.4469 -0.6301 0.0111, 0.4481 -0.6301 0.0146, 0.4483 -0.6301 0.0153, 0.4482 2.6967 2.4264, 0.4462 2.6967 2.4311, 0.4431 2.6967 2.4352, 0.439 2.6967 2.4383, 0.4342 2.6967 2.4403, 0.4291 2.7018 2.4403, 0.4291 2.7065 2.4383, 0.4291 2.7106 2.4352, 0.4291 2.7137 2.4311, 0.4291 2.7157 2.4264, -4.2767 2.7157 0.0197, -4.2815 2.7137 0.0197, -4.2856 2.7106 0.0197, -4.2887 2.7065 0.0197, -4.2907 2.7018 0.0197, -4.2767 2.6967 0.0007, -4.2815 2.6967 0.0026, -4.2856 2.6967 0.0058, -4.2887 2.6967 0.0098, -4.2907 2.6967 0.0146, 0.4595 -0.5963 0.0005, 0.4347 -0.6211 0.0005, 0.4387 -0.6221 0.002, 0.4685 -0.5951 0.0005, 0.4685 -0.5958 0.0007, 0.4605 -0.6003 0.002, 0.4423 -0.6231 0.0043, 0.4685 -0.5993 0.002, 0.4685 -0.6005 0.0027, 0.4615 -0.6039 0.0043, 0.4453 -0.6239 0.0074, 0.4685 -0.603 0.0043, 0.4685 -0.6046 0.0059, 0.4623 -0.607 0.0074, 0.4476 -0.6245 0.0111, 0.4382 -0.6126 0.0005, 0.4418 -0.6147 0.002, 0.445 -0.6166 0.0043, 0.4477 -0.6181 0.0074, 0.4498 -0.6193 0.0111, 0.4438 -0.6054 0.0005, 0.4467 -0.6083 0.002, 0.4494 -0.611 0.0043, 0.4516 -0.6132 0.0074, 0.4532 -0.6148 0.0111, 0.451 -0.5998 0.0005, 0.4531 -0.6034 0.002, 0.455 -0.6066 0.0043, 0.4565 -0.6093 0.0074, 0.4577 -0.6114 0.0111, 0.4629 -0.6092 0.0111, 0.449 -0.6249 0.0153, 0.4685 -0.6061 0.0074, 0.4685 -0.6077 0.0099, 0.4685 -0.6085 0.0111, 0.4685 -0.6097 0.0146, 0.451 -0.62 0.0153, 0.4542 -0.6158 0.0153, 0.4584 -0.6126 0.0153, 0.4633 -0.6106 0.0153, 0.4685 -0.6099 0.0153, 0.4495 -0.625 0.0197, 0.4515 -0.6203 0.0197, 0.4546 -0.6162 0.0197, 0.4587 -0.6131 0.0197, 0.4634 -0.6111 0.0197, 0.4341 2.715 2.4264, 0.4341 2.7052 2.4383, 0.4317 2.7011 2.4403, 0.4327 2.7003 2.4403, 0.4341 2.698 2.4403, 0.4305 2.7016 2.4403, 0.4317 2.7062 2.4383, 0.4327 2.7101 2.4352, 0.4361 2.7036 2.4383, 0.4336 2.6992 2.4403, 0.4377 2.7016 2.4383, 0.4386 2.6992 2.4383, 0.4361 2.7087 2.4352, 0.439 2.7065 2.4352, 0.4412 2.7036 2.4352, 0.4426 2.7003 2.4352, 0.4336 2.7131 2.4311, 0.4377 2.7114 2.4311, 0.4412 2.7087 2.4311, 0.4439 2.7052 2.4311, 0.4456 2.7011 2.4311, 0.4386 2.7131 2.4264, 0.4426 2.7101 2.4264, 0.4456 2.7062 2.4264, 0.4475 2.7016 2.4264, 0.4342 2.7157 2.4213, 0.439 2.7137 2.4213, 0.4431 2.7106 2.4213, 0.4462 2.7065 2.4213, 0.4482 2.7018 2.4213, -4.29 2.7016 0.0146, -4.2881 2.7062 0.0146, -4.2881 2.7011 0.0098, -4.2864 2.7052 0.0098, -4.2851 2.7003 0.0058, -4.2837 2.7036 0.0058, -4.2812 2.6992 0.0026, -4.2802 2.7016 0.0026, -4.2766 2.698 0.0007, -4.2761 2.6992 0.0007, -4.2851 2.7101 0.0146, -4.2837 2.7087 0.0098, -4.2815 2.7065 0.0058, -4.2786 2.7036 0.0026, -4.2752 2.7003 0.0007, -4.2812 2.7131 0.0146, -4.2766 2.715 0.0146, -4.2802 2.7114 0.0098, -4.2761 2.7131 0.0098, -4.2786 2.7087 0.0058, -4.2752 2.7101 0.0058, -4.2766 2.7052 0.0026, -4.2742 2.7062 0.0026, -4.2742 2.7011 0.0007, -4.273 2.7016 0.0007, -4.2716 2.7157 0.0146, -4.2716 2.7137 0.0098, -4.2716 2.7106 0.0058, -4.2716 2.7065 0.0026, -4.2716 2.7018 0.0007, 1.5551 -0.5958 0.0007, 1.5551 -0.6006 0.0026, 1.5551 -0.6047 0.0058, 1.5551 -0.6078 0.0098, 1.5551 -0.6098 0.0146, 1.5741 -0.5958 1.3583, 1.5741 -0.5958 0.0197, 1.5722 -0.6006 1.3583, 1.5722 -0.6006 0.0197, 1.569 -0.6047 1.3583, 1.569 -0.6047 0.0197, 1.565 -0.6078 1.3583, 1.565 -0.6078 0.0197, 1.5602 -0.6098 1.3583, 1.5602 -0.6098 0.0197, 1.5741 -0.5907 1.3634, 1.5735 -0.5957 1.3634, 1.5636 -0.5957 1.3753, 1.5595 -0.5933 1.3773, 1.5587 -0.5943 1.3773, 1.5551 -0.5958 1.3773, 1.5564 -0.5957 1.3773, 1.56 -0.5921 1.3773, 1.5646 -0.5933 1.3753, 1.5686 -0.5943 1.3722, 1.5602 -0.5907 1.3773, 1.5621 -0.5977 1.3753, 1.5577 -0.5952 1.3773, 1.56 -0.5993 1.3753, 1.5577 -0.6003 1.3753, 1.5551 -0.6006 1.3753, 1.565 -0.5907 1.3753, 1.569 -0.5907 1.3722, 1.5722 -0.5907 1.3681, 1.5672 -0.5977 1.3722, 1.565 -0.6006 1.3722, 1.5621 -0.6028 1.3722, 1.5587 -0.6042 1.3722, 1.5551 -0.6047 1.3722, 1.5716 -0.5952 1.3681, 1.5699 -0.5993 1.3681, 1.5672 -0.6028 1.3681, 1.5636 -0.6055 1.3681, 1.5595 -0.6072 1.3681, 1.5551 -0.6078 1.3681, 1.5716 -0.6003 1.3634, 1.5686 -0.6042 1.3634, 1.5646 -0.6072 1.3634, 1.56 -0.6091 1.3634, 1.5551 -0.6098 1.3634, 0.4495 -0.625 2.4409, 0.4515 -0.6203 2.4409, 0.4546 -0.6162 2.4409, 0.4587 -0.6131 2.4409, 0.4634 -0.6111 2.4409, 0.4342 2.7157 0.0197, 0.439 2.7137 0.0197, 0.4431 2.7106 0.0197, 0.4462 2.7065 0.0197, 0.4482 2.7018 0.0197, 0.4291 2.7018 0.0007, 0.4291 2.7065 0.0026, 0.4291 2.7106 0.0058, 0.4291 2.7137 0.0098, 0.4291 2.7157 0.0146, 1.5735 -0.5957 0.0146, 1.5716 -0.6003 0.0146, 1.5716 -0.5952 0.0098, 1.5699 -0.5993 0.0098, 1.5686 -0.5943 0.0058, 1.5672 -0.5977 0.0058, 1.5646 -0.5933 0.0026, 1.5636 -0.5957 0.0026, 1.56 -0.5921 0.0007, 1.5595 -0.5933 0.0007, 1.5686 -0.6042 0.0146, 1.5672 -0.6028 0.0098, 1.565 -0.6006 0.0058, 1.5621 -0.5977 0.0026, 1.5587 -0.5943 0.0007, 1.5741 -0.5907 0.0146, 1.5722 -0.5907 0.0098, 1.569 -0.5907 0.0058, 1.565 -0.5907 0.0026, 1.5602 -0.5907 0.0007, 1.5646 -0.6072 0.0146, 1.56 -0.6091 0.0146, 1.5636 -0.6055 0.0098, 1.5595 -0.6072 0.0098, 1.5621 -0.6028 0.0058, 1.5587 -0.6042 0.0058, 1.56 -0.5993 0.0026, 1.5577 -0.6003 0.0026, 1.5577 -0.5952 0.0007, 1.5564 -0.5957 0.0007, 1.5577 0.354 1.3778, 1.5627 0.3526 1.3765, 1.5602 0.3535 1.3773, 1.569 0.3484 1.3722, 1.5671 0.3501 1.3739, 1.565 0.3515 1.3753, 1.5722 0.3443 1.3681, 1.5741 0.3395 1.3634, 1.1614 -0.6099 1.3627, 1.1614 -0.6097 1.3633, 1.1614 -0.6085 1.3668, 1.1614 -0.6077 1.3681, 1.1614 -0.6061 1.3705, 1.1614 -0.6046 1.3721, 1.1614 -0.603 1.3737, 1.1614 -0.6005 1.3752, 1.1614 -0.5993 1.376, 1.1614 -0.5958 1.3772, 1.1614 -0.5951 1.3775, 1.1412 -0.5951 1.3976, 1.141 -0.5958 1.3976, 1.1411 -0.5958 2.4409, 1.1398 -0.5993 1.3976, 1.139 -0.6005 1.3976, 1.1391 -0.6006 2.4409, 1.1374 -0.603 1.3976, 1.1359 -0.6046 1.3976, 1.136 -0.6047 2.4409, 1.1343 -0.6061 1.3976, 1.1319 -0.6078 2.4409, 1.1318 -0.6077 1.3976, 1.1306 -0.6085 1.3976, 1.1271 -0.6098 2.4409, 1.1271 -0.6097 1.3976, 1.1264 -0.6099 1.3976, 0.4634 -0.6013 2.6151, 0.4634 -0.5721 2.7871, 0.4634 -0.5238 2.9548, 0.4634 -0.457 3.116, 0.4634 -0.3726 3.2687, 0.4634 -0.2717 3.411, 0.4634 -0.1554 3.5411, 0.4634 -0.0253 3.6573, 0.4634 0.117 3.7583, 0.4634 0.2697 3.8427, 0.4634 0.4308 3.9094, 0.4634 0.5985 3.9577, 0.4634 0.7705 3.987, 0.4634 0.9447 3.9967, 0.4634 1.1189 3.987, 0.4634 1.2909 3.9577, 0.4634 1.4585 3.9094, 0.4634 1.6197 3.8427, 0.4634 1.7724 3.7583, 0.4634 1.9147 3.6573, 0.4634 2.0448 3.5411, 0.4634 2.1611 3.411, 0.4634 2.262 3.2687, 0.4634 2.3464 3.116, 0.4634 2.4132 2.9548, 0.4634 2.4615 2.7871, 0.4634 2.5005 2.4409, 0.4634 2.4907 2.6151, 0.4587 2.5024 2.4409, 0.4587 2.4926 2.6154, 0.4587 2.4634 2.7876, 0.4587 2.415 2.9554, 0.4587 2.3482 3.1168, 0.4587 2.2637 3.2697, 0.4587 2.1626 3.4122, 0.4587 2.0462 3.5424, 0.4587 1.9159 3.6588, 0.4587 1.7735 3.7599, 0.4587 1.6206 3.8444, 0.4587 1.4592 3.9113, 0.4587 1.2913 3.9596, 0.4587 1.1191 3.9889, 0.4587 0.9447 3.9987, 0.4587 0.7703 3.9889, 0.4587 0.5981 3.9596, 0.4587 0.4302 3.9113, 0.4587 0.2688 3.8444, 0.4587 0.1159 3.7599, 0.4587 -0.0266 3.6588, 0.4587 -0.1568 3.5424, 0.4587 -0.2732 3.4122, 0.4587 -0.3743 3.2697, 0.4587 -0.4588 3.1168, 0.4587 -0.5257 2.9554, 0.4587 -0.574 2.7876, 0.4587 -0.6033 2.6154, 0.4546 2.5056 2.4409, 0.4546 2.4958 2.6157, 0.4546 2.4664 2.7883, 0.4546 2.418 2.9565, 0.4546 2.351 3.1182, 0.4546 2.2663 3.2714, 0.4546 2.165 3.4141, 0.4546 2.0484 3.5447, 0.4546 1.9179 3.6613, 0.4546 1.7751 3.7626, 0.4546 1.6219 3.8473, 0.4546 1.4602 3.9142, 0.4546 1.292 3.9627, 0.4546 1.1195 3.992, 0.4546 0.9447 4.0018, 0.4546 0.7699 3.992, 0.4546 0.5974 3.9627, 0.4546 0.4292 3.9142, 0.4546 0.2674 3.8473, 0.4546 0.1142 3.7626, 0.4546 -0.0285 3.6613, 0.4546 -0.159 3.5447, 0.4546 -0.2757 3.4141, 0.4546 -0.3769 3.2714, 0.4546 -0.4616 3.1182, 0.4546 -0.5286 2.9565, 0.4546 -0.5771 2.7883, 0.4546 -0.6064 2.6157, 0.4515 2.5096 2.4409, 0.4515 2.4998 2.6162, 0.4515 2.4704 2.7892, 0.4515 2.4218 2.9578, 0.4515 2.3547 3.12, 0.4515 2.2698 3.2736, 0.4515 2.1682 3.4167, 0.4515 2.0513 3.5475, 0.4515 1.9204 3.6645, 0.4515 1.7773 3.766, 0.4515 1.6237 3.8509, 0.4515 1.4616 3.9181, 0.4515 1.2929 3.9667, 0.4515 1.1199 3.9961, 0.4515 0.9447 4.0059, 0.4515 0.7695 3.9961, 0.4515 0.5965 3.9667, 0.4515 0.4278 3.9181, 0.4515 0.2657 3.8509, 0.4515 0.1121 3.766, 0.4515 -0.031 3.6645, 0.4515 -0.1619 3.5475, 0.4515 -0.2788 3.4167, 0.4515 -0.3804 3.2736, 0.4515 -0.4653 3.12, 0.4515 -0.5325 2.9578, 0.4515 -0.581 2.7892, 0.4515 -0.6104 2.6162, 0.4495 2.5144 2.4409, 0.4495 2.5045 2.6167, 0.4495 2.475 2.7902, 0.4495 2.4263 2.9594, 0.4495 2.3589 3.122, 0.4495 2.2738 3.2761, 0.4495 2.1719 3.4196, 0.4495 2.0546 3.5509, 0.4495 1.9234 3.6682, 0.4495 1.7798 3.7701, 0.4495 1.6258 3.8552, 0.4495 1.4631 3.9226, 0.4495 1.294 3.9713, 0.4495 1.1204 4.0008, 0.4495 0.9447 4.0107, 0.4495 0.7689 4.0008, 0.4495 0.5954 3.9713, 0.4495 0.4262 3.9226, 0.4495 0.2636 3.8552, 0.4495 0.1096 3.7701, 0.4495 -0.034 3.6682, 0.4495 -0.1653 3.5509, 0.4495 -0.2826 3.4196, 0.4495 -0.3844 3.2761, 0.4495 -0.4696 3.122, 0.4495 -0.5369 2.9594, 0.4495 -0.5857 2.7902, 0.4495 -0.6151 2.6167, 0.4341 2.715 0.0146, 0.4386 2.7131 0.0146, 0.4336 2.7131 0.0098, 0.4377 2.7114 0.0098, 0.4327 2.7101 0.0058, 0.4361 2.7087 0.0058, 0.4317 2.7062 0.0026, 0.4341 2.7052 0.0026, 0.4305 2.7016 0.0007, 0.4317 2.7011 0.0007, 0.4426 2.7101 0.0146, 0.4412 2.7087 0.0098, 0.439 2.7065 0.0058, 0.4361 2.7036 0.0026, 0.4327 2.7003 0.0007, 0.4456 2.7062 0.0146, 0.4475 2.7016 0.0146, 0.4439 2.7052 0.0098, 0.4456 2.7011 0.0098, 0.4412 2.7036 0.0058, 0.4426 2.7003 0.0058, 0.4377 2.7016 0.0026, 0.4386 2.6992 0.0026, 0.4336 2.6992 0.0007, 0.4341 2.698 0.0007, 0.4482 2.6967 0.0146, 0.4462 2.6967 0.0098, 0.4431 2.6967 0.0058, 0.439 2.6967 0.0026, 0.4342 2.6967 0.0007, 1.5602 0.3345 0.0007, 1.565 0.3345 0.0026, 1.569 0.3345 0.0058, 1.5722 0.3345 0.0098, 1.5741 0.3345 0.0146, 1.5741 0.3395 0.0197, 1.5722 0.3443 0.0197, 1.569 0.3484 0.0197, 1.565 0.3515 0.0197, 1.5602 0.3535 0.0197, 1.1524 -0.6099 1.3638, 1.1276 -0.6099 1.3886, 1.1316 -0.6085 1.3897, 1.1534 -0.6085 1.3679, 1.1353 -0.6061 1.3906, 1.1544 -0.6061 1.3715, 1.1383 -0.603 1.3914, 1.1552 -0.603 1.3745, 1.1405 -0.5993 1.392, 1.1311 -0.6099 1.3801, 1.1347 -0.6085 1.3822, 1.138 -0.6061 1.3841, 1.1407 -0.603 1.3857, 1.1427 -0.5993 1.3868, 1.1367 -0.6099 1.3729, 1.1396 -0.6085 1.3758, 1.1423 -0.6061 1.3785, 1.1445 -0.603 1.3807, 1.1461 -0.5993 1.3823, 1.1439 -0.6099 1.3673, 1.146 -0.6085 1.3709, 1.1479 -0.6061 1.3742, 1.1494 -0.603 1.3769, 1.1506 -0.5993 1.3789, 1.1558 -0.5993 1.3767, 1.1419 -0.5951 1.3924, 1.1439 -0.5951 1.3876, 1.1472 -0.5951 1.3834, 1.1513 -0.5951 1.3802, 1.1562 -0.5951 1.3781, 1.1424 -0.5907 1.3925, 1.1444 -0.5907 1.3878, 1.1475 -0.5907 1.3837, 1.1516 -0.5907 1.3806, 1.1563 -0.5907 1.3786, 1.1271 2.4602 2.7868, 1.1271 2.4119 2.9543, 1.1271 2.2609 3.268, 1.1271 2.16 3.4101, 1.1271 1.7717 3.7571, 1.1271 1.6191 3.8415, 1.1271 1.2906 3.9564, 1.1271 1.1187 3.9856, 1.1271 0.5988 3.9564, 1.1271 0.4313 3.9082, 1.1271 0.1177 3.7571, 1.1271 -0.0245 3.6563, 1.1271 -0.3715 3.268, 1.1271 -0.4558 3.1154, 1.1271 -0.5708 2.7868, 1.1271 -0.6 2.615, 1.1411 -0.5862 2.6134, 1.1391 -0.5909 2.614, 1.136 -0.5949 2.6144, 1.1319 -0.598 2.6148, 1.1411 -0.5572 2.7837, 1.1391 -0.5618 2.7848, 1.136 -0.5658 2.7857, 1.1319 -0.5689 2.7864, 1.1271 -0.5225 2.9543, 1.1319 -0.5207 2.9537, 1.136 -0.5177 2.9527, 1.1391 -0.5139 2.9513, 1.1411 -0.5094 2.9498, 1.1411 -0.4433 3.1094, 1.1391 -0.4476 3.1114, 1.136 -0.4512 3.1132, 1.1319 -0.454 3.1145, 1.1411 -0.3597 3.2606, 1.1391 -0.3637 3.2631, 1.136 -0.3672 3.2653, 1.1319 -0.3698 3.2669, 1.1271 -0.2706 3.4101, 1.1319 -0.2691 3.4089, 1.136 -0.2666 3.407, 1.1391 -0.2635 3.4044, 1.1411 -0.2597 3.4015, 1.1411 -0.1446 3.5303, 1.1391 -0.148 3.5336, 1.136 -0.1509 3.5365, 1.1319 -0.1531 3.5387, 1.1271 -0.1545 3.5401, 1.1411 -0.0158 3.6454, 1.1391 -0.0188 3.6491, 1.136 -0.0213 3.6523, 1.1319 -0.0233 3.6547, 1.1411 0.1251 3.7454, 1.1391 0.1226 3.7494, 1.136 0.1204 3.7528, 1.1319 0.1187 3.7555, 1.1271 0.2702 3.8415, 1.1319 0.2711 3.8397, 1.136 0.2724 3.8369, 1.1391 0.2742 3.8332, 1.1411 0.2763 3.8289, 1.1411 0.4359 3.895, 1.1391 0.4343 3.8995, 1.136 0.433 3.9034, 1.1319 0.4319 3.9063, 1.1411 0.6019 3.9429, 1.1391 0.6008 3.9475, 1.136 0.5999 3.9515, 1.1319 0.5992 3.9545, 1.1271 0.7706 3.9856, 1.1319 0.7709 3.9837, 1.136 0.7712 3.9806, 1.1391 0.7717 3.9765, 1.1411 0.7722 3.9718, 1.1411 0.9447 3.9815, 1.1391 0.9447 3.9862, 1.136 0.9447 3.9903, 1.1319 0.9447 3.9934, 1.1271 0.9447 3.9954, 1.1411 1.1172 3.9718, 1.1391 1.1177 3.9765, 1.136 1.1182 3.9806, 1.1319 1.1185 3.9837, 1.1411 1.2875 3.9429, 1.1391 1.2885 3.9475, 1.136 1.2895 3.9515, 1.1319 1.2901 3.9545, 1.1271 1.4581 3.9082, 1.1319 1.4574 3.9063, 1.136 1.4564 3.9034, 1.1391 1.4551 3.8995, 1.1411 1.4535 3.895, 1.1411 1.6131 3.8289, 1.1391 1.6152 3.8332, 1.136 1.6169 3.8369, 1.1319 1.6183 3.8397, 1.1411 1.7643 3.7454, 1.1391 1.7668 3.7494, 1.136 1.769 3.7528, 1.1319 1.7707 3.7555, 1.1271 1.9139 3.6563, 1.1319 1.9126 3.6547, 1.136 1.9107 3.6523, 1.1391 1.9082 3.6491, 1.1411 1.9052 3.6454, 1.1411 2.034 3.5303, 1.1391 2.0374 3.5336, 1.136 2.0402 3.5365, 1.1319 2.0425 3.5387, 1.1271 2.0438 3.5401, 1.1411 2.1491 3.4015, 1.1391 2.1528 3.4044, 1.136 2.156 3.407, 1.1319 2.1585 3.4089, 1.1411 2.2491 3.2606, 1.1391 2.2531 3.2631, 1.136 2.2566 3.2653, 1.1319 2.2592 3.2669, 1.1271 2.3452 3.1154, 1.1319 2.3434 3.1145, 1.136 2.3406 3.1132, 1.1391 2.3369 3.1114, 1.1411 2.3327 3.1094, 1.1411 2.3988 2.9498, 1.1391 2.4032 2.9513, 1.136 2.4071 2.9527, 1.1319 2.41 2.9537, 1.1411 2.4466 2.7837, 1.1391 2.4512 2.7848, 1.136 2.4552 2.7857, 1.1319 2.4582 2.7864, 1.1271 2.4894 2.615, 1.1319 2.4874 2.6148, 1.136 2.4843 2.6144, 1.1391 2.4802 2.614, 1.1411 2.4755 2.6134, 1.1411 2.4852 2.4409, 1.1391 2.49 2.4409, 1.136 2.494 2.4409, 1.1319 2.4972 2.4409, 1.1271 2.4991 2.4409, 0.4495 2.5144 0.0197, 0.4515 2.5096 0.0197, 0.4546 2.5056 0.0197, 0.4587 2.5024 0.0197, 0.4634 2.5005 0.0197, 0.4342 2.5195 0.0007, 0.439 2.5195 0.0026, 0.4431 2.5195 0.0058, 0.4462 2.5195 0.0098, 0.4482 2.5195 0.0146, 1.56 0.3528 0.0146, 1.5646 0.3509 0.0146, 1.5595 0.3509 0.0098, 1.5636 0.3492 0.0098, 1.5587 0.3479 0.0058, 1.5621 0.3465 0.0058, 1.5577 0.344 0.0026, 1.56 0.343 0.0026, 1.5564 0.3394 0.0007, 1.5577 0.3389 0.0007, 1.5686 0.3479 0.0146, 1.5672 0.3465 0.0098, 1.565 0.3443 0.0058, 1.5621 0.3414 0.0026, 1.5587 0.3381 0.0007, 1.5551 0.3535 0.0146, 1.5551 0.3515 0.0098, 1.5551 0.3484 0.0058, 1.5551 0.3443 0.0026, 1.5551 0.3395 0.0007, 1.5716 0.344 0.0146, 1.5735 0.3394 0.0146, 1.5699 0.343 0.0098, 1.5716 0.3389 0.0098, 1.5672 0.3414 0.0058, 1.5686 0.3381 0.0058, 1.5636 0.3394 0.0026, 1.5646 0.337 0.0026, 1.5595 0.337 0.0007, 1.56 0.3358 0.0007, 1.1424 0.3687 1.3925, 1.1444 0.364 1.3878, 1.1475 0.3599 1.3837, 1.1516 0.3568 1.3806, 1.1494 0.3582 1.382, 1.1589 0.3543 1.3781, 1.1563 0.3548 1.3786, 1.1539 0.3556 1.3795, 1.1411 2.4852 1.3976, 1.1391 2.49 1.3976, 1.136 2.494 1.3976, 1.1319 2.4972 1.3976, 1.1271 2.4991 1.3976, 1.1614 2.4991 1.3634, 1.5551 2.4991 1.3634, 1.1614 2.4972 1.3681, 1.5551 2.4972 1.3681, 1.1614 2.494 1.3722, 1.5551 2.494 1.3722, 1.1614 2.49 1.3753, 1.5551 2.49 1.3753, 1.1614 2.4852 1.3773, 1.5551 2.4852 1.3773, 0.4685 2.4852 0.0007, 0.4596 2.4864 0.0007, 0.4685 2.49 0.0026, 0.4609 2.491 0.0026, 0.4685 2.494 0.0058, 0.4619 2.4949 0.0058, 0.4685 2.4972 0.0098, 0.4627 2.4979 0.0098, 0.4685 2.4991 0.0146, 0.4632 2.4998 0.0146, 0.4514 2.4898 0.0007, 0.4537 2.4939 0.0026, 0.4558 2.4975 0.0058, 0.4574 2.5002 0.0098, 0.4583 2.5019 0.0146, 0.4443 2.4953 0.0007, 0.4476 2.4986 0.0026, 0.4505 2.5015 0.0058, 0.4527 2.5037 0.0098, 0.4541 2.5051 0.0146, 0.4388 2.5024 0.0007, 0.4429 2.5047 0.0026, 0.4465 2.5068 0.0058, 0.4492 2.5083 0.0098, 0.4509 2.5093 0.0146, 0.4354 2.5106 0.0007, 0.44 2.5118 0.0026, 0.4439 2.5129 0.0058, 0.4469 2.5137 0.0098, 0.4488 2.5142 0.0146, 1.1614 0.3395 0.0007, 1.1614 0.3443 0.0026, 1.1614 0.3484 0.0058, 1.1614 0.3515 0.0098, 1.1614 0.3535 0.0146, 1.1563 0.3548 0.0197, 1.1516 0.3568 0.0197, 1.1475 0.3599 0.0197, 1.1444 0.364 0.0197, 1.1424 0.3687 0.0197, 1.1526 2.4991 1.3645, 1.1538 2.4972 1.3691, 1.1548 2.494 1.3731, 1.1556 2.49 1.3761, 1.1562 2.4852 1.378, 1.1563 2.4801 1.3786, 1.1443 2.4991 1.368, 1.1467 2.4972 1.3721, 1.1487 2.494 1.3756, 1.1503 2.49 1.3783, 1.1512 2.4852 1.38, 1.1516 2.4801 1.3806, 1.1372 2.4991 1.3734, 1.1405 2.4972 1.3768, 1.1434 2.494 1.3796, 1.1456 2.49 1.3819, 1.147 2.4852 1.3832, 1.1475 2.4801 1.3837, 1.1317 2.4991 1.3805, 1.1359 2.4972 1.3829, 1.1394 2.494 1.3849, 1.1421 2.49 1.3865, 1.1438 2.4852 1.3875, 1.1444 2.4801 1.3878, 1.1283 2.4991 1.3888, 1.1329 2.4972 1.39, 1.1368 2.494 1.3911, 1.1399 2.49 1.3919, 1.1418 2.4852 1.3924, 1.1424 2.4801 1.3925, 1.56 2.4985 1.3634, 1.56 2.4886 1.3753, 1.5577 2.4845 1.3773, 1.5587 2.4837 1.3773, 1.5602 2.4801 1.3773, 1.56 2.4814 1.3773, 1.5564 2.485 1.3773, 1.5577 2.4896 1.3753, 1.5587 2.4936 1.3722, 1.5621 2.4871 1.3753, 1.5595 2.4827 1.3773, 1.5636 2.485 1.3753, 1.5646 2.4827 1.3753, 1.565 2.4801 1.3753, 1.5621 2.4922 1.3722, 1.565 2.49 1.3722, 1.5672 2.4871 1.3722, 1.5686 2.4837 1.3722, 1.569 2.4801 1.3722, 1.5595 2.4966 1.3681, 1.5636 2.4949 1.3681, 1.5672 2.4922 1.3681, 1.5699 2.4886 1.3681, 1.5716 2.4845 1.3681, 1.5722 2.4801 1.3681, 1.5646 2.4966 1.3634, 1.5686 2.4936 1.3634, 1.5716 2.4896 1.3634, 1.5735 2.485 1.3634, 1.5741 2.4801 1.3634, 1.5602 2.4991 1.3583, 1.565 2.4972 1.3583, 1.569 2.494 1.3583, 1.5722 2.49 1.3583, 1.5741 2.4852 1.3583, 1.5741 2.4852 0.0197, 1.5722 2.49 0.0197, 1.569 2.494 0.0197, 1.565 2.4972 0.0197, 1.5602 2.4991 0.0197, 1.5551 2.4991 0.0146, 1.5551 2.4972 0.0098, 1.5551 2.494 0.0058, 1.5551 2.49 0.0026, 1.5551 2.4852 0.0007, 1.1526 0.3407 0.0007, 1.1538 0.3453 0.0026, 1.1548 0.3492 0.0058, 1.1556 0.3523 0.0098, 1.1562 0.3542 0.0146, 1.1443 0.3441 0.0007, 1.1467 0.3483 0.0026, 1.1487 0.3518 0.0058, 1.1503 0.3545 0.0098, 1.1512 0.3562 0.0146, 1.1372 0.3496 0.0007, 1.1405 0.3529 0.0026, 1.1434 0.3558 0.0058, 1.1456 0.358 0.0098, 1.147 0.3594 0.0146, 1.1317 0.3567 0.0007, 1.1359 0.3591 0.0026, 1.1394 0.3611 0.0058, 1.1421 0.3627 0.0098, 1.1438 0.3636 0.0146, 1.1283 0.365 0.0007, 1.1329 0.3662 0.0026, 1.1368 0.3672 0.0058, 1.1399 0.368 0.0098, 1.1418 0.3686 0.0146, 1.1271 0.3738 0.0007, 1.1319 0.3738 0.0026, 1.136 0.3738 0.0058, 1.1391 0.3738 0.0098, 1.1411 0.3738 0.0146, 1.1563 1.5346 1.3786, 1.1589 1.5351 1.3781, 1.1475 1.5295 1.3837, 1.1494 1.5312 1.382, 1.1516 1.5326 1.3806, 1.1539 1.5337 1.3795, 1.1444 1.5254 1.3878, 1.1424 1.5206 1.3925, 1.5741 1.5498 1.3634, 1.5722 1.5451 1.3681, 1.569 1.541 1.3722, 1.5671 1.5393 1.3739, 1.565 1.5379 1.3753, 1.5627 1.5367 1.3765, 1.5602 1.5359 1.3773, 1.5577 1.5354 1.3778, 1.56 2.4985 0.0146, 1.5646 2.4966 0.0146, 1.5595 2.4966 0.0098, 1.5636 2.4949 0.0098, 1.5587 2.4936 0.0058, 1.5621 2.4922 0.0058, 1.5577 2.4896 0.0026, 1.56 2.4886 0.0026, 1.5564 2.485 0.0007, 1.5577 2.4845 0.0007, 1.5686 2.4936 0.0146, 1.5672 2.4922 0.0098, 1.565 2.49 0.0058, 1.5621 2.4871 0.0026, 1.5587 2.4837 0.0007, 1.5716 2.4896 0.0146, 1.5735 2.485 0.0146, 1.5699 2.4886 0.0098, 1.5716 2.4845 0.0098, 1.5672 2.4871 0.0058, 1.5686 2.4837 0.0058, 1.5636 2.485 0.0026, 1.5646 2.4827 0.0026, 1.5595 2.4827 0.0007, 1.56 2.4814 0.0007, 1.5741 2.4801 0.0146, 1.5722 2.4801 0.0098, 1.569 2.4801 0.0058, 1.565 2.4801 0.0026, 1.5602 2.4801 0.0007, 1.1411 1.5156 0.0146, 1.1391 1.5156 0.0098, 1.136 1.5156 0.0058, 1.1319 1.5156 0.0026, 1.1271 1.5156 0.0007, 1.1424 1.5206 0.0197, 1.1444 1.5254 0.0197, 1.1475 1.5295 0.0197, 1.1516 1.5326 0.0197, 1.1563 1.5346 0.0197, 1.5602 1.5359 0.0197, 1.565 1.5379 0.0197, 1.569 1.541 0.0197, 1.5722 1.5451 0.0197, 1.5741 1.5498 0.0197, 1.5602 1.5549 0.0007, 1.565 1.5549 0.0026, 1.569 1.5549 0.0058, 1.5722 1.5549 0.0098, 1.5741 1.5549 0.0146, 1.1283 1.5244 0.0007, 1.1329 1.5232 0.0026, 1.1368 1.5221 0.0058, 1.1399 1.5213 0.0098, 1.1418 1.5208 0.0146, 1.1317 1.5327 0.0007, 1.1359 1.5303 0.0026, 1.1394 1.5283 0.0058, 1.1421 1.5267 0.0098, 1.1438 1.5257 0.0146, 1.1372 1.5398 0.0007, 1.1405 1.5364 0.0026, 1.1434 1.5336 0.0058, 1.1456 1.5313 0.0098, 1.147 1.5299 0.0146, 1.1443 1.5452 0.0007, 1.1467 1.5411 0.0026, 1.1487 1.5376 0.0058, 1.1503 1.5349 0.0098, 1.1512 1.5332 0.0146, 1.1526 1.5487 0.0007, 1.1538 1.5441 0.0026, 1.1548 1.5401 0.0058, 1.1556 1.5371 0.0098, 1.1562 1.5352 0.0146, 1.1614 1.5498 0.0007, 1.1614 1.5451 0.0026, 1.1614 1.541 0.0058, 1.1614 1.5379 0.0098, 1.1614 1.5359 0.0146, 1.5735 1.55 0.0146, 1.5716 1.5454 0.0146, 1.5716 1.5505 0.0098, 1.5699 1.5464 0.0098, 1.5686 1.5513 0.0058, 1.5672 1.548 0.0058, 1.5646 1.5524 0.0026, 1.5636 1.55 0.0026, 1.56 1.5536 0.0007, 1.5595 1.5524 0.0007, 1.5686 1.5415 0.0146, 1.5672 1.5429 0.0098, 1.565 1.5451 0.0058, 1.5621 1.548 0.0026, 1.5587 1.5513 0.0007, 1.5646 1.5385 0.0146, 1.56 1.5366 0.0146, 1.5636 1.5402 0.0098, 1.5595 1.5385 0.0098, 1.5621 1.5429 0.0058, 1.5587 1.5415 0.0058, 1.56 1.5464 0.0026, 1.5577 1.5454 0.0026, 1.5577 1.5505 0.0007, 1.5564 1.55 0.0007, 1.5551 1.5359 0.0146, 1.5551 1.5379 0.0098, 1.5551 1.541 0.0058, 1.5551 1.5451 0.0026, 1.5551 1.5498 0.0007, 1.1271 0.706 2.127, 1.1271 0.7791 2.083, 1.1271 0.6441 2.1856, 1.1271 0.5963 2.2562, 1.1271 0.5647 2.3354, 1.1271 0.5509 2.4196, 1.1271 0.5555 2.5048, 1.1271 0.5783 2.5869, 1.1271 0.6183 2.6623, 1.1271 0.6735 2.7273, 1.1271 0.7414 2.7789, 1.1271 0.8188 2.8147, 1.1271 0.902 2.833, 1.1271 0.9873 2.833, 1.1271 1.0706 2.8147, 1.1271 1.148 2.7789, 1.1271 1.2159 2.7273, 1.1271 1.2711 2.6623, 1.1271 1.3339 2.5048, 1.1271 1.3111 2.5869, 1.1271 1.3385 2.4196, 1.1271 1.3247 2.3354, 1.1271 1.2931 2.2562, 1.1271 1.2453 2.1856, 1.1271 1.1834 2.127, 1.1271 1.0295 2.0558, 1.1271 1.1103 2.083, 1.1271 0.9447 2.0466, 1.1271 0.8599 2.0558, 1.1319 1.0299 2.0539, 1.1319 1.1111 2.0812, 1.1319 1.1845 2.1254, 1.1319 1.2468 2.1844, 1.1319 1.2949 2.2553, 1.1319 1.3266 2.3349, 1.1319 1.3404 2.4195, 1.1319 1.3358 2.5051, 1.1319 1.3129 2.5876, 1.1319 1.2727 2.6634, 1.1319 1.2172 2.7287, 1.1319 1.149 2.7806, 1.1319 1.0712 2.8165, 1.1319 0.9875 2.835, 1.1319 0.9018 2.835, 1.1319 0.8181 2.8165, 1.1319 0.7404 2.7806, 1.1319 0.6721 2.7287, 1.1319 0.6166 2.6634, 1.1319 0.5765 2.5876, 1.1319 0.5536 2.5051, 1.1319 0.5489 2.4195, 1.1319 0.5628 2.3349, 1.1319 0.5945 2.2553, 1.1319 0.6426 2.1844, 1.1319 0.7048 2.1254, 1.1319 0.7783 2.0812, 1.1319 0.8595 2.0539, 1.1319 0.9447 2.0446, 1.136 1.0306 2.0508, 1.136 1.1124 2.0784, 1.136 1.1864 2.1229, 1.136 1.2491 2.1823, 1.136 1.2976 2.2538, 1.136 1.3296 2.3341, 1.136 1.3436 2.4193, 1.136 1.3389 2.5056, 1.136 1.3158 2.5888, 1.136 1.2753 2.6651, 1.136 1.2194 2.731, 1.136 1.1506 2.7832, 1.136 1.0722 2.8195, 1.136 0.9879 2.8381, 1.136 0.9015 2.8381, 1.136 0.8171 2.8195, 1.136 0.7387 2.7832, 1.136 0.67 2.731, 1.136 0.6141 2.6651, 1.136 0.5736 2.5888, 1.136 0.5505 2.5056, 1.136 0.5458 2.4193, 1.136 0.5598 2.3341, 1.136 0.5918 2.2538, 1.136 0.6402 2.1823, 1.136 0.7029 2.1229, 1.136 0.777 2.0784, 1.136 0.8588 2.0508, 1.136 0.9447 2.0415, 1.1391 1.0314 2.0468, 1.1391 1.1141 2.0747, 1.1391 1.1889 2.1197, 1.1391 1.2523 2.1797, 1.1391 1.3012 2.2519, 1.1391 1.3335 2.333, 1.1391 1.3476 2.4191, 1.1391 1.3429 2.5062, 1.1391 1.3196 2.5903, 1.1391 1.2787 2.6674, 1.1391 1.2222 2.7339, 1.1391 1.1527 2.7867, 1.1391 1.0735 2.8234, 1.1391 0.9883 2.8421, 1.1391 0.9011 2.8421, 1.1391 0.8158 2.8234, 1.1391 0.7366 2.7867, 1.1391 0.6672 2.7339, 1.1391 0.6107 2.6674, 1.1391 0.5698 2.5903, 1.1391 0.5465 2.5062, 1.1391 0.5417 2.4191, 1.1391 0.5559 2.333, 1.1391 0.5882 2.2519, 1.1391 0.6371 2.1797, 1.1391 0.7005 2.1197, 1.1391 0.7752 2.0747, 1.1391 0.8579 2.0468, 1.1391 0.9447 2.0374, 1.1411 1.0325 2.0422, 1.1411 1.1161 2.0704, 1.1411 1.1918 2.1159, 1.1411 1.2559 2.1766, 1.1411 1.3054 2.2497, 1.1411 1.3381 2.3317, 1.1411 1.3524 2.4188, 1.1411 1.3476 2.507, 1.1411 1.324 2.5921, 1.1411 1.2826 2.6701, 1.1411 1.2255 2.7374, 1.1411 1.1552 2.7908, 1.1411 1.0751 2.8279, 1.1411 0.9888 2.8468, 1.1411 0.9005 2.8468, 1.1411 0.8143 2.8279, 1.1411 0.7342 2.7908, 1.1411 0.6639 2.7374, 1.1411 0.6068 2.6701, 1.1411 0.5654 2.5921, 1.1411 0.5418 2.507, 1.1411 0.537 2.4188, 1.1411 0.5513 2.3317, 1.1411 0.584 2.2497, 1.1411 0.6335 2.1766, 1.1411 0.6976 2.1159, 1.1411 0.7733 2.0704, 1.1411 0.8569 2.0422, 1.1411 0.9447 2.0327, -4.2767 1.2533 1.2391, -4.2767 1.4015 1.2873, -4.2767 1.674 1.4371, -4.2767 1.7941 1.5364, -4.2767 2.0674 1.9126, -4.2767 2.1248 2.0575, -4.2767 2.1831 2.363, -4.2767 2.1831 2.5189, -4.2767 2.1635 2.6735, -4.2767 2.0674 2.9693, -4.2767 1.9924 3.1058, -4.2767 1.7941 3.3455, -4.2767 1.674 3.4448, -4.2767 1.5425 3.5283, -4.2767 1.2533 3.6428, -4.2767 1.1002 3.672, -4.2767 0.6361 3.6428, -4.2767 0.4879 3.5946, -4.2767 0.2153 3.4448, -4.2767 0.0953 3.3455, -4.2767 -0.178 2.9693, -4.2767 -0.2354 2.8244, -4.2767 -0.2937 2.5189, -4.2767 -0.2937 2.363, -4.2767 -0.2742 2.2084, -4.2767 -0.178 1.9126, -4.2767 -0.103 1.7761, -4.2767 0.0953 1.5364, -4.2767 0.2153 1.4371, -4.2767 0.3469 1.3536, -4.2767 0.6361 1.2391, -4.2767 0.7892 1.2099, -4.2907 -0.0221 3.2408, -4.2907 0.0858 3.3556, -4.2887 -0.0185 3.2377, -4.2887 0.089 3.3522, -4.2856 -0.0153 3.2351, -4.2856 0.0918 3.3492, -4.2815 -0.0129 3.2331, -4.2815 0.0939 3.3469, -4.2767 -0.0114 3.2319, -4.2907 1.9115 1.6411, -4.2907 1.8036 1.5263, -4.2887 1.9078 1.6442, -4.2887 1.8004 1.5297, -4.2856 1.9047 1.6468, -4.2856 1.7976 1.5327, -4.2815 1.9023 1.6488, -4.2815 1.7954 1.535, -4.2767 1.9008 1.65, -4.2907 0.9447 1.1862, -4.2907 0.7874 1.1961, -4.2887 0.9447 1.1909, -4.2887 0.788 1.2008, -4.2856 0.9447 1.195, -4.2856 0.7885 1.2048, -4.2815 0.9447 1.1982, -4.2815 0.7889 1.208, -4.2767 0.9447 1.2001, -4.2907 0.6326 1.2256, -4.2887 0.6338 1.2302, -4.2856 0.6348 1.2342, -4.2815 0.6356 1.2372, -4.2767 0.4879 1.2873, -4.2815 0.4872 1.2854, -4.2856 0.486 1.2825, -4.2887 0.4845 1.2787, -4.2907 0.4828 1.2743, -4.2907 0.3402 1.3414, -4.2887 0.3425 1.3456, -4.2856 0.3445 1.3491, -4.2815 0.346 1.3519, -4.2907 0.2072 1.4258, -4.2887 0.21 1.4297, -4.2856 0.2124 1.433, -4.2815 0.2142 1.4355, -4.2815 0.0939 1.535, -4.2856 0.0918 1.5327, -4.2887 0.089 1.5297, -4.2907 0.0858 1.5263, -4.2767 -0.0114 1.65, -4.2815 -0.0129 1.6488, -4.2856 -0.0153 1.6468, -4.2887 -0.0185 1.6442, -4.2907 -0.0221 1.6411, -4.2907 -0.1147 1.7686, -4.2887 -0.1107 1.7712, -4.2856 -0.1073 1.7733, -4.2815 -0.1046 1.775, -4.2907 -0.1906 1.9067, -4.2887 -0.1863 1.9087, -4.2856 -0.1827 1.9105, -4.2815 -0.1798 1.9118, -4.2767 -0.2354 2.0575, -4.2815 -0.2373 2.0569, -4.2856 -0.2403 2.0559, -4.2887 -0.2441 2.0547, -4.2907 -0.2486 2.0532, -4.2907 -0.2878 2.2058, -4.2887 -0.2832 2.2067, -4.2856 -0.2792 2.2075, -4.2815 -0.2761 2.2081, -4.2907 -0.3076 2.3622, -4.2887 -0.3028 2.3625, -4.2856 -0.2988 2.3627, -4.2815 -0.2957 2.3629, -4.2815 -0.2957 2.519, -4.2856 -0.2988 2.5192, -4.2887 -0.3028 2.5194, -4.2907 -0.3076 2.5197, -4.2767 -0.2742 2.6735, -4.2815 -0.2761 2.6738, -4.2856 -0.2792 2.6744, -4.2887 -0.2832 2.6752, -4.2907 -0.2878 2.6761, -4.2907 -0.2486 2.8287, -4.2887 -0.2441 2.8272, -4.2856 -0.2403 2.826, -4.2815 -0.2373 2.825, -4.2907 -0.1906 2.9752, -4.2887 -0.1863 2.9732, -4.2856 -0.1827 2.9714, -4.2815 -0.1798 2.9701, -4.2767 -0.103 3.1058, -4.2815 -0.1046 3.1069, -4.2856 -0.1073 3.1085, -4.2887 -0.1107 3.1107, -4.2907 -0.1147 3.1133, -4.2907 0.2072 3.4561, -4.2887 0.21 3.4522, -4.2856 0.2124 3.4489, -4.2815 0.2142 3.4464, -4.2767 0.3469 3.5283, -4.2815 0.346 3.53, -4.2856 0.3445 3.5328, -4.2887 0.3425 3.5363, -4.2907 0.3402 3.5405, -4.2907 0.4828 3.6076, -4.2887 0.4845 3.6032, -4.2856 0.486 3.5994, -4.2815 0.4872 3.5965, -4.2907 0.6326 3.6563, -4.2887 0.6338 3.6517, -4.2856 0.6348 3.6477, -4.2815 0.6356 3.6447, -4.2767 0.7892 3.672, -4.2815 0.7889 3.6739, -4.2856 0.7885 3.677, -4.2887 0.788 3.6811, -4.2907 0.7874 3.6858, -4.2907 0.9447 3.6957, -4.2887 0.9447 3.6909, -4.2856 0.9447 3.6869, -4.2815 0.9447 3.6837, -4.2767 0.9447 3.6818, -4.2907 1.1019 3.6858, -4.2887 1.1014 3.6811, -4.2856 1.1008 3.677, -4.2815 1.1005 3.6739, -4.2907 1.2567 3.6563, -4.2887 1.2556 3.6517, -4.2856 1.2545 3.6477, -4.2815 1.2538 3.6447, -4.2767 1.4015 3.5946, -4.2815 1.4022 3.5965, -4.2856 1.4033 3.5994, -4.2887 1.4048 3.6032, -4.2907 1.4066 3.6076, -4.2907 1.5492 3.5405, -4.2887 1.5469 3.5363, -4.2856 1.5449 3.5328, -4.2815 1.5434 3.53, -4.2907 1.6822 3.4561, -4.2887 1.6794 3.4522, -4.2856 1.677 3.4489, -4.2815 1.6752 3.4464, -4.2815 1.7954 3.3469, -4.2856 1.7976 3.3492, -4.2887 1.8004 3.3522, -4.2907 1.8036 3.3556, -4.2767 1.9008 3.2319, -4.2815 1.9023 3.2331, -4.2856 1.9047 3.2351, -4.2887 1.9078 3.2377, -4.2907 1.9115 3.2408, -4.2907 2.0041 3.1133, -4.2887 2.0001 3.1107, -4.2856 1.9967 3.1085, -4.2815 1.994 3.1069, -4.2907 2.08 2.9752, -4.2887 2.0757 2.9732, -4.2856 2.072 2.9714, -4.2815 2.0692 2.9701, -4.2767 2.1248 2.8244, -4.2815 2.1267 2.825, -4.2856 2.1296 2.826, -4.2887 2.1335 2.8272, -4.2907 2.138 2.8287, -4.2907 2.1772 2.6761, -4.2887 2.1725 2.6752, -4.2856 2.1685 2.6744, -4.2815 2.1655 2.6738, -4.2907 2.197 2.5197, -4.2887 2.1922 2.5194, -4.2856 2.1882 2.5192, -4.2815 2.185 2.519, -4.2907 2.197 2.3622, -4.2887 2.1922 2.3625, -4.2856 2.1882 2.3627, -4.2815 2.185 2.3629, -4.2767 2.1635 2.2084, -4.2815 2.1655 2.2081, -4.2856 2.1685 2.2075, -4.2887 2.1725 2.2067, -4.2907 2.1772 2.2058, -4.2907 2.138 2.0532, -4.2887 2.1335 2.0547, -4.2856 2.1296 2.0559, -4.2815 2.1267 2.0569, -4.2907 2.08 1.9067, -4.2887 2.0757 1.9087, -4.2856 2.072 1.9105, -4.2815 2.0692 1.9118, -4.2767 1.9924 1.7761, -4.2815 1.994 1.775, -4.2856 1.9967 1.7733, -4.2887 2.0001 1.7712, -4.2907 2.0041 1.7686, -4.2907 1.6822 1.4258, -4.2887 1.6794 1.4297, -4.2856 1.677 1.433, -4.2815 1.6752 1.4355, -4.2767 1.5425 1.3536, -4.2815 1.5434 1.3519, -4.2856 1.5449 1.3491, -4.2887 1.5469 1.3456, -4.2907 1.5492 1.3414, -4.2907 1.4066 1.2743, -4.2887 1.4048 1.2787, -4.2856 1.4033 1.2825, -4.2815 1.4022 1.2854, -4.2907 1.2567 1.2256, -4.2887 1.2556 1.2302, -4.2856 1.2545 1.2342, -4.2815 1.2538 1.2372, -4.2767 1.1002 1.2099, -4.2815 1.1005 1.208, -4.2856 1.1008 1.2048, -4.2887 1.1014 1.2008, -4.2907 1.1019 1.1961
            ]
        }
        coordIndex [
            0,1,2,-1,3,4,5,-1,6,7,8,-1,9,10,11,-1,12,13,14,-1,15,16,17,-1,18,19,20,-1,21,22,23,-1,24,25,26,-1,27,28,29,-1,30,31,32,-1,33,34,35,-1,35,36,33,-1,33,36,37,-1,33,37,38,-1,34,33,39,-1,39,33,40,-1,39,40,41,-1,42,43,32,-1,44,45,42,-1,32,31,42,-1,42,31,46,-1,42,46,44,-1,47,48,32,-1,32,48,49,-1,32,49,30,-1,47,50,48,-1,48,50,51,-1,48,51,52,-1,52,51,53,-1,52,53,54,-1,55,56,47,-1,47,56,57,-1,47,57,50,-1,29,28,58,-1,28,59,58,-1,58,59,60,-1,58,60,47,-1,47,60,61,-1,47,61,55,-1,27,29,62,-1,62,29,63,-1,62,63,64,-1,64,63,65,-1,64,65,66,-1,67,68,69,-1,69,68,70,-1,71,72,73,-1,73,72,74,-1,75,76,77,-1,77,76,78,-1,77,78,79,-1,80,81,82,-1,83,84,82,-1,85,86,77,-1,77,86,87,-1,77,87,65,-1,65,87,88,-1,65,88,66,-1,79,89,77,-1,77,89,90,-1,77,90,85,-1,70,91,69,-1,69,91,92,-1,69,92,93,-1,94,95,96,-1,96,95,97,-1,96,97,69,-1,69,97,98,-1,69,98,67,-1,84,99,82,-1,82,99,100,-1,82,100,77,-1,77,100,101,-1,77,101,75,-1,74,102,73,-1,73,102,103,-1,73,103,104,-1,104,103,94,-1,104,94,105,-1,105,94,96,-1,80,82,106,-1,81,107,82,-1,82,107,108,-1,82,108,109,-1,21,110,22,-1,22,110,111,-1,22,111,82,-1,82,111,112,-1,82,112,106,-1,83,82,113,-1,113,82,109,-1,113,109,73,-1,73,109,114,-1,73,114,71,-1,115,116,69,-1,69,116,117,-1,69,117,118,-1,93,119,69,-1,69,119,120,-1,69,120,121,-1,121,122,69,-1,69,122,123,-1,69,123,115,-1,117,124,118,-1,118,124,125,-1,118,125,126,-1,126,125,127,-1,128,26,129,-1,129,26,130,-1,129,130,131,-1,131,130,132,-1,127,133,126,-1,126,133,134,-1,126,134,130,-1,130,134,135,-1,130,135,132,-1,24,136,25,-1,25,136,137,-1,25,137,138,-1,139,140,141,-1,141,140,142,-1,141,142,128,-1,128,142,143,-1,128,143,26,-1,26,143,144,-1,26,144,24,-1,145,146,141,-1,141,146,147,-1,141,147,139,-1,145,148,146,-1,146,148,149,-1,146,149,150,-1,151,152,153,-1,153,152,154,-1,153,154,155,-1,155,132,153,-1,153,132,135,-1,153,135,156,-1,156,135,157,-1,157,158,156,-1,156,158,159,-1,156,159,160,-1,161,152,162,-1,162,152,151,-1,162,151,163,-1,164,165,166,-1,167,168,151,-1,164,166,151,-1,151,166,169,-1,151,169,167,-1,168,170,151,-1,151,170,171,-1,151,171,172,-1,161,173,152,-1,152,173,174,-1,152,174,175,-1,172,176,151,-1,151,176,177,-1,151,177,163,-1,178,179,175,-1,175,179,180,-1,175,180,152,-1,181,182,23,-1,23,182,183,-1,23,183,21,-1,38,184,33,-1,33,184,185,-1,33,185,186,-1,186,185,187,-1,186,187,18,-1,188,189,190,-1,190,189,191,-1,192,193,194,-1,194,193,195,-1,194,195,196,-1,188,197,189,-1,189,197,198,-1,189,198,199,-1,199,200,189,-1,189,200,201,-1,189,201,194,-1,194,201,202,-1,194,202,192,-1,196,203,194,-1,194,203,204,-1,194,204,205,-1,205,204,206,-1,205,206,207,-1,207,206,208,-1,207,208,209,-1,208,210,209,-1,209,210,211,-1,209,211,212,-1,212,211,191,-1,207,213,214,-1,215,207,216,-1,216,207,214,-1,216,214,217,-1,218,205,219,-1,219,205,207,-1,219,207,220,-1,220,207,215,-1,220,215,221,-1,215,222,221,-1,221,222,223,-1,221,223,224,-1,214,225,217,-1,217,225,226,-1,217,226,227,-1,213,207,228,-1,228,207,209,-1,228,209,229,-1,230,231,229,-1,229,231,232,-1,229,232,228,-1,233,234,235,-1,236,237,234,-1,234,237,238,-1,234,238,235,-1,239,240,241,-1,241,240,242,-1,241,242,243,-1,243,242,244,-1,243,244,245,-1,245,246,243,-1,243,246,247,-1,243,247,248,-1,249,250,251,-1,252,253,251,-1,251,253,254,-1,251,254,255,-1,256,257,258,-1,258,257,259,-1,258,259,250,-1,250,259,260,-1,260,261,250,-1,250,261,262,-1,250,262,251,-1,251,262,263,-1,251,263,252,-1,249,264,265,-1,265,264,266,-1,265,266,267,-1,268,269,270,-1,270,269,271,-1,270,271,272,-1,254,273,255,-1,255,273,274,-1,255,274,275,-1,275,276,255,-1,255,276,277,-1,255,277,278,-1,278,277,279,-1,278,279,280,-1,281,282,283,-1,283,282,284,-1,284,285,283,-1,283,285,286,-1,283,286,266,-1,266,286,287,-1,266,287,267,-1,280,270,278,-1,278,270,272,-1,278,272,283,-1,283,272,288,-1,283,288,281,-1,289,290,291,-1,291,290,292,-1,291,292,293,-1,291,294,289,-1,289,294,295,-1,289,295,296,-1,296,297,289,-1,289,297,298,-1,289,298,299,-1,299,298,300,-1,299,300,301,-1,301,300,302,-1,301,302,270,-1,270,302,303,-1,270,303,268,-1,304,305,293,-1,293,305,306,-1,293,306,291,-1,307,308,256,-1,256,308,309,-1,256,309,257,-1,307,310,308,-1,308,310,311,-1,308,311,312,-1,312,311,313,-1,312,314,315,-1,313,316,312,-1,312,316,317,-1,312,317,318,-1,318,319,312,-1,312,319,320,-1,312,320,314,-1,315,321,312,-1,312,321,322,-1,312,322,323,-1,324,325,15,-1,15,325,326,-1,327,328,329,-1,330,331,332,-1,332,331,333,-1,332,333,334,-1,333,335,334,-1,334,335,336,-1,334,336,337,-1,338,336,339,-1,339,336,335,-1,339,335,340,-1,340,335,333,-1,340,333,341,-1,341,333,342,-1,341,342,16,-1,343,344,345,-1,345,344,346,-1,345,346,347,-1,347,346,348,-1,349,350,351,-1,351,352,349,-1,349,352,353,-1,349,353,354,-1,346,355,348,-1,348,355,356,-1,348,356,357,-1,358,359,360,-1,361,362,343,-1,343,362,363,-1,343,363,344,-1,347,351,345,-1,345,351,350,-1,345,350,364,-1,364,350,365,-1,364,365,360,-1,360,365,366,-1,360,366,358,-1,13,367,14,-1,14,367,368,-1,14,368,369,-1,369,368,370,-1,369,370,371,-1,12,372,373,-1,373,372,40,-1,373,40,374,-1,374,40,33,-1,374,33,371,-1,371,33,186,-1,371,186,369,-1,375,376,377,-1,376,378,377,-1,377,378,379,-1,377,379,380,-1,380,381,377,-1,377,381,382,-1,377,382,383,-1,384,385,375,-1,382,386,383,-1,383,386,387,-1,383,387,388,-1,388,387,389,-1,388,389,390,-1,390,389,391,-1,390,391,392,-1,392,391,393,-1,392,393,394,-1,394,393,395,-1,394,395,396,-1,396,395,397,-1,396,397,398,-1,398,397,399,-1,398,399,372,-1,372,399,42,-1,372,42,40,-1,40,42,45,-1,40,45,41,-1,10,9,361,-1,361,9,400,-1,361,400,401,-1,402,403,404,-1,404,403,405,-1,404,405,406,-1,406,405,407,-1,406,407,401,-1,401,407,359,-1,401,359,361,-1,361,359,358,-1,361,358,362,-1,404,408,409,-1,410,411,404,-1,404,411,412,-1,404,412,413,-1,410,414,411,-1,411,414,415,-1,411,415,416,-1,416,415,417,-1,416,417,418,-1,413,419,404,-1,404,419,420,-1,404,420,421,-1,409,422,404,-1,404,422,423,-1,404,423,402,-1,421,424,404,-1,404,424,425,-1,404,425,408,-1,426,427,396,-1,396,427,11,-1,8,428,429,-1,429,430,8,-1,8,430,431,-1,8,431,6,-1,369,432,433,-1,14,434,8,-1,8,434,435,-1,8,435,428,-1,433,436,369,-1,369,436,437,-1,369,437,14,-1,14,437,438,-1,14,438,434,-1,439,440,432,-1,432,440,441,-1,432,441,442,-1,442,443,432,-1,432,443,444,-1,432,444,433,-1,4,445,446,-1,446,445,447,-1,446,447,448,-1,407,449,359,-1,359,449,450,-1,359,450,5,-1,5,450,451,-1,5,451,3,-1,452,453,454,-1,455,456,454,-1,454,456,457,-1,454,457,452,-1,452,457,458,-1,459,460,458,-1,458,460,461,-1,458,461,452,-1,452,461,462,-1,463,464,465,-1,465,464,453,-1,463,466,467,-1,467,466,20,-1,467,20,468,-1,19,181,20,-1,20,181,23,-1,20,23,468,-1,468,23,22,-1,468,22,469,-1,239,278,470,-1,235,240,233,-1,233,240,239,-1,233,239,471,-1,471,239,470,-1,219,472,218,-1,218,472,243,-1,218,243,473,-1,473,243,248,-1,473,248,474,-1,474,475,473,-1,473,475,476,-1,473,476,283,-1,476,477,283,-1,283,477,478,-1,283,478,278,-1,278,478,479,-1,278,479,470,-1,470,479,480,-1,470,480,481,-1,481,482,470,-1,470,482,483,-1,470,483,484,-1,484,485,470,-1,470,485,486,-1,470,486,2,-1,2,486,487,-1,2,487,0,-1,488,489,490,-1,490,489,491,-1,492,493,194,-1,194,493,189,-1,189,493,494,-1,189,494,489,-1,489,494,495,-1,489,495,491,-1,491,495,496,-1,491,496,497,-1,498,499,497,-1,497,499,492,-1,497,492,491,-1,491,492,194,-1,191,189,212,-1,212,189,489,-1,212,489,500,-1,500,489,488,-1,500,488,501,-1,16,342,17,-1,17,342,502,-1,17,502,503,-1,503,502,504,-1,503,504,505,-1,15,17,324,-1,324,17,503,-1,324,503,506,-1,506,503,505,-1,506,505,507,-1,375,377,384,-1,384,377,508,-1,384,508,509,-1,509,508,510,-1,509,510,511,-1,512,513,327,-1,514,515,516,-1,516,515,517,-1,513,518,327,-1,327,518,519,-1,327,519,520,-1,345,521,516,-1,516,521,522,-1,516,522,523,-1,520,524,327,-1,327,524,525,-1,327,525,364,-1,364,525,526,-1,364,526,345,-1,345,526,527,-1,345,527,521,-1,523,528,516,-1,516,528,529,-1,516,529,514,-1,326,325,329,-1,329,325,516,-1,329,516,327,-1,327,516,517,-1,327,517,512,-1,4,446,5,-1,5,446,530,-1,5,530,359,-1,359,530,531,-1,359,531,360,-1,360,531,532,-1,360,532,364,-1,364,532,331,-1,364,331,327,-1,327,331,330,-1,327,330,328,-1,11,10,396,-1,396,10,361,-1,396,361,394,-1,394,361,343,-1,394,343,392,-1,392,343,345,-1,392,345,390,-1,390,345,516,-1,390,516,388,-1,388,516,325,-1,388,325,383,-1,383,325,324,-1,383,324,377,-1,377,324,506,-1,377,506,508,-1,508,506,507,-1,508,507,510,-1,533,534,535,-1,251,536,537,-1,538,539,251,-1,251,539,540,-1,251,540,536,-1,541,542,543,-1,543,542,544,-1,543,544,251,-1,251,544,545,-1,251,545,538,-1,534,546,535,-1,535,546,547,-1,535,547,548,-1,548,547,549,-1,550,551,549,-1,549,551,552,-1,549,552,548,-1,537,553,251,-1,251,553,554,-1,251,554,555,-1,249,251,264,-1,264,251,555,-1,264,555,556,-1,556,555,557,-1,556,557,558,-1,559,560,557,-1,557,560,561,-1,557,561,558,-1,558,562,556,-1,556,562,563,-1,556,563,564,-1,565,566,556,-1,556,566,567,-1,568,569,543,-1,570,571,549,-1,549,571,572,-1,549,572,573,-1,564,574,556,-1,556,574,575,-1,556,575,565,-1,567,576,556,-1,556,576,577,-1,556,577,578,-1,541,543,535,-1,535,543,569,-1,535,569,533,-1,573,579,549,-1,549,579,580,-1,549,580,550,-1,469,22,581,-1,581,22,82,-1,581,82,462,-1,462,82,582,-1,462,582,452,-1,452,582,556,-1,452,556,543,-1,543,556,578,-1,543,578,568,-1,453,452,465,-1,465,452,543,-1,465,543,583,-1,583,543,251,-1,583,251,584,-1,584,251,255,-1,584,255,585,-1,585,255,278,-1,585,278,586,-1,586,278,239,-1,586,239,230,-1,230,239,241,-1,230,241,231,-1,463,465,466,-1,466,465,583,-1,466,583,448,-1,448,583,584,-1,448,584,446,-1,446,584,585,-1,446,585,530,-1,530,585,586,-1,530,586,531,-1,531,586,230,-1,531,230,532,-1,532,230,229,-1,532,229,331,-1,331,229,209,-1,331,209,333,-1,333,209,212,-1,333,212,342,-1,342,212,500,-1,342,500,502,-1,502,500,501,-1,502,501,504,-1,12,14,372,-1,372,14,8,-1,372,8,398,-1,398,8,7,-1,398,7,396,-1,396,7,587,-1,396,587,426,-1,18,20,186,-1,186,20,466,-1,186,466,369,-1,369,466,448,-1,369,448,432,-1,432,448,447,-1,432,447,439,-1,588,589,590,-1,590,589,591,-1,592,593,594,-1,594,593,595,-1,596,597,598,-1,598,597,599,-1,600,601,598,-1,598,601,602,-1,598,602,596,-1,599,603,598,-1,598,603,604,-1,598,604,605,-1,605,604,606,-1,605,606,607,-1,608,609,610,-1,610,609,611,-1,610,611,612,-1,612,611,613,-1,612,613,614,-1,614,613,615,-1,614,615,616,-1,616,615,617,-1,616,617,618,-1,618,617,619,-1,618,619,620,-1,620,619,621,-1,620,621,622,-1,622,621,623,-1,622,623,624,-1,624,623,625,-1,624,625,626,-1,626,625,627,-1,626,627,628,-1,628,627,629,-1,628,629,630,-1,630,629,631,-1,630,631,632,-1,632,631,633,-1,632,633,634,-1,634,633,635,-1,634,635,636,-1,636,635,637,-1,636,637,638,-1,638,637,639,-1,638,639,640,-1,640,639,641,-1,640,641,642,-1,642,641,643,-1,642,643,644,-1,644,643,645,-1,644,645,646,-1,646,645,647,-1,646,647,648,-1,648,647,649,-1,648,649,650,-1,650,649,651,-1,650,651,652,-1,652,651,653,-1,652,653,654,-1,654,653,655,-1,654,655,656,-1,656,655,657,-1,656,657,658,-1,658,657,659,-1,658,659,660,-1,660,659,661,-1,660,661,662,-1,662,661,663,-1,662,663,664,-1,664,663,665,-1,664,665,666,-1,666,665,667,-1,666,667,668,-1,668,667,669,-1,668,669,670,-1,670,669,671,-1,670,671,672,-1,672,671,673,-1,672,673,674,-1,674,673,675,-1,674,675,676,-1,676,675,677,-1,676,677,678,-1,678,677,679,-1,678,679,680,-1,680,679,681,-1,680,681,682,-1,682,681,683,-1,682,683,684,-1,684,683,685,-1,684,685,686,-1,686,685,687,-1,686,687,688,-1,688,687,689,-1,688,689,690,-1,690,689,691,-1,690,691,692,-1,692,691,693,-1,692,693,694,-1,694,693,695,-1,694,695,600,-1,600,695,601,-1,696,697,698,-1,698,697,699,-1,699,700,698,-1,698,700,701,-1,698,701,702,-1,702,703,698,-1,698,703,704,-1,698,704,705,-1,705,704,706,-1,705,706,707,-1,708,709,710,-1,710,709,711,-1,710,711,712,-1,712,711,713,-1,712,713,714,-1,714,713,715,-1,714,715,716,-1,716,715,717,-1,716,717,718,-1,718,717,719,-1,718,719,720,-1,720,719,721,-1,720,721,722,-1,722,721,723,-1,722,723,724,-1,724,723,725,-1,724,725,726,-1,726,725,727,-1,726,727,728,-1,728,727,729,-1,728,729,730,-1,730,729,731,-1,730,731,732,-1,732,731,733,-1,732,733,734,-1,734,733,735,-1,734,735,736,-1,736,735,737,-1,736,737,738,-1,738,737,739,-1,738,739,740,-1,740,739,741,-1,740,741,742,-1,742,741,743,-1,742,743,744,-1,744,743,745,-1,744,745,746,-1,746,745,747,-1,746,747,748,-1,748,747,749,-1,748,749,750,-1,750,749,751,-1,750,751,752,-1,752,751,753,-1,752,753,754,-1,754,753,755,-1,754,755,756,-1,756,755,757,-1,756,757,758,-1,758,757,759,-1,758,759,760,-1,760,759,761,-1,760,761,762,-1,762,761,763,-1,762,763,764,-1,764,763,765,-1,764,765,766,-1,766,765,767,-1,766,767,768,-1,768,767,769,-1,768,769,770,-1,770,769,771,-1,770,771,772,-1,772,771,773,-1,772,773,774,-1,774,773,775,-1,774,775,776,-1,776,775,777,-1,776,777,778,-1,778,777,779,-1,778,779,780,-1,780,779,781,-1,780,781,782,-1,782,781,783,-1,782,783,784,-1,784,783,785,-1,784,785,786,-1,786,785,787,-1,786,787,788,-1,788,787,789,-1,788,789,790,-1,790,789,791,-1,790,791,792,-1,792,791,793,-1,792,793,794,-1,794,793,795,-1,794,795,796,-1,796,795,797,-1,796,797,798,-1,798,797,799,-1,798,799,800,-1,800,799,801,-1,800,801,802,-1,802,801,803,-1,802,803,804,-1,804,803,805,-1,806,807,808,-1,808,807,809,-1,810,811,812,-1,812,811,813,-1,814,815,816,-1,816,815,817,-1,818,819,820,-1,820,819,821,-1,820,821,822,-1,823,824,818,-1,818,824,825,-1,818,825,826,-1,826,827,818,-1,818,827,828,-1,818,828,819,-1,822,829,820,-1,820,829,830,-1,820,830,831,-1,832,833,834,-1,831,835,820,-1,820,835,836,-1,820,836,837,-1,838,839,840,-1,840,839,841,-1,840,841,842,-1,843,844,818,-1,818,844,845,-1,842,846,840,-1,840,846,847,-1,840,847,818,-1,818,847,848,-1,818,848,843,-1,845,849,818,-1,818,849,850,-1,818,850,823,-1,837,851,820,-1,820,851,852,-1,820,852,853,-1,853,854,820,-1,820,854,855,-1,820,855,834,-1,834,855,856,-1,834,856,857,-1,857,858,834,-1,834,858,859,-1,834,859,860,-1,861,862,840,-1,840,862,863,-1,840,863,864,-1,864,865,840,-1,840,865,866,-1,840,866,838,-1,860,867,834,-1,834,867,868,-1,834,868,832,-1,833,869,834,-1,834,869,870,-1,834,870,840,-1,840,870,871,-1,840,871,861,-1,872,873,874,-1,874,873,875,-1,876,877,878,-1,879,880,881,-1,882,883,884,-1,883,885,884,-1,884,885,886,-1,884,886,887,-1,888,889,890,-1,891,892,881,-1,881,892,893,-1,893,894,881,-1,881,894,895,-1,881,895,878,-1,888,890,896,-1,872,882,873,-1,873,882,884,-1,873,884,881,-1,881,884,897,-1,881,897,891,-1,878,877,881,-1,881,877,898,-1,881,898,899,-1,899,900,881,-1,881,900,901,-1,881,901,879,-1,890,902,896,-1,896,902,903,-1,896,903,886,-1,886,903,904,-1,886,904,887,-1,876,878,905,-1,905,878,906,-1,905,906,907,-1,908,909,910,-1,910,909,911,-1,910,911,912,-1,913,914,915,-1,915,914,916,-1,915,916,910,-1,910,916,917,-1,917,918,910,-1,910,918,919,-1,910,919,920,-1,920,921,910,-1,910,921,922,-1,910,922,908,-1,912,923,910,-1,910,923,924,-1,910,924,925,-1,925,924,926,-1,925,926,927,-1,928,929,925,-1,925,929,930,-1,925,930,931,-1,931,932,925,-1,925,932,933,-1,925,933,934,-1,934,935,925,-1,925,935,936,-1,925,936,937,-1,937,936,938,-1,937,938,939,-1,927,940,925,-1,925,940,941,-1,925,941,928,-1,942,943,944,-1,945,946,947,-1,948,949,950,-1,950,949,951,-1,944,943,952,-1,952,943,953,-1,952,953,954,-1,951,955,950,-1,950,955,956,-1,950,956,957,-1,957,956,958,-1,957,958,959,-1,945,947,944,-1,944,947,960,-1,944,960,942,-1,961,962,963,-1,963,962,964,-1,963,964,965,-1,965,964,966,-1,965,966,967,-1,967,966,968,-1,967,968,969,-1,969,968,970,-1,969,970,971,-1,971,970,972,-1,971,972,973,-1,973,972,974,-1,973,974,975,-1,975,974,976,-1,975,976,977,-1,977,976,978,-1,977,978,979,-1,979,978,980,-1,979,980,981,-1,981,980,982,-1,981,982,983,-1,983,982,984,-1,983,984,985,-1,985,984,986,-1,985,986,987,-1,987,986,988,-1,987,988,989,-1,989,988,990,-1,989,990,991,-1,991,990,992,-1,991,992,993,-1,993,992,994,-1,993,994,995,-1,995,994,996,-1,995,996,945,-1,945,996,997,-1,945,997,946,-1,959,998,957,-1,957,998,999,-1,957,999,1000,-1,1000,999,1001,-1,1000,1001,1002,-1,1002,1001,1003,-1,1002,1003,1004,-1,1004,1003,1005,-1,1004,1005,1006,-1,1006,1005,1007,-1,1006,1007,1008,-1,1008,1007,1009,-1,1008,1009,1010,-1,1010,1009,1011,-1,1010,1011,1012,-1,1012,1011,1013,-1,1012,1013,1014,-1,1014,1013,1015,-1,1014,1015,1016,-1,1016,1015,1017,-1,1016,1017,961,-1,961,1017,1018,-1,961,1018,962,-1,1019,1020,1021,-1,1021,1020,1022,-1,1022,1020,1023,-1,1023,1020,1024,-1,1023,1024,1025,-1,1019,1026,1020,-1,1020,1026,1027,-1,1020,1027,608,-1,608,1027,1028,-1,608,1028,609,-1,1029,1030,1031,-1,1031,1030,1032,-1,1033,1034,1029,-1,1029,1034,1030,-1,1035,1036,1037,-1,1037,1036,1038,-1,1039,1040,1035,-1,1035,1040,1036,-1,1041,1042,1043,-1,1043,1042,1044,-1,1043,1044,1045,-1,1046,1047,1048,-1,1048,1047,1049,-1,1048,1049,1050,-1,1047,1051,1049,-1,1049,1051,1052,-1,1049,1052,1053,-1,1045,1054,1043,-1,1043,1054,1055,-1,1043,1055,1048,-1,1048,1055,1056,-1,1048,1056,1046,-1,1052,1057,1053,-1,1053,1057,1058,-1,1053,1058,1059,-1,1060,1061,1062,-1,1063,1064,1065,-1,1058,1066,1059,-1,1059,1066,1067,-1,1059,1067,1068,-1,1068,1067,1069,-1,1068,1069,1070,-1,1070,1069,1061,-1,1070,1061,1071,-1,1071,1061,1060,-1,1072,1073,1062,-1,1062,1073,1074,-1,1062,1074,1060,-1,1075,1076,1072,-1,1072,1076,1077,-1,1072,1077,1073,-1,1078,1079,1075,-1,1075,1079,1080,-1,1075,1080,1076,-1,1081,1082,1078,-1,1078,1082,1083,-1,1078,1083,1079,-1,1084,1085,1064,-1,1064,1085,1086,-1,1064,1086,1065,-1,1087,1088,1084,-1,1084,1088,1089,-1,1084,1089,1085,-1,1090,1091,1087,-1,1087,1091,1092,-1,1087,1092,1088,-1,1093,1094,1081,-1,1081,1094,1095,-1,1081,1095,1082,-1,1065,1096,1063,-1,1063,1096,1097,-1,1063,1097,1093,-1,1093,1097,1098,-1,1093,1098,1094,-1,1041,1043,1099,-1,1099,1043,1100,-1,1099,1100,1101,-1,1101,1102,1099,-1,1099,1102,1103,-1,1099,1103,1090,-1,1090,1103,1104,-1,1090,1104,1091,-1,1105,1106,1107,-1,1108,1109,1110,-1,1110,1109,1111,-1,1110,1111,1112,-1,1112,1111,1113,-1,1114,1115,1116,-1,1116,1115,1117,-1,1114,1118,1115,-1,1115,1118,1119,-1,1115,1119,1120,-1,1119,1121,1120,-1,1120,1121,1122,-1,1120,1122,1123,-1,1122,1124,1123,-1,1123,1124,1125,-1,1123,1125,1126,-1,1125,1127,1126,-1,1126,1127,1128,-1,1126,1128,1129,-1,1130,1131,1132,-1,1132,1131,1129,-1,1132,1129,1133,-1,1133,1129,1128,-1,1130,1134,1131,-1,1131,1134,1135,-1,1131,1135,1136,-1,1135,1137,1136,-1,1136,1137,1138,-1,1136,1138,1113,-1,1113,1138,1139,-1,1113,1139,1112,-1,1140,1141,1142,-1,1143,1144,1145,-1,1145,1144,1141,-1,1145,1141,1146,-1,1146,1141,1140,-1,1143,1147,1144,-1,1144,1147,1148,-1,1144,1148,1149,-1,1148,1150,1149,-1,1149,1150,1151,-1,1149,1151,1152,-1,1151,1153,1152,-1,1152,1153,1154,-1,1152,1154,1155,-1,1155,1154,1156,-1,1155,1156,1157,-1,1157,1156,1158,-1,1157,1158,1159,-1,1160,1161,1162,-1,1162,1161,1157,-1,1162,1157,1163,-1,1163,1157,1159,-1,1160,1164,1161,-1,1161,1164,1165,-1,1161,1165,1166,-1,1165,1167,1166,-1,1166,1167,1168,-1,1166,1168,1169,-1,1168,1170,1169,-1,1169,1170,1171,-1,1169,1171,1172,-1,1172,1171,1173,-1,1172,1173,1174,-1,1174,1173,1175,-1,1174,1175,1176,-1,1177,1178,1179,-1,1179,1178,1174,-1,1179,1174,1180,-1,1180,1174,1176,-1,1177,1181,1178,-1,1178,1181,1182,-1,1178,1182,1107,-1,1107,1182,1183,-1,1107,1183,1105,-1,1105,1183,1184,-1,1105,1184,1117,-1,1117,1184,1185,-1,1117,1185,1116,-1,1108,1110,1186,-1,1186,1110,1187,-1,1186,1187,1188,-1,1189,1190,1191,-1,1191,1190,1186,-1,1191,1186,1192,-1,1192,1186,1188,-1,1189,1193,1190,-1,1190,1193,1194,-1,1190,1194,1195,-1,1194,1196,1195,-1,1195,1196,1197,-1,1195,1197,1198,-1,1197,1199,1198,-1,1198,1199,1200,-1,1198,1200,1201,-1,1201,1200,1202,-1,1201,1202,1203,-1,1203,1202,1204,-1,1203,1204,1205,-1,1206,1207,1208,-1,1208,1207,1203,-1,1208,1203,1209,-1,1209,1203,1205,-1,1206,1210,1207,-1,1207,1210,1211,-1,1207,1211,1212,-1,1211,1213,1212,-1,1212,1213,1214,-1,1212,1214,1215,-1,1216,1217,1218,-1,1218,1217,1215,-1,1218,1215,1219,-1,1219,1215,1214,-1,1216,1220,1217,-1,1217,1220,1221,-1,1217,1221,1222,-1,1221,1223,1222,-1,1222,1223,1224,-1,1222,1224,1225,-1,1224,1226,1225,-1,1225,1226,1227,-1,1225,1227,1142,-1,1142,1227,1228,-1,1142,1228,1140,-1,1229,1222,1230,-1,1230,1222,1225,-1,1230,1225,1231,-1,1231,1225,1142,-1,1231,1142,1232,-1,1233,1212,1234,-1,1234,1212,1215,-1,1234,1215,1229,-1,1229,1215,1217,-1,1229,1217,1222,-1,1235,1106,1236,-1,1236,1106,1109,-1,1236,1109,1237,-1,1237,1109,1238,-1,1239,1201,1240,-1,1240,1201,1203,-1,1240,1203,1233,-1,1233,1203,1207,-1,1233,1207,1212,-1,1238,1109,1241,-1,1241,1109,1108,-1,1241,1108,1242,-1,1235,1243,1106,-1,1106,1243,1244,-1,1106,1244,1107,-1,1107,1244,1245,-1,1107,1245,1178,-1,1178,1245,1246,-1,1178,1246,1174,-1,1174,1246,1247,-1,1108,1186,1242,-1,1242,1186,1190,-1,1242,1190,1248,-1,1248,1190,1195,-1,1248,1195,1239,-1,1239,1195,1198,-1,1239,1198,1201,-1,1249,1166,1250,-1,1250,1166,1169,-1,1250,1169,1247,-1,1247,1169,1172,-1,1247,1172,1174,-1,1251,1155,1252,-1,1252,1155,1157,-1,1252,1157,1249,-1,1249,1157,1161,-1,1249,1161,1166,-1,1142,1141,1232,-1,1232,1141,1144,-1,1232,1144,1253,-1,1253,1144,1149,-1,1253,1149,1251,-1,1251,1149,1152,-1,1251,1152,1155,-1,1254,1231,1255,-1,1255,1231,1232,-1,1255,1232,1256,-1,1256,1232,1253,-1,1256,1253,1257,-1,1257,1253,1251,-1,1257,1251,1258,-1,1258,1251,1252,-1,1258,1252,1259,-1,1259,1252,1249,-1,1259,1249,1260,-1,1260,1249,1250,-1,1260,1250,1261,-1,1261,1250,1247,-1,1261,1247,1262,-1,1262,1247,1246,-1,1262,1246,1263,-1,1263,1246,1245,-1,1263,1245,1264,-1,1264,1245,1244,-1,1264,1244,1265,-1,1265,1244,1243,-1,1265,1243,1266,-1,1266,1243,1235,-1,1266,1235,1267,-1,1267,1235,1236,-1,1267,1236,1268,-1,1268,1236,1237,-1,1268,1237,1269,-1,1269,1237,1238,-1,1269,1238,1270,-1,1270,1238,1241,-1,1270,1241,1271,-1,1271,1241,1242,-1,1271,1242,1272,-1,1272,1242,1248,-1,1272,1248,1273,-1,1273,1248,1239,-1,1273,1239,1274,-1,1274,1239,1240,-1,1274,1240,1275,-1,1275,1240,1233,-1,1275,1233,1276,-1,1276,1233,1234,-1,1276,1234,1277,-1,1277,1234,1229,-1,1277,1229,1278,-1,1278,1229,1230,-1,1278,1230,1254,-1,1254,1230,1231,-1,1265,1266,1279,-1,1279,1266,1267,-1,1279,1267,1280,-1,1280,1267,1268,-1,1280,1268,1281,-1,1281,1268,1269,-1,1281,1269,1282,-1,1282,1269,1270,-1,1282,1270,1283,-1,1283,1270,1271,-1,1283,1271,1284,-1,1284,1271,1272,-1,1284,1272,1285,-1,1285,1272,1273,-1,1285,1273,1286,-1,1286,1273,1274,-1,1286,1274,1287,-1,1287,1274,1275,-1,1287,1275,1288,-1,1288,1275,1276,-1,1288,1276,1289,-1,1289,1276,1277,-1,1289,1277,1290,-1,1290,1277,1278,-1,1290,1278,1291,-1,1291,1278,1254,-1,1291,1254,1292,-1,1292,1254,1255,-1,1292,1255,1293,-1,1293,1255,1256,-1,1293,1256,1294,-1,1294,1256,1257,-1,1294,1257,1295,-1,1295,1257,1258,-1,1295,1258,1296,-1,1296,1258,1259,-1,1296,1259,1297,-1,1297,1259,1260,-1,1297,1260,1298,-1,1298,1260,1261,-1,1298,1261,1299,-1,1299,1261,1262,-1,1299,1262,1300,-1,1300,1262,1263,-1,1300,1263,1301,-1,1301,1263,1264,-1,1301,1264,1302,-1,1302,1264,1265,-1,1302,1265,1279,-1,1303,1291,1292,-1,1293,1304,1292,-1,1292,1304,1305,-1,1292,1305,1303,-1,1306,1307,1294,-1,1294,1307,1308,-1,1294,1308,1293,-1,1293,1308,1309,-1,1293,1309,1304,-1,1306,1294,1310,-1,1310,1294,1295,-1,1310,1295,1311,-1,1311,1295,1312,-1,1312,1295,1296,-1,1312,1296,1313,-1,1313,1296,1314,-1,1314,1296,1297,-1,1314,1297,1315,-1,1315,1297,1316,-1,1316,1297,1298,-1,1316,1298,1317,-1,1317,1298,1318,-1,1318,1298,1299,-1,1318,1299,1319,-1,1300,1320,1299,-1,1299,1320,1321,-1,1299,1321,1319,-1,1301,1322,1300,-1,1300,1322,1323,-1,1300,1323,1320,-1,1302,1324,1301,-1,1301,1324,1325,-1,1301,1325,1322,-1,1279,1326,1302,-1,1302,1326,1327,-1,1302,1327,1324,-1,1280,1328,1279,-1,1279,1328,1329,-1,1279,1329,1326,-1,1281,1330,1280,-1,1280,1330,1331,-1,1280,1331,1328,-1,1282,1332,1281,-1,1281,1332,1333,-1,1281,1333,1330,-1,1283,1334,1282,-1,1282,1334,1335,-1,1282,1335,1332,-1,1336,1337,1283,-1,1283,1337,1338,-1,1283,1338,1334,-1,1336,1283,1339,-1,1339,1283,1284,-1,1339,1284,1340,-1,1340,1284,1285,-1,1340,1285,1341,-1,1341,1285,1342,-1,1342,1285,1286,-1,1342,1286,1343,-1,1343,1286,1344,-1,1344,1286,1287,-1,1344,1287,1345,-1,1345,1287,1346,-1,1346,1287,1288,-1,1346,1288,1347,-1,1347,1288,1348,-1,1348,1288,1289,-1,1348,1289,1349,-1,1290,1350,1289,-1,1289,1350,1351,-1,1289,1351,1349,-1,1303,1352,1291,-1,1291,1352,1353,-1,1291,1353,1290,-1,1290,1353,1354,-1,1290,1354,1350,-1,1105,1117,1355,-1,1355,1117,1115,-1,1355,1115,1120,-1,1120,1123,1355,-1,1355,1123,1126,-1,1355,1126,1356,-1,1356,1126,1129,-1,1356,1129,1131,-1,1131,1136,1356,-1,1356,1136,1113,-1,1356,1113,1111,-1,1357,1358,1359,-1,1359,1358,1360,-1,1105,1355,1106,-1,1106,1355,1357,-1,1106,1357,1359,-1,1356,1358,1355,-1,1355,1358,1357,-1,1356,1111,1358,-1,1358,1111,1109,-1,1358,1109,1360,-1,1359,1360,1106,-1,1106,1360,1109,-1,808,1361,806,-1,806,1361,1362,-1,1361,1363,1362,-1,1362,1363,1364,-1,1362,1364,1365,-1,1364,1366,1365,-1,1365,1366,1367,-1,1365,1367,1368,-1,1367,1369,1368,-1,1368,1369,1370,-1,1368,1370,1371,-1,1370,1372,1371,-1,1371,1372,1373,-1,1371,1373,1374,-1,913,915,1375,-1,1375,915,1374,-1,1375,1374,1376,-1,1376,1374,1373,-1,915,910,1377,-1,915,1377,1378,-1,1378,1377,1379,-1,1378,1379,1380,-1,1380,1379,1381,-1,1380,1381,1382,-1,1382,1381,1383,-1,1382,1383,1384,-1,1384,1383,1385,-1,1384,1385,1386,-1,1386,1385,707,-1,1386,707,706,-1,706,704,1386,-1,1386,704,1387,-1,1386,1387,1384,-1,1384,1387,1388,-1,1384,1388,1382,-1,1382,1388,1389,-1,1382,1389,1380,-1,1380,1389,1390,-1,1380,1390,1378,-1,1378,1390,1391,-1,1378,1391,915,-1,915,1391,1374,-1,704,703,1387,-1,1387,703,1392,-1,1387,1392,1388,-1,1388,1392,1393,-1,1388,1393,1389,-1,1389,1393,1394,-1,1389,1394,1390,-1,1390,1394,1395,-1,1390,1395,1391,-1,1391,1395,1396,-1,1391,1396,1374,-1,1374,1396,1371,-1,703,702,1392,-1,1392,702,1397,-1,1392,1397,1393,-1,1393,1397,1398,-1,1393,1398,1394,-1,1394,1398,1399,-1,1394,1399,1395,-1,1395,1399,1400,-1,1395,1400,1396,-1,1396,1400,1401,-1,1396,1401,1371,-1,1371,1401,1368,-1,702,701,1397,-1,1397,701,1402,-1,1397,1402,1398,-1,1398,1402,1403,-1,1398,1403,1399,-1,1399,1403,1404,-1,1399,1404,1400,-1,1400,1404,1405,-1,1400,1405,1401,-1,1401,1405,1406,-1,1401,1406,1368,-1,1368,1406,1365,-1,701,700,1402,-1,1402,700,1407,-1,1402,1407,1403,-1,1403,1407,1408,-1,1403,1408,1404,-1,1404,1408,1409,-1,1404,1409,1405,-1,1405,1409,1410,-1,1405,1410,1406,-1,1406,1410,1411,-1,1406,1411,1365,-1,1365,1411,1362,-1,700,699,1407,-1,1407,699,1412,-1,1407,1412,1408,-1,1408,1412,1413,-1,1408,1413,1409,-1,1409,1413,1414,-1,1409,1414,1410,-1,1410,1414,1415,-1,1410,1415,1411,-1,1411,1415,1416,-1,1411,1416,1362,-1,1362,1416,806,-1,1417,1418,1419,-1,1376,1373,1420,-1,1421,1422,1423,-1,1372,1370,1424,-1,1425,1426,1427,-1,1369,1367,1428,-1,1429,1430,1431,-1,1430,1429,808,-1,1432,808,1429,-1,808,1433,1361,-1,1375,1434,913,-1,913,1434,1435,-1,1435,1434,1436,-1,1436,1434,1437,-1,1436,1437,1438,-1,1438,1437,1439,-1,1438,1439,1440,-1,1440,1439,1441,-1,1440,1441,1442,-1,1442,1441,1443,-1,1443,1441,1444,-1,1443,1444,1445,-1,1445,1444,1446,-1,1446,1444,1419,-1,1446,1419,1447,-1,1447,1419,1418,-1,1447,1418,708,-1,1448,1449,1450,-1,1450,1449,1451,-1,1450,1451,1452,-1,1428,1367,1453,-1,1367,1366,1453,-1,1453,1366,1364,-1,1453,1364,1433,-1,1433,1364,1363,-1,1433,1363,1361,-1,1454,1448,1455,-1,1455,1448,1450,-1,1455,1450,1456,-1,1456,1450,1452,-1,1456,1452,1457,-1,808,1458,1430,-1,1430,1458,1459,-1,1430,1459,1431,-1,1431,1459,1460,-1,1431,1460,1461,-1,1432,1429,1462,-1,1462,1429,1431,-1,1462,1431,1463,-1,1463,1431,1461,-1,1463,1461,1464,-1,1451,808,1432,-1,1370,1369,1424,-1,1424,1369,1428,-1,1424,1428,1465,-1,1465,1454,1466,-1,1466,1454,1455,-1,1466,1455,1467,-1,1467,1455,1456,-1,1467,1456,1468,-1,1468,1456,1457,-1,1468,1457,1427,-1,1451,1432,1452,-1,1452,1432,1462,-1,1452,1462,1457,-1,1457,1462,1463,-1,1457,1463,1427,-1,1427,1463,1464,-1,1427,1464,1425,-1,1449,808,1451,-1,1465,1428,1454,-1,1454,1428,1453,-1,1454,1453,1448,-1,1448,1453,1433,-1,1448,1433,1449,-1,1449,1433,808,-1,1426,1421,1427,-1,1427,1421,1423,-1,1427,1423,1468,-1,1468,1423,1469,-1,1468,1469,1467,-1,1467,1469,1470,-1,1467,1470,1466,-1,1466,1470,1471,-1,1466,1471,1465,-1,1465,1471,1472,-1,1465,1472,1424,-1,1424,1472,1420,-1,1424,1420,1372,-1,1372,1420,1373,-1,1422,1417,1423,-1,1423,1417,1419,-1,1423,1419,1469,-1,1469,1419,1444,-1,1469,1444,1470,-1,1470,1444,1441,-1,1470,1441,1471,-1,1471,1441,1439,-1,1471,1439,1472,-1,1472,1439,1437,-1,1472,1437,1420,-1,1420,1437,1434,-1,1420,1434,1376,-1,1376,1434,1375,-1,910,1473,1474,-1,1475,1476,1477,-1,817,1478,1479,-1,1477,1476,817,-1,1480,817,1476,-1,1480,1476,1481,-1,1481,1476,1475,-1,1481,1475,1482,-1,1483,817,1480,-1,1484,1485,1486,-1,1486,1485,1479,-1,1486,1479,1487,-1,1487,1479,1478,-1,1487,1478,1488,-1,1483,1480,1489,-1,1489,1480,1481,-1,1489,1481,1490,-1,1490,1481,1482,-1,1490,1482,1491,-1,1492,1484,1493,-1,1493,1484,1486,-1,1493,1486,1494,-1,1494,1486,1487,-1,1494,1487,1495,-1,1495,1487,1488,-1,1495,1488,1496,-1,1497,1492,1498,-1,1498,1492,1493,-1,1498,1493,1499,-1,1499,1493,1494,-1,1499,1494,1500,-1,1500,1494,1495,-1,1500,1495,1501,-1,1501,1495,1496,-1,1501,1496,1502,-1,1473,1497,1474,-1,1474,1497,1498,-1,1474,1498,1503,-1,1503,1498,1499,-1,1503,1499,1504,-1,1504,1499,1500,-1,1504,1500,1505,-1,1505,1500,1501,-1,1505,1501,1506,-1,1506,1501,1502,-1,1506,1502,1507,-1,910,1474,1377,-1,1377,1474,1503,-1,1377,1503,1379,-1,1379,1503,1504,-1,1379,1504,1381,-1,1381,1504,1505,-1,1381,1505,1383,-1,1383,1505,1506,-1,1383,1506,1385,-1,1385,1506,1507,-1,1385,1507,707,-1,1485,817,1479,-1,1473,1491,1497,-1,1497,1491,1482,-1,1497,1482,1492,-1,1492,1482,1475,-1,1492,1475,1484,-1,1484,1475,1477,-1,1484,1477,1485,-1,1485,1477,817,-1,699,697,1508,-1,699,1508,1412,-1,1412,1508,1509,-1,1412,1509,1413,-1,1413,1509,1510,-1,1413,1510,1414,-1,1414,1510,1511,-1,1414,1511,1415,-1,1415,1511,1512,-1,1415,1512,1416,-1,1416,1512,807,-1,1416,807,806,-1,954,953,1513,-1,954,1513,1514,-1,1514,1513,1515,-1,1514,1515,1516,-1,1516,1515,1517,-1,1516,1517,1518,-1,1518,1517,1519,-1,1518,1519,1520,-1,1520,1519,1521,-1,1520,1521,1522,-1,1522,1521,809,-1,1522,809,807,-1,1458,808,809,-1,1458,809,1459,-1,1459,809,1523,-1,1459,1523,1460,-1,1460,1523,1461,-1,1461,1523,1524,-1,1461,1524,1464,-1,1464,1524,1425,-1,1425,1524,1525,-1,1425,1525,1426,-1,1426,1525,1526,-1,1426,1526,1421,-1,1421,1526,1422,-1,1422,1526,1527,-1,1422,1527,1417,-1,1417,1527,1418,-1,1418,1527,709,-1,1418,709,708,-1,1528,939,938,-1,1435,1436,1529,-1,1530,1531,1532,-1,1440,1442,1533,-1,1534,1535,1536,-1,1445,1446,1537,-1,1538,1539,1540,-1,1447,708,710,-1,1447,710,1446,-1,1446,710,1537,-1,1537,710,712,-1,1537,712,1541,-1,712,714,1541,-1,1541,714,716,-1,1541,716,1542,-1,1542,716,718,-1,1542,718,1543,-1,718,720,1543,-1,1543,720,722,-1,1543,722,1544,-1,722,724,1544,-1,1544,724,726,-1,1544,726,1545,-1,1545,726,728,-1,1545,728,1546,-1,728,730,1546,-1,1546,730,732,-1,1546,732,1547,-1,732,734,1547,-1,1547,734,736,-1,1547,736,1548,-1,1548,736,738,-1,1548,738,1549,-1,738,740,1549,-1,1549,740,742,-1,1549,742,1550,-1,742,744,1550,-1,1550,744,746,-1,1550,746,1551,-1,1551,746,748,-1,1551,748,1552,-1,748,750,1552,-1,1552,750,752,-1,1552,752,1553,-1,752,754,1553,-1,1553,754,756,-1,1553,756,1554,-1,1554,756,758,-1,1554,758,1555,-1,758,760,1555,-1,1555,760,762,-1,1555,762,1556,-1,762,764,1556,-1,1556,764,766,-1,1556,766,1557,-1,766,768,1557,-1,1557,768,770,-1,1557,770,1558,-1,1558,770,772,-1,1558,772,1559,-1,772,774,1559,-1,1559,774,776,-1,1559,776,1560,-1,776,778,1560,-1,1560,778,780,-1,1560,780,1561,-1,1561,780,782,-1,1561,782,1562,-1,782,784,1562,-1,1562,784,786,-1,1562,786,1563,-1,786,788,1563,-1,1563,788,790,-1,1563,790,1564,-1,1564,790,792,-1,1564,792,1565,-1,792,794,1565,-1,1565,794,796,-1,1565,796,1566,-1,804,1538,802,-1,802,1538,1540,-1,802,1540,800,-1,800,1540,1566,-1,800,1566,798,-1,798,1566,796,-1,1539,1534,1540,-1,1540,1534,1536,-1,1540,1536,1566,-1,1566,1536,1567,-1,1566,1567,1565,-1,1565,1567,1568,-1,1565,1568,1564,-1,1564,1568,1569,-1,1564,1569,1563,-1,1563,1569,1570,-1,1563,1570,1562,-1,1562,1570,1571,-1,1562,1571,1561,-1,1561,1571,1572,-1,1561,1572,1560,-1,1560,1572,1573,-1,1560,1573,1559,-1,1559,1573,1574,-1,1559,1574,1558,-1,1558,1574,1575,-1,1558,1575,1557,-1,1557,1575,1576,-1,1557,1576,1556,-1,1556,1576,1577,-1,1556,1577,1555,-1,1555,1577,1578,-1,1555,1578,1554,-1,1554,1578,1579,-1,1554,1579,1553,-1,1553,1579,1580,-1,1553,1580,1552,-1,1552,1580,1581,-1,1552,1581,1551,-1,1551,1581,1582,-1,1551,1582,1550,-1,1550,1582,1583,-1,1550,1583,1549,-1,1549,1583,1584,-1,1549,1584,1548,-1,1548,1584,1585,-1,1548,1585,1547,-1,1547,1585,1586,-1,1547,1586,1546,-1,1546,1586,1587,-1,1546,1587,1545,-1,1545,1587,1588,-1,1545,1588,1544,-1,1544,1588,1589,-1,1544,1589,1543,-1,1543,1589,1590,-1,1543,1590,1542,-1,1542,1590,1591,-1,1542,1591,1541,-1,1541,1591,1592,-1,1541,1592,1537,-1,1537,1592,1593,-1,1537,1593,1445,-1,1445,1593,1443,-1,1535,1594,1536,-1,1536,1594,1595,-1,1536,1595,1567,-1,1567,1595,1596,-1,1567,1596,1568,-1,1568,1596,1597,-1,1568,1597,1569,-1,1569,1597,1598,-1,1569,1598,1570,-1,1570,1598,1599,-1,1570,1599,1571,-1,1571,1599,1600,-1,1571,1600,1572,-1,1572,1600,1601,-1,1572,1601,1573,-1,1573,1601,1602,-1,1573,1602,1574,-1,1574,1602,1603,-1,1574,1603,1575,-1,1575,1603,1604,-1,1575,1604,1576,-1,1576,1604,1605,-1,1576,1605,1577,-1,1577,1605,1606,-1,1577,1606,1578,-1,1578,1606,1607,-1,1578,1607,1579,-1,1579,1607,1608,-1,1579,1608,1580,-1,1580,1608,1609,-1,1580,1609,1581,-1,1581,1609,1610,-1,1581,1610,1582,-1,1582,1610,1611,-1,1582,1611,1583,-1,1583,1611,1612,-1,1583,1612,1584,-1,1584,1612,1613,-1,1584,1613,1585,-1,1585,1613,1614,-1,1585,1614,1586,-1,1586,1614,1615,-1,1586,1615,1587,-1,1587,1615,1616,-1,1587,1616,1588,-1,1588,1616,1617,-1,1588,1617,1589,-1,1589,1617,1618,-1,1589,1618,1590,-1,1590,1618,1619,-1,1590,1619,1591,-1,1591,1619,1620,-1,1591,1620,1592,-1,1592,1620,1621,-1,1592,1621,1593,-1,1593,1621,1533,-1,1593,1533,1443,-1,1443,1533,1442,-1,1594,1530,1595,-1,1595,1530,1532,-1,1595,1532,1596,-1,1596,1532,1622,-1,1596,1622,1597,-1,1597,1622,1623,-1,1597,1623,1598,-1,1598,1623,1624,-1,1598,1624,1599,-1,1599,1624,1625,-1,1599,1625,1600,-1,1600,1625,1626,-1,1600,1626,1601,-1,1601,1626,1627,-1,1601,1627,1602,-1,1602,1627,1628,-1,1602,1628,1603,-1,1603,1628,1629,-1,1603,1629,1604,-1,1604,1629,1630,-1,1604,1630,1605,-1,1605,1630,1631,-1,1605,1631,1606,-1,1606,1631,1632,-1,1606,1632,1607,-1,1607,1632,1633,-1,1607,1633,1608,-1,1608,1633,1634,-1,1608,1634,1609,-1,1609,1634,1635,-1,1609,1635,1610,-1,1610,1635,1636,-1,1610,1636,1611,-1,1611,1636,1637,-1,1611,1637,1612,-1,1612,1637,1638,-1,1612,1638,1613,-1,1613,1638,1639,-1,1613,1639,1614,-1,1614,1639,1640,-1,1614,1640,1615,-1,1615,1640,1641,-1,1615,1641,1616,-1,1616,1641,1642,-1,1616,1642,1617,-1,1617,1642,1643,-1,1617,1643,1618,-1,1618,1643,1644,-1,1618,1644,1619,-1,1619,1644,1645,-1,1619,1645,1620,-1,1620,1645,1646,-1,1620,1646,1621,-1,1621,1646,1647,-1,1621,1647,1533,-1,1533,1647,1648,-1,1533,1648,1440,-1,1440,1648,1438,-1,1531,1649,1532,-1,1532,1649,1650,-1,1532,1650,1622,-1,1622,1650,1651,-1,1622,1651,1623,-1,1623,1651,1652,-1,1623,1652,1624,-1,1624,1652,1653,-1,1624,1653,1625,-1,1625,1653,1654,-1,1625,1654,1626,-1,1626,1654,1655,-1,1626,1655,1627,-1,1627,1655,1656,-1,1627,1656,1628,-1,1628,1656,1657,-1,1628,1657,1629,-1,1629,1657,1658,-1,1629,1658,1630,-1,1630,1658,1659,-1,1630,1659,1631,-1,1631,1659,1660,-1,1631,1660,1632,-1,1632,1660,1661,-1,1632,1661,1633,-1,1633,1661,1662,-1,1633,1662,1634,-1,1634,1662,1663,-1,1634,1663,1635,-1,1635,1663,1664,-1,1635,1664,1636,-1,1636,1664,1665,-1,1636,1665,1637,-1,1637,1665,1666,-1,1637,1666,1638,-1,1638,1666,1667,-1,1638,1667,1639,-1,1639,1667,1668,-1,1639,1668,1640,-1,1640,1668,1669,-1,1640,1669,1641,-1,1641,1669,1670,-1,1641,1670,1642,-1,1642,1670,1671,-1,1642,1671,1643,-1,1643,1671,1672,-1,1643,1672,1644,-1,1644,1672,1673,-1,1644,1673,1645,-1,1645,1673,1674,-1,1645,1674,1646,-1,1646,1674,1675,-1,1646,1675,1647,-1,1647,1675,1676,-1,1647,1676,1648,-1,1648,1676,1529,-1,1648,1529,1438,-1,1438,1529,1436,-1,1649,1528,1650,-1,1650,1528,938,-1,1650,938,1651,-1,1651,938,936,-1,1651,936,1652,-1,1652,936,935,-1,1652,935,1653,-1,1653,935,934,-1,1653,934,1654,-1,1654,934,933,-1,1654,933,1655,-1,1655,933,932,-1,1655,932,1656,-1,1656,932,931,-1,1656,931,1657,-1,1657,931,930,-1,1657,930,1658,-1,1658,930,929,-1,1658,929,1659,-1,1659,929,928,-1,1659,928,1660,-1,1660,928,941,-1,1660,941,1661,-1,1661,941,940,-1,1661,940,1662,-1,1662,940,927,-1,1662,927,1663,-1,1663,927,926,-1,1663,926,1664,-1,1664,926,924,-1,1664,924,1665,-1,1665,924,923,-1,1665,923,1666,-1,1666,923,912,-1,1666,912,1667,-1,1667,912,911,-1,1667,911,1668,-1,1668,911,909,-1,1668,909,1669,-1,1669,909,908,-1,1669,908,1670,-1,1670,908,922,-1,1670,922,1671,-1,1671,922,921,-1,1671,921,1672,-1,1672,921,920,-1,1672,920,1673,-1,1673,920,919,-1,1673,919,1674,-1,1674,919,918,-1,1674,918,1675,-1,1675,918,917,-1,1675,917,1676,-1,1676,917,916,-1,1676,916,1529,-1,1529,916,914,-1,1529,914,1435,-1,1435,914,913,-1,816,817,1483,-1,816,1483,1677,-1,1677,1483,1489,-1,1677,1489,1678,-1,1678,1489,1490,-1,1678,1490,1679,-1,1679,1490,1491,-1,1679,1491,1680,-1,1680,1491,1473,-1,1680,1473,1681,-1,1681,1473,910,-1,1681,910,925,-1,817,815,1682,-1,817,1682,1478,-1,1478,1682,1683,-1,1478,1683,1488,-1,1488,1683,1684,-1,1488,1684,1496,-1,1496,1684,1685,-1,1496,1685,1502,-1,1502,1685,1686,-1,1502,1686,1507,-1,1507,1686,705,-1,1507,705,707,-1,954,1514,1687,-1,1688,1689,1690,-1,807,1512,1691,-1,1690,1689,807,-1,1692,807,1689,-1,1692,1689,1693,-1,1693,1689,1688,-1,1693,1688,1694,-1,1522,807,1692,-1,1695,1696,1697,-1,1697,1696,1691,-1,1697,1691,1698,-1,1698,1691,1512,-1,1698,1512,1511,-1,1522,1692,1520,-1,1520,1692,1693,-1,1520,1693,1518,-1,1518,1693,1694,-1,1518,1694,1516,-1,1699,1695,1700,-1,1700,1695,1697,-1,1700,1697,1701,-1,1701,1697,1698,-1,1701,1698,1702,-1,1702,1698,1511,-1,1702,1511,1510,-1,1703,1699,1704,-1,1704,1699,1700,-1,1704,1700,1705,-1,1705,1700,1701,-1,1705,1701,1706,-1,1706,1701,1702,-1,1706,1702,1707,-1,1707,1702,1510,-1,1707,1510,1509,-1,1514,1703,1687,-1,1687,1703,1704,-1,1687,1704,1708,-1,1708,1704,1705,-1,1708,1705,1709,-1,1709,1705,1706,-1,1709,1706,1710,-1,1710,1706,1707,-1,1710,1707,1711,-1,1711,1707,1509,-1,1711,1509,1508,-1,954,1687,1712,-1,1712,1687,1708,-1,1712,1708,1713,-1,1713,1708,1709,-1,1713,1709,1714,-1,1714,1709,1710,-1,1714,1710,1715,-1,1715,1710,1711,-1,1715,1711,1716,-1,1716,1711,1508,-1,1716,1508,697,-1,1696,807,1691,-1,1514,1516,1703,-1,1703,1516,1694,-1,1703,1694,1699,-1,1699,1694,1688,-1,1699,1688,1695,-1,1695,1688,1690,-1,1695,1690,1696,-1,1696,1690,807,-1,709,1527,1717,-1,1717,1527,1718,-1,1717,1718,1719,-1,1719,1718,1720,-1,1720,1718,1721,-1,1720,1721,1722,-1,1722,1721,1723,-1,1722,1723,1724,-1,1724,1723,1725,-1,1724,1725,1726,-1,1726,1725,1727,-1,1726,1727,1728,-1,1728,1727,946,-1,1728,946,997,-1,1527,1526,1718,-1,1718,1526,1729,-1,1718,1729,1721,-1,1721,1729,1730,-1,1721,1730,1723,-1,1723,1730,1731,-1,1723,1731,1725,-1,1725,1731,1732,-1,1725,1732,1727,-1,1727,1732,1733,-1,1727,1733,946,-1,946,1733,947,-1,1526,1525,1729,-1,1729,1525,1734,-1,1729,1734,1730,-1,1730,1734,1735,-1,1730,1735,1731,-1,1731,1735,1736,-1,1731,1736,1732,-1,1732,1736,1737,-1,1732,1737,1733,-1,1733,1737,1738,-1,1733,1738,947,-1,947,1738,960,-1,1525,1524,1734,-1,1734,1524,1739,-1,1734,1739,1735,-1,1735,1739,1740,-1,1735,1740,1736,-1,1736,1740,1741,-1,1736,1741,1737,-1,1737,1741,1742,-1,1737,1742,1738,-1,1738,1742,1743,-1,1738,1743,960,-1,960,1743,942,-1,1524,1523,1739,-1,1739,1523,1744,-1,1739,1744,1740,-1,1740,1744,1745,-1,1740,1745,1741,-1,1741,1745,1746,-1,1741,1746,1742,-1,1742,1746,1747,-1,1742,1747,1743,-1,1743,1747,1748,-1,1743,1748,942,-1,942,1748,943,-1,1523,809,1744,-1,1744,809,1521,-1,1744,1521,1745,-1,1745,1521,1519,-1,1745,1519,1746,-1,1746,1519,1517,-1,1746,1517,1747,-1,1747,1517,1515,-1,1747,1515,1748,-1,1748,1515,1513,-1,1748,1513,943,-1,943,1513,953,-1,1749,1750,1751,-1,1752,1753,1754,-1,1755,1756,1757,-1,1758,1759,1760,-1,1761,1762,1763,-1,1764,1765,1766,-1,1767,1768,1769,-1,1768,1767,810,-1,1770,810,1767,-1,810,1771,1772,-1,1773,1774,804,-1,804,1774,1538,-1,1538,1774,1539,-1,1539,1774,1775,-1,1539,1775,1534,-1,1534,1775,1535,-1,1535,1775,1776,-1,1535,1776,1594,-1,1594,1776,1777,-1,1594,1777,1530,-1,1530,1777,1778,-1,1530,1778,1531,-1,1531,1778,1649,-1,1649,1778,1751,-1,1649,1751,1528,-1,1528,1751,1750,-1,1528,1750,939,-1,1779,1780,1781,-1,1781,1780,1782,-1,1781,1782,1783,-1,1766,1765,1784,-1,1765,1785,1784,-1,1784,1785,1786,-1,1784,1786,1771,-1,1771,1786,1787,-1,1771,1787,1772,-1,1788,1779,1789,-1,1789,1779,1781,-1,1789,1781,1790,-1,1790,1781,1783,-1,1790,1783,1791,-1,810,1792,1768,-1,1768,1792,1793,-1,1768,1793,1769,-1,1769,1793,1794,-1,1769,1794,1795,-1,1770,1767,1796,-1,1796,1767,1769,-1,1796,1769,1797,-1,1797,1769,1795,-1,1797,1795,1798,-1,1782,810,1770,-1,1759,1764,1760,-1,1760,1764,1766,-1,1760,1766,1799,-1,1799,1788,1800,-1,1800,1788,1789,-1,1800,1789,1801,-1,1801,1789,1790,-1,1801,1790,1802,-1,1802,1790,1791,-1,1802,1791,1763,-1,1782,1770,1783,-1,1783,1770,1796,-1,1783,1796,1791,-1,1791,1796,1797,-1,1791,1797,1763,-1,1763,1797,1798,-1,1763,1798,1761,-1,1780,810,1782,-1,1799,1766,1788,-1,1788,1766,1784,-1,1788,1784,1779,-1,1779,1784,1771,-1,1779,1771,1780,-1,1780,1771,810,-1,1762,1755,1763,-1,1763,1755,1757,-1,1763,1757,1802,-1,1802,1757,1803,-1,1802,1803,1801,-1,1801,1803,1804,-1,1801,1804,1800,-1,1800,1804,1805,-1,1800,1805,1799,-1,1799,1805,1806,-1,1799,1806,1760,-1,1760,1806,1754,-1,1760,1754,1758,-1,1758,1754,1753,-1,1756,1749,1757,-1,1757,1749,1751,-1,1757,1751,1803,-1,1803,1751,1778,-1,1803,1778,1804,-1,1804,1778,1777,-1,1804,1777,1805,-1,1805,1777,1776,-1,1805,1776,1806,-1,1806,1776,1775,-1,1806,1775,1754,-1,1754,1775,1774,-1,1754,1774,1752,-1,1752,1774,1773,-1,385,1807,1808,-1,1809,1810,1811,-1,816,1677,1812,-1,1811,1810,816,-1,1813,816,1810,-1,1813,1810,1814,-1,1814,1810,1809,-1,1814,1809,1815,-1,1816,816,1813,-1,1817,1818,1819,-1,1819,1818,1812,-1,1819,1812,1820,-1,1820,1812,1677,-1,1820,1677,1678,-1,1816,1813,1821,-1,1821,1813,1814,-1,1821,1814,1822,-1,1822,1814,1815,-1,1822,1815,1823,-1,1824,1817,1825,-1,1825,1817,1819,-1,1825,1819,1826,-1,1826,1819,1820,-1,1826,1820,1827,-1,1827,1820,1678,-1,1827,1678,1679,-1,1828,1824,1829,-1,1829,1824,1825,-1,1829,1825,1830,-1,1830,1825,1826,-1,1830,1826,1831,-1,1831,1826,1827,-1,1831,1827,1832,-1,1832,1827,1679,-1,1832,1679,1680,-1,1807,1828,1808,-1,1808,1828,1829,-1,1808,1829,1833,-1,1833,1829,1830,-1,1833,1830,1834,-1,1834,1830,1831,-1,1834,1831,1835,-1,1835,1831,1832,-1,1835,1832,1836,-1,1836,1832,1680,-1,1836,1680,1681,-1,385,1808,1837,-1,1837,1808,1833,-1,1837,1833,1838,-1,1838,1833,1834,-1,1838,1834,1839,-1,1839,1834,1835,-1,1839,1835,1840,-1,1840,1835,1836,-1,1840,1836,1841,-1,1841,1836,1681,-1,1841,1681,925,-1,1818,816,1812,-1,1807,1823,1828,-1,1828,1823,1815,-1,1828,1815,1824,-1,1824,1815,1809,-1,1824,1809,1817,-1,1817,1809,1811,-1,1817,1811,1818,-1,1818,1811,816,-1,705,1686,1842,-1,1843,1844,1845,-1,815,1846,1847,-1,1845,1844,815,-1,1848,815,1844,-1,1848,1844,1849,-1,1849,1844,1843,-1,1849,1843,1850,-1,1682,815,1848,-1,1851,1852,1853,-1,1853,1852,1847,-1,1853,1847,1854,-1,1854,1847,1846,-1,1854,1846,1855,-1,1682,1848,1683,-1,1683,1848,1849,-1,1683,1849,1684,-1,1684,1849,1850,-1,1684,1850,1685,-1,1856,1851,1857,-1,1857,1851,1853,-1,1857,1853,1858,-1,1858,1853,1854,-1,1858,1854,1859,-1,1859,1854,1855,-1,1859,1855,1860,-1,1861,1856,1862,-1,1862,1856,1857,-1,1862,1857,1863,-1,1863,1857,1858,-1,1863,1858,1864,-1,1864,1858,1859,-1,1864,1859,1865,-1,1865,1859,1860,-1,1865,1860,1866,-1,1686,1861,1842,-1,1842,1861,1862,-1,1842,1862,1867,-1,1867,1862,1863,-1,1867,1863,1868,-1,1868,1863,1864,-1,1868,1864,1869,-1,1869,1864,1865,-1,1869,1865,1870,-1,1870,1865,1866,-1,1870,1866,1871,-1,705,1842,1872,-1,1872,1842,1867,-1,1872,1867,1873,-1,1873,1867,1868,-1,1873,1868,1874,-1,1874,1868,1869,-1,1874,1869,1875,-1,1875,1869,1870,-1,1875,1870,1876,-1,1876,1870,1871,-1,1876,1871,820,-1,1852,815,1847,-1,1686,1685,1861,-1,1861,1685,1850,-1,1861,1850,1856,-1,1856,1850,1843,-1,1856,1843,1851,-1,1851,1843,1845,-1,1851,1845,1852,-1,1852,1845,815,-1,697,696,1877,-1,697,1877,1716,-1,1716,1877,1878,-1,1716,1878,1715,-1,1715,1878,1879,-1,1715,1879,1714,-1,1714,1879,1880,-1,1714,1880,1713,-1,1713,1880,1881,-1,1713,1881,1712,-1,1712,1881,952,-1,1712,952,954,-1,801,799,1882,-1,797,795,1883,-1,791,789,1884,-1,787,785,1885,-1,781,779,1886,-1,777,775,1887,-1,771,769,1888,-1,767,765,1889,-1,761,759,1890,-1,757,755,1891,-1,747,745,1892,-1,743,741,1893,-1,737,735,1894,-1,733,731,1895,-1,727,725,1896,-1,723,721,1897,-1,717,715,1898,-1,713,711,1899,-1,1900,1001,999,-1,999,1901,1900,-1,1900,1901,1902,-1,1900,1902,1903,-1,1903,1902,1904,-1,1903,1904,1905,-1,997,996,1728,-1,1728,996,1906,-1,1728,1906,1726,-1,1726,1906,1907,-1,1726,1907,1724,-1,1724,1907,1908,-1,1724,1908,1722,-1,1722,1908,1909,-1,1722,1909,1910,-1,1904,1911,1905,-1,1905,1911,1912,-1,1905,1912,1913,-1,1913,1912,1914,-1,1913,1914,1915,-1,1899,1719,1910,-1,1910,1719,1720,-1,1910,1720,1722,-1,972,970,1916,-1,1916,970,1917,-1,1916,1917,1918,-1,1918,1917,1919,-1,1918,1919,1920,-1,1920,1919,1921,-1,1920,1921,1922,-1,1922,1921,1923,-1,1922,1923,1924,-1,1924,1923,1925,-1,1924,1925,1926,-1,1926,1925,1891,-1,711,709,1899,-1,1899,709,1717,-1,1899,1717,1719,-1,996,994,1906,-1,1906,994,1927,-1,1906,1927,1907,-1,1907,1927,1928,-1,1907,1928,1908,-1,1908,1928,1929,-1,1908,1929,1909,-1,1909,1929,1930,-1,1909,1930,1910,-1,1910,1930,1931,-1,1910,1931,1899,-1,1899,1931,1898,-1,1899,1898,713,-1,713,1898,715,-1,719,717,1932,-1,1932,717,1898,-1,1932,1898,1933,-1,1933,1898,1931,-1,1933,1931,1934,-1,1934,1931,1930,-1,1934,1930,1935,-1,1935,1930,1929,-1,1935,1929,1936,-1,1936,1929,1928,-1,1936,1928,1937,-1,1937,1928,1927,-1,1937,1927,992,-1,992,1927,994,-1,992,990,1937,-1,1937,990,1938,-1,1937,1938,1936,-1,1936,1938,1939,-1,1936,1939,1935,-1,1935,1939,1940,-1,1935,1940,1934,-1,1934,1940,1941,-1,1934,1941,1933,-1,1933,1941,1942,-1,1933,1942,1932,-1,1932,1942,1897,-1,1932,1897,719,-1,719,1897,721,-1,990,988,1938,-1,1938,988,1943,-1,1938,1943,1939,-1,1939,1943,1944,-1,1939,1944,1940,-1,1940,1944,1945,-1,1940,1945,1941,-1,1941,1945,1946,-1,1941,1946,1942,-1,1942,1946,1947,-1,1942,1947,1897,-1,1897,1947,1896,-1,1897,1896,723,-1,723,1896,725,-1,729,727,1948,-1,1948,727,1896,-1,1948,1896,1949,-1,1949,1896,1947,-1,1949,1947,1950,-1,1950,1947,1946,-1,1950,1946,1951,-1,1951,1946,1945,-1,1951,1945,1952,-1,1952,1945,1944,-1,1952,1944,1953,-1,1953,1944,1943,-1,1953,1943,986,-1,986,1943,988,-1,986,984,1953,-1,1953,984,1954,-1,1953,1954,1952,-1,1952,1954,1955,-1,1952,1955,1951,-1,1951,1955,1956,-1,1951,1956,1950,-1,1950,1956,1957,-1,1950,1957,1949,-1,1949,1957,1958,-1,1949,1958,1948,-1,1948,1958,1895,-1,1948,1895,729,-1,729,1895,731,-1,984,982,1954,-1,1954,982,1959,-1,1954,1959,1955,-1,1955,1959,1960,-1,1955,1960,1956,-1,1956,1960,1961,-1,1956,1961,1957,-1,1957,1961,1962,-1,1957,1962,1958,-1,1958,1962,1963,-1,1958,1963,1895,-1,1895,1963,1894,-1,1895,1894,733,-1,733,1894,735,-1,739,737,1964,-1,1964,737,1894,-1,1964,1894,1965,-1,1965,1894,1963,-1,1965,1963,1966,-1,1966,1963,1962,-1,1966,1962,1967,-1,1967,1962,1961,-1,1967,1961,1968,-1,1968,1961,1960,-1,1968,1960,1969,-1,1969,1960,1959,-1,1969,1959,980,-1,980,1959,982,-1,980,978,1969,-1,1969,978,1970,-1,1969,1970,1968,-1,1968,1970,1971,-1,1968,1971,1967,-1,1967,1971,1972,-1,1967,1972,1966,-1,1966,1972,1973,-1,1966,1973,1965,-1,1965,1973,1974,-1,1965,1974,1964,-1,1964,1974,1893,-1,1964,1893,739,-1,739,1893,741,-1,978,976,1970,-1,1970,976,1975,-1,1970,1975,1971,-1,1971,1975,1976,-1,1971,1976,1972,-1,1972,1976,1977,-1,1972,1977,1973,-1,1973,1977,1978,-1,1973,1978,1974,-1,1974,1978,1979,-1,1974,1979,1893,-1,1893,1979,1892,-1,1893,1892,743,-1,743,1892,745,-1,749,747,1980,-1,1980,747,1892,-1,1980,1892,1981,-1,1981,1892,1979,-1,1981,1979,1982,-1,1982,1979,1978,-1,1982,1978,1983,-1,1983,1978,1977,-1,1983,1977,1984,-1,1984,1977,1976,-1,1984,1976,1985,-1,1985,1976,1975,-1,1985,1975,974,-1,974,1975,976,-1,974,972,1985,-1,1985,972,1916,-1,1985,1916,1984,-1,1984,1916,1918,-1,1984,1918,1983,-1,1983,1918,1920,-1,1983,1920,1982,-1,1982,1920,1922,-1,1982,1922,1981,-1,1981,1922,1924,-1,1981,1924,1980,-1,1980,1924,1926,-1,1980,1926,749,-1,749,1926,751,-1,1891,755,1926,-1,1926,755,753,-1,1926,753,751,-1,970,968,1917,-1,1917,968,1986,-1,1917,1986,1919,-1,1919,1986,1987,-1,1919,1987,1921,-1,1921,1987,1988,-1,1921,1988,1923,-1,1923,1988,1989,-1,1923,1989,1925,-1,1925,1989,1990,-1,1925,1990,1891,-1,1891,1990,1890,-1,1891,1890,757,-1,757,1890,759,-1,763,761,1991,-1,1991,761,1890,-1,1991,1890,1992,-1,1992,1890,1990,-1,1992,1990,1993,-1,1993,1990,1989,-1,1993,1989,1994,-1,1994,1989,1988,-1,1994,1988,1995,-1,1995,1988,1987,-1,1995,1987,1996,-1,1996,1987,1986,-1,1996,1986,966,-1,966,1986,968,-1,966,964,1996,-1,1996,964,1997,-1,1996,1997,1995,-1,1995,1997,1998,-1,1995,1998,1994,-1,1994,1998,1999,-1,1994,1999,1993,-1,1993,1999,2000,-1,1993,2000,1992,-1,1992,2000,2001,-1,1992,2001,1991,-1,1991,2001,1889,-1,1991,1889,763,-1,763,1889,765,-1,964,962,1997,-1,1997,962,2002,-1,1997,2002,1998,-1,1998,2002,2003,-1,1998,2003,1999,-1,1999,2003,2004,-1,1999,2004,2000,-1,2000,2004,2005,-1,2000,2005,2001,-1,2001,2005,2006,-1,2001,2006,1889,-1,1889,2006,1888,-1,1889,1888,767,-1,767,1888,769,-1,773,771,2007,-1,2007,771,1888,-1,2007,1888,2008,-1,2008,1888,2006,-1,2008,2006,2009,-1,2009,2006,2005,-1,2009,2005,2010,-1,2010,2005,2004,-1,2010,2004,2011,-1,2011,2004,2003,-1,2011,2003,2012,-1,2012,2003,2002,-1,2012,2002,1018,-1,1018,2002,962,-1,1018,1017,2012,-1,2012,1017,2013,-1,2012,2013,2011,-1,2011,2013,2014,-1,2011,2014,2010,-1,2010,2014,2015,-1,2010,2015,2009,-1,2009,2015,2016,-1,2009,2016,2008,-1,2008,2016,2017,-1,2008,2017,2007,-1,2007,2017,1887,-1,2007,1887,773,-1,773,1887,775,-1,1017,1015,2013,-1,2013,1015,2018,-1,2013,2018,2014,-1,2014,2018,2019,-1,2014,2019,2015,-1,2015,2019,2020,-1,2015,2020,2016,-1,2016,2020,2021,-1,2016,2021,2017,-1,2017,2021,2022,-1,2017,2022,1887,-1,1887,2022,1886,-1,1887,1886,777,-1,777,1886,779,-1,783,781,2023,-1,2023,781,1886,-1,2023,1886,2024,-1,2024,1886,2022,-1,2024,2022,2025,-1,2025,2022,2021,-1,2025,2021,2026,-1,2026,2021,2020,-1,2026,2020,2027,-1,2027,2020,2019,-1,2027,2019,2028,-1,2028,2019,2018,-1,2028,2018,1013,-1,1013,2018,1015,-1,1013,1011,2028,-1,2028,1011,2029,-1,2028,2029,2027,-1,2027,2029,2030,-1,2027,2030,2026,-1,2026,2030,2031,-1,2026,2031,2025,-1,2025,2031,2032,-1,2025,2032,2024,-1,2024,2032,2033,-1,2024,2033,2023,-1,2023,2033,1885,-1,2023,1885,783,-1,783,1885,785,-1,1011,1009,2029,-1,2029,1009,2034,-1,2029,2034,2030,-1,2030,2034,2035,-1,2030,2035,2031,-1,2031,2035,2036,-1,2031,2036,2032,-1,2032,2036,2037,-1,2032,2037,2033,-1,2033,2037,2038,-1,2033,2038,1885,-1,1885,2038,1884,-1,1885,1884,787,-1,787,1884,789,-1,793,791,2039,-1,2039,791,1884,-1,2039,1884,2040,-1,2040,1884,2038,-1,2040,2038,2041,-1,2041,2038,2037,-1,2041,2037,2042,-1,2042,2037,2036,-1,2042,2036,2043,-1,2043,2036,2035,-1,2043,2035,2044,-1,2044,2035,2034,-1,2044,2034,1007,-1,1007,2034,1009,-1,1007,1005,2044,-1,2044,1005,2045,-1,2044,2045,2043,-1,2043,2045,2046,-1,2043,2046,2042,-1,2042,2046,2047,-1,2042,2047,2041,-1,2041,2047,2048,-1,2041,2048,2040,-1,2040,2048,2049,-1,2040,2049,2039,-1,2039,2049,1883,-1,2039,1883,793,-1,793,1883,795,-1,1005,1003,2045,-1,2045,1003,2050,-1,2045,2050,2046,-1,2046,2050,2051,-1,2046,2051,2047,-1,2047,2051,2052,-1,2047,2052,2048,-1,2048,2052,2053,-1,2048,2053,2049,-1,2049,2053,2054,-1,2049,2054,1883,-1,1883,2054,1882,-1,1883,1882,797,-1,797,1882,799,-1,803,801,2055,-1,2055,801,1882,-1,2055,1882,1915,-1,1915,1882,2054,-1,1915,2054,1913,-1,1913,2054,2053,-1,1913,2053,1905,-1,1905,2053,2052,-1,1905,2052,1903,-1,1903,2052,2051,-1,1903,2051,1900,-1,1900,2051,2050,-1,1900,2050,1001,-1,1001,2050,1003,-1,1914,2056,1915,-1,1915,2056,2057,-1,1915,2057,2055,-1,2055,2057,2058,-1,2055,2058,803,-1,803,2058,805,-1,1773,804,805,-1,1773,805,1752,-1,1752,805,2059,-1,1752,2059,1753,-1,1753,2059,1758,-1,1758,2059,2060,-1,1758,2060,1759,-1,1759,2060,1764,-1,1764,2060,2061,-1,1764,2061,1765,-1,1765,2061,2062,-1,1765,2062,1785,-1,1785,2062,1786,-1,1786,2062,2063,-1,1786,2063,1787,-1,1787,2063,1772,-1,1772,2063,811,-1,1772,811,810,-1,810,812,1792,-1,1792,812,2064,-1,1792,2064,1793,-1,1793,2064,1794,-1,1794,2064,2065,-1,1794,2065,1795,-1,1795,2065,1798,-1,1798,2065,2066,-1,1798,2066,1761,-1,1761,2066,1762,-1,1762,2066,2067,-1,1762,2067,1755,-1,1755,2067,1756,-1,1756,2067,2068,-1,1756,2068,1749,-1,1749,2068,1750,-1,1750,2068,937,-1,1750,937,939,-1,937,2069,925,-1,925,2069,1841,-1,2069,2070,1841,-1,1841,2070,2071,-1,1841,2071,1840,-1,2071,2072,1840,-1,1840,2072,2073,-1,1840,2073,1839,-1,1839,2073,2074,-1,1839,2074,1838,-1,2074,2075,1838,-1,1838,2075,2076,-1,1838,2076,1837,-1,2076,2077,1837,-1,1837,2077,2078,-1,1837,2078,385,-1,385,2078,2079,-1,385,2079,375,-1,814,816,1816,-1,814,1816,2080,-1,2080,1816,1821,-1,2080,1821,2081,-1,2081,1821,1822,-1,2081,1822,2082,-1,2082,1822,1823,-1,2082,1823,2083,-1,2083,1823,1807,-1,2083,1807,2084,-1,2084,1807,385,-1,2084,385,511,-1,815,814,2085,-1,815,2085,1846,-1,1846,2085,2086,-1,1846,2086,1855,-1,1855,2086,2087,-1,1855,2087,1860,-1,1860,2087,2088,-1,1860,2088,1866,-1,1866,2088,2089,-1,1866,2089,1871,-1,1871,2089,818,-1,1871,818,820,-1,820,834,2090,-1,820,2090,1876,-1,1876,2090,2091,-1,1876,2091,1875,-1,1875,2091,2092,-1,1875,2092,1874,-1,1874,2092,2093,-1,1874,2093,1873,-1,1873,2093,2094,-1,1873,2094,1872,-1,1872,2094,698,-1,1872,698,705,-1,881,880,2095,-1,881,2095,2096,-1,2096,2095,2097,-1,2096,2097,2098,-1,2098,2097,2099,-1,2098,2099,2100,-1,2100,2099,2101,-1,2100,2101,2102,-1,2102,2101,2103,-1,2102,2103,2104,-1,2104,2103,696,-1,2104,696,698,-1,1881,1880,2105,-1,2105,1880,2106,-1,2105,2106,2107,-1,2107,2106,2108,-1,2107,2108,2109,-1,2109,2108,2110,-1,2109,2110,2111,-1,2111,2110,2112,-1,2111,2112,2113,-1,2113,2112,2114,-1,2113,2114,880,-1,1880,1879,2106,-1,2106,1879,2115,-1,2106,2115,2108,-1,2108,2115,2116,-1,2108,2116,2110,-1,2110,2116,2117,-1,2110,2117,2112,-1,2112,2117,2118,-1,2112,2118,2114,-1,2114,2118,2119,-1,2114,2119,880,-1,952,1881,2120,-1,2120,1881,2105,-1,2120,2105,2121,-1,2121,2105,2107,-1,2121,2107,2122,-1,2122,2107,2109,-1,2122,2109,2123,-1,2123,2109,2111,-1,2123,2111,2124,-1,2124,2111,2113,-1,2124,2113,880,-1,1878,1877,2125,-1,2125,1877,2126,-1,2125,2126,2127,-1,2127,2126,2128,-1,2127,2128,2129,-1,2129,2128,2130,-1,2129,2130,2131,-1,2131,2130,2132,-1,2131,2132,2133,-1,2133,2132,2134,-1,2133,2134,880,-1,1877,696,2126,-1,2126,696,2103,-1,2126,2103,2128,-1,2128,2103,2101,-1,2128,2101,2130,-1,2130,2101,2099,-1,2130,2099,2132,-1,2132,2099,2097,-1,2132,2097,2134,-1,2134,2097,2095,-1,2134,2095,880,-1,1879,1878,2115,-1,2115,1878,2125,-1,2115,2125,2116,-1,2116,2125,2127,-1,2116,2127,2117,-1,2117,2127,2129,-1,2117,2129,2118,-1,2118,2129,2131,-1,2118,2131,2119,-1,2119,2131,2133,-1,2119,2133,880,-1,951,2135,2136,-1,2137,1904,1902,-1,2135,2138,2139,-1,1904,2137,1911,-1,2138,2140,2141,-1,2140,2142,2143,-1,2144,2057,2056,-1,2142,2145,2146,-1,2057,2144,2058,-1,2145,811,2063,-1,2145,2063,2146,-1,2146,2063,2062,-1,2146,2062,2147,-1,2147,2062,2061,-1,2147,2061,2148,-1,2148,2061,2060,-1,2148,2060,2149,-1,2149,2060,2059,-1,2149,2059,2144,-1,2144,2059,805,-1,2144,805,2058,-1,2140,2143,2141,-1,2141,2143,2150,-1,2141,2150,2151,-1,2151,2150,2152,-1,2151,2152,2153,-1,2153,2152,2154,-1,2153,2154,2155,-1,2155,2154,2156,-1,2155,2156,2157,-1,2142,2146,2143,-1,2143,2146,2147,-1,2143,2147,2150,-1,2150,2147,2148,-1,2150,2148,2152,-1,2152,2148,2149,-1,2152,2149,2154,-1,2154,2149,2144,-1,2154,2144,2156,-1,2156,2144,2056,-1,2156,2056,2157,-1,2157,2056,1914,-1,2157,1914,1912,-1,2138,2141,2139,-1,2139,2141,2151,-1,2139,2151,2158,-1,2158,2151,2153,-1,2158,2153,2159,-1,2159,2153,2155,-1,2159,2155,2160,-1,2160,2155,2157,-1,2160,2157,2137,-1,2137,2157,1912,-1,2137,1912,1911,-1,2135,2139,2136,-1,2136,2139,2158,-1,2136,2158,2161,-1,2161,2158,2159,-1,2161,2159,2162,-1,2162,2159,2160,-1,2162,2160,2163,-1,2163,2160,2137,-1,2163,2137,2164,-1,2164,2137,1902,-1,2164,1902,1901,-1,951,2136,955,-1,955,2136,2161,-1,955,2161,956,-1,956,2161,2162,-1,956,2162,958,-1,958,2162,2163,-1,958,2163,959,-1,959,2163,2164,-1,959,2164,998,-1,998,2164,1901,-1,998,1901,999,-1,2165,376,375,-1,382,381,2166,-1,2166,381,2167,-1,2166,2167,2168,-1,2168,2167,2169,-1,375,2079,2165,-1,2165,2079,2078,-1,2165,2078,2170,-1,2171,2172,2169,-1,2169,2172,2173,-1,2169,2173,2168,-1,2078,2077,2170,-1,2170,2077,2076,-1,2170,2076,2174,-1,2175,2176,2171,-1,2171,2176,2177,-1,2171,2177,2172,-1,2076,2075,2174,-1,2174,2075,2074,-1,2174,2074,2178,-1,2179,2180,2181,-1,2181,2180,2182,-1,2181,2182,2175,-1,2175,2182,2183,-1,2175,2183,2176,-1,381,380,2167,-1,2167,380,2184,-1,2167,2184,2169,-1,2169,2184,2185,-1,2169,2185,2171,-1,2171,2185,2186,-1,2171,2186,2175,-1,2175,2186,2187,-1,2175,2187,2181,-1,2181,2187,2188,-1,380,379,2184,-1,2184,379,2189,-1,2184,2189,2185,-1,2185,2189,2190,-1,2185,2190,2186,-1,2186,2190,2191,-1,2186,2191,2187,-1,2187,2191,2192,-1,2187,2192,2188,-1,2188,2192,2193,-1,379,378,2189,-1,2189,378,2194,-1,2189,2194,2190,-1,2190,2194,2195,-1,2190,2195,2191,-1,2191,2195,2196,-1,2191,2196,2192,-1,2192,2196,2197,-1,2192,2197,2193,-1,2193,2197,2198,-1,378,376,2194,-1,2194,376,2165,-1,2194,2165,2195,-1,2195,2165,2170,-1,2195,2170,2196,-1,2196,2170,2174,-1,2196,2174,2197,-1,2197,2174,2178,-1,2197,2178,2198,-1,2198,2178,2199,-1,812,2200,2201,-1,2201,2200,2179,-1,2074,2073,2178,-1,2178,2073,2072,-1,2178,2072,2199,-1,2199,2072,2071,-1,2199,2071,2070,-1,2179,2181,2201,-1,2201,2181,2188,-1,2201,2188,2202,-1,2202,2188,2193,-1,2202,2193,2203,-1,2203,2193,2198,-1,2203,2198,2204,-1,2204,2198,2199,-1,2204,2199,2205,-1,2205,2199,2070,-1,2205,2070,2069,-1,812,2201,2064,-1,2064,2201,2202,-1,2064,2202,2065,-1,2065,2202,2203,-1,2065,2203,2066,-1,2066,2203,2204,-1,2066,2204,2067,-1,2067,2204,2205,-1,2067,2205,2068,-1,2068,2205,2069,-1,2068,2069,937,-1,818,2089,2206,-1,2207,2208,2209,-1,814,2080,2210,-1,2209,2208,814,-1,2211,814,2208,-1,2211,2208,2212,-1,2212,2208,2207,-1,2212,2207,2213,-1,2085,814,2211,-1,2214,2215,2216,-1,2216,2215,2210,-1,2216,2210,2217,-1,2217,2210,2080,-1,2217,2080,2081,-1,2085,2211,2086,-1,2086,2211,2212,-1,2086,2212,2087,-1,2087,2212,2213,-1,2087,2213,2088,-1,2218,2214,2219,-1,2219,2214,2216,-1,2219,2216,2220,-1,2220,2216,2217,-1,2220,2217,2221,-1,2221,2217,2081,-1,2221,2081,2082,-1,2222,2218,2223,-1,2223,2218,2219,-1,2223,2219,2224,-1,2224,2219,2220,-1,2224,2220,2225,-1,2225,2220,2221,-1,2225,2221,2226,-1,2226,2221,2082,-1,2226,2082,2083,-1,2089,2222,2206,-1,2206,2222,2223,-1,2206,2223,2227,-1,2227,2223,2224,-1,2227,2224,2228,-1,2228,2224,2225,-1,2228,2225,2229,-1,2229,2225,2226,-1,2229,2226,2230,-1,2230,2226,2083,-1,2230,2083,2084,-1,818,2206,2231,-1,2231,2206,2227,-1,2231,2227,2232,-1,2232,2227,2228,-1,2232,2228,2233,-1,2233,2228,2229,-1,2233,2229,2234,-1,2234,2229,2230,-1,2234,2230,2235,-1,2235,2230,2084,-1,2235,2084,511,-1,2215,814,2210,-1,2089,2088,2222,-1,2222,2088,2213,-1,2222,2213,2218,-1,2218,2213,2207,-1,2218,2207,2214,-1,2214,2207,2209,-1,2214,2209,2215,-1,2215,2209,814,-1,2094,2093,2236,-1,2236,2093,2237,-1,2236,2237,2238,-1,2238,2237,2239,-1,2238,2239,2240,-1,2240,2239,2241,-1,2240,2241,2242,-1,2242,2241,2243,-1,2242,2243,2244,-1,2244,2243,2245,-1,2244,2245,881,-1,2093,2092,2237,-1,2237,2092,2246,-1,2237,2246,2239,-1,2239,2246,2247,-1,2239,2247,2241,-1,2241,2247,2248,-1,2241,2248,2243,-1,2243,2248,2249,-1,2243,2249,2245,-1,2245,2249,2250,-1,2245,2250,881,-1,698,2094,2104,-1,2104,2094,2236,-1,2104,2236,2102,-1,2102,2236,2238,-1,2102,2238,2100,-1,2100,2238,2240,-1,2100,2240,2098,-1,2098,2240,2242,-1,2098,2242,2096,-1,2096,2242,2244,-1,2096,2244,881,-1,2091,2090,2251,-1,2251,2090,2252,-1,2251,2252,2253,-1,2253,2252,2254,-1,2253,2254,2255,-1,2255,2254,2256,-1,2255,2256,2257,-1,2257,2256,2258,-1,2257,2258,2259,-1,2259,2258,2260,-1,2259,2260,881,-1,2090,834,2252,-1,2252,834,2261,-1,2252,2261,2254,-1,2254,2261,2262,-1,2254,2262,2256,-1,2256,2262,2263,-1,2256,2263,2258,-1,2258,2263,2264,-1,2258,2264,2260,-1,2260,2264,2265,-1,2260,2265,881,-1,2092,2091,2246,-1,2246,2091,2251,-1,2246,2251,2247,-1,2247,2251,2253,-1,2247,2253,2248,-1,2248,2253,2255,-1,2248,2255,2249,-1,2249,2255,2257,-1,2249,2257,2250,-1,2250,2257,2259,-1,2250,2259,881,-1,879,2266,880,-1,880,2266,2124,-1,2266,2267,2124,-1,2124,2267,2268,-1,2124,2268,2123,-1,2268,2269,2123,-1,2123,2269,2270,-1,2123,2270,2122,-1,2270,2271,2122,-1,2122,2271,2272,-1,2122,2272,2121,-1,2272,2273,2121,-1,2121,2273,2274,-1,2121,2274,2120,-1,2120,2274,2275,-1,2120,2275,952,-1,952,2275,2276,-1,952,2276,944,-1,951,949,2277,-1,951,2277,2135,-1,2135,2277,2278,-1,2135,2278,2138,-1,2138,2278,2279,-1,2138,2279,2140,-1,2140,2279,2280,-1,2140,2280,2142,-1,2142,2280,2281,-1,2142,2281,2145,-1,2145,2281,813,-1,2145,813,811,-1,2200,812,813,-1,2200,813,2179,-1,2179,813,2282,-1,2179,2282,2180,-1,2180,2282,2182,-1,2182,2282,2283,-1,2182,2283,2183,-1,2183,2283,2176,-1,2176,2283,2284,-1,2176,2284,2177,-1,2177,2284,2285,-1,2177,2285,2172,-1,2172,2285,2173,-1,2173,2285,2286,-1,2173,2286,2168,-1,2168,2286,2166,-1,2166,2286,43,-1,2166,43,382,-1,511,490,2287,-1,511,2287,2235,-1,2235,2287,2288,-1,2235,2288,2234,-1,2234,2288,2289,-1,2234,2289,2233,-1,2233,2289,2290,-1,2233,2290,2232,-1,2232,2290,2291,-1,2232,2291,2231,-1,2231,2291,840,-1,2231,840,818,-1,873,881,2265,-1,873,2265,2292,-1,2292,2265,2264,-1,2292,2264,2293,-1,2293,2264,2263,-1,2293,2263,2294,-1,2294,2263,2262,-1,2294,2262,2295,-1,2295,2262,2261,-1,2295,2261,2296,-1,2296,2261,834,-1,2296,834,840,-1,2297,877,876,-1,879,901,2266,-1,2266,901,2298,-1,2266,2298,2267,-1,2267,2298,2299,-1,876,2300,2297,-1,2297,2300,2301,-1,2297,2301,2302,-1,2303,2269,2299,-1,2299,2269,2268,-1,2299,2268,2267,-1,2301,2304,2302,-1,2302,2304,2305,-1,2302,2305,2306,-1,2307,2271,2303,-1,2303,2271,2270,-1,2303,2270,2269,-1,2305,2308,2306,-1,2306,2308,2309,-1,2306,2309,2310,-1,2275,2274,2311,-1,2311,2274,2273,-1,2311,2273,2307,-1,2307,2273,2272,-1,2307,2272,2271,-1,901,900,2298,-1,2298,900,2312,-1,2298,2312,2299,-1,2299,2312,2313,-1,2299,2313,2303,-1,2303,2313,2314,-1,2303,2314,2307,-1,2307,2314,2315,-1,2307,2315,2311,-1,2311,2315,2316,-1,900,899,2312,-1,2312,899,2317,-1,2312,2317,2313,-1,2313,2317,2318,-1,2313,2318,2314,-1,2314,2318,2319,-1,2314,2319,2315,-1,2315,2319,2320,-1,2315,2320,2316,-1,2316,2320,2321,-1,899,898,2317,-1,2317,898,2322,-1,2317,2322,2318,-1,2318,2322,2323,-1,2318,2323,2319,-1,2319,2323,2324,-1,2319,2324,2320,-1,2320,2324,2325,-1,2320,2325,2321,-1,2321,2325,2326,-1,898,877,2322,-1,2322,877,2297,-1,2322,2297,2323,-1,2323,2297,2302,-1,2323,2302,2324,-1,2324,2302,2306,-1,2324,2306,2325,-1,2325,2306,2310,-1,2325,2310,2326,-1,2326,2310,2327,-1,944,2276,2328,-1,2328,2276,2275,-1,2309,2329,2310,-1,2310,2329,2330,-1,2310,2330,2327,-1,2327,2330,2331,-1,2327,2331,2332,-1,2275,2311,2328,-1,2328,2311,2316,-1,2328,2316,2333,-1,2333,2316,2321,-1,2333,2321,2334,-1,2334,2321,2326,-1,2334,2326,2335,-1,2335,2326,2327,-1,2335,2327,2336,-1,2336,2327,2332,-1,2336,2332,2337,-1,944,2328,2338,-1,2338,2328,2333,-1,2338,2333,2339,-1,2339,2333,2334,-1,2339,2334,2340,-1,2340,2334,2335,-1,2340,2335,2341,-1,2341,2335,2336,-1,2341,2336,2342,-1,2342,2336,2337,-1,2342,2337,1020,-1,43,2286,2343,-1,2344,2345,2346,-1,813,2281,2347,-1,2346,2345,813,-1,2348,813,2345,-1,2348,2345,2349,-1,2349,2345,2344,-1,2349,2344,2350,-1,2282,813,2348,-1,2351,2352,2353,-1,2353,2352,2347,-1,2353,2347,2354,-1,2354,2347,2281,-1,2354,2281,2280,-1,2282,2348,2283,-1,2283,2348,2349,-1,2283,2349,2284,-1,2284,2349,2350,-1,2284,2350,2285,-1,2355,2351,2356,-1,2356,2351,2353,-1,2356,2353,2357,-1,2357,2353,2354,-1,2357,2354,2358,-1,2358,2354,2280,-1,2358,2280,2279,-1,2359,2355,2360,-1,2360,2355,2356,-1,2360,2356,2361,-1,2361,2356,2357,-1,2361,2357,2362,-1,2362,2357,2358,-1,2362,2358,2363,-1,2363,2358,2279,-1,2363,2279,2278,-1,2286,2359,2343,-1,2343,2359,2360,-1,2343,2360,2364,-1,2364,2360,2361,-1,2364,2361,2365,-1,2365,2361,2362,-1,2365,2362,2366,-1,2366,2362,2363,-1,2366,2363,2367,-1,2367,2363,2278,-1,2367,2278,2277,-1,43,2343,2368,-1,2368,2343,2364,-1,2368,2364,2369,-1,2369,2364,2365,-1,2369,2365,2370,-1,2370,2365,2366,-1,2370,2366,2371,-1,2371,2366,2367,-1,2371,2367,2372,-1,2372,2367,2277,-1,2372,2277,949,-1,2352,813,2347,-1,2286,2285,2359,-1,2359,2285,2350,-1,2359,2350,2355,-1,2355,2350,2344,-1,2355,2344,2351,-1,2351,2344,2346,-1,2351,2346,2352,-1,2352,2346,813,-1,2291,2290,2373,-1,2373,2290,2374,-1,2373,2374,2375,-1,2375,2374,2376,-1,2375,2376,2377,-1,2377,2376,2378,-1,2377,2378,2379,-1,2379,2378,2380,-1,2379,2380,2381,-1,2381,2380,2382,-1,2381,2382,873,-1,2290,2289,2374,-1,2374,2289,2383,-1,2374,2383,2376,-1,2376,2383,2384,-1,2376,2384,2378,-1,2378,2384,2385,-1,2378,2385,2380,-1,2380,2385,2386,-1,2380,2386,2382,-1,2382,2386,2387,-1,2382,2387,873,-1,840,2291,2296,-1,2296,2291,2373,-1,2296,2373,2295,-1,2295,2373,2375,-1,2295,2375,2294,-1,2294,2375,2377,-1,2294,2377,2293,-1,2293,2377,2379,-1,2293,2379,2292,-1,2292,2379,2381,-1,2292,2381,873,-1,2288,2287,2388,-1,2388,2287,2389,-1,2388,2389,2390,-1,2390,2389,2391,-1,2390,2391,2392,-1,2392,2391,2393,-1,2392,2393,2394,-1,2394,2393,2395,-1,2394,2395,2396,-1,2396,2395,2397,-1,2396,2397,873,-1,2287,490,2389,-1,2389,490,2398,-1,2389,2398,2391,-1,2391,2398,2399,-1,2391,2399,2393,-1,2393,2399,2400,-1,2393,2400,2395,-1,2395,2400,2401,-1,2395,2401,2397,-1,2397,2401,2402,-1,2397,2402,873,-1,2289,2288,2383,-1,2383,2288,2388,-1,2383,2388,2384,-1,2384,2388,2390,-1,2384,2390,2385,-1,2385,2390,2392,-1,2385,2392,2386,-1,2386,2392,2394,-1,2386,2394,2387,-1,2387,2394,2396,-1,2387,2396,873,-1,2300,876,905,-1,2300,905,2301,-1,2301,905,2403,-1,2301,2403,2304,-1,2304,2403,2305,-1,2305,2403,2404,-1,2305,2404,2308,-1,2308,2404,2309,-1,2309,2404,2405,-1,2309,2405,2329,-1,2329,2405,2406,-1,2329,2406,2330,-1,2330,2406,2331,-1,2331,2406,2407,-1,2331,2407,2332,-1,2332,2407,2337,-1,2337,2407,1024,-1,2337,1024,1020,-1,594,595,2408,-1,594,2408,2409,-1,2409,2408,2410,-1,2409,2410,2411,-1,2411,2410,2412,-1,2411,2412,2413,-1,2413,2412,2414,-1,2413,2414,2415,-1,2415,2414,2416,-1,2415,2416,2417,-1,2417,2416,1025,-1,2417,1025,1024,-1,595,2418,2419,-1,2420,2421,2422,-1,1040,2423,2424,-1,2422,2421,1040,-1,2425,1040,2421,-1,2425,2421,2426,-1,2426,2421,2420,-1,2426,2420,2427,-1,2428,1040,2425,-1,2429,2430,2431,-1,2431,2430,2424,-1,2431,2424,2432,-1,2432,2424,2423,-1,2432,2423,2433,-1,2428,2425,2434,-1,2434,2425,2426,-1,2434,2426,2435,-1,2435,2426,2427,-1,2435,2427,2436,-1,2437,2429,2438,-1,2438,2429,2431,-1,2438,2431,2439,-1,2439,2431,2432,-1,2439,2432,2440,-1,2440,2432,2433,-1,2440,2433,2441,-1,2442,2437,2443,-1,2443,2437,2438,-1,2443,2438,2444,-1,2444,2438,2439,-1,2444,2439,2445,-1,2445,2439,2440,-1,2445,2440,2446,-1,2446,2440,2441,-1,2446,2441,2447,-1,2418,2442,2419,-1,2419,2442,2443,-1,2419,2443,2448,-1,2448,2443,2444,-1,2448,2444,2449,-1,2449,2444,2445,-1,2449,2445,2450,-1,2450,2445,2446,-1,2450,2446,2451,-1,2451,2446,2447,-1,2451,2447,2452,-1,595,2419,2408,-1,2408,2419,2448,-1,2408,2448,2410,-1,2410,2448,2449,-1,2410,2449,2412,-1,2412,2449,2450,-1,2412,2450,2414,-1,2414,2450,2451,-1,2414,2451,2416,-1,2416,2451,2452,-1,2416,2452,1025,-1,2430,1040,2424,-1,2418,2436,2442,-1,2442,2436,2427,-1,2442,2427,2437,-1,2437,2427,2420,-1,2437,2420,2429,-1,2429,2420,2422,-1,2429,2422,2430,-1,2430,2422,1040,-1,945,944,2453,-1,2453,944,2338,-1,2453,2338,2454,-1,2454,2338,2339,-1,2454,2339,2455,-1,2455,2339,2340,-1,2455,2340,2456,-1,2456,2340,2341,-1,2456,2341,2457,-1,2457,2341,2342,-1,2457,2342,608,-1,608,2342,1020,-1,77,43,2368,-1,77,2368,2458,-1,2458,2368,2369,-1,2458,2369,2459,-1,2459,2369,2370,-1,2459,2370,2460,-1,2460,2370,2371,-1,2460,2371,2461,-1,2461,2371,2372,-1,2461,2372,2462,-1,2462,2372,949,-1,2462,949,948,-1,875,873,2402,-1,875,2402,2463,-1,2463,2402,2401,-1,2463,2401,2464,-1,2464,2401,2400,-1,2464,2400,2465,-1,2465,2400,2399,-1,2465,2399,2466,-1,2466,2399,2398,-1,2466,2398,2467,-1,2467,2398,490,-1,2467,490,77,-1,2409,2411,2468,-1,2468,2411,2469,-1,2468,2469,2470,-1,2470,2469,2471,-1,2470,2471,2472,-1,2472,2471,2473,-1,2472,2473,2474,-1,2474,2473,2475,-1,2474,2475,2476,-1,2476,2475,2477,-1,2476,2477,905,-1,2411,2413,2469,-1,2469,2413,2478,-1,2469,2478,2471,-1,2471,2478,2479,-1,2471,2479,2473,-1,2473,2479,2480,-1,2473,2480,2475,-1,2475,2480,2481,-1,2475,2481,2477,-1,2477,2481,2482,-1,2477,2482,905,-1,594,2409,2483,-1,2483,2409,2468,-1,2483,2468,2484,-1,2484,2468,2470,-1,2484,2470,2485,-1,2485,2470,2472,-1,2485,2472,2486,-1,2486,2472,2474,-1,2486,2474,2487,-1,2487,2474,2476,-1,2487,2476,905,-1,2415,2417,2488,-1,2488,2417,2489,-1,2488,2489,2490,-1,2490,2489,2491,-1,2490,2491,2492,-1,2492,2491,2493,-1,2492,2493,2494,-1,2494,2493,2495,-1,2494,2495,2496,-1,2496,2495,2497,-1,2496,2497,905,-1,2417,1024,2489,-1,2489,1024,2407,-1,2489,2407,2491,-1,2491,2407,2406,-1,2491,2406,2493,-1,2493,2406,2405,-1,2493,2405,2495,-1,2495,2405,2404,-1,2495,2404,2497,-1,2497,2404,2403,-1,2497,2403,905,-1,2413,2415,2478,-1,2478,2415,2488,-1,2478,2488,2479,-1,2479,2488,2490,-1,2479,2490,2480,-1,2480,2490,2492,-1,2480,2492,2481,-1,2481,2492,2494,-1,2481,2494,2482,-1,2482,2494,2496,-1,2482,2496,905,-1,1036,1040,2498,-1,2498,1040,2428,-1,2434,2499,2428,-1,2428,2499,2500,-1,2428,2500,2498,-1,2501,2502,2434,-1,2434,2502,2503,-1,2434,2503,2499,-1,2434,2435,2501,-1,2501,2435,2436,-1,2501,2436,2504,-1,2504,2436,2418,-1,2504,2418,2505,-1,2505,2418,595,-1,2505,595,593,-1,2506,1023,1025,-1,2506,1025,2507,-1,2507,1025,2452,-1,2507,2452,2508,-1,2508,2452,2509,-1,2509,2452,2447,-1,2509,2447,2510,-1,2510,2447,2441,-1,2510,2441,2511,-1,2511,2441,2512,-1,2512,2441,2433,-1,2512,2433,2513,-1,2513,2433,2514,-1,2514,2433,2423,-1,2514,2423,2515,-1,2515,2423,2516,-1,2516,2423,1040,-1,2516,1040,1039,-1,2517,1053,1059,-1,2517,1059,2518,-1,2518,1059,2519,-1,2518,2519,2520,-1,2520,2519,2521,-1,2521,2519,2522,-1,2521,2522,2523,-1,2523,2522,2524,-1,2524,2522,2525,-1,2524,2525,2526,-1,2526,2525,2527,-1,2526,2527,2528,-1,2528,2527,2529,-1,2529,2527,2530,-1,2529,2530,2531,-1,2531,2530,2532,-1,2532,2530,609,-1,2532,609,1028,-1,2533,2457,608,-1,608,610,2533,-1,2533,610,612,-1,2533,612,2534,-1,612,614,2534,-1,2534,614,616,-1,2534,616,2535,-1,2535,616,618,-1,2535,618,2536,-1,618,620,2536,-1,2536,620,622,-1,2536,622,2537,-1,622,624,2537,-1,2537,624,626,-1,2537,626,2538,-1,2538,626,628,-1,2538,628,2539,-1,2539,628,630,-1,2539,630,2540,-1,630,632,2540,-1,2540,632,634,-1,2540,634,2541,-1,634,636,2541,-1,2541,636,638,-1,2541,638,2542,-1,2542,638,640,-1,2542,640,2543,-1,640,642,2543,-1,2543,642,644,-1,2543,644,2544,-1,644,646,2544,-1,2544,646,648,-1,2544,648,2545,-1,2545,648,650,-1,2545,650,2546,-1,2546,650,652,-1,2546,652,2547,-1,652,654,2547,-1,2547,654,656,-1,2547,656,2548,-1,656,658,2548,-1,2548,658,660,-1,2548,660,2549,-1,2549,660,662,-1,2549,662,2550,-1,662,664,2550,-1,2550,664,666,-1,2550,666,2551,-1,666,668,2551,-1,2551,668,670,-1,2551,670,2552,-1,2552,670,672,-1,2552,672,2553,-1,2553,672,674,-1,2553,674,2554,-1,674,676,2554,-1,2554,676,678,-1,2554,678,2555,-1,678,680,2555,-1,2555,680,682,-1,2555,682,2556,-1,2556,682,684,-1,2556,684,2557,-1,684,686,2557,-1,2557,686,688,-1,2557,688,2558,-1,600,2559,694,-1,694,2559,2560,-1,694,2560,692,-1,692,2560,2558,-1,692,2558,690,-1,690,2558,688,-1,2559,2561,2560,-1,2560,2561,2562,-1,2560,2562,2558,-1,2558,2562,2563,-1,2558,2563,2557,-1,2557,2563,2564,-1,2557,2564,2556,-1,2556,2564,2565,-1,2556,2565,2555,-1,2555,2565,2566,-1,2555,2566,2554,-1,2554,2566,2567,-1,2554,2567,2553,-1,2553,2567,2568,-1,2553,2568,2552,-1,2552,2568,2569,-1,2552,2569,2551,-1,2551,2569,2570,-1,2551,2570,2550,-1,2550,2570,2571,-1,2550,2571,2549,-1,2549,2571,2572,-1,2549,2572,2548,-1,2548,2572,2573,-1,2548,2573,2547,-1,2547,2573,2574,-1,2547,2574,2546,-1,2546,2574,2575,-1,2546,2575,2545,-1,2545,2575,2576,-1,2545,2576,2544,-1,2544,2576,2577,-1,2544,2577,2543,-1,2543,2577,2578,-1,2543,2578,2542,-1,2542,2578,2579,-1,2542,2579,2541,-1,2541,2579,2580,-1,2541,2580,2540,-1,2540,2580,2581,-1,2540,2581,2539,-1,2539,2581,2582,-1,2539,2582,2538,-1,2538,2582,2583,-1,2538,2583,2537,-1,2537,2583,2584,-1,2537,2584,2536,-1,2536,2584,2585,-1,2536,2585,2535,-1,2535,2585,2586,-1,2535,2586,2534,-1,2534,2586,2587,-1,2534,2587,2533,-1,2533,2587,2588,-1,2533,2588,2457,-1,2457,2588,2456,-1,2561,2589,2562,-1,2562,2589,2590,-1,2562,2590,2563,-1,2563,2590,2591,-1,2563,2591,2564,-1,2564,2591,2592,-1,2564,2592,2565,-1,2565,2592,2593,-1,2565,2593,2566,-1,2566,2593,2594,-1,2566,2594,2567,-1,2567,2594,2595,-1,2567,2595,2568,-1,2568,2595,2596,-1,2568,2596,2569,-1,2569,2596,2597,-1,2569,2597,2570,-1,2570,2597,2598,-1,2570,2598,2571,-1,2571,2598,2599,-1,2571,2599,2572,-1,2572,2599,2600,-1,2572,2600,2573,-1,2573,2600,2601,-1,2573,2601,2574,-1,2574,2601,2602,-1,2574,2602,2575,-1,2575,2602,2603,-1,2575,2603,2576,-1,2576,2603,2604,-1,2576,2604,2577,-1,2577,2604,2605,-1,2577,2605,2578,-1,2578,2605,2606,-1,2578,2606,2579,-1,2579,2606,2607,-1,2579,2607,2580,-1,2580,2607,2608,-1,2580,2608,2581,-1,2581,2608,2609,-1,2581,2609,2582,-1,2582,2609,2610,-1,2582,2610,2583,-1,2583,2610,2611,-1,2583,2611,2584,-1,2584,2611,2612,-1,2584,2612,2585,-1,2585,2612,2613,-1,2585,2613,2586,-1,2586,2613,2614,-1,2586,2614,2587,-1,2587,2614,2615,-1,2587,2615,2588,-1,2588,2615,2616,-1,2588,2616,2456,-1,2456,2616,2455,-1,2589,2617,2590,-1,2590,2617,2618,-1,2590,2618,2591,-1,2591,2618,2619,-1,2591,2619,2592,-1,2592,2619,2620,-1,2592,2620,2593,-1,2593,2620,2621,-1,2593,2621,2594,-1,2594,2621,2622,-1,2594,2622,2595,-1,2595,2622,2623,-1,2595,2623,2596,-1,2596,2623,2624,-1,2596,2624,2597,-1,2597,2624,2625,-1,2597,2625,2598,-1,2598,2625,2626,-1,2598,2626,2599,-1,2599,2626,2627,-1,2599,2627,2600,-1,2600,2627,2628,-1,2600,2628,2601,-1,2601,2628,2629,-1,2601,2629,2602,-1,2602,2629,2630,-1,2602,2630,2603,-1,2603,2630,2631,-1,2603,2631,2604,-1,2604,2631,2632,-1,2604,2632,2605,-1,2605,2632,2633,-1,2605,2633,2606,-1,2606,2633,2634,-1,2606,2634,2607,-1,2607,2634,2635,-1,2607,2635,2608,-1,2608,2635,2636,-1,2608,2636,2609,-1,2609,2636,2637,-1,2609,2637,2610,-1,2610,2637,2638,-1,2610,2638,2611,-1,2611,2638,2639,-1,2611,2639,2612,-1,2612,2639,2640,-1,2612,2640,2613,-1,2613,2640,2641,-1,2613,2641,2614,-1,2614,2641,2642,-1,2614,2642,2615,-1,2615,2642,2643,-1,2615,2643,2616,-1,2616,2643,2644,-1,2616,2644,2455,-1,2455,2644,2454,-1,2617,2645,2618,-1,2618,2645,2646,-1,2618,2646,2619,-1,2619,2646,2647,-1,2619,2647,2620,-1,2620,2647,2648,-1,2620,2648,2621,-1,2621,2648,2649,-1,2621,2649,2622,-1,2622,2649,2650,-1,2622,2650,2623,-1,2623,2650,2651,-1,2623,2651,2624,-1,2624,2651,2652,-1,2624,2652,2625,-1,2625,2652,2653,-1,2625,2653,2626,-1,2626,2653,2654,-1,2626,2654,2627,-1,2627,2654,2655,-1,2627,2655,2628,-1,2628,2655,2656,-1,2628,2656,2629,-1,2629,2656,2657,-1,2629,2657,2630,-1,2630,2657,2658,-1,2630,2658,2631,-1,2631,2658,2659,-1,2631,2659,2632,-1,2632,2659,2660,-1,2632,2660,2633,-1,2633,2660,2661,-1,2633,2661,2634,-1,2634,2661,2662,-1,2634,2662,2635,-1,2635,2662,2663,-1,2635,2663,2636,-1,2636,2663,2664,-1,2636,2664,2637,-1,2637,2664,2665,-1,2637,2665,2638,-1,2638,2665,2666,-1,2638,2666,2639,-1,2639,2666,2667,-1,2639,2667,2640,-1,2640,2667,2668,-1,2640,2668,2641,-1,2641,2668,2669,-1,2641,2669,2642,-1,2642,2669,2670,-1,2642,2670,2643,-1,2643,2670,2671,-1,2643,2671,2644,-1,2644,2671,2672,-1,2644,2672,2454,-1,2454,2672,2453,-1,2645,957,2646,-1,2646,957,1000,-1,2646,1000,2647,-1,2647,1000,1002,-1,2647,1002,2648,-1,2648,1002,1004,-1,2648,1004,2649,-1,2649,1004,1006,-1,2649,1006,2650,-1,2650,1006,1008,-1,2650,1008,2651,-1,2651,1008,1010,-1,2651,1010,2652,-1,2652,1010,1012,-1,2652,1012,2653,-1,2653,1012,1014,-1,2653,1014,2654,-1,2654,1014,1016,-1,2654,1016,2655,-1,2655,1016,961,-1,2655,961,2656,-1,2656,961,963,-1,2656,963,2657,-1,2657,963,965,-1,2657,965,2658,-1,2658,965,967,-1,2658,967,2659,-1,2659,967,969,-1,2659,969,2660,-1,2660,969,971,-1,2660,971,2661,-1,2661,971,973,-1,2661,973,2662,-1,2662,973,975,-1,2662,975,2663,-1,2663,975,977,-1,2663,977,2664,-1,2664,977,979,-1,2664,979,2665,-1,2665,979,981,-1,2665,981,2666,-1,2666,981,983,-1,2666,983,2667,-1,2667,983,985,-1,2667,985,2668,-1,2668,985,987,-1,2668,987,2669,-1,2669,987,989,-1,2669,989,2670,-1,2670,989,991,-1,2670,991,2671,-1,2671,991,993,-1,2671,993,2672,-1,2672,993,995,-1,2672,995,2453,-1,2453,995,945,-1,2458,2459,2673,-1,2673,2459,2674,-1,2673,2674,2675,-1,2675,2674,2676,-1,2675,2676,2677,-1,2677,2676,2678,-1,2677,2678,2679,-1,2679,2678,2680,-1,2679,2680,2681,-1,2681,2680,2682,-1,2681,2682,875,-1,2459,2460,2674,-1,2674,2460,2683,-1,2674,2683,2676,-1,2676,2683,2684,-1,2676,2684,2678,-1,2678,2684,2685,-1,2678,2685,2680,-1,2680,2685,2686,-1,2680,2686,2682,-1,2682,2686,2687,-1,2682,2687,875,-1,77,2458,2467,-1,2467,2458,2673,-1,2467,2673,2466,-1,2466,2673,2675,-1,2466,2675,2465,-1,2465,2675,2677,-1,2465,2677,2464,-1,2464,2677,2679,-1,2464,2679,2463,-1,2463,2679,2681,-1,2463,2681,875,-1,2461,2462,2688,-1,2688,2462,2689,-1,2688,2689,2690,-1,2690,2689,2691,-1,2690,2691,2692,-1,2692,2691,2693,-1,2692,2693,2694,-1,2694,2693,2695,-1,2694,2695,2696,-1,2696,2695,2697,-1,2696,2697,875,-1,2462,948,2689,-1,2689,948,2698,-1,2689,2698,2691,-1,2691,2698,2699,-1,2691,2699,2693,-1,2693,2699,2700,-1,2693,2700,2695,-1,2695,2700,2701,-1,2695,2701,2697,-1,2697,2701,2702,-1,2697,2702,875,-1,2460,2461,2683,-1,2683,2461,2688,-1,2683,2688,2684,-1,2684,2688,2690,-1,2684,2690,2685,-1,2685,2690,2692,-1,2685,2692,2686,-1,2686,2692,2694,-1,2686,2694,2687,-1,2687,2694,2696,-1,2687,2696,875,-1,905,907,2703,-1,905,2703,2487,-1,2487,2703,2704,-1,2487,2704,2486,-1,2486,2704,2705,-1,2486,2705,2485,-1,2485,2705,2706,-1,2485,2706,2484,-1,2484,2706,2707,-1,2484,2707,2483,-1,2483,2707,592,-1,2483,592,594,-1,593,592,2708,-1,593,2708,2505,-1,2505,2708,2709,-1,2505,2709,2504,-1,2504,2709,2710,-1,2504,2710,2501,-1,2501,2710,2502,-1,2502,2710,2711,-1,2502,2711,2503,-1,2503,2711,2499,-1,2499,2711,2712,-1,2499,2712,2500,-1,2500,2712,2498,-1,2498,2712,1038,-1,2498,1038,1036,-1,2713,1022,1023,-1,1028,1027,2532,-1,2532,1027,2714,-1,2532,2714,2531,-1,2531,2714,2715,-1,1023,2506,2713,-1,2713,2506,2507,-1,2713,2507,2716,-1,2717,2528,2715,-1,2715,2528,2529,-1,2715,2529,2531,-1,2507,2508,2716,-1,2716,2508,2509,-1,2716,2509,2718,-1,2719,2524,2717,-1,2717,2524,2526,-1,2717,2526,2528,-1,2509,2510,2718,-1,2718,2510,2511,-1,2718,2511,2720,-1,2518,2520,2721,-1,2721,2520,2521,-1,2721,2521,2719,-1,2719,2521,2523,-1,2719,2523,2524,-1,1027,1026,2714,-1,2714,1026,2722,-1,2714,2722,2715,-1,2715,2722,2723,-1,2715,2723,2717,-1,2717,2723,2724,-1,2717,2724,2719,-1,2719,2724,2725,-1,2719,2725,2721,-1,2721,2725,2726,-1,1026,1019,2722,-1,2722,1019,2727,-1,2722,2727,2723,-1,2723,2727,2728,-1,2723,2728,2724,-1,2724,2728,2729,-1,2724,2729,2725,-1,2725,2729,2730,-1,2725,2730,2726,-1,2726,2730,2731,-1,1019,1021,2727,-1,2727,1021,2732,-1,2727,2732,2728,-1,2728,2732,2733,-1,2728,2733,2729,-1,2729,2733,2734,-1,2729,2734,2730,-1,2730,2734,2735,-1,2730,2735,2731,-1,2731,2735,2736,-1,1021,1022,2732,-1,2732,1022,2713,-1,2732,2713,2733,-1,2733,2713,2716,-1,2733,2716,2734,-1,2734,2716,2718,-1,2734,2718,2735,-1,2735,2718,2720,-1,2735,2720,2736,-1,2736,2720,2737,-1,1053,2517,2738,-1,2738,2517,2518,-1,2511,2512,2720,-1,2720,2512,2513,-1,2720,2513,2737,-1,2737,2513,2514,-1,2737,2514,2515,-1,2518,2721,2738,-1,2738,2721,2726,-1,2738,2726,2739,-1,2739,2726,2731,-1,2739,2731,2740,-1,2740,2731,2736,-1,2740,2736,2741,-1,2741,2736,2737,-1,2741,2737,2742,-1,2742,2737,2515,-1,2742,2515,2516,-1,1053,2738,2743,-1,2743,2738,2739,-1,2743,2739,2744,-1,2744,2739,2740,-1,2744,2740,2745,-1,2745,2740,2741,-1,2745,2741,2746,-1,2746,2741,2742,-1,2746,2742,2747,-1,2747,2742,2516,-1,2747,2516,1039,-1,693,691,2748,-1,689,687,2749,-1,683,681,2750,-1,679,677,2751,-1,671,669,2752,-1,667,665,2753,-1,661,659,2754,-1,657,655,2755,-1,649,647,2756,-1,645,643,2757,-1,639,637,2758,-1,635,633,2759,-1,627,625,2760,-1,623,621,2761,-1,617,615,2762,-1,613,611,2763,-1,1059,1068,2519,-1,2519,1068,2764,-1,2519,2764,2522,-1,2522,2764,2765,-1,2522,2765,2525,-1,2525,2765,2766,-1,2525,2766,2527,-1,2527,2766,2767,-1,2527,2767,2530,-1,2530,2767,2763,-1,2530,2763,609,-1,609,2763,611,-1,1068,1070,2764,-1,2764,1070,2768,-1,2764,2768,2765,-1,2765,2768,2769,-1,2765,2769,2766,-1,2766,2769,2770,-1,2766,2770,2767,-1,2767,2770,2771,-1,2767,2771,2763,-1,2763,2771,2762,-1,2763,2762,613,-1,613,2762,615,-1,619,617,2772,-1,2772,617,2762,-1,2772,2762,2773,-1,2773,2762,2771,-1,2773,2771,2774,-1,2774,2771,2770,-1,2774,2770,2775,-1,2775,2770,2769,-1,2775,2769,2776,-1,2776,2769,2768,-1,2776,2768,1071,-1,1071,2768,1070,-1,1071,1060,2776,-1,2776,1060,2777,-1,2776,2777,2775,-1,2775,2777,2778,-1,2775,2778,2774,-1,2774,2778,2779,-1,2774,2779,2773,-1,2773,2779,2780,-1,2773,2780,2772,-1,2772,2780,2761,-1,2772,2761,619,-1,619,2761,621,-1,1060,1074,2777,-1,2777,1074,2781,-1,2777,2781,2778,-1,2778,2781,2782,-1,2778,2782,2779,-1,2779,2782,2783,-1,2779,2783,2780,-1,2780,2783,2784,-1,2780,2784,2761,-1,2761,2784,2760,-1,2761,2760,623,-1,623,2760,625,-1,629,627,2785,-1,2785,627,2760,-1,2785,2760,2786,-1,2786,2760,2784,-1,2786,2784,2787,-1,2787,2784,2783,-1,2787,2783,2788,-1,2788,2783,2782,-1,2788,2782,2789,-1,2789,2782,2781,-1,2789,2781,1073,-1,1073,2781,1074,-1,1073,1077,2789,-1,2789,1077,2790,-1,2789,2790,2788,-1,2788,2790,2791,-1,2788,2791,2787,-1,2787,2791,2792,-1,2787,2792,2786,-1,2786,2792,2793,-1,2786,2793,2785,-1,2785,2793,2794,-1,2785,2794,629,-1,629,2794,631,-1,1077,1076,2790,-1,2790,1076,2795,-1,2790,2795,2791,-1,2791,2795,2796,-1,2791,2796,2792,-1,2792,2796,2797,-1,2792,2797,2793,-1,2793,2797,2798,-1,2793,2798,2794,-1,2794,2798,2759,-1,2794,2759,631,-1,631,2759,633,-1,1076,1080,2795,-1,2795,1080,2799,-1,2795,2799,2796,-1,2796,2799,2800,-1,2796,2800,2797,-1,2797,2800,2801,-1,2797,2801,2798,-1,2798,2801,2802,-1,2798,2802,2759,-1,2759,2802,2758,-1,2759,2758,635,-1,635,2758,637,-1,641,639,2803,-1,2803,639,2758,-1,2803,2758,2804,-1,2804,2758,2802,-1,2804,2802,2805,-1,2805,2802,2801,-1,2805,2801,2806,-1,2806,2801,2800,-1,2806,2800,2807,-1,2807,2800,2799,-1,2807,2799,1079,-1,1079,2799,1080,-1,1079,1083,2807,-1,2807,1083,2808,-1,2807,2808,2806,-1,2806,2808,2809,-1,2806,2809,2805,-1,2805,2809,2810,-1,2805,2810,2804,-1,2804,2810,2811,-1,2804,2811,2803,-1,2803,2811,2757,-1,2803,2757,641,-1,641,2757,643,-1,1083,1082,2808,-1,2808,1082,2812,-1,2808,2812,2809,-1,2809,2812,2813,-1,2809,2813,2810,-1,2810,2813,2814,-1,2810,2814,2811,-1,2811,2814,2815,-1,2811,2815,2757,-1,2757,2815,2756,-1,2757,2756,645,-1,645,2756,647,-1,651,649,2816,-1,2816,649,2756,-1,2816,2756,2817,-1,2817,2756,2815,-1,2817,2815,2818,-1,2818,2815,2814,-1,2818,2814,2819,-1,2819,2814,2813,-1,2819,2813,2820,-1,2820,2813,2812,-1,2820,2812,1095,-1,1095,2812,1082,-1,1095,1094,2820,-1,2820,1094,2821,-1,2820,2821,2819,-1,2819,2821,2822,-1,2819,2822,2818,-1,2818,2822,2823,-1,2818,2823,2817,-1,2817,2823,2824,-1,2817,2824,2816,-1,2816,2824,2825,-1,2816,2825,651,-1,651,2825,653,-1,1094,1098,2821,-1,2821,1098,2826,-1,2821,2826,2822,-1,2822,2826,2827,-1,2822,2827,2823,-1,2823,2827,2828,-1,2823,2828,2824,-1,2824,2828,2829,-1,2824,2829,2825,-1,2825,2829,2755,-1,2825,2755,653,-1,653,2755,655,-1,1098,1097,2826,-1,2826,1097,2830,-1,2826,2830,2827,-1,2827,2830,2831,-1,2827,2831,2828,-1,2828,2831,2832,-1,2828,2832,2829,-1,2829,2832,2833,-1,2829,2833,2755,-1,2755,2833,2754,-1,2755,2754,657,-1,657,2754,659,-1,663,661,2834,-1,2834,661,2754,-1,2834,2754,2835,-1,2835,2754,2833,-1,2835,2833,2836,-1,2836,2833,2832,-1,2836,2832,2837,-1,2837,2832,2831,-1,2837,2831,2838,-1,2838,2831,2830,-1,2838,2830,1096,-1,1096,2830,1097,-1,1096,1065,2838,-1,2838,1065,2839,-1,2838,2839,2837,-1,2837,2839,2840,-1,2837,2840,2836,-1,2836,2840,2841,-1,2836,2841,2835,-1,2835,2841,2842,-1,2835,2842,2834,-1,2834,2842,2753,-1,2834,2753,663,-1,663,2753,665,-1,1065,1086,2839,-1,2839,1086,2843,-1,2839,2843,2840,-1,2840,2843,2844,-1,2840,2844,2841,-1,2841,2844,2845,-1,2841,2845,2842,-1,2842,2845,2846,-1,2842,2846,2753,-1,2753,2846,2752,-1,2753,2752,667,-1,667,2752,669,-1,673,671,2847,-1,2847,671,2752,-1,2847,2752,2848,-1,2848,2752,2846,-1,2848,2846,2849,-1,2849,2846,2845,-1,2849,2845,2850,-1,2850,2845,2844,-1,2850,2844,2851,-1,2851,2844,2843,-1,2851,2843,1085,-1,1085,2843,1086,-1,1085,1089,2851,-1,2851,1089,2852,-1,2851,2852,2850,-1,2850,2852,2853,-1,2850,2853,2849,-1,2849,2853,2854,-1,2849,2854,2848,-1,2848,2854,2855,-1,2848,2855,2847,-1,2847,2855,2856,-1,2847,2856,673,-1,673,2856,675,-1,1089,1088,2852,-1,2852,1088,2857,-1,2852,2857,2853,-1,2853,2857,2858,-1,2853,2858,2854,-1,2854,2858,2859,-1,2854,2859,2855,-1,2855,2859,2860,-1,2855,2860,2856,-1,2856,2860,2751,-1,2856,2751,675,-1,675,2751,677,-1,1088,1092,2857,-1,2857,1092,2861,-1,2857,2861,2858,-1,2858,2861,2862,-1,2858,2862,2859,-1,2859,2862,2863,-1,2859,2863,2860,-1,2860,2863,2864,-1,2860,2864,2751,-1,2751,2864,2750,-1,2751,2750,679,-1,679,2750,681,-1,685,683,2865,-1,2865,683,2750,-1,2865,2750,2866,-1,2866,2750,2864,-1,2866,2864,2867,-1,2867,2864,2863,-1,2867,2863,2868,-1,2868,2863,2862,-1,2868,2862,2869,-1,2869,2862,2861,-1,2869,2861,1091,-1,1091,2861,1092,-1,1091,1104,2869,-1,2869,1104,2870,-1,2869,2870,2868,-1,2868,2870,2871,-1,2868,2871,2867,-1,2867,2871,2872,-1,2867,2872,2866,-1,2866,2872,2873,-1,2866,2873,2865,-1,2865,2873,2749,-1,2865,2749,685,-1,685,2749,687,-1,1104,1103,2870,-1,2870,1103,2874,-1,2870,2874,2871,-1,2871,2874,2875,-1,2871,2875,2872,-1,2872,2875,2876,-1,2872,2876,2873,-1,2873,2876,2877,-1,2873,2877,2749,-1,2749,2877,2748,-1,2749,2748,689,-1,689,2748,691,-1,695,693,2878,-1,2878,693,2748,-1,2878,2748,2879,-1,2879,2748,2877,-1,2879,2877,2880,-1,2880,2877,2876,-1,2880,2876,2881,-1,2881,2876,2875,-1,2881,2875,2882,-1,2882,2875,2874,-1,2882,2874,1102,-1,1102,2874,1103,-1,1102,1101,2882,-1,2882,1101,2883,-1,2882,2883,2881,-1,2881,2883,2884,-1,2881,2884,2880,-1,2880,2884,2885,-1,2880,2885,2879,-1,2879,2885,2886,-1,2879,2886,2878,-1,2878,2886,2887,-1,2878,2887,695,-1,695,2887,601,-1,950,957,2888,-1,2888,957,2645,-1,2888,2645,2889,-1,2889,2645,2617,-1,2889,2617,2890,-1,2890,2617,2589,-1,2890,2589,2891,-1,2891,2589,2561,-1,2891,2561,2892,-1,2892,2561,2559,-1,2892,2559,598,-1,598,2559,600,-1,874,875,2702,-1,874,2702,2893,-1,2893,2702,2701,-1,2893,2701,2894,-1,2894,2701,2700,-1,2894,2700,2895,-1,2895,2700,2699,-1,2895,2699,2896,-1,2896,2699,2698,-1,2896,2698,2897,-1,2897,2698,948,-1,2897,948,950,-1,2712,2711,2898,-1,2898,2711,2899,-1,2898,2899,2900,-1,2900,2899,2901,-1,2900,2901,2902,-1,2902,2901,2903,-1,2902,2903,2904,-1,2904,2903,2905,-1,2904,2905,2906,-1,2906,2905,2907,-1,2906,2907,907,-1,2711,2710,2899,-1,2899,2710,2908,-1,2899,2908,2901,-1,2901,2908,2909,-1,2901,2909,2903,-1,2903,2909,2910,-1,2903,2910,2905,-1,2905,2910,2911,-1,2905,2911,2907,-1,2907,2911,2912,-1,2907,2912,907,-1,1038,2712,2913,-1,2913,2712,2898,-1,2913,2898,2914,-1,2914,2898,2900,-1,2914,2900,2915,-1,2915,2900,2902,-1,2915,2902,2916,-1,2916,2902,2904,-1,2916,2904,2917,-1,2917,2904,2906,-1,2917,2906,907,-1,2709,2708,2918,-1,2918,2708,2919,-1,2918,2919,2920,-1,2920,2919,2921,-1,2920,2921,2922,-1,2922,2921,2923,-1,2922,2923,2924,-1,2924,2923,2925,-1,2924,2925,2926,-1,2926,2925,2927,-1,2926,2927,907,-1,2708,592,2919,-1,2919,592,2707,-1,2919,2707,2921,-1,2921,2707,2706,-1,2921,2706,2923,-1,2923,2706,2705,-1,2923,2705,2925,-1,2925,2705,2704,-1,2925,2704,2927,-1,2927,2704,2703,-1,2927,2703,907,-1,2710,2709,2908,-1,2908,2709,2918,-1,2908,2918,2909,-1,2909,2918,2920,-1,2909,2920,2910,-1,2910,2920,2922,-1,2910,2922,2911,-1,2911,2922,2924,-1,2911,2924,2912,-1,2912,2924,2926,-1,2912,2926,907,-1,1049,1053,2743,-1,1049,2743,2928,-1,2928,2743,2744,-1,2928,2744,2929,-1,2929,2744,2745,-1,2929,2745,2930,-1,2746,2931,2745,-1,2745,2931,2932,-1,2745,2932,2930,-1,2747,1039,1035,-1,1035,2933,2747,-1,2747,2933,2934,-1,2747,2934,2746,-1,2746,2934,2935,-1,2746,2935,2931,-1,1101,1100,2936,-1,1101,2936,2883,-1,2883,2936,2937,-1,2883,2937,2884,-1,2884,2937,2938,-1,2884,2938,2885,-1,2885,2938,2939,-1,2885,2939,2886,-1,2886,2939,2940,-1,2886,2940,2887,-1,2887,2940,602,-1,2887,602,601,-1,607,606,2941,-1,607,2941,2942,-1,2942,2941,2943,-1,2942,2943,2944,-1,2944,2943,2945,-1,2944,2945,2946,-1,2946,2945,2947,-1,2946,2947,2948,-1,2948,2947,2949,-1,2948,2949,2950,-1,2950,2949,1031,-1,2950,1031,1032,-1,896,886,2951,-1,2951,886,2952,-1,2951,2952,2953,-1,2953,2952,2954,-1,2953,2954,2955,-1,2955,2954,2956,-1,2955,2956,2957,-1,2957,2956,2958,-1,2957,2958,2959,-1,2959,2958,2960,-1,2959,2960,598,-1,598,2960,2892,-1,886,885,2952,-1,2952,885,2961,-1,2952,2961,2954,-1,2954,2961,2962,-1,2954,2962,2956,-1,2956,2962,2963,-1,2956,2963,2958,-1,2958,2963,2964,-1,2958,2964,2960,-1,2960,2964,2965,-1,2960,2965,2892,-1,2892,2965,2891,-1,885,883,2961,-1,2961,883,2966,-1,2961,2966,2962,-1,2962,2966,2967,-1,2962,2967,2963,-1,2963,2967,2968,-1,2963,2968,2964,-1,2964,2968,2969,-1,2964,2969,2965,-1,2965,2969,2970,-1,2965,2970,2891,-1,2891,2970,2890,-1,883,882,2966,-1,2966,882,2971,-1,2966,2971,2967,-1,2967,2971,2972,-1,2967,2972,2968,-1,2968,2972,2973,-1,2968,2973,2969,-1,2969,2973,2974,-1,2969,2974,2970,-1,2970,2974,2975,-1,2970,2975,2890,-1,2890,2975,2889,-1,882,872,2971,-1,2971,872,2976,-1,2971,2976,2972,-1,2972,2976,2977,-1,2972,2977,2973,-1,2973,2977,2978,-1,2973,2978,2974,-1,2974,2978,2979,-1,2974,2979,2975,-1,2975,2979,2980,-1,2975,2980,2889,-1,2889,2980,2888,-1,872,874,2976,-1,2976,874,2893,-1,2976,2893,2977,-1,2977,2893,2894,-1,2977,2894,2978,-1,2978,2894,2895,-1,2978,2895,2979,-1,2979,2895,2896,-1,2979,2896,2980,-1,2980,2896,2897,-1,2980,2897,2888,-1,2888,2897,950,-1,907,906,2981,-1,907,2981,2917,-1,2917,2981,2982,-1,2917,2982,2916,-1,2916,2982,2983,-1,2916,2983,2915,-1,2915,2983,2984,-1,2915,2984,2914,-1,2914,2984,2985,-1,2914,2985,2913,-1,2913,2985,1037,-1,2913,1037,1038,-1,2986,2934,1037,-1,1037,2934,2933,-1,1037,2933,1035,-1,2930,2932,2987,-1,2987,2932,2931,-1,2987,2931,2986,-1,2986,2931,2935,-1,2986,2935,2934,-1,2987,2988,2930,-1,2930,2988,2989,-1,2930,2989,2929,-1,2929,2989,2990,-1,2929,2990,2928,-1,2928,2990,1050,-1,2928,1050,1049,-1,606,604,2941,-1,2941,604,2991,-1,2941,2991,2943,-1,2943,2991,2992,-1,2943,2992,2945,-1,2945,2992,2993,-1,2945,2993,2947,-1,2947,2993,2994,-1,2947,2994,2949,-1,2949,2994,2995,-1,2949,2995,1031,-1,1031,2995,2996,-1,604,603,2991,-1,2991,603,2997,-1,2991,2997,2992,-1,2992,2997,2998,-1,2992,2998,2993,-1,2993,2998,2999,-1,2993,2999,2994,-1,2994,2999,3000,-1,2994,3000,2995,-1,2995,3000,3001,-1,2995,3001,2996,-1,2996,3001,3002,-1,603,599,2997,-1,2997,599,3003,-1,2997,3003,2998,-1,2998,3003,3004,-1,2998,3004,2999,-1,2999,3004,3005,-1,2999,3005,3000,-1,3000,3005,3006,-1,3000,3006,3001,-1,3001,3006,3007,-1,3001,3007,3002,-1,3002,3007,3008,-1,599,597,3003,-1,3003,597,3009,-1,3003,3009,3004,-1,3004,3009,3010,-1,3004,3010,3005,-1,3005,3010,3011,-1,3005,3011,3006,-1,3006,3011,3012,-1,3006,3012,3007,-1,3007,3012,3013,-1,3007,3013,3008,-1,3008,3013,3014,-1,597,596,3009,-1,3009,596,3015,-1,3009,3015,3010,-1,3010,3015,3016,-1,3010,3016,3011,-1,3011,3016,3017,-1,3011,3017,3012,-1,3012,3017,3018,-1,3012,3018,3013,-1,3013,3018,3019,-1,3013,3019,3014,-1,3014,3019,3020,-1,596,602,3015,-1,3015,602,2940,-1,3015,2940,3016,-1,3016,2940,2939,-1,3016,2939,3017,-1,3017,2939,2938,-1,3017,2938,3018,-1,3018,2938,2937,-1,3018,2937,3019,-1,3019,2937,2936,-1,3019,2936,3020,-1,3020,2936,1100,-1,607,2942,3021,-1,3022,3023,3024,-1,1032,3025,3026,-1,3024,3023,1032,-1,3027,1032,3023,-1,3027,3023,3028,-1,3028,3023,3022,-1,3028,3022,3029,-1,2950,1032,3027,-1,3030,3031,3032,-1,3032,3031,3026,-1,3032,3026,3033,-1,3033,3026,3025,-1,3033,3025,3034,-1,2950,3027,2948,-1,2948,3027,3028,-1,2948,3028,2946,-1,2946,3028,3029,-1,2946,3029,2944,-1,3035,3030,3036,-1,3036,3030,3032,-1,3036,3032,3037,-1,3037,3032,3033,-1,3037,3033,3038,-1,3038,3033,3034,-1,3038,3034,3039,-1,3040,3035,3041,-1,3041,3035,3036,-1,3041,3036,3042,-1,3042,3036,3037,-1,3042,3037,3043,-1,3043,3037,3038,-1,3043,3038,3044,-1,3044,3038,3039,-1,3044,3039,3045,-1,2942,3040,3021,-1,3021,3040,3041,-1,3021,3041,3046,-1,3046,3041,3042,-1,3046,3042,3047,-1,3047,3042,3043,-1,3047,3043,3048,-1,3048,3043,3044,-1,3048,3044,3049,-1,3049,3044,3045,-1,3049,3045,3050,-1,607,3021,3051,-1,3051,3021,3046,-1,3051,3046,3052,-1,3052,3046,3047,-1,3052,3047,3053,-1,3053,3047,3048,-1,3053,3048,3054,-1,3054,3048,3049,-1,3054,3049,3055,-1,3055,3049,3050,-1,3055,3050,588,-1,3031,1032,3026,-1,2942,2944,3040,-1,3040,2944,3029,-1,3040,3029,3035,-1,3035,3029,3022,-1,3035,3022,3030,-1,3030,3022,3024,-1,3030,3024,3031,-1,3031,3024,1032,-1,588,590,3056,-1,588,3056,3055,-1,3055,3056,3057,-1,3055,3057,3054,-1,3054,3057,3058,-1,3054,3058,3053,-1,3053,3058,3059,-1,3053,3059,3052,-1,3052,3059,3060,-1,3052,3060,3051,-1,3051,3060,605,-1,3051,605,607,-1,598,605,3061,-1,598,3061,2959,-1,2959,3061,3062,-1,2959,3062,2957,-1,2957,3062,3063,-1,2957,3063,2955,-1,2955,3063,3064,-1,2955,3064,2953,-1,2953,3064,3065,-1,2953,3065,2951,-1,2951,3065,888,-1,2951,888,896,-1,906,878,2981,-1,2981,878,3066,-1,2981,3066,2982,-1,2982,3066,3067,-1,2982,3067,2983,-1,2983,3067,3068,-1,2983,3068,2984,-1,2984,3068,3069,-1,2984,3069,2985,-1,2985,3069,3070,-1,2985,3070,1037,-1,1037,3070,2986,-1,878,895,3066,-1,3066,895,3071,-1,3066,3071,3067,-1,3067,3071,3072,-1,3067,3072,3068,-1,3068,3072,3073,-1,3068,3073,3069,-1,3069,3073,3074,-1,3069,3074,3070,-1,3070,3074,3075,-1,3070,3075,2986,-1,2986,3075,2987,-1,895,894,3071,-1,3071,894,3076,-1,3071,3076,3072,-1,3072,3076,3077,-1,3072,3077,3073,-1,3073,3077,3078,-1,3073,3078,3074,-1,3074,3078,3079,-1,3074,3079,3075,-1,3075,3079,3080,-1,3075,3080,2987,-1,2987,3080,2988,-1,894,893,3076,-1,3076,893,3081,-1,3076,3081,3077,-1,3077,3081,3082,-1,3077,3082,3078,-1,3078,3082,3083,-1,3078,3083,3079,-1,3079,3083,3084,-1,3079,3084,3080,-1,3080,3084,3085,-1,3080,3085,2988,-1,2988,3085,2989,-1,893,892,3081,-1,3081,892,3086,-1,3081,3086,3082,-1,3082,3086,3087,-1,3082,3087,3083,-1,3083,3087,3088,-1,3083,3088,3084,-1,3084,3088,3089,-1,3084,3089,3085,-1,3085,3089,3090,-1,3085,3090,2989,-1,2989,3090,2990,-1,892,891,3086,-1,3086,891,3091,-1,3086,3091,3087,-1,3087,3091,3092,-1,3087,3092,3088,-1,3088,3092,3093,-1,3088,3093,3089,-1,3089,3093,3094,-1,3089,3094,3090,-1,3090,3094,3095,-1,3090,3095,2990,-1,2990,3095,1050,-1,2996,3096,1031,-1,1031,3096,3097,-1,1031,3097,1029,-1,3098,3099,3002,-1,3002,3099,3100,-1,3002,3100,2996,-1,2996,3100,3101,-1,2996,3101,3096,-1,3002,3008,3098,-1,3098,3008,3014,-1,3098,3014,3102,-1,3102,3014,3020,-1,3102,3020,3103,-1,3103,3020,1100,-1,3103,1100,1043,-1,589,588,3050,-1,589,3050,3104,-1,3104,3050,3045,-1,3104,3045,3105,-1,3105,3045,3039,-1,3105,3039,3106,-1,3106,3039,3107,-1,3107,3039,3034,-1,3107,3034,3108,-1,3108,3034,3109,-1,3109,3034,3025,-1,3109,3025,3110,-1,3110,3025,3111,-1,3111,3025,1032,-1,3111,1032,1030,-1,3060,3059,3112,-1,3112,3059,3113,-1,3112,3113,3114,-1,3114,3113,3115,-1,3114,3115,3116,-1,3116,3115,3117,-1,3116,3117,3118,-1,3118,3117,3119,-1,3118,3119,3120,-1,3120,3119,3121,-1,3120,3121,888,-1,3059,3058,3113,-1,3113,3058,3122,-1,3113,3122,3115,-1,3115,3122,3123,-1,3115,3123,3117,-1,3117,3123,3124,-1,3117,3124,3119,-1,3119,3124,3125,-1,3119,3125,3121,-1,3121,3125,3126,-1,3121,3126,888,-1,605,3060,3061,-1,3061,3060,3112,-1,3061,3112,3062,-1,3062,3112,3114,-1,3062,3114,3063,-1,3063,3114,3116,-1,3063,3116,3064,-1,3064,3116,3118,-1,3064,3118,3065,-1,3065,3118,3120,-1,3065,3120,888,-1,3057,3056,3127,-1,3127,3056,3128,-1,3127,3128,3129,-1,3129,3128,3130,-1,3129,3130,3131,-1,3131,3130,3132,-1,3131,3132,3133,-1,3133,3132,3134,-1,3133,3134,3135,-1,3135,3134,3136,-1,3135,3136,888,-1,3056,590,3128,-1,3128,590,3137,-1,3128,3137,3130,-1,3130,3137,3138,-1,3130,3138,3132,-1,3132,3138,3139,-1,3132,3139,3134,-1,3134,3139,3140,-1,3134,3140,3136,-1,3136,3140,3141,-1,3136,3141,888,-1,3058,3057,3122,-1,3122,3057,3127,-1,3122,3127,3123,-1,3123,3127,3129,-1,3123,3129,3124,-1,3124,3129,3131,-1,3124,3131,3125,-1,3125,3131,3133,-1,3125,3133,3126,-1,3126,3133,3135,-1,3126,3135,888,-1,1048,1050,3095,-1,1048,3095,3142,-1,3142,3095,3094,-1,3142,3094,3143,-1,3143,3094,3093,-1,3143,3093,3144,-1,3144,3093,3092,-1,3144,3092,3145,-1,3145,3092,3091,-1,3145,3091,3146,-1,3146,3091,891,-1,3146,891,897,-1,1043,1048,3147,-1,1043,3147,3103,-1,3103,3147,3148,-1,3103,3148,3102,-1,3102,3148,3149,-1,3102,3149,3098,-1,3150,3100,3149,-1,3149,3100,3099,-1,3149,3099,3098,-1,3151,1033,1029,-1,1029,3097,3151,-1,3151,3097,3096,-1,3151,3096,3150,-1,3150,3096,3101,-1,3150,3101,3100,-1,1030,1034,3111,-1,3111,1034,3152,-1,3153,3109,3152,-1,3152,3109,3110,-1,3152,3110,3111,-1,3106,3107,3153,-1,3153,3107,3108,-1,3153,3108,3109,-1,3153,3154,3106,-1,3106,3154,3155,-1,3106,3155,3105,-1,3105,3155,3156,-1,3105,3156,3104,-1,3104,3156,591,-1,3104,591,589,-1,889,888,3141,-1,889,3141,3157,-1,3157,3141,3140,-1,3157,3140,3158,-1,3158,3140,3139,-1,3158,3139,3159,-1,3159,3139,3138,-1,3159,3138,3160,-1,3160,3138,3137,-1,3160,3137,3161,-1,3161,3137,590,-1,3161,590,591,-1,897,884,3146,-1,3146,884,3162,-1,3146,3162,3145,-1,3145,3162,3163,-1,3145,3163,3144,-1,3144,3163,3164,-1,3144,3164,3143,-1,3143,3164,3165,-1,3143,3165,3142,-1,3142,3165,3166,-1,3142,3166,1048,-1,1048,3166,3147,-1,884,887,3162,-1,3162,887,3167,-1,3162,3167,3163,-1,3163,3167,3168,-1,3163,3168,3164,-1,3164,3168,3169,-1,3164,3169,3165,-1,3165,3169,3170,-1,3165,3170,3166,-1,3166,3170,3171,-1,3166,3171,3147,-1,3147,3171,3148,-1,887,904,3167,-1,3167,904,3172,-1,3167,3172,3168,-1,3168,3172,3173,-1,3168,3173,3169,-1,3169,3173,3174,-1,3169,3174,3170,-1,3170,3174,3175,-1,3170,3175,3171,-1,3171,3175,3176,-1,3171,3176,3148,-1,3148,3176,3149,-1,904,903,3172,-1,3172,903,3177,-1,3172,3177,3173,-1,3173,3177,3178,-1,3173,3178,3174,-1,3174,3178,3179,-1,3174,3179,3175,-1,3175,3179,3180,-1,3175,3180,3176,-1,3176,3180,3181,-1,3176,3181,3149,-1,3149,3181,3150,-1,903,902,3177,-1,3177,902,3182,-1,3177,3182,3178,-1,3178,3182,3183,-1,3178,3183,3179,-1,3179,3183,3184,-1,3179,3184,3180,-1,3180,3184,3185,-1,3180,3185,3181,-1,3181,3185,3186,-1,3181,3186,3150,-1,3150,3186,3151,-1,902,890,3182,-1,3182,890,3187,-1,3182,3187,3183,-1,3183,3187,3188,-1,3183,3188,3184,-1,3184,3188,3189,-1,3184,3189,3185,-1,3185,3189,3190,-1,3185,3190,3186,-1,3186,3190,3191,-1,3186,3191,3151,-1,3151,3191,1033,-1,3156,3155,3192,-1,3192,3155,3193,-1,3192,3193,3194,-1,3194,3193,3195,-1,3194,3195,3196,-1,3196,3195,3197,-1,3196,3197,3198,-1,3198,3197,3199,-1,3198,3199,3200,-1,3200,3199,3201,-1,3200,3201,889,-1,3155,3154,3193,-1,3193,3154,3202,-1,3193,3202,3195,-1,3195,3202,3203,-1,3195,3203,3197,-1,3197,3203,3204,-1,3197,3204,3199,-1,3199,3204,3205,-1,3199,3205,3201,-1,3201,3205,3206,-1,3201,3206,889,-1,591,3156,3161,-1,3161,3156,3192,-1,3161,3192,3160,-1,3160,3192,3194,-1,3160,3194,3159,-1,3159,3194,3196,-1,3159,3196,3158,-1,3158,3196,3198,-1,3158,3198,3157,-1,3157,3198,3200,-1,3157,3200,889,-1,3153,3152,3207,-1,3207,3152,3208,-1,3207,3208,3209,-1,3209,3208,3210,-1,3209,3210,3211,-1,3211,3210,3212,-1,3211,3212,3213,-1,3213,3212,3214,-1,3213,3214,3215,-1,3215,3214,3216,-1,3215,3216,889,-1,3152,1034,3208,-1,3208,1034,3217,-1,3208,3217,3210,-1,3210,3217,3218,-1,3210,3218,3212,-1,3212,3218,3219,-1,3212,3219,3214,-1,3214,3219,3220,-1,3214,3220,3216,-1,3216,3220,3221,-1,3216,3221,889,-1,3154,3153,3202,-1,3202,3153,3207,-1,3202,3207,3203,-1,3203,3207,3209,-1,3203,3209,3204,-1,3204,3209,3211,-1,3204,3211,3205,-1,3205,3211,3213,-1,3205,3213,3206,-1,3206,3213,3215,-1,3206,3215,889,-1,890,889,3221,-1,890,3221,3187,-1,3187,3221,3220,-1,3187,3220,3188,-1,3188,3220,3219,-1,3188,3219,3189,-1,3189,3219,3218,-1,3189,3218,3190,-1,3190,3218,3217,-1,3190,3217,3191,-1,3191,3217,1034,-1,3191,1034,1033,-1,3222,3223,1333,-1,1333,1332,3222,-1,3222,1332,1335,-1,3222,1335,3224,-1,3224,1335,1334,-1,3224,1334,3225,-1,3225,1334,1338,-1,1338,1337,3225,-1,3225,1337,1336,-1,3225,1336,3226,-1,3226,1336,1339,-1,3226,1339,3227,-1,1339,1340,3227,-1,3227,1340,1341,-1,3227,1341,3228,-1,1341,1342,3228,-1,3228,1342,1343,-1,3228,1343,3229,-1,1343,1344,3229,-1,3229,1344,1345,-1,3229,1345,3230,-1,3230,1345,1346,-1,3230,1346,3231,-1,3231,1346,1347,-1,1347,1348,3231,-1,3231,1348,1349,-1,3231,1349,3232,-1,3232,1349,1351,-1,3232,1351,3233,-1,1351,1350,3233,-1,3233,1350,1354,-1,3233,1354,3234,-1,1354,1353,3234,-1,3234,1353,1352,-1,3234,1352,3235,-1,1352,1303,3235,-1,3235,1303,1305,-1,3235,1305,3236,-1,3236,1305,1304,-1,3236,1304,3237,-1,3237,1304,1309,-1,1309,1308,3237,-1,3237,1308,1307,-1,3237,1307,3238,-1,3238,1307,1306,-1,3238,1306,3239,-1,1313,3240,3241,-1,1306,1310,3239,-1,3239,1310,1311,-1,3239,1311,3241,-1,3241,1311,1312,-1,3241,1312,1313,-1,1313,1314,3240,-1,3240,1314,1315,-1,3240,1315,3242,-1,3242,1315,1316,-1,3242,1316,3243,-1,3243,1316,1317,-1,1317,1318,3243,-1,3243,1318,1319,-1,3243,1319,3244,-1,3244,1319,1321,-1,3244,1321,3245,-1,1321,1320,3245,-1,3245,1320,1323,-1,3245,1323,3246,-1,1327,3247,3248,-1,1323,1322,3246,-1,3246,1322,1325,-1,3246,1325,3248,-1,3248,1325,1324,-1,3248,1324,1327,-1,1327,1326,3247,-1,3247,1326,1329,-1,3247,1329,3249,-1,3249,1329,1328,-1,3249,1328,3250,-1,3250,1328,1331,-1,3250,1331,3223,-1,3223,1331,1330,-1,3223,1330,1333,-1,3249,3251,3247,-1,3247,3251,3252,-1,3247,3252,3248,-1,3248,3252,3253,-1,3248,3253,3246,-1,3246,3253,3254,-1,3246,3254,3245,-1,3245,3254,3255,-1,3245,3255,3244,-1,3244,3255,3256,-1,3244,3256,3243,-1,3243,3256,3257,-1,3243,3257,3242,-1,3242,3257,3258,-1,3242,3258,3240,-1,3240,3258,3259,-1,3240,3259,3241,-1,3241,3259,3260,-1,3241,3260,3239,-1,3239,3260,3261,-1,3239,3261,3238,-1,3238,3261,3262,-1,3238,3262,3237,-1,3237,3262,3263,-1,3237,3263,3236,-1,3236,3263,3264,-1,3236,3264,3235,-1,3235,3264,3265,-1,3235,3265,3234,-1,3234,3265,3266,-1,3234,3266,3233,-1,3233,3266,3267,-1,3233,3267,3232,-1,3232,3267,3268,-1,3232,3268,3231,-1,3231,3268,3269,-1,3231,3269,3230,-1,3230,3269,3270,-1,3230,3270,3229,-1,3229,3270,3271,-1,3229,3271,3228,-1,3228,3271,3272,-1,3228,3272,3227,-1,3227,3272,3273,-1,3227,3273,3226,-1,3226,3273,3274,-1,3226,3274,3225,-1,3225,3274,3275,-1,3225,3275,3224,-1,3224,3275,3276,-1,3224,3276,3222,-1,3222,3276,3277,-1,3222,3277,3223,-1,3223,3277,3278,-1,3223,3278,3250,-1,3250,3278,3279,-1,3250,3279,3249,-1,3249,3279,3251,-1,3279,3280,3251,-1,3251,3280,3281,-1,3251,3281,3252,-1,3252,3281,3282,-1,3252,3282,3253,-1,3253,3282,3283,-1,3253,3283,3254,-1,3254,3283,3284,-1,3254,3284,3255,-1,3255,3284,3285,-1,3255,3285,3256,-1,3256,3285,3286,-1,3256,3286,3257,-1,3257,3286,3287,-1,3257,3287,3258,-1,3258,3287,3288,-1,3258,3288,3259,-1,3259,3288,3289,-1,3259,3289,3260,-1,3260,3289,3290,-1,3260,3290,3261,-1,3261,3290,3291,-1,3261,3291,3262,-1,3262,3291,3292,-1,3262,3292,3263,-1,3263,3292,3293,-1,3263,3293,3264,-1,3264,3293,3294,-1,3264,3294,3265,-1,3265,3294,3295,-1,3265,3295,3266,-1,3266,3295,3296,-1,3266,3296,3267,-1,3267,3296,3297,-1,3267,3297,3268,-1,3268,3297,3298,-1,3268,3298,3269,-1,3269,3298,3299,-1,3269,3299,3270,-1,3270,3299,3300,-1,3270,3300,3271,-1,3271,3300,3301,-1,3271,3301,3272,-1,3272,3301,3302,-1,3272,3302,3273,-1,3273,3302,3303,-1,3273,3303,3274,-1,3274,3303,3304,-1,3274,3304,3275,-1,3275,3304,3305,-1,3275,3305,3276,-1,3276,3305,3306,-1,3276,3306,3277,-1,3277,3306,3307,-1,3277,3307,3278,-1,3278,3307,3308,-1,3278,3308,3279,-1,3279,3308,3280,-1,3308,3309,3280,-1,3280,3309,3310,-1,3280,3310,3281,-1,3281,3310,3311,-1,3281,3311,3282,-1,3282,3311,3312,-1,3282,3312,3283,-1,3283,3312,3313,-1,3283,3313,3284,-1,3284,3313,3314,-1,3284,3314,3285,-1,3285,3314,3315,-1,3285,3315,3286,-1,3286,3315,3316,-1,3286,3316,3287,-1,3287,3316,3317,-1,3287,3317,3288,-1,3288,3317,3318,-1,3288,3318,3289,-1,3289,3318,3319,-1,3289,3319,3290,-1,3290,3319,3320,-1,3290,3320,3291,-1,3291,3320,3321,-1,3291,3321,3292,-1,3292,3321,3322,-1,3292,3322,3293,-1,3293,3322,3323,-1,3293,3323,3294,-1,3294,3323,3324,-1,3294,3324,3295,-1,3295,3324,3325,-1,3295,3325,3296,-1,3296,3325,3326,-1,3296,3326,3297,-1,3297,3326,3327,-1,3297,3327,3298,-1,3298,3327,3328,-1,3298,3328,3299,-1,3299,3328,3329,-1,3299,3329,3300,-1,3300,3329,3330,-1,3300,3330,3301,-1,3301,3330,3331,-1,3301,3331,3302,-1,3302,3331,3332,-1,3302,3332,3303,-1,3303,3332,3333,-1,3303,3333,3304,-1,3304,3333,3334,-1,3304,3334,3305,-1,3305,3334,3335,-1,3305,3335,3306,-1,3306,3335,3336,-1,3306,3336,3307,-1,3307,3336,3337,-1,3307,3337,3308,-1,3308,3337,3309,-1,3337,3338,3309,-1,3309,3338,3339,-1,3309,3339,3310,-1,3310,3339,3340,-1,3310,3340,3311,-1,3311,3340,3341,-1,3311,3341,3312,-1,3312,3341,3342,-1,3312,3342,3313,-1,3313,3342,3343,-1,3313,3343,3314,-1,3314,3343,3344,-1,3314,3344,3315,-1,3315,3344,3345,-1,3315,3345,3316,-1,3316,3345,3346,-1,3316,3346,3317,-1,3317,3346,3347,-1,3317,3347,3318,-1,3318,3347,3348,-1,3318,3348,3319,-1,3319,3348,3349,-1,3319,3349,3320,-1,3320,3349,3350,-1,3320,3350,3321,-1,3321,3350,3351,-1,3321,3351,3322,-1,3322,3351,3352,-1,3322,3352,3323,-1,3323,3352,3353,-1,3323,3353,3324,-1,3324,3353,3354,-1,3324,3354,3325,-1,3325,3354,3355,-1,3325,3355,3326,-1,3326,3355,3356,-1,3326,3356,3327,-1,3327,3356,3357,-1,3327,3357,3328,-1,3328,3357,3358,-1,3328,3358,3329,-1,3329,3358,3359,-1,3329,3359,3330,-1,3330,3359,3360,-1,3330,3360,3331,-1,3331,3360,3361,-1,3331,3361,3332,-1,3332,3361,3362,-1,3332,3362,3333,-1,3333,3362,3363,-1,3333,3363,3334,-1,3334,3363,3364,-1,3334,3364,3335,-1,3335,3364,3365,-1,3335,3365,3336,-1,3336,3365,3366,-1,3336,3366,3337,-1,3337,3366,3338,-1,3366,1056,3338,-1,3338,1056,1055,-1,3338,1055,3339,-1,3339,1055,1054,-1,3339,1054,3340,-1,3340,1054,1045,-1,3340,1045,3341,-1,3341,1045,1044,-1,3341,1044,3342,-1,3342,1044,1042,-1,3342,1042,3343,-1,3343,1042,1041,-1,3343,1041,3344,-1,3344,1041,1099,-1,3344,1099,3345,-1,3345,1099,1090,-1,3345,1090,3346,-1,3346,1090,1087,-1,3346,1087,3347,-1,3347,1087,1084,-1,3347,1084,3348,-1,3348,1084,1064,-1,3348,1064,3349,-1,3349,1064,1063,-1,3349,1063,3350,-1,3350,1063,1093,-1,3350,1093,3351,-1,3351,1093,1081,-1,3351,1081,3352,-1,3352,1081,1078,-1,3352,1078,3353,-1,3353,1078,1075,-1,3353,1075,3354,-1,3354,1075,1072,-1,3354,1072,3355,-1,3355,1072,1062,-1,3355,1062,3356,-1,3356,1062,1061,-1,3356,1061,3357,-1,3357,1061,1069,-1,3357,1069,3358,-1,3358,1069,1067,-1,3358,1067,3359,-1,3359,1067,1066,-1,3359,1066,3360,-1,3360,1066,1058,-1,3360,1058,3361,-1,3361,1058,1057,-1,3361,1057,3362,-1,3362,1057,1052,-1,3362,1052,3363,-1,3363,1052,1051,-1,3363,1051,3364,-1,3364,1051,1047,-1,3364,1047,3365,-1,3365,1047,1046,-1,3365,1046,3366,-1,3366,1046,1056,-1,1124,1122,3367,-1,1121,1119,3368,-1,1114,1116,3369,-1,1185,1184,3370,-1,1177,1179,3371,-1,1180,1176,3372,-1,1173,1171,3373,-1,1170,1168,3374,-1,1167,1165,3375,-1,1160,1162,3376,-1,1163,1159,3377,-1,1156,1154,3378,-1,1153,1151,3379,-1,1150,1148,3380,-1,1143,1145,3381,-1,1146,1140,3382,-1,1226,1224,3383,-1,1223,1221,3384,-1,1216,1218,3385,-1,1219,1214,3386,-1,1206,1208,3387,-1,1209,1205,3388,-1,1202,1200,3389,-1,1199,1197,3390,-1,1196,1194,3391,-1,1189,1191,3392,-1,1192,1188,3393,-1,1110,1112,3394,-1,1139,1138,3395,-1,1137,1135,3396,-1,1130,1132,3397,-1,1133,1128,3398,-1,836,835,3399,-1,3399,835,3400,-1,3399,3400,3401,-1,3401,3400,3402,-1,3401,3402,3403,-1,3403,3402,3404,-1,3403,3404,3405,-1,3405,3404,3406,-1,3405,3406,3407,-1,3407,3406,3386,-1,838,866,3408,-1,3408,866,3409,-1,3408,3409,3410,-1,3410,3409,3411,-1,3410,3411,3412,-1,3412,3411,3413,-1,3412,3413,3414,-1,3414,3413,3415,-1,3414,3415,3416,-1,3416,3415,3370,-1,871,870,3417,-1,3417,870,3418,-1,3417,3418,3419,-1,3419,3418,3420,-1,3419,3420,3421,-1,3421,3420,3422,-1,3421,3422,3423,-1,3423,3422,3424,-1,3423,3424,3425,-1,3425,3424,3398,-1,3425,3398,1127,-1,1127,3398,1128,-1,870,869,3418,-1,3418,869,3426,-1,3418,3426,3420,-1,3420,3426,3427,-1,3420,3427,3422,-1,3422,3427,3428,-1,3422,3428,3424,-1,3424,3428,3429,-1,3424,3429,3398,-1,3398,3429,3397,-1,3398,3397,1133,-1,1133,3397,1132,-1,1134,1130,3430,-1,3430,1130,3397,-1,3430,3397,3431,-1,3431,3397,3429,-1,3431,3429,3432,-1,3432,3429,3428,-1,3432,3428,3433,-1,3433,3428,3427,-1,3433,3427,3434,-1,3434,3427,3426,-1,3434,3426,833,-1,833,3426,869,-1,833,832,3434,-1,3434,832,3435,-1,3434,3435,3433,-1,3433,3435,3436,-1,3433,3436,3432,-1,3432,3436,3437,-1,3432,3437,3431,-1,3431,3437,3438,-1,3431,3438,3430,-1,3430,3438,3396,-1,3430,3396,1134,-1,1134,3396,1135,-1,832,868,3435,-1,3435,868,3439,-1,3435,3439,3436,-1,3436,3439,3440,-1,3436,3440,3437,-1,3437,3440,3441,-1,3437,3441,3438,-1,3438,3441,3442,-1,3438,3442,3396,-1,3396,3442,3395,-1,3396,3395,1137,-1,1137,3395,1138,-1,1112,1139,3394,-1,3394,1139,3395,-1,3394,3395,3443,-1,3443,3395,3442,-1,3443,3442,3444,-1,3444,3442,3441,-1,3444,3441,3445,-1,3445,3441,3440,-1,3445,3440,3446,-1,3446,3440,3439,-1,3446,3439,867,-1,867,3439,868,-1,1187,1110,3447,-1,3447,1110,3394,-1,3447,3394,3448,-1,3448,3394,3443,-1,3448,3443,3449,-1,3449,3443,3444,-1,3449,3444,3450,-1,3450,3444,3445,-1,3450,3445,3451,-1,3451,3445,3446,-1,3451,3446,860,-1,860,3446,867,-1,860,859,3451,-1,3451,859,3452,-1,3451,3452,3450,-1,3450,3452,3453,-1,3450,3453,3449,-1,3449,3453,3454,-1,3449,3454,3448,-1,3448,3454,3455,-1,3448,3455,3447,-1,3447,3455,3393,-1,3447,3393,1187,-1,1187,3393,1188,-1,859,858,3452,-1,3452,858,3456,-1,3452,3456,3453,-1,3453,3456,3457,-1,3453,3457,3454,-1,3454,3457,3458,-1,3454,3458,3455,-1,3455,3458,3459,-1,3455,3459,3393,-1,3393,3459,3392,-1,3393,3392,1192,-1,1192,3392,1191,-1,1193,1189,3460,-1,3460,1189,3392,-1,3460,3392,3461,-1,3461,3392,3459,-1,3461,3459,3462,-1,3462,3459,3458,-1,3462,3458,3463,-1,3463,3458,3457,-1,3463,3457,3464,-1,3464,3457,3456,-1,3464,3456,857,-1,857,3456,858,-1,857,856,3464,-1,3464,856,3465,-1,3464,3465,3463,-1,3463,3465,3466,-1,3463,3466,3462,-1,3462,3466,3467,-1,3462,3467,3461,-1,3461,3467,3468,-1,3461,3468,3460,-1,3460,3468,3391,-1,3460,3391,1193,-1,1193,3391,1194,-1,856,855,3465,-1,3465,855,3469,-1,3465,3469,3466,-1,3466,3469,3470,-1,3466,3470,3467,-1,3467,3470,3471,-1,3467,3471,3468,-1,3468,3471,3472,-1,3468,3472,3391,-1,3391,3472,3390,-1,3391,3390,1196,-1,1196,3390,1197,-1,1200,1199,3389,-1,3389,1199,3390,-1,3389,3390,3473,-1,3473,3390,3472,-1,3473,3472,3474,-1,3474,3472,3471,-1,3474,3471,3475,-1,3475,3471,3470,-1,3475,3470,3476,-1,3476,3470,3469,-1,3476,3469,854,-1,854,3469,855,-1,1204,1202,3477,-1,3477,1202,3389,-1,3477,3389,3478,-1,3478,3389,3473,-1,3478,3473,3479,-1,3479,3473,3474,-1,3479,3474,3480,-1,3480,3474,3475,-1,3480,3475,3481,-1,3481,3475,3476,-1,3481,3476,853,-1,853,3476,854,-1,853,852,3481,-1,3481,852,3482,-1,3481,3482,3480,-1,3480,3482,3483,-1,3480,3483,3479,-1,3479,3483,3484,-1,3479,3484,3478,-1,3478,3484,3485,-1,3478,3485,3477,-1,3477,3485,3388,-1,3477,3388,1204,-1,1204,3388,1205,-1,852,851,3482,-1,3482,851,3486,-1,3482,3486,3483,-1,3483,3486,3487,-1,3483,3487,3484,-1,3484,3487,3488,-1,3484,3488,3485,-1,3485,3488,3489,-1,3485,3489,3388,-1,3388,3489,3387,-1,3388,3387,1209,-1,1209,3387,1208,-1,1210,1206,3490,-1,3490,1206,3387,-1,3490,3387,3491,-1,3491,3387,3489,-1,3491,3489,3492,-1,3492,3489,3488,-1,3492,3488,3493,-1,3493,3488,3487,-1,3493,3487,3494,-1,3494,3487,3486,-1,3494,3486,837,-1,837,3486,851,-1,837,836,3494,-1,3494,836,3399,-1,3494,3399,3493,-1,3493,3399,3401,-1,3493,3401,3492,-1,3492,3401,3403,-1,3492,3403,3491,-1,3491,3403,3405,-1,3491,3405,3490,-1,3490,3405,3407,-1,3490,3407,1210,-1,1210,3407,1211,-1,3386,1214,3407,-1,3407,1214,1213,-1,3407,1213,1211,-1,835,831,3400,-1,3400,831,3495,-1,3400,3495,3402,-1,3402,3495,3496,-1,3402,3496,3404,-1,3404,3496,3497,-1,3404,3497,3406,-1,3406,3497,3498,-1,3406,3498,3386,-1,3386,3498,3385,-1,3386,3385,1219,-1,1219,3385,1218,-1,1220,1216,3499,-1,3499,1216,3385,-1,3499,3385,3500,-1,3500,3385,3498,-1,3500,3498,3501,-1,3501,3498,3497,-1,3501,3497,3502,-1,3502,3497,3496,-1,3502,3496,3503,-1,3503,3496,3495,-1,3503,3495,830,-1,830,3495,831,-1,830,829,3503,-1,3503,829,3504,-1,3503,3504,3502,-1,3502,3504,3505,-1,3502,3505,3501,-1,3501,3505,3506,-1,3501,3506,3500,-1,3500,3506,3507,-1,3500,3507,3499,-1,3499,3507,3384,-1,3499,3384,1220,-1,1220,3384,1221,-1,829,822,3504,-1,3504,822,3508,-1,3504,3508,3505,-1,3505,3508,3509,-1,3505,3509,3506,-1,3506,3509,3510,-1,3506,3510,3507,-1,3507,3510,3511,-1,3507,3511,3384,-1,3384,3511,3383,-1,3384,3383,1223,-1,1223,3383,1224,-1,1227,1226,3512,-1,3512,1226,3383,-1,3512,3383,3513,-1,3513,3383,3511,-1,3513,3511,3514,-1,3514,3511,3510,-1,3514,3510,3515,-1,3515,3510,3509,-1,3515,3509,3516,-1,3516,3509,3508,-1,3516,3508,821,-1,821,3508,822,-1,821,819,3516,-1,3516,819,3517,-1,3516,3517,3515,-1,3515,3517,3518,-1,3515,3518,3514,-1,3514,3518,3519,-1,3514,3519,3513,-1,3513,3519,3520,-1,3513,3520,3512,-1,3512,3520,3521,-1,3512,3521,1227,-1,1227,3521,1228,-1,819,828,3517,-1,3517,828,3522,-1,3517,3522,3518,-1,3518,3522,3523,-1,3518,3523,3519,-1,3519,3523,3524,-1,3519,3524,3520,-1,3520,3524,3525,-1,3520,3525,3521,-1,3521,3525,3382,-1,3521,3382,1228,-1,1228,3382,1140,-1,828,827,3522,-1,3522,827,3526,-1,3522,3526,3523,-1,3523,3526,3527,-1,3523,3527,3524,-1,3524,3527,3528,-1,3524,3528,3525,-1,3525,3528,3529,-1,3525,3529,3382,-1,3382,3529,3381,-1,3382,3381,1146,-1,1146,3381,1145,-1,1147,1143,3530,-1,3530,1143,3381,-1,3530,3381,3531,-1,3531,3381,3529,-1,3531,3529,3532,-1,3532,3529,3528,-1,3532,3528,3533,-1,3533,3528,3527,-1,3533,3527,3534,-1,3534,3527,3526,-1,3534,3526,826,-1,826,3526,827,-1,826,825,3534,-1,3534,825,3535,-1,3534,3535,3533,-1,3533,3535,3536,-1,3533,3536,3532,-1,3532,3536,3537,-1,3532,3537,3531,-1,3531,3537,3538,-1,3531,3538,3530,-1,3530,3538,3380,-1,3530,3380,1147,-1,1147,3380,1148,-1,825,824,3535,-1,3535,824,3539,-1,3535,3539,3536,-1,3536,3539,3540,-1,3536,3540,3537,-1,3537,3540,3541,-1,3537,3541,3538,-1,3538,3541,3542,-1,3538,3542,3380,-1,3380,3542,3379,-1,3380,3379,1150,-1,1150,3379,1151,-1,1154,1153,3378,-1,3378,1153,3379,-1,3378,3379,3543,-1,3543,3379,3542,-1,3543,3542,3544,-1,3544,3542,3541,-1,3544,3541,3545,-1,3545,3541,3540,-1,3545,3540,3546,-1,3546,3540,3539,-1,3546,3539,823,-1,823,3539,824,-1,1158,1156,3547,-1,3547,1156,3378,-1,3547,3378,3548,-1,3548,3378,3543,-1,3548,3543,3549,-1,3549,3543,3544,-1,3549,3544,3550,-1,3550,3544,3545,-1,3550,3545,3551,-1,3551,3545,3546,-1,3551,3546,850,-1,850,3546,823,-1,850,849,3551,-1,3551,849,3552,-1,3551,3552,3550,-1,3550,3552,3553,-1,3550,3553,3549,-1,3549,3553,3554,-1,3549,3554,3548,-1,3548,3554,3555,-1,3548,3555,3547,-1,3547,3555,3377,-1,3547,3377,1158,-1,1158,3377,1159,-1,849,845,3552,-1,3552,845,3556,-1,3552,3556,3553,-1,3553,3556,3557,-1,3553,3557,3554,-1,3554,3557,3558,-1,3554,3558,3555,-1,3555,3558,3559,-1,3555,3559,3377,-1,3377,3559,3376,-1,3377,3376,1163,-1,1163,3376,1162,-1,1164,1160,3560,-1,3560,1160,3376,-1,3560,3376,3561,-1,3561,3376,3559,-1,3561,3559,3562,-1,3562,3559,3558,-1,3562,3558,3563,-1,3563,3558,3557,-1,3563,3557,3564,-1,3564,3557,3556,-1,3564,3556,844,-1,844,3556,845,-1,844,843,3564,-1,3564,843,3565,-1,3564,3565,3563,-1,3563,3565,3566,-1,3563,3566,3562,-1,3562,3566,3567,-1,3562,3567,3561,-1,3561,3567,3568,-1,3561,3568,3560,-1,3560,3568,3375,-1,3560,3375,1164,-1,1164,3375,1165,-1,843,848,3565,-1,3565,848,3569,-1,3565,3569,3566,-1,3566,3569,3570,-1,3566,3570,3567,-1,3567,3570,3571,-1,3567,3571,3568,-1,3568,3571,3572,-1,3568,3572,3375,-1,3375,3572,3374,-1,3375,3374,1167,-1,1167,3374,1168,-1,848,847,3569,-1,3569,847,3573,-1,3569,3573,3570,-1,3570,3573,3574,-1,3570,3574,3571,-1,3571,3574,3575,-1,3571,3575,3572,-1,3572,3575,3576,-1,3572,3576,3374,-1,3374,3576,3373,-1,3374,3373,1170,-1,1170,3373,1171,-1,1175,1173,3577,-1,3577,1173,3373,-1,3577,3373,3578,-1,3578,3373,3576,-1,3578,3576,3579,-1,3579,3576,3575,-1,3579,3575,3580,-1,3580,3575,3574,-1,3580,3574,3581,-1,3581,3574,3573,-1,3581,3573,846,-1,846,3573,847,-1,846,842,3581,-1,3581,842,3582,-1,3581,3582,3580,-1,3580,3582,3583,-1,3580,3583,3579,-1,3579,3583,3584,-1,3579,3584,3578,-1,3578,3584,3585,-1,3578,3585,3577,-1,3577,3585,3372,-1,3577,3372,1175,-1,1175,3372,1176,-1,842,841,3582,-1,3582,841,3586,-1,3582,3586,3583,-1,3583,3586,3587,-1,3583,3587,3584,-1,3584,3587,3588,-1,3584,3588,3585,-1,3585,3588,3589,-1,3585,3589,3372,-1,3372,3589,3371,-1,3372,3371,1180,-1,1180,3371,1179,-1,1181,1177,3590,-1,3590,1177,3371,-1,3590,3371,3591,-1,3591,3371,3589,-1,3591,3589,3592,-1,3592,3589,3588,-1,3592,3588,3593,-1,3593,3588,3587,-1,3593,3587,3594,-1,3594,3587,3586,-1,3594,3586,839,-1,839,3586,841,-1,839,838,3594,-1,3594,838,3408,-1,3594,3408,3593,-1,3593,3408,3410,-1,3593,3410,3592,-1,3592,3410,3412,-1,3592,3412,3591,-1,3591,3412,3414,-1,3591,3414,3590,-1,3590,3414,3416,-1,3590,3416,1181,-1,1181,3416,1182,-1,3370,1184,3416,-1,3416,1184,1183,-1,3416,1183,1182,-1,866,865,3409,-1,3409,865,3595,-1,3409,3595,3411,-1,3411,3595,3596,-1,3411,3596,3413,-1,3413,3596,3597,-1,3413,3597,3415,-1,3415,3597,3598,-1,3415,3598,3370,-1,3370,3598,3369,-1,3370,3369,1185,-1,1185,3369,1116,-1,1118,1114,3599,-1,3599,1114,3369,-1,3599,3369,3600,-1,3600,3369,3598,-1,3600,3598,3601,-1,3601,3598,3597,-1,3601,3597,3602,-1,3602,3597,3596,-1,3602,3596,3603,-1,3603,3596,3595,-1,3603,3595,864,-1,864,3595,865,-1,864,863,3603,-1,3603,863,3604,-1,3603,3604,3602,-1,3602,3604,3605,-1,3602,3605,3601,-1,3601,3605,3606,-1,3601,3606,3600,-1,3600,3606,3607,-1,3600,3607,3599,-1,3599,3607,3368,-1,3599,3368,1118,-1,1118,3368,1119,-1,863,862,3604,-1,3604,862,3608,-1,3604,3608,3605,-1,3605,3608,3609,-1,3605,3609,3606,-1,3606,3609,3610,-1,3606,3610,3607,-1,3607,3610,3611,-1,3607,3611,3368,-1,3368,3611,3367,-1,3368,3367,1121,-1,1121,3367,1122,-1,1125,1124,3612,-1,3612,1124,3367,-1,3612,3367,3613,-1,3613,3367,3611,-1,3613,3611,3614,-1,3614,3611,3610,-1,3614,3610,3615,-1,3615,3610,3609,-1,3615,3609,3616,-1,3616,3609,3608,-1,3616,3608,861,-1,861,3608,862,-1,861,871,3616,-1,3616,871,3417,-1,3616,3417,3615,-1,3615,3417,3419,-1,3615,3419,3614,-1,3614,3419,3421,-1,3614,3421,3613,-1,3613,3421,3423,-1,3613,3423,3612,-1,3612,3423,3425,-1,3612,3425,1125,-1,1125,3425,1127,-1,
        ]
    }
}
Shape{
    appearance Appearance {
        material  Material 	{
            diffuseColor 1.0 1.0 1.0
            specularColor 0.5019607843137255 0.5019607843137255 0.5019607843137255
            ambientIntensity 1.0
            transparency 0.0
            shininess 0.5
        }
    }
    geometry IndexedFaceSet {
        ccw TRUE
        solid FALSE
        coord DEF co Coordinate {
            point [
                -2.1613 2.7167 1.3092, -2.1612 2.7167 1.2864, -2.1613 2.7163 1.3092, -2.1612 2.7163 1.2864, -2.0816 2.7167 1.3098, -2.0816 2.7163 1.3098, -2.0829 2.7167 1.4871, -2.0829 2.7163 1.4862, -2.0829 2.7163 1.4871, -2.057 2.7167 1.4873, -2.057 2.7163 1.4873, -2.0556 2.7163 1.2871, -2.0556 2.7167 1.2871, -2.057 2.7163 1.4862, -2.3193 2.7163 1.2935, -2.3193 2.7167 1.2935, -2.3158 2.7167 1.2919, -2.2638 2.7167 1.2823, -2.2638 2.7163 1.2823, -2.27 2.7163 1.2828, -2.2943 2.7167 1.285, -2.2943 2.7163 1.285, -2.3106 2.7163 1.2902, -2.3158 2.7163 1.2919, -2.3194 2.7167 1.3183, -2.3194 2.7163 1.3183, -2.3106 2.7163 1.3144, -2.2998 2.7167 1.3096, -2.2998 2.7163 1.3096, -2.2771 2.7163 1.3056, -2.2771 2.7167 1.3056, -2.2677 2.7163 1.3053, -2.2677 2.7167 1.3053, -2.2474 2.7163 1.3079, -2.2474 2.7167 1.3079, -2.2332 2.7163 1.3135, -2.2332 2.7167 1.3135, -2.2202 2.7163 1.3229, -2.2202 2.7167 1.3229, -2.2164 2.7163 1.3267, -2.2164 2.7167 1.3267, -2.2067 2.7163 1.3403, -2.2067 2.7167 1.3403, -2.2004 2.7163 1.3565, -2.2004 2.7167 1.3565, -2.1973 2.7163 1.3766, -2.1973 2.7167 1.3766, -2.1972 2.7163 1.384, -2.1972 2.7167 1.384, -2.2001 2.7163 1.4093, -2.2001 2.7167 1.4093, -2.2066 2.7163 1.427, -2.2066 2.7167 1.427, -2.2161 2.7163 1.4412, -2.2161 2.7167 1.4412, -2.2186 2.7163 1.444, -2.2186 2.7167 1.444, -2.2323 2.7163 1.4552, -2.2323 2.7167 1.4552, -2.2481 2.7163 1.4623, -2.2481 2.7167 1.4623, -2.2656 2.7163 1.4656, -2.2656 2.7167 1.4656, -2.2733 2.7163 1.4658, -2.2733 2.7167 1.4658, -2.3204 2.7163 1.4536, -2.3204 2.7167 1.4536, -2.3182 2.7167 1.4548, -2.2979 2.7163 1.4627, -2.2979 2.7167 1.4627, -2.3106 2.7163 1.4578, -2.3182 2.7163 1.4548, -2.3206 2.7167 1.4806, -2.3206 2.7163 1.4806, -2.3018 2.7163 1.4862, -2.2998 2.7167 1.4868, -2.3106 2.7163 1.4836, -2.2998 2.7163 1.4868, -2.2737 2.7163 1.4891, -2.2737 2.7167 1.4891, -2.2732 2.7163 1.4891, -2.2732 2.7167 1.4891, -2.244 2.7167 1.4858, -2.248 2.7163 1.4862, -2.244 2.7163 1.4858, -2.223 2.7163 1.4777, -2.223 2.7167 1.4777, -2.2042 2.7163 1.4647, -2.2042 2.7167 1.4647, -2.1995 2.7163 1.4602, -2.1995 2.7167 1.4602, -2.1848 2.7163 1.4413, -2.1848 2.7167 1.4413, -2.1776 2.7163 1.4247, -2.1752 2.7167 1.4191, -2.1752 2.7163 1.4191, -2.1705 2.7163 1.393, -2.1705 2.7167 1.393, -2.17 2.7163 1.3826, -2.17 2.7167 1.3826, -2.1731 2.7163 1.3527, -2.1731 2.7167 1.3527, -2.1776 2.7163 1.3399, -2.1807 2.7167 1.3312, -2.1807 2.7163 1.3312, -2.1921 2.7163 1.3136, -2.1921 2.7167 1.3136, -2.1952 2.7163 1.3101, -2.1952 2.7167 1.3101, -2.2536 2.7163 1.2828, -2.2517 2.7167 1.2829, -2.2517 2.7163 1.2829, -2.2301 2.7167 1.2875, -2.2301 2.7163 1.2875, -2.2112 2.7167 1.2966, -2.2112 2.7163 1.2966, -2.4671 2.7167 1.307, -2.4669 2.7167 1.2842, -2.4671 2.7163 1.307, -2.4669 2.7163 1.2842, -2.3853 2.7163 1.3076, -2.3853 2.7167 1.3076, -2.4376 2.7163 1.3072, -2.3858 2.7167 1.3749, -2.3858 2.7163 1.3749, -2.4573 2.7163 1.3744, -2.4573 2.7167 1.3744, -2.4376 2.7163 1.3746, -2.4575 2.7167 1.3974, -2.4575 2.7163 1.3974, -2.3859 2.7163 1.3979, -2.3859 2.7167 1.3979, -2.4376 2.7163 1.3975, -2.3864 2.7167 1.4619, -2.3864 2.7163 1.4619, -2.4636 2.7163 1.4614, -2.4636 2.7167 1.4614, -2.4376 2.7163 1.4616, -2.4638 2.7167 1.4844, -2.4638 2.7163 1.4844, -2.3607 2.7163 1.4851, -2.3607 2.7167 1.4851, -2.4376 2.7163 1.4846, -2.3593 2.7167 1.285, -2.3593 2.7163 1.285, -2.4376 2.7163 1.2844, -2.6295 2.7167 1.3391, -2.6195 2.7167 1.3268, -2.6377 2.7167 1.311, -2.6158 2.7167 1.3235, -2.617 2.7167 1.2964, -2.6024 2.7167 1.3149, -2.5942 2.7167 1.2875, -2.5853 2.7167 1.3089, -2.5598 2.7167 1.2836, -2.5598 2.7167 1.3064, -2.5047 2.7167 1.2839, -2.5308 2.7167 1.3066, -2.5062 2.7167 1.4841, -2.5318 2.7167 1.4609, -2.5633 2.7167 1.4837, -2.5621 2.7167 1.4607, -2.5938 2.7167 1.4801, -2.5878 2.7167 1.4577, -2.6179 2.7167 1.4711, -2.6052 2.7167 1.4513, -2.6388 2.7167 1.4567, -2.6197 2.7167 1.4414, -2.6456 2.7167 1.4499, -2.6263 2.7167 1.4347, -2.6579 2.7167 1.4324, -2.6337 2.7167 1.4232, -2.6652 2.7167 1.4133, -2.639 2.7167 1.408, -2.6684 2.7167 1.3854, -2.6413 2.7167 1.3849, -2.6678 2.7167 1.3728, -2.6405 2.7167 1.3723, -2.6628 2.7167 1.3493, -2.6365 2.7167 1.3539, -2.6528 2.7167 1.3287, -2.5598 2.7163 1.2836, -2.5047 2.7163 1.2839, -2.5942 2.7163 1.2875, -2.617 2.7163 1.2964, -2.6377 2.7163 1.311, -2.6528 2.7163 1.3287, -2.6628 2.7163 1.3493, -2.6678 2.7163 1.3728, -2.6684 2.7163 1.3854, -2.6652 2.7163 1.4133, -2.6579 2.7163 1.4324, -2.6456 2.7163 1.4499, -2.6388 2.7163 1.4567, -2.6179 2.7163 1.4711, -2.5938 2.7163 1.4801, -2.5633 2.7163 1.4837, -2.5062 2.7163 1.4841, -2.5621 2.7163 1.4607, -2.5318 2.7163 1.4609, -2.5308 2.7163 1.3066, -2.5598 2.7163 1.3064, -2.6195 2.7163 1.3268, -2.6158 2.7163 1.3235, -2.6024 2.7163 1.3149, -2.5853 2.7163 1.3089, -2.6413 2.7163 1.3849, -2.6405 2.7163 1.3723, -2.6365 2.7163 1.3539, -2.6295 2.7163 1.3391, -2.6197 2.7163 1.4414, -2.6263 2.7163 1.4347, -2.6337 2.7163 1.4232, -2.639 2.7163 1.408, -2.5878 2.7163 1.4577, -2.6052 2.7163 1.4513
            ]
        }
        coordIndex [
            0,1,2,-1,2,1,3,-1,4,0,5,-1,5,0,2,-1,4,5,6,-1,6,5,7,-1,6,7,8,-1,9,6,10,-1,10,6,8,-1,11,12,13,-1,13,12,9,-1,13,9,10,-1,1,12,3,-1,3,12,11,-1,6,9,4,-1,4,9,12,-1,4,12,0,-1,0,12,1,-1,14,15,16,-1,17,18,19,-1,17,19,20,-1,19,21,20,-1,20,21,22,-1,20,22,16,-1,16,22,23,-1,16,23,14,-1,24,15,25,-1,25,15,14,-1,24,25,26,-1,24,26,27,-1,26,28,27,-1,27,28,29,-1,27,29,30,-1,30,29,31,-1,30,31,32,-1,32,31,33,-1,32,33,34,-1,34,33,35,-1,34,35,36,-1,36,35,37,-1,36,37,38,-1,38,37,39,-1,38,39,40,-1,40,39,41,-1,40,41,42,-1,42,41,43,-1,42,43,44,-1,44,43,45,-1,44,45,46,-1,46,45,47,-1,46,47,48,-1,48,47,49,-1,48,49,50,-1,50,49,51,-1,50,51,52,-1,52,51,53,-1,52,53,54,-1,54,53,55,-1,54,55,56,-1,56,55,57,-1,56,57,58,-1,58,57,59,-1,58,59,60,-1,60,59,61,-1,60,61,62,-1,62,61,63,-1,62,63,64,-1,65,66,67,-1,64,63,68,-1,64,68,69,-1,69,68,70,-1,69,70,67,-1,67,70,71,-1,67,71,65,-1,72,66,73,-1,73,66,65,-1,74,75,76,-1,76,75,72,-1,76,72,73,-1,74,77,75,-1,75,77,78,-1,75,78,79,-1,79,78,80,-1,79,80,81,-1,82,81,83,-1,83,81,80,-1,83,84,82,-1,82,84,85,-1,82,85,86,-1,86,85,87,-1,86,87,88,-1,88,87,89,-1,88,89,90,-1,90,89,91,-1,90,91,92,-1,92,91,93,-1,92,93,94,-1,93,95,94,-1,94,95,96,-1,94,96,97,-1,97,96,98,-1,97,98,99,-1,99,98,100,-1,99,100,101,-1,101,100,102,-1,101,102,103,-1,102,104,103,-1,103,104,105,-1,103,105,106,-1,106,105,107,-1,106,107,108,-1,18,17,109,-1,109,17,110,-1,109,110,111,-1,111,110,112,-1,111,112,113,-1,113,112,114,-1,113,114,115,-1,115,114,108,-1,115,108,107,-1,67,66,72,-1,50,52,92,-1,67,72,69,-1,69,72,75,-1,69,75,64,-1,64,75,79,-1,64,79,62,-1,62,79,81,-1,62,81,60,-1,60,81,82,-1,60,82,58,-1,15,24,16,-1,16,24,27,-1,16,27,20,-1,20,27,30,-1,20,30,17,-1,17,30,32,-1,17,32,110,-1,110,32,34,-1,110,34,112,-1,112,34,36,-1,112,36,114,-1,114,36,38,-1,114,38,108,-1,108,38,40,-1,108,40,106,-1,106,40,42,-1,106,42,103,-1,92,52,90,-1,82,86,58,-1,58,86,88,-1,58,88,56,-1,56,88,90,-1,56,90,54,-1,54,90,52,-1,99,48,97,-1,97,48,50,-1,97,50,94,-1,94,50,92,-1,103,42,101,-1,101,42,44,-1,101,44,99,-1,99,44,46,-1,99,46,48,-1,116,117,118,-1,118,117,119,-1,120,121,122,-1,122,121,116,-1,122,116,118,-1,123,121,124,-1,124,121,120,-1,125,126,127,-1,127,126,123,-1,127,123,124,-1,128,126,129,-1,129,126,125,-1,130,131,132,-1,132,131,128,-1,132,128,129,-1,133,131,134,-1,134,131,130,-1,135,136,137,-1,137,136,133,-1,137,133,134,-1,138,136,139,-1,139,136,135,-1,140,141,142,-1,142,141,138,-1,142,138,139,-1,143,141,144,-1,144,141,140,-1,119,117,145,-1,145,117,143,-1,145,143,144,-1,143,117,116,-1,116,121,143,-1,143,121,123,-1,143,123,141,-1,136,138,133,-1,133,138,141,-1,133,141,131,-1,131,141,123,-1,131,123,128,-1,128,123,126,-1,146,147,148,-1,148,147,149,-1,148,149,150,-1,150,149,151,-1,150,151,152,-1,152,151,153,-1,152,153,154,-1,154,153,155,-1,154,155,156,-1,156,155,157,-1,156,157,158,-1,158,157,159,-1,158,159,160,-1,160,159,161,-1,160,161,162,-1,162,161,163,-1,162,163,164,-1,164,163,165,-1,164,165,166,-1,166,165,167,-1,166,167,168,-1,168,167,169,-1,168,169,170,-1,170,169,171,-1,170,171,172,-1,172,171,173,-1,172,173,174,-1,174,173,175,-1,174,175,176,-1,176,175,177,-1,176,177,178,-1,178,177,179,-1,178,179,180,-1,180,179,146,-1,180,146,148,-1,154,156,181,-1,181,156,182,-1,154,181,183,-1,154,183,152,-1,152,183,184,-1,152,184,150,-1,150,184,185,-1,150,185,148,-1,148,185,186,-1,148,186,180,-1,180,186,187,-1,180,187,178,-1,178,187,188,-1,178,188,176,-1,176,188,189,-1,176,189,174,-1,174,189,190,-1,174,190,172,-1,172,190,191,-1,172,191,170,-1,170,191,192,-1,170,192,168,-1,168,192,193,-1,168,193,166,-1,166,193,194,-1,166,194,164,-1,164,194,195,-1,164,195,162,-1,162,195,196,-1,162,196,160,-1,158,160,197,-1,197,160,196,-1,156,158,182,-1,182,158,197,-1,161,159,198,-1,198,159,199,-1,159,157,199,-1,199,157,200,-1,157,155,200,-1,200,155,201,-1,147,202,203,-1,147,203,149,-1,149,203,204,-1,149,204,151,-1,151,204,205,-1,151,205,153,-1,153,205,201,-1,153,201,155,-1,175,206,207,-1,175,207,177,-1,177,207,208,-1,177,208,179,-1,179,208,209,-1,179,209,146,-1,146,209,202,-1,146,202,147,-1,167,210,211,-1,167,211,169,-1,169,211,212,-1,169,212,171,-1,171,212,213,-1,171,213,173,-1,173,213,206,-1,173,206,175,-1,161,198,214,-1,161,214,163,-1,163,214,215,-1,163,215,165,-1,165,215,210,-1,165,210,167,-1,
        ]
    }
}
Shape{
    appearance Appearance {
        material  Material 	{
            diffuseColor 0.2235294117647059 0.2235294117647059 0.2235294117647059
            specularColor 0.11372549019607843 0.11372549019607843 0.11372549019607843
            ambientIntensity 0.2235
            transparency 0.0
            shininess 0.5
        }
    }
    geometry IndexedFaceSet {
        ccw TRUE
        solid FALSE
        coord DEF co Coordinate {
            point [
                -2.5318 2.7163 1.4609, -2.5308 2.7163 1.3066, -2.5621 2.7163 1.4607, -2.5598 2.7163 1.3064, -2.5853 2.7163 1.3089, -2.6024 2.7163 1.3149, -2.6158 2.7163 1.3235, -2.6195 2.7163 1.3268, -2.6295 2.7163 1.3391, -2.6365 2.7163 1.3539, -2.6405 2.7163 1.3723, -2.6413 2.7163 1.3849, -2.639 2.7163 1.408, -2.6337 2.7163 1.4232, -2.6263 2.7163 1.4347, -2.6197 2.7163 1.4414, -2.5878 2.7163 1.4577, -2.6052 2.7163 1.4513
            ]
        }
        coordIndex [
            0,1,2,-1,2,1,3,-1,2,3,4,-1,4,5,2,-1,2,5,6,-1,2,6,7,-1,7,8,2,-1,2,8,9,-1,2,9,10,-1,10,11,2,-1,2,11,12,-1,2,12,13,-1,13,14,2,-1,2,14,15,-1,2,15,16,-1,16,15,17,-1,
        ]
    }
}
Shape{
    appearance Appearance {
        material  Material 	{
            diffuseColor 1.0 1.0 1.0
            specularColor 0.5019607843137255 0.5019607843137255 0.5019607843137255
            ambientIntensity 1.0
            transparency 0.0
            shininess 0.5
        }
    }
    geometry IndexedFaceSet {
        ccw TRUE
        solid FALSE
        coord DEF co Coordinate {
            point [
                -2.7353 2.7167 1.3597, -2.7659 2.7167 1.4427, -2.7565 2.7167 1.4823, -2.6788 2.7167 1.2827, -2.7074 2.7167 1.2825, -2.727 2.7167 1.3371, -2.7676 2.7167 1.4486, -2.7692 2.7167 1.4567, -2.7841 2.7167 1.4821, -2.7699 2.7167 1.4567, -2.7714 2.7167 1.4482, -2.7729 2.7167 1.4426, -2.8025 2.7167 1.3592, -2.8589 2.7167 1.2814, -2.8304 2.7167 1.2816, -2.8104 2.7167 1.3365, -2.7841 2.7163 1.4821, -2.8584 2.7163 1.2828, -2.8589 2.7163 1.2814, -2.7565 2.7163 1.4823, -2.6789 2.7163 1.2828, -2.6788 2.7163 1.2827, -2.7343 2.7163 1.4254, -2.7074 2.7163 1.2825, -2.727 2.7163 1.3371, -2.7075 2.7163 1.2828, -2.8104 2.7163 1.3365, -2.7343 2.7163 1.3371, -2.8304 2.7163 1.2816, -2.8299 2.7163 1.2828, -2.7353 2.7163 1.3597, -2.8025 2.7163 1.3592, -2.7729 2.7163 1.4426, -2.7699 2.7163 1.4567, -2.7714 2.7163 1.4482, -2.7692 2.7163 1.4567, -2.7659 2.7163 1.4427, -2.7676 2.7163 1.4486
            ]
        }
        coordIndex [
            0,1,2,-1,3,4,5,-1,1,6,2,-1,2,6,7,-1,2,7,8,-1,8,7,9,-1,8,9,10,-1,10,11,8,-1,8,11,12,-1,8,12,13,-1,14,13,15,-1,15,13,12,-1,15,12,5,-1,5,12,0,-1,5,0,3,-1,3,0,2,-1,16,8,17,-1,17,8,13,-1,17,13,18,-1,2,8,19,-1,19,8,16,-1,20,21,3,-1,20,3,22,-1,22,3,2,-1,22,2,19,-1,4,3,23,-1,23,3,21,-1,24,5,25,-1,25,5,4,-1,25,4,23,-1,26,15,27,-1,27,15,5,-1,27,5,24,-1,28,14,29,-1,29,14,15,-1,29,15,26,-1,13,14,18,-1,18,14,28,-1,0,12,30,-1,30,12,31,-1,12,11,31,-1,31,11,32,-1,9,33,34,-1,9,34,10,-1,10,34,32,-1,10,32,11,-1,9,7,33,-1,33,7,35,-1,1,36,37,-1,1,37,6,-1,6,37,35,-1,6,35,7,-1,1,0,36,-1,36,0,30,-1,
        ]
    }
}
Shape{
    appearance Appearance {
        material  Material 	{
            diffuseColor 0.2235294117647059 0.2235294117647059 0.2235294117647059
            specularColor 0.11372549019607843 0.11372549019607843 0.11372549019607843
            ambientIntensity 0.2235
            transparency 0.0
            shininess 0.5
        }
    }
    geometry IndexedFaceSet {
        ccw TRUE
        solid FALSE
        coord DEF co Coordinate {
            point [
                -2.7699 2.7163 1.4567, -2.7692 2.7163 1.4567, -2.7714 2.7163 1.4482, -2.7676 2.7163 1.4486, -2.7729 2.7163 1.4426, -2.7659 2.7163 1.4427, -2.8025 2.7163 1.3592, -2.7353 2.7163 1.3597
            ]
        }
        coordIndex [
            0,1,2,-1,2,1,3,-1,2,3,4,-1,4,3,5,-1,4,5,6,-1,6,5,7,-1,
        ]
    }
}
Shape{
    appearance Appearance {
        material  Material 	{
            diffuseColor 1.0 1.0 1.0
            specularColor 0.5019607843137255 0.5019607843137255 0.5019607843137255
            ambientIntensity 1.0
            transparency 0.0
            shininess 0.5
        }
    }
    geometry IndexedFaceSet {
        ccw TRUE
        solid FALSE
        coord DEF co Coordinate {
            point [
                -2.1612 2.7167 0.9916, -2.161 2.7167 0.9688, -2.1612 2.7163 0.9916, -2.161 2.7163 0.9688, -2.0793 2.7167 0.9922, -2.0793 2.7163 0.9922, -2.0798 2.7167 1.0596, -2.0798 2.7163 1.0596, -2.1514 2.7167 1.059, -2.1514 2.7163 1.059, -2.1516 2.7167 1.082, -2.1516 2.7163 1.082, -2.08 2.7167 1.0825, -2.08 2.7163 1.0825, -2.0804 2.7167 1.1465, -2.0804 2.7163 1.1465, -2.1577 2.7167 1.146, -2.1577 2.7163 1.146, -2.1578 2.7163 1.1639, -2.1579 2.7167 1.169, -2.1579 2.7163 1.1678, -2.1579 2.7163 1.169, -2.0548 2.7167 1.1697, -2.0548 2.7163 1.1697, -2.0533 2.7163 0.9696, -2.0533 2.7167 0.9696, -2.0547 2.7163 1.1639, -2.0548 2.7163 1.1678, -2.2418 2.7167 1.0355, -2.2753 2.7167 1.0397, -2.3005 2.7167 1.0598, -2.2748 2.7167 0.968, -2.2999 2.7167 0.9678, -2.275 2.7167 0.9901, -2.2754 2.7167 1.0589, -2.2209 2.7167 1.0294, -2.2269 2.7167 1.0322, -2.2743 2.7167 0.9901, -2.2615 2.7167 0.9942, -2.2699 2.7167 0.9836, -2.2544 2.7167 0.9894, -2.2752 2.7167 1.026, -2.2736 2.7167 1.0137, -2.27 2.7167 1.0047, -2.2643 2.7167 0.9969, -2.2129 2.7167 0.9985, -2.1938 2.7167 0.9801, -2.2157 2.7167 0.9942, -2.1973 2.7167 0.9764, -2.2179 2.7167 0.9921, -2.2051 2.7167 0.9708, -2.2228 2.7167 0.9886, -2.2146 2.7167 0.967, -2.2285 2.7167 0.9865, -2.2264 2.7167 0.9651, -2.2303 2.7167 0.9649, -2.237 2.7167 0.9855, -2.2422 2.7167 0.9661, -2.2469 2.7167 0.9866, -2.2526 2.7167 0.9695, -2.2618 2.7167 0.9753, -2.2747 2.7167 1.0697, -2.2987 2.7167 1.0791, -2.2722 2.7167 1.0788, -2.2948 2.7167 1.0905, -2.2693 2.7167 1.084, -2.2897 2.7167 1.0986, -2.2656 2.7167 1.0881, -2.283 2.7167 1.105, -2.2611 2.7167 1.091, -2.2747 2.7167 1.1098, -2.2554 2.7167 1.0931, -2.2641 2.7167 1.113, -2.2467 2.7167 1.0941, -2.2492 2.7167 1.1144, -2.233 2.7167 1.0929, -2.2236 2.7167 1.1115, -2.2172 2.7167 1.0879, -2.2049 2.7167 1.1043, -2.1997 2.7167 1.0771, -2.1999 2.7167 1.1015, -2.211 2.7167 1.0128, -2.1854 2.7167 1.0099, -2.2107 2.7167 1.0088, -2.1853 2.7167 1.0069, -2.2113 2.7167 1.003, -2.1864 2.7167 0.9957, -2.1893 2.7167 0.9872, -2.233 2.7167 1.0532, -2.214 2.7167 1.0487, -2.2175 2.7167 1.0269, -2.2033 2.7167 1.0433, -2.2145 2.7167 1.0232, -2.1956 2.7167 1.0367, -2.2122 2.7167 1.0185, -2.1905 2.7167 1.0295, -2.187 2.7167 1.0207, -2.2492 2.7163 1.1144, -2.2236 2.7163 1.1115, -2.2049 2.7163 1.1043, -2.1999 2.7163 1.1015, -2.1997 2.7163 1.0771, -2.2172 2.7163 1.0879, -2.233 2.7163 1.0929, -2.2467 2.7163 1.0941, -2.2554 2.7163 1.0931, -2.2611 2.7163 1.091, -2.2656 2.7163 1.0881, -2.2693 2.7163 1.084, -2.2722 2.7163 1.0788, -2.2747 2.7163 1.0697, -2.2754 2.7163 1.0589, -2.233 2.7163 1.0532, -2.214 2.7163 1.0487, -2.2033 2.7163 1.0433, -2.1956 2.7163 1.0367, -2.1905 2.7163 1.0295, -2.187 2.7163 1.0207, -2.1854 2.7163 1.0099, -2.1853 2.7163 1.0069, -2.1864 2.7163 0.9957, -2.1893 2.7163 0.9872, -2.1938 2.7163 0.9801, -2.1973 2.7163 0.9764, -2.2051 2.7163 0.9708, -2.2146 2.7163 0.967, -2.2264 2.7163 0.9651, -2.2303 2.7163 0.9649, -2.2422 2.7163 0.9661, -2.2526 2.7163 0.9695, -2.2618 2.7163 0.9753, -2.2699 2.7163 0.9836, -2.2743 2.7163 0.9901, -2.275 2.7163 0.9901, -2.2748 2.7163 0.968, -2.2999 2.7163 0.9678, -2.3005 2.7163 1.0598, -2.2987 2.7163 1.0791, -2.2948 2.7163 1.0905, -2.2897 2.7163 1.0986, -2.283 2.7163 1.105, -2.2747 2.7163 1.1098, -2.2641 2.7163 1.113, -2.2175 2.7163 1.0269, -2.2209 2.7163 1.0294, -2.2269 2.7163 1.0322, -2.2418 2.7163 1.0355, -2.2107 2.7163 1.0088, -2.211 2.7163 1.0128, -2.2122 2.7163 1.0185, -2.2145 2.7163 1.0232, -2.2179 2.7163 0.9921, -2.2157 2.7163 0.9942, -2.2129 2.7163 0.9985, -2.2113 2.7163 1.003, -2.237 2.7163 0.9855, -2.2285 2.7163 0.9865, -2.2228 2.7163 0.9886, -2.2643 2.7163 0.9969, -2.2615 2.7163 0.9942, -2.2544 2.7163 0.9894, -2.2469 2.7163 0.9866, -2.2752 2.7163 1.026, -2.2736 2.7163 1.0137, -2.27 2.7163 1.0047, -2.2753 2.7163 1.0397
            ]
        }
        coordIndex [
            0,1,2,-1,2,1,3,-1,4,0,5,-1,5,0,2,-1,6,4,7,-1,7,4,5,-1,8,6,9,-1,9,6,7,-1,10,8,11,-1,11,8,9,-1,12,10,13,-1,13,10,11,-1,14,12,15,-1,15,12,13,-1,16,14,17,-1,17,14,15,-1,16,17,18,-1,16,18,19,-1,19,18,20,-1,19,20,21,-1,22,19,23,-1,23,19,21,-1,24,25,26,-1,26,25,22,-1,26,22,27,-1,27,22,23,-1,1,25,3,-1,3,25,24,-1,25,1,0,-1,0,4,25,-1,25,4,6,-1,25,6,22,-1,16,19,14,-1,14,19,22,-1,14,22,12,-1,12,22,6,-1,12,6,10,-1,10,6,8,-1,28,29,30,-1,31,32,33,-1,33,32,30,-1,34,35,36,-1,37,38,39,-1,39,38,40,-1,29,41,30,-1,30,41,42,-1,30,42,33,-1,33,42,43,-1,33,43,37,-1,37,43,44,-1,37,44,38,-1,45,46,47,-1,47,46,48,-1,47,48,49,-1,49,48,50,-1,49,50,51,-1,51,50,52,-1,51,52,53,-1,52,54,53,-1,53,54,55,-1,53,55,56,-1,56,55,57,-1,56,57,58,-1,58,57,59,-1,58,59,40,-1,40,59,60,-1,40,60,39,-1,36,28,34,-1,34,28,30,-1,34,30,61,-1,61,30,62,-1,61,62,63,-1,63,62,64,-1,63,64,65,-1,65,64,66,-1,65,66,67,-1,67,66,68,-1,67,68,69,-1,69,68,70,-1,69,70,71,-1,71,70,72,-1,71,72,73,-1,73,72,74,-1,73,74,75,-1,75,74,76,-1,75,76,77,-1,77,76,78,-1,77,78,79,-1,79,78,80,-1,81,82,83,-1,83,82,84,-1,83,84,85,-1,85,84,86,-1,85,86,45,-1,45,86,87,-1,45,87,46,-1,34,88,35,-1,35,88,89,-1,35,89,90,-1,90,89,91,-1,90,91,92,-1,92,91,93,-1,92,93,94,-1,94,93,95,-1,94,95,81,-1,81,95,96,-1,81,96,82,-1,74,97,98,-1,74,98,76,-1,76,98,99,-1,76,99,78,-1,78,99,100,-1,78,100,80,-1,79,80,101,-1,101,80,100,-1,79,101,102,-1,79,102,77,-1,77,102,103,-1,77,103,75,-1,75,103,104,-1,75,104,73,-1,73,104,105,-1,73,105,71,-1,71,105,106,-1,71,106,69,-1,69,106,107,-1,69,107,67,-1,67,107,108,-1,67,108,65,-1,65,108,109,-1,65,109,63,-1,63,109,110,-1,63,110,61,-1,61,110,111,-1,61,111,34,-1,88,34,112,-1,112,34,111,-1,88,112,113,-1,88,113,89,-1,89,113,114,-1,89,114,91,-1,91,114,115,-1,91,115,93,-1,93,115,116,-1,93,116,95,-1,95,116,117,-1,95,117,96,-1,96,117,118,-1,96,118,82,-1,82,118,119,-1,82,119,84,-1,84,119,120,-1,84,120,86,-1,86,120,121,-1,86,121,87,-1,87,121,122,-1,87,122,46,-1,46,122,123,-1,46,123,48,-1,48,123,124,-1,48,124,50,-1,50,124,125,-1,50,125,52,-1,52,125,126,-1,52,126,54,-1,54,126,127,-1,54,127,55,-1,55,127,128,-1,55,128,57,-1,57,128,129,-1,57,129,59,-1,59,129,130,-1,59,130,60,-1,60,130,131,-1,60,131,39,-1,39,131,132,-1,39,132,37,-1,33,37,133,-1,133,37,132,-1,31,33,134,-1,134,33,133,-1,32,31,135,-1,135,31,134,-1,30,32,136,-1,136,32,135,-1,30,136,137,-1,30,137,62,-1,62,137,138,-1,62,138,64,-1,64,138,139,-1,64,139,66,-1,66,139,140,-1,66,140,68,-1,68,140,141,-1,68,141,70,-1,70,141,142,-1,70,142,72,-1,72,142,97,-1,72,97,74,-1,90,143,144,-1,90,144,35,-1,35,144,145,-1,35,145,36,-1,36,145,146,-1,36,146,28,-1,83,147,148,-1,83,148,81,-1,81,148,149,-1,81,149,94,-1,94,149,150,-1,94,150,92,-1,92,150,143,-1,92,143,90,-1,49,151,152,-1,49,152,47,-1,47,152,153,-1,47,153,45,-1,45,153,154,-1,45,154,85,-1,85,154,147,-1,85,147,83,-1,56,155,156,-1,56,156,53,-1,53,156,157,-1,53,157,51,-1,51,157,151,-1,51,151,49,-1,44,158,159,-1,44,159,38,-1,38,159,160,-1,38,160,40,-1,40,160,161,-1,40,161,58,-1,58,161,155,-1,58,155,56,-1,41,162,163,-1,41,163,42,-1,42,163,164,-1,42,164,43,-1,43,164,158,-1,43,158,44,-1,41,29,162,-1,162,29,165,-1,29,28,165,-1,165,28,146,-1,
        ]
    }
}
Shape{
    appearance Appearance {
        material  Material 	{
            diffuseColor 0.2235294117647059 0.2235294117647059 0.2235294117647059
            specularColor 0.11372549019607843 0.11372549019607843 0.11372549019607843
            ambientIntensity 0.2235
            transparency 0.0
            shininess 0.5
        }
    }
    geometry IndexedFaceSet {
        ccw TRUE
        solid FALSE
        coord DEF co Coordinate {
            point [
                -2.2615 2.7163 0.9942, -2.2643 2.7163 0.9969, -2.2418 2.7163 1.0355, -2.27 2.7163 1.0047, -2.2469 2.7163 0.9866, -2.2269 2.7163 1.0322, -2.2209 2.7163 1.0294, -2.2544 2.7163 0.9894, -2.2736 2.7163 1.0137, -2.2752 2.7163 1.026, -2.2753 2.7163 1.0397, -2.2122 2.7163 1.0185, -2.211 2.7163 1.0128, -2.2107 2.7163 1.0088, -2.2113 2.7163 1.003, -2.2228 2.7163 0.9886, -2.2285 2.7163 0.9865, -2.2179 2.7163 0.9921, -2.237 2.7163 0.9855, -2.2175 2.7163 1.0269, -2.2145 2.7163 1.0232, -2.2129 2.7163 0.9985, -2.2157 2.7163 0.9942
            ]
        }
        coordIndex [
            0,1,2,-1,2,1,3,-1,4,5,6,-1,5,4,2,-1,2,4,7,-1,2,7,0,-1,3,8,2,-1,2,8,9,-1,2,9,10,-1,11,12,4,-1,4,12,13,-1,4,13,14,-1,15,16,17,-1,17,16,18,-1,17,18,4,-1,6,19,4,-1,4,19,20,-1,4,20,11,-1,14,21,4,-1,4,21,22,-1,4,22,17,-1,
        ]
    }
}
Shape{
    appearance Appearance {
        material  Material 	{
            diffuseColor 1.0 1.0 1.0
            specularColor 0.5019607843137255 0.5019607843137255 0.5019607843137255
            ambientIntensity 1.0
            transparency 0.0
            shininess 0.5
        }
    }
    geometry IndexedFaceSet {
        ccw TRUE
        solid FALSE
        coord DEF co Coordinate {
            point [
                -2.3341 2.7163 0.9985, -2.3341 2.7167 0.9985, -2.343 2.7167 0.9928, -2.3752 2.7167 0.9844, -2.3752 2.7163 0.9844, -2.3587 2.7163 0.9865, -2.3587 2.7167 0.9865, -2.3466 2.7163 0.9914, -2.343 2.7163 0.9928, -2.3339 2.7167 0.9726, -2.3339 2.7163 0.9726, -2.3726 2.7163 0.9639, -2.3726 2.7167 0.9639, -2.3514 2.7167 0.9663, -2.3466 2.7163 0.968, -2.3514 2.7163 0.9663, -2.3935 2.7163 0.966, -2.3935 2.7167 0.966, -2.4071 2.7163 0.9708, -2.4071 2.7167 0.9708, -2.4143 2.7163 0.975, -2.4143 2.7167 0.975, -2.4219 2.7163 0.9816, -2.4219 2.7167 0.9816, -2.4265 2.7163 0.9882, -2.4265 2.7167 0.9882, -2.4295 2.7163 0.9962, -2.4295 2.7167 0.9962, -2.4307 2.7163 1.0058, -2.4307 2.7167 1.0058, -2.4296 2.7163 1.0157, -2.4296 2.7167 1.0157, -2.4268 2.7163 1.023, -2.4268 2.7167 1.023, -2.4225 2.7163 1.0295, -2.4225 2.7167 1.0295, -2.4165 2.7163 1.0349, -2.4165 2.7167 1.0349, -2.3999 2.7163 1.0442, -2.3999 2.7167 1.0442, -2.3902 2.7163 1.0482, -2.3902 2.7167 1.0482, -2.3748 2.7163 1.0551, -2.3748 2.7167 1.0551, -2.366 2.7163 1.0607, -2.366 2.7167 1.0607, -2.3636 2.7163 1.0634, -2.3636 2.7167 1.0634, -2.3618 2.7163 1.0668, -2.3618 2.7167 1.0668, -2.3608 2.7163 1.0707, -2.3608 2.7167 1.0707, -2.3606 2.7163 1.074, -2.3606 2.7167 1.074, -2.3611 2.7163 1.078, -2.3611 2.7167 1.078, -2.3623 2.7163 1.0814, -2.3623 2.7167 1.0814, -2.3645 2.7163 1.0846, -2.3645 2.7167 1.0846, -2.3683 2.7163 1.0879, -2.3683 2.7167 1.0879, -2.374 2.7163 1.0909, -2.374 2.7167 1.0909, -2.3807 2.7163 1.0926, -2.3807 2.7167 1.0926, -2.3881 2.7163 1.0931, -2.3881 2.7167 1.0931, -2.4056 2.7163 1.0908, -2.4056 2.7167 1.0908, -2.4198 2.7163 1.0852, -2.4198 2.7167 1.0852, -2.4244 2.7163 1.0825, -2.4244 2.7167 1.0825, -2.4245 2.7167 1.1068, -2.4245 2.7163 1.1068, -2.4083 2.7163 1.1117, -2.4083 2.7167 1.1117, -2.3907 2.7163 1.1134, -2.3907 2.7167 1.1134, -2.3705 2.7163 1.1111, -2.3705 2.7167 1.1111, -2.3571 2.7163 1.106, -2.3571 2.7167 1.106, -2.351 2.7163 1.1024, -2.351 2.7167 1.1024, -2.3433 2.7167 1.0954, -2.3466 2.7163 1.0984, -2.3433 2.7163 1.0954, -2.3387 2.7163 1.0887, -2.3387 2.7167 1.0887, -2.3357 2.7163 1.0806, -2.3357 2.7167 1.0806, -2.3347 2.7163 1.072, -2.3347 2.7167 1.072, -2.3359 2.7163 1.0618, -2.3359 2.7167 1.0618, -2.3386 2.7163 1.0542, -2.3386 2.7167 1.0542, -2.3417 2.7163 1.0493, -2.3417 2.7167 1.0493, -2.3724 2.7163 1.0302, -2.3724 2.7167 1.0302, -2.3575 2.7167 1.0371, -2.3458 2.7163 1.045, -2.3458 2.7167 1.045, -2.3466 2.7163 1.0444, -2.3575 2.7163 1.0371, -2.3888 2.7163 1.0231, -2.3888 2.7167 1.0231, -2.3986 2.7163 1.0172, -2.3986 2.7167 1.0172, -2.4017 2.7163 1.0139, -2.4017 2.7167 1.0139, -2.4036 2.7163 1.0106, -2.4036 2.7167 1.0106, -2.4047 2.7163 1.0066, -2.4047 2.7167 1.0066, -2.4049 2.7163 1.0035, -2.4049 2.7167 1.0035, -2.4044 2.7163 0.9987, -2.4044 2.7167 0.9987, -2.4031 2.7163 0.9952, -2.4031 2.7167 0.9952, -2.4009 2.7163 0.992, -2.4009 2.7167 0.992, -2.398 2.7163 0.9894, -2.398 2.7167 0.9894, -2.3957 2.7163 0.9881, -2.3957 2.7167 0.9881, -2.3892 2.7163 0.9857, -2.3892 2.7167 0.9857, -2.3763 2.7163 0.9844, -2.3763 2.7167 0.9844, -2.5557 2.7167 1.109, -2.5817 2.7167 1.1088, -2.5557 2.7163 1.109, -2.5817 2.7163 1.1088, -2.5159 2.7167 1.0016, -2.5159 2.7163 1.0016, -2.5139 2.7163 0.995, -2.5139 2.7167 0.995, -2.5127 2.7163 0.9901, -2.5127 2.7167 0.9901, -2.5121 2.7167 0.9901, -2.5121 2.7163 0.9901, -2.5091 2.7167 1.0019, -2.5091 2.7163 1.0019, -2.4725 2.7163 1.1096, -2.4725 2.7167 1.1096, -2.4859 2.7163 1.0701, -2.4445 2.7167 1.1098, -2.4445 2.7163 1.1098, -2.4995 2.7163 0.9667, -2.4995 2.7167 0.9667, -2.4859 2.7163 1.0021, -2.4883 2.7167 0.9408, -2.4883 2.7163 0.9408, -2.4859 2.7163 0.9365, -2.483 2.7167 0.9313, -2.483 2.7163 0.9313, -2.4782 2.7163 0.9263, -2.4782 2.7167 0.9263, -2.4754 2.7163 0.9243, -2.4754 2.7167 0.9243, -2.4701 2.7163 0.9219, -2.4701 2.7167 0.9219, -2.4643 2.7163 0.9209, -2.4643 2.7167 0.9209, -2.4625 2.7163 0.9208, -2.4625 2.7167 0.9208, -2.4534 2.7163 0.9221, -2.4534 2.7167 0.9221, -2.4483 2.7163 0.9238, -2.4483 2.7167 0.9238, -2.4482 2.7167 0.9015, -2.4482 2.7163 0.9015, -2.4583 2.7163 0.8996, -2.4583 2.7167 0.8996, -2.4643 2.7163 0.8993, -2.4643 2.7167 0.8993, -2.4745 2.7163 0.9004, -2.4745 2.7167 0.9004, -2.4844 2.7163 0.9041, -2.4844 2.7167 0.9041, -2.4859 2.7163 0.9052, -2.4932 2.7167 0.9102, -2.4932 2.7163 0.9102, -2.4947 2.7163 0.9116, -2.4947 2.7167 0.9116, -2.504 2.7163 0.9225, -2.504 2.7167 0.9225, -2.5156 2.7163 0.9447, -2.5156 2.7167 0.9447, -2.7155 2.7167 0.9877, -2.7154 2.7167 0.9649, -2.7155 2.7163 0.9877, -2.7154 2.7163 0.9649, -2.6337 2.7163 0.9883, -2.6337 2.7167 0.9883, -2.6737 2.7163 0.988, -2.6342 2.7167 1.0556, -2.6342 2.7163 1.0556, -2.7058 2.7163 1.0551, -2.7058 2.7167 1.0551, -2.6737 2.7163 1.0553, -2.7059 2.7167 1.078, -2.7059 2.7163 1.078, -2.6343 2.7163 1.0785, -2.6343 2.7167 1.0785, -2.6737 2.7163 1.0783, -2.6348 2.7167 1.1426, -2.6348 2.7163 1.1426, -2.7121 2.7163 1.1421, -2.7121 2.7167 1.1421, -2.6737 2.7163 1.1423, -2.7122 2.7167 1.1651, -2.7122 2.7163 1.1639, -2.7122 2.7163 1.1651, -2.6091 2.7163 1.1658, -2.6091 2.7167 1.1658, -2.6737 2.7163 1.1654, -2.6077 2.7163 0.9656, -2.6077 2.7167 0.9656, -2.6091 2.7163 1.1639, -2.6737 2.7163 0.9652, -2.8779 2.7167 1.0198, -2.8679 2.7167 1.0075, -2.8861 2.7167 0.9917, -2.8642 2.7167 1.0042, -2.8654 2.7167 0.977, -2.8509 2.7167 0.9956, -2.8426 2.7167 0.9682, -2.8337 2.7167 0.9896, -2.8082 2.7167 0.9642, -2.8082 2.7167 0.987, -2.7532 2.7167 0.9646, -2.7792 2.7167 0.9873, -2.7546 2.7167 1.1648, -2.7803 2.7167 1.1416, -2.8117 2.7167 1.1644, -2.8105 2.7167 1.1414, -2.8422 2.7167 1.1608, -2.8363 2.7167 1.1383, -2.8663 2.7167 1.1518, -2.8536 2.7167 1.1319, -2.8872 2.7167 1.1373, -2.8681 2.7167 1.1221, -2.894 2.7167 1.1306, -2.8747 2.7167 1.1154, -2.9063 2.7167 1.1131, -2.8821 2.7167 1.1038, -2.9136 2.7167 1.094, -2.8874 2.7167 1.0887, -2.9169 2.7167 1.0661, -2.8897 2.7167 1.0656, -2.9162 2.7167 1.0534, -2.8889 2.7167 1.0529, -2.9112 2.7167 1.03, -2.8849 2.7167 1.0346, -2.9012 2.7167 1.0094, -2.8082 2.7163 0.9642, -2.7532 2.7163 0.9646, -2.8426 2.7163 0.9682, -2.8654 2.7163 0.977, -2.8861 2.7163 0.9917, -2.9012 2.7163 1.0094, -2.9112 2.7163 1.03, -2.9162 2.7163 1.0534, -2.9169 2.7163 1.0661, -2.9136 2.7163 1.094, -2.9063 2.7163 1.1131, -2.894 2.7163 1.1306, -2.8872 2.7163 1.1373, -2.8117 2.7163 1.1644, -2.8158 2.7163 1.1639, -2.8422 2.7163 1.1608, -2.8663 2.7163 1.1518, -2.7546 2.7163 1.1648, -2.7546 2.7163 1.1639, -2.8105 2.7163 1.1414, -2.7803 2.7163 1.1416, -2.7792 2.7163 0.9873, -2.8082 2.7163 0.987, -2.8679 2.7163 1.0075, -2.8642 2.7163 1.0042, -2.8509 2.7163 0.9956, -2.8337 2.7163 0.9896, -2.8897 2.7163 1.0656, -2.8889 2.7163 1.0529, -2.8849 2.7163 1.0346, -2.8779 2.7163 1.0198, -2.8681 2.7163 1.1221, -2.8747 2.7163 1.1154, -2.8821 2.7163 1.1038, -2.8874 2.7163 1.0887, -2.8363 2.7163 1.1383, -2.8536 2.7163 1.1319
            ]
        }
        coordIndex [
            0,1,2,-1,3,4,5,-1,3,5,6,-1,6,5,7,-1,6,7,2,-1,2,7,8,-1,2,8,0,-1,9,1,10,-1,10,1,0,-1,11,12,13,-1,9,10,14,-1,9,14,13,-1,13,14,15,-1,13,15,11,-1,12,11,16,-1,12,16,17,-1,17,16,18,-1,17,18,19,-1,19,18,20,-1,19,20,21,-1,21,20,22,-1,21,22,23,-1,23,22,24,-1,23,24,25,-1,25,24,26,-1,25,26,27,-1,27,26,28,-1,27,28,29,-1,29,28,30,-1,29,30,31,-1,31,30,32,-1,31,32,33,-1,33,32,34,-1,33,34,35,-1,35,34,36,-1,35,36,37,-1,37,36,38,-1,37,38,39,-1,39,38,40,-1,39,40,41,-1,41,40,42,-1,41,42,43,-1,43,42,44,-1,43,44,45,-1,45,44,46,-1,45,46,47,-1,47,46,48,-1,47,48,49,-1,49,48,50,-1,49,50,51,-1,51,50,52,-1,51,52,53,-1,53,52,54,-1,53,54,55,-1,55,54,56,-1,55,56,57,-1,57,56,58,-1,57,58,59,-1,59,58,60,-1,59,60,61,-1,61,60,62,-1,61,62,63,-1,63,62,64,-1,63,64,65,-1,65,64,66,-1,65,66,67,-1,67,66,68,-1,67,68,69,-1,69,68,70,-1,69,70,71,-1,71,70,72,-1,71,72,73,-1,74,73,75,-1,75,73,72,-1,74,75,76,-1,74,76,77,-1,77,76,78,-1,77,78,79,-1,79,78,80,-1,79,80,81,-1,81,80,82,-1,81,82,83,-1,83,82,84,-1,83,84,85,-1,86,85,87,-1,87,85,84,-1,87,88,86,-1,86,88,89,-1,86,89,90,-1,90,89,91,-1,90,91,92,-1,92,91,93,-1,92,93,94,-1,94,93,95,-1,94,95,96,-1,96,95,97,-1,96,97,98,-1,98,97,99,-1,98,99,100,-1,101,102,103,-1,100,99,104,-1,100,104,105,-1,105,104,106,-1,105,106,103,-1,103,106,107,-1,103,107,101,-1,102,101,108,-1,102,108,109,-1,109,108,110,-1,109,110,111,-1,111,110,112,-1,111,112,113,-1,113,112,114,-1,113,114,115,-1,115,114,116,-1,115,116,117,-1,117,116,118,-1,117,118,119,-1,119,118,120,-1,119,120,121,-1,121,120,122,-1,121,122,123,-1,123,122,124,-1,123,124,125,-1,125,124,126,-1,125,126,127,-1,127,126,128,-1,127,128,129,-1,129,128,130,-1,129,130,131,-1,131,130,132,-1,131,132,133,-1,133,132,4,-1,133,4,3,-1,57,59,85,-1,85,59,83,-1,83,59,61,-1,83,61,81,-1,123,23,25,-1,109,41,102,-1,102,41,43,-1,123,25,121,-1,121,25,27,-1,121,27,119,-1,119,27,29,-1,119,29,117,-1,117,29,31,-1,117,31,115,-1,115,31,33,-1,115,33,113,-1,113,33,35,-1,113,35,111,-1,111,35,37,-1,111,37,109,-1,109,37,39,-1,109,39,41,-1,23,123,21,-1,21,123,125,-1,21,125,19,-1,12,3,13,-1,13,3,6,-1,13,6,9,-1,9,6,2,-1,9,2,1,-1,61,63,81,-1,81,63,65,-1,81,65,79,-1,79,65,67,-1,79,67,77,-1,77,67,69,-1,77,69,74,-1,74,69,71,-1,74,71,73,-1,125,127,19,-1,19,127,129,-1,19,129,17,-1,17,129,131,-1,17,131,12,-1,12,131,133,-1,12,133,3,-1,85,86,57,-1,57,86,90,-1,57,90,55,-1,55,90,92,-1,55,92,53,-1,53,92,94,-1,53,94,51,-1,51,94,96,-1,51,96,49,-1,49,96,98,-1,49,98,47,-1,47,98,100,-1,47,100,45,-1,45,100,105,-1,45,105,43,-1,43,105,103,-1,43,103,102,-1,134,135,136,-1,136,135,137,-1,138,134,139,-1,139,134,136,-1,138,139,140,-1,138,140,141,-1,141,140,142,-1,141,142,143,-1,144,143,145,-1,145,143,142,-1,146,144,147,-1,147,144,145,-1,148,149,150,-1,150,149,146,-1,150,146,147,-1,151,149,152,-1,152,149,148,-1,153,154,155,-1,155,154,151,-1,155,151,152,-1,156,154,157,-1,157,154,153,-1,156,157,158,-1,156,158,159,-1,158,160,159,-1,159,160,161,-1,159,161,162,-1,162,161,163,-1,162,163,164,-1,164,163,165,-1,164,165,166,-1,166,165,167,-1,166,167,168,-1,168,167,169,-1,168,169,170,-1,170,169,171,-1,170,171,172,-1,172,171,173,-1,172,173,174,-1,175,174,176,-1,176,174,173,-1,175,176,177,-1,175,177,178,-1,178,177,179,-1,178,179,180,-1,180,179,181,-1,180,181,182,-1,182,181,183,-1,182,183,184,-1,184,183,185,-1,184,185,186,-1,185,187,186,-1,186,187,188,-1,186,188,189,-1,189,188,190,-1,189,190,191,-1,191,190,192,-1,191,192,193,-1,135,193,137,-1,137,193,192,-1,141,143,193,-1,172,174,175,-1,135,134,193,-1,193,134,138,-1,193,138,141,-1,149,151,146,-1,146,151,154,-1,146,154,144,-1,143,144,193,-1,193,144,154,-1,193,154,191,-1,172,175,170,-1,170,175,178,-1,170,178,168,-1,168,178,180,-1,168,180,166,-1,166,180,182,-1,166,182,164,-1,164,182,184,-1,164,184,162,-1,154,156,191,-1,191,156,159,-1,191,159,189,-1,189,159,162,-1,189,162,186,-1,186,162,184,-1,194,195,196,-1,196,195,197,-1,198,199,200,-1,200,199,194,-1,200,194,196,-1,201,199,202,-1,202,199,198,-1,203,204,205,-1,205,204,201,-1,205,201,202,-1,206,204,207,-1,207,204,203,-1,208,209,210,-1,210,209,206,-1,210,206,207,-1,211,209,212,-1,212,209,208,-1,213,214,215,-1,215,214,211,-1,215,211,212,-1,214,213,216,-1,216,213,217,-1,216,217,218,-1,219,220,221,-1,221,220,216,-1,221,216,218,-1,222,223,224,-1,224,223,220,-1,224,220,219,-1,197,195,225,-1,225,195,223,-1,225,223,222,-1,223,195,194,-1,194,199,223,-1,223,199,201,-1,223,201,220,-1,214,216,211,-1,211,216,220,-1,211,220,209,-1,209,220,201,-1,209,201,206,-1,206,201,204,-1,226,227,228,-1,228,227,229,-1,228,229,230,-1,230,229,231,-1,230,231,232,-1,232,231,233,-1,232,233,234,-1,234,233,235,-1,234,235,236,-1,236,235,237,-1,236,237,238,-1,238,237,239,-1,238,239,240,-1,240,239,241,-1,240,241,242,-1,242,241,243,-1,242,243,244,-1,244,243,245,-1,244,245,246,-1,246,245,247,-1,246,247,248,-1,248,247,249,-1,248,249,250,-1,250,249,251,-1,250,251,252,-1,252,251,253,-1,252,253,254,-1,254,253,255,-1,254,255,256,-1,256,255,257,-1,256,257,258,-1,258,257,259,-1,258,259,260,-1,260,259,226,-1,260,226,228,-1,234,236,261,-1,261,236,262,-1,234,261,263,-1,234,263,232,-1,232,263,264,-1,232,264,230,-1,230,264,265,-1,230,265,228,-1,228,265,266,-1,228,266,260,-1,260,266,267,-1,260,267,258,-1,258,267,268,-1,258,268,256,-1,256,268,269,-1,256,269,254,-1,254,269,270,-1,254,270,252,-1,252,270,271,-1,252,271,250,-1,250,271,272,-1,250,272,248,-1,248,272,273,-1,248,273,246,-1,274,240,275,-1,275,240,242,-1,275,242,276,-1,276,242,244,-1,276,244,277,-1,277,244,246,-1,277,246,273,-1,238,240,278,-1,278,240,274,-1,262,236,279,-1,279,236,238,-1,279,238,278,-1,241,239,280,-1,280,239,281,-1,239,237,281,-1,281,237,282,-1,237,235,282,-1,282,235,283,-1,227,284,285,-1,227,285,229,-1,229,285,286,-1,229,286,231,-1,231,286,287,-1,231,287,233,-1,233,287,283,-1,233,283,235,-1,255,288,289,-1,255,289,257,-1,257,289,290,-1,257,290,259,-1,259,290,291,-1,259,291,226,-1,226,291,284,-1,226,284,227,-1,247,292,293,-1,247,293,249,-1,249,293,294,-1,249,294,251,-1,251,294,295,-1,251,295,253,-1,253,295,288,-1,253,288,255,-1,241,280,296,-1,241,296,243,-1,243,296,297,-1,243,297,245,-1,245,297,292,-1,245,292,247,-1,
        ]
    }
}
Shape{
    appearance Appearance {
        material  Material 	{
            diffuseColor 0.2235294117647059 0.2235294117647059 0.2235294117647059
            specularColor 0.11372549019607843 0.11372549019607843 0.11372549019607843
            ambientIntensity 0.2235
            transparency 0.0
            shininess 0.5
        }
    }
    geometry IndexedFaceSet {
        ccw TRUE
        solid FALSE
        coord DEF co Coordinate {
            point [
                -2.7803 2.7163 1.1416, -2.7792 2.7163 0.9873, -2.8105 2.7163 1.1414, -2.8082 2.7163 0.987, -2.8337 2.7163 0.9896, -2.8509 2.7163 0.9956, -2.8642 2.7163 1.0042, -2.8679 2.7163 1.0075, -2.8779 2.7163 1.0198, -2.8849 2.7163 1.0346, -2.8889 2.7163 1.0529, -2.8897 2.7163 1.0656, -2.8874 2.7163 1.0887, -2.8821 2.7163 1.1038, -2.8747 2.7163 1.1154, -2.8681 2.7163 1.1221, -2.8363 2.7163 1.1383, -2.8536 2.7163 1.1319
            ]
        }
        coordIndex [
            0,1,2,-1,2,1,3,-1,2,3,4,-1,4,5,2,-1,2,5,6,-1,2,6,7,-1,7,8,2,-1,2,8,9,-1,2,9,10,-1,10,11,2,-1,2,11,12,-1,2,12,13,-1,13,14,2,-1,2,14,15,-1,2,15,16,-1,16,15,17,-1,
        ]
    }
}
Shape{
    appearance Appearance {
        material  Material 	{
            diffuseColor 1.0 1.0 1.0
            specularColor 0.5019607843137255 0.5019607843137255 0.5019607843137255
            ambientIntensity 1.0
            transparency 0.0
            shininess 0.5
        }
    }
    geometry IndexedFaceSet {
        ccw TRUE
        solid FALSE
        coord DEF co Coordinate {
            point [
                -2.9838 2.7167 1.0404, -3.0143 2.7167 1.1233, -3.0049 2.7167 1.163, -2.9272 2.7167 0.9634, -2.9558 2.7167 0.9632, -2.9754 2.7167 1.0178, -3.0161 2.7167 1.1293, -3.0177 2.7167 1.1373, -3.0325 2.7167 1.1628, -3.0183 2.7167 1.1373, -3.0198 2.7167 1.1289, -3.0213 2.7167 1.1233, -3.051 2.7167 1.0399, -3.1074 2.7167 0.9621, -3.0788 2.7167 0.9623, -3.0588 2.7167 1.0172, -3.0325 2.7163 1.1628, -3.1074 2.7163 0.9621, -3.0049 2.7163 1.163, -2.9272 2.7163 0.9634, -2.9558 2.7163 0.9632, -2.9754 2.7163 1.0178, -3.0588 2.7163 1.0172, -3.0788 2.7163 0.9623, -2.9838 2.7163 1.0404, -3.051 2.7163 1.0399, -3.0213 2.7163 1.1233, -3.0183 2.7163 1.1373, -3.0198 2.7163 1.1289, -3.0177 2.7163 1.1373, -3.0143 2.7163 1.1233, -3.0161 2.7163 1.1293
            ]
        }
        coordIndex [
            0,1,2,-1,3,4,5,-1,1,6,2,-1,2,6,7,-1,2,7,8,-1,8,7,9,-1,8,9,10,-1,10,11,8,-1,8,11,12,-1,8,12,13,-1,14,13,15,-1,15,13,12,-1,15,12,5,-1,5,12,0,-1,5,0,3,-1,3,0,2,-1,8,13,16,-1,16,13,17,-1,2,8,18,-1,18,8,16,-1,3,2,19,-1,19,2,18,-1,4,3,20,-1,20,3,19,-1,5,4,21,-1,21,4,20,-1,15,5,22,-1,22,5,21,-1,14,15,23,-1,23,15,22,-1,13,14,17,-1,17,14,23,-1,0,12,24,-1,24,12,25,-1,12,11,25,-1,25,11,26,-1,9,27,28,-1,9,28,10,-1,10,28,26,-1,10,26,11,-1,9,7,27,-1,27,7,29,-1,1,30,31,-1,1,31,6,-1,6,31,29,-1,6,29,7,-1,1,0,30,-1,30,0,24,-1,
        ]
    }
}
Shape{
    appearance Appearance {
        material  Material 	{
            diffuseColor 0.2235294117647059 0.2235294117647059 0.2235294117647059
            specularColor 0.11372549019607843 0.11372549019607843 0.11372549019607843
            ambientIntensity 0.2235
            transparency 0.0
            shininess 0.5
        }
    }
    geometry IndexedFaceSet {
        ccw TRUE
        solid FALSE
        coord DEF co Coordinate {
            point [
                -3.0183 2.7163 1.1373, -3.0177 2.7163 1.1373, -3.0198 2.7163 1.1289, -3.0161 2.7163 1.1293, -3.0213 2.7163 1.1233, -3.0143 2.7163 1.1233, -3.051 2.7163 1.0399, -2.9838 2.7163 1.0404
            ]
        }
        coordIndex [
            0,1,2,-1,2,1,3,-1,2,3,4,-1,4,3,5,-1,4,5,6,-1,6,5,7,-1,
        ]
    }
}
Shape{
    appearance Appearance {
        material  Material 	{
            diffuseColor 1.0 1.0 1.0
            specularColor 0.5019607843137255 0.5019607843137255 0.5019607843137255
            ambientIntensity 1.0
            transparency 0.0
            shininess 0.5
        }
    }
    geometry IndexedFaceSet {
        ccw TRUE
        solid FALSE
        coord DEF co Coordinate {
            point [
                -1.1691 2.7167 0.9476, -1.19 2.7167 0.9213, -1.1572 2.7167 1.0734, -1.633 2.7167 1.1398, -1.5894 2.7167 1.2156, -1.398 2.7167 1.1173, -1.2991 2.7167 1.0759, -1.3125 2.7167 1.0716, -1.1344 2.7167 1.3211, -1.1663 2.7167 1.3377, -1.1589 2.7167 1.4251, -1.2152 2.7167 1.4317, -1.3243 2.7167 1.0642, -1.3338 2.7167 1.0543, -1.433 2.7167 1.0359, -1.2479 2.7167 1.4286, -1.2913 2.7167 1.3244, -1.3103 2.7167 1.3645, -1.1264 2.7167 1.0927, -1.1369 2.7167 0.9837, -1.1551 2.7167 0.9781, -1.3403 2.7167 1.0428, -1.344 2.7167 1.0299, -1.4329 2.7167 1.0217, -1.3444 2.7167 1.0161, -1.2761 2.7167 1.0752, -1.2577 2.7167 1.1625, -1.2636 2.7167 1.0705, -1.2262 2.7167 1.1507, -1.2523 2.7167 1.0628, -1.1969 2.7167 1.1307, -1.2454 2.7167 1.0554, -1.1732 2.7167 1.104, -1.2383 2.7167 1.0435, -1.2343 2.7167 1.03, -1.3433 2.7167 1.1565, -1.309 2.7167 1.1653, -1.2916 2.7167 1.1664, -1.2773 2.7167 1.4624, -1.3413 2.7167 1.4032, -1.311 2.7167 1.4908, -1.3806 2.7167 1.4329, -1.3457 2.7167 1.512, -1.2015 2.7167 1.3457, -1.216 2.7167 1.3463, -1.2316 2.7167 1.4307, -1.249 2.7167 1.342, -1.2808 2.7167 1.3302, -1.2515 2.7167 0.9805, -1.2627 2.7167 0.9725, -1.2177 2.7167 0.9001, -1.2758 2.7167 0.9674, -1.681 2.7167 1.2804, -1.6924 2.7167 1.2803, -1.7512 2.7167 1.3567, -1.7193 2.7167 1.2768, -1.7624 2.7167 1.3528, -1.7441 2.7167 1.2671, -1.8042 2.7167 1.3305, -1.7661 2.7167 1.2515, -1.8417 2.7167 1.2968, -1.7826 2.7167 1.2328, -1.8696 2.7167 1.2555, -1.7956 2.7167 1.2081, -1.8857 2.7167 1.2117, -1.802 2.7167 1.1807, -1.8908 2.7167 1.1693, -1.8026 2.7167 1.1685, -1.8905 2.7167 1.1602, -1.799 2.7167 1.1409, -1.6182 2.7167 0.9726, -1.6233 2.7167 0.9719, -1.6353 2.7167 1.0587, -1.4115 2.7167 1.5369, -1.4269 2.7167 1.4523, -1.4822 2.7167 1.5451, -1.6752 2.7167 1.4697, -1.6303 2.7167 1.3932, -1.7214 2.7167 1.4156, -1.6591 2.7167 1.352, -1.6769 2.7167 1.3043, -1.0772 2.7167 1.2393, -0.9835 2.7167 1.216, -1.0727 2.7167 1.205, -0.983 2.7167 1.2028, -1.0742 2.7167 1.1833, -0.9896 2.7167 1.1465, -1.0841 2.7167 1.1484, -1.0098 2.7167 1.0934, -1.101 2.7167 1.1191, -1.0417 2.7167 1.0472, -1.0856 2.7167 1.0092, -1.2896 2.7167 1.0768, -1.3734 2.7167 1.1401, -1.6993 2.7167 1.0582, -1.7072 2.7167 0.9713, -1.7247 2.7167 1.0629, -1.7501 2.7167 0.9795, -1.7499 2.7167 1.0743, -1.7941 2.7167 0.9994, -1.7711 2.7167 1.0913, -1.8319 2.7167 1.029, -1.7732 2.7167 1.0935, -1.8372 2.7167 1.0345, -1.789 2.7167 1.1156, -1.8633 2.7167 1.0694, -1.8826 2.7167 1.1137, -1.106 2.7167 1.405, -1.0605 2.7167 1.3734, -1.1095 2.7167 1.2992, -1.0511 2.7167 1.3645, -1.0896 2.7167 1.271, -1.0163 2.7167 1.3206, -0.9933 2.7167 1.2694, -1.2426 2.7167 0.991, -1.2368 2.7167 1.0029, -1.2339 2.7167 1.0161, -1.4742 2.7167 1.4596, -1.483 2.7167 1.4597, -1.5408 2.7167 1.5385, -1.5262 2.7167 1.4546, -1.612 2.7167 1.5128, -1.5711 2.7167 1.4384, -1.6115 2.7167 1.4115, -1.2504 2.7167 0.886, -1.284 2.7167 0.8805, -1.2888 2.7167 0.9658, -1.2896 2.7167 0.8804, -1.3024 2.7167 0.9674, -1.324 2.7167 0.8843, -1.3149 2.7167 0.9721, -1.3558 2.7167 0.8963, -1.3258 2.7167 0.9796, -1.3843 2.7167 0.9158, -1.3349 2.7167 0.9899, -1.4066 2.7167 0.9404, -1.3413 2.7167 1.0023, -1.4236 2.7167 0.9721, -1.4321 2.7167 1.0072, -1.5826 2.7167 1.0208, -1.5823 2.7167 1.0163, -1.6281 2.7167 1.06, -1.5834 2.7167 1.0066, -1.5868 2.7167 0.9969, -1.5927 2.7167 0.9879, -1.599 2.7167 0.9817, -1.6324 2.7167 1.0591, -1.6086 2.7167 0.9757, -1.6267 2.7167 1.0602, -1.6169 2.7167 1.0591, -1.607 2.7167 1.0556, -1.5981 2.7167 1.0497, -1.5905 2.7167 1.0416, -1.5852 2.7167 1.0317, -1.8908 2.7163 1.1693, -1.8857 2.7163 1.2117, -1.8511 2.7163 1.2828, -1.8806 2.7163 1.2256, -1.8696 2.7163 1.2555, -1.8417 2.7163 1.2968, -1.8042 2.7163 1.3305, -1.7624 2.7163 1.3528, -1.7512 2.7163 1.3567, -1.7214 2.7163 1.4156, -1.6752 2.7163 1.4697, -1.4822 2.7163 1.5451, -1.651 2.7163 1.4862, -1.612 2.7163 1.5128, -1.5997 2.7163 1.5173, -1.5408 2.7163 1.5385, -1.311 2.7163 1.4908, -1.4115 2.7163 1.5369, -1.3598 2.7163 1.5173, -1.3457 2.7163 1.512, -1.2479 2.7163 1.4286, -1.3056 2.7163 1.4862, -1.2773 2.7163 1.4624, -1.2316 2.7163 1.4307, -1.2152 2.7163 1.4317, -1.1589 2.7163 1.4251, -1.106 2.7163 1.405, -1.0605 2.7163 1.3734, -1.0511 2.7163 1.3645, -0.983 2.7163 1.2028, -1.0163 2.7163 1.3206, -0.9993 2.7163 1.2828, -0.9933 2.7163 1.2694, -0.9853 2.7163 1.2256, -0.9835 2.7163 1.216, -0.9876 2.7163 1.1639, -0.9871 2.7163 1.1678, -0.9896 2.7163 1.1465, -1.0098 2.7163 1.0934, -1.0417 2.7163 1.0472, -1.0856 2.7163 1.0092, -1.1369 2.7163 0.9837, -1.1551 2.7163 0.9781, -1.1691 2.7163 0.9476, -1.19 2.7163 0.9213, -1.2177 2.7163 0.9001, -1.2504 2.7163 0.886, -1.284 2.7163 0.8805, -1.2896 2.7163 0.8804, -1.324 2.7163 0.8843, -1.3558 2.7163 0.8963, -1.3843 2.7163 0.9158, -1.4066 2.7163 0.9404, -1.4236 2.7163 0.9721, -1.4321 2.7163 1.0072, -1.4329 2.7163 1.0217, -1.433 2.7163 1.0359, -1.633 2.7163 1.1398, -1.6191 2.7163 1.1639, -1.6169 2.7163 1.1678, -1.5894 2.7163 1.2156, -1.4888 2.7163 1.1639, -1.398 2.7163 1.1173, -1.4964 2.7163 1.1678, -1.2916 2.7163 1.1664, -1.3734 2.7163 1.1401, -1.3433 2.7163 1.1565, -1.3143 2.7163 1.1639, -1.309 2.7163 1.1653, -1.2697 2.7163 1.1639, -1.2577 2.7163 1.1625, -1.2262 2.7163 1.1507, -1.1969 2.7163 1.1307, -1.1732 2.7163 1.104, -1.1572 2.7163 1.0734, -1.0727 2.7163 1.205, -1.1264 2.7163 1.0927, -1.101 2.7163 1.1191, -1.0841 2.7163 1.1484, -1.0797 2.7163 1.1639, -1.0786 2.7163 1.1678, -1.0742 2.7163 1.1833, -1.0754 2.7163 1.2256, -1.0772 2.7163 1.2393, -1.0896 2.7163 1.271, -1.0979 2.7163 1.2828, -1.1095 2.7163 1.2992, -1.1344 2.7163 1.3211, -1.1663 2.7163 1.3377, -1.2015 2.7163 1.3457, -1.216 2.7163 1.3463, -1.249 2.7163 1.342, -1.2808 2.7163 1.3302, -1.2913 2.7163 1.3244, -1.3103 2.7163 1.3645, -1.3413 2.7163 1.4032, -1.3806 2.7163 1.4329, -1.4269 2.7163 1.4523, -1.4742 2.7163 1.4596, -1.483 2.7163 1.4597, -1.681 2.7163 1.2804, -1.6805 2.7163 1.2828, -1.6769 2.7163 1.3043, -1.6591 2.7163 1.352, -1.6303 2.7163 1.3932, -1.6115 2.7163 1.4115, -1.5711 2.7163 1.4384, -1.5262 2.7163 1.4546, -1.6924 2.7163 1.2803, -1.7193 2.7163 1.2768, -1.7441 2.7163 1.2671, -1.7661 2.7163 1.2515, -1.7826 2.7163 1.2328, -1.7864 2.7163 1.2256, -1.7956 2.7163 1.2081, -1.802 2.7163 1.1807, -1.8026 2.7163 1.1685, -1.8025 2.7163 1.1678, -1.802 2.7163 1.1639, -1.799 2.7163 1.1409, -1.789 2.7163 1.1156, -1.7732 2.7163 1.0935, -1.7711 2.7163 1.0913, -1.7499 2.7163 1.0743, -1.7247 2.7163 1.0629, -1.6993 2.7163 1.0582, -1.6353 2.7163 1.0587, -1.6324 2.7163 1.0591, -1.6281 2.7163 1.06, -1.6267 2.7163 1.0602, -1.6169 2.7163 1.0591, -1.607 2.7163 1.0556, -1.5981 2.7163 1.0497, -1.5905 2.7163 1.0416, -1.5852 2.7163 1.0317, -1.5826 2.7163 1.0208, -1.5823 2.7163 1.0163, -1.5834 2.7163 1.0066, -1.5868 2.7163 0.9969, -1.5927 2.7163 0.9879, -1.599 2.7163 0.9817, -1.6086 2.7163 0.9757, -1.6182 2.7163 0.9726, -1.6233 2.7163 0.9719, -1.7072 2.7163 0.9713, -1.7501 2.7163 0.9795, -1.7941 2.7163 0.9994, -1.8319 2.7163 1.029, -1.8372 2.7163 1.0345, -1.8908 2.7163 1.1678, -1.8907 2.7163 1.1639, -1.8905 2.7163 1.1602, -1.8826 2.7163 1.1137, -1.8633 2.7163 1.0694, -1.2896 2.7163 1.0768, -1.2991 2.7163 1.0759, -1.3125 2.7163 1.0716, -1.3243 2.7163 1.0642, -1.3338 2.7163 1.0543, -1.3403 2.7163 1.0428, -1.344 2.7163 1.0299, -1.3444 2.7163 1.0161, -1.3413 2.7163 1.0023, -1.3349 2.7163 0.9899, -1.3258 2.7163 0.9796, -1.3149 2.7163 0.9721, -1.3024 2.7163 0.9674, -1.2888 2.7163 0.9658, -1.2758 2.7163 0.9674, -1.2627 2.7163 0.9725, -1.2515 2.7163 0.9805, -1.2426 2.7163 0.991, -1.2368 2.7163 1.0029, -1.2339 2.7163 1.0161, -1.2343 2.7163 1.03, -1.2383 2.7163 1.0435, -1.2454 2.7163 1.0554, -1.2523 2.7163 1.0628, -1.2636 2.7163 1.0705, -1.2761 2.7163 1.0752
            ]
        }
        coordIndex [
            0,1,2,-1,3,4,5,-1,6,7,3,-1,8,9,10,-1,10,9,11,-1,7,12,3,-1,3,12,13,-1,3,13,14,-1,15,16,17,-1,18,19,2,-1,2,19,20,-1,2,20,0,-1,13,21,14,-1,14,21,22,-1,14,22,23,-1,23,22,24,-1,25,26,27,-1,27,26,28,-1,27,28,29,-1,29,28,30,-1,29,30,31,-1,31,30,32,-1,31,32,33,-1,33,32,2,-1,33,2,34,-1,35,36,25,-1,25,36,37,-1,25,37,26,-1,15,17,38,-1,38,17,39,-1,38,39,40,-1,40,39,41,-1,40,41,42,-1,9,43,11,-1,11,43,44,-1,11,44,45,-1,45,44,46,-1,45,46,15,-1,15,46,47,-1,15,47,16,-1,48,1,49,-1,49,1,50,-1,49,50,51,-1,52,53,54,-1,54,53,55,-1,54,55,56,-1,56,55,57,-1,56,57,58,-1,58,57,59,-1,58,59,60,-1,60,59,61,-1,60,61,62,-1,62,61,63,-1,62,63,64,-1,64,63,65,-1,64,65,66,-1,66,65,67,-1,66,67,68,-1,68,67,69,-1,70,71,72,-1,42,41,73,-1,73,41,74,-1,73,74,75,-1,76,77,78,-1,78,77,79,-1,78,79,54,-1,54,79,80,-1,54,80,52,-1,81,82,83,-1,83,82,84,-1,83,84,85,-1,85,84,86,-1,85,86,87,-1,87,86,88,-1,87,88,89,-1,89,88,90,-1,89,90,18,-1,18,90,91,-1,18,91,19,-1,6,3,92,-1,92,3,5,-1,92,5,25,-1,25,5,93,-1,25,93,35,-1,72,71,94,-1,94,71,95,-1,94,95,96,-1,96,95,97,-1,96,97,98,-1,98,97,99,-1,98,99,100,-1,100,99,101,-1,100,101,102,-1,102,101,103,-1,102,103,104,-1,104,103,105,-1,104,105,69,-1,69,105,106,-1,69,106,68,-1,10,107,8,-1,8,107,108,-1,8,108,109,-1,109,108,110,-1,109,110,111,-1,111,110,112,-1,111,112,81,-1,81,112,113,-1,81,113,82,-1,48,114,1,-1,1,114,115,-1,1,115,2,-1,2,115,116,-1,2,116,34,-1,74,117,75,-1,75,117,118,-1,75,118,119,-1,119,118,120,-1,119,120,121,-1,121,120,122,-1,121,122,76,-1,76,122,123,-1,76,123,77,-1,50,124,51,-1,51,124,125,-1,51,125,126,-1,126,125,127,-1,126,127,128,-1,128,127,129,-1,128,129,130,-1,130,129,131,-1,130,131,132,-1,132,131,133,-1,132,133,134,-1,134,133,135,-1,134,135,136,-1,136,135,137,-1,136,137,24,-1,24,137,138,-1,24,138,23,-1,139,140,141,-1,141,140,142,-1,142,143,141,-1,141,143,144,-1,141,144,145,-1,72,146,70,-1,70,146,141,-1,70,141,147,-1,147,141,145,-1,141,148,139,-1,139,148,149,-1,139,149,150,-1,150,151,139,-1,139,151,152,-1,139,152,153,-1,66,154,155,-1,156,60,62,-1,66,155,64,-1,64,155,157,-1,64,157,62,-1,62,157,158,-1,62,158,156,-1,156,159,60,-1,60,159,160,-1,60,160,58,-1,58,160,161,-1,58,161,56,-1,56,161,162,-1,56,162,54,-1,54,162,163,-1,54,163,78,-1,78,163,164,-1,78,164,76,-1,165,75,119,-1,76,164,166,-1,76,166,121,-1,166,167,121,-1,121,167,168,-1,121,168,119,-1,119,168,169,-1,119,169,165,-1,170,40,42,-1,75,165,171,-1,75,171,73,-1,73,171,172,-1,73,172,42,-1,42,172,173,-1,42,173,170,-1,174,15,38,-1,40,170,175,-1,40,175,38,-1,38,175,176,-1,38,176,174,-1,15,174,177,-1,15,177,45,-1,45,177,178,-1,45,178,11,-1,11,178,179,-1,11,179,10,-1,10,179,180,-1,10,180,107,-1,107,180,181,-1,107,181,108,-1,108,181,182,-1,108,182,110,-1,183,84,82,-1,110,182,184,-1,110,184,112,-1,112,184,185,-1,112,185,113,-1,185,186,113,-1,113,186,187,-1,113,187,82,-1,82,187,188,-1,82,188,183,-1,189,86,190,-1,190,86,84,-1,190,84,183,-1,189,191,86,-1,86,191,192,-1,86,192,88,-1,88,192,193,-1,88,193,90,-1,90,193,194,-1,90,194,91,-1,91,194,195,-1,91,195,19,-1,19,195,196,-1,19,196,20,-1,20,196,197,-1,20,197,0,-1,0,197,198,-1,0,198,1,-1,1,198,199,-1,1,199,50,-1,50,199,200,-1,50,200,124,-1,124,200,201,-1,124,201,125,-1,125,201,202,-1,125,202,127,-1,127,202,203,-1,127,203,129,-1,129,203,204,-1,129,204,131,-1,131,204,205,-1,131,205,133,-1,133,205,206,-1,133,206,135,-1,135,206,207,-1,135,207,137,-1,137,207,208,-1,137,208,138,-1,138,208,209,-1,138,209,23,-1,14,23,210,-1,210,23,209,-1,3,14,211,-1,211,14,210,-1,211,212,3,-1,3,212,213,-1,3,213,4,-1,4,213,214,-1,215,216,5,-1,215,5,217,-1,217,5,4,-1,217,4,214,-1,218,37,36,-1,5,216,219,-1,5,219,93,-1,93,219,220,-1,93,220,35,-1,35,220,221,-1,35,221,36,-1,36,221,222,-1,36,222,218,-1,26,37,223,-1,223,37,218,-1,223,224,26,-1,26,224,225,-1,26,225,28,-1,28,225,226,-1,28,226,30,-1,30,226,227,-1,30,227,32,-1,32,227,228,-1,32,228,2,-1,229,83,85,-1,2,228,230,-1,2,230,18,-1,18,230,231,-1,18,231,89,-1,89,231,232,-1,89,232,87,-1,232,233,87,-1,87,233,234,-1,87,234,85,-1,85,234,235,-1,85,235,229,-1,81,83,236,-1,236,83,229,-1,236,237,81,-1,81,237,238,-1,81,238,111,-1,111,238,239,-1,111,239,109,-1,239,240,109,-1,109,240,241,-1,109,241,8,-1,8,241,242,-1,8,242,9,-1,9,242,243,-1,9,243,43,-1,43,243,244,-1,43,244,44,-1,44,244,245,-1,44,245,46,-1,46,245,246,-1,46,246,47,-1,47,246,247,-1,47,247,16,-1,16,247,248,-1,16,248,17,-1,17,248,249,-1,17,249,39,-1,39,249,250,-1,39,250,41,-1,41,250,251,-1,41,251,74,-1,74,251,252,-1,74,252,117,-1,117,252,253,-1,117,253,118,-1,254,52,255,-1,255,52,80,-1,255,80,256,-1,256,80,79,-1,256,79,257,-1,257,79,77,-1,257,77,258,-1,258,77,123,-1,258,123,259,-1,259,123,122,-1,259,122,260,-1,260,122,120,-1,260,120,261,-1,261,120,118,-1,261,118,253,-1,53,52,262,-1,262,52,254,-1,53,262,263,-1,53,263,55,-1,55,263,264,-1,55,264,57,-1,57,264,265,-1,57,265,59,-1,59,265,266,-1,59,266,61,-1,61,266,267,-1,61,267,63,-1,267,268,63,-1,63,268,269,-1,63,269,65,-1,65,269,270,-1,65,270,67,-1,270,271,67,-1,67,271,272,-1,67,272,69,-1,272,273,69,-1,69,273,274,-1,69,274,104,-1,104,274,275,-1,104,275,102,-1,102,275,276,-1,102,276,100,-1,100,276,277,-1,100,277,98,-1,98,277,278,-1,98,278,96,-1,96,278,279,-1,96,279,94,-1,72,94,280,-1,280,94,279,-1,72,280,281,-1,72,281,146,-1,146,281,282,-1,146,282,141,-1,141,282,283,-1,141,283,148,-1,148,283,284,-1,148,284,149,-1,149,284,285,-1,149,285,150,-1,150,285,286,-1,150,286,151,-1,151,286,287,-1,151,287,152,-1,152,287,288,-1,152,288,153,-1,153,288,289,-1,153,289,139,-1,139,289,290,-1,139,290,140,-1,140,290,291,-1,140,291,142,-1,142,291,292,-1,142,292,143,-1,143,292,293,-1,143,293,144,-1,144,293,294,-1,144,294,145,-1,145,294,295,-1,145,295,147,-1,147,295,296,-1,147,296,70,-1,70,296,297,-1,70,297,71,-1,95,71,298,-1,298,71,297,-1,95,298,299,-1,95,299,97,-1,97,299,300,-1,97,300,99,-1,99,300,301,-1,99,301,101,-1,101,301,302,-1,101,302,103,-1,303,154,66,-1,303,66,304,-1,304,66,68,-1,304,68,305,-1,305,68,106,-1,305,106,306,-1,306,106,105,-1,306,105,307,-1,307,105,103,-1,307,103,302,-1,92,308,309,-1,92,309,6,-1,6,309,310,-1,6,310,7,-1,7,310,311,-1,7,311,12,-1,12,311,312,-1,12,312,13,-1,13,312,313,-1,13,313,21,-1,21,313,314,-1,21,314,22,-1,22,314,315,-1,22,315,24,-1,24,315,316,-1,24,316,136,-1,136,316,317,-1,136,317,134,-1,134,317,318,-1,134,318,132,-1,132,318,319,-1,132,319,130,-1,130,319,320,-1,130,320,128,-1,128,320,321,-1,128,321,126,-1,126,321,322,-1,126,322,51,-1,51,322,323,-1,51,323,49,-1,49,323,324,-1,49,324,48,-1,48,324,325,-1,48,325,114,-1,114,325,326,-1,114,326,115,-1,115,326,327,-1,115,327,116,-1,116,327,328,-1,116,328,34,-1,34,328,329,-1,34,329,33,-1,33,329,330,-1,33,330,31,-1,31,330,331,-1,31,331,29,-1,29,331,332,-1,29,332,27,-1,27,332,333,-1,27,333,25,-1,25,333,308,-1,25,308,92,-1,
        ]
    }
}
Shape{
    appearance Appearance {
        material  Material 	{
            diffuseColor 0.2235294117647059 0.2235294117647059 0.2235294117647059
            specularColor 0.11372549019607843 0.11372549019607843 0.11372549019607843
            ambientIntensity 0.2235
            transparency 0.0
            shininess 0.5
        }
    }
    geometry IndexedFaceSet {
        ccw TRUE
        solid FALSE
        coord DEF co Coordinate {
            point [
                -1.2888 2.7163 0.9658, -1.2523 2.7163 1.0628, -1.2454 2.7163 1.0554, -1.2896 2.7163 1.0768, -1.2991 2.7163 1.0759, -1.3024 2.7163 0.9674, -1.2761 2.7163 1.0752, -1.2636 2.7163 1.0705, -1.3258 2.7163 0.9796, -1.3338 2.7163 1.0543, -1.3243 2.7163 1.0642, -1.2368 2.7163 1.0029, -1.2426 2.7163 0.991, -1.2515 2.7163 0.9805, -1.3149 2.7163 0.9721, -1.3125 2.7163 1.0716, -1.2383 2.7163 1.0435, -1.2343 2.7163 1.03, -1.2339 2.7163 1.0161, -1.2627 2.7163 0.9725, -1.2758 2.7163 0.9674, -1.3413 2.7163 1.0023, -1.3444 2.7163 1.0161, -1.3349 2.7163 0.9899, -1.344 2.7163 1.0299, -1.3403 2.7163 1.0428
            ]
        }
        coordIndex [
            0,1,2,-1,3,0,4,-1,4,0,5,-1,3,6,0,-1,0,6,7,-1,0,7,1,-1,8,9,10,-1,11,12,2,-1,2,12,13,-1,5,14,4,-1,4,14,8,-1,4,8,15,-1,15,8,10,-1,16,17,2,-1,2,17,18,-1,2,18,11,-1,13,19,2,-1,2,19,20,-1,2,20,0,-1,21,22,23,-1,23,22,24,-1,23,24,8,-1,8,24,25,-1,8,25,9,-1,
        ]
    }
}