#VRML V2.0 utf8
# 3D model generated by easyeda2kicad.py (https://github.com/uPesy/easyeda2kicad.py)

Shape{
    appearance Appearance {
        material  Material 	{
            diffuseColor 0.9882352941176471 0.7372549019607844 0.5176470588235295
            specularColor 0.49411764705882355 0.3686274509803922 0.25882352941176473
            ambientIntensity 0.7873
            transparency 0.0
            shininess 0.5
        }
    }
    geometry IndexedFaceSet {
        ccw TRUE
        solid FALSE
        coord DEF co Coordinate {
            point [
                -0.4512 -0.0374 0.3051, -0.4519 -0.0374 0.3102, -0.4472 -0.0746 0.3102, -0.4492 -0.075 0.315, -0.4415 -0.1118 0.315, -0.4445 -0.1126 0.319, -0.4337 -0.1489 0.319, -0.4375 -0.1502 0.3222, -0.4236 -0.1858 0.3222, -0.428 -0.1877 0.3241, -0.411 -0.2224 0.3241, -0.4155 -0.2249 0.3248, -0.3955 -0.2584 0.3248, -0.3998 -0.2612 0.3241, -0.3768 -0.2933 0.3241, -0.3806 -0.2962 0.3222, -0.3548 -0.3266 0.3222, -0.3578 -0.3294 0.319, -0.3294 -0.3578 0.319, -0.3315 -0.3601 0.315, -0.3006 -0.3863 0.315, -0.3019 -0.3878 0.3102, -0.2688 -0.4114 0.3102, -0.2692 -0.412 0.3051, -0.2342 -0.4328 0.3051, -0.2339 -0.4322 0.3, -0.1974 -0.4501 0.3, -0.1966 -0.4483 0.2953, -0.1589 -0.463 0.2953, -0.1579 -0.46 0.2912, -0.1194 -0.4715 0.2912, -0.1184 -0.4675 0.2881, -0.0794 -0.4757 0.2881, -0.0786 -0.471 0.2861, -0.0394 -0.4759 0.2861, -0.039 -0.4708 0.2854, 0.0 -0.4724 0.2854, 0.0 -0.4673 0.2861, 0.0386 -0.4658 0.2861, 0.0382 -0.461 0.2881, 0.0761 -0.4563 0.2881, 0.0755 -0.4523 0.2912, 0.1126 -0.4445 0.2912, 0.1118 -0.4415 0.2953, 0.1479 -0.4307 0.2953, 0.1472 -0.4289 0.3, 0.1821 -0.4152 0.3, 0.1819 -0.4146 0.3051, 0.2155 -0.3982 0.3051, 0.2158 -0.3988 0.3102, 0.248 -0.3796 0.3102, 0.2491 -0.3812 0.315, 0.2797 -0.3594 0.315, 0.2816 -0.3618 0.319, 0.3105 -0.3373 0.319, 0.3133 -0.3403 0.3222, 0.3403 -0.3133 0.3222, 0.3438 -0.3165 0.3241, 0.3688 -0.287 0.3241, 0.3728 -0.2902 0.3248, 0.3955 -0.2584 0.3248, 0.3998 -0.2612 0.3241, 0.42 -0.2273 0.3241, 0.4242 -0.2295 0.3222, 0.4417 -0.1937 0.3222, 0.4454 -0.1954 0.319, 0.46 -0.1579 0.319, 0.463 -0.1589 0.315, 0.4745 -0.1202 0.315, 0.4764 -0.1206 0.3102, 0.4848 -0.0809 0.3102, 0.4854 -0.081 0.3051, 0.4904 -0.0406 0.3051, 0.4898 -0.0406 0.3, 0.4915 0.0 0.3, 0.4895 0.0 0.2953, 0.4878 0.0404 0.2953, 0.4847 0.0402 0.2912, 0.4797 0.0801 0.2912, 0.4757 0.0794 0.2881, 0.4675 0.1184 0.2881, 0.4629 0.1172 0.2861, 0.4517 0.1551 0.2861, 0.4468 0.1534 0.2854, 0.4326 0.1898 0.2854, 0.428 0.1877 0.2861, 0.411 0.2224 0.2861, 0.4068 0.2202 0.2881, 0.3873 0.253 0.2881, 0.3839 0.2508 0.2912, 0.3618 0.2816 0.2912, 0.3594 0.2797 0.2953, 0.335 0.3084 0.2953, 0.3336 0.3071 0.3, 0.3071 0.3336 0.3, 0.3066 0.3331 0.3051, 0.2781 0.3573 0.3051, 0.2785 0.3578 0.3102, 0.248 0.3796 0.3102, 0.2491 0.3812 0.315, 0.2167 0.4005 0.315, 0.2182 0.4033 0.319, 0.1842 0.4199 0.319, 0.1858 0.4236 0.3222, 0.1502 0.4375 0.3222, 0.1517 0.442 0.3241, 0.1147 0.453 0.3241, 0.116 0.458 0.3248, 0.0778 0.466 0.3248, 0.0786 0.471 0.3241, 0.0394 0.4759 0.3241, 0.0398 0.4806 0.3222, 0.0 0.4823 0.3222, 0.0 0.4864 0.319, -0.0402 0.4847 0.319, -0.0404 0.4878 0.315, -0.0806 0.4828 0.315, -0.0809 0.4848 0.3102, -0.1206 0.4764 0.3102, -0.1208 0.4771 0.3051, -0.1598 0.4655 0.3051, -0.1596 0.4648 0.3, -0.1974 0.4501 0.3, -0.1966 0.4483 0.2953, -0.233 0.4305 0.2953, -0.2315 0.4277 0.2912, -0.266 0.4072 0.2912, -0.2638 0.4038 0.2881, -0.2962 0.3806 0.2881, -0.2933 0.3768 0.2861, -0.3234 0.3513 0.2861, -0.32 0.3476 0.2854, -0.3476 0.32 0.2854, -0.3438 0.3165 0.2861, -0.3688 0.287 0.2861, -0.3651 0.2841 0.2881, -0.3873 0.253 0.2881, -0.3839 0.2508 0.2912, -0.4033 0.2182 0.2912, -0.4005 0.2167 0.2953, -0.417 0.1829 0.2953, -0.4152 0.1821 0.3, -0.4289 0.1472 0.3, -0.4282 0.147 0.3051, -0.4389 0.1111 0.3051, -0.4396 0.1113 0.3102, 0.2295 -0.4242 0.2881, 0.2273 -0.42 0.2861, 0.2612 -0.3998 0.2861, 0.2584 -0.3955 0.2854, 0.2902 -0.3728 0.2854, 0.287 -0.3688 0.2861, 0.3165 -0.3438 0.2861, 0.3133 -0.3403 0.2881, 0.3403 -0.3133 0.2881, 0.3373 -0.3105 0.2912, 0.3618 -0.2816 0.2912, 0.3594 -0.2797 0.2953, 0.3812 -0.2491 0.2953, 0.3796 -0.248 0.3, 0.3988 -0.2158 0.3, 0.3982 -0.2155 0.3051, 0.4146 -0.1819 0.3051, 0.4152 -0.1821 0.3102, 0.4289 -0.1472 0.3102, 0.4307 -0.1479 0.315, 0.4415 -0.1118 0.315, 0.4445 -0.1126 0.319, 0.4523 -0.0755 0.319, 0.4563 -0.0761 0.3222, 0.461 -0.0382 0.3222, 0.4658 -0.0386 0.3241, 0.4673 0.0 0.3241, 0.4724 0.0 0.3248, 0.4708 0.039 0.3248, 0.4759 0.0394 0.3241, 0.471 0.0786 0.3241, 0.4757 0.0794 0.3222, 0.4675 0.1184 0.3222, 0.4715 0.1194 0.319, 0.46 0.1579 0.319, 0.463 0.1589 0.315, 0.4483 0.1966 0.315, 0.4501 0.1974 0.3102, 0.4322 0.2339 0.3102, 0.4328 0.2342 0.3051, 0.412 0.2692 0.3051, 0.4114 0.2688 0.3, 0.3878 0.3019 0.3, 0.3863 0.3006 0.2953, 0.3601 0.3315 0.2953, 0.3578 0.3294 0.2912, 0.3294 0.3578 0.2912, 0.3266 0.3548 0.2881, 0.2962 0.3806 0.2881, 0.2933 0.3768 0.2861, 0.2612 0.3998 0.2861, 0.2584 0.3955 0.2854, 0.2249 0.4155 0.2854, 0.2224 0.411 0.2861, 0.1877 0.428 0.2861, 0.1858 0.4236 0.2881, 0.1502 0.4375 0.2881, 0.1489 0.4337 0.2912, 0.1126 0.4445 0.2912, 0.1118 0.4415 0.2953, 0.075 0.4492 0.2953, 0.0746 0.4472 0.3, 0.0374 0.4519 0.3, 0.0374 0.4512 0.3051, 0.0 0.4528 0.3051, 0.0 0.4534 0.3102, -0.0374 0.4519 0.3102, -0.0376 0.4538 0.315, -0.075 0.4492 0.315, -0.0755 0.4523 0.319, -0.1126 0.4445 0.319, -0.1136 0.4484 0.3222, -0.1502 0.4375 0.3222, -0.1517 0.442 0.3241, -0.1877 0.428 0.3241, -0.1898 0.4326 0.3248, -0.2249 0.4155 0.3248, -0.2273 0.42 0.3241, -0.2612 0.3998 0.3241, -0.2638 0.4038 0.3222, -0.2962 0.3806 0.3222, -0.2987 0.3838 0.319, -0.3294 0.3578 0.319, -0.3315 0.3601 0.315, -0.3601 0.3315 0.315, -0.3616 0.3329 0.3102, -0.3878 0.3019 0.3102, -0.3884 0.3023 0.3051, -0.412 0.2692 0.3051, -0.4114 0.2688 0.3, -0.4322 0.2339 0.3, -0.4305 0.233 0.2953, -0.4483 0.1966 0.2953, -0.4454 0.1954 0.2912, -0.46 0.1579 0.2912, -0.4562 0.1566 0.2881, -0.4675 0.1184 0.2881, -0.4629 0.1172 0.2861, -0.471 0.0786 0.2861, -0.466 0.0778 0.2854, -0.4708 0.039 0.2854, -0.4658 0.0386 0.2861, -0.4673 0.0 0.2861, -0.4626 0.0 0.2881, -0.461 -0.0382 0.2881, -0.457 -0.0379 0.2912, -0.4523 -0.0755 0.2912, -0.4492 -0.075 0.2953, -0.4415 -0.1118 0.2953, -0.4396 -0.1113 0.3, -0.4289 -0.1472 0.3, -0.4282 -0.147 0.3051, -0.4146 -0.1819 0.3051, -0.4152 -0.1821 0.3102, -0.3988 -0.2158 0.3102, -0.4005 -0.2167 0.315, -0.3812 -0.2491 0.315, -0.3839 -0.2508 0.319, -0.3618 -0.2816 0.319, -0.3651 -0.2841 0.3222, -0.3403 -0.3133 0.3222, -0.3438 -0.3165 0.3241, -0.3165 -0.3438 0.3241, -0.32 -0.3476 0.3248, -0.2902 -0.3728 0.3248, -0.2933 -0.3768 0.3241, -0.2612 -0.3998 0.3241, -0.2638 -0.4038 0.3222, -0.2295 -0.4242 0.3222, -0.2315 -0.4277 0.319, -0.1954 -0.4454 0.319, -0.1966 -0.4483 0.315, -0.1589 -0.463 0.315, -0.1596 -0.4648 0.3102, -0.1206 -0.4764 0.3102, -0.1208 -0.4771 0.3051, -0.081 -0.4854 0.3051, -0.0809 -0.4848 0.3, -0.0406 -0.4898 0.3, -0.0404 -0.4878 0.2953, 0.0 -0.4895 0.2953, 0.0 -0.4864 0.2912, 0.0402 -0.4847 0.2912, 0.0398 -0.4806 0.2881, 0.0794 -0.4757 0.2881, 0.0786 -0.471 0.2861, 0.1172 -0.4629 0.2861, 0.116 -0.458 0.2854, 0.1534 -0.4468 0.2854, 0.1517 -0.442 0.2861, 0.1877 -0.428 0.2861, 0.1858 -0.4236 0.2881, 0.2202 -0.4068 0.2881, 0.2182 -0.4033 0.2912, 0.2508 -0.3839 0.2912, 0.2491 -0.3812 0.2953, 0.2797 -0.3594 0.2953, 0.2785 -0.3578 0.3, 0.3071 -0.3336 0.3, 0.3066 -0.3331 0.3051, 0.3331 -0.3066 0.3051, 0.3336 -0.3071 0.3102, 0.3578 -0.2785 0.3102, 0.3594 -0.2797 0.315, 0.3812 -0.2491 0.315, 0.3839 -0.2508 0.319, 0.4033 -0.2182 0.319, 0.4068 -0.2202 0.3222, 0.4236 -0.1858 0.3222, 0.428 -0.1877 0.3241, 0.442 -0.1517 0.3241, 0.4468 -0.1534 0.3248, 0.458 -0.116 0.3248, 0.4629 -0.1172 0.3241, 0.471 -0.0786 0.3241, 0.4757 -0.0794 0.3222, 0.4806 -0.0398 0.3222, 0.4847 -0.0402 0.319, 0.4864 0.0 0.319, 0.4895 0.0 0.315, 0.4878 0.0404 0.315, 0.4898 0.0406 0.3102, 0.4848 0.0809 0.3102, 0.4854 0.081 0.3051, 0.4771 0.1208 0.3051, 0.4764 0.1206 0.3, 0.4648 0.1596 0.3, 0.463 0.1589 0.2953, 0.4483 0.1966 0.2953, 0.4454 0.1954 0.2912, 0.4277 0.2315 0.2912, 0.4242 0.2295 0.2881, 0.4038 0.2638 0.2881, 0.3998 0.2612 0.2861, 0.3768 0.2933 0.2861, 0.3728 0.2902 0.2854, 0.3476 0.32 0.2854, 0.3438 0.3165 0.2861, 0.3165 0.3438 0.2861, 0.3133 0.3403 0.2881, 0.2841 0.3651 0.2881, 0.2816 0.3618 0.2912, 0.2508 0.3839 0.2912, 0.2491 0.3812 0.2953, 0.2167 0.4005 0.2953, 0.2158 0.3988 0.3, 0.1821 0.4152 0.3, 0.1819 0.4146 0.3051, 0.147 0.4282 0.3051, 0.1472 0.4289 0.3102, 0.1113 0.4396 0.3102, 0.1118 0.4415 0.315, 0.075 0.4492 0.315, 0.0755 0.4523 0.319, 0.0379 0.457 0.319, 0.0382 0.461 0.3222, 0.0 0.4626 0.3222, 0.0 0.4673 0.3241, -0.0386 0.4658 0.3241, -0.039 0.4708 0.3248, -0.0778 0.466 0.3248, -0.0786 0.471 0.3241, -0.1172 0.4629 0.3241, -0.1184 0.4675 0.3222, -0.1566 0.4562 0.3222, -0.1579 0.46 0.319, -0.1954 0.4454 0.319, -0.1966 0.4483 0.315, -0.233 0.4305 0.315, -0.2339 0.4322 0.3102, -0.2688 0.4114 0.3102, -0.2692 0.412 0.3051, -0.3023 0.3884 0.3051, -0.3019 0.3878 0.3, -0.3329 0.3616 0.3, -0.3315 0.3601 0.2953, -0.3601 0.3315 0.2953, -0.3578 0.3294 0.2912, -0.3838 0.2987 0.2912, -0.3806 0.2962 0.2881, -0.4038 0.2638 0.2881, -0.3998 0.2612 0.2861, -0.42 0.2273 0.2861, -0.4155 0.2249 0.2854, -0.4326 0.1898 0.2854, -0.428 0.1877 0.2861, -0.442 0.1517 0.2861, -0.4375 0.1502 0.2881, -0.4484 0.1136 0.2881, -0.4445 0.1126 0.2912, -0.4523 0.0755 0.2912, -0.4492 0.075 0.2953, -0.4538 0.0376 0.2953, -0.4519 0.0374 0.3, -0.4534 0.0 0.3, -0.4528 0.0 0.3051, 0.2962 0.3806 0.3222, 0.2987 0.3838 0.319, 0.266 0.4072 0.319, 0.2677 0.4098 0.315, 0.233 0.4305 0.315, 0.2339 0.4322 0.3102, 0.1974 0.4501 0.3102, 0.1977 0.4507 0.3051, 0.1598 0.4655 0.3051, 0.1596 0.4648 0.3, 0.1206 0.4764 0.3, 0.1202 0.4745 0.2953, 0.0806 0.4828 0.2953, 0.0801 0.4797 0.2912, 0.0402 0.4847 0.2912, 0.0398 0.4806 0.2881, 0.0 0.4823 0.2881, 0.0 0.4775 0.2861, -0.0394 0.4759 0.2861, -0.039 0.4708 0.2854, -0.0778 0.466 0.2854, -0.0769 0.461 0.2861, -0.1147 0.453 0.2861, -0.1136 0.4484 0.2881, -0.1502 0.4375 0.2881, -0.1489 0.4337 0.2912, -0.1842 0.4199 0.2912, -0.1829 0.417 0.2953, -0.2167 0.4005 0.2953, -0.2158 0.3988 0.3, -0.248 0.3796 0.3, -0.2476 0.379 0.3051, -0.2781 0.3573 0.3051, -0.2785 0.3578 0.3102, -0.3071 0.3336 0.3102, -0.3084 0.335 0.315, -0.335 0.3084 0.315, -0.3373 0.3105 0.319, -0.3618 0.2816 0.319, -0.3651 0.2841 0.3222, -0.3873 0.253 0.3222, -0.3912 0.2556 0.3241, -0.411 0.2224 0.3241, -0.4155 0.2249 0.3248, -0.4326 0.1898 0.3248, -0.4373 0.1918 0.3241, -0.4517 0.1551 0.3241, -0.4562 0.1566 0.3222, -0.4675 0.1184 0.3222, -0.4715 0.1194 0.319, -0.4797 0.0801 0.319, -0.4828 0.0806 0.315, -0.4878 0.0404 0.315, -0.4898 0.0406 0.3102, -0.4915 0.0 0.3102, -0.4921 0.0 0.3051, -0.4904 -0.0406 0.3051, -0.4898 -0.0406 0.3, -0.4848 -0.0809 0.3, -0.4828 -0.0806 0.2953, -0.4745 -0.1202 0.2953, -0.4715 -0.1194 0.2912, -0.46 -0.1579 0.2912, -0.4562 -0.1566 0.2881, -0.4417 -0.1937 0.2881, -0.4373 -0.1918 0.2861, -0.42 -0.2273 0.2861, -0.4155 -0.2249 0.2854, -0.3955 -0.2584 0.2854, -0.3912 -0.2556 0.2861, -0.3688 -0.287 0.2861, -0.3651 -0.2841 0.2881, -0.3403 -0.3133 0.2881, -0.3373 -0.3105 0.2912, -0.3105 -0.3373 0.2912, -0.3084 -0.335 0.2953, -0.2797 -0.3594 0.2953, -0.2785 -0.3578 0.3, -0.248 -0.3796 0.3, -0.2476 -0.379 0.3051, -0.2155 -0.3982 0.3051, -0.2158 -0.3988 0.3102, -0.1821 -0.4152 0.3102, -0.1829 -0.417 0.315, -0.1479 -0.4307 0.315, -0.1489 -0.4337 0.319, -0.1126 -0.4445 0.319, -0.1136 -0.4484 0.3222, -0.0761 -0.4563 0.3222, -0.0769 -0.461 0.3241, -0.0386 -0.4658 0.3241, -0.039 -0.4708 0.3248, 0.0 -0.4724 0.3248, 0.0 -0.4775 0.3241, 0.0394 -0.4759 0.3241, 0.0398 -0.4806 0.3222, 0.0794 -0.4757 0.3222, 0.0801 -0.4797 0.319, 0.1194 -0.4715 0.319, 0.1202 -0.4745 0.315, 0.1589 -0.463 0.315, 0.1596 -0.4648 0.3102, 0.1974 -0.4501 0.3102, 0.1977 -0.4507 0.3051, 0.2342 -0.4328 0.3051, 0.2339 -0.4322 0.3, 0.2688 -0.4114 0.3, 0.2677 -0.4098 0.2953, 0.3006 -0.3863 0.2953, 0.2987 -0.3838 0.2912, 0.3294 -0.3578 0.2912, 0.3266 -0.3548 0.2881, 0.3548 -0.3266 0.2881, 0.3513 -0.3234 0.2861, 0.3768 -0.2933 0.2861, 0.3728 -0.2902 0.2854, 0.3955 -0.2584 0.2854, 0.3912 -0.2556 0.2861, 0.411 -0.2224 0.2861, 0.4068 -0.2202 0.2881, 0.4236 -0.1858 0.2881, 0.4199 -0.1842 0.2912, 0.4337 -0.1489 0.2912, 0.4307 -0.1479 0.2953, 0.4415 -0.1118 0.2953, 0.4396 -0.1113 0.3, 0.4472 -0.0746 0.3, 0.4466 -0.0745 0.3051, 0.4512 -0.0374 0.3051, 0.4519 -0.0374 0.3102, 0.4534 0.0 0.3102, 0.4554 0.0 0.315, 0.4538 0.0376 0.315, 0.457 0.0379 0.319, 0.4523 0.0755 0.319, 0.4563 0.0761 0.3222, 0.4484 0.1136 0.3222, 0.453 0.1147 0.3241, 0.442 0.1517 0.3241, 0.4468 0.1534 0.3248, 0.4326 0.1898 0.3248, 0.4373 0.1918 0.3241, 0.42 0.2273 0.3241, 0.4242 0.2295 0.3222, 0.4038 0.2638 0.3222, 0.4072 0.266 0.319, 0.3838 0.2987 0.319, 0.3863 0.3006 0.315, 0.3601 0.3315 0.315, 0.3616 0.3329 0.3102, 0.3329 0.3616 0.3102, 0.3333 0.3621 0.3051, 0.3023 0.3884 0.3051, 0.3019 0.3878 0.3, 0.2688 0.4114 0.3, 0.2677 0.4098 0.2953, 0.233 0.4305 0.2953, 0.2315 0.4277 0.2912, 0.1954 0.4454 0.2912, 0.1937 0.4417 0.2881, 0.1566 0.4562 0.2881, 0.1551 0.4517 0.2861, 0.1172 0.4629 0.2861, 0.116 0.458 0.2854, 0.0778 0.466 0.2854, 0.0769 0.461 0.2861, 0.0386 0.4658 0.2861, 0.0382 0.461 0.2881, 0.0 0.4626 0.2881, 0.0 0.4585 0.2912, -0.0379 0.457 0.2912, -0.0376 0.4538 0.2953, -0.075 0.4492 0.2953, -0.0746 0.4472 0.3, -0.1113 0.4396 0.3, -0.1111 0.4389 0.3051, -0.147 0.4282 0.3051, -0.1472 0.4289 0.3102, -0.1821 0.4152 0.3102, -0.1829 0.417 0.315, -0.2167 0.4005 0.315, -0.2182 0.4033 0.319, -0.2508 0.3839 0.319, -0.253 0.3873 0.3222, -0.2841 0.3651 0.3222, -0.287 0.3688 0.3241, -0.3165 0.3438 0.3241, -0.32 0.3476 0.3248, -0.3476 0.32 0.3248, -0.3513 0.3234 0.3241, -0.3768 0.2933 0.3241, -0.3806 0.2962 0.3222, -0.4038 0.2638 0.3222, -0.4072 0.266 0.319, -0.4277 0.2315 0.319, -0.4305 0.233 0.315, -0.4483 0.1966 0.315, -0.4501 0.1974 0.3102, -0.4648 0.1596 0.3102, -0.4655 0.1598 0.3051, -0.4771 0.1208 0.3051, -0.4764 0.1206 0.3, -0.4848 0.0809 0.3, -0.4828 0.0806 0.2953, -0.4878 0.0404 0.2953, -0.4847 0.0402 0.2912, -0.4864 0.0 0.2912, -0.4823 0.0 0.2881, -0.4806 -0.0398 0.2881, -0.4759 -0.0394 0.2861, -0.471 -0.0786 0.2861, -0.466 -0.0778 0.2854, -0.458 -0.116 0.2854, -0.453 -0.1147 0.2861, -0.442 -0.1517 0.2861, -0.4375 -0.1502 0.2881, -0.4236 -0.1858 0.2881, -0.4199 -0.1842 0.2912, -0.4033 -0.2182 0.2912, -0.4005 -0.2167 0.2953, -0.3812 -0.2491 0.2953, -0.3796 -0.248 0.3, -0.3578 -0.2785 0.3, -0.3573 -0.2781 0.3051, -0.3331 -0.3066 0.3051, -0.3336 -0.3071 0.3102, -0.3071 -0.3336 0.3102, -0.3084 -0.335 0.315, -0.2797 -0.3594 0.315, -0.2816 -0.3618 0.319, -0.2508 -0.3839 0.319, -0.253 -0.3873 0.3222, -0.2202 -0.4068 0.3222, -0.2224 -0.411 0.3241, -0.1877 -0.428 0.3241, -0.1898 -0.4326 0.3248, -0.1534 -0.4468 0.3248, -0.1551 -0.4517 0.3241, -0.1172 -0.4629 0.3241, -0.1184 -0.4675 0.3222, -0.0794 -0.4757 0.3222, -0.0801 -0.4797 0.319, -0.0402 -0.4847 0.319, -0.0404 -0.4878 0.315, 0.0 -0.4895 0.315, 0.0 -0.4915 0.3102, 0.0406 -0.4898 0.3102, 0.0406 -0.4904 0.3051, 0.081 -0.4854 0.3051, 0.0809 -0.4848 0.3, 0.1206 -0.4764 0.3, 0.1202 -0.4745 0.2953, 0.1589 -0.463 0.2953, 0.1579 -0.46 0.2912, 0.1954 -0.4454 0.2912, 0.1937 -0.4417 0.2881, -0.4472 0.0746 0.3102, -0.4492 0.075 0.315, -0.4538 0.0376 0.315, -0.457 0.0379 0.319, -0.4585 0.0 0.319, -0.4626 0.0 0.3222, -0.461 -0.0382 0.3222, -0.4658 -0.0386 0.3241, -0.461 -0.0769 0.3241, -0.466 -0.0778 0.3248, -0.458 -0.116 0.3248, -0.4629 -0.1172 0.3241, -0.4517 -0.1551 0.3241, -0.4562 -0.1566 0.3222, -0.4417 -0.1937 0.3222, -0.4454 -0.1954 0.319, -0.4277 -0.2315 0.319, -0.4305 -0.233 0.315, -0.4098 -0.2677 0.315, -0.4114 -0.2688 0.3102, -0.3878 -0.3019 0.3102, -0.3884 -0.3023 0.3051, -0.3621 -0.3333 0.3051, -0.3616 -0.3329 0.3, -0.3329 -0.3616 0.3, -0.3315 -0.3601 0.2953, -0.3006 -0.3863 0.2953, -0.2987 -0.3838 0.2912, -0.266 -0.4072 0.2912, -0.2638 -0.4038 0.2881, -0.2295 -0.4242 0.2881, -0.2273 -0.42 0.2861, -0.1918 -0.4373 0.2861, -0.1898 -0.4326 0.2854, -0.1534 -0.4468 0.2854, -0.1517 -0.442 0.2861, -0.1147 -0.453 0.2861, -0.1136 -0.4484 0.2881, -0.0761 -0.4563 0.2881, -0.0755 -0.4523 0.2912, -0.0379 -0.457 0.2912, -0.0376 -0.4538 0.2953, 0.0 -0.4554 0.2953, 0.0 -0.4534 0.3, 0.0374 -0.4519 0.3, 0.0374 -0.4512 0.3051, 0.0745 -0.4466 0.3051, 0.0746 -0.4472 0.3102, 0.1113 -0.4396 0.3102, 0.1118 -0.4415 0.315, 0.1479 -0.4307 0.315, 0.1489 -0.4337 0.319, 0.1842 -0.4199 0.319, 0.1858 -0.4236 0.3222, 0.2202 -0.4068 0.3222, 0.2224 -0.411 0.3241, 0.2556 -0.3912 0.3241, 0.2584 -0.3955 0.3248, 0.2902 -0.3728 0.3248, 0.2933 -0.3768 0.3241, 0.3234 -0.3513 0.3241, 0.3266 -0.3548 0.3222, 0.3548 -0.3266 0.3222, 0.3578 -0.3294 0.319, 0.3838 -0.2987 0.319, 0.3863 -0.3006 0.315, 0.4098 -0.2677 0.315, 0.4114 -0.2688 0.3102, 0.4322 -0.2339 0.3102, 0.4328 -0.2342 0.3051, 0.4507 -0.1977 0.3051, 0.4501 -0.1974 0.3, 0.4648 -0.1596 0.3, 0.463 -0.1589 0.2953, 0.4745 -0.1202 0.2953, 0.4715 -0.1194 0.2912, 0.4797 -0.0801 0.2912, 0.4757 -0.0794 0.2881, 0.4806 -0.0398 0.2881, 0.4759 -0.0394 0.2861, 0.4775 0.0 0.2861, 0.4724 0.0 0.2854, 0.4708 0.039 0.2854, 0.4658 0.0386 0.2861, 0.461 0.0769 0.2861, 0.4563 0.0761 0.2881, 0.4484 0.1136 0.2881, 0.4445 0.1126 0.2912, 0.4337 0.1489 0.2912, 0.4307 0.1479 0.2953, 0.417 0.1829 0.2953, 0.4152 0.1821 0.3, 0.3988 0.2158 0.3, 0.3982 0.2155 0.3051, 0.379 0.2476 0.3051, 0.3796 0.248 0.3102, 0.3578 0.2785 0.3102, 0.3594 0.2797 0.315, 0.335 0.3084 0.315, 0.3373 0.3105 0.319, 0.3105 0.3373 0.319, 0.3133 0.3403 0.3222, 0.2841 0.3651 0.3222, 0.287 0.3688 0.3241, 0.2556 0.3912 0.3241, 0.2584 0.3955 0.3248, 0.2249 0.4155 0.3248, 0.2273 0.42 0.3241, 0.1918 0.4373 0.3241, 0.1937 0.4417 0.3222, 0.1566 0.4562 0.3222, 0.1579 0.46 0.319, 0.1194 0.4715 0.319, 0.1202 0.4745 0.315, 0.0806 0.4828 0.315, 0.0809 0.4848 0.3102, 0.0406 0.4898 0.3102, 0.0406 0.4904 0.3051, 0.0 0.4921 0.3051, 0.0 0.4915 0.3, -0.0406 0.4898 0.3, -0.0404 0.4878 0.2953, -0.0806 0.4828 0.2953, -0.0801 0.4797 0.2912, -0.1194 0.4715 0.2912, -0.1184 0.4675 0.2881, -0.1566 0.4562 0.2881, -0.1551 0.4517 0.2861, -0.1918 0.4373 0.2861, -0.1898 0.4326 0.2854, -0.2249 0.4155 0.2854, -0.2224 0.411 0.2861, -0.2556 0.3912 0.2861, -0.253 0.3873 0.2881, -0.2841 0.3651 0.2881, -0.2816 0.3618 0.2912, -0.3105 0.3373 0.2912, -0.3084 0.335 0.2953, -0.335 0.3084 0.2953, -0.3336 0.3071 0.3, -0.3578 0.2785 0.3, -0.3573 0.2781 0.3051, -0.379 0.2476 0.3051, -0.3796 0.248 0.3102, -0.3988 0.2158 0.3102, -0.4005 0.2167 0.315, -0.417 0.1829 0.315, -0.4199 0.1842 0.319, -0.4337 0.1489 0.319, -0.4375 0.1502 0.3222, -0.4484 0.1136 0.3222, -0.453 0.1147 0.3241, -0.461 0.0769 0.3241, -0.466 0.0778 0.3248, -0.4708 0.039 0.3248, -0.4759 0.0394 0.3241, -0.4775 0.0 0.3241, -0.4823 0.0 0.3222, -0.4806 -0.0398 0.3222, -0.4847 -0.0402 0.319, -0.4797 -0.0801 0.319, -0.4828 -0.0806 0.315, -0.4745 -0.1202 0.315, -0.4764 -0.1206 0.3102, -0.4648 -0.1596 0.3102, -0.4655 -0.1598 0.3051, -0.4507 -0.1977 0.3051, -0.4501 -0.1974 0.3, -0.4322 -0.2339 0.3, -0.4305 -0.233 0.2953, -0.4098 -0.2677 0.2953, -0.4072 -0.266 0.2912, -0.3838 -0.2987 0.2912, -0.3806 -0.2962 0.2881, -0.3548 -0.3266 0.2881, -0.3513 -0.3234 0.2861, -0.3234 -0.3513 0.2861, -0.32 -0.3476 0.2854, -0.2902 -0.3728 0.2854, -0.287 -0.3688 0.2861, -0.2556 -0.3912 0.2861, -0.253 -0.3873 0.2881, -0.2202 -0.4068 0.2881, -0.2182 -0.4033 0.2912, -0.1842 -0.4199 0.2912, -0.1829 -0.417 0.2953, -0.1479 -0.4307 0.2953, -0.1472 -0.4289 0.3, -0.1113 -0.4396 0.3, -0.1111 -0.4389 0.3051, -0.0745 -0.4466 0.3051, -0.0746 -0.4472 0.3102, -0.0374 -0.4519 0.3102, -0.0376 -0.4538 0.315, 0.0 -0.4554 0.315, 0.0 -0.4585 0.319, 0.0379 -0.457 0.319, 0.0382 -0.461 0.3222, 0.0761 -0.4563 0.3222, 0.0769 -0.461 0.3241, 0.1147 -0.453 0.3241, 0.116 -0.458 0.3248, 0.1534 -0.4468 0.3248, 0.1551 -0.4517 0.3241, 0.1918 -0.4373 0.3241, 0.1937 -0.4417 0.3222, 0.2295 -0.4242 0.3222, 0.2315 -0.4277 0.319, 0.266 -0.4072 0.319, 0.2677 -0.4098 0.315, 0.3006 -0.3863 0.315, 0.3019 -0.3878 0.3102, 0.3329 -0.3616 0.3102, 0.3333 -0.3621 0.3051, 0.3621 -0.3333 0.3051, 0.3616 -0.3329 0.3, 0.3878 -0.3019 0.3, 0.3863 -0.3006 0.2953, 0.4098 -0.2677 0.2953, 0.4072 -0.266 0.2912, 0.4277 -0.2315 0.2912, 0.4242 -0.2295 0.2881, 0.4417 -0.1937 0.2881, 0.4373 -0.1918 0.2861, 0.4517 -0.1551 0.2861, 0.4468 -0.1534 0.2854, 0.458 -0.116 0.2854, 0.453 -0.1147 0.2861, 0.461 -0.0769 0.2861, 0.4563 -0.0761 0.2881, 0.461 -0.0382 0.2881, 0.457 -0.0379 0.2912, 0.4585 0.0 0.2912, 0.4554 0.0 0.2953, 0.4538 0.0376 0.2953, 0.4519 0.0374 0.3, 0.4472 0.0746 0.3, 0.4466 0.0745 0.3051, 0.4389 0.1111 0.3051, 0.4396 0.1113 0.3102, 0.4289 0.1472 0.3102, 0.4307 0.1479 0.315, 0.417 0.1829 0.315, 0.4199 0.1842 0.319, 0.4033 0.2182 0.319, 0.4068 0.2202 0.3222, 0.3873 0.253 0.3222, 0.3912 0.2556 0.3241, 0.3688 0.287 0.3241, 0.3728 0.2902 0.3248, 0.3476 0.32 0.3248, 0.3513 0.3234 0.3241, 0.3234 0.3513 0.3241, 0.3266 0.3548 0.3222, -0.4466 -0.0745 0.3051, -0.4396 -0.1113 0.3102, -0.4307 -0.1479 0.315, -0.4199 -0.1842 0.319, -0.4068 -0.2202 0.3222, -0.3912 -0.2556 0.3241, -0.3728 -0.2902 0.3248, -0.3513 -0.3234 0.3241, -0.3266 -0.3548 0.3222, -0.2987 -0.3838 0.319, -0.2677 -0.4098 0.315, -0.2339 -0.4322 0.3102, -0.1977 -0.4507 0.3051, -0.1596 -0.4648 0.3, -0.1202 -0.4745 0.2953, -0.0801 -0.4797 0.2912, -0.0398 -0.4806 0.2881, 0.0 -0.4775 0.2861, 0.039 -0.4708 0.2854, 0.0769 -0.461 0.2861, 0.1136 -0.4484 0.2881, 0.1489 -0.4337 0.2912, 0.1829 -0.417 0.2953, 0.2158 -0.3988 0.3, 0.2476 -0.379 0.3051, 0.2785 -0.3578 0.3102, 0.3084 -0.335 0.315, 0.3373 -0.3105 0.319, 0.3651 -0.2841 0.3222, 0.3912 -0.2556 0.3241, 0.4155 -0.2249 0.3248, 0.4373 -0.1918 0.3241, 0.4562 -0.1566 0.3222, 0.4715 -0.1194 0.319, 0.4828 -0.0806 0.315, 0.4898 -0.0406 0.3102, 0.4921 0.0 0.3051, 0.4898 0.0406 0.3, 0.4828 0.0806 0.2953, 0.4715 0.1194 0.2912, 0.4562 0.1566 0.2881, 0.4373 0.1918 0.2861, 0.4155 0.2249 0.2854, 0.3912 0.2556 0.2861, 0.3651 0.2841 0.2881, 0.3373 0.3105 0.2912, 0.3084 0.335 0.2953, 0.2785 0.3578 0.3, 0.2476 0.379 0.3051, 0.2158 0.3988 0.3102, 0.1829 0.417 0.315, 0.1489 0.4337 0.319, 0.1136 0.4484 0.3222, 0.0769 0.461 0.3241, 0.039 0.4708 0.3248, 0.0 0.4775 0.3241, -0.0398 0.4806 0.3222, -0.0801 0.4797 0.319, -0.1202 0.4745 0.315, -0.1596 0.4648 0.3102, -0.1977 0.4507 0.3051, -0.2339 0.4322 0.3, -0.2677 0.4098 0.2953, -0.2987 0.3838 0.2912, -0.3266 0.3548 0.2881, -0.3513 0.3234 0.2861, -0.3728 0.2902 0.2854, -0.3912 0.2556 0.2861, -0.4068 0.2202 0.2881, -0.4199 0.1842 0.2912, -0.4307 0.1479 0.2953, -0.4396 0.1113 0.3, -0.4466 0.0745 0.3051, 0.2638 -0.4038 0.2881, 0.2933 -0.3768 0.2861, 0.32 -0.3476 0.2854, 0.3438 -0.3165 0.2861, 0.3651 -0.2841 0.2881, 0.3839 -0.2508 0.2912, 0.4005 -0.2167 0.2953, 0.4152 -0.1821 0.3, 0.4282 -0.147 0.3051, 0.4396 -0.1113 0.3102, 0.4492 -0.075 0.315, 0.457 -0.0379 0.319, 0.4626 0.0 0.3222, 0.4658 0.0386 0.3241, 0.466 0.0778 0.3248, 0.4629 0.1172 0.3241, 0.4562 0.1566 0.3222, 0.4454 0.1954 0.319, 0.4305 0.233 0.315, 0.4114 0.2688 0.3102, 0.3884 0.3023 0.3051, 0.3616 0.3329 0.3, 0.3315 0.3601 0.2953, 0.2987 0.3838 0.2912, 0.2638 0.4038 0.2881, 0.2273 0.42 0.2861, 0.1898 0.4326 0.2854, 0.1517 0.442 0.2861, 0.1136 0.4484 0.2881, 0.0755 0.4523 0.2912, 0.0376 0.4538 0.2953, 0.0 0.4534 0.3, -0.0374 0.4512 0.3051, -0.0746 0.4472 0.3102, -0.1118 0.4415 0.315, -0.1489 0.4337 0.319, -0.1858 0.4236 0.3222, -0.2224 0.411 0.3241, -0.2584 0.3955 0.3248, -0.2933 0.3768 0.3241, -0.3266 0.3548 0.3222, -0.3578 0.3294 0.319, -0.3863 0.3006 0.315, -0.4114 0.2688 0.3102, -0.4328 0.2342 0.3051, -0.4501 0.1974 0.3, -0.463 0.1589 0.2953, -0.4715 0.1194 0.2912, -0.4757 0.0794 0.2881, -0.4759 0.0394 0.2861, -0.4724 0.0 0.2854, -0.4658 -0.0386 0.2861, -0.4563 -0.0761 0.2881, -0.4445 -0.1126 0.2912, -0.4307 -0.1479 0.2953, -0.4152 -0.1821 0.3, -0.3982 -0.2155 0.3051, -0.3796 -0.248 0.3102, -0.3594 -0.2797 0.315, -0.3373 -0.3105 0.319, -0.3133 -0.3403 0.3222, -0.287 -0.3688 0.3241, -0.2584 -0.3955 0.3248, -0.2273 -0.42 0.3241, -0.1937 -0.4417 0.3222, -0.1579 -0.46 0.319, -0.1202 -0.4745 0.315, -0.0809 -0.4848 0.3102, -0.0406 -0.4904 0.3051, 0.0 -0.4915 0.3, 0.0404 -0.4878 0.2953, 0.0801 -0.4797 0.2912, 0.1184 -0.4675 0.2881, 0.1551 -0.4517 0.2861, 0.1898 -0.4326 0.2854, 0.2224 -0.411 0.2861, 0.253 -0.3873 0.2881, 0.2816 -0.3618 0.2912, 0.3084 -0.335 0.2953, 0.3336 -0.3071 0.3, 0.3573 -0.2781 0.3051, 0.3796 -0.248 0.3102, 0.4005 -0.2167 0.315, 0.4199 -0.1842 0.319, 0.4375 -0.1502 0.3222, 0.453 -0.1147 0.3241, 0.466 -0.0778 0.3248, 0.4759 -0.0394 0.3241, 0.4823 0.0 0.3222, 0.4847 0.0402 0.319, 0.4828 0.0806 0.315, 0.4764 0.1206 0.3102, 0.4655 0.1598 0.3051, 0.4501 0.1974 0.3, 0.4305 0.233 0.2953, 0.4072 0.266 0.2912, 0.3806 0.2962 0.2881, 0.3513 0.3234 0.2861, 0.32 0.3476 0.2854, 0.287 0.3688 0.2861, 0.253 0.3873 0.2881, 0.2182 0.4033 0.2912, 0.1829 0.417 0.2953, 0.1472 0.4289 0.3, 0.1111 0.4389 0.3051, 0.0746 0.4472 0.3102, 0.0376 0.4538 0.315, 0.0 0.4585 0.319, -0.0382 0.461 0.3222, -0.0769 0.461 0.3241, -0.116 0.458 0.3248, -0.1551 0.4517 0.3241, -0.1937 0.4417 0.3222, -0.2315 0.4277 0.319, -0.2677 0.4098 0.315, -0.3019 0.3878 0.3102, -0.3333 0.3621 0.3051, -0.3616 0.3329 0.3, -0.3863 0.3006 0.2953, -0.4072 0.266 0.2912, -0.4242 0.2295 0.2881, -0.4373 0.1918 0.2861, -0.4468 0.1534 0.2854, -0.453 0.1147 0.2861, -0.4563 0.0761 0.2881, -0.457 0.0379 0.2912, -0.4554 0.0 0.2953, -0.4519 -0.0374 0.3, 0.2638 0.4038 0.3222, 0.2315 0.4277 0.319, 0.1966 0.4483 0.315, 0.1596 0.4648 0.3102, 0.1208 0.4771 0.3051, 0.0809 0.4848 0.3, 0.0404 0.4878 0.2953, 0.0 0.4864 0.2912, -0.0398 0.4806 0.2881, -0.0786 0.471 0.2861, -0.116 0.458 0.2854, -0.1517 0.442 0.2861, -0.1858 0.4236 0.2881, -0.2182 0.4033 0.2912, -0.2491 0.3812 0.2953, -0.2785 0.3578 0.3, -0.3066 0.3331 0.3051, -0.3336 0.3071 0.3102, -0.3594 0.2797 0.315, -0.3839 0.2508 0.319, -0.4068 0.2202 0.3222, -0.428 0.1877 0.3241, -0.4468 0.1534 0.3248, -0.4629 0.1172 0.3241, -0.4757 0.0794 0.3222, -0.4847 0.0402 0.319, -0.4895 0.0 0.315, -0.4898 -0.0406 0.3102, -0.4854 -0.081 0.3051, -0.4764 -0.1206 0.3, -0.463 -0.1589 0.2953, -0.4454 -0.1954 0.2912, -0.4242 -0.2295 0.2881, -0.3998 -0.2612 0.2861, -0.3728 -0.2902 0.2854, -0.3438 -0.3165 0.2861, -0.3133 -0.3403 0.2881, -0.2816 -0.3618 0.2912, -0.2491 -0.3812 0.2953, -0.2158 -0.3988 0.3, -0.1819 -0.4146 0.3051, -0.1472 -0.4289 0.3102, -0.1118 -0.4415 0.315, -0.0755 -0.4523 0.319, -0.0382 -0.461 0.3222, 0.0 -0.4673 0.3241, 0.039 -0.4708 0.3248, 0.0786 -0.471 0.3241, 0.1184 -0.4675 0.3222, 0.1579 -0.46 0.319, 0.1966 -0.4483 0.315, 0.2339 -0.4322 0.3102, 0.2692 -0.412 0.3051, 0.3019 -0.3878 0.3, 0.3315 -0.3601 0.2953, 0.3578 -0.3294 0.2912, 0.3806 -0.2962 0.2881, 0.3998 -0.2612 0.2861, 0.4155 -0.2249 0.2854, 0.428 -0.1877 0.2861, 0.4375 -0.1502 0.2881, 0.4445 -0.1126 0.2912, 0.4492 -0.075 0.2953, 0.4519 -0.0374 0.3, 0.4528 0.0 0.3051, 0.4519 0.0374 0.3102, 0.4492 0.075 0.315, 0.4445 0.1126 0.319, 0.4375 0.1502 0.3222, 0.428 0.1877 0.3241, 0.4155 0.2249 0.3248, 0.3998 0.2612 0.3241, 0.3806 0.2962 0.3222, 0.3578 0.3294 0.319, 0.3315 0.3601 0.315, 0.3019 0.3878 0.3102, 0.2692 0.412 0.3051, 0.2339 0.4322 0.3, 0.1966 0.4483 0.2953, 0.1579 0.46 0.2912, 0.1184 0.4675 0.2881, 0.0786 0.471 0.2861, 0.039 0.4708 0.2854, 0.0 0.4673 0.2861, -0.0382 0.461 0.2881, -0.0755 0.4523 0.2912, -0.1118 0.4415 0.2953, -0.1472 0.4289 0.3, -0.1819 0.4146 0.3051, -0.2158 0.3988 0.3102, -0.2491 0.3812 0.315, -0.2816 0.3618 0.319, -0.3133 0.3403 0.3222, -0.3438 0.3165 0.3241, -0.3728 0.2902 0.3248, -0.3998 0.2612 0.3241, -0.4242 0.2295 0.3222, -0.4454 0.1954 0.319, -0.463 0.1589 0.315, -0.4764 0.1206 0.3102, -0.4854 0.081 0.3051, -0.4898 0.0406 0.3, -0.4895 0.0 0.2953, -0.4847 -0.0402 0.2912, -0.4757 -0.0794 0.2881, -0.4629 -0.1172 0.2861, -0.4468 -0.1534 0.2854, -0.428 -0.1877 0.2861, -0.4068 -0.2202 0.2881, -0.3839 -0.2508 0.2912, -0.3594 -0.2797 0.2953, -0.3336 -0.3071 0.3, -0.3066 -0.3331 0.3051, -0.2785 -0.3578 0.3102, -0.2491 -0.3812 0.315, -0.2182 -0.4033 0.319, -0.1858 -0.4236 0.3222, -0.1517 -0.442 0.3241, -0.116 -0.458 0.3248, -0.0786 -0.471 0.3241, -0.0398 -0.4806 0.3222, 0.0 -0.4864 0.319, 0.0404 -0.4878 0.315, 0.0809 -0.4848 0.3102, 0.1208 -0.4771 0.3051, 0.1596 -0.4648 0.3, 0.1966 -0.4483 0.2953, 0.2315 -0.4277 0.2912, -0.4519 0.0374 0.3102, -0.4554 0.0 0.315, -0.457 -0.0379 0.319, -0.4563 -0.0761 0.3222, -0.453 -0.1147 0.3241, -0.4468 -0.1534 0.3248, -0.4373 -0.1918 0.3241, -0.4242 -0.2295 0.3222, -0.4072 -0.266 0.319, -0.3863 -0.3006 0.315, -0.3616 -0.3329 0.3102, -0.3333 -0.3621 0.3051, -0.3019 -0.3878 0.3, -0.2677 -0.4098 0.2953, -0.2315 -0.4277 0.2912, -0.1937 -0.4417 0.2881, -0.1551 -0.4517 0.2861, -0.116 -0.458 0.2854, -0.0769 -0.461 0.2861, -0.0382 -0.461 0.2881, 0.0 -0.4585 0.2912, 0.0376 -0.4538 0.2953, 0.0746 -0.4472 0.3, 0.1111 -0.4389 0.3051, 0.1472 -0.4289 0.3102, 0.1829 -0.417 0.315, 0.2182 -0.4033 0.319, 0.253 -0.3873 0.3222, 0.287 -0.3688 0.3241, 0.32 -0.3476 0.3248, 0.3513 -0.3234 0.3241, 0.3806 -0.2962 0.3222, 0.4072 -0.266 0.319, 0.4305 -0.233 0.315, 0.4501 -0.1974 0.3102, 0.4655 -0.1598 0.3051, 0.4764 -0.1206 0.3, 0.4828 -0.0806 0.2953, 0.4847 -0.0402 0.2912, 0.4823 0.0 0.2881, 0.4759 0.0394 0.2861, 0.466 0.0778 0.2854, 0.453 0.1147 0.2861, 0.4375 0.1502 0.2881, 0.4199 0.1842 0.2912, 0.4005 0.2167 0.2953, 0.3796 0.248 0.3, 0.3573 0.2781 0.3051, 0.3336 0.3071 0.3102, 0.3084 0.335 0.315, 0.2816 0.3618 0.319, 0.253 0.3873 0.3222, 0.2224 0.411 0.3241, 0.1898 0.4326 0.3248, 0.1551 0.4517 0.3241, 0.1184 0.4675 0.3222, 0.0801 0.4797 0.319, 0.0404 0.4878 0.315, 0.0 0.4915 0.3102, -0.0406 0.4904 0.3051, -0.0809 0.4848 0.3, -0.1202 0.4745 0.2953, -0.1579 0.46 0.2912, -0.1937 0.4417 0.2881, -0.2273 0.42 0.2861, -0.2584 0.3955 0.2854, -0.287 0.3688 0.2861, -0.3133 0.3403 0.2881, -0.3373 0.3105 0.2912, -0.3594 0.2797 0.2953, -0.3796 0.248 0.3, -0.3982 0.2155 0.3051, -0.4152 0.1821 0.3102, -0.4307 0.1479 0.315, -0.4445 0.1126 0.319, -0.4563 0.0761 0.3222, -0.4658 0.0386 0.3241, -0.4724 0.0 0.3248, -0.4759 -0.0394 0.3241, -0.4757 -0.0794 0.3222, -0.4715 -0.1194 0.319, -0.463 -0.1589 0.315, -0.4501 -0.1974 0.3102, -0.4328 -0.2342 0.3051, -0.4114 -0.2688 0.3, -0.3863 -0.3006 0.2953, -0.3578 -0.3294 0.2912, -0.3266 -0.3548 0.2881, -0.2933 -0.3768 0.2861, -0.2584 -0.3955 0.2854, -0.2224 -0.411 0.2861, -0.1858 -0.4236 0.2881, -0.1489 -0.4337 0.2912, -0.1118 -0.4415 0.2953, -0.0746 -0.4472 0.3, -0.0374 -0.4512 0.3051, 0.0 -0.4534 0.3102, 0.0376 -0.4538 0.315, 0.0755 -0.4523 0.319, 0.1136 -0.4484 0.3222, 0.1517 -0.442 0.3241, 0.1898 -0.4326 0.3248, 0.2273 -0.42 0.3241, 0.2638 -0.4038 0.3222, 0.2987 -0.3838 0.319, 0.3315 -0.3601 0.315, 0.3616 -0.3329 0.3102, 0.3884 -0.3023 0.3051, 0.4114 -0.2688 0.3, 0.4305 -0.233 0.2953, 0.4454 -0.1954 0.2912, 0.4562 -0.1566 0.2881, 0.4629 -0.1172 0.2861, 0.466 -0.0778 0.2854, 0.4658 -0.0386 0.2861, 0.4626 0.0 0.2881, 0.457 0.0379 0.2912, 0.4492 0.075 0.2953, 0.4396 0.1113 0.3, 0.4282 0.147 0.3051, 0.4152 0.1821 0.3102, 0.4005 0.2167 0.315, 0.3839 0.2508 0.319, 0.3651 0.2841 0.3222, 0.3438 0.3165 0.3241, 0.32 0.3476 0.3248, 0.2933 0.3768 0.3241, -0.4389 -0.1111 0.3051, -0.4289 -0.1472 0.3102, -0.417 -0.1829 0.315, -0.4033 -0.2182 0.319, -0.3873 -0.253 0.3222, -0.3688 -0.287 0.3241, -0.3476 -0.32 0.3248, -0.3234 -0.3513 0.3241, -0.2962 -0.3806 0.3222, -0.266 -0.4072 0.319, -0.233 -0.4305 0.315, -0.1974 -0.4501 0.3102, -0.1598 -0.4655 0.3051, -0.1206 -0.4764 0.3, -0.0806 -0.4828 0.2953, -0.0402 -0.4847 0.2912, 0.0 -0.4823 0.2881, 0.0394 -0.4759 0.2861, 0.0778 -0.466 0.2854, 0.1147 -0.453 0.2861, 0.1502 -0.4375 0.2881, 0.1842 -0.4199 0.2912, 0.2167 -0.4005 0.2953, 0.248 -0.3796 0.3, 0.2781 -0.3573 0.3051, 0.3071 -0.3336 0.3102, 0.335 -0.3084 0.315, 0.3618 -0.2816 0.319, 0.3873 -0.253 0.3222, 0.411 -0.2224 0.3241, 0.4326 -0.1898 0.3248, 0.4517 -0.1551 0.3241, 0.4675 -0.1184 0.3222, 0.4797 -0.0801 0.319, 0.4878 -0.0404 0.315, 0.4915 0.0 0.3102, 0.4904 0.0406 0.3051, 0.4848 0.0809 0.3, 0.4745 0.1202 0.2953, 0.46 0.1579 0.2912, 0.4417 0.1937 0.2881, 0.42 0.2273 0.2861, 0.3955 0.2584 0.2854, 0.3688 0.287 0.2861, 0.3403 0.3133 0.2881, 0.3105 0.3373 0.2912, 0.2797 0.3594 0.2953, 0.248 0.3796 0.3, 0.2155 0.3982 0.3051, 0.1821 0.4152 0.3102, 0.1479 0.4307 0.315, 0.1126 0.4445 0.319, 0.0761 0.4563 0.3222, 0.0386 0.4658 0.3241, 0.0 0.4724 0.3248, -0.0394 0.4759 0.3241, -0.0794 0.4757 0.3222, -0.1194 0.4715 0.319, -0.1589 0.463 0.315, -0.1974 0.4501 0.3102, -0.2342 0.4328 0.3051, -0.2688 0.4114 0.3, -0.3006 0.3863 0.2953, -0.3294 0.3578 0.2912, -0.3548 0.3266 0.2881, -0.3768 0.2933 0.2861, -0.3955 0.2584 0.2854, -0.411 0.2224 0.2861, -0.4236 0.1858 0.2881, -0.4337 0.1489 0.2912, -0.4415 0.1118 0.2953, -0.4472 0.0746 0.3, -0.4512 0.0374 0.3051, 0.2962 -0.3806 0.2881, 0.3234 -0.3513 0.2861, 0.3476 -0.32 0.2854, 0.3688 -0.287 0.2861, 0.3873 -0.253 0.2881, 0.4033 -0.2182 0.2912, 0.417 -0.1829 0.2953, 0.4289 -0.1472 0.3, 0.4389 -0.1111 0.3051, 0.4472 -0.0746 0.3102, 0.4538 -0.0376 0.315, 0.4585 0.0 0.319, 0.461 0.0382 0.3222, 0.461 0.0769 0.3241, 0.458 0.116 0.3248, 0.4517 0.1551 0.3241, 0.4417 0.1937 0.3222, 0.4277 0.2315 0.319, 0.4098 0.2677 0.315, 0.3878 0.3019 0.3102, 0.3621 0.3333 0.3051, 0.3329 0.3616 0.3, 0.3006 0.3863 0.2953, 0.266 0.4072 0.2912, 0.2295 0.4242 0.2881, 0.1918 0.4373 0.2861, 0.1534 0.4468 0.2854, 0.1147 0.453 0.2861, 0.0761 0.4563 0.2881, 0.0379 0.457 0.2912, 0.0 0.4554 0.2953, -0.0374 0.4519 0.3, -0.0745 0.4466 0.3051, -0.1113 0.4396 0.3102, -0.1479 0.4307 0.315, -0.1842 0.4199 0.319, -0.2202 0.4068 0.3222, -0.2556 0.3912 0.3241, -0.2902 0.3728 0.3248, -0.3234 0.3513 0.3241, -0.3548 0.3266 0.3222, -0.3838 0.2987 0.319, -0.4098 0.2677 0.315, -0.4322 0.2339 0.3102, -0.4507 0.1977 0.3051, -0.4648 0.1596 0.3, -0.4745 0.1202 0.2953, -0.4797 0.0801 0.2912, -0.4806 0.0398 0.2881, -0.4775 0.0 0.2861, -0.4708 -0.039 0.2854, -0.461 -0.0769 0.2861, -0.4484 -0.1136 0.2881, -0.4337 -0.1489 0.2912, -0.417 -0.1829 0.2953, -0.3988 -0.2158 0.3, -0.379 -0.2476 0.3051, -0.3578 -0.2785 0.3102, -0.335 -0.3084 0.315, -0.3105 -0.3373 0.319, -0.2841 -0.3651 0.3222, -0.2556 -0.3912 0.3241, -0.2249 -0.4155 0.3248, -0.1918 -0.4373 0.3241, -0.1566 -0.4562 0.3222, -0.1194 -0.4715 0.319, -0.0806 -0.4828 0.315, -0.0406 -0.4898 0.3102, 0.0 -0.4921 0.3051, 0.0406 -0.4898 0.3, 0.0806 -0.4828 0.2953, 0.1194 -0.4715 0.2912, 0.1566 -0.4562 0.2881, 0.1918 -0.4373 0.2861, 0.2249 -0.4155 0.2854, 0.2556 -0.3912 0.2861, 0.2841 -0.3651 0.2881, 0.3105 -0.3373 0.2912, 0.335 -0.3084 0.2953, 0.3578 -0.2785 0.3, 0.379 -0.2476 0.3051, 0.3988 -0.2158 0.3102, 0.417 -0.1829 0.315, 0.4337 -0.1489 0.319, 0.4484 -0.1136 0.3222, 0.461 -0.0769 0.3241, 0.4708 -0.039 0.3248, 0.4775 0.0 0.3241, 0.4806 0.0398 0.3222, 0.4797 0.0801 0.319, 0.4745 0.1202 0.315, 0.4648 0.1596 0.3102, 0.4507 0.1977 0.3051, 0.4322 0.2339 0.3, 0.4098 0.2677 0.2953, 0.3838 0.2987 0.2912, 0.3548 0.3266 0.2881, 0.3234 0.3513 0.2861, 0.2902 0.3728 0.2854, 0.2556 0.3912 0.2861, 0.2202 0.4068 0.2881, 0.1842 0.4199 0.2912, 0.1479 0.4307 0.2953, 0.1113 0.4396 0.3, 0.0745 0.4466 0.3051, 0.0374 0.4519 0.3102, 0.0 0.4554 0.315, -0.0379 0.457 0.319, -0.0761 0.4563 0.3222, -0.1147 0.453 0.3241, -0.1534 0.4468 0.3248, -0.1918 0.4373 0.3241, -0.2295 0.4242 0.3222, -0.266 0.4072 0.319, -0.3006 0.3863 0.315, -0.3329 0.3616 0.3102, -0.3621 0.3333 0.3051, -0.3878 0.3019 0.3, -0.4098 0.2677 0.2953, -0.4277 0.2315 0.2912, -0.4417 0.1937 0.2881, -0.4517 0.1551 0.2861, -0.458 0.116 0.2854, -0.461 0.0769 0.2861, -0.461 0.0382 0.2881, -0.4585 0.0 0.2912, -0.4538 -0.0376 0.2953, -0.4472 -0.0746 0.3, 0.2295 0.4242 0.3222, 0.1954 0.4454 0.319, 0.1589 0.463 0.315, 0.1206 0.4764 0.3102, 0.081 0.4854 0.3051, 0.0406 0.4898 0.3, 0.0 0.4895 0.2953, -0.0402 0.4847 0.2912, -0.0794 0.4757 0.2881, -0.1172 0.4629 0.2861, -0.1534 0.4468 0.2854, -0.1877 0.428 0.2861, -0.2202 0.4068 0.2881, -0.2508 0.3839 0.2912, -0.2797 0.3594 0.2953, -0.3071 0.3336 0.3, -0.3331 0.3066 0.3051, -0.3578 0.2785 0.3102, -0.3812 0.2491 0.315, -0.4033 0.2182 0.319, -0.4236 0.1858 0.3222, -0.442 0.1517 0.3241, -0.458 0.116 0.3248, -0.471 0.0786 0.3241, -0.4806 0.0398 0.3222, -0.4864 0.0 0.319, -0.4878 -0.0404 0.315, -0.4848 -0.0809 0.3102, -0.4771 -0.1208 0.3051, -0.4648 -0.1596 0.3, -0.4483 -0.1966 0.2953, -0.4277 -0.2315 0.2912, -0.4038 -0.2638 0.2881, -0.3768 -0.2933 0.2861, -0.3476 -0.32 0.2854, -0.3165 -0.3438 0.2861, -0.2841 -0.3651 0.2881, -0.2508 -0.3839 0.2912, -0.2167 -0.4005 0.2953, -0.1821 -0.4152 0.3, -0.147 -0.4282 0.3051, -0.1113 -0.4396 0.3102, -0.075 -0.4492 0.315, -0.0379 -0.457 0.319, 0.0 -0.4626 0.3222, 0.0386 -0.4658 0.3241, 0.0778 -0.466 0.3248, 0.1172 -0.4629 0.3241, 0.1566 -0.4562 0.3222, 0.1954 -0.4454 0.319, 0.233 -0.4305 0.315, 0.2688 -0.4114 0.3102, 0.3023 -0.3884 0.3051, 0.3329 -0.3616 0.3, 0.3601 -0.3315 0.2953, 0.3838 -0.2987 0.2912, 0.4038 -0.2638 0.2881, 0.42 -0.2273 0.2861, 0.4326 -0.1898 0.2854, 0.442 -0.1517 0.2861, 0.4484 -0.1136 0.2881, 0.4523 -0.0755 0.2912, 0.4538 -0.0376 0.2953, 0.4534 0.0 0.3, 0.4512 0.0374 0.3051, 0.4472 0.0746 0.3102, 0.4415 0.1118 0.315, 0.4337 0.1489 0.319, 0.4236 0.1858 0.3222, 0.411 0.2224 0.3241, 0.3955 0.2584 0.3248, 0.3768 0.2933 0.3241, 0.3548 0.3266 0.3222, 0.3294 0.3578 0.319, 0.3006 0.3863 0.315, 0.2688 0.4114 0.3102, 0.2342 0.4328 0.3051, 0.1974 0.4501 0.3, 0.1589 0.463 0.2953, 0.1194 0.4715 0.2912, 0.0794 0.4757 0.2881, 0.0394 0.4759 0.2861, 0.0 0.4724 0.2854, -0.0386 0.4658 0.2861, -0.0761 0.4563 0.2881, -0.1126 0.4445 0.2912, -0.1479 0.4307 0.2953, -0.1821 0.4152 0.3, -0.2155 0.3982 0.3051, -0.248 0.3796 0.3102, -0.2797 0.3594 0.315, -0.3105 0.3373 0.319, -0.3403 0.3133 0.3222, -0.3688 0.287 0.3241, -0.3955 0.2584 0.3248, -0.42 0.2273 0.3241, -0.4417 0.1937 0.3222, -0.46 0.1579 0.319, -0.4745 0.1202 0.315, -0.4848 0.0809 0.3102, -0.4904 0.0406 0.3051, -0.4915 0.0 0.3, -0.4878 -0.0404 0.2953, -0.4797 -0.0801 0.2912, -0.4675 -0.1184 0.2881, -0.4517 -0.1551 0.2861, -0.4326 -0.1898 0.2854, -0.411 -0.2224 0.2861, -0.3873 -0.253 0.2881, -0.3618 -0.2816 0.2912, -0.335 -0.3084 0.2953, -0.3071 -0.3336 0.3, -0.2781 -0.3573 0.3051, -0.248 -0.3796 0.3102, -0.2167 -0.4005 0.315, -0.1842 -0.4199 0.319, -0.1502 -0.4375 0.3222, -0.1147 -0.453 0.3241, -0.0778 -0.466 0.3248, -0.0394 -0.4759 0.3241, 0.0 -0.4823 0.3222, 0.0402 -0.4847 0.319, 0.0806 -0.4828 0.315, 0.1206 -0.4764 0.3102, 0.1598 -0.4655 0.3051, 0.1974 -0.4501 0.3, 0.233 -0.4305 0.2953, 0.266 -0.4072 0.2912, -0.4534 0.0 0.3102, -0.4538 -0.0376 0.315, -0.4523 -0.0755 0.319, -0.4484 -0.1136 0.3222, -0.442 -0.1517 0.3241, -0.4326 -0.1898 0.3248, -0.42 -0.2273 0.3241, -0.4038 -0.2638 0.3222, -0.3838 -0.2987 0.319, -0.3601 -0.3315 0.315, -0.3329 -0.3616 0.3102, -0.3023 -0.3884 0.3051, -0.2688 -0.4114 0.3, -0.233 -0.4305 0.2953, -0.1954 -0.4454 0.2912, -0.1566 -0.4562 0.2881, -0.1172 -0.4629 0.2861, -0.0778 -0.466 0.2854, -0.0386 -0.4658 0.2861, 0.0 -0.4626 0.2881, 0.0379 -0.457 0.2912, 0.075 -0.4492 0.2953, 0.1113 -0.4396 0.3, 0.147 -0.4282 0.3051, 0.1821 -0.4152 0.3102, 0.2167 -0.4005 0.315, 0.2508 -0.3839 0.319, 0.2841 -0.3651 0.3222, 0.3165 -0.3438 0.3241, 0.3476 -0.32 0.3248, 0.3768 -0.2933 0.3241, 0.4038 -0.2638 0.3222, 0.4277 -0.2315 0.319, 0.4483 -0.1966 0.315, 0.4648 -0.1596 0.3102, 0.4771 -0.1208 0.3051, 0.4848 -0.0809 0.3, 0.4878 -0.0404 0.2953, 0.4864 0.0 0.2912, 0.4806 0.0398 0.2881, 0.471 0.0786 0.2861, 0.458 0.116 0.2854, 0.442 0.1517 0.2861, 0.4236 0.1858 0.2881, 0.4033 0.2182 0.2912, 0.3812 0.2491 0.2953, 0.3578 0.2785 0.3, 0.3331 0.3066 0.3051, 0.3071 0.3336 0.3102, 0.2797 0.3594 0.315, 0.2508 0.3839 0.319, 0.2202 0.4068 0.3222, 0.1877 0.428 0.3241, 0.1534 0.4468 0.3248, 0.1172 0.4629 0.3241, 0.0794 0.4757 0.3222, 0.0402 0.4847 0.319, 0.0 0.4895 0.315, -0.0406 0.4898 0.3102, -0.081 0.4854 0.3051, -0.1206 0.4764 0.3, -0.1589 0.463 0.2953, -0.1954 0.4454 0.2912, -0.2295 0.4242 0.2881, -0.2612 0.3998 0.2861, -0.2902 0.3728 0.2854, -0.3165 0.3438 0.2861, -0.3403 0.3133 0.2881, -0.3618 0.2816 0.2912, -0.3812 0.2491 0.2953, -0.3988 0.2158 0.3, -0.4146 0.1819 0.3051, -0.4289 0.1472 0.3102, -0.4415 0.1118 0.315, -0.4523 0.0755 0.319, -0.461 0.0382 0.3222, -0.4673 0.0 0.3241, -0.4708 -0.039 0.3248, -0.471 -0.0786 0.3241, -0.4675 -0.1184 0.3222, -0.46 -0.1579 0.319, -0.4483 -0.1966 0.315, -0.4322 -0.2339 0.3102, -0.412 -0.2692 0.3051, -0.3878 -0.3019 0.3, -0.3601 -0.3315 0.2953, -0.3294 -0.3578 0.2912, -0.2962 -0.3806 0.2881, -0.2612 -0.3998 0.2861, -0.2249 -0.4155 0.2854, -0.1877 -0.428 0.2861, -0.1502 -0.4375 0.2881, -0.1126 -0.4445 0.2912, -0.075 -0.4492 0.2953, -0.0374 -0.4519 0.3, 0.0 -0.4528 0.3051, 0.0374 -0.4519 0.3102, 0.075 -0.4492 0.315, 0.1126 -0.4445 0.319, 0.1502 -0.4375 0.3222, 0.1877 -0.428 0.3241, 0.2249 -0.4155 0.3248, 0.2612 -0.3998 0.3241, 0.2962 -0.3806 0.3222, 0.3294 -0.3578 0.319, 0.3601 -0.3315 0.315, 0.3878 -0.3019 0.3102, 0.412 -0.2692 0.3051, 0.4322 -0.2339 0.3, 0.4483 -0.1966 0.2953, 0.46 -0.1579 0.2912, 0.4675 -0.1184 0.2881, 0.471 -0.0786 0.2861, 0.4708 -0.039 0.2854, 0.4673 0.0 0.2861, 0.461 0.0382 0.2881, 0.4523 0.0755 0.2912, 0.4415 0.1118 0.2953, 0.4289 0.1472 0.3, 0.4146 0.1819 0.3051, 0.3988 0.2158 0.3102, 0.3812 0.2491 0.315, 0.3618 0.2816 0.319, 0.3403 0.3133 0.3222, 0.3165 0.3438 0.3241, 0.2902 0.3728 0.3248, 0.2612 0.3998 0.3241, -0.4512 -0.0374 0.2657, -0.4519 -0.0374 0.2708, -0.4472 -0.0746 0.2708, -0.4492 -0.075 0.2756, -0.4415 -0.1118 0.2756, -0.4445 -0.1126 0.2797, -0.4337 -0.1489 0.2797, -0.4375 -0.1502 0.2828, -0.4236 -0.1858 0.2828, -0.428 -0.1877 0.2848, -0.411 -0.2224 0.2848, -0.3998 -0.2612 0.2848, -0.3768 -0.2933 0.2848, -0.3806 -0.2962 0.2828, -0.3548 -0.3266 0.2828, -0.3578 -0.3294 0.2797, -0.3294 -0.3578 0.2797, -0.3315 -0.3601 0.2756, -0.3006 -0.3863 0.2756, -0.3019 -0.3878 0.2708, -0.2688 -0.4114 0.2708, -0.2692 -0.412 0.2657, -0.2342 -0.4328 0.2657, -0.2339 -0.4322 0.2607, -0.1974 -0.4501 0.2607, -0.1966 -0.4483 0.2559, -0.1589 -0.463 0.2559, -0.1579 -0.46 0.2518, -0.1194 -0.4715 0.2518, -0.1184 -0.4675 0.2487, -0.0794 -0.4757 0.2487, -0.0786 -0.471 0.2467, -0.0394 -0.4759 0.2467, -0.039 -0.4708 0.2461, 0.0 -0.4724 0.2461, 0.0 -0.4673 0.2467, 0.0386 -0.4658 0.2467, 0.0382 -0.461 0.2487, 0.0761 -0.4563 0.2487, 0.0755 -0.4523 0.2518, 0.1126 -0.4445 0.2518, 0.1118 -0.4415 0.2559, 0.1479 -0.4307 0.2559, 0.1472 -0.4289 0.2607, 0.1821 -0.4152 0.2607, 0.1819 -0.4146 0.2657, 0.2155 -0.3982 0.2657, 0.2158 -0.3988 0.2708, 0.248 -0.3796 0.2708, 0.2491 -0.3812 0.2756, 0.2797 -0.3594 0.2756, 0.2816 -0.3618 0.2797, 0.3105 -0.3373 0.2797, 0.3133 -0.3403 0.2828, 0.3403 -0.3133 0.2828, 0.3438 -0.3165 0.2848, 0.3688 -0.287 0.2848, 0.3998 -0.2612 0.2848, 0.42 -0.2273 0.2848, 0.4242 -0.2295 0.2828, 0.4417 -0.1937 0.2828, 0.4454 -0.1954 0.2797, 0.46 -0.1579 0.2797, 0.463 -0.1589 0.2756, 0.4745 -0.1202 0.2756, 0.4764 -0.1206 0.2708, 0.4848 -0.0809 0.2708, 0.4854 -0.081 0.2657, 0.4904 -0.0406 0.2657, 0.4898 -0.0406 0.2607, 0.4915 0.0 0.2607, 0.4895 0.0 0.2559, 0.4878 0.0404 0.2559, 0.4847 0.0402 0.2518, 0.4797 0.0801 0.2518, 0.4757 0.0794 0.2487, 0.4675 0.1184 0.2487, 0.4629 0.1172 0.2467, 0.4517 0.1551 0.2467, 0.4468 0.1534 0.2461, 0.4326 0.1898 0.2461, 0.428 0.1877 0.2467, 0.411 0.2224 0.2467, 0.4068 0.2202 0.2487, 0.3873 0.253 0.2487, 0.3839 0.2508 0.2518, 0.3618 0.2816 0.2518, 0.3594 0.2797 0.2559, 0.335 0.3084 0.2559, 0.3336 0.3071 0.2607, 0.3071 0.3336 0.2607, 0.3066 0.3331 0.2657, 0.2781 0.3573 0.2657, 0.2785 0.3578 0.2708, 0.248 0.3796 0.2708, 0.2491 0.3812 0.2756, 0.2167 0.4005 0.2756, 0.2182 0.4033 0.2797, 0.1842 0.4199 0.2797, 0.1858 0.4236 0.2828, 0.1502 0.4375 0.2828, 0.1517 0.442 0.2848, 0.1147 0.453 0.2848, 0.0786 0.471 0.2848, 0.0394 0.4759 0.2848, 0.0398 0.4806 0.2828, 0.0 0.4823 0.2828, 0.0 0.4864 0.2797, -0.0402 0.4847 0.2797, -0.0404 0.4878 0.2756, -0.0806 0.4828 0.2756, -0.0809 0.4848 0.2708, -0.1206 0.4764 0.2708, -0.1208 0.4771 0.2657, -0.1598 0.4655 0.2657, -0.1596 0.4648 0.2607, -0.1974 0.4501 0.2607, -0.1966 0.4483 0.2559, -0.233 0.4305 0.2559, -0.2315 0.4277 0.2518, -0.266 0.4072 0.2518, -0.2638 0.4038 0.2487, -0.2962 0.3806 0.2487, -0.2933 0.3768 0.2467, -0.3234 0.3513 0.2467, -0.32 0.3476 0.2461, -0.3476 0.32 0.2461, -0.3438 0.3165 0.2467, -0.3688 0.287 0.2467, -0.3651 0.2841 0.2487, -0.3873 0.253 0.2487, -0.3839 0.2508 0.2518, -0.4033 0.2182 0.2518, -0.4005 0.2167 0.2559, -0.417 0.1829 0.2559, -0.4152 0.1821 0.2607, -0.4289 0.1472 0.2607, -0.4282 0.147 0.2657, -0.4389 0.1111 0.2657, -0.4396 0.1113 0.2708, 0.2295 -0.4242 0.2487, 0.2273 -0.42 0.2467, 0.2612 -0.3998 0.2467, 0.2584 -0.3955 0.2461, 0.2902 -0.3728 0.2461, 0.287 -0.3688 0.2467, 0.3165 -0.3438 0.2467, 0.3133 -0.3403 0.2487, 0.3403 -0.3133 0.2487, 0.3373 -0.3105 0.2518, 0.3618 -0.2816 0.2518, 0.3594 -0.2797 0.2559, 0.3812 -0.2491 0.2559, 0.3796 -0.248 0.2607, 0.3988 -0.2158 0.2607, 0.3982 -0.2155 0.2657, 0.4146 -0.1819 0.2657, 0.4152 -0.1821 0.2708, 0.4289 -0.1472 0.2708, 0.4307 -0.1479 0.2756, 0.4415 -0.1118 0.2756, 0.4445 -0.1126 0.2797, 0.4523 -0.0755 0.2797, 0.4563 -0.0761 0.2828, 0.461 -0.0382 0.2828, 0.4658 -0.0386 0.2848, 0.4673 0.0 0.2848, 0.4759 0.0394 0.2848, 0.471 0.0786 0.2848, 0.4757 0.0794 0.2828, 0.4675 0.1184 0.2828, 0.4715 0.1194 0.2797, 0.46 0.1579 0.2797, 0.463 0.1589 0.2756, 0.4483 0.1966 0.2756, 0.4501 0.1974 0.2708, 0.4322 0.2339 0.2708, 0.4328 0.2342 0.2657, 0.412 0.2692 0.2657, 0.4114 0.2688 0.2607, 0.3878 0.3019 0.2607, 0.3863 0.3006 0.2559, 0.3601 0.3315 0.2559, 0.3578 0.3294 0.2518, 0.3294 0.3578 0.2518, 0.3266 0.3548 0.2487, 0.2962 0.3806 0.2487, 0.2933 0.3768 0.2467, 0.2612 0.3998 0.2467, 0.2584 0.3955 0.2461, 0.2249 0.4155 0.2461, 0.2224 0.411 0.2467, 0.1877 0.428 0.2467, 0.1858 0.4236 0.2487, 0.1502 0.4375 0.2487, 0.1489 0.4337 0.2518, 0.1126 0.4445 0.2518, 0.1118 0.4415 0.2559, 0.075 0.4492 0.2559, 0.0746 0.4472 0.2607, 0.0374 0.4519 0.2607, 0.0374 0.4512 0.2657, 0.0 0.4528 0.2657, 0.0 0.4534 0.2708, -0.0374 0.4519 0.2708, -0.0376 0.4538 0.2756, -0.075 0.4492 0.2756, -0.0755 0.4523 0.2797, -0.1126 0.4445 0.2797, -0.1136 0.4484 0.2828, -0.1502 0.4375 0.2828, -0.1517 0.442 0.2848, -0.1877 0.428 0.2848, -0.2273 0.42 0.2848, -0.2612 0.3998 0.2848, -0.2638 0.4038 0.2828, -0.2962 0.3806 0.2828, -0.2987 0.3838 0.2797, -0.3294 0.3578 0.2797, -0.3315 0.3601 0.2756, -0.3601 0.3315 0.2756, -0.3616 0.3329 0.2708, -0.3878 0.3019 0.2708, -0.3884 0.3023 0.2657, -0.412 0.2692 0.2657, -0.4114 0.2688 0.2607, -0.4322 0.2339 0.2607, -0.4305 0.233 0.2559, -0.4483 0.1966 0.2559, -0.4454 0.1954 0.2518, -0.46 0.1579 0.2518, -0.4562 0.1566 0.2487, -0.4675 0.1184 0.2487, -0.4629 0.1172 0.2467, -0.471 0.0786 0.2467, -0.466 0.0778 0.2461, -0.4708 0.039 0.2461, -0.4658 0.0386 0.2467, -0.4673 0.0 0.2467, -0.4626 0.0 0.2487, -0.461 -0.0382 0.2487, -0.457 -0.0379 0.2518, -0.4523 -0.0755 0.2518, -0.4492 -0.075 0.2559, -0.4415 -0.1118 0.2559, -0.4396 -0.1113 0.2607, -0.4289 -0.1472 0.2607, -0.4282 -0.147 0.2657, -0.4146 -0.1819 0.2657, -0.4152 -0.1821 0.2708, -0.3988 -0.2158 0.2708, -0.4005 -0.2167 0.2756, -0.3812 -0.2491 0.2756, -0.3839 -0.2508 0.2797, -0.3618 -0.2816 0.2797, -0.3651 -0.2841 0.2828, -0.3403 -0.3133 0.2828, -0.3438 -0.3165 0.2848, -0.3165 -0.3438 0.2848, -0.2933 -0.3768 0.2848, -0.2612 -0.3998 0.2848, -0.2638 -0.4038 0.2828, -0.2295 -0.4242 0.2828, -0.2315 -0.4277 0.2797, -0.1954 -0.4454 0.2797, -0.1966 -0.4483 0.2756, -0.1589 -0.463 0.2756, -0.1596 -0.4648 0.2708, -0.1206 -0.4764 0.2708, -0.1208 -0.4771 0.2657, -0.081 -0.4854 0.2657, -0.0809 -0.4848 0.2607, -0.0406 -0.4898 0.2607, -0.0404 -0.4878 0.2559, 0.0 -0.4895 0.2559, 0.0 -0.4864 0.2518, 0.0402 -0.4847 0.2518, 0.0398 -0.4806 0.2487, 0.0794 -0.4757 0.2487, 0.0786 -0.471 0.2467, 0.1172 -0.4629 0.2467, 0.116 -0.458 0.2461, 0.1534 -0.4468 0.2461, 0.1517 -0.442 0.2467, 0.1877 -0.428 0.2467, 0.1858 -0.4236 0.2487, 0.2202 -0.4068 0.2487, 0.2182 -0.4033 0.2518, 0.2508 -0.3839 0.2518, 0.2491 -0.3812 0.2559, 0.2797 -0.3594 0.2559, 0.2785 -0.3578 0.2607, 0.3071 -0.3336 0.2607, 0.3066 -0.3331 0.2657, 0.3331 -0.3066 0.2657, 0.3336 -0.3071 0.2708, 0.3578 -0.2785 0.2708, 0.3594 -0.2797 0.2756, 0.3812 -0.2491 0.2756, 0.3839 -0.2508 0.2797, 0.4033 -0.2182 0.2797, 0.4068 -0.2202 0.2828, 0.4236 -0.1858 0.2828, 0.428 -0.1877 0.2848, 0.442 -0.1517 0.2848, 0.4629 -0.1172 0.2848, 0.471 -0.0786 0.2848, 0.4757 -0.0794 0.2828, 0.4806 -0.0398 0.2828, 0.4847 -0.0402 0.2797, 0.4864 0.0 0.2797, 0.4895 0.0 0.2756, 0.4878 0.0404 0.2756, 0.4898 0.0406 0.2708, 0.4848 0.0809 0.2708, 0.4854 0.081 0.2657, 0.4771 0.1208 0.2657, 0.4764 0.1206 0.2607, 0.4648 0.1596 0.2607, 0.463 0.1589 0.2559, 0.4483 0.1966 0.2559, 0.4454 0.1954 0.2518, 0.4277 0.2315 0.2518, 0.4242 0.2295 0.2487, 0.4038 0.2638 0.2487, 0.3998 0.2612 0.2467, 0.3768 0.2933 0.2467, 0.3728 0.2902 0.2461, 0.3476 0.32 0.2461, 0.3438 0.3165 0.2467, 0.3165 0.3438 0.2467, 0.3133 0.3403 0.2487, 0.2841 0.3651 0.2487, 0.2816 0.3618 0.2518, 0.2508 0.3839 0.2518, 0.2491 0.3812 0.2559, 0.2167 0.4005 0.2559, 0.2158 0.3988 0.2607, 0.1821 0.4152 0.2607, 0.1819 0.4146 0.2657, 0.147 0.4282 0.2657, 0.1472 0.4289 0.2708, 0.1113 0.4396 0.2708, 0.1118 0.4415 0.2756, 0.075 0.4492 0.2756, 0.0755 0.4523 0.2797, 0.0379 0.457 0.2797, 0.0382 0.461 0.2828, 0.0 0.4626 0.2828, 0.0 0.4673 0.2848, -0.0386 0.4658 0.2848, -0.0786 0.471 0.2848, -0.1172 0.4629 0.2848, -0.1184 0.4675 0.2828, -0.1566 0.4562 0.2828, -0.1579 0.46 0.2797, -0.1954 0.4454 0.2797, -0.1966 0.4483 0.2756, -0.233 0.4305 0.2756, -0.2339 0.4322 0.2708, -0.2688 0.4114 0.2708, -0.2692 0.412 0.2657, -0.3023 0.3884 0.2657, -0.3019 0.3878 0.2607, -0.3329 0.3616 0.2607, -0.3315 0.3601 0.2559, -0.3601 0.3315 0.2559, -0.3578 0.3294 0.2518, -0.3838 0.2987 0.2518, -0.3806 0.2962 0.2487, -0.4038 0.2638 0.2487, -0.3998 0.2612 0.2467, -0.42 0.2273 0.2467, -0.4155 0.2249 0.2461, -0.4326 0.1898 0.2461, -0.428 0.1877 0.2467, -0.442 0.1517 0.2467, -0.4375 0.1502 0.2487, -0.4484 0.1136 0.2487, -0.4445 0.1126 0.2518, -0.4523 0.0755 0.2518, -0.4492 0.075 0.2559, -0.4538 0.0376 0.2559, -0.4519 0.0374 0.2607, -0.4534 0.0 0.2607, -0.4528 0.0 0.2657, 0.2962 0.3806 0.2828, 0.2987 0.3838 0.2797, 0.266 0.4072 0.2797, 0.2677 0.4098 0.2756, 0.233 0.4305 0.2756, 0.2339 0.4322 0.2708, 0.1974 0.4501 0.2708, 0.1977 0.4507 0.2657, 0.1598 0.4655 0.2657, 0.1596 0.4648 0.2607, 0.1206 0.4764 0.2607, 0.1202 0.4745 0.2559, 0.0806 0.4828 0.2559, 0.0801 0.4797 0.2518, 0.0402 0.4847 0.2518, 0.0398 0.4806 0.2487, 0.0 0.4823 0.2487, 0.0 0.4775 0.2467, -0.0394 0.4759 0.2467, -0.039 0.4708 0.2461, -0.0778 0.466 0.2461, -0.0769 0.461 0.2467, -0.1147 0.453 0.2467, -0.1136 0.4484 0.2487, -0.1502 0.4375 0.2487, -0.1489 0.4337 0.2518, -0.1842 0.4199 0.2518, -0.1829 0.417 0.2559, -0.2167 0.4005 0.2559, -0.2158 0.3988 0.2607, -0.248 0.3796 0.2607, -0.2476 0.379 0.2657, -0.2781 0.3573 0.2657, -0.2785 0.3578 0.2708, -0.3071 0.3336 0.2708, -0.3084 0.335 0.2756, -0.335 0.3084 0.2756, -0.3373 0.3105 0.2797, -0.3618 0.2816 0.2797, -0.3651 0.2841 0.2828, -0.3873 0.253 0.2828, -0.3912 0.2556 0.2848, -0.411 0.2224 0.2848, -0.4373 0.1918 0.2848, -0.4517 0.1551 0.2848, -0.4562 0.1566 0.2828, -0.4675 0.1184 0.2828, -0.4715 0.1194 0.2797, -0.4797 0.0801 0.2797, -0.4828 0.0806 0.2756, -0.4878 0.0404 0.2756, -0.4898 0.0406 0.2708, -0.4915 0.0 0.2708, -0.4921 0.0 0.2657, -0.4904 -0.0406 0.2657, -0.4898 -0.0406 0.2607, -0.4848 -0.0809 0.2607, -0.4828 -0.0806 0.2559, -0.4745 -0.1202 0.2559, -0.4715 -0.1194 0.2518, -0.46 -0.1579 0.2518, -0.4562 -0.1566 0.2487, -0.4417 -0.1937 0.2487, -0.4373 -0.1918 0.2467, -0.42 -0.2273 0.2467, -0.4155 -0.2249 0.2461, -0.3955 -0.2584 0.2461, -0.3912 -0.2556 0.2467, -0.3688 -0.287 0.2467, -0.3651 -0.2841 0.2487, -0.3403 -0.3133 0.2487, -0.3373 -0.3105 0.2518, -0.3105 -0.3373 0.2518, -0.3084 -0.335 0.2559, -0.2797 -0.3594 0.2559, -0.2785 -0.3578 0.2607, -0.248 -0.3796 0.2607, -0.2476 -0.379 0.2657, -0.2155 -0.3982 0.2657, -0.2158 -0.3988 0.2708, -0.1821 -0.4152 0.2708, -0.1829 -0.417 0.2756, -0.1479 -0.4307 0.2756, -0.1489 -0.4337 0.2797, -0.1126 -0.4445 0.2797, -0.1136 -0.4484 0.2828, -0.0761 -0.4563 0.2828, -0.0769 -0.461 0.2848, -0.0386 -0.4658 0.2848, 0.0 -0.4775 0.2848, 0.0394 -0.4759 0.2848, 0.0398 -0.4806 0.2828, 0.0794 -0.4757 0.2828, 0.0801 -0.4797 0.2797, 0.1194 -0.4715 0.2797, 0.1202 -0.4745 0.2756, 0.1589 -0.463 0.2756, 0.1596 -0.4648 0.2708, 0.1974 -0.4501 0.2708, 0.1977 -0.4507 0.2657, 0.2342 -0.4328 0.2657, 0.2339 -0.4322 0.2607, 0.2688 -0.4114 0.2607, 0.2677 -0.4098 0.2559, 0.3006 -0.3863 0.2559, 0.2987 -0.3838 0.2518, 0.3294 -0.3578 0.2518, 0.3266 -0.3548 0.2487, 0.3548 -0.3266 0.2487, 0.3513 -0.3234 0.2467, 0.3768 -0.2933 0.2467, 0.3728 -0.2902 0.2461, 0.3955 -0.2584 0.2461, 0.3912 -0.2556 0.2467, 0.411 -0.2224 0.2467, 0.4068 -0.2202 0.2487, 0.4236 -0.1858 0.2487, 0.4199 -0.1842 0.2518, 0.4337 -0.1489 0.2518, 0.4307 -0.1479 0.2559, 0.4415 -0.1118 0.2559, 0.4396 -0.1113 0.2607, 0.4472 -0.0746 0.2607, 0.4466 -0.0745 0.2657, 0.4512 -0.0374 0.2657, 0.4519 -0.0374 0.2708, 0.4534 0.0 0.2708, 0.4554 0.0 0.2756, 0.4538 0.0376 0.2756, 0.457 0.0379 0.2797, 0.4523 0.0755 0.2797, 0.4563 0.0761 0.2828, 0.4484 0.1136 0.2828, 0.453 0.1147 0.2848, 0.442 0.1517 0.2848, 0.4373 0.1918 0.2848, 0.42 0.2273 0.2848, 0.4242 0.2295 0.2828, 0.4038 0.2638 0.2828, 0.4072 0.266 0.2797, 0.3838 0.2987 0.2797, 0.3863 0.3006 0.2756, 0.3601 0.3315 0.2756, 0.3616 0.3329 0.2708, 0.3329 0.3616 0.2708, 0.3333 0.3621 0.2657, 0.3023 0.3884 0.2657, 0.3019 0.3878 0.2607, 0.2688 0.4114 0.2607, 0.2677 0.4098 0.2559, 0.233 0.4305 0.2559, 0.2315 0.4277 0.2518, 0.1954 0.4454 0.2518, 0.1937 0.4417 0.2487, 0.1566 0.4562 0.2487, 0.1551 0.4517 0.2467, 0.1172 0.4629 0.2467, 0.116 0.458 0.2461, 0.0778 0.466 0.2461, 0.0769 0.461 0.2467, 0.0386 0.4658 0.2467, 0.0382 0.461 0.2487, 0.0 0.4626 0.2487, 0.0 0.4585 0.2518, -0.0379 0.457 0.2518, -0.0376 0.4538 0.2559, -0.075 0.4492 0.2559, -0.0746 0.4472 0.2607, -0.1113 0.4396 0.2607, -0.1111 0.4389 0.2657, -0.147 0.4282 0.2657, -0.1472 0.4289 0.2708, -0.1821 0.4152 0.2708, -0.1829 0.417 0.2756, -0.2167 0.4005 0.2756, -0.2182 0.4033 0.2797, -0.2508 0.3839 0.2797, -0.253 0.3873 0.2828, -0.2841 0.3651 0.2828, -0.287 0.3688 0.2848, -0.3165 0.3438 0.2848, -0.3513 0.3234 0.2848, -0.3768 0.2933 0.2848, -0.3806 0.2962 0.2828, -0.4038 0.2638 0.2828, -0.4072 0.266 0.2797, -0.4277 0.2315 0.2797, -0.4305 0.233 0.2756, -0.4483 0.1966 0.2756, -0.4501 0.1974 0.2708, -0.4648 0.1596 0.2708, -0.4655 0.1598 0.2657, -0.4771 0.1208 0.2657, -0.4764 0.1206 0.2607, -0.4848 0.0809 0.2607, -0.4828 0.0806 0.2559, -0.4878 0.0404 0.2559, -0.4847 0.0402 0.2518, -0.4864 0.0 0.2518, -0.4823 0.0 0.2487, -0.4806 -0.0398 0.2487, -0.4759 -0.0394 0.2467, -0.471 -0.0786 0.2467, -0.466 -0.0778 0.2461, -0.458 -0.116 0.2461, -0.453 -0.1147 0.2467, -0.442 -0.1517 0.2467, -0.4375 -0.1502 0.2487, -0.4236 -0.1858 0.2487, -0.4199 -0.1842 0.2518, -0.4033 -0.2182 0.2518, -0.4005 -0.2167 0.2559, -0.3812 -0.2491 0.2559, -0.3796 -0.248 0.2607, -0.3578 -0.2785 0.2607, -0.3573 -0.2781 0.2657, -0.3331 -0.3066 0.2657, -0.3336 -0.3071 0.2708, -0.3071 -0.3336 0.2708, -0.3084 -0.335 0.2756, -0.2797 -0.3594 0.2756, -0.2816 -0.3618 0.2797, -0.2508 -0.3839 0.2797, -0.253 -0.3873 0.2828, -0.2202 -0.4068 0.2828, -0.2224 -0.411 0.2848, -0.1877 -0.428 0.2848, -0.1551 -0.4517 0.2848, -0.1172 -0.4629 0.2848, -0.1184 -0.4675 0.2828, -0.0794 -0.4757 0.2828, -0.0801 -0.4797 0.2797, -0.0402 -0.4847 0.2797, -0.0404 -0.4878 0.2756, 0.0 -0.4895 0.2756, 0.0 -0.4915 0.2708, 0.0406 -0.4898 0.2708, 0.0406 -0.4904 0.2657, 0.081 -0.4854 0.2657, 0.0809 -0.4848 0.2607, 0.1206 -0.4764 0.2607, 0.1202 -0.4745 0.2559, 0.1589 -0.463 0.2559, 0.1579 -0.46 0.2518, 0.1954 -0.4454 0.2518, 0.1937 -0.4417 0.2487, -0.4472 0.0746 0.2708, -0.4492 0.075 0.2756, -0.4538 0.0376 0.2756, -0.457 0.0379 0.2797, -0.4585 0.0 0.2797, -0.4626 0.0 0.2828, -0.461 -0.0382 0.2828, -0.4658 -0.0386 0.2848, -0.461 -0.0769 0.2848, -0.4629 -0.1172 0.2848, -0.4517 -0.1551 0.2848, -0.4562 -0.1566 0.2828, -0.4417 -0.1937 0.2828, -0.4454 -0.1954 0.2797, -0.4277 -0.2315 0.2797, -0.4305 -0.233 0.2756, -0.4098 -0.2677 0.2756, -0.4114 -0.2688 0.2708, -0.3878 -0.3019 0.2708, -0.3884 -0.3023 0.2657, -0.3621 -0.3333 0.2657, -0.3616 -0.3329 0.2607, -0.3329 -0.3616 0.2607, -0.3315 -0.3601 0.2559, -0.3006 -0.3863 0.2559, -0.2987 -0.3838 0.2518, -0.266 -0.4072 0.2518, -0.2638 -0.4038 0.2487, -0.2295 -0.4242 0.2487, -0.2273 -0.42 0.2467, -0.1918 -0.4373 0.2467, -0.1898 -0.4326 0.2461, -0.1534 -0.4468 0.2461, -0.1517 -0.442 0.2467, -0.1147 -0.453 0.2467, -0.1136 -0.4484 0.2487, -0.0761 -0.4563 0.2487, -0.0755 -0.4523 0.2518, -0.0379 -0.457 0.2518, -0.0376 -0.4538 0.2559, 0.0 -0.4554 0.2559, 0.0 -0.4534 0.2607, 0.0374 -0.4519 0.2607, 0.0374 -0.4512 0.2657, 0.0745 -0.4466 0.2657, 0.0746 -0.4472 0.2708, 0.1113 -0.4396 0.2708, 0.1118 -0.4415 0.2756, 0.1479 -0.4307 0.2756, 0.1489 -0.4337 0.2797, 0.1842 -0.4199 0.2797, 0.1858 -0.4236 0.2828, 0.2202 -0.4068 0.2828, 0.2224 -0.411 0.2848, 0.2556 -0.3912 0.2848, 0.2933 -0.3768 0.2848, 0.3234 -0.3513 0.2848, 0.3266 -0.3548 0.2828, 0.3548 -0.3266 0.2828, 0.3578 -0.3294 0.2797, 0.3838 -0.2987 0.2797, 0.3863 -0.3006 0.2756, 0.4098 -0.2677 0.2756, 0.4114 -0.2688 0.2708, 0.4322 -0.2339 0.2708, 0.4328 -0.2342 0.2657, 0.4507 -0.1977 0.2657, 0.4501 -0.1974 0.2607, 0.4648 -0.1596 0.2607, 0.463 -0.1589 0.2559, 0.4745 -0.1202 0.2559, 0.4715 -0.1194 0.2518, 0.4797 -0.0801 0.2518, 0.4757 -0.0794 0.2487, 0.4806 -0.0398 0.2487, 0.4759 -0.0394 0.2467, 0.4775 0.0 0.2467, 0.4724 0.0 0.2461, 0.4708 0.039 0.2461, 0.4658 0.0386 0.2467, 0.461 0.0769 0.2467, 0.4563 0.0761 0.2487, 0.4484 0.1136 0.2487, 0.4445 0.1126 0.2518, 0.4337 0.1489 0.2518, 0.4307 0.1479 0.2559, 0.417 0.1829 0.2559, 0.4152 0.1821 0.2607, 0.3988 0.2158 0.2607, 0.3982 0.2155 0.2657, 0.379 0.2476 0.2657, 0.3796 0.248 0.2708, 0.3578 0.2785 0.2708, 0.3594 0.2797 0.2756, 0.335 0.3084 0.2756, 0.3373 0.3105 0.2797, 0.3105 0.3373 0.2797, 0.3133 0.3403 0.2828, 0.2841 0.3651 0.2828, 0.287 0.3688 0.2848, 0.2556 0.3912 0.2848, 0.2273 0.42 0.2848, 0.1918 0.4373 0.2848, 0.1937 0.4417 0.2828, 0.1566 0.4562 0.2828, 0.1579 0.46 0.2797, 0.1194 0.4715 0.2797, 0.1202 0.4745 0.2756, 0.0806 0.4828 0.2756, 0.0809 0.4848 0.2708, 0.0406 0.4898 0.2708, 0.0406 0.4904 0.2657, 0.0 0.4921 0.2657, 0.0 0.4915 0.2607, -0.0406 0.4898 0.2607, -0.0404 0.4878 0.2559, -0.0806 0.4828 0.2559, -0.0801 0.4797 0.2518, -0.1194 0.4715 0.2518, -0.1184 0.4675 0.2487, -0.1566 0.4562 0.2487, -0.1551 0.4517 0.2467, -0.1918 0.4373 0.2467, -0.1898 0.4326 0.2461, -0.2249 0.4155 0.2461, -0.2224 0.411 0.2467, -0.2556 0.3912 0.2467, -0.253 0.3873 0.2487, -0.2841 0.3651 0.2487, -0.2816 0.3618 0.2518, -0.3105 0.3373 0.2518, -0.3084 0.335 0.2559, -0.335 0.3084 0.2559, -0.3336 0.3071 0.2607, -0.3578 0.2785 0.2607, -0.3573 0.2781 0.2657, -0.379 0.2476 0.2657, -0.3796 0.248 0.2708, -0.3988 0.2158 0.2708, -0.4005 0.2167 0.2756, -0.417 0.1829 0.2756, -0.4199 0.1842 0.2797, -0.4337 0.1489 0.2797, -0.4375 0.1502 0.2828, -0.4484 0.1136 0.2828, -0.453 0.1147 0.2848, -0.461 0.0769 0.2848, -0.4759 0.0394 0.2848, -0.4775 0.0 0.2848, -0.4823 0.0 0.2828, -0.4806 -0.0398 0.2828, -0.4847 -0.0402 0.2797, -0.4797 -0.0801 0.2797, -0.4828 -0.0806 0.2756, -0.4745 -0.1202 0.2756, -0.4764 -0.1206 0.2708, -0.4648 -0.1596 0.2708, -0.4655 -0.1598 0.2657, -0.4507 -0.1977 0.2657, -0.4501 -0.1974 0.2607, -0.4322 -0.2339 0.2607, -0.4305 -0.233 0.2559, -0.4098 -0.2677 0.2559, -0.4072 -0.266 0.2518, -0.3838 -0.2987 0.2518, -0.3806 -0.2962 0.2487, -0.3548 -0.3266 0.2487, -0.3513 -0.3234 0.2467, -0.3234 -0.3513 0.2467, -0.32 -0.3476 0.2461, -0.2902 -0.3728 0.2461, -0.287 -0.3688 0.2467, -0.2556 -0.3912 0.2467, -0.253 -0.3873 0.2487, -0.2202 -0.4068 0.2487, -0.2182 -0.4033 0.2518, -0.1842 -0.4199 0.2518, -0.1829 -0.417 0.2559, -0.1479 -0.4307 0.2559, -0.1472 -0.4289 0.2607, -0.1113 -0.4396 0.2607, -0.1111 -0.4389 0.2657, -0.0745 -0.4466 0.2657, -0.0746 -0.4472 0.2708, -0.0374 -0.4519 0.2708, -0.0376 -0.4538 0.2756, 0.0 -0.4554 0.2756, 0.0 -0.4585 0.2797, 0.0379 -0.457 0.2797, 0.0382 -0.461 0.2828, 0.0761 -0.4563 0.2828, 0.0769 -0.461 0.2848, 0.1147 -0.453 0.2848, 0.1551 -0.4517 0.2848, 0.1918 -0.4373 0.2848, 0.1937 -0.4417 0.2828, 0.2295 -0.4242 0.2828, 0.2315 -0.4277 0.2797, 0.266 -0.4072 0.2797, 0.2677 -0.4098 0.2756, 0.3006 -0.3863 0.2756, 0.3019 -0.3878 0.2708, 0.3329 -0.3616 0.2708, 0.3333 -0.3621 0.2657, 0.3621 -0.3333 0.2657, 0.3616 -0.3329 0.2607, 0.3878 -0.3019 0.2607, 0.3863 -0.3006 0.2559, 0.4098 -0.2677 0.2559, 0.4072 -0.266 0.2518, 0.4277 -0.2315 0.2518, 0.4242 -0.2295 0.2487, 0.4417 -0.1937 0.2487, 0.4373 -0.1918 0.2467, 0.4517 -0.1551 0.2467, 0.4468 -0.1534 0.2461, 0.458 -0.116 0.2461, 0.453 -0.1147 0.2467, 0.461 -0.0769 0.2467, 0.4563 -0.0761 0.2487, 0.461 -0.0382 0.2487, 0.457 -0.0379 0.2518, 0.4585 0.0 0.2518, 0.4554 0.0 0.2559, 0.4538 0.0376 0.2559, 0.4519 0.0374 0.2607, 0.4472 0.0746 0.2607, 0.4466 0.0745 0.2657, 0.4389 0.1111 0.2657, 0.4396 0.1113 0.2708, 0.4289 0.1472 0.2708, 0.4307 0.1479 0.2756, 0.417 0.1829 0.2756, 0.4199 0.1842 0.2797, 0.4033 0.2182 0.2797, 0.4068 0.2202 0.2828, 0.3873 0.253 0.2828, 0.3912 0.2556 0.2848, 0.3688 0.287 0.2848, 0.3513 0.3234 0.2848, 0.3234 0.3513 0.2848, 0.3266 0.3548 0.2828, -0.4466 -0.0745 0.2657, -0.4396 -0.1113 0.2708, -0.4307 -0.1479 0.2756, -0.4199 -0.1842 0.2797, -0.4068 -0.2202 0.2828, -0.3912 -0.2556 0.2848, -0.3513 -0.3234 0.2848, -0.3266 -0.3548 0.2828, -0.2987 -0.3838 0.2797, -0.2677 -0.4098 0.2756, -0.2339 -0.4322 0.2708, -0.1977 -0.4507 0.2657, -0.1596 -0.4648 0.2607, -0.1202 -0.4745 0.2559, -0.0801 -0.4797 0.2518, -0.0398 -0.4806 0.2487, 0.0 -0.4775 0.2467, 0.039 -0.4708 0.2461, 0.0769 -0.461 0.2467, 0.1136 -0.4484 0.2487, 0.1489 -0.4337 0.2518, 0.1829 -0.417 0.2559, 0.2158 -0.3988 0.2607, 0.2476 -0.379 0.2657, 0.2785 -0.3578 0.2708, 0.3084 -0.335 0.2756, 0.3373 -0.3105 0.2797, 0.3651 -0.2841 0.2828, 0.3912 -0.2556 0.2848, 0.4373 -0.1918 0.2848, 0.4562 -0.1566 0.2828, 0.4715 -0.1194 0.2797, 0.4828 -0.0806 0.2756, 0.4898 -0.0406 0.2708, 0.4921 0.0 0.2657, 0.4898 0.0406 0.2607, 0.4828 0.0806 0.2559, 0.4715 0.1194 0.2518, 0.4562 0.1566 0.2487, 0.4373 0.1918 0.2467, 0.4155 0.2249 0.2461, 0.3912 0.2556 0.2467, 0.3651 0.2841 0.2487, 0.3373 0.3105 0.2518, 0.3084 0.335 0.2559, 0.2785 0.3578 0.2607, 0.2476 0.379 0.2657, 0.2158 0.3988 0.2708, 0.1829 0.417 0.2756, 0.1489 0.4337 0.2797, 0.1136 0.4484 0.2828, 0.0769 0.461 0.2848, 0.0 0.4775 0.2848, -0.0398 0.4806 0.2828, -0.0801 0.4797 0.2797, -0.1202 0.4745 0.2756, -0.1596 0.4648 0.2708, -0.1977 0.4507 0.2657, -0.2339 0.4322 0.2607, -0.2677 0.4098 0.2559, -0.2987 0.3838 0.2518, -0.3266 0.3548 0.2487, -0.3513 0.3234 0.2467, -0.3728 0.2902 0.2461, -0.3912 0.2556 0.2467, -0.4068 0.2202 0.2487, -0.4199 0.1842 0.2518, -0.4307 0.1479 0.2559, -0.4396 0.1113 0.2607, -0.4466 0.0745 0.2657, 0.2638 -0.4038 0.2487, 0.2933 -0.3768 0.2467, 0.32 -0.3476 0.2461, 0.3438 -0.3165 0.2467, 0.3651 -0.2841 0.2487, 0.3839 -0.2508 0.2518, 0.4005 -0.2167 0.2559, 0.4152 -0.1821 0.2607, 0.4282 -0.147 0.2657, 0.4396 -0.1113 0.2708, 0.4492 -0.075 0.2756, 0.457 -0.0379 0.2797, 0.4626 0.0 0.2828, 0.4658 0.0386 0.2848, 0.4629 0.1172 0.2848, 0.4562 0.1566 0.2828, 0.4454 0.1954 0.2797, 0.4305 0.233 0.2756, 0.4114 0.2688 0.2708, 0.3884 0.3023 0.2657, 0.3616 0.3329 0.2607, 0.3315 0.3601 0.2559, 0.2987 0.3838 0.2518, 0.2638 0.4038 0.2487, 0.2273 0.42 0.2467, 0.1898 0.4326 0.2461, 0.1517 0.442 0.2467, 0.1136 0.4484 0.2487, 0.0755 0.4523 0.2518, 0.0376 0.4538 0.2559, 0.0 0.4534 0.2607, -0.0374 0.4512 0.2657, -0.0746 0.4472 0.2708, -0.1118 0.4415 0.2756, -0.1489 0.4337 0.2797, -0.1858 0.4236 0.2828, -0.2224 0.411 0.2848, -0.2933 0.3768 0.2848, -0.3266 0.3548 0.2828, -0.3578 0.3294 0.2797, -0.3863 0.3006 0.2756, -0.4114 0.2688 0.2708, -0.4328 0.2342 0.2657, -0.4501 0.1974 0.2607, -0.463 0.1589 0.2559, -0.4715 0.1194 0.2518, -0.4757 0.0794 0.2487, -0.4759 0.0394 0.2467, -0.4724 0.0 0.2461, -0.4658 -0.0386 0.2467, -0.4563 -0.0761 0.2487, -0.4445 -0.1126 0.2518, -0.4307 -0.1479 0.2559, -0.4152 -0.1821 0.2607, -0.3982 -0.2155 0.2657, -0.3796 -0.248 0.2708, -0.3594 -0.2797 0.2756, -0.3373 -0.3105 0.2797, -0.3133 -0.3403 0.2828, -0.287 -0.3688 0.2848, -0.2273 -0.42 0.2848, -0.1937 -0.4417 0.2828, -0.1579 -0.46 0.2797, -0.1202 -0.4745 0.2756, -0.0809 -0.4848 0.2708, -0.0406 -0.4904 0.2657, 0.0 -0.4915 0.2607, 0.0404 -0.4878 0.2559, 0.0801 -0.4797 0.2518, 0.1184 -0.4675 0.2487, 0.1551 -0.4517 0.2467, 0.1898 -0.4326 0.2461, 0.2224 -0.411 0.2467, 0.253 -0.3873 0.2487, 0.2816 -0.3618 0.2518, 0.3084 -0.335 0.2559, 0.3336 -0.3071 0.2607, 0.3573 -0.2781 0.2657, 0.3796 -0.248 0.2708, 0.4005 -0.2167 0.2756, 0.4199 -0.1842 0.2797, 0.4375 -0.1502 0.2828, 0.453 -0.1147 0.2848, 0.4759 -0.0394 0.2848, 0.4823 0.0 0.2828, 0.4847 0.0402 0.2797, 0.4828 0.0806 0.2756, 0.4764 0.1206 0.2708, 0.4655 0.1598 0.2657, 0.4501 0.1974 0.2607, 0.4305 0.233 0.2559, 0.4072 0.266 0.2518, 0.3806 0.2962 0.2487, 0.3513 0.3234 0.2467, 0.32 0.3476 0.2461, 0.287 0.3688 0.2467, 0.253 0.3873 0.2487, 0.2182 0.4033 0.2518, 0.1829 0.417 0.2559, 0.1472 0.4289 0.2607, 0.1111 0.4389 0.2657, 0.0746 0.4472 0.2708, 0.0376 0.4538 0.2756, 0.0 0.4585 0.2797, -0.0382 0.461 0.2828, -0.0769 0.461 0.2848, -0.1551 0.4517 0.2848, -0.1937 0.4417 0.2828, -0.2315 0.4277 0.2797, -0.2677 0.4098 0.2756, -0.3019 0.3878 0.2708, -0.3333 0.3621 0.2657, -0.3616 0.3329 0.2607, -0.3863 0.3006 0.2559, -0.4072 0.266 0.2518, -0.4242 0.2295 0.2487, -0.4373 0.1918 0.2467, -0.4468 0.1534 0.2461, -0.453 0.1147 0.2467, -0.4563 0.0761 0.2487, -0.457 0.0379 0.2518, -0.4554 0.0 0.2559, -0.4519 -0.0374 0.2607, 0.2638 0.4038 0.2828, 0.2315 0.4277 0.2797, 0.1966 0.4483 0.2756, 0.1596 0.4648 0.2708, 0.1208 0.4771 0.2657, 0.0809 0.4848 0.2607, 0.0404 0.4878 0.2559, 0.0 0.4864 0.2518, -0.0398 0.4806 0.2487, -0.0786 0.471 0.2467, -0.116 0.458 0.2461, -0.1517 0.442 0.2467, -0.1858 0.4236 0.2487, -0.2182 0.4033 0.2518, -0.2491 0.3812 0.2559, -0.2785 0.3578 0.2607, -0.3066 0.3331 0.2657, -0.3336 0.3071 0.2708, -0.3594 0.2797 0.2756, -0.3839 0.2508 0.2797, -0.4068 0.2202 0.2828, -0.428 0.1877 0.2848, -0.4629 0.1172 0.2848, -0.4757 0.0794 0.2828, -0.4847 0.0402 0.2797, -0.4895 0.0 0.2756, -0.4898 -0.0406 0.2708, -0.4854 -0.081 0.2657, -0.4764 -0.1206 0.2607, -0.463 -0.1589 0.2559, -0.4454 -0.1954 0.2518, -0.4242 -0.2295 0.2487, -0.3998 -0.2612 0.2467, -0.3728 -0.2902 0.2461, -0.3438 -0.3165 0.2467, -0.3133 -0.3403 0.2487, -0.2816 -0.3618 0.2518, -0.2491 -0.3812 0.2559, -0.2158 -0.3988 0.2607, -0.1819 -0.4146 0.2657, -0.1472 -0.4289 0.2708, -0.1118 -0.4415 0.2756, -0.0755 -0.4523 0.2797, -0.0382 -0.461 0.2828, 0.0 -0.4673 0.2848, 0.0786 -0.471 0.2848, 0.1184 -0.4675 0.2828, 0.1579 -0.46 0.2797, 0.1966 -0.4483 0.2756, 0.2339 -0.4322 0.2708, 0.2692 -0.412 0.2657, 0.3019 -0.3878 0.2607, 0.3315 -0.3601 0.2559, 0.3578 -0.3294 0.2518, 0.3806 -0.2962 0.2487, 0.3998 -0.2612 0.2467, 0.4155 -0.2249 0.2461, 0.428 -0.1877 0.2467, 0.4375 -0.1502 0.2487, 0.4445 -0.1126 0.2518, 0.4492 -0.075 0.2559, 0.4519 -0.0374 0.2607, 0.4528 0.0 0.2657, 0.4519 0.0374 0.2708, 0.4492 0.075 0.2756, 0.4445 0.1126 0.2797, 0.4375 0.1502 0.2828, 0.428 0.1877 0.2848, 0.3998 0.2612 0.2848, 0.3806 0.2962 0.2828, 0.3578 0.3294 0.2797, 0.3315 0.3601 0.2756, 0.3019 0.3878 0.2708, 0.2692 0.412 0.2657, 0.2339 0.4322 0.2607, 0.1966 0.4483 0.2559, 0.1579 0.46 0.2518, 0.1184 0.4675 0.2487, 0.0786 0.471 0.2467, 0.039 0.4708 0.2461, 0.0 0.4673 0.2467, -0.0382 0.461 0.2487, -0.0755 0.4523 0.2518, -0.1118 0.4415 0.2559, -0.1472 0.4289 0.2607, -0.1819 0.4146 0.2657, -0.2158 0.3988 0.2708, -0.2491 0.3812 0.2756, -0.2816 0.3618 0.2797, -0.3133 0.3403 0.2828, -0.3438 0.3165 0.2848, -0.3998 0.2612 0.2848, -0.4242 0.2295 0.2828, -0.4454 0.1954 0.2797, -0.463 0.1589 0.2756, -0.4764 0.1206 0.2708, -0.4854 0.081 0.2657, -0.4898 0.0406 0.2607, -0.4895 0.0 0.2559, -0.4847 -0.0402 0.2518, -0.4757 -0.0794 0.2487, -0.4629 -0.1172 0.2467, -0.4468 -0.1534 0.2461, -0.428 -0.1877 0.2467, -0.4068 -0.2202 0.2487, -0.3839 -0.2508 0.2518, -0.3594 -0.2797 0.2559, -0.3336 -0.3071 0.2607, -0.3066 -0.3331 0.2657, -0.2785 -0.3578 0.2708, -0.2491 -0.3812 0.2756, -0.2182 -0.4033 0.2797, -0.1858 -0.4236 0.2828, -0.1517 -0.442 0.2848, -0.0786 -0.471 0.2848, -0.0398 -0.4806 0.2828, 0.0 -0.4864 0.2797, 0.0404 -0.4878 0.2756, 0.0809 -0.4848 0.2708, 0.1208 -0.4771 0.2657, 0.1596 -0.4648 0.2607, 0.1966 -0.4483 0.2559, 0.2315 -0.4277 0.2518, -0.4519 0.0374 0.2708, -0.4554 0.0 0.2756, -0.457 -0.0379 0.2797, -0.4563 -0.0761 0.2828, -0.453 -0.1147 0.2848, -0.4373 -0.1918 0.2848, -0.4242 -0.2295 0.2828, -0.4072 -0.266 0.2797, -0.3863 -0.3006 0.2756, -0.3616 -0.3329 0.2708, -0.3333 -0.3621 0.2657, -0.3019 -0.3878 0.2607, -0.2677 -0.4098 0.2559, -0.2315 -0.4277 0.2518, -0.1937 -0.4417 0.2487, -0.1551 -0.4517 0.2467, -0.116 -0.458 0.2461, -0.0769 -0.461 0.2467, -0.0382 -0.461 0.2487, 0.0 -0.4585 0.2518, 0.0376 -0.4538 0.2559, 0.0746 -0.4472 0.2607, 0.1111 -0.4389 0.2657, 0.1472 -0.4289 0.2708, 0.1829 -0.417 0.2756, 0.2182 -0.4033 0.2797, 0.253 -0.3873 0.2828, 0.287 -0.3688 0.2848, 0.3513 -0.3234 0.2848, 0.3806 -0.2962 0.2828, 0.4072 -0.266 0.2797, 0.4305 -0.233 0.2756, 0.4501 -0.1974 0.2708, 0.4655 -0.1598 0.2657, 0.4764 -0.1206 0.2607, 0.4828 -0.0806 0.2559, 0.4847 -0.0402 0.2518, 0.4823 0.0 0.2487, 0.4759 0.0394 0.2467, 0.466 0.0778 0.2461, 0.453 0.1147 0.2467, 0.4375 0.1502 0.2487, 0.4199 0.1842 0.2518, 0.4005 0.2167 0.2559, 0.3796 0.248 0.2607, 0.3573 0.2781 0.2657, 0.3336 0.3071 0.2708, 0.3084 0.335 0.2756, 0.2816 0.3618 0.2797, 0.253 0.3873 0.2828, 0.2224 0.411 0.2848, 0.1551 0.4517 0.2848, 0.1184 0.4675 0.2828, 0.0801 0.4797 0.2797, 0.0404 0.4878 0.2756, 0.0 0.4915 0.2708, -0.0406 0.4904 0.2657, -0.0809 0.4848 0.2607, -0.1202 0.4745 0.2559, -0.1579 0.46 0.2518, -0.1937 0.4417 0.2487, -0.2273 0.42 0.2467, -0.2584 0.3955 0.2461, -0.287 0.3688 0.2467, -0.3133 0.3403 0.2487, -0.3373 0.3105 0.2518, -0.3594 0.2797 0.2559, -0.3796 0.248 0.2607, -0.3982 0.2155 0.2657, -0.4152 0.1821 0.2708, -0.4307 0.1479 0.2756, -0.4445 0.1126 0.2797, -0.4563 0.0761 0.2828, -0.4658 0.0386 0.2848, -0.4759 -0.0394 0.2848, -0.4757 -0.0794 0.2828, -0.4715 -0.1194 0.2797, -0.463 -0.1589 0.2756, -0.4501 -0.1974 0.2708, -0.4328 -0.2342 0.2657, -0.4114 -0.2688 0.2607, -0.3863 -0.3006 0.2559, -0.3578 -0.3294 0.2518, -0.3266 -0.3548 0.2487, -0.2933 -0.3768 0.2467, -0.2584 -0.3955 0.2461, -0.2224 -0.411 0.2467, -0.1858 -0.4236 0.2487, -0.1489 -0.4337 0.2518, -0.1118 -0.4415 0.2559, -0.0746 -0.4472 0.2607, -0.0374 -0.4512 0.2657, 0.0 -0.4534 0.2708, 0.0376 -0.4538 0.2756, 0.0755 -0.4523 0.2797, 0.1136 -0.4484 0.2828, 0.1517 -0.442 0.2848, 0.2273 -0.42 0.2848, 0.2638 -0.4038 0.2828, 0.2987 -0.3838 0.2797, 0.3315 -0.3601 0.2756, 0.3616 -0.3329 0.2708, 0.3884 -0.3023 0.2657, 0.4114 -0.2688 0.2607, 0.4305 -0.233 0.2559, 0.4454 -0.1954 0.2518, 0.4562 -0.1566 0.2487, 0.4629 -0.1172 0.2467, 0.466 -0.0778 0.2461, 0.4658 -0.0386 0.2467, 0.4626 0.0 0.2487, 0.457 0.0379 0.2518, 0.4492 0.075 0.2559, 0.4396 0.1113 0.2607, 0.4282 0.147 0.2657, 0.4152 0.1821 0.2708, 0.4005 0.2167 0.2756, 0.3839 0.2508 0.2797, 0.3651 0.2841 0.2828, 0.3438 0.3165 0.2848, 0.2933 0.3768 0.2848, -0.4389 -0.1111 0.2657, -0.4289 -0.1472 0.2708, -0.417 -0.1829 0.2756, -0.4033 -0.2182 0.2797, -0.3873 -0.253 0.2828, -0.3688 -0.287 0.2848, -0.3234 -0.3513 0.2848, -0.2962 -0.3806 0.2828, -0.266 -0.4072 0.2797, -0.233 -0.4305 0.2756, -0.1974 -0.4501 0.2708, -0.1598 -0.4655 0.2657, -0.1206 -0.4764 0.2607, -0.0806 -0.4828 0.2559, -0.0402 -0.4847 0.2518, 0.0 -0.4823 0.2487, 0.0394 -0.4759 0.2467, 0.0778 -0.466 0.2461, 0.1147 -0.453 0.2467, 0.1502 -0.4375 0.2487, 0.1842 -0.4199 0.2518, 0.2167 -0.4005 0.2559, 0.248 -0.3796 0.2607, 0.2781 -0.3573 0.2657, 0.3071 -0.3336 0.2708, 0.335 -0.3084 0.2756, 0.3618 -0.2816 0.2797, 0.3873 -0.253 0.2828, 0.411 -0.2224 0.2848, 0.4517 -0.1551 0.2848, 0.4675 -0.1184 0.2828, 0.4797 -0.0801 0.2797, 0.4878 -0.0404 0.2756, 0.4915 0.0 0.2708, 0.4904 0.0406 0.2657, 0.4848 0.0809 0.2607, 0.4745 0.1202 0.2559, 0.46 0.1579 0.2518, 0.4417 0.1937 0.2487, 0.42 0.2273 0.2467, 0.3955 0.2584 0.2461, 0.3688 0.287 0.2467, 0.3403 0.3133 0.2487, 0.3105 0.3373 0.2518, 0.2797 0.3594 0.2559, 0.248 0.3796 0.2607, 0.2155 0.3982 0.2657, 0.1821 0.4152 0.2708, 0.1479 0.4307 0.2756, 0.1126 0.4445 0.2797, 0.0761 0.4563 0.2828, 0.0386 0.4658 0.2848, -0.0394 0.4759 0.2848, -0.0794 0.4757 0.2828, -0.1194 0.4715 0.2797, -0.1589 0.463 0.2756, -0.1974 0.4501 0.2708, -0.2342 0.4328 0.2657, -0.2688 0.4114 0.2607, -0.3006 0.3863 0.2559, -0.3294 0.3578 0.2518, -0.3548 0.3266 0.2487, -0.3768 0.2933 0.2467, -0.3955 0.2584 0.2461, -0.411 0.2224 0.2467, -0.4236 0.1858 0.2487, -0.4337 0.1489 0.2518, -0.4415 0.1118 0.2559, -0.4472 0.0746 0.2607, -0.4512 0.0374 0.2657, 0.2962 -0.3806 0.2487, 0.3234 -0.3513 0.2467, 0.3476 -0.32 0.2461, 0.3688 -0.287 0.2467, 0.3873 -0.253 0.2487, 0.4033 -0.2182 0.2518, 0.417 -0.1829 0.2559, 0.4289 -0.1472 0.2607, 0.4389 -0.1111 0.2657, 0.4472 -0.0746 0.2708, 0.4538 -0.0376 0.2756, 0.4585 0.0 0.2797, 0.461 0.0382 0.2828, 0.461 0.0769 0.2848, 0.4517 0.1551 0.2848, 0.4417 0.1937 0.2828, 0.4277 0.2315 0.2797, 0.4098 0.2677 0.2756, 0.3878 0.3019 0.2708, 0.3621 0.3333 0.2657, 0.3329 0.3616 0.2607, 0.3006 0.3863 0.2559, 0.266 0.4072 0.2518, 0.2295 0.4242 0.2487, 0.1918 0.4373 0.2467, 0.1534 0.4468 0.2461, 0.1147 0.453 0.2467, 0.0761 0.4563 0.2487, 0.0379 0.457 0.2518, 0.0 0.4554 0.2559, -0.0374 0.4519 0.2607, -0.0745 0.4466 0.2657, -0.1113 0.4396 0.2708, -0.1479 0.4307 0.2756, -0.1842 0.4199 0.2797, -0.2202 0.4068 0.2828, -0.2556 0.3912 0.2848, -0.3234 0.3513 0.2848, -0.3548 0.3266 0.2828, -0.3838 0.2987 0.2797, -0.4098 0.2677 0.2756, -0.4322 0.2339 0.2708, -0.4507 0.1977 0.2657, -0.4648 0.1596 0.2607, -0.4745 0.1202 0.2559, -0.4797 0.0801 0.2518, -0.4806 0.0398 0.2487, -0.4775 0.0 0.2467, -0.4708 -0.039 0.2461, -0.461 -0.0769 0.2467, -0.4484 -0.1136 0.2487, -0.4337 -0.1489 0.2518, -0.417 -0.1829 0.2559, -0.3988 -0.2158 0.2607, -0.379 -0.2476 0.2657, -0.3578 -0.2785 0.2708, -0.335 -0.3084 0.2756, -0.3105 -0.3373 0.2797, -0.2841 -0.3651 0.2828, -0.2556 -0.3912 0.2848, -0.1918 -0.4373 0.2848, -0.1566 -0.4562 0.2828, -0.1194 -0.4715 0.2797, -0.0806 -0.4828 0.2756, -0.0406 -0.4898 0.2708, 0.0 -0.4921 0.2657, 0.0406 -0.4898 0.2607, 0.0806 -0.4828 0.2559, 0.1194 -0.4715 0.2518, 0.1566 -0.4562 0.2487, 0.1918 -0.4373 0.2467, 0.2249 -0.4155 0.2461, 0.2556 -0.3912 0.2467, 0.2841 -0.3651 0.2487, 0.3105 -0.3373 0.2518, 0.335 -0.3084 0.2559, 0.3578 -0.2785 0.2607, 0.379 -0.2476 0.2657, 0.3988 -0.2158 0.2708, 0.417 -0.1829 0.2756, 0.4337 -0.1489 0.2797, 0.4484 -0.1136 0.2828, 0.461 -0.0769 0.2848, 0.4775 0.0 0.2848, 0.4806 0.0398 0.2828, 0.4797 0.0801 0.2797, 0.4745 0.1202 0.2756, 0.4648 0.1596 0.2708, 0.4507 0.1977 0.2657, 0.4322 0.2339 0.2607, 0.4098 0.2677 0.2559, 0.3838 0.2987 0.2518, 0.3548 0.3266 0.2487, 0.3234 0.3513 0.2467, 0.2902 0.3728 0.2461, 0.2556 0.3912 0.2467, 0.2202 0.4068 0.2487, 0.1842 0.4199 0.2518, 0.1479 0.4307 0.2559, 0.1113 0.4396 0.2607, 0.0745 0.4466 0.2657, 0.0374 0.4519 0.2708, 0.0 0.4554 0.2756, -0.0379 0.457 0.2797, -0.0761 0.4563 0.2828, -0.1147 0.453 0.2848, -0.1918 0.4373 0.2848, -0.2295 0.4242 0.2828, -0.266 0.4072 0.2797, -0.3006 0.3863 0.2756, -0.3329 0.3616 0.2708, -0.3621 0.3333 0.2657, -0.3878 0.3019 0.2607, -0.4098 0.2677 0.2559, -0.4277 0.2315 0.2518, -0.4417 0.1937 0.2487, -0.4517 0.1551 0.2467, -0.458 0.116 0.2461, -0.461 0.0769 0.2467, -0.461 0.0382 0.2487, -0.4585 0.0 0.2518, -0.4538 -0.0376 0.2559, -0.4472 -0.0746 0.2607, 0.2295 0.4242 0.2828, 0.1954 0.4454 0.2797, 0.1589 0.463 0.2756, 0.1206 0.4764 0.2708, 0.081 0.4854 0.2657, 0.0406 0.4898 0.2607, 0.0 0.4895 0.2559, -0.0402 0.4847 0.2518, -0.0794 0.4757 0.2487, -0.1172 0.4629 0.2467, -0.1534 0.4468 0.2461, -0.1877 0.428 0.2467, -0.2202 0.4068 0.2487, -0.2508 0.3839 0.2518, -0.2797 0.3594 0.2559, -0.3071 0.3336 0.2607, -0.3331 0.3066 0.2657, -0.3578 0.2785 0.2708, -0.3812 0.2491 0.2756, -0.4033 0.2182 0.2797, -0.4236 0.1858 0.2828, -0.442 0.1517 0.2848, -0.471 0.0786 0.2848, -0.4806 0.0398 0.2828, -0.4864 0.0 0.2797, -0.4878 -0.0404 0.2756, -0.4848 -0.0809 0.2708, -0.4771 -0.1208 0.2657, -0.4648 -0.1596 0.2607, -0.4483 -0.1966 0.2559, -0.4277 -0.2315 0.2518, -0.4038 -0.2638 0.2487, -0.3768 -0.2933 0.2467, -0.3476 -0.32 0.2461, -0.3165 -0.3438 0.2467, -0.2841 -0.3651 0.2487, -0.2508 -0.3839 0.2518, -0.2167 -0.4005 0.2559, -0.1821 -0.4152 0.2607, -0.147 -0.4282 0.2657, -0.1113 -0.4396 0.2708, -0.075 -0.4492 0.2756, -0.0379 -0.457 0.2797, 0.0 -0.4626 0.2828, 0.0386 -0.4658 0.2848, 0.1172 -0.4629 0.2848, 0.1566 -0.4562 0.2828, 0.1954 -0.4454 0.2797, 0.233 -0.4305 0.2756, 0.2688 -0.4114 0.2708, 0.3023 -0.3884 0.2657, 0.3329 -0.3616 0.2607, 0.3601 -0.3315 0.2559, 0.3838 -0.2987 0.2518, 0.4038 -0.2638 0.2487, 0.42 -0.2273 0.2467, 0.4326 -0.1898 0.2461, 0.442 -0.1517 0.2467, 0.4484 -0.1136 0.2487, 0.4523 -0.0755 0.2518, 0.4538 -0.0376 0.2559, 0.4534 0.0 0.2607, 0.4512 0.0374 0.2657, 0.4472 0.0746 0.2708, 0.4415 0.1118 0.2756, 0.4337 0.1489 0.2797, 0.4236 0.1858 0.2828, 0.411 0.2224 0.2848, 0.3768 0.2933 0.2848, 0.3548 0.3266 0.2828, 0.3294 0.3578 0.2797, 0.3006 0.3863 0.2756, 0.2688 0.4114 0.2708, 0.2342 0.4328 0.2657, 0.1974 0.4501 0.2607, 0.1589 0.463 0.2559, 0.1194 0.4715 0.2518, 0.0794 0.4757 0.2487, 0.0394 0.4759 0.2467, 0.0 0.4724 0.2461, -0.0386 0.4658 0.2467, -0.0761 0.4563 0.2487, -0.1126 0.4445 0.2518, -0.1479 0.4307 0.2559, -0.1821 0.4152 0.2607, -0.2155 0.3982 0.2657, -0.248 0.3796 0.2708, -0.2797 0.3594 0.2756, -0.3105 0.3373 0.2797, -0.3403 0.3133 0.2828, -0.3688 0.287 0.2848, -0.42 0.2273 0.2848, -0.4417 0.1937 0.2828, -0.46 0.1579 0.2797, -0.4745 0.1202 0.2756, -0.4848 0.0809 0.2708, -0.4904 0.0406 0.2657, -0.4915 0.0 0.2607, -0.4878 -0.0404 0.2559, -0.4797 -0.0801 0.2518, -0.4675 -0.1184 0.2487, -0.4517 -0.1551 0.2467, -0.4326 -0.1898 0.2461, -0.411 -0.2224 0.2467, -0.3873 -0.253 0.2487, -0.3618 -0.2816 0.2518, -0.335 -0.3084 0.2559, -0.3071 -0.3336 0.2607, -0.2781 -0.3573 0.2657, -0.248 -0.3796 0.2708, -0.2167 -0.4005 0.2756, -0.1842 -0.4199 0.2797, -0.1502 -0.4375 0.2828, -0.1147 -0.453 0.2848, -0.0394 -0.4759 0.2848, 0.0 -0.4823 0.2828, 0.0402 -0.4847 0.2797, 0.0806 -0.4828 0.2756, 0.1206 -0.4764 0.2708, 0.1598 -0.4655 0.2657, 0.1974 -0.4501 0.2607, 0.233 -0.4305 0.2559, 0.266 -0.4072 0.2518, -0.4534 0.0 0.2708, -0.4538 -0.0376 0.2756, -0.4523 -0.0755 0.2797, -0.4484 -0.1136 0.2828, -0.442 -0.1517 0.2848, -0.42 -0.2273 0.2848, -0.4038 -0.2638 0.2828, -0.3838 -0.2987 0.2797, -0.3601 -0.3315 0.2756, -0.3329 -0.3616 0.2708, -0.3023 -0.3884 0.2657, -0.2688 -0.4114 0.2607, -0.233 -0.4305 0.2559, -0.1954 -0.4454 0.2518, -0.1566 -0.4562 0.2487, -0.1172 -0.4629 0.2467, -0.0778 -0.466 0.2461, -0.0386 -0.4658 0.2467, 0.0 -0.4626 0.2487, 0.0379 -0.457 0.2518, 0.075 -0.4492 0.2559, 0.1113 -0.4396 0.2607, 0.147 -0.4282 0.2657, 0.1821 -0.4152 0.2708, 0.2167 -0.4005 0.2756, 0.2508 -0.3839 0.2797, 0.2841 -0.3651 0.2828, 0.3165 -0.3438 0.2848, 0.3768 -0.2933 0.2848, 0.4038 -0.2638 0.2828, 0.4277 -0.2315 0.2797, 0.4483 -0.1966 0.2756, 0.4648 -0.1596 0.2708, 0.4771 -0.1208 0.2657, 0.4848 -0.0809 0.2607, 0.4878 -0.0404 0.2559, 0.4864 0.0 0.2518, 0.4806 0.0398 0.2487, 0.471 0.0786 0.2467, 0.458 0.116 0.2461, 0.442 0.1517 0.2467, 0.4236 0.1858 0.2487, 0.4033 0.2182 0.2518, 0.3812 0.2491 0.2559, 0.3578 0.2785 0.2607, 0.3331 0.3066 0.2657, 0.3071 0.3336 0.2708, 0.2797 0.3594 0.2756, 0.2508 0.3839 0.2797, 0.2202 0.4068 0.2828, 0.1877 0.428 0.2848, 0.1172 0.4629 0.2848, 0.0794 0.4757 0.2828, 0.0402 0.4847 0.2797, 0.0 0.4895 0.2756, -0.0406 0.4898 0.2708, -0.081 0.4854 0.2657, -0.1206 0.4764 0.2607, -0.1589 0.463 0.2559, -0.1954 0.4454 0.2518, -0.2295 0.4242 0.2487, -0.2612 0.3998 0.2467, -0.2902 0.3728 0.2461, -0.3165 0.3438 0.2467, -0.3403 0.3133 0.2487, -0.3618 0.2816 0.2518, -0.3812 0.2491 0.2559, -0.3988 0.2158 0.2607, -0.4146 0.1819 0.2657, -0.4289 0.1472 0.2708, -0.4415 0.1118 0.2756, -0.4523 0.0755 0.2797, -0.461 0.0382 0.2828, -0.4673 0.0 0.2848, -0.471 -0.0786 0.2848, -0.4675 -0.1184 0.2828, -0.46 -0.1579 0.2797, -0.4483 -0.1966 0.2756, -0.4322 -0.2339 0.2708, -0.412 -0.2692 0.2657, -0.3878 -0.3019 0.2607, -0.3601 -0.3315 0.2559, -0.3294 -0.3578 0.2518, -0.2962 -0.3806 0.2487, -0.2612 -0.3998 0.2467, -0.2249 -0.4155 0.2461, -0.1877 -0.428 0.2467, -0.1502 -0.4375 0.2487, -0.1126 -0.4445 0.2518, -0.075 -0.4492 0.2559, -0.0374 -0.4519 0.2607, 0.0 -0.4528 0.2657, 0.0374 -0.4519 0.2708, 0.075 -0.4492 0.2756, 0.1126 -0.4445 0.2797, 0.1502 -0.4375 0.2828, 0.1877 -0.428 0.2848, 0.2612 -0.3998 0.2848, 0.2962 -0.3806 0.2828, 0.3294 -0.3578 0.2797, 0.3601 -0.3315 0.2756, 0.3878 -0.3019 0.2708, 0.412 -0.2692 0.2657, 0.4322 -0.2339 0.2607, 0.4483 -0.1966 0.2559, 0.46 -0.1579 0.2518, 0.4675 -0.1184 0.2487, 0.471 -0.0786 0.2467, 0.4708 -0.039 0.2461, 0.4673 0.0 0.2467, 0.461 0.0382 0.2487, 0.4523 0.0755 0.2518, 0.4415 0.1118 0.2559, 0.4289 0.1472 0.2607, 0.4146 0.1819 0.2657, 0.3988 0.2158 0.2708, 0.3812 0.2491 0.2756, 0.3618 0.2816 0.2797, 0.3403 0.3133 0.2828, 0.3165 0.3438 0.2848, 0.2612 0.3998 0.2848, -0.4512 -0.0374 0.3445, -0.4519 -0.0374 0.3496, -0.4472 -0.0746 0.3496, -0.4492 -0.075 0.3543, -0.4415 -0.1118 0.3543, -0.4445 -0.1126 0.3584, -0.4337 -0.1489 0.3584, -0.4375 -0.1502 0.3615, -0.4236 -0.1858 0.3615, -0.428 -0.1877 0.3635, -0.411 -0.2224 0.3635, -0.4155 -0.2249 0.3642, -0.3955 -0.2584 0.3642, -0.3998 -0.2612 0.3635, -0.3768 -0.2933 0.3635, -0.3806 -0.2962 0.3615, -0.3548 -0.3266 0.3615, -0.3578 -0.3294 0.3584, -0.3294 -0.3578 0.3584, -0.3315 -0.3601 0.3543, -0.3006 -0.3863 0.3543, -0.3019 -0.3878 0.3496, -0.2688 -0.4114 0.3496, -0.2692 -0.412 0.3445, -0.2342 -0.4328 0.3445, -0.2339 -0.4322 0.3394, -0.1974 -0.4501 0.3394, -0.1966 -0.4483 0.3346, -0.1589 -0.463 0.3346, -0.1579 -0.46 0.3306, -0.1194 -0.4715 0.3306, -0.1184 -0.4675 0.3274, -0.0794 -0.4757 0.3274, -0.0786 -0.471 0.3255, -0.0394 -0.4759 0.3255, 0.0 -0.4673 0.3255, 0.0386 -0.4658 0.3255, 0.0382 -0.461 0.3274, 0.0761 -0.4563 0.3274, 0.0755 -0.4523 0.3306, 0.1126 -0.4445 0.3306, 0.1118 -0.4415 0.3346, 0.1479 -0.4307 0.3346, 0.1472 -0.4289 0.3394, 0.1821 -0.4152 0.3394, 0.1819 -0.4146 0.3445, 0.2155 -0.3982 0.3445, 0.2158 -0.3988 0.3496, 0.248 -0.3796 0.3496, 0.2491 -0.3812 0.3543, 0.2797 -0.3594 0.3543, 0.2816 -0.3618 0.3584, 0.3105 -0.3373 0.3584, 0.3133 -0.3403 0.3615, 0.3403 -0.3133 0.3615, 0.3438 -0.3165 0.3635, 0.3688 -0.287 0.3635, 0.3728 -0.2902 0.3642, 0.3955 -0.2584 0.3642, 0.3998 -0.2612 0.3635, 0.42 -0.2273 0.3635, 0.4242 -0.2295 0.3615, 0.4417 -0.1937 0.3615, 0.4454 -0.1954 0.3584, 0.46 -0.1579 0.3584, 0.463 -0.1589 0.3543, 0.4745 -0.1202 0.3543, 0.4764 -0.1206 0.3496, 0.4848 -0.0809 0.3496, 0.4854 -0.081 0.3445, 0.4904 -0.0406 0.3445, 0.4898 -0.0406 0.3394, 0.4915 0.0 0.3394, 0.4895 0.0 0.3346, 0.4878 0.0404 0.3346, 0.4847 0.0402 0.3306, 0.4797 0.0801 0.3306, 0.4757 0.0794 0.3274, 0.4675 0.1184 0.3274, 0.4629 0.1172 0.3255, 0.4517 0.1551 0.3255, 0.428 0.1877 0.3255, 0.411 0.2224 0.3255, 0.4068 0.2202 0.3274, 0.3873 0.253 0.3274, 0.3839 0.2508 0.3306, 0.3618 0.2816 0.3306, 0.3594 0.2797 0.3346, 0.335 0.3084 0.3346, 0.3336 0.3071 0.3394, 0.3071 0.3336 0.3394, 0.3066 0.3331 0.3445, 0.2781 0.3573 0.3445, 0.2785 0.3578 0.3496, 0.248 0.3796 0.3496, 0.2491 0.3812 0.3543, 0.2167 0.4005 0.3543, 0.2182 0.4033 0.3584, 0.1842 0.4199 0.3584, 0.1858 0.4236 0.3615, 0.1502 0.4375 0.3615, 0.1517 0.442 0.3635, 0.1147 0.453 0.3635, 0.116 0.458 0.3642, 0.0778 0.466 0.3642, 0.0786 0.471 0.3635, 0.0394 0.4759 0.3635, 0.0398 0.4806 0.3615, 0.0 0.4823 0.3615, 0.0 0.4864 0.3584, -0.0402 0.4847 0.3584, -0.0404 0.4878 0.3543, -0.0806 0.4828 0.3543, -0.0809 0.4848 0.3496, -0.1206 0.4764 0.3496, -0.1208 0.4771 0.3445, -0.1598 0.4655 0.3445, -0.1596 0.4648 0.3394, -0.1974 0.4501 0.3394, -0.1966 0.4483 0.3346, -0.233 0.4305 0.3346, -0.2315 0.4277 0.3306, -0.266 0.4072 0.3306, -0.2638 0.4038 0.3274, -0.2962 0.3806 0.3274, -0.2933 0.3768 0.3255, -0.3234 0.3513 0.3255, -0.3438 0.3165 0.3255, -0.3688 0.287 0.3255, -0.3651 0.2841 0.3274, -0.3873 0.253 0.3274, -0.3839 0.2508 0.3306, -0.4033 0.2182 0.3306, -0.4005 0.2167 0.3346, -0.417 0.1829 0.3346, -0.4152 0.1821 0.3394, -0.4289 0.1472 0.3394, -0.4282 0.147 0.3445, -0.4389 0.1111 0.3445, -0.4396 0.1113 0.3496, 0.2295 -0.4242 0.3274, 0.2273 -0.42 0.3255, 0.2612 -0.3998 0.3255, 0.287 -0.3688 0.3255, 0.3165 -0.3438 0.3255, 0.3133 -0.3403 0.3274, 0.3403 -0.3133 0.3274, 0.3373 -0.3105 0.3306, 0.3618 -0.2816 0.3306, 0.3594 -0.2797 0.3346, 0.3812 -0.2491 0.3346, 0.3796 -0.248 0.3394, 0.3988 -0.2158 0.3394, 0.3982 -0.2155 0.3445, 0.4146 -0.1819 0.3445, 0.4152 -0.1821 0.3496, 0.4289 -0.1472 0.3496, 0.4307 -0.1479 0.3543, 0.4415 -0.1118 0.3543, 0.4445 -0.1126 0.3584, 0.4523 -0.0755 0.3584, 0.4563 -0.0761 0.3615, 0.461 -0.0382 0.3615, 0.4658 -0.0386 0.3635, 0.4673 0.0 0.3635, 0.4724 0.0 0.3642, 0.4708 0.039 0.3642, 0.4759 0.0394 0.3635, 0.471 0.0786 0.3635, 0.4757 0.0794 0.3615, 0.4675 0.1184 0.3615, 0.4715 0.1194 0.3584, 0.46 0.1579 0.3584, 0.463 0.1589 0.3543, 0.4483 0.1966 0.3543, 0.4501 0.1974 0.3496, 0.4322 0.2339 0.3496, 0.4328 0.2342 0.3445, 0.412 0.2692 0.3445, 0.4114 0.2688 0.3394, 0.3878 0.3019 0.3394, 0.3863 0.3006 0.3346, 0.3601 0.3315 0.3346, 0.3578 0.3294 0.3306, 0.3294 0.3578 0.3306, 0.3266 0.3548 0.3274, 0.2962 0.3806 0.3274, 0.2933 0.3768 0.3255, 0.2612 0.3998 0.3255, 0.2224 0.411 0.3255, 0.1877 0.428 0.3255, 0.1858 0.4236 0.3274, 0.1502 0.4375 0.3274, 0.1489 0.4337 0.3306, 0.1126 0.4445 0.3306, 0.1118 0.4415 0.3346, 0.075 0.4492 0.3346, 0.0746 0.4472 0.3394, 0.0374 0.4519 0.3394, 0.0374 0.4512 0.3445, 0.0 0.4528 0.3445, 0.0 0.4534 0.3496, -0.0374 0.4519 0.3496, -0.0376 0.4538 0.3543, -0.075 0.4492 0.3543, -0.0755 0.4523 0.3584, -0.1126 0.4445 0.3584, -0.1136 0.4484 0.3615, -0.1502 0.4375 0.3615, -0.1517 0.442 0.3635, -0.1877 0.428 0.3635, -0.1898 0.4326 0.3642, -0.2249 0.4155 0.3642, -0.2273 0.42 0.3635, -0.2612 0.3998 0.3635, -0.2638 0.4038 0.3615, -0.2962 0.3806 0.3615, -0.2987 0.3838 0.3584, -0.3294 0.3578 0.3584, -0.3315 0.3601 0.3543, -0.3601 0.3315 0.3543, -0.3616 0.3329 0.3496, -0.3878 0.3019 0.3496, -0.3884 0.3023 0.3445, -0.412 0.2692 0.3445, -0.4114 0.2688 0.3394, -0.4322 0.2339 0.3394, -0.4305 0.233 0.3346, -0.4483 0.1966 0.3346, -0.4454 0.1954 0.3306, -0.46 0.1579 0.3306, -0.4562 0.1566 0.3274, -0.4675 0.1184 0.3274, -0.4629 0.1172 0.3255, -0.471 0.0786 0.3255, -0.4658 0.0386 0.3255, -0.4673 0.0 0.3255, -0.4626 0.0 0.3274, -0.461 -0.0382 0.3274, -0.457 -0.0379 0.3306, -0.4523 -0.0755 0.3306, -0.4492 -0.075 0.3346, -0.4415 -0.1118 0.3346, -0.4396 -0.1113 0.3394, -0.4289 -0.1472 0.3394, -0.4282 -0.147 0.3445, -0.4146 -0.1819 0.3445, -0.4152 -0.1821 0.3496, -0.3988 -0.2158 0.3496, -0.4005 -0.2167 0.3543, -0.3812 -0.2491 0.3543, -0.3839 -0.2508 0.3584, -0.3618 -0.2816 0.3584, -0.3651 -0.2841 0.3615, -0.3403 -0.3133 0.3615, -0.3438 -0.3165 0.3635, -0.3165 -0.3438 0.3635, -0.32 -0.3476 0.3642, -0.2902 -0.3728 0.3642, -0.2933 -0.3768 0.3635, -0.2612 -0.3998 0.3635, -0.2638 -0.4038 0.3615, -0.2295 -0.4242 0.3615, -0.2315 -0.4277 0.3584, -0.1954 -0.4454 0.3584, -0.1966 -0.4483 0.3543, -0.1589 -0.463 0.3543, -0.1596 -0.4648 0.3496, -0.1206 -0.4764 0.3496, -0.1208 -0.4771 0.3445, -0.081 -0.4854 0.3445, -0.0809 -0.4848 0.3394, -0.0406 -0.4898 0.3394, -0.0404 -0.4878 0.3346, 0.0 -0.4895 0.3346, 0.0 -0.4864 0.3306, 0.0402 -0.4847 0.3306, 0.0398 -0.4806 0.3274, 0.0794 -0.4757 0.3274, 0.0786 -0.471 0.3255, 0.1172 -0.4629 0.3255, 0.1517 -0.442 0.3255, 0.1877 -0.428 0.3255, 0.1858 -0.4236 0.3274, 0.2202 -0.4068 0.3274, 0.2182 -0.4033 0.3306, 0.2508 -0.3839 0.3306, 0.2491 -0.3812 0.3346, 0.2797 -0.3594 0.3346, 0.2785 -0.3578 0.3394, 0.3071 -0.3336 0.3394, 0.3066 -0.3331 0.3445, 0.3331 -0.3066 0.3445, 0.3336 -0.3071 0.3496, 0.3578 -0.2785 0.3496, 0.3594 -0.2797 0.3543, 0.3812 -0.2491 0.3543, 0.3839 -0.2508 0.3584, 0.4033 -0.2182 0.3584, 0.4068 -0.2202 0.3615, 0.4236 -0.1858 0.3615, 0.428 -0.1877 0.3635, 0.442 -0.1517 0.3635, 0.4468 -0.1534 0.3642, 0.458 -0.116 0.3642, 0.4629 -0.1172 0.3635, 0.471 -0.0786 0.3635, 0.4757 -0.0794 0.3615, 0.4806 -0.0398 0.3615, 0.4847 -0.0402 0.3584, 0.4864 0.0 0.3584, 0.4895 0.0 0.3543, 0.4878 0.0404 0.3543, 0.4898 0.0406 0.3496, 0.4848 0.0809 0.3496, 0.4854 0.081 0.3445, 0.4771 0.1208 0.3445, 0.4764 0.1206 0.3394, 0.4648 0.1596 0.3394, 0.463 0.1589 0.3346, 0.4483 0.1966 0.3346, 0.4454 0.1954 0.3306, 0.4277 0.2315 0.3306, 0.4242 0.2295 0.3274, 0.4038 0.2638 0.3274, 0.3998 0.2612 0.3255, 0.3768 0.2933 0.3255, 0.3438 0.3165 0.3255, 0.3165 0.3438 0.3255, 0.3133 0.3403 0.3274, 0.2841 0.3651 0.3274, 0.2816 0.3618 0.3306, 0.2508 0.3839 0.3306, 0.2491 0.3812 0.3346, 0.2167 0.4005 0.3346, 0.2158 0.3988 0.3394, 0.1821 0.4152 0.3394, 0.1819 0.4146 0.3445, 0.147 0.4282 0.3445, 0.1472 0.4289 0.3496, 0.1113 0.4396 0.3496, 0.1118 0.4415 0.3543, 0.075 0.4492 0.3543, 0.0755 0.4523 0.3584, 0.0379 0.457 0.3584, 0.0382 0.461 0.3615, 0.0 0.4626 0.3615, 0.0 0.4673 0.3635, -0.0386 0.4658 0.3635, -0.039 0.4708 0.3642, -0.0778 0.466 0.3642, -0.0786 0.471 0.3635, -0.1172 0.4629 0.3635, -0.1184 0.4675 0.3615, -0.1566 0.4562 0.3615, -0.1579 0.46 0.3584, -0.1954 0.4454 0.3584, -0.1966 0.4483 0.3543, -0.233 0.4305 0.3543, -0.2339 0.4322 0.3496, -0.2688 0.4114 0.3496, -0.2692 0.412 0.3445, -0.3023 0.3884 0.3445, -0.3019 0.3878 0.3394, -0.3329 0.3616 0.3394, -0.3315 0.3601 0.3346, -0.3601 0.3315 0.3346, -0.3578 0.3294 0.3306, -0.3838 0.2987 0.3306, -0.3806 0.2962 0.3274, -0.4038 0.2638 0.3274, -0.3998 0.2612 0.3255, -0.42 0.2273 0.3255, -0.428 0.1877 0.3255, -0.442 0.1517 0.3255, -0.4375 0.1502 0.3274, -0.4484 0.1136 0.3274, -0.4445 0.1126 0.3306, -0.4523 0.0755 0.3306, -0.4492 0.075 0.3346, -0.4538 0.0376 0.3346, -0.4519 0.0374 0.3394, -0.4534 0.0 0.3394, -0.4528 0.0 0.3445, 0.2962 0.3806 0.3615, 0.2987 0.3838 0.3584, 0.266 0.4072 0.3584, 0.2677 0.4098 0.3543, 0.233 0.4305 0.3543, 0.2339 0.4322 0.3496, 0.1974 0.4501 0.3496, 0.1977 0.4507 0.3445, 0.1598 0.4655 0.3445, 0.1596 0.4648 0.3394, 0.1206 0.4764 0.3394, 0.1202 0.4745 0.3346, 0.0806 0.4828 0.3346, 0.0801 0.4797 0.3306, 0.0402 0.4847 0.3306, 0.0398 0.4806 0.3274, 0.0 0.4823 0.3274, 0.0 0.4775 0.3255, -0.0394 0.4759 0.3255, -0.0769 0.461 0.3255, -0.1147 0.453 0.3255, -0.1136 0.4484 0.3274, -0.1502 0.4375 0.3274, -0.1489 0.4337 0.3306, -0.1842 0.4199 0.3306, -0.1829 0.417 0.3346, -0.2167 0.4005 0.3346, -0.2158 0.3988 0.3394, -0.248 0.3796 0.3394, -0.2476 0.379 0.3445, -0.2781 0.3573 0.3445, -0.2785 0.3578 0.3496, -0.3071 0.3336 0.3496, -0.3084 0.335 0.3543, -0.335 0.3084 0.3543, -0.3373 0.3105 0.3584, -0.3618 0.2816 0.3584, -0.3651 0.2841 0.3615, -0.3873 0.253 0.3615, -0.3912 0.2556 0.3635, -0.411 0.2224 0.3635, -0.4155 0.2249 0.3642, -0.4326 0.1898 0.3642, -0.4373 0.1918 0.3635, -0.4517 0.1551 0.3635, -0.4562 0.1566 0.3615, -0.4675 0.1184 0.3615, -0.4715 0.1194 0.3584, -0.4797 0.0801 0.3584, -0.4828 0.0806 0.3543, -0.4878 0.0404 0.3543, -0.4898 0.0406 0.3496, -0.4915 0.0 0.3496, -0.4921 0.0 0.3445, -0.4904 -0.0406 0.3445, -0.4898 -0.0406 0.3394, -0.4848 -0.0809 0.3394, -0.4828 -0.0806 0.3346, -0.4745 -0.1202 0.3346, -0.4715 -0.1194 0.3306, -0.46 -0.1579 0.3306, -0.4562 -0.1566 0.3274, -0.4417 -0.1937 0.3274, -0.4373 -0.1918 0.3255, -0.42 -0.2273 0.3255, -0.3912 -0.2556 0.3255, -0.3688 -0.287 0.3255, -0.3651 -0.2841 0.3274, -0.3403 -0.3133 0.3274, -0.3373 -0.3105 0.3306, -0.3105 -0.3373 0.3306, -0.3084 -0.335 0.3346, -0.2797 -0.3594 0.3346, -0.2785 -0.3578 0.3394, -0.248 -0.3796 0.3394, -0.2476 -0.379 0.3445, -0.2155 -0.3982 0.3445, -0.2158 -0.3988 0.3496, -0.1821 -0.4152 0.3496, -0.1829 -0.417 0.3543, -0.1479 -0.4307 0.3543, -0.1489 -0.4337 0.3584, -0.1126 -0.4445 0.3584, -0.1136 -0.4484 0.3615, -0.0761 -0.4563 0.3615, -0.0769 -0.461 0.3635, -0.0386 -0.4658 0.3635, -0.039 -0.4708 0.3642, 0.0 -0.4724 0.3642, 0.0 -0.4775 0.3635, 0.0394 -0.4759 0.3635, 0.0398 -0.4806 0.3615, 0.0794 -0.4757 0.3615, 0.0801 -0.4797 0.3584, 0.1194 -0.4715 0.3584, 0.1202 -0.4745 0.3543, 0.1589 -0.463 0.3543, 0.1596 -0.4648 0.3496, 0.1974 -0.4501 0.3496, 0.1977 -0.4507 0.3445, 0.2342 -0.4328 0.3445, 0.2339 -0.4322 0.3394, 0.2688 -0.4114 0.3394, 0.2677 -0.4098 0.3346, 0.3006 -0.3863 0.3346, 0.2987 -0.3838 0.3306, 0.3294 -0.3578 0.3306, 0.3266 -0.3548 0.3274, 0.3548 -0.3266 0.3274, 0.3513 -0.3234 0.3255, 0.3768 -0.2933 0.3255, 0.3912 -0.2556 0.3255, 0.411 -0.2224 0.3255, 0.4068 -0.2202 0.3274, 0.4236 -0.1858 0.3274, 0.4199 -0.1842 0.3306, 0.4337 -0.1489 0.3306, 0.4307 -0.1479 0.3346, 0.4415 -0.1118 0.3346, 0.4396 -0.1113 0.3394, 0.4472 -0.0746 0.3394, 0.4466 -0.0745 0.3445, 0.4512 -0.0374 0.3445, 0.4519 -0.0374 0.3496, 0.4534 0.0 0.3496, 0.4554 0.0 0.3543, 0.4538 0.0376 0.3543, 0.457 0.0379 0.3584, 0.4523 0.0755 0.3584, 0.4563 0.0761 0.3615, 0.4484 0.1136 0.3615, 0.453 0.1147 0.3635, 0.442 0.1517 0.3635, 0.4468 0.1534 0.3642, 0.4326 0.1898 0.3642, 0.4373 0.1918 0.3635, 0.42 0.2273 0.3635, 0.4242 0.2295 0.3615, 0.4038 0.2638 0.3615, 0.4072 0.266 0.3584, 0.3838 0.2987 0.3584, 0.3863 0.3006 0.3543, 0.3601 0.3315 0.3543, 0.3616 0.3329 0.3496, 0.3329 0.3616 0.3496, 0.3333 0.3621 0.3445, 0.3023 0.3884 0.3445, 0.3019 0.3878 0.3394, 0.2688 0.4114 0.3394, 0.2677 0.4098 0.3346, 0.233 0.4305 0.3346, 0.2315 0.4277 0.3306, 0.1954 0.4454 0.3306, 0.1937 0.4417 0.3274, 0.1566 0.4562 0.3274, 0.1551 0.4517 0.3255, 0.1172 0.4629 0.3255, 0.0769 0.461 0.3255, 0.0386 0.4658 0.3255, 0.0382 0.461 0.3274, 0.0 0.4626 0.3274, 0.0 0.4585 0.3306, -0.0379 0.457 0.3306, -0.0376 0.4538 0.3346, -0.075 0.4492 0.3346, -0.0746 0.4472 0.3394, -0.1113 0.4396 0.3394, -0.1111 0.4389 0.3445, -0.147 0.4282 0.3445, -0.1472 0.4289 0.3496, -0.1821 0.4152 0.3496, -0.1829 0.417 0.3543, -0.2167 0.4005 0.3543, -0.2182 0.4033 0.3584, -0.2508 0.3839 0.3584, -0.253 0.3873 0.3615, -0.2841 0.3651 0.3615, -0.287 0.3688 0.3635, -0.3165 0.3438 0.3635, -0.32 0.3476 0.3642, -0.3476 0.32 0.3642, -0.3513 0.3234 0.3635, -0.3768 0.2933 0.3635, -0.3806 0.2962 0.3615, -0.4038 0.2638 0.3615, -0.4072 0.266 0.3584, -0.4277 0.2315 0.3584, -0.4305 0.233 0.3543, -0.4483 0.1966 0.3543, -0.4501 0.1974 0.3496, -0.4648 0.1596 0.3496, -0.4655 0.1598 0.3445, -0.4771 0.1208 0.3445, -0.4764 0.1206 0.3394, -0.4848 0.0809 0.3394, -0.4828 0.0806 0.3346, -0.4878 0.0404 0.3346, -0.4847 0.0402 0.3306, -0.4864 0.0 0.3306, -0.4823 0.0 0.3274, -0.4806 -0.0398 0.3274, -0.4759 -0.0394 0.3255, -0.471 -0.0786 0.3255, -0.453 -0.1147 0.3255, -0.442 -0.1517 0.3255, -0.4375 -0.1502 0.3274, -0.4236 -0.1858 0.3274, -0.4199 -0.1842 0.3306, -0.4033 -0.2182 0.3306, -0.4005 -0.2167 0.3346, -0.3812 -0.2491 0.3346, -0.3796 -0.248 0.3394, -0.3578 -0.2785 0.3394, -0.3573 -0.2781 0.3445, -0.3331 -0.3066 0.3445, -0.3336 -0.3071 0.3496, -0.3071 -0.3336 0.3496, -0.3084 -0.335 0.3543, -0.2797 -0.3594 0.3543, -0.2816 -0.3618 0.3584, -0.2508 -0.3839 0.3584, -0.253 -0.3873 0.3615, -0.2202 -0.4068 0.3615, -0.2224 -0.411 0.3635, -0.1877 -0.428 0.3635, -0.1898 -0.4326 0.3642, -0.1534 -0.4468 0.3642, -0.1551 -0.4517 0.3635, -0.1172 -0.4629 0.3635, -0.1184 -0.4675 0.3615, -0.0794 -0.4757 0.3615, -0.0801 -0.4797 0.3584, -0.0402 -0.4847 0.3584, -0.0404 -0.4878 0.3543, 0.0 -0.4895 0.3543, 0.0 -0.4915 0.3496, 0.0406 -0.4898 0.3496, 0.0406 -0.4904 0.3445, 0.081 -0.4854 0.3445, 0.0809 -0.4848 0.3394, 0.1206 -0.4764 0.3394, 0.1202 -0.4745 0.3346, 0.1589 -0.463 0.3346, 0.1579 -0.46 0.3306, 0.1954 -0.4454 0.3306, 0.1937 -0.4417 0.3274, -0.4472 0.0746 0.3496, -0.4492 0.075 0.3543, -0.4538 0.0376 0.3543, -0.457 0.0379 0.3584, -0.4585 0.0 0.3584, -0.4626 0.0 0.3615, -0.461 -0.0382 0.3615, -0.4658 -0.0386 0.3635, -0.461 -0.0769 0.3635, -0.466 -0.0778 0.3642, -0.458 -0.116 0.3642, -0.4629 -0.1172 0.3635, -0.4517 -0.1551 0.3635, -0.4562 -0.1566 0.3615, -0.4417 -0.1937 0.3615, -0.4454 -0.1954 0.3584, -0.4277 -0.2315 0.3584, -0.4305 -0.233 0.3543, -0.4098 -0.2677 0.3543, -0.4114 -0.2688 0.3496, -0.3878 -0.3019 0.3496, -0.3884 -0.3023 0.3445, -0.3621 -0.3333 0.3445, -0.3616 -0.3329 0.3394, -0.3329 -0.3616 0.3394, -0.3315 -0.3601 0.3346, -0.3006 -0.3863 0.3346, -0.2987 -0.3838 0.3306, -0.266 -0.4072 0.3306, -0.2638 -0.4038 0.3274, -0.2295 -0.4242 0.3274, -0.2273 -0.42 0.3255, -0.1918 -0.4373 0.3255, -0.1517 -0.442 0.3255, -0.1147 -0.453 0.3255, -0.1136 -0.4484 0.3274, -0.0761 -0.4563 0.3274, -0.0755 -0.4523 0.3306, -0.0379 -0.457 0.3306, -0.0376 -0.4538 0.3346, 0.0 -0.4554 0.3346, 0.0 -0.4534 0.3394, 0.0374 -0.4519 0.3394, 0.0374 -0.4512 0.3445, 0.0745 -0.4466 0.3445, 0.0746 -0.4472 0.3496, 0.1113 -0.4396 0.3496, 0.1118 -0.4415 0.3543, 0.1479 -0.4307 0.3543, 0.1489 -0.4337 0.3584, 0.1842 -0.4199 0.3584, 0.1858 -0.4236 0.3615, 0.2202 -0.4068 0.3615, 0.2224 -0.411 0.3635, 0.2556 -0.3912 0.3635, 0.2584 -0.3955 0.3642, 0.2902 -0.3728 0.3642, 0.2933 -0.3768 0.3635, 0.3234 -0.3513 0.3635, 0.3266 -0.3548 0.3615, 0.3548 -0.3266 0.3615, 0.3578 -0.3294 0.3584, 0.3838 -0.2987 0.3584, 0.3863 -0.3006 0.3543, 0.4098 -0.2677 0.3543, 0.4114 -0.2688 0.3496, 0.4322 -0.2339 0.3496, 0.4328 -0.2342 0.3445, 0.4507 -0.1977 0.3445, 0.4501 -0.1974 0.3394, 0.4648 -0.1596 0.3394, 0.463 -0.1589 0.3346, 0.4745 -0.1202 0.3346, 0.4715 -0.1194 0.3306, 0.4797 -0.0801 0.3306, 0.4757 -0.0794 0.3274, 0.4806 -0.0398 0.3274, 0.4759 -0.0394 0.3255, 0.4775 0.0 0.3255, 0.4658 0.0386 0.3255, 0.461 0.0769 0.3255, 0.4563 0.0761 0.3274, 0.4484 0.1136 0.3274, 0.4445 0.1126 0.3306, 0.4337 0.1489 0.3306, 0.4307 0.1479 0.3346, 0.417 0.1829 0.3346, 0.4152 0.1821 0.3394, 0.3988 0.2158 0.3394, 0.3982 0.2155 0.3445, 0.379 0.2476 0.3445, 0.3796 0.248 0.3496, 0.3578 0.2785 0.3496, 0.3594 0.2797 0.3543, 0.335 0.3084 0.3543, 0.3373 0.3105 0.3584, 0.3105 0.3373 0.3584, 0.3133 0.3403 0.3615, 0.2841 0.3651 0.3615, 0.287 0.3688 0.3635, 0.2556 0.3912 0.3635, 0.2584 0.3955 0.3642, 0.2249 0.4155 0.3642, 0.2273 0.42 0.3635, 0.1918 0.4373 0.3635, 0.1937 0.4417 0.3615, 0.1566 0.4562 0.3615, 0.1579 0.46 0.3584, 0.1194 0.4715 0.3584, 0.1202 0.4745 0.3543, 0.0806 0.4828 0.3543, 0.0809 0.4848 0.3496, 0.0406 0.4898 0.3496, 0.0406 0.4904 0.3445, 0.0 0.4921 0.3445, 0.0 0.4915 0.3394, -0.0406 0.4898 0.3394, -0.0404 0.4878 0.3346, -0.0806 0.4828 0.3346, -0.0801 0.4797 0.3306, -0.1194 0.4715 0.3306, -0.1184 0.4675 0.3274, -0.1566 0.4562 0.3274, -0.1551 0.4517 0.3255, -0.1918 0.4373 0.3255, -0.2224 0.411 0.3255, -0.2556 0.3912 0.3255, -0.253 0.3873 0.3274, -0.2841 0.3651 0.3274, -0.2816 0.3618 0.3306, -0.3105 0.3373 0.3306, -0.3084 0.335 0.3346, -0.335 0.3084 0.3346, -0.3336 0.3071 0.3394, -0.3578 0.2785 0.3394, -0.3573 0.2781 0.3445, -0.379 0.2476 0.3445, -0.3796 0.248 0.3496, -0.3988 0.2158 0.3496, -0.4005 0.2167 0.3543, -0.417 0.1829 0.3543, -0.4199 0.1842 0.3584, -0.4337 0.1489 0.3584, -0.4375 0.1502 0.3615, -0.4484 0.1136 0.3615, -0.453 0.1147 0.3635, -0.461 0.0769 0.3635, -0.466 0.0778 0.3642, -0.4708 0.039 0.3642, -0.4759 0.0394 0.3635, -0.4775 0.0 0.3635, -0.4823 0.0 0.3615, -0.4806 -0.0398 0.3615, -0.4847 -0.0402 0.3584, -0.4797 -0.0801 0.3584, -0.4828 -0.0806 0.3543, -0.4745 -0.1202 0.3543, -0.4764 -0.1206 0.3496, -0.4648 -0.1596 0.3496, -0.4655 -0.1598 0.3445, -0.4507 -0.1977 0.3445, -0.4501 -0.1974 0.3394, -0.4322 -0.2339 0.3394, -0.4305 -0.233 0.3346, -0.4098 -0.2677 0.3346, -0.4072 -0.266 0.3306, -0.3838 -0.2987 0.3306, -0.3806 -0.2962 0.3274, -0.3548 -0.3266 0.3274, -0.3513 -0.3234 0.3255, -0.3234 -0.3513 0.3255, -0.287 -0.3688 0.3255, -0.2556 -0.3912 0.3255, -0.253 -0.3873 0.3274, -0.2202 -0.4068 0.3274, -0.2182 -0.4033 0.3306, -0.1842 -0.4199 0.3306, -0.1829 -0.417 0.3346, -0.1479 -0.4307 0.3346, -0.1472 -0.4289 0.3394, -0.1113 -0.4396 0.3394, -0.1111 -0.4389 0.3445, -0.0745 -0.4466 0.3445, -0.0746 -0.4472 0.3496, -0.0374 -0.4519 0.3496, -0.0376 -0.4538 0.3543, 0.0 -0.4554 0.3543, 0.0 -0.4585 0.3584, 0.0379 -0.457 0.3584, 0.0382 -0.461 0.3615, 0.0761 -0.4563 0.3615, 0.0769 -0.461 0.3635, 0.1147 -0.453 0.3635, 0.116 -0.458 0.3642, 0.1534 -0.4468 0.3642, 0.1551 -0.4517 0.3635, 0.1918 -0.4373 0.3635, 0.1937 -0.4417 0.3615, 0.2295 -0.4242 0.3615, 0.2315 -0.4277 0.3584, 0.266 -0.4072 0.3584, 0.2677 -0.4098 0.3543, 0.3006 -0.3863 0.3543, 0.3019 -0.3878 0.3496, 0.3329 -0.3616 0.3496, 0.3333 -0.3621 0.3445, 0.3621 -0.3333 0.3445, 0.3616 -0.3329 0.3394, 0.3878 -0.3019 0.3394, 0.3863 -0.3006 0.3346, 0.4098 -0.2677 0.3346, 0.4072 -0.266 0.3306, 0.4277 -0.2315 0.3306, 0.4242 -0.2295 0.3274, 0.4417 -0.1937 0.3274, 0.4373 -0.1918 0.3255, 0.4517 -0.1551 0.3255, 0.453 -0.1147 0.3255, 0.461 -0.0769 0.3255, 0.4563 -0.0761 0.3274, 0.461 -0.0382 0.3274, 0.457 -0.0379 0.3306, 0.4585 0.0 0.3306, 0.4554 0.0 0.3346, 0.4538 0.0376 0.3346, 0.4519 0.0374 0.3394, 0.4472 0.0746 0.3394, 0.4466 0.0745 0.3445, 0.4389 0.1111 0.3445, 0.4396 0.1113 0.3496, 0.4289 0.1472 0.3496, 0.4307 0.1479 0.3543, 0.417 0.1829 0.3543, 0.4199 0.1842 0.3584, 0.4033 0.2182 0.3584, 0.4068 0.2202 0.3615, 0.3873 0.253 0.3615, 0.3912 0.2556 0.3635, 0.3688 0.287 0.3635, 0.3728 0.2902 0.3642, 0.3476 0.32 0.3642, 0.3513 0.3234 0.3635, 0.3234 0.3513 0.3635, 0.3266 0.3548 0.3615, -0.4466 -0.0745 0.3445, -0.4396 -0.1113 0.3496, -0.4307 -0.1479 0.3543, -0.4199 -0.1842 0.3584, -0.4068 -0.2202 0.3615, -0.3912 -0.2556 0.3635, -0.3728 -0.2902 0.3642, -0.3513 -0.3234 0.3635, -0.3266 -0.3548 0.3615, -0.2987 -0.3838 0.3584, -0.2677 -0.4098 0.3543, -0.2339 -0.4322 0.3496, -0.1977 -0.4507 0.3445, -0.1596 -0.4648 0.3394, -0.1202 -0.4745 0.3346, -0.0801 -0.4797 0.3306, -0.0398 -0.4806 0.3274, 0.0 -0.4775 0.3255, 0.0769 -0.461 0.3255, 0.1136 -0.4484 0.3274, 0.1489 -0.4337 0.3306, 0.1829 -0.417 0.3346, 0.2158 -0.3988 0.3394, 0.2476 -0.379 0.3445, 0.2785 -0.3578 0.3496, 0.3084 -0.335 0.3543, 0.3373 -0.3105 0.3584, 0.3651 -0.2841 0.3615, 0.3912 -0.2556 0.3635, 0.4155 -0.2249 0.3642, 0.4373 -0.1918 0.3635, 0.4562 -0.1566 0.3615, 0.4715 -0.1194 0.3584, 0.4828 -0.0806 0.3543, 0.4898 -0.0406 0.3496, 0.4921 0.0 0.3445, 0.4898 0.0406 0.3394, 0.4828 0.0806 0.3346, 0.4715 0.1194 0.3306, 0.4562 0.1566 0.3274, 0.4373 0.1918 0.3255, 0.3912 0.2556 0.3255, 0.3651 0.2841 0.3274, 0.3373 0.3105 0.3306, 0.3084 0.335 0.3346, 0.2785 0.3578 0.3394, 0.2476 0.379 0.3445, 0.2158 0.3988 0.3496, 0.1829 0.417 0.3543, 0.1489 0.4337 0.3584, 0.1136 0.4484 0.3615, 0.0769 0.461 0.3635, 0.039 0.4708 0.3642, 0.0 0.4775 0.3635, -0.0398 0.4806 0.3615, -0.0801 0.4797 0.3584, -0.1202 0.4745 0.3543, -0.1596 0.4648 0.3496, -0.1977 0.4507 0.3445, -0.2339 0.4322 0.3394, -0.2677 0.4098 0.3346, -0.2987 0.3838 0.3306, -0.3266 0.3548 0.3274, -0.3513 0.3234 0.3255, -0.3912 0.2556 0.3255, -0.4068 0.2202 0.3274, -0.4199 0.1842 0.3306, -0.4307 0.1479 0.3346, -0.4396 0.1113 0.3394, -0.4466 0.0745 0.3445, 0.2638 -0.4038 0.3274, 0.2933 -0.3768 0.3255, 0.3438 -0.3165 0.3255, 0.3651 -0.2841 0.3274, 0.3839 -0.2508 0.3306, 0.4005 -0.2167 0.3346, 0.4152 -0.1821 0.3394, 0.4282 -0.147 0.3445, 0.4396 -0.1113 0.3496, 0.4492 -0.075 0.3543, 0.457 -0.0379 0.3584, 0.4626 0.0 0.3615, 0.4658 0.0386 0.3635, 0.466 0.0778 0.3642, 0.4629 0.1172 0.3635, 0.4562 0.1566 0.3615, 0.4454 0.1954 0.3584, 0.4305 0.233 0.3543, 0.4114 0.2688 0.3496, 0.3884 0.3023 0.3445, 0.3616 0.3329 0.3394, 0.3315 0.3601 0.3346, 0.2987 0.3838 0.3306, 0.2638 0.4038 0.3274, 0.2273 0.42 0.3255, 0.1517 0.442 0.3255, 0.1136 0.4484 0.3274, 0.0755 0.4523 0.3306, 0.0376 0.4538 0.3346, 0.0 0.4534 0.3394, -0.0374 0.4512 0.3445, -0.0746 0.4472 0.3496, -0.1118 0.4415 0.3543, -0.1489 0.4337 0.3584, -0.1858 0.4236 0.3615, -0.2224 0.411 0.3635, -0.2584 0.3955 0.3642, -0.2933 0.3768 0.3635, -0.3266 0.3548 0.3615, -0.3578 0.3294 0.3584, -0.3863 0.3006 0.3543, -0.4114 0.2688 0.3496, -0.4328 0.2342 0.3445, -0.4501 0.1974 0.3394, -0.463 0.1589 0.3346, -0.4715 0.1194 0.3306, -0.4757 0.0794 0.3274, -0.4759 0.0394 0.3255, -0.4658 -0.0386 0.3255, -0.4563 -0.0761 0.3274, -0.4445 -0.1126 0.3306, -0.4307 -0.1479 0.3346, -0.4152 -0.1821 0.3394, -0.3982 -0.2155 0.3445, -0.3796 -0.248 0.3496, -0.3594 -0.2797 0.3543, -0.3373 -0.3105 0.3584, -0.3133 -0.3403 0.3615, -0.287 -0.3688 0.3635, -0.2584 -0.3955 0.3642, -0.2273 -0.42 0.3635, -0.1937 -0.4417 0.3615, -0.1579 -0.46 0.3584, -0.1202 -0.4745 0.3543, -0.0809 -0.4848 0.3496, -0.0406 -0.4904 0.3445, 0.0 -0.4915 0.3394, 0.0404 -0.4878 0.3346, 0.0801 -0.4797 0.3306, 0.1184 -0.4675 0.3274, 0.1551 -0.4517 0.3255, 0.2224 -0.411 0.3255, 0.253 -0.3873 0.3274, 0.2816 -0.3618 0.3306, 0.3084 -0.335 0.3346, 0.3336 -0.3071 0.3394, 0.3573 -0.2781 0.3445, 0.3796 -0.248 0.3496, 0.4005 -0.2167 0.3543, 0.4199 -0.1842 0.3584, 0.4375 -0.1502 0.3615, 0.453 -0.1147 0.3635, 0.466 -0.0778 0.3642, 0.4759 -0.0394 0.3635, 0.4823 0.0 0.3615, 0.4847 0.0402 0.3584, 0.4828 0.0806 0.3543, 0.4764 0.1206 0.3496, 0.4655 0.1598 0.3445, 0.4501 0.1974 0.3394, 0.4305 0.233 0.3346, 0.4072 0.266 0.3306, 0.3806 0.2962 0.3274, 0.3513 0.3234 0.3255, 0.287 0.3688 0.3255, 0.253 0.3873 0.3274, 0.2182 0.4033 0.3306, 0.1829 0.417 0.3346, 0.1472 0.4289 0.3394, 0.1111 0.4389 0.3445, 0.0746 0.4472 0.3496, 0.0376 0.4538 0.3543, 0.0 0.4585 0.3584, -0.0382 0.461 0.3615, -0.0769 0.461 0.3635, -0.116 0.458 0.3642, -0.1551 0.4517 0.3635, -0.1937 0.4417 0.3615, -0.2315 0.4277 0.3584, -0.2677 0.4098 0.3543, -0.3019 0.3878 0.3496, -0.3333 0.3621 0.3445, -0.3616 0.3329 0.3394, -0.3863 0.3006 0.3346, -0.4072 0.266 0.3306, -0.4242 0.2295 0.3274, -0.4373 0.1918 0.3255, -0.453 0.1147 0.3255, -0.4563 0.0761 0.3274, -0.457 0.0379 0.3306, -0.4554 0.0 0.3346, -0.4519 -0.0374 0.3394, 0.2638 0.4038 0.3615, 0.2315 0.4277 0.3584, 0.1966 0.4483 0.3543, 0.1596 0.4648 0.3496, 0.1208 0.4771 0.3445, 0.0809 0.4848 0.3394, 0.0404 0.4878 0.3346, 0.0 0.4864 0.3306, -0.0398 0.4806 0.3274, -0.0786 0.471 0.3255, -0.1517 0.442 0.3255, -0.1858 0.4236 0.3274, -0.2182 0.4033 0.3306, -0.2491 0.3812 0.3346, -0.2785 0.3578 0.3394, -0.3066 0.3331 0.3445, -0.3336 0.3071 0.3496, -0.3594 0.2797 0.3543, -0.3839 0.2508 0.3584, -0.4068 0.2202 0.3615, -0.428 0.1877 0.3635, -0.4468 0.1534 0.3642, -0.4629 0.1172 0.3635, -0.4757 0.0794 0.3615, -0.4847 0.0402 0.3584, -0.4895 0.0 0.3543, -0.4898 -0.0406 0.3496, -0.4854 -0.081 0.3445, -0.4764 -0.1206 0.3394, -0.463 -0.1589 0.3346, -0.4454 -0.1954 0.3306, -0.4242 -0.2295 0.3274, -0.3998 -0.2612 0.3255, -0.3438 -0.3165 0.3255, -0.3133 -0.3403 0.3274, -0.2816 -0.3618 0.3306, -0.2491 -0.3812 0.3346, -0.2158 -0.3988 0.3394, -0.1819 -0.4146 0.3445, -0.1472 -0.4289 0.3496, -0.1118 -0.4415 0.3543, -0.0755 -0.4523 0.3584, -0.0382 -0.461 0.3615, 0.0 -0.4673 0.3635, 0.039 -0.4708 0.3642, 0.0786 -0.471 0.3635, 0.1184 -0.4675 0.3615, 0.1579 -0.46 0.3584, 0.1966 -0.4483 0.3543, 0.2339 -0.4322 0.3496, 0.2692 -0.412 0.3445, 0.3019 -0.3878 0.3394, 0.3315 -0.3601 0.3346, 0.3578 -0.3294 0.3306, 0.3806 -0.2962 0.3274, 0.3998 -0.2612 0.3255, 0.428 -0.1877 0.3255, 0.4375 -0.1502 0.3274, 0.4445 -0.1126 0.3306, 0.4492 -0.075 0.3346, 0.4519 -0.0374 0.3394, 0.4528 0.0 0.3445, 0.4519 0.0374 0.3496, 0.4492 0.075 0.3543, 0.4445 0.1126 0.3584, 0.4375 0.1502 0.3615, 0.428 0.1877 0.3635, 0.4155 0.2249 0.3642, 0.3998 0.2612 0.3635, 0.3806 0.2962 0.3615, 0.3578 0.3294 0.3584, 0.3315 0.3601 0.3543, 0.3019 0.3878 0.3496, 0.2692 0.412 0.3445, 0.2339 0.4322 0.3394, 0.1966 0.4483 0.3346, 0.1579 0.46 0.3306, 0.1184 0.4675 0.3274, 0.0786 0.471 0.3255, 0.0 0.4673 0.3255, -0.0382 0.461 0.3274, -0.0755 0.4523 0.3306, -0.1118 0.4415 0.3346, -0.1472 0.4289 0.3394, -0.1819 0.4146 0.3445, -0.2158 0.3988 0.3496, -0.2491 0.3812 0.3543, -0.2816 0.3618 0.3584, -0.3133 0.3403 0.3615, -0.3438 0.3165 0.3635, -0.3728 0.2902 0.3642, -0.3998 0.2612 0.3635, -0.4242 0.2295 0.3615, -0.4454 0.1954 0.3584, -0.463 0.1589 0.3543, -0.4764 0.1206 0.3496, -0.4854 0.081 0.3445, -0.4898 0.0406 0.3394, -0.4895 0.0 0.3346, -0.4847 -0.0402 0.3306, -0.4757 -0.0794 0.3274, -0.4629 -0.1172 0.3255, -0.428 -0.1877 0.3255, -0.4068 -0.2202 0.3274, -0.3839 -0.2508 0.3306, -0.3594 -0.2797 0.3346, -0.3336 -0.3071 0.3394, -0.3066 -0.3331 0.3445, -0.2785 -0.3578 0.3496, -0.2491 -0.3812 0.3543, -0.2182 -0.4033 0.3584, -0.1858 -0.4236 0.3615, -0.1517 -0.442 0.3635, -0.116 -0.458 0.3642, -0.0786 -0.471 0.3635, -0.0398 -0.4806 0.3615, 0.0 -0.4864 0.3584, 0.0404 -0.4878 0.3543, 0.0809 -0.4848 0.3496, 0.1208 -0.4771 0.3445, 0.1596 -0.4648 0.3394, 0.1966 -0.4483 0.3346, 0.2315 -0.4277 0.3306, -0.4519 0.0374 0.3496, -0.4554 0.0 0.3543, -0.457 -0.0379 0.3584, -0.4563 -0.0761 0.3615, -0.453 -0.1147 0.3635, -0.4468 -0.1534 0.3642, -0.4373 -0.1918 0.3635, -0.4242 -0.2295 0.3615, -0.4072 -0.266 0.3584, -0.3863 -0.3006 0.3543, -0.3616 -0.3329 0.3496, -0.3333 -0.3621 0.3445, -0.3019 -0.3878 0.3394, -0.2677 -0.4098 0.3346, -0.2315 -0.4277 0.3306, -0.1937 -0.4417 0.3274, -0.1551 -0.4517 0.3255, -0.0769 -0.461 0.3255, -0.0382 -0.461 0.3274, 0.0 -0.4585 0.3306, 0.0376 -0.4538 0.3346, 0.0746 -0.4472 0.3394, 0.1111 -0.4389 0.3445, 0.1472 -0.4289 0.3496, 0.1829 -0.417 0.3543, 0.2182 -0.4033 0.3584, 0.253 -0.3873 0.3615, 0.287 -0.3688 0.3635, 0.32 -0.3476 0.3642, 0.3513 -0.3234 0.3635, 0.3806 -0.2962 0.3615, 0.4072 -0.266 0.3584, 0.4305 -0.233 0.3543, 0.4501 -0.1974 0.3496, 0.4655 -0.1598 0.3445, 0.4764 -0.1206 0.3394, 0.4828 -0.0806 0.3346, 0.4847 -0.0402 0.3306, 0.4823 0.0 0.3274, 0.4759 0.0394 0.3255, 0.453 0.1147 0.3255, 0.4375 0.1502 0.3274, 0.4199 0.1842 0.3306, 0.4005 0.2167 0.3346, 0.3796 0.248 0.3394, 0.3573 0.2781 0.3445, 0.3336 0.3071 0.3496, 0.3084 0.335 0.3543, 0.2816 0.3618 0.3584, 0.253 0.3873 0.3615, 0.2224 0.411 0.3635, 0.1898 0.4326 0.3642, 0.1551 0.4517 0.3635, 0.1184 0.4675 0.3615, 0.0801 0.4797 0.3584, 0.0404 0.4878 0.3543, 0.0 0.4915 0.3496, -0.0406 0.4904 0.3445, -0.0809 0.4848 0.3394, -0.1202 0.4745 0.3346, -0.1579 0.46 0.3306, -0.1937 0.4417 0.3274, -0.2273 0.42 0.3255, -0.287 0.3688 0.3255, -0.3133 0.3403 0.3274, -0.3373 0.3105 0.3306, -0.3594 0.2797 0.3346, -0.3796 0.248 0.3394, -0.3982 0.2155 0.3445, -0.4152 0.1821 0.3496, -0.4307 0.1479 0.3543, -0.4445 0.1126 0.3584, -0.4563 0.0761 0.3615, -0.4658 0.0386 0.3635, -0.4724 0.0 0.3642, -0.4759 -0.0394 0.3635, -0.4757 -0.0794 0.3615, -0.4715 -0.1194 0.3584, -0.463 -0.1589 0.3543, -0.4501 -0.1974 0.3496, -0.4328 -0.2342 0.3445, -0.4114 -0.2688 0.3394, -0.3863 -0.3006 0.3346, -0.3578 -0.3294 0.3306, -0.3266 -0.3548 0.3274, -0.2933 -0.3768 0.3255, -0.2224 -0.411 0.3255, -0.1858 -0.4236 0.3274, -0.1489 -0.4337 0.3306, -0.1118 -0.4415 0.3346, -0.0746 -0.4472 0.3394, -0.0374 -0.4512 0.3445, 0.0 -0.4534 0.3496, 0.0376 -0.4538 0.3543, 0.0755 -0.4523 0.3584, 0.1136 -0.4484 0.3615, 0.1517 -0.442 0.3635, 0.1898 -0.4326 0.3642, 0.2273 -0.42 0.3635, 0.2638 -0.4038 0.3615, 0.2987 -0.3838 0.3584, 0.3315 -0.3601 0.3543, 0.3616 -0.3329 0.3496, 0.3884 -0.3023 0.3445, 0.4114 -0.2688 0.3394, 0.4305 -0.233 0.3346, 0.4454 -0.1954 0.3306, 0.4562 -0.1566 0.3274, 0.4629 -0.1172 0.3255, 0.4658 -0.0386 0.3255, 0.4626 0.0 0.3274, 0.457 0.0379 0.3306, 0.4492 0.075 0.3346, 0.4396 0.1113 0.3394, 0.4282 0.147 0.3445, 0.4152 0.1821 0.3496, 0.4005 0.2167 0.3543, 0.3839 0.2508 0.3584, 0.3651 0.2841 0.3615, 0.3438 0.3165 0.3635, 0.32 0.3476 0.3642, 0.2933 0.3768 0.3635, -0.4389 -0.1111 0.3445, -0.4289 -0.1472 0.3496, -0.417 -0.1829 0.3543, -0.4033 -0.2182 0.3584, -0.3873 -0.253 0.3615, -0.3688 -0.287 0.3635, -0.3476 -0.32 0.3642, -0.3234 -0.3513 0.3635, -0.2962 -0.3806 0.3615, -0.266 -0.4072 0.3584, -0.233 -0.4305 0.3543, -0.1974 -0.4501 0.3496, -0.1598 -0.4655 0.3445, -0.1206 -0.4764 0.3394, -0.0806 -0.4828 0.3346, -0.0402 -0.4847 0.3306, 0.0 -0.4823 0.3274, 0.0394 -0.4759 0.3255, 0.1147 -0.453 0.3255, 0.1502 -0.4375 0.3274, 0.1842 -0.4199 0.3306, 0.2167 -0.4005 0.3346, 0.248 -0.3796 0.3394, 0.2781 -0.3573 0.3445, 0.3071 -0.3336 0.3496, 0.335 -0.3084 0.3543, 0.3618 -0.2816 0.3584, 0.3873 -0.253 0.3615, 0.411 -0.2224 0.3635, 0.4326 -0.1898 0.3642, 0.4517 -0.1551 0.3635, 0.4675 -0.1184 0.3615, 0.4797 -0.0801 0.3584, 0.4878 -0.0404 0.3543, 0.4915 0.0 0.3496, 0.4904 0.0406 0.3445, 0.4848 0.0809 0.3394, 0.4745 0.1202 0.3346, 0.46 0.1579 0.3306, 0.4417 0.1937 0.3274, 0.42 0.2273 0.3255, 0.3688 0.287 0.3255, 0.3403 0.3133 0.3274, 0.3105 0.3373 0.3306, 0.2797 0.3594 0.3346, 0.248 0.3796 0.3394, 0.2155 0.3982 0.3445, 0.1821 0.4152 0.3496, 0.1479 0.4307 0.3543, 0.1126 0.4445 0.3584, 0.0761 0.4563 0.3615, 0.0386 0.4658 0.3635, 0.0 0.4724 0.3642, -0.0394 0.4759 0.3635, -0.0794 0.4757 0.3615, -0.1194 0.4715 0.3584, -0.1589 0.463 0.3543, -0.1974 0.4501 0.3496, -0.2342 0.4328 0.3445, -0.2688 0.4114 0.3394, -0.3006 0.3863 0.3346, -0.3294 0.3578 0.3306, -0.3548 0.3266 0.3274, -0.3768 0.2933 0.3255, -0.411 0.2224 0.3255, -0.4236 0.1858 0.3274, -0.4337 0.1489 0.3306, -0.4415 0.1118 0.3346, -0.4472 0.0746 0.3394, -0.4512 0.0374 0.3445, 0.2962 -0.3806 0.3274, 0.3234 -0.3513 0.3255, 0.3688 -0.287 0.3255, 0.3873 -0.253 0.3274, 0.4033 -0.2182 0.3306, 0.417 -0.1829 0.3346, 0.4289 -0.1472 0.3394, 0.4389 -0.1111 0.3445, 0.4472 -0.0746 0.3496, 0.4538 -0.0376 0.3543, 0.4585 0.0 0.3584, 0.461 0.0382 0.3615, 0.461 0.0769 0.3635, 0.458 0.116 0.3642, 0.4517 0.1551 0.3635, 0.4417 0.1937 0.3615, 0.4277 0.2315 0.3584, 0.4098 0.2677 0.3543, 0.3878 0.3019 0.3496, 0.3621 0.3333 0.3445, 0.3329 0.3616 0.3394, 0.3006 0.3863 0.3346, 0.266 0.4072 0.3306, 0.2295 0.4242 0.3274, 0.1918 0.4373 0.3255, 0.1147 0.453 0.3255, 0.0761 0.4563 0.3274, 0.0379 0.457 0.3306, 0.0 0.4554 0.3346, -0.0374 0.4519 0.3394, -0.0745 0.4466 0.3445, -0.1113 0.4396 0.3496, -0.1479 0.4307 0.3543, -0.1842 0.4199 0.3584, -0.2202 0.4068 0.3615, -0.2556 0.3912 0.3635, -0.2902 0.3728 0.3642, -0.3234 0.3513 0.3635, -0.3548 0.3266 0.3615, -0.3838 0.2987 0.3584, -0.4098 0.2677 0.3543, -0.4322 0.2339 0.3496, -0.4507 0.1977 0.3445, -0.4648 0.1596 0.3394, -0.4745 0.1202 0.3346, -0.4797 0.0801 0.3306, -0.4806 0.0398 0.3274, -0.4775 0.0 0.3255, -0.461 -0.0769 0.3255, -0.4484 -0.1136 0.3274, -0.4337 -0.1489 0.3306, -0.417 -0.1829 0.3346, -0.3988 -0.2158 0.3394, -0.379 -0.2476 0.3445, -0.3578 -0.2785 0.3496, -0.335 -0.3084 0.3543, -0.3105 -0.3373 0.3584, -0.2841 -0.3651 0.3615, -0.2556 -0.3912 0.3635, -0.2249 -0.4155 0.3642, -0.1918 -0.4373 0.3635, -0.1566 -0.4562 0.3615, -0.1194 -0.4715 0.3584, -0.0806 -0.4828 0.3543, -0.0406 -0.4898 0.3496, 0.0 -0.4921 0.3445, 0.0406 -0.4898 0.3394, 0.0806 -0.4828 0.3346, 0.1194 -0.4715 0.3306, 0.1566 -0.4562 0.3274, 0.1918 -0.4373 0.3255, 0.2556 -0.3912 0.3255, 0.2841 -0.3651 0.3274, 0.3105 -0.3373 0.3306, 0.335 -0.3084 0.3346, 0.3578 -0.2785 0.3394, 0.379 -0.2476 0.3445, 0.3988 -0.2158 0.3496, 0.417 -0.1829 0.3543, 0.4337 -0.1489 0.3584, 0.4484 -0.1136 0.3615, 0.461 -0.0769 0.3635, 0.4708 -0.039 0.3642, 0.4775 0.0 0.3635, 0.4806 0.0398 0.3615, 0.4797 0.0801 0.3584, 0.4745 0.1202 0.3543, 0.4648 0.1596 0.3496, 0.4507 0.1977 0.3445, 0.4322 0.2339 0.3394, 0.4098 0.2677 0.3346, 0.3838 0.2987 0.3306, 0.3548 0.3266 0.3274, 0.3234 0.3513 0.3255, 0.2556 0.3912 0.3255, 0.2202 0.4068 0.3274, 0.1842 0.4199 0.3306, 0.1479 0.4307 0.3346, 0.1113 0.4396 0.3394, 0.0745 0.4466 0.3445, 0.0374 0.4519 0.3496, 0.0 0.4554 0.3543, -0.0379 0.457 0.3584, -0.0761 0.4563 0.3615, -0.1147 0.453 0.3635, -0.1534 0.4468 0.3642, -0.1918 0.4373 0.3635, -0.2295 0.4242 0.3615, -0.266 0.4072 0.3584, -0.3006 0.3863 0.3543, -0.3329 0.3616 0.3496, -0.3621 0.3333 0.3445, -0.3878 0.3019 0.3394, -0.4098 0.2677 0.3346, -0.4277 0.2315 0.3306, -0.4417 0.1937 0.3274, -0.4517 0.1551 0.3255, -0.461 0.0769 0.3255, -0.461 0.0382 0.3274, -0.4585 0.0 0.3306, -0.4538 -0.0376 0.3346, -0.4472 -0.0746 0.3394, 0.2295 0.4242 0.3615, 0.1954 0.4454 0.3584, 0.1589 0.463 0.3543, 0.1206 0.4764 0.3496, 0.081 0.4854 0.3445, 0.0406 0.4898 0.3394, 0.0 0.4895 0.3346, -0.0402 0.4847 0.3306, -0.0794 0.4757 0.3274, -0.1172 0.4629 0.3255, -0.1877 0.428 0.3255, -0.2202 0.4068 0.3274, -0.2508 0.3839 0.3306, -0.2797 0.3594 0.3346, -0.3071 0.3336 0.3394, -0.3331 0.3066 0.3445, -0.3578 0.2785 0.3496, -0.3812 0.2491 0.3543, -0.4033 0.2182 0.3584, -0.4236 0.1858 0.3615, -0.442 0.1517 0.3635, -0.458 0.116 0.3642, -0.471 0.0786 0.3635, -0.4806 0.0398 0.3615, -0.4864 0.0 0.3584, -0.4878 -0.0404 0.3543, -0.4848 -0.0809 0.3496, -0.4771 -0.1208 0.3445, -0.4648 -0.1596 0.3394, -0.4483 -0.1966 0.3346, -0.4277 -0.2315 0.3306, -0.4038 -0.2638 0.3274, -0.3768 -0.2933 0.3255, -0.3165 -0.3438 0.3255, -0.2841 -0.3651 0.3274, -0.2508 -0.3839 0.3306, -0.2167 -0.4005 0.3346, -0.1821 -0.4152 0.3394, -0.147 -0.4282 0.3445, -0.1113 -0.4396 0.3496, -0.075 -0.4492 0.3543, -0.0379 -0.457 0.3584, 0.0 -0.4626 0.3615, 0.0386 -0.4658 0.3635, 0.0778 -0.466 0.3642, 0.1172 -0.4629 0.3635, 0.1566 -0.4562 0.3615, 0.1954 -0.4454 0.3584, 0.233 -0.4305 0.3543, 0.2688 -0.4114 0.3496, 0.3023 -0.3884 0.3445, 0.3329 -0.3616 0.3394, 0.3601 -0.3315 0.3346, 0.3838 -0.2987 0.3306, 0.4038 -0.2638 0.3274, 0.42 -0.2273 0.3255, 0.442 -0.1517 0.3255, 0.4484 -0.1136 0.3274, 0.4523 -0.0755 0.3306, 0.4538 -0.0376 0.3346, 0.4534 0.0 0.3394, 0.4512 0.0374 0.3445, 0.4472 0.0746 0.3496, 0.4415 0.1118 0.3543, 0.4337 0.1489 0.3584, 0.4236 0.1858 0.3615, 0.411 0.2224 0.3635, 0.3955 0.2584 0.3642, 0.3768 0.2933 0.3635, 0.3548 0.3266 0.3615, 0.3294 0.3578 0.3584, 0.3006 0.3863 0.3543, 0.2688 0.4114 0.3496, 0.2342 0.4328 0.3445, 0.1974 0.4501 0.3394, 0.1589 0.463 0.3346, 0.1194 0.4715 0.3306, 0.0794 0.4757 0.3274, 0.0394 0.4759 0.3255, 0.0 0.4724 0.3248, -0.0386 0.4658 0.3255, -0.0761 0.4563 0.3274, -0.1126 0.4445 0.3306, -0.1479 0.4307 0.3346, -0.1821 0.4152 0.3394, -0.2155 0.3982 0.3445, -0.248 0.3796 0.3496, -0.2797 0.3594 0.3543, -0.3105 0.3373 0.3584, -0.3403 0.3133 0.3615, -0.3688 0.287 0.3635, -0.3955 0.2584 0.3642, -0.42 0.2273 0.3635, -0.4417 0.1937 0.3615, -0.46 0.1579 0.3584, -0.4745 0.1202 0.3543, -0.4848 0.0809 0.3496, -0.4904 0.0406 0.3445, -0.4915 0.0 0.3394, -0.4878 -0.0404 0.3346, -0.4797 -0.0801 0.3306, -0.4675 -0.1184 0.3274, -0.4517 -0.1551 0.3255, -0.411 -0.2224 0.3255, -0.3873 -0.253 0.3274, -0.3618 -0.2816 0.3306, -0.335 -0.3084 0.3346, -0.3071 -0.3336 0.3394, -0.2781 -0.3573 0.3445, -0.248 -0.3796 0.3496, -0.2167 -0.4005 0.3543, -0.1842 -0.4199 0.3584, -0.1502 -0.4375 0.3615, -0.1147 -0.453 0.3635, -0.0778 -0.466 0.3642, -0.0394 -0.4759 0.3635, 0.0 -0.4823 0.3615, 0.0402 -0.4847 0.3584, 0.0806 -0.4828 0.3543, 0.1206 -0.4764 0.3496, 0.1598 -0.4655 0.3445, 0.1974 -0.4501 0.3394, 0.233 -0.4305 0.3346, 0.266 -0.4072 0.3306, -0.4534 0.0 0.3496, -0.4538 -0.0376 0.3543, -0.4523 -0.0755 0.3584, -0.4484 -0.1136 0.3615, -0.442 -0.1517 0.3635, -0.4326 -0.1898 0.3642, -0.42 -0.2273 0.3635, -0.4038 -0.2638 0.3615, -0.3838 -0.2987 0.3584, -0.3601 -0.3315 0.3543, -0.3329 -0.3616 0.3496, -0.3023 -0.3884 0.3445, -0.2688 -0.4114 0.3394, -0.233 -0.4305 0.3346, -0.1954 -0.4454 0.3306, -0.1566 -0.4562 0.3274, -0.1172 -0.4629 0.3255, -0.0386 -0.4658 0.3255, 0.0 -0.4626 0.3274, 0.0379 -0.457 0.3306, 0.075 -0.4492 0.3346, 0.1113 -0.4396 0.3394, 0.147 -0.4282 0.3445, 0.1821 -0.4152 0.3496, 0.2167 -0.4005 0.3543, 0.2508 -0.3839 0.3584, 0.2841 -0.3651 0.3615, 0.3165 -0.3438 0.3635, 0.3476 -0.32 0.3642, 0.3768 -0.2933 0.3635, 0.4038 -0.2638 0.3615, 0.4277 -0.2315 0.3584, 0.4483 -0.1966 0.3543, 0.4648 -0.1596 0.3496, 0.4771 -0.1208 0.3445, 0.4848 -0.0809 0.3394, 0.4878 -0.0404 0.3346, 0.4864 0.0 0.3306, 0.4806 0.0398 0.3274, 0.471 0.0786 0.3255, 0.442 0.1517 0.3255, 0.4236 0.1858 0.3274, 0.4033 0.2182 0.3306, 0.3812 0.2491 0.3346, 0.3578 0.2785 0.3394, 0.3331 0.3066 0.3445, 0.3071 0.3336 0.3496, 0.2797 0.3594 0.3543, 0.2508 0.3839 0.3584, 0.2202 0.4068 0.3615, 0.1877 0.428 0.3635, 0.1534 0.4468 0.3642, 0.1172 0.4629 0.3635, 0.0794 0.4757 0.3615, 0.0402 0.4847 0.3584, 0.0 0.4895 0.3543, -0.0406 0.4898 0.3496, -0.081 0.4854 0.3445, -0.1206 0.4764 0.3394, -0.1589 0.463 0.3346, -0.1954 0.4454 0.3306, -0.2295 0.4242 0.3274, -0.2612 0.3998 0.3255, -0.3165 0.3438 0.3255, -0.3403 0.3133 0.3274, -0.3618 0.2816 0.3306, -0.3812 0.2491 0.3346, -0.3988 0.2158 0.3394, -0.4146 0.1819 0.3445, -0.4289 0.1472 0.3496, -0.4415 0.1118 0.3543, -0.4523 0.0755 0.3584, -0.461 0.0382 0.3615, -0.4673 0.0 0.3635, -0.4708 -0.039 0.3642, -0.471 -0.0786 0.3635, -0.4675 -0.1184 0.3615, -0.46 -0.1579 0.3584, -0.4483 -0.1966 0.3543, -0.4322 -0.2339 0.3496, -0.412 -0.2692 0.3445, -0.3878 -0.3019 0.3394, -0.3601 -0.3315 0.3346, -0.3294 -0.3578 0.3306, -0.2962 -0.3806 0.3274, -0.2612 -0.3998 0.3255, -0.1877 -0.428 0.3255, -0.1502 -0.4375 0.3274, -0.1126 -0.4445 0.3306, -0.075 -0.4492 0.3346, -0.0374 -0.4519 0.3394, 0.0 -0.4528 0.3445, 0.0374 -0.4519 0.3496, 0.075 -0.4492 0.3543, 0.1126 -0.4445 0.3584, 0.1502 -0.4375 0.3615, 0.1877 -0.428 0.3635, 0.2249 -0.4155 0.3642, 0.2612 -0.3998 0.3635, 0.2962 -0.3806 0.3615, 0.3294 -0.3578 0.3584, 0.3601 -0.3315 0.3543, 0.3878 -0.3019 0.3496, 0.412 -0.2692 0.3445, 0.4322 -0.2339 0.3394, 0.4483 -0.1966 0.3346, 0.46 -0.1579 0.3306, 0.4675 -0.1184 0.3274, 0.471 -0.0786 0.3255, 0.4673 0.0 0.3255, 0.461 0.0382 0.3274, 0.4523 0.0755 0.3306, 0.4415 0.1118 0.3346, 0.4289 0.1472 0.3394, 0.4146 0.1819 0.3445, 0.3988 0.2158 0.3496, 0.3812 0.2491 0.3543, 0.3618 0.2816 0.3584, 0.3403 0.3133 0.3615, 0.3165 0.3438 0.3635, 0.2902 0.3728 0.3642, 0.2612 0.3998 0.3635, -0.4512 -0.0374 0.3839, -0.4519 -0.0374 0.389, -0.4472 -0.0746 0.389, -0.4492 -0.075 0.3937, -0.4415 -0.1118 0.3937, -0.4445 -0.1126 0.3978, -0.4337 -0.1489 0.3978, -0.4375 -0.1502 0.4009, -0.4236 -0.1858 0.4009, -0.428 -0.1877 0.4029, -0.411 -0.2224 0.4029, -0.4155 -0.2249 0.4035, -0.3955 -0.2584 0.4035, -0.3998 -0.2612 0.4029, -0.3768 -0.2933 0.4029, -0.3806 -0.2962 0.4009, -0.3548 -0.3266 0.4009, -0.3578 -0.3294 0.3978, -0.3294 -0.3578 0.3978, -0.3315 -0.3601 0.3937, -0.3006 -0.3863 0.3937, -0.3019 -0.3878 0.389, -0.2688 -0.4114 0.389, -0.2692 -0.412 0.3839, -0.2342 -0.4328 0.3839, -0.2339 -0.4322 0.3788, -0.1974 -0.4501 0.3788, -0.1966 -0.4483 0.374, -0.1589 -0.463 0.374, -0.1579 -0.46 0.3699, -0.1194 -0.4715 0.3699, -0.1184 -0.4675 0.3668, -0.0794 -0.4757 0.3668, -0.0786 -0.471 0.3648, -0.0394 -0.4759 0.3648, 0.0 -0.4673 0.3648, 0.0386 -0.4658 0.3648, 0.0382 -0.461 0.3668, 0.0761 -0.4563 0.3668, 0.0755 -0.4523 0.3699, 0.1126 -0.4445 0.3699, 0.1118 -0.4415 0.374, 0.1479 -0.4307 0.374, 0.1472 -0.4289 0.3788, 0.1821 -0.4152 0.3788, 0.1819 -0.4146 0.3839, 0.2155 -0.3982 0.3839, 0.2158 -0.3988 0.389, 0.248 -0.3796 0.389, 0.2491 -0.3812 0.3937, 0.2797 -0.3594 0.3937, 0.2816 -0.3618 0.3978, 0.3105 -0.3373 0.3978, 0.3133 -0.3403 0.4009, 0.3403 -0.3133 0.4009, 0.3438 -0.3165 0.4029, 0.3688 -0.287 0.4029, 0.3728 -0.2902 0.4035, 0.3955 -0.2584 0.4035, 0.3998 -0.2612 0.4029, 0.42 -0.2273 0.4029, 0.4242 -0.2295 0.4009, 0.4417 -0.1937 0.4009, 0.4454 -0.1954 0.3978, 0.46 -0.1579 0.3978, 0.463 -0.1589 0.3937, 0.4745 -0.1202 0.3937, 0.4764 -0.1206 0.389, 0.4848 -0.0809 0.389, 0.4854 -0.081 0.3839, 0.4904 -0.0406 0.3839, 0.4898 -0.0406 0.3788, 0.4915 0.0 0.3788, 0.4895 0.0 0.374, 0.4878 0.0404 0.374, 0.4847 0.0402 0.3699, 0.4797 0.0801 0.3699, 0.4757 0.0794 0.3668, 0.4675 0.1184 0.3668, 0.4629 0.1172 0.3648, 0.4517 0.1551 0.3648, 0.428 0.1877 0.3648, 0.411 0.2224 0.3648, 0.4068 0.2202 0.3668, 0.3873 0.253 0.3668, 0.3839 0.2508 0.3699, 0.3618 0.2816 0.3699, 0.3594 0.2797 0.374, 0.335 0.3084 0.374, 0.3336 0.3071 0.3788, 0.3071 0.3336 0.3788, 0.3066 0.3331 0.3839, 0.2781 0.3573 0.3839, 0.2785 0.3578 0.389, 0.248 0.3796 0.389, 0.2491 0.3812 0.3937, 0.2167 0.4005 0.3937, 0.2182 0.4033 0.3978, 0.1842 0.4199 0.3978, 0.1858 0.4236 0.4009, 0.1502 0.4375 0.4009, 0.1517 0.442 0.4029, 0.1147 0.453 0.4029, 0.116 0.458 0.4035, 0.0778 0.466 0.4035, 0.0786 0.471 0.4029, 0.0394 0.4759 0.4029, 0.0398 0.4806 0.4009, 0.0 0.4823 0.4009, 0.0 0.4864 0.3978, -0.0402 0.4847 0.3978, -0.0404 0.4878 0.3937, -0.0806 0.4828 0.3937, -0.0809 0.4848 0.389, -0.1206 0.4764 0.389, -0.1208 0.4771 0.3839, -0.1598 0.4655 0.3839, -0.1596 0.4648 0.3788, -0.1974 0.4501 0.3788, -0.1966 0.4483 0.374, -0.233 0.4305 0.374, -0.2315 0.4277 0.3699, -0.266 0.4072 0.3699, -0.2638 0.4038 0.3668, -0.2962 0.3806 0.3668, -0.2933 0.3768 0.3648, -0.3234 0.3513 0.3648, -0.3438 0.3165 0.3648, -0.3688 0.287 0.3648, -0.3651 0.2841 0.3668, -0.3873 0.253 0.3668, -0.3839 0.2508 0.3699, -0.4033 0.2182 0.3699, -0.4005 0.2167 0.374, -0.417 0.1829 0.374, -0.4152 0.1821 0.3788, -0.4289 0.1472 0.3788, -0.4282 0.147 0.3839, -0.4389 0.1111 0.3839, -0.4396 0.1113 0.389, 0.2295 -0.4242 0.3668, 0.2273 -0.42 0.3648, 0.2612 -0.3998 0.3648, 0.287 -0.3688 0.3648, 0.3165 -0.3438 0.3648, 0.3133 -0.3403 0.3668, 0.3403 -0.3133 0.3668, 0.3373 -0.3105 0.3699, 0.3618 -0.2816 0.3699, 0.3594 -0.2797 0.374, 0.3812 -0.2491 0.374, 0.3796 -0.248 0.3788, 0.3988 -0.2158 0.3788, 0.3982 -0.2155 0.3839, 0.4146 -0.1819 0.3839, 0.4152 -0.1821 0.389, 0.4289 -0.1472 0.389, 0.4307 -0.1479 0.3937, 0.4415 -0.1118 0.3937, 0.4445 -0.1126 0.3978, 0.4523 -0.0755 0.3978, 0.4563 -0.0761 0.4009, 0.461 -0.0382 0.4009, 0.4658 -0.0386 0.4029, 0.4673 0.0 0.4029, 0.4724 0.0 0.4035, 0.4708 0.039 0.4035, 0.4759 0.0394 0.4029, 0.471 0.0786 0.4029, 0.4757 0.0794 0.4009, 0.4675 0.1184 0.4009, 0.4715 0.1194 0.3978, 0.46 0.1579 0.3978, 0.463 0.1589 0.3937, 0.4483 0.1966 0.3937, 0.4501 0.1974 0.389, 0.4322 0.2339 0.389, 0.4328 0.2342 0.3839, 0.412 0.2692 0.3839, 0.4114 0.2688 0.3788, 0.3878 0.3019 0.3788, 0.3863 0.3006 0.374, 0.3601 0.3315 0.374, 0.3578 0.3294 0.3699, 0.3294 0.3578 0.3699, 0.3266 0.3548 0.3668, 0.2962 0.3806 0.3668, 0.2933 0.3768 0.3648, 0.2612 0.3998 0.3648, 0.2224 0.411 0.3648, 0.1877 0.428 0.3648, 0.1858 0.4236 0.3668, 0.1502 0.4375 0.3668, 0.1489 0.4337 0.3699, 0.1126 0.4445 0.3699, 0.1118 0.4415 0.374, 0.075 0.4492 0.374, 0.0746 0.4472 0.3788, 0.0374 0.4519 0.3788, 0.0374 0.4512 0.3839, 0.0 0.4528 0.3839, 0.0 0.4534 0.389, -0.0374 0.4519 0.389, -0.0376 0.4538 0.3937, -0.075 0.4492 0.3937, -0.0755 0.4523 0.3978, -0.1126 0.4445 0.3978, -0.1136 0.4484 0.4009, -0.1502 0.4375 0.4009, -0.1517 0.442 0.4029, -0.1877 0.428 0.4029, -0.1898 0.4326 0.4035, -0.2249 0.4155 0.4035, -0.2273 0.42 0.4029, -0.2612 0.3998 0.4029, -0.2638 0.4038 0.4009, -0.2962 0.3806 0.4009, -0.2987 0.3838 0.3978, -0.3294 0.3578 0.3978, -0.3315 0.3601 0.3937, -0.3601 0.3315 0.3937, -0.3616 0.3329 0.389, -0.3878 0.3019 0.389, -0.3884 0.3023 0.3839, -0.412 0.2692 0.3839, -0.4114 0.2688 0.3788, -0.4322 0.2339 0.3788, -0.4305 0.233 0.374, -0.4483 0.1966 0.374, -0.4454 0.1954 0.3699, -0.46 0.1579 0.3699, -0.4562 0.1566 0.3668, -0.4675 0.1184 0.3668, -0.4629 0.1172 0.3648, -0.471 0.0786 0.3648, -0.4658 0.0386 0.3648, -0.4673 0.0 0.3648, -0.4626 0.0 0.3668, -0.461 -0.0382 0.3668, -0.457 -0.0379 0.3699, -0.4523 -0.0755 0.3699, -0.4492 -0.075 0.374, -0.4415 -0.1118 0.374, -0.4396 -0.1113 0.3788, -0.4289 -0.1472 0.3788, -0.4282 -0.147 0.3839, -0.4146 -0.1819 0.3839, -0.4152 -0.1821 0.389, -0.3988 -0.2158 0.389, -0.4005 -0.2167 0.3937, -0.3812 -0.2491 0.3937, -0.3839 -0.2508 0.3978, -0.3618 -0.2816 0.3978, -0.3651 -0.2841 0.4009, -0.3403 -0.3133 0.4009, -0.3438 -0.3165 0.4029, -0.3165 -0.3438 0.4029, -0.32 -0.3476 0.4035, -0.2902 -0.3728 0.4035, -0.2933 -0.3768 0.4029, -0.2612 -0.3998 0.4029, -0.2638 -0.4038 0.4009, -0.2295 -0.4242 0.4009, -0.2315 -0.4277 0.3978, -0.1954 -0.4454 0.3978, -0.1966 -0.4483 0.3937, -0.1589 -0.463 0.3937, -0.1596 -0.4648 0.389, -0.1206 -0.4764 0.389, -0.1208 -0.4771 0.3839, -0.081 -0.4854 0.3839, -0.0809 -0.4848 0.3788, -0.0406 -0.4898 0.3788, -0.0404 -0.4878 0.374, 0.0 -0.4895 0.374, 0.0 -0.4864 0.3699, 0.0402 -0.4847 0.3699, 0.0398 -0.4806 0.3668, 0.0794 -0.4757 0.3668, 0.0786 -0.471 0.3648, 0.1172 -0.4629 0.3648, 0.1517 -0.442 0.3648, 0.1877 -0.428 0.3648, 0.1858 -0.4236 0.3668, 0.2202 -0.4068 0.3668, 0.2182 -0.4033 0.3699, 0.2508 -0.3839 0.3699, 0.2491 -0.3812 0.374, 0.2797 -0.3594 0.374, 0.2785 -0.3578 0.3788, 0.3071 -0.3336 0.3788, 0.3066 -0.3331 0.3839, 0.3331 -0.3066 0.3839, 0.3336 -0.3071 0.389, 0.3578 -0.2785 0.389, 0.3594 -0.2797 0.3937, 0.3812 -0.2491 0.3937, 0.3839 -0.2508 0.3978, 0.4033 -0.2182 0.3978, 0.4068 -0.2202 0.4009, 0.4236 -0.1858 0.4009, 0.428 -0.1877 0.4029, 0.442 -0.1517 0.4029, 0.4468 -0.1534 0.4035, 0.458 -0.116 0.4035, 0.4629 -0.1172 0.4029, 0.471 -0.0786 0.4029, 0.4757 -0.0794 0.4009, 0.4806 -0.0398 0.4009, 0.4847 -0.0402 0.3978, 0.4864 0.0 0.3978, 0.4895 0.0 0.3937, 0.4878 0.0404 0.3937, 0.4898 0.0406 0.389, 0.4848 0.0809 0.389, 0.4854 0.081 0.3839, 0.4771 0.1208 0.3839, 0.4764 0.1206 0.3788, 0.4648 0.1596 0.3788, 0.463 0.1589 0.374, 0.4483 0.1966 0.374, 0.4454 0.1954 0.3699, 0.4277 0.2315 0.3699, 0.4242 0.2295 0.3668, 0.4038 0.2638 0.3668, 0.3998 0.2612 0.3648, 0.3768 0.2933 0.3648, 0.3438 0.3165 0.3648, 0.3165 0.3438 0.3648, 0.3133 0.3403 0.3668, 0.2841 0.3651 0.3668, 0.2816 0.3618 0.3699, 0.2508 0.3839 0.3699, 0.2491 0.3812 0.374, 0.2167 0.4005 0.374, 0.2158 0.3988 0.3788, 0.1821 0.4152 0.3788, 0.1819 0.4146 0.3839, 0.147 0.4282 0.3839, 0.1472 0.4289 0.389, 0.1113 0.4396 0.389, 0.1118 0.4415 0.3937, 0.075 0.4492 0.3937, 0.0755 0.4523 0.3978, 0.0379 0.457 0.3978, 0.0382 0.461 0.4009, 0.0 0.4626 0.4009, 0.0 0.4673 0.4029, -0.0386 0.4658 0.4029, -0.039 0.4708 0.4035, -0.0778 0.466 0.4035, -0.0786 0.471 0.4029, -0.1172 0.4629 0.4029, -0.1184 0.4675 0.4009, -0.1566 0.4562 0.4009, -0.1579 0.46 0.3978, -0.1954 0.4454 0.3978, -0.1966 0.4483 0.3937, -0.233 0.4305 0.3937, -0.2339 0.4322 0.389, -0.2688 0.4114 0.389, -0.2692 0.412 0.3839, -0.3023 0.3884 0.3839, -0.3019 0.3878 0.3788, -0.3329 0.3616 0.3788, -0.3315 0.3601 0.374, -0.3601 0.3315 0.374, -0.3578 0.3294 0.3699, -0.3838 0.2987 0.3699, -0.3806 0.2962 0.3668, -0.4038 0.2638 0.3668, -0.3998 0.2612 0.3648, -0.42 0.2273 0.3648, -0.428 0.1877 0.3648, -0.442 0.1517 0.3648, -0.4375 0.1502 0.3668, -0.4484 0.1136 0.3668, -0.4445 0.1126 0.3699, -0.4523 0.0755 0.3699, -0.4492 0.075 0.374, -0.4538 0.0376 0.374, -0.4519 0.0374 0.3788, -0.4534 0.0 0.3788, -0.4528 0.0 0.3839, 0.2962 0.3806 0.4009, 0.2987 0.3838 0.3978, 0.266 0.4072 0.3978, 0.2677 0.4098 0.3937, 0.233 0.4305 0.3937, 0.2339 0.4322 0.389, 0.1974 0.4501 0.389, 0.1977 0.4507 0.3839, 0.1598 0.4655 0.3839, 0.1596 0.4648 0.3788, 0.1206 0.4764 0.3788, 0.1202 0.4745 0.374, 0.0806 0.4828 0.374, 0.0801 0.4797 0.3699, 0.0402 0.4847 0.3699, 0.0398 0.4806 0.3668, 0.0 0.4823 0.3668, 0.0 0.4775 0.3648, -0.0394 0.4759 0.3648, -0.0769 0.461 0.3648, -0.1147 0.453 0.3648, -0.1136 0.4484 0.3668, -0.1502 0.4375 0.3668, -0.1489 0.4337 0.3699, -0.1842 0.4199 0.3699, -0.1829 0.417 0.374, -0.2167 0.4005 0.374, -0.2158 0.3988 0.3788, -0.248 0.3796 0.3788, -0.2476 0.379 0.3839, -0.2781 0.3573 0.3839, -0.2785 0.3578 0.389, -0.3071 0.3336 0.389, -0.3084 0.335 0.3937, -0.335 0.3084 0.3937, -0.3373 0.3105 0.3978, -0.3618 0.2816 0.3978, -0.3651 0.2841 0.4009, -0.3873 0.253 0.4009, -0.3912 0.2556 0.4029, -0.411 0.2224 0.4029, -0.4155 0.2249 0.4035, -0.4326 0.1898 0.4035, -0.4373 0.1918 0.4029, -0.4517 0.1551 0.4029, -0.4562 0.1566 0.4009, -0.4675 0.1184 0.4009, -0.4715 0.1194 0.3978, -0.4797 0.0801 0.3978, -0.4828 0.0806 0.3937, -0.4878 0.0404 0.3937, -0.4898 0.0406 0.389, -0.4915 0.0 0.389, -0.4921 0.0 0.3839, -0.4904 -0.0406 0.3839, -0.4898 -0.0406 0.3788, -0.4848 -0.0809 0.3788, -0.4828 -0.0806 0.374, -0.4745 -0.1202 0.374, -0.4715 -0.1194 0.3699, -0.46 -0.1579 0.3699, -0.4562 -0.1566 0.3668, -0.4417 -0.1937 0.3668, -0.4373 -0.1918 0.3648, -0.42 -0.2273 0.3648, -0.3912 -0.2556 0.3648, -0.3688 -0.287 0.3648, -0.3651 -0.2841 0.3668, -0.3403 -0.3133 0.3668, -0.3373 -0.3105 0.3699, -0.3105 -0.3373 0.3699, -0.3084 -0.335 0.374, -0.2797 -0.3594 0.374, -0.2785 -0.3578 0.3788, -0.248 -0.3796 0.3788, -0.2476 -0.379 0.3839, -0.2155 -0.3982 0.3839, -0.2158 -0.3988 0.389, -0.1821 -0.4152 0.389, -0.1829 -0.417 0.3937, -0.1479 -0.4307 0.3937, -0.1489 -0.4337 0.3978, -0.1126 -0.4445 0.3978, -0.1136 -0.4484 0.4009, -0.0761 -0.4563 0.4009, -0.0769 -0.461 0.4029, -0.0386 -0.4658 0.4029, -0.039 -0.4708 0.4035, 0.0 -0.4724 0.4035, 0.0 -0.4775 0.4029, 0.0394 -0.4759 0.4029, 0.0398 -0.4806 0.4009, 0.0794 -0.4757 0.4009, 0.0801 -0.4797 0.3978, 0.1194 -0.4715 0.3978, 0.1202 -0.4745 0.3937, 0.1589 -0.463 0.3937, 0.1596 -0.4648 0.389, 0.1974 -0.4501 0.389, 0.1977 -0.4507 0.3839, 0.2342 -0.4328 0.3839, 0.2339 -0.4322 0.3788, 0.2688 -0.4114 0.3788, 0.2677 -0.4098 0.374, 0.3006 -0.3863 0.374, 0.2987 -0.3838 0.3699, 0.3294 -0.3578 0.3699, 0.3266 -0.3548 0.3668, 0.3548 -0.3266 0.3668, 0.3513 -0.3234 0.3648, 0.3768 -0.2933 0.3648, 0.3912 -0.2556 0.3648, 0.411 -0.2224 0.3648, 0.4068 -0.2202 0.3668, 0.4236 -0.1858 0.3668, 0.4199 -0.1842 0.3699, 0.4337 -0.1489 0.3699, 0.4307 -0.1479 0.374, 0.4415 -0.1118 0.374, 0.4396 -0.1113 0.3788, 0.4472 -0.0746 0.3788, 0.4466 -0.0745 0.3839, 0.4512 -0.0374 0.3839, 0.4519 -0.0374 0.389, 0.4534 0.0 0.389, 0.4554 0.0 0.3937, 0.4538 0.0376 0.3937, 0.457 0.0379 0.3978, 0.4523 0.0755 0.3978, 0.4563 0.0761 0.4009, 0.4484 0.1136 0.4009, 0.453 0.1147 0.4029, 0.442 0.1517 0.4029, 0.4468 0.1534 0.4035, 0.4326 0.1898 0.4035, 0.4373 0.1918 0.4029, 0.42 0.2273 0.4029, 0.4242 0.2295 0.4009, 0.4038 0.2638 0.4009, 0.4072 0.266 0.3978, 0.3838 0.2987 0.3978, 0.3863 0.3006 0.3937, 0.3601 0.3315 0.3937, 0.3616 0.3329 0.389, 0.3329 0.3616 0.389, 0.3333 0.3621 0.3839, 0.3023 0.3884 0.3839, 0.3019 0.3878 0.3788, 0.2688 0.4114 0.3788, 0.2677 0.4098 0.374, 0.233 0.4305 0.374, 0.2315 0.4277 0.3699, 0.1954 0.4454 0.3699, 0.1937 0.4417 0.3668, 0.1566 0.4562 0.3668, 0.1551 0.4517 0.3648, 0.1172 0.4629 0.3648, 0.0769 0.461 0.3648, 0.0386 0.4658 0.3648, 0.0382 0.461 0.3668, 0.0 0.4626 0.3668, 0.0 0.4585 0.3699, -0.0379 0.457 0.3699, -0.0376 0.4538 0.374, -0.075 0.4492 0.374, -0.0746 0.4472 0.3788, -0.1113 0.4396 0.3788, -0.1111 0.4389 0.3839, -0.147 0.4282 0.3839, -0.1472 0.4289 0.389, -0.1821 0.4152 0.389, -0.1829 0.417 0.3937, -0.2167 0.4005 0.3937, -0.2182 0.4033 0.3978, -0.2508 0.3839 0.3978, -0.253 0.3873 0.4009, -0.2841 0.3651 0.4009, -0.287 0.3688 0.4029, -0.3165 0.3438 0.4029, -0.32 0.3476 0.4035, -0.3476 0.32 0.4035, -0.3513 0.3234 0.4029, -0.3768 0.2933 0.4029, -0.3806 0.2962 0.4009, -0.4038 0.2638 0.4009, -0.4072 0.266 0.3978, -0.4277 0.2315 0.3978, -0.4305 0.233 0.3937, -0.4483 0.1966 0.3937, -0.4501 0.1974 0.389, -0.4648 0.1596 0.389, -0.4655 0.1598 0.3839, -0.4771 0.1208 0.3839, -0.4764 0.1206 0.3788, -0.4848 0.0809 0.3788, -0.4828 0.0806 0.374, -0.4878 0.0404 0.374, -0.4847 0.0402 0.3699, -0.4864 0.0 0.3699, -0.4823 0.0 0.3668, -0.4806 -0.0398 0.3668, -0.4759 -0.0394 0.3648, -0.471 -0.0786 0.3648, -0.453 -0.1147 0.3648, -0.442 -0.1517 0.3648, -0.4375 -0.1502 0.3668, -0.4236 -0.1858 0.3668, -0.4199 -0.1842 0.3699, -0.4033 -0.2182 0.3699, -0.4005 -0.2167 0.374, -0.3812 -0.2491 0.374, -0.3796 -0.248 0.3788, -0.3578 -0.2785 0.3788, -0.3573 -0.2781 0.3839, -0.3331 -0.3066 0.3839, -0.3336 -0.3071 0.389, -0.3071 -0.3336 0.389, -0.3084 -0.335 0.3937, -0.2797 -0.3594 0.3937, -0.2816 -0.3618 0.3978, -0.2508 -0.3839 0.3978, -0.253 -0.3873 0.4009, -0.2202 -0.4068 0.4009, -0.2224 -0.411 0.4029, -0.1877 -0.428 0.4029, -0.1898 -0.4326 0.4035, -0.1534 -0.4468 0.4035, -0.1551 -0.4517 0.4029, -0.1172 -0.4629 0.4029, -0.1184 -0.4675 0.4009, -0.0794 -0.4757 0.4009, -0.0801 -0.4797 0.3978, -0.0402 -0.4847 0.3978, -0.0404 -0.4878 0.3937, 0.0 -0.4895 0.3937, 0.0 -0.4915 0.389, 0.0406 -0.4898 0.389, 0.0406 -0.4904 0.3839, 0.081 -0.4854 0.3839, 0.0809 -0.4848 0.3788, 0.1206 -0.4764 0.3788, 0.1202 -0.4745 0.374, 0.1589 -0.463 0.374, 0.1579 -0.46 0.3699, 0.1954 -0.4454 0.3699, 0.1937 -0.4417 0.3668, -0.4472 0.0746 0.389, -0.4492 0.075 0.3937, -0.4538 0.0376 0.3937, -0.457 0.0379 0.3978, -0.4585 0.0 0.3978, -0.4626 0.0 0.4009, -0.461 -0.0382 0.4009, -0.4658 -0.0386 0.4029, -0.461 -0.0769 0.4029, -0.466 -0.0778 0.4035, -0.458 -0.116 0.4035, -0.4629 -0.1172 0.4029, -0.4517 -0.1551 0.4029, -0.4562 -0.1566 0.4009, -0.4417 -0.1937 0.4009, -0.4454 -0.1954 0.3978, -0.4277 -0.2315 0.3978, -0.4305 -0.233 0.3937, -0.4098 -0.2677 0.3937, -0.4114 -0.2688 0.389, -0.3878 -0.3019 0.389, -0.3884 -0.3023 0.3839, -0.3621 -0.3333 0.3839, -0.3616 -0.3329 0.3788, -0.3329 -0.3616 0.3788, -0.3315 -0.3601 0.374, -0.3006 -0.3863 0.374, -0.2987 -0.3838 0.3699, -0.266 -0.4072 0.3699, -0.2638 -0.4038 0.3668, -0.2295 -0.4242 0.3668, -0.2273 -0.42 0.3648, -0.1918 -0.4373 0.3648, -0.1517 -0.442 0.3648, -0.1147 -0.453 0.3648, -0.1136 -0.4484 0.3668, -0.0761 -0.4563 0.3668, -0.0755 -0.4523 0.3699, -0.0379 -0.457 0.3699, -0.0376 -0.4538 0.374, 0.0 -0.4554 0.374, 0.0 -0.4534 0.3788, 0.0374 -0.4519 0.3788, 0.0374 -0.4512 0.3839, 0.0745 -0.4466 0.3839, 0.0746 -0.4472 0.389, 0.1113 -0.4396 0.389, 0.1118 -0.4415 0.3937, 0.1479 -0.4307 0.3937, 0.1489 -0.4337 0.3978, 0.1842 -0.4199 0.3978, 0.1858 -0.4236 0.4009, 0.2202 -0.4068 0.4009, 0.2224 -0.411 0.4029, 0.2556 -0.3912 0.4029, 0.2584 -0.3955 0.4035, 0.2902 -0.3728 0.4035, 0.2933 -0.3768 0.4029, 0.3234 -0.3513 0.4029, 0.3266 -0.3548 0.4009, 0.3548 -0.3266 0.4009, 0.3578 -0.3294 0.3978, 0.3838 -0.2987 0.3978, 0.3863 -0.3006 0.3937, 0.4098 -0.2677 0.3937, 0.4114 -0.2688 0.389, 0.4322 -0.2339 0.389, 0.4328 -0.2342 0.3839, 0.4507 -0.1977 0.3839, 0.4501 -0.1974 0.3788, 0.4648 -0.1596 0.3788, 0.463 -0.1589 0.374, 0.4745 -0.1202 0.374, 0.4715 -0.1194 0.3699, 0.4797 -0.0801 0.3699, 0.4757 -0.0794 0.3668, 0.4806 -0.0398 0.3668, 0.4759 -0.0394 0.3648, 0.4775 0.0 0.3648, 0.4658 0.0386 0.3648, 0.461 0.0769 0.3648, 0.4563 0.0761 0.3668, 0.4484 0.1136 0.3668, 0.4445 0.1126 0.3699, 0.4337 0.1489 0.3699, 0.4307 0.1479 0.374, 0.417 0.1829 0.374, 0.4152 0.1821 0.3788, 0.3988 0.2158 0.3788, 0.3982 0.2155 0.3839, 0.379 0.2476 0.3839, 0.3796 0.248 0.389, 0.3578 0.2785 0.389, 0.3594 0.2797 0.3937, 0.335 0.3084 0.3937, 0.3373 0.3105 0.3978, 0.3105 0.3373 0.3978, 0.3133 0.3403 0.4009, 0.2841 0.3651 0.4009, 0.287 0.3688 0.4029, 0.2556 0.3912 0.4029, 0.2584 0.3955 0.4035, 0.2249 0.4155 0.4035, 0.2273 0.42 0.4029, 0.1918 0.4373 0.4029, 0.1937 0.4417 0.4009, 0.1566 0.4562 0.4009, 0.1579 0.46 0.3978, 0.1194 0.4715 0.3978, 0.1202 0.4745 0.3937, 0.0806 0.4828 0.3937, 0.0809 0.4848 0.389, 0.0406 0.4898 0.389, 0.0406 0.4904 0.3839, 0.0 0.4921 0.3839, 0.0 0.4915 0.3788, -0.0406 0.4898 0.3788, -0.0404 0.4878 0.374, -0.0806 0.4828 0.374, -0.0801 0.4797 0.3699, -0.1194 0.4715 0.3699, -0.1184 0.4675 0.3668, -0.1566 0.4562 0.3668, -0.1551 0.4517 0.3648, -0.1918 0.4373 0.3648, -0.2224 0.411 0.3648, -0.2556 0.3912 0.3648, -0.253 0.3873 0.3668, -0.2841 0.3651 0.3668, -0.2816 0.3618 0.3699, -0.3105 0.3373 0.3699, -0.3084 0.335 0.374, -0.335 0.3084 0.374, -0.3336 0.3071 0.3788, -0.3578 0.2785 0.3788, -0.3573 0.2781 0.3839, -0.379 0.2476 0.3839, -0.3796 0.248 0.389, -0.3988 0.2158 0.389, -0.4005 0.2167 0.3937, -0.417 0.1829 0.3937, -0.4199 0.1842 0.3978, -0.4337 0.1489 0.3978, -0.4375 0.1502 0.4009, -0.4484 0.1136 0.4009, -0.453 0.1147 0.4029, -0.461 0.0769 0.4029, -0.466 0.0778 0.4035, -0.4708 0.039 0.4035, -0.4759 0.0394 0.4029, -0.4775 0.0 0.4029, -0.4823 0.0 0.4009, -0.4806 -0.0398 0.4009, -0.4847 -0.0402 0.3978, -0.4797 -0.0801 0.3978, -0.4828 -0.0806 0.3937, -0.4745 -0.1202 0.3937, -0.4764 -0.1206 0.389, -0.4648 -0.1596 0.389, -0.4655 -0.1598 0.3839, -0.4507 -0.1977 0.3839, -0.4501 -0.1974 0.3788, -0.4322 -0.2339 0.3788, -0.4305 -0.233 0.374, -0.4098 -0.2677 0.374, -0.4072 -0.266 0.3699, -0.3838 -0.2987 0.3699, -0.3806 -0.2962 0.3668, -0.3548 -0.3266 0.3668, -0.3513 -0.3234 0.3648, -0.3234 -0.3513 0.3648, -0.287 -0.3688 0.3648, -0.2556 -0.3912 0.3648, -0.253 -0.3873 0.3668, -0.2202 -0.4068 0.3668, -0.2182 -0.4033 0.3699, -0.1842 -0.4199 0.3699, -0.1829 -0.417 0.374, -0.1479 -0.4307 0.374, -0.1472 -0.4289 0.3788, -0.1113 -0.4396 0.3788, -0.1111 -0.4389 0.3839, -0.0745 -0.4466 0.3839, -0.0746 -0.4472 0.389, -0.0374 -0.4519 0.389, -0.0376 -0.4538 0.3937, 0.0 -0.4554 0.3937, 0.0 -0.4585 0.3978, 0.0379 -0.457 0.3978, 0.0382 -0.461 0.4009, 0.0761 -0.4563 0.4009, 0.0769 -0.461 0.4029, 0.1147 -0.453 0.4029, 0.116 -0.458 0.4035, 0.1534 -0.4468 0.4035, 0.1551 -0.4517 0.4029, 0.1918 -0.4373 0.4029, 0.1937 -0.4417 0.4009, 0.2295 -0.4242 0.4009, 0.2315 -0.4277 0.3978, 0.266 -0.4072 0.3978, 0.2677 -0.4098 0.3937, 0.3006 -0.3863 0.3937, 0.3019 -0.3878 0.389, 0.3329 -0.3616 0.389, 0.3333 -0.3621 0.3839, 0.3621 -0.3333 0.3839, 0.3616 -0.3329 0.3788, 0.3878 -0.3019 0.3788, 0.3863 -0.3006 0.374, 0.4098 -0.2677 0.374, 0.4072 -0.266 0.3699, 0.4277 -0.2315 0.3699, 0.4242 -0.2295 0.3668, 0.4417 -0.1937 0.3668, 0.4373 -0.1918 0.3648, 0.4517 -0.1551 0.3648, 0.453 -0.1147 0.3648, 0.461 -0.0769 0.3648, 0.4563 -0.0761 0.3668, 0.461 -0.0382 0.3668, 0.457 -0.0379 0.3699, 0.4585 0.0 0.3699, 0.4554 0.0 0.374, 0.4538 0.0376 0.374, 0.4519 0.0374 0.3788, 0.4472 0.0746 0.3788, 0.4466 0.0745 0.3839, 0.4389 0.1111 0.3839, 0.4396 0.1113 0.389, 0.4289 0.1472 0.389, 0.4307 0.1479 0.3937, 0.417 0.1829 0.3937, 0.4199 0.1842 0.3978, 0.4033 0.2182 0.3978, 0.4068 0.2202 0.4009, 0.3873 0.253 0.4009, 0.3912 0.2556 0.4029, 0.3688 0.287 0.4029, 0.3728 0.2902 0.4035, 0.3476 0.32 0.4035, 0.3513 0.3234 0.4029, 0.3234 0.3513 0.4029, 0.3266 0.3548 0.4009, -0.4466 -0.0745 0.3839, -0.4396 -0.1113 0.389, -0.4307 -0.1479 0.3937, -0.4199 -0.1842 0.3978, -0.4068 -0.2202 0.4009, -0.3912 -0.2556 0.4029, -0.3728 -0.2902 0.4035, -0.3513 -0.3234 0.4029, -0.3266 -0.3548 0.4009, -0.2987 -0.3838 0.3978, -0.2677 -0.4098 0.3937, -0.2339 -0.4322 0.389, -0.1977 -0.4507 0.3839, -0.1596 -0.4648 0.3788, -0.1202 -0.4745 0.374, -0.0801 -0.4797 0.3699, -0.0398 -0.4806 0.3668, 0.0 -0.4775 0.3648, 0.0769 -0.461 0.3648, 0.1136 -0.4484 0.3668, 0.1489 -0.4337 0.3699, 0.1829 -0.417 0.374, 0.2158 -0.3988 0.3788, 0.2476 -0.379 0.3839, 0.2785 -0.3578 0.389, 0.3084 -0.335 0.3937, 0.3373 -0.3105 0.3978, 0.3651 -0.2841 0.4009, 0.3912 -0.2556 0.4029, 0.4155 -0.2249 0.4035, 0.4373 -0.1918 0.4029, 0.4562 -0.1566 0.4009, 0.4715 -0.1194 0.3978, 0.4828 -0.0806 0.3937, 0.4898 -0.0406 0.389, 0.4921 0.0 0.3839, 0.4898 0.0406 0.3788, 0.4828 0.0806 0.374, 0.4715 0.1194 0.3699, 0.4562 0.1566 0.3668, 0.4373 0.1918 0.3648, 0.3912 0.2556 0.3648, 0.3651 0.2841 0.3668, 0.3373 0.3105 0.3699, 0.3084 0.335 0.374, 0.2785 0.3578 0.3788, 0.2476 0.379 0.3839, 0.2158 0.3988 0.389, 0.1829 0.417 0.3937, 0.1489 0.4337 0.3978, 0.1136 0.4484 0.4009, 0.0769 0.461 0.4029, 0.039 0.4708 0.4035, 0.0 0.4775 0.4029, -0.0398 0.4806 0.4009, -0.0801 0.4797 0.3978, -0.1202 0.4745 0.3937, -0.1596 0.4648 0.389, -0.1977 0.4507 0.3839, -0.2339 0.4322 0.3788, -0.2677 0.4098 0.374, -0.2987 0.3838 0.3699, -0.3266 0.3548 0.3668, -0.3513 0.3234 0.3648, -0.3912 0.2556 0.3648, -0.4068 0.2202 0.3668, -0.4199 0.1842 0.3699, -0.4307 0.1479 0.374, -0.4396 0.1113 0.3788, -0.4466 0.0745 0.3839, 0.2638 -0.4038 0.3668, 0.2933 -0.3768 0.3648, 0.3438 -0.3165 0.3648, 0.3651 -0.2841 0.3668, 0.3839 -0.2508 0.3699, 0.4005 -0.2167 0.374, 0.4152 -0.1821 0.3788, 0.4282 -0.147 0.3839, 0.4396 -0.1113 0.389, 0.4492 -0.075 0.3937, 0.457 -0.0379 0.3978, 0.4626 0.0 0.4009, 0.4658 0.0386 0.4029, 0.466 0.0778 0.4035, 0.4629 0.1172 0.4029, 0.4562 0.1566 0.4009, 0.4454 0.1954 0.3978, 0.4305 0.233 0.3937, 0.4114 0.2688 0.389, 0.3884 0.3023 0.3839, 0.3616 0.3329 0.3788, 0.3315 0.3601 0.374, 0.2987 0.3838 0.3699, 0.2638 0.4038 0.3668, 0.2273 0.42 0.3648, 0.1517 0.442 0.3648, 0.1136 0.4484 0.3668, 0.0755 0.4523 0.3699, 0.0376 0.4538 0.374, 0.0 0.4534 0.3788, -0.0374 0.4512 0.3839, -0.0746 0.4472 0.389, -0.1118 0.4415 0.3937, -0.1489 0.4337 0.3978, -0.1858 0.4236 0.4009, -0.2224 0.411 0.4029, -0.2584 0.3955 0.4035, -0.2933 0.3768 0.4029, -0.3266 0.3548 0.4009, -0.3578 0.3294 0.3978, -0.3863 0.3006 0.3937, -0.4114 0.2688 0.389, -0.4328 0.2342 0.3839, -0.4501 0.1974 0.3788, -0.463 0.1589 0.374, -0.4715 0.1194 0.3699, -0.4757 0.0794 0.3668, -0.4759 0.0394 0.3648, -0.4658 -0.0386 0.3648, -0.4563 -0.0761 0.3668, -0.4445 -0.1126 0.3699, -0.4307 -0.1479 0.374, -0.4152 -0.1821 0.3788, -0.3982 -0.2155 0.3839, -0.3796 -0.248 0.389, -0.3594 -0.2797 0.3937, -0.3373 -0.3105 0.3978, -0.3133 -0.3403 0.4009, -0.287 -0.3688 0.4029, -0.2584 -0.3955 0.4035, -0.2273 -0.42 0.4029, -0.1937 -0.4417 0.4009, -0.1579 -0.46 0.3978, -0.1202 -0.4745 0.3937, -0.0809 -0.4848 0.389, -0.0406 -0.4904 0.3839, 0.0 -0.4915 0.3788, 0.0404 -0.4878 0.374, 0.0801 -0.4797 0.3699, 0.1184 -0.4675 0.3668, 0.1551 -0.4517 0.3648, 0.2224 -0.411 0.3648, 0.253 -0.3873 0.3668, 0.2816 -0.3618 0.3699, 0.3084 -0.335 0.374, 0.3336 -0.3071 0.3788, 0.3573 -0.2781 0.3839, 0.3796 -0.248 0.389, 0.4005 -0.2167 0.3937, 0.4199 -0.1842 0.3978, 0.4375 -0.1502 0.4009, 0.453 -0.1147 0.4029, 0.466 -0.0778 0.4035, 0.4759 -0.0394 0.4029, 0.4823 0.0 0.4009, 0.4847 0.0402 0.3978, 0.4828 0.0806 0.3937, 0.4764 0.1206 0.389, 0.4655 0.1598 0.3839, 0.4501 0.1974 0.3788, 0.4305 0.233 0.374, 0.4072 0.266 0.3699, 0.3806 0.2962 0.3668, 0.3513 0.3234 0.3648, 0.287 0.3688 0.3648, 0.253 0.3873 0.3668, 0.2182 0.4033 0.3699, 0.1829 0.417 0.374, 0.1472 0.4289 0.3788, 0.1111 0.4389 0.3839, 0.0746 0.4472 0.389, 0.0376 0.4538 0.3937, 0.0 0.4585 0.3978, -0.0382 0.461 0.4009, -0.0769 0.461 0.4029, -0.116 0.458 0.4035, -0.1551 0.4517 0.4029, -0.1937 0.4417 0.4009, -0.2315 0.4277 0.3978, -0.2677 0.4098 0.3937, -0.3019 0.3878 0.389, -0.3333 0.3621 0.3839, -0.3616 0.3329 0.3788, -0.3863 0.3006 0.374, -0.4072 0.266 0.3699, -0.4242 0.2295 0.3668, -0.4373 0.1918 0.3648, -0.453 0.1147 0.3648, -0.4563 0.0761 0.3668, -0.457 0.0379 0.3699, -0.4554 0.0 0.374, -0.4519 -0.0374 0.3788, 0.2638 0.4038 0.4009, 0.2315 0.4277 0.3978, 0.1966 0.4483 0.3937, 0.1596 0.4648 0.389, 0.1208 0.4771 0.3839, 0.0809 0.4848 0.3788, 0.0404 0.4878 0.374, 0.0 0.4864 0.3699, -0.0398 0.4806 0.3668, -0.0786 0.471 0.3648, -0.1517 0.442 0.3648, -0.1858 0.4236 0.3668, -0.2182 0.4033 0.3699, -0.2491 0.3812 0.374, -0.2785 0.3578 0.3788, -0.3066 0.3331 0.3839, -0.3336 0.3071 0.389, -0.3594 0.2797 0.3937, -0.3839 0.2508 0.3978, -0.4068 0.2202 0.4009, -0.428 0.1877 0.4029, -0.4468 0.1534 0.4035, -0.4629 0.1172 0.4029, -0.4757 0.0794 0.4009, -0.4847 0.0402 0.3978, -0.4895 0.0 0.3937, -0.4898 -0.0406 0.389, -0.4854 -0.081 0.3839, -0.4764 -0.1206 0.3788, -0.463 -0.1589 0.374, -0.4454 -0.1954 0.3699, -0.4242 -0.2295 0.3668, -0.3998 -0.2612 0.3648, -0.3438 -0.3165 0.3648, -0.3133 -0.3403 0.3668, -0.2816 -0.3618 0.3699, -0.2491 -0.3812 0.374, -0.2158 -0.3988 0.3788, -0.1819 -0.4146 0.3839, -0.1472 -0.4289 0.389, -0.1118 -0.4415 0.3937, -0.0755 -0.4523 0.3978, -0.0382 -0.461 0.4009, 0.0 -0.4673 0.4029, 0.039 -0.4708 0.4035, 0.0786 -0.471 0.4029, 0.1184 -0.4675 0.4009, 0.1579 -0.46 0.3978, 0.1966 -0.4483 0.3937, 0.2339 -0.4322 0.389, 0.2692 -0.412 0.3839, 0.3019 -0.3878 0.3788, 0.3315 -0.3601 0.374, 0.3578 -0.3294 0.3699, 0.3806 -0.2962 0.3668, 0.3998 -0.2612 0.3648, 0.428 -0.1877 0.3648, 0.4375 -0.1502 0.3668, 0.4445 -0.1126 0.3699, 0.4492 -0.075 0.374, 0.4519 -0.0374 0.3788, 0.4528 0.0 0.3839, 0.4519 0.0374 0.389, 0.4492 0.075 0.3937, 0.4445 0.1126 0.3978, 0.4375 0.1502 0.4009, 0.428 0.1877 0.4029, 0.4155 0.2249 0.4035, 0.3998 0.2612 0.4029, 0.3806 0.2962 0.4009, 0.3578 0.3294 0.3978, 0.3315 0.3601 0.3937, 0.3019 0.3878 0.389, 0.2692 0.412 0.3839, 0.2339 0.4322 0.3788, 0.1966 0.4483 0.374, 0.1579 0.46 0.3699, 0.1184 0.4675 0.3668, 0.0786 0.471 0.3648, 0.0 0.4673 0.3648, -0.0382 0.461 0.3668, -0.0755 0.4523 0.3699, -0.1118 0.4415 0.374, -0.1472 0.4289 0.3788, -0.1819 0.4146 0.3839, -0.2158 0.3988 0.389, -0.2491 0.3812 0.3937, -0.2816 0.3618 0.3978, -0.3133 0.3403 0.4009, -0.3438 0.3165 0.4029, -0.3728 0.2902 0.4035, -0.3998 0.2612 0.4029, -0.4242 0.2295 0.4009, -0.4454 0.1954 0.3978, -0.463 0.1589 0.3937, -0.4764 0.1206 0.389, -0.4854 0.081 0.3839, -0.4898 0.0406 0.3788, -0.4895 0.0 0.374, -0.4847 -0.0402 0.3699, -0.4757 -0.0794 0.3668, -0.4629 -0.1172 0.3648, -0.428 -0.1877 0.3648, -0.4068 -0.2202 0.3668, -0.3839 -0.2508 0.3699, -0.3594 -0.2797 0.374, -0.3336 -0.3071 0.3788, -0.3066 -0.3331 0.3839, -0.2785 -0.3578 0.389, -0.2491 -0.3812 0.3937, -0.2182 -0.4033 0.3978, -0.1858 -0.4236 0.4009, -0.1517 -0.442 0.4029, -0.116 -0.458 0.4035, -0.0786 -0.471 0.4029, -0.0398 -0.4806 0.4009, 0.0 -0.4864 0.3978, 0.0404 -0.4878 0.3937, 0.0809 -0.4848 0.389, 0.1208 -0.4771 0.3839, 0.1596 -0.4648 0.3788, 0.1966 -0.4483 0.374, 0.2315 -0.4277 0.3699, -0.4519 0.0374 0.389, -0.4554 0.0 0.3937, -0.457 -0.0379 0.3978, -0.4563 -0.0761 0.4009, -0.453 -0.1147 0.4029, -0.4468 -0.1534 0.4035, -0.4373 -0.1918 0.4029, -0.4242 -0.2295 0.4009, -0.4072 -0.266 0.3978, -0.3863 -0.3006 0.3937, -0.3616 -0.3329 0.389, -0.3333 -0.3621 0.3839, -0.3019 -0.3878 0.3788, -0.2677 -0.4098 0.374, -0.2315 -0.4277 0.3699, -0.1937 -0.4417 0.3668, -0.1551 -0.4517 0.3648, -0.0769 -0.461 0.3648, -0.0382 -0.461 0.3668, 0.0 -0.4585 0.3699, 0.0376 -0.4538 0.374, 0.0746 -0.4472 0.3788, 0.1111 -0.4389 0.3839, 0.1472 -0.4289 0.389, 0.1829 -0.417 0.3937, 0.2182 -0.4033 0.3978, 0.253 -0.3873 0.4009, 0.287 -0.3688 0.4029, 0.32 -0.3476 0.4035, 0.3513 -0.3234 0.4029, 0.3806 -0.2962 0.4009, 0.4072 -0.266 0.3978, 0.4305 -0.233 0.3937, 0.4501 -0.1974 0.389, 0.4655 -0.1598 0.3839, 0.4764 -0.1206 0.3788, 0.4828 -0.0806 0.374, 0.4847 -0.0402 0.3699, 0.4823 0.0 0.3668, 0.4759 0.0394 0.3648, 0.453 0.1147 0.3648, 0.4375 0.1502 0.3668, 0.4199 0.1842 0.3699, 0.4005 0.2167 0.374, 0.3796 0.248 0.3788, 0.3573 0.2781 0.3839, 0.3336 0.3071 0.389, 0.3084 0.335 0.3937, 0.2816 0.3618 0.3978, 0.253 0.3873 0.4009, 0.2224 0.411 0.4029, 0.1898 0.4326 0.4035, 0.1551 0.4517 0.4029, 0.1184 0.4675 0.4009, 0.0801 0.4797 0.3978, 0.0404 0.4878 0.3937, 0.0 0.4915 0.389, -0.0406 0.4904 0.3839, -0.0809 0.4848 0.3788, -0.1202 0.4745 0.374, -0.1579 0.46 0.3699, -0.1937 0.4417 0.3668, -0.2273 0.42 0.3648, -0.287 0.3688 0.3648, -0.3133 0.3403 0.3668, -0.3373 0.3105 0.3699, -0.3594 0.2797 0.374, -0.3796 0.248 0.3788, -0.3982 0.2155 0.3839, -0.4152 0.1821 0.389, -0.4307 0.1479 0.3937, -0.4445 0.1126 0.3978, -0.4563 0.0761 0.4009, -0.4658 0.0386 0.4029, -0.4724 0.0 0.4035, -0.4759 -0.0394 0.4029, -0.4757 -0.0794 0.4009, -0.4715 -0.1194 0.3978, -0.463 -0.1589 0.3937, -0.4501 -0.1974 0.389, -0.4328 -0.2342 0.3839, -0.4114 -0.2688 0.3788, -0.3863 -0.3006 0.374, -0.3578 -0.3294 0.3699, -0.3266 -0.3548 0.3668, -0.2933 -0.3768 0.3648, -0.2224 -0.411 0.3648, -0.1858 -0.4236 0.3668, -0.1489 -0.4337 0.3699, -0.1118 -0.4415 0.374, -0.0746 -0.4472 0.3788, -0.0374 -0.4512 0.3839, 0.0 -0.4534 0.389, 0.0376 -0.4538 0.3937, 0.0755 -0.4523 0.3978, 0.1136 -0.4484 0.4009, 0.1517 -0.442 0.4029, 0.1898 -0.4326 0.4035, 0.2273 -0.42 0.4029, 0.2638 -0.4038 0.4009, 0.2987 -0.3838 0.3978, 0.3315 -0.3601 0.3937, 0.3616 -0.3329 0.389, 0.3884 -0.3023 0.3839, 0.4114 -0.2688 0.3788, 0.4305 -0.233 0.374, 0.4454 -0.1954 0.3699, 0.4562 -0.1566 0.3668, 0.4629 -0.1172 0.3648, 0.4658 -0.0386 0.3648, 0.4626 0.0 0.3668, 0.457 0.0379 0.3699, 0.4492 0.075 0.374, 0.4396 0.1113 0.3788, 0.4282 0.147 0.3839, 0.4152 0.1821 0.389, 0.4005 0.2167 0.3937, 0.3839 0.2508 0.3978, 0.3651 0.2841 0.4009, 0.3438 0.3165 0.4029, 0.32 0.3476 0.4035, 0.2933 0.3768 0.4029, -0.4389 -0.1111 0.3839, -0.4289 -0.1472 0.389, -0.417 -0.1829 0.3937, -0.4033 -0.2182 0.3978, -0.3873 -0.253 0.4009, -0.3688 -0.287 0.4029, -0.3476 -0.32 0.4035, -0.3234 -0.3513 0.4029, -0.2962 -0.3806 0.4009, -0.266 -0.4072 0.3978, -0.233 -0.4305 0.3937, -0.1974 -0.4501 0.389, -0.1598 -0.4655 0.3839, -0.1206 -0.4764 0.3788, -0.0806 -0.4828 0.374, -0.0402 -0.4847 0.3699, 0.0 -0.4823 0.3668, 0.0394 -0.4759 0.3648, 0.1147 -0.453 0.3648, 0.1502 -0.4375 0.3668, 0.1842 -0.4199 0.3699, 0.2167 -0.4005 0.374, 0.248 -0.3796 0.3788, 0.2781 -0.3573 0.3839, 0.3071 -0.3336 0.389, 0.335 -0.3084 0.3937, 0.3618 -0.2816 0.3978, 0.3873 -0.253 0.4009, 0.411 -0.2224 0.4029, 0.4326 -0.1898 0.4035, 0.4517 -0.1551 0.4029, 0.4675 -0.1184 0.4009, 0.4797 -0.0801 0.3978, 0.4878 -0.0404 0.3937, 0.4915 0.0 0.389, 0.4904 0.0406 0.3839, 0.4848 0.0809 0.3788, 0.4745 0.1202 0.374, 0.46 0.1579 0.3699, 0.4417 0.1937 0.3668, 0.42 0.2273 0.3648, 0.3688 0.287 0.3648, 0.3403 0.3133 0.3668, 0.3105 0.3373 0.3699, 0.2797 0.3594 0.374, 0.248 0.3796 0.3788, 0.2155 0.3982 0.3839, 0.1821 0.4152 0.389, 0.1479 0.4307 0.3937, 0.1126 0.4445 0.3978, 0.0761 0.4563 0.4009, 0.0386 0.4658 0.4029, 0.0 0.4724 0.4035, -0.0394 0.4759 0.4029, -0.0794 0.4757 0.4009, -0.1194 0.4715 0.3978, -0.1589 0.463 0.3937, -0.1974 0.4501 0.389, -0.2342 0.4328 0.3839, -0.2688 0.4114 0.3788, -0.3006 0.3863 0.374, -0.3294 0.3578 0.3699, -0.3548 0.3266 0.3668, -0.3768 0.2933 0.3648, -0.411 0.2224 0.3648, -0.4236 0.1858 0.3668, -0.4337 0.1489 0.3699, -0.4415 0.1118 0.374, -0.4472 0.0746 0.3788, -0.4512 0.0374 0.3839, 0.2962 -0.3806 0.3668, 0.3234 -0.3513 0.3648, 0.3688 -0.287 0.3648, 0.3873 -0.253 0.3668, 0.4033 -0.2182 0.3699, 0.417 -0.1829 0.374, 0.4289 -0.1472 0.3788, 0.4389 -0.1111 0.3839, 0.4472 -0.0746 0.389, 0.4538 -0.0376 0.3937, 0.4585 0.0 0.3978, 0.461 0.0382 0.4009, 0.461 0.0769 0.4029, 0.458 0.116 0.4035, 0.4517 0.1551 0.4029, 0.4417 0.1937 0.4009, 0.4277 0.2315 0.3978, 0.4098 0.2677 0.3937, 0.3878 0.3019 0.389, 0.3621 0.3333 0.3839, 0.3329 0.3616 0.3788, 0.3006 0.3863 0.374, 0.266 0.4072 0.3699, 0.2295 0.4242 0.3668, 0.1918 0.4373 0.3648, 0.1147 0.453 0.3648, 0.0761 0.4563 0.3668, 0.0379 0.457 0.3699, 0.0 0.4554 0.374, -0.0374 0.4519 0.3788, -0.0745 0.4466 0.3839, -0.1113 0.4396 0.389, -0.1479 0.4307 0.3937, -0.1842 0.4199 0.3978, -0.2202 0.4068 0.4009, -0.2556 0.3912 0.4029, -0.2902 0.3728 0.4035, -0.3234 0.3513 0.4029, -0.3548 0.3266 0.4009, -0.3838 0.2987 0.3978, -0.4098 0.2677 0.3937, -0.4322 0.2339 0.389, -0.4507 0.1977 0.3839, -0.4648 0.1596 0.3788, -0.4745 0.1202 0.374, -0.4797 0.0801 0.3699, -0.4806 0.0398 0.3668, -0.4775 0.0 0.3648, -0.461 -0.0769 0.3648, -0.4484 -0.1136 0.3668, -0.4337 -0.1489 0.3699, -0.417 -0.1829 0.374, -0.3988 -0.2158 0.3788, -0.379 -0.2476 0.3839, -0.3578 -0.2785 0.389, -0.335 -0.3084 0.3937, -0.3105 -0.3373 0.3978, -0.2841 -0.3651 0.4009, -0.2556 -0.3912 0.4029, -0.2249 -0.4155 0.4035, -0.1918 -0.4373 0.4029, -0.1566 -0.4562 0.4009, -0.1194 -0.4715 0.3978, -0.0806 -0.4828 0.3937, -0.0406 -0.4898 0.389, 0.0 -0.4921 0.3839, 0.0406 -0.4898 0.3788, 0.0806 -0.4828 0.374, 0.1194 -0.4715 0.3699, 0.1566 -0.4562 0.3668, 0.1918 -0.4373 0.3648, 0.2556 -0.3912 0.3648, 0.2841 -0.3651 0.3668, 0.3105 -0.3373 0.3699, 0.335 -0.3084 0.374, 0.3578 -0.2785 0.3788, 0.379 -0.2476 0.3839, 0.3988 -0.2158 0.389, 0.417 -0.1829 0.3937, 0.4337 -0.1489 0.3978, 0.4484 -0.1136 0.4009, 0.461 -0.0769 0.4029, 0.4708 -0.039 0.4035, 0.4775 0.0 0.4029, 0.4806 0.0398 0.4009, 0.4797 0.0801 0.3978, 0.4745 0.1202 0.3937, 0.4648 0.1596 0.389, 0.4507 0.1977 0.3839, 0.4322 0.2339 0.3788, 0.4098 0.2677 0.374, 0.3838 0.2987 0.3699, 0.3548 0.3266 0.3668, 0.3234 0.3513 0.3648, 0.2556 0.3912 0.3648, 0.2202 0.4068 0.3668, 0.1842 0.4199 0.3699, 0.1479 0.4307 0.374, 0.1113 0.4396 0.3788, 0.0745 0.4466 0.3839, 0.0374 0.4519 0.389, 0.0 0.4554 0.3937, -0.0379 0.457 0.3978, -0.0761 0.4563 0.4009, -0.1147 0.453 0.4029, -0.1534 0.4468 0.4035, -0.1918 0.4373 0.4029, -0.2295 0.4242 0.4009, -0.266 0.4072 0.3978, -0.3006 0.3863 0.3937, -0.3329 0.3616 0.389, -0.3621 0.3333 0.3839, -0.3878 0.3019 0.3788, -0.4098 0.2677 0.374, -0.4277 0.2315 0.3699, -0.4417 0.1937 0.3668, -0.4517 0.1551 0.3648, -0.461 0.0769 0.3648, -0.461 0.0382 0.3668, -0.4585 0.0 0.3699, -0.4538 -0.0376 0.374, -0.4472 -0.0746 0.3788, 0.2295 0.4242 0.4009, 0.1954 0.4454 0.3978, 0.1589 0.463 0.3937, 0.1206 0.4764 0.389, 0.081 0.4854 0.3839, 0.0406 0.4898 0.3788, 0.0 0.4895 0.374, -0.0402 0.4847 0.3699, -0.0794 0.4757 0.3668, -0.1172 0.4629 0.3648, -0.1877 0.428 0.3648, -0.2202 0.4068 0.3668, -0.2508 0.3839 0.3699, -0.2797 0.3594 0.374, -0.3071 0.3336 0.3788, -0.3331 0.3066 0.3839, -0.3578 0.2785 0.389, -0.3812 0.2491 0.3937, -0.4033 0.2182 0.3978, -0.4236 0.1858 0.4009, -0.442 0.1517 0.4029, -0.458 0.116 0.4035, -0.471 0.0786 0.4029, -0.4806 0.0398 0.4009, -0.4864 0.0 0.3978, -0.4878 -0.0404 0.3937, -0.4848 -0.0809 0.389, -0.4771 -0.1208 0.3839, -0.4648 -0.1596 0.3788, -0.4483 -0.1966 0.374, -0.4277 -0.2315 0.3699, -0.4038 -0.2638 0.3668, -0.3768 -0.2933 0.3648, -0.3165 -0.3438 0.3648, -0.2841 -0.3651 0.3668, -0.2508 -0.3839 0.3699, -0.2167 -0.4005 0.374, -0.1821 -0.4152 0.3788, -0.147 -0.4282 0.3839, -0.1113 -0.4396 0.389, -0.075 -0.4492 0.3937, -0.0379 -0.457 0.3978, 0.0 -0.4626 0.4009, 0.0386 -0.4658 0.4029, 0.0778 -0.466 0.4035, 0.1172 -0.4629 0.4029, 0.1566 -0.4562 0.4009, 0.1954 -0.4454 0.3978, 0.233 -0.4305 0.3937, 0.2688 -0.4114 0.389, 0.3023 -0.3884 0.3839, 0.3329 -0.3616 0.3788, 0.3601 -0.3315 0.374, 0.3838 -0.2987 0.3699, 0.4038 -0.2638 0.3668, 0.42 -0.2273 0.3648, 0.442 -0.1517 0.3648, 0.4484 -0.1136 0.3668, 0.4523 -0.0755 0.3699, 0.4538 -0.0376 0.374, 0.4534 0.0 0.3788, 0.4512 0.0374 0.3839, 0.4472 0.0746 0.389, 0.4415 0.1118 0.3937, 0.4337 0.1489 0.3978, 0.4236 0.1858 0.4009, 0.411 0.2224 0.4029, 0.3955 0.2584 0.4035, 0.3768 0.2933 0.4029, 0.3548 0.3266 0.4009, 0.3294 0.3578 0.3978, 0.3006 0.3863 0.3937, 0.2688 0.4114 0.389, 0.2342 0.4328 0.3839, 0.1974 0.4501 0.3788, 0.1589 0.463 0.374, 0.1194 0.4715 0.3699, 0.0794 0.4757 0.3668, 0.0394 0.4759 0.3648, -0.0386 0.4658 0.3648, -0.0761 0.4563 0.3668, -0.1126 0.4445 0.3699, -0.1479 0.4307 0.374, -0.1821 0.4152 0.3788, -0.2155 0.3982 0.3839, -0.248 0.3796 0.389, -0.2797 0.3594 0.3937, -0.3105 0.3373 0.3978, -0.3403 0.3133 0.4009, -0.3688 0.287 0.4029, -0.3955 0.2584 0.4035, -0.42 0.2273 0.4029, -0.4417 0.1937 0.4009, -0.46 0.1579 0.3978, -0.4745 0.1202 0.3937, -0.4848 0.0809 0.389, -0.4904 0.0406 0.3839, -0.4915 0.0 0.3788, -0.4878 -0.0404 0.374, -0.4797 -0.0801 0.3699, -0.4675 -0.1184 0.3668, -0.4517 -0.1551 0.3648, -0.411 -0.2224 0.3648, -0.3873 -0.253 0.3668, -0.3618 -0.2816 0.3699, -0.335 -0.3084 0.374, -0.3071 -0.3336 0.3788, -0.2781 -0.3573 0.3839, -0.248 -0.3796 0.389, -0.2167 -0.4005 0.3937, -0.1842 -0.4199 0.3978, -0.1502 -0.4375 0.4009, -0.1147 -0.453 0.4029, -0.0778 -0.466 0.4035, -0.0394 -0.4759 0.4029, 0.0 -0.4823 0.4009, 0.0402 -0.4847 0.3978, 0.0806 -0.4828 0.3937, 0.1206 -0.4764 0.389, 0.1598 -0.4655 0.3839, 0.1974 -0.4501 0.3788, 0.233 -0.4305 0.374, 0.266 -0.4072 0.3699, -0.4534 0.0 0.389, -0.4538 -0.0376 0.3937, -0.4523 -0.0755 0.3978, -0.4484 -0.1136 0.4009, -0.442 -0.1517 0.4029, -0.4326 -0.1898 0.4035, -0.42 -0.2273 0.4029, -0.4038 -0.2638 0.4009, -0.3838 -0.2987 0.3978, -0.3601 -0.3315 0.3937, -0.3329 -0.3616 0.389, -0.3023 -0.3884 0.3839, -0.2688 -0.4114 0.3788, -0.233 -0.4305 0.374, -0.1954 -0.4454 0.3699, -0.1566 -0.4562 0.3668, -0.1172 -0.4629 0.3648, -0.0386 -0.4658 0.3648, 0.0 -0.4626 0.3668, 0.0379 -0.457 0.3699, 0.075 -0.4492 0.374, 0.1113 -0.4396 0.3788, 0.147 -0.4282 0.3839, 0.1821 -0.4152 0.389, 0.2167 -0.4005 0.3937, 0.2508 -0.3839 0.3978, 0.2841 -0.3651 0.4009, 0.3165 -0.3438 0.4029, 0.3476 -0.32 0.4035, 0.3768 -0.2933 0.4029, 0.4038 -0.2638 0.4009, 0.4277 -0.2315 0.3978, 0.4483 -0.1966 0.3937, 0.4648 -0.1596 0.389, 0.4771 -0.1208 0.3839, 0.4848 -0.0809 0.3788, 0.4878 -0.0404 0.374, 0.4864 0.0 0.3699, 0.4806 0.0398 0.3668, 0.471 0.0786 0.3648, 0.442 0.1517 0.3648, 0.4236 0.1858 0.3668, 0.4033 0.2182 0.3699, 0.3812 0.2491 0.374, 0.3578 0.2785 0.3788, 0.3331 0.3066 0.3839, 0.3071 0.3336 0.389, 0.2797 0.3594 0.3937, 0.2508 0.3839 0.3978, 0.2202 0.4068 0.4009, 0.1877 0.428 0.4029, 0.1534 0.4468 0.4035, 0.1172 0.4629 0.4029, 0.0794 0.4757 0.4009, 0.0402 0.4847 0.3978, 0.0 0.4895 0.3937, -0.0406 0.4898 0.389, -0.081 0.4854 0.3839, -0.1206 0.4764 0.3788, -0.1589 0.463 0.374, -0.1954 0.4454 0.3699, -0.2295 0.4242 0.3668, -0.2612 0.3998 0.3648, -0.3165 0.3438 0.3648, -0.3403 0.3133 0.3668, -0.3618 0.2816 0.3699, -0.3812 0.2491 0.374, -0.3988 0.2158 0.3788, -0.4146 0.1819 0.3839, -0.4289 0.1472 0.389, -0.4415 0.1118 0.3937, -0.4523 0.0755 0.3978, -0.461 0.0382 0.4009, -0.4673 0.0 0.4029, -0.4708 -0.039 0.4035, -0.471 -0.0786 0.4029, -0.4675 -0.1184 0.4009, -0.46 -0.1579 0.3978, -0.4483 -0.1966 0.3937, -0.4322 -0.2339 0.389, -0.412 -0.2692 0.3839, -0.3878 -0.3019 0.3788, -0.3601 -0.3315 0.374, -0.3294 -0.3578 0.3699, -0.2962 -0.3806 0.3668, -0.2612 -0.3998 0.3648, -0.1877 -0.428 0.3648, -0.1502 -0.4375 0.3668, -0.1126 -0.4445 0.3699, -0.075 -0.4492 0.374, -0.0374 -0.4519 0.3788, 0.0 -0.4528 0.3839, 0.0374 -0.4519 0.389, 0.075 -0.4492 0.3937, 0.1126 -0.4445 0.3978, 0.1502 -0.4375 0.4009, 0.1877 -0.428 0.4029, 0.2249 -0.4155 0.4035, 0.2612 -0.3998 0.4029, 0.2962 -0.3806 0.4009, 0.3294 -0.3578 0.3978, 0.3601 -0.3315 0.3937, 0.3878 -0.3019 0.389, 0.412 -0.2692 0.3839, 0.4322 -0.2339 0.3788, 0.4483 -0.1966 0.374, 0.46 -0.1579 0.3699, 0.4675 -0.1184 0.3668, 0.471 -0.0786 0.3648, 0.4673 0.0 0.3648, 0.461 0.0382 0.3668, 0.4523 0.0755 0.3699, 0.4415 0.1118 0.374, 0.4289 0.1472 0.3788, 0.4146 0.1819 0.3839, 0.3988 0.2158 0.389, 0.3812 0.2491 0.3937, 0.3618 0.2816 0.3978, 0.3403 0.3133 0.4009, 0.3165 0.3438 0.4029, 0.2902 0.3728 0.4035, 0.2612 0.3998 0.4029
            ]
        }
        coordIndex [
            0,1,2,-1,2,1,3,-1,2,3,4,-1,4,3,5,-1,4,5,6,-1,6,5,7,-1,6,7,8,-1,8,7,9,-1,8,9,10,-1,10,9,11,-1,10,11,12,-1,12,11,13,-1,12,13,14,-1,14,13,15,-1,14,15,16,-1,16,15,17,-1,16,17,18,-1,18,17,19,-1,18,19,20,-1,20,19,21,-1,20,21,22,-1,22,21,23,-1,22,23,24,-1,24,23,25,-1,24,25,26,-1,26,25,27,-1,26,27,28,-1,28,27,29,-1,28,29,30,-1,30,29,31,-1,30,31,32,-1,32,31,33,-1,32,33,34,-1,34,33,35,-1,34,35,36,-1,36,35,37,-1,36,37,38,-1,38,37,39,-1,38,39,40,-1,40,39,41,-1,40,41,42,-1,42,41,43,-1,42,43,44,-1,44,43,45,-1,44,45,46,-1,46,45,47,-1,46,47,48,-1,48,47,49,-1,48,49,50,-1,50,49,51,-1,50,51,52,-1,52,51,53,-1,52,53,54,-1,54,53,55,-1,54,55,56,-1,56,55,57,-1,56,57,58,-1,58,57,59,-1,58,59,60,-1,60,59,61,-1,60,61,62,-1,62,61,63,-1,62,63,64,-1,64,63,65,-1,64,65,66,-1,66,65,67,-1,66,67,68,-1,68,67,69,-1,68,69,70,-1,70,69,71,-1,70,71,72,-1,72,71,73,-1,72,73,74,-1,74,73,75,-1,74,75,76,-1,76,75,77,-1,76,77,78,-1,78,77,79,-1,78,79,80,-1,80,79,81,-1,80,81,82,-1,82,81,83,-1,82,83,84,-1,84,83,85,-1,84,85,86,-1,86,85,87,-1,86,87,88,-1,88,87,89,-1,88,89,90,-1,90,89,91,-1,90,91,92,-1,92,91,93,-1,92,93,94,-1,94,93,95,-1,94,95,96,-1,96,95,97,-1,96,97,98,-1,98,97,99,-1,98,99,100,-1,100,99,101,-1,100,101,102,-1,102,101,103,-1,102,103,104,-1,104,103,105,-1,104,105,106,-1,106,105,107,-1,106,107,108,-1,108,107,109,-1,108,109,110,-1,110,109,111,-1,110,111,112,-1,112,111,113,-1,112,113,114,-1,114,113,115,-1,114,115,116,-1,116,115,117,-1,116,117,118,-1,118,117,119,-1,118,119,120,-1,120,119,121,-1,120,121,122,-1,122,121,123,-1,122,123,124,-1,124,123,125,-1,124,125,126,-1,126,125,127,-1,126,127,128,-1,128,127,129,-1,128,129,130,-1,130,129,131,-1,130,131,132,-1,132,131,133,-1,132,133,134,-1,134,133,135,-1,134,135,136,-1,136,135,137,-1,136,137,138,-1,138,137,139,-1,138,139,140,-1,140,139,141,-1,140,141,142,-1,142,141,143,-1,142,143,144,-1,144,143,145,-1,146,147,148,-1,148,147,149,-1,148,149,150,-1,150,149,151,-1,150,151,152,-1,152,151,153,-1,152,153,154,-1,154,153,155,-1,154,155,156,-1,156,155,157,-1,156,157,158,-1,158,157,159,-1,158,159,160,-1,160,159,161,-1,160,161,162,-1,162,161,163,-1,162,163,164,-1,164,163,165,-1,164,165,166,-1,166,165,167,-1,166,167,168,-1,168,167,169,-1,168,169,170,-1,170,169,171,-1,170,171,172,-1,172,171,173,-1,172,173,174,-1,174,173,175,-1,174,175,176,-1,176,175,177,-1,176,177,178,-1,178,177,179,-1,178,179,180,-1,180,179,181,-1,180,181,182,-1,182,181,183,-1,182,183,184,-1,184,183,185,-1,184,185,186,-1,186,185,187,-1,186,187,188,-1,188,187,189,-1,188,189,190,-1,190,189,191,-1,190,191,192,-1,192,191,193,-1,192,193,194,-1,194,193,195,-1,194,195,196,-1,196,195,197,-1,196,197,198,-1,198,197,199,-1,198,199,200,-1,200,199,201,-1,200,201,202,-1,202,201,203,-1,202,203,204,-1,204,203,205,-1,204,205,206,-1,206,205,207,-1,206,207,208,-1,208,207,209,-1,208,209,210,-1,210,209,211,-1,210,211,212,-1,212,211,213,-1,212,213,214,-1,214,213,215,-1,214,215,216,-1,216,215,217,-1,216,217,218,-1,218,217,219,-1,218,219,220,-1,220,219,221,-1,220,221,222,-1,222,221,223,-1,222,223,224,-1,224,223,225,-1,224,225,226,-1,226,225,227,-1,226,227,228,-1,228,227,229,-1,228,229,230,-1,230,229,231,-1,230,231,232,-1,232,231,233,-1,232,233,234,-1,234,233,235,-1,234,235,236,-1,236,235,237,-1,236,237,238,-1,238,237,239,-1,238,239,240,-1,240,239,241,-1,240,241,242,-1,242,241,243,-1,242,243,244,-1,244,243,245,-1,244,245,246,-1,246,245,247,-1,246,247,248,-1,248,247,249,-1,248,249,250,-1,250,249,251,-1,250,251,252,-1,252,251,253,-1,252,253,254,-1,254,253,255,-1,254,255,256,-1,256,255,257,-1,256,257,258,-1,258,257,259,-1,258,259,260,-1,260,259,261,-1,260,261,262,-1,262,261,263,-1,262,263,264,-1,264,263,265,-1,264,265,266,-1,266,265,267,-1,266,267,268,-1,268,267,269,-1,268,269,270,-1,270,269,271,-1,270,271,272,-1,272,271,273,-1,272,273,274,-1,274,273,275,-1,274,275,276,-1,276,275,277,-1,276,277,278,-1,278,277,279,-1,278,279,280,-1,280,279,281,-1,280,281,282,-1,282,281,283,-1,282,283,284,-1,284,283,285,-1,284,285,286,-1,286,285,287,-1,286,287,288,-1,288,287,289,-1,288,289,290,-1,290,289,291,-1,290,291,292,-1,292,291,293,-1,292,293,294,-1,294,293,295,-1,294,295,296,-1,296,295,297,-1,296,297,298,-1,298,297,299,-1,298,299,300,-1,300,299,301,-1,300,301,302,-1,302,301,303,-1,302,303,304,-1,304,303,305,-1,304,305,306,-1,306,305,307,-1,306,307,308,-1,308,307,309,-1,308,309,310,-1,310,309,311,-1,310,311,312,-1,312,311,313,-1,312,313,314,-1,314,313,315,-1,314,315,316,-1,316,315,317,-1,316,317,318,-1,318,317,319,-1,318,319,320,-1,320,319,321,-1,320,321,322,-1,322,321,323,-1,322,323,324,-1,324,323,325,-1,324,325,326,-1,326,325,327,-1,326,327,328,-1,328,327,329,-1,328,329,330,-1,330,329,331,-1,330,331,332,-1,332,331,333,-1,332,333,334,-1,334,333,335,-1,334,335,336,-1,336,335,337,-1,336,337,338,-1,338,337,339,-1,338,339,340,-1,340,339,341,-1,340,341,342,-1,342,341,343,-1,342,343,344,-1,344,343,345,-1,344,345,346,-1,346,345,347,-1,346,347,348,-1,348,347,349,-1,348,349,350,-1,350,349,351,-1,350,351,352,-1,352,351,353,-1,352,353,354,-1,354,353,355,-1,354,355,356,-1,356,355,357,-1,356,357,358,-1,358,357,359,-1,358,359,360,-1,360,359,361,-1,360,361,362,-1,362,361,363,-1,362,363,364,-1,364,363,365,-1,364,365,366,-1,366,365,367,-1,366,367,368,-1,368,367,369,-1,368,369,370,-1,370,369,371,-1,370,371,372,-1,372,371,373,-1,372,373,374,-1,374,373,375,-1,374,375,376,-1,376,375,377,-1,376,377,378,-1,378,377,379,-1,378,379,380,-1,380,379,381,-1,380,381,382,-1,382,381,383,-1,382,383,384,-1,384,383,385,-1,384,385,386,-1,386,385,387,-1,386,387,388,-1,388,387,389,-1,388,389,390,-1,390,389,391,-1,390,391,392,-1,392,391,393,-1,392,393,394,-1,394,393,395,-1,394,395,396,-1,396,395,397,-1,396,397,398,-1,398,397,399,-1,398,399,400,-1,400,399,401,-1,400,401,0,-1,0,401,1,-1,402,403,404,-1,404,403,405,-1,404,405,406,-1,406,405,407,-1,406,407,408,-1,408,407,409,-1,408,409,410,-1,410,409,411,-1,410,411,412,-1,412,411,413,-1,412,413,414,-1,414,413,415,-1,414,415,416,-1,416,415,417,-1,416,417,418,-1,418,417,419,-1,418,419,420,-1,420,419,421,-1,420,421,422,-1,422,421,423,-1,422,423,424,-1,424,423,425,-1,424,425,426,-1,426,425,427,-1,426,427,428,-1,428,427,429,-1,428,429,430,-1,430,429,431,-1,430,431,432,-1,432,431,433,-1,432,433,434,-1,434,433,435,-1,434,435,436,-1,436,435,437,-1,436,437,438,-1,438,437,439,-1,438,439,440,-1,440,439,441,-1,440,441,442,-1,442,441,443,-1,442,443,444,-1,444,443,445,-1,444,445,446,-1,446,445,447,-1,446,447,448,-1,448,447,449,-1,448,449,450,-1,450,449,451,-1,450,451,452,-1,452,451,453,-1,452,453,454,-1,454,453,455,-1,454,455,456,-1,456,455,457,-1,456,457,458,-1,458,457,459,-1,458,459,460,-1,460,459,461,-1,460,461,462,-1,462,461,463,-1,462,463,464,-1,464,463,465,-1,464,465,466,-1,466,465,467,-1,466,467,468,-1,468,467,469,-1,468,469,470,-1,470,469,471,-1,470,471,472,-1,472,471,473,-1,472,473,474,-1,474,473,475,-1,474,475,476,-1,476,475,477,-1,476,477,478,-1,478,477,479,-1,478,479,480,-1,480,479,481,-1,480,481,482,-1,482,481,483,-1,482,483,484,-1,484,483,485,-1,484,485,486,-1,486,485,487,-1,486,487,488,-1,488,487,489,-1,488,489,490,-1,490,489,491,-1,490,491,492,-1,492,491,493,-1,492,493,494,-1,494,493,495,-1,494,495,496,-1,496,495,497,-1,496,497,498,-1,498,497,499,-1,498,499,500,-1,500,499,501,-1,500,501,502,-1,502,501,503,-1,502,503,504,-1,504,503,505,-1,504,505,506,-1,506,505,507,-1,506,507,508,-1,508,507,509,-1,508,509,510,-1,510,509,511,-1,510,511,512,-1,512,511,513,-1,512,513,514,-1,514,513,515,-1,514,515,516,-1,516,515,517,-1,516,517,518,-1,518,517,519,-1,518,519,520,-1,520,519,521,-1,520,521,522,-1,522,521,523,-1,522,523,524,-1,524,523,525,-1,524,525,526,-1,526,525,527,-1,526,527,528,-1,528,527,529,-1,528,529,530,-1,530,529,531,-1,530,531,532,-1,532,531,533,-1,532,533,534,-1,534,533,535,-1,534,535,536,-1,536,535,537,-1,536,537,538,-1,538,537,539,-1,538,539,540,-1,540,539,541,-1,540,541,542,-1,542,541,543,-1,542,543,544,-1,544,543,545,-1,544,545,546,-1,546,545,547,-1,546,547,548,-1,548,547,549,-1,548,549,550,-1,550,549,551,-1,550,551,552,-1,552,551,553,-1,552,553,554,-1,554,553,555,-1,554,555,556,-1,556,555,557,-1,556,557,558,-1,558,557,559,-1,558,559,560,-1,560,559,561,-1,560,561,562,-1,562,561,563,-1,562,563,564,-1,564,563,565,-1,564,565,566,-1,566,565,567,-1,566,567,568,-1,568,567,569,-1,568,569,570,-1,570,569,571,-1,570,571,572,-1,572,571,573,-1,572,573,574,-1,574,573,575,-1,574,575,576,-1,576,575,577,-1,576,577,578,-1,578,577,579,-1,578,579,580,-1,580,579,581,-1,580,581,582,-1,582,581,583,-1,582,583,584,-1,584,583,585,-1,584,585,586,-1,586,585,587,-1,586,587,588,-1,588,587,589,-1,588,589,590,-1,590,589,591,-1,590,591,592,-1,592,591,593,-1,592,593,594,-1,594,593,595,-1,594,595,596,-1,596,595,597,-1,596,597,598,-1,598,597,599,-1,598,599,600,-1,600,599,601,-1,600,601,602,-1,602,601,603,-1,602,603,604,-1,604,603,605,-1,604,605,606,-1,606,605,607,-1,606,607,608,-1,608,607,609,-1,608,609,610,-1,610,609,611,-1,610,611,612,-1,612,611,613,-1,612,613,614,-1,614,613,615,-1,614,615,616,-1,616,615,617,-1,616,617,618,-1,618,617,619,-1,618,619,620,-1,620,619,621,-1,620,621,622,-1,622,621,623,-1,622,623,624,-1,624,623,625,-1,624,625,626,-1,626,625,627,-1,626,627,628,-1,628,627,629,-1,628,629,630,-1,630,629,631,-1,630,631,632,-1,632,631,633,-1,632,633,634,-1,634,633,635,-1,634,635,636,-1,636,635,637,-1,636,637,638,-1,638,637,639,-1,638,639,640,-1,640,639,641,-1,640,641,642,-1,642,641,643,-1,642,643,644,-1,644,643,645,-1,644,645,646,-1,646,645,647,-1,646,647,648,-1,648,647,649,-1,648,649,650,-1,650,649,651,-1,650,651,652,-1,652,651,653,-1,652,653,654,-1,654,653,655,-1,654,655,656,-1,656,655,657,-1,656,657,146,-1,146,657,147,-1,144,145,658,-1,658,145,659,-1,658,659,660,-1,660,659,661,-1,660,661,662,-1,662,661,663,-1,662,663,664,-1,664,663,665,-1,664,665,666,-1,666,665,667,-1,666,667,668,-1,668,667,669,-1,668,669,670,-1,670,669,671,-1,670,671,672,-1,672,671,673,-1,672,673,674,-1,674,673,675,-1,674,675,676,-1,676,675,677,-1,676,677,678,-1,678,677,679,-1,678,679,680,-1,680,679,681,-1,680,681,682,-1,682,681,683,-1,682,683,684,-1,684,683,685,-1,684,685,686,-1,686,685,687,-1,686,687,688,-1,688,687,689,-1,688,689,690,-1,690,689,691,-1,690,691,692,-1,692,691,693,-1,692,693,694,-1,694,693,695,-1,694,695,696,-1,696,695,697,-1,696,697,698,-1,698,697,699,-1,698,699,700,-1,700,699,701,-1,700,701,702,-1,702,701,703,-1,702,703,704,-1,704,703,705,-1,704,705,706,-1,706,705,707,-1,706,707,708,-1,708,707,709,-1,708,709,710,-1,710,709,711,-1,710,711,712,-1,712,711,713,-1,712,713,714,-1,714,713,715,-1,714,715,716,-1,716,715,717,-1,716,717,718,-1,718,717,719,-1,718,719,720,-1,720,719,721,-1,720,721,722,-1,722,721,723,-1,722,723,724,-1,724,723,725,-1,724,725,726,-1,726,725,727,-1,726,727,728,-1,728,727,729,-1,728,729,730,-1,730,729,731,-1,730,731,732,-1,732,731,733,-1,732,733,734,-1,734,733,735,-1,734,735,736,-1,736,735,737,-1,736,737,738,-1,738,737,739,-1,738,739,740,-1,740,739,741,-1,740,741,742,-1,742,741,743,-1,742,743,744,-1,744,743,745,-1,744,745,746,-1,746,745,747,-1,746,747,748,-1,748,747,749,-1,748,749,750,-1,750,749,751,-1,750,751,752,-1,752,751,753,-1,752,753,754,-1,754,753,755,-1,754,755,756,-1,756,755,757,-1,756,757,758,-1,758,757,759,-1,758,759,760,-1,760,759,761,-1,760,761,762,-1,762,761,763,-1,762,763,764,-1,764,763,765,-1,764,765,766,-1,766,765,767,-1,766,767,768,-1,768,767,769,-1,768,769,770,-1,770,769,771,-1,770,771,772,-1,772,771,773,-1,772,773,774,-1,774,773,775,-1,774,775,776,-1,776,775,777,-1,776,777,778,-1,778,777,779,-1,778,779,780,-1,780,779,781,-1,780,781,782,-1,782,781,783,-1,782,783,784,-1,784,783,785,-1,784,785,786,-1,786,785,787,-1,786,787,788,-1,788,787,789,-1,788,789,790,-1,790,789,791,-1,790,791,792,-1,792,791,793,-1,792,793,794,-1,794,793,795,-1,794,795,796,-1,796,795,797,-1,796,797,798,-1,798,797,799,-1,798,799,800,-1,800,799,801,-1,800,801,802,-1,802,801,803,-1,802,803,804,-1,804,803,805,-1,804,805,806,-1,806,805,807,-1,806,807,808,-1,808,807,809,-1,808,809,810,-1,810,809,811,-1,810,811,812,-1,812,811,813,-1,812,813,814,-1,814,813,815,-1,814,815,816,-1,816,815,817,-1,816,817,818,-1,818,817,819,-1,818,819,820,-1,820,819,821,-1,820,821,822,-1,822,821,823,-1,822,823,824,-1,824,823,825,-1,824,825,826,-1,826,825,827,-1,826,827,828,-1,828,827,829,-1,828,829,830,-1,830,829,831,-1,830,831,832,-1,832,831,833,-1,832,833,834,-1,834,833,835,-1,834,835,836,-1,836,835,837,-1,836,837,838,-1,838,837,839,-1,838,839,840,-1,840,839,841,-1,840,841,842,-1,842,841,843,-1,842,843,844,-1,844,843,845,-1,844,845,846,-1,846,845,847,-1,846,847,848,-1,848,847,849,-1,848,849,850,-1,850,849,851,-1,850,851,852,-1,852,851,853,-1,852,853,854,-1,854,853,855,-1,854,855,856,-1,856,855,857,-1,856,857,858,-1,858,857,859,-1,858,859,860,-1,860,859,861,-1,860,861,862,-1,862,861,863,-1,862,863,864,-1,864,863,865,-1,864,865,866,-1,866,865,867,-1,866,867,868,-1,868,867,869,-1,868,869,870,-1,870,869,871,-1,870,871,872,-1,872,871,873,-1,872,873,874,-1,874,873,875,-1,874,875,876,-1,876,875,877,-1,876,877,878,-1,878,877,879,-1,878,879,880,-1,880,879,881,-1,880,881,882,-1,882,881,883,-1,882,883,884,-1,884,883,885,-1,884,885,886,-1,886,885,887,-1,886,887,888,-1,888,887,889,-1,888,889,890,-1,890,889,891,-1,890,891,892,-1,892,891,893,-1,892,893,894,-1,894,893,895,-1,894,895,896,-1,896,895,897,-1,896,897,898,-1,898,897,899,-1,898,899,900,-1,900,899,901,-1,900,901,902,-1,902,901,903,-1,902,903,904,-1,904,903,905,-1,904,905,906,-1,906,905,907,-1,906,907,908,-1,908,907,909,-1,908,909,910,-1,910,909,911,-1,910,911,402,-1,402,911,403,-1,912,2,913,-1,913,2,4,-1,913,4,914,-1,914,4,6,-1,914,6,915,-1,915,6,8,-1,915,8,916,-1,916,8,10,-1,916,10,917,-1,917,10,12,-1,917,12,918,-1,918,12,14,-1,918,14,919,-1,919,14,16,-1,919,16,920,-1,920,16,18,-1,920,18,921,-1,921,18,20,-1,921,20,922,-1,922,20,22,-1,922,22,923,-1,923,22,24,-1,923,24,924,-1,924,24,26,-1,924,26,925,-1,925,26,28,-1,925,28,926,-1,926,28,30,-1,926,30,927,-1,927,30,32,-1,927,32,928,-1,928,32,34,-1,928,34,929,-1,929,34,36,-1,929,36,930,-1,930,36,38,-1,930,38,931,-1,931,38,40,-1,931,40,932,-1,932,40,42,-1,932,42,933,-1,933,42,44,-1,933,44,934,-1,934,44,46,-1,934,46,935,-1,935,46,48,-1,935,48,936,-1,936,48,50,-1,936,50,937,-1,937,50,52,-1,937,52,938,-1,938,52,54,-1,938,54,939,-1,939,54,56,-1,939,56,940,-1,940,56,58,-1,940,58,941,-1,941,58,60,-1,941,60,942,-1,942,60,62,-1,942,62,943,-1,943,62,64,-1,943,64,944,-1,944,64,66,-1,944,66,945,-1,945,66,68,-1,945,68,946,-1,946,68,70,-1,946,70,947,-1,947,70,72,-1,947,72,948,-1,948,72,74,-1,948,74,949,-1,949,74,76,-1,949,76,950,-1,950,76,78,-1,950,78,951,-1,951,78,80,-1,951,80,952,-1,952,80,82,-1,952,82,953,-1,953,82,84,-1,953,84,954,-1,954,84,86,-1,954,86,955,-1,955,86,88,-1,955,88,956,-1,956,88,90,-1,956,90,957,-1,957,90,92,-1,957,92,958,-1,958,92,94,-1,958,94,959,-1,959,94,96,-1,959,96,960,-1,960,96,98,-1,960,98,961,-1,961,98,100,-1,961,100,962,-1,962,100,102,-1,962,102,963,-1,963,102,104,-1,963,104,964,-1,964,104,106,-1,964,106,965,-1,965,106,108,-1,965,108,966,-1,966,108,110,-1,966,110,967,-1,967,110,112,-1,967,112,968,-1,968,112,114,-1,968,114,969,-1,969,114,116,-1,969,116,970,-1,970,116,118,-1,970,118,971,-1,971,118,120,-1,971,120,972,-1,972,120,122,-1,972,122,973,-1,973,122,124,-1,973,124,974,-1,974,124,126,-1,974,126,975,-1,975,126,128,-1,975,128,976,-1,976,128,130,-1,976,130,977,-1,977,130,132,-1,977,132,978,-1,978,132,134,-1,978,134,979,-1,979,134,136,-1,979,136,980,-1,980,136,138,-1,980,138,981,-1,981,138,140,-1,981,140,982,-1,982,140,142,-1,982,142,983,-1,983,142,144,-1,983,144,984,-1,984,144,658,-1,985,148,986,-1,986,148,150,-1,986,150,987,-1,987,150,152,-1,987,152,988,-1,988,152,154,-1,988,154,989,-1,989,154,156,-1,989,156,990,-1,990,156,158,-1,990,158,991,-1,991,158,160,-1,991,160,992,-1,992,160,162,-1,992,162,993,-1,993,162,164,-1,993,164,994,-1,994,164,166,-1,994,166,995,-1,995,166,168,-1,995,168,996,-1,996,168,170,-1,996,170,997,-1,997,170,172,-1,997,172,998,-1,998,172,174,-1,998,174,999,-1,999,174,176,-1,999,176,1000,-1,1000,176,178,-1,1000,178,1001,-1,1001,178,180,-1,1001,180,1002,-1,1002,180,182,-1,1002,182,1003,-1,1003,182,184,-1,1003,184,1004,-1,1004,184,186,-1,1004,186,1005,-1,1005,186,188,-1,1005,188,1006,-1,1006,188,190,-1,1006,190,1007,-1,1007,190,192,-1,1007,192,1008,-1,1008,192,194,-1,1008,194,1009,-1,1009,194,196,-1,1009,196,1010,-1,1010,196,198,-1,1010,198,1011,-1,1011,198,200,-1,1011,200,1012,-1,1012,200,202,-1,1012,202,1013,-1,1013,202,204,-1,1013,204,1014,-1,1014,204,206,-1,1014,206,1015,-1,1015,206,208,-1,1015,208,1016,-1,1016,208,210,-1,1016,210,1017,-1,1017,210,212,-1,1017,212,1018,-1,1018,212,214,-1,1018,214,1019,-1,1019,214,216,-1,1019,216,1020,-1,1020,216,218,-1,1020,218,1021,-1,1021,218,220,-1,1021,220,1022,-1,1022,220,222,-1,1022,222,1023,-1,1023,222,224,-1,1023,224,1024,-1,1024,224,226,-1,1024,226,1025,-1,1025,226,228,-1,1025,228,1026,-1,1026,228,230,-1,1026,230,1027,-1,1027,230,232,-1,1027,232,1028,-1,1028,232,234,-1,1028,234,1029,-1,1029,234,236,-1,1029,236,1030,-1,1030,236,238,-1,1030,238,1031,-1,1031,238,240,-1,1031,240,1032,-1,1032,240,242,-1,1032,242,1033,-1,1033,242,244,-1,1033,244,1034,-1,1034,244,246,-1,1034,246,1035,-1,1035,246,248,-1,1035,248,1036,-1,1036,248,250,-1,1036,250,1037,-1,1037,250,252,-1,1037,252,1038,-1,1038,252,254,-1,1038,254,1039,-1,1039,254,256,-1,1039,256,1040,-1,1040,256,258,-1,1040,258,1041,-1,1041,258,260,-1,1041,260,1042,-1,1042,260,262,-1,1042,262,1043,-1,1043,262,264,-1,1043,264,1044,-1,1044,264,266,-1,1044,266,1045,-1,1045,266,268,-1,1045,268,1046,-1,1046,268,270,-1,1046,270,1047,-1,1047,270,272,-1,1047,272,1048,-1,1048,272,274,-1,1048,274,1049,-1,1049,274,276,-1,1049,276,1050,-1,1050,276,278,-1,1050,278,1051,-1,1051,278,280,-1,1051,280,1052,-1,1052,280,282,-1,1052,282,1053,-1,1053,282,284,-1,1053,284,1054,-1,1054,284,286,-1,1054,286,1055,-1,1055,286,288,-1,1055,288,1056,-1,1056,288,290,-1,1056,290,1057,-1,1057,290,292,-1,1057,292,1058,-1,1058,292,294,-1,1058,294,1059,-1,1059,294,296,-1,1059,296,1060,-1,1060,296,298,-1,1060,298,1061,-1,1061,298,300,-1,1061,300,1062,-1,1062,300,302,-1,1062,302,1063,-1,1063,302,304,-1,1063,304,1064,-1,1064,304,306,-1,1064,306,1065,-1,1065,306,308,-1,1065,308,1066,-1,1066,308,310,-1,1066,310,1067,-1,1067,310,312,-1,1067,312,1068,-1,1068,312,314,-1,1068,314,1069,-1,1069,314,316,-1,1069,316,1070,-1,1070,316,318,-1,1070,318,1071,-1,1071,318,320,-1,1071,320,1072,-1,1072,320,322,-1,1072,322,1073,-1,1073,322,324,-1,1073,324,1074,-1,1074,324,326,-1,1074,326,1075,-1,1075,326,328,-1,1075,328,1076,-1,1076,328,330,-1,1076,330,1077,-1,1077,330,332,-1,1077,332,1078,-1,1078,332,334,-1,1078,334,1079,-1,1079,334,336,-1,1079,336,1080,-1,1080,336,338,-1,1080,338,1081,-1,1081,338,340,-1,1081,340,1082,-1,1082,340,342,-1,1082,342,1083,-1,1083,342,344,-1,1083,344,1084,-1,1084,344,346,-1,1084,346,1085,-1,1085,346,348,-1,1085,348,1086,-1,1086,348,350,-1,1086,350,1087,-1,1087,350,352,-1,1087,352,1088,-1,1088,352,354,-1,1088,354,1089,-1,1089,354,356,-1,1089,356,1090,-1,1090,356,358,-1,1090,358,1091,-1,1091,358,360,-1,1091,360,1092,-1,1092,360,362,-1,1092,362,1093,-1,1093,362,364,-1,1093,364,1094,-1,1094,364,366,-1,1094,366,1095,-1,1095,366,368,-1,1095,368,1096,-1,1096,368,370,-1,1096,370,1097,-1,1097,370,372,-1,1097,372,1098,-1,1098,372,374,-1,1098,374,1099,-1,1099,374,376,-1,1099,376,1100,-1,1100,376,378,-1,1100,378,1101,-1,1101,378,380,-1,1101,380,1102,-1,1102,380,382,-1,1102,382,1103,-1,1103,382,384,-1,1103,384,1104,-1,1104,384,386,-1,1104,386,1105,-1,1105,386,388,-1,1105,388,1106,-1,1106,388,390,-1,1106,390,1107,-1,1107,390,392,-1,1107,392,1108,-1,1108,392,394,-1,1108,394,1109,-1,1109,394,396,-1,1109,396,1110,-1,1110,396,398,-1,1110,398,1111,-1,1111,398,400,-1,1111,400,1112,-1,1112,400,0,-1,1112,0,912,-1,912,0,2,-1,1113,404,1114,-1,1114,404,406,-1,1114,406,1115,-1,1115,406,408,-1,1115,408,1116,-1,1116,408,410,-1,1116,410,1117,-1,1117,410,412,-1,1117,412,1118,-1,1118,412,414,-1,1118,414,1119,-1,1119,414,416,-1,1119,416,1120,-1,1120,416,418,-1,1120,418,1121,-1,1121,418,420,-1,1121,420,1122,-1,1122,420,422,-1,1122,422,1123,-1,1123,422,424,-1,1123,424,1124,-1,1124,424,426,-1,1124,426,1125,-1,1125,426,428,-1,1125,428,1126,-1,1126,428,430,-1,1126,430,1127,-1,1127,430,432,-1,1127,432,1128,-1,1128,432,434,-1,1128,434,1129,-1,1129,434,436,-1,1129,436,1130,-1,1130,436,438,-1,1130,438,1131,-1,1131,438,440,-1,1131,440,1132,-1,1132,440,442,-1,1132,442,1133,-1,1133,442,444,-1,1133,444,1134,-1,1134,444,446,-1,1134,446,1135,-1,1135,446,448,-1,1135,448,1136,-1,1136,448,450,-1,1136,450,1137,-1,1137,450,452,-1,1137,452,1138,-1,1138,452,454,-1,1138,454,1139,-1,1139,454,456,-1,1139,456,1140,-1,1140,456,458,-1,1140,458,1141,-1,1141,458,460,-1,1141,460,1142,-1,1142,460,462,-1,1142,462,1143,-1,1143,462,464,-1,1143,464,1144,-1,1144,464,466,-1,1144,466,1145,-1,1145,466,468,-1,1145,468,1146,-1,1146,468,470,-1,1146,470,1147,-1,1147,470,472,-1,1147,472,1148,-1,1148,472,474,-1,1148,474,1149,-1,1149,474,476,-1,1149,476,1150,-1,1150,476,478,-1,1150,478,1151,-1,1151,478,480,-1,1151,480,1152,-1,1152,480,482,-1,1152,482,1153,-1,1153,482,484,-1,1153,484,1154,-1,1154,484,486,-1,1154,486,1155,-1,1155,486,488,-1,1155,488,1156,-1,1156,488,490,-1,1156,490,1157,-1,1157,490,492,-1,1157,492,1158,-1,1158,492,494,-1,1158,494,1159,-1,1159,494,496,-1,1159,496,1160,-1,1160,496,498,-1,1160,498,1161,-1,1161,498,500,-1,1161,500,1162,-1,1162,500,502,-1,1162,502,1163,-1,1163,502,504,-1,1163,504,1164,-1,1164,504,506,-1,1164,506,1165,-1,1165,506,508,-1,1165,508,1166,-1,1166,508,510,-1,1166,510,1167,-1,1167,510,512,-1,1167,512,1168,-1,1168,512,514,-1,1168,514,1169,-1,1169,514,516,-1,1169,516,1170,-1,1170,516,518,-1,1170,518,1171,-1,1171,518,520,-1,1171,520,1172,-1,1172,520,522,-1,1172,522,1173,-1,1173,522,524,-1,1173,524,1174,-1,1174,524,526,-1,1174,526,1175,-1,1175,526,528,-1,1175,528,1176,-1,1176,528,530,-1,1176,530,1177,-1,1177,530,532,-1,1177,532,1178,-1,1178,532,534,-1,1178,534,1179,-1,1179,534,536,-1,1179,536,1180,-1,1180,536,538,-1,1180,538,1181,-1,1181,538,540,-1,1181,540,1182,-1,1182,540,542,-1,1182,542,1183,-1,1183,542,544,-1,1183,544,1184,-1,1184,544,546,-1,1184,546,1185,-1,1185,546,548,-1,1185,548,1186,-1,1186,548,550,-1,1186,550,1187,-1,1187,550,552,-1,1187,552,1188,-1,1188,552,554,-1,1188,554,1189,-1,1189,554,556,-1,1189,556,1190,-1,1190,556,558,-1,1190,558,1191,-1,1191,558,560,-1,1191,560,1192,-1,1192,560,562,-1,1192,562,1193,-1,1193,562,564,-1,1193,564,1194,-1,1194,564,566,-1,1194,566,1195,-1,1195,566,568,-1,1195,568,1196,-1,1196,568,570,-1,1196,570,1197,-1,1197,570,572,-1,1197,572,1198,-1,1198,572,574,-1,1198,574,1199,-1,1199,574,576,-1,1199,576,1200,-1,1200,576,578,-1,1200,578,1201,-1,1201,578,580,-1,1201,580,1202,-1,1202,580,582,-1,1202,582,1203,-1,1203,582,584,-1,1203,584,1204,-1,1204,584,586,-1,1204,586,1205,-1,1205,586,588,-1,1205,588,1206,-1,1206,588,590,-1,1206,590,1207,-1,1207,590,592,-1,1207,592,1208,-1,1208,592,594,-1,1208,594,1209,-1,1209,594,596,-1,1209,596,1210,-1,1210,596,598,-1,1210,598,1211,-1,1211,598,600,-1,1211,600,1212,-1,1212,600,602,-1,1212,602,1213,-1,1213,602,604,-1,1213,604,1214,-1,1214,604,606,-1,1214,606,1215,-1,1215,606,608,-1,1215,608,1216,-1,1216,608,610,-1,1216,610,1217,-1,1217,610,612,-1,1217,612,1218,-1,1218,612,614,-1,1218,614,1219,-1,1219,614,616,-1,1219,616,1220,-1,1220,616,618,-1,1220,618,1221,-1,1221,618,620,-1,1221,620,1222,-1,1222,620,622,-1,1222,622,1223,-1,1223,622,624,-1,1223,624,1224,-1,1224,624,626,-1,1224,626,1225,-1,1225,626,628,-1,1225,628,1226,-1,1226,628,630,-1,1226,630,1227,-1,1227,630,632,-1,1227,632,1228,-1,1228,632,634,-1,1228,634,1229,-1,1229,634,636,-1,1229,636,1230,-1,1230,636,638,-1,1230,638,1231,-1,1231,638,640,-1,1231,640,1232,-1,1232,640,642,-1,1232,642,1233,-1,1233,642,644,-1,1233,644,1234,-1,1234,644,646,-1,1234,646,1235,-1,1235,646,648,-1,1235,648,1236,-1,1236,648,650,-1,1236,650,1237,-1,1237,650,652,-1,1237,652,1238,-1,1238,652,654,-1,1238,654,1239,-1,1239,654,656,-1,1239,656,1240,-1,1240,656,146,-1,1240,146,985,-1,985,146,148,-1,984,658,1241,-1,1241,658,660,-1,1241,660,1242,-1,1242,660,662,-1,1242,662,1243,-1,1243,662,664,-1,1243,664,1244,-1,1244,664,666,-1,1244,666,1245,-1,1245,666,668,-1,1245,668,1246,-1,1246,668,670,-1,1246,670,1247,-1,1247,670,672,-1,1247,672,1248,-1,1248,672,674,-1,1248,674,1249,-1,1249,674,676,-1,1249,676,1250,-1,1250,676,678,-1,1250,678,1251,-1,1251,678,680,-1,1251,680,1252,-1,1252,680,682,-1,1252,682,1253,-1,1253,682,684,-1,1253,684,1254,-1,1254,684,686,-1,1254,686,1255,-1,1255,686,688,-1,1255,688,1256,-1,1256,688,690,-1,1256,690,1257,-1,1257,690,692,-1,1257,692,1258,-1,1258,692,694,-1,1258,694,1259,-1,1259,694,696,-1,1259,696,1260,-1,1260,696,698,-1,1260,698,1261,-1,1261,698,700,-1,1261,700,1262,-1,1262,700,702,-1,1262,702,1263,-1,1263,702,704,-1,1263,704,1264,-1,1264,704,706,-1,1264,706,1265,-1,1265,706,708,-1,1265,708,1266,-1,1266,708,710,-1,1266,710,1267,-1,1267,710,712,-1,1267,712,1268,-1,1268,712,714,-1,1268,714,1269,-1,1269,714,716,-1,1269,716,1270,-1,1270,716,718,-1,1270,718,1271,-1,1271,718,720,-1,1271,720,1272,-1,1272,720,722,-1,1272,722,1273,-1,1273,722,724,-1,1273,724,1274,-1,1274,724,726,-1,1274,726,1275,-1,1275,726,728,-1,1275,728,1276,-1,1276,728,730,-1,1276,730,1277,-1,1277,730,732,-1,1277,732,1278,-1,1278,732,734,-1,1278,734,1279,-1,1279,734,736,-1,1279,736,1280,-1,1280,736,738,-1,1280,738,1281,-1,1281,738,740,-1,1281,740,1282,-1,1282,740,742,-1,1282,742,1283,-1,1283,742,744,-1,1283,744,1284,-1,1284,744,746,-1,1284,746,1285,-1,1285,746,748,-1,1285,748,1286,-1,1286,748,750,-1,1286,750,1287,-1,1287,750,752,-1,1287,752,1288,-1,1288,752,754,-1,1288,754,1289,-1,1289,754,756,-1,1289,756,1290,-1,1290,756,758,-1,1290,758,1291,-1,1291,758,760,-1,1291,760,1292,-1,1292,760,762,-1,1292,762,1293,-1,1293,762,764,-1,1293,764,1294,-1,1294,764,766,-1,1294,766,1295,-1,1295,766,768,-1,1295,768,1296,-1,1296,768,770,-1,1296,770,1297,-1,1297,770,772,-1,1297,772,1298,-1,1298,772,774,-1,1298,774,1299,-1,1299,774,776,-1,1299,776,1300,-1,1300,776,778,-1,1300,778,1301,-1,1301,778,780,-1,1301,780,1302,-1,1302,780,782,-1,1302,782,1303,-1,1303,782,784,-1,1303,784,1304,-1,1304,784,786,-1,1304,786,1305,-1,1305,786,788,-1,1305,788,1306,-1,1306,788,790,-1,1306,790,1307,-1,1307,790,792,-1,1307,792,1308,-1,1308,792,794,-1,1308,794,1309,-1,1309,794,796,-1,1309,796,1310,-1,1310,796,798,-1,1310,798,1311,-1,1311,798,800,-1,1311,800,1312,-1,1312,800,802,-1,1312,802,1313,-1,1313,802,804,-1,1313,804,1314,-1,1314,804,806,-1,1314,806,1315,-1,1315,806,808,-1,1315,808,1316,-1,1316,808,810,-1,1316,810,1317,-1,1317,810,812,-1,1317,812,1318,-1,1318,812,814,-1,1318,814,1319,-1,1319,814,816,-1,1319,816,1320,-1,1320,816,818,-1,1320,818,1321,-1,1321,818,820,-1,1321,820,1322,-1,1322,820,822,-1,1322,822,1323,-1,1323,822,824,-1,1323,824,1324,-1,1324,824,826,-1,1324,826,1325,-1,1325,826,828,-1,1325,828,1326,-1,1326,828,830,-1,1326,830,1327,-1,1327,830,832,-1,1327,832,1328,-1,1328,832,834,-1,1328,834,1329,-1,1329,834,836,-1,1329,836,1330,-1,1330,836,838,-1,1330,838,1331,-1,1331,838,840,-1,1331,840,1332,-1,1332,840,842,-1,1332,842,1333,-1,1333,842,844,-1,1333,844,1334,-1,1334,844,846,-1,1334,846,1335,-1,1335,846,848,-1,1335,848,1336,-1,1336,848,850,-1,1336,850,1337,-1,1337,850,852,-1,1337,852,1338,-1,1338,852,854,-1,1338,854,1339,-1,1339,854,856,-1,1339,856,1340,-1,1340,856,858,-1,1340,858,1341,-1,1341,858,860,-1,1341,860,1342,-1,1342,860,862,-1,1342,862,1343,-1,1343,862,864,-1,1343,864,1344,-1,1344,864,866,-1,1344,866,1345,-1,1345,866,868,-1,1345,868,1346,-1,1346,868,870,-1,1346,870,1347,-1,1347,870,872,-1,1347,872,1348,-1,1348,872,874,-1,1348,874,1349,-1,1349,874,876,-1,1349,876,1350,-1,1350,876,878,-1,1350,878,1351,-1,1351,878,880,-1,1351,880,1352,-1,1352,880,882,-1,1352,882,1353,-1,1353,882,884,-1,1353,884,1354,-1,1354,884,886,-1,1354,886,1355,-1,1355,886,888,-1,1355,888,1356,-1,1356,888,890,-1,1356,890,1357,-1,1357,890,892,-1,1357,892,1358,-1,1358,892,894,-1,1358,894,1359,-1,1359,894,896,-1,1359,896,1360,-1,1360,896,898,-1,1360,898,1361,-1,1361,898,900,-1,1361,900,1362,-1,1362,900,902,-1,1362,902,1363,-1,1363,902,904,-1,1363,904,1364,-1,1364,904,906,-1,1364,906,1365,-1,1365,906,908,-1,1365,908,1366,-1,1366,908,910,-1,1366,910,1367,-1,1367,910,402,-1,1367,402,1113,-1,1113,402,404,-1,1368,913,1369,-1,1369,913,914,-1,1369,914,1370,-1,1370,914,915,-1,1370,915,1371,-1,1371,915,916,-1,1371,916,1372,-1,1372,916,917,-1,1372,917,1373,-1,1373,917,918,-1,1373,918,1374,-1,1374,918,919,-1,1374,919,1375,-1,1375,919,920,-1,1375,920,1376,-1,1376,920,921,-1,1376,921,1377,-1,1377,921,922,-1,1377,922,1378,-1,1378,922,923,-1,1378,923,1379,-1,1379,923,924,-1,1379,924,1380,-1,1380,924,925,-1,1380,925,1381,-1,1381,925,926,-1,1381,926,1382,-1,1382,926,927,-1,1382,927,1383,-1,1383,927,928,-1,1383,928,1384,-1,1384,928,929,-1,1384,929,1385,-1,1385,929,930,-1,1385,930,1386,-1,1386,930,931,-1,1386,931,1387,-1,1387,931,932,-1,1387,932,1388,-1,1388,932,933,-1,1388,933,1389,-1,1389,933,934,-1,1389,934,1390,-1,1390,934,935,-1,1390,935,1391,-1,1391,935,936,-1,1391,936,1392,-1,1392,936,937,-1,1392,937,1393,-1,1393,937,938,-1,1393,938,1394,-1,1394,938,939,-1,1394,939,1395,-1,1395,939,940,-1,1395,940,1396,-1,1396,940,941,-1,1396,941,1397,-1,1397,941,942,-1,1397,942,1398,-1,1398,942,943,-1,1398,943,1399,-1,1399,943,944,-1,1399,944,1400,-1,1400,944,945,-1,1400,945,1401,-1,1401,945,946,-1,1401,946,1402,-1,1402,946,947,-1,1402,947,1403,-1,1403,947,948,-1,1403,948,1404,-1,1404,948,949,-1,1404,949,1405,-1,1405,949,950,-1,1405,950,1406,-1,1406,950,951,-1,1406,951,1407,-1,1407,951,952,-1,1407,952,1408,-1,1408,952,953,-1,1408,953,1409,-1,1409,953,954,-1,1409,954,1410,-1,1410,954,955,-1,1410,955,1411,-1,1411,955,956,-1,1411,956,1412,-1,1412,956,957,-1,1412,957,1413,-1,1413,957,958,-1,1413,958,1414,-1,1414,958,959,-1,1414,959,1415,-1,1415,959,960,-1,1415,960,1416,-1,1416,960,961,-1,1416,961,1417,-1,1417,961,962,-1,1417,962,1418,-1,1418,962,963,-1,1418,963,1419,-1,1419,963,964,-1,1419,964,1420,-1,1420,964,965,-1,1420,965,1421,-1,1421,965,966,-1,1421,966,1422,-1,1422,966,967,-1,1422,967,1423,-1,1423,967,968,-1,1423,968,1424,-1,1424,968,969,-1,1424,969,1425,-1,1425,969,970,-1,1425,970,1426,-1,1426,970,971,-1,1426,971,1427,-1,1427,971,972,-1,1427,972,1428,-1,1428,972,973,-1,1428,973,1429,-1,1429,973,974,-1,1429,974,1430,-1,1430,974,975,-1,1430,975,1431,-1,1431,975,976,-1,1431,976,1432,-1,1432,976,977,-1,1432,977,1433,-1,1433,977,978,-1,1433,978,1434,-1,1434,978,979,-1,1434,979,1435,-1,1435,979,980,-1,1435,980,1436,-1,1436,980,981,-1,1436,981,1437,-1,1437,981,982,-1,1437,982,1438,-1,1438,982,983,-1,1438,983,1439,-1,1439,983,984,-1,1439,984,1440,-1,1440,984,1241,-1,1441,986,1442,-1,1442,986,987,-1,1442,987,1443,-1,1443,987,988,-1,1443,988,1444,-1,1444,988,989,-1,1444,989,1445,-1,1445,989,990,-1,1445,990,1446,-1,1446,990,991,-1,1446,991,1447,-1,1447,991,992,-1,1447,992,1448,-1,1448,992,993,-1,1448,993,1449,-1,1449,993,994,-1,1449,994,1450,-1,1450,994,995,-1,1450,995,1451,-1,1451,995,996,-1,1451,996,1452,-1,1452,996,997,-1,1452,997,1453,-1,1453,997,998,-1,1453,998,1454,-1,1454,998,999,-1,1454,999,1455,-1,1455,999,1000,-1,1455,1000,1456,-1,1456,1000,1001,-1,1456,1001,1457,-1,1457,1001,1002,-1,1457,1002,1458,-1,1458,1002,1003,-1,1458,1003,1459,-1,1459,1003,1004,-1,1459,1004,1460,-1,1460,1004,1005,-1,1460,1005,1461,-1,1461,1005,1006,-1,1461,1006,1462,-1,1462,1006,1007,-1,1462,1007,1463,-1,1463,1007,1008,-1,1463,1008,1464,-1,1464,1008,1009,-1,1464,1009,1465,-1,1465,1009,1010,-1,1465,1010,1466,-1,1466,1010,1011,-1,1466,1011,1467,-1,1467,1011,1012,-1,1467,1012,1468,-1,1468,1012,1013,-1,1468,1013,1469,-1,1469,1013,1014,-1,1469,1014,1470,-1,1470,1014,1015,-1,1470,1015,1471,-1,1471,1015,1016,-1,1471,1016,1472,-1,1472,1016,1017,-1,1472,1017,1473,-1,1473,1017,1018,-1,1473,1018,1474,-1,1474,1018,1019,-1,1474,1019,1475,-1,1475,1019,1020,-1,1475,1020,1476,-1,1476,1020,1021,-1,1476,1021,1477,-1,1477,1021,1022,-1,1477,1022,1478,-1,1478,1022,1023,-1,1478,1023,1479,-1,1479,1023,1024,-1,1479,1024,1480,-1,1480,1024,1025,-1,1480,1025,1481,-1,1481,1025,1026,-1,1481,1026,1482,-1,1482,1026,1027,-1,1482,1027,1483,-1,1483,1027,1028,-1,1483,1028,1484,-1,1484,1028,1029,-1,1484,1029,1485,-1,1485,1029,1030,-1,1485,1030,1486,-1,1486,1030,1031,-1,1486,1031,1487,-1,1487,1031,1032,-1,1487,1032,1488,-1,1488,1032,1033,-1,1488,1033,1489,-1,1489,1033,1034,-1,1489,1034,1490,-1,1490,1034,1035,-1,1490,1035,1491,-1,1491,1035,1036,-1,1491,1036,1492,-1,1492,1036,1037,-1,1492,1037,1493,-1,1493,1037,1038,-1,1493,1038,1494,-1,1494,1038,1039,-1,1494,1039,1495,-1,1495,1039,1040,-1,1495,1040,1496,-1,1496,1040,1041,-1,1496,1041,1497,-1,1497,1041,1042,-1,1497,1042,1498,-1,1498,1042,1043,-1,1498,1043,1499,-1,1499,1043,1044,-1,1499,1044,1500,-1,1500,1044,1045,-1,1500,1045,1501,-1,1501,1045,1046,-1,1501,1046,1502,-1,1502,1046,1047,-1,1502,1047,1503,-1,1503,1047,1048,-1,1503,1048,1504,-1,1504,1048,1049,-1,1504,1049,1505,-1,1505,1049,1050,-1,1505,1050,1506,-1,1506,1050,1051,-1,1506,1051,1507,-1,1507,1051,1052,-1,1507,1052,1508,-1,1508,1052,1053,-1,1508,1053,1509,-1,1509,1053,1054,-1,1509,1054,1510,-1,1510,1054,1055,-1,1510,1055,1511,-1,1511,1055,1056,-1,1511,1056,1512,-1,1512,1056,1057,-1,1512,1057,1513,-1,1513,1057,1058,-1,1513,1058,1514,-1,1514,1058,1059,-1,1514,1059,1515,-1,1515,1059,1060,-1,1515,1060,1516,-1,1516,1060,1061,-1,1516,1061,1517,-1,1517,1061,1062,-1,1517,1062,1518,-1,1518,1062,1063,-1,1518,1063,1519,-1,1519,1063,1064,-1,1519,1064,1520,-1,1520,1064,1065,-1,1520,1065,1521,-1,1521,1065,1066,-1,1521,1066,1522,-1,1522,1066,1067,-1,1522,1067,1523,-1,1523,1067,1068,-1,1523,1068,1524,-1,1524,1068,1069,-1,1524,1069,1525,-1,1525,1069,1070,-1,1525,1070,1526,-1,1526,1070,1071,-1,1526,1071,1527,-1,1527,1071,1072,-1,1527,1072,1528,-1,1528,1072,1073,-1,1528,1073,1529,-1,1529,1073,1074,-1,1529,1074,1530,-1,1530,1074,1075,-1,1530,1075,1531,-1,1531,1075,1076,-1,1531,1076,1532,-1,1532,1076,1077,-1,1532,1077,1533,-1,1533,1077,1078,-1,1533,1078,1534,-1,1534,1078,1079,-1,1534,1079,1535,-1,1535,1079,1080,-1,1535,1080,1536,-1,1536,1080,1081,-1,1536,1081,1537,-1,1537,1081,1082,-1,1537,1082,1538,-1,1538,1082,1083,-1,1538,1083,1539,-1,1539,1083,1084,-1,1539,1084,1540,-1,1540,1084,1085,-1,1540,1085,1541,-1,1541,1085,1086,-1,1541,1086,1542,-1,1542,1086,1087,-1,1542,1087,1543,-1,1543,1087,1088,-1,1543,1088,1544,-1,1544,1088,1089,-1,1544,1089,1545,-1,1545,1089,1090,-1,1545,1090,1546,-1,1546,1090,1091,-1,1546,1091,1547,-1,1547,1091,1092,-1,1547,1092,1548,-1,1548,1092,1093,-1,1548,1093,1549,-1,1549,1093,1094,-1,1549,1094,1550,-1,1550,1094,1095,-1,1550,1095,1551,-1,1551,1095,1096,-1,1551,1096,1552,-1,1552,1096,1097,-1,1552,1097,1553,-1,1553,1097,1098,-1,1553,1098,1554,-1,1554,1098,1099,-1,1554,1099,1555,-1,1555,1099,1100,-1,1555,1100,1556,-1,1556,1100,1101,-1,1556,1101,1557,-1,1557,1101,1102,-1,1557,1102,1558,-1,1558,1102,1103,-1,1558,1103,1559,-1,1559,1103,1104,-1,1559,1104,1560,-1,1560,1104,1105,-1,1560,1105,1561,-1,1561,1105,1106,-1,1561,1106,1562,-1,1562,1106,1107,-1,1562,1107,1563,-1,1563,1107,1108,-1,1563,1108,1564,-1,1564,1108,1109,-1,1564,1109,1565,-1,1565,1109,1110,-1,1565,1110,1566,-1,1566,1110,1111,-1,1566,1111,1567,-1,1567,1111,1112,-1,1567,1112,1568,-1,1568,1112,912,-1,1568,912,1368,-1,1368,912,913,-1,1569,1114,1570,-1,1570,1114,1115,-1,1570,1115,1571,-1,1571,1115,1116,-1,1571,1116,1572,-1,1572,1116,1117,-1,1572,1117,1573,-1,1573,1117,1118,-1,1573,1118,1574,-1,1574,1118,1119,-1,1574,1119,1575,-1,1575,1119,1120,-1,1575,1120,1576,-1,1576,1120,1121,-1,1576,1121,1577,-1,1577,1121,1122,-1,1577,1122,1578,-1,1578,1122,1123,-1,1578,1123,1579,-1,1579,1123,1124,-1,1579,1124,1580,-1,1580,1124,1125,-1,1580,1125,1581,-1,1581,1125,1126,-1,1581,1126,1582,-1,1582,1126,1127,-1,1582,1127,1583,-1,1583,1127,1128,-1,1583,1128,1584,-1,1584,1128,1129,-1,1584,1129,1585,-1,1585,1129,1130,-1,1585,1130,1586,-1,1586,1130,1131,-1,1586,1131,1587,-1,1587,1131,1132,-1,1587,1132,1588,-1,1588,1132,1133,-1,1588,1133,1589,-1,1589,1133,1134,-1,1589,1134,1590,-1,1590,1134,1135,-1,1590,1135,1591,-1,1591,1135,1136,-1,1591,1136,1592,-1,1592,1136,1137,-1,1592,1137,1593,-1,1593,1137,1138,-1,1593,1138,1594,-1,1594,1138,1139,-1,1594,1139,1595,-1,1595,1139,1140,-1,1595,1140,1596,-1,1596,1140,1141,-1,1596,1141,1597,-1,1597,1141,1142,-1,1597,1142,1598,-1,1598,1142,1143,-1,1598,1143,1599,-1,1599,1143,1144,-1,1599,1144,1600,-1,1600,1144,1145,-1,1600,1145,1601,-1,1601,1145,1146,-1,1601,1146,1602,-1,1602,1146,1147,-1,1602,1147,1603,-1,1603,1147,1148,-1,1603,1148,1604,-1,1604,1148,1149,-1,1604,1149,1605,-1,1605,1149,1150,-1,1605,1150,1606,-1,1606,1150,1151,-1,1606,1151,1607,-1,1607,1151,1152,-1,1607,1152,1608,-1,1608,1152,1153,-1,1608,1153,1609,-1,1609,1153,1154,-1,1609,1154,1610,-1,1610,1154,1155,-1,1610,1155,1611,-1,1611,1155,1156,-1,1611,1156,1612,-1,1612,1156,1157,-1,1612,1157,1613,-1,1613,1157,1158,-1,1613,1158,1614,-1,1614,1158,1159,-1,1614,1159,1615,-1,1615,1159,1160,-1,1615,1160,1616,-1,1616,1160,1161,-1,1616,1161,1617,-1,1617,1161,1162,-1,1617,1162,1618,-1,1618,1162,1163,-1,1618,1163,1619,-1,1619,1163,1164,-1,1619,1164,1620,-1,1620,1164,1165,-1,1620,1165,1621,-1,1621,1165,1166,-1,1621,1166,1622,-1,1622,1166,1167,-1,1622,1167,1623,-1,1623,1167,1168,-1,1623,1168,1624,-1,1624,1168,1169,-1,1624,1169,1625,-1,1625,1169,1170,-1,1625,1170,1626,-1,1626,1170,1171,-1,1626,1171,1627,-1,1627,1171,1172,-1,1627,1172,1628,-1,1628,1172,1173,-1,1628,1173,1629,-1,1629,1173,1174,-1,1629,1174,1630,-1,1630,1174,1175,-1,1630,1175,1631,-1,1631,1175,1176,-1,1631,1176,1632,-1,1632,1176,1177,-1,1632,1177,1633,-1,1633,1177,1178,-1,1633,1178,1634,-1,1634,1178,1179,-1,1634,1179,1635,-1,1635,1179,1180,-1,1635,1180,1636,-1,1636,1180,1181,-1,1636,1181,1637,-1,1637,1181,1182,-1,1637,1182,1638,-1,1638,1182,1183,-1,1638,1183,1639,-1,1639,1183,1184,-1,1639,1184,1640,-1,1640,1184,1185,-1,1640,1185,1641,-1,1641,1185,1186,-1,1641,1186,1642,-1,1642,1186,1187,-1,1642,1187,1643,-1,1643,1187,1188,-1,1643,1188,1644,-1,1644,1188,1189,-1,1644,1189,1645,-1,1645,1189,1190,-1,1645,1190,1646,-1,1646,1190,1191,-1,1646,1191,1647,-1,1647,1191,1192,-1,1647,1192,1648,-1,1648,1192,1193,-1,1648,1193,1649,-1,1649,1193,1194,-1,1649,1194,1650,-1,1650,1194,1195,-1,1650,1195,1651,-1,1651,1195,1196,-1,1651,1196,1652,-1,1652,1196,1197,-1,1652,1197,1653,-1,1653,1197,1198,-1,1653,1198,1654,-1,1654,1198,1199,-1,1654,1199,1655,-1,1655,1199,1200,-1,1655,1200,1656,-1,1656,1200,1201,-1,1656,1201,1657,-1,1657,1201,1202,-1,1657,1202,1658,-1,1658,1202,1203,-1,1658,1203,1659,-1,1659,1203,1204,-1,1659,1204,1660,-1,1660,1204,1205,-1,1660,1205,1661,-1,1661,1205,1206,-1,1661,1206,1662,-1,1662,1206,1207,-1,1662,1207,1663,-1,1663,1207,1208,-1,1663,1208,1664,-1,1664,1208,1209,-1,1664,1209,1665,-1,1665,1209,1210,-1,1665,1210,1666,-1,1666,1210,1211,-1,1666,1211,1667,-1,1667,1211,1212,-1,1667,1212,1668,-1,1668,1212,1213,-1,1668,1213,1669,-1,1669,1213,1214,-1,1669,1214,1670,-1,1670,1214,1215,-1,1670,1215,1671,-1,1671,1215,1216,-1,1671,1216,1672,-1,1672,1216,1217,-1,1672,1217,1673,-1,1673,1217,1218,-1,1673,1218,1674,-1,1674,1218,1219,-1,1674,1219,1675,-1,1675,1219,1220,-1,1675,1220,1676,-1,1676,1220,1221,-1,1676,1221,1677,-1,1677,1221,1222,-1,1677,1222,1678,-1,1678,1222,1223,-1,1678,1223,1679,-1,1679,1223,1224,-1,1679,1224,1680,-1,1680,1224,1225,-1,1680,1225,1681,-1,1681,1225,1226,-1,1681,1226,1682,-1,1682,1226,1227,-1,1682,1227,1683,-1,1683,1227,1228,-1,1683,1228,1684,-1,1684,1228,1229,-1,1684,1229,1685,-1,1685,1229,1230,-1,1685,1230,1686,-1,1686,1230,1231,-1,1686,1231,1687,-1,1687,1231,1232,-1,1687,1232,1688,-1,1688,1232,1233,-1,1688,1233,1689,-1,1689,1233,1234,-1,1689,1234,1690,-1,1690,1234,1235,-1,1690,1235,1691,-1,1691,1235,1236,-1,1691,1236,1692,-1,1692,1236,1237,-1,1692,1237,1693,-1,1693,1237,1238,-1,1693,1238,1694,-1,1694,1238,1239,-1,1694,1239,1695,-1,1695,1239,1240,-1,1695,1240,1696,-1,1696,1240,985,-1,1696,985,1441,-1,1441,985,986,-1,1440,1241,1697,-1,1697,1241,1242,-1,1697,1242,1698,-1,1698,1242,1243,-1,1698,1243,1699,-1,1699,1243,1244,-1,1699,1244,1700,-1,1700,1244,1245,-1,1700,1245,1701,-1,1701,1245,1246,-1,1701,1246,1702,-1,1702,1246,1247,-1,1702,1247,1703,-1,1703,1247,1248,-1,1703,1248,1704,-1,1704,1248,1249,-1,1704,1249,1705,-1,1705,1249,1250,-1,1705,1250,1706,-1,1706,1250,1251,-1,1706,1251,1707,-1,1707,1251,1252,-1,1707,1252,1708,-1,1708,1252,1253,-1,1708,1253,1709,-1,1709,1253,1254,-1,1709,1254,1710,-1,1710,1254,1255,-1,1710,1255,1711,-1,1711,1255,1256,-1,1711,1256,1712,-1,1712,1256,1257,-1,1712,1257,1713,-1,1713,1257,1258,-1,1713,1258,1714,-1,1714,1258,1259,-1,1714,1259,1715,-1,1715,1259,1260,-1,1715,1260,1716,-1,1716,1260,1261,-1,1716,1261,1717,-1,1717,1261,1262,-1,1717,1262,1718,-1,1718,1262,1263,-1,1718,1263,1719,-1,1719,1263,1264,-1,1719,1264,1720,-1,1720,1264,1265,-1,1720,1265,1721,-1,1721,1265,1266,-1,1721,1266,1722,-1,1722,1266,1267,-1,1722,1267,1723,-1,1723,1267,1268,-1,1723,1268,1724,-1,1724,1268,1269,-1,1724,1269,1725,-1,1725,1269,1270,-1,1725,1270,1726,-1,1726,1270,1271,-1,1726,1271,1727,-1,1727,1271,1272,-1,1727,1272,1728,-1,1728,1272,1273,-1,1728,1273,1729,-1,1729,1273,1274,-1,1729,1274,1730,-1,1730,1274,1275,-1,1730,1275,1731,-1,1731,1275,1276,-1,1731,1276,1732,-1,1732,1276,1277,-1,1732,1277,1733,-1,1733,1277,1278,-1,1733,1278,1734,-1,1734,1278,1279,-1,1734,1279,1735,-1,1735,1279,1280,-1,1735,1280,1736,-1,1736,1280,1281,-1,1736,1281,1737,-1,1737,1281,1282,-1,1737,1282,1738,-1,1738,1282,1283,-1,1738,1283,1739,-1,1739,1283,1284,-1,1739,1284,1740,-1,1740,1284,1285,-1,1740,1285,1741,-1,1741,1285,1286,-1,1741,1286,1742,-1,1742,1286,1287,-1,1742,1287,1743,-1,1743,1287,1288,-1,1743,1288,1744,-1,1744,1288,1289,-1,1744,1289,1745,-1,1745,1289,1290,-1,1745,1290,1746,-1,1746,1290,1291,-1,1746,1291,1747,-1,1747,1291,1292,-1,1747,1292,1748,-1,1748,1292,1293,-1,1748,1293,1749,-1,1749,1293,1294,-1,1749,1294,1750,-1,1750,1294,1295,-1,1750,1295,1751,-1,1751,1295,1296,-1,1751,1296,1752,-1,1752,1296,1297,-1,1752,1297,1753,-1,1753,1297,1298,-1,1753,1298,1754,-1,1754,1298,1299,-1,1754,1299,1755,-1,1755,1299,1300,-1,1755,1300,1756,-1,1756,1300,1301,-1,1756,1301,1757,-1,1757,1301,1302,-1,1757,1302,1758,-1,1758,1302,1303,-1,1758,1303,1759,-1,1759,1303,1304,-1,1759,1304,1760,-1,1760,1304,1305,-1,1760,1305,1761,-1,1761,1305,1306,-1,1761,1306,1762,-1,1762,1306,1307,-1,1762,1307,1763,-1,1763,1307,1308,-1,1763,1308,1764,-1,1764,1308,1309,-1,1764,1309,1765,-1,1765,1309,1310,-1,1765,1310,1766,-1,1766,1310,1311,-1,1766,1311,1767,-1,1767,1311,1312,-1,1767,1312,1768,-1,1768,1312,1313,-1,1768,1313,1769,-1,1769,1313,1314,-1,1769,1314,1770,-1,1770,1314,1315,-1,1770,1315,1771,-1,1771,1315,1316,-1,1771,1316,1772,-1,1772,1316,1317,-1,1772,1317,1773,-1,1773,1317,1318,-1,1773,1318,1774,-1,1774,1318,1319,-1,1774,1319,1775,-1,1775,1319,1320,-1,1775,1320,1776,-1,1776,1320,1321,-1,1776,1321,1777,-1,1777,1321,1322,-1,1777,1322,1778,-1,1778,1322,1323,-1,1778,1323,1779,-1,1779,1323,1324,-1,1779,1324,1780,-1,1780,1324,1325,-1,1780,1325,1781,-1,1781,1325,1326,-1,1781,1326,1782,-1,1782,1326,1327,-1,1782,1327,1783,-1,1783,1327,1328,-1,1783,1328,1784,-1,1784,1328,1329,-1,1784,1329,1785,-1,1785,1329,1330,-1,1785,1330,1786,-1,1786,1330,1331,-1,1786,1331,1787,-1,1787,1331,1332,-1,1787,1332,1788,-1,1788,1332,1333,-1,1788,1333,1789,-1,1789,1333,1334,-1,1789,1334,1790,-1,1790,1334,1335,-1,1790,1335,1791,-1,1791,1335,1336,-1,1791,1336,1792,-1,1792,1336,1337,-1,1792,1337,1793,-1,1793,1337,1338,-1,1793,1338,1794,-1,1794,1338,1339,-1,1794,1339,1795,-1,1795,1339,1340,-1,1795,1340,1796,-1,1796,1340,1341,-1,1796,1341,1797,-1,1797,1341,1342,-1,1797,1342,1798,-1,1798,1342,1343,-1,1798,1343,1799,-1,1799,1343,1344,-1,1799,1344,1800,-1,1800,1344,1345,-1,1800,1345,1801,-1,1801,1345,1346,-1,1801,1346,1802,-1,1802,1346,1347,-1,1802,1347,1803,-1,1803,1347,1348,-1,1803,1348,1804,-1,1804,1348,1349,-1,1804,1349,1805,-1,1805,1349,1350,-1,1805,1350,1806,-1,1806,1350,1351,-1,1806,1351,1807,-1,1807,1351,1352,-1,1807,1352,1808,-1,1808,1352,1353,-1,1808,1353,1809,-1,1809,1353,1354,-1,1809,1354,1810,-1,1810,1354,1355,-1,1810,1355,1811,-1,1811,1355,1356,-1,1811,1356,1812,-1,1812,1356,1357,-1,1812,1357,1813,-1,1813,1357,1358,-1,1813,1358,1814,-1,1814,1358,1359,-1,1814,1359,1815,-1,1815,1359,1360,-1,1815,1360,1816,-1,1816,1360,1361,-1,1816,1361,1817,-1,1817,1361,1362,-1,1817,1362,1818,-1,1818,1362,1363,-1,1818,1363,1819,-1,1819,1363,1364,-1,1819,1364,1820,-1,1820,1364,1365,-1,1820,1365,1821,-1,1821,1365,1366,-1,1821,1366,1822,-1,1822,1366,1367,-1,1822,1367,1823,-1,1823,1367,1113,-1,1823,1113,1569,-1,1569,1113,1114,-1,257,1369,259,-1,259,1369,1370,-1,259,1370,261,-1,261,1370,1371,-1,261,1371,263,-1,263,1371,1372,-1,263,1372,265,-1,265,1372,1373,-1,265,1373,267,-1,267,1373,1374,-1,267,1374,269,-1,269,1374,1375,-1,269,1375,271,-1,271,1375,1376,-1,271,1376,273,-1,273,1376,1377,-1,273,1377,275,-1,275,1377,1378,-1,275,1378,277,-1,277,1378,1379,-1,277,1379,279,-1,279,1379,1380,-1,279,1380,281,-1,281,1380,1381,-1,281,1381,283,-1,283,1381,1382,-1,283,1382,285,-1,285,1382,1383,-1,285,1383,287,-1,287,1383,1384,-1,287,1384,289,-1,289,1384,1385,-1,289,1385,291,-1,291,1385,1386,-1,291,1386,293,-1,293,1386,1387,-1,293,1387,295,-1,295,1387,1388,-1,295,1388,297,-1,297,1388,1389,-1,297,1389,299,-1,299,1389,1390,-1,299,1390,301,-1,301,1390,1391,-1,301,1391,303,-1,303,1391,1392,-1,303,1392,305,-1,305,1392,1393,-1,305,1393,307,-1,307,1393,1394,-1,307,1394,309,-1,309,1394,1395,-1,309,1395,311,-1,311,1395,1396,-1,311,1396,313,-1,313,1396,1397,-1,313,1397,315,-1,315,1397,1398,-1,315,1398,317,-1,317,1398,1399,-1,317,1399,319,-1,319,1399,1400,-1,319,1400,321,-1,321,1400,1401,-1,321,1401,323,-1,323,1401,1402,-1,323,1402,325,-1,325,1402,1403,-1,325,1403,327,-1,327,1403,1404,-1,327,1404,329,-1,329,1404,1405,-1,329,1405,331,-1,331,1405,1406,-1,331,1406,333,-1,333,1406,1407,-1,333,1407,335,-1,335,1407,1408,-1,335,1408,337,-1,337,1408,1409,-1,337,1409,339,-1,339,1409,1410,-1,339,1410,341,-1,341,1410,1411,-1,341,1411,343,-1,343,1411,1412,-1,343,1412,345,-1,345,1412,1413,-1,345,1413,347,-1,347,1413,1414,-1,347,1414,349,-1,349,1414,1415,-1,349,1415,351,-1,351,1415,1416,-1,351,1416,353,-1,353,1416,1417,-1,353,1417,355,-1,355,1417,1418,-1,355,1418,357,-1,357,1418,1419,-1,357,1419,359,-1,359,1419,1420,-1,359,1420,361,-1,361,1420,1421,-1,361,1421,363,-1,363,1421,1422,-1,363,1422,365,-1,365,1422,1423,-1,365,1423,367,-1,367,1423,1424,-1,367,1424,369,-1,369,1424,1425,-1,369,1425,371,-1,371,1425,1426,-1,371,1426,373,-1,373,1426,1427,-1,373,1427,375,-1,375,1427,1428,-1,375,1428,377,-1,377,1428,1429,-1,377,1429,379,-1,379,1429,1430,-1,379,1430,381,-1,381,1430,1431,-1,381,1431,383,-1,383,1431,1432,-1,383,1432,385,-1,385,1432,1433,-1,385,1433,387,-1,387,1433,1434,-1,387,1434,389,-1,389,1434,1435,-1,389,1435,391,-1,391,1435,1436,-1,391,1436,393,-1,393,1436,1437,-1,393,1437,395,-1,395,1437,1438,-1,395,1438,397,-1,397,1438,1439,-1,397,1439,399,-1,399,1439,1440,-1,399,1440,401,-1,401,1440,1697,-1,513,1442,515,-1,515,1442,1443,-1,515,1443,517,-1,517,1443,1444,-1,517,1444,519,-1,519,1444,1445,-1,519,1445,521,-1,521,1445,1446,-1,521,1446,523,-1,523,1446,1447,-1,523,1447,525,-1,525,1447,1448,-1,525,1448,527,-1,527,1448,1449,-1,527,1449,529,-1,529,1449,1450,-1,529,1450,531,-1,531,1450,1451,-1,531,1451,533,-1,533,1451,1452,-1,533,1452,535,-1,535,1452,1453,-1,535,1453,537,-1,537,1453,1454,-1,537,1454,539,-1,539,1454,1455,-1,539,1455,541,-1,541,1455,1456,-1,541,1456,543,-1,543,1456,1457,-1,543,1457,545,-1,545,1457,1458,-1,545,1458,547,-1,547,1458,1459,-1,547,1459,549,-1,549,1459,1460,-1,549,1460,551,-1,551,1460,1461,-1,551,1461,553,-1,553,1461,1462,-1,553,1462,555,-1,555,1462,1463,-1,555,1463,557,-1,557,1463,1464,-1,557,1464,559,-1,559,1464,1465,-1,559,1465,561,-1,561,1465,1466,-1,561,1466,563,-1,563,1466,1467,-1,563,1467,565,-1,565,1467,1468,-1,565,1468,567,-1,567,1468,1469,-1,567,1469,569,-1,569,1469,1470,-1,569,1470,571,-1,571,1470,1471,-1,571,1471,573,-1,573,1471,1472,-1,573,1472,575,-1,575,1472,1473,-1,575,1473,577,-1,577,1473,1474,-1,577,1474,579,-1,579,1474,1475,-1,579,1475,581,-1,581,1475,1476,-1,581,1476,583,-1,583,1476,1477,-1,583,1477,585,-1,585,1477,1478,-1,585,1478,587,-1,587,1478,1479,-1,587,1479,589,-1,589,1479,1480,-1,589,1480,591,-1,591,1480,1481,-1,591,1481,593,-1,593,1481,1482,-1,593,1482,595,-1,595,1482,1483,-1,595,1483,597,-1,597,1483,1484,-1,597,1484,599,-1,599,1484,1485,-1,599,1485,601,-1,601,1485,1486,-1,601,1486,603,-1,603,1486,1487,-1,603,1487,605,-1,605,1487,1488,-1,605,1488,607,-1,607,1488,1489,-1,607,1489,609,-1,609,1489,1490,-1,609,1490,611,-1,611,1490,1491,-1,611,1491,613,-1,613,1491,1492,-1,613,1492,615,-1,615,1492,1493,-1,615,1493,617,-1,617,1493,1494,-1,617,1494,619,-1,619,1494,1495,-1,619,1495,621,-1,621,1495,1496,-1,621,1496,623,-1,623,1496,1497,-1,623,1497,625,-1,625,1497,1498,-1,625,1498,627,-1,627,1498,1499,-1,627,1499,629,-1,629,1499,1500,-1,629,1500,631,-1,631,1500,1501,-1,631,1501,633,-1,633,1501,1502,-1,633,1502,635,-1,635,1502,1503,-1,635,1503,637,-1,637,1503,1504,-1,637,1504,639,-1,639,1504,1505,-1,639,1505,641,-1,641,1505,1506,-1,641,1506,643,-1,643,1506,1507,-1,643,1507,645,-1,645,1507,1508,-1,645,1508,647,-1,647,1508,1509,-1,647,1509,649,-1,649,1509,1510,-1,649,1510,651,-1,651,1510,1511,-1,651,1511,653,-1,653,1511,1512,-1,653,1512,655,-1,655,1512,1513,-1,655,1513,657,-1,657,1513,1514,-1,657,1514,147,-1,147,1514,1515,-1,147,1515,149,-1,149,1515,1516,-1,149,1516,151,-1,151,1516,1517,-1,151,1517,153,-1,153,1517,1518,-1,153,1518,155,-1,155,1518,1519,-1,155,1519,157,-1,157,1519,1520,-1,157,1520,159,-1,159,1520,1521,-1,159,1521,161,-1,161,1521,1522,-1,161,1522,163,-1,163,1522,1523,-1,163,1523,165,-1,165,1523,1524,-1,165,1524,167,-1,167,1524,1525,-1,167,1525,169,-1,169,1525,1526,-1,169,1526,171,-1,171,1526,1527,-1,171,1527,173,-1,173,1527,1528,-1,173,1528,175,-1,175,1528,1529,-1,175,1529,177,-1,177,1529,1530,-1,177,1530,179,-1,179,1530,1531,-1,179,1531,181,-1,181,1531,1532,-1,181,1532,183,-1,183,1532,1533,-1,183,1533,185,-1,185,1533,1534,-1,185,1534,187,-1,187,1534,1535,-1,187,1535,189,-1,189,1535,1536,-1,189,1536,191,-1,191,1536,1537,-1,191,1537,193,-1,193,1537,1538,-1,193,1538,195,-1,195,1538,1539,-1,195,1539,197,-1,197,1539,1540,-1,197,1540,199,-1,199,1540,1541,-1,199,1541,201,-1,201,1541,1542,-1,201,1542,203,-1,203,1542,1543,-1,203,1543,205,-1,205,1543,1544,-1,205,1544,207,-1,207,1544,1545,-1,207,1545,209,-1,209,1545,1546,-1,209,1546,211,-1,211,1546,1547,-1,211,1547,213,-1,213,1547,1548,-1,213,1548,215,-1,215,1548,1549,-1,215,1549,217,-1,217,1549,1550,-1,217,1550,219,-1,219,1550,1551,-1,219,1551,221,-1,221,1551,1552,-1,221,1552,223,-1,223,1552,1553,-1,223,1553,225,-1,225,1553,1554,-1,225,1554,227,-1,227,1554,1555,-1,227,1555,229,-1,229,1555,1556,-1,229,1556,231,-1,231,1556,1557,-1,231,1557,233,-1,233,1557,1558,-1,233,1558,235,-1,235,1558,1559,-1,235,1559,237,-1,237,1559,1560,-1,237,1560,239,-1,239,1560,1561,-1,239,1561,241,-1,241,1561,1562,-1,241,1562,243,-1,243,1562,1563,-1,243,1563,245,-1,245,1563,1564,-1,245,1564,247,-1,247,1564,1565,-1,247,1565,249,-1,249,1565,1566,-1,249,1566,251,-1,251,1566,1567,-1,251,1567,253,-1,253,1567,1568,-1,253,1568,255,-1,255,1568,1368,-1,255,1368,257,-1,257,1368,1369,-1,767,1570,769,-1,769,1570,1571,-1,769,1571,771,-1,771,1571,1572,-1,771,1572,773,-1,773,1572,1573,-1,773,1573,775,-1,775,1573,1574,-1,775,1574,777,-1,777,1574,1575,-1,777,1575,779,-1,779,1575,1576,-1,779,1576,781,-1,781,1576,1577,-1,781,1577,783,-1,783,1577,1578,-1,783,1578,785,-1,785,1578,1579,-1,785,1579,787,-1,787,1579,1580,-1,787,1580,789,-1,789,1580,1581,-1,789,1581,791,-1,791,1581,1582,-1,791,1582,793,-1,793,1582,1583,-1,793,1583,795,-1,795,1583,1584,-1,795,1584,797,-1,797,1584,1585,-1,797,1585,799,-1,799,1585,1586,-1,799,1586,801,-1,801,1586,1587,-1,801,1587,803,-1,803,1587,1588,-1,803,1588,805,-1,805,1588,1589,-1,805,1589,807,-1,807,1589,1590,-1,807,1590,809,-1,809,1590,1591,-1,809,1591,811,-1,811,1591,1592,-1,811,1592,813,-1,813,1592,1593,-1,813,1593,815,-1,815,1593,1594,-1,815,1594,817,-1,817,1594,1595,-1,817,1595,819,-1,819,1595,1596,-1,819,1596,821,-1,821,1596,1597,-1,821,1597,823,-1,823,1597,1598,-1,823,1598,825,-1,825,1598,1599,-1,825,1599,827,-1,827,1599,1600,-1,827,1600,829,-1,829,1600,1601,-1,829,1601,831,-1,831,1601,1602,-1,831,1602,833,-1,833,1602,1603,-1,833,1603,835,-1,835,1603,1604,-1,835,1604,837,-1,837,1604,1605,-1,837,1605,839,-1,839,1605,1606,-1,839,1606,841,-1,841,1606,1607,-1,841,1607,843,-1,843,1607,1608,-1,843,1608,845,-1,845,1608,1609,-1,845,1609,847,-1,847,1609,1610,-1,847,1610,849,-1,849,1610,1611,-1,849,1611,851,-1,851,1611,1612,-1,851,1612,853,-1,853,1612,1613,-1,853,1613,855,-1,855,1613,1614,-1,855,1614,857,-1,857,1614,1615,-1,857,1615,859,-1,859,1615,1616,-1,859,1616,861,-1,861,1616,1617,-1,861,1617,863,-1,863,1617,1618,-1,863,1618,865,-1,865,1618,1619,-1,865,1619,867,-1,867,1619,1620,-1,867,1620,869,-1,869,1620,1621,-1,869,1621,871,-1,871,1621,1622,-1,871,1622,873,-1,873,1622,1623,-1,873,1623,875,-1,875,1623,1624,-1,875,1624,877,-1,877,1624,1625,-1,877,1625,879,-1,879,1625,1626,-1,879,1626,881,-1,881,1626,1627,-1,881,1627,883,-1,883,1627,1628,-1,883,1628,885,-1,885,1628,1629,-1,885,1629,887,-1,887,1629,1630,-1,887,1630,889,-1,889,1630,1631,-1,889,1631,891,-1,891,1631,1632,-1,891,1632,893,-1,893,1632,1633,-1,893,1633,895,-1,895,1633,1634,-1,895,1634,897,-1,897,1634,1635,-1,897,1635,899,-1,899,1635,1636,-1,899,1636,901,-1,901,1636,1637,-1,901,1637,903,-1,903,1637,1638,-1,903,1638,905,-1,905,1638,1639,-1,905,1639,907,-1,907,1639,1640,-1,907,1640,909,-1,909,1640,1641,-1,909,1641,911,-1,911,1641,1642,-1,911,1642,403,-1,403,1642,1643,-1,403,1643,405,-1,405,1643,1644,-1,405,1644,407,-1,407,1644,1645,-1,407,1645,409,-1,409,1645,1646,-1,409,1646,411,-1,411,1646,1647,-1,411,1647,413,-1,413,1647,1648,-1,413,1648,415,-1,415,1648,1649,-1,415,1649,417,-1,417,1649,1650,-1,417,1650,419,-1,419,1650,1651,-1,419,1651,421,-1,421,1651,1652,-1,421,1652,423,-1,423,1652,1653,-1,423,1653,425,-1,425,1653,1654,-1,425,1654,427,-1,427,1654,1655,-1,427,1655,429,-1,429,1655,1656,-1,429,1656,431,-1,431,1656,1657,-1,431,1657,433,-1,433,1657,1658,-1,433,1658,435,-1,435,1658,1659,-1,435,1659,437,-1,437,1659,1660,-1,437,1660,439,-1,439,1660,1661,-1,439,1661,441,-1,441,1661,1662,-1,441,1662,443,-1,443,1662,1663,-1,443,1663,445,-1,445,1663,1664,-1,445,1664,447,-1,447,1664,1665,-1,447,1665,449,-1,449,1665,1666,-1,449,1666,451,-1,451,1666,1667,-1,451,1667,453,-1,453,1667,1668,-1,453,1668,455,-1,455,1668,1669,-1,455,1669,457,-1,457,1669,1670,-1,457,1670,459,-1,459,1670,1671,-1,459,1671,461,-1,461,1671,1672,-1,461,1672,463,-1,463,1672,1673,-1,463,1673,465,-1,465,1673,1674,-1,465,1674,467,-1,467,1674,1675,-1,467,1675,469,-1,469,1675,1676,-1,469,1676,471,-1,471,1676,1677,-1,471,1677,473,-1,473,1677,1678,-1,473,1678,475,-1,475,1678,1679,-1,475,1679,477,-1,477,1679,1680,-1,477,1680,479,-1,479,1680,1681,-1,479,1681,481,-1,481,1681,1682,-1,481,1682,483,-1,483,1682,1683,-1,483,1683,485,-1,485,1683,1684,-1,485,1684,487,-1,487,1684,1685,-1,487,1685,489,-1,489,1685,1686,-1,489,1686,491,-1,491,1686,1687,-1,491,1687,493,-1,493,1687,1688,-1,493,1688,495,-1,495,1688,1689,-1,495,1689,497,-1,497,1689,1690,-1,497,1690,499,-1,499,1690,1691,-1,499,1691,501,-1,501,1691,1692,-1,501,1692,503,-1,503,1692,1693,-1,503,1693,505,-1,505,1693,1694,-1,505,1694,507,-1,507,1694,1695,-1,507,1695,509,-1,509,1695,1696,-1,509,1696,511,-1,511,1696,1441,-1,511,1441,513,-1,513,1441,1442,-1,401,1697,1,-1,1,1697,1698,-1,1,1698,3,-1,3,1698,1699,-1,3,1699,5,-1,5,1699,1700,-1,5,1700,7,-1,7,1700,1701,-1,7,1701,9,-1,9,1701,1702,-1,9,1702,11,-1,11,1702,1703,-1,11,1703,13,-1,13,1703,1704,-1,13,1704,15,-1,15,1704,1705,-1,15,1705,17,-1,17,1705,1706,-1,17,1706,19,-1,19,1706,1707,-1,19,1707,21,-1,21,1707,1708,-1,21,1708,23,-1,23,1708,1709,-1,23,1709,25,-1,25,1709,1710,-1,25,1710,27,-1,27,1710,1711,-1,27,1711,29,-1,29,1711,1712,-1,29,1712,31,-1,31,1712,1713,-1,31,1713,33,-1,33,1713,1714,-1,33,1714,35,-1,35,1714,1715,-1,35,1715,37,-1,37,1715,1716,-1,37,1716,39,-1,39,1716,1717,-1,39,1717,41,-1,41,1717,1718,-1,41,1718,43,-1,43,1718,1719,-1,43,1719,45,-1,45,1719,1720,-1,45,1720,47,-1,47,1720,1721,-1,47,1721,49,-1,49,1721,1722,-1,49,1722,51,-1,51,1722,1723,-1,51,1723,53,-1,53,1723,1724,-1,53,1724,55,-1,55,1724,1725,-1,55,1725,57,-1,57,1725,1726,-1,57,1726,59,-1,59,1726,1727,-1,59,1727,61,-1,61,1727,1728,-1,61,1728,63,-1,63,1728,1729,-1,63,1729,65,-1,65,1729,1730,-1,65,1730,67,-1,67,1730,1731,-1,67,1731,69,-1,69,1731,1732,-1,69,1732,71,-1,71,1732,1733,-1,71,1733,73,-1,73,1733,1734,-1,73,1734,75,-1,75,1734,1735,-1,75,1735,77,-1,77,1735,1736,-1,77,1736,79,-1,79,1736,1737,-1,79,1737,81,-1,81,1737,1738,-1,81,1738,83,-1,83,1738,1739,-1,83,1739,85,-1,85,1739,1740,-1,85,1740,87,-1,87,1740,1741,-1,87,1741,89,-1,89,1741,1742,-1,89,1742,91,-1,91,1742,1743,-1,91,1743,93,-1,93,1743,1744,-1,93,1744,95,-1,95,1744,1745,-1,95,1745,97,-1,97,1745,1746,-1,97,1746,99,-1,99,1746,1747,-1,99,1747,101,-1,101,1747,1748,-1,101,1748,103,-1,103,1748,1749,-1,103,1749,105,-1,105,1749,1750,-1,105,1750,107,-1,107,1750,1751,-1,107,1751,109,-1,109,1751,1752,-1,109,1752,111,-1,111,1752,1753,-1,111,1753,113,-1,113,1753,1754,-1,113,1754,115,-1,115,1754,1755,-1,115,1755,117,-1,117,1755,1756,-1,117,1756,119,-1,119,1756,1757,-1,119,1757,121,-1,121,1757,1758,-1,121,1758,123,-1,123,1758,1759,-1,123,1759,125,-1,125,1759,1760,-1,125,1760,127,-1,127,1760,1761,-1,127,1761,129,-1,129,1761,1762,-1,129,1762,131,-1,131,1762,1763,-1,131,1763,133,-1,133,1763,1764,-1,133,1764,135,-1,135,1764,1765,-1,135,1765,137,-1,137,1765,1766,-1,137,1766,139,-1,139,1766,1767,-1,139,1767,141,-1,141,1767,1768,-1,141,1768,143,-1,143,1768,1769,-1,143,1769,145,-1,145,1769,1770,-1,145,1770,659,-1,659,1770,1771,-1,659,1771,661,-1,661,1771,1772,-1,661,1772,663,-1,663,1772,1773,-1,663,1773,665,-1,665,1773,1774,-1,665,1774,667,-1,667,1774,1775,-1,667,1775,669,-1,669,1775,1776,-1,669,1776,671,-1,671,1776,1777,-1,671,1777,673,-1,673,1777,1778,-1,673,1778,675,-1,675,1778,1779,-1,675,1779,677,-1,677,1779,1780,-1,677,1780,679,-1,679,1780,1781,-1,679,1781,681,-1,681,1781,1782,-1,681,1782,683,-1,683,1782,1783,-1,683,1783,685,-1,685,1783,1784,-1,685,1784,687,-1,687,1784,1785,-1,687,1785,689,-1,689,1785,1786,-1,689,1786,691,-1,691,1786,1787,-1,691,1787,693,-1,693,1787,1788,-1,693,1788,695,-1,695,1788,1789,-1,695,1789,697,-1,697,1789,1790,-1,697,1790,699,-1,699,1790,1791,-1,699,1791,701,-1,701,1791,1792,-1,701,1792,703,-1,703,1792,1793,-1,703,1793,705,-1,705,1793,1794,-1,705,1794,707,-1,707,1794,1795,-1,707,1795,709,-1,709,1795,1796,-1,709,1796,711,-1,711,1796,1797,-1,711,1797,713,-1,713,1797,1798,-1,713,1798,715,-1,715,1798,1799,-1,715,1799,717,-1,717,1799,1800,-1,717,1800,719,-1,719,1800,1801,-1,719,1801,721,-1,721,1801,1802,-1,721,1802,723,-1,723,1802,1803,-1,723,1803,725,-1,725,1803,1804,-1,725,1804,727,-1,727,1804,1805,-1,727,1805,729,-1,729,1805,1806,-1,729,1806,731,-1,731,1806,1807,-1,731,1807,733,-1,733,1807,1808,-1,733,1808,735,-1,735,1808,1809,-1,735,1809,737,-1,737,1809,1810,-1,737,1810,739,-1,739,1810,1811,-1,739,1811,741,-1,741,1811,1812,-1,741,1812,743,-1,743,1812,1813,-1,743,1813,745,-1,745,1813,1814,-1,745,1814,747,-1,747,1814,1815,-1,747,1815,749,-1,749,1815,1816,-1,749,1816,751,-1,751,1816,1817,-1,751,1817,753,-1,753,1817,1818,-1,753,1818,755,-1,755,1818,1819,-1,755,1819,757,-1,757,1819,1820,-1,757,1820,759,-1,759,1820,1821,-1,759,1821,761,-1,761,1821,1822,-1,761,1822,763,-1,763,1822,1823,-1,763,1823,765,-1,765,1823,1569,-1,765,1569,767,-1,767,1569,1570,-1,1824,1825,1826,-1,1826,1825,1827,-1,1826,1827,1828,-1,1828,1827,1829,-1,1828,1829,1830,-1,1830,1829,1831,-1,1830,1831,1832,-1,1832,1831,1833,-1,1832,1833,1834,-1,1834,1833,469,-1,1834,469,470,-1,470,469,1835,-1,470,1835,1836,-1,1836,1835,1837,-1,1836,1837,1838,-1,1838,1837,1839,-1,1838,1839,1840,-1,1840,1839,1841,-1,1840,1841,1842,-1,1842,1841,1843,-1,1842,1843,1844,-1,1844,1843,1845,-1,1844,1845,1846,-1,1846,1845,1847,-1,1846,1847,1848,-1,1848,1847,1849,-1,1848,1849,1850,-1,1850,1849,1851,-1,1850,1851,1852,-1,1852,1851,1853,-1,1852,1853,1854,-1,1854,1853,1855,-1,1854,1855,1856,-1,1856,1855,1857,-1,1856,1857,1858,-1,1858,1857,1859,-1,1858,1859,1860,-1,1860,1859,1861,-1,1860,1861,1862,-1,1862,1861,1863,-1,1862,1863,1864,-1,1864,1863,1865,-1,1864,1865,1866,-1,1866,1865,1867,-1,1866,1867,1868,-1,1868,1867,1869,-1,1868,1869,1870,-1,1870,1869,1871,-1,1870,1871,1872,-1,1872,1871,1873,-1,1872,1873,1874,-1,1874,1873,1875,-1,1874,1875,1876,-1,1876,1875,1877,-1,1876,1877,1878,-1,1878,1877,1879,-1,1878,1879,1880,-1,1880,1879,517,-1,1880,517,518,-1,518,517,1881,-1,518,1881,1882,-1,1882,1881,1883,-1,1882,1883,1884,-1,1884,1883,1885,-1,1884,1885,1886,-1,1886,1885,1887,-1,1886,1887,1888,-1,1888,1887,1889,-1,1888,1889,1890,-1,1890,1889,1891,-1,1890,1891,1892,-1,1892,1891,1893,-1,1892,1893,1894,-1,1894,1893,1895,-1,1894,1895,1896,-1,1896,1895,1897,-1,1896,1897,1898,-1,1898,1897,1899,-1,1898,1899,1900,-1,1900,1899,1901,-1,1900,1901,1902,-1,1902,1901,1903,-1,1902,1903,1904,-1,1904,1903,1905,-1,1904,1905,1906,-1,1906,1905,1907,-1,1906,1907,1908,-1,1908,1907,1909,-1,1908,1909,1910,-1,1910,1909,1911,-1,1910,1911,1912,-1,1912,1911,1913,-1,1912,1913,1914,-1,1914,1913,1915,-1,1914,1915,1916,-1,1916,1915,1917,-1,1916,1917,1918,-1,1918,1917,1919,-1,1918,1919,1920,-1,1920,1919,1921,-1,1920,1921,1922,-1,1922,1921,1923,-1,1922,1923,1924,-1,1924,1923,1925,-1,1924,1925,1926,-1,1926,1925,565,-1,1926,565,566,-1,566,565,1927,-1,566,1927,1928,-1,1928,1927,1929,-1,1928,1929,1930,-1,1930,1929,1931,-1,1930,1931,1932,-1,1932,1931,1933,-1,1932,1933,1934,-1,1934,1933,1935,-1,1934,1935,1936,-1,1936,1935,1937,-1,1936,1937,1938,-1,1938,1937,1939,-1,1938,1939,1940,-1,1940,1939,1941,-1,1940,1941,1942,-1,1942,1941,1943,-1,1942,1943,1944,-1,1944,1943,1945,-1,1944,1945,1946,-1,1946,1945,1947,-1,1946,1947,1948,-1,1948,1947,1949,-1,1948,1949,1950,-1,1950,1949,1951,-1,1950,1951,1952,-1,1952,1951,1953,-1,1952,1953,1954,-1,1954,1953,1955,-1,1954,1955,1956,-1,1956,1955,1957,-1,1956,1957,1958,-1,1958,1957,1959,-1,1958,1959,1960,-1,1960,1959,1961,-1,1960,1961,1962,-1,1962,1961,1963,-1,1964,1965,1966,-1,1966,1965,1967,-1,1966,1967,1968,-1,1968,1967,1969,-1,1968,1969,1970,-1,1970,1969,1971,-1,1970,1971,1972,-1,1972,1971,1973,-1,1972,1973,1974,-1,1974,1973,1975,-1,1974,1975,1976,-1,1976,1975,1977,-1,1976,1977,1978,-1,1978,1977,1979,-1,1978,1979,1980,-1,1980,1979,1981,-1,1980,1981,1982,-1,1982,1981,1983,-1,1982,1983,1984,-1,1984,1983,1985,-1,1984,1985,1986,-1,1986,1985,1987,-1,1986,1987,1988,-1,1988,1987,1989,-1,1988,1989,1990,-1,1990,1989,739,-1,1990,739,740,-1,740,739,1991,-1,740,1991,1992,-1,1992,1991,1993,-1,1992,1993,1994,-1,1994,1993,1995,-1,1994,1995,1996,-1,1996,1995,1997,-1,1996,1997,1998,-1,1998,1997,1999,-1,1998,1999,2000,-1,2000,1999,2001,-1,2000,2001,2002,-1,2002,2001,2003,-1,2002,2003,2004,-1,2004,2003,2005,-1,2004,2005,2006,-1,2006,2005,2007,-1,2006,2007,2008,-1,2008,2007,2009,-1,2008,2009,2010,-1,2010,2009,2011,-1,2010,2011,2012,-1,2012,2011,2013,-1,2012,2013,2014,-1,2014,2013,2015,-1,2014,2015,2016,-1,2016,2015,2017,-1,2016,2017,2018,-1,2018,2017,2019,-1,2018,2019,2020,-1,2020,2019,2021,-1,2020,2021,2022,-1,2022,2021,2023,-1,2022,2023,2024,-1,2024,2023,2025,-1,2024,2025,2026,-1,2026,2025,2027,-1,2026,2027,2028,-1,2028,2027,2029,-1,2028,2029,2030,-1,2030,2029,2031,-1,2030,2031,2032,-1,2032,2031,2033,-1,2032,2033,2034,-1,2034,2033,2035,-1,2034,2035,2036,-1,2036,2035,787,-1,2036,787,788,-1,788,787,2037,-1,788,2037,2038,-1,2038,2037,2039,-1,2038,2039,2040,-1,2040,2039,2041,-1,2040,2041,2042,-1,2042,2041,2043,-1,2042,2043,2044,-1,2044,2043,2045,-1,2044,2045,2046,-1,2046,2045,2047,-1,2046,2047,2048,-1,2048,2047,2049,-1,2048,2049,2050,-1,2050,2049,2051,-1,2050,2051,2052,-1,2052,2051,2053,-1,2052,2053,2054,-1,2054,2053,2055,-1,2054,2055,2056,-1,2056,2055,2057,-1,2056,2057,2058,-1,2058,2057,2059,-1,2058,2059,2060,-1,2060,2059,2061,-1,2060,2061,2062,-1,2062,2061,2063,-1,2062,2063,2064,-1,2064,2063,2065,-1,2064,2065,2066,-1,2066,2065,2067,-1,2066,2067,2068,-1,2068,2067,2069,-1,2068,2069,2070,-1,2070,2069,2071,-1,2070,2071,2072,-1,2072,2071,2073,-1,2072,2073,2074,-1,2074,2073,2075,-1,2074,2075,2076,-1,2076,2075,2077,-1,2076,2077,2078,-1,2078,2077,2079,-1,2078,2079,2080,-1,2080,2079,2081,-1,2080,2081,2082,-1,2082,2081,835,-1,2082,835,836,-1,836,835,2083,-1,836,2083,2084,-1,2084,2083,2085,-1,2084,2085,2086,-1,2086,2085,2087,-1,2086,2087,2088,-1,2088,2087,2089,-1,2088,2089,2090,-1,2090,2089,2091,-1,2090,2091,2092,-1,2092,2091,2093,-1,2092,2093,2094,-1,2094,2093,2095,-1,2094,2095,2096,-1,2096,2095,2097,-1,2096,2097,2098,-1,2098,2097,2099,-1,2098,2099,2100,-1,2100,2099,2101,-1,2100,2101,2102,-1,2102,2101,2103,-1,2102,2103,2104,-1,2104,2103,2105,-1,2104,2105,2106,-1,2106,2105,2107,-1,2106,2107,2108,-1,2108,2107,2109,-1,2108,2109,2110,-1,2110,2109,2111,-1,2110,2111,2112,-1,2112,2111,2113,-1,2112,2113,2114,-1,2114,2113,2115,-1,2114,2115,2116,-1,2116,2115,2117,-1,2116,2117,2118,-1,2118,2117,2119,-1,2118,2119,2120,-1,2120,2119,2121,-1,2120,2121,2122,-1,2122,2121,2123,-1,2122,2123,2124,-1,2124,2123,2125,-1,2124,2125,2126,-1,2126,2125,2127,-1,2126,2127,2128,-1,2128,2127,883,-1,2128,883,884,-1,884,883,2129,-1,884,2129,2130,-1,2130,2129,2131,-1,2130,2131,2132,-1,2132,2131,2133,-1,2132,2133,2134,-1,2134,2133,2135,-1,2134,2135,2136,-1,2136,2135,2137,-1,2136,2137,2138,-1,2138,2137,2139,-1,2138,2139,2140,-1,2140,2139,2141,-1,2140,2141,2142,-1,2142,2141,2143,-1,2142,2143,2144,-1,2144,2143,2145,-1,2144,2145,2146,-1,2146,2145,2147,-1,2146,2147,2148,-1,2148,2147,2149,-1,2148,2149,2150,-1,2150,2149,2151,-1,2150,2151,2152,-1,2152,2151,2153,-1,2152,2153,2154,-1,2154,2153,2155,-1,2154,2155,2156,-1,2156,2155,2157,-1,2156,2157,2158,-1,2158,2157,2159,-1,2158,2159,2160,-1,2160,2159,2161,-1,2160,2161,2162,-1,2162,2161,2163,-1,2162,2163,2164,-1,2164,2163,2165,-1,2164,2165,2166,-1,2166,2165,2167,-1,2166,2167,2168,-1,2168,2167,2169,-1,2168,2169,2170,-1,2170,2169,2171,-1,2170,2171,2172,-1,2172,2171,2173,-1,2172,2173,2174,-1,2174,2173,421,-1,2174,421,422,-1,422,421,2175,-1,422,2175,2176,-1,2176,2175,2177,-1,2176,2177,2178,-1,2178,2177,2179,-1,2178,2179,2180,-1,2180,2179,2181,-1,2180,2181,2182,-1,2182,2181,2183,-1,2182,2183,2184,-1,2184,2183,2185,-1,2184,2185,2186,-1,2186,2185,2187,-1,2186,2187,2188,-1,2188,2187,2189,-1,2188,2189,2190,-1,2190,2189,2191,-1,2190,2191,2192,-1,2192,2191,2193,-1,2192,2193,2194,-1,2194,2193,2195,-1,2194,2195,2196,-1,2196,2195,2197,-1,2196,2197,2198,-1,2198,2197,2199,-1,2198,2199,2200,-1,2200,2199,2201,-1,2200,2201,2202,-1,2202,2201,2203,-1,2202,2203,2204,-1,2204,2203,2205,-1,2204,2205,2206,-1,2206,2205,2207,-1,2206,2207,2208,-1,2208,2207,2209,-1,2208,2209,1824,-1,1824,2209,1825,-1,2210,2211,2212,-1,2212,2211,2213,-1,2212,2213,2214,-1,2214,2213,2215,-1,2214,2215,2216,-1,2216,2215,2217,-1,2216,2217,2218,-1,2218,2217,2219,-1,2218,2219,2220,-1,2220,2219,2221,-1,2220,2221,2222,-1,2222,2221,2223,-1,2222,2223,2224,-1,2224,2223,2225,-1,2224,2225,2226,-1,2226,2225,2227,-1,2226,2227,2228,-1,2228,2227,2229,-1,2228,2229,2230,-1,2230,2229,2231,-1,2230,2231,2232,-1,2232,2231,2233,-1,2232,2233,2234,-1,2234,2233,2235,-1,2234,2235,2236,-1,2236,2235,2237,-1,2236,2237,2238,-1,2238,2237,2239,-1,2238,2239,2240,-1,2240,2239,2241,-1,2240,2241,2242,-1,2242,2241,2243,-1,2242,2243,2244,-1,2244,2243,2245,-1,2244,2245,2246,-1,2246,2245,2247,-1,2246,2247,2248,-1,2248,2247,2249,-1,2248,2249,2250,-1,2250,2249,2251,-1,2250,2251,2252,-1,2252,2251,389,-1,2252,389,390,-1,390,389,2253,-1,390,2253,2254,-1,2254,2253,2255,-1,2254,2255,2256,-1,2256,2255,2257,-1,2256,2257,2258,-1,2258,2257,2259,-1,2258,2259,2260,-1,2260,2259,2261,-1,2260,2261,2262,-1,2262,2261,2263,-1,2262,2263,2264,-1,2264,2263,2265,-1,2264,2265,2266,-1,2266,2265,2267,-1,2266,2267,2268,-1,2268,2267,2269,-1,2268,2269,2270,-1,2270,2269,2271,-1,2270,2271,2272,-1,2272,2271,2273,-1,2272,2273,2274,-1,2274,2273,2275,-1,2274,2275,2276,-1,2276,2275,2277,-1,2276,2277,2278,-1,2278,2277,2279,-1,2278,2279,2280,-1,2280,2279,2281,-1,2280,2281,2282,-1,2282,2281,2283,-1,2282,2283,2284,-1,2284,2283,2285,-1,2284,2285,2286,-1,2286,2285,2287,-1,2286,2287,2288,-1,2288,2287,2289,-1,2288,2289,2290,-1,2290,2289,2291,-1,2290,2291,2292,-1,2292,2291,2293,-1,2292,2293,2294,-1,2294,2293,2295,-1,2294,2295,2296,-1,2296,2295,2297,-1,2296,2297,2298,-1,2298,2297,35,-1,2298,35,36,-1,36,35,2299,-1,36,2299,2300,-1,2300,2299,2301,-1,2300,2301,2302,-1,2302,2301,2303,-1,2302,2303,2304,-1,2304,2303,2305,-1,2304,2305,2306,-1,2306,2305,2307,-1,2306,2307,2308,-1,2308,2307,2309,-1,2308,2309,2310,-1,2310,2309,2311,-1,2310,2311,2312,-1,2312,2311,2313,-1,2312,2313,2314,-1,2314,2313,2315,-1,2314,2315,2316,-1,2316,2315,2317,-1,2316,2317,2318,-1,2318,2317,2319,-1,2318,2319,2320,-1,2320,2319,2321,-1,2320,2321,2322,-1,2322,2321,2323,-1,2322,2323,2324,-1,2324,2323,2325,-1,2324,2325,2326,-1,2326,2325,2327,-1,2326,2327,2328,-1,2328,2327,2329,-1,2328,2329,2330,-1,2330,2329,2331,-1,2330,2331,2332,-1,2332,2331,2333,-1,2332,2333,2334,-1,2334,2333,2335,-1,2334,2335,2336,-1,2336,2335,2337,-1,2336,2337,2338,-1,2338,2337,2339,-1,2338,2339,2340,-1,2340,2339,2341,-1,2340,2341,2342,-1,2342,2341,2343,-1,2342,2343,2344,-1,2344,2343,83,-1,2344,83,84,-1,84,83,2345,-1,84,2345,2346,-1,2346,2345,2347,-1,2346,2347,2348,-1,2348,2347,2349,-1,2348,2349,2350,-1,2350,2349,2351,-1,2350,2351,2352,-1,2352,2351,2353,-1,2352,2353,2354,-1,2354,2353,2355,-1,2354,2355,2356,-1,2356,2355,2357,-1,2356,2357,2358,-1,2358,2357,2359,-1,2358,2359,2360,-1,2360,2359,2361,-1,2360,2361,2362,-1,2362,2361,2363,-1,2362,2363,2364,-1,2364,2363,2365,-1,2364,2365,2366,-1,2366,2365,2367,-1,2366,2367,2368,-1,2368,2367,2369,-1,2368,2369,2370,-1,2370,2369,2371,-1,2370,2371,2372,-1,2372,2371,2373,-1,2372,2373,2374,-1,2374,2373,2375,-1,2374,2375,2376,-1,2376,2375,2377,-1,2376,2377,2378,-1,2378,2377,2379,-1,2378,2379,2380,-1,2380,2379,2381,-1,2380,2381,2382,-1,2382,2381,2383,-1,2382,2383,2384,-1,2384,2383,2385,-1,2384,2385,2386,-1,2386,2385,2387,-1,2386,2387,2388,-1,2388,2387,2389,-1,2388,2389,2390,-1,2390,2389,131,-1,2390,131,132,-1,132,131,2391,-1,132,2391,2392,-1,2392,2391,2393,-1,2392,2393,2394,-1,2394,2393,2395,-1,2394,2395,2396,-1,2396,2395,2397,-1,2396,2397,2398,-1,2398,2397,2399,-1,2398,2399,2400,-1,2400,2399,2401,-1,2400,2401,2402,-1,2402,2401,2403,-1,2402,2403,2404,-1,2404,2403,2405,-1,2404,2405,2406,-1,2406,2405,2407,-1,2406,2407,2408,-1,2408,2407,2409,-1,2408,2409,2410,-1,2410,2409,2411,-1,2410,2411,2412,-1,2412,2411,2413,-1,2412,2413,2414,-1,2414,2413,2415,-1,2414,2415,2416,-1,2416,2415,2417,-1,2416,2417,2418,-1,2418,2417,2419,-1,2418,2419,2420,-1,2420,2419,2421,-1,2420,2421,2422,-1,2422,2421,2423,-1,2422,2423,2424,-1,2424,2423,2425,-1,2424,2425,2426,-1,2426,2425,2427,-1,2426,2427,2428,-1,2428,2427,2429,-1,2428,2429,2430,-1,2430,2429,2431,-1,2430,2431,2432,-1,2432,2431,2433,-1,2432,2433,2434,-1,2434,2433,2435,-1,2434,2435,2436,-1,2436,2435,691,-1,2436,691,692,-1,692,691,2437,-1,692,2437,2438,-1,2438,2437,2439,-1,2438,2439,2440,-1,2440,2439,2441,-1,2440,2441,2442,-1,2442,2441,2443,-1,2442,2443,2444,-1,2444,2443,2445,-1,2444,2445,2446,-1,2446,2445,2447,-1,2446,2447,2448,-1,2448,2447,2449,-1,2448,2449,2450,-1,2450,2449,2451,-1,2450,2451,2452,-1,2452,2451,2453,-1,2452,2453,2454,-1,2454,2453,2455,-1,2454,2455,1964,-1,1964,2455,1965,-1,1962,1963,2456,-1,2456,1963,2457,-1,2456,2457,2458,-1,2458,2457,2459,-1,2458,2459,2460,-1,2460,2459,2461,-1,2460,2461,2462,-1,2462,2461,2463,-1,2462,2463,2464,-1,2464,2463,613,-1,2464,613,614,-1,614,613,2465,-1,614,2465,2466,-1,2466,2465,2467,-1,2466,2467,2468,-1,2468,2467,2469,-1,2468,2469,2470,-1,2470,2469,2471,-1,2470,2471,2472,-1,2472,2471,2473,-1,2472,2473,2474,-1,2474,2473,2475,-1,2474,2475,2476,-1,2476,2475,2477,-1,2476,2477,2478,-1,2478,2477,2479,-1,2478,2479,2480,-1,2480,2479,2481,-1,2480,2481,2482,-1,2482,2481,2483,-1,2482,2483,2484,-1,2484,2483,2485,-1,2484,2485,2486,-1,2486,2485,2487,-1,2486,2487,2488,-1,2488,2487,2489,-1,2488,2489,2490,-1,2490,2489,2491,-1,2490,2491,2492,-1,2492,2491,2493,-1,2492,2493,2494,-1,2494,2493,2495,-1,2494,2495,2496,-1,2496,2495,2497,-1,2496,2497,2498,-1,2498,2497,2499,-1,2498,2499,2500,-1,2500,2499,2501,-1,2500,2501,2502,-1,2502,2501,2503,-1,2502,2503,2504,-1,2504,2503,2505,-1,2504,2505,2506,-1,2506,2505,2507,-1,2506,2507,2508,-1,2508,2507,2509,-1,2508,2509,2510,-1,2510,2509,149,-1,2510,149,150,-1,150,149,2511,-1,150,2511,2512,-1,2512,2511,2513,-1,2512,2513,2514,-1,2514,2513,2515,-1,2514,2515,2516,-1,2516,2515,2517,-1,2516,2517,2518,-1,2518,2517,2519,-1,2518,2519,2520,-1,2520,2519,2521,-1,2520,2521,2522,-1,2522,2521,2523,-1,2522,2523,2524,-1,2524,2523,2525,-1,2524,2525,2526,-1,2526,2525,2527,-1,2526,2527,2528,-1,2528,2527,2529,-1,2528,2529,2530,-1,2530,2529,2531,-1,2530,2531,2532,-1,2532,2531,2533,-1,2532,2533,2534,-1,2534,2533,2535,-1,2534,2535,2536,-1,2536,2535,2537,-1,2536,2537,2538,-1,2538,2537,2539,-1,2538,2539,2540,-1,2540,2539,2541,-1,2540,2541,2542,-1,2542,2541,2543,-1,2542,2543,2544,-1,2544,2543,2545,-1,2544,2545,2546,-1,2546,2545,2547,-1,2546,2547,2548,-1,2548,2547,2549,-1,2548,2549,2550,-1,2550,2549,2551,-1,2550,2551,2552,-1,2552,2551,2553,-1,2552,2553,2554,-1,2554,2553,2555,-1,2554,2555,2556,-1,2556,2555,197,-1,2556,197,198,-1,198,197,2557,-1,198,2557,2558,-1,2558,2557,2559,-1,2558,2559,2560,-1,2560,2559,2561,-1,2560,2561,2562,-1,2562,2561,2563,-1,2562,2563,2564,-1,2564,2563,2565,-1,2564,2565,2566,-1,2566,2565,2567,-1,2566,2567,2568,-1,2568,2567,2569,-1,2568,2569,2570,-1,2570,2569,2571,-1,2570,2571,2572,-1,2572,2571,2573,-1,2572,2573,2574,-1,2574,2573,2575,-1,2574,2575,2576,-1,2576,2575,2577,-1,2576,2577,2578,-1,2578,2577,2579,-1,2578,2579,2580,-1,2580,2579,2581,-1,2580,2581,2582,-1,2582,2581,2583,-1,2582,2583,2584,-1,2584,2583,2585,-1,2584,2585,2586,-1,2586,2585,2587,-1,2586,2587,2588,-1,2588,2587,2589,-1,2588,2589,2590,-1,2590,2589,2591,-1,2590,2591,2592,-1,2592,2591,2593,-1,2592,2593,2594,-1,2594,2593,2595,-1,2594,2595,2596,-1,2596,2595,2597,-1,2596,2597,2598,-1,2598,2597,2599,-1,2598,2599,2600,-1,2600,2599,2601,-1,2600,2601,2602,-1,2602,2601,245,-1,2602,245,246,-1,246,245,2603,-1,246,2603,2604,-1,2604,2603,2605,-1,2604,2605,2606,-1,2606,2605,2607,-1,2606,2607,2608,-1,2608,2607,2609,-1,2608,2609,2610,-1,2610,2609,2611,-1,2610,2611,2612,-1,2612,2611,2613,-1,2612,2613,2614,-1,2614,2613,2615,-1,2614,2615,2616,-1,2616,2615,2617,-1,2616,2617,2618,-1,2618,2617,2619,-1,2618,2619,2620,-1,2620,2619,2621,-1,2620,2621,2622,-1,2622,2621,2623,-1,2622,2623,2624,-1,2624,2623,2625,-1,2624,2625,2626,-1,2626,2625,2627,-1,2626,2627,2628,-1,2628,2627,2629,-1,2628,2629,2630,-1,2630,2629,2631,-1,2630,2631,2632,-1,2632,2631,2633,-1,2632,2633,2634,-1,2634,2633,2635,-1,2634,2635,2636,-1,2636,2635,2637,-1,2636,2637,2638,-1,2638,2637,2639,-1,2638,2639,2640,-1,2640,2639,2641,-1,2640,2641,2642,-1,2642,2641,2643,-1,2642,2643,2644,-1,2644,2643,2645,-1,2644,2645,2646,-1,2646,2645,2647,-1,2646,2647,2648,-1,2648,2647,293,-1,2648,293,294,-1,294,293,2649,-1,294,2649,2650,-1,2650,2649,2651,-1,2650,2651,2652,-1,2652,2651,2653,-1,2652,2653,2654,-1,2654,2653,2655,-1,2654,2655,2656,-1,2656,2655,2657,-1,2656,2657,2658,-1,2658,2657,2659,-1,2658,2659,2660,-1,2660,2659,2661,-1,2660,2661,2662,-1,2662,2661,2663,-1,2662,2663,2664,-1,2664,2663,2665,-1,2664,2665,2666,-1,2666,2665,2667,-1,2666,2667,2668,-1,2668,2667,2669,-1,2668,2669,2670,-1,2670,2669,2671,-1,2670,2671,2672,-1,2672,2671,2673,-1,2672,2673,2674,-1,2674,2673,2675,-1,2674,2675,2676,-1,2676,2675,2677,-1,2676,2677,2678,-1,2678,2677,2679,-1,2678,2679,2680,-1,2680,2679,2681,-1,2680,2681,2682,-1,2682,2681,2683,-1,2682,2683,2684,-1,2684,2683,2685,-1,2684,2685,2686,-1,2686,2685,2687,-1,2686,2687,2688,-1,2688,2687,2689,-1,2688,2689,2690,-1,2690,2689,2691,-1,2690,2691,2692,-1,2692,2691,2693,-1,2692,2693,2694,-1,2694,2693,341,-1,2694,341,342,-1,342,341,2695,-1,342,2695,2696,-1,2696,2695,2697,-1,2696,2697,2210,-1,2210,2697,2211,-1,2698,1826,2699,-1,2699,1826,1828,-1,2699,1828,2700,-1,2700,1828,1830,-1,2700,1830,2701,-1,2701,1830,1832,-1,2701,1832,2702,-1,2702,1832,1834,-1,2702,1834,2703,-1,2703,1834,470,-1,2703,470,1147,-1,1147,470,1836,-1,1147,1836,2704,-1,2704,1836,1838,-1,2704,1838,2705,-1,2705,1838,1840,-1,2705,1840,2706,-1,2706,1840,1842,-1,2706,1842,2707,-1,2707,1842,1844,-1,2707,1844,2708,-1,2708,1844,1846,-1,2708,1846,2709,-1,2709,1846,1848,-1,2709,1848,2710,-1,2710,1848,1850,-1,2710,1850,2711,-1,2711,1850,1852,-1,2711,1852,2712,-1,2712,1852,1854,-1,2712,1854,2713,-1,2713,1854,1856,-1,2713,1856,2714,-1,2714,1856,1858,-1,2714,1858,2715,-1,2715,1858,1860,-1,2715,1860,2716,-1,2716,1860,1862,-1,2716,1862,2717,-1,2717,1862,1864,-1,2717,1864,2718,-1,2718,1864,1866,-1,2718,1866,2719,-1,2719,1866,1868,-1,2719,1868,2720,-1,2720,1868,1870,-1,2720,1870,2721,-1,2721,1870,1872,-1,2721,1872,2722,-1,2722,1872,1874,-1,2722,1874,2723,-1,2723,1874,1876,-1,2723,1876,2724,-1,2724,1876,1878,-1,2724,1878,2725,-1,2725,1878,1880,-1,2725,1880,2726,-1,2726,1880,518,-1,2726,518,1171,-1,1171,518,1882,-1,1171,1882,2727,-1,2727,1882,1884,-1,2727,1884,2728,-1,2728,1884,1886,-1,2728,1886,2729,-1,2729,1886,1888,-1,2729,1888,2730,-1,2730,1888,1890,-1,2730,1890,2731,-1,2731,1890,1892,-1,2731,1892,2732,-1,2732,1892,1894,-1,2732,1894,2733,-1,2733,1894,1896,-1,2733,1896,2734,-1,2734,1896,1898,-1,2734,1898,2735,-1,2735,1898,1900,-1,2735,1900,2736,-1,2736,1900,1902,-1,2736,1902,2737,-1,2737,1902,1904,-1,2737,1904,2738,-1,2738,1904,1906,-1,2738,1906,2739,-1,2739,1906,1908,-1,2739,1908,2740,-1,2740,1908,1910,-1,2740,1910,2741,-1,2741,1910,1912,-1,2741,1912,2742,-1,2742,1912,1914,-1,2742,1914,2743,-1,2743,1914,1916,-1,2743,1916,2744,-1,2744,1916,1918,-1,2744,1918,2745,-1,2745,1918,1920,-1,2745,1920,2746,-1,2746,1920,1922,-1,2746,1922,2747,-1,2747,1922,1924,-1,2747,1924,2748,-1,2748,1924,1926,-1,2748,1926,2749,-1,2749,1926,566,-1,2749,566,1195,-1,1195,566,1928,-1,1195,1928,2750,-1,2750,1928,1930,-1,2750,1930,2751,-1,2751,1930,1932,-1,2751,1932,2752,-1,2752,1932,1934,-1,2752,1934,2753,-1,2753,1934,1936,-1,2753,1936,2754,-1,2754,1936,1938,-1,2754,1938,2755,-1,2755,1938,1940,-1,2755,1940,2756,-1,2756,1940,1942,-1,2756,1942,2757,-1,2757,1942,1944,-1,2757,1944,2758,-1,2758,1944,1946,-1,2758,1946,2759,-1,2759,1946,1948,-1,2759,1948,2760,-1,2760,1948,1950,-1,2760,1950,2761,-1,2761,1950,1952,-1,2761,1952,2762,-1,2762,1952,1954,-1,2762,1954,2763,-1,2763,1954,1956,-1,2763,1956,2764,-1,2764,1956,1958,-1,2764,1958,2765,-1,2765,1958,1960,-1,2765,1960,2766,-1,2766,1960,1962,-1,2766,1962,2767,-1,2767,1962,2456,-1,2768,1966,2769,-1,2769,1966,1968,-1,2769,1968,2770,-1,2770,1968,1970,-1,2770,1970,2771,-1,2771,1970,1972,-1,2771,1972,2772,-1,2772,1972,1974,-1,2772,1974,2773,-1,2773,1974,1976,-1,2773,1976,2774,-1,2774,1976,1978,-1,2774,1978,2775,-1,2775,1978,1980,-1,2775,1980,2776,-1,2776,1980,1982,-1,2776,1982,2777,-1,2777,1982,1984,-1,2777,1984,2778,-1,2778,1984,1986,-1,2778,1986,2779,-1,2779,1986,1988,-1,2779,1988,2780,-1,2780,1988,1990,-1,2780,1990,2781,-1,2781,1990,740,-1,2781,740,1282,-1,1282,740,1992,-1,1282,1992,2782,-1,2782,1992,1994,-1,2782,1994,2783,-1,2783,1994,1996,-1,2783,1996,2784,-1,2784,1996,1998,-1,2784,1998,2785,-1,2785,1998,2000,-1,2785,2000,2786,-1,2786,2000,2002,-1,2786,2002,2787,-1,2787,2002,2004,-1,2787,2004,2788,-1,2788,2004,2006,-1,2788,2006,2789,-1,2789,2006,2008,-1,2789,2008,2790,-1,2790,2008,2010,-1,2790,2010,2791,-1,2791,2010,2012,-1,2791,2012,2792,-1,2792,2012,2014,-1,2792,2014,2793,-1,2793,2014,2016,-1,2793,2016,2794,-1,2794,2016,2018,-1,2794,2018,2795,-1,2795,2018,2020,-1,2795,2020,2796,-1,2796,2020,2022,-1,2796,2022,2797,-1,2797,2022,2024,-1,2797,2024,2798,-1,2798,2024,2026,-1,2798,2026,2799,-1,2799,2026,2028,-1,2799,2028,2800,-1,2800,2028,2030,-1,2800,2030,2801,-1,2801,2030,2032,-1,2801,2032,2802,-1,2802,2032,2034,-1,2802,2034,2803,-1,2803,2034,2036,-1,2803,2036,2804,-1,2804,2036,788,-1,2804,788,1306,-1,1306,788,2038,-1,1306,2038,2805,-1,2805,2038,2040,-1,2805,2040,2806,-1,2806,2040,2042,-1,2806,2042,2807,-1,2807,2042,2044,-1,2807,2044,2808,-1,2808,2044,2046,-1,2808,2046,2809,-1,2809,2046,2048,-1,2809,2048,2810,-1,2810,2048,2050,-1,2810,2050,2811,-1,2811,2050,2052,-1,2811,2052,2812,-1,2812,2052,2054,-1,2812,2054,2813,-1,2813,2054,2056,-1,2813,2056,2814,-1,2814,2056,2058,-1,2814,2058,2815,-1,2815,2058,2060,-1,2815,2060,2816,-1,2816,2060,2062,-1,2816,2062,2817,-1,2817,2062,2064,-1,2817,2064,2818,-1,2818,2064,2066,-1,2818,2066,2819,-1,2819,2066,2068,-1,2819,2068,2820,-1,2820,2068,2070,-1,2820,2070,2821,-1,2821,2070,2072,-1,2821,2072,2822,-1,2822,2072,2074,-1,2822,2074,2823,-1,2823,2074,2076,-1,2823,2076,2824,-1,2824,2076,2078,-1,2824,2078,2825,-1,2825,2078,2080,-1,2825,2080,2826,-1,2826,2080,2082,-1,2826,2082,2827,-1,2827,2082,836,-1,2827,836,1330,-1,1330,836,2084,-1,1330,2084,2828,-1,2828,2084,2086,-1,2828,2086,2829,-1,2829,2086,2088,-1,2829,2088,2830,-1,2830,2088,2090,-1,2830,2090,2831,-1,2831,2090,2092,-1,2831,2092,2832,-1,2832,2092,2094,-1,2832,2094,2833,-1,2833,2094,2096,-1,2833,2096,2834,-1,2834,2096,2098,-1,2834,2098,2835,-1,2835,2098,2100,-1,2835,2100,2836,-1,2836,2100,2102,-1,2836,2102,2837,-1,2837,2102,2104,-1,2837,2104,2838,-1,2838,2104,2106,-1,2838,2106,2839,-1,2839,2106,2108,-1,2839,2108,2840,-1,2840,2108,2110,-1,2840,2110,2841,-1,2841,2110,2112,-1,2841,2112,2842,-1,2842,2112,2114,-1,2842,2114,2843,-1,2843,2114,2116,-1,2843,2116,2844,-1,2844,2116,2118,-1,2844,2118,2845,-1,2845,2118,2120,-1,2845,2120,2846,-1,2846,2120,2122,-1,2846,2122,2847,-1,2847,2122,2124,-1,2847,2124,2848,-1,2848,2124,2126,-1,2848,2126,2849,-1,2849,2126,2128,-1,2849,2128,2850,-1,2850,2128,884,-1,2850,884,1354,-1,1354,884,2130,-1,1354,2130,2851,-1,2851,2130,2132,-1,2851,2132,2852,-1,2852,2132,2134,-1,2852,2134,2853,-1,2853,2134,2136,-1,2853,2136,2854,-1,2854,2136,2138,-1,2854,2138,2855,-1,2855,2138,2140,-1,2855,2140,2856,-1,2856,2140,2142,-1,2856,2142,2857,-1,2857,2142,2144,-1,2857,2144,2858,-1,2858,2144,2146,-1,2858,2146,2859,-1,2859,2146,2148,-1,2859,2148,2860,-1,2860,2148,2150,-1,2860,2150,2861,-1,2861,2150,2152,-1,2861,2152,2862,-1,2862,2152,2154,-1,2862,2154,2863,-1,2863,2154,2156,-1,2863,2156,2864,-1,2864,2156,2158,-1,2864,2158,2865,-1,2865,2158,2160,-1,2865,2160,2866,-1,2866,2160,2162,-1,2866,2162,2867,-1,2867,2162,2164,-1,2867,2164,2868,-1,2868,2164,2166,-1,2868,2166,2869,-1,2869,2166,2168,-1,2869,2168,2870,-1,2870,2168,2170,-1,2870,2170,2871,-1,2871,2170,2172,-1,2871,2172,2872,-1,2872,2172,2174,-1,2872,2174,2873,-1,2873,2174,422,-1,2873,422,1123,-1,1123,422,2176,-1,1123,2176,2874,-1,2874,2176,2178,-1,2874,2178,2875,-1,2875,2178,2180,-1,2875,2180,2876,-1,2876,2180,2182,-1,2876,2182,2877,-1,2877,2182,2184,-1,2877,2184,2878,-1,2878,2184,2186,-1,2878,2186,2879,-1,2879,2186,2188,-1,2879,2188,2880,-1,2880,2188,2190,-1,2880,2190,2881,-1,2881,2190,2192,-1,2881,2192,2882,-1,2882,2192,2194,-1,2882,2194,2883,-1,2883,2194,2196,-1,2883,2196,2884,-1,2884,2196,2198,-1,2884,2198,2885,-1,2885,2198,2200,-1,2885,2200,2886,-1,2886,2200,2202,-1,2886,2202,2887,-1,2887,2202,2204,-1,2887,2204,2888,-1,2888,2204,2206,-1,2888,2206,2889,-1,2889,2206,2208,-1,2889,2208,2890,-1,2890,2208,1824,-1,2890,1824,2698,-1,2698,1824,1826,-1,2891,2212,2892,-1,2892,2212,2214,-1,2892,2214,2893,-1,2893,2214,2216,-1,2893,2216,2894,-1,2894,2216,2218,-1,2894,2218,2895,-1,2895,2218,2220,-1,2895,2220,2896,-1,2896,2220,2222,-1,2896,2222,2897,-1,2897,2222,2224,-1,2897,2224,2898,-1,2898,2224,2226,-1,2898,2226,2899,-1,2899,2226,2228,-1,2899,2228,2900,-1,2900,2228,2230,-1,2900,2230,2901,-1,2901,2230,2232,-1,2901,2232,2902,-1,2902,2232,2234,-1,2902,2234,2903,-1,2903,2234,2236,-1,2903,2236,2904,-1,2904,2236,2238,-1,2904,2238,2905,-1,2905,2238,2240,-1,2905,2240,2906,-1,2906,2240,2242,-1,2906,2242,2907,-1,2907,2242,2244,-1,2907,2244,2908,-1,2908,2244,2246,-1,2908,2246,2909,-1,2909,2246,2248,-1,2909,2248,2910,-1,2910,2248,2250,-1,2910,2250,2911,-1,2911,2250,2252,-1,2911,2252,2912,-1,2912,2252,390,-1,2912,390,1107,-1,1107,390,2254,-1,1107,2254,2913,-1,2913,2254,2256,-1,2913,2256,2914,-1,2914,2256,2258,-1,2914,2258,2915,-1,2915,2258,2260,-1,2915,2260,2916,-1,2916,2260,2262,-1,2916,2262,2917,-1,2917,2262,2264,-1,2917,2264,2918,-1,2918,2264,2266,-1,2918,2266,2919,-1,2919,2266,2268,-1,2919,2268,2920,-1,2920,2268,2270,-1,2920,2270,2921,-1,2921,2270,2272,-1,2921,2272,2922,-1,2922,2272,2274,-1,2922,2274,2923,-1,2923,2274,2276,-1,2923,2276,2924,-1,2924,2276,2278,-1,2924,2278,2925,-1,2925,2278,2280,-1,2925,2280,2926,-1,2926,2280,2282,-1,2926,2282,2927,-1,2927,2282,2284,-1,2927,2284,2928,-1,2928,2284,2286,-1,2928,2286,2929,-1,2929,2286,2288,-1,2929,2288,2930,-1,2930,2288,2290,-1,2930,2290,2931,-1,2931,2290,2292,-1,2931,2292,2932,-1,2932,2292,2294,-1,2932,2294,2933,-1,2933,2294,2296,-1,2933,2296,2934,-1,2934,2296,2298,-1,2934,2298,2935,-1,2935,2298,36,-1,2935,36,930,-1,930,36,2300,-1,930,2300,2936,-1,2936,2300,2302,-1,2936,2302,2937,-1,2937,2302,2304,-1,2937,2304,2938,-1,2938,2304,2306,-1,2938,2306,2939,-1,2939,2306,2308,-1,2939,2308,2940,-1,2940,2308,2310,-1,2940,2310,2941,-1,2941,2310,2312,-1,2941,2312,2942,-1,2942,2312,2314,-1,2942,2314,2943,-1,2943,2314,2316,-1,2943,2316,2944,-1,2944,2316,2318,-1,2944,2318,2945,-1,2945,2318,2320,-1,2945,2320,2946,-1,2946,2320,2322,-1,2946,2322,2947,-1,2947,2322,2324,-1,2947,2324,2948,-1,2948,2324,2326,-1,2948,2326,2949,-1,2949,2326,2328,-1,2949,2328,2950,-1,2950,2328,2330,-1,2950,2330,2951,-1,2951,2330,2332,-1,2951,2332,2952,-1,2952,2332,2334,-1,2952,2334,2953,-1,2953,2334,2336,-1,2953,2336,2954,-1,2954,2336,2338,-1,2954,2338,2955,-1,2955,2338,2340,-1,2955,2340,2956,-1,2956,2340,2342,-1,2956,2342,2957,-1,2957,2342,2344,-1,2957,2344,2958,-1,2958,2344,84,-1,2958,84,954,-1,954,84,2346,-1,954,2346,2959,-1,2959,2346,2348,-1,2959,2348,2960,-1,2960,2348,2350,-1,2960,2350,2961,-1,2961,2350,2352,-1,2961,2352,2962,-1,2962,2352,2354,-1,2962,2354,2963,-1,2963,2354,2356,-1,2963,2356,2964,-1,2964,2356,2358,-1,2964,2358,2965,-1,2965,2358,2360,-1,2965,2360,2966,-1,2966,2360,2362,-1,2966,2362,2967,-1,2967,2362,2364,-1,2967,2364,2968,-1,2968,2364,2366,-1,2968,2366,2969,-1,2969,2366,2368,-1,2969,2368,2970,-1,2970,2368,2370,-1,2970,2370,2971,-1,2971,2370,2372,-1,2971,2372,2972,-1,2972,2372,2374,-1,2972,2374,2973,-1,2973,2374,2376,-1,2973,2376,2974,-1,2974,2376,2378,-1,2974,2378,2975,-1,2975,2378,2380,-1,2975,2380,2976,-1,2976,2380,2382,-1,2976,2382,2977,-1,2977,2382,2384,-1,2977,2384,2978,-1,2978,2384,2386,-1,2978,2386,2979,-1,2979,2386,2388,-1,2979,2388,2980,-1,2980,2388,2390,-1,2980,2390,2981,-1,2981,2390,132,-1,2981,132,978,-1,978,132,2392,-1,978,2392,2982,-1,2982,2392,2394,-1,2982,2394,2983,-1,2983,2394,2396,-1,2983,2396,2984,-1,2984,2396,2398,-1,2984,2398,2985,-1,2985,2398,2400,-1,2985,2400,2986,-1,2986,2400,2402,-1,2986,2402,2987,-1,2987,2402,2404,-1,2987,2404,2988,-1,2988,2404,2406,-1,2988,2406,2989,-1,2989,2406,2408,-1,2989,2408,2990,-1,2990,2408,2410,-1,2990,2410,2991,-1,2991,2410,2412,-1,2991,2412,2992,-1,2992,2412,2414,-1,2992,2414,2993,-1,2993,2414,2416,-1,2993,2416,2994,-1,2994,2416,2418,-1,2994,2418,2995,-1,2995,2418,2420,-1,2995,2420,2996,-1,2996,2420,2422,-1,2996,2422,2997,-1,2997,2422,2424,-1,2997,2424,2998,-1,2998,2424,2426,-1,2998,2426,2999,-1,2999,2426,2428,-1,2999,2428,3000,-1,3000,2428,2430,-1,3000,2430,3001,-1,3001,2430,2432,-1,3001,2432,3002,-1,3002,2432,2434,-1,3002,2434,3003,-1,3003,2434,2436,-1,3003,2436,3004,-1,3004,2436,692,-1,3004,692,1258,-1,1258,692,2438,-1,1258,2438,3005,-1,3005,2438,2440,-1,3005,2440,3006,-1,3006,2440,2442,-1,3006,2442,3007,-1,3007,2442,2444,-1,3007,2444,3008,-1,3008,2444,2446,-1,3008,2446,3009,-1,3009,2446,2448,-1,3009,2448,3010,-1,3010,2448,2450,-1,3010,2450,3011,-1,3011,2450,2452,-1,3011,2452,3012,-1,3012,2452,2454,-1,3012,2454,3013,-1,3013,2454,1964,-1,3013,1964,2768,-1,2768,1964,1966,-1,2767,2456,3014,-1,3014,2456,2458,-1,3014,2458,3015,-1,3015,2458,2460,-1,3015,2460,3016,-1,3016,2460,2462,-1,3016,2462,3017,-1,3017,2462,2464,-1,3017,2464,3018,-1,3018,2464,614,-1,3018,614,1219,-1,1219,614,2466,-1,1219,2466,3019,-1,3019,2466,2468,-1,3019,2468,3020,-1,3020,2468,2470,-1,3020,2470,3021,-1,3021,2470,2472,-1,3021,2472,3022,-1,3022,2472,2474,-1,3022,2474,3023,-1,3023,2474,2476,-1,3023,2476,3024,-1,3024,2476,2478,-1,3024,2478,3025,-1,3025,2478,2480,-1,3025,2480,3026,-1,3026,2480,2482,-1,3026,2482,3027,-1,3027,2482,2484,-1,3027,2484,3028,-1,3028,2484,2486,-1,3028,2486,3029,-1,3029,2486,2488,-1,3029,2488,3030,-1,3030,2488,2490,-1,3030,2490,3031,-1,3031,2490,2492,-1,3031,2492,3032,-1,3032,2492,2494,-1,3032,2494,3033,-1,3033,2494,2496,-1,3033,2496,3034,-1,3034,2496,2498,-1,3034,2498,3035,-1,3035,2498,2500,-1,3035,2500,3036,-1,3036,2500,2502,-1,3036,2502,3037,-1,3037,2502,2504,-1,3037,2504,3038,-1,3038,2504,2506,-1,3038,2506,3039,-1,3039,2506,2508,-1,3039,2508,3040,-1,3040,2508,2510,-1,3040,2510,3041,-1,3041,2510,150,-1,3041,150,987,-1,987,150,2512,-1,987,2512,3042,-1,3042,2512,2514,-1,3042,2514,3043,-1,3043,2514,2516,-1,3043,2516,3044,-1,3044,2516,2518,-1,3044,2518,3045,-1,3045,2518,2520,-1,3045,2520,3046,-1,3046,2520,2522,-1,3046,2522,3047,-1,3047,2522,2524,-1,3047,2524,3048,-1,3048,2524,2526,-1,3048,2526,3049,-1,3049,2526,2528,-1,3049,2528,3050,-1,3050,2528,2530,-1,3050,2530,3051,-1,3051,2530,2532,-1,3051,2532,3052,-1,3052,2532,2534,-1,3052,2534,3053,-1,3053,2534,2536,-1,3053,2536,3054,-1,3054,2536,2538,-1,3054,2538,3055,-1,3055,2538,2540,-1,3055,2540,3056,-1,3056,2540,2542,-1,3056,2542,3057,-1,3057,2542,2544,-1,3057,2544,3058,-1,3058,2544,2546,-1,3058,2546,3059,-1,3059,2546,2548,-1,3059,2548,3060,-1,3060,2548,2550,-1,3060,2550,3061,-1,3061,2550,2552,-1,3061,2552,3062,-1,3062,2552,2554,-1,3062,2554,3063,-1,3063,2554,2556,-1,3063,2556,3064,-1,3064,2556,198,-1,3064,198,1011,-1,1011,198,2558,-1,1011,2558,3065,-1,3065,2558,2560,-1,3065,2560,3066,-1,3066,2560,2562,-1,3066,2562,3067,-1,3067,2562,2564,-1,3067,2564,3068,-1,3068,2564,2566,-1,3068,2566,3069,-1,3069,2566,2568,-1,3069,2568,3070,-1,3070,2568,2570,-1,3070,2570,3071,-1,3071,2570,2572,-1,3071,2572,3072,-1,3072,2572,2574,-1,3072,2574,3073,-1,3073,2574,2576,-1,3073,2576,3074,-1,3074,2576,2578,-1,3074,2578,3075,-1,3075,2578,2580,-1,3075,2580,3076,-1,3076,2580,2582,-1,3076,2582,3077,-1,3077,2582,2584,-1,3077,2584,3078,-1,3078,2584,2586,-1,3078,2586,3079,-1,3079,2586,2588,-1,3079,2588,3080,-1,3080,2588,2590,-1,3080,2590,3081,-1,3081,2590,2592,-1,3081,2592,3082,-1,3082,2592,2594,-1,3082,2594,3083,-1,3083,2594,2596,-1,3083,2596,3084,-1,3084,2596,2598,-1,3084,2598,3085,-1,3085,2598,2600,-1,3085,2600,3086,-1,3086,2600,2602,-1,3086,2602,3087,-1,3087,2602,246,-1,3087,246,1035,-1,1035,246,2604,-1,1035,2604,3088,-1,3088,2604,2606,-1,3088,2606,3089,-1,3089,2606,2608,-1,3089,2608,3090,-1,3090,2608,2610,-1,3090,2610,3091,-1,3091,2610,2612,-1,3091,2612,3092,-1,3092,2612,2614,-1,3092,2614,3093,-1,3093,2614,2616,-1,3093,2616,3094,-1,3094,2616,2618,-1,3094,2618,3095,-1,3095,2618,2620,-1,3095,2620,3096,-1,3096,2620,2622,-1,3096,2622,3097,-1,3097,2622,2624,-1,3097,2624,3098,-1,3098,2624,2626,-1,3098,2626,3099,-1,3099,2626,2628,-1,3099,2628,3100,-1,3100,2628,2630,-1,3100,2630,3101,-1,3101,2630,2632,-1,3101,2632,3102,-1,3102,2632,2634,-1,3102,2634,3103,-1,3103,2634,2636,-1,3103,2636,3104,-1,3104,2636,2638,-1,3104,2638,3105,-1,3105,2638,2640,-1,3105,2640,3106,-1,3106,2640,2642,-1,3106,2642,3107,-1,3107,2642,2644,-1,3107,2644,3108,-1,3108,2644,2646,-1,3108,2646,3109,-1,3109,2646,2648,-1,3109,2648,3110,-1,3110,2648,294,-1,3110,294,1059,-1,1059,294,2650,-1,1059,2650,3111,-1,3111,2650,2652,-1,3111,2652,3112,-1,3112,2652,2654,-1,3112,2654,3113,-1,3113,2654,2656,-1,3113,2656,3114,-1,3114,2656,2658,-1,3114,2658,3115,-1,3115,2658,2660,-1,3115,2660,3116,-1,3116,2660,2662,-1,3116,2662,3117,-1,3117,2662,2664,-1,3117,2664,3118,-1,3118,2664,2666,-1,3118,2666,3119,-1,3119,2666,2668,-1,3119,2668,3120,-1,3120,2668,2670,-1,3120,2670,3121,-1,3121,2670,2672,-1,3121,2672,3122,-1,3122,2672,2674,-1,3122,2674,3123,-1,3123,2674,2676,-1,3123,2676,3124,-1,3124,2676,2678,-1,3124,2678,3125,-1,3125,2678,2680,-1,3125,2680,3126,-1,3126,2680,2682,-1,3126,2682,3127,-1,3127,2682,2684,-1,3127,2684,3128,-1,3128,2684,2686,-1,3128,2686,3129,-1,3129,2686,2688,-1,3129,2688,3130,-1,3130,2688,2690,-1,3130,2690,3131,-1,3131,2690,2692,-1,3131,2692,3132,-1,3132,2692,2694,-1,3132,2694,3133,-1,3133,2694,342,-1,3133,342,1083,-1,1083,342,2696,-1,1083,2696,3134,-1,3134,2696,2210,-1,3134,2210,2891,-1,2891,2210,2212,-1,3135,2699,3136,-1,3136,2699,2700,-1,3136,2700,3137,-1,3137,2700,2701,-1,3137,2701,3138,-1,3138,2701,2702,-1,3138,2702,3139,-1,3139,2702,2703,-1,3139,2703,3140,-1,3140,2703,1147,-1,3140,1147,1603,-1,1603,1147,2704,-1,1603,2704,3141,-1,3141,2704,2705,-1,3141,2705,3142,-1,3142,2705,2706,-1,3142,2706,3143,-1,3143,2706,2707,-1,3143,2707,3144,-1,3144,2707,2708,-1,3144,2708,3145,-1,3145,2708,2709,-1,3145,2709,3146,-1,3146,2709,2710,-1,3146,2710,3147,-1,3147,2710,2711,-1,3147,2711,3148,-1,3148,2711,2712,-1,3148,2712,3149,-1,3149,2712,2713,-1,3149,2713,3150,-1,3150,2713,2714,-1,3150,2714,3151,-1,3151,2714,2715,-1,3151,2715,3152,-1,3152,2715,2716,-1,3152,2716,3153,-1,3153,2716,2717,-1,3153,2717,3154,-1,3154,2717,2718,-1,3154,2718,3155,-1,3155,2718,2719,-1,3155,2719,3156,-1,3156,2719,2720,-1,3156,2720,3157,-1,3157,2720,2721,-1,3157,2721,3158,-1,3158,2721,2722,-1,3158,2722,3159,-1,3159,2722,2723,-1,3159,2723,3160,-1,3160,2723,2724,-1,3160,2724,3161,-1,3161,2724,2725,-1,3161,2725,3162,-1,3162,2725,2726,-1,3162,2726,3163,-1,3163,2726,1171,-1,3163,1171,1627,-1,1627,1171,2727,-1,1627,2727,3164,-1,3164,2727,2728,-1,3164,2728,3165,-1,3165,2728,2729,-1,3165,2729,3166,-1,3166,2729,2730,-1,3166,2730,3167,-1,3167,2730,2731,-1,3167,2731,3168,-1,3168,2731,2732,-1,3168,2732,3169,-1,3169,2732,2733,-1,3169,2733,3170,-1,3170,2733,2734,-1,3170,2734,3171,-1,3171,2734,2735,-1,3171,2735,3172,-1,3172,2735,2736,-1,3172,2736,3173,-1,3173,2736,2737,-1,3173,2737,3174,-1,3174,2737,2738,-1,3174,2738,3175,-1,3175,2738,2739,-1,3175,2739,3176,-1,3176,2739,2740,-1,3176,2740,3177,-1,3177,2740,2741,-1,3177,2741,3178,-1,3178,2741,2742,-1,3178,2742,3179,-1,3179,2742,2743,-1,3179,2743,3180,-1,3180,2743,2744,-1,3180,2744,3181,-1,3181,2744,2745,-1,3181,2745,3182,-1,3182,2745,2746,-1,3182,2746,3183,-1,3183,2746,2747,-1,3183,2747,3184,-1,3184,2747,2748,-1,3184,2748,3185,-1,3185,2748,2749,-1,3185,2749,3186,-1,3186,2749,1195,-1,3186,1195,1651,-1,1651,1195,2750,-1,1651,2750,3187,-1,3187,2750,2751,-1,3187,2751,3188,-1,3188,2751,2752,-1,3188,2752,3189,-1,3189,2752,2753,-1,3189,2753,3190,-1,3190,2753,2754,-1,3190,2754,3191,-1,3191,2754,2755,-1,3191,2755,3192,-1,3192,2755,2756,-1,3192,2756,3193,-1,3193,2756,2757,-1,3193,2757,3194,-1,3194,2757,2758,-1,3194,2758,3195,-1,3195,2758,2759,-1,3195,2759,3196,-1,3196,2759,2760,-1,3196,2760,3197,-1,3197,2760,2761,-1,3197,2761,3198,-1,3198,2761,2762,-1,3198,2762,3199,-1,3199,2762,2763,-1,3199,2763,3200,-1,3200,2763,2764,-1,3200,2764,3201,-1,3201,2764,2765,-1,3201,2765,3202,-1,3202,2765,2766,-1,3202,2766,3203,-1,3203,2766,2767,-1,3203,2767,3204,-1,3204,2767,3014,-1,3205,2769,3206,-1,3206,2769,2770,-1,3206,2770,3207,-1,3207,2770,2771,-1,3207,2771,3208,-1,3208,2771,2772,-1,3208,2772,3209,-1,3209,2772,2773,-1,3209,2773,3210,-1,3210,2773,2774,-1,3210,2774,3211,-1,3211,2774,2775,-1,3211,2775,3212,-1,3212,2775,2776,-1,3212,2776,3213,-1,3213,2776,2777,-1,3213,2777,3214,-1,3214,2777,2778,-1,3214,2778,3215,-1,3215,2778,2779,-1,3215,2779,3216,-1,3216,2779,2780,-1,3216,2780,3217,-1,3217,2780,2781,-1,3217,2781,3218,-1,3218,2781,1282,-1,3218,1282,1738,-1,1738,1282,2782,-1,1738,2782,3219,-1,3219,2782,2783,-1,3219,2783,3220,-1,3220,2783,2784,-1,3220,2784,3221,-1,3221,2784,2785,-1,3221,2785,3222,-1,3222,2785,2786,-1,3222,2786,3223,-1,3223,2786,2787,-1,3223,2787,3224,-1,3224,2787,2788,-1,3224,2788,3225,-1,3225,2788,2789,-1,3225,2789,3226,-1,3226,2789,2790,-1,3226,2790,3227,-1,3227,2790,2791,-1,3227,2791,3228,-1,3228,2791,2792,-1,3228,2792,3229,-1,3229,2792,2793,-1,3229,2793,3230,-1,3230,2793,2794,-1,3230,2794,3231,-1,3231,2794,2795,-1,3231,2795,3232,-1,3232,2795,2796,-1,3232,2796,3233,-1,3233,2796,2797,-1,3233,2797,3234,-1,3234,2797,2798,-1,3234,2798,3235,-1,3235,2798,2799,-1,3235,2799,3236,-1,3236,2799,2800,-1,3236,2800,3237,-1,3237,2800,2801,-1,3237,2801,3238,-1,3238,2801,2802,-1,3238,2802,3239,-1,3239,2802,2803,-1,3239,2803,3240,-1,3240,2803,2804,-1,3240,2804,3241,-1,3241,2804,1306,-1,3241,1306,1762,-1,1762,1306,2805,-1,1762,2805,3242,-1,3242,2805,2806,-1,3242,2806,3243,-1,3243,2806,2807,-1,3243,2807,3244,-1,3244,2807,2808,-1,3244,2808,3245,-1,3245,2808,2809,-1,3245,2809,3246,-1,3246,2809,2810,-1,3246,2810,3247,-1,3247,2810,2811,-1,3247,2811,3248,-1,3248,2811,2812,-1,3248,2812,3249,-1,3249,2812,2813,-1,3249,2813,3250,-1,3250,2813,2814,-1,3250,2814,3251,-1,3251,2814,2815,-1,3251,2815,3252,-1,3252,2815,2816,-1,3252,2816,3253,-1,3253,2816,2817,-1,3253,2817,3254,-1,3254,2817,2818,-1,3254,2818,3255,-1,3255,2818,2819,-1,3255,2819,3256,-1,3256,2819,2820,-1,3256,2820,3257,-1,3257,2820,2821,-1,3257,2821,3258,-1,3258,2821,2822,-1,3258,2822,3259,-1,3259,2822,2823,-1,3259,2823,3260,-1,3260,2823,2824,-1,3260,2824,3261,-1,3261,2824,2825,-1,3261,2825,3262,-1,3262,2825,2826,-1,3262,2826,3263,-1,3263,2826,2827,-1,3263,2827,3264,-1,3264,2827,1330,-1,3264,1330,1786,-1,1786,1330,2828,-1,1786,2828,3265,-1,3265,2828,2829,-1,3265,2829,3266,-1,3266,2829,2830,-1,3266,2830,3267,-1,3267,2830,2831,-1,3267,2831,3268,-1,3268,2831,2832,-1,3268,2832,3269,-1,3269,2832,2833,-1,3269,2833,3270,-1,3270,2833,2834,-1,3270,2834,3271,-1,3271,2834,2835,-1,3271,2835,3272,-1,3272,2835,2836,-1,3272,2836,3273,-1,3273,2836,2837,-1,3273,2837,3274,-1,3274,2837,2838,-1,3274,2838,3275,-1,3275,2838,2839,-1,3275,2839,3276,-1,3276,2839,2840,-1,3276,2840,3277,-1,3277,2840,2841,-1,3277,2841,3278,-1,3278,2841,2842,-1,3278,2842,3279,-1,3279,2842,2843,-1,3279,2843,3280,-1,3280,2843,2844,-1,3280,2844,3281,-1,3281,2844,2845,-1,3281,2845,3282,-1,3282,2845,2846,-1,3282,2846,3283,-1,3283,2846,2847,-1,3283,2847,3284,-1,3284,2847,2848,-1,3284,2848,3285,-1,3285,2848,2849,-1,3285,2849,3286,-1,3286,2849,2850,-1,3286,2850,3287,-1,3287,2850,1354,-1,3287,1354,1810,-1,1810,1354,2851,-1,1810,2851,3288,-1,3288,2851,2852,-1,3288,2852,3289,-1,3289,2852,2853,-1,3289,2853,3290,-1,3290,2853,2854,-1,3290,2854,3291,-1,3291,2854,2855,-1,3291,2855,3292,-1,3292,2855,2856,-1,3292,2856,3293,-1,3293,2856,2857,-1,3293,2857,3294,-1,3294,2857,2858,-1,3294,2858,3295,-1,3295,2858,2859,-1,3295,2859,3296,-1,3296,2859,2860,-1,3296,2860,3297,-1,3297,2860,2861,-1,3297,2861,3298,-1,3298,2861,2862,-1,3298,2862,3299,-1,3299,2862,2863,-1,3299,2863,3300,-1,3300,2863,2864,-1,3300,2864,3301,-1,3301,2864,2865,-1,3301,2865,3302,-1,3302,2865,2866,-1,3302,2866,3303,-1,3303,2866,2867,-1,3303,2867,3304,-1,3304,2867,2868,-1,3304,2868,3305,-1,3305,2868,2869,-1,3305,2869,3306,-1,3306,2869,2870,-1,3306,2870,3307,-1,3307,2870,2871,-1,3307,2871,3308,-1,3308,2871,2872,-1,3308,2872,3309,-1,3309,2872,2873,-1,3309,2873,3310,-1,3310,2873,1123,-1,3310,1123,1579,-1,1579,1123,2874,-1,1579,2874,3311,-1,3311,2874,2875,-1,3311,2875,3312,-1,3312,2875,2876,-1,3312,2876,3313,-1,3313,2876,2877,-1,3313,2877,3314,-1,3314,2877,2878,-1,3314,2878,3315,-1,3315,2878,2879,-1,3315,2879,3316,-1,3316,2879,2880,-1,3316,2880,3317,-1,3317,2880,2881,-1,3317,2881,3318,-1,3318,2881,2882,-1,3318,2882,3319,-1,3319,2882,2883,-1,3319,2883,3320,-1,3320,2883,2884,-1,3320,2884,3321,-1,3321,2884,2885,-1,3321,2885,3322,-1,3322,2885,2886,-1,3322,2886,3323,-1,3323,2886,2887,-1,3323,2887,3324,-1,3324,2887,2888,-1,3324,2888,3325,-1,3325,2888,2889,-1,3325,2889,3326,-1,3326,2889,2890,-1,3326,2890,3327,-1,3327,2890,2698,-1,3327,2698,3135,-1,3135,2698,2699,-1,3328,2892,3329,-1,3329,2892,2893,-1,3329,2893,3330,-1,3330,2893,2894,-1,3330,2894,3331,-1,3331,2894,2895,-1,3331,2895,3332,-1,3332,2895,2896,-1,3332,2896,3333,-1,3333,2896,2897,-1,3333,2897,3334,-1,3334,2897,2898,-1,3334,2898,3335,-1,3335,2898,2899,-1,3335,2899,3336,-1,3336,2899,2900,-1,3336,2900,3337,-1,3337,2900,2901,-1,3337,2901,3338,-1,3338,2901,2902,-1,3338,2902,3339,-1,3339,2902,2903,-1,3339,2903,3340,-1,3340,2903,2904,-1,3340,2904,3341,-1,3341,2904,2905,-1,3341,2905,3342,-1,3342,2905,2906,-1,3342,2906,3343,-1,3343,2906,2907,-1,3343,2907,3344,-1,3344,2907,2908,-1,3344,2908,3345,-1,3345,2908,2909,-1,3345,2909,3346,-1,3346,2909,2910,-1,3346,2910,3347,-1,3347,2910,2911,-1,3347,2911,3348,-1,3348,2911,2912,-1,3348,2912,3349,-1,3349,2912,1107,-1,3349,1107,1563,-1,1563,1107,2913,-1,1563,2913,3350,-1,3350,2913,2914,-1,3350,2914,3351,-1,3351,2914,2915,-1,3351,2915,3352,-1,3352,2915,2916,-1,3352,2916,3353,-1,3353,2916,2917,-1,3353,2917,3354,-1,3354,2917,2918,-1,3354,2918,3355,-1,3355,2918,2919,-1,3355,2919,3356,-1,3356,2919,2920,-1,3356,2920,3357,-1,3357,2920,2921,-1,3357,2921,3358,-1,3358,2921,2922,-1,3358,2922,3359,-1,3359,2922,2923,-1,3359,2923,3360,-1,3360,2923,2924,-1,3360,2924,3361,-1,3361,2924,2925,-1,3361,2925,3362,-1,3362,2925,2926,-1,3362,2926,3363,-1,3363,2926,2927,-1,3363,2927,3364,-1,3364,2927,2928,-1,3364,2928,3365,-1,3365,2928,2929,-1,3365,2929,3366,-1,3366,2929,2930,-1,3366,2930,3367,-1,3367,2930,2931,-1,3367,2931,3368,-1,3368,2931,2932,-1,3368,2932,3369,-1,3369,2932,2933,-1,3369,2933,3370,-1,3370,2933,2934,-1,3370,2934,3371,-1,3371,2934,2935,-1,3371,2935,3372,-1,3372,2935,930,-1,3372,930,1386,-1,1386,930,2936,-1,1386,2936,3373,-1,3373,2936,2937,-1,3373,2937,3374,-1,3374,2937,2938,-1,3374,2938,3375,-1,3375,2938,2939,-1,3375,2939,3376,-1,3376,2939,2940,-1,3376,2940,3377,-1,3377,2940,2941,-1,3377,2941,3378,-1,3378,2941,2942,-1,3378,2942,3379,-1,3379,2942,2943,-1,3379,2943,3380,-1,3380,2943,2944,-1,3380,2944,3381,-1,3381,2944,2945,-1,3381,2945,3382,-1,3382,2945,2946,-1,3382,2946,3383,-1,3383,2946,2947,-1,3383,2947,3384,-1,3384,2947,2948,-1,3384,2948,3385,-1,3385,2948,2949,-1,3385,2949,3386,-1,3386,2949,2950,-1,3386,2950,3387,-1,3387,2950,2951,-1,3387,2951,3388,-1,3388,2951,2952,-1,3388,2952,3389,-1,3389,2952,2953,-1,3389,2953,3390,-1,3390,2953,2954,-1,3390,2954,3391,-1,3391,2954,2955,-1,3391,2955,3392,-1,3392,2955,2956,-1,3392,2956,3393,-1,3393,2956,2957,-1,3393,2957,3394,-1,3394,2957,2958,-1,3394,2958,3395,-1,3395,2958,954,-1,3395,954,1410,-1,1410,954,2959,-1,1410,2959,3396,-1,3396,2959,2960,-1,3396,2960,3397,-1,3397,2960,2961,-1,3397,2961,3398,-1,3398,2961,2962,-1,3398,2962,3399,-1,3399,2962,2963,-1,3399,2963,3400,-1,3400,2963,2964,-1,3400,2964,3401,-1,3401,2964,2965,-1,3401,2965,3402,-1,3402,2965,2966,-1,3402,2966,3403,-1,3403,2966,2967,-1,3403,2967,3404,-1,3404,2967,2968,-1,3404,2968,3405,-1,3405,2968,2969,-1,3405,2969,3406,-1,3406,2969,2970,-1,3406,2970,3407,-1,3407,2970,2971,-1,3407,2971,3408,-1,3408,2971,2972,-1,3408,2972,3409,-1,3409,2972,2973,-1,3409,2973,3410,-1,3410,2973,2974,-1,3410,2974,3411,-1,3411,2974,2975,-1,3411,2975,3412,-1,3412,2975,2976,-1,3412,2976,3413,-1,3413,2976,2977,-1,3413,2977,3414,-1,3414,2977,2978,-1,3414,2978,3415,-1,3415,2978,2979,-1,3415,2979,3416,-1,3416,2979,2980,-1,3416,2980,3417,-1,3417,2980,2981,-1,3417,2981,3418,-1,3418,2981,978,-1,3418,978,1434,-1,1434,978,2982,-1,1434,2982,3419,-1,3419,2982,2983,-1,3419,2983,3420,-1,3420,2983,2984,-1,3420,2984,3421,-1,3421,2984,2985,-1,3421,2985,3422,-1,3422,2985,2986,-1,3422,2986,3423,-1,3423,2986,2987,-1,3423,2987,3424,-1,3424,2987,2988,-1,3424,2988,3425,-1,3425,2988,2989,-1,3425,2989,3426,-1,3426,2989,2990,-1,3426,2990,3427,-1,3427,2990,2991,-1,3427,2991,3428,-1,3428,2991,2992,-1,3428,2992,3429,-1,3429,2992,2993,-1,3429,2993,3430,-1,3430,2993,2994,-1,3430,2994,3431,-1,3431,2994,2995,-1,3431,2995,3432,-1,3432,2995,2996,-1,3432,2996,3433,-1,3433,2996,2997,-1,3433,2997,3434,-1,3434,2997,2998,-1,3434,2998,3435,-1,3435,2998,2999,-1,3435,2999,3436,-1,3436,2999,3000,-1,3436,3000,3437,-1,3437,3000,3001,-1,3437,3001,3438,-1,3438,3001,3002,-1,3438,3002,3439,-1,3439,3002,3003,-1,3439,3003,3440,-1,3440,3003,3004,-1,3440,3004,3441,-1,3441,3004,1258,-1,3441,1258,1714,-1,1714,1258,3005,-1,1714,3005,3442,-1,3442,3005,3006,-1,3442,3006,3443,-1,3443,3006,3007,-1,3443,3007,3444,-1,3444,3007,3008,-1,3444,3008,3445,-1,3445,3008,3009,-1,3445,3009,3446,-1,3446,3009,3010,-1,3446,3010,3447,-1,3447,3010,3011,-1,3447,3011,3448,-1,3448,3011,3012,-1,3448,3012,3449,-1,3449,3012,3013,-1,3449,3013,3450,-1,3450,3013,2768,-1,3450,2768,3205,-1,3205,2768,2769,-1,3204,3014,3451,-1,3451,3014,3015,-1,3451,3015,3452,-1,3452,3015,3016,-1,3452,3016,3453,-1,3453,3016,3017,-1,3453,3017,3454,-1,3454,3017,3018,-1,3454,3018,3455,-1,3455,3018,1219,-1,3455,1219,1675,-1,1675,1219,3019,-1,1675,3019,3456,-1,3456,3019,3020,-1,3456,3020,3457,-1,3457,3020,3021,-1,3457,3021,3458,-1,3458,3021,3022,-1,3458,3022,3459,-1,3459,3022,3023,-1,3459,3023,3460,-1,3460,3023,3024,-1,3460,3024,3461,-1,3461,3024,3025,-1,3461,3025,3462,-1,3462,3025,3026,-1,3462,3026,3463,-1,3463,3026,3027,-1,3463,3027,3464,-1,3464,3027,3028,-1,3464,3028,3465,-1,3465,3028,3029,-1,3465,3029,3466,-1,3466,3029,3030,-1,3466,3030,3467,-1,3467,3030,3031,-1,3467,3031,3468,-1,3468,3031,3032,-1,3468,3032,3469,-1,3469,3032,3033,-1,3469,3033,3470,-1,3470,3033,3034,-1,3470,3034,3471,-1,3471,3034,3035,-1,3471,3035,3472,-1,3472,3035,3036,-1,3472,3036,3473,-1,3473,3036,3037,-1,3473,3037,3474,-1,3474,3037,3038,-1,3474,3038,3475,-1,3475,3038,3039,-1,3475,3039,3476,-1,3476,3039,3040,-1,3476,3040,3477,-1,3477,3040,3041,-1,3477,3041,3478,-1,3478,3041,987,-1,3478,987,1443,-1,1443,987,3042,-1,1443,3042,3479,-1,3479,3042,3043,-1,3479,3043,3480,-1,3480,3043,3044,-1,3480,3044,3481,-1,3481,3044,3045,-1,3481,3045,3482,-1,3482,3045,3046,-1,3482,3046,3483,-1,3483,3046,3047,-1,3483,3047,3484,-1,3484,3047,3048,-1,3484,3048,3485,-1,3485,3048,3049,-1,3485,3049,3486,-1,3486,3049,3050,-1,3486,3050,3487,-1,3487,3050,3051,-1,3487,3051,3488,-1,3488,3051,3052,-1,3488,3052,3489,-1,3489,3052,3053,-1,3489,3053,3490,-1,3490,3053,3054,-1,3490,3054,3491,-1,3491,3054,3055,-1,3491,3055,3492,-1,3492,3055,3056,-1,3492,3056,3493,-1,3493,3056,3057,-1,3493,3057,3494,-1,3494,3057,3058,-1,3494,3058,3495,-1,3495,3058,3059,-1,3495,3059,3496,-1,3496,3059,3060,-1,3496,3060,3497,-1,3497,3060,3061,-1,3497,3061,3498,-1,3498,3061,3062,-1,3498,3062,3499,-1,3499,3062,3063,-1,3499,3063,3500,-1,3500,3063,3064,-1,3500,3064,3501,-1,3501,3064,1011,-1,3501,1011,1467,-1,1467,1011,3065,-1,1467,3065,3502,-1,3502,3065,3066,-1,3502,3066,3503,-1,3503,3066,3067,-1,3503,3067,3504,-1,3504,3067,3068,-1,3504,3068,3505,-1,3505,3068,3069,-1,3505,3069,3506,-1,3506,3069,3070,-1,3506,3070,3507,-1,3507,3070,3071,-1,3507,3071,3508,-1,3508,3071,3072,-1,3508,3072,3509,-1,3509,3072,3073,-1,3509,3073,3510,-1,3510,3073,3074,-1,3510,3074,3511,-1,3511,3074,3075,-1,3511,3075,3512,-1,3512,3075,3076,-1,3512,3076,3513,-1,3513,3076,3077,-1,3513,3077,3514,-1,3514,3077,3078,-1,3514,3078,3515,-1,3515,3078,3079,-1,3515,3079,3516,-1,3516,3079,3080,-1,3516,3080,3517,-1,3517,3080,3081,-1,3517,3081,3518,-1,3518,3081,3082,-1,3518,3082,3519,-1,3519,3082,3083,-1,3519,3083,3520,-1,3520,3083,3084,-1,3520,3084,3521,-1,3521,3084,3085,-1,3521,3085,3522,-1,3522,3085,3086,-1,3522,3086,3523,-1,3523,3086,3087,-1,3523,3087,3524,-1,3524,3087,1035,-1,3524,1035,1491,-1,1491,1035,3088,-1,1491,3088,3525,-1,3525,3088,3089,-1,3525,3089,3526,-1,3526,3089,3090,-1,3526,3090,3527,-1,3527,3090,3091,-1,3527,3091,3528,-1,3528,3091,3092,-1,3528,3092,3529,-1,3529,3092,3093,-1,3529,3093,3530,-1,3530,3093,3094,-1,3530,3094,3531,-1,3531,3094,3095,-1,3531,3095,3532,-1,3532,3095,3096,-1,3532,3096,3533,-1,3533,3096,3097,-1,3533,3097,3534,-1,3534,3097,3098,-1,3534,3098,3535,-1,3535,3098,3099,-1,3535,3099,3536,-1,3536,3099,3100,-1,3536,3100,3537,-1,3537,3100,3101,-1,3537,3101,3538,-1,3538,3101,3102,-1,3538,3102,3539,-1,3539,3102,3103,-1,3539,3103,3540,-1,3540,3103,3104,-1,3540,3104,3541,-1,3541,3104,3105,-1,3541,3105,3542,-1,3542,3105,3106,-1,3542,3106,3543,-1,3543,3106,3107,-1,3543,3107,3544,-1,3544,3107,3108,-1,3544,3108,3545,-1,3545,3108,3109,-1,3545,3109,3546,-1,3546,3109,3110,-1,3546,3110,3547,-1,3547,3110,1059,-1,3547,1059,1515,-1,1515,1059,3111,-1,1515,3111,3548,-1,3548,3111,3112,-1,3548,3112,3549,-1,3549,3112,3113,-1,3549,3113,3550,-1,3550,3113,3114,-1,3550,3114,3551,-1,3551,3114,3115,-1,3551,3115,3552,-1,3552,3115,3116,-1,3552,3116,3553,-1,3553,3116,3117,-1,3553,3117,3554,-1,3554,3117,3118,-1,3554,3118,3555,-1,3555,3118,3119,-1,3555,3119,3556,-1,3556,3119,3120,-1,3556,3120,3557,-1,3557,3120,3121,-1,3557,3121,3558,-1,3558,3121,3122,-1,3558,3122,3559,-1,3559,3122,3123,-1,3559,3123,3560,-1,3560,3123,3124,-1,3560,3124,3561,-1,3561,3124,3125,-1,3561,3125,3562,-1,3562,3125,3126,-1,3562,3126,3563,-1,3563,3126,3127,-1,3563,3127,3564,-1,3564,3127,3128,-1,3564,3128,3565,-1,3565,3128,3129,-1,3565,3129,3566,-1,3566,3129,3130,-1,3566,3130,3567,-1,3567,3130,3131,-1,3567,3131,3568,-1,3568,3131,3132,-1,3568,3132,3569,-1,3569,3132,3133,-1,3569,3133,3570,-1,3570,3133,1083,-1,3570,1083,1539,-1,1539,1083,3134,-1,1539,3134,3571,-1,3571,3134,2891,-1,3571,2891,3328,-1,3328,2891,2892,-1,2071,3136,2073,-1,2073,3136,3137,-1,2073,3137,2075,-1,2075,3137,3138,-1,2075,3138,2077,-1,2077,3138,3139,-1,2077,3139,2079,-1,2079,3139,3140,-1,2079,3140,2081,-1,2081,3140,1603,-1,2081,1603,835,-1,835,1603,3141,-1,835,3141,2083,-1,2083,3141,3142,-1,2083,3142,2085,-1,2085,3142,3143,-1,2085,3143,2087,-1,2087,3143,3144,-1,2087,3144,2089,-1,2089,3144,3145,-1,2089,3145,2091,-1,2091,3145,3146,-1,2091,3146,2093,-1,2093,3146,3147,-1,2093,3147,2095,-1,2095,3147,3148,-1,2095,3148,2097,-1,2097,3148,3149,-1,2097,3149,2099,-1,2099,3149,3150,-1,2099,3150,2101,-1,2101,3150,3151,-1,2101,3151,2103,-1,2103,3151,3152,-1,2103,3152,2105,-1,2105,3152,3153,-1,2105,3153,2107,-1,2107,3153,3154,-1,2107,3154,2109,-1,2109,3154,3155,-1,2109,3155,2111,-1,2111,3155,3156,-1,2111,3156,2113,-1,2113,3156,3157,-1,2113,3157,2115,-1,2115,3157,3158,-1,2115,3158,2117,-1,2117,3158,3159,-1,2117,3159,2119,-1,2119,3159,3160,-1,2119,3160,2121,-1,2121,3160,3161,-1,2121,3161,2123,-1,2123,3161,3162,-1,2123,3162,2125,-1,2125,3162,3163,-1,2125,3163,2127,-1,2127,3163,1627,-1,2127,1627,883,-1,883,1627,3164,-1,883,3164,2129,-1,2129,3164,3165,-1,2129,3165,2131,-1,2131,3165,3166,-1,2131,3166,2133,-1,2133,3166,3167,-1,2133,3167,2135,-1,2135,3167,3168,-1,2135,3168,2137,-1,2137,3168,3169,-1,2137,3169,2139,-1,2139,3169,3170,-1,2139,3170,2141,-1,2141,3170,3171,-1,2141,3171,2143,-1,2143,3171,3172,-1,2143,3172,2145,-1,2145,3172,3173,-1,2145,3173,2147,-1,2147,3173,3174,-1,2147,3174,2149,-1,2149,3174,3175,-1,2149,3175,2151,-1,2151,3175,3176,-1,2151,3176,2153,-1,2153,3176,3177,-1,2153,3177,2155,-1,2155,3177,3178,-1,2155,3178,2157,-1,2157,3178,3179,-1,2157,3179,2159,-1,2159,3179,3180,-1,2159,3180,2161,-1,2161,3180,3181,-1,2161,3181,2163,-1,2163,3181,3182,-1,2163,3182,2165,-1,2165,3182,3183,-1,2165,3183,2167,-1,2167,3183,3184,-1,2167,3184,2169,-1,2169,3184,3185,-1,2169,3185,2171,-1,2171,3185,3186,-1,2171,3186,2173,-1,2173,3186,1651,-1,2173,1651,421,-1,421,1651,3187,-1,421,3187,2175,-1,2175,3187,3188,-1,2175,3188,2177,-1,2177,3188,3189,-1,2177,3189,2179,-1,2179,3189,3190,-1,2179,3190,2181,-1,2181,3190,3191,-1,2181,3191,2183,-1,2183,3191,3192,-1,2183,3192,2185,-1,2185,3192,3193,-1,2185,3193,2187,-1,2187,3193,3194,-1,2187,3194,2189,-1,2189,3194,3195,-1,2189,3195,2191,-1,2191,3195,3196,-1,2191,3196,2193,-1,2193,3196,3197,-1,2193,3197,2195,-1,2195,3197,3198,-1,2195,3198,2197,-1,2197,3198,3199,-1,2197,3199,2199,-1,2199,3199,3200,-1,2199,3200,2201,-1,2201,3200,3201,-1,2201,3201,2203,-1,2203,3201,3202,-1,2203,3202,2205,-1,2205,3202,3203,-1,2205,3203,2207,-1,2207,3203,3204,-1,2207,3204,2209,-1,2209,3204,3451,-1,2317,3206,2319,-1,2319,3206,3207,-1,2319,3207,2321,-1,2321,3207,3208,-1,2321,3208,2323,-1,2323,3208,3209,-1,2323,3209,2325,-1,2325,3209,3210,-1,2325,3210,2327,-1,2327,3210,3211,-1,2327,3211,2329,-1,2329,3211,3212,-1,2329,3212,2331,-1,2331,3212,3213,-1,2331,3213,2333,-1,2333,3213,3214,-1,2333,3214,2335,-1,2335,3214,3215,-1,2335,3215,2337,-1,2337,3215,3216,-1,2337,3216,2339,-1,2339,3216,3217,-1,2339,3217,2341,-1,2341,3217,3218,-1,2341,3218,2343,-1,2343,3218,1738,-1,2343,1738,83,-1,83,1738,3219,-1,83,3219,2345,-1,2345,3219,3220,-1,2345,3220,2347,-1,2347,3220,3221,-1,2347,3221,2349,-1,2349,3221,3222,-1,2349,3222,2351,-1,2351,3222,3223,-1,2351,3223,2353,-1,2353,3223,3224,-1,2353,3224,2355,-1,2355,3224,3225,-1,2355,3225,2357,-1,2357,3225,3226,-1,2357,3226,2359,-1,2359,3226,3227,-1,2359,3227,2361,-1,2361,3227,3228,-1,2361,3228,2363,-1,2363,3228,3229,-1,2363,3229,2365,-1,2365,3229,3230,-1,2365,3230,2367,-1,2367,3230,3231,-1,2367,3231,2369,-1,2369,3231,3232,-1,2369,3232,2371,-1,2371,3232,3233,-1,2371,3233,2373,-1,2373,3233,3234,-1,2373,3234,2375,-1,2375,3234,3235,-1,2375,3235,2377,-1,2377,3235,3236,-1,2377,3236,2379,-1,2379,3236,3237,-1,2379,3237,2381,-1,2381,3237,3238,-1,2381,3238,2383,-1,2383,3238,3239,-1,2383,3239,2385,-1,2385,3239,3240,-1,2385,3240,2387,-1,2387,3240,3241,-1,2387,3241,2389,-1,2389,3241,1762,-1,2389,1762,131,-1,131,1762,3242,-1,131,3242,2391,-1,2391,3242,3243,-1,2391,3243,2393,-1,2393,3243,3244,-1,2393,3244,2395,-1,2395,3244,3245,-1,2395,3245,2397,-1,2397,3245,3246,-1,2397,3246,2399,-1,2399,3246,3247,-1,2399,3247,2401,-1,2401,3247,3248,-1,2401,3248,2403,-1,2403,3248,3249,-1,2403,3249,2405,-1,2405,3249,3250,-1,2405,3250,2407,-1,2407,3250,3251,-1,2407,3251,2409,-1,2409,3251,3252,-1,2409,3252,2411,-1,2411,3252,3253,-1,2411,3253,2413,-1,2413,3253,3254,-1,2413,3254,2415,-1,2415,3254,3255,-1,2415,3255,2417,-1,2417,3255,3256,-1,2417,3256,2419,-1,2419,3256,3257,-1,2419,3257,2421,-1,2421,3257,3258,-1,2421,3258,2423,-1,2423,3258,3259,-1,2423,3259,2425,-1,2425,3259,3260,-1,2425,3260,2427,-1,2427,3260,3261,-1,2427,3261,2429,-1,2429,3261,3262,-1,2429,3262,2431,-1,2431,3262,3263,-1,2431,3263,2433,-1,2433,3263,3264,-1,2433,3264,2435,-1,2435,3264,1786,-1,2435,1786,691,-1,691,1786,3265,-1,691,3265,2437,-1,2437,3265,3266,-1,2437,3266,2439,-1,2439,3266,3267,-1,2439,3267,2441,-1,2441,3267,3268,-1,2441,3268,2443,-1,2443,3268,3269,-1,2443,3269,2445,-1,2445,3269,3270,-1,2445,3270,2447,-1,2447,3270,3271,-1,2447,3271,2449,-1,2449,3271,3272,-1,2449,3272,2451,-1,2451,3272,3273,-1,2451,3273,2453,-1,2453,3273,3274,-1,2453,3274,2455,-1,2455,3274,3275,-1,2455,3275,1965,-1,1965,3275,3276,-1,1965,3276,1967,-1,1967,3276,3277,-1,1967,3277,1969,-1,1969,3277,3278,-1,1969,3278,1971,-1,1971,3278,3279,-1,1971,3279,1973,-1,1973,3279,3280,-1,1973,3280,1975,-1,1975,3280,3281,-1,1975,3281,1977,-1,1977,3281,3282,-1,1977,3282,1979,-1,1979,3282,3283,-1,1979,3283,1981,-1,1981,3283,3284,-1,1981,3284,1983,-1,1983,3284,3285,-1,1983,3285,1985,-1,1985,3285,3286,-1,1985,3286,1987,-1,1987,3286,3287,-1,1987,3287,1989,-1,1989,3287,1810,-1,1989,1810,739,-1,739,1810,3288,-1,739,3288,1991,-1,1991,3288,3289,-1,1991,3289,1993,-1,1993,3289,3290,-1,1993,3290,1995,-1,1995,3290,3291,-1,1995,3291,1997,-1,1997,3291,3292,-1,1997,3292,1999,-1,1999,3292,3293,-1,1999,3293,2001,-1,2001,3293,3294,-1,2001,3294,2003,-1,2003,3294,3295,-1,2003,3295,2005,-1,2005,3295,3296,-1,2005,3296,2007,-1,2007,3296,3297,-1,2007,3297,2009,-1,2009,3297,3298,-1,2009,3298,2011,-1,2011,3298,3299,-1,2011,3299,2013,-1,2013,3299,3300,-1,2013,3300,2015,-1,2015,3300,3301,-1,2015,3301,2017,-1,2017,3301,3302,-1,2017,3302,2019,-1,2019,3302,3303,-1,2019,3303,2021,-1,2021,3303,3304,-1,2021,3304,2023,-1,2023,3304,3305,-1,2023,3305,2025,-1,2025,3305,3306,-1,2025,3306,2027,-1,2027,3306,3307,-1,2027,3307,2029,-1,2029,3307,3308,-1,2029,3308,2031,-1,2031,3308,3309,-1,2031,3309,2033,-1,2033,3309,3310,-1,2033,3310,2035,-1,2035,3310,1579,-1,2035,1579,787,-1,787,1579,3311,-1,787,3311,2037,-1,2037,3311,3312,-1,2037,3312,2039,-1,2039,3312,3313,-1,2039,3313,2041,-1,2041,3313,3314,-1,2041,3314,2043,-1,2043,3314,3315,-1,2043,3315,2045,-1,2045,3315,3316,-1,2045,3316,2047,-1,2047,3316,3317,-1,2047,3317,2049,-1,2049,3317,3318,-1,2049,3318,2051,-1,2051,3318,3319,-1,2051,3319,2053,-1,2053,3319,3320,-1,2053,3320,2055,-1,2055,3320,3321,-1,2055,3321,2057,-1,2057,3321,3322,-1,2057,3322,2059,-1,2059,3322,3323,-1,2059,3323,2061,-1,2061,3323,3324,-1,2061,3324,2063,-1,2063,3324,3325,-1,2063,3325,2065,-1,2065,3325,3326,-1,2065,3326,2067,-1,2067,3326,3327,-1,2067,3327,2069,-1,2069,3327,3135,-1,2069,3135,2071,-1,2071,3135,3136,-1,2559,3329,2561,-1,2561,3329,3330,-1,2561,3330,2563,-1,2563,3330,3331,-1,2563,3331,2565,-1,2565,3331,3332,-1,2565,3332,2567,-1,2567,3332,3333,-1,2567,3333,2569,-1,2569,3333,3334,-1,2569,3334,2571,-1,2571,3334,3335,-1,2571,3335,2573,-1,2573,3335,3336,-1,2573,3336,2575,-1,2575,3336,3337,-1,2575,3337,2577,-1,2577,3337,3338,-1,2577,3338,2579,-1,2579,3338,3339,-1,2579,3339,2581,-1,2581,3339,3340,-1,2581,3340,2583,-1,2583,3340,3341,-1,2583,3341,2585,-1,2585,3341,3342,-1,2585,3342,2587,-1,2587,3342,3343,-1,2587,3343,2589,-1,2589,3343,3344,-1,2589,3344,2591,-1,2591,3344,3345,-1,2591,3345,2593,-1,2593,3345,3346,-1,2593,3346,2595,-1,2595,3346,3347,-1,2595,3347,2597,-1,2597,3347,3348,-1,2597,3348,2599,-1,2599,3348,3349,-1,2599,3349,2601,-1,2601,3349,1563,-1,2601,1563,245,-1,245,1563,3350,-1,245,3350,2603,-1,2603,3350,3351,-1,2603,3351,2605,-1,2605,3351,3352,-1,2605,3352,2607,-1,2607,3352,3353,-1,2607,3353,2609,-1,2609,3353,3354,-1,2609,3354,2611,-1,2611,3354,3355,-1,2611,3355,2613,-1,2613,3355,3356,-1,2613,3356,2615,-1,2615,3356,3357,-1,2615,3357,2617,-1,2617,3357,3358,-1,2617,3358,2619,-1,2619,3358,3359,-1,2619,3359,2621,-1,2621,3359,3360,-1,2621,3360,2623,-1,2623,3360,3361,-1,2623,3361,2625,-1,2625,3361,3362,-1,2625,3362,2627,-1,2627,3362,3363,-1,2627,3363,2629,-1,2629,3363,3364,-1,2629,3364,2631,-1,2631,3364,3365,-1,2631,3365,2633,-1,2633,3365,3366,-1,2633,3366,2635,-1,2635,3366,3367,-1,2635,3367,2637,-1,2637,3367,3368,-1,2637,3368,2639,-1,2639,3368,3369,-1,2639,3369,2641,-1,2641,3369,3370,-1,2641,3370,2643,-1,2643,3370,3371,-1,2643,3371,2645,-1,2645,3371,3372,-1,2645,3372,2647,-1,2647,3372,1386,-1,2647,1386,293,-1,293,1386,3373,-1,293,3373,2649,-1,2649,3373,3374,-1,2649,3374,2651,-1,2651,3374,3375,-1,2651,3375,2653,-1,2653,3375,3376,-1,2653,3376,2655,-1,2655,3376,3377,-1,2655,3377,2657,-1,2657,3377,3378,-1,2657,3378,2659,-1,2659,3378,3379,-1,2659,3379,2661,-1,2661,3379,3380,-1,2661,3380,2663,-1,2663,3380,3381,-1,2663,3381,2665,-1,2665,3381,3382,-1,2665,3382,2667,-1,2667,3382,3383,-1,2667,3383,2669,-1,2669,3383,3384,-1,2669,3384,2671,-1,2671,3384,3385,-1,2671,3385,2673,-1,2673,3385,3386,-1,2673,3386,2675,-1,2675,3386,3387,-1,2675,3387,2677,-1,2677,3387,3388,-1,2677,3388,2679,-1,2679,3388,3389,-1,2679,3389,2681,-1,2681,3389,3390,-1,2681,3390,2683,-1,2683,3390,3391,-1,2683,3391,2685,-1,2685,3391,3392,-1,2685,3392,2687,-1,2687,3392,3393,-1,2687,3393,2689,-1,2689,3393,3394,-1,2689,3394,2691,-1,2691,3394,3395,-1,2691,3395,2693,-1,2693,3395,1410,-1,2693,1410,341,-1,341,1410,3396,-1,341,3396,2695,-1,2695,3396,3397,-1,2695,3397,2697,-1,2697,3397,3398,-1,2697,3398,2211,-1,2211,3398,3399,-1,2211,3399,2213,-1,2213,3399,3400,-1,2213,3400,2215,-1,2215,3400,3401,-1,2215,3401,2217,-1,2217,3401,3402,-1,2217,3402,2219,-1,2219,3402,3403,-1,2219,3403,2221,-1,2221,3403,3404,-1,2221,3404,2223,-1,2223,3404,3405,-1,2223,3405,2225,-1,2225,3405,3406,-1,2225,3406,2227,-1,2227,3406,3407,-1,2227,3407,2229,-1,2229,3407,3408,-1,2229,3408,2231,-1,2231,3408,3409,-1,2231,3409,2233,-1,2233,3409,3410,-1,2233,3410,2235,-1,2235,3410,3411,-1,2235,3411,2237,-1,2237,3411,3412,-1,2237,3412,2239,-1,2239,3412,3413,-1,2239,3413,2241,-1,2241,3413,3414,-1,2241,3414,2243,-1,2243,3414,3415,-1,2243,3415,2245,-1,2245,3415,3416,-1,2245,3416,2247,-1,2247,3416,3417,-1,2247,3417,2249,-1,2249,3417,3418,-1,2249,3418,2251,-1,2251,3418,1434,-1,2251,1434,389,-1,389,1434,3419,-1,389,3419,2253,-1,2253,3419,3420,-1,2253,3420,2255,-1,2255,3420,3421,-1,2255,3421,2257,-1,2257,3421,3422,-1,2257,3422,2259,-1,2259,3422,3423,-1,2259,3423,2261,-1,2261,3423,3424,-1,2261,3424,2263,-1,2263,3424,3425,-1,2263,3425,2265,-1,2265,3425,3426,-1,2265,3426,2267,-1,2267,3426,3427,-1,2267,3427,2269,-1,2269,3427,3428,-1,2269,3428,2271,-1,2271,3428,3429,-1,2271,3429,2273,-1,2273,3429,3430,-1,2273,3430,2275,-1,2275,3430,3431,-1,2275,3431,2277,-1,2277,3431,3432,-1,2277,3432,2279,-1,2279,3432,3433,-1,2279,3433,2281,-1,2281,3433,3434,-1,2281,3434,2283,-1,2283,3434,3435,-1,2283,3435,2285,-1,2285,3435,3436,-1,2285,3436,2287,-1,2287,3436,3437,-1,2287,3437,2289,-1,2289,3437,3438,-1,2289,3438,2291,-1,2291,3438,3439,-1,2291,3439,2293,-1,2293,3439,3440,-1,2293,3440,2295,-1,2295,3440,3441,-1,2295,3441,2297,-1,2297,3441,1714,-1,2297,1714,35,-1,35,1714,3442,-1,35,3442,2299,-1,2299,3442,3443,-1,2299,3443,2301,-1,2301,3443,3444,-1,2301,3444,2303,-1,2303,3444,3445,-1,2303,3445,2305,-1,2305,3445,3446,-1,2305,3446,2307,-1,2307,3446,3447,-1,2307,3447,2309,-1,2309,3447,3448,-1,2309,3448,2311,-1,2311,3448,3449,-1,2311,3449,2313,-1,2313,3449,3450,-1,2313,3450,2315,-1,2315,3450,3205,-1,2315,3205,2317,-1,2317,3205,3206,-1,2209,3451,1825,-1,1825,3451,3452,-1,1825,3452,1827,-1,1827,3452,3453,-1,1827,3453,1829,-1,1829,3453,3454,-1,1829,3454,1831,-1,1831,3454,3455,-1,1831,3455,1833,-1,1833,3455,1675,-1,1833,1675,469,-1,469,1675,3456,-1,469,3456,1835,-1,1835,3456,3457,-1,1835,3457,1837,-1,1837,3457,3458,-1,1837,3458,1839,-1,1839,3458,3459,-1,1839,3459,1841,-1,1841,3459,3460,-1,1841,3460,1843,-1,1843,3460,3461,-1,1843,3461,1845,-1,1845,3461,3462,-1,1845,3462,1847,-1,1847,3462,3463,-1,1847,3463,1849,-1,1849,3463,3464,-1,1849,3464,1851,-1,1851,3464,3465,-1,1851,3465,1853,-1,1853,3465,3466,-1,1853,3466,1855,-1,1855,3466,3467,-1,1855,3467,1857,-1,1857,3467,3468,-1,1857,3468,1859,-1,1859,3468,3469,-1,1859,3469,1861,-1,1861,3469,3470,-1,1861,3470,1863,-1,1863,3470,3471,-1,1863,3471,1865,-1,1865,3471,3472,-1,1865,3472,1867,-1,1867,3472,3473,-1,1867,3473,1869,-1,1869,3473,3474,-1,1869,3474,1871,-1,1871,3474,3475,-1,1871,3475,1873,-1,1873,3475,3476,-1,1873,3476,1875,-1,1875,3476,3477,-1,1875,3477,1877,-1,1877,3477,3478,-1,1877,3478,1879,-1,1879,3478,1443,-1,1879,1443,517,-1,517,1443,3479,-1,517,3479,1881,-1,1881,3479,3480,-1,1881,3480,1883,-1,1883,3480,3481,-1,1883,3481,1885,-1,1885,3481,3482,-1,1885,3482,1887,-1,1887,3482,3483,-1,1887,3483,1889,-1,1889,3483,3484,-1,1889,3484,1891,-1,1891,3484,3485,-1,1891,3485,1893,-1,1893,3485,3486,-1,1893,3486,1895,-1,1895,3486,3487,-1,1895,3487,1897,-1,1897,3487,3488,-1,1897,3488,1899,-1,1899,3488,3489,-1,1899,3489,1901,-1,1901,3489,3490,-1,1901,3490,1903,-1,1903,3490,3491,-1,1903,3491,1905,-1,1905,3491,3492,-1,1905,3492,1907,-1,1907,3492,3493,-1,1907,3493,1909,-1,1909,3493,3494,-1,1909,3494,1911,-1,1911,3494,3495,-1,1911,3495,1913,-1,1913,3495,3496,-1,1913,3496,1915,-1,1915,3496,3497,-1,1915,3497,1917,-1,1917,3497,3498,-1,1917,3498,1919,-1,1919,3498,3499,-1,1919,3499,1921,-1,1921,3499,3500,-1,1921,3500,1923,-1,1923,3500,3501,-1,1923,3501,1925,-1,1925,3501,1467,-1,1925,1467,565,-1,565,1467,3502,-1,565,3502,1927,-1,1927,3502,3503,-1,1927,3503,1929,-1,1929,3503,3504,-1,1929,3504,1931,-1,1931,3504,3505,-1,1931,3505,1933,-1,1933,3505,3506,-1,1933,3506,1935,-1,1935,3506,3507,-1,1935,3507,1937,-1,1937,3507,3508,-1,1937,3508,1939,-1,1939,3508,3509,-1,1939,3509,1941,-1,1941,3509,3510,-1,1941,3510,1943,-1,1943,3510,3511,-1,1943,3511,1945,-1,1945,3511,3512,-1,1945,3512,1947,-1,1947,3512,3513,-1,1947,3513,1949,-1,1949,3513,3514,-1,1949,3514,1951,-1,1951,3514,3515,-1,1951,3515,1953,-1,1953,3515,3516,-1,1953,3516,1955,-1,1955,3516,3517,-1,1955,3517,1957,-1,1957,3517,3518,-1,1957,3518,1959,-1,1959,3518,3519,-1,1959,3519,1961,-1,1961,3519,3520,-1,1961,3520,1963,-1,1963,3520,3521,-1,1963,3521,2457,-1,2457,3521,3522,-1,2457,3522,2459,-1,2459,3522,3523,-1,2459,3523,2461,-1,2461,3523,3524,-1,2461,3524,2463,-1,2463,3524,1491,-1,2463,1491,613,-1,613,1491,3525,-1,613,3525,2465,-1,2465,3525,3526,-1,2465,3526,2467,-1,2467,3526,3527,-1,2467,3527,2469,-1,2469,3527,3528,-1,2469,3528,2471,-1,2471,3528,3529,-1,2471,3529,2473,-1,2473,3529,3530,-1,2473,3530,2475,-1,2475,3530,3531,-1,2475,3531,2477,-1,2477,3531,3532,-1,2477,3532,2479,-1,2479,3532,3533,-1,2479,3533,2481,-1,2481,3533,3534,-1,2481,3534,2483,-1,2483,3534,3535,-1,2483,3535,2485,-1,2485,3535,3536,-1,2485,3536,2487,-1,2487,3536,3537,-1,2487,3537,2489,-1,2489,3537,3538,-1,2489,3538,2491,-1,2491,3538,3539,-1,2491,3539,2493,-1,2493,3539,3540,-1,2493,3540,2495,-1,2495,3540,3541,-1,2495,3541,2497,-1,2497,3541,3542,-1,2497,3542,2499,-1,2499,3542,3543,-1,2499,3543,2501,-1,2501,3543,3544,-1,2501,3544,2503,-1,2503,3544,3545,-1,2503,3545,2505,-1,2505,3545,3546,-1,2505,3546,2507,-1,2507,3546,3547,-1,2507,3547,2509,-1,2509,3547,1515,-1,2509,1515,149,-1,149,1515,3548,-1,149,3548,2511,-1,2511,3548,3549,-1,2511,3549,2513,-1,2513,3549,3550,-1,2513,3550,2515,-1,2515,3550,3551,-1,2515,3551,2517,-1,2517,3551,3552,-1,2517,3552,2519,-1,2519,3552,3553,-1,2519,3553,2521,-1,2521,3553,3554,-1,2521,3554,2523,-1,2523,3554,3555,-1,2523,3555,2525,-1,2525,3555,3556,-1,2525,3556,2527,-1,2527,3556,3557,-1,2527,3557,2529,-1,2529,3557,3558,-1,2529,3558,2531,-1,2531,3558,3559,-1,2531,3559,2533,-1,2533,3559,3560,-1,2533,3560,2535,-1,2535,3560,3561,-1,2535,3561,2537,-1,2537,3561,3562,-1,2537,3562,2539,-1,2539,3562,3563,-1,2539,3563,2541,-1,2541,3563,3564,-1,2541,3564,2543,-1,2543,3564,3565,-1,2543,3565,2545,-1,2545,3565,3566,-1,2545,3566,2547,-1,2547,3566,3567,-1,2547,3567,2549,-1,2549,3567,3568,-1,2549,3568,2551,-1,2551,3568,3569,-1,2551,3569,2553,-1,2553,3569,3570,-1,2553,3570,2555,-1,2555,3570,1539,-1,2555,1539,197,-1,197,1539,3571,-1,197,3571,2557,-1,2557,3571,3328,-1,2557,3328,2559,-1,2559,3328,3329,-1,3572,3573,3574,-1,3574,3573,3575,-1,3574,3575,3576,-1,3576,3575,3577,-1,3576,3577,3578,-1,3578,3577,3579,-1,3578,3579,3580,-1,3580,3579,3581,-1,3580,3581,3582,-1,3582,3581,3583,-1,3582,3583,3584,-1,3584,3583,3585,-1,3584,3585,3586,-1,3586,3585,3587,-1,3586,3587,3588,-1,3588,3587,3589,-1,3588,3589,3590,-1,3590,3589,3591,-1,3590,3591,3592,-1,3592,3591,3593,-1,3592,3593,3594,-1,3594,3593,3595,-1,3594,3595,3596,-1,3596,3595,3597,-1,3596,3597,3598,-1,3598,3597,3599,-1,3598,3599,3600,-1,3600,3599,3601,-1,3600,3601,3602,-1,3602,3601,3603,-1,3602,3603,3604,-1,3604,3603,3605,-1,3604,3605,3606,-1,3606,3605,493,-1,3606,493,494,-1,494,493,3607,-1,494,3607,3608,-1,3608,3607,3609,-1,3608,3609,3610,-1,3610,3609,3611,-1,3610,3611,3612,-1,3612,3611,3613,-1,3612,3613,3614,-1,3614,3613,3615,-1,3614,3615,3616,-1,3616,3615,3617,-1,3616,3617,3618,-1,3618,3617,3619,-1,3618,3619,3620,-1,3620,3619,3621,-1,3620,3621,3622,-1,3622,3621,3623,-1,3622,3623,3624,-1,3624,3623,3625,-1,3624,3625,3626,-1,3626,3625,3627,-1,3626,3627,3628,-1,3628,3627,3629,-1,3628,3629,3630,-1,3630,3629,3631,-1,3630,3631,3632,-1,3632,3631,3633,-1,3632,3633,3634,-1,3634,3633,3635,-1,3634,3635,3636,-1,3636,3635,3637,-1,3636,3637,3638,-1,3638,3637,3639,-1,3638,3639,3640,-1,3640,3639,3641,-1,3640,3641,3642,-1,3642,3641,3643,-1,3642,3643,3644,-1,3644,3643,3645,-1,3644,3645,3646,-1,3646,3645,3647,-1,3646,3647,3648,-1,3648,3647,3649,-1,3648,3649,3650,-1,3650,3649,3651,-1,3650,3651,3652,-1,3652,3651,541,-1,3652,541,542,-1,542,541,3653,-1,542,3653,3654,-1,3654,3653,3655,-1,3654,3655,3656,-1,3656,3655,3657,-1,3656,3657,3658,-1,3658,3657,3659,-1,3658,3659,3660,-1,3660,3659,3661,-1,3660,3661,3662,-1,3662,3661,3663,-1,3662,3663,3664,-1,3664,3663,3665,-1,3664,3665,3666,-1,3666,3665,3667,-1,3666,3667,3668,-1,3668,3667,3669,-1,3668,3669,3670,-1,3670,3669,3671,-1,3670,3671,3672,-1,3672,3671,3673,-1,3672,3673,3674,-1,3674,3673,3675,-1,3674,3675,3676,-1,3676,3675,3677,-1,3676,3677,3678,-1,3678,3677,3679,-1,3678,3679,3680,-1,3680,3679,3681,-1,3680,3681,3682,-1,3682,3681,3683,-1,3682,3683,3684,-1,3684,3683,3685,-1,3684,3685,3686,-1,3686,3685,3687,-1,3686,3687,3688,-1,3688,3687,3689,-1,3688,3689,3690,-1,3690,3689,3691,-1,3690,3691,3692,-1,3692,3691,3693,-1,3692,3693,3694,-1,3694,3693,3695,-1,3694,3695,3696,-1,3696,3695,3697,-1,3696,3697,3698,-1,3698,3697,589,-1,3698,589,590,-1,590,589,3699,-1,590,3699,3700,-1,3700,3699,3701,-1,3700,3701,3702,-1,3702,3701,3703,-1,3702,3703,3704,-1,3704,3703,3705,-1,3704,3705,3706,-1,3706,3705,3707,-1,3706,3707,3708,-1,3708,3707,3709,-1,3708,3709,3710,-1,3710,3709,3711,-1,3712,3713,3714,-1,3714,3713,715,-1,3714,715,716,-1,716,715,3715,-1,716,3715,3716,-1,3716,3715,3717,-1,3716,3717,3718,-1,3718,3717,3719,-1,3718,3719,3720,-1,3720,3719,3721,-1,3720,3721,3722,-1,3722,3721,3723,-1,3722,3723,3724,-1,3724,3723,3725,-1,3724,3725,3726,-1,3726,3725,3727,-1,3726,3727,3728,-1,3728,3727,3729,-1,3728,3729,3730,-1,3730,3729,3731,-1,3730,3731,3732,-1,3732,3731,3733,-1,3732,3733,3734,-1,3734,3733,3735,-1,3734,3735,3736,-1,3736,3735,3737,-1,3736,3737,3738,-1,3738,3737,3739,-1,3738,3739,3740,-1,3740,3739,3741,-1,3740,3741,3742,-1,3742,3741,3743,-1,3742,3743,3744,-1,3744,3743,3745,-1,3744,3745,3746,-1,3746,3745,3747,-1,3746,3747,3748,-1,3748,3747,3749,-1,3748,3749,3750,-1,3750,3749,3751,-1,3750,3751,3752,-1,3752,3751,3753,-1,3752,3753,3754,-1,3754,3753,3755,-1,3754,3755,3756,-1,3756,3755,3757,-1,3756,3757,3758,-1,3758,3757,3759,-1,3758,3759,3760,-1,3760,3759,763,-1,3760,763,764,-1,764,763,3761,-1,764,3761,3762,-1,3762,3761,3763,-1,3762,3763,3764,-1,3764,3763,3765,-1,3764,3765,3766,-1,3766,3765,3767,-1,3766,3767,3768,-1,3768,3767,3769,-1,3768,3769,3770,-1,3770,3769,3771,-1,3770,3771,3772,-1,3772,3771,3773,-1,3772,3773,3774,-1,3774,3773,3775,-1,3774,3775,3776,-1,3776,3775,3777,-1,3776,3777,3778,-1,3778,3777,3779,-1,3778,3779,3780,-1,3780,3779,3781,-1,3780,3781,3782,-1,3782,3781,3783,-1,3782,3783,3784,-1,3784,3783,3785,-1,3784,3785,3786,-1,3786,3785,3787,-1,3786,3787,3788,-1,3788,3787,3789,-1,3788,3789,3790,-1,3790,3789,3791,-1,3790,3791,3792,-1,3792,3791,3793,-1,3792,3793,3794,-1,3794,3793,3795,-1,3794,3795,3796,-1,3796,3795,3797,-1,3796,3797,3798,-1,3798,3797,3799,-1,3798,3799,3800,-1,3800,3799,3801,-1,3800,3801,3802,-1,3802,3801,3803,-1,3802,3803,3804,-1,3804,3803,3805,-1,3804,3805,3806,-1,3806,3805,811,-1,3806,811,812,-1,812,811,3807,-1,812,3807,3808,-1,3808,3807,3809,-1,3808,3809,3810,-1,3810,3809,3811,-1,3810,3811,3812,-1,3812,3811,3813,-1,3812,3813,3814,-1,3814,3813,3815,-1,3814,3815,3816,-1,3816,3815,3817,-1,3816,3817,3818,-1,3818,3817,3819,-1,3818,3819,3820,-1,3820,3819,3821,-1,3820,3821,3822,-1,3822,3821,3823,-1,3822,3823,3824,-1,3824,3823,3825,-1,3824,3825,3826,-1,3826,3825,3827,-1,3826,3827,3828,-1,3828,3827,3829,-1,3828,3829,3830,-1,3830,3829,3831,-1,3830,3831,3832,-1,3832,3831,3833,-1,3832,3833,3834,-1,3834,3833,3835,-1,3834,3835,3836,-1,3836,3835,3837,-1,3836,3837,3838,-1,3838,3837,3839,-1,3838,3839,3840,-1,3840,3839,3841,-1,3840,3841,3842,-1,3842,3841,3843,-1,3842,3843,3844,-1,3844,3843,3845,-1,3844,3845,3846,-1,3846,3845,3847,-1,3846,3847,3848,-1,3848,3847,3849,-1,3848,3849,3850,-1,3850,3849,3851,-1,3850,3851,3852,-1,3852,3851,859,-1,3852,859,860,-1,860,859,3853,-1,860,3853,3854,-1,3854,3853,3855,-1,3854,3855,3856,-1,3856,3855,3857,-1,3856,3857,3858,-1,3858,3857,3859,-1,3858,3859,3860,-1,3860,3859,3861,-1,3860,3861,3862,-1,3862,3861,3863,-1,3862,3863,3864,-1,3864,3863,3865,-1,3864,3865,3866,-1,3866,3865,3867,-1,3866,3867,3868,-1,3868,3867,3869,-1,3868,3869,3870,-1,3870,3869,3871,-1,3870,3871,3872,-1,3872,3871,3873,-1,3872,3873,3874,-1,3874,3873,3875,-1,3874,3875,3876,-1,3876,3875,3877,-1,3876,3877,3878,-1,3878,3877,3879,-1,3878,3879,3880,-1,3880,3879,3881,-1,3880,3881,3882,-1,3882,3881,3883,-1,3882,3883,3884,-1,3884,3883,3885,-1,3884,3885,3886,-1,3886,3885,3887,-1,3886,3887,3888,-1,3888,3887,3889,-1,3888,3889,3890,-1,3890,3889,3891,-1,3890,3891,3892,-1,3892,3891,3893,-1,3892,3893,3894,-1,3894,3893,3895,-1,3894,3895,3896,-1,3896,3895,3897,-1,3896,3897,3898,-1,3898,3897,907,-1,3898,907,908,-1,908,907,3899,-1,908,3899,3900,-1,3900,3899,3901,-1,3900,3901,3902,-1,3902,3901,3903,-1,3902,3903,3904,-1,3904,3903,3905,-1,3904,3905,3906,-1,3906,3905,3907,-1,3906,3907,3908,-1,3908,3907,3909,-1,3908,3909,3910,-1,3910,3909,3911,-1,3910,3911,3912,-1,3912,3911,3913,-1,3912,3913,3914,-1,3914,3913,3915,-1,3914,3915,3916,-1,3916,3915,3917,-1,3916,3917,3918,-1,3918,3917,3919,-1,3918,3919,3920,-1,3920,3919,3921,-1,3920,3921,3922,-1,3922,3921,3923,-1,3922,3923,3924,-1,3924,3923,3925,-1,3924,3925,3926,-1,3926,3925,3927,-1,3926,3927,3928,-1,3928,3927,3929,-1,3928,3929,3930,-1,3930,3929,3931,-1,3930,3931,3932,-1,3932,3931,3933,-1,3932,3933,3934,-1,3934,3933,3935,-1,3934,3935,3936,-1,3936,3935,3937,-1,3936,3937,3938,-1,3938,3937,3939,-1,3938,3939,3940,-1,3940,3939,3941,-1,3940,3941,3942,-1,3942,3941,3943,-1,3942,3943,3944,-1,3944,3943,445,-1,3944,445,446,-1,446,445,3945,-1,446,3945,3946,-1,3946,3945,3947,-1,3946,3947,3948,-1,3948,3947,3949,-1,3948,3949,3950,-1,3950,3949,3951,-1,3950,3951,3952,-1,3952,3951,3953,-1,3952,3953,3954,-1,3954,3953,3955,-1,3954,3955,3572,-1,3572,3955,3573,-1,3956,3957,3958,-1,3958,3957,3959,-1,3958,3959,3960,-1,3960,3959,3961,-1,3960,3961,3962,-1,3962,3961,3963,-1,3962,3963,3964,-1,3964,3963,3965,-1,3964,3965,3966,-1,3966,3965,3967,-1,3966,3967,3968,-1,3968,3967,3969,-1,3968,3969,3970,-1,3970,3969,3971,-1,3970,3971,3972,-1,3972,3971,3973,-1,3972,3973,3974,-1,3974,3973,365,-1,3974,365,366,-1,366,365,3975,-1,366,3975,3976,-1,3976,3975,3977,-1,3976,3977,3978,-1,3978,3977,3979,-1,3978,3979,3980,-1,3980,3979,3981,-1,3980,3981,3982,-1,3982,3981,3983,-1,3982,3983,3984,-1,3984,3983,3985,-1,3984,3985,3986,-1,3986,3985,3987,-1,3986,3987,3988,-1,3988,3987,3989,-1,3988,3989,3990,-1,3990,3989,3991,-1,3990,3991,3992,-1,3992,3991,3993,-1,3992,3993,3994,-1,3994,3993,3995,-1,3994,3995,3996,-1,3996,3995,3997,-1,3996,3997,3998,-1,3998,3997,3999,-1,3998,3999,4000,-1,4000,3999,4001,-1,4000,4001,4002,-1,4002,4001,4003,-1,4002,4003,4004,-1,4004,4003,4005,-1,4004,4005,4006,-1,4006,4005,4007,-1,4006,4007,4008,-1,4008,4007,4009,-1,4008,4009,4010,-1,4010,4009,4011,-1,4010,4011,4012,-1,4012,4011,4013,-1,4012,4013,4014,-1,4014,4013,4015,-1,4014,4015,4016,-1,4016,4015,4017,-1,4016,4017,4018,-1,4018,4017,4019,-1,4018,4019,4020,-1,4020,4019,11,-1,4020,11,12,-1,12,11,4021,-1,12,4021,4022,-1,4022,4021,4023,-1,4022,4023,4024,-1,4024,4023,4025,-1,4024,4025,4026,-1,4026,4025,4027,-1,4026,4027,4028,-1,4028,4027,4029,-1,4028,4029,4030,-1,4030,4029,4031,-1,4030,4031,4032,-1,4032,4031,4033,-1,4032,4033,4034,-1,4034,4033,4035,-1,4034,4035,4036,-1,4036,4035,4037,-1,4036,4037,4038,-1,4038,4037,4039,-1,4038,4039,4040,-1,4040,4039,4041,-1,4040,4041,4042,-1,4042,4041,4043,-1,4042,4043,4044,-1,4044,4043,4045,-1,4044,4045,4046,-1,4046,4045,4047,-1,4046,4047,4048,-1,4048,4047,4049,-1,4048,4049,4050,-1,4050,4049,4051,-1,4050,4051,4052,-1,4052,4051,4053,-1,4052,4053,4054,-1,4054,4053,4055,-1,4054,4055,4056,-1,4056,4055,4057,-1,4056,4057,4058,-1,4058,4057,4059,-1,4058,4059,4060,-1,4060,4059,4061,-1,4060,4061,4062,-1,4062,4061,4063,-1,4062,4063,4064,-1,4064,4063,4065,-1,4064,4065,4066,-1,4066,4065,59,-1,4066,59,60,-1,60,59,4067,-1,60,4067,4068,-1,4068,4067,4069,-1,4068,4069,4070,-1,4070,4069,4071,-1,4070,4071,4072,-1,4072,4071,4073,-1,4072,4073,4074,-1,4074,4073,4075,-1,4074,4075,4076,-1,4076,4075,4077,-1,4076,4077,4078,-1,4078,4077,4079,-1,4078,4079,4080,-1,4080,4079,4081,-1,4080,4081,4082,-1,4082,4081,4083,-1,4082,4083,4084,-1,4084,4083,4085,-1,4084,4085,4086,-1,4086,4085,4087,-1,4086,4087,4088,-1,4088,4087,4089,-1,4088,4089,4090,-1,4090,4089,4091,-1,4090,4091,4092,-1,4092,4091,4093,-1,4092,4093,4094,-1,4094,4093,4095,-1,4094,4095,4096,-1,4096,4095,4097,-1,4096,4097,4098,-1,4098,4097,4099,-1,4098,4099,4100,-1,4100,4099,4101,-1,4100,4101,4102,-1,4102,4101,4103,-1,4102,4103,4104,-1,4104,4103,4105,-1,4104,4105,4106,-1,4106,4105,4107,-1,4106,4107,4108,-1,4108,4107,4109,-1,4108,4109,4110,-1,4110,4109,4111,-1,4110,4111,4112,-1,4112,4111,107,-1,4112,107,108,-1,108,107,4113,-1,108,4113,4114,-1,4114,4113,4115,-1,4114,4115,4116,-1,4116,4115,4117,-1,4116,4117,4118,-1,4118,4117,4119,-1,4118,4119,4120,-1,4120,4119,4121,-1,4120,4121,4122,-1,4122,4121,4123,-1,4122,4123,4124,-1,4124,4123,4125,-1,4124,4125,4126,-1,4126,4125,4127,-1,4126,4127,4128,-1,4128,4127,4129,-1,4128,4129,4130,-1,4130,4129,4131,-1,4130,4131,4132,-1,4132,4131,4133,-1,4132,4133,4134,-1,4134,4133,4135,-1,4134,4135,4136,-1,4136,4135,4137,-1,4136,4137,4138,-1,4138,4137,4139,-1,4138,4139,4140,-1,4140,4139,4141,-1,4140,4141,4142,-1,4142,4141,4143,-1,4142,4143,4144,-1,4144,4143,4145,-1,4144,4145,4146,-1,4146,4145,4147,-1,4146,4147,4148,-1,4148,4147,4149,-1,4148,4149,4150,-1,4150,4149,4151,-1,4150,4151,4152,-1,4152,4151,4153,-1,4152,4153,4154,-1,4154,4153,4155,-1,4154,4155,4156,-1,4156,4155,4157,-1,4156,4157,4158,-1,4158,4157,667,-1,4158,667,668,-1,668,667,4159,-1,668,4159,4160,-1,4160,4159,4161,-1,4160,4161,4162,-1,4162,4161,4163,-1,4162,4163,4164,-1,4164,4163,4165,-1,4164,4165,4166,-1,4166,4165,4167,-1,4166,4167,4168,-1,4168,4167,4169,-1,4168,4169,4170,-1,4170,4169,4171,-1,4170,4171,4172,-1,4172,4171,4173,-1,4172,4173,4174,-1,4174,4173,4175,-1,4174,4175,4176,-1,4176,4175,4177,-1,4176,4177,4178,-1,4178,4177,4179,-1,4178,4179,4180,-1,4180,4179,4181,-1,4180,4181,4182,-1,4182,4181,4183,-1,4182,4183,4184,-1,4184,4183,4185,-1,4184,4185,4186,-1,4186,4185,4187,-1,4186,4187,4188,-1,4188,4187,4189,-1,4188,4189,4190,-1,4190,4189,4191,-1,4190,4191,4192,-1,4192,4191,4193,-1,4192,4193,4194,-1,4194,4193,4195,-1,4194,4195,4196,-1,4196,4195,4197,-1,4196,4197,4198,-1,4198,4197,4199,-1,4198,4199,4200,-1,4200,4199,4201,-1,4200,4201,3712,-1,3712,4201,3713,-1,3710,3711,4202,-1,4202,3711,4203,-1,4202,4203,4204,-1,4204,4203,4205,-1,4204,4205,4206,-1,4206,4205,4207,-1,4206,4207,4208,-1,4208,4207,4209,-1,4208,4209,4210,-1,4210,4209,4211,-1,4210,4211,4212,-1,4212,4211,4213,-1,4212,4213,4214,-1,4214,4213,4215,-1,4214,4215,4216,-1,4216,4215,4217,-1,4216,4217,4218,-1,4218,4217,4219,-1,4218,4219,4220,-1,4220,4219,4221,-1,4220,4221,4222,-1,4222,4221,4223,-1,4222,4223,4224,-1,4224,4223,4225,-1,4224,4225,4226,-1,4226,4225,4227,-1,4226,4227,4228,-1,4228,4227,4229,-1,4228,4229,4230,-1,4230,4229,4231,-1,4230,4231,4232,-1,4232,4231,4233,-1,4232,4233,4234,-1,4234,4233,637,-1,4234,637,638,-1,638,637,4235,-1,638,4235,4236,-1,4236,4235,4237,-1,4236,4237,4238,-1,4238,4237,4239,-1,4238,4239,4240,-1,4240,4239,4241,-1,4240,4241,4242,-1,4242,4241,4243,-1,4242,4243,4244,-1,4244,4243,4245,-1,4244,4245,4246,-1,4246,4245,4247,-1,4246,4247,4248,-1,4248,4247,4249,-1,4248,4249,4250,-1,4250,4249,4251,-1,4250,4251,4252,-1,4252,4251,4253,-1,4252,4253,4254,-1,4254,4253,4255,-1,4254,4255,4256,-1,4256,4255,4257,-1,4256,4257,4258,-1,4258,4257,4259,-1,4258,4259,4260,-1,4260,4259,4261,-1,4260,4261,4262,-1,4262,4261,4263,-1,4262,4263,4264,-1,4264,4263,4265,-1,4264,4265,4266,-1,4266,4265,4267,-1,4266,4267,4268,-1,4268,4267,4269,-1,4268,4269,4270,-1,4270,4269,4271,-1,4270,4271,4272,-1,4272,4271,4273,-1,4272,4273,4274,-1,4274,4273,4275,-1,4274,4275,4276,-1,4276,4275,4277,-1,4276,4277,4278,-1,4278,4277,4279,-1,4278,4279,4280,-1,4280,4279,173,-1,4280,173,174,-1,174,173,4281,-1,174,4281,4282,-1,4282,4281,4283,-1,4282,4283,4284,-1,4284,4283,4285,-1,4284,4285,4286,-1,4286,4285,4287,-1,4286,4287,4288,-1,4288,4287,4289,-1,4288,4289,4290,-1,4290,4289,4291,-1,4290,4291,4292,-1,4292,4291,4293,-1,4292,4293,4294,-1,4294,4293,4295,-1,4294,4295,4296,-1,4296,4295,4297,-1,4296,4297,4298,-1,4298,4297,4299,-1,4298,4299,4300,-1,4300,4299,4301,-1,4300,4301,4302,-1,4302,4301,4303,-1,4302,4303,4304,-1,4304,4303,4305,-1,4304,4305,4306,-1,4306,4305,4307,-1,4306,4307,4308,-1,4308,4307,4309,-1,4308,4309,4310,-1,4310,4309,4311,-1,4310,4311,4312,-1,4312,4311,4313,-1,4312,4313,4314,-1,4314,4313,4315,-1,4314,4315,4316,-1,4316,4315,4317,-1,4316,4317,4318,-1,4318,4317,4319,-1,4318,4319,4320,-1,4320,4319,4321,-1,4320,4321,4322,-1,4322,4321,4323,-1,4322,4323,4324,-1,4324,4323,4325,-1,4324,4325,4326,-1,4326,4325,221,-1,4326,221,222,-1,222,221,4327,-1,222,4327,4328,-1,4328,4327,4329,-1,4328,4329,4330,-1,4330,4329,4331,-1,4330,4331,4332,-1,4332,4331,4333,-1,4332,4333,4334,-1,4334,4333,4335,-1,4334,4335,4336,-1,4336,4335,4337,-1,4336,4337,4338,-1,4338,4337,4339,-1,4338,4339,4340,-1,4340,4339,4341,-1,4340,4341,4342,-1,4342,4341,4343,-1,4342,4343,4344,-1,4344,4343,4345,-1,4344,4345,4346,-1,4346,4345,4347,-1,4346,4347,4348,-1,4348,4347,4349,-1,4348,4349,4350,-1,4350,4349,4351,-1,4350,4351,4352,-1,4352,4351,4353,-1,4352,4353,4354,-1,4354,4353,4355,-1,4354,4355,4356,-1,4356,4355,4357,-1,4356,4357,4358,-1,4358,4357,4359,-1,4358,4359,4360,-1,4360,4359,4361,-1,4360,4361,4362,-1,4362,4361,4363,-1,4362,4363,4364,-1,4364,4363,4365,-1,4364,4365,4366,-1,4366,4365,4367,-1,4366,4367,4368,-1,4368,4367,4369,-1,4368,4369,4370,-1,4370,4369,4371,-1,4370,4371,4372,-1,4372,4371,269,-1,4372,269,270,-1,270,269,4373,-1,270,4373,4374,-1,4374,4373,4375,-1,4374,4375,4376,-1,4376,4375,4377,-1,4376,4377,4378,-1,4378,4377,4379,-1,4378,4379,4380,-1,4380,4379,4381,-1,4380,4381,4382,-1,4382,4381,4383,-1,4382,4383,4384,-1,4384,4383,4385,-1,4384,4385,4386,-1,4386,4385,4387,-1,4386,4387,4388,-1,4388,4387,4389,-1,4388,4389,4390,-1,4390,4389,4391,-1,4390,4391,4392,-1,4392,4391,4393,-1,4392,4393,4394,-1,4394,4393,4395,-1,4394,4395,4396,-1,4396,4395,4397,-1,4396,4397,4398,-1,4398,4397,4399,-1,4398,4399,4400,-1,4400,4399,4401,-1,4400,4401,4402,-1,4402,4401,4403,-1,4402,4403,4404,-1,4404,4403,4405,-1,4404,4405,4406,-1,4406,4405,4407,-1,4406,4407,4408,-1,4408,4407,4409,-1,4408,4409,4410,-1,4410,4409,4411,-1,4410,4411,4412,-1,4412,4411,4413,-1,4412,4413,4414,-1,4414,4413,4415,-1,4414,4415,4416,-1,4416,4415,4417,-1,4416,4417,4418,-1,4418,4417,317,-1,4418,317,318,-1,318,317,4419,-1,318,4419,4420,-1,4420,4419,4421,-1,4420,4421,4422,-1,4422,4421,4423,-1,4422,4423,4424,-1,4424,4423,4425,-1,4424,4425,4426,-1,4426,4425,4427,-1,4426,4427,4428,-1,4428,4427,4429,-1,4428,4429,4430,-1,4430,4429,4431,-1,4430,4431,4432,-1,4432,4431,4433,-1,4432,4433,4434,-1,4434,4433,4435,-1,4434,4435,4436,-1,4436,4435,4437,-1,4436,4437,4438,-1,4438,4437,4439,-1,4438,4439,4440,-1,4440,4439,4441,-1,4440,4441,4442,-1,4442,4441,4443,-1,4442,4443,4444,-1,4444,4443,4445,-1,4444,4445,3956,-1,3956,4445,3957,-1,4446,3574,4447,-1,4447,3574,3576,-1,4447,3576,4448,-1,4448,3576,3578,-1,4448,3578,4449,-1,4449,3578,3580,-1,4449,3580,4450,-1,4450,3580,3582,-1,4450,3582,4451,-1,4451,3582,3584,-1,4451,3584,4452,-1,4452,3584,3586,-1,4452,3586,4453,-1,4453,3586,3588,-1,4453,3588,4454,-1,4454,3588,3590,-1,4454,3590,4455,-1,4455,3590,3592,-1,4455,3592,4456,-1,4456,3592,3594,-1,4456,3594,4457,-1,4457,3594,3596,-1,4457,3596,4458,-1,4458,3596,3598,-1,4458,3598,4459,-1,4459,3598,3600,-1,4459,3600,4460,-1,4460,3600,3602,-1,4460,3602,4461,-1,4461,3602,3604,-1,4461,3604,4462,-1,4462,3604,3606,-1,4462,3606,4463,-1,4463,3606,494,-1,4463,494,1159,-1,1159,494,3608,-1,1159,3608,4464,-1,4464,3608,3610,-1,4464,3610,4465,-1,4465,3610,3612,-1,4465,3612,4466,-1,4466,3612,3614,-1,4466,3614,4467,-1,4467,3614,3616,-1,4467,3616,4468,-1,4468,3616,3618,-1,4468,3618,4469,-1,4469,3618,3620,-1,4469,3620,4470,-1,4470,3620,3622,-1,4470,3622,4471,-1,4471,3622,3624,-1,4471,3624,4472,-1,4472,3624,3626,-1,4472,3626,4473,-1,4473,3626,3628,-1,4473,3628,4474,-1,4474,3628,3630,-1,4474,3630,4475,-1,4475,3630,3632,-1,4475,3632,4476,-1,4476,3632,3634,-1,4476,3634,4477,-1,4477,3634,3636,-1,4477,3636,4478,-1,4478,3636,3638,-1,4478,3638,4479,-1,4479,3638,3640,-1,4479,3640,4480,-1,4480,3640,3642,-1,4480,3642,4481,-1,4481,3642,3644,-1,4481,3644,4482,-1,4482,3644,3646,-1,4482,3646,4483,-1,4483,3646,3648,-1,4483,3648,4484,-1,4484,3648,3650,-1,4484,3650,4485,-1,4485,3650,3652,-1,4485,3652,4486,-1,4486,3652,542,-1,4486,542,1183,-1,1183,542,3654,-1,1183,3654,4487,-1,4487,3654,3656,-1,4487,3656,4488,-1,4488,3656,3658,-1,4488,3658,4489,-1,4489,3658,3660,-1,4489,3660,4490,-1,4490,3660,3662,-1,4490,3662,4491,-1,4491,3662,3664,-1,4491,3664,4492,-1,4492,3664,3666,-1,4492,3666,4493,-1,4493,3666,3668,-1,4493,3668,4494,-1,4494,3668,3670,-1,4494,3670,4495,-1,4495,3670,3672,-1,4495,3672,4496,-1,4496,3672,3674,-1,4496,3674,4497,-1,4497,3674,3676,-1,4497,3676,4498,-1,4498,3676,3678,-1,4498,3678,4499,-1,4499,3678,3680,-1,4499,3680,4500,-1,4500,3680,3682,-1,4500,3682,4501,-1,4501,3682,3684,-1,4501,3684,4502,-1,4502,3684,3686,-1,4502,3686,4503,-1,4503,3686,3688,-1,4503,3688,4504,-1,4504,3688,3690,-1,4504,3690,4505,-1,4505,3690,3692,-1,4505,3692,4506,-1,4506,3692,3694,-1,4506,3694,4507,-1,4507,3694,3696,-1,4507,3696,4508,-1,4508,3696,3698,-1,4508,3698,4509,-1,4509,3698,590,-1,4509,590,1207,-1,1207,590,3700,-1,1207,3700,4510,-1,4510,3700,3702,-1,4510,3702,4511,-1,4511,3702,3704,-1,4511,3704,4512,-1,4512,3704,3706,-1,4512,3706,4513,-1,4513,3706,3708,-1,4513,3708,4514,-1,4514,3708,3710,-1,4514,3710,4515,-1,4515,3710,4202,-1,4516,3714,4517,-1,4517,3714,716,-1,4517,716,1270,-1,1270,716,3716,-1,1270,3716,4518,-1,4518,3716,3718,-1,4518,3718,4519,-1,4519,3718,3720,-1,4519,3720,4520,-1,4520,3720,3722,-1,4520,3722,4521,-1,4521,3722,3724,-1,4521,3724,4522,-1,4522,3724,3726,-1,4522,3726,4523,-1,4523,3726,3728,-1,4523,3728,4524,-1,4524,3728,3730,-1,4524,3730,4525,-1,4525,3730,3732,-1,4525,3732,4526,-1,4526,3732,3734,-1,4526,3734,4527,-1,4527,3734,3736,-1,4527,3736,4528,-1,4528,3736,3738,-1,4528,3738,4529,-1,4529,3738,3740,-1,4529,3740,4530,-1,4530,3740,3742,-1,4530,3742,4531,-1,4531,3742,3744,-1,4531,3744,4532,-1,4532,3744,3746,-1,4532,3746,4533,-1,4533,3746,3748,-1,4533,3748,4534,-1,4534,3748,3750,-1,4534,3750,4535,-1,4535,3750,3752,-1,4535,3752,4536,-1,4536,3752,3754,-1,4536,3754,4537,-1,4537,3754,3756,-1,4537,3756,4538,-1,4538,3756,3758,-1,4538,3758,4539,-1,4539,3758,3760,-1,4539,3760,4540,-1,4540,3760,764,-1,4540,764,1294,-1,1294,764,3762,-1,1294,3762,4541,-1,4541,3762,3764,-1,4541,3764,4542,-1,4542,3764,3766,-1,4542,3766,4543,-1,4543,3766,3768,-1,4543,3768,4544,-1,4544,3768,3770,-1,4544,3770,4545,-1,4545,3770,3772,-1,4545,3772,4546,-1,4546,3772,3774,-1,4546,3774,4547,-1,4547,3774,3776,-1,4547,3776,4548,-1,4548,3776,3778,-1,4548,3778,4549,-1,4549,3778,3780,-1,4549,3780,4550,-1,4550,3780,3782,-1,4550,3782,4551,-1,4551,3782,3784,-1,4551,3784,4552,-1,4552,3784,3786,-1,4552,3786,4553,-1,4553,3786,3788,-1,4553,3788,4554,-1,4554,3788,3790,-1,4554,3790,4555,-1,4555,3790,3792,-1,4555,3792,4556,-1,4556,3792,3794,-1,4556,3794,4557,-1,4557,3794,3796,-1,4557,3796,4558,-1,4558,3796,3798,-1,4558,3798,4559,-1,4559,3798,3800,-1,4559,3800,4560,-1,4560,3800,3802,-1,4560,3802,4561,-1,4561,3802,3804,-1,4561,3804,4562,-1,4562,3804,3806,-1,4562,3806,4563,-1,4563,3806,812,-1,4563,812,1318,-1,1318,812,3808,-1,1318,3808,4564,-1,4564,3808,3810,-1,4564,3810,4565,-1,4565,3810,3812,-1,4565,3812,4566,-1,4566,3812,3814,-1,4566,3814,4567,-1,4567,3814,3816,-1,4567,3816,4568,-1,4568,3816,3818,-1,4568,3818,4569,-1,4569,3818,3820,-1,4569,3820,4570,-1,4570,3820,3822,-1,4570,3822,4571,-1,4571,3822,3824,-1,4571,3824,4572,-1,4572,3824,3826,-1,4572,3826,4573,-1,4573,3826,3828,-1,4573,3828,4574,-1,4574,3828,3830,-1,4574,3830,4575,-1,4575,3830,3832,-1,4575,3832,4576,-1,4576,3832,3834,-1,4576,3834,4577,-1,4577,3834,3836,-1,4577,3836,4578,-1,4578,3836,3838,-1,4578,3838,4579,-1,4579,3838,3840,-1,4579,3840,4580,-1,4580,3840,3842,-1,4580,3842,4581,-1,4581,3842,3844,-1,4581,3844,4582,-1,4582,3844,3846,-1,4582,3846,4583,-1,4583,3846,3848,-1,4583,3848,4584,-1,4584,3848,3850,-1,4584,3850,4585,-1,4585,3850,3852,-1,4585,3852,4586,-1,4586,3852,860,-1,4586,860,1342,-1,1342,860,3854,-1,1342,3854,4587,-1,4587,3854,3856,-1,4587,3856,4588,-1,4588,3856,3858,-1,4588,3858,4589,-1,4589,3858,3860,-1,4589,3860,4590,-1,4590,3860,3862,-1,4590,3862,4591,-1,4591,3862,3864,-1,4591,3864,4592,-1,4592,3864,3866,-1,4592,3866,4593,-1,4593,3866,3868,-1,4593,3868,4594,-1,4594,3868,3870,-1,4594,3870,4595,-1,4595,3870,3872,-1,4595,3872,4596,-1,4596,3872,3874,-1,4596,3874,4597,-1,4597,3874,3876,-1,4597,3876,4598,-1,4598,3876,3878,-1,4598,3878,4599,-1,4599,3878,3880,-1,4599,3880,4600,-1,4600,3880,3882,-1,4600,3882,4601,-1,4601,3882,3884,-1,4601,3884,4602,-1,4602,3884,3886,-1,4602,3886,4603,-1,4603,3886,3888,-1,4603,3888,4604,-1,4604,3888,3890,-1,4604,3890,4605,-1,4605,3890,3892,-1,4605,3892,4606,-1,4606,3892,3894,-1,4606,3894,4607,-1,4607,3894,3896,-1,4607,3896,4608,-1,4608,3896,3898,-1,4608,3898,4609,-1,4609,3898,908,-1,4609,908,1366,-1,1366,908,3900,-1,1366,3900,4610,-1,4610,3900,3902,-1,4610,3902,4611,-1,4611,3902,3904,-1,4611,3904,4612,-1,4612,3904,3906,-1,4612,3906,4613,-1,4613,3906,3908,-1,4613,3908,4614,-1,4614,3908,3910,-1,4614,3910,4615,-1,4615,3910,3912,-1,4615,3912,4616,-1,4616,3912,3914,-1,4616,3914,4617,-1,4617,3914,3916,-1,4617,3916,4618,-1,4618,3916,3918,-1,4618,3918,4619,-1,4619,3918,3920,-1,4619,3920,4620,-1,4620,3920,3922,-1,4620,3922,4621,-1,4621,3922,3924,-1,4621,3924,4622,-1,4622,3924,3926,-1,4622,3926,4623,-1,4623,3926,3928,-1,4623,3928,4624,-1,4624,3928,3930,-1,4624,3930,4625,-1,4625,3930,3932,-1,4625,3932,4626,-1,4626,3932,3934,-1,4626,3934,4627,-1,4627,3934,3936,-1,4627,3936,4628,-1,4628,3936,3938,-1,4628,3938,4629,-1,4629,3938,3940,-1,4629,3940,4630,-1,4630,3940,3942,-1,4630,3942,4631,-1,4631,3942,3944,-1,4631,3944,4632,-1,4632,3944,446,-1,4632,446,1135,-1,1135,446,3946,-1,1135,3946,4633,-1,4633,3946,3948,-1,4633,3948,4634,-1,4634,3948,3950,-1,4634,3950,4635,-1,4635,3950,3952,-1,4635,3952,4636,-1,4636,3952,3954,-1,4636,3954,4637,-1,4637,3954,3572,-1,4637,3572,4446,-1,4446,3572,3574,-1,4638,3958,4639,-1,4639,3958,3960,-1,4639,3960,4640,-1,4640,3960,3962,-1,4640,3962,4641,-1,4641,3962,3964,-1,4641,3964,4642,-1,4642,3964,3966,-1,4642,3966,4643,-1,4643,3966,3968,-1,4643,3968,4644,-1,4644,3968,3970,-1,4644,3970,4645,-1,4645,3970,3972,-1,4645,3972,4646,-1,4646,3972,3974,-1,4646,3974,4647,-1,4647,3974,366,-1,4647,366,1095,-1,1095,366,3976,-1,1095,3976,4648,-1,4648,3976,3978,-1,4648,3978,4649,-1,4649,3978,3980,-1,4649,3980,4650,-1,4650,3980,3982,-1,4650,3982,4651,-1,4651,3982,3984,-1,4651,3984,4652,-1,4652,3984,3986,-1,4652,3986,4653,-1,4653,3986,3988,-1,4653,3988,4654,-1,4654,3988,3990,-1,4654,3990,4655,-1,4655,3990,3992,-1,4655,3992,4656,-1,4656,3992,3994,-1,4656,3994,4657,-1,4657,3994,3996,-1,4657,3996,4658,-1,4658,3996,3998,-1,4658,3998,4659,-1,4659,3998,4000,-1,4659,4000,4660,-1,4660,4000,4002,-1,4660,4002,4661,-1,4661,4002,4004,-1,4661,4004,4662,-1,4662,4004,4006,-1,4662,4006,4663,-1,4663,4006,4008,-1,4663,4008,4664,-1,4664,4008,4010,-1,4664,4010,4665,-1,4665,4010,4012,-1,4665,4012,4666,-1,4666,4012,4014,-1,4666,4014,4667,-1,4667,4014,4016,-1,4667,4016,4668,-1,4668,4016,4018,-1,4668,4018,4669,-1,4669,4018,4020,-1,4669,4020,4670,-1,4670,4020,12,-1,4670,12,918,-1,918,12,4022,-1,918,4022,4671,-1,4671,4022,4024,-1,4671,4024,4672,-1,4672,4024,4026,-1,4672,4026,4673,-1,4673,4026,4028,-1,4673,4028,4674,-1,4674,4028,4030,-1,4674,4030,4675,-1,4675,4030,4032,-1,4675,4032,4676,-1,4676,4032,4034,-1,4676,4034,4677,-1,4677,4034,4036,-1,4677,4036,4678,-1,4678,4036,4038,-1,4678,4038,4679,-1,4679,4038,4040,-1,4679,4040,4680,-1,4680,4040,4042,-1,4680,4042,4681,-1,4681,4042,4044,-1,4681,4044,4682,-1,4682,4044,4046,-1,4682,4046,4683,-1,4683,4046,4048,-1,4683,4048,4684,-1,4684,4048,4050,-1,4684,4050,4685,-1,4685,4050,4052,-1,4685,4052,4686,-1,4686,4052,4054,-1,4686,4054,4687,-1,4687,4054,4056,-1,4687,4056,4688,-1,4688,4056,4058,-1,4688,4058,4689,-1,4689,4058,4060,-1,4689,4060,4690,-1,4690,4060,4062,-1,4690,4062,4691,-1,4691,4062,4064,-1,4691,4064,4692,-1,4692,4064,4066,-1,4692,4066,4693,-1,4693,4066,60,-1,4693,60,942,-1,942,60,4068,-1,942,4068,4694,-1,4694,4068,4070,-1,4694,4070,4695,-1,4695,4070,4072,-1,4695,4072,4696,-1,4696,4072,4074,-1,4696,4074,4697,-1,4697,4074,4076,-1,4697,4076,4698,-1,4698,4076,4078,-1,4698,4078,4699,-1,4699,4078,4080,-1,4699,4080,4700,-1,4700,4080,4082,-1,4700,4082,4701,-1,4701,4082,4084,-1,4701,4084,4702,-1,4702,4084,4086,-1,4702,4086,4703,-1,4703,4086,4088,-1,4703,4088,4704,-1,4704,4088,4090,-1,4704,4090,4705,-1,4705,4090,4092,-1,4705,4092,4706,-1,4706,4092,4094,-1,4706,4094,4707,-1,4707,4094,4096,-1,4707,4096,4708,-1,4708,4096,4098,-1,4708,4098,4709,-1,4709,4098,4100,-1,4709,4100,4710,-1,4710,4100,4102,-1,4710,4102,4711,-1,4711,4102,4104,-1,4711,4104,4712,-1,4712,4104,4106,-1,4712,4106,4713,-1,4713,4106,4108,-1,4713,4108,4714,-1,4714,4108,4110,-1,4714,4110,4715,-1,4715,4110,4112,-1,4715,4112,4716,-1,4716,4112,108,-1,4716,108,966,-1,966,108,4114,-1,966,4114,4717,-1,4717,4114,4116,-1,4717,4116,4718,-1,4718,4116,4118,-1,4718,4118,4719,-1,4719,4118,4120,-1,4719,4120,4720,-1,4720,4120,4122,-1,4720,4122,4721,-1,4721,4122,4124,-1,4721,4124,4722,-1,4722,4124,4126,-1,4722,4126,4723,-1,4723,4126,4128,-1,4723,4128,4724,-1,4724,4128,4130,-1,4724,4130,4725,-1,4725,4130,4132,-1,4725,4132,4726,-1,4726,4132,4134,-1,4726,4134,4727,-1,4727,4134,4136,-1,4727,4136,4728,-1,4728,4136,4138,-1,4728,4138,4729,-1,4729,4138,4140,-1,4729,4140,4730,-1,4730,4140,4142,-1,4730,4142,4731,-1,4731,4142,4144,-1,4731,4144,4732,-1,4732,4144,4146,-1,4732,4146,4733,-1,4733,4146,4148,-1,4733,4148,4734,-1,4734,4148,4150,-1,4734,4150,4735,-1,4735,4150,4152,-1,4735,4152,4736,-1,4736,4152,4154,-1,4736,4154,4737,-1,4737,4154,4156,-1,4737,4156,4738,-1,4738,4156,4158,-1,4738,4158,4739,-1,4739,4158,668,-1,4739,668,1246,-1,1246,668,4160,-1,1246,4160,4740,-1,4740,4160,4162,-1,4740,4162,4741,-1,4741,4162,4164,-1,4741,4164,4742,-1,4742,4164,4166,-1,4742,4166,4743,-1,4743,4166,4168,-1,4743,4168,4744,-1,4744,4168,4170,-1,4744,4170,4745,-1,4745,4170,4172,-1,4745,4172,4746,-1,4746,4172,4174,-1,4746,4174,4747,-1,4747,4174,4176,-1,4747,4176,4748,-1,4748,4176,4178,-1,4748,4178,4749,-1,4749,4178,4180,-1,4749,4180,4750,-1,4750,4180,4182,-1,4750,4182,4751,-1,4751,4182,4184,-1,4751,4184,4752,-1,4752,4184,4186,-1,4752,4186,4753,-1,4753,4186,4188,-1,4753,4188,4754,-1,4754,4188,4190,-1,4754,4190,4755,-1,4755,4190,4192,-1,4755,4192,4756,-1,4756,4192,4194,-1,4756,4194,4757,-1,4757,4194,4196,-1,4757,4196,4758,-1,4758,4196,4198,-1,4758,4198,4759,-1,4759,4198,4200,-1,4759,4200,4760,-1,4760,4200,3712,-1,4760,3712,4516,-1,4516,3712,3714,-1,4515,4202,4761,-1,4761,4202,4204,-1,4761,4204,4762,-1,4762,4204,4206,-1,4762,4206,4763,-1,4763,4206,4208,-1,4763,4208,4764,-1,4764,4208,4210,-1,4764,4210,4765,-1,4765,4210,4212,-1,4765,4212,4766,-1,4766,4212,4214,-1,4766,4214,4767,-1,4767,4214,4216,-1,4767,4216,4768,-1,4768,4216,4218,-1,4768,4218,4769,-1,4769,4218,4220,-1,4769,4220,4770,-1,4770,4220,4222,-1,4770,4222,4771,-1,4771,4222,4224,-1,4771,4224,4772,-1,4772,4224,4226,-1,4772,4226,4773,-1,4773,4226,4228,-1,4773,4228,4774,-1,4774,4228,4230,-1,4774,4230,4775,-1,4775,4230,4232,-1,4775,4232,4776,-1,4776,4232,4234,-1,4776,4234,4777,-1,4777,4234,638,-1,4777,638,1231,-1,1231,638,4236,-1,1231,4236,4778,-1,4778,4236,4238,-1,4778,4238,4779,-1,4779,4238,4240,-1,4779,4240,4780,-1,4780,4240,4242,-1,4780,4242,4781,-1,4781,4242,4244,-1,4781,4244,4782,-1,4782,4244,4246,-1,4782,4246,4783,-1,4783,4246,4248,-1,4783,4248,4784,-1,4784,4248,4250,-1,4784,4250,4785,-1,4785,4250,4252,-1,4785,4252,4786,-1,4786,4252,4254,-1,4786,4254,4787,-1,4787,4254,4256,-1,4787,4256,4788,-1,4788,4256,4258,-1,4788,4258,4789,-1,4789,4258,4260,-1,4789,4260,4790,-1,4790,4260,4262,-1,4790,4262,4791,-1,4791,4262,4264,-1,4791,4264,4792,-1,4792,4264,4266,-1,4792,4266,4793,-1,4793,4266,4268,-1,4793,4268,4794,-1,4794,4268,4270,-1,4794,4270,4795,-1,4795,4270,4272,-1,4795,4272,4796,-1,4796,4272,4274,-1,4796,4274,4797,-1,4797,4274,4276,-1,4797,4276,4798,-1,4798,4276,4278,-1,4798,4278,4799,-1,4799,4278,4280,-1,4799,4280,4800,-1,4800,4280,174,-1,4800,174,999,-1,999,174,4282,-1,999,4282,4801,-1,4801,4282,4284,-1,4801,4284,4802,-1,4802,4284,4286,-1,4802,4286,4803,-1,4803,4286,4288,-1,4803,4288,4804,-1,4804,4288,4290,-1,4804,4290,4805,-1,4805,4290,4292,-1,4805,4292,4806,-1,4806,4292,4294,-1,4806,4294,4807,-1,4807,4294,4296,-1,4807,4296,4808,-1,4808,4296,4298,-1,4808,4298,4809,-1,4809,4298,4300,-1,4809,4300,4810,-1,4810,4300,4302,-1,4810,4302,4811,-1,4811,4302,4304,-1,4811,4304,4812,-1,4812,4304,4306,-1,4812,4306,4813,-1,4813,4306,4308,-1,4813,4308,4814,-1,4814,4308,4310,-1,4814,4310,4815,-1,4815,4310,4312,-1,4815,4312,4816,-1,4816,4312,4314,-1,4816,4314,4817,-1,4817,4314,4316,-1,4817,4316,4818,-1,4818,4316,4318,-1,4818,4318,4819,-1,4819,4318,4320,-1,4819,4320,4820,-1,4820,4320,4322,-1,4820,4322,4821,-1,4821,4322,4324,-1,4821,4324,4822,-1,4822,4324,4326,-1,4822,4326,4823,-1,4823,4326,222,-1,4823,222,1023,-1,1023,222,4328,-1,1023,4328,4824,-1,4824,4328,4330,-1,4824,4330,4825,-1,4825,4330,4332,-1,4825,4332,4826,-1,4826,4332,4334,-1,4826,4334,4827,-1,4827,4334,4336,-1,4827,4336,4828,-1,4828,4336,4338,-1,4828,4338,4829,-1,4829,4338,4340,-1,4829,4340,4830,-1,4830,4340,4342,-1,4830,4342,4831,-1,4831,4342,4344,-1,4831,4344,4832,-1,4832,4344,4346,-1,4832,4346,4833,-1,4833,4346,4348,-1,4833,4348,4834,-1,4834,4348,4350,-1,4834,4350,4835,-1,4835,4350,4352,-1,4835,4352,4836,-1,4836,4352,4354,-1,4836,4354,4837,-1,4837,4354,4356,-1,4837,4356,4838,-1,4838,4356,4358,-1,4838,4358,4839,-1,4839,4358,4360,-1,4839,4360,4840,-1,4840,4360,4362,-1,4840,4362,4841,-1,4841,4362,4364,-1,4841,4364,4842,-1,4842,4364,4366,-1,4842,4366,4843,-1,4843,4366,4368,-1,4843,4368,4844,-1,4844,4368,4370,-1,4844,4370,4845,-1,4845,4370,4372,-1,4845,4372,4846,-1,4846,4372,270,-1,4846,270,1047,-1,1047,270,4374,-1,1047,4374,4847,-1,4847,4374,4376,-1,4847,4376,4848,-1,4848,4376,4378,-1,4848,4378,4849,-1,4849,4378,4380,-1,4849,4380,4850,-1,4850,4380,4382,-1,4850,4382,4851,-1,4851,4382,4384,-1,4851,4384,4852,-1,4852,4384,4386,-1,4852,4386,4853,-1,4853,4386,4388,-1,4853,4388,4854,-1,4854,4388,4390,-1,4854,4390,4855,-1,4855,4390,4392,-1,4855,4392,4856,-1,4856,4392,4394,-1,4856,4394,4857,-1,4857,4394,4396,-1,4857,4396,4858,-1,4858,4396,4398,-1,4858,4398,4859,-1,4859,4398,4400,-1,4859,4400,4860,-1,4860,4400,4402,-1,4860,4402,4861,-1,4861,4402,4404,-1,4861,4404,4862,-1,4862,4404,4406,-1,4862,4406,4863,-1,4863,4406,4408,-1,4863,4408,4864,-1,4864,4408,4410,-1,4864,4410,4865,-1,4865,4410,4412,-1,4865,4412,4866,-1,4866,4412,4414,-1,4866,4414,4867,-1,4867,4414,4416,-1,4867,4416,4868,-1,4868,4416,4418,-1,4868,4418,4869,-1,4869,4418,318,-1,4869,318,1071,-1,1071,318,4420,-1,1071,4420,4870,-1,4870,4420,4422,-1,4870,4422,4871,-1,4871,4422,4424,-1,4871,4424,4872,-1,4872,4424,4426,-1,4872,4426,4873,-1,4873,4426,4428,-1,4873,4428,4874,-1,4874,4428,4430,-1,4874,4430,4875,-1,4875,4430,4432,-1,4875,4432,4876,-1,4876,4432,4434,-1,4876,4434,4877,-1,4877,4434,4436,-1,4877,4436,4878,-1,4878,4436,4438,-1,4878,4438,4879,-1,4879,4438,4440,-1,4879,4440,4880,-1,4880,4440,4442,-1,4880,4442,4881,-1,4881,4442,4444,-1,4881,4444,4882,-1,4882,4444,3956,-1,4882,3956,4638,-1,4638,3956,3958,-1,4883,4447,4884,-1,4884,4447,4448,-1,4884,4448,4885,-1,4885,4448,4449,-1,4885,4449,4886,-1,4886,4449,4450,-1,4886,4450,4887,-1,4887,4450,4451,-1,4887,4451,4888,-1,4888,4451,4452,-1,4888,4452,4889,-1,4889,4452,4453,-1,4889,4453,4890,-1,4890,4453,4454,-1,4890,4454,4891,-1,4891,4454,4455,-1,4891,4455,4892,-1,4892,4455,4456,-1,4892,4456,4893,-1,4893,4456,4457,-1,4893,4457,4894,-1,4894,4457,4458,-1,4894,4458,4895,-1,4895,4458,4459,-1,4895,4459,4896,-1,4896,4459,4460,-1,4896,4460,4897,-1,4897,4460,4461,-1,4897,4461,4898,-1,4898,4461,4462,-1,4898,4462,4899,-1,4899,4462,4463,-1,4899,4463,4900,-1,4900,4463,1159,-1,4900,1159,1615,-1,1615,1159,4464,-1,1615,4464,4901,-1,4901,4464,4465,-1,4901,4465,4902,-1,4902,4465,4466,-1,4902,4466,4903,-1,4903,4466,4467,-1,4903,4467,4904,-1,4904,4467,4468,-1,4904,4468,4905,-1,4905,4468,4469,-1,4905,4469,4906,-1,4906,4469,4470,-1,4906,4470,4907,-1,4907,4470,4471,-1,4907,4471,4908,-1,4908,4471,4472,-1,4908,4472,4909,-1,4909,4472,4473,-1,4909,4473,4910,-1,4910,4473,4474,-1,4910,4474,4911,-1,4911,4474,4475,-1,4911,4475,4912,-1,4912,4475,4476,-1,4912,4476,4913,-1,4913,4476,4477,-1,4913,4477,4914,-1,4914,4477,4478,-1,4914,4478,4915,-1,4915,4478,4479,-1,4915,4479,4916,-1,4916,4479,4480,-1,4916,4480,4917,-1,4917,4480,4481,-1,4917,4481,4918,-1,4918,4481,4482,-1,4918,4482,4919,-1,4919,4482,4483,-1,4919,4483,4920,-1,4920,4483,4484,-1,4920,4484,4921,-1,4921,4484,4485,-1,4921,4485,4922,-1,4922,4485,4486,-1,4922,4486,4923,-1,4923,4486,1183,-1,4923,1183,1639,-1,1639,1183,4487,-1,1639,4487,4924,-1,4924,4487,4488,-1,4924,4488,4925,-1,4925,4488,4489,-1,4925,4489,4926,-1,4926,4489,4490,-1,4926,4490,4927,-1,4927,4490,4491,-1,4927,4491,4928,-1,4928,4491,4492,-1,4928,4492,4929,-1,4929,4492,4493,-1,4929,4493,4930,-1,4930,4493,4494,-1,4930,4494,4931,-1,4931,4494,4495,-1,4931,4495,4932,-1,4932,4495,4496,-1,4932,4496,4933,-1,4933,4496,4497,-1,4933,4497,4934,-1,4934,4497,4498,-1,4934,4498,4935,-1,4935,4498,4499,-1,4935,4499,4936,-1,4936,4499,4500,-1,4936,4500,4937,-1,4937,4500,4501,-1,4937,4501,4938,-1,4938,4501,4502,-1,4938,4502,4939,-1,4939,4502,4503,-1,4939,4503,4940,-1,4940,4503,4504,-1,4940,4504,4941,-1,4941,4504,4505,-1,4941,4505,4942,-1,4942,4505,4506,-1,4942,4506,4943,-1,4943,4506,4507,-1,4943,4507,4944,-1,4944,4507,4508,-1,4944,4508,4945,-1,4945,4508,4509,-1,4945,4509,4946,-1,4946,4509,1207,-1,4946,1207,1663,-1,1663,1207,4510,-1,1663,4510,4947,-1,4947,4510,4511,-1,4947,4511,4948,-1,4948,4511,4512,-1,4948,4512,4949,-1,4949,4512,4513,-1,4949,4513,4950,-1,4950,4513,4514,-1,4950,4514,4951,-1,4951,4514,4515,-1,4951,4515,4952,-1,4952,4515,4761,-1,4953,4517,4954,-1,4954,4517,1270,-1,4954,1270,1726,-1,1726,1270,4518,-1,1726,4518,4955,-1,4955,4518,4519,-1,4955,4519,4956,-1,4956,4519,4520,-1,4956,4520,4957,-1,4957,4520,4521,-1,4957,4521,4958,-1,4958,4521,4522,-1,4958,4522,4959,-1,4959,4522,4523,-1,4959,4523,4960,-1,4960,4523,4524,-1,4960,4524,4961,-1,4961,4524,4525,-1,4961,4525,4962,-1,4962,4525,4526,-1,4962,4526,4963,-1,4963,4526,4527,-1,4963,4527,4964,-1,4964,4527,4528,-1,4964,4528,4965,-1,4965,4528,4529,-1,4965,4529,4966,-1,4966,4529,4530,-1,4966,4530,4967,-1,4967,4530,4531,-1,4967,4531,4968,-1,4968,4531,4532,-1,4968,4532,4969,-1,4969,4532,4533,-1,4969,4533,4970,-1,4970,4533,4534,-1,4970,4534,4971,-1,4971,4534,4535,-1,4971,4535,4972,-1,4972,4535,4536,-1,4972,4536,4973,-1,4973,4536,4537,-1,4973,4537,4974,-1,4974,4537,4538,-1,4974,4538,4975,-1,4975,4538,4539,-1,4975,4539,4976,-1,4976,4539,4540,-1,4976,4540,4977,-1,4977,4540,1294,-1,4977,1294,1750,-1,1750,1294,4541,-1,1750,4541,4978,-1,4978,4541,4542,-1,4978,4542,4979,-1,4979,4542,4543,-1,4979,4543,4980,-1,4980,4543,4544,-1,4980,4544,4981,-1,4981,4544,4545,-1,4981,4545,4982,-1,4982,4545,4546,-1,4982,4546,4983,-1,4983,4546,4547,-1,4983,4547,4984,-1,4984,4547,4548,-1,4984,4548,4985,-1,4985,4548,4549,-1,4985,4549,4986,-1,4986,4549,4550,-1,4986,4550,4987,-1,4987,4550,4551,-1,4987,4551,4988,-1,4988,4551,4552,-1,4988,4552,4989,-1,4989,4552,4553,-1,4989,4553,4990,-1,4990,4553,4554,-1,4990,4554,4991,-1,4991,4554,4555,-1,4991,4555,4992,-1,4992,4555,4556,-1,4992,4556,4993,-1,4993,4556,4557,-1,4993,4557,4994,-1,4994,4557,4558,-1,4994,4558,4995,-1,4995,4558,4559,-1,4995,4559,4996,-1,4996,4559,4560,-1,4996,4560,4997,-1,4997,4560,4561,-1,4997,4561,4998,-1,4998,4561,4562,-1,4998,4562,4999,-1,4999,4562,4563,-1,4999,4563,5000,-1,5000,4563,1318,-1,5000,1318,1774,-1,1774,1318,4564,-1,1774,4564,5001,-1,5001,4564,4565,-1,5001,4565,5002,-1,5002,4565,4566,-1,5002,4566,5003,-1,5003,4566,4567,-1,5003,4567,5004,-1,5004,4567,4568,-1,5004,4568,5005,-1,5005,4568,4569,-1,5005,4569,5006,-1,5006,4569,4570,-1,5006,4570,5007,-1,5007,4570,4571,-1,5007,4571,5008,-1,5008,4571,4572,-1,5008,4572,5009,-1,5009,4572,4573,-1,5009,4573,5010,-1,5010,4573,4574,-1,5010,4574,5011,-1,5011,4574,4575,-1,5011,4575,5012,-1,5012,4575,4576,-1,5012,4576,5013,-1,5013,4576,4577,-1,5013,4577,5014,-1,5014,4577,4578,-1,5014,4578,5015,-1,5015,4578,4579,-1,5015,4579,5016,-1,5016,4579,4580,-1,5016,4580,5017,-1,5017,4580,4581,-1,5017,4581,5018,-1,5018,4581,4582,-1,5018,4582,5019,-1,5019,4582,4583,-1,5019,4583,5020,-1,5020,4583,4584,-1,5020,4584,5021,-1,5021,4584,4585,-1,5021,4585,5022,-1,5022,4585,4586,-1,5022,4586,5023,-1,5023,4586,1342,-1,5023,1342,1798,-1,1798,1342,4587,-1,1798,4587,5024,-1,5024,4587,4588,-1,5024,4588,5025,-1,5025,4588,4589,-1,5025,4589,5026,-1,5026,4589,4590,-1,5026,4590,5027,-1,5027,4590,4591,-1,5027,4591,5028,-1,5028,4591,4592,-1,5028,4592,5029,-1,5029,4592,4593,-1,5029,4593,5030,-1,5030,4593,4594,-1,5030,4594,5031,-1,5031,4594,4595,-1,5031,4595,5032,-1,5032,4595,4596,-1,5032,4596,5033,-1,5033,4596,4597,-1,5033,4597,5034,-1,5034,4597,4598,-1,5034,4598,5035,-1,5035,4598,4599,-1,5035,4599,5036,-1,5036,4599,4600,-1,5036,4600,5037,-1,5037,4600,4601,-1,5037,4601,5038,-1,5038,4601,4602,-1,5038,4602,5039,-1,5039,4602,4603,-1,5039,4603,5040,-1,5040,4603,4604,-1,5040,4604,5041,-1,5041,4604,4605,-1,5041,4605,5042,-1,5042,4605,4606,-1,5042,4606,5043,-1,5043,4606,4607,-1,5043,4607,5044,-1,5044,4607,4608,-1,5044,4608,5045,-1,5045,4608,4609,-1,5045,4609,5046,-1,5046,4609,1366,-1,5046,1366,1822,-1,1822,1366,4610,-1,1822,4610,5047,-1,5047,4610,4611,-1,5047,4611,5048,-1,5048,4611,4612,-1,5048,4612,5049,-1,5049,4612,4613,-1,5049,4613,5050,-1,5050,4613,4614,-1,5050,4614,5051,-1,5051,4614,4615,-1,5051,4615,5052,-1,5052,4615,4616,-1,5052,4616,5053,-1,5053,4616,4617,-1,5053,4617,5054,-1,5054,4617,4618,-1,5054,4618,5055,-1,5055,4618,4619,-1,5055,4619,5056,-1,5056,4619,4620,-1,5056,4620,5057,-1,5057,4620,4621,-1,5057,4621,5058,-1,5058,4621,4622,-1,5058,4622,5059,-1,5059,4622,4623,-1,5059,4623,5060,-1,5060,4623,4624,-1,5060,4624,5061,-1,5061,4624,4625,-1,5061,4625,5062,-1,5062,4625,4626,-1,5062,4626,5063,-1,5063,4626,4627,-1,5063,4627,5064,-1,5064,4627,4628,-1,5064,4628,5065,-1,5065,4628,4629,-1,5065,4629,5066,-1,5066,4629,4630,-1,5066,4630,5067,-1,5067,4630,4631,-1,5067,4631,5068,-1,5068,4631,4632,-1,5068,4632,5069,-1,5069,4632,1135,-1,5069,1135,1591,-1,1591,1135,4633,-1,1591,4633,5070,-1,5070,4633,4634,-1,5070,4634,5071,-1,5071,4634,4635,-1,5071,4635,5072,-1,5072,4635,4636,-1,5072,4636,5073,-1,5073,4636,4637,-1,5073,4637,5074,-1,5074,4637,4446,-1,5074,4446,4883,-1,4883,4446,4447,-1,5075,4639,5076,-1,5076,4639,4640,-1,5076,4640,5077,-1,5077,4640,4641,-1,5077,4641,5078,-1,5078,4641,4642,-1,5078,4642,5079,-1,5079,4642,4643,-1,5079,4643,5080,-1,5080,4643,4644,-1,5080,4644,5081,-1,5081,4644,4645,-1,5081,4645,5082,-1,5082,4645,4646,-1,5082,4646,5083,-1,5083,4646,4647,-1,5083,4647,5084,-1,5084,4647,1095,-1,5084,1095,1551,-1,1551,1095,4648,-1,1551,4648,5085,-1,5085,4648,4649,-1,5085,4649,5086,-1,5086,4649,4650,-1,5086,4650,5087,-1,5087,4650,4651,-1,5087,4651,5088,-1,5088,4651,4652,-1,5088,4652,5089,-1,5089,4652,4653,-1,5089,4653,5090,-1,5090,4653,4654,-1,5090,4654,5091,-1,5091,4654,4655,-1,5091,4655,5092,-1,5092,4655,4656,-1,5092,4656,5093,-1,5093,4656,4657,-1,5093,4657,5094,-1,5094,4657,4658,-1,5094,4658,5095,-1,5095,4658,4659,-1,5095,4659,5096,-1,5096,4659,4660,-1,5096,4660,5097,-1,5097,4660,4661,-1,5097,4661,5098,-1,5098,4661,4662,-1,5098,4662,5099,-1,5099,4662,4663,-1,5099,4663,5100,-1,5100,4663,4664,-1,5100,4664,5101,-1,5101,4664,4665,-1,5101,4665,5102,-1,5102,4665,4666,-1,5102,4666,5103,-1,5103,4666,4667,-1,5103,4667,5104,-1,5104,4667,4668,-1,5104,4668,5105,-1,5105,4668,4669,-1,5105,4669,5106,-1,5106,4669,4670,-1,5106,4670,5107,-1,5107,4670,918,-1,5107,918,1374,-1,1374,918,4671,-1,1374,4671,5108,-1,5108,4671,4672,-1,5108,4672,5109,-1,5109,4672,4673,-1,5109,4673,5110,-1,5110,4673,4674,-1,5110,4674,5111,-1,5111,4674,4675,-1,5111,4675,5112,-1,5112,4675,4676,-1,5112,4676,5113,-1,5113,4676,4677,-1,5113,4677,5114,-1,5114,4677,4678,-1,5114,4678,5115,-1,5115,4678,4679,-1,5115,4679,5116,-1,5116,4679,4680,-1,5116,4680,5117,-1,5117,4680,4681,-1,5117,4681,5118,-1,5118,4681,4682,-1,5118,4682,5119,-1,5119,4682,4683,-1,5119,4683,5120,-1,5120,4683,4684,-1,5120,4684,5121,-1,5121,4684,4685,-1,5121,4685,5122,-1,5122,4685,4686,-1,5122,4686,5123,-1,5123,4686,4687,-1,5123,4687,5124,-1,5124,4687,4688,-1,5124,4688,5125,-1,5125,4688,4689,-1,5125,4689,5126,-1,5126,4689,4690,-1,5126,4690,5127,-1,5127,4690,4691,-1,5127,4691,5128,-1,5128,4691,4692,-1,5128,4692,5129,-1,5129,4692,4693,-1,5129,4693,5130,-1,5130,4693,942,-1,5130,942,1398,-1,1398,942,4694,-1,1398,4694,5131,-1,5131,4694,4695,-1,5131,4695,5132,-1,5132,4695,4696,-1,5132,4696,5133,-1,5133,4696,4697,-1,5133,4697,5134,-1,5134,4697,4698,-1,5134,4698,5135,-1,5135,4698,4699,-1,5135,4699,5136,-1,5136,4699,4700,-1,5136,4700,5137,-1,5137,4700,4701,-1,5137,4701,5138,-1,5138,4701,4702,-1,5138,4702,5139,-1,5139,4702,4703,-1,5139,4703,5140,-1,5140,4703,4704,-1,5140,4704,5141,-1,5141,4704,4705,-1,5141,4705,5142,-1,5142,4705,4706,-1,5142,4706,5143,-1,5143,4706,4707,-1,5143,4707,5144,-1,5144,4707,4708,-1,5144,4708,5145,-1,5145,4708,4709,-1,5145,4709,5146,-1,5146,4709,4710,-1,5146,4710,5147,-1,5147,4710,4711,-1,5147,4711,5148,-1,5148,4711,4712,-1,5148,4712,5149,-1,5149,4712,4713,-1,5149,4713,5150,-1,5150,4713,4714,-1,5150,4714,5151,-1,5151,4714,4715,-1,5151,4715,5152,-1,5152,4715,4716,-1,5152,4716,5153,-1,5153,4716,966,-1,5153,966,5154,-1,5154,966,4717,-1,5154,4717,5155,-1,5155,4717,4718,-1,5155,4718,5156,-1,5156,4718,4719,-1,5156,4719,5157,-1,5157,4719,4720,-1,5157,4720,5158,-1,5158,4720,4721,-1,5158,4721,5159,-1,5159,4721,4722,-1,5159,4722,5160,-1,5160,4722,4723,-1,5160,4723,5161,-1,5161,4723,4724,-1,5161,4724,5162,-1,5162,4724,4725,-1,5162,4725,5163,-1,5163,4725,4726,-1,5163,4726,5164,-1,5164,4726,4727,-1,5164,4727,5165,-1,5165,4727,4728,-1,5165,4728,5166,-1,5166,4728,4729,-1,5166,4729,5167,-1,5167,4729,4730,-1,5167,4730,5168,-1,5168,4730,4731,-1,5168,4731,5169,-1,5169,4731,4732,-1,5169,4732,5170,-1,5170,4732,4733,-1,5170,4733,5171,-1,5171,4733,4734,-1,5171,4734,5172,-1,5172,4734,4735,-1,5172,4735,5173,-1,5173,4735,4736,-1,5173,4736,5174,-1,5174,4736,4737,-1,5174,4737,5175,-1,5175,4737,4738,-1,5175,4738,5176,-1,5176,4738,4739,-1,5176,4739,5177,-1,5177,4739,1246,-1,5177,1246,1702,-1,1702,1246,4740,-1,1702,4740,5178,-1,5178,4740,4741,-1,5178,4741,5179,-1,5179,4741,4742,-1,5179,4742,5180,-1,5180,4742,4743,-1,5180,4743,5181,-1,5181,4743,4744,-1,5181,4744,5182,-1,5182,4744,4745,-1,5182,4745,5183,-1,5183,4745,4746,-1,5183,4746,5184,-1,5184,4746,4747,-1,5184,4747,5185,-1,5185,4747,4748,-1,5185,4748,5186,-1,5186,4748,4749,-1,5186,4749,5187,-1,5187,4749,4750,-1,5187,4750,5188,-1,5188,4750,4751,-1,5188,4751,5189,-1,5189,4751,4752,-1,5189,4752,5190,-1,5190,4752,4753,-1,5190,4753,5191,-1,5191,4753,4754,-1,5191,4754,5192,-1,5192,4754,4755,-1,5192,4755,5193,-1,5193,4755,4756,-1,5193,4756,5194,-1,5194,4756,4757,-1,5194,4757,5195,-1,5195,4757,4758,-1,5195,4758,5196,-1,5196,4758,4759,-1,5196,4759,5197,-1,5197,4759,4760,-1,5197,4760,5198,-1,5198,4760,4516,-1,5198,4516,4953,-1,4953,4516,4517,-1,4952,4761,5199,-1,5199,4761,4762,-1,5199,4762,5200,-1,5200,4762,4763,-1,5200,4763,5201,-1,5201,4763,4764,-1,5201,4764,5202,-1,5202,4764,4765,-1,5202,4765,5203,-1,5203,4765,4766,-1,5203,4766,5204,-1,5204,4766,4767,-1,5204,4767,5205,-1,5205,4767,4768,-1,5205,4768,5206,-1,5206,4768,4769,-1,5206,4769,5207,-1,5207,4769,4770,-1,5207,4770,5208,-1,5208,4770,4771,-1,5208,4771,5209,-1,5209,4771,4772,-1,5209,4772,5210,-1,5210,4772,4773,-1,5210,4773,5211,-1,5211,4773,4774,-1,5211,4774,5212,-1,5212,4774,4775,-1,5212,4775,5213,-1,5213,4775,4776,-1,5213,4776,5214,-1,5214,4776,4777,-1,5214,4777,5215,-1,5215,4777,1231,-1,5215,1231,1687,-1,1687,1231,4778,-1,1687,4778,5216,-1,5216,4778,4779,-1,5216,4779,5217,-1,5217,4779,4780,-1,5217,4780,5218,-1,5218,4780,4781,-1,5218,4781,5219,-1,5219,4781,4782,-1,5219,4782,5220,-1,5220,4782,4783,-1,5220,4783,5221,-1,5221,4783,4784,-1,5221,4784,5222,-1,5222,4784,4785,-1,5222,4785,5223,-1,5223,4785,4786,-1,5223,4786,5224,-1,5224,4786,4787,-1,5224,4787,5225,-1,5225,4787,4788,-1,5225,4788,5226,-1,5226,4788,4789,-1,5226,4789,5227,-1,5227,4789,4790,-1,5227,4790,5228,-1,5228,4790,4791,-1,5228,4791,5229,-1,5229,4791,4792,-1,5229,4792,5230,-1,5230,4792,4793,-1,5230,4793,5231,-1,5231,4793,4794,-1,5231,4794,5232,-1,5232,4794,4795,-1,5232,4795,5233,-1,5233,4795,4796,-1,5233,4796,5234,-1,5234,4796,4797,-1,5234,4797,5235,-1,5235,4797,4798,-1,5235,4798,5236,-1,5236,4798,4799,-1,5236,4799,5237,-1,5237,4799,4800,-1,5237,4800,5238,-1,5238,4800,999,-1,5238,999,1455,-1,1455,999,4801,-1,1455,4801,5239,-1,5239,4801,4802,-1,5239,4802,5240,-1,5240,4802,4803,-1,5240,4803,5241,-1,5241,4803,4804,-1,5241,4804,5242,-1,5242,4804,4805,-1,5242,4805,5243,-1,5243,4805,4806,-1,5243,4806,5244,-1,5244,4806,4807,-1,5244,4807,5245,-1,5245,4807,4808,-1,5245,4808,5246,-1,5246,4808,4809,-1,5246,4809,5247,-1,5247,4809,4810,-1,5247,4810,5248,-1,5248,4810,4811,-1,5248,4811,5249,-1,5249,4811,4812,-1,5249,4812,5250,-1,5250,4812,4813,-1,5250,4813,5251,-1,5251,4813,4814,-1,5251,4814,5252,-1,5252,4814,4815,-1,5252,4815,5253,-1,5253,4815,4816,-1,5253,4816,5254,-1,5254,4816,4817,-1,5254,4817,5255,-1,5255,4817,4818,-1,5255,4818,5256,-1,5256,4818,4819,-1,5256,4819,5257,-1,5257,4819,4820,-1,5257,4820,5258,-1,5258,4820,4821,-1,5258,4821,5259,-1,5259,4821,4822,-1,5259,4822,5260,-1,5260,4822,4823,-1,5260,4823,5261,-1,5261,4823,1023,-1,5261,1023,1479,-1,1479,1023,4824,-1,1479,4824,5262,-1,5262,4824,4825,-1,5262,4825,5263,-1,5263,4825,4826,-1,5263,4826,5264,-1,5264,4826,4827,-1,5264,4827,5265,-1,5265,4827,4828,-1,5265,4828,5266,-1,5266,4828,4829,-1,5266,4829,5267,-1,5267,4829,4830,-1,5267,4830,5268,-1,5268,4830,4831,-1,5268,4831,5269,-1,5269,4831,4832,-1,5269,4832,5270,-1,5270,4832,4833,-1,5270,4833,5271,-1,5271,4833,4834,-1,5271,4834,5272,-1,5272,4834,4835,-1,5272,4835,5273,-1,5273,4835,4836,-1,5273,4836,5274,-1,5274,4836,4837,-1,5274,4837,5275,-1,5275,4837,4838,-1,5275,4838,5276,-1,5276,4838,4839,-1,5276,4839,5277,-1,5277,4839,4840,-1,5277,4840,5278,-1,5278,4840,4841,-1,5278,4841,5279,-1,5279,4841,4842,-1,5279,4842,5280,-1,5280,4842,4843,-1,5280,4843,5281,-1,5281,4843,4844,-1,5281,4844,5282,-1,5282,4844,4845,-1,5282,4845,5283,-1,5283,4845,4846,-1,5283,4846,5284,-1,5284,4846,1047,-1,5284,1047,1503,-1,1503,1047,4847,-1,1503,4847,5285,-1,5285,4847,4848,-1,5285,4848,5286,-1,5286,4848,4849,-1,5286,4849,5287,-1,5287,4849,4850,-1,5287,4850,5288,-1,5288,4850,4851,-1,5288,4851,5289,-1,5289,4851,4852,-1,5289,4852,5290,-1,5290,4852,4853,-1,5290,4853,5291,-1,5291,4853,4854,-1,5291,4854,5292,-1,5292,4854,4855,-1,5292,4855,5293,-1,5293,4855,4856,-1,5293,4856,5294,-1,5294,4856,4857,-1,5294,4857,5295,-1,5295,4857,4858,-1,5295,4858,5296,-1,5296,4858,4859,-1,5296,4859,5297,-1,5297,4859,4860,-1,5297,4860,5298,-1,5298,4860,4861,-1,5298,4861,5299,-1,5299,4861,4862,-1,5299,4862,5300,-1,5300,4862,4863,-1,5300,4863,5301,-1,5301,4863,4864,-1,5301,4864,5302,-1,5302,4864,4865,-1,5302,4865,5303,-1,5303,4865,4866,-1,5303,4866,5304,-1,5304,4866,4867,-1,5304,4867,5305,-1,5305,4867,4868,-1,5305,4868,5306,-1,5306,4868,4869,-1,5306,4869,5307,-1,5307,4869,1071,-1,5307,1071,1527,-1,1527,1071,4870,-1,1527,4870,5308,-1,5308,4870,4871,-1,5308,4871,5309,-1,5309,4871,4872,-1,5309,4872,5310,-1,5310,4872,4873,-1,5310,4873,5311,-1,5311,4873,4874,-1,5311,4874,5312,-1,5312,4874,4875,-1,5312,4875,5313,-1,5313,4875,4876,-1,5313,4876,5314,-1,5314,4876,4877,-1,5314,4877,5315,-1,5315,4877,4878,-1,5315,4878,5316,-1,5316,4878,4879,-1,5316,4879,5317,-1,5317,4879,4880,-1,5317,4880,5318,-1,5318,4880,4881,-1,5318,4881,5319,-1,5319,4881,4882,-1,5319,4882,5320,-1,5320,4882,4638,-1,5320,4638,5075,-1,5075,4638,4639,-1,3817,4884,3819,-1,3819,4884,4885,-1,3819,4885,3821,-1,3821,4885,4886,-1,3821,4886,3823,-1,3823,4886,4887,-1,3823,4887,3825,-1,3825,4887,4888,-1,3825,4888,3827,-1,3827,4888,4889,-1,3827,4889,3829,-1,3829,4889,4890,-1,3829,4890,3831,-1,3831,4890,4891,-1,3831,4891,3833,-1,3833,4891,4892,-1,3833,4892,3835,-1,3835,4892,4893,-1,3835,4893,3837,-1,3837,4893,4894,-1,3837,4894,3839,-1,3839,4894,4895,-1,3839,4895,3841,-1,3841,4895,4896,-1,3841,4896,3843,-1,3843,4896,4897,-1,3843,4897,3845,-1,3845,4897,4898,-1,3845,4898,3847,-1,3847,4898,4899,-1,3847,4899,3849,-1,3849,4899,4900,-1,3849,4900,3851,-1,3851,4900,1615,-1,3851,1615,859,-1,859,1615,4901,-1,859,4901,3853,-1,3853,4901,4902,-1,3853,4902,3855,-1,3855,4902,4903,-1,3855,4903,3857,-1,3857,4903,4904,-1,3857,4904,3859,-1,3859,4904,4905,-1,3859,4905,3861,-1,3861,4905,4906,-1,3861,4906,3863,-1,3863,4906,4907,-1,3863,4907,3865,-1,3865,4907,4908,-1,3865,4908,3867,-1,3867,4908,4909,-1,3867,4909,3869,-1,3869,4909,4910,-1,3869,4910,3871,-1,3871,4910,4911,-1,3871,4911,3873,-1,3873,4911,4912,-1,3873,4912,3875,-1,3875,4912,4913,-1,3875,4913,3877,-1,3877,4913,4914,-1,3877,4914,3879,-1,3879,4914,4915,-1,3879,4915,3881,-1,3881,4915,4916,-1,3881,4916,3883,-1,3883,4916,4917,-1,3883,4917,3885,-1,3885,4917,4918,-1,3885,4918,3887,-1,3887,4918,4919,-1,3887,4919,3889,-1,3889,4919,4920,-1,3889,4920,3891,-1,3891,4920,4921,-1,3891,4921,3893,-1,3893,4921,4922,-1,3893,4922,3895,-1,3895,4922,4923,-1,3895,4923,3897,-1,3897,4923,1639,-1,3897,1639,907,-1,907,1639,4924,-1,907,4924,3899,-1,3899,4924,4925,-1,3899,4925,3901,-1,3901,4925,4926,-1,3901,4926,3903,-1,3903,4926,4927,-1,3903,4927,3905,-1,3905,4927,4928,-1,3905,4928,3907,-1,3907,4928,4929,-1,3907,4929,3909,-1,3909,4929,4930,-1,3909,4930,3911,-1,3911,4930,4931,-1,3911,4931,3913,-1,3913,4931,4932,-1,3913,4932,3915,-1,3915,4932,4933,-1,3915,4933,3917,-1,3917,4933,4934,-1,3917,4934,3919,-1,3919,4934,4935,-1,3919,4935,3921,-1,3921,4935,4936,-1,3921,4936,3923,-1,3923,4936,4937,-1,3923,4937,3925,-1,3925,4937,4938,-1,3925,4938,3927,-1,3927,4938,4939,-1,3927,4939,3929,-1,3929,4939,4940,-1,3929,4940,3931,-1,3931,4940,4941,-1,3931,4941,3933,-1,3933,4941,4942,-1,3933,4942,3935,-1,3935,4942,4943,-1,3935,4943,3937,-1,3937,4943,4944,-1,3937,4944,3939,-1,3939,4944,4945,-1,3939,4945,3941,-1,3941,4945,4946,-1,3941,4946,3943,-1,3943,4946,1663,-1,3943,1663,445,-1,445,1663,4947,-1,445,4947,3945,-1,3945,4947,4948,-1,3945,4948,3947,-1,3947,4948,4949,-1,3947,4949,3949,-1,3949,4949,4950,-1,3949,4950,3951,-1,3951,4950,4951,-1,3951,4951,3953,-1,3953,4951,4952,-1,3953,4952,3955,-1,3955,4952,5199,-1,4063,4954,4065,-1,4065,4954,1726,-1,4065,1726,59,-1,59,1726,4955,-1,59,4955,4067,-1,4067,4955,4956,-1,4067,4956,4069,-1,4069,4956,4957,-1,4069,4957,4071,-1,4071,4957,4958,-1,4071,4958,4073,-1,4073,4958,4959,-1,4073,4959,4075,-1,4075,4959,4960,-1,4075,4960,4077,-1,4077,4960,4961,-1,4077,4961,4079,-1,4079,4961,4962,-1,4079,4962,4081,-1,4081,4962,4963,-1,4081,4963,4083,-1,4083,4963,4964,-1,4083,4964,4085,-1,4085,4964,4965,-1,4085,4965,4087,-1,4087,4965,4966,-1,4087,4966,4089,-1,4089,4966,4967,-1,4089,4967,4091,-1,4091,4967,4968,-1,4091,4968,4093,-1,4093,4968,4969,-1,4093,4969,4095,-1,4095,4969,4970,-1,4095,4970,4097,-1,4097,4970,4971,-1,4097,4971,4099,-1,4099,4971,4972,-1,4099,4972,4101,-1,4101,4972,4973,-1,4101,4973,4103,-1,4103,4973,4974,-1,4103,4974,4105,-1,4105,4974,4975,-1,4105,4975,4107,-1,4107,4975,4976,-1,4107,4976,4109,-1,4109,4976,4977,-1,4109,4977,4111,-1,4111,4977,1750,-1,4111,1750,107,-1,107,1750,4978,-1,107,4978,4113,-1,4113,4978,4979,-1,4113,4979,4115,-1,4115,4979,4980,-1,4115,4980,4117,-1,4117,4980,4981,-1,4117,4981,4119,-1,4119,4981,4982,-1,4119,4982,4121,-1,4121,4982,4983,-1,4121,4983,4123,-1,4123,4983,4984,-1,4123,4984,4125,-1,4125,4984,4985,-1,4125,4985,4127,-1,4127,4985,4986,-1,4127,4986,4129,-1,4129,4986,4987,-1,4129,4987,4131,-1,4131,4987,4988,-1,4131,4988,4133,-1,4133,4988,4989,-1,4133,4989,4135,-1,4135,4989,4990,-1,4135,4990,4137,-1,4137,4990,4991,-1,4137,4991,4139,-1,4139,4991,4992,-1,4139,4992,4141,-1,4141,4992,4993,-1,4141,4993,4143,-1,4143,4993,4994,-1,4143,4994,4145,-1,4145,4994,4995,-1,4145,4995,4147,-1,4147,4995,4996,-1,4147,4996,4149,-1,4149,4996,4997,-1,4149,4997,4151,-1,4151,4997,4998,-1,4151,4998,4153,-1,4153,4998,4999,-1,4153,4999,4155,-1,4155,4999,5000,-1,4155,5000,4157,-1,4157,5000,1774,-1,4157,1774,667,-1,667,1774,5001,-1,667,5001,4159,-1,4159,5001,5002,-1,4159,5002,4161,-1,4161,5002,5003,-1,4161,5003,4163,-1,4163,5003,5004,-1,4163,5004,4165,-1,4165,5004,5005,-1,4165,5005,4167,-1,4167,5005,5006,-1,4167,5006,4169,-1,4169,5006,5007,-1,4169,5007,4171,-1,4171,5007,5008,-1,4171,5008,4173,-1,4173,5008,5009,-1,4173,5009,4175,-1,4175,5009,5010,-1,4175,5010,4177,-1,4177,5010,5011,-1,4177,5011,4179,-1,4179,5011,5012,-1,4179,5012,4181,-1,4181,5012,5013,-1,4181,5013,4183,-1,4183,5013,5014,-1,4183,5014,4185,-1,4185,5014,5015,-1,4185,5015,4187,-1,4187,5015,5016,-1,4187,5016,4189,-1,4189,5016,5017,-1,4189,5017,4191,-1,4191,5017,5018,-1,4191,5018,4193,-1,4193,5018,5019,-1,4193,5019,4195,-1,4195,5019,5020,-1,4195,5020,4197,-1,4197,5020,5021,-1,4197,5021,4199,-1,4199,5021,5022,-1,4199,5022,4201,-1,4201,5022,5023,-1,4201,5023,3713,-1,3713,5023,1798,-1,3713,1798,715,-1,715,1798,5024,-1,715,5024,3715,-1,3715,5024,5025,-1,3715,5025,3717,-1,3717,5025,5026,-1,3717,5026,3719,-1,3719,5026,5027,-1,3719,5027,3721,-1,3721,5027,5028,-1,3721,5028,3723,-1,3723,5028,5029,-1,3723,5029,3725,-1,3725,5029,5030,-1,3725,5030,3727,-1,3727,5030,5031,-1,3727,5031,3729,-1,3729,5031,5032,-1,3729,5032,3731,-1,3731,5032,5033,-1,3731,5033,3733,-1,3733,5033,5034,-1,3733,5034,3735,-1,3735,5034,5035,-1,3735,5035,3737,-1,3737,5035,5036,-1,3737,5036,3739,-1,3739,5036,5037,-1,3739,5037,3741,-1,3741,5037,5038,-1,3741,5038,3743,-1,3743,5038,5039,-1,3743,5039,3745,-1,3745,5039,5040,-1,3745,5040,3747,-1,3747,5040,5041,-1,3747,5041,3749,-1,3749,5041,5042,-1,3749,5042,3751,-1,3751,5042,5043,-1,3751,5043,3753,-1,3753,5043,5044,-1,3753,5044,3755,-1,3755,5044,5045,-1,3755,5045,3757,-1,3757,5045,5046,-1,3757,5046,3759,-1,3759,5046,1822,-1,3759,1822,763,-1,763,1822,5047,-1,763,5047,3761,-1,3761,5047,5048,-1,3761,5048,3763,-1,3763,5048,5049,-1,3763,5049,3765,-1,3765,5049,5050,-1,3765,5050,3767,-1,3767,5050,5051,-1,3767,5051,3769,-1,3769,5051,5052,-1,3769,5052,3771,-1,3771,5052,5053,-1,3771,5053,3773,-1,3773,5053,5054,-1,3773,5054,3775,-1,3775,5054,5055,-1,3775,5055,3777,-1,3777,5055,5056,-1,3777,5056,3779,-1,3779,5056,5057,-1,3779,5057,3781,-1,3781,5057,5058,-1,3781,5058,3783,-1,3783,5058,5059,-1,3783,5059,3785,-1,3785,5059,5060,-1,3785,5060,3787,-1,3787,5060,5061,-1,3787,5061,3789,-1,3789,5061,5062,-1,3789,5062,3791,-1,3791,5062,5063,-1,3791,5063,3793,-1,3793,5063,5064,-1,3793,5064,3795,-1,3795,5064,5065,-1,3795,5065,3797,-1,3797,5065,5066,-1,3797,5066,3799,-1,3799,5066,5067,-1,3799,5067,3801,-1,3801,5067,5068,-1,3801,5068,3803,-1,3803,5068,5069,-1,3803,5069,3805,-1,3805,5069,1591,-1,3805,1591,811,-1,811,1591,5070,-1,811,5070,3807,-1,3807,5070,5071,-1,3807,5071,3809,-1,3809,5071,5072,-1,3809,5072,3811,-1,3811,5072,5073,-1,3811,5073,3813,-1,3813,5073,5074,-1,3813,5074,3815,-1,3815,5074,4883,-1,3815,4883,3817,-1,3817,4883,4884,-1,4307,5076,4309,-1,4309,5076,5077,-1,4309,5077,4311,-1,4311,5077,5078,-1,4311,5078,4313,-1,4313,5078,5079,-1,4313,5079,4315,-1,4315,5079,5080,-1,4315,5080,4317,-1,4317,5080,5081,-1,4317,5081,4319,-1,4319,5081,5082,-1,4319,5082,4321,-1,4321,5082,5083,-1,4321,5083,4323,-1,4323,5083,5084,-1,4323,5084,4325,-1,4325,5084,1551,-1,4325,1551,221,-1,221,1551,5085,-1,221,5085,4327,-1,4327,5085,5086,-1,4327,5086,4329,-1,4329,5086,5087,-1,4329,5087,4331,-1,4331,5087,5088,-1,4331,5088,4333,-1,4333,5088,5089,-1,4333,5089,4335,-1,4335,5089,5090,-1,4335,5090,4337,-1,4337,5090,5091,-1,4337,5091,4339,-1,4339,5091,5092,-1,4339,5092,4341,-1,4341,5092,5093,-1,4341,5093,4343,-1,4343,5093,5094,-1,4343,5094,4345,-1,4345,5094,5095,-1,4345,5095,4347,-1,4347,5095,5096,-1,4347,5096,4349,-1,4349,5096,5097,-1,4349,5097,4351,-1,4351,5097,5098,-1,4351,5098,4353,-1,4353,5098,5099,-1,4353,5099,4355,-1,4355,5099,5100,-1,4355,5100,4357,-1,4357,5100,5101,-1,4357,5101,4359,-1,4359,5101,5102,-1,4359,5102,4361,-1,4361,5102,5103,-1,4361,5103,4363,-1,4363,5103,5104,-1,4363,5104,4365,-1,4365,5104,5105,-1,4365,5105,4367,-1,4367,5105,5106,-1,4367,5106,4369,-1,4369,5106,5107,-1,4369,5107,4371,-1,4371,5107,1374,-1,4371,1374,269,-1,269,1374,5108,-1,269,5108,4373,-1,4373,5108,5109,-1,4373,5109,4375,-1,4375,5109,5110,-1,4375,5110,4377,-1,4377,5110,5111,-1,4377,5111,4379,-1,4379,5111,5112,-1,4379,5112,4381,-1,4381,5112,5113,-1,4381,5113,4383,-1,4383,5113,5114,-1,4383,5114,4385,-1,4385,5114,5115,-1,4385,5115,4387,-1,4387,5115,5116,-1,4387,5116,4389,-1,4389,5116,5117,-1,4389,5117,4391,-1,4391,5117,5118,-1,4391,5118,4393,-1,4393,5118,5119,-1,4393,5119,4395,-1,4395,5119,5120,-1,4395,5120,4397,-1,4397,5120,5121,-1,4397,5121,4399,-1,4399,5121,5122,-1,4399,5122,4401,-1,4401,5122,5123,-1,4401,5123,4403,-1,4403,5123,5124,-1,4403,5124,4405,-1,4405,5124,5125,-1,4405,5125,4407,-1,4407,5125,5126,-1,4407,5126,4409,-1,4409,5126,5127,-1,4409,5127,4411,-1,4411,5127,5128,-1,4411,5128,4413,-1,4413,5128,5129,-1,4413,5129,4415,-1,4415,5129,5130,-1,4415,5130,4417,-1,4417,5130,1398,-1,4417,1398,317,-1,317,1398,5131,-1,317,5131,4419,-1,4419,5131,5132,-1,4419,5132,4421,-1,4421,5132,5133,-1,4421,5133,4423,-1,4423,5133,5134,-1,4423,5134,4425,-1,4425,5134,5135,-1,4425,5135,4427,-1,4427,5135,5136,-1,4427,5136,4429,-1,4429,5136,5137,-1,4429,5137,4431,-1,4431,5137,5138,-1,4431,5138,4433,-1,4433,5138,5139,-1,4433,5139,4435,-1,4435,5139,5140,-1,4435,5140,4437,-1,4437,5140,5141,-1,4437,5141,4439,-1,4439,5141,5142,-1,4439,5142,4441,-1,4441,5142,5143,-1,4441,5143,4443,-1,4443,5143,5144,-1,4443,5144,4445,-1,4445,5144,5145,-1,4445,5145,3957,-1,3957,5145,5146,-1,3957,5146,3959,-1,3959,5146,5147,-1,3959,5147,3961,-1,3961,5147,5148,-1,3961,5148,3963,-1,3963,5148,5149,-1,3963,5149,3965,-1,3965,5149,5150,-1,3965,5150,3967,-1,3967,5150,5151,-1,3967,5151,3969,-1,3969,5151,5152,-1,3969,5152,3971,-1,3971,5152,5153,-1,3971,5153,3973,-1,3973,5153,5154,-1,3973,5154,365,-1,365,5154,5155,-1,365,5155,3975,-1,3975,5155,5156,-1,3975,5156,3977,-1,3977,5156,5157,-1,3977,5157,3979,-1,3979,5157,5158,-1,3979,5158,3981,-1,3981,5158,5159,-1,3981,5159,3983,-1,3983,5159,5160,-1,3983,5160,3985,-1,3985,5160,5161,-1,3985,5161,3987,-1,3987,5161,5162,-1,3987,5162,3989,-1,3989,5162,5163,-1,3989,5163,3991,-1,3991,5163,5164,-1,3991,5164,3993,-1,3993,5164,5165,-1,3993,5165,3995,-1,3995,5165,5166,-1,3995,5166,3997,-1,3997,5166,5167,-1,3997,5167,3999,-1,3999,5167,5168,-1,3999,5168,4001,-1,4001,5168,5169,-1,4001,5169,4003,-1,4003,5169,5170,-1,4003,5170,4005,-1,4005,5170,5171,-1,4005,5171,4007,-1,4007,5171,5172,-1,4007,5172,4009,-1,4009,5172,5173,-1,4009,5173,4011,-1,4011,5173,5174,-1,4011,5174,4013,-1,4013,5174,5175,-1,4013,5175,4015,-1,4015,5175,5176,-1,4015,5176,4017,-1,4017,5176,5177,-1,4017,5177,4019,-1,4019,5177,1702,-1,4019,1702,11,-1,11,1702,5178,-1,11,5178,4021,-1,4021,5178,5179,-1,4021,5179,4023,-1,4023,5179,5180,-1,4023,5180,4025,-1,4025,5180,5181,-1,4025,5181,4027,-1,4027,5181,5182,-1,4027,5182,4029,-1,4029,5182,5183,-1,4029,5183,4031,-1,4031,5183,5184,-1,4031,5184,4033,-1,4033,5184,5185,-1,4033,5185,4035,-1,4035,5185,5186,-1,4035,5186,4037,-1,4037,5186,5187,-1,4037,5187,4039,-1,4039,5187,5188,-1,4039,5188,4041,-1,4041,5188,5189,-1,4041,5189,4043,-1,4043,5189,5190,-1,4043,5190,4045,-1,4045,5190,5191,-1,4045,5191,4047,-1,4047,5191,5192,-1,4047,5192,4049,-1,4049,5192,5193,-1,4049,5193,4051,-1,4051,5193,5194,-1,4051,5194,4053,-1,4053,5194,5195,-1,4053,5195,4055,-1,4055,5195,5196,-1,4055,5196,4057,-1,4057,5196,5197,-1,4057,5197,4059,-1,4059,5197,5198,-1,4059,5198,4061,-1,4061,5198,4953,-1,4061,4953,4063,-1,4063,4953,4954,-1,3955,5199,3573,-1,3573,5199,5200,-1,3573,5200,3575,-1,3575,5200,5201,-1,3575,5201,3577,-1,3577,5201,5202,-1,3577,5202,3579,-1,3579,5202,5203,-1,3579,5203,3581,-1,3581,5203,5204,-1,3581,5204,3583,-1,3583,5204,5205,-1,3583,5205,3585,-1,3585,5205,5206,-1,3585,5206,3587,-1,3587,5206,5207,-1,3587,5207,3589,-1,3589,5207,5208,-1,3589,5208,3591,-1,3591,5208,5209,-1,3591,5209,3593,-1,3593,5209,5210,-1,3593,5210,3595,-1,3595,5210,5211,-1,3595,5211,3597,-1,3597,5211,5212,-1,3597,5212,3599,-1,3599,5212,5213,-1,3599,5213,3601,-1,3601,5213,5214,-1,3601,5214,3603,-1,3603,5214,5215,-1,3603,5215,3605,-1,3605,5215,1687,-1,3605,1687,493,-1,493,1687,5216,-1,493,5216,3607,-1,3607,5216,5217,-1,3607,5217,3609,-1,3609,5217,5218,-1,3609,5218,3611,-1,3611,5218,5219,-1,3611,5219,3613,-1,3613,5219,5220,-1,3613,5220,3615,-1,3615,5220,5221,-1,3615,5221,3617,-1,3617,5221,5222,-1,3617,5222,3619,-1,3619,5222,5223,-1,3619,5223,3621,-1,3621,5223,5224,-1,3621,5224,3623,-1,3623,5224,5225,-1,3623,5225,3625,-1,3625,5225,5226,-1,3625,5226,3627,-1,3627,5226,5227,-1,3627,5227,3629,-1,3629,5227,5228,-1,3629,5228,3631,-1,3631,5228,5229,-1,3631,5229,3633,-1,3633,5229,5230,-1,3633,5230,3635,-1,3635,5230,5231,-1,3635,5231,3637,-1,3637,5231,5232,-1,3637,5232,3639,-1,3639,5232,5233,-1,3639,5233,3641,-1,3641,5233,5234,-1,3641,5234,3643,-1,3643,5234,5235,-1,3643,5235,3645,-1,3645,5235,5236,-1,3645,5236,3647,-1,3647,5236,5237,-1,3647,5237,3649,-1,3649,5237,5238,-1,3649,5238,3651,-1,3651,5238,1455,-1,3651,1455,541,-1,541,1455,5239,-1,541,5239,3653,-1,3653,5239,5240,-1,3653,5240,3655,-1,3655,5240,5241,-1,3655,5241,3657,-1,3657,5241,5242,-1,3657,5242,3659,-1,3659,5242,5243,-1,3659,5243,3661,-1,3661,5243,5244,-1,3661,5244,3663,-1,3663,5244,5245,-1,3663,5245,3665,-1,3665,5245,5246,-1,3665,5246,3667,-1,3667,5246,5247,-1,3667,5247,3669,-1,3669,5247,5248,-1,3669,5248,3671,-1,3671,5248,5249,-1,3671,5249,3673,-1,3673,5249,5250,-1,3673,5250,3675,-1,3675,5250,5251,-1,3675,5251,3677,-1,3677,5251,5252,-1,3677,5252,3679,-1,3679,5252,5253,-1,3679,5253,3681,-1,3681,5253,5254,-1,3681,5254,3683,-1,3683,5254,5255,-1,3683,5255,3685,-1,3685,5255,5256,-1,3685,5256,3687,-1,3687,5256,5257,-1,3687,5257,3689,-1,3689,5257,5258,-1,3689,5258,3691,-1,3691,5258,5259,-1,3691,5259,3693,-1,3693,5259,5260,-1,3693,5260,3695,-1,3695,5260,5261,-1,3695,5261,3697,-1,3697,5261,1479,-1,3697,1479,589,-1,589,1479,5262,-1,589,5262,3699,-1,3699,5262,5263,-1,3699,5263,3701,-1,3701,5263,5264,-1,3701,5264,3703,-1,3703,5264,5265,-1,3703,5265,3705,-1,3705,5265,5266,-1,3705,5266,3707,-1,3707,5266,5267,-1,3707,5267,3709,-1,3709,5267,5268,-1,3709,5268,3711,-1,3711,5268,5269,-1,3711,5269,4203,-1,4203,5269,5270,-1,4203,5270,4205,-1,4205,5270,5271,-1,4205,5271,4207,-1,4207,5271,5272,-1,4207,5272,4209,-1,4209,5272,5273,-1,4209,5273,4211,-1,4211,5273,5274,-1,4211,5274,4213,-1,4213,5274,5275,-1,4213,5275,4215,-1,4215,5275,5276,-1,4215,5276,4217,-1,4217,5276,5277,-1,4217,5277,4219,-1,4219,5277,5278,-1,4219,5278,4221,-1,4221,5278,5279,-1,4221,5279,4223,-1,4223,5279,5280,-1,4223,5280,4225,-1,4225,5280,5281,-1,4225,5281,4227,-1,4227,5281,5282,-1,4227,5282,4229,-1,4229,5282,5283,-1,4229,5283,4231,-1,4231,5283,5284,-1,4231,5284,4233,-1,4233,5284,1503,-1,4233,1503,637,-1,637,1503,5285,-1,637,5285,4235,-1,4235,5285,5286,-1,4235,5286,4237,-1,4237,5286,5287,-1,4237,5287,4239,-1,4239,5287,5288,-1,4239,5288,4241,-1,4241,5288,5289,-1,4241,5289,4243,-1,4243,5289,5290,-1,4243,5290,4245,-1,4245,5290,5291,-1,4245,5291,4247,-1,4247,5291,5292,-1,4247,5292,4249,-1,4249,5292,5293,-1,4249,5293,4251,-1,4251,5293,5294,-1,4251,5294,4253,-1,4253,5294,5295,-1,4253,5295,4255,-1,4255,5295,5296,-1,4255,5296,4257,-1,4257,5296,5297,-1,4257,5297,4259,-1,4259,5297,5298,-1,4259,5298,4261,-1,4261,5298,5299,-1,4261,5299,4263,-1,4263,5299,5300,-1,4263,5300,4265,-1,4265,5300,5301,-1,4265,5301,4267,-1,4267,5301,5302,-1,4267,5302,4269,-1,4269,5302,5303,-1,4269,5303,4271,-1,4271,5303,5304,-1,4271,5304,4273,-1,4273,5304,5305,-1,4273,5305,4275,-1,4275,5305,5306,-1,4275,5306,4277,-1,4277,5306,5307,-1,4277,5307,4279,-1,4279,5307,1527,-1,4279,1527,173,-1,173,1527,5308,-1,173,5308,4281,-1,4281,5308,5309,-1,4281,5309,4283,-1,4283,5309,5310,-1,4283,5310,4285,-1,4285,5310,5311,-1,4285,5311,4287,-1,4287,5311,5312,-1,4287,5312,4289,-1,4289,5312,5313,-1,4289,5313,4291,-1,4291,5313,5314,-1,4291,5314,4293,-1,4293,5314,5315,-1,4293,5315,4295,-1,4295,5315,5316,-1,4295,5316,4297,-1,4297,5316,5317,-1,4297,5317,4299,-1,4299,5317,5318,-1,4299,5318,4301,-1,4301,5318,5319,-1,4301,5319,4303,-1,4303,5319,5320,-1,4303,5320,4305,-1,4305,5320,5075,-1,4305,5075,4307,-1,4307,5075,5076,-1,5321,5322,5323,-1,5323,5322,5324,-1,5323,5324,5325,-1,5325,5324,5326,-1,5325,5326,5327,-1,5327,5326,5328,-1,5327,5328,5329,-1,5329,5328,5330,-1,5329,5330,5331,-1,5331,5330,5332,-1,5331,5332,5333,-1,5333,5332,5334,-1,5333,5334,5335,-1,5335,5334,5336,-1,5335,5336,5337,-1,5337,5336,5338,-1,5337,5338,5339,-1,5339,5338,5340,-1,5339,5340,5341,-1,5341,5340,5342,-1,5341,5342,5343,-1,5343,5342,5344,-1,5343,5344,5345,-1,5345,5344,5346,-1,5345,5346,5347,-1,5347,5346,5348,-1,5347,5348,5349,-1,5349,5348,5350,-1,5349,5350,5351,-1,5351,5350,5352,-1,5351,5352,5353,-1,5353,5352,5354,-1,5353,5354,5355,-1,5355,5354,4043,-1,5355,4043,4044,-1,4044,4043,5356,-1,4044,5356,5357,-1,5357,5356,5358,-1,5357,5358,5359,-1,5359,5358,5360,-1,5359,5360,5361,-1,5361,5360,5362,-1,5361,5362,5363,-1,5363,5362,5364,-1,5363,5364,5365,-1,5365,5364,5366,-1,5365,5366,5367,-1,5367,5366,5368,-1,5367,5368,5369,-1,5369,5368,5370,-1,5369,5370,5371,-1,5371,5370,5372,-1,5371,5372,5373,-1,5373,5372,5374,-1,5373,5374,5375,-1,5375,5374,5376,-1,5375,5376,5377,-1,5377,5376,5378,-1,5377,5378,5379,-1,5379,5378,5380,-1,5379,5380,5381,-1,5381,5380,5382,-1,5381,5382,5383,-1,5383,5382,5384,-1,5383,5384,5385,-1,5385,5384,5386,-1,5385,5386,5387,-1,5387,5386,5388,-1,5387,5388,5389,-1,5389,5388,5390,-1,5389,5390,5391,-1,5391,5390,5392,-1,5391,5392,5393,-1,5393,5392,5394,-1,5393,5394,5395,-1,5395,5394,5396,-1,5395,5396,5397,-1,5397,5396,5398,-1,5397,5398,5399,-1,5399,5398,5400,-1,5399,5400,5401,-1,5401,5400,4089,-1,5401,4089,4090,-1,4090,4089,5402,-1,4090,5402,5403,-1,5403,5402,5404,-1,5403,5404,5405,-1,5405,5404,5406,-1,5405,5406,5407,-1,5407,5406,5408,-1,5407,5408,5409,-1,5409,5408,5410,-1,5409,5410,5411,-1,5411,5410,5412,-1,5411,5412,5413,-1,5413,5412,5414,-1,5413,5414,5415,-1,5415,5414,5416,-1,5415,5416,5417,-1,5417,5416,5418,-1,5417,5418,5419,-1,5419,5418,5420,-1,5419,5420,5421,-1,5421,5420,5422,-1,5421,5422,5423,-1,5423,5422,5424,-1,5423,5424,5425,-1,5425,5424,5426,-1,5425,5426,5427,-1,5427,5426,5428,-1,5427,5428,5429,-1,5429,5428,5430,-1,5429,5430,5431,-1,5431,5430,5432,-1,5431,5432,5433,-1,5433,5432,5434,-1,5433,5434,5435,-1,5435,5434,5436,-1,5435,5436,5437,-1,5437,5436,5438,-1,5437,5438,5439,-1,5439,5438,5440,-1,5439,5440,5441,-1,5441,5440,5442,-1,5441,5442,5443,-1,5443,5442,5444,-1,5443,5444,5445,-1,5445,5444,5446,-1,5445,5446,5447,-1,5447,5446,4135,-1,5447,4135,4136,-1,4136,4135,5448,-1,4136,5448,5449,-1,5449,5448,5450,-1,5449,5450,5451,-1,5451,5450,5452,-1,5451,5452,5453,-1,5453,5452,5454,-1,5453,5454,5455,-1,5455,5454,5456,-1,5455,5456,5457,-1,5457,5456,5458,-1,5457,5458,5459,-1,5459,5458,5460,-1,5461,5462,5463,-1,5463,5462,4257,-1,5463,4257,4258,-1,4258,4257,5464,-1,4258,5464,5465,-1,5465,5464,5466,-1,5465,5466,5467,-1,5467,5466,5468,-1,5467,5468,5469,-1,5469,5468,5470,-1,5469,5470,5471,-1,5471,5470,5472,-1,5471,5472,5473,-1,5473,5472,5474,-1,5473,5474,5475,-1,5475,5474,5476,-1,5475,5476,5477,-1,5477,5476,5478,-1,5477,5478,5479,-1,5479,5478,5480,-1,5479,5480,5481,-1,5481,5480,5482,-1,5481,5482,5483,-1,5483,5482,5484,-1,5483,5484,5485,-1,5485,5484,5486,-1,5485,5486,5487,-1,5487,5486,5488,-1,5487,5488,5489,-1,5489,5488,5490,-1,5489,5490,5491,-1,5491,5490,5492,-1,5491,5492,5493,-1,5493,5492,5494,-1,5493,5494,5495,-1,5495,5494,5496,-1,5495,5496,5497,-1,5497,5496,5498,-1,5497,5498,5499,-1,5499,5498,5500,-1,5499,5500,5501,-1,5501,5500,5502,-1,5501,5502,5503,-1,5503,5502,5504,-1,5503,5504,5505,-1,5505,5504,5506,-1,5505,5506,5507,-1,5507,5506,5508,-1,5507,5508,5509,-1,5509,5508,4303,-1,5509,4303,4304,-1,4304,4303,5510,-1,4304,5510,5511,-1,5511,5510,5512,-1,5511,5512,5513,-1,5513,5512,5514,-1,5513,5514,5515,-1,5515,5514,5516,-1,5515,5516,5517,-1,5517,5516,5518,-1,5517,5518,5519,-1,5519,5518,5520,-1,5519,5520,5521,-1,5521,5520,5522,-1,5521,5522,5523,-1,5523,5522,5524,-1,5523,5524,5525,-1,5525,5524,5526,-1,5525,5526,5527,-1,5527,5526,5528,-1,5527,5528,5529,-1,5529,5528,5530,-1,5529,5530,5531,-1,5531,5530,5532,-1,5531,5532,5533,-1,5533,5532,5534,-1,5533,5534,5535,-1,5535,5534,5536,-1,5535,5536,5537,-1,5537,5536,5538,-1,5537,5538,5539,-1,5539,5538,5540,-1,5539,5540,5541,-1,5541,5540,5542,-1,5541,5542,5543,-1,5543,5542,5544,-1,5543,5544,5545,-1,5545,5544,5546,-1,5545,5546,5547,-1,5547,5546,5548,-1,5547,5548,5549,-1,5549,5548,5550,-1,5549,5550,5551,-1,5551,5550,5552,-1,5551,5552,5553,-1,5553,5552,5554,-1,5553,5554,5555,-1,5555,5554,4349,-1,5555,4349,4350,-1,4350,4349,5556,-1,4350,5556,5557,-1,5557,5556,5558,-1,5557,5558,5559,-1,5559,5558,5560,-1,5559,5560,5561,-1,5561,5560,5562,-1,5561,5562,5563,-1,5563,5562,5564,-1,5563,5564,5565,-1,5565,5564,5566,-1,5565,5566,5567,-1,5567,5566,5568,-1,5567,5568,5569,-1,5569,5568,5570,-1,5569,5570,5571,-1,5571,5570,5572,-1,5571,5572,5573,-1,5573,5572,5574,-1,5573,5574,5575,-1,5575,5574,5576,-1,5575,5576,5577,-1,5577,5576,5578,-1,5577,5578,5579,-1,5579,5578,5580,-1,5579,5580,5581,-1,5581,5580,5582,-1,5581,5582,5583,-1,5583,5582,5584,-1,5583,5584,5585,-1,5585,5584,5586,-1,5585,5586,5587,-1,5587,5586,5588,-1,5587,5588,5589,-1,5589,5588,5590,-1,5589,5590,5591,-1,5591,5590,5592,-1,5591,5592,5593,-1,5593,5592,5594,-1,5593,5594,5595,-1,5595,5594,5596,-1,5595,5596,5597,-1,5597,5596,5598,-1,5597,5598,5599,-1,5599,5598,5600,-1,5599,5600,5601,-1,5601,5600,4395,-1,5601,4395,4396,-1,4396,4395,5602,-1,4396,5602,5603,-1,5603,5602,5604,-1,5603,5604,5605,-1,5605,5604,5606,-1,5605,5606,5607,-1,5607,5606,5608,-1,5607,5608,5609,-1,5609,5608,5610,-1,5609,5610,5611,-1,5611,5610,5612,-1,5611,5612,5613,-1,5613,5612,5614,-1,5613,5614,5615,-1,5615,5614,5616,-1,5615,5616,5617,-1,5617,5616,5618,-1,5617,5618,5619,-1,5619,5618,5620,-1,5619,5620,5621,-1,5621,5620,5622,-1,5621,5622,5623,-1,5623,5622,5624,-1,5623,5624,5625,-1,5625,5624,5626,-1,5625,5626,5627,-1,5627,5626,5628,-1,5627,5628,5629,-1,5629,5628,5630,-1,5629,5630,5631,-1,5631,5630,5632,-1,5631,5632,5633,-1,5633,5632,5634,-1,5633,5634,5635,-1,5635,5634,5636,-1,5635,5636,5637,-1,5637,5636,5638,-1,5637,5638,5639,-1,5639,5638,5640,-1,5639,5640,5641,-1,5641,5640,5642,-1,5641,5642,5643,-1,5643,5642,5644,-1,5643,5644,5645,-1,5645,5644,5646,-1,5645,5646,5647,-1,5647,5646,4441,-1,5647,4441,4442,-1,4442,4441,5648,-1,4442,5648,5649,-1,5649,5648,5650,-1,5649,5650,5651,-1,5651,5650,5652,-1,5651,5652,5653,-1,5653,5652,5654,-1,5653,5654,5655,-1,5655,5654,5656,-1,5655,5656,5657,-1,5657,5656,5658,-1,5657,5658,5659,-1,5659,5658,5660,-1,5659,5660,5661,-1,5661,5660,5662,-1,5661,5662,5663,-1,5663,5662,5664,-1,5663,5664,5665,-1,5665,5664,5666,-1,5665,5666,5667,-1,5667,5666,5668,-1,5667,5668,5669,-1,5669,5668,5670,-1,5669,5670,5671,-1,5671,5670,5672,-1,5671,5672,5673,-1,5673,5672,5674,-1,5673,5674,5675,-1,5675,5674,5676,-1,5675,5676,5677,-1,5677,5676,5678,-1,5677,5678,5679,-1,5679,5678,5680,-1,5679,5680,5681,-1,5681,5680,5682,-1,5681,5682,5683,-1,5683,5682,5684,-1,5683,5684,5685,-1,5685,5684,5686,-1,5685,5686,5687,-1,5687,5686,5688,-1,5687,5688,5689,-1,5689,5688,5690,-1,5689,5690,5691,-1,5691,5690,5692,-1,5691,5692,5693,-1,5693,5692,3997,-1,5693,3997,3998,-1,3998,3997,5694,-1,3998,5694,5695,-1,5695,5694,5696,-1,5695,5696,5697,-1,5697,5696,5698,-1,5697,5698,5699,-1,5699,5698,5700,-1,5699,5700,5701,-1,5701,5700,5702,-1,5701,5702,5703,-1,5703,5702,5704,-1,5703,5704,5321,-1,5321,5704,5322,-1,5705,5706,5707,-1,5707,5706,5708,-1,5707,5708,5709,-1,5709,5708,5710,-1,5709,5710,5711,-1,5711,5710,5712,-1,5711,5712,5713,-1,5713,5712,5714,-1,5713,5714,5715,-1,5715,5714,5716,-1,5715,5716,5717,-1,5717,5716,5718,-1,5717,5718,5719,-1,5719,5718,5720,-1,5719,5720,5721,-1,5721,5720,5722,-1,5721,5722,5723,-1,5723,5722,3921,-1,5723,3921,3922,-1,3922,3921,5724,-1,3922,5724,5725,-1,5725,5724,5726,-1,5725,5726,5727,-1,5727,5726,5728,-1,5727,5728,5729,-1,5729,5728,5730,-1,5729,5730,5731,-1,5731,5730,5732,-1,5731,5732,5733,-1,5733,5732,5734,-1,5733,5734,5735,-1,5735,5734,5736,-1,5735,5736,5737,-1,5737,5736,5738,-1,5737,5738,5739,-1,5739,5738,5740,-1,5739,5740,5741,-1,5741,5740,5742,-1,5741,5742,5743,-1,5743,5742,5744,-1,5743,5744,5745,-1,5745,5744,5746,-1,5745,5746,5747,-1,5747,5746,5748,-1,5747,5748,5749,-1,5749,5748,5750,-1,5749,5750,5751,-1,5751,5750,5752,-1,5751,5752,5753,-1,5753,5752,5754,-1,5753,5754,5755,-1,5755,5754,5756,-1,5755,5756,5757,-1,5757,5756,5758,-1,5757,5758,5759,-1,5759,5758,5760,-1,5759,5760,5761,-1,5761,5760,5762,-1,5761,5762,5763,-1,5763,5762,5764,-1,5763,5764,5765,-1,5765,5764,5766,-1,5765,5766,5767,-1,5767,5766,5768,-1,5767,5768,5769,-1,5769,5768,3583,-1,5769,3583,3584,-1,3584,3583,5770,-1,3584,5770,5771,-1,5771,5770,5772,-1,5771,5772,5773,-1,5773,5772,5774,-1,5773,5774,5775,-1,5775,5774,5776,-1,5775,5776,5777,-1,5777,5776,5778,-1,5777,5778,5779,-1,5779,5778,5780,-1,5779,5780,5781,-1,5781,5780,5782,-1,5781,5782,5783,-1,5783,5782,5784,-1,5783,5784,5785,-1,5785,5784,5786,-1,5785,5786,5787,-1,5787,5786,5788,-1,5787,5788,5789,-1,5789,5788,5790,-1,5789,5790,5791,-1,5791,5790,5792,-1,5791,5792,5793,-1,5793,5792,5794,-1,5793,5794,5795,-1,5795,5794,5796,-1,5795,5796,5797,-1,5797,5796,5798,-1,5797,5798,5799,-1,5799,5798,5800,-1,5799,5800,5801,-1,5801,5800,5802,-1,5801,5802,5803,-1,5803,5802,5804,-1,5803,5804,5805,-1,5805,5804,5806,-1,5805,5806,5807,-1,5807,5806,5808,-1,5807,5808,5809,-1,5809,5808,5810,-1,5809,5810,5811,-1,5811,5810,5812,-1,5811,5812,5813,-1,5813,5812,5814,-1,5813,5814,5815,-1,5815,5814,3629,-1,5815,3629,3630,-1,3630,3629,5816,-1,3630,5816,5817,-1,5817,5816,5818,-1,5817,5818,5819,-1,5819,5818,5820,-1,5819,5820,5821,-1,5821,5820,5822,-1,5821,5822,5823,-1,5823,5822,5824,-1,5823,5824,5825,-1,5825,5824,5826,-1,5825,5826,5827,-1,5827,5826,5828,-1,5827,5828,5829,-1,5829,5828,5830,-1,5829,5830,5831,-1,5831,5830,5832,-1,5831,5832,5833,-1,5833,5832,5834,-1,5833,5834,5835,-1,5835,5834,5836,-1,5835,5836,5837,-1,5837,5836,5838,-1,5837,5838,5839,-1,5839,5838,5840,-1,5839,5840,5841,-1,5841,5840,5842,-1,5841,5842,5843,-1,5843,5842,5844,-1,5843,5844,5845,-1,5845,5844,5846,-1,5845,5846,5847,-1,5847,5846,5848,-1,5847,5848,5849,-1,5849,5848,5850,-1,5849,5850,5851,-1,5851,5850,5852,-1,5851,5852,5853,-1,5853,5852,5854,-1,5853,5854,5855,-1,5855,5854,5856,-1,5855,5856,5857,-1,5857,5856,5858,-1,5857,5858,5859,-1,5859,5858,5860,-1,5859,5860,5861,-1,5861,5860,3675,-1,5861,3675,3676,-1,3676,3675,5862,-1,3676,5862,5863,-1,5863,5862,5864,-1,5863,5864,5865,-1,5865,5864,5866,-1,5865,5866,5867,-1,5867,5866,5868,-1,5867,5868,5869,-1,5869,5868,5870,-1,5869,5870,5871,-1,5871,5870,5872,-1,5871,5872,5873,-1,5873,5872,5874,-1,5873,5874,5875,-1,5875,5874,5876,-1,5875,5876,5877,-1,5877,5876,5878,-1,5877,5878,5879,-1,5879,5878,5880,-1,5879,5880,5881,-1,5881,5880,5882,-1,5881,5882,5883,-1,5883,5882,5884,-1,5883,5884,5885,-1,5885,5884,5886,-1,5885,5886,5887,-1,5887,5886,5888,-1,5887,5888,5889,-1,5889,5888,5890,-1,5889,5890,5891,-1,5891,5890,5892,-1,5891,5892,5893,-1,5893,5892,5894,-1,5893,5894,5895,-1,5895,5894,5896,-1,5895,5896,5897,-1,5897,5896,5898,-1,5897,5898,5899,-1,5899,5898,5900,-1,5899,5900,5901,-1,5901,5900,5902,-1,5901,5902,5903,-1,5903,5902,5904,-1,5903,5904,5905,-1,5905,5904,5906,-1,5905,5906,5907,-1,5907,5906,4211,-1,5907,4211,4212,-1,4212,4211,5908,-1,4212,5908,5909,-1,5909,5908,5910,-1,5909,5910,5911,-1,5911,5910,5912,-1,5911,5912,5913,-1,5913,5912,5914,-1,5913,5914,5915,-1,5915,5914,5916,-1,5915,5916,5917,-1,5917,5916,5918,-1,5917,5918,5919,-1,5919,5918,5920,-1,5919,5920,5921,-1,5921,5920,5922,-1,5921,5922,5923,-1,5923,5922,5924,-1,5923,5924,5925,-1,5925,5924,5926,-1,5925,5926,5927,-1,5927,5926,5928,-1,5927,5928,5929,-1,5929,5928,5930,-1,5929,5930,5931,-1,5931,5930,5932,-1,5931,5932,5933,-1,5933,5932,5934,-1,5933,5934,5935,-1,5935,5934,5936,-1,5935,5936,5937,-1,5937,5936,5938,-1,5937,5938,5939,-1,5939,5938,5940,-1,5939,5940,5941,-1,5941,5940,5942,-1,5941,5942,5943,-1,5943,5942,5944,-1,5943,5944,5945,-1,5945,5944,5946,-1,5945,5946,5947,-1,5947,5946,5948,-1,5947,5948,5949,-1,5949,5948,5950,-1,5949,5950,5461,-1,5461,5950,5462,-1,5459,5460,5951,-1,5951,5460,5952,-1,5951,5952,5953,-1,5953,5952,5954,-1,5953,5954,5955,-1,5955,5954,5956,-1,5955,5956,5957,-1,5957,5956,5958,-1,5957,5958,5959,-1,5959,5958,5960,-1,5959,5960,5961,-1,5961,5960,5962,-1,5961,5962,5963,-1,5963,5962,5964,-1,5963,5964,5965,-1,5965,5964,5966,-1,5965,5966,5967,-1,5967,5966,5968,-1,5967,5968,5969,-1,5969,5968,5970,-1,5969,5970,5971,-1,5971,5970,5972,-1,5971,5972,5973,-1,5973,5972,5974,-1,5973,5974,5975,-1,5975,5974,5976,-1,5975,5976,5977,-1,5977,5976,5978,-1,5977,5978,5979,-1,5979,5978,5980,-1,5979,5980,5981,-1,5981,5980,5982,-1,5981,5982,5983,-1,5983,5982,4181,-1,5983,4181,4182,-1,4182,4181,5984,-1,4182,5984,5985,-1,5985,5984,5986,-1,5985,5986,5987,-1,5987,5986,5988,-1,5987,5988,5989,-1,5989,5988,5990,-1,5989,5990,5991,-1,5991,5990,5992,-1,5991,5992,5993,-1,5993,5992,5994,-1,5993,5994,5995,-1,5995,5994,5996,-1,5995,5996,5997,-1,5997,5996,5998,-1,5997,5998,5999,-1,5999,5998,6000,-1,5999,6000,6001,-1,6001,6000,6002,-1,6001,6002,6003,-1,6003,6002,6004,-1,6003,6004,6005,-1,6005,6004,6006,-1,6005,6006,6007,-1,6007,6006,6008,-1,6007,6008,6009,-1,6009,6008,6010,-1,6009,6010,6011,-1,6011,6010,6012,-1,6011,6012,6013,-1,6013,6012,6014,-1,6013,6014,6015,-1,6015,6014,6016,-1,6015,6016,6017,-1,6017,6016,6018,-1,6017,6018,6019,-1,6019,6018,6020,-1,6019,6020,6021,-1,6021,6020,6022,-1,6021,6022,6023,-1,6023,6022,6024,-1,6023,6024,6025,-1,6025,6024,6026,-1,6025,6026,6027,-1,6027,6026,6028,-1,6027,6028,6029,-1,6029,6028,3737,-1,6029,3737,3738,-1,3738,3737,6030,-1,3738,6030,6031,-1,6031,6030,6032,-1,6031,6032,6033,-1,6033,6032,6034,-1,6033,6034,6035,-1,6035,6034,6036,-1,6035,6036,6037,-1,6037,6036,6038,-1,6037,6038,6039,-1,6039,6038,6040,-1,6039,6040,6041,-1,6041,6040,6042,-1,6041,6042,6043,-1,6043,6042,6044,-1,6043,6044,6045,-1,6045,6044,6046,-1,6045,6046,6047,-1,6047,6046,6048,-1,6047,6048,6049,-1,6049,6048,6050,-1,6049,6050,6051,-1,6051,6050,6052,-1,6051,6052,6053,-1,6053,6052,6054,-1,6053,6054,6055,-1,6055,6054,6056,-1,6055,6056,6057,-1,6057,6056,6058,-1,6057,6058,6059,-1,6059,6058,6060,-1,6059,6060,6061,-1,6061,6060,6062,-1,6061,6062,6063,-1,6063,6062,6064,-1,6063,6064,6065,-1,6065,6064,6066,-1,6065,6066,6067,-1,6067,6066,6068,-1,6067,6068,6069,-1,6069,6068,6070,-1,6069,6070,6071,-1,6071,6070,6072,-1,6071,6072,6073,-1,6073,6072,6074,-1,6073,6074,6075,-1,6075,6074,3783,-1,6075,3783,3784,-1,3784,3783,6076,-1,3784,6076,6077,-1,6077,6076,6078,-1,6077,6078,6079,-1,6079,6078,6080,-1,6079,6080,6081,-1,6081,6080,6082,-1,6081,6082,6083,-1,6083,6082,6084,-1,6083,6084,6085,-1,6085,6084,6086,-1,6085,6086,6087,-1,6087,6086,6088,-1,6087,6088,6089,-1,6089,6088,6090,-1,6089,6090,6091,-1,6091,6090,6092,-1,6091,6092,6093,-1,6093,6092,6094,-1,6093,6094,6095,-1,6095,6094,6096,-1,6095,6096,6097,-1,6097,6096,6098,-1,6097,6098,6099,-1,6099,6098,6100,-1,6099,6100,6101,-1,6101,6100,6102,-1,6101,6102,6103,-1,6103,6102,6104,-1,6103,6104,6105,-1,6105,6104,6106,-1,6105,6106,6107,-1,6107,6106,6108,-1,6107,6108,6109,-1,6109,6108,6110,-1,6109,6110,6111,-1,6111,6110,6112,-1,6111,6112,6113,-1,6113,6112,6114,-1,6113,6114,6115,-1,6115,6114,6116,-1,6115,6116,6117,-1,6117,6116,6118,-1,6117,6118,6119,-1,6119,6118,6120,-1,6119,6120,6121,-1,6121,6120,3829,-1,6121,3829,3830,-1,3830,3829,6122,-1,3830,6122,6123,-1,6123,6122,6124,-1,6123,6124,6125,-1,6125,6124,6126,-1,6125,6126,6127,-1,6127,6126,6128,-1,6127,6128,6129,-1,6129,6128,6130,-1,6129,6130,6131,-1,6131,6130,6132,-1,6131,6132,6133,-1,6133,6132,6134,-1,6133,6134,6135,-1,6135,6134,6136,-1,6135,6136,6137,-1,6137,6136,6138,-1,6137,6138,6139,-1,6139,6138,6140,-1,6139,6140,6141,-1,6141,6140,6142,-1,6141,6142,6143,-1,6143,6142,6144,-1,6143,6144,6145,-1,6145,6144,6146,-1,6145,6146,6147,-1,6147,6146,6148,-1,6147,6148,6149,-1,6149,6148,6150,-1,6149,6150,6151,-1,6151,6150,6152,-1,6151,6152,6153,-1,6153,6152,6154,-1,6153,6154,6155,-1,6155,6154,6156,-1,6155,6156,6157,-1,6157,6156,6158,-1,6157,6158,6159,-1,6159,6158,6160,-1,6159,6160,6161,-1,6161,6160,6162,-1,6161,6162,6163,-1,6163,6162,6164,-1,6163,6164,6165,-1,6165,6164,6166,-1,6165,6166,6167,-1,6167,6166,3875,-1,6167,3875,3876,-1,3876,3875,6168,-1,3876,6168,6169,-1,6169,6168,6170,-1,6169,6170,6171,-1,6171,6170,6172,-1,6171,6172,6173,-1,6173,6172,6174,-1,6173,6174,6175,-1,6175,6174,6176,-1,6175,6176,6177,-1,6177,6176,6178,-1,6177,6178,6179,-1,6179,6178,6180,-1,6179,6180,6181,-1,6181,6180,6182,-1,6181,6182,6183,-1,6183,6182,6184,-1,6183,6184,6185,-1,6185,6184,6186,-1,6185,6186,6187,-1,6187,6186,6188,-1,6187,6188,6189,-1,6189,6188,6190,-1,6189,6190,6191,-1,6191,6190,6192,-1,6191,6192,6193,-1,6193,6192,6194,-1,6193,6194,5705,-1,5705,6194,5706,-1,6195,5323,6196,-1,6196,5323,5325,-1,6196,5325,6197,-1,6197,5325,5327,-1,6197,5327,6198,-1,6198,5327,5329,-1,6198,5329,6199,-1,6199,5329,5331,-1,6199,5331,6200,-1,6200,5331,5333,-1,6200,5333,6201,-1,6201,5333,5335,-1,6201,5335,6202,-1,6202,5335,5337,-1,6202,5337,6203,-1,6203,5337,5339,-1,6203,5339,6204,-1,6204,5339,5341,-1,6204,5341,6205,-1,6205,5341,5343,-1,6205,5343,6206,-1,6206,5343,5345,-1,6206,5345,6207,-1,6207,5345,5347,-1,6207,5347,6208,-1,6208,5347,5349,-1,6208,5349,6209,-1,6209,5349,5351,-1,6209,5351,6210,-1,6210,5351,5353,-1,6210,5353,6211,-1,6211,5353,5355,-1,6211,5355,6212,-1,6212,5355,4044,-1,6212,4044,4682,-1,4682,4044,5357,-1,4682,5357,6213,-1,6213,5357,5359,-1,6213,5359,6214,-1,6214,5359,5361,-1,6214,5361,6215,-1,6215,5361,5363,-1,6215,5363,6216,-1,6216,5363,5365,-1,6216,5365,6217,-1,6217,5365,5367,-1,6217,5367,6218,-1,6218,5367,5369,-1,6218,5369,6219,-1,6219,5369,5371,-1,6219,5371,6220,-1,6220,5371,5373,-1,6220,5373,6221,-1,6221,5373,5375,-1,6221,5375,6222,-1,6222,5375,5377,-1,6222,5377,6223,-1,6223,5377,5379,-1,6223,5379,6224,-1,6224,5379,5381,-1,6224,5381,6225,-1,6225,5381,5383,-1,6225,5383,6226,-1,6226,5383,5385,-1,6226,5385,6227,-1,6227,5385,5387,-1,6227,5387,6228,-1,6228,5387,5389,-1,6228,5389,6229,-1,6229,5389,5391,-1,6229,5391,6230,-1,6230,5391,5393,-1,6230,5393,6231,-1,6231,5393,5395,-1,6231,5395,6232,-1,6232,5395,5397,-1,6232,5397,6233,-1,6233,5397,5399,-1,6233,5399,6234,-1,6234,5399,5401,-1,6234,5401,6235,-1,6235,5401,4090,-1,6235,4090,4705,-1,4705,4090,5403,-1,4705,5403,6236,-1,6236,5403,5405,-1,6236,5405,6237,-1,6237,5405,5407,-1,6237,5407,6238,-1,6238,5407,5409,-1,6238,5409,6239,-1,6239,5409,5411,-1,6239,5411,6240,-1,6240,5411,5413,-1,6240,5413,6241,-1,6241,5413,5415,-1,6241,5415,6242,-1,6242,5415,5417,-1,6242,5417,6243,-1,6243,5417,5419,-1,6243,5419,6244,-1,6244,5419,5421,-1,6244,5421,6245,-1,6245,5421,5423,-1,6245,5423,6246,-1,6246,5423,5425,-1,6246,5425,6247,-1,6247,5425,5427,-1,6247,5427,6248,-1,6248,5427,5429,-1,6248,5429,6249,-1,6249,5429,5431,-1,6249,5431,6250,-1,6250,5431,5433,-1,6250,5433,6251,-1,6251,5433,5435,-1,6251,5435,6252,-1,6252,5435,5437,-1,6252,5437,6253,-1,6253,5437,5439,-1,6253,5439,6254,-1,6254,5439,5441,-1,6254,5441,6255,-1,6255,5441,5443,-1,6255,5443,6256,-1,6256,5443,5445,-1,6256,5445,6257,-1,6257,5445,5447,-1,6257,5447,6258,-1,6258,5447,4136,-1,6258,4136,4728,-1,4728,4136,5449,-1,4728,5449,6259,-1,6259,5449,5451,-1,6259,5451,6260,-1,6260,5451,5453,-1,6260,5453,6261,-1,6261,5453,5455,-1,6261,5455,6262,-1,6262,5455,5457,-1,6262,5457,6263,-1,6263,5457,5459,-1,6263,5459,6264,-1,6264,5459,5951,-1,6265,5463,6266,-1,6266,5463,4258,-1,6266,4258,4789,-1,4789,4258,5465,-1,4789,5465,6267,-1,6267,5465,5467,-1,6267,5467,6268,-1,6268,5467,5469,-1,6268,5469,6269,-1,6269,5469,5471,-1,6269,5471,6270,-1,6270,5471,5473,-1,6270,5473,6271,-1,6271,5473,5475,-1,6271,5475,6272,-1,6272,5475,5477,-1,6272,5477,6273,-1,6273,5477,5479,-1,6273,5479,6274,-1,6274,5479,5481,-1,6274,5481,6275,-1,6275,5481,5483,-1,6275,5483,6276,-1,6276,5483,5485,-1,6276,5485,6277,-1,6277,5485,5487,-1,6277,5487,6278,-1,6278,5487,5489,-1,6278,5489,6279,-1,6279,5489,5491,-1,6279,5491,6280,-1,6280,5491,5493,-1,6280,5493,6281,-1,6281,5493,5495,-1,6281,5495,6282,-1,6282,5495,5497,-1,6282,5497,6283,-1,6283,5497,5499,-1,6283,5499,6284,-1,6284,5499,5501,-1,6284,5501,6285,-1,6285,5501,5503,-1,6285,5503,6286,-1,6286,5503,5505,-1,6286,5505,6287,-1,6287,5505,5507,-1,6287,5507,6288,-1,6288,5507,5509,-1,6288,5509,6289,-1,6289,5509,4304,-1,6289,4304,4812,-1,4812,4304,5511,-1,4812,5511,6290,-1,6290,5511,5513,-1,6290,5513,6291,-1,6291,5513,5515,-1,6291,5515,6292,-1,6292,5515,5517,-1,6292,5517,6293,-1,6293,5517,5519,-1,6293,5519,6294,-1,6294,5519,5521,-1,6294,5521,6295,-1,6295,5521,5523,-1,6295,5523,6296,-1,6296,5523,5525,-1,6296,5525,6297,-1,6297,5525,5527,-1,6297,5527,6298,-1,6298,5527,5529,-1,6298,5529,6299,-1,6299,5529,5531,-1,6299,5531,6300,-1,6300,5531,5533,-1,6300,5533,6301,-1,6301,5533,5535,-1,6301,5535,6302,-1,6302,5535,5537,-1,6302,5537,6303,-1,6303,5537,5539,-1,6303,5539,6304,-1,6304,5539,5541,-1,6304,5541,6305,-1,6305,5541,5543,-1,6305,5543,6306,-1,6306,5543,5545,-1,6306,5545,6307,-1,6307,5545,5547,-1,6307,5547,6308,-1,6308,5547,5549,-1,6308,5549,6309,-1,6309,5549,5551,-1,6309,5551,6310,-1,6310,5551,5553,-1,6310,5553,6311,-1,6311,5553,5555,-1,6311,5555,6312,-1,6312,5555,4350,-1,6312,4350,4835,-1,4835,4350,5557,-1,4835,5557,6313,-1,6313,5557,5559,-1,6313,5559,6314,-1,6314,5559,5561,-1,6314,5561,6315,-1,6315,5561,5563,-1,6315,5563,6316,-1,6316,5563,5565,-1,6316,5565,6317,-1,6317,5565,5567,-1,6317,5567,6318,-1,6318,5567,5569,-1,6318,5569,6319,-1,6319,5569,5571,-1,6319,5571,6320,-1,6320,5571,5573,-1,6320,5573,6321,-1,6321,5573,5575,-1,6321,5575,6322,-1,6322,5575,5577,-1,6322,5577,6323,-1,6323,5577,5579,-1,6323,5579,6324,-1,6324,5579,5581,-1,6324,5581,6325,-1,6325,5581,5583,-1,6325,5583,6326,-1,6326,5583,5585,-1,6326,5585,6327,-1,6327,5585,5587,-1,6327,5587,6328,-1,6328,5587,5589,-1,6328,5589,6329,-1,6329,5589,5591,-1,6329,5591,6330,-1,6330,5591,5593,-1,6330,5593,6331,-1,6331,5593,5595,-1,6331,5595,6332,-1,6332,5595,5597,-1,6332,5597,6333,-1,6333,5597,5599,-1,6333,5599,6334,-1,6334,5599,5601,-1,6334,5601,6335,-1,6335,5601,4396,-1,6335,4396,4858,-1,4858,4396,5603,-1,4858,5603,6336,-1,6336,5603,5605,-1,6336,5605,6337,-1,6337,5605,5607,-1,6337,5607,6338,-1,6338,5607,5609,-1,6338,5609,6339,-1,6339,5609,5611,-1,6339,5611,6340,-1,6340,5611,5613,-1,6340,5613,6341,-1,6341,5613,5615,-1,6341,5615,6342,-1,6342,5615,5617,-1,6342,5617,6343,-1,6343,5617,5619,-1,6343,5619,6344,-1,6344,5619,5621,-1,6344,5621,6345,-1,6345,5621,5623,-1,6345,5623,6346,-1,6346,5623,5625,-1,6346,5625,6347,-1,6347,5625,5627,-1,6347,5627,6348,-1,6348,5627,5629,-1,6348,5629,6349,-1,6349,5629,5631,-1,6349,5631,6350,-1,6350,5631,5633,-1,6350,5633,6351,-1,6351,5633,5635,-1,6351,5635,6352,-1,6352,5635,5637,-1,6352,5637,6353,-1,6353,5637,5639,-1,6353,5639,6354,-1,6354,5639,5641,-1,6354,5641,6355,-1,6355,5641,5643,-1,6355,5643,6356,-1,6356,5643,5645,-1,6356,5645,6357,-1,6357,5645,5647,-1,6357,5647,6358,-1,6358,5647,4442,-1,6358,4442,4881,-1,4881,4442,5649,-1,4881,5649,6359,-1,6359,5649,5651,-1,6359,5651,6360,-1,6360,5651,5653,-1,6360,5653,6361,-1,6361,5653,5655,-1,6361,5655,6362,-1,6362,5655,5657,-1,6362,5657,6363,-1,6363,5657,5659,-1,6363,5659,6364,-1,6364,5659,5661,-1,6364,5661,6365,-1,6365,5661,5663,-1,6365,5663,6366,-1,6366,5663,5665,-1,6366,5665,6367,-1,6367,5665,5667,-1,6367,5667,6368,-1,6368,5667,5669,-1,6368,5669,6369,-1,6369,5669,5671,-1,6369,5671,6370,-1,6370,5671,5673,-1,6370,5673,6371,-1,6371,5673,5675,-1,6371,5675,6372,-1,6372,5675,5677,-1,6372,5677,6373,-1,6373,5677,5679,-1,6373,5679,6374,-1,6374,5679,5681,-1,6374,5681,6375,-1,6375,5681,5683,-1,6375,5683,6376,-1,6376,5683,5685,-1,6376,5685,6377,-1,6377,5685,5687,-1,6377,5687,6378,-1,6378,5687,5689,-1,6378,5689,6379,-1,6379,5689,5691,-1,6379,5691,6380,-1,6380,5691,5693,-1,6380,5693,6381,-1,6381,5693,3998,-1,6381,3998,4659,-1,4659,3998,5695,-1,4659,5695,6382,-1,6382,5695,5697,-1,6382,5697,6383,-1,6383,5697,5699,-1,6383,5699,6384,-1,6384,5699,5701,-1,6384,5701,6385,-1,6385,5701,5703,-1,6385,5703,6386,-1,6386,5703,5321,-1,6386,5321,6195,-1,6195,5321,5323,-1,6387,5707,6388,-1,6388,5707,5709,-1,6388,5709,6389,-1,6389,5709,5711,-1,6389,5711,6390,-1,6390,5711,5713,-1,6390,5713,6391,-1,6391,5713,5715,-1,6391,5715,6392,-1,6392,5715,5717,-1,6392,5717,6393,-1,6393,5717,5719,-1,6393,5719,6394,-1,6394,5719,5721,-1,6394,5721,6395,-1,6395,5721,5723,-1,6395,5723,6396,-1,6396,5723,3922,-1,6396,3922,4621,-1,4621,3922,5725,-1,4621,5725,6397,-1,6397,5725,5727,-1,6397,5727,6398,-1,6398,5727,5729,-1,6398,5729,6399,-1,6399,5729,5731,-1,6399,5731,6400,-1,6400,5731,5733,-1,6400,5733,6401,-1,6401,5733,5735,-1,6401,5735,6402,-1,6402,5735,5737,-1,6402,5737,6403,-1,6403,5737,5739,-1,6403,5739,6404,-1,6404,5739,5741,-1,6404,5741,6405,-1,6405,5741,5743,-1,6405,5743,6406,-1,6406,5743,5745,-1,6406,5745,6407,-1,6407,5745,5747,-1,6407,5747,6408,-1,6408,5747,5749,-1,6408,5749,6409,-1,6409,5749,5751,-1,6409,5751,6410,-1,6410,5751,5753,-1,6410,5753,6411,-1,6411,5753,5755,-1,6411,5755,6412,-1,6412,5755,5757,-1,6412,5757,6413,-1,6413,5757,5759,-1,6413,5759,6414,-1,6414,5759,5761,-1,6414,5761,6415,-1,6415,5761,5763,-1,6415,5763,6416,-1,6416,5763,5765,-1,6416,5765,6417,-1,6417,5765,5767,-1,6417,5767,6418,-1,6418,5767,5769,-1,6418,5769,6419,-1,6419,5769,3584,-1,6419,3584,4452,-1,4452,3584,5771,-1,4452,5771,6420,-1,6420,5771,5773,-1,6420,5773,6421,-1,6421,5773,5775,-1,6421,5775,6422,-1,6422,5775,5777,-1,6422,5777,6423,-1,6423,5777,5779,-1,6423,5779,6424,-1,6424,5779,5781,-1,6424,5781,6425,-1,6425,5781,5783,-1,6425,5783,6426,-1,6426,5783,5785,-1,6426,5785,6427,-1,6427,5785,5787,-1,6427,5787,6428,-1,6428,5787,5789,-1,6428,5789,6429,-1,6429,5789,5791,-1,6429,5791,6430,-1,6430,5791,5793,-1,6430,5793,6431,-1,6431,5793,5795,-1,6431,5795,6432,-1,6432,5795,5797,-1,6432,5797,6433,-1,6433,5797,5799,-1,6433,5799,6434,-1,6434,5799,5801,-1,6434,5801,6435,-1,6435,5801,5803,-1,6435,5803,6436,-1,6436,5803,5805,-1,6436,5805,6437,-1,6437,5805,5807,-1,6437,5807,6438,-1,6438,5807,5809,-1,6438,5809,6439,-1,6439,5809,5811,-1,6439,5811,6440,-1,6440,5811,5813,-1,6440,5813,6441,-1,6441,5813,5815,-1,6441,5815,6442,-1,6442,5815,3630,-1,6442,3630,4475,-1,4475,3630,5817,-1,4475,5817,6443,-1,6443,5817,5819,-1,6443,5819,6444,-1,6444,5819,5821,-1,6444,5821,6445,-1,6445,5821,5823,-1,6445,5823,6446,-1,6446,5823,5825,-1,6446,5825,6447,-1,6447,5825,5827,-1,6447,5827,6448,-1,6448,5827,5829,-1,6448,5829,6449,-1,6449,5829,5831,-1,6449,5831,6450,-1,6450,5831,5833,-1,6450,5833,6451,-1,6451,5833,5835,-1,6451,5835,6452,-1,6452,5835,5837,-1,6452,5837,6453,-1,6453,5837,5839,-1,6453,5839,6454,-1,6454,5839,5841,-1,6454,5841,6455,-1,6455,5841,5843,-1,6455,5843,6456,-1,6456,5843,5845,-1,6456,5845,6457,-1,6457,5845,5847,-1,6457,5847,6458,-1,6458,5847,5849,-1,6458,5849,6459,-1,6459,5849,5851,-1,6459,5851,6460,-1,6460,5851,5853,-1,6460,5853,6461,-1,6461,5853,5855,-1,6461,5855,6462,-1,6462,5855,5857,-1,6462,5857,6463,-1,6463,5857,5859,-1,6463,5859,6464,-1,6464,5859,5861,-1,6464,5861,6465,-1,6465,5861,3676,-1,6465,3676,4498,-1,4498,3676,5863,-1,4498,5863,6466,-1,6466,5863,5865,-1,6466,5865,6467,-1,6467,5865,5867,-1,6467,5867,6468,-1,6468,5867,5869,-1,6468,5869,6469,-1,6469,5869,5871,-1,6469,5871,6470,-1,6470,5871,5873,-1,6470,5873,6471,-1,6471,5873,5875,-1,6471,5875,6472,-1,6472,5875,5877,-1,6472,5877,6473,-1,6473,5877,5879,-1,6473,5879,6474,-1,6474,5879,5881,-1,6474,5881,6475,-1,6475,5881,5883,-1,6475,5883,6476,-1,6476,5883,5885,-1,6476,5885,6477,-1,6477,5885,5887,-1,6477,5887,6478,-1,6478,5887,5889,-1,6478,5889,6479,-1,6479,5889,5891,-1,6479,5891,6480,-1,6480,5891,5893,-1,6480,5893,6481,-1,6481,5893,5895,-1,6481,5895,6482,-1,6482,5895,5897,-1,6482,5897,6483,-1,6483,5897,5899,-1,6483,5899,6484,-1,6484,5899,5901,-1,6484,5901,6485,-1,6485,5901,5903,-1,6485,5903,6486,-1,6486,5903,5905,-1,6486,5905,6487,-1,6487,5905,5907,-1,6487,5907,6488,-1,6488,5907,4212,-1,6488,4212,4766,-1,4766,4212,5909,-1,4766,5909,6489,-1,6489,5909,5911,-1,6489,5911,6490,-1,6490,5911,5913,-1,6490,5913,6491,-1,6491,5913,5915,-1,6491,5915,6492,-1,6492,5915,5917,-1,6492,5917,6493,-1,6493,5917,5919,-1,6493,5919,6494,-1,6494,5919,5921,-1,6494,5921,6495,-1,6495,5921,5923,-1,6495,5923,6496,-1,6496,5923,5925,-1,6496,5925,6497,-1,6497,5925,5927,-1,6497,5927,6498,-1,6498,5927,5929,-1,6498,5929,6499,-1,6499,5929,5931,-1,6499,5931,6500,-1,6500,5931,5933,-1,6500,5933,6501,-1,6501,5933,5935,-1,6501,5935,6502,-1,6502,5935,5937,-1,6502,5937,6503,-1,6503,5937,5939,-1,6503,5939,6504,-1,6504,5939,5941,-1,6504,5941,6505,-1,6505,5941,5943,-1,6505,5943,6506,-1,6506,5943,5945,-1,6506,5945,6507,-1,6507,5945,5947,-1,6507,5947,6508,-1,6508,5947,5949,-1,6508,5949,6509,-1,6509,5949,5461,-1,6509,5461,6265,-1,6265,5461,5463,-1,6264,5951,6510,-1,6510,5951,5953,-1,6510,5953,6511,-1,6511,5953,5955,-1,6511,5955,6512,-1,6512,5955,5957,-1,6512,5957,6513,-1,6513,5957,5959,-1,6513,5959,6514,-1,6514,5959,5961,-1,6514,5961,6515,-1,6515,5961,5963,-1,6515,5963,6516,-1,6516,5963,5965,-1,6516,5965,6517,-1,6517,5965,5967,-1,6517,5967,6518,-1,6518,5967,5969,-1,6518,5969,6519,-1,6519,5969,5971,-1,6519,5971,6520,-1,6520,5971,5973,-1,6520,5973,6521,-1,6521,5973,5975,-1,6521,5975,6522,-1,6522,5975,5977,-1,6522,5977,6523,-1,6523,5977,5979,-1,6523,5979,6524,-1,6524,5979,5981,-1,6524,5981,6525,-1,6525,5981,5983,-1,6525,5983,6526,-1,6526,5983,4182,-1,6526,4182,4751,-1,4751,4182,5985,-1,4751,5985,6527,-1,6527,5985,5987,-1,6527,5987,6528,-1,6528,5987,5989,-1,6528,5989,6529,-1,6529,5989,5991,-1,6529,5991,6530,-1,6530,5991,5993,-1,6530,5993,6531,-1,6531,5993,5995,-1,6531,5995,6532,-1,6532,5995,5997,-1,6532,5997,6533,-1,6533,5997,5999,-1,6533,5999,6534,-1,6534,5999,6001,-1,6534,6001,6535,-1,6535,6001,6003,-1,6535,6003,6536,-1,6536,6003,6005,-1,6536,6005,6537,-1,6537,6005,6007,-1,6537,6007,6538,-1,6538,6007,6009,-1,6538,6009,6539,-1,6539,6009,6011,-1,6539,6011,6540,-1,6540,6011,6013,-1,6540,6013,6541,-1,6541,6013,6015,-1,6541,6015,6542,-1,6542,6015,6017,-1,6542,6017,6543,-1,6543,6017,6019,-1,6543,6019,6544,-1,6544,6019,6021,-1,6544,6021,6545,-1,6545,6021,6023,-1,6545,6023,6546,-1,6546,6023,6025,-1,6546,6025,6547,-1,6547,6025,6027,-1,6547,6027,6548,-1,6548,6027,6029,-1,6548,6029,6549,-1,6549,6029,3738,-1,6549,3738,4529,-1,4529,3738,6031,-1,4529,6031,6550,-1,6550,6031,6033,-1,6550,6033,6551,-1,6551,6033,6035,-1,6551,6035,6552,-1,6552,6035,6037,-1,6552,6037,6553,-1,6553,6037,6039,-1,6553,6039,6554,-1,6554,6039,6041,-1,6554,6041,6555,-1,6555,6041,6043,-1,6555,6043,6556,-1,6556,6043,6045,-1,6556,6045,6557,-1,6557,6045,6047,-1,6557,6047,6558,-1,6558,6047,6049,-1,6558,6049,6559,-1,6559,6049,6051,-1,6559,6051,6560,-1,6560,6051,6053,-1,6560,6053,6561,-1,6561,6053,6055,-1,6561,6055,6562,-1,6562,6055,6057,-1,6562,6057,6563,-1,6563,6057,6059,-1,6563,6059,6564,-1,6564,6059,6061,-1,6564,6061,6565,-1,6565,6061,6063,-1,6565,6063,6566,-1,6566,6063,6065,-1,6566,6065,6567,-1,6567,6065,6067,-1,6567,6067,6568,-1,6568,6067,6069,-1,6568,6069,6569,-1,6569,6069,6071,-1,6569,6071,6570,-1,6570,6071,6073,-1,6570,6073,6571,-1,6571,6073,6075,-1,6571,6075,6572,-1,6572,6075,3784,-1,6572,3784,4552,-1,4552,3784,6077,-1,4552,6077,6573,-1,6573,6077,6079,-1,6573,6079,6574,-1,6574,6079,6081,-1,6574,6081,6575,-1,6575,6081,6083,-1,6575,6083,6576,-1,6576,6083,6085,-1,6576,6085,6577,-1,6577,6085,6087,-1,6577,6087,6578,-1,6578,6087,6089,-1,6578,6089,6579,-1,6579,6089,6091,-1,6579,6091,6580,-1,6580,6091,6093,-1,6580,6093,6581,-1,6581,6093,6095,-1,6581,6095,6582,-1,6582,6095,6097,-1,6582,6097,6583,-1,6583,6097,6099,-1,6583,6099,6584,-1,6584,6099,6101,-1,6584,6101,6585,-1,6585,6101,6103,-1,6585,6103,6586,-1,6586,6103,6105,-1,6586,6105,6587,-1,6587,6105,6107,-1,6587,6107,6588,-1,6588,6107,6109,-1,6588,6109,6589,-1,6589,6109,6111,-1,6589,6111,6590,-1,6590,6111,6113,-1,6590,6113,6591,-1,6591,6113,6115,-1,6591,6115,6592,-1,6592,6115,6117,-1,6592,6117,6593,-1,6593,6117,6119,-1,6593,6119,6594,-1,6594,6119,6121,-1,6594,6121,6595,-1,6595,6121,3830,-1,6595,3830,4575,-1,4575,3830,6123,-1,4575,6123,6596,-1,6596,6123,6125,-1,6596,6125,6597,-1,6597,6125,6127,-1,6597,6127,6598,-1,6598,6127,6129,-1,6598,6129,6599,-1,6599,6129,6131,-1,6599,6131,6600,-1,6600,6131,6133,-1,6600,6133,6601,-1,6601,6133,6135,-1,6601,6135,6602,-1,6602,6135,6137,-1,6602,6137,6603,-1,6603,6137,6139,-1,6603,6139,6604,-1,6604,6139,6141,-1,6604,6141,6605,-1,6605,6141,6143,-1,6605,6143,6606,-1,6606,6143,6145,-1,6606,6145,6607,-1,6607,6145,6147,-1,6607,6147,6608,-1,6608,6147,6149,-1,6608,6149,6609,-1,6609,6149,6151,-1,6609,6151,6610,-1,6610,6151,6153,-1,6610,6153,6611,-1,6611,6153,6155,-1,6611,6155,6612,-1,6612,6155,6157,-1,6612,6157,6613,-1,6613,6157,6159,-1,6613,6159,6614,-1,6614,6159,6161,-1,6614,6161,6615,-1,6615,6161,6163,-1,6615,6163,6616,-1,6616,6163,6165,-1,6616,6165,6617,-1,6617,6165,6167,-1,6617,6167,6618,-1,6618,6167,3876,-1,6618,3876,4598,-1,4598,3876,6169,-1,4598,6169,6619,-1,6619,6169,6171,-1,6619,6171,6620,-1,6620,6171,6173,-1,6620,6173,6621,-1,6621,6173,6175,-1,6621,6175,6622,-1,6622,6175,6177,-1,6622,6177,6623,-1,6623,6177,6179,-1,6623,6179,6624,-1,6624,6179,6181,-1,6624,6181,6625,-1,6625,6181,6183,-1,6625,6183,6626,-1,6626,6183,6185,-1,6626,6185,6627,-1,6627,6185,6187,-1,6627,6187,6628,-1,6628,6187,6189,-1,6628,6189,6629,-1,6629,6189,6191,-1,6629,6191,6630,-1,6630,6191,6193,-1,6630,6193,6631,-1,6631,6193,5705,-1,6631,5705,6387,-1,6387,5705,5707,-1,6632,6196,6633,-1,6633,6196,6197,-1,6633,6197,6634,-1,6634,6197,6198,-1,6634,6198,6635,-1,6635,6198,6199,-1,6635,6199,6636,-1,6636,6199,6200,-1,6636,6200,6637,-1,6637,6200,6201,-1,6637,6201,6638,-1,6638,6201,6202,-1,6638,6202,6639,-1,6639,6202,6203,-1,6639,6203,6640,-1,6640,6203,6204,-1,6640,6204,6641,-1,6641,6204,6205,-1,6641,6205,6642,-1,6642,6205,6206,-1,6642,6206,6643,-1,6643,6206,6207,-1,6643,6207,6644,-1,6644,6207,6208,-1,6644,6208,6645,-1,6645,6208,6209,-1,6645,6209,6646,-1,6646,6209,6210,-1,6646,6210,6647,-1,6647,6210,6211,-1,6647,6211,6648,-1,6648,6211,6212,-1,6648,6212,6649,-1,6649,6212,4682,-1,6649,4682,5119,-1,5119,4682,6213,-1,5119,6213,6650,-1,6650,6213,6214,-1,6650,6214,6651,-1,6651,6214,6215,-1,6651,6215,6652,-1,6652,6215,6216,-1,6652,6216,6653,-1,6653,6216,6217,-1,6653,6217,6654,-1,6654,6217,6218,-1,6654,6218,6655,-1,6655,6218,6219,-1,6655,6219,6656,-1,6656,6219,6220,-1,6656,6220,6657,-1,6657,6220,6221,-1,6657,6221,6658,-1,6658,6221,6222,-1,6658,6222,6659,-1,6659,6222,6223,-1,6659,6223,6660,-1,6660,6223,6224,-1,6660,6224,6661,-1,6661,6224,6225,-1,6661,6225,6662,-1,6662,6225,6226,-1,6662,6226,6663,-1,6663,6226,6227,-1,6663,6227,6664,-1,6664,6227,6228,-1,6664,6228,6665,-1,6665,6228,6229,-1,6665,6229,6666,-1,6666,6229,6230,-1,6666,6230,6667,-1,6667,6230,6231,-1,6667,6231,6668,-1,6668,6231,6232,-1,6668,6232,6669,-1,6669,6232,6233,-1,6669,6233,6670,-1,6670,6233,6234,-1,6670,6234,6671,-1,6671,6234,6235,-1,6671,6235,6672,-1,6672,6235,4705,-1,6672,4705,5142,-1,5142,4705,6236,-1,5142,6236,6673,-1,6673,6236,6237,-1,6673,6237,6674,-1,6674,6237,6238,-1,6674,6238,6675,-1,6675,6238,6239,-1,6675,6239,6676,-1,6676,6239,6240,-1,6676,6240,6677,-1,6677,6240,6241,-1,6677,6241,6678,-1,6678,6241,6242,-1,6678,6242,6679,-1,6679,6242,6243,-1,6679,6243,6680,-1,6680,6243,6244,-1,6680,6244,6681,-1,6681,6244,6245,-1,6681,6245,6682,-1,6682,6245,6246,-1,6682,6246,6683,-1,6683,6246,6247,-1,6683,6247,6684,-1,6684,6247,6248,-1,6684,6248,6685,-1,6685,6248,6249,-1,6685,6249,6686,-1,6686,6249,6250,-1,6686,6250,6687,-1,6687,6250,6251,-1,6687,6251,6688,-1,6688,6251,6252,-1,6688,6252,6689,-1,6689,6252,6253,-1,6689,6253,6690,-1,6690,6253,6254,-1,6690,6254,6691,-1,6691,6254,6255,-1,6691,6255,6692,-1,6692,6255,6256,-1,6692,6256,6693,-1,6693,6256,6257,-1,6693,6257,6694,-1,6694,6257,6258,-1,6694,6258,6695,-1,6695,6258,4728,-1,6695,4728,5166,-1,5166,4728,6259,-1,5166,6259,6696,-1,6696,6259,6260,-1,6696,6260,6697,-1,6697,6260,6261,-1,6697,6261,6698,-1,6698,6261,6262,-1,6698,6262,6699,-1,6699,6262,6263,-1,6699,6263,6700,-1,6700,6263,6264,-1,6700,6264,6701,-1,6701,6264,6510,-1,6702,6266,6703,-1,6703,6266,4789,-1,6703,4789,5227,-1,5227,4789,6267,-1,5227,6267,6704,-1,6704,6267,6268,-1,6704,6268,6705,-1,6705,6268,6269,-1,6705,6269,6706,-1,6706,6269,6270,-1,6706,6270,6707,-1,6707,6270,6271,-1,6707,6271,6708,-1,6708,6271,6272,-1,6708,6272,6709,-1,6709,6272,6273,-1,6709,6273,6710,-1,6710,6273,6274,-1,6710,6274,6711,-1,6711,6274,6275,-1,6711,6275,6712,-1,6712,6275,6276,-1,6712,6276,6713,-1,6713,6276,6277,-1,6713,6277,6714,-1,6714,6277,6278,-1,6714,6278,6715,-1,6715,6278,6279,-1,6715,6279,6716,-1,6716,6279,6280,-1,6716,6280,6717,-1,6717,6280,6281,-1,6717,6281,6718,-1,6718,6281,6282,-1,6718,6282,6719,-1,6719,6282,6283,-1,6719,6283,6720,-1,6720,6283,6284,-1,6720,6284,6721,-1,6721,6284,6285,-1,6721,6285,6722,-1,6722,6285,6286,-1,6722,6286,6723,-1,6723,6286,6287,-1,6723,6287,6724,-1,6724,6287,6288,-1,6724,6288,6725,-1,6725,6288,6289,-1,6725,6289,6726,-1,6726,6289,4812,-1,6726,4812,5250,-1,5250,4812,6290,-1,5250,6290,6727,-1,6727,6290,6291,-1,6727,6291,6728,-1,6728,6291,6292,-1,6728,6292,6729,-1,6729,6292,6293,-1,6729,6293,6730,-1,6730,6293,6294,-1,6730,6294,6731,-1,6731,6294,6295,-1,6731,6295,6732,-1,6732,6295,6296,-1,6732,6296,6733,-1,6733,6296,6297,-1,6733,6297,6734,-1,6734,6297,6298,-1,6734,6298,6735,-1,6735,6298,6299,-1,6735,6299,6736,-1,6736,6299,6300,-1,6736,6300,6737,-1,6737,6300,6301,-1,6737,6301,6738,-1,6738,6301,6302,-1,6738,6302,6739,-1,6739,6302,6303,-1,6739,6303,6740,-1,6740,6303,6304,-1,6740,6304,6741,-1,6741,6304,6305,-1,6741,6305,6742,-1,6742,6305,6306,-1,6742,6306,6743,-1,6743,6306,6307,-1,6743,6307,6744,-1,6744,6307,6308,-1,6744,6308,6745,-1,6745,6308,6309,-1,6745,6309,6746,-1,6746,6309,6310,-1,6746,6310,6747,-1,6747,6310,6311,-1,6747,6311,6748,-1,6748,6311,6312,-1,6748,6312,6749,-1,6749,6312,4835,-1,6749,4835,5273,-1,5273,4835,6313,-1,5273,6313,6750,-1,6750,6313,6314,-1,6750,6314,6751,-1,6751,6314,6315,-1,6751,6315,6752,-1,6752,6315,6316,-1,6752,6316,6753,-1,6753,6316,6317,-1,6753,6317,6754,-1,6754,6317,6318,-1,6754,6318,6755,-1,6755,6318,6319,-1,6755,6319,6756,-1,6756,6319,6320,-1,6756,6320,6757,-1,6757,6320,6321,-1,6757,6321,6758,-1,6758,6321,6322,-1,6758,6322,6759,-1,6759,6322,6323,-1,6759,6323,6760,-1,6760,6323,6324,-1,6760,6324,6761,-1,6761,6324,6325,-1,6761,6325,6762,-1,6762,6325,6326,-1,6762,6326,6763,-1,6763,6326,6327,-1,6763,6327,6764,-1,6764,6327,6328,-1,6764,6328,6765,-1,6765,6328,6329,-1,6765,6329,6766,-1,6766,6329,6330,-1,6766,6330,6767,-1,6767,6330,6331,-1,6767,6331,6768,-1,6768,6331,6332,-1,6768,6332,6769,-1,6769,6332,6333,-1,6769,6333,6770,-1,6770,6333,6334,-1,6770,6334,6771,-1,6771,6334,6335,-1,6771,6335,6772,-1,6772,6335,4858,-1,6772,4858,5296,-1,5296,4858,6336,-1,5296,6336,6773,-1,6773,6336,6337,-1,6773,6337,6774,-1,6774,6337,6338,-1,6774,6338,6775,-1,6775,6338,6339,-1,6775,6339,6776,-1,6776,6339,6340,-1,6776,6340,6777,-1,6777,6340,6341,-1,6777,6341,6778,-1,6778,6341,6342,-1,6778,6342,6779,-1,6779,6342,6343,-1,6779,6343,6780,-1,6780,6343,6344,-1,6780,6344,6781,-1,6781,6344,6345,-1,6781,6345,6782,-1,6782,6345,6346,-1,6782,6346,6783,-1,6783,6346,6347,-1,6783,6347,6784,-1,6784,6347,6348,-1,6784,6348,6785,-1,6785,6348,6349,-1,6785,6349,6786,-1,6786,6349,6350,-1,6786,6350,6787,-1,6787,6350,6351,-1,6787,6351,6788,-1,6788,6351,6352,-1,6788,6352,6789,-1,6789,6352,6353,-1,6789,6353,6790,-1,6790,6353,6354,-1,6790,6354,6791,-1,6791,6354,6355,-1,6791,6355,6792,-1,6792,6355,6356,-1,6792,6356,6793,-1,6793,6356,6357,-1,6793,6357,6794,-1,6794,6357,6358,-1,6794,6358,6795,-1,6795,6358,4881,-1,6795,4881,5319,-1,5319,4881,6359,-1,5319,6359,6796,-1,6796,6359,6360,-1,6796,6360,6797,-1,6797,6360,6361,-1,6797,6361,6798,-1,6798,6361,6362,-1,6798,6362,6799,-1,6799,6362,6363,-1,6799,6363,6800,-1,6800,6363,6364,-1,6800,6364,6801,-1,6801,6364,6365,-1,6801,6365,6802,-1,6802,6365,6366,-1,6802,6366,6803,-1,6803,6366,6367,-1,6803,6367,6804,-1,6804,6367,6368,-1,6804,6368,6805,-1,6805,6368,6369,-1,6805,6369,6806,-1,6806,6369,6370,-1,6806,6370,6807,-1,6807,6370,6371,-1,6807,6371,6808,-1,6808,6371,6372,-1,6808,6372,6809,-1,6809,6372,6373,-1,6809,6373,6810,-1,6810,6373,6374,-1,6810,6374,6811,-1,6811,6374,6375,-1,6811,6375,6812,-1,6812,6375,6376,-1,6812,6376,6813,-1,6813,6376,6377,-1,6813,6377,6814,-1,6814,6377,6378,-1,6814,6378,6815,-1,6815,6378,6379,-1,6815,6379,6816,-1,6816,6379,6380,-1,6816,6380,6817,-1,6817,6380,6381,-1,6817,6381,6818,-1,6818,6381,4659,-1,6818,4659,5096,-1,5096,4659,6382,-1,5096,6382,6819,-1,6819,6382,6383,-1,6819,6383,6820,-1,6820,6383,6384,-1,6820,6384,6821,-1,6821,6384,6385,-1,6821,6385,6822,-1,6822,6385,6386,-1,6822,6386,6823,-1,6823,6386,6195,-1,6823,6195,6632,-1,6632,6195,6196,-1,6824,6388,6825,-1,6825,6388,6389,-1,6825,6389,6826,-1,6826,6389,6390,-1,6826,6390,6827,-1,6827,6390,6391,-1,6827,6391,6828,-1,6828,6391,6392,-1,6828,6392,6829,-1,6829,6392,6393,-1,6829,6393,6830,-1,6830,6393,6394,-1,6830,6394,6831,-1,6831,6394,6395,-1,6831,6395,6832,-1,6832,6395,6396,-1,6832,6396,6833,-1,6833,6396,4621,-1,6833,4621,5058,-1,5058,4621,6397,-1,5058,6397,6834,-1,6834,6397,6398,-1,6834,6398,6835,-1,6835,6398,6399,-1,6835,6399,6836,-1,6836,6399,6400,-1,6836,6400,6837,-1,6837,6400,6401,-1,6837,6401,6838,-1,6838,6401,6402,-1,6838,6402,6839,-1,6839,6402,6403,-1,6839,6403,6840,-1,6840,6403,6404,-1,6840,6404,6841,-1,6841,6404,6405,-1,6841,6405,6842,-1,6842,6405,6406,-1,6842,6406,6843,-1,6843,6406,6407,-1,6843,6407,6844,-1,6844,6407,6408,-1,6844,6408,6845,-1,6845,6408,6409,-1,6845,6409,6846,-1,6846,6409,6410,-1,6846,6410,6847,-1,6847,6410,6411,-1,6847,6411,6848,-1,6848,6411,6412,-1,6848,6412,6849,-1,6849,6412,6413,-1,6849,6413,6850,-1,6850,6413,6414,-1,6850,6414,6851,-1,6851,6414,6415,-1,6851,6415,6852,-1,6852,6415,6416,-1,6852,6416,6853,-1,6853,6416,6417,-1,6853,6417,6854,-1,6854,6417,6418,-1,6854,6418,6855,-1,6855,6418,6419,-1,6855,6419,6856,-1,6856,6419,4452,-1,6856,4452,4889,-1,4889,4452,6420,-1,4889,6420,6857,-1,6857,6420,6421,-1,6857,6421,6858,-1,6858,6421,6422,-1,6858,6422,6859,-1,6859,6422,6423,-1,6859,6423,6860,-1,6860,6423,6424,-1,6860,6424,6861,-1,6861,6424,6425,-1,6861,6425,6862,-1,6862,6425,6426,-1,6862,6426,6863,-1,6863,6426,6427,-1,6863,6427,6864,-1,6864,6427,6428,-1,6864,6428,6865,-1,6865,6428,6429,-1,6865,6429,6866,-1,6866,6429,6430,-1,6866,6430,6867,-1,6867,6430,6431,-1,6867,6431,6868,-1,6868,6431,6432,-1,6868,6432,6869,-1,6869,6432,6433,-1,6869,6433,6870,-1,6870,6433,6434,-1,6870,6434,6871,-1,6871,6434,6435,-1,6871,6435,6872,-1,6872,6435,6436,-1,6872,6436,6873,-1,6873,6436,6437,-1,6873,6437,6874,-1,6874,6437,6438,-1,6874,6438,6875,-1,6875,6438,6439,-1,6875,6439,6876,-1,6876,6439,6440,-1,6876,6440,6877,-1,6877,6440,6441,-1,6877,6441,6878,-1,6878,6441,6442,-1,6878,6442,6879,-1,6879,6442,4475,-1,6879,4475,4912,-1,4912,4475,6443,-1,4912,6443,6880,-1,6880,6443,6444,-1,6880,6444,6881,-1,6881,6444,6445,-1,6881,6445,6882,-1,6882,6445,6446,-1,6882,6446,6883,-1,6883,6446,6447,-1,6883,6447,6884,-1,6884,6447,6448,-1,6884,6448,6885,-1,6885,6448,6449,-1,6885,6449,6886,-1,6886,6449,6450,-1,6886,6450,6887,-1,6887,6450,6451,-1,6887,6451,6888,-1,6888,6451,6452,-1,6888,6452,6889,-1,6889,6452,6453,-1,6889,6453,6890,-1,6890,6453,6454,-1,6890,6454,6891,-1,6891,6454,6455,-1,6891,6455,6892,-1,6892,6455,6456,-1,6892,6456,6893,-1,6893,6456,6457,-1,6893,6457,6894,-1,6894,6457,6458,-1,6894,6458,6895,-1,6895,6458,6459,-1,6895,6459,6896,-1,6896,6459,6460,-1,6896,6460,6897,-1,6897,6460,6461,-1,6897,6461,6898,-1,6898,6461,6462,-1,6898,6462,6899,-1,6899,6462,6463,-1,6899,6463,6900,-1,6900,6463,6464,-1,6900,6464,6901,-1,6901,6464,6465,-1,6901,6465,6902,-1,6902,6465,4498,-1,6902,4498,4935,-1,4935,4498,6466,-1,4935,6466,6903,-1,6903,6466,6467,-1,6903,6467,6904,-1,6904,6467,6468,-1,6904,6468,6905,-1,6905,6468,6469,-1,6905,6469,6906,-1,6906,6469,6470,-1,6906,6470,6907,-1,6907,6470,6471,-1,6907,6471,6908,-1,6908,6471,6472,-1,6908,6472,6909,-1,6909,6472,6473,-1,6909,6473,6910,-1,6910,6473,6474,-1,6910,6474,6911,-1,6911,6474,6475,-1,6911,6475,6912,-1,6912,6475,6476,-1,6912,6476,6913,-1,6913,6476,6477,-1,6913,6477,6914,-1,6914,6477,6478,-1,6914,6478,6915,-1,6915,6478,6479,-1,6915,6479,6916,-1,6916,6479,6480,-1,6916,6480,6917,-1,6917,6480,6481,-1,6917,6481,6918,-1,6918,6481,6482,-1,6918,6482,6919,-1,6919,6482,6483,-1,6919,6483,6920,-1,6920,6483,6484,-1,6920,6484,6921,-1,6921,6484,6485,-1,6921,6485,6922,-1,6922,6485,6486,-1,6922,6486,6923,-1,6923,6486,6487,-1,6923,6487,6924,-1,6924,6487,6488,-1,6924,6488,6925,-1,6925,6488,4766,-1,6925,4766,5204,-1,5204,4766,6489,-1,5204,6489,6926,-1,6926,6489,6490,-1,6926,6490,6927,-1,6927,6490,6491,-1,6927,6491,6928,-1,6928,6491,6492,-1,6928,6492,6929,-1,6929,6492,6493,-1,6929,6493,6930,-1,6930,6493,6494,-1,6930,6494,6931,-1,6931,6494,6495,-1,6931,6495,6932,-1,6932,6495,6496,-1,6932,6496,6933,-1,6933,6496,6497,-1,6933,6497,6934,-1,6934,6497,6498,-1,6934,6498,6935,-1,6935,6498,6499,-1,6935,6499,6936,-1,6936,6499,6500,-1,6936,6500,6937,-1,6937,6500,6501,-1,6937,6501,6938,-1,6938,6501,6502,-1,6938,6502,6939,-1,6939,6502,6503,-1,6939,6503,6940,-1,6940,6503,6504,-1,6940,6504,6941,-1,6941,6504,6505,-1,6941,6505,6942,-1,6942,6505,6506,-1,6942,6506,6943,-1,6943,6506,6507,-1,6943,6507,6944,-1,6944,6507,6508,-1,6944,6508,6945,-1,6945,6508,6509,-1,6945,6509,6946,-1,6946,6509,6265,-1,6946,6265,6702,-1,6702,6265,6266,-1,6701,6510,6947,-1,6947,6510,6511,-1,6947,6511,6948,-1,6948,6511,6512,-1,6948,6512,6949,-1,6949,6512,6513,-1,6949,6513,6950,-1,6950,6513,6514,-1,6950,6514,6951,-1,6951,6514,6515,-1,6951,6515,6952,-1,6952,6515,6516,-1,6952,6516,6953,-1,6953,6516,6517,-1,6953,6517,6954,-1,6954,6517,6518,-1,6954,6518,6955,-1,6955,6518,6519,-1,6955,6519,6956,-1,6956,6519,6520,-1,6956,6520,6957,-1,6957,6520,6521,-1,6957,6521,6958,-1,6958,6521,6522,-1,6958,6522,6959,-1,6959,6522,6523,-1,6959,6523,6960,-1,6960,6523,6524,-1,6960,6524,6961,-1,6961,6524,6525,-1,6961,6525,6962,-1,6962,6525,6526,-1,6962,6526,6963,-1,6963,6526,4751,-1,6963,4751,5189,-1,5189,4751,6527,-1,5189,6527,6964,-1,6964,6527,6528,-1,6964,6528,6965,-1,6965,6528,6529,-1,6965,6529,6966,-1,6966,6529,6530,-1,6966,6530,6967,-1,6967,6530,6531,-1,6967,6531,6968,-1,6968,6531,6532,-1,6968,6532,6969,-1,6969,6532,6533,-1,6969,6533,6970,-1,6970,6533,6534,-1,6970,6534,6971,-1,6971,6534,6535,-1,6971,6535,6972,-1,6972,6535,6536,-1,6972,6536,6973,-1,6973,6536,6537,-1,6973,6537,6974,-1,6974,6537,6538,-1,6974,6538,6975,-1,6975,6538,6539,-1,6975,6539,6976,-1,6976,6539,6540,-1,6976,6540,6977,-1,6977,6540,6541,-1,6977,6541,6978,-1,6978,6541,6542,-1,6978,6542,6979,-1,6979,6542,6543,-1,6979,6543,6980,-1,6980,6543,6544,-1,6980,6544,6981,-1,6981,6544,6545,-1,6981,6545,6982,-1,6982,6545,6546,-1,6982,6546,6983,-1,6983,6546,6547,-1,6983,6547,6984,-1,6984,6547,6548,-1,6984,6548,6985,-1,6985,6548,6549,-1,6985,6549,6986,-1,6986,6549,4529,-1,6986,4529,4966,-1,4966,4529,6550,-1,4966,6550,6987,-1,6987,6550,6551,-1,6987,6551,6988,-1,6988,6551,6552,-1,6988,6552,6989,-1,6989,6552,6553,-1,6989,6553,6990,-1,6990,6553,6554,-1,6990,6554,6991,-1,6991,6554,6555,-1,6991,6555,6992,-1,6992,6555,6556,-1,6992,6556,6993,-1,6993,6556,6557,-1,6993,6557,6994,-1,6994,6557,6558,-1,6994,6558,6995,-1,6995,6558,6559,-1,6995,6559,6996,-1,6996,6559,6560,-1,6996,6560,6997,-1,6997,6560,6561,-1,6997,6561,6998,-1,6998,6561,6562,-1,6998,6562,6999,-1,6999,6562,6563,-1,6999,6563,7000,-1,7000,6563,6564,-1,7000,6564,7001,-1,7001,6564,6565,-1,7001,6565,7002,-1,7002,6565,6566,-1,7002,6566,7003,-1,7003,6566,6567,-1,7003,6567,7004,-1,7004,6567,6568,-1,7004,6568,7005,-1,7005,6568,6569,-1,7005,6569,7006,-1,7006,6569,6570,-1,7006,6570,7007,-1,7007,6570,6571,-1,7007,6571,7008,-1,7008,6571,6572,-1,7008,6572,7009,-1,7009,6572,4552,-1,7009,4552,4989,-1,4989,4552,6573,-1,4989,6573,7010,-1,7010,6573,6574,-1,7010,6574,7011,-1,7011,6574,6575,-1,7011,6575,7012,-1,7012,6575,6576,-1,7012,6576,7013,-1,7013,6576,6577,-1,7013,6577,7014,-1,7014,6577,6578,-1,7014,6578,7015,-1,7015,6578,6579,-1,7015,6579,7016,-1,7016,6579,6580,-1,7016,6580,7017,-1,7017,6580,6581,-1,7017,6581,7018,-1,7018,6581,6582,-1,7018,6582,7019,-1,7019,6582,6583,-1,7019,6583,7020,-1,7020,6583,6584,-1,7020,6584,7021,-1,7021,6584,6585,-1,7021,6585,7022,-1,7022,6585,6586,-1,7022,6586,7023,-1,7023,6586,6587,-1,7023,6587,7024,-1,7024,6587,6588,-1,7024,6588,7025,-1,7025,6588,6589,-1,7025,6589,7026,-1,7026,6589,6590,-1,7026,6590,7027,-1,7027,6590,6591,-1,7027,6591,7028,-1,7028,6591,6592,-1,7028,6592,7029,-1,7029,6592,6593,-1,7029,6593,7030,-1,7030,6593,6594,-1,7030,6594,7031,-1,7031,6594,6595,-1,7031,6595,7032,-1,7032,6595,4575,-1,7032,4575,5012,-1,5012,4575,6596,-1,5012,6596,7033,-1,7033,6596,6597,-1,7033,6597,7034,-1,7034,6597,6598,-1,7034,6598,7035,-1,7035,6598,6599,-1,7035,6599,7036,-1,7036,6599,6600,-1,7036,6600,7037,-1,7037,6600,6601,-1,7037,6601,7038,-1,7038,6601,6602,-1,7038,6602,7039,-1,7039,6602,6603,-1,7039,6603,7040,-1,7040,6603,6604,-1,7040,6604,7041,-1,7041,6604,6605,-1,7041,6605,7042,-1,7042,6605,6606,-1,7042,6606,7043,-1,7043,6606,6607,-1,7043,6607,7044,-1,7044,6607,6608,-1,7044,6608,7045,-1,7045,6608,6609,-1,7045,6609,7046,-1,7046,6609,6610,-1,7046,6610,7047,-1,7047,6610,6611,-1,7047,6611,7048,-1,7048,6611,6612,-1,7048,6612,7049,-1,7049,6612,6613,-1,7049,6613,7050,-1,7050,6613,6614,-1,7050,6614,7051,-1,7051,6614,6615,-1,7051,6615,7052,-1,7052,6615,6616,-1,7052,6616,7053,-1,7053,6616,6617,-1,7053,6617,7054,-1,7054,6617,6618,-1,7054,6618,7055,-1,7055,6618,4598,-1,7055,4598,5035,-1,5035,4598,6619,-1,5035,6619,7056,-1,7056,6619,6620,-1,7056,6620,7057,-1,7057,6620,6621,-1,7057,6621,7058,-1,7058,6621,6622,-1,7058,6622,7059,-1,7059,6622,6623,-1,7059,6623,7060,-1,7060,6623,6624,-1,7060,6624,7061,-1,7061,6624,6625,-1,7061,6625,7062,-1,7062,6625,6626,-1,7062,6626,7063,-1,7063,6626,6627,-1,7063,6627,7064,-1,7064,6627,6628,-1,7064,6628,7065,-1,7065,6628,6629,-1,7065,6629,7066,-1,7066,6629,6630,-1,7066,6630,7067,-1,7067,6630,6631,-1,7067,6631,7068,-1,7068,6631,6387,-1,7068,6387,6824,-1,6824,6387,6388,-1,5566,6633,5568,-1,5568,6633,6634,-1,5568,6634,5570,-1,5570,6634,6635,-1,5570,6635,5572,-1,5572,6635,6636,-1,5572,6636,5574,-1,5574,6636,6637,-1,5574,6637,5576,-1,5576,6637,6638,-1,5576,6638,5578,-1,5578,6638,6639,-1,5578,6639,5580,-1,5580,6639,6640,-1,5580,6640,5582,-1,5582,6640,6641,-1,5582,6641,5584,-1,5584,6641,6642,-1,5584,6642,5586,-1,5586,6642,6643,-1,5586,6643,5588,-1,5588,6643,6644,-1,5588,6644,5590,-1,5590,6644,6645,-1,5590,6645,5592,-1,5592,6645,6646,-1,5592,6646,5594,-1,5594,6646,6647,-1,5594,6647,5596,-1,5596,6647,6648,-1,5596,6648,5598,-1,5598,6648,6649,-1,5598,6649,5600,-1,5600,6649,5119,-1,5600,5119,4395,-1,4395,5119,6650,-1,4395,6650,5602,-1,5602,6650,6651,-1,5602,6651,5604,-1,5604,6651,6652,-1,5604,6652,5606,-1,5606,6652,6653,-1,5606,6653,5608,-1,5608,6653,6654,-1,5608,6654,5610,-1,5610,6654,6655,-1,5610,6655,5612,-1,5612,6655,6656,-1,5612,6656,5614,-1,5614,6656,6657,-1,5614,6657,5616,-1,5616,6657,6658,-1,5616,6658,5618,-1,5618,6658,6659,-1,5618,6659,5620,-1,5620,6659,6660,-1,5620,6660,5622,-1,5622,6660,6661,-1,5622,6661,5624,-1,5624,6661,6662,-1,5624,6662,5626,-1,5626,6662,6663,-1,5626,6663,5628,-1,5628,6663,6664,-1,5628,6664,5630,-1,5630,6664,6665,-1,5630,6665,5632,-1,5632,6665,6666,-1,5632,6666,5634,-1,5634,6666,6667,-1,5634,6667,5636,-1,5636,6667,6668,-1,5636,6668,5638,-1,5638,6668,6669,-1,5638,6669,5640,-1,5640,6669,6670,-1,5640,6670,5642,-1,5642,6670,6671,-1,5642,6671,5644,-1,5644,6671,6672,-1,5644,6672,5646,-1,5646,6672,5142,-1,5646,5142,4441,-1,4441,5142,6673,-1,4441,6673,5648,-1,5648,6673,6674,-1,5648,6674,5650,-1,5650,6674,6675,-1,5650,6675,5652,-1,5652,6675,6676,-1,5652,6676,5654,-1,5654,6676,6677,-1,5654,6677,5656,-1,5656,6677,6678,-1,5656,6678,5658,-1,5658,6678,6679,-1,5658,6679,5660,-1,5660,6679,6680,-1,5660,6680,5662,-1,5662,6680,6681,-1,5662,6681,5664,-1,5664,6681,6682,-1,5664,6682,5666,-1,5666,6682,6683,-1,5666,6683,5668,-1,5668,6683,6684,-1,5668,6684,5670,-1,5670,6684,6685,-1,5670,6685,5672,-1,5672,6685,6686,-1,5672,6686,5674,-1,5674,6686,6687,-1,5674,6687,5676,-1,5676,6687,6688,-1,5676,6688,5678,-1,5678,6688,6689,-1,5678,6689,5680,-1,5680,6689,6690,-1,5680,6690,5682,-1,5682,6690,6691,-1,5682,6691,5684,-1,5684,6691,6692,-1,5684,6692,5686,-1,5686,6692,6693,-1,5686,6693,5688,-1,5688,6693,6694,-1,5688,6694,5690,-1,5690,6694,6695,-1,5690,6695,5692,-1,5692,6695,5166,-1,5692,5166,3997,-1,3997,5166,6696,-1,3997,6696,5694,-1,5694,6696,6697,-1,5694,6697,5696,-1,5696,6697,6698,-1,5696,6698,5698,-1,5698,6698,6699,-1,5698,6699,5700,-1,5700,6699,6700,-1,5700,6700,5702,-1,5702,6700,6701,-1,5702,6701,5704,-1,5704,6701,6947,-1,5812,6703,5814,-1,5814,6703,5227,-1,5814,5227,3629,-1,3629,5227,6704,-1,3629,6704,5816,-1,5816,6704,6705,-1,5816,6705,5818,-1,5818,6705,6706,-1,5818,6706,5820,-1,5820,6706,6707,-1,5820,6707,5822,-1,5822,6707,6708,-1,5822,6708,5824,-1,5824,6708,6709,-1,5824,6709,5826,-1,5826,6709,6710,-1,5826,6710,5828,-1,5828,6710,6711,-1,5828,6711,5830,-1,5830,6711,6712,-1,5830,6712,5832,-1,5832,6712,6713,-1,5832,6713,5834,-1,5834,6713,6714,-1,5834,6714,5836,-1,5836,6714,6715,-1,5836,6715,5838,-1,5838,6715,6716,-1,5838,6716,5840,-1,5840,6716,6717,-1,5840,6717,5842,-1,5842,6717,6718,-1,5842,6718,5844,-1,5844,6718,6719,-1,5844,6719,5846,-1,5846,6719,6720,-1,5846,6720,5848,-1,5848,6720,6721,-1,5848,6721,5850,-1,5850,6721,6722,-1,5850,6722,5852,-1,5852,6722,6723,-1,5852,6723,5854,-1,5854,6723,6724,-1,5854,6724,5856,-1,5856,6724,6725,-1,5856,6725,5858,-1,5858,6725,6726,-1,5858,6726,5860,-1,5860,6726,5250,-1,5860,5250,3675,-1,3675,5250,6727,-1,3675,6727,5862,-1,5862,6727,6728,-1,5862,6728,5864,-1,5864,6728,6729,-1,5864,6729,5866,-1,5866,6729,6730,-1,5866,6730,5868,-1,5868,6730,6731,-1,5868,6731,5870,-1,5870,6731,6732,-1,5870,6732,5872,-1,5872,6732,6733,-1,5872,6733,5874,-1,5874,6733,6734,-1,5874,6734,5876,-1,5876,6734,6735,-1,5876,6735,5878,-1,5878,6735,6736,-1,5878,6736,5880,-1,5880,6736,6737,-1,5880,6737,5882,-1,5882,6737,6738,-1,5882,6738,5884,-1,5884,6738,6739,-1,5884,6739,5886,-1,5886,6739,6740,-1,5886,6740,5888,-1,5888,6740,6741,-1,5888,6741,5890,-1,5890,6741,6742,-1,5890,6742,5892,-1,5892,6742,6743,-1,5892,6743,5894,-1,5894,6743,6744,-1,5894,6744,5896,-1,5896,6744,6745,-1,5896,6745,5898,-1,5898,6745,6746,-1,5898,6746,5900,-1,5900,6746,6747,-1,5900,6747,5902,-1,5902,6747,6748,-1,5902,6748,5904,-1,5904,6748,6749,-1,5904,6749,5906,-1,5906,6749,5273,-1,5906,5273,4211,-1,4211,5273,6750,-1,4211,6750,5908,-1,5908,6750,6751,-1,5908,6751,5910,-1,5910,6751,6752,-1,5910,6752,5912,-1,5912,6752,6753,-1,5912,6753,5914,-1,5914,6753,6754,-1,5914,6754,5916,-1,5916,6754,6755,-1,5916,6755,5918,-1,5918,6755,6756,-1,5918,6756,5920,-1,5920,6756,6757,-1,5920,6757,5922,-1,5922,6757,6758,-1,5922,6758,5924,-1,5924,6758,6759,-1,5924,6759,5926,-1,5926,6759,6760,-1,5926,6760,5928,-1,5928,6760,6761,-1,5928,6761,5930,-1,5930,6761,6762,-1,5930,6762,5932,-1,5932,6762,6763,-1,5932,6763,5934,-1,5934,6763,6764,-1,5934,6764,5936,-1,5936,6764,6765,-1,5936,6765,5938,-1,5938,6765,6766,-1,5938,6766,5940,-1,5940,6766,6767,-1,5940,6767,5942,-1,5942,6767,6768,-1,5942,6768,5944,-1,5944,6768,6769,-1,5944,6769,5946,-1,5946,6769,6770,-1,5946,6770,5948,-1,5948,6770,6771,-1,5948,6771,5950,-1,5950,6771,6772,-1,5950,6772,5462,-1,5462,6772,5296,-1,5462,5296,4257,-1,4257,5296,6773,-1,4257,6773,5464,-1,5464,6773,6774,-1,5464,6774,5466,-1,5466,6774,6775,-1,5466,6775,5468,-1,5468,6775,6776,-1,5468,6776,5470,-1,5470,6776,6777,-1,5470,6777,5472,-1,5472,6777,6778,-1,5472,6778,5474,-1,5474,6778,6779,-1,5474,6779,5476,-1,5476,6779,6780,-1,5476,6780,5478,-1,5478,6780,6781,-1,5478,6781,5480,-1,5480,6781,6782,-1,5480,6782,5482,-1,5482,6782,6783,-1,5482,6783,5484,-1,5484,6783,6784,-1,5484,6784,5486,-1,5486,6784,6785,-1,5486,6785,5488,-1,5488,6785,6786,-1,5488,6786,5490,-1,5490,6786,6787,-1,5490,6787,5492,-1,5492,6787,6788,-1,5492,6788,5494,-1,5494,6788,6789,-1,5494,6789,5496,-1,5496,6789,6790,-1,5496,6790,5498,-1,5498,6790,6791,-1,5498,6791,5500,-1,5500,6791,6792,-1,5500,6792,5502,-1,5502,6792,6793,-1,5502,6793,5504,-1,5504,6793,6794,-1,5504,6794,5506,-1,5506,6794,6795,-1,5506,6795,5508,-1,5508,6795,5319,-1,5508,5319,4303,-1,4303,5319,6796,-1,4303,6796,5510,-1,5510,6796,6797,-1,5510,6797,5512,-1,5512,6797,6798,-1,5512,6798,5514,-1,5514,6798,6799,-1,5514,6799,5516,-1,5516,6799,6800,-1,5516,6800,5518,-1,5518,6800,6801,-1,5518,6801,5520,-1,5520,6801,6802,-1,5520,6802,5522,-1,5522,6802,6803,-1,5522,6803,5524,-1,5524,6803,6804,-1,5524,6804,5526,-1,5526,6804,6805,-1,5526,6805,5528,-1,5528,6805,6806,-1,5528,6806,5530,-1,5530,6806,6807,-1,5530,6807,5532,-1,5532,6807,6808,-1,5532,6808,5534,-1,5534,6808,6809,-1,5534,6809,5536,-1,5536,6809,6810,-1,5536,6810,5538,-1,5538,6810,6811,-1,5538,6811,5540,-1,5540,6811,6812,-1,5540,6812,5542,-1,5542,6812,6813,-1,5542,6813,5544,-1,5544,6813,6814,-1,5544,6814,5546,-1,5546,6814,6815,-1,5546,6815,5548,-1,5548,6815,6816,-1,5548,6816,5550,-1,5550,6816,6817,-1,5550,6817,5552,-1,5552,6817,6818,-1,5552,6818,5554,-1,5554,6818,5096,-1,5554,5096,4349,-1,4349,5096,6819,-1,4349,6819,5556,-1,5556,6819,6820,-1,5556,6820,5558,-1,5558,6820,6821,-1,5558,6821,5560,-1,5560,6821,6822,-1,5560,6822,5562,-1,5562,6822,6823,-1,5562,6823,5564,-1,5564,6823,6632,-1,5564,6632,5566,-1,5566,6632,6633,-1,6056,6825,6058,-1,6058,6825,6826,-1,6058,6826,6060,-1,6060,6826,6827,-1,6060,6827,6062,-1,6062,6827,6828,-1,6062,6828,6064,-1,6064,6828,6829,-1,6064,6829,6066,-1,6066,6829,6830,-1,6066,6830,6068,-1,6068,6830,6831,-1,6068,6831,6070,-1,6070,6831,6832,-1,6070,6832,6072,-1,6072,6832,6833,-1,6072,6833,6074,-1,6074,6833,5058,-1,6074,5058,3783,-1,3783,5058,6834,-1,3783,6834,6076,-1,6076,6834,6835,-1,6076,6835,6078,-1,6078,6835,6836,-1,6078,6836,6080,-1,6080,6836,6837,-1,6080,6837,6082,-1,6082,6837,6838,-1,6082,6838,6084,-1,6084,6838,6839,-1,6084,6839,6086,-1,6086,6839,6840,-1,6086,6840,6088,-1,6088,6840,6841,-1,6088,6841,6090,-1,6090,6841,6842,-1,6090,6842,6092,-1,6092,6842,6843,-1,6092,6843,6094,-1,6094,6843,6844,-1,6094,6844,6096,-1,6096,6844,6845,-1,6096,6845,6098,-1,6098,6845,6846,-1,6098,6846,6100,-1,6100,6846,6847,-1,6100,6847,6102,-1,6102,6847,6848,-1,6102,6848,6104,-1,6104,6848,6849,-1,6104,6849,6106,-1,6106,6849,6850,-1,6106,6850,6108,-1,6108,6850,6851,-1,6108,6851,6110,-1,6110,6851,6852,-1,6110,6852,6112,-1,6112,6852,6853,-1,6112,6853,6114,-1,6114,6853,6854,-1,6114,6854,6116,-1,6116,6854,6855,-1,6116,6855,6118,-1,6118,6855,6856,-1,6118,6856,6120,-1,6120,6856,4889,-1,6120,4889,3829,-1,3829,4889,6857,-1,3829,6857,6122,-1,6122,6857,6858,-1,6122,6858,6124,-1,6124,6858,6859,-1,6124,6859,6126,-1,6126,6859,6860,-1,6126,6860,6128,-1,6128,6860,6861,-1,6128,6861,6130,-1,6130,6861,6862,-1,6130,6862,6132,-1,6132,6862,6863,-1,6132,6863,6134,-1,6134,6863,6864,-1,6134,6864,6136,-1,6136,6864,6865,-1,6136,6865,6138,-1,6138,6865,6866,-1,6138,6866,6140,-1,6140,6866,6867,-1,6140,6867,6142,-1,6142,6867,6868,-1,6142,6868,6144,-1,6144,6868,6869,-1,6144,6869,6146,-1,6146,6869,6870,-1,6146,6870,6148,-1,6148,6870,6871,-1,6148,6871,6150,-1,6150,6871,6872,-1,6150,6872,6152,-1,6152,6872,6873,-1,6152,6873,6154,-1,6154,6873,6874,-1,6154,6874,6156,-1,6156,6874,6875,-1,6156,6875,6158,-1,6158,6875,6876,-1,6158,6876,6160,-1,6160,6876,6877,-1,6160,6877,6162,-1,6162,6877,6878,-1,6162,6878,6164,-1,6164,6878,6879,-1,6164,6879,6166,-1,6166,6879,4912,-1,6166,4912,3875,-1,3875,4912,6880,-1,3875,6880,6168,-1,6168,6880,6881,-1,6168,6881,6170,-1,6170,6881,6882,-1,6170,6882,6172,-1,6172,6882,6883,-1,6172,6883,6174,-1,6174,6883,6884,-1,6174,6884,6176,-1,6176,6884,6885,-1,6176,6885,6178,-1,6178,6885,6886,-1,6178,6886,6180,-1,6180,6886,6887,-1,6180,6887,6182,-1,6182,6887,6888,-1,6182,6888,6184,-1,6184,6888,6889,-1,6184,6889,6186,-1,6186,6889,6890,-1,6186,6890,6188,-1,6188,6890,6891,-1,6188,6891,6190,-1,6190,6891,6892,-1,6190,6892,6192,-1,6192,6892,6893,-1,6192,6893,6194,-1,6194,6893,6894,-1,6194,6894,5706,-1,5706,6894,6895,-1,5706,6895,5708,-1,5708,6895,6896,-1,5708,6896,5710,-1,5710,6896,6897,-1,5710,6897,5712,-1,5712,6897,6898,-1,5712,6898,5714,-1,5714,6898,6899,-1,5714,6899,5716,-1,5716,6899,6900,-1,5716,6900,5718,-1,5718,6900,6901,-1,5718,6901,5720,-1,5720,6901,6902,-1,5720,6902,5722,-1,5722,6902,4935,-1,5722,4935,3921,-1,3921,4935,6903,-1,3921,6903,5724,-1,5724,6903,6904,-1,5724,6904,5726,-1,5726,6904,6905,-1,5726,6905,5728,-1,5728,6905,6906,-1,5728,6906,5730,-1,5730,6906,6907,-1,5730,6907,5732,-1,5732,6907,6908,-1,5732,6908,5734,-1,5734,6908,6909,-1,5734,6909,5736,-1,5736,6909,6910,-1,5736,6910,5738,-1,5738,6910,6911,-1,5738,6911,5740,-1,5740,6911,6912,-1,5740,6912,5742,-1,5742,6912,6913,-1,5742,6913,5744,-1,5744,6913,6914,-1,5744,6914,5746,-1,5746,6914,6915,-1,5746,6915,5748,-1,5748,6915,6916,-1,5748,6916,5750,-1,5750,6916,6917,-1,5750,6917,5752,-1,5752,6917,6918,-1,5752,6918,5754,-1,5754,6918,6919,-1,5754,6919,5756,-1,5756,6919,6920,-1,5756,6920,5758,-1,5758,6920,6921,-1,5758,6921,5760,-1,5760,6921,6922,-1,5760,6922,5762,-1,5762,6922,6923,-1,5762,6923,5764,-1,5764,6923,6924,-1,5764,6924,5766,-1,5766,6924,6925,-1,5766,6925,5768,-1,5768,6925,5204,-1,5768,5204,3583,-1,3583,5204,6926,-1,3583,6926,5770,-1,5770,6926,6927,-1,5770,6927,5772,-1,5772,6927,6928,-1,5772,6928,5774,-1,5774,6928,6929,-1,5774,6929,5776,-1,5776,6929,6930,-1,5776,6930,5778,-1,5778,6930,6931,-1,5778,6931,5780,-1,5780,6931,6932,-1,5780,6932,5782,-1,5782,6932,6933,-1,5782,6933,5784,-1,5784,6933,6934,-1,5784,6934,5786,-1,5786,6934,6935,-1,5786,6935,5788,-1,5788,6935,6936,-1,5788,6936,5790,-1,5790,6936,6937,-1,5790,6937,5792,-1,5792,6937,6938,-1,5792,6938,5794,-1,5794,6938,6939,-1,5794,6939,5796,-1,5796,6939,6940,-1,5796,6940,5798,-1,5798,6940,6941,-1,5798,6941,5800,-1,5800,6941,6942,-1,5800,6942,5802,-1,5802,6942,6943,-1,5802,6943,5804,-1,5804,6943,6944,-1,5804,6944,5806,-1,5806,6944,6945,-1,5806,6945,5808,-1,5808,6945,6946,-1,5808,6946,5810,-1,5810,6946,6702,-1,5810,6702,5812,-1,5812,6702,6703,-1,5704,6947,5322,-1,5322,6947,6948,-1,5322,6948,5324,-1,5324,6948,6949,-1,5324,6949,5326,-1,5326,6949,6950,-1,5326,6950,5328,-1,5328,6950,6951,-1,5328,6951,5330,-1,5330,6951,6952,-1,5330,6952,5332,-1,5332,6952,6953,-1,5332,6953,5334,-1,5334,6953,6954,-1,5334,6954,5336,-1,5336,6954,6955,-1,5336,6955,5338,-1,5338,6955,6956,-1,5338,6956,5340,-1,5340,6956,6957,-1,5340,6957,5342,-1,5342,6957,6958,-1,5342,6958,5344,-1,5344,6958,6959,-1,5344,6959,5346,-1,5346,6959,6960,-1,5346,6960,5348,-1,5348,6960,6961,-1,5348,6961,5350,-1,5350,6961,6962,-1,5350,6962,5352,-1,5352,6962,6963,-1,5352,6963,5354,-1,5354,6963,5189,-1,5354,5189,4043,-1,4043,5189,6964,-1,4043,6964,5356,-1,5356,6964,6965,-1,5356,6965,5358,-1,5358,6965,6966,-1,5358,6966,5360,-1,5360,6966,6967,-1,5360,6967,5362,-1,5362,6967,6968,-1,5362,6968,5364,-1,5364,6968,6969,-1,5364,6969,5366,-1,5366,6969,6970,-1,5366,6970,5368,-1,5368,6970,6971,-1,5368,6971,5370,-1,5370,6971,6972,-1,5370,6972,5372,-1,5372,6972,6973,-1,5372,6973,5374,-1,5374,6973,6974,-1,5374,6974,5376,-1,5376,6974,6975,-1,5376,6975,5378,-1,5378,6975,6976,-1,5378,6976,5380,-1,5380,6976,6977,-1,5380,6977,5382,-1,5382,6977,6978,-1,5382,6978,5384,-1,5384,6978,6979,-1,5384,6979,5386,-1,5386,6979,6980,-1,5386,6980,5388,-1,5388,6980,6981,-1,5388,6981,5390,-1,5390,6981,6982,-1,5390,6982,5392,-1,5392,6982,6983,-1,5392,6983,5394,-1,5394,6983,6984,-1,5394,6984,5396,-1,5396,6984,6985,-1,5396,6985,5398,-1,5398,6985,6986,-1,5398,6986,5400,-1,5400,6986,4966,-1,5400,4966,4089,-1,4089,4966,6987,-1,4089,6987,5402,-1,5402,6987,6988,-1,5402,6988,5404,-1,5404,6988,6989,-1,5404,6989,5406,-1,5406,6989,6990,-1,5406,6990,5408,-1,5408,6990,6991,-1,5408,6991,5410,-1,5410,6991,6992,-1,5410,6992,5412,-1,5412,6992,6993,-1,5412,6993,5414,-1,5414,6993,6994,-1,5414,6994,5416,-1,5416,6994,6995,-1,5416,6995,5418,-1,5418,6995,6996,-1,5418,6996,5420,-1,5420,6996,6997,-1,5420,6997,5422,-1,5422,6997,6998,-1,5422,6998,5424,-1,5424,6998,6999,-1,5424,6999,5426,-1,5426,6999,7000,-1,5426,7000,5428,-1,5428,7000,7001,-1,5428,7001,5430,-1,5430,7001,7002,-1,5430,7002,5432,-1,5432,7002,7003,-1,5432,7003,5434,-1,5434,7003,7004,-1,5434,7004,5436,-1,5436,7004,7005,-1,5436,7005,5438,-1,5438,7005,7006,-1,5438,7006,5440,-1,5440,7006,7007,-1,5440,7007,5442,-1,5442,7007,7008,-1,5442,7008,5444,-1,5444,7008,7009,-1,5444,7009,5446,-1,5446,7009,4989,-1,5446,4989,4135,-1,4135,4989,7010,-1,4135,7010,5448,-1,5448,7010,7011,-1,5448,7011,5450,-1,5450,7011,7012,-1,5450,7012,5452,-1,5452,7012,7013,-1,5452,7013,5454,-1,5454,7013,7014,-1,5454,7014,5456,-1,5456,7014,7015,-1,5456,7015,5458,-1,5458,7015,7016,-1,5458,7016,5460,-1,5460,7016,7017,-1,5460,7017,5952,-1,5952,7017,7018,-1,5952,7018,5954,-1,5954,7018,7019,-1,5954,7019,5956,-1,5956,7019,7020,-1,5956,7020,5958,-1,5958,7020,7021,-1,5958,7021,5960,-1,5960,7021,7022,-1,5960,7022,5962,-1,5962,7022,7023,-1,5962,7023,5964,-1,5964,7023,7024,-1,5964,7024,5966,-1,5966,7024,7025,-1,5966,7025,5968,-1,5968,7025,7026,-1,5968,7026,5970,-1,5970,7026,7027,-1,5970,7027,5972,-1,5972,7027,7028,-1,5972,7028,5974,-1,5974,7028,7029,-1,5974,7029,5976,-1,5976,7029,7030,-1,5976,7030,5978,-1,5978,7030,7031,-1,5978,7031,5980,-1,5980,7031,7032,-1,5980,7032,5982,-1,5982,7032,5012,-1,5982,5012,4181,-1,4181,5012,7033,-1,4181,7033,5984,-1,5984,7033,7034,-1,5984,7034,5986,-1,5986,7034,7035,-1,5986,7035,5988,-1,5988,7035,7036,-1,5988,7036,5990,-1,5990,7036,7037,-1,5990,7037,5992,-1,5992,7037,7038,-1,5992,7038,5994,-1,5994,7038,7039,-1,5994,7039,5996,-1,5996,7039,7040,-1,5996,7040,5998,-1,5998,7040,7041,-1,5998,7041,6000,-1,6000,7041,7042,-1,6000,7042,6002,-1,6002,7042,7043,-1,6002,7043,6004,-1,6004,7043,7044,-1,6004,7044,6006,-1,6006,7044,7045,-1,6006,7045,6008,-1,6008,7045,7046,-1,6008,7046,6010,-1,6010,7046,7047,-1,6010,7047,6012,-1,6012,7047,7048,-1,6012,7048,6014,-1,6014,7048,7049,-1,6014,7049,6016,-1,6016,7049,7050,-1,6016,7050,6018,-1,6018,7050,7051,-1,6018,7051,6020,-1,6020,7051,7052,-1,6020,7052,6022,-1,6022,7052,7053,-1,6022,7053,6024,-1,6024,7053,7054,-1,6024,7054,6026,-1,6026,7054,7055,-1,6026,7055,6028,-1,6028,7055,5035,-1,6028,5035,3737,-1,3737,5035,7056,-1,3737,7056,6030,-1,6030,7056,7057,-1,6030,7057,6032,-1,6032,7057,7058,-1,6032,7058,6034,-1,6034,7058,7059,-1,6034,7059,6036,-1,6036,7059,7060,-1,6036,7060,6038,-1,6038,7060,7061,-1,6038,7061,6040,-1,6040,7061,7062,-1,6040,7062,6042,-1,6042,7062,7063,-1,6042,7063,6044,-1,6044,7063,7064,-1,6044,7064,6046,-1,6046,7064,7065,-1,6046,7065,6048,-1,6048,7065,7066,-1,6048,7066,6050,-1,6050,7066,7067,-1,6050,7067,6052,-1,6052,7067,7068,-1,6052,7068,6054,-1,6054,7068,6824,-1,6054,6824,6056,-1,6056,6824,6825,-1,
        ]
    }
}
Shape{
    appearance Appearance {
        material  Material 	{
            diffuseColor 1.0 1.0 1.0
            specularColor 0.5019607843137255 0.5019607843137255 0.5019607843137255
            ambientIntensity 1.0
            transparency 0.0
            shininess 0.5
        }
    }
    geometry IndexedFaceSet {
        ccw TRUE
        solid FALSE
        coord DEF co Coordinate {
            point [
                -0.2756 0.4331 0.0197, -0.315 0.4331 0.0591, -0.2756 -0.4331 0.0197, -0.315 -0.4331 0.0591, -0.2953 -0.4134 0.0, -0.5617 -0.4134 0.0, -0.2953 0.4134 0.0, -0.5617 0.4134 0.0, -0.5788 0.4134 0.0098, -0.5788 -0.4134 0.0098, -0.6174 0.4134 0.0768, -0.6174 -0.4134 0.0768, -0.5617 0.4331 0.0197, -0.6102 0.4331 0.1037, -0.5617 -0.4331 0.0197, -0.6102 -0.4331 0.1037, -0.5512 0.4331 0.0197, -0.5512 -0.4331 0.0197, -0.4921 0.4331 0.0591, -0.4921 -0.4331 0.0591, -0.5617 -0.4326 0.0153, -0.5617 -0.4326 0.0155, -0.5617 -0.4288 0.0074, -0.5617 -0.4257 0.0043, -0.283 -0.4257 0.0043, -0.5617 -0.4257 0.0043, -0.2855 -0.4232 0.0027, -0.2814 -0.4272 0.0059, -0.2799 -0.4288 0.0074, -0.5617 -0.4288 0.0075, -0.2783 -0.4303 0.0099, -0.5617 -0.4311 0.0112, -0.2775 -0.4311 0.0111, -0.5617 -0.4312 0.0113, -0.2763 -0.4324 0.0146, -0.2761 -0.4325 0.0153, -0.2757 -0.4329 0.0175, -0.2867 -0.4219 0.0019, -0.5617 -0.422 0.002, -0.5617 -0.4219 0.002, -0.5617 -0.4178 0.0005, -0.2909 -0.4178 0.0005, -0.2902 -0.4185 0.0007, -0.5617 -0.4178 0.0005, -0.5658 -0.4134 0.0005, -0.566 -0.4145 0.0005, -0.564 -0.4217 0.002, -0.5649 -0.4253 0.0043, -0.5657 -0.4283 0.0075, -0.5763 -0.4233 0.0113, -0.577 -0.4222 0.0109, -0.5751 -0.4211 0.0075, -0.5784 -0.4178 0.0101, -0.5772 -0.4134 0.0075, -0.5771 -0.4219 0.0108, -0.5783 -0.4178 0.0101, -0.5767 -0.4174 0.0075, -0.5706 -0.4288 0.0113, -0.5711 -0.4297 0.0143, -0.5724 -0.4288 0.0135, -0.5655 -0.4326 0.0175, -0.5667 -0.4321 0.0168, -0.5667 -0.432 0.0155, -0.569 -0.4312 0.0155, -0.5663 -0.4306 0.0113, -0.5691 -0.4311 0.0154, -0.5695 -0.4268 0.0075, -0.5743 -0.426 0.0113, -0.5746 -0.4262 0.0123, -0.5763 -0.4134 0.0066, -0.5736 -0.4166 0.0043, -0.5679 -0.4241 0.0043, -0.5727 -0.4243 0.0075, -0.5741 -0.4134 0.0043, -0.5733 -0.4134 0.0038, -0.57 -0.4156 0.002, -0.5705 -0.4221 0.0043, -0.566 -0.4208 0.002, -0.5629 -0.4176 0.0005, -0.5724 -0.4196 0.0043, -0.5692 -0.4177 0.002, -0.5655 -0.4156 0.0005, -0.5678 -0.4195 0.002, -0.5639 -0.4172 0.0005, -0.5648 -0.4165 0.0005, -0.5703 -0.4134 0.002, -0.5697 -0.4134 0.0018, -0.5661 -0.4134 0.0005, -0.5751 -0.4257 0.012, -0.2758 0.4329 0.0171, -0.2763 0.4324 0.0146, -0.2771 0.4316 0.0122, -0.2782 0.4304 0.0098, -0.2797 0.429 0.0077, -0.2814 0.4273 0.0058, -0.2854 0.4232 0.0026, -0.2902 0.4185 0.0007, -0.6197 -0.4256 0.0896, -0.6201 -0.4232 0.0867, -0.6199 -0.4219 0.0852, -0.6194 -0.4185 0.0816, -0.6191 -0.4178 0.0809, -0.6194 -0.4273 0.0917, -0.6187 -0.4288 0.0938, -0.6173 -0.4303 0.0964, -0.6167 -0.4311 0.0977, -0.6143 -0.4324 0.1006, -0.6138 -0.4326 0.1011, -0.6121 -0.4329 0.1025, -0.5772 0.4134 0.0075, -0.5763 0.4134 0.0066, -0.5741 0.4134 0.0043, -0.5733 0.4134 0.0038, -0.5703 0.4134 0.002, -0.5697 0.4134 0.0018, -0.5661 0.4134 0.0005, -0.5658 0.4134 0.0005, -0.5617 0.4178 0.0005, -0.5617 0.4185 0.0007, -0.5617 0.422 0.002, -0.5617 0.4232 0.0027, -0.5617 0.4257 0.0043, -0.5617 0.4272 0.0059, -0.5617 0.4288 0.0075, -0.5617 0.4303 0.0099, -0.5617 0.4312 0.0113, -0.5617 0.4323 0.0146, -0.5617 0.4326 0.0155, -0.6194 0.4185 0.0816, -0.6201 0.4232 0.0867, -0.6194 0.4273 0.0917, -0.6186 0.429 0.0942, -0.6174 0.4304 0.0965, -0.616 0.4316 0.0986, -0.6143 0.4324 0.1006, -0.6124 0.4329 0.1023, -0.5648 0.4165 0.0005, -0.5639 0.4172 0.0005, -0.57 0.4156 0.002, -0.5736 0.4166 0.0043, -0.5767 0.4174 0.0075, -0.5751 0.4211 0.0075, -0.5657 0.4283 0.0075, -0.5765 0.4232 0.0112, -0.5763 0.4235 0.0113, -0.5743 0.426 0.0113, -0.5745 0.4262 0.0123, -0.5738 0.4273 0.0127, -0.5711 0.4297 0.0143, -0.5706 0.4288 0.0113, -0.5667 0.4321 0.0168, -0.5667 0.432 0.0155, -0.569 0.431 0.0155, -0.5661 0.4324 0.0171, -0.5703 0.4304 0.0148, -0.5663 0.4306 0.0113, -0.5727 0.4243 0.0075, -0.5769 0.4222 0.0109, -0.5782 0.4185 0.0102, -0.5783 0.4178 0.0101, -0.5724 0.4196 0.0043, -0.5649 0.4253 0.0043, -0.564 0.4217 0.002, -0.566 0.4208 0.002, -0.5695 0.4268 0.0075, -0.5705 0.4221 0.0043, -0.5692 0.4177 0.002, -0.566 0.4145 0.0005, -0.5629 0.4176 0.0005, -0.5679 0.4241 0.0043, -0.5678 0.4195 0.002, -0.5655 0.4156 0.0005
            ]
        }
        coordIndex [
            0,1,2,-1,2,1,3,-1,4,5,6,-1,6,5,7,-1,8,9,10,-1,10,9,11,-1,12,13,14,-1,14,13,15,-1,16,12,17,-1,17,12,14,-1,18,16,19,-1,19,16,17,-1,1,18,3,-1,3,18,19,-1,16,18,0,-1,0,18,1,-1,2,3,17,-1,17,3,19,-1,20,17,21,-1,21,17,14,-1,22,23,24,-1,24,23,25,-1,24,25,26,-1,24,27,22,-1,22,27,28,-1,22,28,29,-1,29,28,30,-1,29,30,31,-1,31,30,32,-1,31,32,33,-1,33,32,34,-1,33,34,20,-1,20,34,35,-1,20,35,17,-1,17,35,36,-1,17,36,2,-1,26,25,37,-1,37,25,38,-1,37,38,39,-1,40,41,39,-1,39,41,42,-1,39,42,37,-1,40,43,41,-1,41,43,5,-1,41,5,4,-1,44,5,45,-1,39,38,46,-1,25,23,47,-1,22,29,48,-1,49,50,51,-1,52,9,53,-1,54,55,56,-1,56,55,52,-1,57,58,59,-1,60,61,62,-1,62,61,63,-1,62,63,64,-1,64,63,65,-1,14,60,21,-1,21,60,62,-1,21,62,20,-1,20,62,64,-1,20,64,33,-1,33,64,31,-1,29,31,48,-1,48,31,64,-1,48,64,57,-1,57,64,65,-1,57,65,58,-1,23,22,47,-1,47,22,48,-1,47,48,66,-1,66,48,57,-1,66,57,67,-1,67,57,59,-1,67,59,68,-1,52,53,56,-1,56,53,69,-1,56,69,70,-1,38,25,46,-1,46,25,47,-1,46,47,71,-1,71,47,66,-1,71,66,72,-1,72,66,67,-1,69,73,70,-1,70,73,74,-1,70,74,75,-1,72,76,71,-1,71,76,77,-1,71,77,46,-1,46,77,78,-1,46,78,39,-1,50,54,51,-1,51,54,56,-1,51,56,79,-1,79,56,70,-1,79,70,80,-1,80,70,75,-1,80,75,81,-1,81,75,45,-1,81,45,5,-1,5,43,78,-1,78,43,40,-1,78,40,39,-1,76,82,77,-1,77,82,83,-1,77,83,78,-1,78,83,5,-1,82,84,83,-1,83,84,5,-1,74,85,75,-1,75,85,86,-1,75,86,45,-1,45,86,87,-1,45,87,44,-1,68,88,67,-1,67,88,49,-1,67,49,72,-1,72,49,51,-1,72,51,76,-1,76,51,79,-1,76,79,82,-1,82,79,80,-1,82,80,84,-1,84,80,81,-1,84,81,5,-1,2,36,0,-1,0,36,35,-1,0,35,89,-1,89,35,34,-1,89,34,90,-1,90,34,91,-1,91,34,32,-1,91,32,92,-1,92,32,30,-1,92,30,93,-1,93,30,28,-1,93,28,94,-1,28,27,94,-1,94,27,24,-1,94,24,95,-1,24,26,95,-1,95,26,37,-1,95,37,96,-1,4,6,41,-1,41,6,96,-1,41,96,42,-1,42,96,37,-1,11,9,52,-1,49,97,50,-1,50,97,98,-1,50,98,54,-1,54,98,99,-1,54,99,55,-1,55,99,100,-1,55,100,52,-1,52,100,101,-1,52,101,11,-1,49,88,97,-1,97,88,68,-1,97,68,102,-1,102,68,59,-1,102,59,103,-1,103,59,58,-1,103,58,104,-1,104,58,65,-1,104,65,105,-1,105,65,106,-1,106,65,63,-1,106,63,107,-1,63,61,107,-1,107,61,60,-1,107,60,108,-1,108,60,14,-1,108,14,15,-1,7,5,44,-1,9,8,53,-1,53,8,109,-1,53,109,69,-1,69,109,110,-1,69,110,73,-1,73,110,111,-1,73,111,74,-1,74,111,112,-1,74,112,85,-1,85,112,113,-1,85,113,86,-1,86,113,114,-1,86,114,87,-1,87,114,115,-1,87,115,44,-1,44,115,116,-1,44,116,7,-1,96,6,7,-1,7,117,96,-1,96,117,118,-1,96,118,95,-1,118,119,95,-1,95,119,120,-1,95,120,94,-1,90,16,89,-1,89,16,0,-1,120,121,94,-1,94,121,122,-1,94,122,93,-1,93,122,123,-1,93,123,92,-1,92,123,124,-1,92,124,91,-1,91,124,125,-1,91,125,90,-1,90,125,126,-1,90,126,16,-1,16,126,127,-1,16,127,12,-1,128,10,11,-1,11,101,128,-1,128,101,100,-1,128,100,129,-1,100,99,129,-1,129,99,98,-1,129,98,130,-1,98,97,130,-1,130,97,102,-1,130,102,131,-1,102,103,131,-1,131,103,104,-1,131,104,132,-1,132,104,105,-1,132,105,133,-1,133,105,106,-1,133,106,134,-1,134,106,135,-1,135,106,107,-1,135,107,13,-1,13,107,108,-1,13,108,15,-1,136,137,7,-1,114,113,138,-1,139,140,141,-1,124,123,142,-1,143,144,145,-1,145,144,146,-1,147,148,149,-1,150,151,152,-1,153,12,127,-1,152,151,154,-1,154,151,155,-1,154,155,148,-1,147,149,146,-1,146,149,145,-1,145,149,156,-1,145,156,143,-1,157,141,158,-1,158,141,140,-1,158,140,159,-1,125,155,126,-1,126,155,151,-1,126,151,127,-1,127,151,150,-1,127,150,153,-1,8,159,109,-1,109,159,140,-1,109,140,110,-1,110,140,139,-1,110,139,111,-1,111,139,112,-1,113,112,138,-1,138,112,139,-1,138,139,160,-1,160,139,141,-1,160,141,156,-1,156,141,157,-1,156,157,143,-1,122,121,161,-1,161,121,162,-1,161,162,163,-1,148,155,149,-1,149,155,164,-1,149,164,156,-1,156,164,165,-1,156,165,160,-1,160,165,166,-1,160,166,138,-1,138,166,167,-1,138,167,114,-1,137,136,163,-1,163,162,137,-1,137,162,168,-1,137,168,7,-1,117,7,168,-1,121,120,162,-1,162,120,119,-1,162,119,168,-1,168,119,118,-1,168,118,117,-1,7,116,167,-1,167,116,115,-1,167,115,114,-1,125,124,155,-1,155,124,142,-1,155,142,164,-1,164,142,169,-1,164,169,165,-1,165,169,170,-1,165,170,166,-1,166,170,171,-1,166,171,167,-1,167,171,7,-1,123,122,142,-1,142,122,161,-1,142,161,169,-1,169,161,163,-1,169,163,170,-1,170,163,136,-1,170,136,171,-1,171,136,7,-1,13,12,135,-1,135,12,153,-1,135,153,134,-1,134,153,150,-1,134,150,133,-1,133,150,152,-1,133,152,132,-1,152,154,132,-1,132,154,148,-1,132,148,131,-1,131,148,130,-1,148,147,130,-1,130,147,146,-1,130,146,129,-1,129,146,144,-1,144,143,129,-1,129,143,157,-1,129,157,128,-1,8,10,159,-1,159,10,128,-1,159,128,158,-1,158,128,157,-1,
        ]
    }
}
Shape{
    appearance Appearance {
        material  Material 	{
            diffuseColor 0.9882352941176471 0.7372549019607844 0.5176470588235295
            specularColor 0.49411764705882355 0.3686274509803922 0.25882352941176473
            ambientIntensity 0.7873
            transparency 0.0
            shininess 0.5
        }
    }
    geometry IndexedFaceSet {
        ccw TRUE
        solid FALSE
        coord DEF co Coordinate {
            point [
                0.472 0.0203 0.2461, 0.4771 0.0205 0.2454, 0.4736 0.0615 0.2454, 0.4818 0.0207 0.2434, 0.4783 0.0621 0.2434, 0.4859 0.0209 0.2403, 0.4823 0.0626 0.2403, 0.489 0.0211 0.2362, 0.4854 0.063 0.2362, 0.491 0.0211 0.2315, 0.4874 0.0633 0.2315, 0.4917 0.0212 0.2264, 0.488 0.0634 0.2264, 0.491 0.0211 0.2213, 0.4874 0.0633 0.2213, 0.489 0.0211 0.2165, 0.4854 0.063 0.2165, 0.4859 0.0209 0.2125, 0.4823 0.0626 0.2125, 0.4818 0.0207 0.2093, 0.4783 0.0621 0.2093, 0.4771 0.0205 0.2074, 0.4736 0.0615 0.2074, 0.472 0.0203 0.2067, 0.4685 0.0608 0.2067, -0.4399 -0.1577 0.2074, -0.4355 -0.1561 0.2093, -0.4204 -0.193 0.2093, -0.4316 -0.1548 0.2125, -0.4167 -0.1913 0.2125, -0.4287 -0.1537 0.2165, -0.4139 -0.19 0.2165, -0.4268 -0.153 0.2213, -0.4121 -0.1892 0.2213, -0.4262 -0.1528 0.2264, -0.4115 -0.1889 0.2264, -0.4585 -0.1621 0.2125, -0.4578 -0.1642 0.2125, -0.4582 -0.1643 0.2129, 0.4554 -0.1792 0.2165, 0.4554 -0.1795 0.2165, 0.4532 -0.1849 0.2165, 0.4528 -0.1929 0.2264, 0.4528 -0.1929 0.2265, 0.438 -0.2244 0.2264, 0.4533 -0.1901 0.2311, 0.4534 -0.1895 0.2315, 0.4374 -0.2241 0.2315, 0.4722 -0.0193 0.2461, 0.4724 0.0 0.2461, 0.472 -0.0203 0.2461, 0.4703 -0.0611 0.2459, 0.471 -0.0513 0.246, 0.4685 -0.0608 0.2461, 0.472 -0.0286 0.2461, 0.4722 -0.0203 0.2461, 0.4682 -0.0893 0.2456, 0.4615 -0.1009 0.2461, 0.4674 -0.0973 0.2453, 0.4665 -0.102 0.2454, 0.4674 -0.0973 0.2453, 0.4668 -0.1021 0.2452, 0.4655 -0.1148 0.2448, 0.456 -0.1417 0.2454, 0.4626 -0.1361 0.2434, 0.4615 -0.1434 0.2427, 0.4623 -0.1385 0.2432, 0.4606 -0.1431 0.2434, 0.4626 -0.1361 0.2434, 0.4603 -0.1518 0.2418, 0.4466 -0.1822 0.2434, 0.4585 -0.162 0.2403, 0.4554 -0.1792 0.2362, 0.4563 -0.1746 0.2377, 0.4503 -0.1837 0.2403, 0.4582 -0.1638 0.24, 0.4532 -0.1849 0.2362, 0.4547 -0.1829 0.235, 0.4543 -0.1853 0.2338, 0.4537 -0.1881 0.2324, 0.4357 -0.2232 0.2362, 0.4528 -0.1927 0.2275, 0.4528 -0.1926 0.2279, 0.4529 -0.192 0.229, 0.453 -0.1917 0.2295, 0.4535 -0.1891 0.2209, 0.4534 -0.1895 0.2213, 0.4374 -0.2241 0.2213, 0.4531 -0.1914 0.223, 0.4529 -0.1924 0.2243, 0.4528 -0.1926 0.2249, 0.4528 -0.1929 0.226, 0.4551 -0.181 0.2171, 0.4543 -0.1853 0.219, 0.4357 -0.2232 0.2165, 0.4538 -0.1877 0.2201, 0.4503 -0.1837 0.2125, 0.4577 -0.167 0.2133, 0.4585 -0.1621 0.2125, 0.4626 -0.1361 0.2094, 0.462 -0.1406 0.2097, 0.4606 -0.1431 0.2093, 0.4615 -0.1434 0.2101, 0.4466 -0.1822 0.2093, 0.4587 -0.1612 0.2123, 0.4674 -0.0974 0.2074, 0.4674 -0.0974 0.2074, 0.4664 -0.102 0.2075, 0.4668 -0.1021 0.2076, 0.456 -0.1417 0.2074, 0.4643 -0.1244 0.2085, 0.4626 -0.1361 0.2094, 0.4685 -0.0608 0.2067, 0.4699 -0.0695 0.2069, 0.4615 -0.1009 0.2067, 0.4679 -0.093 0.2072, 0.472 -0.0203 0.2067, 0.472 -0.0293 0.2067, 0.4718 -0.0346 0.2067, 0.4708 -0.0557 0.2068, 0.4704 -0.0611 0.2068, 0.4724 0.0 0.2067, 0.4722 -0.0193 0.2067, 0.4722 -0.0203 0.2067, -0.4707 -0.0406 0.2067, -0.4715 -0.0407 0.2067, -0.4718 -0.0346 0.2067, -0.472 -0.0293 0.2067, -0.4722 -0.0193 0.2067, -0.4724 0.0 0.2067, -0.4708 -0.0557 0.2068, -0.4655 -0.0809 0.2067, -0.4699 -0.0695 0.2069, -0.4674 -0.0974 0.2074, -0.4679 -0.093 0.2072, -0.4689 -0.0815 0.2071, -0.4617 -0.1219 0.2074, -0.4645 -0.1227 0.2084, -0.4674 -0.0974 0.2074, -0.454 -0.1628 0.2093, -0.4587 -0.1612 0.2123, -0.462 -0.1406 0.2097, -0.4626 -0.1361 0.2094, -0.4626 -0.1361 0.2094, -0.4643 -0.1244 0.2085, -0.4577 -0.167 0.2133, -0.442 -0.2029 0.2125, -0.4554 -0.1792 0.2165, -0.4535 -0.1891 0.2209, -0.4538 -0.1877 0.2201, -0.4449 -0.2042 0.2165, -0.4551 -0.181 0.2171, -0.4554 -0.1795 0.2165, -0.4528 -0.1929 0.226, -0.4473 -0.2053 0.2264, -0.4528 -0.1929 0.2264, -0.4528 -0.1929 0.2265, -0.4528 -0.1926 0.2249, -0.4529 -0.1924 0.2243, -0.4466 -0.205 0.2213, -0.4531 -0.1914 0.223, -0.4534 -0.1895 0.2213, -0.4534 -0.1895 0.2315, -0.4533 -0.1901 0.2311, -0.4466 -0.205 0.2315, -0.453 -0.1917 0.2295, -0.4529 -0.192 0.229, -0.4528 -0.1926 0.2279, -0.4528 -0.1927 0.2275, -0.4537 -0.1881 0.2324, -0.4449 -0.2042 0.2362, -0.4547 -0.1829 0.235, -0.4554 -0.1792 0.2362, -0.4563 -0.1746 0.2377, -0.442 -0.2029 0.2403, -0.4582 -0.1643 0.2399, -0.4578 -0.1642 0.2403, -0.4582 -0.1638 0.24, -0.4626 -0.1361 0.2434, -0.4623 -0.1385 0.2432, -0.454 -0.1628 0.2434, -0.4603 -0.1518 0.2418, -0.4585 -0.162 0.2403, -0.4495 -0.1612 0.2454, -0.4617 -0.1219 0.2454, -0.4626 -0.1361 0.2434, -0.4674 -0.0973 0.2453, -0.4655 -0.1148 0.2448, -0.4644 -0.1227 0.2443, -0.4655 -0.0809 0.2461, -0.4682 -0.0893 0.2456, -0.4674 -0.0973 0.2453, -0.4568 -0.1206 0.2461, -0.4707 -0.0406 0.2461, -0.471 -0.0513 0.246, -0.4688 -0.0815 0.2457, -0.4724 0.0 0.2461, -0.4722 -0.0193 0.2461, -0.472 -0.0286 0.2461, -0.4715 -0.0407 0.246, -0.4377 -0.1156 0.2264, -0.4384 -0.1158 0.2213, -0.4467 -0.0777 0.2213, -0.3937 -0.2236 0.2264, -0.3943 -0.2239 0.2213, -0.373 -0.2566 0.2264, -0.3736 -0.257 0.2213, -0.3496 -0.2877 0.2264, -0.3501 -0.2881 0.2213, -0.3236 -0.3167 0.2264, -0.3241 -0.3172 0.2213, -0.2952 -0.3433 0.2264, -0.2956 -0.3438 0.2213, -0.2645 -0.3674 0.2264, -0.2649 -0.368 0.2213, -0.232 -0.3888 0.2264, -0.2323 -0.3894 0.2213, -0.1977 -0.4073 0.2264, -0.198 -0.4079 0.2213, -0.162 -0.4228 0.2264, -0.1622 -0.4234 0.2213, -0.125 -0.4352 0.2264, -0.1252 -0.4358 0.2213, -0.0871 -0.4443 0.2264, -0.0873 -0.445 0.2213, -0.0486 -0.4501 0.2264, -0.0487 -0.4508 0.2213, -0.0097 -0.4527 0.2264, -0.0098 -0.4533 0.2213, 0.0292 -0.4518 0.2264, 0.0292 -0.4525 0.2213, 0.0679 -0.4476 0.2264, 0.068 -0.4483 0.2213, 0.1062 -0.4401 0.2264, 0.1063 -0.4408 0.2213, 0.1436 -0.4294 0.2264, 0.1438 -0.43 0.2213, 0.18 -0.4154 0.2264, 0.1803 -0.4161 0.2213, 0.215 -0.3984 0.2264, 0.2154 -0.399 0.2213, 0.2485 -0.3785 0.2264, 0.2489 -0.379 0.2213, 0.2801 -0.3557 0.2264, 0.2805 -0.3562 0.2213, 0.3096 -0.3303 0.2264, 0.3101 -0.3308 0.2213, 0.3369 -0.3025 0.2264, 0.3374 -0.3029 0.2213, 0.3617 -0.2724 0.2264, 0.3622 -0.2728 0.2213, 0.3837 -0.2403 0.2264, 0.3843 -0.2406 0.2213, 0.403 -0.2064 0.2264, 0.4036 -0.2067 0.2213, 0.4192 -0.171 0.2264, 0.4198 -0.1713 0.2213, 0.4324 -0.1343 0.2264, 0.433 -0.1345 0.2213, 0.4423 -0.0967 0.2264, 0.443 -0.0968 0.2213, 0.449 -0.0583 0.2264, 0.4497 -0.0584 0.2213, 0.4523 -0.0195 0.2264, 0.453 -0.0195 0.2213, -0.4461 -0.0776 0.2264, -0.4517 -0.039 0.2213, -0.4511 -0.0389 0.2264, -0.4534 0.0 0.2213, -0.4528 0.0 0.2264, -0.4517 0.039 0.2213, -0.4511 0.0389 0.2264, -0.4467 0.0777 0.2213, -0.4461 0.0776 0.2264, -0.4384 0.1158 0.2213, -0.4377 0.1156 0.2264, -0.4268 0.153 0.2213, -0.4262 0.1528 0.2264, -0.4121 0.1892 0.2213, -0.4115 0.1889 0.2264, -0.3943 0.2239 0.2213, -0.3937 0.2236 0.2264, -0.3736 0.257 0.2213, -0.373 0.2566 0.2264, -0.3501 0.2881 0.2213, -0.3496 0.2877 0.2264, -0.3241 0.3172 0.2213, -0.3236 0.3167 0.2264, -0.2956 0.3438 0.2213, -0.2952 0.3433 0.2264, -0.2649 0.368 0.2213, -0.2645 0.3674 0.2264, -0.2323 0.3894 0.2213, -0.232 0.3888 0.2264, -0.198 0.4079 0.2213, -0.1977 0.4073 0.2264, -0.1622 0.4234 0.2213, -0.162 0.4228 0.2264, -0.1252 0.4358 0.2213, -0.125 0.4352 0.2264, -0.0873 0.445 0.2213, -0.0871 0.4443 0.2264, -0.0487 0.4508 0.2213, -0.0486 0.4501 0.2264, -0.0098 0.4533 0.2213, -0.0097 0.4527 0.2264, 0.0292 0.4525 0.2213, 0.0292 0.4518 0.2264, 0.068 0.4483 0.2213, 0.0679 0.4476 0.2264, 0.1063 0.4408 0.2213, 0.1062 0.4401 0.2264, 0.1438 0.43 0.2213, 0.1436 0.4294 0.2264, 0.1803 0.4161 0.2213, 0.18 0.4154 0.2264, 0.2154 0.399 0.2213, 0.215 0.3984 0.2264, 0.2489 0.379 0.2213, 0.2485 0.3785 0.2264, 0.2805 0.3562 0.2213, 0.2801 0.3557 0.2264, 0.3101 0.3308 0.2213, 0.3096 0.3303 0.2264, 0.3374 0.3029 0.2213, 0.3369 0.3025 0.2264, 0.3622 0.2728 0.2213, 0.3617 0.2724 0.2264, 0.3843 0.2406 0.2213, 0.3837 0.2403 0.2264, 0.4036 0.2067 0.2213, 0.403 0.2064 0.2264, 0.4198 0.1713 0.2213, 0.4192 0.171 0.2264, 0.433 0.1345 0.2213, 0.4324 0.1343 0.2264, 0.443 0.0968 0.2213, 0.4423 0.0967 0.2264, 0.4497 0.0584 0.2213, 0.449 0.0583 0.2264, 0.453 0.0195 0.2213, 0.4523 0.0195 0.2264, -0.4403 -0.1163 0.2165, -0.4487 -0.078 0.2165, -0.396 -0.2249 0.2165, -0.3752 -0.2581 0.2165, -0.3516 -0.2894 0.2165, -0.3255 -0.3185 0.2165, -0.2969 -0.3453 0.2165, -0.2661 -0.3696 0.2165, -0.2333 -0.3911 0.2165, -0.1988 -0.4097 0.2165, -0.1629 -0.4253 0.2165, -0.1257 -0.4377 0.2165, -0.0876 -0.4469 0.2165, -0.0489 -0.4528 0.2165, -0.0098 -0.4553 0.2165, 0.0294 -0.4544 0.2165, 0.0683 -0.4502 0.2165, 0.1068 -0.4427 0.2165, 0.1444 -0.4319 0.2165, 0.181 -0.4179 0.2165, 0.2163 -0.4008 0.2165, 0.2499 -0.3807 0.2165, 0.2817 -0.3578 0.2165, 0.3115 -0.3322 0.2165, 0.3389 -0.3042 0.2165, 0.3638 -0.274 0.2165, 0.386 -0.2417 0.2165, 0.4053 -0.2076 0.2165, 0.4217 -0.172 0.2165, 0.4349 -0.1351 0.2165, 0.4449 -0.0972 0.2165, 0.4516 -0.0586 0.2165, 0.455 -0.0196 0.2165, -0.4537 -0.0391 0.2165, -0.4554 0.0 0.2165, -0.4537 0.0391 0.2165, -0.4487 0.078 0.2165, -0.4403 0.1163 0.2165, -0.4287 0.1537 0.2165, -0.4139 0.19 0.2165, -0.396 0.2249 0.2165, -0.3752 0.2581 0.2165, -0.3516 0.2894 0.2165, -0.3255 0.3185 0.2165, -0.2969 0.3453 0.2165, -0.2661 0.3696 0.2165, -0.2333 0.3911 0.2165, -0.1988 0.4097 0.2165, -0.1629 0.4253 0.2165, -0.1257 0.4377 0.2165, -0.0876 0.4469 0.2165, -0.0489 0.4528 0.2165, -0.0098 0.4553 0.2165, 0.0294 0.4544 0.2165, 0.0683 0.4502 0.2165, 0.1068 0.4427 0.2165, 0.1444 0.4319 0.2165, 0.181 0.4179 0.2165, 0.2163 0.4008 0.2165, 0.2499 0.3807 0.2165, 0.2817 0.3578 0.2165, 0.3115 0.3322 0.2165, 0.3389 0.3042 0.2165, 0.3638 0.274 0.2165, 0.386 0.2417 0.2165, 0.4053 0.2076 0.2165, 0.4217 0.172 0.2165, 0.4349 0.1351 0.2165, 0.4449 0.0972 0.2165, 0.4516 0.0586 0.2165, 0.455 0.0196 0.2165, -0.4433 -0.1171 0.2125, -0.4517 -0.0785 0.2125, -0.3987 -0.2264 0.2125, -0.3778 -0.2598 0.2125, -0.3541 -0.2914 0.2125, -0.3277 -0.3207 0.2125, -0.2989 -0.3477 0.2125, -0.2679 -0.3721 0.2125, -0.2349 -0.3938 0.2125, -0.2002 -0.4125 0.2125, -0.164 -0.4282 0.2125, -0.1266 -0.4407 0.2125, -0.0882 -0.45 0.2125, -0.0492 -0.4559 0.2125, -0.0099 -0.4584 0.2125, 0.0296 -0.4576 0.2125, 0.0688 -0.4533 0.2125, 0.1075 -0.4457 0.2125, 0.1454 -0.4348 0.2125, 0.1823 -0.4207 0.2125, 0.2178 -0.4035 0.2125, 0.2517 -0.3833 0.2125, 0.2837 -0.3602 0.2125, 0.3136 -0.3345 0.2125, 0.3412 -0.3063 0.2125, 0.3663 -0.2759 0.2125, 0.3886 -0.2434 0.2125, 0.4081 -0.209 0.2125, 0.4246 -0.1732 0.2125, 0.4379 -0.136 0.2125, 0.4479 -0.0979 0.2125, 0.4547 -0.059 0.2125, 0.4581 -0.0197 0.2125, -0.4568 -0.0394 0.2125, -0.4585 0.0 0.2125, -0.4568 0.0394 0.2125, -0.4517 0.0785 0.2125, -0.4433 0.1171 0.2125, -0.4316 0.1548 0.2125, -0.4167 0.1913 0.2125, -0.3987 0.2264 0.2125, -0.3778 0.2598 0.2125, -0.3541 0.2914 0.2125, -0.3277 0.3207 0.2125, -0.2989 0.3477 0.2125, -0.2679 0.3721 0.2125, -0.2349 0.3938 0.2125, -0.2002 0.4125 0.2125, -0.164 0.4282 0.2125, -0.1266 0.4407 0.2125, -0.0882 0.45 0.2125, -0.0492 0.4559 0.2125, -0.0099 0.4584 0.2125, 0.0296 0.4576 0.2125, 0.0688 0.4533 0.2125, 0.1075 0.4457 0.2125, 0.1454 0.4348 0.2125, 0.1823 0.4207 0.2125, 0.2178 0.4035 0.2125, 0.2517 0.3833 0.2125, 0.2837 0.3602 0.2125, 0.3136 0.3345 0.2125, 0.3412 0.3063 0.2125, 0.3663 0.2759 0.2125, 0.3886 0.2434 0.2125, 0.4081 0.209 0.2125, 0.4246 0.1732 0.2125, 0.4379 0.136 0.2125, 0.4479 0.0979 0.2125, 0.4547 0.059 0.2125, 0.4581 0.0197 0.2125, -0.4473 -0.1181 0.2093, -0.4558 -0.0792 0.2093, -0.4023 -0.2284 0.2093, -0.3811 -0.2622 0.2093, -0.3572 -0.2939 0.2093, -0.3306 -0.3236 0.2093, -0.3016 -0.3508 0.2093, -0.2703 -0.3754 0.2093, -0.237 -0.3973 0.2093, -0.202 -0.4162 0.2093, -0.1655 -0.432 0.2093, -0.1277 -0.4446 0.2093, -0.089 -0.454 0.2093, -0.0497 -0.4599 0.2093, -0.01 -0.4625 0.2093, 0.0298 -0.4616 0.2093, 0.0694 -0.4574 0.2093, 0.1085 -0.4497 0.2093, 0.1467 -0.4387 0.2093, 0.1839 -0.4245 0.2093, 0.2197 -0.4071 0.2093, 0.2539 -0.3867 0.2093, 0.2862 -0.3634 0.2093, 0.3164 -0.3375 0.2093, 0.3442 -0.309 0.2093, 0.3695 -0.2783 0.2093, 0.3921 -0.2455 0.2093, 0.4117 -0.2109 0.2093, 0.4283 -0.1747 0.2093, 0.4418 -0.1373 0.2093, 0.4519 -0.0988 0.2093, 0.4587 -0.0596 0.2093, 0.4622 -0.0199 0.2093, -0.4609 -0.0398 0.2093, -0.4626 0.0 0.2093, -0.4609 0.0398 0.2093, -0.4558 0.0792 0.2093, -0.4473 0.1181 0.2093, -0.4355 0.1561 0.2093, -0.4204 0.193 0.2093, -0.4023 0.2284 0.2093, -0.3811 0.2622 0.2093, -0.3572 0.2939 0.2093, -0.3306 0.3236 0.2093, -0.3016 0.3508 0.2093, -0.2703 0.3754 0.2093, -0.237 0.3973 0.2093, -0.202 0.4162 0.2093, -0.1655 0.432 0.2093, -0.1277 0.4446 0.2093, -0.089 0.454 0.2093, -0.0497 0.4599 0.2093, -0.01 0.4625 0.2093, 0.0298 0.4616 0.2093, 0.0694 0.4574 0.2093, 0.1085 0.4497 0.2093, 0.1467 0.4387 0.2093, 0.1839 0.4245 0.2093, 0.2197 0.4071 0.2093, 0.2539 0.3867 0.2093, 0.2862 0.3634 0.2093, 0.3164 0.3375 0.2093, 0.3442 0.309 0.2093, 0.3695 0.2783 0.2093, 0.3921 0.2455 0.2093, 0.4117 0.2109 0.2093, 0.4283 0.1747 0.2093, 0.4418 0.1373 0.2093, 0.4519 0.0988 0.2093, 0.4587 0.0596 0.2093, 0.4622 0.0199 0.2093, -0.4519 -0.1193 0.2074, -0.4604 -0.0801 0.2074, -0.4247 -0.195 0.2074, -0.4064 -0.2308 0.2074, -0.3851 -0.2648 0.2074, -0.3609 -0.297 0.2074, -0.334 -0.3269 0.2074, -0.3047 -0.3544 0.2074, -0.2731 -0.3793 0.2074, -0.2395 -0.4013 0.2074, -0.2041 -0.4204 0.2074, -0.1672 -0.4364 0.2074, -0.129 -0.4492 0.2074, -0.0899 -0.4586 0.2074, -0.0502 -0.4646 0.2074, -0.0101 -0.4672 0.2074, 0.0301 -0.4664 0.2074, 0.0701 -0.4621 0.2074, 0.1096 -0.4543 0.2074, 0.1482 -0.4432 0.2074, 0.1858 -0.4288 0.2074, 0.222 -0.4113 0.2074, 0.2565 -0.3907 0.2074, 0.2891 -0.3672 0.2074, 0.3196 -0.341 0.2074, 0.3478 -0.3122 0.2074, 0.3733 -0.2812 0.2074, 0.3961 -0.248 0.2074, 0.416 -0.2131 0.2074, 0.4327 -0.1765 0.2074, 0.4463 -0.1387 0.2074, 0.4566 -0.0998 0.2074, 0.4635 -0.0602 0.2074, 0.4669 -0.0201 0.2074, -0.4656 -0.0402 0.2074, -0.4673 0.0 0.2074, -0.4656 0.0402 0.2074, -0.4604 0.0801 0.2074, -0.4519 0.1193 0.2074, -0.4399 0.1577 0.2074, -0.4247 0.195 0.2074, -0.4064 0.2308 0.2074, -0.3851 0.2648 0.2074, -0.3609 0.297 0.2074, -0.334 0.3269 0.2074, -0.3047 0.3544 0.2074, -0.2731 0.3793 0.2074, -0.2395 0.4013 0.2074, -0.2041 0.4204 0.2074, -0.1672 0.4364 0.2074, -0.129 0.4492 0.2074, -0.0899 0.4586 0.2074, -0.0502 0.4646 0.2074, -0.0101 0.4672 0.2074, 0.0301 0.4664 0.2074, 0.0701 0.4621 0.2074, 0.1096 0.4543 0.2074, 0.1482 0.4432 0.2074, 0.1858 0.4288 0.2074, 0.222 0.4113 0.2074, 0.2565 0.3907 0.2074, 0.2891 0.3672 0.2074, 0.3196 0.341 0.2074, 0.3478 0.3122 0.2074, 0.3733 0.2812 0.2074, 0.3961 0.248 0.2074, 0.416 0.2131 0.2074, 0.4327 0.1765 0.2074, 0.4463 0.1387 0.2074, 0.4566 0.0998 0.2074, 0.4635 0.0602 0.2074, 0.4669 0.0201 0.2074, -0.4568 -0.1206 0.2067, 0.4512 -0.1402 0.2067, 0.4374 -0.1784 0.2067, 0.4205 -0.2154 0.2067, 0.4004 -0.2507 0.2067, 0.3774 -0.2842 0.2067, 0.3515 -0.3156 0.2067, 0.3231 -0.3447 0.2067, 0.2923 -0.3712 0.2067, 0.2593 -0.3949 0.2067, 0.2244 -0.4158 0.2067, 0.1878 -0.4335 0.2067, 0.1499 -0.448 0.2067, 0.1108 -0.4593 0.2067, 0.0709 -0.4671 0.2067, 0.0305 -0.4715 0.2067, -0.0102 -0.4723 0.2067, -0.0507 -0.4697 0.2067, -0.0909 -0.4636 0.2067, -0.1304 -0.4541 0.2067, -0.169 -0.4412 0.2067, -0.2063 -0.425 0.2067, -0.2421 -0.4057 0.2067, -0.276 -0.3834 0.2067, -0.308 -0.3583 0.2067, -0.3376 -0.3305 0.2067, -0.3648 -0.3002 0.2067, -0.3893 -0.2677 0.2067, -0.4108 -0.2333 0.2067, -0.4294 -0.1971 0.2067, -0.4447 -0.1595 0.2067, -0.4707 0.0406 0.2067, -0.4655 0.0809 0.2067, -0.4568 0.1206 0.2067, -0.4447 0.1595 0.2067, -0.4294 0.1971 0.2067, -0.4108 0.2333 0.2067, -0.3893 0.2677 0.2067, -0.3648 0.3002 0.2067, -0.3376 0.3305 0.2067, -0.308 0.3583 0.2067, -0.276 0.3834 0.2067, -0.2421 0.4057 0.2067, -0.2063 0.425 0.2067, -0.169 0.4412 0.2067, -0.1304 0.4541 0.2067, -0.0909 0.4636 0.2067, -0.0507 0.4697 0.2067, -0.0102 0.4723 0.2067, 0.0305 0.4715 0.2067, 0.0709 0.4671 0.2067, 0.1108 0.4593 0.2067, 0.1499 0.448 0.2067, 0.1878 0.4335 0.2067, 0.2244 0.4158 0.2067, 0.2593 0.3949 0.2067, 0.2923 0.3712 0.2067, 0.3231 0.3447 0.2067, 0.3515 0.3156 0.2067, 0.3774 0.2842 0.2067, 0.4004 0.2507 0.2067, 0.4205 0.2154 0.2067, 0.4374 0.1784 0.2067, 0.4512 0.1402 0.2067, 0.4615 0.1009 0.2067, 0.4422 -0.1804 0.2074, 0.425 -0.2177 0.2074, 0.4047 -0.2534 0.2074, 0.3814 -0.2873 0.2074, 0.3553 -0.319 0.2074, 0.3266 -0.3484 0.2074, 0.2954 -0.3752 0.2074, 0.2621 -0.3992 0.2074, 0.2268 -0.4202 0.2074, 0.1898 -0.4382 0.2074, 0.1515 -0.4529 0.2074, 0.112 -0.4642 0.2074, 0.0717 -0.4721 0.2074, 0.0308 -0.4765 0.2074, -0.0103 -0.4774 0.2074, -0.0513 -0.4748 0.2074, -0.0919 -0.4686 0.2074, -0.1318 -0.459 0.2074, -0.1708 -0.4459 0.2074, -0.2085 -0.4296 0.2074, -0.2447 -0.4101 0.2074, -0.279 -0.3875 0.2074, -0.3113 -0.3621 0.2074, -0.3413 -0.334 0.2074, -0.3687 -0.3034 0.2074, -0.3935 -0.2706 0.2074, -0.4153 -0.2358 0.2074, -0.434 -0.1992 0.2074, -0.4495 -0.1612 0.2074, 0.4665 0.102 0.2074, 0.456 0.1417 0.2074, 0.4422 0.1804 0.2074, 0.425 0.2177 0.2074, 0.4047 0.2534 0.2074, 0.3814 0.2873 0.2074, 0.3553 0.319 0.2074, 0.3266 0.3484 0.2074, 0.2954 0.3752 0.2074, 0.2621 0.3992 0.2074, 0.2268 0.4202 0.2074, 0.1898 0.4382 0.2074, 0.1515 0.4529 0.2074, 0.112 0.4642 0.2074, 0.0717 0.4721 0.2074, 0.0308 0.4765 0.2074, -0.0103 0.4774 0.2074, -0.0513 0.4748 0.2074, -0.0919 0.4686 0.2074, -0.1318 0.459 0.2074, -0.1708 0.4459 0.2074, -0.2085 0.4296 0.2074, -0.2447 0.4101 0.2074, -0.279 0.3875 0.2074, -0.3113 0.3621 0.2074, -0.3413 0.334 0.2074, -0.3687 0.3034 0.2074, -0.3935 0.2706 0.2074, -0.4153 0.2358 0.2074, -0.434 0.1992 0.2074, -0.4495 0.1612 0.2074, -0.4617 0.1219 0.2074, -0.4705 0.0818 0.2074, -0.4758 0.0411 0.2074, -0.4775 0.0 0.2074, -0.4383 -0.2012 0.2093, -0.4194 -0.2381 0.2093, -0.3974 -0.2733 0.2093, -0.3724 -0.3065 0.2093, -0.3447 -0.3373 0.2093, -0.3144 -0.3657 0.2093, -0.2818 -0.3914 0.2093, -0.2471 -0.4142 0.2093, -0.2106 -0.4339 0.2093, -0.1725 -0.4504 0.2093, -0.1332 -0.4635 0.2093, -0.0928 -0.4733 0.2093, -0.0518 -0.4795 0.2093, -0.0104 -0.4822 0.2093, 0.0311 -0.4813 0.2093, 0.0724 -0.4768 0.2093, 0.1131 -0.4688 0.2093, 0.153 -0.4574 0.2093, 0.1917 -0.4425 0.2093, 0.2291 -0.4244 0.2093, 0.2647 -0.4032 0.2093, 0.2984 -0.3789 0.2093, 0.3298 -0.3519 0.2093, 0.3589 -0.3222 0.2093, 0.3852 -0.2902 0.2093, 0.4088 -0.256 0.2093, 0.4292 -0.2199 0.2093, 0.4712 0.103 0.2093, 0.4606 0.1431 0.2093, 0.4466 0.1822 0.2093, 0.4292 0.2199 0.2093, 0.4088 0.256 0.2093, 0.3852 0.2902 0.2093, 0.3589 0.3222 0.2093, 0.3298 0.3519 0.2093, 0.2984 0.3789 0.2093, 0.2647 0.4032 0.2093, 0.2291 0.4244 0.2093, 0.1917 0.4425 0.2093, 0.153 0.4574 0.2093, 0.1131 0.4688 0.2093, 0.0724 0.4768 0.2093, 0.0311 0.4813 0.2093, -0.0104 0.4822 0.2093, -0.0518 0.4795 0.2093, -0.0928 0.4733 0.2093, -0.1332 0.4635 0.2093, -0.1725 0.4504 0.2093, -0.2106 0.4339 0.2093, -0.2471 0.4142 0.2093, -0.2818 0.3914 0.2093, -0.3144 0.3657 0.2093, -0.3447 0.3373 0.2093, -0.3724 0.3065 0.2093, -0.3974 0.2733 0.2093, -0.4194 0.2381 0.2093, -0.4383 0.2012 0.2093, -0.454 0.1628 0.2093, -0.4663 0.1232 0.2093, -0.4752 0.0826 0.2093, -0.4805 0.0415 0.2093, -0.4823 0.0 0.2093, 0.4329 -0.2217 0.2125, 0.4122 -0.2581 0.2125, 0.3885 -0.2926 0.2125, 0.3619 -0.3249 0.2125, 0.3326 -0.3548 0.2125, 0.3009 -0.3821 0.2125, 0.2669 -0.4066 0.2125, 0.231 -0.428 0.2125, 0.1933 -0.4463 0.2125, 0.1543 -0.4612 0.2125, 0.114 -0.4728 0.2125, 0.073 -0.4809 0.2125, 0.0314 -0.4853 0.2125, -0.0105 -0.4862 0.2125, -0.0522 -0.4835 0.2125, -0.0936 -0.4773 0.2125, -0.1343 -0.4675 0.2125, -0.174 -0.4542 0.2125, -0.2124 -0.4375 0.2125, -0.2492 -0.4177 0.2125, -0.2842 -0.3947 0.2125, -0.3171 -0.3688 0.2125, -0.3476 -0.3402 0.2125, -0.3755 -0.309 0.2125, -0.4007 -0.2756 0.2125, -0.4229 -0.2402 0.2125, 0.4751 0.1038 0.2125, 0.4645 0.1443 0.2125, 0.4503 0.1837 0.2125, 0.4329 0.2217 0.2125, 0.4122 0.2581 0.2125, 0.3885 0.2926 0.2125, 0.3619 0.3249 0.2125, 0.3326 0.3548 0.2125, 0.3009 0.3821 0.2125, 0.2669 0.4066 0.2125, 0.231 0.428 0.2125, 0.1933 0.4463 0.2125, 0.1543 0.4612 0.2125, 0.114 0.4728 0.2125, 0.073 0.4809 0.2125, 0.0314 0.4853 0.2125, -0.0105 0.4862 0.2125, -0.0522 0.4835 0.2125, -0.0936 0.4773 0.2125, -0.1343 0.4675 0.2125, -0.174 0.4542 0.2125, -0.2124 0.4375 0.2125, -0.2492 0.4177 0.2125, -0.2842 0.3947 0.2125, -0.3171 0.3688 0.2125, -0.3476 0.3402 0.2125, -0.3755 0.309 0.2125, -0.4007 0.2756 0.2125, -0.4229 0.2402 0.2125, -0.442 0.2029 0.2125, -0.4578 0.1642 0.2125, -0.4702 0.1242 0.2125, -0.4792 0.0833 0.2125, -0.4846 0.0418 0.2125, -0.4864 0.0 0.2125, 0.4149 -0.2598 0.2165, 0.391 -0.2945 0.2165, 0.3642 -0.327 0.2165, 0.3348 -0.3571 0.2165, 0.3028 -0.3846 0.2165, 0.2687 -0.4092 0.2165, 0.2325 -0.4308 0.2165, 0.1946 -0.4491 0.2165, 0.1553 -0.4642 0.2165, 0.1148 -0.4758 0.2165, 0.0735 -0.4839 0.2165, 0.0316 -0.4885 0.2165, -0.0105 -0.4894 0.2165, -0.0526 -0.4867 0.2165, -0.0942 -0.4803 0.2165, -0.1351 -0.4705 0.2165, -0.1751 -0.4571 0.2165, -0.2137 -0.4404 0.2165, -0.2508 -0.4204 0.2165, -0.286 -0.3972 0.2165, -0.3191 -0.3712 0.2165, -0.3498 -0.3424 0.2165, -0.378 -0.311 0.2165, -0.4033 -0.2774 0.2165, -0.4257 -0.2417 0.2165, 0.4782 0.1045 0.2165, 0.4674 0.1452 0.2165, 0.4532 0.1849 0.2165, 0.4357 0.2232 0.2165, 0.4149 0.2598 0.2165, 0.391 0.2945 0.2165, 0.3642 0.327 0.2165, 0.3348 0.3571 0.2165, 0.3028 0.3846 0.2165, 0.2687 0.4092 0.2165, 0.2325 0.4308 0.2165, 0.1946 0.4491 0.2165, 0.1553 0.4642 0.2165, 0.1148 0.4758 0.2165, 0.0735 0.4839 0.2165, 0.0316 0.4885 0.2165, -0.0105 0.4894 0.2165, -0.0526 0.4867 0.2165, -0.0942 0.4803 0.2165, -0.1351 0.4705 0.2165, -0.1751 0.4571 0.2165, -0.2137 0.4404 0.2165, -0.2508 0.4204 0.2165, -0.286 0.3972 0.2165, -0.3191 0.3712 0.2165, -0.3498 0.3424 0.2165, -0.378 0.311 0.2165, -0.4033 0.2774 0.2165, -0.4257 0.2417 0.2165, -0.4449 0.2042 0.2165, -0.4608 0.1652 0.2165, -0.4733 0.125 0.2165, -0.4823 0.0838 0.2165, -0.4877 0.0421 0.2165, -0.4895 0.0 0.2165, 0.4165 -0.2608 0.2213, 0.3926 -0.2957 0.2213, 0.3657 -0.3283 0.2213, 0.3361 -0.3585 0.2213, 0.304 -0.3861 0.2213, 0.2697 -0.4108 0.2213, 0.2334 -0.4325 0.2213, 0.1954 -0.451 0.2213, 0.1559 -0.4661 0.2213, 0.1152 -0.4778 0.2213, 0.0737 -0.4859 0.2213, 0.0317 -0.4904 0.2213, -0.0106 -0.4913 0.2213, -0.0528 -0.4886 0.2213, -0.0946 -0.4823 0.2213, -0.1357 -0.4724 0.2213, -0.1758 -0.4589 0.2213, -0.2146 -0.4421 0.2213, -0.2518 -0.422 0.2213, -0.2872 -0.3988 0.2213, -0.3204 -0.3727 0.2213, -0.3512 -0.3438 0.2213, -0.3795 -0.3123 0.2213, -0.4049 -0.2785 0.2213, -0.4274 -0.2427 0.2213, 0.4801 0.1049 0.2213, 0.4693 0.1458 0.2213, 0.4551 0.1856 0.2213, 0.4374 0.2241 0.2213, 0.4165 0.2608 0.2213, 0.3926 0.2957 0.2213, 0.3657 0.3283 0.2213, 0.3361 0.3585 0.2213, 0.304 0.3861 0.2213, 0.2697 0.4108 0.2213, 0.2334 0.4325 0.2213, 0.1954 0.451 0.2213, 0.1559 0.4661 0.2213, 0.1152 0.4778 0.2213, 0.0737 0.4859 0.2213, 0.0317 0.4904 0.2213, -0.0106 0.4913 0.2213, -0.0528 0.4886 0.2213, -0.0946 0.4823 0.2213, -0.1357 0.4724 0.2213, -0.1758 0.4589 0.2213, -0.2146 0.4421 0.2213, -0.2518 0.422 0.2213, -0.2872 0.3988 0.2213, -0.3204 0.3727 0.2213, -0.3512 0.3438 0.2213, -0.3795 0.3123 0.2213, -0.4049 0.2785 0.2213, -0.4274 0.2427 0.2213, -0.4466 0.205 0.2213, -0.4626 0.1659 0.2213, -0.4752 0.1255 0.2213, -0.4842 0.0842 0.2213, -0.4896 0.0422 0.2213, -0.4915 0.0 0.2213, 0.4171 -0.2612 0.2264, 0.3931 -0.2961 0.2264, 0.3662 -0.3288 0.2264, 0.3366 -0.359 0.2264, 0.3045 -0.3866 0.2264, 0.2701 -0.4114 0.2264, 0.2337 -0.4331 0.2264, 0.1956 -0.4516 0.2264, 0.1561 -0.4667 0.2264, 0.1154 -0.4784 0.2264, 0.0738 -0.4866 0.2264, 0.0317 -0.4911 0.2264, -0.0106 -0.492 0.2264, -0.0528 -0.4893 0.2264, -0.0947 -0.4829 0.2264, -0.1359 -0.473 0.2264, -0.176 -0.4596 0.2264, -0.2149 -0.4427 0.2264, -0.2522 -0.4226 0.2264, -0.2875 -0.3994 0.2264, -0.3208 -0.3732 0.2264, -0.3517 -0.3442 0.2264, -0.38 -0.3127 0.2264, -0.4055 -0.2789 0.2264, -0.4279 -0.243 0.2264, 0.4808 0.1051 0.2264, 0.47 0.146 0.2264, 0.4557 0.1859 0.2264, 0.438 0.2244 0.2264, 0.4171 0.2612 0.2264, 0.3931 0.2961 0.2264, 0.3662 0.3288 0.2264, 0.3366 0.359 0.2264, 0.3045 0.3866 0.2264, 0.2701 0.4114 0.2264, 0.2337 0.4331 0.2264, 0.1956 0.4516 0.2264, 0.1561 0.4667 0.2264, 0.1154 0.4784 0.2264, 0.0738 0.4866 0.2264, 0.0317 0.4911 0.2264, -0.0106 0.492 0.2264, -0.0528 0.4893 0.2264, -0.0947 0.4829 0.2264, -0.1359 0.473 0.2264, -0.176 0.4596 0.2264, -0.2149 0.4427 0.2264, -0.2522 0.4226 0.2264, -0.2875 0.3994 0.2264, -0.3208 0.3732 0.2264, -0.3517 0.3442 0.2264, -0.38 0.3127 0.2264, -0.4055 0.2789 0.2264, -0.4279 0.243 0.2264, -0.4473 0.2053 0.2264, -0.4632 0.1661 0.2264, -0.4758 0.1257 0.2264, -0.4849 0.0843 0.2264, -0.4903 0.0423 0.2264, -0.4921 0.0 0.2264, 0.4165 -0.2608 0.2315, 0.3926 -0.2957 0.2315, 0.3657 -0.3283 0.2315, 0.3361 -0.3585 0.2315, 0.304 -0.3861 0.2315, 0.2697 -0.4108 0.2315, 0.2334 -0.4325 0.2315, 0.1954 -0.451 0.2315, 0.1559 -0.4661 0.2315, 0.1152 -0.4778 0.2315, 0.0737 -0.4859 0.2315, 0.0317 -0.4904 0.2315, -0.0106 -0.4913 0.2315, -0.0528 -0.4886 0.2315, -0.0946 -0.4823 0.2315, -0.1357 -0.4724 0.2315, -0.1758 -0.4589 0.2315, -0.2146 -0.4421 0.2315, -0.2518 -0.422 0.2315, -0.2872 -0.3988 0.2315, -0.3204 -0.3727 0.2315, -0.3512 -0.3438 0.2315, -0.3795 -0.3123 0.2315, -0.4049 -0.2785 0.2315, -0.4274 -0.2427 0.2315, 0.4801 0.1049 0.2315, 0.4693 0.1458 0.2315, 0.4551 0.1856 0.2315, 0.4374 0.2241 0.2315, 0.4165 0.2608 0.2315, 0.3926 0.2957 0.2315, 0.3657 0.3283 0.2315, 0.3361 0.3585 0.2315, 0.304 0.3861 0.2315, 0.2697 0.4108 0.2315, 0.2334 0.4325 0.2315, 0.1954 0.451 0.2315, 0.1559 0.4661 0.2315, 0.1152 0.4778 0.2315, 0.0737 0.4859 0.2315, 0.0317 0.4904 0.2315, -0.0106 0.4913 0.2315, -0.0528 0.4886 0.2315, -0.0946 0.4823 0.2315, -0.1357 0.4724 0.2315, -0.1758 0.4589 0.2315, -0.2146 0.4421 0.2315, -0.2518 0.422 0.2315, -0.2872 0.3988 0.2315, -0.3204 0.3727 0.2315, -0.3512 0.3438 0.2315, -0.3795 0.3123 0.2315, -0.4049 0.2785 0.2315, -0.4274 0.2427 0.2315, -0.4466 0.205 0.2315, -0.4626 0.1659 0.2315, -0.4752 0.1255 0.2315, -0.4842 0.0842 0.2315, -0.4896 0.0422 0.2315, -0.4915 0.0 0.2315, 0.4149 -0.2598 0.2362, 0.391 -0.2945 0.2362, 0.3642 -0.327 0.2362, 0.3348 -0.3571 0.2362, 0.3028 -0.3846 0.2362, 0.2687 -0.4092 0.2362, 0.2325 -0.4308 0.2362, 0.1946 -0.4491 0.2362, 0.1553 -0.4642 0.2362, 0.1148 -0.4758 0.2362, 0.0735 -0.4839 0.2362, 0.0316 -0.4885 0.2362, -0.0105 -0.4894 0.2362, -0.0526 -0.4867 0.2362, -0.0942 -0.4803 0.2362, -0.1351 -0.4705 0.2362, -0.1751 -0.4571 0.2362, -0.2137 -0.4404 0.2362, -0.2508 -0.4204 0.2362, -0.286 -0.3972 0.2362, -0.3191 -0.3712 0.2362, -0.3498 -0.3424 0.2362, -0.378 -0.311 0.2362, -0.4033 -0.2774 0.2362, -0.4257 -0.2417 0.2362, 0.4782 0.1045 0.2362, 0.4674 0.1452 0.2362, 0.4532 0.1849 0.2362, 0.4357 0.2232 0.2362, 0.4149 0.2598 0.2362, 0.391 0.2945 0.2362, 0.3642 0.327 0.2362, 0.3348 0.3571 0.2362, 0.3028 0.3846 0.2362, 0.2687 0.4092 0.2362, 0.2325 0.4308 0.2362, 0.1946 0.4491 0.2362, 0.1553 0.4642 0.2362, 0.1148 0.4758 0.2362, 0.0735 0.4839 0.2362, 0.0316 0.4885 0.2362, -0.0105 0.4894 0.2362, -0.0526 0.4867 0.2362, -0.0942 0.4803 0.2362, -0.1351 0.4705 0.2362, -0.1751 0.4571 0.2362, -0.2137 0.4404 0.2362, -0.2508 0.4204 0.2362, -0.286 0.3972 0.2362, -0.3191 0.3712 0.2362, -0.3498 0.3424 0.2362, -0.378 0.311 0.2362, -0.4033 0.2774 0.2362, -0.4257 0.2417 0.2362, -0.4449 0.2042 0.2362, -0.4608 0.1652 0.2362, -0.4733 0.125 0.2362, -0.4823 0.0838 0.2362, -0.4877 0.0421 0.2362, -0.4895 0.0 0.2362, 0.4329 -0.2217 0.2403, 0.4122 -0.2581 0.2403, 0.3885 -0.2926 0.2403, 0.3619 -0.3249 0.2403, 0.3326 -0.3548 0.2403, 0.3009 -0.3821 0.2403, 0.2669 -0.4066 0.2403, 0.231 -0.428 0.2403, 0.1933 -0.4463 0.2403, 0.1543 -0.4612 0.2403, 0.114 -0.4728 0.2403, 0.073 -0.4809 0.2403, 0.0314 -0.4853 0.2403, -0.0105 -0.4862 0.2403, -0.0522 -0.4835 0.2403, -0.0936 -0.4773 0.2403, -0.1343 -0.4675 0.2403, -0.174 -0.4542 0.2403, -0.2124 -0.4375 0.2403, -0.2492 -0.4177 0.2403, -0.2842 -0.3947 0.2403, -0.3171 -0.3688 0.2403, -0.3476 -0.3402 0.2403, -0.3755 -0.309 0.2403, -0.4007 -0.2756 0.2403, -0.4229 -0.2402 0.2403, 0.4751 0.1038 0.2403, 0.4645 0.1443 0.2403, 0.4503 0.1837 0.2403, 0.4329 0.2217 0.2403, 0.4122 0.2581 0.2403, 0.3885 0.2926 0.2403, 0.3619 0.3249 0.2403, 0.3326 0.3548 0.2403, 0.3009 0.3821 0.2403, 0.2669 0.4066 0.2403, 0.231 0.428 0.2403, 0.1933 0.4463 0.2403, 0.1543 0.4612 0.2403, 0.114 0.4728 0.2403, 0.073 0.4809 0.2403, 0.0314 0.4853 0.2403, -0.0105 0.4862 0.2403, -0.0522 0.4835 0.2403, -0.0936 0.4773 0.2403, -0.1343 0.4675 0.2403, -0.174 0.4542 0.2403, -0.2124 0.4375 0.2403, -0.2492 0.4177 0.2403, -0.2842 0.3947 0.2403, -0.3171 0.3688 0.2403, -0.3476 0.3402 0.2403, -0.3755 0.309 0.2403, -0.4007 0.2756 0.2403, -0.4229 0.2402 0.2403, -0.442 0.2029 0.2403, -0.4578 0.1642 0.2403, -0.4702 0.1242 0.2403, -0.4792 0.0833 0.2403, -0.4846 0.0418 0.2403, -0.4864 0.0 0.2403, 0.4292 -0.2199 0.2434, 0.4088 -0.256 0.2434, 0.3852 -0.2902 0.2434, 0.3589 -0.3222 0.2434, 0.3298 -0.3519 0.2434, 0.2984 -0.3789 0.2434, 0.2647 -0.4032 0.2434, 0.2291 -0.4244 0.2434, 0.1917 -0.4425 0.2434, 0.153 -0.4574 0.2434, 0.1131 -0.4688 0.2434, 0.0724 -0.4768 0.2434, 0.0311 -0.4813 0.2434, -0.0104 -0.4822 0.2434, -0.0518 -0.4795 0.2434, -0.0928 -0.4733 0.2434, -0.1332 -0.4635 0.2434, -0.1725 -0.4504 0.2434, -0.2106 -0.4339 0.2434, -0.2471 -0.4142 0.2434, -0.2818 -0.3914 0.2434, -0.3144 -0.3657 0.2434, -0.3447 -0.3373 0.2434, -0.3724 -0.3065 0.2434, -0.3974 -0.2733 0.2434, -0.4194 -0.2381 0.2434, -0.4383 -0.2012 0.2434, 0.4712 0.103 0.2434, 0.4606 0.1431 0.2434, 0.4466 0.1822 0.2434, 0.4292 0.2199 0.2434, 0.4088 0.256 0.2434, 0.3852 0.2902 0.2434, 0.3589 0.3222 0.2434, 0.3298 0.3519 0.2434, 0.2984 0.3789 0.2434, 0.2647 0.4032 0.2434, 0.2291 0.4244 0.2434, 0.1917 0.4425 0.2434, 0.153 0.4574 0.2434, 0.1131 0.4688 0.2434, 0.0724 0.4768 0.2434, 0.0311 0.4813 0.2434, -0.0104 0.4822 0.2434, -0.0518 0.4795 0.2434, -0.0928 0.4733 0.2434, -0.1332 0.4635 0.2434, -0.1725 0.4504 0.2434, -0.2106 0.4339 0.2434, -0.2471 0.4142 0.2434, -0.2818 0.3914 0.2434, -0.3144 0.3657 0.2434, -0.3447 0.3373 0.2434, -0.3724 0.3065 0.2434, -0.3974 0.2733 0.2434, -0.4194 0.2381 0.2434, -0.4383 0.2012 0.2434, -0.454 0.1628 0.2434, -0.4663 0.1232 0.2434, -0.4752 0.0826 0.2434, -0.4805 0.0415 0.2434, -0.4823 0.0 0.2434, 0.4422 -0.1804 0.2454, 0.425 -0.2177 0.2454, 0.4047 -0.2534 0.2454, 0.3814 -0.2873 0.2454, 0.3553 -0.319 0.2454, 0.3266 -0.3484 0.2454, 0.2954 -0.3752 0.2454, 0.2621 -0.3992 0.2454, 0.2268 -0.4202 0.2454, 0.1898 -0.4382 0.2454, 0.1515 -0.4529 0.2454, 0.112 -0.4642 0.2454, 0.0717 -0.4721 0.2454, 0.0308 -0.4765 0.2454, -0.0103 -0.4774 0.2454, -0.0513 -0.4748 0.2454, -0.0919 -0.4686 0.2454, -0.1318 -0.459 0.2454, -0.1708 -0.4459 0.2454, -0.2085 -0.4296 0.2454, -0.2447 -0.4101 0.2454, -0.279 -0.3875 0.2454, -0.3113 -0.3621 0.2454, -0.3413 -0.334 0.2454, -0.3687 -0.3034 0.2454, -0.3935 -0.2706 0.2454, -0.4153 -0.2358 0.2454, -0.434 -0.1992 0.2454, 0.4665 0.102 0.2454, 0.456 0.1417 0.2454, 0.4422 0.1804 0.2454, 0.425 0.2177 0.2454, 0.4047 0.2534 0.2454, 0.3814 0.2873 0.2454, 0.3553 0.319 0.2454, 0.3266 0.3484 0.2454, 0.2954 0.3752 0.2454, 0.2621 0.3992 0.2454, 0.2268 0.4202 0.2454, 0.1898 0.4382 0.2454, 0.1515 0.4529 0.2454, 0.112 0.4642 0.2454, 0.0717 0.4721 0.2454, 0.0308 0.4765 0.2454, -0.0103 0.4774 0.2454, -0.0513 0.4748 0.2454, -0.0919 0.4686 0.2454, -0.1318 0.459 0.2454, -0.1708 0.4459 0.2454, -0.2085 0.4296 0.2454, -0.2447 0.4101 0.2454, -0.279 0.3875 0.2454, -0.3113 0.3621 0.2454, -0.3413 0.334 0.2454, -0.3687 0.3034 0.2454, -0.3935 0.2706 0.2454, -0.4153 0.2358 0.2454, -0.434 0.1992 0.2454, -0.4495 0.1612 0.2454, -0.4617 0.1219 0.2454, -0.4705 0.0818 0.2454, -0.4758 0.0411 0.2454, -0.4775 0.0 0.2454, 0.4512 -0.1402 0.2461, 0.4374 -0.1784 0.2461, 0.4205 -0.2154 0.2461, 0.4004 -0.2507 0.2461, 0.3774 -0.2842 0.2461, 0.3515 -0.3156 0.2461, 0.3231 -0.3447 0.2461, 0.2923 -0.3712 0.2461, 0.2593 -0.3949 0.2461, 0.2244 -0.4158 0.2461, 0.1878 -0.4335 0.2461, 0.1499 -0.448 0.2461, 0.1108 -0.4593 0.2461, 0.0709 -0.4671 0.2461, 0.0305 -0.4715 0.2461, -0.0102 -0.4723 0.2461, -0.0507 -0.4697 0.2461, -0.0909 -0.4636 0.2461, -0.1304 -0.4541 0.2461, -0.169 -0.4412 0.2461, -0.2063 -0.425 0.2461, -0.2421 -0.4057 0.2461, -0.276 -0.3834 0.2461, -0.308 -0.3583 0.2461, -0.3376 -0.3305 0.2461, -0.3648 -0.3002 0.2461, -0.3893 -0.2677 0.2461, -0.4108 -0.2333 0.2461, -0.4294 -0.1971 0.2461, -0.4447 -0.1595 0.2461, 0.4685 0.0608 0.2461, 0.4615 0.1009 0.2461, 0.4512 0.1402 0.2461, 0.4374 0.1784 0.2461, 0.4205 0.2154 0.2461, 0.4004 0.2507 0.2461, 0.3774 0.2842 0.2461, 0.3515 0.3156 0.2461, 0.3231 0.3447 0.2461, 0.2923 0.3712 0.2461, 0.2593 0.3949 0.2461, 0.2244 0.4158 0.2461, 0.1878 0.4335 0.2461, 0.1499 0.448 0.2461, 0.1108 0.4593 0.2461, 0.0709 0.4671 0.2461, 0.0305 0.4715 0.2461, -0.0102 0.4723 0.2461, -0.0507 0.4697 0.2461, -0.0909 0.4636 0.2461, -0.1304 0.4541 0.2461, -0.169 0.4412 0.2461, -0.2063 0.425 0.2461, -0.2421 0.4057 0.2461, -0.276 0.3834 0.2461, -0.308 0.3583 0.2461, -0.3376 0.3305 0.2461, -0.3648 0.3002 0.2461, -0.3893 0.2677 0.2461, -0.4108 0.2333 0.2461, -0.4294 0.1971 0.2461, -0.4447 0.1595 0.2461, -0.4568 0.1206 0.2461, -0.4655 0.0809 0.2461, -0.4707 0.0406 0.2461, 0.4775 0.0 0.2074, 0.4823 0.0 0.2093, 0.4864 0.0 0.2125, 0.4895 0.0 0.2165, 0.4915 0.0 0.2213, 0.4921 0.0 0.2264, 0.4915 0.0 0.2315, 0.4895 0.0 0.2362, 0.4864 0.0 0.2403, 0.4823 0.0 0.2434, 0.4775 0.0 0.2454, 0.4669 0.0201 0.2454, 0.4635 0.0602 0.2454, 0.4566 0.0998 0.2454, 0.4463 0.1387 0.2454, 0.4327 0.1765 0.2454, 0.416 0.2131 0.2454, 0.3961 0.248 0.2454, 0.3733 0.2812 0.2454, 0.3478 0.3122 0.2454, 0.3196 0.341 0.2454, 0.2891 0.3672 0.2454, 0.2565 0.3907 0.2454, 0.222 0.4113 0.2454, 0.1858 0.4288 0.2454, 0.1482 0.4432 0.2454, 0.1096 0.4543 0.2454, 0.0701 0.4621 0.2454, 0.0301 0.4664 0.2454, -0.0101 0.4672 0.2454, -0.0502 0.4646 0.2454, -0.0899 0.4586 0.2454, -0.129 0.4492 0.2454, -0.1672 0.4364 0.2454, -0.2041 0.4204 0.2454, -0.2395 0.4013 0.2454, -0.2731 0.3793 0.2454, -0.3047 0.3544 0.2454, -0.334 0.3269 0.2454, -0.3609 0.297 0.2454, -0.3851 0.2648 0.2454, -0.4064 0.2308 0.2454, -0.4247 0.195 0.2454, -0.4399 0.1577 0.2454, -0.4519 0.1193 0.2454, -0.4604 0.0801 0.2454, -0.4656 0.0402 0.2454, -0.4673 0.0 0.2454, -0.4656 -0.0402 0.2454, -0.4604 -0.0801 0.2454, -0.4519 -0.1193 0.2454, -0.4399 -0.1577 0.2454, -0.4247 -0.195 0.2454, -0.4064 -0.2308 0.2454, -0.3851 -0.2648 0.2454, -0.3609 -0.297 0.2454, -0.334 -0.3269 0.2454, -0.3047 -0.3544 0.2454, -0.2731 -0.3793 0.2454, -0.2395 -0.4013 0.2454, -0.2041 -0.4204 0.2454, -0.1672 -0.4364 0.2454, -0.129 -0.4492 0.2454, -0.0899 -0.4586 0.2454, -0.0502 -0.4646 0.2454, -0.0101 -0.4672 0.2454, 0.0301 -0.4664 0.2454, 0.0701 -0.4621 0.2454, 0.1096 -0.4543 0.2454, 0.1482 -0.4432 0.2454, 0.1858 -0.4288 0.2454, 0.222 -0.4113 0.2454, 0.2565 -0.3907 0.2454, 0.2891 -0.3672 0.2454, 0.3196 -0.341 0.2454, 0.3478 -0.3122 0.2454, 0.3733 -0.2812 0.2454, 0.3961 -0.248 0.2454, 0.416 -0.2131 0.2454, 0.4327 -0.1765 0.2454, 0.4463 -0.1387 0.2454, 0.4566 -0.0998 0.2454, 0.4635 -0.0602 0.2454, 0.4669 -0.0201 0.2454, -0.4609 0.0398 0.2434, -0.4558 0.0792 0.2434, -0.4473 0.1181 0.2434, -0.4355 0.1561 0.2434, -0.4204 0.193 0.2434, -0.4023 0.2284 0.2434, -0.3811 0.2622 0.2434, -0.3572 0.2939 0.2434, -0.3306 0.3236 0.2434, -0.3016 0.3508 0.2434, -0.2703 0.3754 0.2434, -0.237 0.3973 0.2434, -0.202 0.4162 0.2434, -0.1655 0.432 0.2434, -0.1277 0.4446 0.2434, -0.089 0.454 0.2434, -0.0497 0.4599 0.2434, -0.01 0.4625 0.2434, 0.0298 0.4616 0.2434, 0.0694 0.4574 0.2434, 0.1085 0.4497 0.2434, 0.1467 0.4387 0.2434, 0.1839 0.4245 0.2434, 0.2197 0.4071 0.2434, 0.2539 0.3867 0.2434, 0.2862 0.3634 0.2434, 0.3164 0.3375 0.2434, 0.3442 0.309 0.2434, 0.3695 0.2783 0.2434, 0.3921 0.2455 0.2434, 0.4117 0.2109 0.2434, 0.4283 0.1747 0.2434, 0.4418 0.1373 0.2434, 0.4519 0.0988 0.2434, 0.4587 0.0596 0.2434, 0.4622 0.0199 0.2434, 0.4622 -0.0199 0.2434, 0.4587 -0.0596 0.2434, 0.4519 -0.0988 0.2434, 0.4418 -0.1373 0.2434, 0.4283 -0.1747 0.2434, 0.4117 -0.2109 0.2434, 0.3921 -0.2455 0.2434, 0.3695 -0.2783 0.2434, 0.3442 -0.309 0.2434, 0.3164 -0.3375 0.2434, 0.2862 -0.3634 0.2434, 0.2539 -0.3867 0.2434, 0.2197 -0.4071 0.2434, 0.1839 -0.4245 0.2434, 0.1467 -0.4387 0.2434, 0.1085 -0.4497 0.2434, 0.0694 -0.4574 0.2434, 0.0298 -0.4616 0.2434, -0.01 -0.4625 0.2434, -0.0497 -0.4599 0.2434, -0.089 -0.454 0.2434, -0.1277 -0.4446 0.2434, -0.1655 -0.432 0.2434, -0.202 -0.4162 0.2434, -0.237 -0.3973 0.2434, -0.2703 -0.3754 0.2434, -0.3016 -0.3508 0.2434, -0.3306 -0.3236 0.2434, -0.3572 -0.2939 0.2434, -0.3811 -0.2622 0.2434, -0.4023 -0.2284 0.2434, -0.4204 -0.193 0.2434, -0.4355 -0.1561 0.2434, -0.4473 -0.1181 0.2434, -0.4558 -0.0792 0.2434, -0.4609 -0.0398 0.2434, -0.4626 0.0 0.2434, -0.4568 0.0394 0.2403, -0.4517 0.0785 0.2403, -0.4433 0.1171 0.2403, -0.4316 0.1548 0.2403, -0.4167 0.1913 0.2403, -0.3987 0.2264 0.2403, -0.3778 0.2598 0.2403, -0.3541 0.2914 0.2403, -0.3277 0.3207 0.2403, -0.2989 0.3477 0.2403, -0.2679 0.3721 0.2403, -0.2349 0.3938 0.2403, -0.2002 0.4125 0.2403, -0.164 0.4282 0.2403, -0.1266 0.4407 0.2403, -0.0882 0.45 0.2403, -0.0492 0.4559 0.2403, -0.0099 0.4584 0.2403, 0.0296 0.4576 0.2403, 0.0688 0.4533 0.2403, 0.1075 0.4457 0.2403, 0.1454 0.4348 0.2403, 0.1823 0.4207 0.2403, 0.2178 0.4035 0.2403, 0.2517 0.3833 0.2403, 0.2837 0.3602 0.2403, 0.3136 0.3345 0.2403, 0.3412 0.3063 0.2403, 0.3663 0.2759 0.2403, 0.3886 0.2434 0.2403, 0.4081 0.209 0.2403, 0.4246 0.1732 0.2403, 0.4379 0.136 0.2403, 0.4479 0.0979 0.2403, 0.4547 0.059 0.2403, 0.4581 0.0197 0.2403, 0.4581 -0.0197 0.2403, 0.4547 -0.059 0.2403, 0.4479 -0.0979 0.2403, 0.4379 -0.136 0.2403, 0.4246 -0.1732 0.2403, 0.4081 -0.209 0.2403, 0.3886 -0.2434 0.2403, 0.3663 -0.2759 0.2403, 0.3412 -0.3063 0.2403, 0.3136 -0.3345 0.2403, 0.2837 -0.3602 0.2403, 0.2517 -0.3833 0.2403, 0.2178 -0.4035 0.2403, 0.1823 -0.4207 0.2403, 0.1454 -0.4348 0.2403, 0.1075 -0.4457 0.2403, 0.0688 -0.4533 0.2403, 0.0296 -0.4576 0.2403, -0.0099 -0.4584 0.2403, -0.0492 -0.4559 0.2403, -0.0882 -0.45 0.2403, -0.1266 -0.4407 0.2403, -0.164 -0.4282 0.2403, -0.2002 -0.4125 0.2403, -0.2349 -0.3938 0.2403, -0.2679 -0.3721 0.2403, -0.2989 -0.3477 0.2403, -0.3277 -0.3207 0.2403, -0.3541 -0.2914 0.2403, -0.3778 -0.2598 0.2403, -0.3987 -0.2264 0.2403, -0.4167 -0.1913 0.2403, -0.4316 -0.1548 0.2403, -0.4433 -0.1171 0.2403, -0.4517 -0.0785 0.2403, -0.4568 -0.0394 0.2403, -0.4585 0.0 0.2403, -0.4537 0.0391 0.2362, -0.4487 0.078 0.2362, -0.4403 0.1163 0.2362, -0.4287 0.1537 0.2362, -0.4139 0.19 0.2362, -0.396 0.2249 0.2362, -0.3752 0.2581 0.2362, -0.3516 0.2894 0.2362, -0.3255 0.3185 0.2362, -0.2969 0.3453 0.2362, -0.2661 0.3696 0.2362, -0.2333 0.3911 0.2362, -0.1988 0.4097 0.2362, -0.1629 0.4253 0.2362, -0.1257 0.4377 0.2362, -0.0876 0.4469 0.2362, -0.0489 0.4528 0.2362, -0.0098 0.4553 0.2362, 0.0294 0.4544 0.2362, 0.0683 0.4502 0.2362, 0.1068 0.4427 0.2362, 0.1444 0.4319 0.2362, 0.181 0.4179 0.2362, 0.2163 0.4008 0.2362, 0.2499 0.3807 0.2362, 0.2817 0.3578 0.2362, 0.3115 0.3322 0.2362, 0.3389 0.3042 0.2362, 0.3638 0.274 0.2362, 0.386 0.2417 0.2362, 0.4053 0.2076 0.2362, 0.4217 0.172 0.2362, 0.4349 0.1351 0.2362, 0.4449 0.0972 0.2362, 0.4516 0.0586 0.2362, 0.455 0.0196 0.2362, 0.455 -0.0196 0.2362, 0.4516 -0.0586 0.2362, 0.4449 -0.0972 0.2362, 0.4349 -0.1351 0.2362, 0.4217 -0.172 0.2362, 0.4053 -0.2076 0.2362, 0.386 -0.2417 0.2362, 0.3638 -0.274 0.2362, 0.3389 -0.3042 0.2362, 0.3115 -0.3322 0.2362, 0.2817 -0.3578 0.2362, 0.2499 -0.3807 0.2362, 0.2163 -0.4008 0.2362, 0.181 -0.4179 0.2362, 0.1444 -0.4319 0.2362, 0.1068 -0.4427 0.2362, 0.0683 -0.4502 0.2362, 0.0294 -0.4544 0.2362, -0.0098 -0.4553 0.2362, -0.0489 -0.4528 0.2362, -0.0876 -0.4469 0.2362, -0.1257 -0.4377 0.2362, -0.1629 -0.4253 0.2362, -0.1988 -0.4097 0.2362, -0.2333 -0.3911 0.2362, -0.2661 -0.3696 0.2362, -0.2969 -0.3453 0.2362, -0.3255 -0.3185 0.2362, -0.3516 -0.2894 0.2362, -0.3752 -0.2581 0.2362, -0.396 -0.2249 0.2362, -0.4139 -0.19 0.2362, -0.4287 -0.1537 0.2362, -0.4403 -0.1163 0.2362, -0.4487 -0.078 0.2362, -0.4537 -0.0391 0.2362, -0.4554 0.0 0.2362, -0.4517 0.039 0.2315, -0.4467 0.0777 0.2315, -0.4384 0.1158 0.2315, -0.4268 0.153 0.2315, -0.4121 0.1892 0.2315, -0.3943 0.2239 0.2315, -0.3736 0.257 0.2315, -0.3501 0.2881 0.2315, -0.3241 0.3172 0.2315, -0.2956 0.3438 0.2315, -0.2649 0.368 0.2315, -0.2323 0.3894 0.2315, -0.198 0.4079 0.2315, -0.1622 0.4234 0.2315, -0.1252 0.4358 0.2315, -0.0873 0.445 0.2315, -0.0487 0.4508 0.2315, -0.0098 0.4533 0.2315, 0.0292 0.4525 0.2315, 0.068 0.4483 0.2315, 0.1063 0.4408 0.2315, 0.1438 0.43 0.2315, 0.1803 0.4161 0.2315, 0.2154 0.399 0.2315, 0.2489 0.379 0.2315, 0.2805 0.3562 0.2315, 0.3101 0.3308 0.2315, 0.3374 0.3029 0.2315, 0.3622 0.2728 0.2315, 0.3843 0.2406 0.2315, 0.4036 0.2067 0.2315, 0.4198 0.1713 0.2315, 0.433 0.1345 0.2315, 0.443 0.0968 0.2315, 0.4497 0.0584 0.2315, 0.453 0.0195 0.2315, 0.453 -0.0195 0.2315, 0.4497 -0.0584 0.2315, 0.443 -0.0968 0.2315, 0.433 -0.1345 0.2315, 0.4198 -0.1713 0.2315, 0.4036 -0.2067 0.2315, 0.3843 -0.2406 0.2315, 0.3622 -0.2728 0.2315, 0.3374 -0.3029 0.2315, 0.3101 -0.3308 0.2315, 0.2805 -0.3562 0.2315, 0.2489 -0.379 0.2315, 0.2154 -0.399 0.2315, 0.1803 -0.4161 0.2315, 0.1438 -0.43 0.2315, 0.1063 -0.4408 0.2315, 0.068 -0.4483 0.2315, 0.0292 -0.4525 0.2315, -0.0098 -0.4533 0.2315, -0.0487 -0.4508 0.2315, -0.0873 -0.445 0.2315, -0.1252 -0.4358 0.2315, -0.1622 -0.4234 0.2315, -0.198 -0.4079 0.2315, -0.2323 -0.3894 0.2315, -0.2649 -0.368 0.2315, -0.2956 -0.3438 0.2315, -0.3241 -0.3172 0.2315, -0.3501 -0.2881 0.2315, -0.3736 -0.257 0.2315, -0.3943 -0.2239 0.2315, -0.4121 -0.1892 0.2315, -0.4268 -0.153 0.2315, -0.4384 -0.1158 0.2315, -0.4467 -0.0777 0.2315, -0.4517 -0.039 0.2315, -0.4534 0.0 0.2315
            ]
        }
        coordIndex [
            0,1,2,-1,1,3,4,-1,3,5,6,-1,5,7,8,-1,7,9,10,-1,9,11,12,-1,11,13,14,-1,13,15,16,-1,15,17,18,-1,17,19,20,-1,19,21,22,-1,21,23,24,-1,25,26,27,-1,26,28,29,-1,28,30,31,-1,30,32,33,-1,32,34,35,-1,36,37,38,-1,39,40,41,-1,42,43,44,-1,45,46,47,-1,48,49,50,-1,51,52,53,-1,53,52,54,-1,53,54,50,-1,50,54,55,-1,50,55,48,-1,51,53,56,-1,56,53,57,-1,56,57,58,-1,58,59,60,-1,60,59,61,-1,61,59,62,-1,62,59,63,-1,62,63,64,-1,65,66,67,-1,67,66,68,-1,67,68,64,-1,65,67,69,-1,69,67,70,-1,69,70,71,-1,72,73,74,-1,74,73,75,-1,74,75,71,-1,72,76,77,-1,77,76,78,-1,78,76,79,-1,79,76,80,-1,79,80,46,-1,81,82,47,-1,81,47,43,-1,82,83,47,-1,47,83,84,-1,47,84,45,-1,85,86,87,-1,87,86,88,-1,87,88,89,-1,89,90,87,-1,87,90,91,-1,87,91,42,-1,40,92,41,-1,41,92,93,-1,41,93,94,-1,94,93,95,-1,94,95,85,-1,39,96,97,-1,97,96,98,-1,99,100,101,-1,101,100,102,-1,101,102,103,-1,103,102,104,-1,103,104,98,-1,105,106,107,-1,107,106,108,-1,107,108,109,-1,109,108,110,-1,109,110,111,-1,112,113,114,-1,114,113,115,-1,114,115,105,-1,116,117,112,-1,112,117,118,-1,118,119,112,-1,112,119,120,-1,112,120,113,-1,121,122,116,-1,116,122,123,-1,116,123,117,-1,124,125,126,-1,126,127,124,-1,124,127,128,-1,124,128,129,-1,125,124,130,-1,130,124,131,-1,130,131,132,-1,133,134,131,-1,131,134,135,-1,131,135,132,-1,136,137,138,-1,139,140,141,-1,141,142,139,-1,139,142,143,-1,139,143,136,-1,136,143,144,-1,136,144,137,-1,38,37,145,-1,145,37,146,-1,145,146,147,-1,148,149,150,-1,150,149,151,-1,150,151,152,-1,153,154,155,-1,155,154,156,-1,157,158,159,-1,159,158,160,-1,159,160,161,-1,162,163,164,-1,164,163,165,-1,165,166,164,-1,164,166,167,-1,164,167,168,-1,169,170,171,-1,171,170,172,-1,173,174,175,-1,175,174,176,-1,175,176,177,-1,178,179,180,-1,180,179,181,-1,180,181,182,-1,183,184,185,-1,186,187,184,-1,184,187,188,-1,184,188,185,-1,189,190,191,-1,189,191,192,-1,193,194,189,-1,189,194,195,-1,189,195,190,-1,193,196,197,-1,197,198,193,-1,193,198,199,-1,193,199,194,-1,200,201,202,-1,32,35,33,-1,33,35,203,-1,33,203,204,-1,204,203,205,-1,204,205,206,-1,206,205,207,-1,206,207,208,-1,208,207,209,-1,208,209,210,-1,210,209,211,-1,210,211,212,-1,212,211,213,-1,212,213,214,-1,214,213,215,-1,214,215,216,-1,216,215,217,-1,216,217,218,-1,218,217,219,-1,218,219,220,-1,220,219,221,-1,220,221,222,-1,222,221,223,-1,222,223,224,-1,224,223,225,-1,224,225,226,-1,226,225,227,-1,226,227,228,-1,228,227,229,-1,228,229,230,-1,230,229,231,-1,230,231,232,-1,232,231,233,-1,232,233,234,-1,234,233,235,-1,234,235,236,-1,236,235,237,-1,236,237,238,-1,238,237,239,-1,238,239,240,-1,240,239,241,-1,240,241,242,-1,242,241,243,-1,242,243,244,-1,244,243,245,-1,244,245,246,-1,246,245,247,-1,246,247,248,-1,248,247,249,-1,248,249,250,-1,250,249,251,-1,250,251,252,-1,252,251,253,-1,252,253,254,-1,254,253,255,-1,254,255,256,-1,256,255,257,-1,256,257,258,-1,258,257,259,-1,258,259,260,-1,260,259,261,-1,260,261,262,-1,262,261,263,-1,262,263,264,-1,200,202,265,-1,265,202,266,-1,265,266,267,-1,267,266,268,-1,267,268,269,-1,269,268,270,-1,269,270,271,-1,271,270,272,-1,271,272,273,-1,273,272,274,-1,273,274,275,-1,275,274,276,-1,275,276,277,-1,277,276,278,-1,277,278,279,-1,279,278,280,-1,279,280,281,-1,281,280,282,-1,281,282,283,-1,283,282,284,-1,283,284,285,-1,285,284,286,-1,285,286,287,-1,287,286,288,-1,287,288,289,-1,289,288,290,-1,289,290,291,-1,291,290,292,-1,291,292,293,-1,293,292,294,-1,293,294,295,-1,295,294,296,-1,295,296,297,-1,297,296,298,-1,297,298,299,-1,299,298,300,-1,299,300,301,-1,301,300,302,-1,301,302,303,-1,303,302,304,-1,303,304,305,-1,305,304,306,-1,305,306,307,-1,307,306,308,-1,307,308,309,-1,309,308,310,-1,309,310,311,-1,311,310,312,-1,311,312,313,-1,313,312,314,-1,313,314,315,-1,315,314,316,-1,315,316,317,-1,317,316,318,-1,317,318,319,-1,319,318,320,-1,319,320,321,-1,321,320,322,-1,321,322,323,-1,323,322,324,-1,323,324,325,-1,325,324,326,-1,325,326,327,-1,327,326,328,-1,327,328,329,-1,329,328,330,-1,329,330,331,-1,331,330,332,-1,331,332,333,-1,333,332,334,-1,333,334,335,-1,335,334,336,-1,335,336,337,-1,337,336,338,-1,337,338,339,-1,339,338,340,-1,339,340,341,-1,201,342,343,-1,30,33,31,-1,31,33,204,-1,31,204,344,-1,344,204,206,-1,344,206,345,-1,345,206,208,-1,345,208,346,-1,346,208,210,-1,346,210,347,-1,347,210,212,-1,347,212,348,-1,348,212,214,-1,348,214,349,-1,349,214,216,-1,349,216,350,-1,350,216,218,-1,350,218,351,-1,351,218,220,-1,351,220,352,-1,352,220,222,-1,352,222,353,-1,353,222,224,-1,353,224,354,-1,354,224,226,-1,354,226,355,-1,355,226,228,-1,355,228,356,-1,356,228,230,-1,356,230,357,-1,357,230,232,-1,357,232,358,-1,358,232,234,-1,358,234,359,-1,359,234,236,-1,359,236,360,-1,360,236,238,-1,360,238,361,-1,361,238,240,-1,361,240,362,-1,362,240,242,-1,362,242,363,-1,363,242,244,-1,363,244,364,-1,364,244,246,-1,364,246,365,-1,365,246,248,-1,365,248,366,-1,366,248,250,-1,366,250,367,-1,367,250,252,-1,367,252,368,-1,368,252,254,-1,368,254,369,-1,369,254,256,-1,369,256,370,-1,370,256,258,-1,370,258,371,-1,371,258,260,-1,371,260,372,-1,372,260,262,-1,372,262,373,-1,373,262,264,-1,373,264,374,-1,201,343,202,-1,202,343,375,-1,202,375,266,-1,266,375,376,-1,266,376,268,-1,268,376,377,-1,268,377,270,-1,270,377,378,-1,270,378,272,-1,272,378,379,-1,272,379,274,-1,274,379,380,-1,274,380,276,-1,276,380,381,-1,276,381,278,-1,278,381,382,-1,278,382,280,-1,280,382,383,-1,280,383,282,-1,282,383,384,-1,282,384,284,-1,284,384,385,-1,284,385,286,-1,286,385,386,-1,286,386,288,-1,288,386,387,-1,288,387,290,-1,290,387,388,-1,290,388,292,-1,292,388,389,-1,292,389,294,-1,294,389,390,-1,294,390,296,-1,296,390,391,-1,296,391,298,-1,298,391,392,-1,298,392,300,-1,300,392,393,-1,300,393,302,-1,302,393,394,-1,302,394,304,-1,304,394,395,-1,304,395,306,-1,306,395,396,-1,306,396,308,-1,308,396,397,-1,308,397,310,-1,310,397,398,-1,310,398,312,-1,312,398,399,-1,312,399,314,-1,314,399,400,-1,314,400,316,-1,316,400,401,-1,316,401,318,-1,318,401,402,-1,318,402,320,-1,320,402,403,-1,320,403,322,-1,322,403,404,-1,322,404,324,-1,324,404,405,-1,324,405,326,-1,326,405,406,-1,326,406,328,-1,328,406,407,-1,328,407,330,-1,330,407,408,-1,330,408,332,-1,332,408,409,-1,332,409,334,-1,334,409,410,-1,334,410,336,-1,336,410,411,-1,336,411,338,-1,338,411,412,-1,338,412,340,-1,342,413,414,-1,28,31,29,-1,29,31,344,-1,29,344,415,-1,415,344,345,-1,415,345,416,-1,416,345,346,-1,416,346,417,-1,417,346,347,-1,417,347,418,-1,418,347,348,-1,418,348,419,-1,419,348,349,-1,419,349,420,-1,420,349,350,-1,420,350,421,-1,421,350,351,-1,421,351,422,-1,422,351,352,-1,422,352,423,-1,423,352,353,-1,423,353,424,-1,424,353,354,-1,424,354,425,-1,425,354,355,-1,425,355,426,-1,426,355,356,-1,426,356,427,-1,427,356,357,-1,427,357,428,-1,428,357,358,-1,428,358,429,-1,429,358,359,-1,429,359,430,-1,430,359,360,-1,430,360,431,-1,431,360,361,-1,431,361,432,-1,432,361,362,-1,432,362,433,-1,433,362,363,-1,433,363,434,-1,434,363,364,-1,434,364,435,-1,435,364,365,-1,435,365,436,-1,436,365,366,-1,436,366,437,-1,437,366,367,-1,437,367,438,-1,438,367,368,-1,438,368,439,-1,439,368,369,-1,439,369,440,-1,440,369,370,-1,440,370,441,-1,441,370,371,-1,441,371,442,-1,442,371,372,-1,442,372,443,-1,443,372,373,-1,443,373,444,-1,444,373,374,-1,444,374,445,-1,342,414,343,-1,343,414,446,-1,343,446,375,-1,375,446,447,-1,375,447,376,-1,376,447,448,-1,376,448,377,-1,377,448,449,-1,377,449,378,-1,378,449,450,-1,378,450,379,-1,379,450,451,-1,379,451,380,-1,380,451,452,-1,380,452,381,-1,381,452,453,-1,381,453,382,-1,382,453,454,-1,382,454,383,-1,383,454,455,-1,383,455,384,-1,384,455,456,-1,384,456,385,-1,385,456,457,-1,385,457,386,-1,386,457,458,-1,386,458,387,-1,387,458,459,-1,387,459,388,-1,388,459,460,-1,388,460,389,-1,389,460,461,-1,389,461,390,-1,390,461,462,-1,390,462,391,-1,391,462,463,-1,391,463,392,-1,392,463,464,-1,392,464,393,-1,393,464,465,-1,393,465,394,-1,394,465,466,-1,394,466,395,-1,395,466,467,-1,395,467,396,-1,396,467,468,-1,396,468,397,-1,397,468,469,-1,397,469,398,-1,398,469,470,-1,398,470,399,-1,399,470,471,-1,399,471,400,-1,400,471,472,-1,400,472,401,-1,401,472,473,-1,401,473,402,-1,402,473,474,-1,402,474,403,-1,403,474,475,-1,403,475,404,-1,404,475,476,-1,404,476,405,-1,405,476,477,-1,405,477,406,-1,406,477,478,-1,406,478,407,-1,407,478,479,-1,407,479,408,-1,408,479,480,-1,408,480,409,-1,409,480,481,-1,409,481,410,-1,410,481,482,-1,410,482,411,-1,411,482,483,-1,411,483,412,-1,413,484,485,-1,26,29,27,-1,27,29,415,-1,27,415,486,-1,486,415,416,-1,486,416,487,-1,487,416,417,-1,487,417,488,-1,488,417,418,-1,488,418,489,-1,489,418,419,-1,489,419,490,-1,490,419,420,-1,490,420,491,-1,491,420,421,-1,491,421,492,-1,492,421,422,-1,492,422,493,-1,493,422,423,-1,493,423,494,-1,494,423,424,-1,494,424,495,-1,495,424,425,-1,495,425,496,-1,496,425,426,-1,496,426,497,-1,497,426,427,-1,497,427,498,-1,498,427,428,-1,498,428,499,-1,499,428,429,-1,499,429,500,-1,500,429,430,-1,500,430,501,-1,501,430,431,-1,501,431,502,-1,502,431,432,-1,502,432,503,-1,503,432,433,-1,503,433,504,-1,504,433,434,-1,504,434,505,-1,505,434,435,-1,505,435,506,-1,506,435,436,-1,506,436,507,-1,507,436,437,-1,507,437,508,-1,508,437,438,-1,508,438,509,-1,509,438,439,-1,509,439,510,-1,510,439,440,-1,510,440,511,-1,511,440,441,-1,511,441,512,-1,512,441,442,-1,512,442,513,-1,513,442,443,-1,513,443,514,-1,514,443,444,-1,514,444,515,-1,515,444,445,-1,515,445,516,-1,413,485,414,-1,414,485,517,-1,414,517,446,-1,446,517,518,-1,446,518,447,-1,447,518,519,-1,447,519,448,-1,448,519,520,-1,448,520,449,-1,449,520,521,-1,449,521,450,-1,450,521,522,-1,450,522,451,-1,451,522,523,-1,451,523,452,-1,452,523,524,-1,452,524,453,-1,453,524,525,-1,453,525,454,-1,454,525,526,-1,454,526,455,-1,455,526,527,-1,455,527,456,-1,456,527,528,-1,456,528,457,-1,457,528,529,-1,457,529,458,-1,458,529,530,-1,458,530,459,-1,459,530,531,-1,459,531,460,-1,460,531,532,-1,460,532,461,-1,461,532,533,-1,461,533,462,-1,462,533,534,-1,462,534,463,-1,463,534,535,-1,463,535,464,-1,464,535,536,-1,464,536,465,-1,465,536,537,-1,465,537,466,-1,466,537,538,-1,466,538,467,-1,467,538,539,-1,467,539,468,-1,468,539,540,-1,468,540,469,-1,469,540,541,-1,469,541,470,-1,470,541,542,-1,470,542,471,-1,471,542,543,-1,471,543,472,-1,472,543,544,-1,472,544,473,-1,473,544,545,-1,473,545,474,-1,474,545,546,-1,474,546,475,-1,475,546,547,-1,475,547,476,-1,476,547,548,-1,476,548,477,-1,477,548,549,-1,477,549,478,-1,478,549,550,-1,478,550,479,-1,479,550,551,-1,479,551,480,-1,480,551,552,-1,480,552,481,-1,481,552,553,-1,481,553,482,-1,482,553,554,-1,482,554,483,-1,484,555,556,-1,25,27,557,-1,557,27,486,-1,557,486,558,-1,558,486,487,-1,558,487,559,-1,559,487,488,-1,559,488,560,-1,560,488,489,-1,560,489,561,-1,561,489,490,-1,561,490,562,-1,562,490,491,-1,562,491,563,-1,563,491,492,-1,563,492,564,-1,564,492,493,-1,564,493,565,-1,565,493,494,-1,565,494,566,-1,566,494,495,-1,566,495,567,-1,567,495,496,-1,567,496,568,-1,568,496,497,-1,568,497,569,-1,569,497,498,-1,569,498,570,-1,570,498,499,-1,570,499,571,-1,571,499,500,-1,571,500,572,-1,572,500,501,-1,572,501,573,-1,573,501,502,-1,573,502,574,-1,574,502,503,-1,574,503,575,-1,575,503,504,-1,575,504,576,-1,576,504,505,-1,576,505,577,-1,577,505,506,-1,577,506,578,-1,578,506,507,-1,578,507,579,-1,579,507,508,-1,579,508,580,-1,580,508,509,-1,580,509,581,-1,581,509,510,-1,581,510,582,-1,582,510,511,-1,582,511,583,-1,583,511,512,-1,583,512,584,-1,584,512,513,-1,584,513,585,-1,585,513,514,-1,585,514,586,-1,586,514,515,-1,586,515,587,-1,587,515,516,-1,587,516,588,-1,484,556,485,-1,485,556,589,-1,485,589,517,-1,517,589,590,-1,517,590,518,-1,518,590,591,-1,518,591,519,-1,519,591,592,-1,519,592,520,-1,520,592,593,-1,520,593,521,-1,521,593,594,-1,521,594,522,-1,522,594,595,-1,522,595,523,-1,523,595,596,-1,523,596,524,-1,524,596,597,-1,524,597,525,-1,525,597,598,-1,525,598,526,-1,526,598,599,-1,526,599,527,-1,527,599,600,-1,527,600,528,-1,528,600,601,-1,528,601,529,-1,529,601,602,-1,529,602,530,-1,530,602,603,-1,530,603,531,-1,531,603,604,-1,531,604,532,-1,532,604,605,-1,532,605,533,-1,533,605,606,-1,533,606,534,-1,534,606,607,-1,534,607,535,-1,535,607,608,-1,535,608,536,-1,536,608,609,-1,536,609,537,-1,537,609,610,-1,537,610,538,-1,538,610,611,-1,538,611,539,-1,539,611,612,-1,539,612,540,-1,540,612,613,-1,540,613,541,-1,541,613,614,-1,541,614,542,-1,542,614,615,-1,542,615,543,-1,543,615,616,-1,543,616,544,-1,544,616,617,-1,544,617,545,-1,545,617,618,-1,545,618,546,-1,546,618,619,-1,546,619,547,-1,547,619,620,-1,547,620,548,-1,548,620,621,-1,548,621,549,-1,549,621,622,-1,549,622,550,-1,550,622,623,-1,550,623,551,-1,551,623,624,-1,551,624,552,-1,552,624,625,-1,552,625,553,-1,553,625,626,-1,553,626,554,-1,138,133,136,-1,136,133,131,-1,136,131,627,-1,627,131,555,-1,121,116,588,-1,588,116,112,-1,588,112,587,-1,587,112,114,-1,587,114,586,-1,586,114,628,-1,586,628,585,-1,585,628,629,-1,585,629,584,-1,584,629,630,-1,584,630,583,-1,583,630,631,-1,583,631,582,-1,582,631,632,-1,582,632,581,-1,581,632,633,-1,581,633,580,-1,580,633,634,-1,580,634,579,-1,579,634,635,-1,579,635,578,-1,578,635,636,-1,578,636,577,-1,577,636,637,-1,577,637,576,-1,576,637,638,-1,576,638,575,-1,575,638,639,-1,575,639,574,-1,574,639,640,-1,574,640,573,-1,573,640,641,-1,573,641,572,-1,572,641,642,-1,572,642,571,-1,571,642,643,-1,571,643,570,-1,570,643,644,-1,570,644,569,-1,569,644,645,-1,569,645,568,-1,568,645,646,-1,568,646,567,-1,567,646,647,-1,567,647,566,-1,566,647,648,-1,566,648,565,-1,565,648,649,-1,565,649,564,-1,564,649,650,-1,564,650,563,-1,563,650,651,-1,563,651,562,-1,562,651,652,-1,562,652,561,-1,561,652,653,-1,561,653,560,-1,560,653,654,-1,560,654,559,-1,559,654,655,-1,559,655,558,-1,558,655,656,-1,558,656,557,-1,557,656,657,-1,557,657,25,-1,555,131,556,-1,556,131,124,-1,556,124,589,-1,589,124,129,-1,589,129,590,-1,590,129,658,-1,590,658,591,-1,591,658,659,-1,591,659,592,-1,592,659,660,-1,592,660,593,-1,593,660,661,-1,593,661,594,-1,594,661,662,-1,594,662,595,-1,595,662,663,-1,595,663,596,-1,596,663,664,-1,596,664,597,-1,597,664,665,-1,597,665,598,-1,598,665,666,-1,598,666,599,-1,599,666,667,-1,599,667,600,-1,600,667,668,-1,600,668,601,-1,601,668,669,-1,601,669,602,-1,602,669,670,-1,602,670,603,-1,603,670,671,-1,603,671,604,-1,604,671,672,-1,604,672,605,-1,605,672,673,-1,605,673,606,-1,606,673,674,-1,606,674,607,-1,607,674,675,-1,607,675,608,-1,608,675,676,-1,608,676,609,-1,609,676,677,-1,609,677,610,-1,610,677,678,-1,610,678,611,-1,611,678,679,-1,611,679,612,-1,612,679,680,-1,612,680,613,-1,613,680,681,-1,613,681,614,-1,614,681,682,-1,614,682,615,-1,615,682,683,-1,615,683,616,-1,616,683,684,-1,616,684,617,-1,617,684,685,-1,617,685,618,-1,618,685,686,-1,618,686,619,-1,619,686,687,-1,619,687,620,-1,620,687,688,-1,620,688,621,-1,621,688,689,-1,621,689,622,-1,622,689,690,-1,622,690,623,-1,623,690,691,-1,623,691,624,-1,624,691,24,-1,624,24,625,-1,625,24,23,-1,625,23,626,-1,105,107,114,-1,114,107,109,-1,114,109,628,-1,628,109,692,-1,628,692,629,-1,629,692,693,-1,629,693,630,-1,630,693,694,-1,630,694,631,-1,631,694,695,-1,631,695,632,-1,632,695,696,-1,632,696,633,-1,633,696,697,-1,633,697,634,-1,634,697,698,-1,634,698,635,-1,635,698,699,-1,635,699,636,-1,636,699,700,-1,636,700,637,-1,637,700,701,-1,637,701,638,-1,638,701,702,-1,638,702,639,-1,639,702,703,-1,639,703,640,-1,640,703,704,-1,640,704,641,-1,641,704,705,-1,641,705,642,-1,642,705,706,-1,642,706,643,-1,643,706,707,-1,643,707,644,-1,644,707,708,-1,644,708,645,-1,645,708,709,-1,645,709,646,-1,646,709,710,-1,646,710,647,-1,647,710,711,-1,647,711,648,-1,648,711,712,-1,648,712,649,-1,649,712,713,-1,649,713,650,-1,650,713,714,-1,650,714,651,-1,651,714,715,-1,651,715,652,-1,652,715,716,-1,652,716,653,-1,653,716,717,-1,653,717,654,-1,654,717,718,-1,654,718,655,-1,655,718,719,-1,655,719,656,-1,656,719,720,-1,656,720,657,-1,21,24,22,-1,22,24,691,-1,22,691,721,-1,721,691,690,-1,721,690,722,-1,722,690,689,-1,722,689,723,-1,723,689,688,-1,723,688,724,-1,724,688,687,-1,724,687,725,-1,725,687,686,-1,725,686,726,-1,726,686,685,-1,726,685,727,-1,727,685,684,-1,727,684,728,-1,728,684,683,-1,728,683,729,-1,729,683,682,-1,729,682,730,-1,730,682,681,-1,730,681,731,-1,731,681,680,-1,731,680,732,-1,732,680,679,-1,732,679,733,-1,733,679,678,-1,733,678,734,-1,734,678,677,-1,734,677,735,-1,735,677,676,-1,735,676,736,-1,736,676,675,-1,736,675,737,-1,737,675,674,-1,737,674,738,-1,738,674,673,-1,738,673,739,-1,739,673,672,-1,739,672,740,-1,740,672,671,-1,740,671,741,-1,741,671,670,-1,741,670,742,-1,742,670,669,-1,742,669,743,-1,743,669,668,-1,743,668,744,-1,744,668,667,-1,744,667,745,-1,745,667,666,-1,745,666,746,-1,746,666,665,-1,746,665,747,-1,747,665,664,-1,747,664,748,-1,748,664,663,-1,748,663,749,-1,749,663,662,-1,749,662,750,-1,750,662,661,-1,750,661,751,-1,751,661,660,-1,751,660,752,-1,752,660,659,-1,752,659,753,-1,753,659,658,-1,753,658,754,-1,754,658,129,-1,754,129,755,-1,200,34,201,-1,201,34,32,-1,201,32,342,-1,342,32,30,-1,342,30,413,-1,413,30,28,-1,413,28,484,-1,484,28,26,-1,484,26,555,-1,555,26,25,-1,555,25,627,-1,627,25,657,-1,627,657,136,-1,136,657,720,-1,136,720,139,-1,139,720,719,-1,139,719,756,-1,756,719,718,-1,756,718,757,-1,757,718,717,-1,757,717,758,-1,758,717,716,-1,758,716,759,-1,759,716,715,-1,759,715,760,-1,760,715,714,-1,760,714,761,-1,761,714,713,-1,761,713,762,-1,762,713,712,-1,762,712,763,-1,763,712,711,-1,763,711,764,-1,764,711,710,-1,764,710,765,-1,765,710,709,-1,765,709,766,-1,766,709,708,-1,766,708,767,-1,767,708,707,-1,767,707,768,-1,768,707,706,-1,768,706,769,-1,769,706,705,-1,769,705,770,-1,770,705,704,-1,770,704,771,-1,771,704,703,-1,771,703,772,-1,772,703,702,-1,772,702,773,-1,773,702,701,-1,773,701,774,-1,774,701,700,-1,774,700,775,-1,775,700,699,-1,775,699,776,-1,776,699,698,-1,776,698,777,-1,777,698,697,-1,777,697,778,-1,778,697,696,-1,778,696,779,-1,779,696,695,-1,779,695,780,-1,780,695,694,-1,780,694,781,-1,781,694,693,-1,781,693,782,-1,782,693,692,-1,782,692,103,-1,103,692,109,-1,103,109,101,-1,101,109,111,-1,101,111,99,-1,19,22,20,-1,20,22,721,-1,20,721,783,-1,783,721,722,-1,783,722,784,-1,784,722,723,-1,784,723,785,-1,785,723,724,-1,785,724,786,-1,786,724,725,-1,786,725,787,-1,787,725,726,-1,787,726,788,-1,788,726,727,-1,788,727,789,-1,789,727,728,-1,789,728,790,-1,790,728,729,-1,790,729,791,-1,791,729,730,-1,791,730,792,-1,792,730,731,-1,792,731,793,-1,793,731,732,-1,793,732,794,-1,794,732,733,-1,794,733,795,-1,795,733,734,-1,795,734,796,-1,796,734,735,-1,796,735,797,-1,797,735,736,-1,797,736,798,-1,798,736,737,-1,798,737,799,-1,799,737,738,-1,799,738,800,-1,800,738,739,-1,800,739,801,-1,801,739,740,-1,801,740,802,-1,802,740,741,-1,802,741,803,-1,803,741,742,-1,803,742,804,-1,804,742,743,-1,804,743,805,-1,805,743,744,-1,805,744,806,-1,806,744,745,-1,806,745,807,-1,807,745,746,-1,807,746,808,-1,808,746,747,-1,808,747,809,-1,809,747,748,-1,809,748,810,-1,810,748,749,-1,810,749,811,-1,811,749,750,-1,811,750,812,-1,812,750,751,-1,812,751,813,-1,813,751,752,-1,813,752,814,-1,814,752,753,-1,814,753,815,-1,815,753,754,-1,815,754,816,-1,816,754,755,-1,816,755,817,-1,98,96,103,-1,103,96,818,-1,103,818,782,-1,782,818,819,-1,782,819,781,-1,781,819,820,-1,781,820,780,-1,780,820,821,-1,780,821,779,-1,779,821,822,-1,779,822,778,-1,778,822,823,-1,778,823,777,-1,777,823,824,-1,777,824,776,-1,776,824,825,-1,776,825,775,-1,775,825,826,-1,775,826,774,-1,774,826,827,-1,774,827,773,-1,773,827,828,-1,773,828,772,-1,772,828,829,-1,772,829,771,-1,771,829,830,-1,771,830,770,-1,770,830,831,-1,770,831,769,-1,769,831,832,-1,769,832,768,-1,768,832,833,-1,768,833,767,-1,767,833,834,-1,767,834,766,-1,766,834,835,-1,766,835,765,-1,765,835,836,-1,765,836,764,-1,764,836,837,-1,764,837,763,-1,763,837,838,-1,763,838,762,-1,762,838,839,-1,762,839,761,-1,761,839,840,-1,761,840,760,-1,760,840,841,-1,760,841,759,-1,759,841,842,-1,759,842,758,-1,758,842,843,-1,758,843,757,-1,757,843,146,-1,757,146,756,-1,756,146,37,-1,756,37,139,-1,139,37,36,-1,139,36,140,-1,17,20,18,-1,18,20,783,-1,18,783,844,-1,844,783,784,-1,844,784,845,-1,845,784,785,-1,845,785,846,-1,846,785,786,-1,846,786,847,-1,847,786,787,-1,847,787,848,-1,848,787,788,-1,848,788,849,-1,849,788,789,-1,849,789,850,-1,850,789,790,-1,850,790,851,-1,851,790,791,-1,851,791,852,-1,852,791,792,-1,852,792,853,-1,853,792,793,-1,853,793,854,-1,854,793,794,-1,854,794,855,-1,855,794,795,-1,855,795,856,-1,856,795,796,-1,856,796,857,-1,857,796,797,-1,857,797,858,-1,858,797,798,-1,858,798,859,-1,859,798,799,-1,859,799,860,-1,860,799,800,-1,860,800,861,-1,861,800,801,-1,861,801,862,-1,862,801,802,-1,862,802,863,-1,863,802,803,-1,863,803,864,-1,864,803,804,-1,864,804,865,-1,865,804,805,-1,865,805,866,-1,866,805,806,-1,866,806,867,-1,867,806,807,-1,867,807,868,-1,868,807,808,-1,868,808,869,-1,869,808,809,-1,869,809,870,-1,870,809,810,-1,870,810,871,-1,871,810,811,-1,871,811,872,-1,872,811,812,-1,872,812,873,-1,873,812,813,-1,873,813,874,-1,874,813,814,-1,874,814,875,-1,875,814,815,-1,875,815,876,-1,876,815,816,-1,876,816,877,-1,877,816,817,-1,877,817,878,-1,39,41,96,-1,96,41,94,-1,96,94,818,-1,818,94,879,-1,818,879,819,-1,819,879,880,-1,819,880,820,-1,820,880,881,-1,820,881,821,-1,821,881,882,-1,821,882,822,-1,822,882,883,-1,822,883,823,-1,823,883,884,-1,823,884,824,-1,824,884,885,-1,824,885,825,-1,825,885,886,-1,825,886,826,-1,826,886,887,-1,826,887,827,-1,827,887,888,-1,827,888,828,-1,828,888,889,-1,828,889,829,-1,829,889,890,-1,829,890,830,-1,830,890,891,-1,830,891,831,-1,831,891,892,-1,831,892,832,-1,832,892,893,-1,832,893,833,-1,833,893,894,-1,833,894,834,-1,834,894,895,-1,834,895,835,-1,835,895,896,-1,835,896,836,-1,836,896,897,-1,836,897,837,-1,837,897,898,-1,837,898,838,-1,838,898,899,-1,838,899,839,-1,839,899,900,-1,839,900,840,-1,840,900,901,-1,840,901,841,-1,841,901,902,-1,841,902,842,-1,842,902,903,-1,842,903,843,-1,843,903,150,-1,843,150,146,-1,146,150,152,-1,146,152,147,-1,15,18,16,-1,16,18,844,-1,16,844,904,-1,904,844,845,-1,904,845,905,-1,905,845,846,-1,905,846,906,-1,906,846,847,-1,906,847,907,-1,907,847,848,-1,907,848,908,-1,908,848,849,-1,908,849,909,-1,909,849,850,-1,909,850,910,-1,910,850,851,-1,910,851,911,-1,911,851,852,-1,911,852,912,-1,912,852,853,-1,912,853,913,-1,913,853,854,-1,913,854,914,-1,914,854,855,-1,914,855,915,-1,915,855,856,-1,915,856,916,-1,916,856,857,-1,916,857,917,-1,917,857,858,-1,917,858,918,-1,918,858,859,-1,918,859,919,-1,919,859,860,-1,919,860,920,-1,920,860,861,-1,920,861,921,-1,921,861,862,-1,921,862,922,-1,922,862,863,-1,922,863,923,-1,923,863,864,-1,923,864,924,-1,924,864,865,-1,924,865,925,-1,925,865,866,-1,925,866,926,-1,926,866,867,-1,926,867,927,-1,927,867,868,-1,927,868,928,-1,928,868,869,-1,928,869,929,-1,929,869,870,-1,929,870,930,-1,930,870,871,-1,930,871,931,-1,931,871,872,-1,931,872,932,-1,932,872,873,-1,932,873,933,-1,933,873,874,-1,933,874,934,-1,934,874,875,-1,934,875,935,-1,935,875,876,-1,935,876,936,-1,936,876,877,-1,936,877,937,-1,937,877,878,-1,937,878,938,-1,85,87,94,-1,94,87,939,-1,94,939,879,-1,879,939,940,-1,879,940,880,-1,880,940,941,-1,880,941,881,-1,881,941,942,-1,881,942,882,-1,882,942,943,-1,882,943,883,-1,883,943,944,-1,883,944,884,-1,884,944,945,-1,884,945,885,-1,885,945,946,-1,885,946,886,-1,886,946,947,-1,886,947,887,-1,887,947,948,-1,887,948,888,-1,888,948,949,-1,888,949,889,-1,889,949,950,-1,889,950,890,-1,890,950,951,-1,890,951,891,-1,891,951,952,-1,891,952,892,-1,892,952,953,-1,892,953,893,-1,893,953,954,-1,893,954,894,-1,894,954,955,-1,894,955,895,-1,895,955,956,-1,895,956,896,-1,896,956,957,-1,896,957,897,-1,897,957,958,-1,897,958,898,-1,898,958,959,-1,898,959,899,-1,899,959,960,-1,899,960,900,-1,900,960,961,-1,900,961,901,-1,901,961,962,-1,901,962,902,-1,902,962,963,-1,902,963,903,-1,903,963,159,-1,903,159,150,-1,150,159,161,-1,150,161,148,-1,13,16,14,-1,14,16,904,-1,14,904,964,-1,964,904,905,-1,964,905,965,-1,965,905,906,-1,965,906,966,-1,966,906,907,-1,966,907,967,-1,967,907,908,-1,967,908,968,-1,968,908,909,-1,968,909,969,-1,969,909,910,-1,969,910,970,-1,970,910,911,-1,970,911,971,-1,971,911,912,-1,971,912,972,-1,972,912,913,-1,972,913,973,-1,973,913,914,-1,973,914,974,-1,974,914,915,-1,974,915,975,-1,975,915,916,-1,975,916,976,-1,976,916,917,-1,976,917,977,-1,977,917,918,-1,977,918,978,-1,978,918,919,-1,978,919,979,-1,979,919,920,-1,979,920,980,-1,980,920,921,-1,980,921,981,-1,981,921,922,-1,981,922,982,-1,982,922,923,-1,982,923,983,-1,983,923,924,-1,983,924,984,-1,984,924,925,-1,984,925,985,-1,985,925,926,-1,985,926,986,-1,986,926,927,-1,986,927,987,-1,987,927,928,-1,987,928,988,-1,988,928,929,-1,988,929,989,-1,989,929,930,-1,989,930,990,-1,990,930,931,-1,990,931,991,-1,991,931,932,-1,991,932,992,-1,992,932,933,-1,992,933,993,-1,993,933,934,-1,993,934,994,-1,994,934,935,-1,994,935,995,-1,995,935,936,-1,995,936,996,-1,996,936,937,-1,996,937,997,-1,997,937,938,-1,997,938,998,-1,42,44,87,-1,87,44,999,-1,87,999,939,-1,939,999,1000,-1,939,1000,940,-1,940,1000,1001,-1,940,1001,941,-1,941,1001,1002,-1,941,1002,942,-1,942,1002,1003,-1,942,1003,943,-1,943,1003,1004,-1,943,1004,944,-1,944,1004,1005,-1,944,1005,945,-1,945,1005,1006,-1,945,1006,946,-1,946,1006,1007,-1,946,1007,947,-1,947,1007,1008,-1,947,1008,948,-1,948,1008,1009,-1,948,1009,949,-1,949,1009,1010,-1,949,1010,950,-1,950,1010,1011,-1,950,1011,951,-1,951,1011,1012,-1,951,1012,952,-1,952,1012,1013,-1,952,1013,953,-1,953,1013,1014,-1,953,1014,954,-1,954,1014,1015,-1,954,1015,955,-1,955,1015,1016,-1,955,1016,956,-1,956,1016,1017,-1,956,1017,957,-1,957,1017,1018,-1,957,1018,958,-1,958,1018,1019,-1,958,1019,959,-1,959,1019,1020,-1,959,1020,960,-1,960,1020,1021,-1,960,1021,961,-1,961,1021,1022,-1,961,1022,962,-1,962,1022,1023,-1,962,1023,963,-1,963,1023,154,-1,963,154,159,-1,159,154,153,-1,159,153,157,-1,11,14,12,-1,12,14,964,-1,12,964,1024,-1,1024,964,965,-1,1024,965,1025,-1,1025,965,966,-1,1025,966,1026,-1,1026,966,967,-1,1026,967,1027,-1,1027,967,968,-1,1027,968,1028,-1,1028,968,969,-1,1028,969,1029,-1,1029,969,970,-1,1029,970,1030,-1,1030,970,971,-1,1030,971,1031,-1,1031,971,972,-1,1031,972,1032,-1,1032,972,973,-1,1032,973,1033,-1,1033,973,974,-1,1033,974,1034,-1,1034,974,975,-1,1034,975,1035,-1,1035,975,976,-1,1035,976,1036,-1,1036,976,977,-1,1036,977,1037,-1,1037,977,978,-1,1037,978,1038,-1,1038,978,979,-1,1038,979,1039,-1,1039,979,980,-1,1039,980,1040,-1,1040,980,981,-1,1040,981,1041,-1,1041,981,982,-1,1041,982,1042,-1,1042,982,983,-1,1042,983,1043,-1,1043,983,984,-1,1043,984,1044,-1,1044,984,985,-1,1044,985,1045,-1,1045,985,986,-1,1045,986,1046,-1,1046,986,987,-1,1046,987,1047,-1,1047,987,988,-1,1047,988,1048,-1,1048,988,989,-1,1048,989,1049,-1,1049,989,990,-1,1049,990,1050,-1,1050,990,991,-1,1050,991,1051,-1,1051,991,992,-1,1051,992,1052,-1,1052,992,993,-1,1052,993,1053,-1,1053,993,994,-1,1053,994,1054,-1,1054,994,995,-1,1054,995,1055,-1,1055,995,996,-1,1055,996,1056,-1,1056,996,997,-1,1056,997,1057,-1,1057,997,998,-1,1057,998,1058,-1,43,47,44,-1,44,47,1059,-1,44,1059,999,-1,999,1059,1060,-1,999,1060,1000,-1,1000,1060,1061,-1,1000,1061,1001,-1,1001,1061,1062,-1,1001,1062,1002,-1,1002,1062,1063,-1,1002,1063,1003,-1,1003,1063,1064,-1,1003,1064,1004,-1,1004,1064,1065,-1,1004,1065,1005,-1,1005,1065,1066,-1,1005,1066,1006,-1,1006,1066,1067,-1,1006,1067,1007,-1,1007,1067,1068,-1,1007,1068,1008,-1,1008,1068,1069,-1,1008,1069,1009,-1,1009,1069,1070,-1,1009,1070,1010,-1,1010,1070,1071,-1,1010,1071,1011,-1,1011,1071,1072,-1,1011,1072,1012,-1,1012,1072,1073,-1,1012,1073,1013,-1,1013,1073,1074,-1,1013,1074,1014,-1,1014,1074,1075,-1,1014,1075,1015,-1,1015,1075,1076,-1,1015,1076,1016,-1,1016,1076,1077,-1,1016,1077,1017,-1,1017,1077,1078,-1,1017,1078,1018,-1,1018,1078,1079,-1,1018,1079,1019,-1,1019,1079,1080,-1,1019,1080,1020,-1,1020,1080,1081,-1,1020,1081,1021,-1,1021,1081,1082,-1,1021,1082,1022,-1,1022,1082,1083,-1,1022,1083,1023,-1,1023,1083,164,-1,1023,164,154,-1,154,164,168,-1,154,168,156,-1,9,12,10,-1,10,12,1024,-1,10,1024,1084,-1,1084,1024,1025,-1,1084,1025,1085,-1,1085,1025,1026,-1,1085,1026,1086,-1,1086,1026,1027,-1,1086,1027,1087,-1,1087,1027,1028,-1,1087,1028,1088,-1,1088,1028,1029,-1,1088,1029,1089,-1,1089,1029,1030,-1,1089,1030,1090,-1,1090,1030,1031,-1,1090,1031,1091,-1,1091,1031,1032,-1,1091,1032,1092,-1,1092,1032,1033,-1,1092,1033,1093,-1,1093,1033,1034,-1,1093,1034,1094,-1,1094,1034,1035,-1,1094,1035,1095,-1,1095,1035,1036,-1,1095,1036,1096,-1,1096,1036,1037,-1,1096,1037,1097,-1,1097,1037,1038,-1,1097,1038,1098,-1,1098,1038,1039,-1,1098,1039,1099,-1,1099,1039,1040,-1,1099,1040,1100,-1,1100,1040,1041,-1,1100,1041,1101,-1,1101,1041,1042,-1,1101,1042,1102,-1,1102,1042,1043,-1,1102,1043,1103,-1,1103,1043,1044,-1,1103,1044,1104,-1,1104,1044,1045,-1,1104,1045,1105,-1,1105,1045,1046,-1,1105,1046,1106,-1,1106,1046,1047,-1,1106,1047,1107,-1,1107,1047,1048,-1,1107,1048,1108,-1,1108,1048,1049,-1,1108,1049,1109,-1,1109,1049,1050,-1,1109,1050,1110,-1,1110,1050,1051,-1,1110,1051,1111,-1,1111,1051,1052,-1,1111,1052,1112,-1,1112,1052,1053,-1,1112,1053,1113,-1,1113,1053,1054,-1,1113,1054,1114,-1,1114,1054,1055,-1,1114,1055,1115,-1,1115,1055,1056,-1,1115,1056,1116,-1,1116,1056,1057,-1,1116,1057,1117,-1,1117,1057,1058,-1,1117,1058,1118,-1,46,80,47,-1,47,80,1119,-1,47,1119,1059,-1,1059,1119,1120,-1,1059,1120,1060,-1,1060,1120,1121,-1,1060,1121,1061,-1,1061,1121,1122,-1,1061,1122,1062,-1,1062,1122,1123,-1,1062,1123,1063,-1,1063,1123,1124,-1,1063,1124,1064,-1,1064,1124,1125,-1,1064,1125,1065,-1,1065,1125,1126,-1,1065,1126,1066,-1,1066,1126,1127,-1,1066,1127,1067,-1,1067,1127,1128,-1,1067,1128,1068,-1,1068,1128,1129,-1,1068,1129,1069,-1,1069,1129,1130,-1,1069,1130,1070,-1,1070,1130,1131,-1,1070,1131,1071,-1,1071,1131,1132,-1,1071,1132,1072,-1,1072,1132,1133,-1,1072,1133,1073,-1,1073,1133,1134,-1,1073,1134,1074,-1,1074,1134,1135,-1,1074,1135,1075,-1,1075,1135,1136,-1,1075,1136,1076,-1,1076,1136,1137,-1,1076,1137,1077,-1,1077,1137,1138,-1,1077,1138,1078,-1,1078,1138,1139,-1,1078,1139,1079,-1,1079,1139,1140,-1,1079,1140,1080,-1,1080,1140,1141,-1,1080,1141,1081,-1,1081,1141,1142,-1,1081,1142,1082,-1,1082,1142,1143,-1,1082,1143,1083,-1,1083,1143,170,-1,1083,170,164,-1,164,170,169,-1,164,169,162,-1,7,10,8,-1,8,10,1084,-1,8,1084,1144,-1,1144,1084,1085,-1,1144,1085,1145,-1,1145,1085,1086,-1,1145,1086,1146,-1,1146,1086,1087,-1,1146,1087,1147,-1,1147,1087,1088,-1,1147,1088,1148,-1,1148,1088,1089,-1,1148,1089,1149,-1,1149,1089,1090,-1,1149,1090,1150,-1,1150,1090,1091,-1,1150,1091,1151,-1,1151,1091,1092,-1,1151,1092,1152,-1,1152,1092,1093,-1,1152,1093,1153,-1,1153,1093,1094,-1,1153,1094,1154,-1,1154,1094,1095,-1,1154,1095,1155,-1,1155,1095,1096,-1,1155,1096,1156,-1,1156,1096,1097,-1,1156,1097,1157,-1,1157,1097,1098,-1,1157,1098,1158,-1,1158,1098,1099,-1,1158,1099,1159,-1,1159,1099,1100,-1,1159,1100,1160,-1,1160,1100,1101,-1,1160,1101,1161,-1,1161,1101,1102,-1,1161,1102,1162,-1,1162,1102,1103,-1,1162,1103,1163,-1,1163,1103,1104,-1,1163,1104,1164,-1,1164,1104,1105,-1,1164,1105,1165,-1,1165,1105,1106,-1,1165,1106,1166,-1,1166,1106,1107,-1,1166,1107,1167,-1,1167,1107,1108,-1,1167,1108,1168,-1,1168,1108,1109,-1,1168,1109,1169,-1,1169,1109,1110,-1,1169,1110,1170,-1,1170,1110,1111,-1,1170,1111,1171,-1,1171,1111,1112,-1,1171,1112,1172,-1,1172,1112,1113,-1,1172,1113,1173,-1,1173,1113,1114,-1,1173,1114,1174,-1,1174,1114,1115,-1,1174,1115,1175,-1,1175,1115,1116,-1,1175,1116,1176,-1,1176,1116,1117,-1,1176,1117,1177,-1,1177,1117,1118,-1,1177,1118,1178,-1,72,74,76,-1,76,74,1179,-1,76,1179,80,-1,80,1179,1180,-1,80,1180,1119,-1,1119,1180,1181,-1,1119,1181,1120,-1,1120,1181,1182,-1,1120,1182,1121,-1,1121,1182,1183,-1,1121,1183,1122,-1,1122,1183,1184,-1,1122,1184,1123,-1,1123,1184,1185,-1,1123,1185,1124,-1,1124,1185,1186,-1,1124,1186,1125,-1,1125,1186,1187,-1,1125,1187,1126,-1,1126,1187,1188,-1,1126,1188,1127,-1,1127,1188,1189,-1,1127,1189,1128,-1,1128,1189,1190,-1,1128,1190,1129,-1,1129,1190,1191,-1,1129,1191,1130,-1,1130,1191,1192,-1,1130,1192,1131,-1,1131,1192,1193,-1,1131,1193,1132,-1,1132,1193,1194,-1,1132,1194,1133,-1,1133,1194,1195,-1,1133,1195,1134,-1,1134,1195,1196,-1,1134,1196,1135,-1,1135,1196,1197,-1,1135,1197,1136,-1,1136,1197,1198,-1,1136,1198,1137,-1,1137,1198,1199,-1,1137,1199,1138,-1,1138,1199,1200,-1,1138,1200,1139,-1,1139,1200,1201,-1,1139,1201,1140,-1,1140,1201,1202,-1,1140,1202,1141,-1,1141,1202,1203,-1,1141,1203,1142,-1,1142,1203,1204,-1,1142,1204,1143,-1,1143,1204,174,-1,1143,174,170,-1,170,174,173,-1,170,173,172,-1,5,8,6,-1,6,8,1144,-1,6,1144,1205,-1,1205,1144,1145,-1,1205,1145,1206,-1,1206,1145,1146,-1,1206,1146,1207,-1,1207,1146,1147,-1,1207,1147,1208,-1,1208,1147,1148,-1,1208,1148,1209,-1,1209,1148,1149,-1,1209,1149,1210,-1,1210,1149,1150,-1,1210,1150,1211,-1,1211,1150,1151,-1,1211,1151,1212,-1,1212,1151,1152,-1,1212,1152,1213,-1,1213,1152,1153,-1,1213,1153,1214,-1,1214,1153,1154,-1,1214,1154,1215,-1,1215,1154,1155,-1,1215,1155,1216,-1,1216,1155,1156,-1,1216,1156,1217,-1,1217,1156,1157,-1,1217,1157,1218,-1,1218,1157,1158,-1,1218,1158,1219,-1,1219,1158,1159,-1,1219,1159,1220,-1,1220,1159,1160,-1,1220,1160,1221,-1,1221,1160,1161,-1,1221,1161,1222,-1,1222,1161,1162,-1,1222,1162,1223,-1,1223,1162,1163,-1,1223,1163,1224,-1,1224,1163,1164,-1,1224,1164,1225,-1,1225,1164,1165,-1,1225,1165,1226,-1,1226,1165,1166,-1,1226,1166,1227,-1,1227,1166,1167,-1,1227,1167,1228,-1,1228,1167,1168,-1,1228,1168,1229,-1,1229,1168,1169,-1,1229,1169,1230,-1,1230,1169,1170,-1,1230,1170,1231,-1,1231,1170,1171,-1,1231,1171,1232,-1,1232,1171,1172,-1,1232,1172,1233,-1,1233,1172,1173,-1,1233,1173,1234,-1,1234,1173,1174,-1,1234,1174,1235,-1,1235,1174,1175,-1,1235,1175,1236,-1,1236,1175,1176,-1,1236,1176,1237,-1,1237,1176,1177,-1,1237,1177,1238,-1,1238,1177,1178,-1,1238,1178,1239,-1,71,70,74,-1,74,70,1240,-1,74,1240,1179,-1,1179,1240,1241,-1,1179,1241,1180,-1,1180,1241,1242,-1,1180,1242,1181,-1,1181,1242,1243,-1,1181,1243,1182,-1,1182,1243,1244,-1,1182,1244,1183,-1,1183,1244,1245,-1,1183,1245,1184,-1,1184,1245,1246,-1,1184,1246,1185,-1,1185,1246,1247,-1,1185,1247,1186,-1,1186,1247,1248,-1,1186,1248,1187,-1,1187,1248,1249,-1,1187,1249,1188,-1,1188,1249,1250,-1,1188,1250,1189,-1,1189,1250,1251,-1,1189,1251,1190,-1,1190,1251,1252,-1,1190,1252,1191,-1,1191,1252,1253,-1,1191,1253,1192,-1,1192,1253,1254,-1,1192,1254,1193,-1,1193,1254,1255,-1,1193,1255,1194,-1,1194,1255,1256,-1,1194,1256,1195,-1,1195,1256,1257,-1,1195,1257,1196,-1,1196,1257,1258,-1,1196,1258,1197,-1,1197,1258,1259,-1,1197,1259,1198,-1,1198,1259,1260,-1,1198,1260,1199,-1,1199,1260,1261,-1,1199,1261,1200,-1,1200,1261,1262,-1,1200,1262,1201,-1,1201,1262,1263,-1,1201,1263,1202,-1,1202,1263,1264,-1,1202,1264,1203,-1,1203,1264,1265,-1,1203,1265,1204,-1,1204,1265,1266,-1,1204,1266,174,-1,174,1266,180,-1,174,180,176,-1,176,180,182,-1,176,182,177,-1,3,6,4,-1,4,6,1205,-1,4,1205,1267,-1,1267,1205,1206,-1,1267,1206,1268,-1,1268,1206,1207,-1,1268,1207,1269,-1,1269,1207,1208,-1,1269,1208,1270,-1,1270,1208,1209,-1,1270,1209,1271,-1,1271,1209,1210,-1,1271,1210,1272,-1,1272,1210,1211,-1,1272,1211,1273,-1,1273,1211,1212,-1,1273,1212,1274,-1,1274,1212,1213,-1,1274,1213,1275,-1,1275,1213,1214,-1,1275,1214,1276,-1,1276,1214,1215,-1,1276,1215,1277,-1,1277,1215,1216,-1,1277,1216,1278,-1,1278,1216,1217,-1,1278,1217,1279,-1,1279,1217,1218,-1,1279,1218,1280,-1,1280,1218,1219,-1,1280,1219,1281,-1,1281,1219,1220,-1,1281,1220,1282,-1,1282,1220,1221,-1,1282,1221,1283,-1,1283,1221,1222,-1,1283,1222,1284,-1,1284,1222,1223,-1,1284,1223,1285,-1,1285,1223,1224,-1,1285,1224,1286,-1,1286,1224,1225,-1,1286,1225,1287,-1,1287,1225,1226,-1,1287,1226,1288,-1,1288,1226,1227,-1,1288,1227,1289,-1,1289,1227,1228,-1,1289,1228,1290,-1,1290,1228,1229,-1,1290,1229,1291,-1,1291,1229,1230,-1,1291,1230,1292,-1,1292,1230,1231,-1,1292,1231,1293,-1,1293,1231,1232,-1,1293,1232,1294,-1,1294,1232,1233,-1,1294,1233,1295,-1,1295,1233,1234,-1,1295,1234,1296,-1,1296,1234,1235,-1,1296,1235,1297,-1,1297,1235,1236,-1,1297,1236,1298,-1,1298,1236,1237,-1,1298,1237,1299,-1,1299,1237,1238,-1,1299,1238,1300,-1,1300,1238,1239,-1,1300,1239,1301,-1,64,63,67,-1,67,63,1302,-1,67,1302,70,-1,70,1302,1303,-1,70,1303,1240,-1,1240,1303,1304,-1,1240,1304,1241,-1,1241,1304,1305,-1,1241,1305,1242,-1,1242,1305,1306,-1,1242,1306,1243,-1,1243,1306,1307,-1,1243,1307,1244,-1,1244,1307,1308,-1,1244,1308,1245,-1,1245,1308,1309,-1,1245,1309,1246,-1,1246,1309,1310,-1,1246,1310,1247,-1,1247,1310,1311,-1,1247,1311,1248,-1,1248,1311,1312,-1,1248,1312,1249,-1,1249,1312,1313,-1,1249,1313,1250,-1,1250,1313,1314,-1,1250,1314,1251,-1,1251,1314,1315,-1,1251,1315,1252,-1,1252,1315,1316,-1,1252,1316,1253,-1,1253,1316,1317,-1,1253,1317,1254,-1,1254,1317,1318,-1,1254,1318,1255,-1,1255,1318,1319,-1,1255,1319,1256,-1,1256,1319,1320,-1,1256,1320,1257,-1,1257,1320,1321,-1,1257,1321,1258,-1,1258,1321,1322,-1,1258,1322,1259,-1,1259,1322,1323,-1,1259,1323,1260,-1,1260,1323,1324,-1,1260,1324,1261,-1,1261,1324,1325,-1,1261,1325,1262,-1,1262,1325,1326,-1,1262,1326,1263,-1,1263,1326,1327,-1,1263,1327,1264,-1,1264,1327,1328,-1,1264,1328,1265,-1,1265,1328,1329,-1,1265,1329,1266,-1,1266,1329,183,-1,1266,183,180,-1,180,183,185,-1,180,185,178,-1,1,4,2,-1,2,4,1267,-1,2,1267,1330,-1,1330,1267,1268,-1,1330,1268,1331,-1,1331,1268,1269,-1,1331,1269,1332,-1,1332,1269,1270,-1,1332,1270,1333,-1,1333,1270,1271,-1,1333,1271,1334,-1,1334,1271,1272,-1,1334,1272,1335,-1,1335,1272,1273,-1,1335,1273,1336,-1,1336,1273,1274,-1,1336,1274,1337,-1,1337,1274,1275,-1,1337,1275,1338,-1,1338,1275,1276,-1,1338,1276,1339,-1,1339,1276,1277,-1,1339,1277,1340,-1,1340,1277,1278,-1,1340,1278,1341,-1,1341,1278,1279,-1,1341,1279,1342,-1,1342,1279,1280,-1,1342,1280,1343,-1,1343,1280,1281,-1,1343,1281,1344,-1,1344,1281,1282,-1,1344,1282,1345,-1,1345,1282,1283,-1,1345,1283,1346,-1,1346,1283,1284,-1,1346,1284,1347,-1,1347,1284,1285,-1,1347,1285,1348,-1,1348,1285,1286,-1,1348,1286,1349,-1,1349,1286,1287,-1,1349,1287,1350,-1,1350,1287,1288,-1,1350,1288,1351,-1,1351,1288,1289,-1,1351,1289,1352,-1,1352,1289,1290,-1,1352,1290,1353,-1,1353,1290,1291,-1,1353,1291,1354,-1,1354,1291,1292,-1,1354,1292,1355,-1,1355,1292,1293,-1,1355,1293,1356,-1,1356,1293,1294,-1,1356,1294,1357,-1,1357,1294,1295,-1,1357,1295,1358,-1,1358,1295,1296,-1,1358,1296,1359,-1,1359,1296,1297,-1,1359,1297,1360,-1,1360,1297,1298,-1,1360,1298,1361,-1,1361,1298,1299,-1,1361,1299,1362,-1,1362,1299,1300,-1,1362,1300,1363,-1,1363,1300,1301,-1,1363,1301,1364,-1,58,57,59,-1,59,57,1365,-1,59,1365,63,-1,63,1365,1366,-1,63,1366,1302,-1,1302,1366,1367,-1,1302,1367,1303,-1,1303,1367,1368,-1,1303,1368,1304,-1,1304,1368,1369,-1,1304,1369,1305,-1,1305,1369,1370,-1,1305,1370,1306,-1,1306,1370,1371,-1,1306,1371,1307,-1,1307,1371,1372,-1,1307,1372,1308,-1,1308,1372,1373,-1,1308,1373,1309,-1,1309,1373,1374,-1,1309,1374,1310,-1,1310,1374,1375,-1,1310,1375,1311,-1,1311,1375,1376,-1,1311,1376,1312,-1,1312,1376,1377,-1,1312,1377,1313,-1,1313,1377,1378,-1,1313,1378,1314,-1,1314,1378,1379,-1,1314,1379,1315,-1,1315,1379,1380,-1,1315,1380,1316,-1,1316,1380,1381,-1,1316,1381,1317,-1,1317,1381,1382,-1,1317,1382,1318,-1,1318,1382,1383,-1,1318,1383,1319,-1,1319,1383,1384,-1,1319,1384,1320,-1,1320,1384,1385,-1,1320,1385,1321,-1,1321,1385,1386,-1,1321,1386,1322,-1,1322,1386,1387,-1,1322,1387,1323,-1,1323,1387,1388,-1,1323,1388,1324,-1,1324,1388,1389,-1,1324,1389,1325,-1,1325,1389,1390,-1,1325,1390,1326,-1,1326,1390,1391,-1,1326,1391,1327,-1,1327,1391,1392,-1,1327,1392,1328,-1,1328,1392,1393,-1,1328,1393,1329,-1,1329,1393,1394,-1,1329,1394,183,-1,183,1394,192,-1,183,192,184,-1,184,192,191,-1,184,191,186,-1,0,2,1395,-1,1395,2,1330,-1,1395,1330,1396,-1,1396,1330,1331,-1,1396,1331,1397,-1,1397,1331,1332,-1,1397,1332,1398,-1,1398,1332,1333,-1,1398,1333,1399,-1,1399,1333,1334,-1,1399,1334,1400,-1,1400,1334,1335,-1,1400,1335,1401,-1,1401,1335,1336,-1,1401,1336,1402,-1,1402,1336,1337,-1,1402,1337,1403,-1,1403,1337,1338,-1,1403,1338,1404,-1,1404,1338,1339,-1,1404,1339,1405,-1,1405,1339,1340,-1,1405,1340,1406,-1,1406,1340,1341,-1,1406,1341,1407,-1,1407,1341,1342,-1,1407,1342,1408,-1,1408,1342,1343,-1,1408,1343,1409,-1,1409,1343,1344,-1,1409,1344,1410,-1,1410,1344,1345,-1,1410,1345,1411,-1,1411,1345,1346,-1,1411,1346,1412,-1,1412,1346,1347,-1,1412,1347,1413,-1,1413,1347,1348,-1,1413,1348,1414,-1,1414,1348,1349,-1,1414,1349,1415,-1,1415,1349,1350,-1,1415,1350,1416,-1,1416,1350,1351,-1,1416,1351,1417,-1,1417,1351,1352,-1,1417,1352,1418,-1,1418,1352,1353,-1,1418,1353,1419,-1,1419,1353,1354,-1,1419,1354,1420,-1,1420,1354,1355,-1,1420,1355,1421,-1,1421,1355,1356,-1,1421,1356,1422,-1,1422,1356,1357,-1,1422,1357,1423,-1,1423,1357,1358,-1,1423,1358,1424,-1,1424,1358,1359,-1,1424,1359,1425,-1,1425,1359,1360,-1,1425,1360,1426,-1,1426,1360,1361,-1,1426,1361,1427,-1,1427,1361,1362,-1,1427,1362,1428,-1,1428,1362,1363,-1,1428,1363,1429,-1,1429,1363,1364,-1,1429,1364,196,-1,263,341,264,-1,264,341,340,-1,264,340,374,-1,374,340,412,-1,374,412,445,-1,445,412,483,-1,445,483,516,-1,516,483,554,-1,516,554,588,-1,588,554,626,-1,588,626,121,-1,121,626,23,-1,121,23,1430,-1,1430,23,21,-1,1430,21,1431,-1,1431,21,19,-1,1431,19,1432,-1,1432,19,17,-1,1432,17,1433,-1,1433,17,15,-1,1433,15,1434,-1,1434,15,13,-1,1434,13,1435,-1,1435,13,11,-1,1435,11,1436,-1,1436,11,9,-1,1436,9,1437,-1,1437,9,7,-1,1437,7,1438,-1,1438,7,5,-1,1438,5,1439,-1,1439,5,3,-1,1439,3,1440,-1,1440,3,1,-1,1440,1,49,-1,49,1,0,-1,49,0,1441,-1,1441,0,1395,-1,1441,1395,1442,-1,1442,1395,1396,-1,1442,1396,1443,-1,1443,1396,1397,-1,1443,1397,1444,-1,1444,1397,1398,-1,1444,1398,1445,-1,1445,1398,1399,-1,1445,1399,1446,-1,1446,1399,1400,-1,1446,1400,1447,-1,1447,1400,1401,-1,1447,1401,1448,-1,1448,1401,1402,-1,1448,1402,1449,-1,1449,1402,1403,-1,1449,1403,1450,-1,1450,1403,1404,-1,1450,1404,1451,-1,1451,1404,1405,-1,1451,1405,1452,-1,1452,1405,1406,-1,1452,1406,1453,-1,1453,1406,1407,-1,1453,1407,1454,-1,1454,1407,1408,-1,1454,1408,1455,-1,1455,1408,1409,-1,1455,1409,1456,-1,1456,1409,1410,-1,1456,1410,1457,-1,1457,1410,1411,-1,1457,1411,1458,-1,1458,1411,1412,-1,1458,1412,1459,-1,1459,1412,1413,-1,1459,1413,1460,-1,1460,1413,1414,-1,1460,1414,1461,-1,1461,1414,1415,-1,1461,1415,1462,-1,1462,1415,1416,-1,1462,1416,1463,-1,1463,1416,1417,-1,1463,1417,1464,-1,1464,1417,1418,-1,1464,1418,1465,-1,1465,1418,1419,-1,1465,1419,1466,-1,1466,1419,1420,-1,1466,1420,1467,-1,1467,1420,1421,-1,1467,1421,1468,-1,1468,1421,1422,-1,1468,1422,1469,-1,1469,1422,1423,-1,1469,1423,1470,-1,1470,1423,1424,-1,1470,1424,1471,-1,1471,1424,1425,-1,1471,1425,1472,-1,1472,1425,1426,-1,1472,1426,1473,-1,1473,1426,1427,-1,1473,1427,1474,-1,1474,1427,1428,-1,1474,1428,1475,-1,1475,1428,1429,-1,1475,1429,1476,-1,1476,1429,196,-1,1476,196,1477,-1,1477,196,193,-1,1477,193,1478,-1,1478,193,189,-1,1478,189,1479,-1,1479,189,192,-1,1479,192,1480,-1,1480,192,1394,-1,1480,1394,1481,-1,1481,1394,1393,-1,1481,1393,1482,-1,1482,1393,1392,-1,1482,1392,1483,-1,1483,1392,1391,-1,1483,1391,1484,-1,1484,1391,1390,-1,1484,1390,1485,-1,1485,1390,1389,-1,1485,1389,1486,-1,1486,1389,1388,-1,1486,1388,1487,-1,1487,1388,1387,-1,1487,1387,1488,-1,1488,1387,1386,-1,1488,1386,1489,-1,1489,1386,1385,-1,1489,1385,1490,-1,1490,1385,1384,-1,1490,1384,1491,-1,1491,1384,1383,-1,1491,1383,1492,-1,1492,1383,1382,-1,1492,1382,1493,-1,1493,1382,1381,-1,1493,1381,1494,-1,1494,1381,1380,-1,1494,1380,1495,-1,1495,1380,1379,-1,1495,1379,1496,-1,1496,1379,1378,-1,1496,1378,1497,-1,1497,1378,1377,-1,1497,1377,1498,-1,1498,1377,1376,-1,1498,1376,1499,-1,1499,1376,1375,-1,1499,1375,1500,-1,1500,1375,1374,-1,1500,1374,1501,-1,1501,1374,1373,-1,1501,1373,1502,-1,1502,1373,1372,-1,1502,1372,1503,-1,1503,1372,1371,-1,1503,1371,1504,-1,1504,1371,1370,-1,1504,1370,1505,-1,1505,1370,1369,-1,1505,1369,1506,-1,1506,1369,1368,-1,1506,1368,1507,-1,1507,1368,1367,-1,1507,1367,1508,-1,1508,1367,1366,-1,1508,1366,1509,-1,1509,1366,1365,-1,1509,1365,1510,-1,1510,1365,57,-1,1510,57,1511,-1,1511,57,53,-1,1511,53,1512,-1,1512,53,50,-1,1512,50,1513,-1,1513,50,49,-1,1513,49,1441,-1,1477,1514,1476,-1,1476,1514,1515,-1,1476,1515,1475,-1,1475,1515,1516,-1,1475,1516,1474,-1,1474,1516,1517,-1,1474,1517,1473,-1,1473,1517,1518,-1,1473,1518,1472,-1,1472,1518,1519,-1,1472,1519,1471,-1,1471,1519,1520,-1,1471,1520,1470,-1,1470,1520,1521,-1,1470,1521,1469,-1,1469,1521,1522,-1,1469,1522,1468,-1,1468,1522,1523,-1,1468,1523,1467,-1,1467,1523,1524,-1,1467,1524,1466,-1,1466,1524,1525,-1,1466,1525,1465,-1,1465,1525,1526,-1,1465,1526,1464,-1,1464,1526,1527,-1,1464,1527,1463,-1,1463,1527,1528,-1,1463,1528,1462,-1,1462,1528,1529,-1,1462,1529,1461,-1,1461,1529,1530,-1,1461,1530,1460,-1,1460,1530,1531,-1,1460,1531,1459,-1,1459,1531,1532,-1,1459,1532,1458,-1,1458,1532,1533,-1,1458,1533,1457,-1,1457,1533,1534,-1,1457,1534,1456,-1,1456,1534,1535,-1,1456,1535,1455,-1,1455,1535,1536,-1,1455,1536,1454,-1,1454,1536,1537,-1,1454,1537,1453,-1,1453,1537,1538,-1,1453,1538,1452,-1,1452,1538,1539,-1,1452,1539,1451,-1,1451,1539,1540,-1,1451,1540,1450,-1,1450,1540,1541,-1,1450,1541,1449,-1,1449,1541,1542,-1,1449,1542,1448,-1,1448,1542,1543,-1,1448,1543,1447,-1,1447,1543,1544,-1,1447,1544,1446,-1,1446,1544,1545,-1,1446,1545,1445,-1,1445,1545,1546,-1,1445,1546,1444,-1,1444,1546,1547,-1,1444,1547,1443,-1,1443,1547,1548,-1,1443,1548,1442,-1,1442,1548,1549,-1,1442,1549,1441,-1,1441,1549,1550,-1,1441,1550,1513,-1,1513,1550,1551,-1,1513,1551,1512,-1,1512,1551,1552,-1,1512,1552,1511,-1,1511,1552,1553,-1,1511,1553,1510,-1,1510,1553,1554,-1,1510,1554,1509,-1,1509,1554,1555,-1,1509,1555,1508,-1,1508,1555,1556,-1,1508,1556,1507,-1,1507,1556,1557,-1,1507,1557,1506,-1,1506,1557,1558,-1,1506,1558,1505,-1,1505,1558,1559,-1,1505,1559,1504,-1,1504,1559,1560,-1,1504,1560,1503,-1,1503,1560,1561,-1,1503,1561,1502,-1,1502,1561,1562,-1,1502,1562,1501,-1,1501,1562,1563,-1,1501,1563,1500,-1,1500,1563,1564,-1,1500,1564,1499,-1,1499,1564,1565,-1,1499,1565,1498,-1,1498,1565,1566,-1,1498,1566,1497,-1,1497,1566,1567,-1,1497,1567,1496,-1,1496,1567,1568,-1,1496,1568,1495,-1,1495,1568,1569,-1,1495,1569,1494,-1,1494,1569,1570,-1,1494,1570,1493,-1,1493,1570,1571,-1,1493,1571,1492,-1,1492,1571,1572,-1,1492,1572,1491,-1,1491,1572,1573,-1,1491,1573,1490,-1,1490,1573,1574,-1,1490,1574,1489,-1,1489,1574,1575,-1,1489,1575,1488,-1,1488,1575,1576,-1,1488,1576,1487,-1,1487,1576,1577,-1,1487,1577,1486,-1,1486,1577,1578,-1,1486,1578,1485,-1,1485,1578,1579,-1,1485,1579,1484,-1,1484,1579,1580,-1,1484,1580,1483,-1,1483,1580,1581,-1,1483,1581,1482,-1,1482,1581,1582,-1,1482,1582,1481,-1,1481,1582,1583,-1,1481,1583,1480,-1,1480,1583,1584,-1,1480,1584,1479,-1,1479,1584,1585,-1,1479,1585,1478,-1,1478,1585,1586,-1,1478,1586,1477,-1,1477,1586,1514,-1,1586,1587,1514,-1,1514,1587,1588,-1,1514,1588,1515,-1,1515,1588,1589,-1,1515,1589,1516,-1,1516,1589,1590,-1,1516,1590,1517,-1,1517,1590,1591,-1,1517,1591,1518,-1,1518,1591,1592,-1,1518,1592,1519,-1,1519,1592,1593,-1,1519,1593,1520,-1,1520,1593,1594,-1,1520,1594,1521,-1,1521,1594,1595,-1,1521,1595,1522,-1,1522,1595,1596,-1,1522,1596,1523,-1,1523,1596,1597,-1,1523,1597,1524,-1,1524,1597,1598,-1,1524,1598,1525,-1,1525,1598,1599,-1,1525,1599,1526,-1,1526,1599,1600,-1,1526,1600,1527,-1,1527,1600,1601,-1,1527,1601,1528,-1,1528,1601,1602,-1,1528,1602,1529,-1,1529,1602,1603,-1,1529,1603,1530,-1,1530,1603,1604,-1,1530,1604,1531,-1,1531,1604,1605,-1,1531,1605,1532,-1,1532,1605,1606,-1,1532,1606,1533,-1,1533,1606,1607,-1,1533,1607,1534,-1,1534,1607,1608,-1,1534,1608,1535,-1,1535,1608,1609,-1,1535,1609,1536,-1,1536,1609,1610,-1,1536,1610,1537,-1,1537,1610,1611,-1,1537,1611,1538,-1,1538,1611,1612,-1,1538,1612,1539,-1,1539,1612,1613,-1,1539,1613,1540,-1,1540,1613,1614,-1,1540,1614,1541,-1,1541,1614,1615,-1,1541,1615,1542,-1,1542,1615,1616,-1,1542,1616,1543,-1,1543,1616,1617,-1,1543,1617,1544,-1,1544,1617,1618,-1,1544,1618,1545,-1,1545,1618,1619,-1,1545,1619,1546,-1,1546,1619,1620,-1,1546,1620,1547,-1,1547,1620,1621,-1,1547,1621,1548,-1,1548,1621,1622,-1,1548,1622,1549,-1,1549,1622,1623,-1,1549,1623,1550,-1,1550,1623,1624,-1,1550,1624,1551,-1,1551,1624,1625,-1,1551,1625,1552,-1,1552,1625,1626,-1,1552,1626,1553,-1,1553,1626,1627,-1,1553,1627,1554,-1,1554,1627,1628,-1,1554,1628,1555,-1,1555,1628,1629,-1,1555,1629,1556,-1,1556,1629,1630,-1,1556,1630,1557,-1,1557,1630,1631,-1,1557,1631,1558,-1,1558,1631,1632,-1,1558,1632,1559,-1,1559,1632,1633,-1,1559,1633,1560,-1,1560,1633,1634,-1,1560,1634,1561,-1,1561,1634,1635,-1,1561,1635,1562,-1,1562,1635,1636,-1,1562,1636,1563,-1,1563,1636,1637,-1,1563,1637,1564,-1,1564,1637,1638,-1,1564,1638,1565,-1,1565,1638,1639,-1,1565,1639,1566,-1,1566,1639,1640,-1,1566,1640,1567,-1,1567,1640,1641,-1,1567,1641,1568,-1,1568,1641,1642,-1,1568,1642,1569,-1,1569,1642,1643,-1,1569,1643,1570,-1,1570,1643,1644,-1,1570,1644,1571,-1,1571,1644,1645,-1,1571,1645,1572,-1,1572,1645,1646,-1,1572,1646,1573,-1,1573,1646,1647,-1,1573,1647,1574,-1,1574,1647,1648,-1,1574,1648,1575,-1,1575,1648,1649,-1,1575,1649,1576,-1,1576,1649,1650,-1,1576,1650,1577,-1,1577,1650,1651,-1,1577,1651,1578,-1,1578,1651,1652,-1,1578,1652,1579,-1,1579,1652,1653,-1,1579,1653,1580,-1,1580,1653,1654,-1,1580,1654,1581,-1,1581,1654,1655,-1,1581,1655,1582,-1,1582,1655,1656,-1,1582,1656,1583,-1,1583,1656,1657,-1,1583,1657,1584,-1,1584,1657,1658,-1,1584,1658,1585,-1,1585,1658,1659,-1,1585,1659,1586,-1,1586,1659,1587,-1,1659,1660,1587,-1,1587,1660,1661,-1,1587,1661,1588,-1,1588,1661,1662,-1,1588,1662,1589,-1,1589,1662,1663,-1,1589,1663,1590,-1,1590,1663,1664,-1,1590,1664,1591,-1,1591,1664,1665,-1,1591,1665,1592,-1,1592,1665,1666,-1,1592,1666,1593,-1,1593,1666,1667,-1,1593,1667,1594,-1,1594,1667,1668,-1,1594,1668,1595,-1,1595,1668,1669,-1,1595,1669,1596,-1,1596,1669,1670,-1,1596,1670,1597,-1,1597,1670,1671,-1,1597,1671,1598,-1,1598,1671,1672,-1,1598,1672,1599,-1,1599,1672,1673,-1,1599,1673,1600,-1,1600,1673,1674,-1,1600,1674,1601,-1,1601,1674,1675,-1,1601,1675,1602,-1,1602,1675,1676,-1,1602,1676,1603,-1,1603,1676,1677,-1,1603,1677,1604,-1,1604,1677,1678,-1,1604,1678,1605,-1,1605,1678,1679,-1,1605,1679,1606,-1,1606,1679,1680,-1,1606,1680,1607,-1,1607,1680,1681,-1,1607,1681,1608,-1,1608,1681,1682,-1,1608,1682,1609,-1,1609,1682,1683,-1,1609,1683,1610,-1,1610,1683,1684,-1,1610,1684,1611,-1,1611,1684,1685,-1,1611,1685,1612,-1,1612,1685,1686,-1,1612,1686,1613,-1,1613,1686,1687,-1,1613,1687,1614,-1,1614,1687,1688,-1,1614,1688,1615,-1,1615,1688,1689,-1,1615,1689,1616,-1,1616,1689,1690,-1,1616,1690,1617,-1,1617,1690,1691,-1,1617,1691,1618,-1,1618,1691,1692,-1,1618,1692,1619,-1,1619,1692,1693,-1,1619,1693,1620,-1,1620,1693,1694,-1,1620,1694,1621,-1,1621,1694,1695,-1,1621,1695,1622,-1,1622,1695,1696,-1,1622,1696,1623,-1,1623,1696,1697,-1,1623,1697,1624,-1,1624,1697,1698,-1,1624,1698,1625,-1,1625,1698,1699,-1,1625,1699,1626,-1,1626,1699,1700,-1,1626,1700,1627,-1,1627,1700,1701,-1,1627,1701,1628,-1,1628,1701,1702,-1,1628,1702,1629,-1,1629,1702,1703,-1,1629,1703,1630,-1,1630,1703,1704,-1,1630,1704,1631,-1,1631,1704,1705,-1,1631,1705,1632,-1,1632,1705,1706,-1,1632,1706,1633,-1,1633,1706,1707,-1,1633,1707,1634,-1,1634,1707,1708,-1,1634,1708,1635,-1,1635,1708,1709,-1,1635,1709,1636,-1,1636,1709,1710,-1,1636,1710,1637,-1,1637,1710,1711,-1,1637,1711,1638,-1,1638,1711,1712,-1,1638,1712,1639,-1,1639,1712,1713,-1,1639,1713,1640,-1,1640,1713,1714,-1,1640,1714,1641,-1,1641,1714,1715,-1,1641,1715,1642,-1,1642,1715,1716,-1,1642,1716,1643,-1,1643,1716,1717,-1,1643,1717,1644,-1,1644,1717,1718,-1,1644,1718,1645,-1,1645,1718,1719,-1,1645,1719,1646,-1,1646,1719,1720,-1,1646,1720,1647,-1,1647,1720,1721,-1,1647,1721,1648,-1,1648,1721,1722,-1,1648,1722,1649,-1,1649,1722,1723,-1,1649,1723,1650,-1,1650,1723,1724,-1,1650,1724,1651,-1,1651,1724,1725,-1,1651,1725,1652,-1,1652,1725,1726,-1,1652,1726,1653,-1,1653,1726,1727,-1,1653,1727,1654,-1,1654,1727,1728,-1,1654,1728,1655,-1,1655,1728,1729,-1,1655,1729,1656,-1,1656,1729,1730,-1,1656,1730,1657,-1,1657,1730,1731,-1,1657,1731,1658,-1,1658,1731,1732,-1,1658,1732,1659,-1,1659,1732,1660,-1,1732,1733,1660,-1,1660,1733,1734,-1,1660,1734,1661,-1,1661,1734,1735,-1,1661,1735,1662,-1,1662,1735,1736,-1,1662,1736,1663,-1,1663,1736,1737,-1,1663,1737,1664,-1,1664,1737,1738,-1,1664,1738,1665,-1,1665,1738,1739,-1,1665,1739,1666,-1,1666,1739,1740,-1,1666,1740,1667,-1,1667,1740,1741,-1,1667,1741,1668,-1,1668,1741,1742,-1,1668,1742,1669,-1,1669,1742,1743,-1,1669,1743,1670,-1,1670,1743,1744,-1,1670,1744,1671,-1,1671,1744,1745,-1,1671,1745,1672,-1,1672,1745,1746,-1,1672,1746,1673,-1,1673,1746,1747,-1,1673,1747,1674,-1,1674,1747,1748,-1,1674,1748,1675,-1,1675,1748,1749,-1,1675,1749,1676,-1,1676,1749,1750,-1,1676,1750,1677,-1,1677,1750,1751,-1,1677,1751,1678,-1,1678,1751,1752,-1,1678,1752,1679,-1,1679,1752,1753,-1,1679,1753,1680,-1,1680,1753,1754,-1,1680,1754,1681,-1,1681,1754,1755,-1,1681,1755,1682,-1,1682,1755,1756,-1,1682,1756,1683,-1,1683,1756,1757,-1,1683,1757,1684,-1,1684,1757,1758,-1,1684,1758,1685,-1,1685,1758,1759,-1,1685,1759,1686,-1,1686,1759,1760,-1,1686,1760,1687,-1,1687,1760,1761,-1,1687,1761,1688,-1,1688,1761,1762,-1,1688,1762,1689,-1,1689,1762,1763,-1,1689,1763,1690,-1,1690,1763,1764,-1,1690,1764,1691,-1,1691,1764,1765,-1,1691,1765,1692,-1,1692,1765,1766,-1,1692,1766,1693,-1,1693,1766,1767,-1,1693,1767,1694,-1,1694,1767,1768,-1,1694,1768,1695,-1,1695,1768,1769,-1,1695,1769,1696,-1,1696,1769,1770,-1,1696,1770,1697,-1,1697,1770,1771,-1,1697,1771,1698,-1,1698,1771,1772,-1,1698,1772,1699,-1,1699,1772,1773,-1,1699,1773,1700,-1,1700,1773,1774,-1,1700,1774,1701,-1,1701,1774,1775,-1,1701,1775,1702,-1,1702,1775,1776,-1,1702,1776,1703,-1,1703,1776,1777,-1,1703,1777,1704,-1,1704,1777,1778,-1,1704,1778,1705,-1,1705,1778,1779,-1,1705,1779,1706,-1,1706,1779,1780,-1,1706,1780,1707,-1,1707,1780,1781,-1,1707,1781,1708,-1,1708,1781,1782,-1,1708,1782,1709,-1,1709,1782,1783,-1,1709,1783,1710,-1,1710,1783,1784,-1,1710,1784,1711,-1,1711,1784,1785,-1,1711,1785,1712,-1,1712,1785,1786,-1,1712,1786,1713,-1,1713,1786,1787,-1,1713,1787,1714,-1,1714,1787,1788,-1,1714,1788,1715,-1,1715,1788,1789,-1,1715,1789,1716,-1,1716,1789,1790,-1,1716,1790,1717,-1,1717,1790,1791,-1,1717,1791,1718,-1,1718,1791,1792,-1,1718,1792,1719,-1,1719,1792,1793,-1,1719,1793,1720,-1,1720,1793,1794,-1,1720,1794,1721,-1,1721,1794,1795,-1,1721,1795,1722,-1,1722,1795,1796,-1,1722,1796,1723,-1,1723,1796,1797,-1,1723,1797,1724,-1,1724,1797,1798,-1,1724,1798,1725,-1,1725,1798,1799,-1,1725,1799,1726,-1,1726,1799,1800,-1,1726,1800,1727,-1,1727,1800,1801,-1,1727,1801,1728,-1,1728,1801,1802,-1,1728,1802,1729,-1,1729,1802,1803,-1,1729,1803,1730,-1,1730,1803,1804,-1,1730,1804,1731,-1,1731,1804,1805,-1,1731,1805,1732,-1,1732,1805,1733,-1,1805,271,1733,-1,1733,271,273,-1,1733,273,1734,-1,1734,273,275,-1,1734,275,1735,-1,1735,275,277,-1,1735,277,1736,-1,1736,277,279,-1,1736,279,1737,-1,1737,279,281,-1,1737,281,1738,-1,1738,281,283,-1,1738,283,1739,-1,1739,283,285,-1,1739,285,1740,-1,1740,285,287,-1,1740,287,1741,-1,1741,287,289,-1,1741,289,1742,-1,1742,289,291,-1,1742,291,1743,-1,1743,291,293,-1,1743,293,1744,-1,1744,293,295,-1,1744,295,1745,-1,1745,295,297,-1,1745,297,1746,-1,1746,297,299,-1,1746,299,1747,-1,1747,299,301,-1,1747,301,1748,-1,1748,301,303,-1,1748,303,1749,-1,1749,303,305,-1,1749,305,1750,-1,1750,305,307,-1,1750,307,1751,-1,1751,307,309,-1,1751,309,1752,-1,1752,309,311,-1,1752,311,1753,-1,1753,311,313,-1,1753,313,1754,-1,1754,313,315,-1,1754,315,1755,-1,1755,315,317,-1,1755,317,1756,-1,1756,317,319,-1,1756,319,1757,-1,1757,319,321,-1,1757,321,1758,-1,1758,321,323,-1,1758,323,1759,-1,1759,323,325,-1,1759,325,1760,-1,1760,325,327,-1,1760,327,1761,-1,1761,327,329,-1,1761,329,1762,-1,1762,329,331,-1,1762,331,1763,-1,1763,331,333,-1,1763,333,1764,-1,1764,333,335,-1,1764,335,1765,-1,1765,335,337,-1,1765,337,1766,-1,1766,337,339,-1,1766,339,1767,-1,1767,339,341,-1,1767,341,1768,-1,1768,341,263,-1,1768,263,1769,-1,1769,263,261,-1,1769,261,1770,-1,1770,261,259,-1,1770,259,1771,-1,1771,259,257,-1,1771,257,1772,-1,1772,257,255,-1,1772,255,1773,-1,1773,255,253,-1,1773,253,1774,-1,1774,253,251,-1,1774,251,1775,-1,1775,251,249,-1,1775,249,1776,-1,1776,249,247,-1,1776,247,1777,-1,1777,247,245,-1,1777,245,1778,-1,1778,245,243,-1,1778,243,1779,-1,1779,243,241,-1,1779,241,1780,-1,1780,241,239,-1,1780,239,1781,-1,1781,239,237,-1,1781,237,1782,-1,1782,237,235,-1,1782,235,1783,-1,1783,235,233,-1,1783,233,1784,-1,1784,233,231,-1,1784,231,1785,-1,1785,231,229,-1,1785,229,1786,-1,1786,229,227,-1,1786,227,1787,-1,1787,227,225,-1,1787,225,1788,-1,1788,225,223,-1,1788,223,1789,-1,1789,223,221,-1,1789,221,1790,-1,1790,221,219,-1,1790,219,1791,-1,1791,219,217,-1,1791,217,1792,-1,1792,217,215,-1,1792,215,1793,-1,1793,215,213,-1,1793,213,1794,-1,1794,213,211,-1,1794,211,1795,-1,1795,211,209,-1,1795,209,1796,-1,1796,209,207,-1,1796,207,1797,-1,1797,207,205,-1,1797,205,1798,-1,1798,205,203,-1,1798,203,1799,-1,1799,203,35,-1,1799,35,1800,-1,1800,35,34,-1,1800,34,1801,-1,1801,34,200,-1,1801,200,1802,-1,1802,200,265,-1,1802,265,1803,-1,1803,265,267,-1,1803,267,1804,-1,1804,267,269,-1,1804,269,1805,-1,1805,269,271,-1,
        ]
    }
}
Shape{
    appearance Appearance {
        material  Material 	{
            diffuseColor 1.0 1.0 1.0
            specularColor 0.5019607843137255 0.5019607843137255 0.5019607843137255
            ambientIntensity 1.0
            transparency 0.0
            shininess 0.5
        }
    }
    geometry IndexedFaceSet {
        ccw TRUE
        solid FALSE
        coord DEF co Coordinate {
            point [
                0.2756 -0.4331 0.0197, 0.4558 -0.4331 0.0197, 0.4557 -0.4331 0.0197, 0.4674 -0.4331 0.0501, 0.4685 -0.4331 0.0504, 0.315 -0.4331 0.0591, 0.4604 -0.4331 0.0464, 0.4621 -0.4331 0.0477, 0.4921 -0.4331 0.0591, 0.4626 -0.4331 0.048, 0.4662 -0.4331 0.0498, 0.4554 -0.4331 0.0203, 0.454 -0.4331 0.0232, 0.4536 -0.4331 0.0252, 0.4534 -0.4331 0.0355, 0.4538 -0.4331 0.0367, 0.5512 -0.4331 0.0197, 0.492 -0.4331 0.033, 0.492 -0.4331 0.0303, 0.492 -0.4331 0.0281, 0.4917 -0.4331 0.0259, 0.4914 -0.4331 0.0252, 0.4901 -0.4331 0.0215, 0.4895 -0.4331 0.0203, 0.4891 -0.4331 0.0197, 0.4555 -0.4331 0.0404, 0.4559 -0.4331 0.0412, 0.457 -0.4331 0.0429, 0.4728 -0.4331 0.0509, 0.475 -0.4331 0.0507, 0.4775 -0.4331 0.05, 0.4529 -0.4331 0.0279, 0.4528 -0.4331 0.03, 0.4533 -0.4331 0.0348, 0.4586 -0.4331 0.0446, 0.4598 -0.4331 0.0459, 0.4899 -0.4331 0.0397, 0.4914 -0.4331 0.0355, 0.4916 -0.4331 0.035, 0.4793 -0.4331 0.0495, 0.4808 -0.4331 0.0488, 0.4822 -0.4331 0.0479, 0.4848 -0.4331 0.0462, 0.4851 -0.4331 0.0459, 0.4859 -0.4331 0.0452, 0.4863 -0.4331 0.0447, 0.489 -0.4331 0.0413, 0.4895 -0.4331 0.0404, 0.4823 -0.4319 0.0129, 0.4786 -0.4311 0.0111, 0.5617 -0.4311 0.0112, 0.5617 -0.4134 0.0, 0.5617 -0.4178 0.0005, 0.2953 -0.4134 0.0, 0.2909 -0.4178 0.0005, 0.2902 -0.4185 0.0007, 0.5617 -0.4178 0.0005, 0.5617 -0.4219 0.002, 0.5617 -0.4288 0.0074, 0.2799 -0.4288 0.0074, 0.5617 -0.4257 0.0043, 0.2814 -0.4272 0.0059, 0.5617 -0.4257 0.0043, 0.283 -0.4257 0.0043, 0.5617 -0.422 0.002, 0.2855 -0.4232 0.0027, 0.2867 -0.4219 0.0019, 0.4775 -0.431 0.0109, 0.5617 -0.4288 0.0075, 0.4756 -0.4307 0.0104, 0.4733 -0.4306 0.0101, 0.4724 -0.4306 0.0101, 0.4697 -0.4307 0.0103, 0.4674 -0.431 0.0109, 0.4663 -0.4311 0.0111, 0.2783 -0.4303 0.0099, 0.2775 -0.4311 0.0111, 0.4626 -0.4319 0.0129, 0.2763 -0.4324 0.0146, 0.4594 -0.4326 0.0153, 0.2761 -0.4325 0.0153, 0.4586 -0.4327 0.0162, 0.4574 -0.4329 0.0174, 0.2757 -0.4329 0.0175, 0.4855 -0.4326 0.0153, 0.5617 -0.4312 0.0113, 0.5617 -0.4326 0.0153, 0.4874 -0.4329 0.0174, 0.5617 -0.4331 0.0197, 0.5617 -0.4326 0.0155, 0.4863 -0.4327 0.0162, 0.315 0.4331 0.0591, 0.2756 0.4331 0.0197, 0.5617 0.4134 0.0, 0.2953 0.4134 0.0, 0.5788 -0.4134 0.0098, 0.5788 0.4134 0.0098, 0.6174 -0.4134 0.0768, 0.6174 0.4134 0.0768, 0.6102 0.4331 0.1037, 0.5617 0.4331 0.0197, 0.6102 -0.4331 0.1037, 0.5512 0.4331 0.0197, 0.4921 0.4331 0.0591, 0.5629 -0.4176 0.0005, 0.5697 -0.4134 0.0018, 0.5703 -0.4134 0.002, 0.57 -0.4156 0.002, 0.5736 -0.4166 0.0043, 0.5767 -0.4174 0.0075, 0.5751 -0.4211 0.0075, 0.5667 -0.4321 0.0168, 0.5667 -0.432 0.0155, 0.569 -0.4312 0.0155, 0.5655 -0.4326 0.0175, 0.5691 -0.4311 0.0154, 0.5663 -0.4306 0.0113, 0.5711 -0.4297 0.0143, 0.5784 -0.4178 0.0101, 0.5783 -0.4178 0.0101, 0.5771 -0.4219 0.0108, 0.577 -0.4222 0.0109, 0.5763 -0.4233 0.0113, 0.5657 -0.4283 0.0075, 0.5772 -0.4134 0.0075, 0.5763 -0.4134 0.0066, 0.5741 -0.4134 0.0043, 0.5733 -0.4134 0.0038, 0.5649 -0.4253 0.0043, 0.5724 -0.4196 0.0043, 0.5727 -0.4243 0.0075, 0.5743 -0.426 0.0113, 0.5751 -0.4257 0.012, 0.5746 -0.4262 0.0123, 0.564 -0.4217 0.002, 0.5705 -0.4221 0.0043, 0.5692 -0.4177 0.002, 0.566 -0.4145 0.0005, 0.5724 -0.4288 0.0135, 0.5706 -0.4288 0.0113, 0.5695 -0.4268 0.0075, 0.5679 -0.4241 0.0043, 0.566 -0.4208 0.002, 0.5639 -0.4172 0.0005, 0.5658 -0.4134 0.0005, 0.5661 -0.4134 0.0005, 0.5678 -0.4195 0.002, 0.5655 -0.4156 0.0005, 0.5648 -0.4165 0.0005, 0.2902 0.4185 0.0007, 0.2854 0.4232 0.0026, 0.2814 0.4273 0.0058, 0.2797 0.429 0.0077, 0.2782 0.4304 0.0098, 0.2771 0.4316 0.0122, 0.2763 0.4324 0.0146, 0.2758 0.4329 0.0171, 0.6121 -0.4329 0.1025, 0.6138 -0.4326 0.1011, 0.6143 -0.4324 0.1006, 0.6167 -0.4311 0.0977, 0.6173 -0.4303 0.0964, 0.6187 -0.4288 0.0938, 0.6194 -0.4273 0.0917, 0.6197 -0.4256 0.0896, 0.6201 -0.4232 0.0867, 0.6199 -0.4219 0.0852, 0.6191 -0.4178 0.0809, 0.6194 -0.4185 0.0816, 0.5772 0.4134 0.0075, 0.5763 0.4134 0.0066, 0.5741 0.4134 0.0043, 0.5733 0.4134 0.0038, 0.5703 0.4134 0.002, 0.5697 0.4134 0.0018, 0.5661 0.4134 0.0005, 0.5658 0.4134 0.0005, 0.5617 0.4323 0.0146, 0.5617 0.4326 0.0155, 0.5617 0.4312 0.0113, 0.5617 0.4303 0.0099, 0.5617 0.4288 0.0075, 0.5617 0.4272 0.0059, 0.5617 0.4257 0.0043, 0.5617 0.4232 0.0027, 0.5617 0.422 0.002, 0.5617 0.4185 0.0007, 0.5617 0.4178 0.0005, 0.6124 0.4329 0.1023, 0.6143 0.4324 0.1006, 0.616 0.4316 0.0986, 0.6174 0.4304 0.0965, 0.6186 0.429 0.0942, 0.6194 0.4273 0.0917, 0.6201 0.4232 0.0867, 0.6194 0.4185 0.0816, 0.566 0.4145 0.0005, 0.5703 0.4304 0.0148, 0.5711 0.4297 0.0143, 0.5706 0.4288 0.0113, 0.5765 0.4232 0.0112, 0.5769 0.4222 0.0109, 0.5751 0.4211 0.0075, 0.5782 0.4185 0.0102, 0.5783 0.4178 0.0101, 0.5767 0.4174 0.0075, 0.5738 0.4273 0.0127, 0.5745 0.4262 0.0123, 0.5743 0.426 0.0113, 0.5763 0.4235 0.0113, 0.5727 0.4243 0.0075, 0.5661 0.4324 0.0171, 0.5667 0.4321 0.0168, 0.5667 0.432 0.0155, 0.569 0.431 0.0155, 0.5663 0.4306 0.0113, 0.5657 0.4283 0.0075, 0.5649 0.4253 0.0043, 0.5736 0.4166 0.0043, 0.564 0.4217 0.002, 0.57 0.4156 0.002, 0.5629 0.4176 0.0005, 0.5695 0.4268 0.0075, 0.5679 0.4241 0.0043, 0.566 0.4208 0.002, 0.5639 0.4172 0.0005, 0.5705 0.4221 0.0043, 0.5678 0.4195 0.002, 0.5648 0.4165 0.0005, 0.5724 0.4196 0.0043, 0.5692 0.4177 0.002, 0.5655 0.4156 0.0005
            ]
        }
        coordIndex [
            0,1,2,-1,3,4,5,-1,5,6,7,-1,5,4,8,-1,7,9,5,-1,5,9,10,-1,5,10,3,-1,2,11,0,-1,0,11,12,-1,0,12,13,-1,14,15,5,-1,16,17,18,-1,18,19,16,-1,16,19,20,-1,16,20,21,-1,21,22,16,-1,16,22,23,-1,16,23,24,-1,15,25,5,-1,5,25,26,-1,5,26,27,-1,4,28,8,-1,8,28,29,-1,8,29,30,-1,13,31,0,-1,0,31,32,-1,0,32,5,-1,5,32,33,-1,5,33,14,-1,27,34,5,-1,5,34,35,-1,5,35,6,-1,36,37,16,-1,16,37,38,-1,16,38,17,-1,30,39,8,-1,8,39,40,-1,8,40,41,-1,41,42,8,-1,8,42,43,-1,8,43,44,-1,44,45,8,-1,8,45,46,-1,8,46,16,-1,16,46,47,-1,16,47,36,-1,48,49,50,-1,51,52,53,-1,53,52,54,-1,54,52,55,-1,55,52,56,-1,55,56,57,-1,58,59,60,-1,60,59,61,-1,60,61,62,-1,62,61,63,-1,62,63,64,-1,64,63,65,-1,64,65,57,-1,57,65,66,-1,57,66,55,-1,67,58,49,-1,49,58,68,-1,49,68,50,-1,67,69,58,-1,58,69,70,-1,58,70,59,-1,59,70,71,-1,59,71,72,-1,72,73,59,-1,59,73,74,-1,59,74,75,-1,75,74,76,-1,76,74,77,-1,76,77,78,-1,78,77,79,-1,78,79,80,-1,79,81,80,-1,80,81,82,-1,80,82,83,-1,83,82,1,-1,83,1,0,-1,48,50,84,-1,84,50,85,-1,84,85,86,-1,16,24,87,-1,88,16,89,-1,89,16,87,-1,89,87,86,-1,86,87,90,-1,86,90,84,-1,91,92,5,-1,5,92,0,-1,51,53,93,-1,93,53,94,-1,95,96,97,-1,97,96,98,-1,99,100,101,-1,101,100,88,-1,100,102,88,-1,88,102,16,-1,102,103,16,-1,16,103,8,-1,103,91,8,-1,8,91,5,-1,103,102,91,-1,91,102,92,-1,52,51,104,-1,105,106,107,-1,108,109,110,-1,111,112,113,-1,114,88,89,-1,114,89,111,-1,113,112,115,-1,115,112,116,-1,115,116,117,-1,118,119,109,-1,109,119,120,-1,109,120,110,-1,110,120,121,-1,110,121,122,-1,111,89,112,-1,112,89,86,-1,112,86,116,-1,86,85,116,-1,116,85,50,-1,116,50,123,-1,95,118,124,-1,124,118,109,-1,124,109,125,-1,125,109,108,-1,125,108,126,-1,126,108,127,-1,50,68,123,-1,123,68,58,-1,123,58,128,-1,106,127,107,-1,107,127,108,-1,107,108,129,-1,129,108,110,-1,129,110,130,-1,130,110,122,-1,130,122,131,-1,131,122,132,-1,131,132,133,-1,58,60,128,-1,128,60,62,-1,128,62,134,-1,130,135,129,-1,129,135,136,-1,129,136,107,-1,107,136,137,-1,107,137,105,-1,138,117,139,-1,139,117,116,-1,139,116,140,-1,140,116,123,-1,140,123,141,-1,141,123,128,-1,141,128,142,-1,142,128,134,-1,142,134,143,-1,143,134,104,-1,143,104,51,-1,51,144,137,-1,137,144,145,-1,137,145,105,-1,135,146,136,-1,136,146,147,-1,136,147,137,-1,137,147,51,-1,146,148,147,-1,147,148,51,-1,62,64,134,-1,134,64,57,-1,134,57,104,-1,104,57,56,-1,104,56,52,-1,133,138,131,-1,131,138,139,-1,131,139,130,-1,130,139,140,-1,130,140,135,-1,135,140,141,-1,135,141,146,-1,146,141,142,-1,146,142,148,-1,148,142,143,-1,148,143,51,-1,149,94,53,-1,53,54,149,-1,149,54,55,-1,149,55,150,-1,55,66,150,-1,150,66,65,-1,150,65,151,-1,65,63,151,-1,151,63,61,-1,151,61,152,-1,61,59,152,-1,152,59,75,-1,152,75,153,-1,153,75,76,-1,153,76,154,-1,154,76,78,-1,154,78,155,-1,155,78,156,-1,156,78,80,-1,156,80,92,-1,92,80,83,-1,92,83,0,-1,101,88,157,-1,157,88,114,-1,157,114,158,-1,158,114,159,-1,159,114,111,-1,159,111,160,-1,111,113,160,-1,160,113,115,-1,160,115,161,-1,161,115,117,-1,161,117,162,-1,162,117,138,-1,162,138,163,-1,163,138,164,-1,138,133,164,-1,164,133,132,-1,164,132,165,-1,165,132,122,-1,165,122,166,-1,120,119,167,-1,122,121,166,-1,166,121,120,-1,166,120,168,-1,168,120,167,-1,119,118,167,-1,167,118,95,-1,167,95,97,-1,96,95,169,-1,169,95,124,-1,169,124,170,-1,170,124,125,-1,170,125,171,-1,171,125,126,-1,171,126,172,-1,172,126,127,-1,172,127,173,-1,173,127,106,-1,173,106,174,-1,174,106,105,-1,174,105,175,-1,175,105,145,-1,175,145,176,-1,145,144,176,-1,176,144,51,-1,176,51,93,-1,156,92,102,-1,177,102,178,-1,178,102,100,-1,156,102,155,-1,155,102,177,-1,155,177,154,-1,154,177,179,-1,154,179,153,-1,153,179,180,-1,153,180,152,-1,152,180,181,-1,152,181,151,-1,181,182,151,-1,151,182,183,-1,151,183,150,-1,183,184,150,-1,150,184,185,-1,150,185,149,-1,149,185,186,-1,149,186,94,-1,94,186,187,-1,94,187,93,-1,101,157,99,-1,99,157,158,-1,99,158,188,-1,188,158,159,-1,188,159,189,-1,189,159,190,-1,190,159,160,-1,190,160,191,-1,191,160,161,-1,191,161,192,-1,192,161,162,-1,192,162,193,-1,193,162,163,-1,193,163,194,-1,163,164,194,-1,194,164,165,-1,194,165,195,-1,165,166,195,-1,195,166,168,-1,195,168,98,-1,98,168,167,-1,98,167,97,-1,176,93,196,-1,197,198,199,-1,200,201,202,-1,203,204,205,-1,205,204,96,-1,206,207,208,-1,208,207,209,-1,208,209,210,-1,211,212,213,-1,213,212,214,-1,213,214,215,-1,100,211,178,-1,178,211,213,-1,178,213,177,-1,177,213,215,-1,216,180,215,-1,215,180,179,-1,215,179,177,-1,217,182,216,-1,216,182,181,-1,216,181,180,-1,96,169,205,-1,205,169,170,-1,205,170,218,-1,219,184,217,-1,217,184,183,-1,217,183,182,-1,170,171,218,-1,218,171,172,-1,218,172,220,-1,93,187,221,-1,221,187,186,-1,221,186,219,-1,219,186,185,-1,219,185,184,-1,214,197,215,-1,215,197,199,-1,215,199,216,-1,216,199,222,-1,216,222,217,-1,217,222,223,-1,217,223,219,-1,219,223,224,-1,219,224,221,-1,221,224,225,-1,221,225,93,-1,198,206,199,-1,199,206,208,-1,199,208,222,-1,222,208,210,-1,222,210,223,-1,223,210,226,-1,223,226,224,-1,224,226,227,-1,224,227,225,-1,225,227,228,-1,225,228,93,-1,201,203,202,-1,202,203,205,-1,202,205,229,-1,229,205,218,-1,229,218,230,-1,230,218,220,-1,230,220,231,-1,231,220,196,-1,231,196,93,-1,172,173,220,-1,220,173,174,-1,220,174,196,-1,196,174,175,-1,196,175,176,-1,209,200,210,-1,210,200,202,-1,210,202,226,-1,226,202,229,-1,226,229,227,-1,227,229,230,-1,227,230,228,-1,228,230,231,-1,228,231,93,-1,195,98,96,-1,96,204,195,-1,195,204,203,-1,195,203,194,-1,203,201,194,-1,194,201,200,-1,194,200,193,-1,193,200,209,-1,209,207,193,-1,193,207,206,-1,193,206,192,-1,192,206,198,-1,192,198,191,-1,191,198,197,-1,191,197,190,-1,190,197,214,-1,190,214,189,-1,214,212,189,-1,189,212,211,-1,189,211,188,-1,188,211,100,-1,188,100,99,-1,
        ]
    }
}
Shape{
    appearance Appearance {
        material  Material 	{
            diffuseColor 0.9882352941176471 0.7372549019607844 0.5176470588235295
            specularColor 0.49411764705882355 0.3686274509803922 0.25882352941176473
            ambientIntensity 0.7873
            transparency 0.0
            shininess 0.5
        }
    }
    geometry IndexedFaceSet {
        ccw TRUE
        solid FALSE
        coord DEF co Coordinate {
            point [
                0.4577 -0.167 0.2133, 0.4585 -0.1621 0.2125, 0.4585 -0.4252 0.2125, 0.4724 -0.4252 0.2067, 0.4679 -0.093 0.2072, 0.4699 -0.0695 0.2069, 0.4704 -0.0611 0.2068, 0.4708 -0.0557 0.2068, 0.4718 -0.0346 0.2067, 0.472 -0.0293 0.2067, 0.4722 -0.0203 0.2067, 0.4722 -0.0193 0.2067, 0.4643 -0.1244 0.2085, 0.4668 -0.1021 0.2076, 0.4673 -0.4252 0.2074, 0.4674 -0.0974 0.2074, 0.4674 -0.0974 0.2074, 0.4615 -0.1434 0.2101, 0.462 -0.1406 0.2097, 0.4626 -0.4252 0.2093, 0.4626 -0.1361 0.2094, 0.4626 -0.1361 0.2094, 0.4587 -0.1612 0.2123, 0.4554 -0.4252 0.2165, 0.4534 -0.4252 0.2213, 0.4534 -0.1895 0.2213, 0.4535 -0.1891 0.2209, 0.4538 -0.1877 0.2201, 0.4543 -0.1853 0.219, 0.4551 -0.181 0.2171, 0.4554 -0.1795 0.2165, 0.4554 -0.1792 0.2165, 0.4528 -0.1926 0.2249, 0.4529 -0.1924 0.2243, 0.4531 -0.1914 0.223, 0.4533 -0.1901 0.2311, 0.453 -0.1917 0.2295, 0.4534 -0.4252 0.2315, 0.4529 -0.192 0.229, 0.4528 -0.1926 0.2279, 0.4528 -0.1927 0.2275, 0.4528 -0.1929 0.2265, 0.4528 -0.4252 0.2264, 0.4528 -0.1929 0.2264, 0.4528 -0.1929 0.226, 0.4547 -0.1829 0.235, 0.4543 -0.1853 0.2338, 0.4554 -0.4252 0.2362, 0.4537 -0.1881 0.2324, 0.4534 -0.1895 0.2315, 0.4585 -0.4252 0.2403, 0.4563 -0.1746 0.2377, 0.4554 -0.1792 0.2362, 0.4603 -0.1518 0.2418, 0.4585 -0.162 0.2403, 0.4582 -0.1638 0.24, 0.4655 -0.1148 0.2448, 0.4673 -0.4252 0.2454, 0.4668 -0.1021 0.2452, 0.4674 -0.0973 0.2453, 0.4626 -0.1361 0.2434, 0.4626 -0.1361 0.2434, 0.4626 -0.4252 0.2434, 0.4623 -0.1385 0.2432, 0.4615 -0.1434 0.2427, 0.472 -0.0286 0.2461, 0.471 -0.0513 0.246, 0.4724 -0.4252 0.2461, 0.4722 -0.0203 0.2461, 0.4703 -0.0611 0.2459, 0.4682 -0.0893 0.2456, 0.4674 -0.0973 0.2453, 0.4724 0.0 0.2067, 0.4775 0.0 0.2074, 0.4775 -0.4252 0.2074, 0.4823 0.0 0.2093, 0.4823 -0.4252 0.2093, 0.4864 0.0 0.2125, 0.4864 -0.4252 0.2125, 0.4895 0.0 0.2165, 0.4895 -0.4252 0.2165, 0.4915 0.0 0.2213, 0.4915 -0.4252 0.2213, 0.4921 0.0 0.2264, 0.4921 -0.4252 0.2264, 0.4915 0.0 0.2315, 0.4915 -0.4252 0.2315, 0.4895 0.0 0.2362, 0.4895 -0.4252 0.2362, 0.4864 0.0 0.2403, 0.4864 -0.4252 0.2403, 0.4823 0.0 0.2434, 0.4823 -0.4252 0.2434, 0.4775 0.0 0.2454, 0.4775 -0.4252 0.2454, 0.4724 0.0 0.2461, 0.4722 -0.0193 0.2461, 0.4724 -0.4449 0.187, 0.4724 -0.4444 0.1914, 0.4775 -0.4456 0.187, 0.4775 -0.445 0.1915, 0.4823 -0.4475 0.187, 0.4823 -0.447 0.192, 0.4864 -0.4506 0.187, 0.4864 -0.45 0.1927, 0.4895 -0.4547 0.187, 0.4895 -0.454 0.1936, 0.4915 -0.4595 0.187, 0.4915 -0.4586 0.1946, 0.4921 -0.4646 0.187, 0.4921 -0.4636 0.1958, 0.4915 -0.4697 0.187, 0.4915 -0.4685 0.1969, 0.4895 -0.4744 0.187, 0.4895 -0.4732 0.198, 0.4864 -0.4785 0.187, 0.4864 -0.4772 0.1989, 0.4823 -0.4816 0.187, 0.4823 -0.4802 0.1996, 0.4775 -0.4836 0.187, 0.4775 -0.4821 0.2, 0.4724 -0.4843 0.187, 0.4724 -0.4828 0.2001, 0.4673 -0.4836 0.187, 0.4673 -0.4821 0.2, 0.4626 -0.4816 0.187, 0.4626 -0.4802 0.1996, 0.4585 -0.4785 0.187, 0.4585 -0.4772 0.1989, 0.4554 -0.4744 0.187, 0.4554 -0.4732 0.198, 0.4534 -0.4697 0.187, 0.4534 -0.4685 0.1969, 0.4528 -0.4646 0.187, 0.4528 -0.4636 0.1958, 0.4534 -0.4595 0.187, 0.4534 -0.4586 0.1946, 0.4554 -0.4547 0.187, 0.4554 -0.454 0.1936, 0.4585 -0.4506 0.187, 0.4585 -0.45 0.1927, 0.4626 -0.4475 0.187, 0.4626 -0.447 0.192, 0.4673 -0.4456 0.187, 0.4673 -0.445 0.1915, 0.4724 -0.4429 0.1955, 0.4775 -0.4435 0.1958, 0.4823 -0.4453 0.1967, 0.4864 -0.4481 0.1981, 0.4895 -0.4518 0.1998, 0.4915 -0.4561 0.2019, 0.4921 -0.4607 0.2041, 0.4915 -0.4653 0.2063, 0.4895 -0.4695 0.2084, 0.4864 -0.4732 0.2101, 0.4823 -0.476 0.2115, 0.4775 -0.4778 0.2123, 0.4724 -0.4784 0.2126, 0.4673 -0.4778 0.2123, 0.4626 -0.476 0.2115, 0.4585 -0.4732 0.2101, 0.4554 -0.4695 0.2084, 0.4534 -0.4653 0.2063, 0.4528 -0.4607 0.2041, 0.4534 -0.4561 0.2019, 0.4554 -0.4518 0.1998, 0.4585 -0.4481 0.1981, 0.4626 -0.4453 0.1967, 0.4673 -0.4435 0.1958, 0.4724 -0.4406 0.1993, 0.4775 -0.4411 0.1997, 0.4823 -0.4426 0.2009, 0.4864 -0.4451 0.2029, 0.4895 -0.4483 0.2054, 0.4915 -0.452 0.2084, 0.4921 -0.456 0.2116, 0.4915 -0.46 0.2147, 0.4895 -0.4637 0.2177, 0.4864 -0.4669 0.2202, 0.4823 -0.4693 0.2222, 0.4775 -0.4708 0.2234, 0.4724 -0.4714 0.2238, 0.4673 -0.4708 0.2234, 0.4626 -0.4693 0.2222, 0.4585 -0.4669 0.2202, 0.4554 -0.4637 0.2177, 0.4534 -0.46 0.2147, 0.4528 -0.456 0.2116, 0.4534 -0.452 0.2084, 0.4554 -0.4483 0.2054, 0.4585 -0.4451 0.2029, 0.4626 -0.4426 0.2009, 0.4673 -0.4411 0.1997, 0.4724 -0.4375 0.2024, 0.4775 -0.4379 0.2029, 0.4823 -0.4391 0.2045, 0.4864 -0.4411 0.2069, 0.4895 -0.4436 0.2101, 0.4915 -0.4466 0.2138, 0.4921 -0.4497 0.2178, 0.4915 -0.4529 0.2218, 0.4895 -0.4559 0.2255, 0.4864 -0.4584 0.2287, 0.4823 -0.4604 0.2311, 0.4775 -0.4616 0.2327, 0.4724 -0.462 0.2332, 0.4673 -0.4616 0.2327, 0.4626 -0.4604 0.2311, 0.4585 -0.4584 0.2287, 0.4554 -0.4559 0.2255, 0.4534 -0.4529 0.2218, 0.4528 -0.4497 0.2178, 0.4534 -0.4466 0.2138, 0.4554 -0.4436 0.2101, 0.4585 -0.4411 0.2069, 0.4626 -0.4391 0.2045, 0.4673 -0.4379 0.2029, 0.4724 -0.4337 0.2047, 0.4775 -0.434 0.2053, 0.4823 -0.4349 0.2071, 0.4864 -0.4362 0.2099, 0.4895 -0.438 0.2136, 0.4915 -0.4401 0.2179, 0.4921 -0.4423 0.2225, 0.4915 -0.4445 0.2271, 0.4895 -0.4465 0.2313, 0.4864 -0.4483 0.235, 0.4823 -0.4497 0.2378, 0.4775 -0.4505 0.2396, 0.4724 -0.4508 0.2402, 0.4673 -0.4505 0.2396, 0.4626 -0.4497 0.2378, 0.4585 -0.4483 0.235, 0.4554 -0.4465 0.2313, 0.4534 -0.4445 0.2271, 0.4528 -0.4423 0.2225, 0.4534 -0.4401 0.2179, 0.4554 -0.438 0.2136, 0.4585 -0.4362 0.2099, 0.4626 -0.4349 0.2071, 0.4673 -0.434 0.2053, 0.4724 -0.4296 0.2062, 0.4775 -0.4297 0.2069, 0.4823 -0.4302 0.2088, 0.4864 -0.4309 0.2118, 0.4895 -0.4318 0.2158, 0.4915 -0.4328 0.2204, 0.4921 -0.434 0.2254, 0.4915 -0.4351 0.2304, 0.4895 -0.4361 0.235, 0.4864 -0.4371 0.239, 0.4823 -0.4378 0.242, 0.4775 -0.4382 0.2439, 0.4724 -0.4383 0.2446, 0.4673 -0.4382 0.2439, 0.4626 -0.4378 0.242, 0.4585 -0.4371 0.239, 0.4554 -0.4361 0.235, 0.4534 -0.4351 0.2304, 0.4528 -0.434 0.2254, 0.4534 -0.4328 0.2204, 0.4554 -0.4318 0.2158, 0.4585 -0.4309 0.2118, 0.4626 -0.4302 0.2088, 0.4673 -0.4297 0.2069, 0.4528 -0.4646 0.0689, 0.4534 -0.4595 0.0689, 0.4554 -0.4547 0.0689, 0.4585 -0.4506 0.0689, 0.4626 -0.4475 0.0689, 0.4673 -0.4456 0.0689, 0.4724 -0.4449 0.0689, 0.4775 -0.4456 0.0689, 0.4823 -0.4475 0.0689, 0.4864 -0.4506 0.0689, 0.4895 -0.4547 0.0689, 0.4915 -0.4595 0.0689, 0.4921 -0.4646 0.0689, 0.4915 -0.4697 0.0689, 0.4895 -0.4744 0.0689, 0.4864 -0.4785 0.0689, 0.4823 -0.4816 0.0689, 0.4775 -0.4836 0.0689, 0.4724 -0.4843 0.0689, 0.4673 -0.4836 0.0689, 0.4626 -0.4816 0.0689, 0.4585 -0.4785 0.0689, 0.4554 -0.4744 0.0689, 0.4534 -0.4697 0.0689, 0.4916 -0.4331 0.035, 0.4914 -0.4331 0.0355, 0.4915 -0.4363 0.0365, 0.4864 -0.4425 0.0185, 0.4874 -0.4329 0.0174, 0.4891 -0.4331 0.0197, 0.4895 -0.4411 0.0223, 0.4823 -0.4435 0.0155, 0.4855 -0.4326 0.0153, 0.4863 -0.4327 0.0162, 0.4775 -0.4441 0.0137, 0.4786 -0.4311 0.0111, 0.4823 -0.4319 0.0129, 0.4724 -0.4306 0.0101, 0.4733 -0.4306 0.0101, 0.4724 -0.4443 0.013, 0.4756 -0.4307 0.0104, 0.4775 -0.431 0.0109, 0.4697 -0.4307 0.0103, 0.4673 -0.4441 0.0137, 0.4674 -0.431 0.0109, 0.4663 -0.4311 0.0111, 0.4626 -0.4435 0.0155, 0.4626 -0.4319 0.0129, 0.4558 -0.4331 0.0197, 0.4574 -0.4329 0.0174, 0.4585 -0.4425 0.0185, 0.4586 -0.4327 0.0162, 0.4594 -0.4326 0.0153, 0.4557 -0.4331 0.0197, 0.4554 -0.4411 0.0223, 0.4554 -0.4331 0.0203, 0.454 -0.4331 0.0232, 0.4534 -0.4396 0.0268, 0.4536 -0.4331 0.0252, 0.4529 -0.4331 0.0279, 0.4528 -0.438 0.0317, 0.4528 -0.4331 0.03, 0.4533 -0.4331 0.0348, 0.4534 -0.4363 0.0365, 0.4534 -0.4331 0.0355, 0.4554 -0.4348 0.041, 0.4555 -0.4331 0.0404, 0.4538 -0.4331 0.0367, 0.4598 -0.4331 0.0459, 0.4586 -0.4331 0.0446, 0.4585 -0.4334 0.0448, 0.457 -0.4331 0.0429, 0.4559 -0.4331 0.0412, 0.4604 -0.4331 0.0464, 0.4585 -0.4391 0.0476, 0.4621 -0.4331 0.0477, 0.4626 -0.4374 0.0502, 0.4626 -0.4331 0.048, 0.4662 -0.4331 0.0498, 0.4673 -0.4363 0.0519, 0.4674 -0.4331 0.0501, 0.4775 -0.4363 0.0519, 0.475 -0.4331 0.0507, 0.4724 -0.436 0.0524, 0.4728 -0.4331 0.0509, 0.4685 -0.4331 0.0504, 0.4822 -0.4331 0.0479, 0.4808 -0.4331 0.0488, 0.4823 -0.4374 0.0502, 0.4793 -0.4331 0.0495, 0.4775 -0.4331 0.05, 0.4848 -0.4331 0.0462, 0.4864 -0.4391 0.0476, 0.4851 -0.4331 0.0459, 0.4864 -0.4334 0.0448, 0.4863 -0.4331 0.0447, 0.4859 -0.4331 0.0452, 0.489 -0.4331 0.0413, 0.4895 -0.4348 0.041, 0.4895 -0.4331 0.0404, 0.4899 -0.4331 0.0397, 0.492 -0.4331 0.033, 0.4921 -0.438 0.0317, 0.492 -0.4331 0.0303, 0.492 -0.4331 0.0281, 0.4915 -0.4396 0.0268, 0.4917 -0.4331 0.0259, 0.4895 -0.4331 0.0203, 0.4901 -0.4331 0.0215, 0.4914 -0.4331 0.0252, 0.4895 -0.4413 0.0442, 0.4915 -0.4439 0.0402, 0.4921 -0.4467 0.0359, 0.4915 -0.4495 0.0317, 0.4895 -0.4521 0.0277, 0.4864 -0.4543 0.0243, 0.4823 -0.456 0.0217, 0.4775 -0.4571 0.02, 0.4724 -0.4575 0.0194, 0.4673 -0.4571 0.02, 0.4626 -0.456 0.0217, 0.4585 -0.4543 0.0243, 0.4554 -0.4521 0.0277, 0.4534 -0.4495 0.0317, 0.4528 -0.4467 0.0359, 0.4534 -0.4439 0.0402, 0.4554 -0.4413 0.0442, 0.4724 -0.4397 0.0556, 0.4775 -0.4402 0.0551, 0.4823 -0.4416 0.0538, 0.4864 -0.4439 0.0517, 0.4895 -0.4469 0.0489, 0.4915 -0.4504 0.0457, 0.4921 -0.4542 0.0422, 0.4915 -0.4579 0.0388, 0.4895 -0.4614 0.0356, 0.4864 -0.4644 0.0328, 0.4823 -0.4667 0.0307, 0.4775 -0.4681 0.0293, 0.4724 -0.4686 0.0289, 0.4673 -0.4681 0.0293, 0.4626 -0.4667 0.0307, 0.4585 -0.4644 0.0328, 0.4554 -0.4614 0.0356, 0.4534 -0.4579 0.0388, 0.4528 -0.4542 0.0422, 0.4534 -0.4504 0.0457, 0.4554 -0.4469 0.0489, 0.4585 -0.4439 0.0517, 0.4626 -0.4416 0.0538, 0.4673 -0.4402 0.0551, 0.4724 -0.4425 0.0595, 0.4775 -0.4431 0.0592, 0.4823 -0.4448 0.0583, 0.4864 -0.4476 0.0568, 0.4895 -0.4512 0.0548, 0.4915 -0.4553 0.0526, 0.4921 -0.4598 0.0502, 0.4915 -0.4643 0.0477, 0.4895 -0.4685 0.0455, 0.4864 -0.4721 0.0435, 0.4823 -0.4748 0.042, 0.4775 -0.4765 0.0411, 0.4724 -0.4771 0.0408, 0.4673 -0.4765 0.0411, 0.4626 -0.4748 0.042, 0.4585 -0.4721 0.0435, 0.4554 -0.4685 0.0455, 0.4534 -0.4643 0.0477, 0.4528 -0.4598 0.0502, 0.4534 -0.4553 0.0526, 0.4554 -0.4512 0.0548, 0.4585 -0.4476 0.0568, 0.4626 -0.4448 0.0583, 0.4673 -0.4431 0.0592, 0.4724 -0.4443 0.0641, 0.4775 -0.4449 0.0639, 0.4823 -0.4468 0.0634, 0.4864 -0.4499 0.0626, 0.4895 -0.4538 0.0616, 0.4915 -0.4584 0.0605, 0.4921 -0.4634 0.0592, 0.4915 -0.4683 0.058, 0.4895 -0.4729 0.0568, 0.4864 -0.4769 0.0558, 0.4823 -0.4799 0.055, 0.4775 -0.4818 0.0546, 0.4724 -0.4824 0.0544, 0.4673 -0.4818 0.0546, 0.4626 -0.4799 0.055, 0.4585 -0.4769 0.0558, 0.4554 -0.4729 0.0568, 0.4534 -0.4683 0.058, 0.4528 -0.4634 0.0592, 0.4534 -0.4584 0.0605, 0.4554 -0.4538 0.0616, 0.4585 -0.4499 0.0626, 0.4626 -0.4468 0.0634, 0.4673 -0.4449 0.0639, -0.4626 -0.3858 0.0125, -0.4673 -0.3858 0.0105, -0.4724 -0.3858 0.0295, -0.4724 -0.3858 0.0098, -0.4775 -0.3858 0.0105, -0.4534 -0.3858 0.0244, -0.4554 -0.3858 0.0197, -0.4585 -0.3858 0.0156, -0.4554 -0.3858 0.0394, -0.4534 -0.3858 0.0346, -0.4528 -0.3858 0.0295, -0.4673 -0.3858 0.0485, -0.4626 -0.3858 0.0466, -0.4585 -0.3858 0.0434, -0.4823 -0.3858 0.0466, -0.4775 -0.3858 0.0485, -0.4724 -0.3858 0.0492, -0.4915 -0.3858 0.0346, -0.4895 -0.3858 0.0394, -0.4864 -0.3858 0.0434, -0.4895 -0.3858 0.0197, -0.4915 -0.3858 0.0244, -0.4921 -0.3858 0.0295, -0.4823 -0.3858 0.0125, -0.4864 -0.3858 0.0156, -0.4674 -0.0973 0.2453, -0.4724 -0.4252 0.2461, -0.4674 -0.0973 0.2453, -0.4673 -0.4252 0.2454, -0.4682 -0.0893 0.2456, -0.4688 -0.0815 0.2457, -0.471 -0.0513 0.246, -0.4715 -0.0407 0.246, -0.472 -0.0286 0.2461, -0.4722 -0.0193 0.2461, -0.4626 -0.1361 0.2434, -0.4644 -0.1227 0.2443, -0.4655 -0.1148 0.2448, -0.4626 -0.1361 0.2434, -0.4626 -0.4252 0.2434, -0.4623 -0.1385 0.2432, -0.4582 -0.1643 0.2399, -0.4582 -0.1638 0.24, -0.4585 -0.4252 0.2403, -0.4585 -0.162 0.2403, -0.4603 -0.1518 0.2418, -0.4537 -0.1881 0.2324, -0.4554 -0.4252 0.2362, -0.4534 -0.1895 0.2315, -0.4534 -0.4252 0.2315, -0.4533 -0.1901 0.2311, -0.4547 -0.1829 0.235, -0.4554 -0.1792 0.2362, -0.4563 -0.1746 0.2377, -0.4528 -0.1927 0.2275, -0.4528 -0.1926 0.2279, -0.4529 -0.192 0.229, -0.453 -0.1917 0.2295, -0.4534 -0.4252 0.2213, -0.4531 -0.1914 0.223, -0.4529 -0.1924 0.2243, -0.4528 -0.1926 0.2249, -0.4528 -0.1929 0.226, -0.4528 -0.4252 0.2264, -0.4528 -0.1929 0.2264, -0.4528 -0.1929 0.2265, -0.4551 -0.181 0.2171, -0.4538 -0.1877 0.2201, -0.4554 -0.4252 0.2165, -0.4535 -0.1891 0.2209, -0.4534 -0.1895 0.2213, -0.4585 -0.4252 0.2125, -0.4585 -0.1621 0.2125, -0.4582 -0.1643 0.2129, -0.4577 -0.167 0.2133, -0.4554 -0.1792 0.2165, -0.4554 -0.1795 0.2165, -0.4643 -0.1244 0.2085, -0.4626 -0.1361 0.2094, -0.4673 -0.4252 0.2074, -0.4626 -0.1361 0.2094, -0.4626 -0.4252 0.2093, -0.462 -0.1406 0.2097, -0.4587 -0.1612 0.2123, -0.472 -0.0293 0.2067, -0.4718 -0.0346 0.2067, -0.4724 -0.4252 0.2067, -0.4715 -0.0407 0.2067, -0.4708 -0.0557 0.2068, -0.4699 -0.0695 0.2069, -0.4689 -0.0815 0.2071, -0.4679 -0.093 0.2072, -0.4674 -0.0974 0.2074, -0.4674 -0.0974 0.2074, -0.4645 -0.1227 0.2084, -0.4724 0.0 0.2461, -0.4775 0.0 0.2454, -0.4775 -0.4252 0.2454, -0.4823 0.0 0.2434, -0.4823 -0.4252 0.2434, -0.4864 0.0 0.2403, -0.4864 -0.4252 0.2403, -0.4895 0.0 0.2362, -0.4895 -0.4252 0.2362, -0.4915 0.0 0.2315, -0.4915 -0.4252 0.2315, -0.4921 0.0 0.2264, -0.4921 -0.4252 0.2264, -0.4915 0.0 0.2213, -0.4915 -0.4252 0.2213, -0.4895 0.0 0.2165, -0.4895 -0.4252 0.2165, -0.4864 0.0 0.2125, -0.4864 -0.4252 0.2125, -0.4823 0.0 0.2093, -0.4823 -0.4252 0.2093, -0.4775 0.0 0.2074, -0.4775 -0.4252 0.2074, -0.4724 0.0 0.2067, -0.4722 -0.0193 0.2067, -0.4724 -0.4449 0.187, -0.4724 -0.4444 0.1914, -0.4673 -0.4456 0.187, -0.4673 -0.445 0.1915, -0.4626 -0.4475 0.187, -0.4626 -0.447 0.192, -0.4585 -0.4506 0.187, -0.4585 -0.45 0.1927, -0.4554 -0.4547 0.187, -0.4554 -0.454 0.1936, -0.4534 -0.4595 0.187, -0.4534 -0.4586 0.1946, -0.4528 -0.4646 0.187, -0.4528 -0.4636 0.1958, -0.4534 -0.4697 0.187, -0.4534 -0.4685 0.1969, -0.4554 -0.4744 0.187, -0.4554 -0.4732 0.198, -0.4585 -0.4785 0.187, -0.4585 -0.4772 0.1989, -0.4626 -0.4816 0.187, -0.4626 -0.4802 0.1996, -0.4673 -0.4836 0.187, -0.4673 -0.4821 0.2, -0.4724 -0.4843 0.187, -0.4724 -0.4828 0.2001, -0.4775 -0.4836 0.187, -0.4775 -0.4821 0.2, -0.4823 -0.4816 0.187, -0.4823 -0.4802 0.1996, -0.4864 -0.4785 0.187, -0.4864 -0.4772 0.1989, -0.4895 -0.4744 0.187, -0.4895 -0.4732 0.198, -0.4915 -0.4697 0.187, -0.4915 -0.4685 0.1969, -0.4921 -0.4646 0.187, -0.4921 -0.4636 0.1958, -0.4915 -0.4595 0.187, -0.4915 -0.4586 0.1946, -0.4895 -0.4547 0.187, -0.4895 -0.454 0.1936, -0.4864 -0.4506 0.187, -0.4864 -0.45 0.1927, -0.4823 -0.4475 0.187, -0.4823 -0.447 0.192, -0.4775 -0.4456 0.187, -0.4775 -0.445 0.1915, -0.4724 -0.4429 0.1955, -0.4673 -0.4435 0.1958, -0.4626 -0.4453 0.1967, -0.4585 -0.4481 0.1981, -0.4554 -0.4518 0.1998, -0.4534 -0.4561 0.2019, -0.4528 -0.4607 0.2041, -0.4534 -0.4653 0.2063, -0.4554 -0.4695 0.2084, -0.4585 -0.4732 0.2101, -0.4626 -0.476 0.2115, -0.4673 -0.4778 0.2123, -0.4724 -0.4784 0.2126, -0.4775 -0.4778 0.2123, -0.4823 -0.476 0.2115, -0.4864 -0.4732 0.2101, -0.4895 -0.4695 0.2084, -0.4915 -0.4653 0.2063, -0.4921 -0.4607 0.2041, -0.4915 -0.4561 0.2019, -0.4895 -0.4518 0.1998, -0.4864 -0.4481 0.1981, -0.4823 -0.4453 0.1967, -0.4775 -0.4435 0.1958, -0.4724 -0.4406 0.1993, -0.4673 -0.4411 0.1997, -0.4626 -0.4426 0.2009, -0.4585 -0.4451 0.2029, -0.4554 -0.4483 0.2054, -0.4534 -0.452 0.2084, -0.4528 -0.456 0.2116, -0.4534 -0.46 0.2147, -0.4554 -0.4637 0.2177, -0.4585 -0.4669 0.2202, -0.4626 -0.4693 0.2222, -0.4673 -0.4708 0.2234, -0.4724 -0.4714 0.2238, -0.4775 -0.4708 0.2234, -0.4823 -0.4693 0.2222, -0.4864 -0.4669 0.2202, -0.4895 -0.4637 0.2177, -0.4915 -0.46 0.2147, -0.4921 -0.456 0.2116, -0.4915 -0.452 0.2084, -0.4895 -0.4483 0.2054, -0.4864 -0.4451 0.2029, -0.4823 -0.4426 0.2009, -0.4775 -0.4411 0.1997, -0.4724 -0.4375 0.2024, -0.4673 -0.4379 0.2029, -0.4626 -0.4391 0.2045, -0.4585 -0.4411 0.2069, -0.4554 -0.4436 0.2101, -0.4534 -0.4466 0.2138, -0.4528 -0.4497 0.2178, -0.4534 -0.4529 0.2218, -0.4554 -0.4559 0.2255, -0.4585 -0.4584 0.2287, -0.4626 -0.4604 0.2311, -0.4673 -0.4616 0.2327, -0.4724 -0.462 0.2332, -0.4775 -0.4616 0.2327, -0.4823 -0.4604 0.2311, -0.4864 -0.4584 0.2287, -0.4895 -0.4559 0.2255, -0.4915 -0.4529 0.2218, -0.4921 -0.4497 0.2178, -0.4915 -0.4466 0.2138, -0.4895 -0.4436 0.2101, -0.4864 -0.4411 0.2069, -0.4823 -0.4391 0.2045, -0.4775 -0.4379 0.2029, -0.4724 -0.4337 0.2047, -0.4673 -0.434 0.2053, -0.4626 -0.4349 0.2071, -0.4585 -0.4362 0.2099, -0.4554 -0.438 0.2136, -0.4534 -0.4401 0.2179, -0.4528 -0.4423 0.2225, -0.4534 -0.4445 0.2271, -0.4554 -0.4465 0.2313, -0.4585 -0.4483 0.235, -0.4626 -0.4497 0.2378, -0.4673 -0.4505 0.2396, -0.4724 -0.4508 0.2402, -0.4775 -0.4505 0.2396, -0.4823 -0.4497 0.2378, -0.4864 -0.4483 0.235, -0.4895 -0.4465 0.2313, -0.4915 -0.4445 0.2271, -0.4921 -0.4423 0.2225, -0.4915 -0.4401 0.2179, -0.4895 -0.438 0.2136, -0.4864 -0.4362 0.2099, -0.4823 -0.4349 0.2071, -0.4775 -0.434 0.2053, -0.4724 -0.4296 0.2062, -0.4673 -0.4297 0.2069, -0.4626 -0.4302 0.2088, -0.4585 -0.4309 0.2118, -0.4554 -0.4318 0.2158, -0.4534 -0.4328 0.2204, -0.4528 -0.434 0.2254, -0.4534 -0.4351 0.2304, -0.4554 -0.4361 0.235, -0.4585 -0.4371 0.239, -0.4626 -0.4378 0.242, -0.4673 -0.4382 0.2439, -0.4724 -0.4383 0.2446, -0.4775 -0.4382 0.2439, -0.4823 -0.4378 0.242, -0.4864 -0.4371 0.239, -0.4895 -0.4361 0.235, -0.4915 -0.4351 0.2304, -0.4921 -0.434 0.2254, -0.4915 -0.4328 0.2204, -0.4895 -0.4318 0.2158, -0.4864 -0.4309 0.2118, -0.4823 -0.4302 0.2088, -0.4775 -0.4297 0.2069, -0.4921 -0.4646 0.0689, -0.4915 -0.4595 0.0689, -0.4895 -0.4547 0.0689, -0.4864 -0.4506 0.0689, -0.4823 -0.4475 0.0689, -0.4775 -0.4456 0.0689, -0.4724 -0.4449 0.0689, -0.4673 -0.4456 0.0689, -0.4626 -0.4475 0.0689, -0.4585 -0.4506 0.0689, -0.4554 -0.4547 0.0689, -0.4534 -0.4595 0.0689, -0.4528 -0.4646 0.0689, -0.4534 -0.4697 0.0689, -0.4554 -0.4744 0.0689, -0.4585 -0.4785 0.0689, -0.4626 -0.4816 0.0689, -0.4673 -0.4836 0.0689, -0.4724 -0.4843 0.0689, -0.4775 -0.4836 0.0689, -0.4823 -0.4816 0.0689, -0.4864 -0.4785 0.0689, -0.4895 -0.4744 0.0689, -0.4915 -0.4697 0.0689, -0.4724 -0.4252 0.0492, -0.4724 -0.4296 0.0497, -0.4673 -0.4252 0.0485, -0.4673 -0.4297 0.0491, -0.4626 -0.4252 0.0466, -0.4626 -0.4302 0.0471, -0.4585 -0.4252 0.0434, -0.4585 -0.4309 0.0441, -0.4554 -0.4252 0.0394, -0.4554 -0.4318 0.0401, -0.4534 -0.4252 0.0346, -0.4534 -0.4328 0.0355, -0.4528 -0.4252 0.0295, -0.4528 -0.434 0.0305, -0.4534 -0.4252 0.0244, -0.4534 -0.4351 0.0255, -0.4554 -0.4252 0.0197, -0.4554 -0.4361 0.0209, -0.4585 -0.4252 0.0156, -0.4585 -0.4371 0.0169, -0.4626 -0.4252 0.0125, -0.4626 -0.4378 0.0139, -0.4673 -0.4252 0.0105, -0.4673 -0.4382 0.012, -0.4724 -0.4252 0.0098, -0.4724 -0.4383 0.0113, -0.4775 -0.4252 0.0105, -0.4775 -0.4382 0.012, -0.4823 -0.4252 0.0125, -0.4823 -0.4378 0.0139, -0.4864 -0.4252 0.0156, -0.4864 -0.4371 0.0169, -0.4895 -0.4252 0.0197, -0.4895 -0.4361 0.0209, -0.4915 -0.4252 0.0244, -0.4915 -0.4351 0.0255, -0.4921 -0.4252 0.0295, -0.4921 -0.434 0.0305, -0.4915 -0.4252 0.0346, -0.4915 -0.4328 0.0355, -0.4895 -0.4252 0.0394, -0.4895 -0.4318 0.0401, -0.4864 -0.4252 0.0434, -0.4864 -0.4309 0.0441, -0.4823 -0.4252 0.0466, -0.4823 -0.4302 0.0471, -0.4775 -0.4252 0.0485, -0.4775 -0.4297 0.0491, -0.4724 -0.4337 0.0512, -0.4673 -0.434 0.0506, -0.4626 -0.4349 0.0488, -0.4585 -0.4362 0.046, -0.4554 -0.438 0.0423, -0.4534 -0.4401 0.038, -0.4528 -0.4423 0.0334, -0.4534 -0.4445 0.0288, -0.4554 -0.4465 0.0246, -0.4585 -0.4483 0.0209, -0.4626 -0.4497 0.0181, -0.4673 -0.4505 0.0163, -0.4724 -0.4508 0.0157, -0.4775 -0.4505 0.0163, -0.4823 -0.4497 0.0181, -0.4864 -0.4483 0.0209, -0.4895 -0.4465 0.0246, -0.4915 -0.4445 0.0288, -0.4921 -0.4423 0.0334, -0.4915 -0.4401 0.038, -0.4895 -0.438 0.0423, -0.4864 -0.4362 0.046, -0.4823 -0.4349 0.0488, -0.4775 -0.434 0.0506, -0.4724 -0.4375 0.0535, -0.4673 -0.4379 0.053, -0.4626 -0.4391 0.0514, -0.4585 -0.4411 0.049, -0.4554 -0.4436 0.0458, -0.4534 -0.4466 0.0421, -0.4528 -0.4497 0.0381, -0.4534 -0.4529 0.0341, -0.4554 -0.4559 0.0304, -0.4585 -0.4584 0.0272, -0.4626 -0.4604 0.0248, -0.4673 -0.4616 0.0233, -0.4724 -0.462 0.0227, -0.4775 -0.4616 0.0233, -0.4823 -0.4604 0.0248, -0.4864 -0.4584 0.0272, -0.4895 -0.4559 0.0304, -0.4915 -0.4529 0.0341, -0.4921 -0.4497 0.0381, -0.4915 -0.4466 0.0421, -0.4895 -0.4436 0.0458, -0.4864 -0.4411 0.049, -0.4823 -0.4391 0.0514, -0.4775 -0.4379 0.053, -0.4724 -0.4406 0.0566, -0.4673 -0.4411 0.0562, -0.4626 -0.4426 0.055, -0.4585 -0.4451 0.053, -0.4554 -0.4483 0.0505, -0.4534 -0.452 0.0475, -0.4528 -0.456 0.0444, -0.4534 -0.46 0.0412, -0.4554 -0.4637 0.0382, -0.4585 -0.4669 0.0357, -0.4626 -0.4693 0.0337, -0.4673 -0.4708 0.0325, -0.4724 -0.4714 0.0321, -0.4775 -0.4708 0.0325, -0.4823 -0.4693 0.0337, -0.4864 -0.4669 0.0357, -0.4895 -0.4637 0.0382, -0.4915 -0.46 0.0412, -0.4921 -0.456 0.0444, -0.4915 -0.452 0.0475, -0.4895 -0.4483 0.0505, -0.4864 -0.4451 0.053, -0.4823 -0.4426 0.055, -0.4775 -0.4411 0.0562, -0.4724 -0.4429 0.0604, -0.4673 -0.4435 0.0601, -0.4626 -0.4453 0.0592, -0.4585 -0.4481 0.0579, -0.4554 -0.4518 0.0561, -0.4534 -0.4561 0.054, -0.4528 -0.4607 0.0518, -0.4534 -0.4653 0.0496, -0.4554 -0.4695 0.0475, -0.4585 -0.4732 0.0458, -0.4626 -0.476 0.0444, -0.4673 -0.4778 0.0436, -0.4724 -0.4784 0.0433, -0.4775 -0.4778 0.0436, -0.4823 -0.476 0.0444, -0.4864 -0.4732 0.0458, -0.4895 -0.4695 0.0475, -0.4915 -0.4653 0.0496, -0.4921 -0.4607 0.0518, -0.4915 -0.4561 0.054, -0.4895 -0.4518 0.0561, -0.4864 -0.4481 0.0579, -0.4823 -0.4453 0.0592, -0.4775 -0.4435 0.0601, -0.4724 -0.4444 0.0645, -0.4673 -0.445 0.0644, -0.4626 -0.447 0.0639, -0.4585 -0.45 0.0632, -0.4554 -0.454 0.0623, -0.4534 -0.4586 0.0613, -0.4528 -0.4636 0.0601, -0.4534 -0.4685 0.059, -0.4554 -0.4732 0.0579, -0.4585 -0.4772 0.057, -0.4626 -0.4802 0.0563, -0.4673 -0.4821 0.0559, -0.4724 -0.4828 0.0558, -0.4775 -0.4821 0.0559, -0.4823 -0.4802 0.0563, -0.4864 -0.4772 0.057, -0.4895 -0.4732 0.0579, -0.4915 -0.4685 0.059, -0.4921 -0.4636 0.0601, -0.4915 -0.4586 0.0613, -0.4895 -0.454 0.0623, -0.4864 -0.45 0.0632, -0.4823 -0.447 0.0639, -0.4775 -0.445 0.0644
            ]
        }
        coordIndex [
            0,1,2,-1,3,4,5,-1,5,6,3,-1,3,6,7,-1,3,7,8,-1,8,9,3,-1,3,9,10,-1,3,10,11,-1,12,13,14,-1,14,13,15,-1,14,15,3,-1,3,15,16,-1,3,16,4,-1,17,18,19,-1,19,18,20,-1,19,20,14,-1,14,20,21,-1,14,21,12,-1,2,1,19,-1,19,1,22,-1,19,22,17,-1,23,24,25,-1,25,26,23,-1,23,26,27,-1,23,27,28,-1,28,29,23,-1,23,29,30,-1,23,30,2,-1,2,30,31,-1,2,31,0,-1,32,33,24,-1,24,33,34,-1,24,34,25,-1,35,36,37,-1,37,36,38,-1,37,38,39,-1,39,40,37,-1,37,40,41,-1,37,41,42,-1,42,41,43,-1,42,43,24,-1,24,43,44,-1,24,44,32,-1,45,46,47,-1,47,46,48,-1,47,48,37,-1,37,48,49,-1,37,49,35,-1,50,51,47,-1,47,51,52,-1,47,52,45,-1,53,54,50,-1,50,54,55,-1,50,55,51,-1,56,57,58,-1,58,57,59,-1,56,60,57,-1,57,60,61,-1,57,61,62,-1,62,61,63,-1,62,63,50,-1,50,63,64,-1,50,64,53,-1,65,66,67,-1,65,67,68,-1,66,69,67,-1,67,69,70,-1,67,70,57,-1,57,70,71,-1,57,71,59,-1,11,72,3,-1,3,72,73,-1,3,73,74,-1,74,73,75,-1,74,75,76,-1,76,75,77,-1,76,77,78,-1,78,77,79,-1,78,79,80,-1,80,79,81,-1,80,81,82,-1,82,81,83,-1,82,83,84,-1,84,83,85,-1,84,85,86,-1,86,85,87,-1,86,87,88,-1,88,87,89,-1,88,89,90,-1,90,89,91,-1,90,91,92,-1,92,91,93,-1,92,93,94,-1,94,93,95,-1,94,95,67,-1,67,95,96,-1,67,96,68,-1,97,98,99,-1,99,98,100,-1,99,100,101,-1,101,100,102,-1,101,102,103,-1,103,102,104,-1,103,104,105,-1,105,104,106,-1,105,106,107,-1,107,106,108,-1,107,108,109,-1,109,108,110,-1,109,110,111,-1,111,110,112,-1,111,112,113,-1,113,112,114,-1,113,114,115,-1,115,114,116,-1,115,116,117,-1,117,116,118,-1,117,118,119,-1,119,118,120,-1,119,120,121,-1,121,120,122,-1,121,122,123,-1,123,122,124,-1,123,124,125,-1,125,124,126,-1,125,126,127,-1,127,126,128,-1,127,128,129,-1,129,128,130,-1,129,130,131,-1,131,130,132,-1,131,132,133,-1,133,132,134,-1,133,134,135,-1,135,134,136,-1,135,136,137,-1,137,136,138,-1,137,138,139,-1,139,138,140,-1,139,140,141,-1,141,140,142,-1,141,142,143,-1,143,142,144,-1,143,144,97,-1,97,144,98,-1,98,145,100,-1,100,145,146,-1,100,146,102,-1,102,146,147,-1,102,147,104,-1,104,147,148,-1,104,148,106,-1,106,148,149,-1,106,149,108,-1,108,149,150,-1,108,150,110,-1,110,150,151,-1,110,151,112,-1,112,151,152,-1,112,152,114,-1,114,152,153,-1,114,153,116,-1,116,153,154,-1,116,154,118,-1,118,154,155,-1,118,155,120,-1,120,155,156,-1,120,156,122,-1,122,156,157,-1,122,157,124,-1,124,157,158,-1,124,158,126,-1,126,158,159,-1,126,159,128,-1,128,159,160,-1,128,160,130,-1,130,160,161,-1,130,161,132,-1,132,161,162,-1,132,162,134,-1,134,162,163,-1,134,163,136,-1,136,163,164,-1,136,164,138,-1,138,164,165,-1,138,165,140,-1,140,165,166,-1,140,166,142,-1,142,166,167,-1,142,167,144,-1,144,167,168,-1,144,168,98,-1,98,168,145,-1,145,169,146,-1,146,169,170,-1,146,170,147,-1,147,170,171,-1,147,171,148,-1,148,171,172,-1,148,172,149,-1,149,172,173,-1,149,173,150,-1,150,173,174,-1,150,174,151,-1,151,174,175,-1,151,175,152,-1,152,175,176,-1,152,176,153,-1,153,176,177,-1,153,177,154,-1,154,177,178,-1,154,178,155,-1,155,178,179,-1,155,179,156,-1,156,179,180,-1,156,180,157,-1,157,180,181,-1,157,181,158,-1,158,181,182,-1,158,182,159,-1,159,182,183,-1,159,183,160,-1,160,183,184,-1,160,184,161,-1,161,184,185,-1,161,185,162,-1,162,185,186,-1,162,186,163,-1,163,186,187,-1,163,187,164,-1,164,187,188,-1,164,188,165,-1,165,188,189,-1,165,189,166,-1,166,189,190,-1,166,190,167,-1,167,190,191,-1,167,191,168,-1,168,191,192,-1,168,192,145,-1,145,192,169,-1,169,193,170,-1,170,193,194,-1,170,194,171,-1,171,194,195,-1,171,195,172,-1,172,195,196,-1,172,196,173,-1,173,196,197,-1,173,197,174,-1,174,197,198,-1,174,198,175,-1,175,198,199,-1,175,199,176,-1,176,199,200,-1,176,200,177,-1,177,200,201,-1,177,201,178,-1,178,201,202,-1,178,202,179,-1,179,202,203,-1,179,203,180,-1,180,203,204,-1,180,204,181,-1,181,204,205,-1,181,205,182,-1,182,205,206,-1,182,206,183,-1,183,206,207,-1,183,207,184,-1,184,207,208,-1,184,208,185,-1,185,208,209,-1,185,209,186,-1,186,209,210,-1,186,210,187,-1,187,210,211,-1,187,211,188,-1,188,211,212,-1,188,212,189,-1,189,212,213,-1,189,213,190,-1,190,213,214,-1,190,214,191,-1,191,214,215,-1,191,215,192,-1,192,215,216,-1,192,216,169,-1,169,216,193,-1,193,217,194,-1,194,217,218,-1,194,218,195,-1,195,218,219,-1,195,219,196,-1,196,219,220,-1,196,220,197,-1,197,220,221,-1,197,221,198,-1,198,221,222,-1,198,222,199,-1,199,222,223,-1,199,223,200,-1,200,223,224,-1,200,224,201,-1,201,224,225,-1,201,225,202,-1,202,225,226,-1,202,226,203,-1,203,226,227,-1,203,227,204,-1,204,227,228,-1,204,228,205,-1,205,228,229,-1,205,229,206,-1,206,229,230,-1,206,230,207,-1,207,230,231,-1,207,231,208,-1,208,231,232,-1,208,232,209,-1,209,232,233,-1,209,233,210,-1,210,233,234,-1,210,234,211,-1,211,234,235,-1,211,235,212,-1,212,235,236,-1,212,236,213,-1,213,236,237,-1,213,237,214,-1,214,237,238,-1,214,238,215,-1,215,238,239,-1,215,239,216,-1,216,239,240,-1,216,240,193,-1,193,240,217,-1,217,241,218,-1,218,241,242,-1,218,242,219,-1,219,242,243,-1,219,243,220,-1,220,243,244,-1,220,244,221,-1,221,244,245,-1,221,245,222,-1,222,245,246,-1,222,246,223,-1,223,246,247,-1,223,247,224,-1,224,247,248,-1,224,248,225,-1,225,248,249,-1,225,249,226,-1,226,249,250,-1,226,250,227,-1,227,250,251,-1,227,251,228,-1,228,251,252,-1,228,252,229,-1,229,252,253,-1,229,253,230,-1,230,253,254,-1,230,254,231,-1,231,254,255,-1,231,255,232,-1,232,255,256,-1,232,256,233,-1,233,256,257,-1,233,257,234,-1,234,257,258,-1,234,258,235,-1,235,258,259,-1,235,259,236,-1,236,259,260,-1,236,260,237,-1,237,260,261,-1,237,261,238,-1,238,261,262,-1,238,262,239,-1,239,262,263,-1,239,263,240,-1,240,263,264,-1,240,264,217,-1,217,264,241,-1,241,3,242,-1,242,3,74,-1,242,74,243,-1,243,74,76,-1,243,76,244,-1,244,76,78,-1,244,78,245,-1,245,78,80,-1,245,80,246,-1,246,80,82,-1,246,82,247,-1,247,82,84,-1,247,84,248,-1,248,84,86,-1,248,86,249,-1,249,86,88,-1,249,88,250,-1,250,88,90,-1,250,90,251,-1,251,90,92,-1,251,92,252,-1,252,92,94,-1,252,94,253,-1,253,94,67,-1,253,67,254,-1,254,67,57,-1,254,57,255,-1,255,57,62,-1,255,62,256,-1,256,62,50,-1,256,50,257,-1,257,50,47,-1,257,47,258,-1,258,47,37,-1,258,37,259,-1,259,37,42,-1,259,42,260,-1,260,42,24,-1,260,24,261,-1,261,24,23,-1,261,23,262,-1,262,23,2,-1,262,2,263,-1,263,2,19,-1,263,19,264,-1,264,19,14,-1,264,14,241,-1,241,14,3,-1,265,135,266,-1,266,135,137,-1,266,137,267,-1,267,137,139,-1,267,139,268,-1,268,139,141,-1,268,141,269,-1,269,141,143,-1,269,143,270,-1,270,143,97,-1,270,97,271,-1,271,97,99,-1,271,99,272,-1,272,99,101,-1,272,101,273,-1,273,101,103,-1,273,103,274,-1,274,103,105,-1,274,105,275,-1,275,105,107,-1,275,107,276,-1,276,107,109,-1,276,109,277,-1,277,109,111,-1,277,111,278,-1,278,111,113,-1,278,113,279,-1,279,113,115,-1,279,115,280,-1,280,115,117,-1,280,117,281,-1,281,117,119,-1,281,119,282,-1,282,119,121,-1,282,121,283,-1,283,121,123,-1,283,123,284,-1,284,123,125,-1,284,125,285,-1,285,125,127,-1,285,127,286,-1,286,127,129,-1,286,129,287,-1,287,129,131,-1,287,131,288,-1,288,131,133,-1,288,133,265,-1,265,133,135,-1,289,290,291,-1,292,293,294,-1,292,294,295,-1,296,297,292,-1,292,297,298,-1,292,298,293,-1,299,300,296,-1,296,300,301,-1,296,301,297,-1,302,303,304,-1,304,303,305,-1,304,305,299,-1,299,305,306,-1,299,306,300,-1,302,304,307,-1,307,304,308,-1,307,308,309,-1,309,308,310,-1,310,308,311,-1,310,311,312,-1,313,314,315,-1,315,314,316,-1,315,316,311,-1,311,316,317,-1,311,317,312,-1,313,315,318,-1,318,315,319,-1,318,319,320,-1,320,319,321,-1,321,319,322,-1,321,322,323,-1,323,322,324,-1,324,322,325,-1,324,325,326,-1,326,325,327,-1,327,325,328,-1,327,328,329,-1,330,331,328,-1,328,331,332,-1,328,332,329,-1,333,334,335,-1,335,334,336,-1,335,336,330,-1,330,336,337,-1,330,337,331,-1,338,339,340,-1,340,339,341,-1,340,341,342,-1,342,341,343,-1,343,341,344,-1,343,344,345,-1,346,347,348,-1,348,347,349,-1,348,349,344,-1,344,349,350,-1,344,350,345,-1,351,352,353,-1,353,352,354,-1,353,354,346,-1,346,354,355,-1,346,355,347,-1,351,353,356,-1,356,353,357,-1,356,357,358,-1,359,360,361,-1,360,359,362,-1,362,359,363,-1,362,363,364,-1,291,290,363,-1,363,290,365,-1,363,365,364,-1,289,291,366,-1,366,291,367,-1,366,367,368,-1,368,367,369,-1,369,367,370,-1,369,370,371,-1,294,372,295,-1,295,372,373,-1,295,373,370,-1,370,373,374,-1,370,374,371,-1,361,358,359,-1,359,358,357,-1,359,357,363,-1,363,357,375,-1,363,375,291,-1,291,375,376,-1,291,376,367,-1,367,376,377,-1,367,377,370,-1,370,377,378,-1,370,378,295,-1,295,378,379,-1,295,379,292,-1,292,379,380,-1,292,380,296,-1,296,380,381,-1,296,381,299,-1,299,381,382,-1,299,382,304,-1,304,382,383,-1,304,383,308,-1,308,383,384,-1,308,384,311,-1,311,384,385,-1,311,385,315,-1,315,385,386,-1,315,386,319,-1,319,386,387,-1,319,387,322,-1,322,387,388,-1,322,388,325,-1,325,388,389,-1,325,389,328,-1,328,389,390,-1,328,390,330,-1,330,390,391,-1,330,391,335,-1,335,391,339,-1,335,339,333,-1,333,339,338,-1,348,392,346,-1,346,392,393,-1,346,393,353,-1,353,393,394,-1,353,394,357,-1,357,394,395,-1,357,395,375,-1,375,395,396,-1,375,396,376,-1,376,396,397,-1,376,397,377,-1,377,397,398,-1,377,398,378,-1,378,398,399,-1,378,399,379,-1,379,399,400,-1,379,400,380,-1,380,400,401,-1,380,401,381,-1,381,401,402,-1,381,402,382,-1,382,402,403,-1,382,403,383,-1,383,403,404,-1,383,404,384,-1,384,404,405,-1,384,405,385,-1,385,405,406,-1,385,406,386,-1,386,406,407,-1,386,407,387,-1,387,407,408,-1,387,408,388,-1,388,408,409,-1,388,409,389,-1,389,409,410,-1,389,410,390,-1,390,410,411,-1,390,411,391,-1,391,411,412,-1,391,412,339,-1,339,412,413,-1,339,413,341,-1,341,413,414,-1,341,414,344,-1,344,414,415,-1,344,415,348,-1,348,415,392,-1,392,416,393,-1,393,416,417,-1,393,417,394,-1,394,417,418,-1,394,418,395,-1,395,418,419,-1,395,419,396,-1,396,419,420,-1,396,420,397,-1,397,420,421,-1,397,421,398,-1,398,421,422,-1,398,422,399,-1,399,422,423,-1,399,423,400,-1,400,423,424,-1,400,424,401,-1,401,424,425,-1,401,425,402,-1,402,425,426,-1,402,426,403,-1,403,426,427,-1,403,427,404,-1,404,427,428,-1,404,428,405,-1,405,428,429,-1,405,429,406,-1,406,429,430,-1,406,430,407,-1,407,430,431,-1,407,431,408,-1,408,431,432,-1,408,432,409,-1,409,432,433,-1,409,433,410,-1,410,433,434,-1,410,434,411,-1,411,434,435,-1,411,435,412,-1,412,435,436,-1,412,436,413,-1,413,436,437,-1,413,437,414,-1,414,437,438,-1,414,438,415,-1,415,438,439,-1,415,439,392,-1,392,439,416,-1,416,440,417,-1,417,440,441,-1,417,441,418,-1,418,441,442,-1,418,442,419,-1,419,442,443,-1,419,443,420,-1,420,443,444,-1,420,444,421,-1,421,444,445,-1,421,445,422,-1,422,445,446,-1,422,446,423,-1,423,446,447,-1,423,447,424,-1,424,447,448,-1,424,448,425,-1,425,448,449,-1,425,449,426,-1,426,449,450,-1,426,450,427,-1,427,450,451,-1,427,451,428,-1,428,451,452,-1,428,452,429,-1,429,452,453,-1,429,453,430,-1,430,453,454,-1,430,454,431,-1,431,454,455,-1,431,455,432,-1,432,455,456,-1,432,456,433,-1,433,456,457,-1,433,457,434,-1,434,457,458,-1,434,458,435,-1,435,458,459,-1,435,459,436,-1,436,459,460,-1,436,460,437,-1,437,460,461,-1,437,461,438,-1,438,461,462,-1,438,462,439,-1,439,462,463,-1,439,463,416,-1,416,463,440,-1,440,271,441,-1,441,271,272,-1,441,272,442,-1,442,272,273,-1,442,273,443,-1,443,273,274,-1,443,274,444,-1,444,274,275,-1,444,275,445,-1,445,275,276,-1,445,276,446,-1,446,276,277,-1,446,277,447,-1,447,277,278,-1,447,278,448,-1,448,278,279,-1,448,279,449,-1,449,279,280,-1,449,280,450,-1,450,280,281,-1,450,281,451,-1,451,281,282,-1,451,282,452,-1,452,282,283,-1,452,283,453,-1,453,283,284,-1,453,284,454,-1,454,284,285,-1,454,285,455,-1,455,285,286,-1,455,286,456,-1,456,286,287,-1,456,287,457,-1,457,287,288,-1,457,288,458,-1,458,288,265,-1,458,265,459,-1,459,265,266,-1,459,266,460,-1,460,266,267,-1,460,267,461,-1,461,267,268,-1,461,268,462,-1,462,268,269,-1,462,269,463,-1,463,269,270,-1,463,270,440,-1,440,270,271,-1,464,465,466,-1,466,465,467,-1,466,467,468,-1,469,470,466,-1,466,470,471,-1,466,471,464,-1,472,473,466,-1,466,473,474,-1,466,474,469,-1,475,476,466,-1,466,476,477,-1,466,477,472,-1,478,479,466,-1,466,479,480,-1,466,480,475,-1,481,482,466,-1,466,482,483,-1,466,483,478,-1,484,485,466,-1,466,485,486,-1,466,486,481,-1,468,487,466,-1,466,487,488,-1,466,488,484,-1,489,490,491,-1,491,490,492,-1,489,493,490,-1,490,493,494,-1,490,494,495,-1,495,496,490,-1,490,496,497,-1,490,497,498,-1,499,500,492,-1,492,500,501,-1,492,501,491,-1,499,492,502,-1,502,492,503,-1,502,503,504,-1,505,506,507,-1,507,506,508,-1,507,508,503,-1,503,508,509,-1,503,509,504,-1,510,511,512,-1,512,511,513,-1,512,513,514,-1,510,515,511,-1,511,515,516,-1,511,516,507,-1,507,516,517,-1,507,517,505,-1,518,519,513,-1,519,520,513,-1,513,520,521,-1,513,521,514,-1,522,523,524,-1,524,525,522,-1,522,525,526,-1,522,526,527,-1,527,526,528,-1,527,528,513,-1,513,528,529,-1,513,529,518,-1,530,531,532,-1,532,531,533,-1,532,533,522,-1,522,533,534,-1,522,534,523,-1,535,536,537,-1,537,538,535,-1,535,538,539,-1,535,539,532,-1,532,539,540,-1,532,540,530,-1,541,542,543,-1,543,542,544,-1,543,544,545,-1,545,544,546,-1,545,546,535,-1,535,546,547,-1,535,547,536,-1,548,549,550,-1,550,549,551,-1,550,551,552,-1,552,553,550,-1,550,553,554,-1,550,554,555,-1,555,556,550,-1,550,556,557,-1,550,557,543,-1,543,557,558,-1,543,558,541,-1,498,559,490,-1,490,559,560,-1,490,560,561,-1,561,560,562,-1,561,562,563,-1,563,562,564,-1,563,564,565,-1,565,564,566,-1,565,566,567,-1,567,566,568,-1,567,568,569,-1,569,568,570,-1,569,570,571,-1,571,570,572,-1,571,572,573,-1,573,572,574,-1,573,574,575,-1,575,574,576,-1,575,576,577,-1,577,576,578,-1,577,578,579,-1,579,578,580,-1,579,580,581,-1,581,580,582,-1,581,582,550,-1,550,582,583,-1,550,583,548,-1,584,585,586,-1,586,585,587,-1,586,587,588,-1,588,587,589,-1,588,589,590,-1,590,589,591,-1,590,591,592,-1,592,591,593,-1,592,593,594,-1,594,593,595,-1,594,595,596,-1,596,595,597,-1,596,597,598,-1,598,597,599,-1,598,599,600,-1,600,599,601,-1,600,601,602,-1,602,601,603,-1,602,603,604,-1,604,603,605,-1,604,605,606,-1,606,605,607,-1,606,607,608,-1,608,607,609,-1,608,609,610,-1,610,609,611,-1,610,611,612,-1,612,611,613,-1,612,613,614,-1,614,613,615,-1,614,615,616,-1,616,615,617,-1,616,617,618,-1,618,617,619,-1,618,619,620,-1,620,619,621,-1,620,621,622,-1,622,621,623,-1,622,623,624,-1,624,623,625,-1,624,625,626,-1,626,625,627,-1,626,627,628,-1,628,627,629,-1,628,629,630,-1,630,629,631,-1,630,631,584,-1,584,631,585,-1,585,632,587,-1,587,632,633,-1,587,633,589,-1,589,633,634,-1,589,634,591,-1,591,634,635,-1,591,635,593,-1,593,635,636,-1,593,636,595,-1,595,636,637,-1,595,637,597,-1,597,637,638,-1,597,638,599,-1,599,638,639,-1,599,639,601,-1,601,639,640,-1,601,640,603,-1,603,640,641,-1,603,641,605,-1,605,641,642,-1,605,642,607,-1,607,642,643,-1,607,643,609,-1,609,643,644,-1,609,644,611,-1,611,644,645,-1,611,645,613,-1,613,645,646,-1,613,646,615,-1,615,646,647,-1,615,647,617,-1,617,647,648,-1,617,648,619,-1,619,648,649,-1,619,649,621,-1,621,649,650,-1,621,650,623,-1,623,650,651,-1,623,651,625,-1,625,651,652,-1,625,652,627,-1,627,652,653,-1,627,653,629,-1,629,653,654,-1,629,654,631,-1,631,654,655,-1,631,655,585,-1,585,655,632,-1,632,656,633,-1,633,656,657,-1,633,657,634,-1,634,657,658,-1,634,658,635,-1,635,658,659,-1,635,659,636,-1,636,659,660,-1,636,660,637,-1,637,660,661,-1,637,661,638,-1,638,661,662,-1,638,662,639,-1,639,662,663,-1,639,663,640,-1,640,663,664,-1,640,664,641,-1,641,664,665,-1,641,665,642,-1,642,665,666,-1,642,666,643,-1,643,666,667,-1,643,667,644,-1,644,667,668,-1,644,668,645,-1,645,668,669,-1,645,669,646,-1,646,669,670,-1,646,670,647,-1,647,670,671,-1,647,671,648,-1,648,671,672,-1,648,672,649,-1,649,672,673,-1,649,673,650,-1,650,673,674,-1,650,674,651,-1,651,674,675,-1,651,675,652,-1,652,675,676,-1,652,676,653,-1,653,676,677,-1,653,677,654,-1,654,677,678,-1,654,678,655,-1,655,678,679,-1,655,679,632,-1,632,679,656,-1,656,680,657,-1,657,680,681,-1,657,681,658,-1,658,681,682,-1,658,682,659,-1,659,682,683,-1,659,683,660,-1,660,683,684,-1,660,684,661,-1,661,684,685,-1,661,685,662,-1,662,685,686,-1,662,686,663,-1,663,686,687,-1,663,687,664,-1,664,687,688,-1,664,688,665,-1,665,688,689,-1,665,689,666,-1,666,689,690,-1,666,690,667,-1,667,690,691,-1,667,691,668,-1,668,691,692,-1,668,692,669,-1,669,692,693,-1,669,693,670,-1,670,693,694,-1,670,694,671,-1,671,694,695,-1,671,695,672,-1,672,695,696,-1,672,696,673,-1,673,696,697,-1,673,697,674,-1,674,697,698,-1,674,698,675,-1,675,698,699,-1,675,699,676,-1,676,699,700,-1,676,700,677,-1,677,700,701,-1,677,701,678,-1,678,701,702,-1,678,702,679,-1,679,702,703,-1,679,703,656,-1,656,703,680,-1,680,704,681,-1,681,704,705,-1,681,705,682,-1,682,705,706,-1,682,706,683,-1,683,706,707,-1,683,707,684,-1,684,707,708,-1,684,708,685,-1,685,708,709,-1,685,709,686,-1,686,709,710,-1,686,710,687,-1,687,710,711,-1,687,711,688,-1,688,711,712,-1,688,712,689,-1,689,712,713,-1,689,713,690,-1,690,713,714,-1,690,714,691,-1,691,714,715,-1,691,715,692,-1,692,715,716,-1,692,716,693,-1,693,716,717,-1,693,717,694,-1,694,717,718,-1,694,718,695,-1,695,718,719,-1,695,719,696,-1,696,719,720,-1,696,720,697,-1,697,720,721,-1,697,721,698,-1,698,721,722,-1,698,722,699,-1,699,722,723,-1,699,723,700,-1,700,723,724,-1,700,724,701,-1,701,724,725,-1,701,725,702,-1,702,725,726,-1,702,726,703,-1,703,726,727,-1,703,727,680,-1,680,727,704,-1,704,728,705,-1,705,728,729,-1,705,729,706,-1,706,729,730,-1,706,730,707,-1,707,730,731,-1,707,731,708,-1,708,731,732,-1,708,732,709,-1,709,732,733,-1,709,733,710,-1,710,733,734,-1,710,734,711,-1,711,734,735,-1,711,735,712,-1,712,735,736,-1,712,736,713,-1,713,736,737,-1,713,737,714,-1,714,737,738,-1,714,738,715,-1,715,738,739,-1,715,739,716,-1,716,739,740,-1,716,740,717,-1,717,740,741,-1,717,741,718,-1,718,741,742,-1,718,742,719,-1,719,742,743,-1,719,743,720,-1,720,743,744,-1,720,744,721,-1,721,744,745,-1,721,745,722,-1,722,745,746,-1,722,746,723,-1,723,746,747,-1,723,747,724,-1,724,747,748,-1,724,748,725,-1,725,748,749,-1,725,749,726,-1,726,749,750,-1,726,750,727,-1,727,750,751,-1,727,751,704,-1,704,751,728,-1,728,550,729,-1,729,550,543,-1,729,543,730,-1,730,543,545,-1,730,545,731,-1,731,545,535,-1,731,535,732,-1,732,535,532,-1,732,532,733,-1,733,532,522,-1,733,522,734,-1,734,522,527,-1,734,527,735,-1,735,527,513,-1,735,513,736,-1,736,513,511,-1,736,511,737,-1,737,511,507,-1,737,507,738,-1,738,507,503,-1,738,503,739,-1,739,503,492,-1,739,492,740,-1,740,492,490,-1,740,490,741,-1,741,490,561,-1,741,561,742,-1,742,561,563,-1,742,563,743,-1,743,563,565,-1,743,565,744,-1,744,565,567,-1,744,567,745,-1,745,567,569,-1,745,569,746,-1,746,569,571,-1,746,571,747,-1,747,571,573,-1,747,573,748,-1,748,573,575,-1,748,575,749,-1,749,575,577,-1,749,577,750,-1,750,577,579,-1,750,579,751,-1,751,579,581,-1,751,581,728,-1,728,581,550,-1,752,622,753,-1,753,622,624,-1,753,624,754,-1,754,624,626,-1,754,626,755,-1,755,626,628,-1,755,628,756,-1,756,628,630,-1,756,630,757,-1,757,630,584,-1,757,584,758,-1,758,584,586,-1,758,586,759,-1,759,586,588,-1,759,588,760,-1,760,588,590,-1,760,590,761,-1,761,590,592,-1,761,592,762,-1,762,592,594,-1,762,594,763,-1,763,594,596,-1,763,596,764,-1,764,596,598,-1,764,598,765,-1,765,598,600,-1,765,600,766,-1,766,600,602,-1,766,602,767,-1,767,602,604,-1,767,604,768,-1,768,604,606,-1,768,606,769,-1,769,606,608,-1,769,608,770,-1,770,608,610,-1,770,610,771,-1,771,610,612,-1,771,612,772,-1,772,612,614,-1,772,614,773,-1,773,614,616,-1,773,616,774,-1,774,616,618,-1,774,618,775,-1,775,618,620,-1,775,620,752,-1,752,620,622,-1,776,777,778,-1,778,777,779,-1,778,779,780,-1,780,779,781,-1,780,781,782,-1,782,781,783,-1,782,783,784,-1,784,783,785,-1,784,785,786,-1,786,785,787,-1,786,787,788,-1,788,787,789,-1,788,789,790,-1,790,789,791,-1,790,791,792,-1,792,791,793,-1,792,793,794,-1,794,793,795,-1,794,795,796,-1,796,795,797,-1,796,797,798,-1,798,797,799,-1,798,799,800,-1,800,799,801,-1,800,801,802,-1,802,801,803,-1,802,803,804,-1,804,803,805,-1,804,805,806,-1,806,805,807,-1,806,807,808,-1,808,807,809,-1,808,809,810,-1,810,809,811,-1,810,811,812,-1,812,811,813,-1,812,813,814,-1,814,813,815,-1,814,815,816,-1,816,815,817,-1,816,817,818,-1,818,817,819,-1,818,819,820,-1,820,819,821,-1,820,821,822,-1,822,821,823,-1,822,823,776,-1,776,823,777,-1,777,824,779,-1,779,824,825,-1,779,825,781,-1,781,825,826,-1,781,826,783,-1,783,826,827,-1,783,827,785,-1,785,827,828,-1,785,828,787,-1,787,828,829,-1,787,829,789,-1,789,829,830,-1,789,830,791,-1,791,830,831,-1,791,831,793,-1,793,831,832,-1,793,832,795,-1,795,832,833,-1,795,833,797,-1,797,833,834,-1,797,834,799,-1,799,834,835,-1,799,835,801,-1,801,835,836,-1,801,836,803,-1,803,836,837,-1,803,837,805,-1,805,837,838,-1,805,838,807,-1,807,838,839,-1,807,839,809,-1,809,839,840,-1,809,840,811,-1,811,840,841,-1,811,841,813,-1,813,841,842,-1,813,842,815,-1,815,842,843,-1,815,843,817,-1,817,843,844,-1,817,844,819,-1,819,844,845,-1,819,845,821,-1,821,845,846,-1,821,846,823,-1,823,846,847,-1,823,847,777,-1,777,847,824,-1,824,848,825,-1,825,848,849,-1,825,849,826,-1,826,849,850,-1,826,850,827,-1,827,850,851,-1,827,851,828,-1,828,851,852,-1,828,852,829,-1,829,852,853,-1,829,853,830,-1,830,853,854,-1,830,854,831,-1,831,854,855,-1,831,855,832,-1,832,855,856,-1,832,856,833,-1,833,856,857,-1,833,857,834,-1,834,857,858,-1,834,858,835,-1,835,858,859,-1,835,859,836,-1,836,859,860,-1,836,860,837,-1,837,860,861,-1,837,861,838,-1,838,861,862,-1,838,862,839,-1,839,862,863,-1,839,863,840,-1,840,863,864,-1,840,864,841,-1,841,864,865,-1,841,865,842,-1,842,865,866,-1,842,866,843,-1,843,866,867,-1,843,867,844,-1,844,867,868,-1,844,868,845,-1,845,868,869,-1,845,869,846,-1,846,869,870,-1,846,870,847,-1,847,870,871,-1,847,871,824,-1,824,871,848,-1,848,872,849,-1,849,872,873,-1,849,873,850,-1,850,873,874,-1,850,874,851,-1,851,874,875,-1,851,875,852,-1,852,875,876,-1,852,876,853,-1,853,876,877,-1,853,877,854,-1,854,877,878,-1,854,878,855,-1,855,878,879,-1,855,879,856,-1,856,879,880,-1,856,880,857,-1,857,880,881,-1,857,881,858,-1,858,881,882,-1,858,882,859,-1,859,882,883,-1,859,883,860,-1,860,883,884,-1,860,884,861,-1,861,884,885,-1,861,885,862,-1,862,885,886,-1,862,886,863,-1,863,886,887,-1,863,887,864,-1,864,887,888,-1,864,888,865,-1,865,888,889,-1,865,889,866,-1,866,889,890,-1,866,890,867,-1,867,890,891,-1,867,891,868,-1,868,891,892,-1,868,892,869,-1,869,892,893,-1,869,893,870,-1,870,893,894,-1,870,894,871,-1,871,894,895,-1,871,895,848,-1,848,895,872,-1,872,896,873,-1,873,896,897,-1,873,897,874,-1,874,897,898,-1,874,898,875,-1,875,898,899,-1,875,899,876,-1,876,899,900,-1,876,900,877,-1,877,900,901,-1,877,901,878,-1,878,901,902,-1,878,902,879,-1,879,902,903,-1,879,903,880,-1,880,903,904,-1,880,904,881,-1,881,904,905,-1,881,905,882,-1,882,905,906,-1,882,906,883,-1,883,906,907,-1,883,907,884,-1,884,907,908,-1,884,908,885,-1,885,908,909,-1,885,909,886,-1,886,909,910,-1,886,910,887,-1,887,910,911,-1,887,911,888,-1,888,911,912,-1,888,912,889,-1,889,912,913,-1,889,913,890,-1,890,913,914,-1,890,914,891,-1,891,914,915,-1,891,915,892,-1,892,915,916,-1,892,916,893,-1,893,916,917,-1,893,917,894,-1,894,917,918,-1,894,918,895,-1,895,918,919,-1,895,919,872,-1,872,919,896,-1,896,920,897,-1,897,920,921,-1,897,921,898,-1,898,921,922,-1,898,922,899,-1,899,922,923,-1,899,923,900,-1,900,923,924,-1,900,924,901,-1,901,924,925,-1,901,925,902,-1,902,925,926,-1,902,926,903,-1,903,926,927,-1,903,927,904,-1,904,927,928,-1,904,928,905,-1,905,928,929,-1,905,929,906,-1,906,929,930,-1,906,930,907,-1,907,930,931,-1,907,931,908,-1,908,931,932,-1,908,932,909,-1,909,932,933,-1,909,933,910,-1,910,933,934,-1,910,934,911,-1,911,934,935,-1,911,935,912,-1,912,935,936,-1,912,936,913,-1,913,936,937,-1,913,937,914,-1,914,937,938,-1,914,938,915,-1,915,938,939,-1,915,939,916,-1,916,939,940,-1,916,940,917,-1,917,940,941,-1,917,941,918,-1,918,941,942,-1,918,942,919,-1,919,942,943,-1,919,943,896,-1,896,943,920,-1,920,758,921,-1,921,758,759,-1,921,759,922,-1,922,759,760,-1,922,760,923,-1,923,760,761,-1,923,761,924,-1,924,761,762,-1,924,762,925,-1,925,762,763,-1,925,763,926,-1,926,763,764,-1,926,764,927,-1,927,764,765,-1,927,765,928,-1,928,765,766,-1,928,766,929,-1,929,766,767,-1,929,767,930,-1,930,767,768,-1,930,768,931,-1,931,768,769,-1,931,769,932,-1,932,769,770,-1,932,770,933,-1,933,770,771,-1,933,771,934,-1,934,771,772,-1,934,772,935,-1,935,772,773,-1,935,773,936,-1,936,773,774,-1,936,774,937,-1,937,774,775,-1,937,775,938,-1,938,775,752,-1,938,752,939,-1,939,752,753,-1,939,753,940,-1,940,753,754,-1,940,754,941,-1,941,754,755,-1,941,755,942,-1,942,755,756,-1,942,756,943,-1,943,756,757,-1,943,757,920,-1,920,757,758,-1,480,778,475,-1,475,778,780,-1,475,780,476,-1,476,780,782,-1,476,782,477,-1,477,782,784,-1,477,784,472,-1,472,784,786,-1,472,786,473,-1,473,786,788,-1,473,788,474,-1,474,788,790,-1,474,790,469,-1,469,790,792,-1,469,792,470,-1,470,792,794,-1,470,794,471,-1,471,794,796,-1,471,796,464,-1,464,796,798,-1,464,798,465,-1,465,798,800,-1,465,800,467,-1,467,800,802,-1,467,802,468,-1,468,802,804,-1,468,804,487,-1,487,804,806,-1,487,806,488,-1,488,806,808,-1,488,808,484,-1,484,808,810,-1,484,810,485,-1,485,810,812,-1,485,812,486,-1,486,812,814,-1,486,814,481,-1,481,814,816,-1,481,816,482,-1,482,816,818,-1,482,818,483,-1,483,818,820,-1,483,820,478,-1,478,820,822,-1,478,822,479,-1,479,822,776,-1,479,776,480,-1,480,776,778,-1,
        ]
    }
}
Shape{
    appearance Appearance {
        material  Material 	{
            diffuseColor 0.25098039215686274 0.25098039215686274 0.25098039215686274
            specularColor 0.12549019607843137 0.12549019607843137 0.12549019607843137
            ambientIntensity 0.251
            transparency 0.0
            shininess 0.5
        }
    }
    geometry IndexedFaceSet {
        ccw TRUE
        solid FALSE
        coord DEF co Coordinate {
            point [
                -0.0519 0.4921 0.0197, -0.0442 -0.0305 0.0197, -0.0519 -0.0396 0.0197, -0.0442 -0.0391 0.0197, -0.0019 -0.0391 0.0197, -0.0423 0.031 0.0197, -0.0125 0.031 0.0197, -0.0125 0.0051 0.0197, 0.0134 -0.035 0.0197, 0.0134 -0.0264 0.0197, -0.0019 0.0396 0.0197, -0.0125 -0.0036 0.0197, -0.0125 -0.0305 0.0197, -0.0403 -0.0036 0.0197, -0.0403 0.0051 0.0197, 0.0524 -0.0364 0.0197, 0.0787 -0.0391 0.0197, 0.0448 -0.0391 0.0197, 0.0397 -0.0396 0.0197, -0.0423 0.0396 0.0197, 0.0679 0.0189 0.0197, 0.0632 0.0263 0.0197, 0.1085 0.0396 0.0197, 0.0396 0.0311 0.0197, 0.0455 0.029 0.0197, 0.0148 -0.0272 0.0197, 0.051 0.0253 0.0197, 0.0557 0.0201 0.0197, 0.0614 -0.0006 0.0197, 0.0606 -0.0091 0.0197, 0.0585 -0.0159 0.0197, 0.041 -0.0306 0.0197, 0.0336 -0.0314 0.0197, 0.0467 -0.0285 0.0197, 0.0516 -0.0252 0.0197, 0.0553 -0.0213 0.0197, 0.0232 -0.0303 0.0197, 0.059 0.014 0.0197, 0.0611 0.0056 0.0197, 0.0561 0.0331 0.0197, 0.1191 0.0396 0.0197, 0.2756 0.4921 0.0197, 0.1191 -0.0391 0.0197, 0.2756 -0.0396 0.0197, 0.0588 -0.0324 0.0197, 0.0647 -0.0262 0.0197, 0.0787 -0.0305 0.0197, 0.0689 -0.0187 0.0197, 0.1085 -0.0305 0.0197, 0.0712 -0.0103 0.0197, 0.072 -0.0012 0.0197, 0.0709 0.01 0.0197, 0.0487 0.0374 0.0197, 0.0399 0.04 0.0197, 0.032 0.0406 0.0197, 0.0225 0.04 0.0197, 0.0134 0.0375 0.0197, 0.0134 0.0269 0.0197, 0.0223 0.0307 0.0197, 0.0319 0.032 0.0197, 0.0351 -0.0401 0.0197, 0.2756 -0.4921 0.0197, 0.0329 -0.04 0.0197, -0.0519 -0.4921 0.0197, 0.0298 -0.0396 0.0197, -0.2756 -0.4921 0.0197, -0.2756 -0.0396 0.0197, 0.0218 -0.0385 0.0197, -0.1802 -0.017 0.0197, -0.1477 -0.017 0.0197, -0.1882 -0.0391 0.0197, -0.1402 -0.0391 0.0197, -0.1287 -0.0391 0.0197, -0.119 -0.0175 0.0197, -0.1145 -0.0246 0.0197, -0.1997 -0.0391 0.0197, -0.169 0.0396 0.0197, -0.2756 0.4921 0.0197, -0.1584 0.0396 0.0197, -0.108 -0.0308 0.0197, -0.0998 -0.0355 0.0197, -0.0907 -0.0382 0.0197, -0.081 -0.0391 0.0197, -0.0595 -0.0391 0.0197, -0.0595 0.0396 0.0197, -0.0818 0.0396 0.0197, -0.111 0.0294 0.0197, -0.1166 0.0232 0.0197, -0.1202 0.0164 0.0197, -0.0931 0.0384 0.0197, -0.1024 0.0352 0.0197, -0.1109 0.0294 0.0197, -0.1223 0.0087 0.0197, -0.1229 0.0013 0.0197, -0.1218 -0.0093 0.0197, 0.5617 0.4921 0.0197, 0.5617 -0.4921 0.0197, 0.5512 0.4921 0.0197, 0.5512 -0.4921 0.0197, 0.4378 -0.4331 0.0591, 0.4378 -0.4331 0.1772, 0.315 -0.4778 0.0591, 0.2756 -0.4921 0.1772, 0.4921 -0.4331 0.1772, 0.4921 -0.4331 0.0591, 0.5512 -0.4921 0.1772, 0.4921 0.4331 0.0591, 0.4921 0.4331 0.1772, 0.5512 0.4921 0.1772, 0.4378 0.4331 0.0591, 0.4378 0.4331 0.1772, 0.2756 0.4921 0.1772, 0.315 0.4778 0.0591, -0.5512 -0.4921 0.0197, -0.5617 -0.4921 0.0197, -0.5512 0.4921 0.0197, -0.5617 0.4921 0.0197, 0.4921 0.0 0.4331, 0.49 0.0454 0.4331, 0.4921 0.4921 0.4331, 0.4837 0.0904 0.4331, 0.4733 0.1347 0.4331, 0.3315 0.3637 0.4331, 0.2966 0.3927 0.4331, 0.2591 0.4184 0.4331, 0.4589 0.1778 0.4331, 0.4405 0.2194 0.4331, 0.4184 0.2591 0.4331, 0.3927 0.2966 0.4331, 0.3637 0.3315 0.4331, 0.2194 0.4405 0.4331, 0.1778 0.4589 0.4331, 0.1347 0.4733 0.4331, 0.0904 0.4837 0.4331, 0.0454 0.49 0.4331, 0.0 0.4921 0.4331, -0.49 0.0454 0.4331, -0.4921 -0.0 0.4331, -0.4921 0.4921 0.4331, -0.0454 0.49 0.4331, -0.0904 0.4837 0.4331, -0.1347 0.4733 0.4331, -0.1778 0.4589 0.4331, -0.3927 0.2966 0.4331, -0.4184 0.2591 0.4331, -0.4405 0.2194 0.4331, -0.4589 0.1778 0.4331, -0.2194 0.4405 0.4331, -0.2591 0.4184 0.4331, -0.2966 0.3927 0.4331, -0.3315 0.3637 0.4331, -0.3637 0.3315 0.4331, -0.4733 0.1347 0.4331, -0.4837 0.0904 0.4331, -0.4405 -0.2194 0.4331, -0.4921 -0.4921 0.4331, -0.4589 -0.1778 0.4331, -0.4733 -0.1347 0.4331, -0.49 -0.0454 0.4331, -0.4837 -0.0904 0.4331, -0.4184 -0.2591 0.4331, -0.3927 -0.2966 0.4331, -0.3637 -0.3315 0.4331, -0.3315 -0.3637 0.4331, -0.2966 -0.3927 0.4331, -0.2591 -0.4184 0.4331, -0.2194 -0.4405 0.4331, -0.1778 -0.4589 0.4331, -0.1347 -0.4733 0.4331, -0.0904 -0.4837 0.4331, -0.0454 -0.49 0.4331, 0.0 -0.4921 0.4331, -0.5512 0.4921 0.1772, -0.6299 0.4921 0.1772, -0.4921 0.4331 0.1772, -0.6299 -0.4921 0.1772, -0.3927 0.2966 0.1772, -0.3637 0.3315 0.1772, -0.4378 0.4331 0.1772, -0.1778 0.4589 0.1772, -0.1347 0.4733 0.1772, -0.2756 0.4921 0.1772, -0.3315 -0.3637 0.1772, -0.3637 -0.3315 0.1772, -0.4378 -0.4331 0.1772, -0.5512 -0.4921 0.1772, -0.4921 -0.4331 0.1772, -0.4733 0.1347 0.1772, -0.4589 0.1778 0.1772, -0.4405 0.2194 0.1772, -0.4184 0.2591 0.1772, -0.4589 -0.1778 0.1772, -0.4733 -0.1347 0.1772, -0.4837 -0.0904 0.1772, -0.3927 -0.2966 0.1772, -0.4184 -0.2591 0.1772, -0.4405 -0.2194 0.1772, -0.2194 0.4405 0.1772, -0.0904 0.4837 0.1772, -0.0454 0.49 0.1772, 0.0 0.4921 0.1772, -0.49 -0.0454 0.1772, -0.4921 -0.0 0.1772, -0.49 0.0454 0.1772, -0.4837 0.0904 0.1772, -0.1778 -0.4589 0.1772, -0.2194 -0.4405 0.1772, -0.2756 -0.4921 0.1772, -0.2591 -0.4184 0.1772, -0.2966 -0.3927 0.1772, -0.3315 0.3637 0.1772, -0.2966 0.3927 0.1772, -0.2591 0.4184 0.1772, 0.0 -0.4921 0.1772, -0.0454 -0.49 0.1772, -0.0904 -0.4837 0.1772, -0.1347 -0.4733 0.1772, 0.6299 -0.4921 0.1772, 0.6299 0.4921 0.1772, 0.3927 -0.2966 0.1772, 0.3637 -0.3315 0.1772, 0.0454 -0.49 0.1772, 0.0904 -0.4837 0.1772, 0.4184 0.2591 0.1772, 0.4405 0.2194 0.1772, 0.4589 0.1778 0.1772, 0.4733 0.1347 0.1772, 0.4837 0.0904 0.1772, 0.0454 0.49 0.1772, 0.4733 -0.1347 0.1772, 0.4589 -0.1778 0.1772, 0.4405 -0.2194 0.1772, 0.4184 -0.2591 0.1772, 0.3315 -0.3637 0.1772, 0.2966 -0.3927 0.1772, 0.2591 -0.4184 0.1772, 0.2194 -0.4405 0.1772, 0.1778 -0.4589 0.1772, 0.1347 -0.4733 0.1772, 0.49 0.0454 0.1772, 0.4921 0.0 0.1772, 0.49 -0.0454 0.1772, 0.4837 -0.0904 0.1772, 0.0904 0.4837 0.1772, 0.1347 0.4733 0.1772, 0.1778 0.4589 0.1772, 0.2194 0.4405 0.1772, 0.2591 0.4184 0.1772, 0.2966 0.3927 0.1772, 0.3315 0.3637 0.1772, 0.3637 0.3315 0.1772, 0.3927 0.2966 0.1772, 0.6299 0.4921 0.1378, -0.6299 -0.4921 0.1378, 0.6299 -0.4921 0.1378, -0.6299 0.4921 0.1378, -0.4378 0.4331 0.0591, -0.315 0.4778 0.0591, -0.4921 0.4331 0.0591, -0.4921 -0.4331 0.0591, -0.4378 -0.4331 0.0591, -0.315 -0.4778 0.0591
            ]
        }
        coordIndex [
            0,1,2,-1,2,1,3,-1,2,3,4,-1,5,6,7,-1,8,4,9,-1,9,4,10,-1,11,12,13,-1,13,12,1,-1,13,1,14,-1,15,16,17,-1,17,16,18,-1,7,14,5,-1,5,14,1,-1,5,1,19,-1,19,1,0,-1,19,0,10,-1,20,21,22,-1,23,24,25,-1,25,24,26,-1,25,26,27,-1,28,29,25,-1,25,29,30,-1,31,32,33,-1,33,32,34,-1,30,35,25,-1,25,35,34,-1,25,34,36,-1,36,34,32,-1,27,37,25,-1,25,37,38,-1,25,38,28,-1,21,39,22,-1,22,39,0,-1,22,0,40,-1,40,0,41,-1,40,41,42,-1,42,41,43,-1,15,44,16,-1,16,44,45,-1,16,45,46,-1,46,45,47,-1,46,47,48,-1,47,49,48,-1,48,49,50,-1,48,50,22,-1,22,50,51,-1,22,51,20,-1,39,52,0,-1,0,52,53,-1,0,53,54,-1,54,55,0,-1,0,55,56,-1,0,56,10,-1,10,56,57,-1,10,57,9,-1,9,57,58,-1,9,58,25,-1,25,58,59,-1,25,59,23,-1,16,42,18,-1,18,42,43,-1,18,43,60,-1,60,43,61,-1,60,61,62,-1,62,61,63,-1,62,63,64,-1,65,66,63,-1,63,66,2,-1,63,2,64,-1,64,2,4,-1,64,4,67,-1,67,4,8,-1,68,69,70,-1,70,69,71,-1,72,73,74,-1,75,66,76,-1,76,66,77,-1,76,77,78,-1,78,77,0,-1,74,79,72,-1,72,79,80,-1,72,80,81,-1,82,83,2,-1,2,83,84,-1,2,84,0,-1,0,84,85,-1,86,87,78,-1,78,87,88,-1,85,89,0,-1,0,89,90,-1,0,90,78,-1,78,90,91,-1,78,91,86,-1,81,82,72,-1,72,82,2,-1,72,2,71,-1,71,2,66,-1,71,66,70,-1,70,66,75,-1,88,92,78,-1,78,92,93,-1,78,93,72,-1,72,93,94,-1,72,94,73,-1,95,96,97,-1,97,96,98,-1,99,100,101,-1,101,100,102,-1,101,102,61,-1,103,100,104,-1,104,100,99,-1,105,103,98,-1,98,103,104,-1,106,107,97,-1,97,107,108,-1,109,110,106,-1,106,110,107,-1,110,109,111,-1,111,109,112,-1,111,112,41,-1,113,114,115,-1,115,114,116,-1,117,118,119,-1,119,118,120,-1,119,120,121,-1,122,123,119,-1,119,123,124,-1,121,125,119,-1,119,125,126,-1,119,126,127,-1,127,128,119,-1,119,128,129,-1,119,129,122,-1,124,130,119,-1,119,130,131,-1,119,131,132,-1,132,133,119,-1,119,133,134,-1,119,134,135,-1,136,137,138,-1,138,135,139,-1,139,140,138,-1,138,140,141,-1,138,141,142,-1,143,144,138,-1,138,144,145,-1,138,145,146,-1,142,147,138,-1,138,147,148,-1,138,148,149,-1,149,150,138,-1,138,150,151,-1,138,151,143,-1,146,152,138,-1,138,152,153,-1,138,153,136,-1,154,155,156,-1,156,155,157,-1,137,158,155,-1,155,158,159,-1,155,159,157,-1,154,160,155,-1,155,160,161,-1,155,161,162,-1,162,163,155,-1,155,163,164,-1,155,164,165,-1,165,166,155,-1,155,166,167,-1,155,167,168,-1,168,169,155,-1,155,169,170,-1,155,170,171,-1,172,173,174,-1,174,173,175,-1,176,177,178,-1,179,180,181,-1,182,183,184,-1,175,185,186,-1,187,188,174,-1,174,188,189,-1,174,189,178,-1,178,189,190,-1,178,190,176,-1,191,192,186,-1,186,192,193,-1,183,194,184,-1,184,194,195,-1,184,195,186,-1,186,195,196,-1,186,196,191,-1,179,181,197,-1,180,198,181,-1,181,198,199,-1,181,199,200,-1,193,201,186,-1,186,201,202,-1,186,202,175,-1,175,202,203,-1,175,203,174,-1,174,203,204,-1,174,204,187,-1,205,206,207,-1,207,206,208,-1,207,208,184,-1,184,208,209,-1,184,209,182,-1,177,210,178,-1,178,210,211,-1,178,211,181,-1,181,211,212,-1,181,212,197,-1,207,213,214,-1,214,215,207,-1,207,215,216,-1,207,216,205,-1,105,217,103,-1,103,217,218,-1,219,220,100,-1,213,102,221,-1,221,102,222,-1,218,108,107,-1,110,223,107,-1,107,223,224,-1,224,225,107,-1,107,225,226,-1,107,226,227,-1,111,200,228,-1,229,230,103,-1,103,230,231,-1,103,231,100,-1,100,231,232,-1,100,232,219,-1,220,233,100,-1,100,233,234,-1,100,234,102,-1,102,234,235,-1,102,235,236,-1,236,237,102,-1,102,237,238,-1,102,238,222,-1,227,239,107,-1,107,239,240,-1,107,240,218,-1,218,240,241,-1,218,241,103,-1,103,241,242,-1,103,242,229,-1,228,243,111,-1,111,243,244,-1,111,244,245,-1,245,246,111,-1,111,246,247,-1,111,247,110,-1,110,247,248,-1,110,248,249,-1,249,250,110,-1,110,250,251,-1,110,251,223,-1,95,97,252,-1,252,97,108,-1,252,108,218,-1,77,181,0,-1,0,181,200,-1,0,200,41,-1,41,200,111,-1,61,102,63,-1,63,102,213,-1,63,213,65,-1,65,213,207,-1,114,113,253,-1,253,113,185,-1,253,185,175,-1,98,96,105,-1,105,96,254,-1,105,254,217,-1,252,218,254,-1,254,218,217,-1,115,116,172,-1,172,116,255,-1,172,255,173,-1,253,175,255,-1,255,175,173,-1,256,178,257,-1,257,178,181,-1,257,181,77,-1,258,174,256,-1,256,174,178,-1,115,172,258,-1,258,172,174,-1,186,185,259,-1,259,185,113,-1,184,186,260,-1,260,186,259,-1,184,260,207,-1,207,260,261,-1,207,261,65,-1,
        ]
    }
}
Shape{
    appearance Appearance {
        material  Material 	{
            diffuseColor 1.0 1.0 1.0
            specularColor 0.5019607843137255 0.5019607843137255 0.5019607843137255
            ambientIntensity 1.0
            transparency 0.0
            shininess 0.5
        }
    }
    geometry IndexedFaceSet {
        ccw TRUE
        solid FALSE
        coord DEF co Coordinate {
            point [
                -0.4508 0.0418 0.3937, -0.4508 0.0418 0.2165, -0.4528 0.0 0.3937, -0.4528 0.0 0.2165, -0.4508 -0.0418 0.3937, -0.4508 -0.0418 0.2165, -0.4482 -0.0603 0.3937, -0.4482 -0.0603 0.2165, -0.445 -0.0832 0.3937, -0.445 -0.0832 0.2165, -0.4365 -0.1196 0.3937, -0.4365 -0.1196 0.2165, -0.4355 -0.1239 0.3937, -0.4355 -0.1239 0.2165, -0.4222 -0.1636 0.3937, -0.4222 -0.1636 0.2165, -0.4164 -0.1766 0.3937, -0.4164 -0.1766 0.2165, -0.4053 -0.2018 0.3937, -0.4053 -0.2018 0.2165, -0.3893 -0.2306 0.3937, -0.3893 -0.2306 0.2165, -0.3849 -0.2383 0.3937, -0.3849 -0.2383 0.2165, -0.3613 -0.2728 0.3937, -0.3613 -0.2728 0.2165, -0.3551 -0.2804 0.3937, -0.3551 -0.2804 0.2165, -0.3346 -0.305 0.3937, -0.3346 -0.305 0.2165, -0.3145 -0.3252 0.3937, -0.3145 -0.3252 0.2165, -0.305 -0.3346 0.3937, -0.305 -0.3346 0.2165, -0.2728 -0.3613 0.3937, -0.2728 -0.3613 0.2165, -0.2684 -0.3643 0.3937, -0.2684 -0.3643 0.2165, -0.2383 -0.3849 0.3937, -0.2383 -0.3849 0.2165, -0.2174 -0.3966 0.3937, -0.2174 -0.3966 0.2165, -0.2018 -0.4053 0.3937, -0.2018 -0.4053 0.2165, -0.1636 -0.4222 0.3937, -0.1636 -0.4222 0.2165, -0.1627 -0.4225 0.3937, -0.1627 -0.4225 0.2165, -0.1239 -0.4355 0.3937, -0.1239 -0.4355 0.2165, -0.1048 -0.44 0.3937, -0.1048 -0.44 0.2165, -0.0832 -0.445 0.3937, -0.0832 -0.445 0.2165, -0.0453 -0.4503 0.3937, -0.0453 -0.4503 0.2165, -0.0418 -0.4508 0.3937, -0.0418 -0.4508 0.2165, 0.0 -0.4528 0.3937, 0.0 -0.4528 0.2165, 0.0151 -0.4521 0.3937, 0.0151 -0.4521 0.2165, 0.0418 -0.4508 0.3937, 0.0418 -0.4508 0.2165, 0.0753 -0.4462 0.3937, 0.0753 -0.4462 0.2165, 0.0832 -0.445 0.3937, 0.0832 -0.445 0.2165, 0.1239 -0.4355 0.3937, 0.1239 -0.4355 0.2165, 0.134 -0.4321 0.3937, 0.134 -0.4321 0.2165, 0.1636 -0.4222 0.3937, 0.1636 -0.4222 0.2165, 0.1904 -0.4103 0.3937, 0.1904 -0.4103 0.2165, 0.2018 -0.4053 0.3937, 0.2018 -0.4053 0.2165, 0.2383 -0.3849 0.3937, 0.2383 -0.3849 0.2165, 0.2435 -0.3814 0.3937, 0.2435 -0.3814 0.2165, 0.2728 -0.3613 0.3937, 0.2728 -0.3613 0.2165, 0.292 -0.3454 0.3937, 0.292 -0.3454 0.2165, 0.305 -0.3346 0.3937, 0.305 -0.3346 0.2165, 0.3346 -0.305 0.3937, 0.3346 -0.305 0.2165, 0.3357 -0.3037 0.3937, 0.3357 -0.3037 0.2165, 0.3613 -0.2728 0.3937, 0.3613 -0.2728 0.2165, 0.3729 -0.256 0.3937, 0.3729 -0.256 0.2165, 0.3849 -0.2383 0.3937, 0.3849 -0.2383 0.2165, 0.404 -0.2041 0.3937, 0.404 -0.2041 0.2165, 0.4053 -0.2018 0.3937, 0.4053 -0.2018 0.2165, 0.4222 -0.1636 0.3937, 0.4222 -0.1636 0.2165, 0.4273 -0.1484 0.3937, 0.4273 -0.1484 0.2165, 0.4355 -0.1239 0.3937, 0.4355 -0.1239 0.2165, 0.4434 -0.0901 0.3937, 0.4434 -0.0901 0.2165, 0.445 -0.0832 0.3937, 0.445 -0.0832 0.2165, 0.4508 -0.0418 0.3937, 0.4508 -0.0418 0.2165, 0.4514 -0.0302 0.3937, 0.4514 -0.0302 0.2165, 0.4528 0.0 0.3937, 0.4528 0.0 0.2165, 0.4514 0.0302 0.3937, 0.4514 0.0302 0.2165, 0.4508 0.0418 0.3937, 0.4508 0.0418 0.2165, 0.445 0.0832 0.3937, 0.445 0.0832 0.2165, 0.4434 0.0901 0.3937, 0.4434 0.0901 0.2165, 0.4355 0.1239 0.3937, 0.4355 0.1239 0.2165, 0.4273 0.1484 0.3937, 0.4273 0.1484 0.2165, 0.4222 0.1636 0.3937, 0.4222 0.1636 0.2165, 0.4053 0.2018 0.3937, 0.4053 0.2018 0.2165, 0.404 0.2041 0.3937, 0.404 0.2041 0.2165, 0.3849 0.2383 0.3937, 0.3849 0.2383 0.2165, 0.3729 0.256 0.3937, 0.3729 0.256 0.2165, 0.3613 0.2728 0.3937, 0.3613 0.2728 0.2165, 0.3357 0.3037 0.3937, 0.3357 0.3037 0.2165, 0.3346 0.305 0.3937, 0.3346 0.305 0.2165, 0.305 0.3346 0.3937, 0.305 0.3346 0.2165, 0.292 0.3454 0.3937, 0.292 0.3454 0.2165, 0.2728 0.3613 0.3937, 0.2728 0.3613 0.2165, 0.2435 0.3814 0.3937, 0.2435 0.3814 0.2165, 0.2383 0.3849 0.3937, 0.2383 0.3849 0.2165, 0.2018 0.4053 0.3937, 0.2018 0.4053 0.2165, 0.1904 0.4103 0.3937, 0.1904 0.4103 0.2165, 0.1636 0.4222 0.3937, 0.1636 0.4222 0.2165, 0.134 0.4321 0.3937, 0.134 0.4321 0.2165, 0.1239 0.4355 0.3937, 0.1239 0.4355 0.2165, 0.0832 0.445 0.3937, 0.0832 0.445 0.2165, 0.0753 0.4462 0.3937, 0.0753 0.4462 0.2165, 0.0418 0.4508 0.3937, 0.0418 0.4508 0.2165, 0.0151 0.4521 0.3937, 0.0151 0.4521 0.2165, 0.0 0.4528 0.3937, 0.0 0.4528 0.2165, -0.0418 0.4508 0.3937, -0.0418 0.4508 0.2165, -0.0453 0.4503 0.3937, -0.0453 0.4503 0.2165, -0.0832 0.445 0.3937, -0.0832 0.445 0.2165, -0.1048 0.44 0.3937, -0.1048 0.44 0.2165, -0.1239 0.4355 0.3937, -0.1239 0.4355 0.2165, -0.1627 0.4225 0.3937, -0.1627 0.4225 0.2165, -0.1636 0.4222 0.3937, -0.1636 0.4222 0.2165, -0.2018 0.4053 0.3937, -0.2018 0.4053 0.2165, -0.2174 0.3966 0.3937, -0.2174 0.3966 0.2165, -0.2383 0.3849 0.3937, -0.2383 0.3849 0.2165, -0.2684 0.3643 0.3937, -0.2684 0.3643 0.2165, -0.2728 0.3613 0.3937, -0.2728 0.3613 0.2165, -0.305 0.3346 0.3937, -0.305 0.3346 0.2165, -0.3145 0.3252 0.3937, -0.3145 0.3252 0.2165, -0.3346 0.305 0.3937, -0.3346 0.305 0.2165, -0.3551 0.2804 0.3937, -0.3551 0.2804 0.2165, -0.3613 0.2728 0.3937, -0.3613 0.2728 0.2165, -0.3849 0.2383 0.3937, -0.3849 0.2383 0.2165, -0.3893 0.2306 0.3937, -0.3893 0.2306 0.2165, -0.4053 0.2018 0.3937, -0.4053 0.2018 0.2165, -0.4164 0.1766 0.3937, -0.4164 0.1766 0.2165, -0.4222 0.1636 0.3937, -0.4222 0.1636 0.2165, -0.4355 0.1239 0.3937, -0.4355 0.1239 0.2165, -0.4365 0.1196 0.3937, -0.4365 0.1196 0.2165, -0.445 0.0832 0.3937, -0.445 0.0832 0.2165, -0.4482 0.0603 0.3937, -0.4482 0.0603 0.2165
            ]
        }
        coordIndex [
            0,1,2,-1,2,1,3,-1,2,3,4,-1,4,3,5,-1,4,5,6,-1,6,5,7,-1,6,7,8,-1,8,7,9,-1,8,9,10,-1,10,9,11,-1,10,11,12,-1,12,11,13,-1,12,13,14,-1,14,13,15,-1,14,15,16,-1,16,15,17,-1,16,17,18,-1,18,17,19,-1,18,19,20,-1,20,19,21,-1,20,21,22,-1,22,21,23,-1,22,23,24,-1,24,23,25,-1,24,25,26,-1,26,25,27,-1,26,27,28,-1,28,27,29,-1,28,29,30,-1,30,29,31,-1,30,31,32,-1,32,31,33,-1,32,33,34,-1,34,33,35,-1,34,35,36,-1,36,35,37,-1,36,37,38,-1,38,37,39,-1,38,39,40,-1,40,39,41,-1,40,41,42,-1,42,41,43,-1,42,43,44,-1,44,43,45,-1,44,45,46,-1,46,45,47,-1,46,47,48,-1,48,47,49,-1,48,49,50,-1,50,49,51,-1,50,51,52,-1,52,51,53,-1,52,53,54,-1,54,53,55,-1,54,55,56,-1,56,55,57,-1,56,57,58,-1,58,57,59,-1,58,59,60,-1,60,59,61,-1,60,61,62,-1,62,61,63,-1,62,63,64,-1,64,63,65,-1,64,65,66,-1,66,65,67,-1,66,67,68,-1,68,67,69,-1,68,69,70,-1,70,69,71,-1,70,71,72,-1,72,71,73,-1,72,73,74,-1,74,73,75,-1,74,75,76,-1,76,75,77,-1,76,77,78,-1,78,77,79,-1,78,79,80,-1,80,79,81,-1,80,81,82,-1,82,81,83,-1,82,83,84,-1,84,83,85,-1,84,85,86,-1,86,85,87,-1,86,87,88,-1,88,87,89,-1,88,89,90,-1,90,89,91,-1,90,91,92,-1,92,91,93,-1,92,93,94,-1,94,93,95,-1,94,95,96,-1,96,95,97,-1,96,97,98,-1,98,97,99,-1,98,99,100,-1,100,99,101,-1,100,101,102,-1,102,101,103,-1,102,103,104,-1,104,103,105,-1,104,105,106,-1,106,105,107,-1,106,107,108,-1,108,107,109,-1,108,109,110,-1,110,109,111,-1,110,111,112,-1,112,111,113,-1,112,113,114,-1,114,113,115,-1,114,115,116,-1,116,115,117,-1,116,117,118,-1,118,117,119,-1,118,119,120,-1,120,119,121,-1,120,121,122,-1,122,121,123,-1,122,123,124,-1,124,123,125,-1,124,125,126,-1,126,125,127,-1,126,127,128,-1,128,127,129,-1,128,129,130,-1,130,129,131,-1,130,131,132,-1,132,131,133,-1,132,133,134,-1,134,133,135,-1,134,135,136,-1,136,135,137,-1,136,137,138,-1,138,137,139,-1,138,139,140,-1,140,139,141,-1,140,141,142,-1,142,141,143,-1,142,143,144,-1,144,143,145,-1,144,145,146,-1,146,145,147,-1,146,147,148,-1,148,147,149,-1,148,149,150,-1,150,149,151,-1,150,151,152,-1,152,151,153,-1,152,153,154,-1,154,153,155,-1,154,155,156,-1,156,155,157,-1,156,157,158,-1,158,157,159,-1,158,159,160,-1,160,159,161,-1,160,161,162,-1,162,161,163,-1,162,163,164,-1,164,163,165,-1,164,165,166,-1,166,165,167,-1,166,167,168,-1,168,167,169,-1,168,169,170,-1,170,169,171,-1,170,171,172,-1,172,171,173,-1,172,173,174,-1,174,173,175,-1,174,175,176,-1,176,175,177,-1,176,177,178,-1,178,177,179,-1,178,179,180,-1,180,179,181,-1,180,181,182,-1,182,181,183,-1,182,183,184,-1,184,183,185,-1,184,185,186,-1,186,185,187,-1,186,187,188,-1,188,187,189,-1,188,189,190,-1,190,189,191,-1,190,191,192,-1,192,191,193,-1,192,193,194,-1,194,193,195,-1,194,195,196,-1,196,195,197,-1,196,197,198,-1,198,197,199,-1,198,199,200,-1,200,199,201,-1,200,201,202,-1,202,201,203,-1,202,203,204,-1,204,203,205,-1,204,205,206,-1,206,205,207,-1,206,207,208,-1,208,207,209,-1,208,209,210,-1,210,209,211,-1,210,211,212,-1,212,211,213,-1,212,213,214,-1,214,213,215,-1,214,215,216,-1,216,215,217,-1,216,217,218,-1,218,217,219,-1,218,219,220,-1,220,219,221,-1,220,221,222,-1,222,221,223,-1,222,223,224,-1,224,223,225,-1,224,225,226,-1,226,225,227,-1,226,227,0,-1,0,227,1,-1,
        ]
    }
}
Shape{
    appearance Appearance {
        material  Material 	{
            diffuseColor 0.25098039215686274 0.25098039215686274 0.25098039215686274
            specularColor 0.12549019607843137 0.12549019607843137 0.12549019607843137
            ambientIntensity 0.251
            transparency 0.0
            shininess 0.5
        }
    }
    geometry IndexedFaceSet {
        ccw TRUE
        solid FALSE
        coord DEF co Coordinate {
            point [
                0.4921 0.4921 0.4331, 0.4921 0.4921 0.6102, 0.4921 0.0 0.4331, 0.4921 -0.4921 0.6102, 0.4921 -0.4921 0.4331, -0.4921 0.4921 0.4331, -0.4921 0.4921 0.6102, 0.0 0.4921 0.4331, -0.4921 -0.4921 0.4331, -0.4921 -0.4921 0.6102, -0.4921 -0.0 0.4331, 0.0 -0.4921 0.4331, 0.49 -0.0454 0.4331, 0.2591 -0.4184 0.4331, 0.2966 -0.3927 0.4331, 0.0454 -0.49 0.4331, 0.0904 -0.4837 0.4331, 0.1347 -0.4733 0.4331, 0.1778 -0.4589 0.4331, 0.2194 -0.4405 0.4331, 0.3315 -0.3637 0.4331, 0.3637 -0.3315 0.4331, 0.3927 -0.2966 0.4331, 0.4184 -0.2591 0.4331, 0.4405 -0.2194 0.4331, 0.4589 -0.1778 0.4331, 0.4733 -0.1347 0.4331, 0.4837 -0.0904 0.4331, 0.4464 -0.0834 0.2063, 0.4522 -0.0419 0.2063, 0.4508 -0.0418 0.2165, 0.445 -0.0832 0.2165, 0.4434 -0.0901 0.2165, 0.4368 -0.1243 0.2063, 0.4355 -0.1239 0.2165, 0.4234 -0.164 0.2063, 0.4273 -0.1484 0.2165, 0.4222 -0.1636 0.2165, 0.4065 -0.2024 0.2063, 0.4053 -0.2018 0.2165, 0.404 -0.2041 0.2165, 0.3861 -0.2391 0.2063, 0.3849 -0.2383 0.2165, 0.3624 -0.2737 0.2063, 0.3729 -0.256 0.2165, 0.3613 -0.2728 0.2165, 0.3357 -0.3037 0.2165, 0.3356 -0.3059 0.2063, 0.3346 -0.305 0.2165, 0.3059 -0.3356 0.2063, 0.305 -0.3346 0.2165, 0.292 -0.3454 0.2165, 0.2737 -0.3624 0.2063, 0.2728 -0.3613 0.2165, 0.2391 -0.3861 0.2063, 0.2435 -0.3814 0.2165, 0.2383 -0.3849 0.2165, 0.2024 -0.4065 0.2063, 0.2018 -0.4053 0.2165, 0.1904 -0.4103 0.2165, 0.164 -0.4234 0.2063, 0.1636 -0.4222 0.2165, 0.1243 -0.4368 0.2063, 0.134 -0.4321 0.2165, 0.1239 -0.4355 0.2165, 0.0834 -0.4464 0.2063, 0.0832 -0.445 0.2165, 0.0753 -0.4462 0.2165, 0.0419 -0.4522 0.2063, 0.0418 -0.4508 0.2165, 0.0 -0.4541 0.2063, 0.0151 -0.4521 0.2165, 0.0 -0.4528 0.2165, -0.0419 -0.4522 0.2063, -0.0418 -0.4508 0.2165, -0.0453 -0.4503 0.2165, -0.0834 -0.4464 0.2063, -0.0832 -0.445 0.2165, -0.1243 -0.4368 0.2063, -0.1048 -0.44 0.2165, -0.1239 -0.4355 0.2165, -0.1627 -0.4225 0.2165, -0.164 -0.4234 0.2063, -0.1636 -0.4222 0.2165, -0.2024 -0.4065 0.2063, -0.2018 -0.4053 0.2165, -0.2174 -0.3966 0.2165, -0.2391 -0.3861 0.2063, -0.2383 -0.3849 0.2165, -0.2684 -0.3643 0.2165, -0.2737 -0.3624 0.2063, -0.2728 -0.3613 0.2165, -0.3059 -0.3356 0.2063, -0.305 -0.3346 0.2165, -0.3145 -0.3252 0.2165, -0.3356 -0.3059 0.2063, -0.3346 -0.305 0.2165, -0.3624 -0.2737 0.2063, -0.3551 -0.2804 0.2165, -0.3613 -0.2728 0.2165, -0.3861 -0.2391 0.2063, -0.3849 -0.2383 0.2165, -0.3893 -0.2306 0.2165, -0.4065 -0.2024 0.2063, -0.4053 -0.2018 0.2165, -0.4234 -0.164 0.2063, -0.4164 -0.1766 0.2165, -0.4222 -0.1636 0.2165, -0.4368 -0.1243 0.2063, -0.4355 -0.1239 0.2165, -0.4365 -0.1196 0.2165, -0.4464 -0.0834 0.2063, -0.445 -0.0832 0.2165, -0.4522 -0.0419 0.2063, -0.4482 -0.0603 0.2165, -0.4508 -0.0418 0.2165, -0.4541 -0.0 0.2063, -0.4528 0.0 0.2165, -0.4522 0.0419 0.2063, -0.4508 0.0418 0.2165, -0.4482 0.0603 0.2165, -0.4464 0.0834 0.2063, -0.445 0.0832 0.2165, -0.4365 0.1196 0.2165, -0.4368 0.1243 0.2063, -0.4355 0.1239 0.2165, -0.4234 0.164 0.2063, -0.4222 0.1636 0.2165, -0.4164 0.1766 0.2165, -0.4065 0.2024 0.2063, -0.4053 0.2018 0.2165, -0.3861 0.2391 0.2063, -0.3893 0.2306 0.2165, -0.3849 0.2383 0.2165, -0.3624 0.2737 0.2063, -0.3613 0.2728 0.2165, -0.3551 0.2804 0.2165, -0.3356 0.3059 0.2063, -0.3346 0.305 0.2165, -0.3059 0.3356 0.2063, -0.3145 0.3252 0.2165, -0.305 0.3346 0.2165, -0.2737 0.3624 0.2063, -0.2728 0.3613 0.2165, -0.2684 0.3643 0.2165, -0.2391 0.3861 0.2063, -0.2383 0.3849 0.2165, -0.2024 0.4065 0.2063, -0.2174 0.3966 0.2165, -0.2018 0.4053 0.2165, -0.164 0.4234 0.2063, -0.1636 0.4222 0.2165, -0.1627 0.4225 0.2165, -0.1243 0.4368 0.2063, -0.1239 0.4355 0.2165, -0.1048 0.44 0.2165, -0.0834 0.4464 0.2063, -0.0832 0.445 0.2165, -0.0453 0.4503 0.2165, -0.0419 0.4522 0.2063, -0.0418 0.4508 0.2165, 0.0 0.4541 0.2063, 0.0 0.4528 0.2165, 0.0151 0.4521 0.2165, 0.0419 0.4522 0.2063, 0.0418 0.4508 0.2165, 0.0834 0.4464 0.2063, 0.0753 0.4462 0.2165, 0.0832 0.445 0.2165, 0.1243 0.4368 0.2063, 0.1239 0.4355 0.2165, 0.134 0.4321 0.2165, 0.164 0.4234 0.2063, 0.1636 0.4222 0.2165, 0.2024 0.4065 0.2063, 0.1904 0.4103 0.2165, 0.2018 0.4053 0.2165, 0.2391 0.3861 0.2063, 0.2383 0.3849 0.2165, 0.2435 0.3814 0.2165, 0.2737 0.3624 0.2063, 0.2728 0.3613 0.2165, 0.3059 0.3356 0.2063, 0.292 0.3454 0.2165, 0.305 0.3346 0.2165, 0.3356 0.3059 0.2063, 0.3346 0.305 0.2165, 0.3357 0.3037 0.2165, 0.3624 0.2737 0.2063, 0.3613 0.2728 0.2165, 0.3729 0.256 0.2165, 0.3861 0.2391 0.2063, 0.3849 0.2383 0.2165, 0.404 0.2041 0.2165, 0.4065 0.2024 0.2063, 0.4053 0.2018 0.2165, 0.4234 0.164 0.2063, 0.4222 0.1636 0.2165, 0.4273 0.1484 0.2165, 0.4368 0.1243 0.2063, 0.4355 0.1239 0.2165, 0.4464 0.0834 0.2063, 0.4434 0.0901 0.2165, 0.445 0.0832 0.2165, 0.4522 0.0419 0.2063, 0.4508 0.0418 0.2165, 0.4514 0.0302 0.2165, 0.4541 0.0 0.2063, 0.4528 0.0 0.2165, 0.4514 -0.0302 0.2165, 0.4561 0.0423 0.1969, 0.4502 0.0842 0.1969, 0.4405 0.1253 0.1969, 0.4271 0.1655 0.1969, 0.41 0.2042 0.1969, 0.3894 0.2411 0.1969, 0.3655 0.276 0.1969, 0.3385 0.3086 0.1969, 0.3086 0.3385 0.1969, 0.276 0.3655 0.1969, 0.2411 0.3894 0.1969, 0.2042 0.41 0.1969, 0.1655 0.4271 0.1969, 0.1253 0.4405 0.1969, 0.0842 0.4502 0.1969, 0.0423 0.4561 0.1969, 0.0 0.458 0.1969, -0.0423 0.4561 0.1969, -0.0842 0.4502 0.1969, -0.1253 0.4405 0.1969, -0.1655 0.4271 0.1969, -0.2042 0.41 0.1969, -0.2411 0.3894 0.1969, -0.276 0.3655 0.1969, -0.3086 0.3385 0.1969, -0.3385 0.3086 0.1969, -0.3655 0.276 0.1969, -0.3894 0.2411 0.1969, -0.41 0.2042 0.1969, -0.4271 0.1655 0.1969, -0.4405 0.1253 0.1969, -0.4502 0.0842 0.1969, -0.4561 0.0423 0.1969, -0.458 -0.0 0.1969, -0.4561 -0.0423 0.1969, -0.4502 -0.0842 0.1969, -0.4405 -0.1253 0.1969, -0.4271 -0.1655 0.1969, -0.41 -0.2042 0.1969, -0.3894 -0.2411 0.1969, -0.3655 -0.276 0.1969, -0.3385 -0.3086 0.1969, -0.3086 -0.3385 0.1969, -0.276 -0.3655 0.1969, -0.2411 -0.3894 0.1969, -0.2042 -0.41 0.1969, -0.1655 -0.4271 0.1969, -0.1253 -0.4405 0.1969, -0.0842 -0.4502 0.1969, -0.0423 -0.4561 0.1969, 0.0 -0.458 0.1969, 0.0423 -0.4561 0.1969, 0.0842 -0.4502 0.1969, 0.1253 -0.4405 0.1969, 0.1655 -0.4271 0.1969, 0.2042 -0.41 0.1969, 0.2411 -0.3894 0.1969, 0.276 -0.3655 0.1969, 0.3086 -0.3385 0.1969, 0.3385 -0.3086 0.1969, 0.3655 -0.276 0.1969, 0.3894 -0.2411 0.1969, 0.41 -0.2042 0.1969, 0.4271 -0.1655 0.1969, 0.4405 -0.1253 0.1969, 0.4502 -0.0842 0.1969, 0.4561 -0.0423 0.1969, 0.458 0.0 0.1969, 0.4623 0.0428 0.1887, 0.4564 0.0853 0.1887, 0.4466 0.1271 0.1887, 0.4329 0.1677 0.1887, 0.4156 0.207 0.1887, 0.3947 0.2444 0.1887, 0.3705 0.2798 0.1887, 0.3431 0.3128 0.1887, 0.3128 0.3431 0.1887, 0.2798 0.3705 0.1887, 0.2444 0.3947 0.1887, 0.207 0.4156 0.1887, 0.1677 0.4329 0.1887, 0.1271 0.4466 0.1887, 0.0853 0.4564 0.1887, 0.0428 0.4623 0.1887, 0.0 0.4643 0.1887, -0.0428 0.4623 0.1887, -0.0853 0.4564 0.1887, -0.1271 0.4466 0.1887, -0.1677 0.4329 0.1887, -0.207 0.4156 0.1887, -0.2444 0.3947 0.1887, -0.2798 0.3705 0.1887, -0.3128 0.3431 0.1887, -0.3431 0.3128 0.1887, -0.3705 0.2798 0.1887, -0.3947 0.2444 0.1887, -0.4156 0.207 0.1887, -0.4329 0.1677 0.1887, -0.4466 0.1271 0.1887, -0.4564 0.0853 0.1887, -0.4623 0.0428 0.1887, -0.4643 -0.0 0.1887, -0.4623 -0.0428 0.1887, -0.4564 -0.0853 0.1887, -0.4466 -0.1271 0.1887, -0.4329 -0.1677 0.1887, -0.4156 -0.207 0.1887, -0.3947 -0.2444 0.1887, -0.3705 -0.2798 0.1887, -0.3431 -0.3128 0.1887, -0.3128 -0.3431 0.1887, -0.2798 -0.3705 0.1887, -0.2444 -0.3947 0.1887, -0.207 -0.4156 0.1887, -0.1677 -0.4329 0.1887, -0.1271 -0.4466 0.1887, -0.0853 -0.4564 0.1887, -0.0428 -0.4623 0.1887, 0.0 -0.4643 0.1887, 0.0428 -0.4623 0.1887, 0.0853 -0.4564 0.1887, 0.1271 -0.4466 0.1887, 0.1677 -0.4329 0.1887, 0.207 -0.4156 0.1887, 0.2444 -0.3947 0.1887, 0.2798 -0.3705 0.1887, 0.3128 -0.3431 0.1887, 0.3431 -0.3128 0.1887, 0.3705 -0.2798 0.1887, 0.3947 -0.2444 0.1887, 0.4156 -0.207 0.1887, 0.4329 -0.1677 0.1887, 0.4466 -0.1271 0.1887, 0.4564 -0.0853 0.1887, 0.4623 -0.0428 0.1887, 0.4643 0.0 0.1887, 0.4704 0.0436 0.1824, 0.4644 0.0868 0.1824, 0.4544 0.1293 0.1824, 0.4405 0.1707 0.1824, 0.4229 0.2106 0.1824, 0.4017 0.2487 0.1824, 0.377 0.2847 0.1824, 0.3491 0.3183 0.1824, 0.3183 0.3491 0.1824, 0.2847 0.377 0.1824, 0.2487 0.4017 0.1824, 0.2106 0.4229 0.1824, 0.1707 0.4405 0.1824, 0.1293 0.4544 0.1824, 0.0868 0.4644 0.1824, 0.0436 0.4704 0.1824, 0.0 0.4724 0.1824, -0.0436 0.4704 0.1824, -0.0868 0.4644 0.1824, -0.1293 0.4544 0.1824, -0.1707 0.4405 0.1824, -0.2106 0.4229 0.1824, -0.2487 0.4017 0.1824, -0.2847 0.377 0.1824, -0.3183 0.3491 0.1824, -0.3491 0.3183 0.1824, -0.377 0.2847 0.1824, -0.4017 0.2487 0.1824, -0.4229 0.2106 0.1824, -0.4405 0.1707 0.1824, -0.4544 0.1293 0.1824, -0.4644 0.0868 0.1824, -0.4704 0.0436 0.1824, -0.4724 -0.0 0.1824, -0.4704 -0.0436 0.1824, -0.4644 -0.0868 0.1824, -0.4544 -0.1293 0.1824, -0.4405 -0.1707 0.1824, -0.4229 -0.2106 0.1824, -0.4017 -0.2487 0.1824, -0.377 -0.2847 0.1824, -0.3491 -0.3183 0.1824, -0.3183 -0.3491 0.1824, -0.2847 -0.377 0.1824, -0.2487 -0.4017 0.1824, -0.2106 -0.4229 0.1824, -0.1707 -0.4405 0.1824, -0.1293 -0.4544 0.1824, -0.0868 -0.4644 0.1824, -0.0436 -0.4704 0.1824, 0.0 -0.4724 0.1824, 0.0436 -0.4704 0.1824, 0.0868 -0.4644 0.1824, 0.1293 -0.4544 0.1824, 0.1707 -0.4405 0.1824, 0.2106 -0.4229 0.1824, 0.2487 -0.4017 0.1824, 0.2847 -0.377 0.1824, 0.3183 -0.3491 0.1824, 0.3491 -0.3183 0.1824, 0.377 -0.2847 0.1824, 0.4017 -0.2487 0.1824, 0.4229 -0.2106 0.1824, 0.4405 -0.1707 0.1824, 0.4544 -0.1293 0.1824, 0.4644 -0.0868 0.1824, 0.4704 -0.0436 0.1824, 0.4724 0.0 0.1824, 0.4799 0.0445 0.1785, 0.4737 0.0886 0.1785, 0.4635 0.1319 0.1785, 0.4494 0.1741 0.1785, 0.4314 0.2148 0.1785, 0.4098 0.2537 0.1785, 0.3846 0.2904 0.1785, 0.3562 0.3247 0.1785, 0.3247 0.3562 0.1785, 0.2904 0.3846 0.1785, 0.2537 0.4098 0.1785, 0.2148 0.4314 0.1785, 0.1741 0.4494 0.1785, 0.1319 0.4635 0.1785, 0.0886 0.4737 0.1785, 0.0445 0.4799 0.1785, 0.0 0.4819 0.1785, -0.0445 0.4799 0.1785, -0.0886 0.4737 0.1785, -0.1319 0.4635 0.1785, -0.1741 0.4494 0.1785, -0.2148 0.4314 0.1785, -0.2537 0.4098 0.1785, -0.2904 0.3846 0.1785, -0.3247 0.3562 0.1785, -0.3562 0.3247 0.1785, -0.3846 0.2904 0.1785, -0.4098 0.2537 0.1785, -0.4314 0.2148 0.1785, -0.4494 0.1741 0.1785, -0.4635 0.1319 0.1785, -0.4737 0.0886 0.1785, -0.4799 0.0445 0.1785, -0.4819 -0.0 0.1785, -0.4799 -0.0445 0.1785, -0.4737 -0.0886 0.1785, -0.4635 -0.1319 0.1785, -0.4494 -0.1741 0.1785, -0.4314 -0.2148 0.1785, -0.4098 -0.2537 0.1785, -0.3846 -0.2904 0.1785, -0.3562 -0.3247 0.1785, -0.3247 -0.3562 0.1785, -0.2904 -0.3846 0.1785, -0.2537 -0.4098 0.1785, -0.2148 -0.4314 0.1785, -0.1741 -0.4494 0.1785, -0.1319 -0.4635 0.1785, -0.0886 -0.4737 0.1785, -0.0445 -0.4799 0.1785, 0.0 -0.4819 0.1785, 0.0445 -0.4799 0.1785, 0.0886 -0.4737 0.1785, 0.1319 -0.4635 0.1785, 0.1741 -0.4494 0.1785, 0.2148 -0.4314 0.1785, 0.2537 -0.4098 0.1785, 0.2904 -0.3846 0.1785, 0.3247 -0.3562 0.1785, 0.3562 -0.3247 0.1785, 0.3846 -0.2904 0.1785, 0.4098 -0.2537 0.1785, 0.4314 -0.2148 0.1785, 0.4494 -0.1741 0.1785, 0.4635 -0.1319 0.1785, 0.4737 -0.0886 0.1785, 0.4799 -0.0445 0.1785, 0.4819 0.0 0.1785, 0.49 0.0454 0.1772, 0.4837 0.0904 0.1772, 0.4733 0.1347 0.1772, 0.4589 0.1778 0.1772, 0.4405 0.2194 0.1772, 0.4184 0.2591 0.1772, 0.3927 0.2966 0.1772, 0.3637 0.3315 0.1772, 0.3315 0.3637 0.1772, 0.2966 0.3927 0.1772, 0.2591 0.4184 0.1772, 0.2194 0.4405 0.1772, 0.1778 0.4589 0.1772, 0.1347 0.4733 0.1772, 0.0904 0.4837 0.1772, 0.0454 0.49 0.1772, 0.0 0.4921 0.1772, -0.0454 0.49 0.1772, -0.0904 0.4837 0.1772, -0.1347 0.4733 0.1772, -0.1778 0.4589 0.1772, -0.2194 0.4405 0.1772, -0.2591 0.4184 0.1772, -0.2966 0.3927 0.1772, -0.3315 0.3637 0.1772, -0.3637 0.3315 0.1772, -0.3927 0.2966 0.1772, -0.4184 0.2591 0.1772, -0.4405 0.2194 0.1772, -0.4589 0.1778 0.1772, -0.4733 0.1347 0.1772, -0.4837 0.0904 0.1772, -0.49 0.0454 0.1772, -0.4921 -0.0 0.1772, -0.49 -0.0454 0.1772, -0.4837 -0.0904 0.1772, -0.4733 -0.1347 0.1772, -0.4589 -0.1778 0.1772, -0.4405 -0.2194 0.1772, -0.4184 -0.2591 0.1772, -0.3927 -0.2966 0.1772, -0.3637 -0.3315 0.1772, -0.3315 -0.3637 0.1772, -0.2966 -0.3927 0.1772, -0.2591 -0.4184 0.1772, -0.2194 -0.4405 0.1772, -0.1778 -0.4589 0.1772, -0.1347 -0.4733 0.1772, -0.0904 -0.4837 0.1772, -0.0454 -0.49 0.1772, 0.0 -0.4921 0.1772, 0.0454 -0.49 0.1772, 0.0904 -0.4837 0.1772, 0.1347 -0.4733 0.1772, 0.1778 -0.4589 0.1772, 0.2194 -0.4405 0.1772, 0.2591 -0.4184 0.1772, 0.2966 -0.3927 0.1772, 0.3315 -0.3637 0.1772, 0.3637 -0.3315 0.1772, 0.3927 -0.2966 0.1772, 0.4184 -0.2591 0.1772, 0.4405 -0.2194 0.1772, 0.4589 -0.1778 0.1772, 0.4733 -0.1347 0.1772, 0.4837 -0.0904 0.1772, 0.49 -0.0454 0.1772, 0.4921 0.0 0.1772, 0.4514 0.0302 0.3937, 0.4508 0.0418 0.3937, 0.4522 0.0419 0.4039, 0.4273 0.1484 0.3937, 0.4222 0.1636 0.3937, 0.4234 0.164 0.4039, 0.3729 0.256 0.3937, 0.3613 0.2728 0.3937, 0.3624 0.2737 0.4039, -0.0453 0.4503 0.3937, -0.0832 0.445 0.3937, -0.0834 0.4464 0.4039, -0.4482 -0.0603 0.3937, -0.445 -0.0832 0.3937, -0.4464 -0.0834 0.4039, -0.1627 -0.4225 0.3937, -0.1239 -0.4355 0.3937, -0.1243 -0.4368 0.4039, -0.1048 -0.44 0.3937, -0.0832 -0.445 0.3937, -0.0834 -0.4464 0.4039, 0.3357 -0.3037 0.3937, 0.3613 -0.2728 0.3937, 0.3624 -0.2737 0.4039, 0.3729 -0.256 0.3937, 0.3849 -0.2383 0.3937, 0.3861 -0.2391 0.4039, 0.2537 0.4098 0.4317, 0.2904 0.3846 0.4317, 0.2847 0.377 0.4278, 0.49 0.0454 0.4331, 0.4819 0.0 0.4317, 0.4837 0.0904 0.4331, 0.4799 0.0445 0.4317, 0.4733 0.1347 0.4331, 0.4737 0.0886 0.4317, 0.4589 0.1778 0.4331, 0.4635 0.1319 0.4317, 0.4405 0.2194 0.4331, 0.4494 0.1741 0.4317, 0.4184 0.2591 0.4331, 0.4314 0.2148 0.4317, 0.3927 0.2966 0.4331, 0.4098 0.2537 0.4317, 0.1741 -0.4494 0.4317, 0.1319 -0.4635 0.4317, 0.1293 -0.4544 0.4278, -0.3315 -0.3637 0.4331, -0.3637 -0.3315 0.4331, -0.3562 -0.3247 0.4317, -0.3846 -0.2904 0.4317, -0.377 -0.2847 0.4278, -0.4589 0.1778 0.4331, -0.4405 0.2194 0.4331, -0.4314 0.2148 0.4317, -0.4098 0.2537 0.4317, -0.4017 0.2487 0.4278, 0.1347 0.4733 0.4331, 0.1778 0.4589 0.4331, 0.1741 0.4494 0.4317, 0.2148 0.4314 0.4317, 0.2106 0.4229 0.4278, 0.2966 0.3927 0.4331, 0.2591 0.4184 0.4331, 0.2194 0.4405 0.4331, 0.2148 -0.4314 0.4317, 0.1707 -0.4405 0.4278, 0.1271 -0.4466 0.4215, -0.2966 -0.3927 0.4331, -0.3247 -0.3562 0.4317, -0.3491 -0.3183 0.4278, -0.3705 -0.2798 0.4215, -0.4733 0.1347 0.4331, -0.4494 0.1741 0.4317, -0.4229 0.2106 0.4278, -0.3947 0.2444 0.4215, 0.0904 0.4837 0.4331, 0.1319 0.4635 0.4317, 0.1707 0.4405 0.4278, 0.207 0.4156 0.4215, 0.3128 0.3431 0.4215, 0.3183 0.3491 0.4278, 0.3247 0.3562 0.4317, 0.3315 0.3637 0.4331, 0.2537 -0.4098 0.4317, 0.2106 -0.4229 0.4278, 0.1677 -0.4329 0.4215, 0.1253 -0.4405 0.4134, -0.2591 -0.4184 0.4331, -0.2904 -0.3846 0.4317, -0.3183 -0.3491 0.4278, -0.3431 -0.3128 0.4215, -0.3655 -0.276 0.4134, -0.4837 0.0904 0.4331, -0.4635 0.1319 0.4317, -0.4405 0.1707 0.4278, -0.4156 0.207 0.4215, -0.3894 0.2411 0.4134, 0.0454 0.49 0.4331, 0.0886 0.4737 0.4317, 0.1293 0.4544 0.4278, 0.1677 0.4329 0.4215, 0.2042 0.41 0.4134, 0.3385 0.3086 0.4134, 0.3431 0.3128 0.4215, 0.3491 0.3183 0.4278, 0.3562 0.3247 0.4317, 0.3637 0.3315 0.4331, 0.4405 -0.1253 0.4134, 0.4502 -0.0842 0.4134, 0.4564 -0.0853 0.4215, 0.2904 -0.3846 0.4317, 0.2487 -0.4017 0.4278, 0.207 -0.4156 0.4215, 0.1655 -0.4271 0.4134, 0.1243 -0.4368 0.4039, 0.0423 -0.4561 0.4134, 0.0842 -0.4502 0.4134, 0.0853 -0.4564 0.4215, -0.2194 -0.4405 0.4331, -0.2537 -0.4098 0.4317, -0.2847 -0.377 0.4278, -0.3128 -0.3431 0.4215, -0.3385 -0.3086 0.4134, -0.3624 -0.2737 0.4039, -0.41 -0.2042 0.4134, -0.3894 -0.2411 0.4134, -0.3947 -0.2444 0.4215, -0.49 0.0454 0.4331, -0.4737 0.0886 0.4317, -0.4544 0.1293 0.4278, -0.4329 0.1677 0.4215, -0.41 0.2042 0.4134, -0.3861 0.2391 0.4039, -0.3385 0.3086 0.4134, -0.3655 0.276 0.4134, -0.3705 0.2798 0.4215, 0.0445 0.4799 0.4317, 0.0868 0.4644 0.4278, 0.1271 0.4466 0.4215, 0.1655 0.4271 0.4134, 0.2024 0.4065 0.4039, 0.276 0.3655 0.4134, 0.2411 0.3894 0.4134, 0.2444 0.3947 0.4215, 0.3655 0.276 0.4134, 0.3705 0.2798 0.4215, 0.377 0.2847 0.4278, 0.3846 0.2904 0.4317, 0.4464 -0.0834 0.4039, 0.4368 -0.1243 0.4039, 0.4234 -0.164 0.4039, 0.404 -0.2041 0.3937, 0.4053 -0.2018 0.3937, 0.4065 -0.2024 0.4039, 0.4271 -0.1655 0.4134, 0.4466 -0.1271 0.4215, 0.4644 -0.0868 0.4278, 0.4494 -0.1741 0.4317, 0.4314 -0.2148 0.4317, 0.4229 -0.2106 0.4278, 0.4017 -0.2487 0.4278, 0.3947 -0.2444 0.4215, 0.3705 -0.2798 0.4215, 0.3655 -0.276 0.4134, 0.3385 -0.3086 0.4134, 0.3356 -0.3059 0.4039, 0.3059 -0.3356 0.4039, 0.3846 -0.2904 0.4317, 0.3562 -0.3247 0.4317, 0.3491 -0.3183 0.4278, 0.3183 -0.3491 0.4278, 0.3128 -0.3431 0.4215, 0.2798 -0.3705 0.4215, 0.276 -0.3655 0.4134, 0.2411 -0.3894 0.4134, 0.2391 -0.3861 0.4039, 0.2024 -0.4065 0.4039, 0.0834 -0.4464 0.4039, 0.0419 -0.4522 0.4039, 0.0 -0.4541 0.4039, -0.0453 -0.4503 0.3937, -0.0418 -0.4508 0.3937, -0.0419 -0.4522 0.4039, 0.0 -0.458 0.4134, 0.0428 -0.4623 0.4215, 0.0868 -0.4644 0.4278, 0.0 -0.4819 0.4317, -0.0445 -0.4799 0.4317, -0.0436 -0.4704 0.4278, -0.0868 -0.4644 0.4278, -0.0853 -0.4564 0.4215, -0.1271 -0.4466 0.4215, -0.1253 -0.4405 0.4134, -0.1655 -0.4271 0.4134, -0.164 -0.4234 0.4039, -0.2024 -0.4065 0.4039, -0.0904 -0.4837 0.4331, -0.1347 -0.4733 0.4331, -0.1319 -0.4635 0.4317, -0.1741 -0.4494 0.4317, -0.1707 -0.4405 0.4278, -0.2106 -0.4229 0.4278, -0.207 -0.4156 0.4215, -0.2444 -0.3947 0.4215, -0.2411 -0.3894 0.4134, -0.276 -0.3655 0.4134, -0.2737 -0.3624 0.4039, -0.3059 -0.3356 0.4039, -0.3861 -0.2391 0.4039, -0.4065 -0.2024 0.4039, -0.4234 -0.164 0.4039, -0.4365 -0.1196 0.3937, -0.4355 -0.1239 0.3937, -0.4368 -0.1243 0.4039, -0.4271 -0.1655 0.4134, -0.4156 -0.207 0.4215, -0.4017 -0.2487 0.4278, -0.4184 -0.2591 0.4331, -0.4405 -0.2194 0.4331, -0.4314 -0.2148 0.4317, -0.4494 -0.1741 0.4317, -0.4405 -0.1707 0.4278, -0.4544 -0.1293 0.4278, -0.4466 -0.1271 0.4215, -0.4564 -0.0853 0.4215, -0.4502 -0.0842 0.4134, -0.4561 -0.0423 0.4134, -0.4522 -0.0419 0.4039, -0.4541 -0.0 0.4039, -0.4589 -0.1778 0.4331, -0.4635 -0.1319 0.4317, -0.4644 -0.0868 0.4278, -0.4623 -0.0428 0.4215, -0.458 -0.0 0.4134, -0.4522 0.0419 0.4039, -0.4837 -0.0904 0.4331, -0.49 -0.0454 0.4331, -0.4799 -0.0445 0.4317, -0.4819 -0.0 0.4317, -0.4724 -0.0 0.4278, -0.4704 0.0436 0.4278, -0.4623 0.0428 0.4215, -0.4564 0.0853 0.4215, -0.4502 0.0842 0.4134, -0.4405 0.1253 0.4134, -0.4368 0.1243 0.4039, -0.4234 0.164 0.4039, -0.3624 0.2737 0.4039, -0.3356 0.3059 0.4039, -0.3059 0.3356 0.4039, -0.2684 0.3643 0.3937, -0.2728 0.3613 0.3937, -0.2737 0.3624 0.4039, -0.3086 0.3385 0.4134, -0.3431 0.3128 0.4215, -0.377 0.2847 0.4278, -0.4184 0.2591 0.4331, -0.3927 0.2966 0.4331, -0.3846 0.2904 0.4317, -0.3562 0.3247 0.4317, -0.3491 0.3183 0.4278, -0.3183 0.3491 0.4278, -0.3128 0.3431 0.4215, -0.2798 0.3705 0.4215, -0.276 0.3655 0.4134, -0.2411 0.3894 0.4134, -0.2391 0.3861 0.4039, -0.2024 0.4065 0.4039, -0.3637 0.3315 0.4331, -0.3247 0.3562 0.4317, -0.2847 0.377 0.4278, -0.2444 0.3947 0.4215, -0.2042 0.41 0.4134, -0.164 0.4234 0.4039, -0.1636 0.4222 0.3937, -0.1627 0.4225 0.3937, -0.3315 0.3637 0.4331, -0.2966 0.3927 0.4331, -0.2904 0.3846 0.4317, -0.2537 0.4098 0.4317, -0.2487 0.4017 0.4278, -0.2106 0.4229 0.4278, -0.207 0.4156 0.4215, -0.1677 0.4329 0.4215, -0.1655 0.4271 0.4134, -0.1253 0.4405 0.4134, -0.1243 0.4368 0.4039, -0.2591 0.4184 0.4331, -0.2194 0.4405 0.4331, -0.2148 0.4314 0.4317, -0.1741 0.4494 0.4317, -0.1707 0.4405 0.4278, -0.1293 0.4544 0.4278, -0.1271 0.4466 0.4215, -0.0853 0.4564 0.4215, -0.0842 0.4502 0.4134, -0.0423 0.4561 0.4134, -0.0419 0.4522 0.4039, 0.0 0.4541 0.4039, -0.1347 0.4733 0.4331, -0.0904 0.4837 0.4331, -0.0886 0.4737 0.4317, -0.0445 0.4799 0.4317, -0.0436 0.4704 0.4278, 0.0 0.4724 0.4278, 0.0 0.4643 0.4215, 0.0428 0.4623 0.4215, 0.0423 0.4561 0.4134, 0.0842 0.4502 0.4134, 0.0834 0.4464 0.4039, 0.1243 0.4368 0.4039, 0.2391 0.3861 0.4039, 0.2737 0.3624 0.4039, 0.3059 0.3356 0.4039, 0.3357 0.3037 0.3937, 0.3346 0.305 0.3937, 0.3356 0.3059 0.4039, 0.3086 0.3385 0.4134, 0.2798 0.3705 0.4215, 0.2487 0.4017 0.4278, 0.4522 -0.0419 0.4039, 0.4508 -0.0418 0.3937, 0.4514 -0.0302 0.3937, 0.4799 -0.0445 0.4317, 0.4704 -0.0436 0.4278, 0.4724 0.0 0.4278, 0.4623 -0.0428 0.4215, 0.4643 0.0 0.4215, 0.4561 -0.0423 0.4134, 0.458 0.0 0.4134, 0.4541 0.0 0.4039, 0.4528 0.0 0.3937, 0.445 -0.0832 0.3937, 0.4222 -0.1636 0.3937, 0.4273 -0.1484 0.3937, 0.4355 -0.1239 0.3937, 0.4434 -0.0901 0.3937, 0.41 -0.2042 0.4134, 0.4329 -0.1677 0.4215, 0.4544 -0.1293 0.4278, 0.4737 -0.0886 0.4317, 0.3894 -0.2411 0.4134, 0.4156 -0.207 0.4215, 0.4405 -0.1707 0.4278, 0.4635 -0.1319 0.4317, 0.2435 -0.3814 0.3937, 0.2728 -0.3613 0.3937, 0.2737 -0.3624 0.4039, 0.3086 -0.3385 0.4134, 0.3431 -0.3128 0.4215, 0.377 -0.2847 0.4278, 0.4098 -0.2537 0.4317, 0.292 -0.3454 0.3937, 0.305 -0.3346 0.3937, 0.3346 -0.305 0.3937, 0.134 -0.4321 0.3937, 0.1636 -0.4222 0.3937, 0.164 -0.4234 0.4039, 0.2042 -0.41 0.4134, 0.2444 -0.3947 0.4215, 0.2847 -0.377 0.4278, 0.3247 -0.3562 0.4317, 0.1904 -0.4103 0.3937, 0.2018 -0.4053 0.3937, 0.2383 -0.3849 0.3937, 0.1239 -0.4355 0.3937, 0.0832 -0.445 0.3937, 0.0 -0.4528 0.3937, 0.0151 -0.4521 0.3937, 0.0418 -0.4508 0.3937, 0.0753 -0.4462 0.3937, -0.0423 -0.4561 0.4134, 0.0 -0.4643 0.4215, 0.0436 -0.4704 0.4278, 0.0886 -0.4737 0.4317, -0.0842 -0.4502 0.4134, -0.0428 -0.4623 0.4215, 0.0 -0.4724 0.4278, 0.0445 -0.4799 0.4317, -0.2684 -0.3643 0.3937, -0.2383 -0.3849 0.3937, -0.2391 -0.3861 0.4039, -0.2042 -0.41 0.4134, -0.1677 -0.4329 0.4215, -0.1293 -0.4544 0.4278, -0.0886 -0.4737 0.4317, -0.0454 -0.49 0.4331, -0.2174 -0.3966 0.3937, -0.2018 -0.4053 0.3937, -0.1636 -0.4222 0.3937, -0.3551 -0.2804 0.3937, -0.3346 -0.305 0.3937, -0.3356 -0.3059 0.4039, -0.3086 -0.3385 0.4134, -0.2798 -0.3705 0.4215, -0.2487 -0.4017 0.4278, -0.2148 -0.4314 0.4317, -0.1778 -0.4589 0.4331, -0.3145 -0.3252 0.3937, -0.305 -0.3346 0.3937, -0.2728 -0.3613 0.3937, -0.3613 -0.2728 0.3937, -0.3849 -0.2383 0.3937, -0.4222 -0.1636 0.3937, -0.4164 -0.1766 0.3937, -0.4053 -0.2018 0.3937, -0.3893 -0.2306 0.3937, -0.4405 -0.1253 0.4134, -0.4329 -0.1677 0.4215, -0.4229 -0.2106 0.4278, -0.4098 -0.2537 0.4317, -0.3927 -0.2966 0.4331, -0.4365 0.1196 0.3937, -0.445 0.0832 0.3937, -0.4464 0.0834 0.4039, -0.4561 0.0423 0.4134, -0.4643 -0.0 0.4215, -0.4704 -0.0436 0.4278, -0.4737 -0.0886 0.4317, -0.4733 -0.1347 0.4331, -0.4482 0.0603 0.3937, -0.4508 0.0418 0.3937, -0.4528 0.0 0.3937, -0.4508 -0.0418 0.3937, -0.3893 0.2306 0.3937, -0.4053 0.2018 0.3937, -0.4065 0.2024 0.4039, -0.4271 0.1655 0.4134, -0.4466 0.1271 0.4215, -0.4644 0.0868 0.4278, -0.4799 0.0445 0.4317, -0.4164 0.1766 0.3937, -0.4222 0.1636 0.3937, -0.4355 0.1239 0.3937, -0.3849 0.2383 0.3937, -0.3613 0.2728 0.3937, -0.305 0.3346 0.3937, -0.3145 0.3252 0.3937, -0.3346 0.305 0.3937, -0.3551 0.2804 0.3937, -0.2018 0.4053 0.3937, -0.2174 0.3966 0.3937, -0.2383 0.3849 0.3937, -0.1239 0.4355 0.3937, -0.1048 0.44 0.3937, 0.0753 0.4462 0.3937, 0.0418 0.4508 0.3937, 0.0419 0.4522 0.4039, 0.0 0.458 0.4134, -0.0428 0.4623 0.4215, -0.0868 0.4644 0.4278, -0.1319 0.4635 0.4317, -0.1778 0.4589 0.4331, 0.0151 0.4521 0.3937, 0.0 0.4528 0.3937, -0.0418 0.4508 0.3937, 0.1904 0.4103 0.3937, 0.1636 0.4222 0.3937, 0.164 0.4234 0.4039, 0.1253 0.4405 0.4134, 0.0853 0.4564 0.4215, 0.0436 0.4704 0.4278, 0.0 0.4819 0.4317, -0.0454 0.49 0.4331, 0.134 0.4321 0.3937, 0.1239 0.4355 0.3937, 0.0832 0.445 0.3937, 0.2018 0.4053 0.3937, 0.2383 0.3849 0.3937, 0.305 0.3346 0.3937, 0.292 0.3454 0.3937, 0.2728 0.3613 0.3937, 0.2435 0.3814 0.3937, 0.4017 0.2487 0.4278, 0.3947 0.2444 0.4215, 0.3894 0.2411 0.4134, 0.3861 0.2391 0.4039, 0.3849 0.2383 0.3937, 0.4065 0.2024 0.4039, 0.4053 0.2018 0.3937, 0.404 0.2041 0.3937, 0.4229 0.2106 0.4278, 0.4156 0.207 0.4215, 0.41 0.2042 0.4134, 0.4405 0.1707 0.4278, 0.4329 0.1677 0.4215, 0.4271 0.1655 0.4134, 0.4544 0.1293 0.4278, 0.4466 0.1271 0.4215, 0.4405 0.1253 0.4134, 0.4368 0.1243 0.4039, 0.4355 0.1239 0.3937, 0.4464 0.0834 0.4039, 0.445 0.0832 0.3937, 0.4434 0.0901 0.3937, 0.4644 0.0868 0.4278, 0.4564 0.0853 0.4215, 0.4502 0.0842 0.4134, 0.4704 0.0436 0.4278, 0.4623 0.0428 0.4215, 0.4561 0.0423 0.4134, 0.5617 0.4921 0.0197, 0.6299 0.4921 0.1378, 0.5617 -0.4921 0.0197, 0.6299 -0.4921 0.1378, -0.5617 -0.4921 0.0197, -0.6299 -0.4921 0.1378, -0.5617 0.4921 0.0197, -0.6299 0.4921 0.1378, -0.5512 -0.4921 0.0197, -0.5512 0.4921 0.0197, -0.4921 -0.4331 0.0591, -0.4921 0.4331 0.0591, -0.315 0.4778 0.0591, -0.315 -0.4778 0.0591, -0.4378 -0.4331 0.0591, -0.4378 0.4331 0.0591, -0.2756 -0.4921 0.0197, -0.2756 -0.0396 0.0197, -0.2756 0.4921 0.0197, 0.4921 0.4331 0.0591, 0.5512 0.4921 0.0197, 0.4921 -0.4331 0.0591, 0.5512 -0.4921 0.0197, 0.2756 0.4921 0.0197, 0.315 0.4778 0.0591, 0.2756 -0.0396 0.0197, 0.315 -0.4778 0.0591, 0.2756 -0.4921 0.0197, 0.4378 0.4331 0.0591, 0.4378 -0.4331 0.0591
            ]
        }
        coordIndex [
            0,1,2,-1,2,1,3,-1,2,3,4,-1,5,6,7,-1,7,6,1,-1,7,1,0,-1,8,9,10,-1,10,9,6,-1,10,6,5,-1,4,3,11,-1,11,3,9,-1,11,9,8,-1,12,2,4,-1,13,14,4,-1,11,15,4,-1,4,15,16,-1,4,16,17,-1,17,18,4,-1,4,18,19,-1,4,19,13,-1,14,20,4,-1,4,20,21,-1,4,21,22,-1,22,23,4,-1,4,23,24,-1,4,24,25,-1,25,26,4,-1,4,26,27,-1,4,27,12,-1,1,6,3,-1,3,6,9,-1,28,29,30,-1,30,31,28,-1,28,31,32,-1,28,32,33,-1,33,32,34,-1,33,34,35,-1,34,36,35,-1,35,36,37,-1,35,37,38,-1,37,39,38,-1,38,39,40,-1,38,40,41,-1,41,40,42,-1,41,42,43,-1,43,42,44,-1,44,45,43,-1,43,45,46,-1,43,46,47,-1,47,46,48,-1,47,48,49,-1,48,50,49,-1,49,50,51,-1,49,51,52,-1,52,51,53,-1,52,53,54,-1,53,55,54,-1,54,55,56,-1,54,56,57,-1,56,58,57,-1,57,58,59,-1,57,59,60,-1,60,59,61,-1,60,61,62,-1,61,63,62,-1,62,63,64,-1,62,64,65,-1,64,66,65,-1,65,66,67,-1,65,67,68,-1,68,67,69,-1,68,69,70,-1,69,71,70,-1,70,71,72,-1,70,72,73,-1,72,74,73,-1,73,74,75,-1,73,75,76,-1,76,75,77,-1,76,77,78,-1,78,77,79,-1,79,80,78,-1,78,80,81,-1,78,81,82,-1,82,81,83,-1,82,83,84,-1,83,85,84,-1,84,85,86,-1,84,86,87,-1,86,88,87,-1,87,88,89,-1,87,89,90,-1,90,89,91,-1,90,91,92,-1,91,93,92,-1,92,93,94,-1,92,94,95,-1,95,94,96,-1,95,96,97,-1,96,98,97,-1,97,98,99,-1,97,99,100,-1,99,101,100,-1,100,101,102,-1,100,102,103,-1,103,102,104,-1,103,104,105,-1,104,106,105,-1,105,106,107,-1,105,107,108,-1,107,109,108,-1,108,109,110,-1,108,110,111,-1,111,110,112,-1,111,112,113,-1,112,114,113,-1,113,114,115,-1,113,115,116,-1,116,115,117,-1,116,117,118,-1,117,119,118,-1,118,119,120,-1,118,120,121,-1,120,122,121,-1,121,122,123,-1,121,123,124,-1,124,123,125,-1,124,125,126,-1,125,127,126,-1,126,127,128,-1,126,128,129,-1,129,128,130,-1,129,130,131,-1,130,132,131,-1,131,132,133,-1,131,133,134,-1,133,135,134,-1,134,135,136,-1,134,136,137,-1,137,136,138,-1,137,138,139,-1,138,140,139,-1,139,140,141,-1,139,141,142,-1,141,143,142,-1,142,143,144,-1,142,144,145,-1,145,144,146,-1,145,146,147,-1,146,148,147,-1,147,148,149,-1,147,149,150,-1,149,151,150,-1,150,151,152,-1,150,152,153,-1,152,154,153,-1,153,154,155,-1,153,155,156,-1,155,157,156,-1,156,157,158,-1,156,158,159,-1,159,158,160,-1,159,160,161,-1,160,162,161,-1,161,162,163,-1,161,163,164,-1,164,163,165,-1,164,165,166,-1,165,167,166,-1,166,167,168,-1,166,168,169,-1,168,170,169,-1,169,170,171,-1,169,171,172,-1,172,171,173,-1,172,173,174,-1,173,175,174,-1,174,175,176,-1,174,176,177,-1,176,178,177,-1,177,178,179,-1,177,179,180,-1,180,179,181,-1,180,181,182,-1,181,183,182,-1,182,183,184,-1,182,184,185,-1,184,186,185,-1,185,186,187,-1,185,187,188,-1,187,189,188,-1,188,189,190,-1,188,190,191,-1,190,192,191,-1,191,192,193,-1,191,193,194,-1,194,193,195,-1,194,195,196,-1,195,197,196,-1,196,197,198,-1,196,198,199,-1,199,198,200,-1,199,200,201,-1,200,202,201,-1,201,202,203,-1,201,203,204,-1,203,205,204,-1,204,205,206,-1,204,206,207,-1,207,206,208,-1,207,208,29,-1,29,208,209,-1,29,209,30,-1,204,210,201,-1,201,210,211,-1,201,211,199,-1,199,211,212,-1,199,212,196,-1,196,212,213,-1,196,213,194,-1,194,213,214,-1,194,214,191,-1,191,214,215,-1,191,215,188,-1,188,215,216,-1,188,216,185,-1,185,216,217,-1,185,217,182,-1,182,217,218,-1,182,218,180,-1,180,218,219,-1,180,219,177,-1,177,219,220,-1,177,220,174,-1,174,220,221,-1,174,221,172,-1,172,221,222,-1,172,222,169,-1,169,222,223,-1,169,223,166,-1,166,223,224,-1,166,224,164,-1,164,224,225,-1,164,225,161,-1,161,225,226,-1,161,226,159,-1,159,226,227,-1,159,227,156,-1,156,227,228,-1,156,228,153,-1,153,228,229,-1,153,229,150,-1,150,229,230,-1,150,230,147,-1,147,230,231,-1,147,231,145,-1,145,231,232,-1,145,232,142,-1,142,232,233,-1,142,233,139,-1,139,233,234,-1,139,234,137,-1,137,234,235,-1,137,235,134,-1,134,235,236,-1,134,236,131,-1,131,236,237,-1,131,237,129,-1,129,237,238,-1,129,238,126,-1,126,238,239,-1,126,239,124,-1,124,239,240,-1,124,240,121,-1,121,240,241,-1,121,241,118,-1,118,241,242,-1,118,242,116,-1,116,242,243,-1,116,243,113,-1,113,243,244,-1,113,244,111,-1,111,244,245,-1,111,245,108,-1,108,245,246,-1,108,246,105,-1,105,246,247,-1,105,247,103,-1,103,247,248,-1,103,248,100,-1,100,248,249,-1,100,249,97,-1,97,249,250,-1,97,250,95,-1,95,250,251,-1,95,251,92,-1,92,251,252,-1,92,252,90,-1,90,252,253,-1,90,253,87,-1,87,253,254,-1,87,254,84,-1,84,254,255,-1,84,255,82,-1,82,255,256,-1,82,256,78,-1,78,256,257,-1,78,257,76,-1,76,257,258,-1,76,258,73,-1,73,258,259,-1,73,259,70,-1,70,259,260,-1,70,260,68,-1,68,260,261,-1,68,261,65,-1,65,261,262,-1,65,262,62,-1,62,262,263,-1,62,263,60,-1,60,263,264,-1,60,264,57,-1,57,264,265,-1,57,265,54,-1,54,265,266,-1,54,266,52,-1,52,266,267,-1,52,267,49,-1,49,267,268,-1,49,268,47,-1,47,268,269,-1,47,269,43,-1,43,269,270,-1,43,270,41,-1,41,270,271,-1,41,271,38,-1,38,271,272,-1,38,272,35,-1,35,272,273,-1,35,273,33,-1,33,273,274,-1,33,274,28,-1,28,274,275,-1,28,275,29,-1,29,275,276,-1,29,276,207,-1,207,276,277,-1,207,277,204,-1,204,277,210,-1,210,278,211,-1,211,278,279,-1,211,279,212,-1,212,279,280,-1,212,280,213,-1,213,280,281,-1,213,281,214,-1,214,281,282,-1,214,282,215,-1,215,282,283,-1,215,283,216,-1,216,283,284,-1,216,284,217,-1,217,284,285,-1,217,285,218,-1,218,285,286,-1,218,286,219,-1,219,286,287,-1,219,287,220,-1,220,287,288,-1,220,288,221,-1,221,288,289,-1,221,289,222,-1,222,289,290,-1,222,290,223,-1,223,290,291,-1,223,291,224,-1,224,291,292,-1,224,292,225,-1,225,292,293,-1,225,293,226,-1,226,293,294,-1,226,294,227,-1,227,294,295,-1,227,295,228,-1,228,295,296,-1,228,296,229,-1,229,296,297,-1,229,297,230,-1,230,297,298,-1,230,298,231,-1,231,298,299,-1,231,299,232,-1,232,299,300,-1,232,300,233,-1,233,300,301,-1,233,301,234,-1,234,301,302,-1,234,302,235,-1,235,302,303,-1,235,303,236,-1,236,303,304,-1,236,304,237,-1,237,304,305,-1,237,305,238,-1,238,305,306,-1,238,306,239,-1,239,306,307,-1,239,307,240,-1,240,307,308,-1,240,308,241,-1,241,308,309,-1,241,309,242,-1,242,309,310,-1,242,310,243,-1,243,310,311,-1,243,311,244,-1,244,311,312,-1,244,312,245,-1,245,312,313,-1,245,313,246,-1,246,313,314,-1,246,314,247,-1,247,314,315,-1,247,315,248,-1,248,315,316,-1,248,316,249,-1,249,316,317,-1,249,317,250,-1,250,317,318,-1,250,318,251,-1,251,318,319,-1,251,319,252,-1,252,319,320,-1,252,320,253,-1,253,320,321,-1,253,321,254,-1,254,321,322,-1,254,322,255,-1,255,322,323,-1,255,323,256,-1,256,323,324,-1,256,324,257,-1,257,324,325,-1,257,325,258,-1,258,325,326,-1,258,326,259,-1,259,326,327,-1,259,327,260,-1,260,327,328,-1,260,328,261,-1,261,328,329,-1,261,329,262,-1,262,329,330,-1,262,330,263,-1,263,330,331,-1,263,331,264,-1,264,331,332,-1,264,332,265,-1,265,332,333,-1,265,333,266,-1,266,333,334,-1,266,334,267,-1,267,334,335,-1,267,335,268,-1,268,335,336,-1,268,336,269,-1,269,336,337,-1,269,337,270,-1,270,337,338,-1,270,338,271,-1,271,338,339,-1,271,339,272,-1,272,339,340,-1,272,340,273,-1,273,340,341,-1,273,341,274,-1,274,341,342,-1,274,342,275,-1,275,342,343,-1,275,343,276,-1,276,343,344,-1,276,344,277,-1,277,344,345,-1,277,345,210,-1,210,345,278,-1,278,346,279,-1,279,346,347,-1,279,347,280,-1,280,347,348,-1,280,348,281,-1,281,348,349,-1,281,349,282,-1,282,349,350,-1,282,350,283,-1,283,350,351,-1,283,351,284,-1,284,351,352,-1,284,352,285,-1,285,352,353,-1,285,353,286,-1,286,353,354,-1,286,354,287,-1,287,354,355,-1,287,355,288,-1,288,355,356,-1,288,356,289,-1,289,356,357,-1,289,357,290,-1,290,357,358,-1,290,358,291,-1,291,358,359,-1,291,359,292,-1,292,359,360,-1,292,360,293,-1,293,360,361,-1,293,361,294,-1,294,361,362,-1,294,362,295,-1,295,362,363,-1,295,363,296,-1,296,363,364,-1,296,364,297,-1,297,364,365,-1,297,365,298,-1,298,365,366,-1,298,366,299,-1,299,366,367,-1,299,367,300,-1,300,367,368,-1,300,368,301,-1,301,368,369,-1,301,369,302,-1,302,369,370,-1,302,370,303,-1,303,370,371,-1,303,371,304,-1,304,371,372,-1,304,372,305,-1,305,372,373,-1,305,373,306,-1,306,373,374,-1,306,374,307,-1,307,374,375,-1,307,375,308,-1,308,375,376,-1,308,376,309,-1,309,376,377,-1,309,377,310,-1,310,377,378,-1,310,378,311,-1,311,378,379,-1,311,379,312,-1,312,379,380,-1,312,380,313,-1,313,380,381,-1,313,381,314,-1,314,381,382,-1,314,382,315,-1,315,382,383,-1,315,383,316,-1,316,383,384,-1,316,384,317,-1,317,384,385,-1,317,385,318,-1,318,385,386,-1,318,386,319,-1,319,386,387,-1,319,387,320,-1,320,387,388,-1,320,388,321,-1,321,388,389,-1,321,389,322,-1,322,389,390,-1,322,390,323,-1,323,390,391,-1,323,391,324,-1,324,391,392,-1,324,392,325,-1,325,392,393,-1,325,393,326,-1,326,393,394,-1,326,394,327,-1,327,394,395,-1,327,395,328,-1,328,395,396,-1,328,396,329,-1,329,396,397,-1,329,397,330,-1,330,397,398,-1,330,398,331,-1,331,398,399,-1,331,399,332,-1,332,399,400,-1,332,400,333,-1,333,400,401,-1,333,401,334,-1,334,401,402,-1,334,402,335,-1,335,402,403,-1,335,403,336,-1,336,403,404,-1,336,404,337,-1,337,404,405,-1,337,405,338,-1,338,405,406,-1,338,406,339,-1,339,406,407,-1,339,407,340,-1,340,407,408,-1,340,408,341,-1,341,408,409,-1,341,409,342,-1,342,409,410,-1,342,410,343,-1,343,410,411,-1,343,411,344,-1,344,411,412,-1,344,412,345,-1,345,412,413,-1,345,413,278,-1,278,413,346,-1,346,414,347,-1,347,414,415,-1,347,415,348,-1,348,415,416,-1,348,416,349,-1,349,416,417,-1,349,417,350,-1,350,417,418,-1,350,418,351,-1,351,418,419,-1,351,419,352,-1,352,419,420,-1,352,420,353,-1,353,420,421,-1,353,421,354,-1,354,421,422,-1,354,422,355,-1,355,422,423,-1,355,423,356,-1,356,423,424,-1,356,424,357,-1,357,424,425,-1,357,425,358,-1,358,425,426,-1,358,426,359,-1,359,426,427,-1,359,427,360,-1,360,427,428,-1,360,428,361,-1,361,428,429,-1,361,429,362,-1,362,429,430,-1,362,430,363,-1,363,430,431,-1,363,431,364,-1,364,431,432,-1,364,432,365,-1,365,432,433,-1,365,433,366,-1,366,433,434,-1,366,434,367,-1,367,434,435,-1,367,435,368,-1,368,435,436,-1,368,436,369,-1,369,436,437,-1,369,437,370,-1,370,437,438,-1,370,438,371,-1,371,438,439,-1,371,439,372,-1,372,439,440,-1,372,440,373,-1,373,440,441,-1,373,441,374,-1,374,441,442,-1,374,442,375,-1,375,442,443,-1,375,443,376,-1,376,443,444,-1,376,444,377,-1,377,444,445,-1,377,445,378,-1,378,445,446,-1,378,446,379,-1,379,446,447,-1,379,447,380,-1,380,447,448,-1,380,448,381,-1,381,448,449,-1,381,449,382,-1,382,449,450,-1,382,450,383,-1,383,450,451,-1,383,451,384,-1,384,451,452,-1,384,452,385,-1,385,452,453,-1,385,453,386,-1,386,453,454,-1,386,454,387,-1,387,454,455,-1,387,455,388,-1,388,455,456,-1,388,456,389,-1,389,456,457,-1,389,457,390,-1,390,457,458,-1,390,458,391,-1,391,458,459,-1,391,459,392,-1,392,459,460,-1,392,460,393,-1,393,460,461,-1,393,461,394,-1,394,461,462,-1,394,462,395,-1,395,462,463,-1,395,463,396,-1,396,463,464,-1,396,464,397,-1,397,464,465,-1,397,465,398,-1,398,465,466,-1,398,466,399,-1,399,466,467,-1,399,467,400,-1,400,467,468,-1,400,468,401,-1,401,468,469,-1,401,469,402,-1,402,469,470,-1,402,470,403,-1,403,470,471,-1,403,471,404,-1,404,471,472,-1,404,472,405,-1,405,472,473,-1,405,473,406,-1,406,473,474,-1,406,474,407,-1,407,474,475,-1,407,475,408,-1,408,475,476,-1,408,476,409,-1,409,476,477,-1,409,477,410,-1,410,477,478,-1,410,478,411,-1,411,478,479,-1,411,479,412,-1,412,479,480,-1,412,480,413,-1,413,480,481,-1,413,481,346,-1,346,481,414,-1,414,482,415,-1,415,482,483,-1,415,483,416,-1,416,483,484,-1,416,484,417,-1,417,484,485,-1,417,485,418,-1,418,485,486,-1,418,486,419,-1,419,486,487,-1,419,487,420,-1,420,487,488,-1,420,488,421,-1,421,488,489,-1,421,489,422,-1,422,489,490,-1,422,490,423,-1,423,490,491,-1,423,491,424,-1,424,491,492,-1,424,492,425,-1,425,492,493,-1,425,493,426,-1,426,493,494,-1,426,494,427,-1,427,494,495,-1,427,495,428,-1,428,495,496,-1,428,496,429,-1,429,496,497,-1,429,497,430,-1,430,497,498,-1,430,498,431,-1,431,498,499,-1,431,499,432,-1,432,499,500,-1,432,500,433,-1,433,500,501,-1,433,501,434,-1,434,501,502,-1,434,502,435,-1,435,502,503,-1,435,503,436,-1,436,503,504,-1,436,504,437,-1,437,504,505,-1,437,505,438,-1,438,505,506,-1,438,506,439,-1,439,506,507,-1,439,507,440,-1,440,507,508,-1,440,508,441,-1,441,508,509,-1,441,509,442,-1,442,509,510,-1,442,510,443,-1,443,510,511,-1,443,511,444,-1,444,511,512,-1,444,512,445,-1,445,512,513,-1,445,513,446,-1,446,513,514,-1,446,514,447,-1,447,514,515,-1,447,515,448,-1,448,515,516,-1,448,516,449,-1,449,516,517,-1,449,517,450,-1,450,517,518,-1,450,518,451,-1,451,518,519,-1,451,519,452,-1,452,519,520,-1,452,520,453,-1,453,520,521,-1,453,521,454,-1,454,521,522,-1,454,522,455,-1,455,522,523,-1,455,523,456,-1,456,523,524,-1,456,524,457,-1,457,524,525,-1,457,525,458,-1,458,525,526,-1,458,526,459,-1,459,526,527,-1,459,527,460,-1,460,527,528,-1,460,528,461,-1,461,528,529,-1,461,529,462,-1,462,529,530,-1,462,530,463,-1,463,530,531,-1,463,531,464,-1,464,531,532,-1,464,532,465,-1,465,532,533,-1,465,533,466,-1,466,533,534,-1,466,534,467,-1,467,534,535,-1,467,535,468,-1,468,535,536,-1,468,536,469,-1,469,536,537,-1,469,537,470,-1,470,537,538,-1,470,538,471,-1,471,538,539,-1,471,539,472,-1,472,539,540,-1,472,540,473,-1,473,540,541,-1,473,541,474,-1,474,541,542,-1,474,542,475,-1,475,542,543,-1,475,543,476,-1,476,543,544,-1,476,544,477,-1,477,544,545,-1,477,545,478,-1,478,545,546,-1,478,546,479,-1,479,546,547,-1,479,547,480,-1,480,547,548,-1,480,548,481,-1,481,548,549,-1,481,549,414,-1,414,549,482,-1,550,551,552,-1,553,554,555,-1,556,557,558,-1,559,560,561,-1,562,563,564,-1,565,566,567,-1,568,569,570,-1,571,572,573,-1,574,575,576,-1,577,578,579,-1,580,2,581,-1,582,580,583,-1,584,582,585,-1,586,584,587,-1,588,586,589,-1,590,588,591,-1,592,590,593,-1,19,18,594,-1,594,18,595,-1,594,595,596,-1,597,598,599,-1,599,598,600,-1,599,600,601,-1,602,603,604,-1,604,603,605,-1,604,605,606,-1,607,608,609,-1,609,608,610,-1,609,610,611,-1,612,578,613,-1,613,578,577,-1,613,577,614,-1,13,19,615,-1,615,19,594,-1,615,594,616,-1,616,594,596,-1,616,596,617,-1,618,597,619,-1,619,597,599,-1,619,599,620,-1,620,599,601,-1,620,601,621,-1,622,602,623,-1,623,602,604,-1,623,604,624,-1,624,604,606,-1,624,606,625,-1,626,607,627,-1,627,607,609,-1,627,609,628,-1,628,609,611,-1,628,611,629,-1,630,579,631,-1,631,579,578,-1,631,578,632,-1,632,578,612,-1,632,612,633,-1,14,13,634,-1,634,13,615,-1,634,615,635,-1,635,615,616,-1,635,616,636,-1,636,616,617,-1,636,617,637,-1,638,618,639,-1,639,618,619,-1,639,619,640,-1,640,619,620,-1,640,620,641,-1,641,620,621,-1,641,621,642,-1,643,622,644,-1,644,622,623,-1,644,623,645,-1,645,623,624,-1,645,624,646,-1,646,624,625,-1,646,625,647,-1,648,626,649,-1,649,626,627,-1,649,627,650,-1,650,627,628,-1,650,628,651,-1,651,628,629,-1,651,629,652,-1,653,630,654,-1,654,630,631,-1,654,631,655,-1,655,631,632,-1,655,632,656,-1,656,632,633,-1,656,633,657,-1,658,659,660,-1,20,14,661,-1,661,14,634,-1,661,634,662,-1,662,634,635,-1,662,635,663,-1,663,635,636,-1,663,636,664,-1,664,636,637,-1,664,637,665,-1,666,667,668,-1,669,638,670,-1,670,638,639,-1,670,639,671,-1,671,639,640,-1,671,640,672,-1,672,640,641,-1,672,641,673,-1,673,641,642,-1,673,642,674,-1,675,676,677,-1,678,643,679,-1,679,643,644,-1,679,644,680,-1,680,644,645,-1,680,645,681,-1,681,645,646,-1,681,646,682,-1,682,646,647,-1,682,647,683,-1,684,685,686,-1,7,648,687,-1,687,648,649,-1,687,649,688,-1,688,649,650,-1,688,650,689,-1,689,650,651,-1,689,651,690,-1,690,651,652,-1,690,652,691,-1,692,693,694,-1,558,653,695,-1,695,653,654,-1,695,654,696,-1,696,654,655,-1,696,655,697,-1,697,655,656,-1,697,656,698,-1,698,656,657,-1,698,657,592,-1,699,659,700,-1,700,659,658,-1,700,658,701,-1,702,703,704,-1,704,703,701,-1,704,701,705,-1,705,701,658,-1,705,658,706,-1,706,658,660,-1,706,660,707,-1,26,25,708,-1,708,25,709,-1,708,709,710,-1,710,709,711,-1,710,711,712,-1,712,711,713,-1,712,713,714,-1,714,713,715,-1,714,715,716,-1,716,715,717,-1,23,22,718,-1,718,22,719,-1,718,719,720,-1,720,719,721,-1,720,721,722,-1,722,721,723,-1,722,723,724,-1,724,723,725,-1,724,725,726,-1,726,725,727,-1,728,667,729,-1,729,667,666,-1,729,666,730,-1,731,732,733,-1,733,732,730,-1,733,730,734,-1,734,730,666,-1,734,666,735,-1,735,666,668,-1,735,668,736,-1,15,11,737,-1,737,11,738,-1,737,738,739,-1,739,738,740,-1,739,740,741,-1,741,740,742,-1,741,742,743,-1,743,742,744,-1,743,744,745,-1,745,744,746,-1,747,748,749,-1,749,748,750,-1,749,750,751,-1,751,750,752,-1,751,752,753,-1,753,752,754,-1,753,754,755,-1,755,754,756,-1,755,756,757,-1,757,756,758,-1,759,676,760,-1,760,676,675,-1,760,675,761,-1,762,763,764,-1,764,763,761,-1,764,761,765,-1,765,761,675,-1,765,675,766,-1,766,675,677,-1,766,677,767,-1,768,769,770,-1,770,769,771,-1,770,771,772,-1,772,771,773,-1,772,773,774,-1,774,773,775,-1,774,775,776,-1,776,775,777,-1,776,777,778,-1,778,777,779,-1,769,780,771,-1,771,780,781,-1,771,781,773,-1,773,781,782,-1,773,782,775,-1,775,782,783,-1,775,783,777,-1,777,783,784,-1,777,784,779,-1,779,784,785,-1,786,787,788,-1,788,787,789,-1,788,789,790,-1,790,789,791,-1,790,791,792,-1,792,791,793,-1,792,793,794,-1,794,793,795,-1,794,795,796,-1,796,795,797,-1,798,685,799,-1,799,685,684,-1,799,684,800,-1,801,802,803,-1,803,802,800,-1,803,800,804,-1,804,800,684,-1,804,684,805,-1,805,684,686,-1,805,686,806,-1,807,808,809,-1,809,808,810,-1,809,810,811,-1,811,810,812,-1,811,812,813,-1,813,812,814,-1,813,814,815,-1,815,814,816,-1,815,816,817,-1,817,816,818,-1,808,819,810,-1,810,819,820,-1,810,820,812,-1,812,820,821,-1,812,821,814,-1,814,821,822,-1,814,822,816,-1,816,822,823,-1,816,823,818,-1,818,823,824,-1,818,824,825,-1,825,824,826,-1,827,828,829,-1,829,828,830,-1,829,830,831,-1,831,830,832,-1,831,832,833,-1,833,832,834,-1,833,834,835,-1,835,834,836,-1,835,836,837,-1,837,836,561,-1,838,839,840,-1,840,839,841,-1,840,841,842,-1,842,841,843,-1,842,843,844,-1,844,843,845,-1,844,845,846,-1,846,845,847,-1,846,847,848,-1,848,847,849,-1,850,851,852,-1,852,851,853,-1,852,853,854,-1,854,853,855,-1,854,855,856,-1,856,855,857,-1,856,857,858,-1,858,857,859,-1,858,859,860,-1,860,859,861,-1,862,693,863,-1,863,693,692,-1,863,692,864,-1,865,866,867,-1,867,866,864,-1,867,864,868,-1,868,864,692,-1,868,692,869,-1,869,692,694,-1,869,694,870,-1,871,872,873,-1,2,874,581,-1,581,874,875,-1,581,875,876,-1,876,875,877,-1,876,877,878,-1,878,877,879,-1,878,879,880,-1,880,879,871,-1,880,871,881,-1,881,871,873,-1,881,873,882,-1,874,707,875,-1,875,707,660,-1,875,660,877,-1,877,660,659,-1,877,659,879,-1,879,659,699,-1,879,699,871,-1,871,699,883,-1,871,883,872,-1,703,884,701,-1,701,884,885,-1,701,885,700,-1,700,885,886,-1,700,886,699,-1,699,886,887,-1,699,887,883,-1,575,702,576,-1,576,702,704,-1,576,704,888,-1,888,704,705,-1,888,705,889,-1,889,705,706,-1,889,706,890,-1,890,706,707,-1,890,707,891,-1,891,707,874,-1,891,874,12,-1,12,874,2,-1,572,574,573,-1,573,574,576,-1,573,576,892,-1,892,576,888,-1,892,888,893,-1,893,888,889,-1,893,889,894,-1,894,889,890,-1,894,890,895,-1,895,890,891,-1,895,891,27,-1,27,891,12,-1,27,26,895,-1,895,26,708,-1,895,708,894,-1,894,708,710,-1,894,710,893,-1,893,710,712,-1,893,712,892,-1,892,712,714,-1,892,714,573,-1,573,714,716,-1,573,716,571,-1,896,897,898,-1,898,897,717,-1,898,717,899,-1,899,717,715,-1,899,715,900,-1,900,715,713,-1,900,713,901,-1,901,713,711,-1,901,711,902,-1,902,711,709,-1,902,709,24,-1,24,709,25,-1,897,903,717,-1,717,903,904,-1,717,904,716,-1,716,904,905,-1,716,905,571,-1,24,23,902,-1,902,23,718,-1,902,718,901,-1,901,718,720,-1,901,720,900,-1,900,720,722,-1,900,722,899,-1,899,722,724,-1,899,724,898,-1,898,724,726,-1,898,726,896,-1,906,907,908,-1,908,907,727,-1,908,727,909,-1,909,727,725,-1,909,725,910,-1,910,725,723,-1,910,723,911,-1,911,723,721,-1,911,721,912,-1,912,721,719,-1,912,719,21,-1,21,719,22,-1,907,913,727,-1,727,913,914,-1,727,914,726,-1,726,914,915,-1,726,915,896,-1,916,906,665,-1,665,906,908,-1,665,908,664,-1,664,908,909,-1,664,909,663,-1,663,909,910,-1,663,910,662,-1,662,910,911,-1,662,911,661,-1,661,911,912,-1,661,912,20,-1,20,912,21,-1,595,736,596,-1,596,736,668,-1,596,668,617,-1,617,668,667,-1,617,667,637,-1,637,667,728,-1,637,728,665,-1,665,728,917,-1,665,917,916,-1,732,918,730,-1,730,918,919,-1,730,919,729,-1,729,919,920,-1,729,920,728,-1,728,920,921,-1,728,921,917,-1,569,731,570,-1,570,731,733,-1,570,733,922,-1,922,733,734,-1,922,734,923,-1,923,734,735,-1,923,735,924,-1,924,735,736,-1,924,736,925,-1,925,736,595,-1,925,595,17,-1,17,595,18,-1,566,568,567,-1,567,568,570,-1,567,570,926,-1,926,570,922,-1,926,922,927,-1,927,922,923,-1,927,923,928,-1,928,923,924,-1,928,924,929,-1,929,924,925,-1,929,925,16,-1,16,925,17,-1,16,15,929,-1,929,15,737,-1,929,737,928,-1,928,737,739,-1,928,739,927,-1,927,739,741,-1,927,741,926,-1,926,741,743,-1,926,743,567,-1,567,743,745,-1,567,745,565,-1,930,931,932,-1,932,931,746,-1,932,746,933,-1,933,746,744,-1,933,744,934,-1,934,744,742,-1,934,742,935,-1,935,742,740,-1,935,740,936,-1,936,740,738,-1,936,738,937,-1,937,738,11,-1,931,938,746,-1,746,938,939,-1,746,939,745,-1,745,939,940,-1,745,940,565,-1,937,747,936,-1,936,747,749,-1,936,749,935,-1,935,749,751,-1,935,751,934,-1,934,751,753,-1,934,753,933,-1,933,753,755,-1,933,755,932,-1,932,755,757,-1,932,757,930,-1,941,942,943,-1,943,942,758,-1,943,758,944,-1,944,758,756,-1,944,756,945,-1,945,756,754,-1,945,754,946,-1,946,754,752,-1,946,752,947,-1,947,752,750,-1,947,750,948,-1,948,750,748,-1,942,949,758,-1,758,949,950,-1,758,950,757,-1,757,950,951,-1,757,951,930,-1,952,941,674,-1,674,941,943,-1,674,943,673,-1,673,943,944,-1,673,944,672,-1,672,944,945,-1,672,945,671,-1,671,945,946,-1,671,946,670,-1,670,946,947,-1,670,947,669,-1,669,947,948,-1,600,767,601,-1,601,767,677,-1,601,677,621,-1,621,677,676,-1,621,676,642,-1,642,676,759,-1,642,759,674,-1,674,759,953,-1,674,953,952,-1,763,954,761,-1,761,954,955,-1,761,955,760,-1,760,955,956,-1,760,956,759,-1,759,956,957,-1,759,957,953,-1,563,762,564,-1,564,762,764,-1,564,764,958,-1,958,764,765,-1,958,765,959,-1,959,765,766,-1,959,766,960,-1,960,766,767,-1,960,767,961,-1,961,767,600,-1,961,600,962,-1,962,600,598,-1,962,768,961,-1,961,768,770,-1,961,770,960,-1,960,770,772,-1,960,772,959,-1,959,772,774,-1,959,774,958,-1,958,774,776,-1,958,776,564,-1,564,776,778,-1,564,778,562,-1,963,964,965,-1,965,964,785,-1,965,785,966,-1,966,785,784,-1,966,784,967,-1,967,784,783,-1,967,783,968,-1,968,783,782,-1,968,782,969,-1,969,782,781,-1,969,781,970,-1,970,781,780,-1,964,971,785,-1,785,971,972,-1,785,972,779,-1,779,972,973,-1,779,973,778,-1,778,973,974,-1,778,974,562,-1,970,786,969,-1,969,786,788,-1,969,788,968,-1,968,788,790,-1,968,790,967,-1,967,790,792,-1,967,792,966,-1,966,792,794,-1,966,794,965,-1,965,794,796,-1,965,796,963,-1,975,976,977,-1,977,976,797,-1,977,797,978,-1,978,797,795,-1,978,795,979,-1,979,795,793,-1,979,793,980,-1,980,793,791,-1,980,791,981,-1,981,791,789,-1,981,789,10,-1,10,789,787,-1,976,982,797,-1,797,982,983,-1,797,983,796,-1,796,983,984,-1,796,984,963,-1,985,975,683,-1,683,975,977,-1,683,977,682,-1,682,977,978,-1,682,978,681,-1,681,978,979,-1,681,979,680,-1,680,979,980,-1,680,980,679,-1,679,980,981,-1,679,981,678,-1,678,981,10,-1,605,806,606,-1,606,806,686,-1,606,686,625,-1,625,686,685,-1,625,685,647,-1,647,685,798,-1,647,798,683,-1,683,798,986,-1,683,986,985,-1,802,987,800,-1,800,987,988,-1,800,988,799,-1,799,988,989,-1,799,989,798,-1,798,989,990,-1,798,990,986,-1,603,807,605,-1,605,807,809,-1,605,809,806,-1,806,809,811,-1,806,811,805,-1,805,811,813,-1,805,813,804,-1,804,813,815,-1,804,815,803,-1,803,815,817,-1,803,817,801,-1,825,991,818,-1,818,991,992,-1,818,992,817,-1,817,992,993,-1,817,993,801,-1,994,826,837,-1,837,826,824,-1,837,824,835,-1,835,824,823,-1,835,823,833,-1,833,823,822,-1,833,822,831,-1,831,822,821,-1,831,821,829,-1,829,821,820,-1,829,820,827,-1,827,820,819,-1,561,560,837,-1,837,560,995,-1,837,995,994,-1,828,838,830,-1,830,838,840,-1,830,840,832,-1,832,840,842,-1,832,842,834,-1,834,842,844,-1,834,844,836,-1,836,844,846,-1,836,846,561,-1,561,846,848,-1,561,848,559,-1,996,997,998,-1,998,997,849,-1,998,849,999,-1,999,849,847,-1,999,847,1000,-1,1000,847,845,-1,1000,845,1001,-1,1001,845,843,-1,1001,843,1002,-1,1002,843,841,-1,1002,841,1003,-1,1003,841,839,-1,997,1004,849,-1,849,1004,1005,-1,849,1005,848,-1,848,1005,1006,-1,848,1006,559,-1,1003,850,1002,-1,1002,850,852,-1,1002,852,1001,-1,1001,852,854,-1,1001,854,1000,-1,1000,854,856,-1,1000,856,999,-1,999,856,858,-1,999,858,998,-1,998,858,860,-1,998,860,996,-1,1007,1008,1009,-1,1009,1008,861,-1,1009,861,1010,-1,1010,861,859,-1,1010,859,1011,-1,1011,859,857,-1,1011,857,1012,-1,1012,857,855,-1,1012,855,1013,-1,1013,855,853,-1,1013,853,1014,-1,1014,853,851,-1,1008,1015,861,-1,861,1015,1016,-1,861,1016,860,-1,860,1016,1017,-1,860,1017,996,-1,1018,1007,691,-1,691,1007,1009,-1,691,1009,690,-1,690,1009,1010,-1,690,1010,689,-1,689,1010,1011,-1,689,1011,688,-1,688,1011,1012,-1,688,1012,687,-1,687,1012,1013,-1,687,1013,7,-1,7,1013,1014,-1,610,870,611,-1,611,870,694,-1,611,694,629,-1,629,694,693,-1,629,693,652,-1,652,693,862,-1,652,862,691,-1,691,862,1019,-1,691,1019,1018,-1,866,1020,864,-1,864,1020,1021,-1,864,1021,863,-1,863,1021,1022,-1,863,1022,862,-1,862,1022,1023,-1,862,1023,1019,-1,557,865,558,-1,558,865,867,-1,558,867,653,-1,653,867,868,-1,653,868,630,-1,630,868,869,-1,630,869,579,-1,579,869,870,-1,579,870,577,-1,577,870,610,-1,577,610,614,-1,614,610,608,-1,592,593,698,-1,698,593,1024,-1,698,1024,697,-1,697,1024,1025,-1,697,1025,696,-1,696,1025,1026,-1,696,1026,695,-1,695,1026,1027,-1,695,1027,558,-1,558,1027,1028,-1,558,1028,556,-1,1029,1030,1031,-1,590,591,593,-1,593,591,1032,-1,593,1032,1024,-1,1024,1032,1033,-1,1024,1033,1025,-1,1025,1033,1034,-1,1025,1034,1026,-1,1026,1034,1029,-1,1026,1029,1027,-1,1027,1029,1031,-1,1027,1031,1028,-1,588,589,591,-1,591,589,1035,-1,591,1035,1032,-1,1032,1035,1036,-1,1032,1036,1033,-1,1033,1036,1037,-1,1033,1037,1034,-1,1034,1037,555,-1,1034,555,1029,-1,1029,555,554,-1,1029,554,1030,-1,586,587,589,-1,589,587,1038,-1,589,1038,1035,-1,1035,1038,1039,-1,1035,1039,1036,-1,1036,1039,1040,-1,1036,1040,1037,-1,1037,1040,1041,-1,1037,1041,555,-1,555,1041,1042,-1,555,1042,553,-1,1043,1044,1045,-1,584,585,587,-1,587,585,1046,-1,587,1046,1038,-1,1038,1046,1047,-1,1038,1047,1039,-1,1039,1047,1048,-1,1039,1048,1040,-1,1040,1048,1043,-1,1040,1043,1041,-1,1041,1043,1045,-1,1041,1045,1042,-1,582,583,585,-1,585,583,1049,-1,585,1049,1046,-1,1046,1049,1050,-1,1046,1050,1047,-1,1047,1050,1051,-1,1047,1051,1048,-1,1048,1051,552,-1,1048,552,1043,-1,1043,552,551,-1,1043,551,1044,-1,580,581,583,-1,583,581,876,-1,583,876,1049,-1,1049,876,878,-1,1049,878,1050,-1,1050,878,880,-1,1050,880,1051,-1,1051,880,881,-1,1051,881,552,-1,552,881,882,-1,552,882,550,-1,1052,1053,1054,-1,1054,1053,1055,-1,1056,1057,1058,-1,1058,1057,1059,-1,1060,1061,1062,-1,1062,1061,1063,-1,1064,1065,1066,-1,1062,1063,1066,-1,1066,1063,1067,-1,1066,1067,1064,-1,1068,1065,1069,-1,1069,1065,1064,-1,1069,1064,1070,-1,1071,1072,1073,-1,1073,1072,1074,-1,1075,1076,1077,-1,1077,1076,1078,-1,1077,1078,1079,-1,1078,1076,1080,-1,1071,1073,1080,-1,1080,1073,1081,-1,1080,1081,1078,-1,
        ]
    }
}
Shape{
    appearance Appearance {
        material  Material 	{
            diffuseColor 0.7529411764705882 0.7529411764705882 0.7529411764705882
            specularColor 0.3764705882352941 0.3764705882352941 0.3764705882352941
            ambientIntensity 0.7529
            transparency 0.0
            shininess 0.5
        }
    }
    geometry IndexedFaceSet {
        ccw TRUE
        solid FALSE
        coord DEF co Coordinate {
            point [
                -0.169 0.0396 0.0201, -0.1997 -0.0391 0.0201, -0.169 0.0396 0.0197, -0.1997 -0.0391 0.0197, -0.1882 -0.0391 0.0201, -0.1882 -0.0391 0.0197, -0.1802 -0.017 0.0201, -0.1802 -0.017 0.0197, -0.1477 -0.017 0.0201, -0.1477 -0.017 0.0197, -0.1402 -0.0391 0.0201, -0.1402 -0.0391 0.0197, -0.1287 -0.0391 0.0201, -0.1287 -0.0391 0.0197, -0.1584 0.0396 0.0201, -0.1584 0.0396 0.0197, -0.1504 -0.0084 0.0201, -0.1767 -0.0084 0.0201, -0.1621 0.0245 0.0201, -0.1629 0.0273 0.0201, -0.1634 0.03 0.0201, -0.1636 0.03 0.0201, -0.1642 0.0273 0.0201, -0.1649 0.0245 0.0201, -0.1504 -0.0084 0.0197, -0.1767 -0.0084 0.0197, -0.1621 0.0245 0.0197, -0.1629 0.0273 0.0197, -0.1634 0.03 0.0197, -0.1636 0.03 0.0197, -0.1642 0.0273 0.0197, -0.1649 0.0245 0.0197, -0.081 -0.0391 0.0201, -0.0595 -0.0391 0.0201, -0.081 -0.0391 0.0197, -0.0595 -0.0391 0.0197, -0.0595 0.0396 0.0201, -0.0595 0.0396 0.0197, -0.0818 0.0396 0.0201, -0.0818 0.0396 0.0197, -0.1229 0.0013 0.0201, -0.1229 0.0013 0.0197, -0.1223 0.0087 0.0197, -0.1223 0.0087 0.0201, -0.1202 0.0164 0.0197, -0.1202 0.0164 0.0201, -0.1166 0.0232 0.0197, -0.1166 0.0232 0.0201, -0.111 0.0294 0.0197, -0.111 0.0294 0.0201, -0.1109 0.0294 0.0197, -0.1109 0.0294 0.0201, -0.1024 0.0352 0.0197, -0.1024 0.0352 0.0201, -0.0931 0.0384 0.0197, -0.0931 0.0384 0.0201, -0.0907 -0.0382 0.0197, -0.0907 -0.0382 0.0201, -0.0998 -0.0355 0.0197, -0.0998 -0.0355 0.0201, -0.108 -0.0308 0.0197, -0.108 -0.0308 0.0201, -0.1145 -0.0246 0.0197, -0.1145 -0.0246 0.0201, -0.119 -0.0175 0.0197, -0.119 -0.0175 0.0201, -0.1218 -0.0093 0.0197, -0.1218 -0.0093 0.0201, -0.1071 0.02 0.0201, -0.1033 0.024 0.0201, -0.0975 0.0277 0.0201, -0.091 0.03 0.0201, -0.0817 0.031 0.0201, -0.0701 0.031 0.0201, -0.0701 -0.0305 0.0201, -0.0813 -0.0305 0.0201, -0.0896 -0.0297 0.0201, -0.0962 -0.0276 0.0201, -0.1016 -0.0244 0.0201, -0.106 -0.0201 0.0201, -0.1093 -0.0146 0.0201, -0.1116 -0.0072 0.0201, -0.1124 0.001 0.0201, -0.1117 0.0089 0.0201, -0.1099 0.0151 0.0201, -0.0817 0.031 0.0197, -0.0701 0.031 0.0197, -0.091 0.03 0.0197, -0.0975 0.0277 0.0197, -0.1033 0.024 0.0197, -0.1071 0.02 0.0197, -0.1099 0.0151 0.0197, -0.1117 0.0089 0.0197, -0.1124 0.001 0.0197, -0.1116 -0.0072 0.0197, -0.1093 -0.0146 0.0197, -0.106 -0.0201 0.0197, -0.1016 -0.0244 0.0197, -0.0962 -0.0276 0.0197, -0.0896 -0.0297 0.0197, -0.0813 -0.0305 0.0197, -0.0701 -0.0305 0.0197, -0.0442 -0.0305 0.0201, -0.0442 -0.0391 0.0201, -0.0442 -0.0305 0.0197, -0.0442 -0.0391 0.0197, -0.0019 -0.0391 0.0201, -0.0019 -0.0391 0.0197, -0.0019 0.0396 0.0201, -0.0019 0.0396 0.0197, -0.0423 0.0396 0.0201, -0.0423 0.0396 0.0197, -0.0423 0.031 0.0201, -0.0423 0.031 0.0197, -0.0125 0.031 0.0201, -0.0125 0.031 0.0197, -0.0125 0.0051 0.0201, -0.0125 0.0051 0.0197, -0.0403 0.0051 0.0201, -0.0403 0.0051 0.0197, -0.0403 -0.0036 0.0201, -0.0403 -0.0036 0.0197, -0.0125 -0.0036 0.0201, -0.0125 -0.0036 0.0197, -0.0125 -0.0305 0.0201, -0.0125 -0.0305 0.0197, 0.0134 -0.0264 0.0201, 0.0134 -0.035 0.0201, 0.0134 -0.0264 0.0197, 0.0134 -0.035 0.0197, 0.0218 -0.0385 0.0201, 0.0351 -0.0401 0.0201, 0.0351 -0.0401 0.0197, 0.0329 -0.04 0.0197, 0.0329 -0.04 0.0201, 0.0298 -0.0396 0.0197, 0.0218 -0.0385 0.0197, 0.0397 -0.0396 0.0197, 0.0448 -0.0391 0.0201, 0.0448 -0.0391 0.0197, 0.0524 -0.0364 0.0201, 0.0524 -0.0364 0.0197, 0.0588 -0.0324 0.0201, 0.0588 -0.0324 0.0197, 0.0647 -0.0262 0.0201, 0.0647 -0.0262 0.0197, 0.0689 -0.0187 0.0201, 0.0689 -0.0187 0.0197, 0.0712 -0.0103 0.0201, 0.0712 -0.0103 0.0197, 0.072 -0.0012 0.0201, 0.072 -0.0012 0.0197, 0.032 0.0406 0.0201, 0.032 0.0406 0.0197, 0.0399 0.04 0.0197, 0.0399 0.04 0.0201, 0.0487 0.0374 0.0197, 0.0487 0.0374 0.0201, 0.0561 0.0331 0.0197, 0.0561 0.0331 0.0201, 0.0632 0.0263 0.0197, 0.0632 0.0263 0.0201, 0.0679 0.0189 0.0197, 0.0679 0.0189 0.0201, 0.0709 0.01 0.0197, 0.0709 0.01 0.0201, 0.0134 0.0375 0.0201, 0.0134 0.0375 0.0197, 0.0225 0.04 0.0197, 0.0225 0.04 0.0201, 0.0134 0.0269 0.0201, 0.0134 0.0269 0.0197, 0.0319 0.032 0.0201, 0.0319 0.032 0.0197, 0.0223 0.0307 0.0197, 0.0223 0.0307 0.0201, 0.0614 -0.0006 0.0201, 0.0614 -0.0006 0.0197, 0.0611 0.0056 0.0197, 0.0611 0.0056 0.0201, 0.059 0.014 0.0197, 0.059 0.014 0.0201, 0.0557 0.0201 0.0197, 0.0557 0.0201 0.0201, 0.051 0.0253 0.0197, 0.051 0.0253 0.0201, 0.0455 0.029 0.0197, 0.0455 0.029 0.0201, 0.0396 0.0311 0.0197, 0.0396 0.0311 0.0201, 0.0336 -0.0314 0.0201, 0.0336 -0.0314 0.0197, 0.041 -0.0306 0.0197, 0.041 -0.0306 0.0201, 0.0467 -0.0285 0.0197, 0.0467 -0.0285 0.0201, 0.0516 -0.0252 0.0197, 0.0516 -0.0252 0.0201, 0.0553 -0.0213 0.0197, 0.0553 -0.0213 0.0201, 0.0585 -0.0159 0.0197, 0.0585 -0.0159 0.0201, 0.0606 -0.0091 0.0197, 0.0606 -0.0091 0.0201, 0.0148 -0.0272 0.0197, 0.0148 -0.0272 0.0201, 0.0232 -0.0303 0.0197, 0.0232 -0.0303 0.0201, 0.0787 -0.0305 0.0201, 0.0787 -0.0391 0.0201, 0.0787 -0.0305 0.0197, 0.0787 -0.0391 0.0197, 0.1191 -0.0391 0.0201, 0.1191 -0.0391 0.0197, 0.1191 0.0396 0.0201, 0.1191 0.0396 0.0197, 0.1085 0.0396 0.0201, 0.1085 0.0396 0.0197, 0.1085 -0.0305 0.0201, 0.1085 -0.0305 0.0197
            ]
        }
        coordIndex [
            0,1,2,-1,2,1,3,-1,1,4,3,-1,3,4,5,-1,4,6,5,-1,5,6,7,-1,6,8,7,-1,7,8,9,-1,8,10,9,-1,9,10,11,-1,10,12,11,-1,11,12,13,-1,12,14,13,-1,13,14,15,-1,14,0,15,-1,15,0,2,-1,16,8,17,-1,17,8,6,-1,18,14,16,-1,16,14,12,-1,16,12,8,-1,8,12,10,-1,18,19,14,-1,14,19,20,-1,14,20,0,-1,0,20,21,-1,0,21,22,-1,22,23,0,-1,0,23,17,-1,0,17,1,-1,1,17,6,-1,1,6,4,-1,16,17,24,-1,24,17,25,-1,18,16,26,-1,26,16,24,-1,18,26,27,-1,18,27,19,-1,19,27,28,-1,19,28,20,-1,21,20,29,-1,29,20,28,-1,21,29,30,-1,21,30,22,-1,22,30,31,-1,22,31,23,-1,17,23,25,-1,25,23,31,-1,32,33,34,-1,34,33,35,-1,33,36,35,-1,35,36,37,-1,36,38,37,-1,37,38,39,-1,40,41,42,-1,40,42,43,-1,43,42,44,-1,43,44,45,-1,45,44,46,-1,45,46,47,-1,47,46,48,-1,47,48,49,-1,49,48,50,-1,49,50,51,-1,51,50,52,-1,51,52,53,-1,53,52,54,-1,53,54,55,-1,55,54,39,-1,55,39,38,-1,32,34,56,-1,32,56,57,-1,57,56,58,-1,57,58,59,-1,59,58,60,-1,59,60,61,-1,61,60,62,-1,61,62,63,-1,63,62,64,-1,63,64,65,-1,65,64,66,-1,65,66,67,-1,67,66,41,-1,67,41,40,-1,45,47,68,-1,68,47,49,-1,68,49,69,-1,69,49,51,-1,69,51,70,-1,70,51,53,-1,70,53,71,-1,71,53,55,-1,71,55,72,-1,72,55,38,-1,72,38,73,-1,73,38,36,-1,73,36,74,-1,74,36,33,-1,74,33,75,-1,75,33,32,-1,75,32,76,-1,76,32,57,-1,76,57,77,-1,77,57,59,-1,77,59,78,-1,78,59,61,-1,78,61,79,-1,79,61,63,-1,79,63,80,-1,80,63,65,-1,80,65,81,-1,81,65,67,-1,81,67,82,-1,82,67,40,-1,82,40,83,-1,83,40,43,-1,83,43,84,-1,84,43,45,-1,84,45,68,-1,72,73,85,-1,85,73,86,-1,72,85,87,-1,72,87,71,-1,71,87,88,-1,71,88,70,-1,70,88,89,-1,70,89,69,-1,69,89,90,-1,69,90,68,-1,68,90,91,-1,68,91,84,-1,84,91,92,-1,84,92,83,-1,83,92,93,-1,83,93,82,-1,82,93,94,-1,82,94,81,-1,81,94,95,-1,81,95,80,-1,80,95,96,-1,80,96,79,-1,79,96,97,-1,79,97,78,-1,78,97,98,-1,78,98,77,-1,77,98,99,-1,77,99,76,-1,76,99,100,-1,76,100,75,-1,74,75,101,-1,101,75,100,-1,73,74,86,-1,86,74,101,-1,102,103,104,-1,104,103,105,-1,103,106,105,-1,105,106,107,-1,106,108,107,-1,107,108,109,-1,108,110,109,-1,109,110,111,-1,110,112,111,-1,111,112,113,-1,112,114,113,-1,113,114,115,-1,114,116,115,-1,115,116,117,-1,116,118,117,-1,117,118,119,-1,118,120,119,-1,119,120,121,-1,120,122,121,-1,121,122,123,-1,122,124,123,-1,123,124,125,-1,124,102,125,-1,125,102,104,-1,106,103,102,-1,102,124,106,-1,106,124,122,-1,106,122,108,-1,112,110,114,-1,114,110,108,-1,114,108,116,-1,116,108,122,-1,116,122,118,-1,118,122,120,-1,126,127,128,-1,128,127,129,-1,129,127,130,-1,131,132,133,-1,131,133,134,-1,134,133,135,-1,134,135,130,-1,130,135,136,-1,130,136,129,-1,132,131,137,-1,137,131,138,-1,137,138,139,-1,139,138,140,-1,139,140,141,-1,141,140,142,-1,141,142,143,-1,143,142,144,-1,143,144,145,-1,145,144,146,-1,145,146,147,-1,147,146,148,-1,147,148,149,-1,149,148,150,-1,149,150,151,-1,152,153,154,-1,152,154,155,-1,155,154,156,-1,155,156,157,-1,157,156,158,-1,157,158,159,-1,159,158,160,-1,159,160,161,-1,161,160,162,-1,161,162,163,-1,163,162,164,-1,163,164,165,-1,165,164,151,-1,165,151,150,-1,166,167,168,-1,166,168,169,-1,169,168,153,-1,169,153,152,-1,166,170,167,-1,167,170,171,-1,172,173,174,-1,172,174,175,-1,175,174,171,-1,175,171,170,-1,176,177,178,-1,176,178,179,-1,179,178,180,-1,179,180,181,-1,181,180,182,-1,181,182,183,-1,183,182,184,-1,183,184,185,-1,185,184,186,-1,185,186,187,-1,187,186,188,-1,187,188,189,-1,189,188,173,-1,189,173,172,-1,190,191,192,-1,190,192,193,-1,193,192,194,-1,193,194,195,-1,195,194,196,-1,195,196,197,-1,197,196,198,-1,197,198,199,-1,199,198,200,-1,199,200,201,-1,201,200,202,-1,201,202,203,-1,203,202,177,-1,203,177,176,-1,126,128,204,-1,126,204,205,-1,205,204,206,-1,205,206,207,-1,207,206,191,-1,207,191,190,-1,193,131,190,-1,190,131,134,-1,190,134,207,-1,207,134,130,-1,207,130,205,-1,205,130,127,-1,205,127,126,-1,170,166,175,-1,175,166,169,-1,175,169,172,-1,172,169,152,-1,172,152,189,-1,189,152,155,-1,189,155,187,-1,187,155,157,-1,187,157,185,-1,185,157,159,-1,185,159,183,-1,183,159,161,-1,183,161,181,-1,181,161,163,-1,181,163,179,-1,179,163,165,-1,179,165,176,-1,176,165,150,-1,176,150,203,-1,203,150,148,-1,203,148,201,-1,201,148,146,-1,201,146,199,-1,199,146,144,-1,199,144,197,-1,197,144,142,-1,197,142,195,-1,195,142,140,-1,195,140,193,-1,193,140,138,-1,193,138,131,-1,208,209,210,-1,210,209,211,-1,209,212,211,-1,211,212,213,-1,212,214,213,-1,213,214,215,-1,214,216,215,-1,215,216,217,-1,216,218,217,-1,217,218,219,-1,218,208,219,-1,219,208,210,-1,216,214,218,-1,218,214,212,-1,218,212,208,-1,208,212,209,-1,
        ]
    }
}
Shape{
    appearance Appearance {
        material  Material 	{
            diffuseColor 0.25098039215686274 0.25098039215686274 0.25098039215686274
            specularColor 0.12549019607843137 0.12549019607843137 0.12549019607843137
            ambientIntensity 0.251
            transparency 0.0
            shininess 0.5
        }
    }
    geometry IndexedFaceSet {
        ccw TRUE
        solid FALSE
        coord DEF co Coordinate {
            point [
                -0.1504 -0.0084 0.0197, -0.1767 -0.0084 0.0197, -0.1621 0.0245 0.0197, -0.1649 0.0245 0.0197, -0.1629 0.0273 0.0197, -0.1642 0.0273 0.0197, -0.1634 0.03 0.0197, -0.1636 0.03 0.0197, -0.0701 0.031 0.0197, -0.0701 -0.0305 0.0197, -0.0817 0.031 0.0197, -0.0813 -0.0305 0.0197, -0.0896 -0.0297 0.0197, -0.1124 0.001 0.0197, -0.1117 0.0089 0.0197, -0.1099 0.0151 0.0197, -0.091 0.03 0.0197, -0.0962 -0.0276 0.0197, -0.1016 -0.0244 0.0197, -0.106 -0.0201 0.0197, -0.1093 -0.0146 0.0197, -0.1116 -0.0072 0.0197, -0.1071 0.02 0.0197, -0.1033 0.024 0.0197, -0.0975 0.0277 0.0197
            ]
        }
        coordIndex [
            0,1,2,-1,2,1,3,-1,2,3,4,-1,4,3,5,-1,4,5,6,-1,6,5,7,-1,8,9,10,-1,10,9,11,-1,10,11,12,-1,13,14,10,-1,10,14,15,-1,10,15,16,-1,12,17,10,-1,10,17,18,-1,10,18,19,-1,19,20,10,-1,10,20,21,-1,10,21,13,-1,22,23,15,-1,15,23,24,-1,15,24,16,-1,
        ]
    }
}