#VRML V2.0 utf8
# 3D model generated by easyeda2kicad.py (https://github.com/uPesy/easyeda2kicad.py)

Shape{
    appearance Appearance {
        material  Material 	{
            diffuseColor 0.807843137254902 0.49411764705882355 0.18823529411764706
            specularColor 0.403921568627451 0.24705882352941178 0.09411764705882353
            ambientIntensity 0.5531
            transparency 0.0
            shininess 0.5
        }
    }
    geometry IndexedFaceSet {
        ccw TRUE
        solid FALSE
        coord DEF co Coordinate {
            point [
                3.0512 -0.0625 1.357, 3.0512 -0.0625 1.2506, 3.0512 -0.0147 1.2506, 3.0512 1.2516 0.1575, 3.0512 1.9488 0.1575, 3.0512 1.9488 0.9977, 3.0512 0.443 0.1575, 3.0512 1.2516 0.9977, 3.0512 0.3305 0.1575, 3.0512 0.443 0.9977, 3.0512 -0.0026 1.2627, 3.0512 -0.0044 1.2674, 3.0512 -0.0044 1.2359, 3.0512 0.0638 1.358, 3.0512 0.075 1.358, 3.0512 0.075 4.4095, 3.0512 0.1263 1.0457, 3.0512 0.1227 1.0453, 3.0512 0.1521 1.0453, 3.0512 0.2546 1.1664, 3.0512 0.2926 1.1664, 3.0512 0.2926 1.2006, 3.0512 -0.2314 1.2633, 3.0512 -0.2082 1.2438, 3.0512 -0.1272 1.358, 3.0512 -0.1272 1.2359, 3.0512 -0.2787 1.312, 3.0512 -0.2609 1.2773, 3.0512 -0.2568 1.2759, 3.0512 -0.3451 1.3704, 3.0512 -0.3267 1.358, 3.0512 -0.3071 1.3448, 3.0512 -0.4331 4.5276, 3.0512 -1.9488 4.5276, 3.0512 -0.4331 4.4882, 3.0512 -0.4304 4.4678, 3.0512 -0.3747 4.4121, 3.0512 -0.3937 4.42, 3.0512 -1.9488 1.358, 3.0512 -0.41 4.4325, 3.0512 -0.4225 4.4488, 3.0512 -0.4232 1.3892, 3.0512 -0.388 1.3855, 3.0512 -0.1272 4.4095, 3.0512 -0.5048 1.3688, 3.0512 -0.4654 1.384, 3.0512 -0.3543 4.4095, 3.0512 -0.5223 1.358, 3.0512 -0.5257 1.3559, 3.0512 -1.9488 1.2359, 3.0512 -0.7091 1.2359, 3.0512 -0.7016 1.2527, 3.0512 -0.6811 1.279, 3.0512 -0.6165 1.3159, 3.0512 -0.5829 1.32, 3.0512 -0.5457 1.3387, 3.0512 -0.5731 1.3195, 3.0512 -0.5632 1.3183, 3.0512 -0.6753 1.2845, 3.0512 -0.6482 1.3036, 3.0512 -0.6587 1.0659, 3.0512 -0.6853 1.0886, 3.0512 -1.9488 1.0453, 3.0512 -0.6279 1.0509, 3.0512 -0.6159 1.0453, 3.0512 -0.617 1.0476, 3.0512 -0.7048 1.1164, 3.0512 -0.7171 1.1482, 3.0512 -1.9488 1.2006, 3.0512 -0.7212 1.1817, 3.0512 -0.721 1.1899, 3.0512 -0.719 1.2006, 3.0512 -0.7152 1.2219, 3.0512 -1.9488 0.9977, 3.0512 -0.5712 0.9977, 3.0512 -0.579 1.001, 3.0512 -0.5957 1.0136, 3.0512 -0.6084 1.0293, 3.0512 -0.1272 0.1575, 3.0512 -0.1272 0.9977, 3.0512 -0.5006 0.9977, 3.0512 -0.5152 0.9921, 3.0512 -0.5359 0.9896, 3.0512 -0.5391 0.9896, 3.0512 -1.9488 0.1575, 3.0512 -0.5593 0.9927, 3.0512 -0.1272 1.0453, 3.0512 -0.4559 1.0453, 3.0512 -0.456 1.0449, 3.0512 -0.4661 1.0258, 3.0512 -0.4791 1.0113, 3.0512 -0.4962 0.9994, 3.0512 -0.1803 1.1934, 3.0512 -0.1764 1.1655, 3.0512 -0.1272 1.2006, 3.0512 -0.3469 1.0957, 3.0512 -0.341 1.098, 3.0512 -0.331 1.1467, 3.0512 -0.208 1.0843, 3.0512 -0.2312 1.0647, 3.0512 -0.4719 1.1322, 3.0512 -0.3574 1.1919, 3.0512 -0.4868 1.1458, 3.0512 -0.5049 1.1555, 3.0512 -0.3521 1.092, 3.0512 -0.191 1.108, 3.0512 -0.2298 1.1722, 3.0512 -0.2338 1.1886, 3.0512 -0.2403 1.2006, 3.0512 -0.6653 1.2006, 3.0512 -0.1803 1.135, 3.0512 -0.3344 1.0989, 3.0512 -0.3335 1.0988, 3.0512 -0.331 1.0982, 3.0512 -0.6602 1.1492, 3.0512 -0.6501 1.1321, 3.0512 -0.6068 1.1232, 3.0512 -0.6348 1.1163, 3.0512 -0.6162 1.1048, 3.0512 -0.5752 1.1514, 3.0512 -0.5927 1.1393, 3.0512 -0.6674 1.1834, 3.0512 -0.6664 1.1701, 3.0512 -0.5563 1.1587, 3.0512 -0.5359 1.1612, 3.0512 -0.5256 1.1606, 3.0512 -0.3608 1.0724, 3.0512 -0.3606 1.0758, 3.0512 -0.4505 1.0835, 3.0512 -0.3589 1.0823, 3.0512 -0.3556 1.0881, 3.0512 -0.2467 1.1194, 3.0512 -0.2373 1.1327, 3.0512 -0.2314 1.148, 3.0512 -0.2293 1.1646, 3.0512 -0.3409 1.0467, 3.0512 -0.3465 1.0489, 3.0512 -0.3521 1.0529, 3.0512 -0.3541 1.0549, 3.0512 -0.3578 1.0602, 3.0512 -0.36 1.066, 3.0512 -0.451 1.0659, 3.0512 -0.4505 1.075, 3.0512 -0.2573 1.0519, 3.0512 -0.2857 1.0459, 3.0512 -0.3361 1.0459, 3.0512 -0.3293 1.098, 3.0512 -0.2908 1.098, 3.0512 -0.2754 1.101, 3.0512 -0.2604 1.108, 3.0512 -0.2477 1.1183, 3.0512 -0.3028 1.2312, 3.0512 -0.6575 1.2232, 3.0512 -0.6649 1.2041, 3.0512 -0.296 1.2312, 3.0512 -0.2418 1.2033, 3.0512 -0.2515 1.2142, 3.0512 -0.2648 1.2235, 3.0512 -0.2797 1.2292, 3.0512 -0.3213 1.2826, 3.0512 -0.3406 1.3056, 3.0512 -0.5368 1.256, 3.0512 -0.3426 1.3075, 3.0512 -0.3666 1.3241, 3.0512 -0.5237 1.283, 3.0512 -0.6487 1.2359, 3.0512 -0.5427 1.2592, 3.0512 -0.3038 1.2359, 3.0512 -0.3081 1.2551, 3.0512 -0.5618 1.2663, 3.0512 -0.582 1.2688, 3.0512 -0.591 1.2683, 3.0512 -0.5045 1.3059, 3.0512 -0.3933 1.3344, 3.0512 -0.4817 1.3226, 3.0512 -0.4223 1.338, 3.0512 -0.4538 1.3339, 3.0512 -0.6121 1.2633, 3.0512 -0.6311 1.2532, 3.0512 -0.6457 1.2402, 3.0512 -0.2025 1.2359, 3.0512 -0.1908 1.2195, 3.0512 -0.1832 1.2006, 3.0512 0.3192 1.06, 3.0512 0.3192 1.0463, 3.0512 0.3305 1.0453, 3.0512 0.3305 1.2006, 3.0512 0.3164 1.1664, 3.0512 0.3164 1.1526, 3.0512 0.2701 1.1004, 3.0512 0.2701 1.06, 3.0512 0.2926 1.1004, 3.0512 0.2926 1.06, 3.0512 0.313 1.1004, 3.0512 0.313 1.1142, 3.0512 0.2701 1.1526, 3.0512 0.2701 1.1142, 3.0512 0.2926 1.1526, 3.0512 0.2926 1.1142, 3.0512 0.2926 1.0453, 3.0512 0.2926 1.0463, 3.0512 0.2546 1.0463, 3.0512 0.1953 1.0676, 3.0512 0.1971 1.0606, 3.0512 0.1975 1.0606, 3.0512 0.2384 1.1321, 3.0512 0.1801 1.2006, 3.0512 0.2228 1.1321, 3.0512 0.1801 1.1112, 3.0512 0.1994 1.0675, 3.0512 0.1982 1.0635, 3.0512 0.0904 1.109, 3.0512 0.091 1.1143, 3.0512 0.075 1.2006, 3.0512 0.0927 1.0985, 3.0512 0.091 1.1031, 3.0512 0.0903 1.0649, 3.0512 0.0962 1.0612, 3.0512 0.0972 1.0608, 3.0512 0.0972 1.0927, 3.0512 0.0946 1.0954, 3.0512 0.0971 1.0928, 3.0512 0.1039 1.0453, 3.0512 0.1008 1.0456, 3.0512 0.0972 1.0453, 3.0512 0.0972 1.0469, 3.0512 0.075 1.0453, 3.0512 0.0903 1.0493, 3.0512 0.1135 1.0443, 3.0512 0.0972 0.9977, 3.0512 0.1521 0.9977, 3.0512 0.1441 1.1303, 3.0512 0.1441 1.1157, 3.0512 0.1 1.1273, 3.0512 0.1038 1.1296, 3.0512 0.0972 1.2006, 3.0512 0.0927 1.1192, 3.0512 0.0955 1.1233, 3.0512 0.0972 1.1248, 3.0512 0.1475 1.0636, 3.0512 0.1456 1.0589, 3.0512 0.1428 1.0549, 3.0512 0.1119 1.1327, 3.0512 0.1238 1.1341, 3.0512 0.1521 1.2006, 3.0512 0.133 1.1334, 3.0512 0.1432 1.0839, 3.0512 0.146 1.0797, 3.0512 0.1476 1.0753, 3.0512 0.1482 1.0697, 3.0512 0.1385 1.0511, 3.0512 0.1344 1.0487, 3.0512 0.1223 1.1219, 3.0512 0.1178 1.1215, 3.0512 0.1059 1.1103, 3.0512 0.1138 1.1205, 3.0512 0.1104 1.1187, 3.0512 0.106 1.1083, 3.0512 0.1066 1.106, 3.0512 0.1077 1.1039, 3.0512 0.1092 1.1023, 3.0512 0.1145 1.099, 3.0512 0.1332 1.1205, 3.0512 0.1238 1.095, 3.0512 0.1416 1.1171, 3.0512 0.1296 1.0926, 3.0512 0.1396 1.0871, 3.0512 0.1082 1.1167, 3.0512 0.1069 1.1147, 3.0512 0.1061 1.1127, 3.0512 0.1056 1.0577, 3.0512 0.1131 1.084, 3.0512 0.1042 1.0881, 3.0512 0.115 1.0566, 3.0512 0.1157 1.0566, 3.0512 0.123 1.0799, 3.0512 0.1234 1.0575, 3.0512 0.1328 1.0682, 3.0512 0.1326 1.0701, 3.0512 0.1273 1.0589, 3.0512 0.1286 1.0597, 3.0512 0.1304 1.0612, 3.0512 0.1317 1.0632, 3.0512 0.1324 1.0653, 3.0512 0.1319 1.0724, 3.0512 0.1308 1.0744, 3.0512 0.1289 1.0764, 3.0512 0.443 1.2359, 3.0512 0.404 1.2369, 3.0512 0.3868 1.2369, 3.0512 0.3746 1.2697, 3.0512 0.3305 1.2697, 3.0512 0.3305 1.2359, 3.0512 0.3582 1.357, 3.0512 0.443 1.358, 3.0512 0.3305 1.358, 3.0512 0.3246 1.2697, 3.0512 0.313 1.2369, 3.0512 0.2926 1.2359, 3.0512 0.2959 1.2369, 3.0512 0.2926 1.358, 3.0512 0.3305 1.3278, 3.0512 0.3417 1.357, 3.0512 0.1801 1.358, 3.0512 0.1521 1.358, 3.0512 0.166 1.357, 3.0512 0.1521 1.357, 3.0512 0.1197 1.291, 3.0512 0.1197 1.2506, 3.0512 0.1521 1.291, 3.0512 0.1521 1.2506, 3.0512 0.1626 1.291, 3.0512 0.1688 1.2506, 3.0512 0.1626 1.3047, 3.0512 0.166 1.3432, 3.0512 0.1521 1.3047, 3.0512 0.1521 1.3432, 3.0512 0.1197 1.3047, 3.0512 0.1197 1.3432, 3.0512 0.1042 1.2369, 3.0512 0.0972 1.2359, 3.0512 0.1521 1.2359, 3.0512 0.1801 1.2359, 3.0512 0.1688 1.2369, 3.0512 0.1521 1.2369, 3.0512 0.1042 1.357, 3.0512 0.0972 1.358, 3.0512 -0.0116 4.4095, 3.0512 -0.0116 1.358, 3.0512 -0.0044 4.4095, 3.0512 0.0972 4.4095, 3.0512 0.1521 4.4095, 3.0512 0.1801 4.4095, 3.0512 0.2926 4.4095, 3.0512 0.41 4.4325, 3.0512 0.3937 4.42, 3.0512 0.3305 4.4095, 3.0512 0.3543 4.4095, 3.0512 0.3747 4.4121, 3.0512 0.4331 4.5276, 3.0512 0.4331 4.4882, 3.0512 0.443 4.5276, 3.0512 0.4304 4.4678, 3.0512 0.4225 4.4488, 3.0512 0.0801 1.3379, 3.0512 0.0801 1.2567, 3.0512 0.0775 1.3393, 3.0512 0.075 1.2543, 3.0512 0.075 1.3401, 3.0512 0.0651 1.3436, 3.0512 0.0558 1.249, 3.0512 0.0692 1.2517, 3.0512 0.0065 1.2944, 3.0512 0.0065 1.2956, 3.0512 0.0518 1.345, 3.0512 0.0476 1.3448, 3.0512 0.0371 1.3429, 3.0512 0.0171 1.3293, 3.0512 0.0116 1.3206, 3.0512 0.0079 1.3097, 3.0512 0.0084 1.2797, 3.0512 0.0122 1.2699, 3.0512 0.0183 1.2613, 3.0512 0.0287 1.2533, 3.0512 0.0373 1.25, 3.0512 0.0491 1.2487, 3.0512 0.0276 1.3386, 3.0512 0.0191 1.3317, 3.0512 0.0208 1.2588, 3.0512 0.0688 1.3575, 3.0512 0.075 1.3556, 3.0512 0.0801 1.3541, 3.0512 0.0219 1.3521, 3.0512 0.0345 1.3569, 3.0512 -0.0044 1.358, 3.0512 0.0433 1.358, 3.0512 0.0517 1.359, 3.0512 0.0534 1.359, 3.0512 -0.0044 1.3224, 3.0512 -0.0004 1.3313, 3.0512 0.0076 1.3413, 3.0512 0.0103 1.3439, 3.0512 -0.0064 1.3181, 3.0512 -0.0075 1.2753, 3.0512 -0.0116 1.2359, 3.0512 -0.0098 1.2946, 3.0512 -0.0094 1.3028, 3.0512 0.026 1.2381, 3.0512 0.0148 1.2435, 3.0512 0.0056 1.2512, 3.0512 0.0045 1.2525, 3.0512 0.0362 1.2359, 3.0512 -0.0044 1.2006, 3.0512 0.0389 1.2353, 3.0512 0.0469 1.2348, 3.0512 0.0575 1.2359, 3.0512 0.0801 1.2418, 3.0512 0.0781 1.2408, 3.0512 0.075 1.2359, 3.0512 0.075 1.2398, 3.0512 0.0652 1.2366, 3.0512 0.0067 1.0868, 3.0512 0.0093 1.1115, 3.0512 0.0035 1.0819, 3.0512 0.0017 1.0764, 3.0512 0.0699 1.0463, 3.0512 0.0548 1.0463, 3.0512 0.0426 1.1213, 3.0512 0.0375 1.1219, 3.0512 0.0294 1.0973, 3.0512 0.0685 1.1139, 3.0512 0.0699 1.1015, 3.0512 0.0111 1.0909, 3.0512 0.0173 1.0942, 3.0512 0.0194 1.1179, 3.0512 0.0288 1.121, 3.0512 0.0134 1.0475, 3.0512 0.0083 1.0511, 3.0512 -0.0044 1.0453, 3.0512 0.0066 1.0528, 3.0512 0.0035 1.0574, 3.0512 0.0548 1.0596, 3.0512 0.0544 1.0596, 3.0512 0.0521 1.056, 3.0512 0.0473 1.0509, 3.0512 0.0017 1.0625, 3.0512 0.001 1.0693, 3.0512 0.0093 1.1261, 3.0512 0.0486 1.1331, 3.0512 0.0548 1.1311, 3.0512 0.0597 1.1282, 3.0512 0.0548 1.1009, 3.0512 0.0543 1.1075, 3.0512 0.0528 1.1129, 3.0512 0.051 1.116, 3.0512 0.0629 1.1251, 3.0512 0.066 1.1205, 3.0512 0.014 1.1287, 3.0512 0.0254 1.1327, 3.0512 0.0389 1.1341, 3.0512 0.0487 1.1184, 3.0512 0.046 1.1201, 3.0512 0.0363 1.0453, 3.0512 0.0359 1.0452, 3.0512 0.075 0.9977, 3.0512 -0.0044 0.9977, 3.0512 0.0282 1.0443, 3.0512 0.0194 1.0453, 3.0512 0.0192 1.0454, 3.0512 0.1801 1.0708, 3.0512 0.156 1.1321, 3.0512 0.1729 1.1321, 3.0512 0.1892 1.0453, 3.0512 0.1897 1.0465, 3.0512 0.1801 1.0255, 3.0512 0.1801 1.0255, 3.0512 0.1801 1.0453, 3.0512 0.1831 1.0309, 3.0512 0.1591 1.0205, 3.0512 0.1591 1.0072, 3.0512 0.1622 1.0195, 3.0512 0.1677 1.0188, 3.0512 0.1713 1.0192, 3.0512 0.1801 1.0086, 3.0512 0.1749 1.0066, 3.0512 0.1801 0.9977, 3.0512 0.1688 1.0059, 3.0512 0.1655 1.006, 3.0512 0.1746 1.0205, 3.0512 0.1773 1.0224, 3.0512 0.1994 1.0334, 3.0512 0.1926 1.0201, 3.0512 0.2926 0.9977, 3.0512 0.2042 1.0453, 3.0512 0.1871 1.0135, 3.0512 0.1861 1.0126, 3.0512 0.1808 1.0089, 3.0512 0.3305 0.9977, 3.0512 0.2926 0.1575, 3.0512 0.1801 0.1575, 3.0512 0.1521 0.1575, 3.0512 0.0972 0.1575, 3.0512 0.075 0.1575, 3.0512 -0.0044 0.1575, 3.0512 0.042 1.0474, 3.0512 1.2516 1.0453, 3.0512 0.443 1.0453, 3.0512 -0.078 1.1664, 3.0512 -0.078 1.0463, 3.0512 -0.0116 1.0453, 3.0512 -0.0116 0.9977, 3.0512 -0.0116 0.1575, 3.0512 -0.0162 1.1664, 3.0512 -0.0116 1.2006, 3.0512 -0.0162 1.1526, 3.0512 -0.0134 1.06, 3.0512 -0.0134 1.0463, 3.0512 -0.0625 1.1004, 3.0512 -0.0625 1.06, 3.0512 -0.0196 1.1004, 3.0512 -0.0196 1.1142, 3.0512 -0.0625 1.1142, 3.0512 -0.0625 1.1526, 3.0512 0.3419 1.0463, 3.0512 0.443 1.2006, 3.0512 0.3965 1.1639, 3.0512 0.4108 1.1582, 3.0512 0.436 1.085, 3.0512 0.4298 1.0727, 3.0512 0.4215 1.0632, 3.0512 0.4088 1.0541, 3.0512 0.3951 1.0488, 3.0512 0.3749 1.0463, 3.0512 0.3419 1.1664, 3.0512 0.3761 1.1664, 3.0512 0.3784 1.1664, 3.0512 0.4215 1.1505, 3.0512 0.4271 1.1448, 3.0512 0.4342 1.1339, 3.0512 0.4382 1.122, 3.0512 0.4397 1.1079, 3.0512 0.4391 1.0988, 3.0512 0.4634 1.0463, 3.0512 0.4463 1.0463, 3.0512 0.5373 1.0463, 3.0512 0.525 1.0792, 3.0512 0.475 1.0792, 3.0512 0.4921 1.1664, 3.0512 0.5086 1.1664, 3.0512 -0.078 1.2369, 3.0512 -0.078 1.357, 3.0512 -0.0147 1.2369, 3.0512 0.228 1.3569, 3.0512 0.2461 1.3544, 3.0512 0.2603 1.3487, 3.0512 0.2856 1.2755, 3.0512 0.2794 1.2633, 3.0512 0.2711 1.2537, 3.0512 0.2584 1.2446, 3.0512 0.2257 1.357, 3.0512 0.2447 1.2393, 3.0512 0.2245 1.2369, 3.0512 0.1915 1.2369, 3.0512 0.1915 1.357, 3.0512 0.2711 1.3411, 3.0512 0.2767 1.3354, 3.0512 0.2838 1.3244, 3.0512 0.2878 1.3125, 3.0512 0.2892 1.2985, 3.0512 0.2887 1.2894, 3.0512 0.5544 1.0463, 3.0512 1.2516 1.2006, 3.0512 1.2516 1.2359, 3.0512 1.2516 1.358, 3.0512 1.2516 4.5276, 3.0512 1.9488 1.0453, 3.0512 1.9488 1.2006, 3.0512 1.9488 1.2359, 3.0512 1.9488 1.358, 3.0512 1.9488 4.5276, -3.0512 -1.9488 4.5276, -3.0512 1.9488 4.5276, -3.0512 -1.9488 0.1575, -3.0512 1.9488 0.1575, 1.8992 1.9488 0.0, 1.5842 1.9488 0.0, 1.8992 2.0669 0.0, 1.5842 2.0669 0.0, -1.8992 -1.9488 0.0, -1.5843 -1.9488 0.0, -1.8992 -2.0669 0.0, -1.5843 -2.0669 0.0, 1.8992 -2.0669 0.0, 1.5842 -2.0669 0.0, 1.8992 -1.9488 0.0, 1.5842 -1.9488 0.0, -2.9331 2.0669 4.5276, -2.9331 2.0669 0.1575, -2.9637 2.0629 0.1575, -2.9637 2.0629 4.5276, -2.9921 2.0511 0.1575, -2.9921 2.0511 4.5276, -3.0166 2.0323 0.1575, -3.0166 2.0323 4.5276, -3.0354 2.0079 0.1575, -3.0354 2.0079 4.5276, -3.0472 1.9794 0.1575, -3.0472 1.9794 4.5276, 3.0471 1.9794 0.1575, 3.0471 1.9794 4.5276, 3.0353 2.0079 0.1575, 3.0353 2.0079 4.5276, 3.0166 2.0323 0.1575, 3.0166 2.0323 4.5276, 2.9921 2.0511 0.1575, 2.9921 2.0511 4.5276, 2.9636 2.0629 0.1575, 2.9636 2.0629 4.5276, 2.9331 2.0669 0.1575, 2.9331 2.0669 4.5276, -3.0472 -1.9794 0.1575, -3.0472 -1.9794 4.5276, -3.0354 -2.0079 0.1575, -3.0354 -2.0079 4.5276, -3.0166 -2.0323 0.1575, -3.0166 -2.0323 4.5276, -2.9921 -2.0511 0.1575, -2.9921 -2.0511 4.5276, -2.9637 -2.0629 0.1575, -2.9637 -2.0629 4.5276, -2.9331 -2.0669 0.1575, -2.9331 -2.0669 4.5276, 2.9331 -2.0669 4.5276, 2.9331 -2.0669 0.1575, 2.9636 -2.0629 0.1575, 2.9636 -2.0629 4.5276, 2.9921 -2.0511 0.1575, 2.9921 -2.0511 4.5276, 3.0166 -2.0323 0.1575, 3.0166 -2.0323 4.5276, 3.0353 -2.0079 0.1575, 3.0353 -2.0079 4.5276, 3.0471 -1.9794 0.1575, 3.0471 -1.9794 4.5276
            ]
        }
        coordIndex [
            0,1,2,-1,3,4,5,-1,6,3,7,-1,8,6,9,-1,10,11,12,-1,13,14,15,-1,16,17,18,-1,19,20,21,-1,22,23,24,-1,24,23,25,-1,26,27,24,-1,24,27,28,-1,24,28,22,-1,29,30,24,-1,24,30,31,-1,24,31,26,-1,32,33,34,-1,34,33,35,-1,36,37,38,-1,38,37,39,-1,38,39,33,-1,33,39,40,-1,33,40,35,-1,41,42,43,-1,44,45,36,-1,36,45,41,-1,36,41,46,-1,46,41,43,-1,44,36,47,-1,47,36,38,-1,47,38,48,-1,49,50,38,-1,38,50,51,-1,38,51,52,-1,38,53,48,-1,48,53,54,-1,48,54,55,-1,55,54,56,-1,55,56,57,-1,52,58,38,-1,38,58,59,-1,38,59,53,-1,60,61,62,-1,60,62,63,-1,63,62,64,-1,63,64,65,-1,61,66,62,-1,62,66,67,-1,62,67,68,-1,68,67,69,-1,69,70,68,-1,68,70,71,-1,68,71,49,-1,49,71,72,-1,49,72,50,-1,73,74,62,-1,62,74,75,-1,75,76,62,-1,62,76,77,-1,62,77,64,-1,78,79,80,-1,80,81,78,-1,78,81,82,-1,78,82,83,-1,73,84,74,-1,74,84,78,-1,74,78,85,-1,85,78,83,-1,86,87,79,-1,79,87,88,-1,79,88,89,-1,89,90,79,-1,79,90,91,-1,79,91,80,-1,92,93,94,-1,95,96,97,-1,98,99,86,-1,100,101,102,-1,102,101,103,-1,95,97,104,-1,98,86,105,-1,106,107,101,-1,101,107,108,-1,101,108,109,-1,94,93,86,-1,86,93,110,-1,86,110,105,-1,96,111,97,-1,97,111,112,-1,97,112,113,-1,114,115,116,-1,116,115,117,-1,116,117,118,-1,119,109,120,-1,120,109,121,-1,120,121,116,-1,116,121,122,-1,116,122,114,-1,119,123,109,-1,109,123,124,-1,109,124,101,-1,101,124,125,-1,101,125,103,-1,126,127,128,-1,128,127,129,-1,128,129,97,-1,97,129,130,-1,97,130,104,-1,131,132,97,-1,97,132,133,-1,97,133,101,-1,101,133,134,-1,101,134,106,-1,135,136,87,-1,87,136,137,-1,87,137,138,-1,138,139,87,-1,87,139,140,-1,87,140,141,-1,141,140,126,-1,141,126,142,-1,142,126,128,-1,99,143,86,-1,86,143,144,-1,86,144,87,-1,87,144,145,-1,87,145,135,-1,113,146,97,-1,97,146,147,-1,97,147,148,-1,148,149,97,-1,97,149,150,-1,97,150,131,-1,151,152,153,-1,153,109,151,-1,151,109,108,-1,151,108,154,-1,154,108,155,-1,155,156,154,-1,154,156,157,-1,154,157,158,-1,159,160,161,-1,160,162,161,-1,161,162,163,-1,161,163,164,-1,165,161,166,-1,152,151,165,-1,165,151,167,-1,165,167,161,-1,161,167,168,-1,161,168,159,-1,166,169,165,-1,165,169,170,-1,165,170,171,-1,164,163,172,-1,172,163,173,-1,172,173,174,-1,174,173,175,-1,174,175,176,-1,177,178,171,-1,171,178,179,-1,171,179,165,-1,23,180,25,-1,25,180,181,-1,25,181,94,-1,94,181,182,-1,94,182,92,-1,183,184,185,-1,21,20,186,-1,186,20,187,-1,186,187,188,-1,189,190,191,-1,191,190,192,-1,191,192,193,-1,193,192,183,-1,193,183,194,-1,195,196,197,-1,197,196,198,-1,197,198,188,-1,185,184,199,-1,199,184,200,-1,199,200,201,-1,202,203,204,-1,205,206,207,-1,207,206,208,-1,207,208,209,-1,209,208,202,-1,209,202,210,-1,210,202,204,-1,211,212,213,-1,214,215,216,-1,217,218,219,-1,214,216,220,-1,217,219,216,-1,216,219,221,-1,216,221,220,-1,222,223,224,-1,224,223,225,-1,224,225,226,-1,226,225,227,-1,226,227,216,-1,228,229,17,-1,17,229,230,-1,17,230,18,-1,231,232,18,-1,233,234,235,-1,212,236,213,-1,213,236,237,-1,213,237,235,-1,235,237,238,-1,235,238,233,-1,239,240,18,-1,18,240,241,-1,234,242,235,-1,235,242,243,-1,235,243,244,-1,244,243,245,-1,244,245,231,-1,246,247,232,-1,232,247,248,-1,232,248,18,-1,18,248,249,-1,18,249,239,-1,241,250,18,-1,18,250,251,-1,18,251,16,-1,252,253,254,-1,254,253,255,-1,254,255,256,-1,254,257,252,-1,252,257,258,-1,252,258,259,-1,259,260,252,-1,252,260,261,-1,252,261,262,-1,262,261,263,-1,262,263,264,-1,264,263,265,-1,264,265,232,-1,232,265,266,-1,232,266,246,-1,267,268,256,-1,256,268,269,-1,256,269,254,-1,270,271,218,-1,218,271,272,-1,218,272,219,-1,270,273,271,-1,271,273,274,-1,271,274,275,-1,275,274,276,-1,275,277,278,-1,276,279,275,-1,275,279,280,-1,275,280,281,-1,281,282,275,-1,275,282,283,-1,275,283,277,-1,278,284,275,-1,275,284,285,-1,275,285,286,-1,287,288,289,-1,290,291,289,-1,289,291,292,-1,289,292,287,-1,288,287,293,-1,293,287,294,-1,293,294,295,-1,291,296,292,-1,292,296,297,-1,292,297,298,-1,298,297,299,-1,298,299,300,-1,300,299,301,-1,300,301,295,-1,295,301,302,-1,295,302,293,-1,303,304,305,-1,305,304,306,-1,307,308,309,-1,309,308,310,-1,309,310,311,-1,311,310,312,-1,311,312,313,-1,313,312,314,-1,313,314,315,-1,315,314,316,-1,315,316,317,-1,317,316,318,-1,319,320,321,-1,305,314,303,-1,303,314,312,-1,303,312,322,-1,322,312,323,-1,322,323,321,-1,321,323,324,-1,321,324,319,-1,306,304,325,-1,325,304,326,-1,325,326,319,-1,42,29,43,-1,43,29,24,-1,43,24,327,-1,327,24,328,-1,327,328,329,-1,15,14,330,-1,330,14,326,-1,330,326,331,-1,331,326,304,-1,331,304,332,-1,332,304,303,-1,332,303,333,-1,334,335,294,-1,333,300,336,-1,336,300,295,-1,336,295,337,-1,337,295,294,-1,337,294,338,-1,338,294,335,-1,339,340,341,-1,341,340,342,-1,341,342,294,-1,294,342,343,-1,294,343,334,-1,319,326,320,-1,320,326,344,-1,320,344,345,-1,345,344,346,-1,345,346,347,-1,347,346,348,-1,347,348,349,-1,350,351,352,-1,352,351,347,-1,352,347,353,-1,349,354,347,-1,347,354,355,-1,347,355,356,-1,357,358,347,-1,347,358,359,-1,347,359,353,-1,360,361,362,-1,363,364,352,-1,352,364,365,-1,352,365,350,-1,356,366,347,-1,347,366,367,-1,347,367,357,-1,360,362,352,-1,352,362,368,-1,352,368,363,-1,13,369,14,-1,14,369,370,-1,14,370,326,-1,326,370,371,-1,326,371,344,-1,372,373,374,-1,374,373,375,-1,374,375,329,-1,329,375,376,-1,329,376,15,-1,15,376,377,-1,15,377,13,-1,374,378,379,-1,379,380,374,-1,374,380,381,-1,374,381,372,-1,329,328,374,-1,374,328,382,-1,374,382,378,-1,11,383,384,-1,384,383,385,-1,384,385,328,-1,328,385,386,-1,328,386,382,-1,387,388,12,-1,388,389,12,-1,12,389,390,-1,12,390,10,-1,387,12,391,-1,391,12,392,-1,391,392,393,-1,393,392,394,-1,394,392,213,-1,394,213,395,-1,345,396,320,-1,320,396,397,-1,320,397,398,-1,398,397,399,-1,398,399,400,-1,401,402,403,-1,403,402,404,-1,226,405,406,-1,407,408,409,-1,213,410,411,-1,401,412,402,-1,402,412,413,-1,402,413,414,-1,414,413,409,-1,414,409,415,-1,415,409,408,-1,215,211,216,-1,216,211,213,-1,216,213,226,-1,226,213,411,-1,226,411,405,-1,416,417,418,-1,418,417,419,-1,418,419,420,-1,421,422,406,-1,406,422,423,-1,406,423,424,-1,420,425,418,-1,418,425,426,-1,418,426,392,-1,392,426,404,-1,392,404,427,-1,427,404,402,-1,428,429,213,-1,213,429,430,-1,431,432,409,-1,409,432,433,-1,409,433,434,-1,430,435,213,-1,213,435,436,-1,213,436,410,-1,427,437,392,-1,392,437,438,-1,392,438,213,-1,213,438,439,-1,213,439,428,-1,434,440,409,-1,409,440,441,-1,409,441,407,-1,442,443,444,-1,444,443,445,-1,443,446,445,-1,445,446,447,-1,445,447,418,-1,418,447,448,-1,418,448,416,-1,449,450,18,-1,231,18,244,-1,244,18,450,-1,244,450,206,-1,206,450,451,-1,206,451,208,-1,452,453,449,-1,454,455,456,-1,456,455,457,-1,456,457,452,-1,452,449,456,-1,456,449,18,-1,456,18,458,-1,458,18,230,-1,458,230,459,-1,458,460,456,-1,456,460,461,-1,456,461,462,-1,463,464,465,-1,465,464,466,-1,465,466,230,-1,230,466,467,-1,230,467,459,-1,462,468,456,-1,456,468,469,-1,456,469,454,-1,470,471,472,-1,470,472,473,-1,471,474,472,-1,472,474,475,-1,472,475,465,-1,465,475,476,-1,465,476,463,-1,8,477,478,-1,478,477,472,-1,478,472,479,-1,479,472,465,-1,479,465,480,-1,480,465,230,-1,480,230,481,-1,481,230,229,-1,481,229,482,-1,482,229,444,-1,482,444,483,-1,483,444,445,-1,228,222,229,-1,229,222,224,-1,229,224,444,-1,444,224,226,-1,444,226,442,-1,442,226,406,-1,442,406,484,-1,484,406,424,-1,477,185,472,-1,472,185,199,-1,472,199,473,-1,473,199,201,-1,473,201,205,-1,205,201,19,-1,205,19,206,-1,206,19,21,-1,6,7,9,-1,9,7,485,-1,9,485,486,-1,487,94,488,-1,488,94,86,-1,488,86,489,-1,489,86,79,-1,489,79,490,-1,490,79,78,-1,490,78,491,-1,487,492,493,-1,492,494,493,-1,493,494,495,-1,493,495,489,-1,489,495,496,-1,489,496,488,-1,497,498,499,-1,499,498,495,-1,499,495,500,-1,500,495,494,-1,500,494,501,-1,501,494,502,-1,198,194,188,-1,188,194,183,-1,188,183,186,-1,186,183,185,-1,186,185,503,-1,504,505,506,-1,507,508,486,-1,486,508,509,-1,509,510,486,-1,486,510,511,-1,486,511,512,-1,8,9,477,-1,477,9,486,-1,477,486,185,-1,185,486,512,-1,185,512,503,-1,503,513,186,-1,186,513,514,-1,186,514,504,-1,504,514,515,-1,504,515,505,-1,506,516,504,-1,504,516,517,-1,504,517,518,-1,518,519,504,-1,504,519,520,-1,504,520,486,-1,486,520,521,-1,486,521,507,-1,522,523,486,-1,524,525,526,-1,486,523,504,-1,504,523,527,-1,504,527,528,-1,11,384,12,-1,12,384,493,-1,12,493,392,-1,392,493,489,-1,392,489,418,-1,418,489,490,-1,418,490,445,-1,445,490,491,-1,445,491,483,-1,504,287,186,-1,186,287,292,-1,186,292,21,-1,21,292,298,-1,21,298,206,-1,206,298,322,-1,206,322,244,-1,244,322,321,-1,244,321,235,-1,235,321,320,-1,235,320,213,-1,213,320,398,-1,213,398,395,-1,395,398,400,-1,487,493,94,-1,94,493,384,-1,94,384,25,-1,25,384,529,-1,25,529,24,-1,529,530,24,-1,24,530,0,-1,24,0,328,-1,328,0,2,-1,328,2,384,-1,384,2,531,-1,384,531,529,-1,532,533,300,-1,300,533,534,-1,535,536,298,-1,298,536,537,-1,298,537,538,-1,333,303,300,-1,300,303,539,-1,300,539,532,-1,538,540,298,-1,298,540,541,-1,298,541,322,-1,322,541,542,-1,322,542,303,-1,303,542,543,-1,303,543,539,-1,534,544,300,-1,300,544,545,-1,300,545,546,-1,546,547,300,-1,300,547,548,-1,300,548,298,-1,298,548,549,-1,298,549,535,-1,526,522,524,-1,524,522,486,-1,524,486,550,-1,550,486,485,-1,550,485,528,-1,528,485,551,-1,528,551,504,-1,504,551,552,-1,504,552,287,-1,287,552,553,-1,287,553,294,-1,294,553,554,-1,294,554,341,-1,3,5,7,-1,7,5,555,-1,7,555,485,-1,485,555,556,-1,485,556,551,-1,551,556,557,-1,551,557,552,-1,552,557,558,-1,552,558,553,-1,553,558,559,-1,553,559,554,-1,560,561,562,-1,562,561,563,-1,564,565,566,-1,566,565,567,-1,568,569,570,-1,570,569,571,-1,572,573,574,-1,574,573,575,-1,576,577,578,-1,576,578,579,-1,579,578,580,-1,579,580,581,-1,581,580,582,-1,581,582,583,-1,583,582,584,-1,583,584,585,-1,585,584,586,-1,585,586,587,-1,587,586,563,-1,587,563,561,-1,559,4,588,-1,559,588,589,-1,589,588,590,-1,589,590,591,-1,591,590,592,-1,591,592,593,-1,593,592,594,-1,593,594,595,-1,595,594,596,-1,595,596,597,-1,597,596,598,-1,597,598,599,-1,560,562,600,-1,560,600,601,-1,601,600,602,-1,601,602,603,-1,603,602,604,-1,603,604,605,-1,605,604,606,-1,605,606,607,-1,607,606,608,-1,607,608,609,-1,609,608,610,-1,609,610,611,-1,612,613,614,-1,612,614,615,-1,615,614,616,-1,615,616,617,-1,617,616,618,-1,617,618,619,-1,619,618,620,-1,619,620,621,-1,621,620,622,-1,621,622,623,-1,623,622,84,-1,623,84,33,-1,
        ]
    }
}
Shape{
    appearance Appearance {
        material  Material 	{
            diffuseColor 0.2235294117647059 0.2235294117647059 0.2235294117647059
            specularColor 0.11372549019607843 0.11372549019607843 0.11372549019607843
            ambientIntensity 0.2235
            transparency 0.0
            shininess 0.5
        }
    }
    geometry IndexedFaceSet {
        ccw TRUE
        solid FALSE
        coord DEF co Coordinate {
            point [
                2.9331 -1.9488 0.1969, 2.9331 -1.7756 0.1969, 2.9331 -1.9488 0.1575, 2.9331 0.0 0.1969, 2.9331 1.9488 0.1575, 2.9331 1.5 0.1969, 2.9331 1.9488 0.1969, -2.9331 1.9488 0.1969, -2.9331 1.5 0.1969, -2.9331 1.9488 0.1575, -2.9331 0.0 0.1969, -2.9331 -1.9488 0.1575, -2.9331 -1.7756 0.1969, -2.9331 -1.9488 0.1969
            ]
        }
        coordIndex [
            0,1,2,-1,2,1,3,-1,2,3,4,-1,4,3,5,-1,4,5,6,-1,7,8,9,-1,9,8,10,-1,9,10,11,-1,11,10,12,-1,11,12,13,-1,
        ]
    }
}
Shape{
    appearance Appearance {
        material  Material 	{
            diffuseColor 0.807843137254902 0.49411764705882355 0.18823529411764706
            specularColor 0.403921568627451 0.24705882352941178 0.09411764705882353
            ambientIntensity 0.5531
            transparency 0.0
            shininess 0.5
        }
    }
    geometry IndexedFaceSet {
        ccw TRUE
        solid FALSE
        coord DEF co Coordinate {
            point [
                2.9331 1.9488 4.6457, 2.9331 0.4331 4.6457, 2.9636 0.4331 4.6416, 2.9636 1.9488 4.6416, 2.9921 0.4331 4.6298, 2.9921 1.9488 4.6298, 3.0166 0.4331 4.6111, 3.0166 1.9488 4.6111, 3.0353 0.4331 4.5866, 3.0353 1.9488 4.5866, 3.0471 0.4331 4.5581, 3.0471 1.9488 4.5581, 3.0512 0.4331 4.5276, 3.0512 1.9488 4.5276, -2.0567 2.0669 0.1575, -2.9331 2.0669 0.1575, -2.9331 2.0669 4.5276, 2.9331 2.0669 4.5276, 2.9331 2.0669 0.1575, 2.0567 2.0669 0.1575, -1.4268 2.0669 0.1575, -1.5843 2.0669 0.0, -1.8992 2.0669 0.0, 1.8992 2.0669 0.0, 1.5842 2.0669 0.0, 1.4268 2.0669 0.1575, 1.4268 -2.0669 0.1575, 1.5842 -2.0669 0.0, 1.8992 -2.0669 0.0, -2.9331 -2.0669 4.5276, -2.9331 -2.0669 0.1575, -2.0567 -2.0669 0.1575, 2.9331 -2.0669 0.1575, 2.9331 -2.0669 4.5276, 2.0567 -2.0669 0.1575, -1.8992 -2.0669 0.0, -1.5843 -2.0669 0.0, -1.4268 -2.0669 0.1575, -2.9331 -1.9488 4.6457, 2.9331 -1.9488 4.6457, 2.559 -0.4225 4.6457, -2.9331 1.9488 4.6457, 2.5302 0.3937 4.6457, 2.5427 0.41 4.6457, 2.559 0.4225 4.6457, 2.578 0.4304 4.6457, 2.5984 0.4331 4.6457, 2.9331 -0.4331 4.6457, 2.5984 -0.4331 4.6457, 2.578 -0.4304 4.6457, 2.5197 -0.3543 4.6457, 2.5197 0.3543 4.6457, 2.5223 0.3747 4.6457, 2.5427 -0.41 4.6457, 2.5302 -0.3937 4.6457, 2.5223 -0.3747 4.6457, -1.8992 1.9488 0.0, -1.5843 1.9488 0.0, 2.9331 1.9794 4.6416, -2.9331 1.9794 4.6416, 2.9331 2.0079 4.6298, -2.9331 2.0079 4.6298, 2.9331 2.0323 4.6111, -2.9331 2.0323 4.6111, 2.9331 2.0511 4.5866, -2.9331 2.0511 4.5866, 2.9331 2.0629 4.5581, -2.9331 2.0629 4.5581, -2.9626 1.9794 4.6378, -2.9626 2.0511 4.5787, -2.9484 2.0629 4.554, -2.9547 2.0629 4.5492, -2.9637 2.0629 4.5276, -2.9626 2.0629 4.5355, -2.941 2.0629 4.5571, -2.9484 2.0511 4.5846, -2.9547 2.0323 4.6082, -2.9748 2.0511 4.5693, -2.9596 2.0629 4.5428, -2.9842 2.0511 4.5571, -2.9901 2.0511 4.5428, -2.9921 2.0511 4.5276, -2.9748 2.0323 4.5999, -2.9921 2.0323 4.5866, -3.0054 2.0323 4.5693, -3.0138 2.0323 4.5492, -3.0166 2.0323 4.5276, -2.9596 2.0079 4.6264, -2.9842 2.0079 4.6161, -3.0054 2.0079 4.5999, -3.0217 2.0079 4.5787, -3.0319 2.0079 4.554, -3.0354 2.0079 4.5276, -2.9901 1.9794 4.6264, -3.0138 1.9794 4.6082, -3.0319 1.9794 4.5846, -3.0433 1.9794 4.5571, -3.0472 1.9794 4.5276, -2.9637 1.9488 4.6416, -2.9921 1.9488 4.6298, -3.0166 1.9488 4.6111, -3.0354 1.9488 4.5866, -3.0472 1.9488 4.5581, -3.0512 1.9488 4.5276, 3.0471 1.9794 4.5276, 3.0432 1.9794 4.5571, 2.9842 2.0511 4.5571, 2.9595 2.0629 4.5428, 2.9547 2.0629 4.5492, 2.941 2.0629 4.5571, 2.9626 2.0629 4.5355, 2.9901 2.0511 4.5428, 3.0137 2.0323 4.5492, 2.9636 2.0629 4.5276, 2.9748 2.0511 4.5693, 2.9483 2.0629 4.554, 2.9626 2.0511 4.5787, 2.9483 2.0511 4.5846, 2.9921 2.0511 4.5276, 3.0166 2.0323 4.5276, 3.0353 2.0079 4.5276, 3.0054 2.0323 4.5693, 2.9921 2.0323 4.5866, 2.9748 2.0323 4.5999, 2.9547 2.0323 4.6082, 3.0319 2.0079 4.554, 3.0216 2.0079 4.5787, 3.0054 2.0079 4.5999, 2.9842 2.0079 4.6161, 2.9595 2.0079 4.6264, 3.0319 1.9794 4.5846, 3.0137 1.9794 4.6082, 2.9901 1.9794 4.6264, 2.9626 1.9794 4.6378, -2.9637 -1.9488 4.6416, -2.9921 -1.9488 4.6298, -3.0166 -1.9488 4.6111, -3.0354 -1.9488 4.5866, -3.0472 -1.9488 4.5581, -3.0512 -1.9488 4.5276, 2.9636 -1.9488 4.6416, 2.9636 -0.4331 4.6416, 2.9921 -1.9488 4.6298, 2.9921 -0.4331 4.6298, 3.0166 -1.9488 4.6111, 3.0166 -0.4331 4.6111, 3.0353 -1.9488 4.5866, 3.0353 -0.4331 4.5866, 3.0471 -1.9488 4.5581, 3.0471 -0.4331 4.5581, 3.0512 -1.9488 4.5276, 3.0512 -0.4331 4.5276, -2.9637 -1.9783 4.6378, -3.0354 -1.9783 4.5787, -3.0472 -1.9641 4.554, -3.0472 -1.9704 4.5492, -3.0472 -1.9794 4.5276, -3.0472 -1.9783 4.5355, -3.0472 -1.9567 4.5571, -3.0354 -1.9641 4.5846, -3.0166 -1.9704 4.6082, -3.0354 -1.9906 4.5693, -3.0472 -1.9753 4.5428, -3.0354 -2.0 4.5571, -3.0354 -2.0059 4.5428, -3.0354 -2.0079 4.5276, -3.0166 -1.9906 4.5999, -3.0166 -2.0079 4.5866, -3.0166 -2.0211 4.5693, -3.0166 -2.0295 4.5492, -3.0166 -2.0323 4.5276, -2.9921 -1.9753 4.6264, -2.9921 -2.0 4.6161, -2.9921 -2.0211 4.5999, -2.9921 -2.0374 4.5787, -2.9921 -2.0476 4.554, -2.9921 -2.0511 4.5276, -2.9637 -2.0059 4.6264, -2.9637 -2.0295 4.6082, -2.9637 -2.0476 4.5846, -2.9637 -2.059 4.5571, -2.9637 -2.0629 4.5276, -2.9331 -1.9794 4.6416, -2.9331 -2.0079 4.6298, -2.9331 -2.0323 4.6111, -2.9331 -2.0511 4.5866, -2.9331 -2.0629 4.5581, 2.9636 -2.0629 4.5276, 2.9636 -2.059 4.5571, 3.0353 -2.0 4.5571, 3.0471 -1.9753 4.5428, 3.0471 -1.9704 4.5492, 3.0471 -1.9567 4.5571, 3.0471 -1.9783 4.5355, 3.0353 -2.0059 4.5428, 3.0166 -2.0295 4.5492, 3.0471 -1.9794 4.5276, 3.0353 -1.9906 4.5693, 3.0471 -1.9641 4.554, 3.0353 -1.9783 4.5787, 3.0353 -1.9641 4.5846, 3.0353 -2.0079 4.5276, 3.0166 -2.0323 4.5276, 2.9921 -2.0511 4.5276, 3.0166 -2.0211 4.5693, 3.0166 -2.0079 4.5866, 3.0166 -1.9906 4.5999, 3.0166 -1.9704 4.6082, 2.9921 -2.0476 4.554, 2.9921 -2.0374 4.5787, 2.9921 -2.0211 4.5999, 2.9921 -2.0 4.6161, 2.9921 -1.9753 4.6264, 2.9636 -2.0476 4.5846, 2.9636 -2.0295 4.6082, 2.9636 -2.0059 4.6264, 2.9636 -1.9783 4.6378, 2.9331 -2.0629 4.5581, 2.9331 -2.0511 4.5866, 2.9331 -2.0323 4.6111, 2.9331 -2.0079 4.6298, 2.9331 -1.9794 4.6416, 3.0118 0.3543 4.4488, 2.5984 0.3543 4.4488, 3.0118 -0.3543 4.4488, 2.5984 -0.3543 4.4488, 2.5984 0.3937 4.6063, 2.5984 0.3937 4.4882, 2.9331 0.3937 4.6063, 3.0118 0.3937 4.4882, 3.0118 0.3937 4.5276, 3.0091 0.3937 4.5479, 3.0012 0.3937 4.5669, 2.9887 0.3937 4.5832, 2.9724 0.3937 4.5958, 2.9534 0.3937 4.6036, 3.0118 -0.3937 4.5276, 3.0118 -0.3937 4.4882, 2.5984 -0.3937 4.4882, 2.5984 -0.3937 4.6063, 2.9331 -0.3937 4.6063, 3.0091 -0.3937 4.5479, 3.0012 -0.3937 4.5669, 2.9534 -0.3937 4.6036, 2.9724 -0.3937 4.5958, 2.9887 -0.3937 4.5832, 2.559 -0.3543 4.4882, 2.559 0.3543 4.4882, 2.559 -0.3543 4.6063, 2.559 0.3543 4.6063, 3.022 -0.3543 4.4475, 3.022 0.3543 4.4475, 3.0315 -0.3543 4.4435, 3.0315 0.3543 4.4435, 3.0396 -0.3543 4.4373, 3.0396 0.3543 4.4373, 3.0459 -0.3543 4.4291, 3.0459 0.3543 4.4291, 3.0498 -0.3543 4.4196, 3.0498 0.3543 4.4196, 3.0512 -0.3543 4.4095, 3.0512 0.3543 4.4095, 3.0512 0.3747 4.4121, 3.0498 0.3721 4.422, 3.0459 0.3696 4.4311, 3.0396 0.3675 4.439, 3.0315 0.3659 4.4451, 3.022 0.3649 4.4489, 3.0118 0.3645 4.4502, 3.0512 0.3937 4.42, 3.0498 0.3886 4.4288, 3.0459 0.3839 4.437, 3.0396 0.3798 4.4441, 3.0315 0.3767 4.4495, 3.022 0.3747 4.4529, 3.0118 0.374 4.4541, 3.0512 0.41 4.4325, 3.0498 0.4028 4.4397, 3.0459 0.3961 4.4464, 3.0396 0.3903 4.4522, 3.0315 0.3859 4.4566, 3.022 0.3831 4.4594, 3.0118 0.3822 4.4604, 3.0512 0.4225 4.4488, 3.0498 0.4137 4.4539, 3.0459 0.4055 4.4587, 3.0396 0.3984 4.4627, 3.0315 0.393 4.4659, 3.022 0.3896 4.4678, 3.0118 0.3884 4.4685, 3.0512 0.4304 4.4678, 3.0498 0.4205 4.4705, 3.0459 0.4114 4.4729, 3.0396 0.4035 4.475, 3.0315 0.3975 4.4766, 3.022 0.3937 4.4777, 3.0118 0.3924 4.478, 3.0512 0.4331 4.4882, 3.0498 0.4229 4.4882, 3.0459 0.4134 4.4882, 3.0396 0.4052 4.4882, 3.0315 0.399 4.4882, 3.022 0.395 4.4882, 3.0512 -0.4331 4.4882, 3.0512 -0.4304 4.4678, 3.0498 -0.4229 4.4882, 3.0498 -0.4205 4.4705, 3.0459 -0.4134 4.4882, 3.0459 -0.4114 4.4729, 3.0396 -0.4052 4.4882, 3.0396 -0.4035 4.475, 3.0315 -0.399 4.4882, 3.0315 -0.3975 4.4766, 3.022 -0.395 4.4882, 3.022 -0.3937 4.4777, 3.0118 -0.3924 4.478, 3.0512 -0.4225 4.4488, 3.0498 -0.4137 4.4539, 3.0459 -0.4055 4.4587, 3.0396 -0.3984 4.4627, 3.0315 -0.393 4.4659, 3.022 -0.3896 4.4678, 3.0118 -0.3884 4.4685, 3.0512 -0.41 4.4325, 3.0498 -0.4028 4.4397, 3.0459 -0.3961 4.4464, 3.0396 -0.3903 4.4522, 3.0315 -0.3859 4.4566, 3.022 -0.3831 4.4594, 3.0118 -0.3822 4.4604, 3.0512 -0.3937 4.42, 3.0498 -0.3886 4.4288, 3.0459 -0.3839 4.437, 3.0396 -0.3798 4.4441, 3.0315 -0.3767 4.4495, 3.022 -0.3747 4.4529, 3.0118 -0.374 4.4541, 3.0512 -0.3747 4.4121, 3.0498 -0.3721 4.422, 3.0459 -0.3696 4.4311, 3.0396 -0.3675 4.439, 3.0315 -0.3659 4.4451, 3.022 -0.3649 4.4489, 3.0118 -0.3645 4.4502, 3.022 0.395 4.5276, 3.0315 0.399 4.5276, 3.0396 0.4052 4.5276, 3.0459 0.4134 4.5276, 3.0498 0.4229 4.5276, 2.5984 0.3645 4.4502, 2.5984 0.374 4.4541, 2.5984 0.3822 4.4604, 2.5984 0.3884 4.4685, 2.5984 0.3924 4.478, 2.5882 -0.3543 4.4502, 2.5882 0.3543 4.4502, 2.5787 -0.3543 4.4541, 2.5787 0.3543 4.4541, 2.5706 -0.3543 4.4604, 2.5706 0.3543 4.4604, 2.5643 -0.3543 4.4685, 2.5643 0.3543 4.4685, 2.5604 -0.3543 4.478, 2.5604 0.3543 4.478, 2.5984 -0.3645 4.4502, 2.5984 -0.374 4.4541, 2.5984 -0.3822 4.4604, 2.5984 -0.3884 4.4685, 2.5984 -0.3924 4.478, 3.022 -0.395 4.5276, 3.0315 -0.399 4.5276, 3.0396 -0.4052 4.5276, 3.0459 -0.4134 4.5276, 3.0498 -0.4229 4.5276, 3.0458 0.4229 4.5578, 3.042 0.4134 4.5568, 3.036 0.4052 4.5551, 3.0281 0.399 4.553, 3.019 0.395 4.5506, 3.0342 0.4229 4.5859, 3.0308 0.4134 4.584, 3.0254 0.4052 4.5809, 3.0183 0.399 4.5768, 3.0101 0.395 4.572, 3.0156 0.4229 4.6101, 3.0128 0.4134 4.6073, 3.0084 0.4052 4.6029, 3.0026 0.399 4.5972, 2.9959 0.395 4.5904, 2.9914 0.4229 4.6287, 2.9895 0.4134 4.6253, 2.9863 0.4052 4.6199, 2.9823 0.399 4.6128, 2.9775 0.395 4.6046, 2.9633 0.4229 4.6404, 2.9623 0.4134 4.6366, 2.9606 0.4052 4.6305, 2.9585 0.399 4.6226, 2.9561 0.395 4.6135, 2.9331 0.4229 4.6443, 2.9331 0.4134 4.6404, 2.9331 0.4052 4.6341, 2.9331 0.399 4.626, 2.9331 0.395 4.6165, 2.5882 0.3924 4.4882, 2.5886 0.3911 4.478, 2.5896 0.3873 4.4685, 2.5845 0.3784 4.4604, 2.5814 0.3839 4.4685, 2.5794 0.3873 4.478, 2.5787 0.3884 4.4882, 2.5912 0.3812 4.4604, 2.5845 0.3683 4.4541, 2.5787 0.374 4.4604, 2.5743 0.3784 4.4685, 2.5715 0.3812 4.478, 2.5706 0.3822 4.4882, 2.5933 0.3733 4.4541, 2.5896 0.3594 4.4502, 2.5814 0.3642 4.4541, 2.5743 0.3683 4.4604, 2.5689 0.3714 4.4685, 2.5655 0.3733 4.478, 2.5643 0.374 4.4882, 2.5958 0.3642 4.4502, 2.5933 0.3632 4.4502, 2.5886 0.3714 4.4541, 2.5912 0.3615 4.4502, 2.5886 0.357 4.4502, 2.5794 0.3594 4.4541, 2.5715 0.3615 4.4604, 2.5655 0.3632 4.4685, 2.5617 0.3642 4.478, 2.5604 0.3645 4.4882, 2.5604 -0.3645 4.4882, 2.5617 -0.3642 4.478, 2.5655 -0.3632 4.4685, 2.5743 -0.3683 4.4604, 2.5689 -0.3714 4.4685, 2.5655 -0.3733 4.478, 2.5643 -0.374 4.4882, 2.5715 -0.3615 4.4604, 2.5845 -0.3683 4.4541, 2.5787 -0.374 4.4604, 2.5743 -0.3784 4.4685, 2.5715 -0.3812 4.478, 2.5706 -0.3822 4.4882, 2.5794 -0.3594 4.4541, 2.5933 -0.3632 4.4502, 2.5886 -0.3714 4.4541, 2.5845 -0.3784 4.4604, 2.5814 -0.3839 4.4685, 2.5794 -0.3873 4.478, 2.5787 -0.3884 4.4882, 2.5886 -0.357 4.4502, 2.5896 -0.3594 4.4502, 2.5814 -0.3642 4.4541, 2.5912 -0.3615 4.4502, 2.5958 -0.3642 4.4502, 2.5933 -0.3733 4.4541, 2.5912 -0.3812 4.4604, 2.5896 -0.3873 4.4685, 2.5886 -0.3911 4.478, 2.5882 -0.3924 4.4882, 2.9331 -0.4229 4.6443, 2.9633 -0.4229 4.6404, 2.9331 -0.4134 4.6404, 2.9623 -0.4134 4.6366, 2.9331 -0.4052 4.6341, 2.9606 -0.4052 4.6305, 2.9331 -0.399 4.626, 2.9585 -0.399 4.6226, 2.9331 -0.395 4.6165, 2.9561 -0.395 4.6135, 2.9914 -0.4229 4.6287, 2.9895 -0.4134 4.6253, 2.9863 -0.4052 4.6199, 2.9823 -0.399 4.6128, 2.9775 -0.395 4.6046, 3.0156 -0.4229 4.6101, 3.0128 -0.4134 4.6073, 3.0084 -0.4052 4.6029, 3.0026 -0.399 4.5972, 2.9959 -0.395 4.5904, 3.0342 -0.4229 4.5859, 3.0308 -0.4134 4.584, 3.0254 -0.4052 4.5809, 3.0183 -0.399 4.5768, 3.0101 -0.395 4.572, 3.0458 -0.4229 4.5578, 3.042 -0.4134 4.5568, 3.036 -0.4052 4.5551, 3.0281 -0.399 4.553, 3.019 -0.395 4.5506, 2.5984 0.395 4.6165, 2.5984 0.399 4.626, 2.5984 0.4052 4.6341, 2.5984 0.4134 4.6404, 2.5984 0.4229 4.6443, 2.5604 0.3645 4.6063, 2.5643 0.374 4.6063, 2.5706 0.3822 4.6063, 2.5787 0.3884 4.6063, 2.5882 0.3924 4.6063, 2.5882 -0.3924 4.6063, 2.5787 -0.3884 4.6063, 2.5706 -0.3822 4.6063, 2.5643 -0.374 4.6063, 2.5604 -0.3645 4.6063, 2.5984 -0.3947 4.6151, 2.5984 -0.3952 4.6164, 2.5984 -0.3976 4.6234, 2.5984 -0.3992 4.6259, 2.5984 -0.4023 4.6308, 2.5984 -0.4054 4.634, 2.5984 -0.4085 4.6371, 2.5984 -0.4135 4.6402, 2.5984 -0.416 4.6418, 2.5984 -0.4229 4.6442, 2.5984 -0.4243 4.6447, 2.5577 0.3543 4.6165, 2.5591 0.3649 4.6165, 2.5538 0.3543 4.626, 2.5553 0.3659 4.626, 2.5475 0.3543 4.6341, 2.5492 0.3675 4.6341, 2.5394 0.3543 4.6404, 2.5414 0.3696 4.6404, 2.5299 0.3543 4.6443, 2.5322 0.3721 4.6443, 2.5631 0.3747 4.6165, 2.5597 0.3767 4.626, 2.5543 0.3798 4.6341, 2.5473 0.3839 4.6404, 2.539 0.3886 4.6443, 2.5696 0.3831 4.6165, 2.5668 0.3859 4.626, 2.5624 0.3903 4.6341, 2.5566 0.3961 4.6404, 2.5499 0.4028 4.6443, 2.578 0.3896 4.6165, 2.5761 0.393 4.626, 2.573 0.3984 4.6341, 2.5689 0.4055 4.6404, 2.5641 0.4137 4.6443, 2.5879 0.3937 4.6165, 2.5869 0.3975 4.626, 2.5852 0.4035 4.6341, 2.5831 0.4114 4.6404, 2.5807 0.4205 4.6443, 2.5594 -0.3648 4.6151, 2.588 -0.3933 4.6151, 2.5872 -0.3961 4.6234, 2.558 -0.3543 4.6151, 2.5576 -0.3543 4.6164, 2.5566 -0.3655 4.6234, 2.586 -0.4007 4.6308, 2.5551 -0.3543 4.6234, 2.5536 -0.3543 4.6259, 2.5521 -0.3667 4.6308, 2.5844 -0.4067 4.6371, 2.5504 -0.3543 4.6308, 2.5473 -0.3543 4.634, 2.5461 -0.3684 4.6371, 2.5824 -0.4139 4.6418, 2.5782 -0.3893 4.6151, 2.5768 -0.3918 4.6234, 2.5744 -0.3959 4.6308, 2.5713 -0.4013 4.6371, 2.5676 -0.4077 4.6418, 2.5699 -0.3829 4.6151, 2.5678 -0.3849 4.6234, 2.5645 -0.3882 4.6308, 2.5601 -0.3927 4.6371, 2.5548 -0.3979 4.6418, 2.5635 -0.3745 4.6151, 2.5609 -0.376 4.6234, 2.5569 -0.3783 4.6308, 2.5515 -0.3814 4.6371, 2.545 -0.3852 4.6418, 2.5388 -0.3703 4.6418, 2.5803 -0.4219 4.6447, 2.5442 -0.3543 4.6371, 2.5392 -0.3543 4.6402, 2.5367 -0.3543 4.6418, 2.5298 -0.3543 4.6442, 2.5634 -0.4149 4.6447, 2.5489 -0.4038 4.6447, 2.5378 -0.3893 4.6447, 2.5308 -0.3724 4.6447, 2.5284 -0.3543 4.6447
            ]
        }
        coordIndex [
            0,1,2,-1,0,2,3,-1,3,2,4,-1,3,4,5,-1,5,4,6,-1,5,6,7,-1,7,6,8,-1,7,8,9,-1,9,8,10,-1,9,10,11,-1,11,10,12,-1,11,12,13,-1,14,15,16,-1,17,18,16,-1,16,18,19,-1,20,21,22,-1,23,24,19,-1,19,24,25,-1,19,25,16,-1,16,25,20,-1,16,20,14,-1,14,20,22,-1,26,27,28,-1,29,30,31,-1,32,33,34,-1,34,33,29,-1,35,36,31,-1,31,36,37,-1,31,37,29,-1,29,37,26,-1,29,26,34,-1,34,26,28,-1,38,39,40,-1,41,42,0,-1,0,42,43,-1,0,43,44,-1,44,45,0,-1,0,45,46,-1,0,46,1,-1,47,48,39,-1,39,48,49,-1,39,49,40,-1,50,51,41,-1,41,51,52,-1,41,52,42,-1,40,53,38,-1,38,53,54,-1,38,54,41,-1,41,54,55,-1,41,55,50,-1,22,21,56,-1,56,21,57,-1,41,0,58,-1,41,58,59,-1,59,58,60,-1,59,60,61,-1,61,60,62,-1,61,62,63,-1,63,62,64,-1,63,64,65,-1,65,64,66,-1,65,66,67,-1,67,66,17,-1,67,17,16,-1,41,59,68,-1,69,70,71,-1,16,72,73,-1,71,70,16,-1,74,16,70,-1,74,70,75,-1,75,70,69,-1,75,69,76,-1,67,16,74,-1,77,78,79,-1,79,78,73,-1,79,73,80,-1,80,73,72,-1,80,72,81,-1,67,74,65,-1,65,74,75,-1,65,75,63,-1,63,75,76,-1,63,76,61,-1,82,77,83,-1,83,77,79,-1,83,79,84,-1,84,79,80,-1,84,80,85,-1,85,80,81,-1,85,81,86,-1,87,82,88,-1,88,82,83,-1,88,83,89,-1,89,83,84,-1,89,84,90,-1,90,84,85,-1,90,85,91,-1,91,85,86,-1,91,86,92,-1,59,87,68,-1,68,87,88,-1,68,88,93,-1,93,88,89,-1,93,89,94,-1,94,89,90,-1,94,90,95,-1,95,90,91,-1,95,91,96,-1,96,91,92,-1,96,92,97,-1,41,68,98,-1,98,68,93,-1,98,93,99,-1,99,93,94,-1,99,94,100,-1,100,94,95,-1,100,95,101,-1,101,95,96,-1,101,96,102,-1,102,96,97,-1,102,97,103,-1,78,16,73,-1,59,61,87,-1,87,61,76,-1,87,76,82,-1,82,76,69,-1,82,69,77,-1,77,69,71,-1,77,71,78,-1,78,71,16,-1,13,104,105,-1,106,107,108,-1,17,66,109,-1,108,107,17,-1,110,17,107,-1,110,107,111,-1,111,107,106,-1,111,106,112,-1,113,17,110,-1,114,115,116,-1,116,115,109,-1,116,109,117,-1,117,109,66,-1,117,66,64,-1,113,110,118,-1,118,110,111,-1,118,111,119,-1,119,111,112,-1,119,112,120,-1,121,114,122,-1,122,114,116,-1,122,116,123,-1,123,116,117,-1,123,117,124,-1,124,117,64,-1,124,64,62,-1,125,121,126,-1,126,121,122,-1,126,122,127,-1,127,122,123,-1,127,123,128,-1,128,123,124,-1,128,124,129,-1,129,124,62,-1,129,62,60,-1,104,125,105,-1,105,125,126,-1,105,126,130,-1,130,126,127,-1,130,127,131,-1,131,127,128,-1,131,128,132,-1,132,128,129,-1,132,129,133,-1,133,129,60,-1,133,60,58,-1,13,105,11,-1,11,105,130,-1,11,130,9,-1,9,130,131,-1,9,131,7,-1,7,131,132,-1,7,132,5,-1,5,132,133,-1,5,133,3,-1,3,133,58,-1,3,58,0,-1,115,17,109,-1,104,120,125,-1,125,120,112,-1,125,112,121,-1,121,112,106,-1,121,106,114,-1,114,106,108,-1,114,108,115,-1,115,108,17,-1,38,41,98,-1,38,98,134,-1,134,98,99,-1,134,99,135,-1,135,99,100,-1,135,100,136,-1,136,100,101,-1,136,101,137,-1,137,101,102,-1,137,102,138,-1,138,102,103,-1,138,103,139,-1,47,39,140,-1,47,140,141,-1,141,140,142,-1,141,142,143,-1,143,142,144,-1,143,144,145,-1,145,144,146,-1,145,146,147,-1,147,146,148,-1,147,148,149,-1,149,148,150,-1,149,150,151,-1,38,134,152,-1,153,154,155,-1,139,156,157,-1,155,154,139,-1,158,139,154,-1,158,154,159,-1,159,154,153,-1,159,153,160,-1,138,139,158,-1,161,162,163,-1,163,162,157,-1,163,157,164,-1,164,157,156,-1,164,156,165,-1,138,158,137,-1,137,158,159,-1,137,159,136,-1,136,159,160,-1,136,160,135,-1,166,161,167,-1,167,161,163,-1,167,163,168,-1,168,163,164,-1,168,164,169,-1,169,164,165,-1,169,165,170,-1,171,166,172,-1,172,166,167,-1,172,167,173,-1,173,167,168,-1,173,168,174,-1,174,168,169,-1,174,169,175,-1,175,169,170,-1,175,170,176,-1,134,171,152,-1,152,171,172,-1,152,172,177,-1,177,172,173,-1,177,173,178,-1,178,173,174,-1,178,174,179,-1,179,174,175,-1,179,175,180,-1,180,175,176,-1,180,176,181,-1,38,152,182,-1,182,152,177,-1,182,177,183,-1,183,177,178,-1,183,178,184,-1,184,178,179,-1,184,179,185,-1,185,179,180,-1,185,180,186,-1,186,180,181,-1,186,181,29,-1,162,139,157,-1,134,135,171,-1,171,135,160,-1,171,160,166,-1,166,160,153,-1,166,153,161,-1,161,153,155,-1,161,155,162,-1,162,155,139,-1,33,187,188,-1,189,190,191,-1,150,148,192,-1,191,190,150,-1,193,150,190,-1,193,190,194,-1,194,190,189,-1,194,189,195,-1,196,150,193,-1,197,198,199,-1,199,198,192,-1,199,192,200,-1,200,192,148,-1,200,148,146,-1,196,193,201,-1,201,193,194,-1,201,194,202,-1,202,194,195,-1,202,195,203,-1,204,197,205,-1,205,197,199,-1,205,199,206,-1,206,199,200,-1,206,200,207,-1,207,200,146,-1,207,146,144,-1,208,204,209,-1,209,204,205,-1,209,205,210,-1,210,205,206,-1,210,206,211,-1,211,206,207,-1,211,207,212,-1,212,207,144,-1,212,144,142,-1,187,208,188,-1,188,208,209,-1,188,209,213,-1,213,209,210,-1,213,210,214,-1,214,210,211,-1,214,211,215,-1,215,211,212,-1,215,212,216,-1,216,212,142,-1,216,142,140,-1,33,188,217,-1,217,188,213,-1,217,213,218,-1,218,213,214,-1,218,214,219,-1,219,214,215,-1,219,215,220,-1,220,215,216,-1,220,216,221,-1,221,216,140,-1,221,140,39,-1,198,150,192,-1,187,203,208,-1,208,203,195,-1,208,195,204,-1,204,195,189,-1,204,189,197,-1,197,189,191,-1,197,191,198,-1,198,191,150,-1,39,38,182,-1,39,182,221,-1,221,182,183,-1,221,183,220,-1,220,183,184,-1,220,184,219,-1,219,184,185,-1,219,185,218,-1,218,185,186,-1,218,186,217,-1,217,186,29,-1,217,29,33,-1,222,223,224,-1,224,223,225,-1,226,227,228,-1,228,227,229,-1,229,230,228,-1,228,230,231,-1,228,231,232,-1,232,233,228,-1,228,233,234,-1,228,234,235,-1,236,237,238,-1,238,239,236,-1,236,239,240,-1,236,240,241,-1,241,240,242,-1,243,244,240,-1,240,244,245,-1,240,245,242,-1,246,247,248,-1,248,247,249,-1,222,224,250,-1,222,250,251,-1,251,250,252,-1,251,252,253,-1,253,252,254,-1,253,254,255,-1,255,254,256,-1,255,256,257,-1,257,256,258,-1,257,258,259,-1,259,258,260,-1,259,260,261,-1,261,262,259,-1,259,262,263,-1,259,263,257,-1,257,263,264,-1,257,264,255,-1,255,264,265,-1,255,265,253,-1,253,265,266,-1,253,266,251,-1,251,266,267,-1,251,267,222,-1,222,267,268,-1,262,269,263,-1,263,269,270,-1,263,270,264,-1,264,270,271,-1,264,271,265,-1,265,271,272,-1,265,272,266,-1,266,272,273,-1,266,273,267,-1,267,273,274,-1,267,274,268,-1,268,274,275,-1,269,276,270,-1,270,276,277,-1,270,277,271,-1,271,277,278,-1,271,278,272,-1,272,278,279,-1,272,279,273,-1,273,279,280,-1,273,280,274,-1,274,280,281,-1,274,281,275,-1,275,281,282,-1,276,283,277,-1,277,283,284,-1,277,284,278,-1,278,284,285,-1,278,285,279,-1,279,285,286,-1,279,286,280,-1,280,286,287,-1,280,287,281,-1,281,287,288,-1,281,288,282,-1,282,288,289,-1,283,290,284,-1,284,290,291,-1,284,291,285,-1,285,291,292,-1,285,292,286,-1,286,292,293,-1,286,293,287,-1,287,293,294,-1,287,294,288,-1,288,294,295,-1,288,295,289,-1,289,295,296,-1,290,297,291,-1,291,297,298,-1,291,298,292,-1,292,298,299,-1,292,299,293,-1,293,299,300,-1,293,300,294,-1,294,300,301,-1,294,301,295,-1,295,301,302,-1,295,302,296,-1,296,302,229,-1,303,304,305,-1,305,304,306,-1,305,306,307,-1,307,306,308,-1,307,308,309,-1,309,308,310,-1,309,310,311,-1,311,310,312,-1,311,312,313,-1,313,312,314,-1,313,314,237,-1,237,314,315,-1,304,316,306,-1,306,316,317,-1,306,317,308,-1,308,317,318,-1,308,318,310,-1,310,318,319,-1,310,319,312,-1,312,319,320,-1,312,320,314,-1,314,320,321,-1,314,321,315,-1,315,321,322,-1,316,323,317,-1,317,323,324,-1,317,324,318,-1,318,324,325,-1,318,325,319,-1,319,325,326,-1,319,326,320,-1,320,326,327,-1,320,327,321,-1,321,327,328,-1,321,328,322,-1,322,328,329,-1,323,330,324,-1,324,330,331,-1,324,331,325,-1,325,331,332,-1,325,332,326,-1,326,332,333,-1,326,333,327,-1,327,333,334,-1,327,334,328,-1,328,334,335,-1,328,335,329,-1,329,335,336,-1,330,337,331,-1,331,337,338,-1,331,338,332,-1,332,338,339,-1,332,339,333,-1,333,339,340,-1,333,340,334,-1,334,340,341,-1,334,341,335,-1,335,341,342,-1,335,342,336,-1,336,342,343,-1,337,260,338,-1,338,260,258,-1,338,258,339,-1,339,258,256,-1,339,256,340,-1,340,256,254,-1,340,254,341,-1,341,254,252,-1,341,252,342,-1,342,252,250,-1,342,250,343,-1,343,250,224,-1,230,229,302,-1,230,302,344,-1,344,302,301,-1,344,301,345,-1,345,301,300,-1,345,300,346,-1,346,300,299,-1,346,299,347,-1,347,299,298,-1,347,298,348,-1,348,298,297,-1,348,297,12,-1,223,222,349,-1,349,222,268,-1,349,268,350,-1,350,268,275,-1,350,275,351,-1,351,275,282,-1,351,282,352,-1,352,282,289,-1,352,289,353,-1,353,289,296,-1,353,296,227,-1,227,296,229,-1,225,223,354,-1,354,223,355,-1,354,355,356,-1,356,355,357,-1,356,357,358,-1,358,357,359,-1,358,359,360,-1,360,359,361,-1,360,361,362,-1,362,361,363,-1,362,363,246,-1,246,363,247,-1,224,225,343,-1,343,225,364,-1,343,364,336,-1,336,364,365,-1,336,365,329,-1,329,365,366,-1,329,366,322,-1,322,366,367,-1,322,367,315,-1,315,367,368,-1,315,368,237,-1,237,368,238,-1,237,236,369,-1,237,369,313,-1,313,369,370,-1,313,370,311,-1,311,370,371,-1,311,371,309,-1,309,371,372,-1,309,372,307,-1,307,372,373,-1,307,373,305,-1,305,373,151,-1,305,151,303,-1,12,10,348,-1,348,10,374,-1,348,374,347,-1,347,374,375,-1,347,375,346,-1,346,375,376,-1,346,376,345,-1,345,376,377,-1,345,377,344,-1,344,377,378,-1,344,378,230,-1,230,378,231,-1,10,8,374,-1,374,8,379,-1,374,379,375,-1,375,379,380,-1,375,380,376,-1,376,380,381,-1,376,381,377,-1,377,381,382,-1,377,382,378,-1,378,382,383,-1,378,383,231,-1,231,383,232,-1,8,6,379,-1,379,6,384,-1,379,384,380,-1,380,384,385,-1,380,385,381,-1,381,385,386,-1,381,386,382,-1,382,386,387,-1,382,387,383,-1,383,387,388,-1,383,388,232,-1,232,388,233,-1,6,4,384,-1,384,4,389,-1,384,389,385,-1,385,389,390,-1,385,390,386,-1,386,390,391,-1,386,391,387,-1,387,391,392,-1,387,392,388,-1,388,392,393,-1,388,393,233,-1,233,393,234,-1,4,2,389,-1,389,2,394,-1,389,394,390,-1,390,394,395,-1,390,395,391,-1,391,395,396,-1,391,396,392,-1,392,396,397,-1,392,397,393,-1,393,397,398,-1,393,398,234,-1,234,398,235,-1,2,1,394,-1,394,1,399,-1,394,399,395,-1,395,399,400,-1,395,400,396,-1,396,400,401,-1,396,401,397,-1,397,401,402,-1,397,402,398,-1,398,402,403,-1,398,403,235,-1,235,403,228,-1,227,404,405,-1,227,405,353,-1,353,405,406,-1,353,406,352,-1,407,406,408,-1,408,406,405,-1,408,405,409,-1,409,405,404,-1,409,404,410,-1,411,351,352,-1,412,407,413,-1,413,407,408,-1,413,408,414,-1,414,408,409,-1,414,409,415,-1,415,409,410,-1,415,410,416,-1,417,350,351,-1,418,412,419,-1,419,412,413,-1,419,413,420,-1,420,413,414,-1,420,414,421,-1,421,414,415,-1,421,415,422,-1,422,415,416,-1,422,416,423,-1,223,349,424,-1,424,349,350,-1,350,417,424,-1,424,417,425,-1,424,425,223,-1,351,411,417,-1,417,411,426,-1,417,426,425,-1,425,426,427,-1,425,427,223,-1,223,418,428,-1,428,418,419,-1,428,419,429,-1,429,419,420,-1,429,420,430,-1,430,420,421,-1,430,421,431,-1,431,421,422,-1,431,422,432,-1,432,422,423,-1,432,423,433,-1,223,428,355,-1,355,428,429,-1,355,429,357,-1,357,429,430,-1,357,430,359,-1,359,430,431,-1,359,431,361,-1,361,431,432,-1,361,432,363,-1,363,432,433,-1,363,433,247,-1,352,406,411,-1,411,406,407,-1,411,407,426,-1,426,407,412,-1,426,412,427,-1,427,412,418,-1,427,418,223,-1,246,434,435,-1,246,435,362,-1,362,435,436,-1,362,436,360,-1,437,436,438,-1,438,436,435,-1,438,435,439,-1,439,435,434,-1,439,434,440,-1,441,358,360,-1,442,437,443,-1,443,437,438,-1,443,438,444,-1,444,438,439,-1,444,439,445,-1,445,439,440,-1,445,440,446,-1,447,356,358,-1,448,442,449,-1,449,442,443,-1,449,443,450,-1,450,443,444,-1,450,444,451,-1,451,444,445,-1,451,445,452,-1,452,445,446,-1,452,446,453,-1,225,354,454,-1,454,354,356,-1,356,447,454,-1,454,447,455,-1,454,455,225,-1,358,441,447,-1,447,441,456,-1,447,456,455,-1,455,456,457,-1,455,457,225,-1,225,448,458,-1,458,448,449,-1,458,449,459,-1,459,449,450,-1,459,450,460,-1,460,450,451,-1,460,451,461,-1,461,451,452,-1,461,452,462,-1,462,452,453,-1,462,453,463,-1,225,458,364,-1,364,458,459,-1,364,459,365,-1,365,459,460,-1,365,460,366,-1,366,460,461,-1,366,461,367,-1,367,461,462,-1,367,462,368,-1,368,462,463,-1,368,463,238,-1,360,436,441,-1,441,436,437,-1,441,437,456,-1,456,437,442,-1,456,442,457,-1,457,442,448,-1,457,448,225,-1,47,141,464,-1,464,141,465,-1,464,465,466,-1,466,465,467,-1,466,467,468,-1,468,467,469,-1,468,469,470,-1,470,469,471,-1,470,471,472,-1,472,471,473,-1,472,473,240,-1,240,473,243,-1,141,143,465,-1,465,143,474,-1,465,474,467,-1,467,474,475,-1,467,475,469,-1,469,475,476,-1,469,476,471,-1,471,476,477,-1,471,477,473,-1,473,477,478,-1,473,478,243,-1,243,478,244,-1,143,145,474,-1,474,145,479,-1,474,479,475,-1,475,479,480,-1,475,480,476,-1,476,480,481,-1,476,481,477,-1,477,481,482,-1,477,482,478,-1,478,482,483,-1,478,483,244,-1,244,483,245,-1,145,147,479,-1,479,147,484,-1,479,484,480,-1,480,484,485,-1,480,485,481,-1,481,485,486,-1,481,486,482,-1,482,486,487,-1,482,487,483,-1,483,487,488,-1,483,488,245,-1,245,488,242,-1,147,149,484,-1,484,149,489,-1,484,489,485,-1,485,489,490,-1,485,490,486,-1,486,490,491,-1,486,491,487,-1,487,491,492,-1,487,492,488,-1,488,492,493,-1,488,493,242,-1,242,493,241,-1,149,151,489,-1,489,151,373,-1,489,373,490,-1,490,373,372,-1,490,372,491,-1,491,372,371,-1,491,371,492,-1,492,371,370,-1,492,370,493,-1,493,370,369,-1,493,369,241,-1,241,369,236,-1,226,228,403,-1,226,403,494,-1,494,403,402,-1,494,402,495,-1,495,402,401,-1,495,401,496,-1,496,401,400,-1,496,400,497,-1,497,400,399,-1,497,399,498,-1,498,399,1,-1,498,1,46,-1,249,247,499,-1,499,247,433,-1,499,433,500,-1,500,433,423,-1,500,423,501,-1,501,423,416,-1,501,416,502,-1,502,416,410,-1,502,410,503,-1,503,410,404,-1,503,404,226,-1,226,404,227,-1,239,238,504,-1,504,238,463,-1,504,463,505,-1,505,463,453,-1,505,453,506,-1,506,453,446,-1,506,446,507,-1,507,446,440,-1,507,440,508,-1,508,440,434,-1,508,434,248,-1,248,434,246,-1,239,509,240,-1,240,509,472,-1,509,510,472,-1,472,510,511,-1,472,511,470,-1,511,512,470,-1,470,512,513,-1,470,513,468,-1,513,514,468,-1,468,514,515,-1,468,515,466,-1,515,516,466,-1,466,516,517,-1,466,517,464,-1,464,517,518,-1,464,518,47,-1,47,518,519,-1,47,519,48,-1,249,499,520,-1,520,499,521,-1,520,521,522,-1,522,521,523,-1,522,523,524,-1,524,523,525,-1,524,525,526,-1,526,525,527,-1,526,527,528,-1,528,527,529,-1,528,529,51,-1,51,529,52,-1,499,500,521,-1,521,500,530,-1,521,530,523,-1,523,530,531,-1,523,531,525,-1,525,531,532,-1,525,532,527,-1,527,532,533,-1,527,533,529,-1,529,533,534,-1,529,534,52,-1,52,534,42,-1,500,501,530,-1,530,501,535,-1,530,535,531,-1,531,535,536,-1,531,536,532,-1,532,536,537,-1,532,537,533,-1,533,537,538,-1,533,538,534,-1,534,538,539,-1,534,539,42,-1,42,539,43,-1,501,502,535,-1,535,502,540,-1,535,540,536,-1,536,540,541,-1,536,541,537,-1,537,541,542,-1,537,542,538,-1,538,542,543,-1,538,543,539,-1,539,543,544,-1,539,544,43,-1,43,544,44,-1,502,503,540,-1,540,503,545,-1,540,545,541,-1,541,545,546,-1,541,546,542,-1,542,546,547,-1,542,547,543,-1,543,547,548,-1,543,548,544,-1,544,548,549,-1,544,549,44,-1,44,549,45,-1,503,226,545,-1,545,226,494,-1,545,494,546,-1,546,494,495,-1,546,495,547,-1,547,495,496,-1,547,496,548,-1,548,496,497,-1,548,497,549,-1,549,497,498,-1,549,498,45,-1,45,498,46,-1,550,508,248,-1,239,504,509,-1,509,504,551,-1,509,551,510,-1,510,551,552,-1,248,553,550,-1,550,553,554,-1,550,554,555,-1,556,512,552,-1,552,512,511,-1,552,511,510,-1,554,557,555,-1,555,557,558,-1,555,558,559,-1,560,514,556,-1,556,514,513,-1,556,513,512,-1,558,561,559,-1,559,561,562,-1,559,562,563,-1,518,517,564,-1,564,517,516,-1,564,516,560,-1,560,516,515,-1,560,515,514,-1,504,505,551,-1,551,505,565,-1,551,565,552,-1,552,565,566,-1,552,566,556,-1,556,566,567,-1,556,567,560,-1,560,567,568,-1,560,568,564,-1,564,568,569,-1,505,506,565,-1,565,506,570,-1,565,570,566,-1,566,570,571,-1,566,571,567,-1,567,571,572,-1,567,572,568,-1,568,572,573,-1,568,573,569,-1,569,573,574,-1,506,507,570,-1,570,507,575,-1,570,575,571,-1,571,575,576,-1,571,576,572,-1,572,576,577,-1,572,577,573,-1,573,577,578,-1,573,578,574,-1,574,578,579,-1,507,508,575,-1,575,508,550,-1,575,550,576,-1,576,550,555,-1,576,555,577,-1,577,555,559,-1,577,559,578,-1,578,559,563,-1,578,563,579,-1,579,563,580,-1,48,519,581,-1,581,519,518,-1,562,582,563,-1,563,582,583,-1,563,583,580,-1,580,583,584,-1,580,584,585,-1,518,564,581,-1,581,564,569,-1,581,569,586,-1,586,569,574,-1,586,574,587,-1,587,574,579,-1,587,579,588,-1,588,579,580,-1,588,580,589,-1,589,580,585,-1,589,585,590,-1,48,581,49,-1,49,581,586,-1,49,586,40,-1,40,586,587,-1,40,587,53,-1,53,587,588,-1,53,588,54,-1,54,588,589,-1,54,589,55,-1,55,589,590,-1,55,590,50,-1,553,248,249,-1,553,249,554,-1,554,249,520,-1,554,520,557,-1,557,520,558,-1,558,520,522,-1,558,522,561,-1,561,522,524,-1,561,524,562,-1,562,524,582,-1,582,524,526,-1,582,526,583,-1,583,526,584,-1,584,526,528,-1,584,528,585,-1,585,528,590,-1,590,528,51,-1,590,51,50,-1,
        ]
    }
}
Shape{
    appearance Appearance {
        material  Material 	{
            diffuseColor 0.2235294117647059 0.2235294117647059 0.2235294117647059
            specularColor 0.11372549019607843 0.11372549019607843 0.11372549019607843
            ambientIntensity 0.2235
            transparency 0.0
            shininess 0.5
        }
    }
    geometry IndexedFaceSet {
        ccw TRUE
        solid FALSE
        coord DEF co Coordinate {
            point [
                2.9331 -1.9488 0.1969, 2.9331 -1.9488 0.1575, 2.7657 -1.9488 0.1969, 2.0567 -1.9488 0.1575, 0.5 -1.9488 0.1969, -2.9331 -1.9488 0.1575, -2.9331 -1.9488 0.1969, -2.0567 -1.9488 0.1575, -2.0 -1.9488 0.1969, -1.8992 -1.9488 0.0, 1.8992 -1.9488 0.0, 1.5842 -1.9488 0.0, 1.4268 -1.9488 0.1575, -1.4268 -1.9488 0.1575, -1.5843 -1.9488 0.0, 1.4268 1.9488 0.1575, 1.5842 1.9488 0.0, 1.8992 1.9488 0.0, -2.9331 1.9488 0.1969, -2.9331 1.9488 0.1575, -2.0 1.9488 0.1969, -2.0567 1.9488 0.1575, 0.5 1.9488 0.1969, 2.0567 1.9488 0.1575, 2.7657 1.9488 0.1969, 2.9331 1.9488 0.1575, 2.9331 1.9488 0.1969, -1.8992 1.9488 0.0, -1.5843 1.9488 0.0, -1.4268 1.9488 0.1575, -2.9331 -1.7756 0.1969, -2.0 -1.7756 0.1969, 2.5984 1.6024 0.1969, 2.4016 1.6024 0.1969, 2.5984 1.5 0.1969, 2.7657 1.5 0.1969, 2.5984 1.3976 0.1969, 2.7657 0.0 0.1969, 2.4016 1.3976 0.1969, 0.5 0.0 0.1969, 2.4016 1.5 0.1969, 0.5 1.5 0.1969, -2.0 1.5 0.1969, -1.5984 1.5 0.1969, -1.5984 1.3976 0.1969, -2.4016 1.5 0.1969, -2.4016 1.6024 0.1969, -2.5984 1.6024 0.1969, -2.9331 1.5 0.1969, -2.5984 1.5 0.1969, -2.5984 1.3976 0.1969, -2.4016 1.3976 0.1969, -2.0 0.0 0.1969, -2.9331 0.0 0.1969, -1.5984 1.6024 0.1969, -1.4016 1.6024 0.1969, -1.4016 1.5 0.1969, -1.4016 1.3976 0.1969, -2.4016 -1.6024 0.1969, -2.4016 -1.3976 0.1969, -1.5984 -1.6024 0.1969, -1.4016 -1.6024 0.1969, -1.5984 -1.3976 0.1969, -1.4016 -1.3976 0.1969, 0.5 -1.7756 0.1969, -2.5984 -1.6024 0.1969, -2.5984 -1.3976 0.1969, 2.7657 -1.7756 0.1969, 2.5984 -1.6024 0.1969, 2.5984 -1.3976 0.1969, 2.4016 -1.6024 0.1969, 2.4016 -1.3976 0.1969, 2.9331 1.5 0.1969, 2.9331 0.0 0.1969, 2.9331 -1.7756 0.1969
            ]
        }
        coordIndex [
            0,1,2,-1,2,1,3,-1,2,3,4,-1,5,6,7,-1,7,6,8,-1,7,8,9,-1,10,11,3,-1,3,11,12,-1,3,12,4,-1,4,12,13,-1,4,13,8,-1,8,13,14,-1,8,14,9,-1,15,16,17,-1,18,19,20,-1,20,19,21,-1,22,23,24,-1,24,23,25,-1,24,25,26,-1,27,28,29,-1,21,27,20,-1,20,27,29,-1,20,29,22,-1,22,29,15,-1,22,15,23,-1,23,15,17,-1,6,30,31,-1,24,32,33,-1,32,24,34,-1,34,24,35,-1,34,35,36,-1,36,35,37,-1,36,37,38,-1,38,37,39,-1,38,39,40,-1,40,39,41,-1,40,41,33,-1,33,41,22,-1,33,22,24,-1,42,43,44,-1,42,45,20,-1,20,45,46,-1,20,46,18,-1,18,46,47,-1,18,47,48,-1,48,47,49,-1,48,49,50,-1,51,52,50,-1,50,52,53,-1,50,53,48,-1,43,42,54,-1,54,42,20,-1,54,20,55,-1,55,20,22,-1,55,22,56,-1,56,22,41,-1,56,41,57,-1,57,41,39,-1,57,39,44,-1,44,39,52,-1,44,52,42,-1,42,52,51,-1,42,51,45,-1,31,58,59,-1,31,60,61,-1,62,52,63,-1,63,52,39,-1,63,39,61,-1,61,39,64,-1,61,64,31,-1,58,31,65,-1,65,31,30,-1,65,30,66,-1,66,30,53,-1,66,53,59,-1,59,53,52,-1,59,52,31,-1,31,52,62,-1,31,62,60,-1,67,68,69,-1,68,67,70,-1,70,67,64,-1,70,64,71,-1,71,64,39,-1,71,39,69,-1,69,39,37,-1,69,37,67,-1,6,31,8,-1,8,31,64,-1,8,64,4,-1,4,64,67,-1,4,67,2,-1,24,26,35,-1,35,26,72,-1,35,72,37,-1,37,72,73,-1,37,73,67,-1,67,73,74,-1,67,74,2,-1,2,74,0,-1,
        ]
    }
}
Shape{
    appearance Appearance {
        material  Material 	{
            diffuseColor 0.807843137254902 0.49411764705882355 0.18823529411764706
            specularColor 0.403921568627451 0.24705882352941178 0.09411764705882353
            ambientIntensity 0.5531
            transparency 0.0
            shininess 0.5
        }
    }
    geometry IndexedFaceSet {
        ccw TRUE
        solid FALSE
        coord DEF co Coordinate {
            point [
                -2.0567 1.9488 0.1575, -2.0567 2.0669 0.1575, -1.8992 1.9488 0.0, -1.8992 2.0669 0.0, -1.8992 -1.9488 0.0, -1.8992 -2.0669 0.0, -2.0567 -1.9488 0.1575, -2.0567 -2.0669 0.1575, -2.9331 2.0669 0.1575, -2.9331 1.9488 0.1575, -2.9637 2.0629 0.1575, -2.9921 2.0511 0.1575, -2.9331 -1.9488 0.1575, -3.0166 -2.0323 0.1575, -3.0354 -2.0079 0.1575, -2.9331 -2.0669 0.1575, -3.0472 1.9794 0.1575, -3.0354 2.0079 0.1575, -3.0166 2.0323 0.1575, -2.9637 -2.0629 0.1575, -2.9921 -2.0511 0.1575, -3.0472 -1.9794 0.1575, -3.0512 -1.9488 0.1575, -3.0512 1.9488 0.1575, 1.4268 1.9488 0.1575, -1.4268 1.9488 0.1575, 1.4268 2.0669 0.1575, -1.4268 2.0669 0.1575, -1.5843 1.9488 0.0, -1.5843 2.0669 0.0, 1.5842 1.9488 0.0, 1.5842 2.0669 0.0, 1.8992 1.9488 0.0, 1.8992 2.0669 0.0, 2.0567 1.9488 0.1575, 2.0567 2.0669 0.1575, 2.0567 -1.9488 0.1575, 2.0567 -2.0669 0.1575, 1.8992 -1.9488 0.0, 1.8992 -2.0669 0.0, 2.9331 -2.0669 0.1575, 2.9331 -1.9488 0.1575, 2.9636 -2.0629 0.1575, 2.9921 -2.0511 0.1575, 3.0471 -1.9794 0.1575, 3.0353 -2.0079 0.1575, 3.0166 -2.0323 0.1575, 2.9331 1.9488 0.1575, 2.9331 2.0669 0.1575, 3.0166 2.0323 0.1575, 3.0353 2.0079 0.1575, 2.9636 2.0629 0.1575, 2.9921 2.0511 0.1575, 3.0471 1.9794 0.1575, 3.0512 1.9488 0.1575, 3.0512 -1.9488 0.1575, 1.5842 -1.9488 0.0, 1.5842 -2.0669 0.0, 1.4268 -1.9488 0.1575, 1.4268 -2.0669 0.1575, -1.4268 -1.9488 0.1575, -1.4268 -2.0669 0.1575, -1.5843 -1.9488 0.0, -1.5843 -2.0669 0.0
            ]
        }
        coordIndex [
            0,1,2,-1,2,1,3,-1,4,5,6,-1,6,5,7,-1,1,0,8,-1,8,0,9,-1,8,9,10,-1,10,9,11,-1,12,13,14,-1,6,7,12,-1,12,7,15,-1,16,17,9,-1,9,17,18,-1,9,18,11,-1,15,19,12,-1,12,19,20,-1,12,20,13,-1,14,21,12,-1,12,21,22,-1,12,22,9,-1,9,22,23,-1,9,23,16,-1,24,25,26,-1,26,25,27,-1,28,29,25,-1,25,29,27,-1,24,26,30,-1,30,26,31,-1,32,33,34,-1,34,33,35,-1,36,37,38,-1,38,37,39,-1,37,36,40,-1,40,36,41,-1,40,41,42,-1,42,41,43,-1,44,45,41,-1,41,45,46,-1,41,46,43,-1,34,35,47,-1,47,35,48,-1,47,49,50,-1,48,51,47,-1,47,51,52,-1,47,52,49,-1,50,53,47,-1,47,53,54,-1,47,54,41,-1,41,54,55,-1,41,55,44,-1,56,57,58,-1,58,57,59,-1,60,61,62,-1,62,61,63,-1,60,58,61,-1,61,58,59,-1,
        ]
    }
}
Shape{
    appearance Appearance {
        material  Material 	{
            diffuseColor 0.8509803921568627 0.8509803921568627 0.8509803921568627
            specularColor 0.4235294117647059 0.4235294117647059 0.4235294117647059
            ambientIntensity 0.851
            transparency 0.0
            shininess 0.5
        }
    }
    geometry IndexedFaceSet {
        ccw TRUE
        solid FALSE
        coord DEF co Coordinate {
            point [
                2.4016 1.6024 0.1969, 2.4016 1.6024 -1.378, 2.4016 1.5 0.1969, 2.4016 1.3976 -1.378, 2.4016 1.3976 0.1969, 2.5984 1.6024 0.1969, 2.5984 1.6024 -1.378, 2.5984 1.3976 0.1969, 2.5984 1.3976 -1.378, 2.5984 1.5 0.1969, -1.5984 1.6024 0.1969, -1.5984 1.6024 -1.378, -1.5984 1.5 0.1969, -1.5984 1.3976 -1.378, -1.5984 1.3976 0.1969, -1.4016 1.6024 0.1969, -1.4016 1.6024 -1.378, -1.4016 1.3976 0.1969, -1.4016 1.3976 -1.378, -1.4016 1.5 0.1969, -2.5984 1.6024 0.1969, -2.5984 1.6024 -1.378, -2.5984 1.5 0.1969, -2.5984 1.3976 -1.378, -2.5984 1.3976 0.1969, -2.4016 1.6024 0.1969, -2.4016 1.6024 -1.378, -2.4016 1.3976 0.1969, -2.4016 1.3976 -1.378, -2.4016 1.5 0.1969, -2.5984 -1.6024 0.1969, -2.5984 -1.6024 -1.378, -2.4016 -1.6024 0.1969, -2.4016 -1.6024 -1.378, -2.5984 -1.3976 0.1969, -2.5984 -1.3976 -1.378, -2.4016 -1.3976 0.1969, -2.4016 -1.3976 -1.378, -1.5984 -1.6024 0.1969, -1.5984 -1.6024 -1.378, -1.4016 -1.6024 0.1969, -1.4016 -1.6024 -1.378, -1.5984 -1.3976 0.1969, -1.5984 -1.3976 -1.378, -1.4016 -1.3976 0.1969, -1.4016 -1.3976 -1.378, 2.4016 -1.6024 0.1969, 2.4016 -1.6024 -1.378, 2.5984 -1.6024 0.1969, 2.5984 -1.6024 -1.378, 2.4016 -1.3976 0.1969, 2.4016 -1.3976 -1.378, 2.5984 -1.3976 0.1969, 2.5984 -1.3976 -1.378
            ]
        }
        coordIndex [
            0,1,2,-1,2,1,3,-1,2,3,4,-1,5,6,0,-1,0,6,1,-1,7,8,9,-1,9,8,6,-1,9,6,5,-1,4,3,7,-1,7,3,8,-1,6,8,1,-1,1,8,3,-1,10,11,12,-1,12,11,13,-1,12,13,14,-1,15,16,10,-1,10,16,11,-1,17,18,19,-1,19,18,16,-1,19,16,15,-1,14,13,17,-1,17,13,18,-1,16,18,11,-1,11,18,13,-1,20,21,22,-1,22,21,23,-1,22,23,24,-1,25,26,20,-1,20,26,21,-1,27,28,29,-1,29,28,26,-1,29,26,25,-1,24,23,27,-1,27,23,28,-1,26,28,21,-1,21,28,23,-1,30,31,32,-1,32,31,33,-1,34,35,30,-1,30,35,31,-1,36,37,34,-1,34,37,35,-1,32,33,36,-1,36,33,37,-1,35,37,31,-1,31,37,33,-1,38,39,40,-1,40,39,41,-1,42,43,38,-1,38,43,39,-1,44,45,42,-1,42,45,43,-1,40,41,44,-1,44,41,45,-1,43,45,39,-1,39,45,41,-1,46,47,48,-1,48,47,49,-1,50,51,46,-1,46,51,47,-1,52,53,50,-1,50,53,51,-1,48,49,52,-1,52,49,53,-1,51,53,47,-1,47,53,49,-1,
        ]
    }
}
Shape{
    appearance Appearance {
        material  Material 	{
            diffuseColor 0.0 0.0 0.0
            specularColor 0.0 0.0 0.0
            ambientIntensity 0.0
            transparency 0.0
            shininess 0.5
        }
    }
    geometry IndexedFaceSet {
        ccw TRUE
        solid FALSE
        coord DEF co Coordinate {
            point [
                3.0512 -0.0147 1.2506, 3.0512 -0.0147 1.2369, 3.0512 -0.0147 1.2506, 3.0512 -0.0147 1.2369, 3.0512 -0.0625 1.2506, 3.0512 -0.0625 1.2506, 3.0512 -0.0625 1.357, 3.0512 -0.0625 1.357, 3.0512 -0.078 1.357, 3.0512 -0.078 1.357, 3.0512 -0.078 1.2369, 3.0512 -0.078 1.2369, 3.0512 0.0801 1.2418, 3.0512 0.0801 1.2418, 3.0512 0.0781 1.2408, 3.0512 0.0652 1.2366, 3.0512 0.0469 1.2348, 3.0512 0.0575 1.2359, 3.0512 0.0469 1.2348, 3.0512 0.0652 1.2366, 3.0512 0.075 1.2398, 3.0512 0.0781 1.2408, 3.0512 0.0801 1.2567, 3.0512 0.0801 1.2567, 3.0512 0.075 1.2543, 3.0512 0.0692 1.2517, 3.0512 0.0692 1.2517, 3.0512 0.0558 1.249, 3.0512 0.0558 1.249, 3.0512 0.0491 1.2487, 3.0512 0.0491 1.2487, 3.0512 0.0373 1.25, 3.0512 0.0373 1.25, 3.0512 0.0287 1.2533, 3.0512 0.0287 1.2533, 3.0512 0.0208 1.2588, 3.0512 0.0208 1.2588, 3.0512 0.0183 1.2613, 3.0512 0.0183 1.2613, 3.0512 0.0122 1.2699, 3.0512 0.0122 1.2699, 3.0512 0.0084 1.2797, 3.0512 0.0084 1.2797, 3.0512 0.0065 1.2944, 3.0512 0.0065 1.2944, 3.0512 0.0065 1.2956, 3.0512 0.0065 1.2956, 3.0512 0.0079 1.3097, 3.0512 0.0079 1.3097, 3.0512 0.0116 1.3206, 3.0512 0.0116 1.3206, 3.0512 0.0171 1.3293, 3.0512 0.0171 1.3293, 3.0512 0.0191 1.3317, 3.0512 0.0191 1.3317, 3.0512 0.0276 1.3386, 3.0512 0.0276 1.3386, 3.0512 0.0371 1.3429, 3.0512 0.0371 1.3429, 3.0512 0.0476 1.3448, 3.0512 0.0476 1.3448, 3.0512 0.0518 1.345, 3.0512 0.0518 1.345, 3.0512 0.0801 1.3379, 3.0512 0.0801 1.3379, 3.0512 0.0775 1.3393, 3.0512 0.0651 1.3436, 3.0512 0.0651 1.3436, 3.0512 0.075 1.3401, 3.0512 0.0775 1.3393, 3.0512 0.0801 1.3541, 3.0512 0.0801 1.3541, 3.0512 0.0517 1.359, 3.0512 0.0517 1.359, 3.0512 0.0534 1.359, 3.0512 0.075 1.3556, 3.0512 0.0688 1.3575, 3.0512 0.0688 1.3575, 3.0512 0.0638 1.358, 3.0512 0.0534 1.359, 3.0512 0.0433 1.358, 3.0512 0.0345 1.3569, 3.0512 0.0345 1.3569, 3.0512 0.0219 1.3521, 3.0512 0.0219 1.3521, 3.0512 0.0103 1.3439, 3.0512 0.0103 1.3439, 3.0512 0.0076 1.3413, 3.0512 0.0076 1.3413, 3.0512 -0.0004 1.3313, 3.0512 -0.0004 1.3313, 3.0512 -0.0044 1.3224, 3.0512 -0.0064 1.3181, 3.0512 -0.0064 1.3181, 3.0512 -0.0094 1.3028, 3.0512 -0.0094 1.3028, 3.0512 -0.0098 1.2946, 3.0512 -0.0098 1.2946, 3.0512 -0.0075 1.2753, 3.0512 -0.0075 1.2753, 3.0512 -0.0044 1.2674, 3.0512 -0.0026 1.2627, 3.0512 -0.0026 1.2627, 3.0512 0.0045 1.2525, 3.0512 0.0045 1.2525, 3.0512 0.0056 1.2512, 3.0512 0.0056 1.2512, 3.0512 0.0389 1.2353, 3.0512 0.0148 1.2435, 3.0512 0.0148 1.2435, 3.0512 0.026 1.2381, 3.0512 0.026 1.2381, 3.0512 0.0362 1.2359, 3.0512 0.0389 1.2353, 3.0512 0.1688 1.2506, 3.0512 0.1688 1.2369, 3.0512 0.1688 1.2506, 3.0512 0.1688 1.2369, 3.0512 0.1197 1.2506, 3.0512 0.1197 1.2506, 3.0512 0.1521 1.2506, 3.0512 0.1197 1.291, 3.0512 0.1197 1.291, 3.0512 0.1626 1.291, 3.0512 0.1626 1.291, 3.0512 0.1521 1.291, 3.0512 0.1626 1.3047, 3.0512 0.1626 1.3047, 3.0512 0.1197 1.3047, 3.0512 0.1197 1.3047, 3.0512 0.1521 1.3047, 3.0512 0.1197 1.3432, 3.0512 0.1197 1.3432, 3.0512 0.166 1.3432, 3.0512 0.166 1.3432, 3.0512 0.1521 1.3432, 3.0512 0.166 1.357, 3.0512 0.166 1.357, 3.0512 0.1042 1.357, 3.0512 0.1042 1.357, 3.0512 0.1521 1.357, 3.0512 0.1042 1.2369, 3.0512 0.1042 1.2369, 3.0512 0.1521 1.2369, 3.0512 0.2403 1.3415, 3.0512 0.228 1.3569, 3.0512 0.2251 1.3432, 3.0512 0.2257 1.357, 3.0512 0.207 1.3432, 3.0512 0.1915 1.357, 3.0512 0.207 1.2506, 3.0512 0.1915 1.2369, 3.0512 0.2244 1.2506, 3.0512 0.2245 1.2369, 3.0512 0.2387 1.252, 3.0512 0.2447 1.2393, 3.0512 0.2492 1.2555, 3.0512 0.2584 1.2446, 3.0512 0.2573 1.2606, 3.0512 0.2711 1.2537, 3.0512 0.2601 1.2631, 3.0512 0.2664 1.271, 3.0512 0.2794 1.2633, 3.0512 0.2704 1.28, 3.0512 0.2856 1.2755, 3.0512 0.2726 1.2912, 3.0512 0.2887 1.2894, 3.0512 0.2729 1.298, 3.0512 0.2892 1.2985, 3.0512 0.2715 1.3116, 3.0512 0.2878 1.3125, 3.0512 0.2683 1.3207, 3.0512 0.2838 1.3244, 3.0512 0.2639 1.3277, 3.0512 0.2767 1.3354, 3.0512 0.2598 1.3319, 3.0512 0.2711 1.3411, 3.0512 0.2508 1.3378, 3.0512 0.2603 1.3487, 3.0512 0.2461 1.3544, 3.0512 0.2245 1.2369, 3.0512 0.1915 1.2369, 3.0512 0.2447 1.2393, 3.0512 0.2584 1.2446, 3.0512 0.2711 1.2537, 3.0512 0.2794 1.2633, 3.0512 0.2856 1.2755, 3.0512 0.2887 1.2894, 3.0512 0.2892 1.2985, 3.0512 0.2878 1.3125, 3.0512 0.2838 1.3244, 3.0512 0.2767 1.3354, 3.0512 0.2711 1.3411, 3.0512 0.2603 1.3487, 3.0512 0.2461 1.3544, 3.0512 0.228 1.3569, 3.0512 0.2257 1.357, 3.0512 0.1915 1.357, 3.0512 0.2251 1.3432, 3.0512 0.207 1.3432, 3.0512 0.207 1.2506, 3.0512 0.2244 1.2506, 3.0512 0.2601 1.2631, 3.0512 0.2573 1.2606, 3.0512 0.2492 1.2555, 3.0512 0.2387 1.252, 3.0512 0.2729 1.298, 3.0512 0.2726 1.2912, 3.0512 0.2704 1.28, 3.0512 0.2664 1.271, 3.0512 0.2598 1.3319, 3.0512 0.2639 1.3277, 3.0512 0.2683 1.3207, 3.0512 0.2715 1.3116, 3.0512 0.2403 1.3415, 3.0512 0.2508 1.3378
            ]
        }
        coordIndex [
            0,1,2,-1,2,1,3,-1,4,0,5,-1,5,0,2,-1,6,4,7,-1,7,4,5,-1,8,6,9,-1,9,6,7,-1,10,8,11,-1,11,8,9,-1,1,10,3,-1,3,10,11,-1,6,8,4,-1,4,8,10,-1,4,10,0,-1,0,10,1,-1,12,13,14,-1,15,16,17,-1,17,16,18,-1,17,19,15,-1,15,19,20,-1,15,20,14,-1,14,20,21,-1,14,21,12,-1,22,13,23,-1,23,13,12,-1,22,23,24,-1,22,24,25,-1,24,26,25,-1,25,26,27,-1,25,27,28,-1,28,27,29,-1,28,29,30,-1,30,29,31,-1,30,31,32,-1,32,31,33,-1,32,33,34,-1,34,33,35,-1,34,35,36,-1,36,35,37,-1,36,37,38,-1,38,37,39,-1,38,39,40,-1,40,39,41,-1,40,41,42,-1,42,41,43,-1,42,43,44,-1,44,43,45,-1,44,45,46,-1,46,45,47,-1,46,47,48,-1,48,47,49,-1,48,49,50,-1,50,49,51,-1,50,51,52,-1,52,51,53,-1,52,53,54,-1,54,53,55,-1,54,55,56,-1,56,55,57,-1,56,57,58,-1,58,57,59,-1,58,59,60,-1,60,59,61,-1,60,61,62,-1,63,64,65,-1,62,61,66,-1,62,66,67,-1,67,66,68,-1,67,68,65,-1,65,68,69,-1,65,69,63,-1,70,64,71,-1,71,64,63,-1,72,73,74,-1,70,71,75,-1,70,75,76,-1,75,77,76,-1,76,77,78,-1,76,78,74,-1,74,78,79,-1,74,79,72,-1,73,72,80,-1,73,80,81,-1,80,82,81,-1,81,82,83,-1,81,83,84,-1,84,83,85,-1,84,85,86,-1,86,85,87,-1,86,87,88,-1,88,87,89,-1,88,89,90,-1,90,89,91,-1,90,91,92,-1,91,93,92,-1,92,93,94,-1,92,94,95,-1,95,94,96,-1,95,96,97,-1,97,96,98,-1,97,98,99,-1,99,98,100,-1,99,100,101,-1,100,102,101,-1,101,102,103,-1,101,103,104,-1,104,103,105,-1,104,105,106,-1,18,16,107,-1,106,105,108,-1,106,108,109,-1,109,108,110,-1,109,110,111,-1,111,110,112,-1,111,112,107,-1,107,112,113,-1,107,113,18,-1,65,64,70,-1,56,58,81,-1,40,42,99,-1,48,50,90,-1,81,58,73,-1,65,70,67,-1,99,42,97,-1,90,50,88,-1,58,60,73,-1,73,60,62,-1,73,62,74,-1,74,62,67,-1,74,67,76,-1,76,67,70,-1,81,84,56,-1,56,84,86,-1,56,86,54,-1,54,86,88,-1,54,88,52,-1,52,88,50,-1,99,101,40,-1,40,101,104,-1,40,104,38,-1,38,104,106,-1,38,106,36,-1,36,106,109,-1,36,109,34,-1,34,109,111,-1,34,111,32,-1,32,111,107,-1,32,107,30,-1,30,107,16,-1,30,16,28,-1,28,16,15,-1,28,15,25,-1,25,15,14,-1,25,14,22,-1,22,14,13,-1,42,44,97,-1,97,44,46,-1,97,46,95,-1,95,46,48,-1,95,48,92,-1,92,48,90,-1,114,115,116,-1,116,115,117,-1,118,119,120,-1,120,119,114,-1,120,114,116,-1,121,119,122,-1,122,119,118,-1,123,124,125,-1,125,124,121,-1,125,121,122,-1,126,124,127,-1,127,124,123,-1,128,129,130,-1,130,129,126,-1,130,126,127,-1,131,129,132,-1,132,129,128,-1,133,134,135,-1,135,134,131,-1,135,131,132,-1,136,134,137,-1,137,134,133,-1,138,139,140,-1,140,139,136,-1,140,136,137,-1,141,139,142,-1,142,139,138,-1,117,115,143,-1,143,115,141,-1,143,141,142,-1,141,115,114,-1,114,119,141,-1,141,119,121,-1,141,121,139,-1,134,136,131,-1,131,136,139,-1,131,139,129,-1,129,139,121,-1,129,121,126,-1,126,121,124,-1,144,145,146,-1,146,145,147,-1,146,147,148,-1,148,147,149,-1,148,149,150,-1,150,149,151,-1,150,151,152,-1,152,151,153,-1,152,153,154,-1,154,153,155,-1,154,155,156,-1,156,155,157,-1,156,157,158,-1,158,157,159,-1,158,159,160,-1,160,159,161,-1,161,159,162,-1,161,162,163,-1,163,162,164,-1,163,164,165,-1,165,164,166,-1,165,166,167,-1,167,166,168,-1,167,168,169,-1,169,168,170,-1,169,170,171,-1,171,170,172,-1,171,172,173,-1,173,172,174,-1,173,174,175,-1,175,174,176,-1,175,176,177,-1,177,176,178,-1,177,178,144,-1,144,178,179,-1,144,179,145,-1,153,151,180,-1,180,151,181,-1,153,180,182,-1,153,182,155,-1,155,182,183,-1,155,183,157,-1,157,183,184,-1,157,184,159,-1,159,184,185,-1,159,185,162,-1,162,185,186,-1,162,186,164,-1,164,186,187,-1,164,187,166,-1,166,187,188,-1,166,188,168,-1,168,188,189,-1,168,189,170,-1,170,189,190,-1,170,190,172,-1,172,190,191,-1,172,191,174,-1,174,191,192,-1,174,192,176,-1,176,192,193,-1,176,193,178,-1,178,193,194,-1,178,194,179,-1,179,194,195,-1,179,195,145,-1,145,195,196,-1,145,196,147,-1,149,147,197,-1,197,147,196,-1,151,149,181,-1,181,149,197,-1,146,148,198,-1,198,148,199,-1,148,150,199,-1,199,150,200,-1,150,152,200,-1,200,152,201,-1,160,202,203,-1,160,203,158,-1,158,203,204,-1,158,204,156,-1,156,204,205,-1,156,205,154,-1,154,205,201,-1,154,201,152,-1,167,206,207,-1,167,207,165,-1,165,207,208,-1,165,208,163,-1,163,208,209,-1,163,209,161,-1,161,209,202,-1,161,202,160,-1,175,210,211,-1,175,211,173,-1,173,211,212,-1,173,212,171,-1,171,212,213,-1,171,213,169,-1,169,213,206,-1,169,206,167,-1,146,198,214,-1,146,214,144,-1,144,214,215,-1,144,215,177,-1,177,215,210,-1,177,210,175,-1,
        ]
    }
}
Shape{
    appearance Appearance {
        material  Material 	{
            diffuseColor 0.807843137254902 0.49411764705882355 0.18823529411764706
            specularColor 0.403921568627451 0.24705882352941178 0.09411764705882353
            ambientIntensity 0.5531
            transparency 0.0
            shininess 0.5
        }
    }
    geometry IndexedFaceSet {
        ccw TRUE
        solid FALSE
        coord DEF co Coordinate {
            point [
                3.0512 0.207 1.3432, 3.0512 0.207 1.2506, 3.0512 0.2251 1.3432, 3.0512 0.2244 1.2506, 3.0512 0.2387 1.252, 3.0512 0.2492 1.2555, 3.0512 0.2573 1.2606, 3.0512 0.2601 1.2631, 3.0512 0.2664 1.271, 3.0512 0.2704 1.28, 3.0512 0.2726 1.2912, 3.0512 0.2729 1.298, 3.0512 0.2715 1.3116, 3.0512 0.2683 1.3207, 3.0512 0.2639 1.3277, 3.0512 0.2598 1.3319, 3.0512 0.2403 1.3415, 3.0512 0.2508 1.3378
            ]
        }
        coordIndex [
            0,1,2,-1,2,1,3,-1,2,3,4,-1,4,5,2,-1,2,5,6,-1,2,6,7,-1,7,8,2,-1,2,8,9,-1,2,9,10,-1,10,11,2,-1,2,11,12,-1,2,12,13,-1,13,14,2,-1,2,14,15,-1,2,15,16,-1,16,15,17,-1,
        ]
    }
}
Shape{
    appearance Appearance {
        material  Material 	{
            diffuseColor 0.0 0.0 0.0
            specularColor 0.0 0.0 0.0
            ambientIntensity 0.0
            transparency 0.0
            shininess 0.5
        }
    }
    geometry IndexedFaceSet {
        ccw TRUE
        solid FALSE
        coord DEF co Coordinate {
            point [
                3.0512 0.3295 1.2833, 3.0512 0.3246 1.2697, 3.0512 0.3698 1.2833, 3.0512 0.3746 1.2697, 3.0512 0.3475 1.3332, 3.0512 0.3417 1.357, 3.0512 0.2959 1.2369, 3.0512 0.313 1.2369, 3.0512 0.3485 1.3368, 3.0512 0.3494 1.3416, 3.0512 0.3582 1.357, 3.0512 0.3498 1.3416, 3.0512 0.3508 1.3365, 3.0512 0.3517 1.3332, 3.0512 0.404 1.2369, 3.0512 0.3868 1.2369, 3.0512 0.3582 1.357, 3.0512 0.404 1.2369, 3.0512 0.3417 1.357, 3.0512 0.2959 1.2369, 3.0512 0.3305 1.3278, 3.0512 0.313 1.2369, 3.0512 0.3246 1.2697, 3.0512 0.3746 1.2697, 3.0512 0.3305 1.2697, 3.0512 0.3868 1.2369, 3.0512 0.3295 1.2833, 3.0512 0.3698 1.2833, 3.0512 0.3517 1.3332, 3.0512 0.3498 1.3416, 3.0512 0.3508 1.3365, 3.0512 0.3494 1.3416, 3.0512 0.3475 1.3332, 3.0512 0.3485 1.3368
            ]
        }
        coordIndex [
            0,1,2,-1,2,1,3,-1,4,5,0,-1,0,5,6,-1,0,6,1,-1,1,6,7,-1,4,8,5,-1,5,8,9,-1,5,9,10,-1,10,9,11,-1,10,11,12,-1,12,13,10,-1,10,13,2,-1,10,2,14,-1,14,2,3,-1,14,3,15,-1,10,14,16,-1,16,14,17,-1,5,10,18,-1,18,10,16,-1,19,6,20,-1,20,6,5,-1,20,5,18,-1,7,6,21,-1,21,6,19,-1,1,7,22,-1,22,7,21,-1,23,3,24,-1,24,3,1,-1,24,1,22,-1,15,3,25,-1,25,3,23,-1,14,15,17,-1,17,15,25,-1,0,2,26,-1,26,2,27,-1,2,13,27,-1,27,13,28,-1,11,29,30,-1,11,30,12,-1,12,30,28,-1,12,28,13,-1,11,9,29,-1,29,9,31,-1,4,32,33,-1,4,33,8,-1,8,33,31,-1,8,31,9,-1,4,0,32,-1,32,0,26,-1,
        ]
    }
}
Shape{
    appearance Appearance {
        material  Material 	{
            diffuseColor 0.807843137254902 0.49411764705882355 0.18823529411764706
            specularColor 0.403921568627451 0.24705882352941178 0.09411764705882353
            ambientIntensity 0.5531
            transparency 0.0
            shininess 0.5
        }
    }
    geometry IndexedFaceSet {
        ccw TRUE
        solid FALSE
        coord DEF co Coordinate {
            point [
                3.0512 0.3498 1.3416, 3.0512 0.3494 1.3416, 3.0512 0.3508 1.3365, 3.0512 0.3485 1.3368, 3.0512 0.3517 1.3332, 3.0512 0.3475 1.3332, 3.0512 0.3698 1.2833, 3.0512 0.3295 1.2833
            ]
        }
        coordIndex [
            0,1,2,-1,2,1,3,-1,2,3,4,-1,4,3,5,-1,4,5,6,-1,6,5,7,-1,
        ]
    }
}
Shape{
    appearance Appearance {
        material  Material 	{
            diffuseColor 0.0 0.0 0.0
            specularColor 0.0 0.0 0.0
            ambientIntensity 0.0
            transparency 0.0
            shininess 0.5
        }
    }
    geometry IndexedFaceSet {
        ccw TRUE
        solid FALSE
        coord DEF co Coordinate {
            point [
                3.0512 -0.0134 1.06, 3.0512 -0.0134 1.0463, 3.0512 -0.0134 1.06, 3.0512 -0.0134 1.0463, 3.0512 -0.0625 1.06, 3.0512 -0.0625 1.06, 3.0512 -0.0625 1.1004, 3.0512 -0.0625 1.1004, 3.0512 -0.0196 1.1004, 3.0512 -0.0196 1.1004, 3.0512 -0.0196 1.1142, 3.0512 -0.0196 1.1142, 3.0512 -0.0625 1.1142, 3.0512 -0.0625 1.1142, 3.0512 -0.0625 1.1526, 3.0512 -0.0625 1.1526, 3.0512 -0.0162 1.1526, 3.0512 -0.0162 1.1526, 3.0512 -0.0162 1.1664, 3.0512 -0.0162 1.1664, 3.0512 -0.078 1.1664, 3.0512 -0.078 1.1664, 3.0512 -0.078 1.0463, 3.0512 -0.078 1.0463, 3.0512 0.0544 1.0596, 3.0512 0.0548 1.0596, 3.0512 0.0539 1.0734, 3.0512 0.0548 1.0802, 3.0512 0.0699 1.1015, 3.0512 0.0548 1.0811, 3.0512 0.0548 1.0894, 3.0512 0.0548 1.0463, 3.0512 0.0699 1.0463, 3.0512 0.0173 1.0942, 3.0512 0.0223 1.083, 3.0512 0.0259 1.0847, 3.0512 0.0516 1.0681, 3.0512 0.0484 1.0636, 3.0512 0.0521 1.056, 3.0512 0.0465 1.0618, 3.0512 0.0473 1.0509, 3.0512 0.0423 1.0589, 3.0512 0.042 1.0474, 3.0512 0.0377 1.0573, 3.0512 0.0359 1.0452, 3.0512 0.0321 1.0566, 3.0512 0.0282 1.0443, 3.0512 0.027 1.0572, 3.0512 0.0192 1.0454, 3.0512 0.0236 1.0585, 3.0512 0.0134 1.0475, 3.0512 0.0206 1.0605, 3.0512 0.0083 1.0511, 3.0512 0.0193 1.0618, 3.0512 0.0294 1.0973, 3.0512 0.0348 1.0867, 3.0512 0.0548 1.1009, 3.0512 0.0093 1.1261, 3.0512 0.0093 1.1115, 3.0512 0.014 1.1287, 3.0512 0.0194 1.1179, 3.0512 0.0254 1.1327, 3.0512 0.0288 1.121, 3.0512 0.0389 1.1341, 3.0512 0.0375 1.1219, 3.0512 0.0486 1.1331, 3.0512 0.0426 1.1213, 3.0512 0.0548 1.1311, 3.0512 0.046 1.1201, 3.0512 0.0597 1.1282, 3.0512 0.0487 1.1184, 3.0512 0.0629 1.1251, 3.0512 0.051 1.116, 3.0512 0.066 1.1205, 3.0512 0.0528 1.1129, 3.0512 0.0685 1.1139, 3.0512 0.0543 1.1075, 3.0512 0.0202 1.0814, 3.0512 0.0111 1.0909, 3.0512 0.0184 1.0792, 3.0512 0.0067 1.0868, 3.0512 0.0171 1.0764, 3.0512 0.0035 1.0819, 3.0512 0.0163 1.0729, 3.0512 0.0017 1.0764, 3.0512 0.0162 1.0705, 3.0512 0.001 1.0693, 3.0512 0.0166 1.0671, 3.0512 0.0017 1.0625, 3.0512 0.0176 1.0643, 3.0512 0.0035 1.0574, 3.0512 0.0066 1.0528, 3.0512 0.0389 1.1341, 3.0512 0.0254 1.1327, 3.0512 0.014 1.1287, 3.0512 0.0093 1.1261, 3.0512 0.0093 1.1115, 3.0512 0.0194 1.1179, 3.0512 0.0288 1.121, 3.0512 0.0375 1.1219, 3.0512 0.0426 1.1213, 3.0512 0.046 1.1201, 3.0512 0.0487 1.1184, 3.0512 0.051 1.116, 3.0512 0.0528 1.1129, 3.0512 0.0543 1.1075, 3.0512 0.0548 1.1009, 3.0512 0.0294 1.0973, 3.0512 0.0173 1.0942, 3.0512 0.0111 1.0909, 3.0512 0.0067 1.0868, 3.0512 0.0035 1.0819, 3.0512 0.0017 1.0764, 3.0512 0.001 1.0693, 3.0512 0.0017 1.0625, 3.0512 0.0035 1.0574, 3.0512 0.0066 1.0528, 3.0512 0.0083 1.0511, 3.0512 0.0282 1.0443, 3.0512 0.0194 1.0453, 3.0512 0.0192 1.0454, 3.0512 0.0134 1.0475, 3.0512 0.0359 1.0452, 3.0512 0.0363 1.0453, 3.0512 0.042 1.0474, 3.0512 0.0473 1.0509, 3.0512 0.0521 1.056, 3.0512 0.0544 1.0596, 3.0512 0.0548 1.0596, 3.0512 0.0548 1.0463, 3.0512 0.0699 1.0463, 3.0512 0.0699 1.1015, 3.0512 0.0685 1.1139, 3.0512 0.066 1.1205, 3.0512 0.0629 1.1251, 3.0512 0.0597 1.1282, 3.0512 0.0548 1.1311, 3.0512 0.0486 1.1331, 3.0512 0.0202 1.0814, 3.0512 0.0223 1.083, 3.0512 0.0259 1.0847, 3.0512 0.0348 1.0867, 3.0512 0.0162 1.0705, 3.0512 0.0163 1.0729, 3.0512 0.0171 1.0764, 3.0512 0.0184 1.0792, 3.0512 0.0206 1.0605, 3.0512 0.0193 1.0618, 3.0512 0.0176 1.0643, 3.0512 0.0166 1.0671, 3.0512 0.0321 1.0566, 3.0512 0.027 1.0572, 3.0512 0.0236 1.0585, 3.0512 0.0484 1.0636, 3.0512 0.0465 1.0618, 3.0512 0.0423 1.0589, 3.0512 0.0377 1.0573, 3.0512 0.0548 1.0811, 3.0512 0.0548 1.0802, 3.0512 0.0539 1.0734, 3.0512 0.0516 1.0681, 3.0512 0.0548 1.0894
            ]
        }
        coordIndex [
            0,1,2,-1,2,1,3,-1,4,0,5,-1,5,0,2,-1,6,4,7,-1,7,4,5,-1,8,6,9,-1,9,6,7,-1,10,8,11,-1,11,8,9,-1,12,10,13,-1,13,10,11,-1,14,12,15,-1,15,12,13,-1,16,14,17,-1,17,14,15,-1,18,16,19,-1,19,16,17,-1,20,18,21,-1,21,18,19,-1,22,20,23,-1,23,20,21,-1,1,22,3,-1,3,22,23,-1,22,1,0,-1,0,4,22,-1,22,4,6,-1,22,6,20,-1,16,18,14,-1,14,18,20,-1,14,20,12,-1,12,20,6,-1,12,6,10,-1,10,6,8,-1,24,25,26,-1,27,28,29,-1,29,28,30,-1,31,32,25,-1,25,32,28,-1,25,28,26,-1,26,28,27,-1,33,34,35,-1,26,36,24,-1,24,36,37,-1,24,37,38,-1,38,37,39,-1,38,39,40,-1,40,39,41,-1,40,41,42,-1,42,41,43,-1,42,43,44,-1,44,43,45,-1,44,45,46,-1,46,45,47,-1,46,47,48,-1,48,47,49,-1,48,49,50,-1,50,49,51,-1,50,51,52,-1,52,51,53,-1,33,35,54,-1,54,35,55,-1,54,55,56,-1,57,58,59,-1,59,58,60,-1,59,60,61,-1,61,60,62,-1,61,62,63,-1,63,62,64,-1,63,64,65,-1,65,64,66,-1,65,66,67,-1,67,66,68,-1,67,68,69,-1,69,68,70,-1,69,70,71,-1,71,70,72,-1,71,72,73,-1,73,72,74,-1,73,74,75,-1,75,74,76,-1,75,76,28,-1,28,76,56,-1,28,56,30,-1,30,56,55,-1,34,33,77,-1,77,33,78,-1,77,78,79,-1,79,78,80,-1,79,80,81,-1,81,80,82,-1,81,82,83,-1,83,82,84,-1,83,84,85,-1,85,84,86,-1,85,86,87,-1,87,86,88,-1,87,88,89,-1,89,88,90,-1,89,90,53,-1,53,90,91,-1,53,91,52,-1,63,92,93,-1,63,93,61,-1,61,93,94,-1,61,94,59,-1,59,94,95,-1,59,95,57,-1,58,57,96,-1,96,57,95,-1,58,96,97,-1,58,97,60,-1,60,97,98,-1,60,98,62,-1,62,98,99,-1,62,99,64,-1,64,99,100,-1,64,100,66,-1,66,100,101,-1,66,101,68,-1,68,101,102,-1,68,102,70,-1,70,102,103,-1,70,103,72,-1,72,103,104,-1,72,104,74,-1,74,104,105,-1,74,105,76,-1,76,105,106,-1,76,106,56,-1,54,56,107,-1,107,56,106,-1,54,107,108,-1,54,108,33,-1,33,108,109,-1,33,109,78,-1,78,109,110,-1,78,110,80,-1,80,110,111,-1,80,111,82,-1,82,111,112,-1,82,112,84,-1,84,112,113,-1,84,113,86,-1,86,113,114,-1,86,114,88,-1,88,114,115,-1,88,115,90,-1,90,115,116,-1,90,116,91,-1,91,116,117,-1,91,117,52,-1,118,46,119,-1,119,46,48,-1,119,48,120,-1,120,48,50,-1,120,50,121,-1,121,50,52,-1,121,52,117,-1,46,118,122,-1,46,122,44,-1,44,122,123,-1,44,123,42,-1,123,124,42,-1,42,124,125,-1,42,125,40,-1,40,125,126,-1,40,126,38,-1,38,126,127,-1,38,127,24,-1,25,24,128,-1,128,24,127,-1,31,25,129,-1,129,25,128,-1,32,31,130,-1,130,31,129,-1,28,32,131,-1,131,32,130,-1,28,131,132,-1,28,132,75,-1,75,132,133,-1,75,133,73,-1,73,133,134,-1,73,134,71,-1,71,134,135,-1,71,135,69,-1,69,135,136,-1,69,136,67,-1,67,136,137,-1,67,137,65,-1,65,137,92,-1,65,92,63,-1,77,138,139,-1,77,139,34,-1,34,139,140,-1,34,140,35,-1,35,140,141,-1,35,141,55,-1,85,142,143,-1,85,143,83,-1,83,143,144,-1,83,144,81,-1,81,144,145,-1,81,145,79,-1,79,145,138,-1,79,138,77,-1,51,146,147,-1,51,147,53,-1,53,147,148,-1,53,148,89,-1,89,148,149,-1,89,149,87,-1,87,149,142,-1,87,142,85,-1,45,150,151,-1,45,151,47,-1,47,151,152,-1,47,152,49,-1,49,152,146,-1,49,146,51,-1,37,153,154,-1,37,154,39,-1,39,154,155,-1,39,155,41,-1,41,155,156,-1,41,156,43,-1,43,156,150,-1,43,150,45,-1,29,157,158,-1,29,158,27,-1,27,158,159,-1,27,159,26,-1,26,159,160,-1,26,160,36,-1,36,160,153,-1,36,153,37,-1,29,30,157,-1,157,30,161,-1,30,55,161,-1,161,55,141,-1,
        ]
    }
}
Shape{
    appearance Appearance {
        material  Material 	{
            diffuseColor 0.807843137254902 0.49411764705882355 0.18823529411764706
            specularColor 0.403921568627451 0.24705882352941178 0.09411764705882353
            ambientIntensity 0.5531
            transparency 0.0
            shininess 0.5
        }
    }
    geometry IndexedFaceSet {
        ccw TRUE
        solid FALSE
        coord DEF co Coordinate {
            point [
                3.0512 0.0548 1.0894, 3.0512 0.0348 1.0867, 3.0512 0.0548 1.0811, 3.0512 0.0259 1.0847, 3.0512 0.0223 1.083, 3.0512 0.0202 1.0814, 3.0512 0.0548 1.0802, 3.0512 0.0539 1.0734, 3.0512 0.0184 1.0792, 3.0512 0.0516 1.0681, 3.0512 0.0193 1.0618, 3.0512 0.0206 1.0605, 3.0512 0.0465 1.0618, 3.0512 0.0176 1.0643, 3.0512 0.0423 1.0589, 3.0512 0.0377 1.0573, 3.0512 0.0321 1.0566, 3.0512 0.0171 1.0764, 3.0512 0.0163 1.0729, 3.0512 0.0484 1.0636, 3.0512 0.0162 1.0705, 3.0512 0.0166 1.0671, 3.0512 0.0236 1.0585, 3.0512 0.027 1.0572
            ]
        }
        coordIndex [
            0,1,2,-1,2,1,3,-1,3,4,2,-1,2,4,5,-1,2,5,6,-1,6,5,7,-1,7,5,8,-1,7,8,9,-1,10,11,12,-1,10,12,13,-1,14,12,15,-1,15,12,16,-1,8,17,9,-1,9,17,18,-1,9,18,19,-1,19,18,20,-1,19,20,12,-1,12,20,21,-1,12,21,13,-1,11,22,12,-1,12,22,23,-1,12,23,16,-1,
        ]
    }
}
Shape{
    appearance Appearance {
        material  Material 	{
            diffuseColor 0.0 0.0 0.0
            specularColor 0.0 0.0 0.0
            ambientIntensity 0.0
            transparency 0.0
            shininess 0.5
        }
    }
    geometry IndexedFaceSet {
        ccw TRUE
        solid FALSE
        coord DEF co Coordinate {
            point [
                3.0512 0.0903 1.0649, 3.0512 0.0903 1.0649, 3.0512 0.0962 1.0612, 3.0512 0.115 1.0566, 3.0512 0.115 1.0566, 3.0512 0.1056 1.0577, 3.0512 0.1056 1.0577, 3.0512 0.0972 1.0608, 3.0512 0.0962 1.0612, 3.0512 0.0903 1.0493, 3.0512 0.0903 1.0493, 3.0512 0.1008 1.0456, 3.0512 0.0972 1.0469, 3.0512 0.1135 1.0443, 3.0512 0.1135 1.0443, 3.0512 0.1039 1.0453, 3.0512 0.1008 1.0456, 3.0512 0.1263 1.0457, 3.0512 0.1227 1.0453, 3.0512 0.1263 1.0457, 3.0512 0.1344 1.0487, 3.0512 0.1344 1.0487, 3.0512 0.1385 1.0511, 3.0512 0.1385 1.0511, 3.0512 0.1428 1.0549, 3.0512 0.1428 1.0549, 3.0512 0.1456 1.0589, 3.0512 0.1456 1.0589, 3.0512 0.1475 1.0636, 3.0512 0.1475 1.0636, 3.0512 0.1482 1.0697, 3.0512 0.1482 1.0697, 3.0512 0.1476 1.0753, 3.0512 0.1476 1.0753, 3.0512 0.146 1.0797, 3.0512 0.146 1.0797, 3.0512 0.1432 1.0839, 3.0512 0.1432 1.0839, 3.0512 0.1396 1.0871, 3.0512 0.1396 1.0871, 3.0512 0.1296 1.0926, 3.0512 0.1296 1.0926, 3.0512 0.1238 1.095, 3.0512 0.1238 1.095, 3.0512 0.1145 1.099, 3.0512 0.1145 1.099, 3.0512 0.1092 1.1023, 3.0512 0.1092 1.1023, 3.0512 0.1077 1.1039, 3.0512 0.1077 1.1039, 3.0512 0.1066 1.106, 3.0512 0.1066 1.106, 3.0512 0.106 1.1083, 3.0512 0.106 1.1083, 3.0512 0.1059 1.1103, 3.0512 0.1059 1.1103, 3.0512 0.1061 1.1127, 3.0512 0.1061 1.1127, 3.0512 0.1069 1.1147, 3.0512 0.1069 1.1147, 3.0512 0.1082 1.1167, 3.0512 0.1082 1.1167, 3.0512 0.1104 1.1187, 3.0512 0.1104 1.1187, 3.0512 0.1138 1.1205, 3.0512 0.1138 1.1205, 3.0512 0.1178 1.1215, 3.0512 0.1178 1.1215, 3.0512 0.1223 1.1219, 3.0512 0.1223 1.1219, 3.0512 0.1332 1.1205, 3.0512 0.1332 1.1205, 3.0512 0.1416 1.1171, 3.0512 0.1416 1.1171, 3.0512 0.1441 1.1157, 3.0512 0.1441 1.1157, 3.0512 0.1441 1.1303, 3.0512 0.1441 1.1303, 3.0512 0.133 1.1334, 3.0512 0.133 1.1334, 3.0512 0.1238 1.1341, 3.0512 0.1238 1.1341, 3.0512 0.1119 1.1327, 3.0512 0.1119 1.1327, 3.0512 0.1038 1.1296, 3.0512 0.1038 1.1296, 3.0512 0.1 1.1273, 3.0512 0.1 1.1273, 3.0512 0.0955 1.1233, 3.0512 0.0972 1.1248, 3.0512 0.0955 1.1233, 3.0512 0.0927 1.1192, 3.0512 0.0927 1.1192, 3.0512 0.091 1.1143, 3.0512 0.091 1.1143, 3.0512 0.0904 1.109, 3.0512 0.0904 1.109, 3.0512 0.091 1.1031, 3.0512 0.091 1.1031, 3.0512 0.0927 1.0985, 3.0512 0.0927 1.0985, 3.0512 0.0946 1.0954, 3.0512 0.0946 1.0954, 3.0512 0.1131 1.084, 3.0512 0.1131 1.084, 3.0512 0.1042 1.0881, 3.0512 0.0971 1.0928, 3.0512 0.0971 1.0928, 3.0512 0.0972 1.0927, 3.0512 0.1042 1.0881, 3.0512 0.123 1.0799, 3.0512 0.123 1.0799, 3.0512 0.1289 1.0764, 3.0512 0.1289 1.0764, 3.0512 0.1308 1.0744, 3.0512 0.1308 1.0744, 3.0512 0.1319 1.0724, 3.0512 0.1319 1.0724, 3.0512 0.1326 1.0701, 3.0512 0.1326 1.0701, 3.0512 0.1328 1.0682, 3.0512 0.1328 1.0682, 3.0512 0.1324 1.0653, 3.0512 0.1324 1.0653, 3.0512 0.1317 1.0632, 3.0512 0.1317 1.0632, 3.0512 0.1304 1.0612, 3.0512 0.1304 1.0612, 3.0512 0.1286 1.0597, 3.0512 0.1286 1.0597, 3.0512 0.1273 1.0589, 3.0512 0.1273 1.0589, 3.0512 0.1234 1.0575, 3.0512 0.1234 1.0575, 3.0512 0.1157 1.0566, 3.0512 0.1157 1.0566, 3.0512 0.2228 1.1321, 3.0512 0.2384 1.1321, 3.0512 0.2228 1.1321, 3.0512 0.2384 1.1321, 3.0512 0.1994 1.0675, 3.0512 0.1994 1.0675, 3.0512 0.1982 1.0635, 3.0512 0.1982 1.0635, 3.0512 0.1975 1.0606, 3.0512 0.1975 1.0606, 3.0512 0.1971 1.0606, 3.0512 0.1971 1.0606, 3.0512 0.1953 1.0676, 3.0512 0.1953 1.0676, 3.0512 0.1729 1.1321, 3.0512 0.1729 1.1321, 3.0512 0.1801 1.1112, 3.0512 0.156 1.1321, 3.0512 0.156 1.1321, 3.0512 0.1897 1.0465, 3.0512 0.1897 1.0465, 3.0512 0.1801 1.0708, 3.0512 0.1831 1.0309, 3.0512 0.1831 1.0309, 3.0512 0.1892 1.0453, 3.0512 0.1801 1.0255, 3.0512 0.1801 1.0255, 3.0512 0.1801 1.0255, 3.0512 0.1773 1.0224, 3.0512 0.1773 1.0224, 3.0512 0.1746 1.0205, 3.0512 0.1746 1.0205, 3.0512 0.1713 1.0192, 3.0512 0.1713 1.0192, 3.0512 0.1677 1.0188, 3.0512 0.1677 1.0188, 3.0512 0.1622 1.0195, 3.0512 0.1622 1.0195, 3.0512 0.1591 1.0205, 3.0512 0.1591 1.0205, 3.0512 0.1591 1.0072, 3.0512 0.1591 1.0072, 3.0512 0.1655 1.006, 3.0512 0.1655 1.006, 3.0512 0.1688 1.0059, 3.0512 0.1688 1.0059, 3.0512 0.1749 1.0066, 3.0512 0.1749 1.0066, 3.0512 0.1801 1.0086, 3.0512 0.1808 1.0089, 3.0512 0.1808 1.0089, 3.0512 0.1861 1.0126, 3.0512 0.1861 1.0126, 3.0512 0.1871 1.0135, 3.0512 0.1871 1.0135, 3.0512 0.1926 1.0201, 3.0512 0.1926 1.0201, 3.0512 0.1994 1.0334, 3.0512 0.1994 1.0334, 3.0512 0.2042 1.0453, 3.0512 0.3192 1.06, 3.0512 0.3192 1.0463, 3.0512 0.3192 1.06, 3.0512 0.3192 1.0463, 3.0512 0.2701 1.06, 3.0512 0.2701 1.06, 3.0512 0.2926 1.06, 3.0512 0.2701 1.1004, 3.0512 0.2701 1.1004, 3.0512 0.313 1.1004, 3.0512 0.313 1.1004, 3.0512 0.2926 1.1004, 3.0512 0.313 1.1142, 3.0512 0.313 1.1142, 3.0512 0.2701 1.1142, 3.0512 0.2701 1.1142, 3.0512 0.2926 1.1142, 3.0512 0.2701 1.1526, 3.0512 0.2701 1.1526, 3.0512 0.3164 1.1526, 3.0512 0.3164 1.1526, 3.0512 0.2926 1.1526, 3.0512 0.3164 1.1664, 3.0512 0.3164 1.1664, 3.0512 0.2546 1.1664, 3.0512 0.2546 1.1664, 3.0512 0.2926 1.1664, 3.0512 0.2546 1.0463, 3.0512 0.2546 1.0463, 3.0512 0.2926 1.0463, 3.0512 0.3907 1.151, 3.0512 0.3784 1.1664, 3.0512 0.3755 1.1526, 3.0512 0.3761 1.1664, 3.0512 0.3574 1.1526, 3.0512 0.3419 1.1664, 3.0512 0.3574 1.06, 3.0512 0.3419 1.0463, 3.0512 0.3748 1.06, 3.0512 0.3749 1.0463, 3.0512 0.3891 1.0614, 3.0512 0.3951 1.0488, 3.0512 0.3996 1.065, 3.0512 0.4088 1.0541, 3.0512 0.4077 1.0701, 3.0512 0.4215 1.0632, 3.0512 0.4105 1.0726, 3.0512 0.4168 1.0805, 3.0512 0.4298 1.0727, 3.0512 0.4208 1.0895, 3.0512 0.436 1.085, 3.0512 0.423 1.1007, 3.0512 0.4391 1.0988, 3.0512 0.4233 1.1075, 3.0512 0.4397 1.1079, 3.0512 0.4219 1.121, 3.0512 0.4382 1.122, 3.0512 0.4187 1.1302, 3.0512 0.4342 1.1339, 3.0512 0.4143 1.1372, 3.0512 0.4271 1.1448, 3.0512 0.4102 1.1413, 3.0512 0.4215 1.1505, 3.0512 0.4012 1.1473, 3.0512 0.4108 1.1582, 3.0512 0.3965 1.1639, 3.0512 0.3749 1.0463, 3.0512 0.3419 1.0463, 3.0512 0.3951 1.0488, 3.0512 0.4088 1.0541, 3.0512 0.4215 1.0632, 3.0512 0.4298 1.0727, 3.0512 0.436 1.085, 3.0512 0.4391 1.0988, 3.0512 0.4397 1.1079, 3.0512 0.4382 1.122, 3.0512 0.4342 1.1339, 3.0512 0.4271 1.1448, 3.0512 0.4215 1.1505, 3.0512 0.4108 1.1582, 3.0512 0.3965 1.1639, 3.0512 0.3784 1.1664, 3.0512 0.3761 1.1664, 3.0512 0.3419 1.1664, 3.0512 0.3755 1.1526, 3.0512 0.3574 1.1526, 3.0512 0.3574 1.06, 3.0512 0.3748 1.06, 3.0512 0.4105 1.0726, 3.0512 0.4077 1.0701, 3.0512 0.3996 1.065, 3.0512 0.3891 1.0614, 3.0512 0.4233 1.1075, 3.0512 0.423 1.1007, 3.0512 0.4208 1.0895, 3.0512 0.4168 1.0805, 3.0512 0.4102 1.1413, 3.0512 0.4143 1.1372, 3.0512 0.4187 1.1302, 3.0512 0.4219 1.121, 3.0512 0.3907 1.151, 3.0512 0.4012 1.1473
            ]
        }
        coordIndex [
            0,1,2,-1,3,4,5,-1,3,5,6,-1,6,5,7,-1,6,7,2,-1,2,7,8,-1,2,8,0,-1,9,1,10,-1,10,1,0,-1,11,9,12,-1,12,9,10,-1,13,14,15,-1,15,14,11,-1,15,11,16,-1,16,11,12,-1,17,14,18,-1,18,14,13,-1,18,19,17,-1,17,19,20,-1,17,20,21,-1,21,20,22,-1,21,22,23,-1,23,22,24,-1,23,24,25,-1,25,24,26,-1,25,26,27,-1,27,26,28,-1,27,28,29,-1,29,28,30,-1,29,30,31,-1,31,30,32,-1,31,32,33,-1,33,32,34,-1,33,34,35,-1,35,34,36,-1,35,36,37,-1,37,36,38,-1,37,38,39,-1,39,38,40,-1,39,40,41,-1,41,40,42,-1,41,42,43,-1,43,42,44,-1,43,44,45,-1,45,44,46,-1,45,46,47,-1,47,46,48,-1,47,48,49,-1,49,48,50,-1,49,50,51,-1,51,50,52,-1,51,52,53,-1,53,52,54,-1,53,54,55,-1,55,54,56,-1,55,56,57,-1,57,56,58,-1,57,58,59,-1,59,58,60,-1,59,60,61,-1,61,60,62,-1,61,62,63,-1,63,62,64,-1,63,64,65,-1,65,64,66,-1,65,66,67,-1,67,66,68,-1,67,68,69,-1,69,68,70,-1,69,70,71,-1,71,70,72,-1,71,72,73,-1,73,72,74,-1,73,74,75,-1,76,75,77,-1,77,75,74,-1,76,77,78,-1,76,78,79,-1,79,78,80,-1,79,80,81,-1,81,80,82,-1,81,82,83,-1,83,82,84,-1,83,84,85,-1,85,84,86,-1,85,86,87,-1,88,87,89,-1,89,87,86,-1,89,90,88,-1,88,90,91,-1,88,91,92,-1,92,91,93,-1,92,93,94,-1,94,93,95,-1,94,95,96,-1,96,95,97,-1,96,97,98,-1,98,97,99,-1,98,99,100,-1,100,99,101,-1,100,101,102,-1,103,104,105,-1,102,101,106,-1,102,106,107,-1,107,106,108,-1,107,108,105,-1,105,108,109,-1,105,109,103,-1,104,103,110,-1,104,110,111,-1,111,110,112,-1,111,112,113,-1,113,112,114,-1,113,114,115,-1,115,114,116,-1,115,116,117,-1,117,116,118,-1,117,118,119,-1,119,118,120,-1,119,120,121,-1,121,120,122,-1,121,122,123,-1,123,122,124,-1,123,124,125,-1,125,124,126,-1,125,126,127,-1,127,126,128,-1,127,128,129,-1,129,128,130,-1,129,130,131,-1,131,130,132,-1,131,132,133,-1,133,132,134,-1,133,134,135,-1,135,134,4,-1,135,4,3,-1,61,63,85,-1,85,63,83,-1,111,43,104,-1,104,43,45,-1,21,23,127,-1,127,23,25,-1,127,25,125,-1,125,25,27,-1,125,27,123,-1,123,27,29,-1,123,29,121,-1,121,29,31,-1,121,31,119,-1,119,31,33,-1,119,33,117,-1,117,33,35,-1,117,35,115,-1,115,35,37,-1,115,37,113,-1,113,37,39,-1,113,39,111,-1,111,39,41,-1,111,41,43,-1,14,3,11,-1,11,3,6,-1,11,6,9,-1,9,6,2,-1,9,2,1,-1,63,65,83,-1,83,65,67,-1,83,67,81,-1,81,67,69,-1,81,69,79,-1,79,69,71,-1,79,71,76,-1,76,71,73,-1,76,73,75,-1,127,129,21,-1,21,129,131,-1,21,131,17,-1,17,131,133,-1,17,133,14,-1,14,133,135,-1,14,135,3,-1,85,87,61,-1,61,87,88,-1,61,88,59,-1,59,88,92,-1,59,92,57,-1,57,92,94,-1,57,94,55,-1,55,94,96,-1,55,96,53,-1,53,96,98,-1,53,98,51,-1,51,98,100,-1,51,100,49,-1,49,100,102,-1,49,102,47,-1,47,102,107,-1,47,107,45,-1,45,107,105,-1,45,105,104,-1,136,137,138,-1,138,137,139,-1,140,136,141,-1,141,136,138,-1,140,141,142,-1,140,142,143,-1,143,142,144,-1,143,144,145,-1,146,145,147,-1,147,145,144,-1,148,146,149,-1,149,146,147,-1,150,151,152,-1,152,151,148,-1,152,148,149,-1,153,151,154,-1,154,151,150,-1,155,156,157,-1,157,156,153,-1,157,153,154,-1,158,159,160,-1,160,159,156,-1,160,156,155,-1,159,158,161,-1,159,161,162,-1,162,161,163,-1,162,163,164,-1,163,165,164,-1,164,165,166,-1,164,166,167,-1,167,166,168,-1,167,168,169,-1,169,168,170,-1,169,170,171,-1,171,170,172,-1,171,172,173,-1,173,172,174,-1,173,174,175,-1,176,175,177,-1,177,175,174,-1,176,177,178,-1,176,178,179,-1,179,178,180,-1,179,180,181,-1,181,180,182,-1,181,182,183,-1,183,182,184,-1,183,184,185,-1,184,186,185,-1,185,186,187,-1,185,187,188,-1,188,187,189,-1,188,189,190,-1,190,189,191,-1,190,191,192,-1,192,191,193,-1,192,193,194,-1,139,137,195,-1,195,137,194,-1,195,194,193,-1,143,145,194,-1,137,136,194,-1,194,136,140,-1,194,140,143,-1,151,153,148,-1,148,153,156,-1,148,156,146,-1,192,162,190,-1,190,162,164,-1,175,176,173,-1,173,176,179,-1,173,179,171,-1,171,179,181,-1,171,181,169,-1,169,181,183,-1,169,183,167,-1,167,183,185,-1,167,185,164,-1,164,185,188,-1,164,188,190,-1,145,146,194,-1,194,146,156,-1,194,156,192,-1,192,156,159,-1,192,159,162,-1,196,197,198,-1,198,197,199,-1,200,201,202,-1,202,201,196,-1,202,196,198,-1,203,201,204,-1,204,201,200,-1,205,206,207,-1,207,206,203,-1,207,203,204,-1,208,206,209,-1,209,206,205,-1,210,211,212,-1,212,211,208,-1,212,208,209,-1,213,211,214,-1,214,211,210,-1,215,216,217,-1,217,216,213,-1,217,213,214,-1,218,216,219,-1,219,216,215,-1,220,221,222,-1,222,221,218,-1,222,218,219,-1,223,221,224,-1,224,221,220,-1,199,197,225,-1,225,197,223,-1,225,223,224,-1,223,197,196,-1,196,201,223,-1,223,201,203,-1,223,203,221,-1,216,218,213,-1,213,218,221,-1,213,221,211,-1,211,221,203,-1,211,203,208,-1,208,203,206,-1,226,227,228,-1,228,227,229,-1,228,229,230,-1,230,229,231,-1,230,231,232,-1,232,231,233,-1,232,233,234,-1,234,233,235,-1,234,235,236,-1,236,235,237,-1,236,237,238,-1,238,237,239,-1,238,239,240,-1,240,239,241,-1,240,241,242,-1,242,241,243,-1,243,241,244,-1,243,244,245,-1,245,244,246,-1,245,246,247,-1,247,246,248,-1,247,248,249,-1,249,248,250,-1,249,250,251,-1,251,250,252,-1,251,252,253,-1,253,252,254,-1,253,254,255,-1,255,254,256,-1,255,256,257,-1,257,256,258,-1,257,258,259,-1,259,258,260,-1,259,260,226,-1,226,260,261,-1,226,261,227,-1,235,233,262,-1,262,233,263,-1,235,262,264,-1,235,264,237,-1,237,264,265,-1,237,265,239,-1,239,265,266,-1,239,266,241,-1,241,266,267,-1,241,267,244,-1,244,267,268,-1,244,268,246,-1,246,268,269,-1,246,269,248,-1,248,269,270,-1,248,270,250,-1,250,270,271,-1,250,271,252,-1,252,271,272,-1,252,272,254,-1,254,272,273,-1,254,273,256,-1,256,273,274,-1,256,274,258,-1,258,274,275,-1,258,275,260,-1,260,275,276,-1,260,276,261,-1,261,276,277,-1,261,277,227,-1,227,277,278,-1,227,278,229,-1,231,229,279,-1,279,229,278,-1,233,231,263,-1,263,231,279,-1,228,230,280,-1,280,230,281,-1,230,232,281,-1,281,232,282,-1,232,234,282,-1,282,234,283,-1,242,284,285,-1,242,285,240,-1,240,285,286,-1,240,286,238,-1,238,286,287,-1,238,287,236,-1,236,287,283,-1,236,283,234,-1,249,288,289,-1,249,289,247,-1,247,289,290,-1,247,290,245,-1,245,290,291,-1,245,291,243,-1,243,291,284,-1,243,284,242,-1,257,292,293,-1,257,293,255,-1,255,293,294,-1,255,294,253,-1,253,294,295,-1,253,295,251,-1,251,295,288,-1,251,288,249,-1,228,280,296,-1,228,296,226,-1,226,296,297,-1,226,297,259,-1,259,297,292,-1,259,292,257,-1,
        ]
    }
}
Shape{
    appearance Appearance {
        material  Material 	{
            diffuseColor 0.807843137254902 0.49411764705882355 0.18823529411764706
            specularColor 0.403921568627451 0.24705882352941178 0.09411764705882353
            ambientIntensity 0.5531
            transparency 0.0
            shininess 0.5
        }
    }
    geometry IndexedFaceSet {
        ccw TRUE
        solid FALSE
        coord DEF co Coordinate {
            point [
                3.0512 0.3574 1.1526, 3.0512 0.3574 1.06, 3.0512 0.3755 1.1526, 3.0512 0.3748 1.06, 3.0512 0.3891 1.0614, 3.0512 0.3996 1.065, 3.0512 0.4077 1.0701, 3.0512 0.4105 1.0726, 3.0512 0.4168 1.0805, 3.0512 0.4208 1.0895, 3.0512 0.423 1.1007, 3.0512 0.4233 1.1075, 3.0512 0.4219 1.121, 3.0512 0.4187 1.1302, 3.0512 0.4143 1.1372, 3.0512 0.4102 1.1413, 3.0512 0.3907 1.151, 3.0512 0.4012 1.1473
            ]
        }
        coordIndex [
            0,1,2,-1,2,1,3,-1,2,3,4,-1,4,5,2,-1,2,5,6,-1,2,6,7,-1,7,8,2,-1,2,8,9,-1,2,9,10,-1,10,11,2,-1,2,11,12,-1,2,12,13,-1,13,14,2,-1,2,14,15,-1,2,15,16,-1,16,15,17,-1,
        ]
    }
}
Shape{
    appearance Appearance {
        material  Material 	{
            diffuseColor 0.0 0.0 0.0
            specularColor 0.0 0.0 0.0
            ambientIntensity 0.0
            transparency 0.0
            shininess 0.5
        }
    }
    geometry IndexedFaceSet {
        ccw TRUE
        solid FALSE
        coord DEF co Coordinate {
            point [
                3.0512 0.4799 1.0928, 3.0512 0.475 1.0792, 3.0512 0.5202 1.0928, 3.0512 0.525 1.0792, 3.0512 0.4979 1.1427, 3.0512 0.4921 1.1664, 3.0512 0.4463 1.0463, 3.0512 0.4634 1.0463, 3.0512 0.4989 1.1463, 3.0512 0.4998 1.1511, 3.0512 0.5086 1.1664, 3.0512 0.5002 1.1511, 3.0512 0.5012 1.146, 3.0512 0.5021 1.1427, 3.0512 0.5544 1.0463, 3.0512 0.5373 1.0463, 3.0512 0.5086 1.1664, 3.0512 0.5544 1.0463, 3.0512 0.4921 1.1664, 3.0512 0.4463 1.0463, 3.0512 0.4634 1.0463, 3.0512 0.475 1.0792, 3.0512 0.525 1.0792, 3.0512 0.5373 1.0463, 3.0512 0.4799 1.0928, 3.0512 0.5202 1.0928, 3.0512 0.5021 1.1427, 3.0512 0.5002 1.1511, 3.0512 0.5012 1.146, 3.0512 0.4998 1.1511, 3.0512 0.4979 1.1427, 3.0512 0.4989 1.1463
            ]
        }
        coordIndex [
            0,1,2,-1,2,1,3,-1,4,5,0,-1,0,5,6,-1,0,6,1,-1,1,6,7,-1,4,8,5,-1,5,8,9,-1,5,9,10,-1,10,9,11,-1,10,11,12,-1,12,13,10,-1,10,13,2,-1,10,2,14,-1,14,2,3,-1,14,3,15,-1,10,14,16,-1,16,14,17,-1,5,10,18,-1,18,10,16,-1,6,5,19,-1,19,5,18,-1,7,6,20,-1,20,6,19,-1,1,7,21,-1,21,7,20,-1,3,1,22,-1,22,1,21,-1,15,3,23,-1,23,3,22,-1,14,15,17,-1,17,15,23,-1,0,2,24,-1,24,2,25,-1,2,13,25,-1,25,13,26,-1,11,27,28,-1,11,28,12,-1,12,28,26,-1,12,26,13,-1,11,9,27,-1,27,9,29,-1,4,30,31,-1,4,31,8,-1,8,31,29,-1,8,29,9,-1,4,0,30,-1,30,0,24,-1,
        ]
    }
}
Shape{
    appearance Appearance {
        material  Material 	{
            diffuseColor 0.807843137254902 0.49411764705882355 0.18823529411764706
            specularColor 0.403921568627451 0.24705882352941178 0.09411764705882353
            ambientIntensity 0.5531
            transparency 0.0
            shininess 0.5
        }
    }
    geometry IndexedFaceSet {
        ccw TRUE
        solid FALSE
        coord DEF co Coordinate {
            point [
                3.0512 0.5002 1.1511, 3.0512 0.4998 1.1511, 3.0512 0.5012 1.146, 3.0512 0.4989 1.1463, 3.0512 0.5021 1.1427, 3.0512 0.4979 1.1427, 3.0512 0.5202 1.0928, 3.0512 0.4799 1.0928
            ]
        }
        coordIndex [
            0,1,2,-1,2,1,3,-1,2,3,4,-1,4,3,5,-1,4,5,6,-1,6,5,7,-1,
        ]
    }
}
Shape{
    appearance Appearance {
        material  Material 	{
            diffuseColor 0.0 0.0 0.0
            specularColor 0.0 0.0 0.0
            ambientIntensity 0.0
            transparency 0.0
            shininess 0.5
        }
    }
    geometry IndexedFaceSet {
        ccw TRUE
        solid FALSE
        coord DEF co Coordinate {
            point [
                3.0512 -0.6311 1.2532, 3.0512 -0.6121 1.2633, 3.0512 -0.6165 1.3159, 3.0512 -0.4661 1.0258, 3.0512 -0.456 1.0449, 3.0512 -0.451 1.0659, 3.0512 -0.5632 1.3183, 3.0512 -0.5368 1.256, 3.0512 -0.5237 1.283, 3.0512 -0.5684 1.0636, 3.0512 -0.57 1.0716, 3.0512 -0.6162 1.1048, 3.0512 -0.617 1.0476, 3.0512 -0.6279 1.0509, 3.0512 -0.6348 1.1163, 3.0512 -0.5829 1.32, 3.0512 -0.331 1.1467, 3.0512 -0.3574 1.1919, 3.0512 -0.4505 1.0835, 3.0512 -0.4719 1.1322, 3.0512 -0.4505 1.075, 3.0512 -0.4962 0.9994, 3.0512 -0.4791 1.0113, 3.0512 -0.565 1.0565, 3.0512 -0.5957 1.0136, 3.0512 -0.6084 1.0293, 3.0512 -0.3028 1.2312, 3.0512 -0.296 1.2312, 3.0512 -0.2609 1.2773, 3.0512 -0.2797 1.2292, 3.0512 -0.2568 1.2759, 3.0512 -0.2648 1.2235, 3.0512 -0.2314 1.2633, 3.0512 -0.2082 1.2438, 3.0512 -0.5457 1.3387, 3.0512 -0.5045 1.3059, 3.0512 -0.5257 1.3559, 3.0512 -0.4817 1.3226, 3.0512 -0.5048 1.3688, 3.0512 -0.591 1.2683, 3.0512 -0.582 1.2688, 3.0512 -0.5731 1.3195, 3.0512 -0.5618 1.2663, 3.0512 -0.5427 1.2592, 3.0512 -0.5097 1.0547, 3.0512 -0.5143 1.0495, 3.0512 -0.5208 1.0449, 3.0512 -0.5152 0.9921, 3.0512 -0.5282 1.0419, 3.0512 -0.5359 0.9896, 3.0512 -0.5368 1.0408, 3.0512 -0.5391 0.9896, 3.0512 -0.5382 1.0408, 3.0512 -0.5593 0.9927, 3.0512 -0.5459 1.0421, 3.0512 -0.579 1.001, 3.0512 -0.5536 1.0454, 3.0512 -0.5601 1.0504, 3.0512 -0.5056 1.086, 3.0512 -0.5037 1.0781, 3.0512 -0.5037 1.0703, 3.0512 -0.5057 1.0621, 3.0512 -0.208 1.0843, 3.0512 -0.2477 1.1183, 3.0512 -0.2312 1.0647, 3.0512 -0.2604 1.108, 3.0512 -0.2573 1.0519, 3.0512 -0.2754 1.101, 3.0512 -0.2857 1.0459, 3.0512 -0.2908 1.098, 3.0512 -0.3361 1.0459, 3.0512 -0.3293 1.098, 3.0512 -0.3409 1.0467, 3.0512 -0.5695 1.08, 3.0512 -0.567 1.088, 3.0512 -0.6068 1.1232, 3.0512 -0.5626 1.0951, 3.0512 -0.5927 1.1393, 3.0512 -0.5592 1.0986, 3.0512 -0.5752 1.1514, 3.0512 -0.5526 1.1034, 3.0512 -0.5563 1.1587, 3.0512 -0.5451 1.1063, 3.0512 -0.5359 1.1612, 3.0512 -0.5368 1.1074, 3.0512 -0.5256 1.1606, 3.0512 -0.5296 1.1066, 3.0512 -0.5049 1.1555, 3.0512 -0.5217 1.1038, 3.0512 -0.4868 1.1458, 3.0512 -0.5148 1.0992, 3.0512 -0.5093 1.093, 3.0512 -0.2515 1.2142, 3.0512 -0.2418 1.2033, 3.0512 -0.1908 1.2195, 3.0512 -0.2338 1.1886, 3.0512 -0.1803 1.1934, 3.0512 -0.2298 1.1722, 3.0512 -0.1764 1.1655, 3.0512 -0.2293 1.1646, 3.0512 -0.1803 1.135, 3.0512 -0.2314 1.148, 3.0512 -0.191 1.108, 3.0512 -0.2373 1.1327, 3.0512 -0.2467 1.1194, 3.0512 -0.3071 1.3448, 3.0512 -0.3406 1.3056, 3.0512 -0.2787 1.312, 3.0512 -0.3213 1.2826, 3.0512 -0.3081 1.2551, 3.0512 -0.6649 1.2041, 3.0512 -0.721 1.1899, 3.0512 -0.6674 1.1834, 3.0512 -0.7212 1.1817, 3.0512 -0.6664 1.1701, 3.0512 -0.7171 1.1482, 3.0512 -0.6602 1.1492, 3.0512 -0.7048 1.1164, 3.0512 -0.6501 1.1321, 3.0512 -0.6853 1.0886, 3.0512 -0.6587 1.0659, 3.0512 -0.4654 1.384, 3.0512 -0.4538 1.3339, 3.0512 -0.4232 1.3892, 3.0512 -0.4223 1.338, 3.0512 -0.388 1.3855, 3.0512 -0.3933 1.3344, 3.0512 -0.3451 1.3704, 3.0512 -0.3666 1.3241, 3.0512 -0.3426 1.3075, 3.0512 -0.6482 1.3036, 3.0512 -0.6753 1.2845, 3.0512 -0.6457 1.2402, 3.0512 -0.6811 1.279, 3.0512 -0.6575 1.2232, 3.0512 -0.7016 1.2527, 3.0512 -0.7152 1.2219, 3.0512 -0.3335 1.0988, 3.0512 -0.3541 1.0549, 3.0512 -0.3521 1.0529, 3.0512 -0.331 1.0982, 3.0512 -0.3465 1.0489, 3.0512 -0.3608 1.0724, 3.0512 -0.36 1.066, 3.0512 -0.3578 1.0602, 3.0512 -0.341 1.098, 3.0512 -0.3469 1.0957, 3.0512 -0.3606 1.0758, 3.0512 -0.3521 1.092, 3.0512 -0.3556 1.0881, 3.0512 -0.3589 1.0823, 3.0512 -0.3344 1.0989, 3.0512 -0.1764 1.1655, 3.0512 -0.1803 1.1934, 3.0512 -0.1832 1.2006, 3.0512 -0.1908 1.2195, 3.0512 -0.2025 1.2359, 3.0512 -0.2082 1.2438, 3.0512 -0.2314 1.2633, 3.0512 -0.2568 1.2759, 3.0512 -0.2609 1.2773, 3.0512 -0.2787 1.312, 3.0512 -0.3071 1.3448, 3.0512 -0.3267 1.358, 3.0512 -0.3451 1.3704, 3.0512 -0.388 1.3855, 3.0512 -0.4232 1.3892, 3.0512 -0.5257 1.3559, 3.0512 -0.5223 1.358, 3.0512 -0.5048 1.3688, 3.0512 -0.4654 1.384, 3.0512 -0.5457 1.3387, 3.0512 -0.5632 1.3183, 3.0512 -0.5731 1.3195, 3.0512 -0.5829 1.32, 3.0512 -0.6165 1.3159, 3.0512 -0.6482 1.3036, 3.0512 -0.6753 1.2845, 3.0512 -0.6811 1.279, 3.0512 -0.7212 1.1817, 3.0512 -0.7016 1.2527, 3.0512 -0.7091 1.2359, 3.0512 -0.7152 1.2219, 3.0512 -0.719 1.2006, 3.0512 -0.721 1.1899, 3.0512 -0.7171 1.1482, 3.0512 -0.7048 1.1164, 3.0512 -0.6853 1.0886, 3.0512 -0.6587 1.0659, 3.0512 -0.6279 1.0509, 3.0512 -0.617 1.0476, 3.0512 -0.6159 1.0453, 3.0512 -0.6084 1.0293, 3.0512 -0.5957 1.0136, 3.0512 -0.579 1.001, 3.0512 -0.5712 0.9977, 3.0512 -0.5593 0.9927, 3.0512 -0.5391 0.9896, 3.0512 -0.5359 0.9896, 3.0512 -0.4505 1.075, 3.0512 -0.5152 0.9921, 3.0512 -0.5006 0.9977, 3.0512 -0.4962 0.9994, 3.0512 -0.4791 1.0113, 3.0512 -0.4661 1.0258, 3.0512 -0.456 1.0449, 3.0512 -0.4559 1.0453, 3.0512 -0.451 1.0659, 3.0512 -0.4505 1.0835, 3.0512 -0.331 1.1467, 3.0512 -0.3574 1.1919, 3.0512 -0.4719 1.1322, 3.0512 -0.4868 1.1458, 3.0512 -0.5049 1.1555, 3.0512 -0.5256 1.1606, 3.0512 -0.5359 1.1612, 3.0512 -0.5563 1.1587, 3.0512 -0.5752 1.1514, 3.0512 -0.5927 1.1393, 3.0512 -0.6068 1.1232, 3.0512 -0.6162 1.1048, 3.0512 -0.6348 1.1163, 3.0512 -0.6501 1.1321, 3.0512 -0.6602 1.1492, 3.0512 -0.6664 1.1701, 3.0512 -0.6674 1.1834, 3.0512 -0.6653 1.2006, 3.0512 -0.6649 1.2041, 3.0512 -0.6575 1.2232, 3.0512 -0.6487 1.2359, 3.0512 -0.6457 1.2402, 3.0512 -0.6311 1.2532, 3.0512 -0.6121 1.2633, 3.0512 -0.591 1.2683, 3.0512 -0.582 1.2688, 3.0512 -0.5618 1.2663, 3.0512 -0.5427 1.2592, 3.0512 -0.5368 1.256, 3.0512 -0.5237 1.283, 3.0512 -0.5045 1.3059, 3.0512 -0.4817 1.3226, 3.0512 -0.4538 1.3339, 3.0512 -0.4223 1.338, 3.0512 -0.3028 1.2312, 3.0512 -0.3038 1.2359, 3.0512 -0.3081 1.2551, 3.0512 -0.3213 1.2826, 3.0512 -0.3406 1.3056, 3.0512 -0.3426 1.3075, 3.0512 -0.3666 1.3241, 3.0512 -0.3933 1.3344, 3.0512 -0.296 1.2312, 3.0512 -0.2797 1.2292, 3.0512 -0.2648 1.2235, 3.0512 -0.2515 1.2142, 3.0512 -0.2418 1.2033, 3.0512 -0.2403 1.2006, 3.0512 -0.2338 1.1886, 3.0512 -0.2298 1.1722, 3.0512 -0.2293 1.1646, 3.0512 -0.2314 1.148, 3.0512 -0.2373 1.1327, 3.0512 -0.2467 1.1194, 3.0512 -0.2477 1.1183, 3.0512 -0.2604 1.108, 3.0512 -0.2754 1.101, 3.0512 -0.2908 1.098, 3.0512 -0.3293 1.098, 3.0512 -0.331 1.0982, 3.0512 -0.3335 1.0988, 3.0512 -0.3344 1.0989, 3.0512 -0.341 1.098, 3.0512 -0.3469 1.0957, 3.0512 -0.3521 1.092, 3.0512 -0.3556 1.0881, 3.0512 -0.3589 1.0823, 3.0512 -0.3606 1.0758, 3.0512 -0.3608 1.0724, 3.0512 -0.36 1.066, 3.0512 -0.3578 1.0602, 3.0512 -0.3541 1.0549, 3.0512 -0.3521 1.0529, 3.0512 -0.3465 1.0489, 3.0512 -0.3409 1.0467, 3.0512 -0.3361 1.0459, 3.0512 -0.2857 1.0459, 3.0512 -0.2573 1.0519, 3.0512 -0.2312 1.0647, 3.0512 -0.208 1.0843, 3.0512 -0.191 1.108, 3.0512 -0.1803 1.135, 3.0512 -0.5368 1.1074, 3.0512 -0.5296 1.1066, 3.0512 -0.5217 1.1038, 3.0512 -0.5148 1.0992, 3.0512 -0.5093 1.093, 3.0512 -0.5056 1.086, 3.0512 -0.5037 1.0781, 3.0512 -0.5037 1.0703, 3.0512 -0.5057 1.0621, 3.0512 -0.5097 1.0547, 3.0512 -0.5143 1.0495, 3.0512 -0.5208 1.0449, 3.0512 -0.5282 1.0419, 3.0512 -0.5368 1.0408, 3.0512 -0.5382 1.0408, 3.0512 -0.5459 1.0421, 3.0512 -0.5536 1.0454, 3.0512 -0.5601 1.0504, 3.0512 -0.565 1.0565, 3.0512 -0.5684 1.0636, 3.0512 -0.57 1.0716, 3.0512 -0.5695 1.08, 3.0512 -0.567 1.088, 3.0512 -0.5626 1.0951, 3.0512 -0.5592 1.0986, 3.0512 -0.5526 1.1034, 3.0512 -0.5451 1.1063
            ]
        }
        coordIndex [
            0,1,2,-1,3,4,5,-1,6,7,8,-1,9,10,11,-1,12,11,13,-1,13,11,14,-1,2,1,15,-1,16,17,18,-1,18,17,19,-1,18,19,20,-1,20,19,21,-1,20,21,5,-1,5,21,22,-1,5,22,3,-1,23,9,24,-1,24,9,11,-1,24,11,25,-1,25,11,12,-1,26,27,28,-1,28,27,29,-1,28,29,30,-1,30,29,31,-1,30,31,32,-1,32,31,33,-1,6,8,34,-1,34,8,35,-1,34,35,36,-1,36,35,37,-1,36,37,38,-1,1,39,15,-1,15,39,40,-1,15,40,41,-1,41,40,42,-1,41,42,6,-1,6,42,43,-1,6,43,7,-1,44,45,21,-1,21,45,46,-1,21,46,47,-1,47,46,48,-1,47,48,49,-1,49,48,50,-1,49,50,51,-1,51,50,52,-1,51,52,53,-1,53,52,54,-1,53,54,55,-1,55,54,56,-1,55,56,24,-1,24,56,57,-1,24,57,23,-1,58,59,19,-1,19,59,60,-1,19,60,21,-1,21,60,61,-1,21,61,44,-1,62,63,64,-1,64,63,65,-1,64,65,66,-1,66,65,67,-1,66,67,68,-1,68,67,69,-1,68,69,70,-1,70,69,71,-1,70,71,72,-1,10,73,11,-1,11,73,74,-1,11,74,75,-1,75,74,76,-1,75,76,77,-1,77,76,78,-1,77,78,79,-1,79,78,80,-1,79,80,81,-1,81,80,82,-1,81,82,83,-1,83,82,84,-1,83,84,85,-1,85,84,86,-1,85,86,87,-1,87,86,88,-1,87,88,89,-1,89,88,90,-1,89,90,19,-1,19,90,91,-1,19,91,58,-1,31,92,33,-1,33,92,93,-1,33,93,94,-1,94,93,95,-1,94,95,96,-1,96,95,97,-1,96,97,98,-1,98,97,99,-1,98,99,100,-1,100,99,101,-1,100,101,102,-1,102,101,103,-1,102,103,62,-1,62,103,104,-1,62,104,63,-1,105,106,107,-1,107,106,108,-1,107,108,28,-1,28,108,109,-1,28,109,26,-1,110,111,112,-1,112,111,113,-1,112,113,114,-1,114,113,115,-1,114,115,116,-1,116,115,117,-1,116,117,118,-1,118,117,119,-1,118,119,14,-1,14,119,120,-1,14,120,13,-1,38,37,121,-1,121,37,122,-1,121,122,123,-1,123,122,124,-1,123,124,125,-1,125,124,126,-1,125,126,127,-1,127,126,128,-1,127,128,105,-1,105,128,129,-1,105,129,106,-1,2,130,0,-1,0,130,131,-1,0,131,132,-1,132,131,133,-1,132,133,134,-1,134,133,135,-1,134,135,110,-1,110,135,136,-1,110,136,111,-1,137,138,139,-1,71,140,72,-1,72,140,137,-1,72,137,141,-1,141,137,139,-1,142,143,137,-1,137,143,144,-1,137,144,138,-1,145,146,147,-1,146,148,147,-1,147,148,149,-1,147,149,150,-1,142,137,147,-1,147,137,151,-1,147,151,145,-1,98,152,153,-1,98,153,96,-1,96,153,154,-1,96,154,94,-1,154,155,94,-1,94,155,156,-1,94,156,33,-1,156,157,33,-1,33,157,158,-1,33,158,32,-1,32,158,159,-1,32,159,30,-1,30,159,160,-1,30,160,28,-1,28,160,161,-1,28,161,107,-1,107,161,162,-1,107,162,105,-1,105,162,163,-1,105,163,127,-1,163,164,127,-1,127,164,165,-1,127,165,125,-1,125,165,166,-1,125,166,123,-1,167,36,168,-1,168,36,38,-1,168,38,169,-1,169,38,121,-1,169,121,170,-1,170,121,123,-1,170,123,166,-1,36,167,171,-1,36,171,34,-1,34,171,172,-1,34,172,6,-1,6,172,173,-1,6,173,41,-1,41,173,174,-1,41,174,15,-1,15,174,175,-1,15,175,2,-1,2,175,176,-1,2,176,130,-1,130,176,177,-1,130,177,131,-1,131,177,178,-1,131,178,133,-1,179,113,111,-1,133,178,180,-1,133,180,135,-1,135,180,181,-1,135,181,136,-1,181,182,136,-1,136,182,183,-1,136,183,111,-1,111,183,184,-1,111,184,179,-1,113,179,185,-1,113,185,115,-1,115,185,186,-1,115,186,117,-1,117,186,187,-1,117,187,119,-1,119,187,188,-1,119,188,120,-1,120,188,189,-1,120,189,13,-1,13,189,190,-1,13,190,12,-1,12,190,191,-1,12,191,25,-1,191,192,25,-1,25,192,193,-1,25,193,24,-1,24,193,194,-1,24,194,55,-1,55,194,195,-1,55,195,53,-1,195,196,53,-1,53,196,197,-1,53,197,51,-1,51,197,198,-1,51,198,49,-1,199,20,5,-1,49,198,200,-1,49,200,47,-1,47,200,201,-1,47,201,21,-1,201,202,21,-1,21,202,203,-1,21,203,22,-1,22,203,204,-1,22,204,3,-1,3,204,205,-1,3,205,4,-1,4,205,206,-1,4,206,5,-1,5,206,207,-1,5,207,199,-1,18,20,208,-1,208,20,199,-1,16,18,209,-1,209,18,208,-1,17,16,210,-1,210,16,209,-1,19,17,211,-1,211,17,210,-1,19,211,212,-1,19,212,89,-1,89,212,213,-1,89,213,87,-1,87,213,214,-1,87,214,85,-1,85,214,215,-1,85,215,83,-1,83,215,216,-1,83,216,81,-1,81,216,217,-1,81,217,79,-1,79,217,218,-1,79,218,77,-1,77,218,219,-1,77,219,75,-1,75,219,220,-1,75,220,11,-1,11,220,221,-1,11,221,14,-1,14,221,222,-1,14,222,118,-1,118,222,223,-1,118,223,116,-1,116,223,224,-1,116,224,114,-1,114,224,225,-1,114,225,112,-1,110,112,226,-1,226,112,225,-1,226,227,110,-1,110,227,228,-1,110,228,134,-1,134,228,229,-1,134,229,132,-1,229,230,132,-1,132,230,231,-1,132,231,0,-1,0,231,232,-1,0,232,1,-1,1,232,233,-1,1,233,39,-1,39,233,234,-1,39,234,40,-1,40,234,235,-1,40,235,42,-1,42,235,236,-1,42,236,43,-1,43,236,237,-1,43,237,7,-1,7,237,238,-1,7,238,8,-1,8,238,239,-1,8,239,35,-1,35,239,240,-1,35,240,37,-1,37,240,241,-1,37,241,122,-1,122,241,242,-1,122,242,124,-1,243,26,244,-1,244,26,109,-1,244,109,245,-1,245,109,108,-1,245,108,246,-1,246,108,106,-1,246,106,247,-1,247,106,129,-1,247,129,248,-1,248,129,128,-1,248,128,249,-1,249,128,126,-1,249,126,250,-1,250,126,124,-1,250,124,242,-1,27,26,251,-1,251,26,243,-1,27,251,252,-1,27,252,29,-1,29,252,253,-1,29,253,31,-1,31,253,254,-1,31,254,92,-1,92,254,255,-1,92,255,93,-1,93,255,256,-1,93,256,95,-1,256,257,95,-1,95,257,258,-1,95,258,97,-1,97,258,259,-1,97,259,99,-1,99,259,260,-1,99,260,101,-1,101,260,261,-1,101,261,103,-1,103,261,262,-1,103,262,104,-1,104,262,263,-1,104,263,63,-1,63,263,264,-1,63,264,65,-1,65,264,265,-1,65,265,67,-1,67,265,266,-1,67,266,69,-1,71,69,267,-1,267,69,266,-1,71,267,268,-1,71,268,140,-1,140,268,269,-1,140,269,137,-1,137,269,270,-1,137,270,151,-1,151,270,271,-1,151,271,145,-1,145,271,272,-1,145,272,146,-1,146,272,273,-1,146,273,148,-1,148,273,274,-1,148,274,149,-1,149,274,275,-1,149,275,150,-1,150,275,276,-1,150,276,147,-1,147,276,277,-1,147,277,142,-1,142,277,278,-1,142,278,143,-1,143,278,279,-1,143,279,144,-1,144,279,280,-1,144,280,138,-1,138,280,281,-1,138,281,139,-1,139,281,282,-1,139,282,141,-1,141,282,283,-1,141,283,72,-1,72,283,284,-1,72,284,70,-1,68,70,285,-1,285,70,284,-1,68,285,286,-1,68,286,66,-1,66,286,287,-1,66,287,64,-1,64,287,288,-1,64,288,62,-1,62,288,289,-1,62,289,102,-1,102,289,290,-1,102,290,100,-1,100,290,152,-1,100,152,98,-1,84,291,292,-1,84,292,86,-1,86,292,293,-1,86,293,88,-1,88,293,294,-1,88,294,90,-1,90,294,295,-1,90,295,91,-1,91,295,296,-1,91,296,58,-1,58,296,297,-1,58,297,59,-1,59,297,298,-1,59,298,60,-1,60,298,299,-1,60,299,61,-1,61,299,300,-1,61,300,44,-1,44,300,301,-1,44,301,45,-1,45,301,302,-1,45,302,46,-1,46,302,303,-1,46,303,48,-1,48,303,304,-1,48,304,50,-1,50,304,305,-1,50,305,52,-1,52,305,306,-1,52,306,54,-1,54,306,307,-1,54,307,56,-1,56,307,308,-1,56,308,57,-1,57,308,309,-1,57,309,23,-1,23,309,310,-1,23,310,9,-1,9,310,311,-1,9,311,10,-1,10,311,312,-1,10,312,73,-1,73,312,313,-1,73,313,74,-1,74,313,314,-1,74,314,76,-1,76,314,315,-1,76,315,78,-1,78,315,316,-1,78,316,80,-1,80,316,317,-1,80,317,82,-1,82,317,291,-1,82,291,84,-1,
        ]
    }
}
Shape{
    appearance Appearance {
        material  Material 	{
            diffuseColor 0.807843137254902 0.49411764705882355 0.18823529411764706
            specularColor 0.403921568627451 0.24705882352941178 0.09411764705882353
            ambientIntensity 0.5531
            transparency 0.0
            shininess 0.5
        }
    }
    geometry IndexedFaceSet {
        ccw TRUE
        solid FALSE
        coord DEF co Coordinate {
            point [
                3.0512 -0.5382 1.0408, 3.0512 -0.5592 1.0986, 3.0512 -0.5626 1.0951, 3.0512 -0.5282 1.0419, 3.0512 -0.5208 1.0449, 3.0512 -0.5296 1.1066, 3.0512 -0.5368 1.1074, 3.0512 -0.5451 1.1063, 3.0512 -0.5526 1.1034, 3.0512 -0.5684 1.0636, 3.0512 -0.565 1.0565, 3.0512 -0.5601 1.0504, 3.0512 -0.5368 1.0408, 3.0512 -0.567 1.088, 3.0512 -0.5695 1.08, 3.0512 -0.57 1.0716, 3.0512 -0.5536 1.0454, 3.0512 -0.5459 1.0421, 3.0512 -0.5143 1.0495, 3.0512 -0.5097 1.0547, 3.0512 -0.5057 1.0621, 3.0512 -0.5037 1.0703, 3.0512 -0.5037 1.0781, 3.0512 -0.5056 1.086, 3.0512 -0.5093 1.093, 3.0512 -0.5148 1.0992, 3.0512 -0.5217 1.1038
            ]
        }
        coordIndex [
            0,1,2,-1,3,4,5,-1,6,7,0,-1,0,7,8,-1,0,8,1,-1,9,10,2,-1,2,10,11,-1,6,0,5,-1,5,0,12,-1,5,12,3,-1,13,14,2,-1,2,14,15,-1,2,15,9,-1,11,16,2,-1,2,16,17,-1,2,17,0,-1,4,18,5,-1,5,18,19,-1,5,19,20,-1,20,21,5,-1,5,21,22,-1,5,22,23,-1,23,24,5,-1,5,24,25,-1,5,25,26,-1,
        ]
    }
}