solid OpenSCAD_Model
  facet normal -1 0 0
    outer loop
      vertex -5 -12 3.9
      vertex -5 -70 5.9
      vertex -5 -12 5.9
    endloop
  endfacet
  facet normal -1 0 0
    outer loop
      vertex -5 -118 3.9
      vertex -5 -70 5.9
      vertex -5 -12 3.9
    endloop
  endfacet
  facet normal -1 0 0
    outer loop
      vertex -5 -118 18.2
      vertex -5 -70 5.9
      vertex -5 -118 3.9
    endloop
  endfacet
  facet normal -1 0 0
    outer loop
      vertex -5 -70 5.9
      vertex -5 -118 18.2
      vertex -5 -70 18.2
    endloop
  endfacet
  facet normal 0 0 1
    outer loop
      vertex 90.728 -45.2036 5.9
      vertex 78.572 -45.2036 5.9
      vertex 90.9342 -45.5446 5.9
    endloop
  endfacet
  facet normal 0 0 1
    outer loop
      vertex 91.1799 -59.4817 5.9
      vertex 78.9259 -61.2722 5.9
      vertex 78.95 -61.67 5.9
    endloop
  endfacet
  facet normal 0 0 1
    outer loop
      vertex 78.3658 -45.5446 5.9
      vertex 90.9342 -45.5446 5.9
      vertex 78.572 -45.2036 5.9
    endloop
  endfacet
  facet normal 0 0 1
    outer loop
      vertex 91.1799 -59.4817 5.9
      vertex 78.8541 -60.8803 5.9
      vertex 78.9259 -61.2722 5.9
    endloop
  endfacet
  facet normal 0 0 1
    outer loop
      vertex 90.9342 -45.5446 5.9
      vertex 78.3658 -45.5446 5.9
      vertex 91.1799 -45.8583 5.9
    endloop
  endfacet
  facet normal 0 0 1
    outer loop
      vertex 91.1799 -59.4817 5.9
      vertex 78.7355 -60.4998 5.9
      vertex 78.8541 -60.8803 5.9
    endloop
  endfacet
  facet normal 0 0 1
    outer loop
      vertex 78.1201 -45.8583 5.9
      vertex 91.1799 -45.8583 5.9
      vertex 78.3658 -45.5446 5.9
    endloop
  endfacet
  facet normal 0 0 1
    outer loop
      vertex 91.1799 -59.4817 5.9
      vertex 78.572 -60.1364 5.9
      vertex 78.7355 -60.4998 5.9
    endloop
  endfacet
  facet normal 0 0 1
    outer loop
      vertex 91.1799 -45.8583 5.9
      vertex 78.1201 -45.8583 5.9
      vertex 91.1799 -59.4817 5.9
    endloop
  endfacet
  facet normal 0 0 1
    outer loop
      vertex 91.1799 -59.4817 5.9
      vertex 78.3658 -59.7954 5.9
      vertex 78.572 -60.1364 5.9
    endloop
  endfacet
  facet normal 0 0 1
    outer loop
      vertex 78.1201 -59.4817 5.9
      vertex 91.1799 -59.4817 5.9
      vertex 78.1201 -45.8583 5.9
    endloop
  endfacet
  facet normal 0 0 1
    outer loop
      vertex 91.1799 -59.4817 5.9
      vertex 78.1201 -59.4817 5.9
      vertex 78.3658 -59.7954 5.9
    endloop
  endfacet
  facet normal -0 0 1
    outer loop
      vertex 77.8383 -46.1401 5.9
      vertex 78.1201 -59.4817 5.9
      vertex 78.1201 -45.8583 5.9
    endloop
  endfacet
  facet normal 0 0 1
    outer loop
      vertex 77.8383 -46.1401 5.9
      vertex 77.8383 -59.1999 5.9
      vertex 78.1201 -59.4817 5.9
    endloop
  endfacet
  facet normal -0 0 1
    outer loop
      vertex 77.5246 -46.3858 5.9
      vertex 77.8383 -59.1999 5.9
      vertex 77.8383 -46.1401 5.9
    endloop
  endfacet
  facet normal 0 0 1
    outer loop
      vertex 77.5246 -46.3858 5.9
      vertex 77.5246 -58.9542 5.9
      vertex 77.8383 -59.1999 5.9
    endloop
  endfacet
  facet normal -0 0 1
    outer loop
      vertex 77.1836 -46.592 5.9
      vertex 77.5246 -58.9542 5.9
      vertex 77.5246 -46.3858 5.9
    endloop
  endfacet
  facet normal 0 0 1
    outer loop
      vertex 77.1836 -46.592 5.9
      vertex 77.1836 -58.748 5.9
      vertex 77.5246 -58.9542 5.9
    endloop
  endfacet
  facet normal -0 0 1
    outer loop
      vertex 76.8202 -46.7556 5.9
      vertex 77.1836 -58.748 5.9
      vertex 77.1836 -46.592 5.9
    endloop
  endfacet
  facet normal 0 0 1
    outer loop
      vertex 76.8202 -46.7556 5.9
      vertex 76.8202 -58.5844 5.9
      vertex 77.1836 -58.748 5.9
    endloop
  endfacet
  facet normal -0 0 1
    outer loop
      vertex 76.4397 -46.8741 5.9
      vertex 76.8202 -58.5844 5.9
      vertex 76.8202 -46.7556 5.9
    endloop
  endfacet
  facet normal 0 0 1
    outer loop
      vertex 76.4397 -46.8741 5.9
      vertex 76.4397 -58.4659 5.9
      vertex 76.8202 -58.5844 5.9
    endloop
  endfacet
  facet normal -0 0 1
    outer loop
      vertex 76.0478 -46.9459 5.9
      vertex 76.4397 -58.4659 5.9
      vertex 76.4397 -46.8741 5.9
    endloop
  endfacet
  facet normal 0 0 1
    outer loop
      vertex 76.0478 -46.9459 5.9
      vertex 76.0478 -58.3941 5.9
      vertex 76.4397 -58.4659 5.9
    endloop
  endfacet
  facet normal -0 0 1
    outer loop
      vertex 75.65 -46.97 5.9
      vertex 76.0478 -58.3941 5.9
      vertex 76.0478 -46.9459 5.9
    endloop
  endfacet
  facet normal 0 0 1
    outer loop
      vertex 75.65 -46.97 5.9
      vertex 75.65 -58.37 5.9
      vertex 76.0478 -58.3941 5.9
    endloop
  endfacet
  facet normal 0 0 1
    outer loop
      vertex 75.2522 -46.9459 5.9
      vertex 75.65 -58.37 5.9
      vertex 75.65 -46.97 5.9
    endloop
  endfacet
  facet normal 0 0 1
    outer loop
      vertex 75.2522 -46.9459 5.9
      vertex 75.2522 -58.3941 5.9
      vertex 75.65 -58.37 5.9
    endloop
  endfacet
  facet normal 0 0 1
    outer loop
      vertex 74.8603 -46.8741 5.9
      vertex 75.2522 -58.3941 5.9
      vertex 75.2522 -46.9459 5.9
    endloop
  endfacet
  facet normal 0 0 1
    outer loop
      vertex 74.8603 -46.8741 5.9
      vertex 74.8603 -58.4659 5.9
      vertex 75.2522 -58.3941 5.9
    endloop
  endfacet
  facet normal 0 0 1
    outer loop
      vertex 74.4798 -46.7556 5.9
      vertex 74.8603 -58.4659 5.9
      vertex 74.8603 -46.8741 5.9
    endloop
  endfacet
  facet normal 0 0 1
    outer loop
      vertex 74.4798 -46.7556 5.9
      vertex 74.4798 -58.5844 5.9
      vertex 74.8603 -58.4659 5.9
    endloop
  endfacet
  facet normal 0 0 1
    outer loop
      vertex 74.1164 -46.592 5.9
      vertex 74.4798 -58.5844 5.9
      vertex 74.4798 -46.7556 5.9
    endloop
  endfacet
  facet normal 0 0 1
    outer loop
      vertex 74.1164 -46.592 5.9
      vertex 74.1164 -58.748 5.9
      vertex 74.4798 -58.5844 5.9
    endloop
  endfacet
  facet normal 0 0 1
    outer loop
      vertex 73.7754 -46.3858 5.9
      vertex 74.1164 -58.748 5.9
      vertex 74.1164 -46.592 5.9
    endloop
  endfacet
  facet normal 0 0 1
    outer loop
      vertex 73.7754 -46.3858 5.9
      vertex 73.7754 -58.9542 5.9
      vertex 74.1164 -58.748 5.9
    endloop
  endfacet
  facet normal 0 0 1
    outer loop
      vertex 73.4617 -46.1401 5.9
      vertex 73.7754 -58.9542 5.9
      vertex 73.7754 -46.3858 5.9
    endloop
  endfacet
  facet normal 0 0 1
    outer loop
      vertex 73.4617 -46.1401 5.9
      vertex 73.4617 -59.1999 5.9
      vertex 73.7754 -58.9542 5.9
    endloop
  endfacet
  facet normal 0 0 1
    outer loop
      vertex 73.1799 -45.8583 5.9
      vertex 73.4617 -59.1999 5.9
      vertex 73.4617 -46.1401 5.9
    endloop
  endfacet
  facet normal 0 0 1
    outer loop
      vertex 73.1799 -45.8583 5.9
      vertex 73.1799 -59.4817 5.9
      vertex 73.4617 -59.1999 5.9
    endloop
  endfacet
  facet normal 0 0 1
    outer loop
      vertex 72.9342 -45.5446 5.9
      vertex 73.1799 -59.4817 5.9
      vertex 73.1799 -45.8583 5.9
    endloop
  endfacet
  facet normal 0 0 1
    outer loop
      vertex 72.9342 -45.5446 5.9
      vertex 72.9342 -59.7954 5.9
      vertex 73.1799 -59.4817 5.9
    endloop
  endfacet
  facet normal 0 0 1
    outer loop
      vertex 72.728 -45.2036 5.9
      vertex 72.9342 -59.7954 5.9
      vertex 72.9342 -45.5446 5.9
    endloop
  endfacet
  facet normal 0 0 1
    outer loop
      vertex 72.728 -45.2036 5.9
      vertex 72.728 -60.1364 5.9
      vertex 72.9342 -59.7954 5.9
    endloop
  endfacet
  facet normal 0 0 1
    outer loop
      vertex 72.5644 -44.8402 5.9
      vertex 72.728 -60.1364 5.9
      vertex 72.728 -45.2036 5.9
    endloop
  endfacet
  facet normal 0 0 1
    outer loop
      vertex 72.5644 -44.8402 5.9
      vertex 72.5644 -60.4998 5.9
      vertex 72.728 -60.1364 5.9
    endloop
  endfacet
  facet normal 0 0 1
    outer loop
      vertex 72.4459 -44.4597 5.9
      vertex 72.5644 -60.4998 5.9
      vertex 72.5644 -44.8402 5.9
    endloop
  endfacet
  facet normal 0 0 1
    outer loop
      vertex 72.4459 -44.4597 5.9
      vertex 72.4459 -60.8803 5.9
      vertex 72.5644 -60.4998 5.9
    endloop
  endfacet
  facet normal 0 0 1
    outer loop
      vertex -5 -70 5.9
      vertex 72.4459 -44.4597 5.9
      vertex 72.3741 -44.0678 5.9
    endloop
  endfacet
  facet normal 0 0 1
    outer loop
      vertex 72.4459 -44.4597 5.9
      vertex -5 -70 5.9
      vertex 72.4459 -60.8803 5.9
    endloop
  endfacet
  facet normal 0 0 1
    outer loop
      vertex 5.23504 -20.0942 5.9
      vertex 72.3741 -44.0678 5.9
      vertex 72.35 -43.67 5.9
    endloop
  endfacet
  facet normal 0 0 1
    outer loop
      vertex 72.4459 -60.8803 5.9
      vertex -5 -70 5.9
      vertex 72.3741 -61.2722 5.9
    endloop
  endfacet
  facet normal 0 0 1
    outer loop
      vertex 90.728 -27.2036 5.9
      vertex 78.572 -27.2036 5.9
      vertex 90.9342 -27.5446 5.9
    endloop
  endfacet
  facet normal 0 0 1
    outer loop
      vertex 91.1799 -41.4817 5.9
      vertex 78.9259 -43.2722 5.9
      vertex 78.95 -43.67 5.9
    endloop
  endfacet
  facet normal 0 0 1
    outer loop
      vertex 78.3658 -27.5446 5.9
      vertex 90.9342 -27.5446 5.9
      vertex 78.572 -27.2036 5.9
    endloop
  endfacet
  facet normal 0 0 1
    outer loop
      vertex 91.1799 -41.4817 5.9
      vertex 78.8541 -42.8803 5.9
      vertex 78.9259 -43.2722 5.9
    endloop
  endfacet
  facet normal 0 0 1
    outer loop
      vertex 90.9342 -27.5446 5.9
      vertex 78.3658 -27.5446 5.9
      vertex 91.1799 -27.8583 5.9
    endloop
  endfacet
  facet normal 0 0 1
    outer loop
      vertex 91.1799 -41.4817 5.9
      vertex 78.7355 -42.4998 5.9
      vertex 78.8541 -42.8803 5.9
    endloop
  endfacet
  facet normal 0 0 1
    outer loop
      vertex 78.1201 -27.8583 5.9
      vertex 91.1799 -27.8583 5.9
      vertex 78.3658 -27.5446 5.9
    endloop
  endfacet
  facet normal 0 0 1
    outer loop
      vertex 91.1799 -41.4817 5.9
      vertex 78.572 -42.1364 5.9
      vertex 78.7355 -42.4998 5.9
    endloop
  endfacet
  facet normal 0 0 1
    outer loop
      vertex 91.1799 -27.8583 5.9
      vertex 78.1201 -27.8583 5.9
      vertex 91.1799 -41.4817 5.9
    endloop
  endfacet
  facet normal 0 0 1
    outer loop
      vertex 91.1799 -41.4817 5.9
      vertex 78.3658 -41.7954 5.9
      vertex 78.572 -42.1364 5.9
    endloop
  endfacet
  facet normal 0 0 1
    outer loop
      vertex 78.1201 -41.4817 5.9
      vertex 91.1799 -41.4817 5.9
      vertex 78.1201 -27.8583 5.9
    endloop
  endfacet
  facet normal 0 0 1
    outer loop
      vertex 91.1799 -41.4817 5.9
      vertex 78.1201 -41.4817 5.9
      vertex 78.3658 -41.7954 5.9
    endloop
  endfacet
  facet normal -0 0 1
    outer loop
      vertex 77.8383 -28.1401 5.9
      vertex 78.1201 -41.4817 5.9
      vertex 78.1201 -27.8583 5.9
    endloop
  endfacet
  facet normal 0 0 1
    outer loop
      vertex 77.8383 -28.1401 5.9
      vertex 77.8383 -41.1999 5.9
      vertex 78.1201 -41.4817 5.9
    endloop
  endfacet
  facet normal -0 0 1
    outer loop
      vertex 77.5246 -28.3858 5.9
      vertex 77.8383 -41.1999 5.9
      vertex 77.8383 -28.1401 5.9
    endloop
  endfacet
  facet normal 0 0 1
    outer loop
      vertex 77.5246 -28.3858 5.9
      vertex 77.5246 -40.9542 5.9
      vertex 77.8383 -41.1999 5.9
    endloop
  endfacet
  facet normal -0 0 1
    outer loop
      vertex 77.1836 -28.592 5.9
      vertex 77.5246 -40.9542 5.9
      vertex 77.5246 -28.3858 5.9
    endloop
  endfacet
  facet normal 0 0 1
    outer loop
      vertex 77.1836 -28.592 5.9
      vertex 77.1836 -40.748 5.9
      vertex 77.5246 -40.9542 5.9
    endloop
  endfacet
  facet normal -0 0 1
    outer loop
      vertex 76.8202 -28.7556 5.9
      vertex 77.1836 -40.748 5.9
      vertex 77.1836 -28.592 5.9
    endloop
  endfacet
  facet normal 0 0 1
    outer loop
      vertex 76.8202 -28.7556 5.9
      vertex 76.8202 -40.5844 5.9
      vertex 77.1836 -40.748 5.9
    endloop
  endfacet
  facet normal -0 0 1
    outer loop
      vertex 76.4397 -28.8741 5.9
      vertex 76.8202 -40.5844 5.9
      vertex 76.8202 -28.7556 5.9
    endloop
  endfacet
  facet normal 0 0 1
    outer loop
      vertex 76.4397 -28.8741 5.9
      vertex 76.4397 -40.4659 5.9
      vertex 76.8202 -40.5844 5.9
    endloop
  endfacet
  facet normal -0 0 1
    outer loop
      vertex 76.0478 -28.9459 5.9
      vertex 76.4397 -40.4659 5.9
      vertex 76.4397 -28.8741 5.9
    endloop
  endfacet
  facet normal 0 0 1
    outer loop
      vertex 76.0478 -28.9459 5.9
      vertex 76.0478 -40.3941 5.9
      vertex 76.4397 -40.4659 5.9
    endloop
  endfacet
  facet normal -0 0 1
    outer loop
      vertex 75.65 -28.97 5.9
      vertex 76.0478 -40.3941 5.9
      vertex 76.0478 -28.9459 5.9
    endloop
  endfacet
  facet normal 0 0 1
    outer loop
      vertex 75.65 -28.97 5.9
      vertex 75.65 -40.37 5.9
      vertex 76.0478 -40.3941 5.9
    endloop
  endfacet
  facet normal 0 0 1
    outer loop
      vertex 75.2522 -28.9459 5.9
      vertex 75.65 -40.37 5.9
      vertex 75.65 -28.97 5.9
    endloop
  endfacet
  facet normal 0 0 1
    outer loop
      vertex 75.2522 -28.9459 5.9
      vertex 75.2522 -40.3941 5.9
      vertex 75.65 -40.37 5.9
    endloop
  endfacet
  facet normal 0 0 1
    outer loop
      vertex 74.8603 -28.8741 5.9
      vertex 75.2522 -40.3941 5.9
      vertex 75.2522 -28.9459 5.9
    endloop
  endfacet
  facet normal 0 0 1
    outer loop
      vertex 74.8603 -28.8741 5.9
      vertex 74.8603 -40.4659 5.9
      vertex 75.2522 -40.3941 5.9
    endloop
  endfacet
  facet normal 0 0 1
    outer loop
      vertex 74.4798 -28.7556 5.9
      vertex 74.8603 -40.4659 5.9
      vertex 74.8603 -28.8741 5.9
    endloop
  endfacet
  facet normal 0 0 1
    outer loop
      vertex 74.4798 -28.7556 5.9
      vertex 74.4798 -40.5844 5.9
      vertex 74.8603 -40.4659 5.9
    endloop
  endfacet
  facet normal 0 0 1
    outer loop
      vertex 74.1164 -28.592 5.9
      vertex 74.4798 -40.5844 5.9
      vertex 74.4798 -28.7556 5.9
    endloop
  endfacet
  facet normal 0 0 1
    outer loop
      vertex 74.1164 -28.592 5.9
      vertex 74.1164 -40.748 5.9
      vertex 74.4798 -40.5844 5.9
    endloop
  endfacet
  facet normal 0 0 1
    outer loop
      vertex 73.7754 -28.3858 5.9
      vertex 74.1164 -40.748 5.9
      vertex 74.1164 -28.592 5.9
    endloop
  endfacet
  facet normal 0 0 1
    outer loop
      vertex 73.7754 -28.3858 5.9
      vertex 73.7754 -40.9542 5.9
      vertex 74.1164 -40.748 5.9
    endloop
  endfacet
  facet normal 0 0 1
    outer loop
      vertex 73.4617 -28.1401 5.9
      vertex 73.7754 -40.9542 5.9
      vertex 73.7754 -28.3858 5.9
    endloop
  endfacet
  facet normal 0 0 1
    outer loop
      vertex 73.4617 -28.1401 5.9
      vertex 73.4617 -41.1999 5.9
      vertex 73.7754 -40.9542 5.9
    endloop
  endfacet
  facet normal 0 0 1
    outer loop
      vertex 73.1799 -27.8583 5.9
      vertex 73.4617 -41.1999 5.9
      vertex 73.4617 -28.1401 5.9
    endloop
  endfacet
  facet normal 0 0 1
    outer loop
      vertex 73.1799 -27.8583 5.9
      vertex 73.1799 -41.4817 5.9
      vertex 73.4617 -41.1999 5.9
    endloop
  endfacet
  facet normal 0 0 1
    outer loop
      vertex 72.9342 -27.5446 5.9
      vertex 73.1799 -41.4817 5.9
      vertex 73.1799 -27.8583 5.9
    endloop
  endfacet
  facet normal 0 0 1
    outer loop
      vertex 72.9342 -27.5446 5.9
      vertex 72.9342 -41.7954 5.9
      vertex 73.1799 -41.4817 5.9
    endloop
  endfacet
  facet normal 0 0 1
    outer loop
      vertex 72.728 -27.2036 5.9
      vertex 72.9342 -41.7954 5.9
      vertex 72.9342 -27.5446 5.9
    endloop
  endfacet
  facet normal 0 0 1
    outer loop
      vertex 72.728 -27.2036 5.9
      vertex 72.728 -42.1364 5.9
      vertex 72.9342 -41.7954 5.9
    endloop
  endfacet
  facet normal 0 0 1
    outer loop
      vertex 72.5644 -26.8402 5.9
      vertex 72.728 -42.1364 5.9
      vertex 72.728 -27.2036 5.9
    endloop
  endfacet
  facet normal 0 0 1
    outer loop
      vertex 72.5644 -26.8402 5.9
      vertex 72.5644 -42.4998 5.9
      vertex 72.728 -42.1364 5.9
    endloop
  endfacet
  facet normal 0 0 1
    outer loop
      vertex 72.4459 -26.4597 5.9
      vertex 72.5644 -42.4998 5.9
      vertex 72.5644 -26.8402 5.9
    endloop
  endfacet
  facet normal 0 0 1
    outer loop
      vertex 72.4459 -26.4597 5.9
      vertex 72.4459 -42.8803 5.9
      vertex 72.5644 -42.4998 5.9
    endloop
  endfacet
  facet normal 0 0 1
    outer loop
      vertex 5.461 -19.7668 5.9
      vertex 72.4459 -26.4597 5.9
      vertex 72.3741 -26.0678 5.9
    endloop
  endfacet
  facet normal 0 0 1
    outer loop
      vertex 72.4459 -26.4597 5.9
      vertex 5.461 -19.7668 5.9
      vertex 72.4459 -42.8803 5.9
    endloop
  endfacet
  facet normal 0 0 1
    outer loop
      vertex 5.60205 -19.3949 5.9
      vertex 72.3741 -26.0678 5.9
      vertex 72.35 -25.67 5.9
    endloop
  endfacet
  facet normal 0 0 1
    outer loop
      vertex 72.4459 -42.8803 5.9
      vertex 5.461 -19.7668 5.9
      vertex 72.3741 -43.2722 5.9
    endloop
  endfacet
  facet normal 0 0 1
    outer loop
      vertex 108.728 -45.2036 5.9
      vertex 96.572 -45.2036 5.9
      vertex 108.934 -45.5446 5.9
    endloop
  endfacet
  facet normal 0 0 1
    outer loop
      vertex 109.18 -59.4817 5.9
      vertex 96.9259 -61.2722 5.9
      vertex 96.95 -61.67 5.9
    endloop
  endfacet
  facet normal 0 0 1
    outer loop
      vertex 96.3658 -45.5446 5.9
      vertex 108.934 -45.5446 5.9
      vertex 96.572 -45.2036 5.9
    endloop
  endfacet
  facet normal 0 0 1
    outer loop
      vertex 109.18 -59.4817 5.9
      vertex 96.8541 -60.8803 5.9
      vertex 96.9259 -61.2722 5.9
    endloop
  endfacet
  facet normal 0 0 1
    outer loop
      vertex 108.934 -45.5446 5.9
      vertex 96.3658 -45.5446 5.9
      vertex 109.18 -45.8583 5.9
    endloop
  endfacet
  facet normal 0 0 1
    outer loop
      vertex 109.18 -59.4817 5.9
      vertex 96.7355 -60.4998 5.9
      vertex 96.8541 -60.8803 5.9
    endloop
  endfacet
  facet normal 0 0 1
    outer loop
      vertex 96.1201 -45.8583 5.9
      vertex 109.18 -45.8583 5.9
      vertex 96.3658 -45.5446 5.9
    endloop
  endfacet
  facet normal 0 0 1
    outer loop
      vertex 109.18 -59.4817 5.9
      vertex 96.572 -60.1364 5.9
      vertex 96.7355 -60.4998 5.9
    endloop
  endfacet
  facet normal 0 0 1
    outer loop
      vertex 109.18 -45.8583 5.9
      vertex 96.1201 -45.8583 5.9
      vertex 109.18 -59.4817 5.9
    endloop
  endfacet
  facet normal 0 0 1
    outer loop
      vertex 109.18 -59.4817 5.9
      vertex 96.3658 -59.7954 5.9
      vertex 96.572 -60.1364 5.9
    endloop
  endfacet
  facet normal 0 0 1
    outer loop
      vertex 96.1201 -59.4817 5.9
      vertex 109.18 -59.4817 5.9
      vertex 96.1201 -45.8583 5.9
    endloop
  endfacet
  facet normal 0 0 1
    outer loop
      vertex 109.18 -59.4817 5.9
      vertex 96.1201 -59.4817 5.9
      vertex 96.3658 -59.7954 5.9
    endloop
  endfacet
  facet normal -0 0 1
    outer loop
      vertex 95.8383 -46.1401 5.9
      vertex 96.1201 -59.4817 5.9
      vertex 96.1201 -45.8583 5.9
    endloop
  endfacet
  facet normal 0 0 1
    outer loop
      vertex 95.8383 -46.1401 5.9
      vertex 95.8383 -59.1999 5.9
      vertex 96.1201 -59.4817 5.9
    endloop
  endfacet
  facet normal -0 0 1
    outer loop
      vertex 95.5246 -46.3858 5.9
      vertex 95.8383 -59.1999 5.9
      vertex 95.8383 -46.1401 5.9
    endloop
  endfacet
  facet normal 0 0 1
    outer loop
      vertex 95.5246 -46.3858 5.9
      vertex 95.5246 -58.9542 5.9
      vertex 95.8383 -59.1999 5.9
    endloop
  endfacet
  facet normal -0 0 1
    outer loop
      vertex 95.1836 -46.592 5.9
      vertex 95.5246 -58.9542 5.9
      vertex 95.5246 -46.3858 5.9
    endloop
  endfacet
  facet normal 0 0 1
    outer loop
      vertex 95.1836 -46.592 5.9
      vertex 95.1836 -58.748 5.9
      vertex 95.5246 -58.9542 5.9
    endloop
  endfacet
  facet normal -0 0 1
    outer loop
      vertex 94.8202 -46.7556 5.9
      vertex 95.1836 -58.748 5.9
      vertex 95.1836 -46.592 5.9
    endloop
  endfacet
  facet normal 0 0 1
    outer loop
      vertex 94.8202 -46.7556 5.9
      vertex 94.8202 -58.5844 5.9
      vertex 95.1836 -58.748 5.9
    endloop
  endfacet
  facet normal -0 0 1
    outer loop
      vertex 94.4397 -46.8741 5.9
      vertex 94.8202 -58.5844 5.9
      vertex 94.8202 -46.7556 5.9
    endloop
  endfacet
  facet normal 0 0 1
    outer loop
      vertex 94.4397 -46.8741 5.9
      vertex 94.4397 -58.4659 5.9
      vertex 94.8202 -58.5844 5.9
    endloop
  endfacet
  facet normal -0 0 1
    outer loop
      vertex 94.0478 -46.9459 5.9
      vertex 94.4397 -58.4659 5.9
      vertex 94.4397 -46.8741 5.9
    endloop
  endfacet
  facet normal 0 0 1
    outer loop
      vertex 94.0478 -46.9459 5.9
      vertex 94.0478 -58.3941 5.9
      vertex 94.4397 -58.4659 5.9
    endloop
  endfacet
  facet normal -0 0 1
    outer loop
      vertex 93.65 -46.97 5.9
      vertex 94.0478 -58.3941 5.9
      vertex 94.0478 -46.9459 5.9
    endloop
  endfacet
  facet normal 0 0 1
    outer loop
      vertex 93.65 -46.97 5.9
      vertex 93.65 -58.37 5.9
      vertex 94.0478 -58.3941 5.9
    endloop
  endfacet
  facet normal 0 0 1
    outer loop
      vertex 93.2522 -46.9459 5.9
      vertex 93.65 -58.37 5.9
      vertex 93.65 -46.97 5.9
    endloop
  endfacet
  facet normal 0 0 1
    outer loop
      vertex 93.2522 -46.9459 5.9
      vertex 93.2522 -58.3941 5.9
      vertex 93.65 -58.37 5.9
    endloop
  endfacet
  facet normal 0 0 1
    outer loop
      vertex 92.8603 -46.8741 5.9
      vertex 93.2522 -58.3941 5.9
      vertex 93.2522 -46.9459 5.9
    endloop
  endfacet
  facet normal 0 0 1
    outer loop
      vertex 92.8603 -46.8741 5.9
      vertex 92.8603 -58.4659 5.9
      vertex 93.2522 -58.3941 5.9
    endloop
  endfacet
  facet normal 0 0 1
    outer loop
      vertex 92.4798 -46.7556 5.9
      vertex 92.8603 -58.4659 5.9
      vertex 92.8603 -46.8741 5.9
    endloop
  endfacet
  facet normal 0 0 1
    outer loop
      vertex 92.4798 -46.7556 5.9
      vertex 92.4798 -58.5844 5.9
      vertex 92.8603 -58.4659 5.9
    endloop
  endfacet
  facet normal 0 0 1
    outer loop
      vertex 92.1164 -46.592 5.9
      vertex 92.4798 -58.5844 5.9
      vertex 92.4798 -46.7556 5.9
    endloop
  endfacet
  facet normal 0 0 1
    outer loop
      vertex 92.1164 -46.592 5.9
      vertex 92.1164 -58.748 5.9
      vertex 92.4798 -58.5844 5.9
    endloop
  endfacet
  facet normal 0 0 1
    outer loop
      vertex 91.7754 -46.3858 5.9
      vertex 92.1164 -58.748 5.9
      vertex 92.1164 -46.592 5.9
    endloop
  endfacet
  facet normal 0 0 1
    outer loop
      vertex 91.7754 -46.3858 5.9
      vertex 91.7754 -58.9542 5.9
      vertex 92.1164 -58.748 5.9
    endloop
  endfacet
  facet normal 0 0 1
    outer loop
      vertex 91.4617 -46.1401 5.9
      vertex 91.7754 -58.9542 5.9
      vertex 91.7754 -46.3858 5.9
    endloop
  endfacet
  facet normal 0 0 1
    outer loop
      vertex 91.4617 -46.1401 5.9
      vertex 91.4617 -59.1999 5.9
      vertex 91.7754 -58.9542 5.9
    endloop
  endfacet
  facet normal 0 0 1
    outer loop
      vertex 91.1799 -45.8583 5.9
      vertex 91.4617 -59.1999 5.9
      vertex 91.4617 -46.1401 5.9
    endloop
  endfacet
  facet normal 0 0 1
    outer loop
      vertex 91.1799 -45.8583 5.9
      vertex 91.1799 -59.4817 5.9
      vertex 91.4617 -59.1999 5.9
    endloop
  endfacet
  facet normal 0 0 1
    outer loop
      vertex 78.7355 -44.8402 5.9
      vertex 90.5644 -44.8402 5.9
      vertex 78.8541 -44.4597 5.9
    endloop
  endfacet
  facet normal 0 0 1
    outer loop
      vertex 90.5644 -44.8402 5.9
      vertex 78.7355 -44.8402 5.9
      vertex 90.728 -45.2036 5.9
    endloop
  endfacet
  facet normal 0 0 1
    outer loop
      vertex 90.4459 -44.4597 5.9
      vertex 78.8541 -44.4597 5.9
      vertex 90.5644 -44.8402 5.9
    endloop
  endfacet
  facet normal 0 0 1
    outer loop
      vertex 78.572 -45.2036 5.9
      vertex 90.728 -45.2036 5.9
      vertex 78.7355 -44.8402 5.9
    endloop
  endfacet
  facet normal 0 0 1
    outer loop
      vertex 78.8541 -44.4597 5.9
      vertex 90.4459 -44.4597 5.9
      vertex 78.9259 -44.0678 5.9
    endloop
  endfacet
  facet normal 0 0 1
    outer loop
      vertex 91.1799 -59.4817 5.9
      vertex 78.95 -61.67 5.9
      vertex 90.9342 -59.7954 5.9
    endloop
  endfacet
  facet normal 0 0 1
    outer loop
      vertex 90.3741 -44.0678 5.9
      vertex 78.9259 -44.0678 5.9
      vertex 90.4459 -44.4597 5.9
    endloop
  endfacet
  facet normal 0 0 1
    outer loop
      vertex 90.9342 -59.7954 5.9
      vertex 78.95 -61.67 5.9
      vertex 90.728 -60.1364 5.9
    endloop
  endfacet
  facet normal 0 0 1
    outer loop
      vertex 78.9259 -44.0678 5.9
      vertex 90.3741 -44.0678 5.9
      vertex 78.95 -43.67 5.9
    endloop
  endfacet
  facet normal 0 0 1
    outer loop
      vertex 90.728 -60.1364 5.9
      vertex 78.95 -61.67 5.9
      vertex 90.5644 -60.4998 5.9
    endloop
  endfacet
  facet normal -0 0 1
    outer loop
      vertex 78.95 -43.67 5.9
      vertex 90.3741 -44.0678 5.9
      vertex 90.35 -43.67 5.9
    endloop
  endfacet
  facet normal 0 0 1
    outer loop
      vertex 90.5644 -60.4998 5.9
      vertex 78.95 -61.67 5.9
      vertex 90.4459 -60.8803 5.9
    endloop
  endfacet
  facet normal 0 0 1
    outer loop
      vertex 108.728 -27.2036 5.9
      vertex 96.572 -27.2036 5.9
      vertex 108.934 -27.5446 5.9
    endloop
  endfacet
  facet normal 0 0 1
    outer loop
      vertex 109.18 -41.4817 5.9
      vertex 96.9259 -43.2722 5.9
      vertex 96.95 -43.67 5.9
    endloop
  endfacet
  facet normal 0 0 1
    outer loop
      vertex 96.3658 -27.5446 5.9
      vertex 108.934 -27.5446 5.9
      vertex 96.572 -27.2036 5.9
    endloop
  endfacet
  facet normal 0 0 1
    outer loop
      vertex 109.18 -41.4817 5.9
      vertex 96.8541 -42.8803 5.9
      vertex 96.9259 -43.2722 5.9
    endloop
  endfacet
  facet normal 0 0 1
    outer loop
      vertex 108.934 -27.5446 5.9
      vertex 96.3658 -27.5446 5.9
      vertex 109.18 -27.8583 5.9
    endloop
  endfacet
  facet normal 0 0 1
    outer loop
      vertex 109.18 -41.4817 5.9
      vertex 96.7355 -42.4998 5.9
      vertex 96.8541 -42.8803 5.9
    endloop
  endfacet
  facet normal 0 0 1
    outer loop
      vertex 96.1201 -27.8583 5.9
      vertex 109.18 -27.8583 5.9
      vertex 96.3658 -27.5446 5.9
    endloop
  endfacet
  facet normal 0 0 1
    outer loop
      vertex 109.18 -41.4817 5.9
      vertex 96.572 -42.1364 5.9
      vertex 96.7355 -42.4998 5.9
    endloop
  endfacet
  facet normal 0 0 1
    outer loop
      vertex 109.18 -27.8583 5.9
      vertex 96.1201 -27.8583 5.9
      vertex 109.18 -41.4817 5.9
    endloop
  endfacet
  facet normal 0 0 1
    outer loop
      vertex 109.18 -41.4817 5.9
      vertex 96.3658 -41.7954 5.9
      vertex 96.572 -42.1364 5.9
    endloop
  endfacet
  facet normal 0 0 1
    outer loop
      vertex 96.1201 -41.4817 5.9
      vertex 109.18 -41.4817 5.9
      vertex 96.1201 -27.8583 5.9
    endloop
  endfacet
  facet normal 0 0 1
    outer loop
      vertex 109.18 -41.4817 5.9
      vertex 96.1201 -41.4817 5.9
      vertex 96.3658 -41.7954 5.9
    endloop
  endfacet
  facet normal -0 0 1
    outer loop
      vertex 95.8383 -28.1401 5.9
      vertex 96.1201 -41.4817 5.9
      vertex 96.1201 -27.8583 5.9
    endloop
  endfacet
  facet normal 0 0 1
    outer loop
      vertex 95.8383 -28.1401 5.9
      vertex 95.8383 -41.1999 5.9
      vertex 96.1201 -41.4817 5.9
    endloop
  endfacet
  facet normal -0 0 1
    outer loop
      vertex 95.5246 -28.3858 5.9
      vertex 95.8383 -41.1999 5.9
      vertex 95.8383 -28.1401 5.9
    endloop
  endfacet
  facet normal 0 0 1
    outer loop
      vertex 95.5246 -28.3858 5.9
      vertex 95.5246 -40.9542 5.9
      vertex 95.8383 -41.1999 5.9
    endloop
  endfacet
  facet normal -0 0 1
    outer loop
      vertex 95.1836 -28.592 5.9
      vertex 95.5246 -40.9542 5.9
      vertex 95.5246 -28.3858 5.9
    endloop
  endfacet
  facet normal 0 0 1
    outer loop
      vertex 95.1836 -28.592 5.9
      vertex 95.1836 -40.748 5.9
      vertex 95.5246 -40.9542 5.9
    endloop
  endfacet
  facet normal -0 0 1
    outer loop
      vertex 94.8202 -28.7556 5.9
      vertex 95.1836 -40.748 5.9
      vertex 95.1836 -28.592 5.9
    endloop
  endfacet
  facet normal 0 0 1
    outer loop
      vertex 94.8202 -28.7556 5.9
      vertex 94.8202 -40.5844 5.9
      vertex 95.1836 -40.748 5.9
    endloop
  endfacet
  facet normal -0 0 1
    outer loop
      vertex 94.4397 -28.8741 5.9
      vertex 94.8202 -40.5844 5.9
      vertex 94.8202 -28.7556 5.9
    endloop
  endfacet
  facet normal 0 0 1
    outer loop
      vertex 94.4397 -28.8741 5.9
      vertex 94.4397 -40.4659 5.9
      vertex 94.8202 -40.5844 5.9
    endloop
  endfacet
  facet normal -0 0 1
    outer loop
      vertex 94.0478 -28.9459 5.9
      vertex 94.4397 -40.4659 5.9
      vertex 94.4397 -28.8741 5.9
    endloop
  endfacet
  facet normal 0 0 1
    outer loop
      vertex 94.0478 -28.9459 5.9
      vertex 94.0478 -40.3941 5.9
      vertex 94.4397 -40.4659 5.9
    endloop
  endfacet
  facet normal -0 0 1
    outer loop
      vertex 93.65 -28.97 5.9
      vertex 94.0478 -40.3941 5.9
      vertex 94.0478 -28.9459 5.9
    endloop
  endfacet
  facet normal 0 0 1
    outer loop
      vertex 93.65 -28.97 5.9
      vertex 93.65 -40.37 5.9
      vertex 94.0478 -40.3941 5.9
    endloop
  endfacet
  facet normal 0 0 1
    outer loop
      vertex 93.2522 -28.9459 5.9
      vertex 93.65 -40.37 5.9
      vertex 93.65 -28.97 5.9
    endloop
  endfacet
  facet normal 0 0 1
    outer loop
      vertex 93.2522 -28.9459 5.9
      vertex 93.2522 -40.3941 5.9
      vertex 93.65 -40.37 5.9
    endloop
  endfacet
  facet normal 0 0 1
    outer loop
      vertex 92.8603 -28.8741 5.9
      vertex 93.2522 -40.3941 5.9
      vertex 93.2522 -28.9459 5.9
    endloop
  endfacet
  facet normal 0 0 1
    outer loop
      vertex 92.8603 -28.8741 5.9
      vertex 92.8603 -40.4659 5.9
      vertex 93.2522 -40.3941 5.9
    endloop
  endfacet
  facet normal 0 0 1
    outer loop
      vertex 92.4798 -28.7556 5.9
      vertex 92.8603 -40.4659 5.9
      vertex 92.8603 -28.8741 5.9
    endloop
  endfacet
  facet normal 0 0 1
    outer loop
      vertex 92.4798 -28.7556 5.9
      vertex 92.4798 -40.5844 5.9
      vertex 92.8603 -40.4659 5.9
    endloop
  endfacet
  facet normal 0 0 1
    outer loop
      vertex 92.1164 -28.592 5.9
      vertex 92.4798 -40.5844 5.9
      vertex 92.4798 -28.7556 5.9
    endloop
  endfacet
  facet normal 0 0 1
    outer loop
      vertex 92.1164 -28.592 5.9
      vertex 92.1164 -40.748 5.9
      vertex 92.4798 -40.5844 5.9
    endloop
  endfacet
  facet normal 0 0 1
    outer loop
      vertex 91.7754 -28.3858 5.9
      vertex 92.1164 -40.748 5.9
      vertex 92.1164 -28.592 5.9
    endloop
  endfacet
  facet normal 0 0 1
    outer loop
      vertex 91.7754 -28.3858 5.9
      vertex 91.7754 -40.9542 5.9
      vertex 92.1164 -40.748 5.9
    endloop
  endfacet
  facet normal 0 0 1
    outer loop
      vertex 91.4617 -28.1401 5.9
      vertex 91.7754 -40.9542 5.9
      vertex 91.7754 -28.3858 5.9
    endloop
  endfacet
  facet normal 0 0 1
    outer loop
      vertex 91.4617 -28.1401 5.9
      vertex 91.4617 -41.1999 5.9
      vertex 91.7754 -40.9542 5.9
    endloop
  endfacet
  facet normal 0 0 1
    outer loop
      vertex 91.1799 -27.8583 5.9
      vertex 91.4617 -41.1999 5.9
      vertex 91.4617 -28.1401 5.9
    endloop
  endfacet
  facet normal 0 0 1
    outer loop
      vertex 91.1799 -27.8583 5.9
      vertex 91.1799 -41.4817 5.9
      vertex 91.4617 -41.1999 5.9
    endloop
  endfacet
  facet normal 0 0 1
    outer loop
      vertex 78.7355 -26.8402 5.9
      vertex 90.5644 -26.8402 5.9
      vertex 78.8541 -26.4597 5.9
    endloop
  endfacet
  facet normal 0 0 1
    outer loop
      vertex 90.5644 -26.8402 5.9
      vertex 78.7355 -26.8402 5.9
      vertex 90.728 -27.2036 5.9
    endloop
  endfacet
  facet normal 0 0 1
    outer loop
      vertex 90.4459 -26.4597 5.9
      vertex 78.8541 -26.4597 5.9
      vertex 90.5644 -26.8402 5.9
    endloop
  endfacet
  facet normal 0 0 1
    outer loop
      vertex 78.572 -27.2036 5.9
      vertex 90.728 -27.2036 5.9
      vertex 78.7355 -26.8402 5.9
    endloop
  endfacet
  facet normal 0 0 1
    outer loop
      vertex 78.8541 -26.4597 5.9
      vertex 90.4459 -26.4597 5.9
      vertex 78.9259 -26.0678 5.9
    endloop
  endfacet
  facet normal 0 0 1
    outer loop
      vertex 91.1799 -41.4817 5.9
      vertex 78.95 -43.67 5.9
      vertex 90.9342 -41.7954 5.9
    endloop
  endfacet
  facet normal 0 0 1
    outer loop
      vertex 90.3741 -26.0678 5.9
      vertex 78.9259 -26.0678 5.9
      vertex 90.4459 -26.4597 5.9
    endloop
  endfacet
  facet normal 0 0 1
    outer loop
      vertex 90.9342 -41.7954 5.9
      vertex 78.95 -43.67 5.9
      vertex 90.728 -42.1364 5.9
    endloop
  endfacet
  facet normal 0 0 1
    outer loop
      vertex 78.9259 -26.0678 5.9
      vertex 90.3741 -26.0678 5.9
      vertex 78.95 -25.67 5.9
    endloop
  endfacet
  facet normal 0 0 1
    outer loop
      vertex 90.728 -42.1364 5.9
      vertex 78.95 -43.67 5.9
      vertex 90.5644 -42.4998 5.9
    endloop
  endfacet
  facet normal -0 0 1
    outer loop
      vertex 78.95 -25.67 5.9
      vertex 90.3741 -26.0678 5.9
      vertex 90.35 -25.67 5.9
    endloop
  endfacet
  facet normal 0 0 1
    outer loop
      vertex 90.5644 -42.4998 5.9
      vertex 78.95 -43.67 5.9
      vertex 90.4459 -42.8803 5.9
    endloop
  endfacet
  facet normal 0 0 1
    outer loop
      vertex 126.728 -45.2036 5.9
      vertex 114.572 -45.2036 5.9
      vertex 126.934 -45.5446 5.9
    endloop
  endfacet
  facet normal 0 0 1
    outer loop
      vertex 127.18 -59.4817 5.9
      vertex 114.926 -61.2722 5.9
      vertex 114.95 -61.67 5.9
    endloop
  endfacet
  facet normal 0 0 1
    outer loop
      vertex 114.366 -45.5446 5.9
      vertex 126.934 -45.5446 5.9
      vertex 114.572 -45.2036 5.9
    endloop
  endfacet
  facet normal 0 0 1
    outer loop
      vertex 127.18 -59.4817 5.9
      vertex 114.854 -60.8803 5.9
      vertex 114.926 -61.2722 5.9
    endloop
  endfacet
  facet normal 0 0 1
    outer loop
      vertex 126.934 -45.5446 5.9
      vertex 114.366 -45.5446 5.9
      vertex 127.18 -45.8583 5.9
    endloop
  endfacet
  facet normal 0 0 1
    outer loop
      vertex 127.18 -59.4817 5.9
      vertex 114.736 -60.4998 5.9
      vertex 114.854 -60.8803 5.9
    endloop
  endfacet
  facet normal 0 0 1
    outer loop
      vertex 114.12 -45.8583 5.9
      vertex 127.18 -45.8583 5.9
      vertex 114.366 -45.5446 5.9
    endloop
  endfacet
  facet normal 0 0 1
    outer loop
      vertex 127.18 -59.4817 5.9
      vertex 114.572 -60.1364 5.9
      vertex 114.736 -60.4998 5.9
    endloop
  endfacet
  facet normal 0 0 1
    outer loop
      vertex 127.18 -45.8583 5.9
      vertex 114.12 -45.8583 5.9
      vertex 127.18 -59.4817 5.9
    endloop
  endfacet
  facet normal 0 0 1
    outer loop
      vertex 127.18 -59.4817 5.9
      vertex 114.366 -59.7954 5.9
      vertex 114.572 -60.1364 5.9
    endloop
  endfacet
  facet normal 0 0 1
    outer loop
      vertex 114.12 -59.4817 5.9
      vertex 127.18 -59.4817 5.9
      vertex 114.12 -45.8583 5.9
    endloop
  endfacet
  facet normal 0 0 1
    outer loop
      vertex 127.18 -59.4817 5.9
      vertex 114.12 -59.4817 5.9
      vertex 114.366 -59.7954 5.9
    endloop
  endfacet
  facet normal -0 0 1
    outer loop
      vertex 113.838 -46.1401 5.9
      vertex 114.12 -59.4817 5.9
      vertex 114.12 -45.8583 5.9
    endloop
  endfacet
  facet normal 0 0 1
    outer loop
      vertex 113.838 -46.1401 5.9
      vertex 113.838 -59.1999 5.9
      vertex 114.12 -59.4817 5.9
    endloop
  endfacet
  facet normal -0 0 1
    outer loop
      vertex 113.525 -46.3858 5.9
      vertex 113.838 -59.1999 5.9
      vertex 113.838 -46.1401 5.9
    endloop
  endfacet
  facet normal 0 0 1
    outer loop
      vertex 113.525 -46.3858 5.9
      vertex 113.525 -58.9542 5.9
      vertex 113.838 -59.1999 5.9
    endloop
  endfacet
  facet normal -0 0 1
    outer loop
      vertex 113.184 -46.592 5.9
      vertex 113.525 -58.9542 5.9
      vertex 113.525 -46.3858 5.9
    endloop
  endfacet
  facet normal 0 0 1
    outer loop
      vertex 113.184 -46.592 5.9
      vertex 113.184 -58.748 5.9
      vertex 113.525 -58.9542 5.9
    endloop
  endfacet
  facet normal -0 0 1
    outer loop
      vertex 112.82 -46.7556 5.9
      vertex 113.184 -58.748 5.9
      vertex 113.184 -46.592 5.9
    endloop
  endfacet
  facet normal 0 0 1
    outer loop
      vertex 112.82 -46.7556 5.9
      vertex 112.82 -58.5844 5.9
      vertex 113.184 -58.748 5.9
    endloop
  endfacet
  facet normal -0 0 1
    outer loop
      vertex 112.44 -46.8741 5.9
      vertex 112.82 -58.5844 5.9
      vertex 112.82 -46.7556 5.9
    endloop
  endfacet
  facet normal 0 0 1
    outer loop
      vertex 112.44 -46.8741 5.9
      vertex 112.44 -58.4659 5.9
      vertex 112.82 -58.5844 5.9
    endloop
  endfacet
  facet normal -0 0 1
    outer loop
      vertex 112.048 -46.9459 5.9
      vertex 112.44 -58.4659 5.9
      vertex 112.44 -46.8741 5.9
    endloop
  endfacet
  facet normal 0 0 1
    outer loop
      vertex 112.048 -46.9459 5.9
      vertex 112.048 -58.3941 5.9
      vertex 112.44 -58.4659 5.9
    endloop
  endfacet
  facet normal -0 0 1
    outer loop
      vertex 111.65 -46.97 5.9
      vertex 112.048 -58.3941 5.9
      vertex 112.048 -46.9459 5.9
    endloop
  endfacet
  facet normal 0 0 1
    outer loop
      vertex 111.65 -46.97 5.9
      vertex 111.65 -58.37 5.9
      vertex 112.048 -58.3941 5.9
    endloop
  endfacet
  facet normal 0 0 1
    outer loop
      vertex 111.252 -46.9459 5.9
      vertex 111.65 -58.37 5.9
      vertex 111.65 -46.97 5.9
    endloop
  endfacet
  facet normal 0 0 1
    outer loop
      vertex 111.252 -46.9459 5.9
      vertex 111.252 -58.3941 5.9
      vertex 111.65 -58.37 5.9
    endloop
  endfacet
  facet normal 0 0 1
    outer loop
      vertex 110.86 -46.8741 5.9
      vertex 111.252 -58.3941 5.9
      vertex 111.252 -46.9459 5.9
    endloop
  endfacet
  facet normal 0 0 1
    outer loop
      vertex 110.86 -46.8741 5.9
      vertex 110.86 -58.4659 5.9
      vertex 111.252 -58.3941 5.9
    endloop
  endfacet
  facet normal 0 0 1
    outer loop
      vertex 110.48 -46.7556 5.9
      vertex 110.86 -58.4659 5.9
      vertex 110.86 -46.8741 5.9
    endloop
  endfacet
  facet normal 0 0 1
    outer loop
      vertex 110.48 -46.7556 5.9
      vertex 110.48 -58.5844 5.9
      vertex 110.86 -58.4659 5.9
    endloop
  endfacet
  facet normal 0 0 1
    outer loop
      vertex 110.116 -46.592 5.9
      vertex 110.48 -58.5844 5.9
      vertex 110.48 -46.7556 5.9
    endloop
  endfacet
  facet normal 0 0 1
    outer loop
      vertex 110.116 -46.592 5.9
      vertex 110.116 -58.748 5.9
      vertex 110.48 -58.5844 5.9
    endloop
  endfacet
  facet normal 0 0 1
    outer loop
      vertex 109.775 -46.3858 5.9
      vertex 110.116 -58.748 5.9
      vertex 110.116 -46.592 5.9
    endloop
  endfacet
  facet normal 0 0 1
    outer loop
      vertex 109.775 -46.3858 5.9
      vertex 109.775 -58.9542 5.9
      vertex 110.116 -58.748 5.9
    endloop
  endfacet
  facet normal 0 0 1
    outer loop
      vertex 109.462 -46.1401 5.9
      vertex 109.775 -58.9542 5.9
      vertex 109.775 -46.3858 5.9
    endloop
  endfacet
  facet normal 0 0 1
    outer loop
      vertex 109.462 -46.1401 5.9
      vertex 109.462 -59.1999 5.9
      vertex 109.775 -58.9542 5.9
    endloop
  endfacet
  facet normal 0 0 1
    outer loop
      vertex 109.18 -45.8583 5.9
      vertex 109.462 -59.1999 5.9
      vertex 109.462 -46.1401 5.9
    endloop
  endfacet
  facet normal 0 0 1
    outer loop
      vertex 109.18 -45.8583 5.9
      vertex 109.18 -59.4817 5.9
      vertex 109.462 -59.1999 5.9
    endloop
  endfacet
  facet normal 0 0 1
    outer loop
      vertex 96.7355 -44.8402 5.9
      vertex 108.564 -44.8402 5.9
      vertex 96.8541 -44.4597 5.9
    endloop
  endfacet
  facet normal 0 0 1
    outer loop
      vertex 108.564 -44.8402 5.9
      vertex 96.7355 -44.8402 5.9
      vertex 108.728 -45.2036 5.9
    endloop
  endfacet
  facet normal 0 0 1
    outer loop
      vertex 108.446 -44.4597 5.9
      vertex 96.8541 -44.4597 5.9
      vertex 108.564 -44.8402 5.9
    endloop
  endfacet
  facet normal 0 0 1
    outer loop
      vertex 96.572 -45.2036 5.9
      vertex 108.728 -45.2036 5.9
      vertex 96.7355 -44.8402 5.9
    endloop
  endfacet
  facet normal 0 0 1
    outer loop
      vertex 96.8541 -44.4597 5.9
      vertex 108.446 -44.4597 5.9
      vertex 96.9259 -44.0678 5.9
    endloop
  endfacet
  facet normal 0 0 1
    outer loop
      vertex 109.18 -59.4817 5.9
      vertex 96.95 -61.67 5.9
      vertex 108.934 -59.7954 5.9
    endloop
  endfacet
  facet normal 0 0 1
    outer loop
      vertex 108.374 -44.0678 5.9
      vertex 96.9259 -44.0678 5.9
      vertex 108.446 -44.4597 5.9
    endloop
  endfacet
  facet normal 0 0 1
    outer loop
      vertex 108.934 -59.7954 5.9
      vertex 96.95 -61.67 5.9
      vertex 108.728 -60.1364 5.9
    endloop
  endfacet
  facet normal 0 0 1
    outer loop
      vertex 96.9259 -44.0678 5.9
      vertex 108.374 -44.0678 5.9
      vertex 96.95 -43.67 5.9
    endloop
  endfacet
  facet normal 0 0 1
    outer loop
      vertex 108.728 -60.1364 5.9
      vertex 96.95 -61.67 5.9
      vertex 108.564 -60.4998 5.9
    endloop
  endfacet
  facet normal -0 0 1
    outer loop
      vertex 96.95 -43.67 5.9
      vertex 108.374 -44.0678 5.9
      vertex 108.35 -43.67 5.9
    endloop
  endfacet
  facet normal 0 0 1
    outer loop
      vertex 108.564 -60.4998 5.9
      vertex 96.95 -61.67 5.9
      vertex 108.446 -60.8803 5.9
    endloop
  endfacet
  facet normal 0 0 1
    outer loop
      vertex 126.728 -27.2036 5.9
      vertex 114.572 -27.2036 5.9
      vertex 126.934 -27.5446 5.9
    endloop
  endfacet
  facet normal 0 0 1
    outer loop
      vertex 127.18 -41.4817 5.9
      vertex 114.926 -43.2722 5.9
      vertex 114.95 -43.67 5.9
    endloop
  endfacet
  facet normal 0 0 1
    outer loop
      vertex 114.366 -27.5446 5.9
      vertex 126.934 -27.5446 5.9
      vertex 114.572 -27.2036 5.9
    endloop
  endfacet
  facet normal 0 0 1
    outer loop
      vertex 127.18 -41.4817 5.9
      vertex 114.854 -42.8803 5.9
      vertex 114.926 -43.2722 5.9
    endloop
  endfacet
  facet normal 0 0 1
    outer loop
      vertex 126.934 -27.5446 5.9
      vertex 114.366 -27.5446 5.9
      vertex 127.18 -27.8583 5.9
    endloop
  endfacet
  facet normal 0 0 1
    outer loop
      vertex 127.18 -41.4817 5.9
      vertex 114.736 -42.4998 5.9
      vertex 114.854 -42.8803 5.9
    endloop
  endfacet
  facet normal 0 0 1
    outer loop
      vertex 114.12 -27.8583 5.9
      vertex 127.18 -27.8583 5.9
      vertex 114.366 -27.5446 5.9
    endloop
  endfacet
  facet normal 0 0 1
    outer loop
      vertex 127.18 -41.4817 5.9
      vertex 114.572 -42.1364 5.9
      vertex 114.736 -42.4998 5.9
    endloop
  endfacet
  facet normal 0 0 1
    outer loop
      vertex 127.18 -27.8583 5.9
      vertex 114.12 -27.8583 5.9
      vertex 127.18 -41.4817 5.9
    endloop
  endfacet
  facet normal 0 0 1
    outer loop
      vertex 127.18 -41.4817 5.9
      vertex 114.366 -41.7954 5.9
      vertex 114.572 -42.1364 5.9
    endloop
  endfacet
  facet normal 0 0 1
    outer loop
      vertex 114.12 -41.4817 5.9
      vertex 127.18 -41.4817 5.9
      vertex 114.12 -27.8583 5.9
    endloop
  endfacet
  facet normal 0 0 1
    outer loop
      vertex 127.18 -41.4817 5.9
      vertex 114.12 -41.4817 5.9
      vertex 114.366 -41.7954 5.9
    endloop
  endfacet
  facet normal -0 0 1
    outer loop
      vertex 113.838 -28.1401 5.9
      vertex 114.12 -41.4817 5.9
      vertex 114.12 -27.8583 5.9
    endloop
  endfacet
  facet normal 0 0 1
    outer loop
      vertex 113.838 -28.1401 5.9
      vertex 113.838 -41.1999 5.9
      vertex 114.12 -41.4817 5.9
    endloop
  endfacet
  facet normal -0 0 1
    outer loop
      vertex 113.525 -28.3858 5.9
      vertex 113.838 -41.1999 5.9
      vertex 113.838 -28.1401 5.9
    endloop
  endfacet
  facet normal 0 0 1
    outer loop
      vertex 113.525 -28.3858 5.9
      vertex 113.525 -40.9542 5.9
      vertex 113.838 -41.1999 5.9
    endloop
  endfacet
  facet normal -0 0 1
    outer loop
      vertex 113.184 -28.592 5.9
      vertex 113.525 -40.9542 5.9
      vertex 113.525 -28.3858 5.9
    endloop
  endfacet
  facet normal 0 0 1
    outer loop
      vertex 113.184 -28.592 5.9
      vertex 113.184 -40.748 5.9
      vertex 113.525 -40.9542 5.9
    endloop
  endfacet
  facet normal -0 0 1
    outer loop
      vertex 112.82 -28.7556 5.9
      vertex 113.184 -40.748 5.9
      vertex 113.184 -28.592 5.9
    endloop
  endfacet
  facet normal 0 0 1
    outer loop
      vertex 112.82 -28.7556 5.9
      vertex 112.82 -40.5844 5.9
      vertex 113.184 -40.748 5.9
    endloop
  endfacet
  facet normal -0 0 1
    outer loop
      vertex 112.44 -28.8741 5.9
      vertex 112.82 -40.5844 5.9
      vertex 112.82 -28.7556 5.9
    endloop
  endfacet
  facet normal 0 0 1
    outer loop
      vertex 112.44 -28.8741 5.9
      vertex 112.44 -40.4659 5.9
      vertex 112.82 -40.5844 5.9
    endloop
  endfacet
  facet normal -0 0 1
    outer loop
      vertex 112.048 -28.9459 5.9
      vertex 112.44 -40.4659 5.9
      vertex 112.44 -28.8741 5.9
    endloop
  endfacet
  facet normal 0 0 1
    outer loop
      vertex 112.048 -28.9459 5.9
      vertex 112.048 -40.3941 5.9
      vertex 112.44 -40.4659 5.9
    endloop
  endfacet
  facet normal -0 0 1
    outer loop
      vertex 111.65 -28.97 5.9
      vertex 112.048 -40.3941 5.9
      vertex 112.048 -28.9459 5.9
    endloop
  endfacet
  facet normal 0 0 1
    outer loop
      vertex 111.65 -28.97 5.9
      vertex 111.65 -40.37 5.9
      vertex 112.048 -40.3941 5.9
    endloop
  endfacet
  facet normal 0 0 1
    outer loop
      vertex 111.252 -28.9459 5.9
      vertex 111.65 -40.37 5.9
      vertex 111.65 -28.97 5.9
    endloop
  endfacet
  facet normal 0 0 1
    outer loop
      vertex 111.252 -28.9459 5.9
      vertex 111.252 -40.3941 5.9
      vertex 111.65 -40.37 5.9
    endloop
  endfacet
  facet normal 0 0 1
    outer loop
      vertex 110.86 -28.8741 5.9
      vertex 111.252 -40.3941 5.9
      vertex 111.252 -28.9459 5.9
    endloop
  endfacet
  facet normal 0 0 1
    outer loop
      vertex 110.86 -28.8741 5.9
      vertex 110.86 -40.4659 5.9
      vertex 111.252 -40.3941 5.9
    endloop
  endfacet
  facet normal 0 0 1
    outer loop
      vertex 110.48 -28.7556 5.9
      vertex 110.86 -40.4659 5.9
      vertex 110.86 -28.8741 5.9
    endloop
  endfacet
  facet normal 0 0 1
    outer loop
      vertex 110.48 -28.7556 5.9
      vertex 110.48 -40.5844 5.9
      vertex 110.86 -40.4659 5.9
    endloop
  endfacet
  facet normal 0 0 1
    outer loop
      vertex 110.116 -28.592 5.9
      vertex 110.48 -40.5844 5.9
      vertex 110.48 -28.7556 5.9
    endloop
  endfacet
  facet normal 0 0 1
    outer loop
      vertex 110.116 -28.592 5.9
      vertex 110.116 -40.748 5.9
      vertex 110.48 -40.5844 5.9
    endloop
  endfacet
  facet normal 0 0 1
    outer loop
      vertex 109.775 -28.3858 5.9
      vertex 110.116 -40.748 5.9
      vertex 110.116 -28.592 5.9
    endloop
  endfacet
  facet normal 0 0 1
    outer loop
      vertex 109.775 -28.3858 5.9
      vertex 109.775 -40.9542 5.9
      vertex 110.116 -40.748 5.9
    endloop
  endfacet
  facet normal 0 0 1
    outer loop
      vertex 109.462 -28.1401 5.9
      vertex 109.775 -40.9542 5.9
      vertex 109.775 -28.3858 5.9
    endloop
  endfacet
  facet normal 0 0 1
    outer loop
      vertex 109.462 -28.1401 5.9
      vertex 109.462 -41.1999 5.9
      vertex 109.775 -40.9542 5.9
    endloop
  endfacet
  facet normal 0 0 1
    outer loop
      vertex 109.18 -27.8583 5.9
      vertex 109.462 -41.1999 5.9
      vertex 109.462 -28.1401 5.9
    endloop
  endfacet
  facet normal 0 0 1
    outer loop
      vertex 109.18 -27.8583 5.9
      vertex 109.18 -41.4817 5.9
      vertex 109.462 -41.1999 5.9
    endloop
  endfacet
  facet normal 0 0 1
    outer loop
      vertex 96.7355 -26.8402 5.9
      vertex 108.564 -26.8402 5.9
      vertex 96.8541 -26.4597 5.9
    endloop
  endfacet
  facet normal 0 0 1
    outer loop
      vertex 108.564 -26.8402 5.9
      vertex 96.7355 -26.8402 5.9
      vertex 108.728 -27.2036 5.9
    endloop
  endfacet
  facet normal 0 0 1
    outer loop
      vertex 108.446 -26.4597 5.9
      vertex 96.8541 -26.4597 5.9
      vertex 108.564 -26.8402 5.9
    endloop
  endfacet
  facet normal 0 0 1
    outer loop
      vertex 96.572 -27.2036 5.9
      vertex 108.728 -27.2036 5.9
      vertex 96.7355 -26.8402 5.9
    endloop
  endfacet
  facet normal 0 0 1
    outer loop
      vertex 96.8541 -26.4597 5.9
      vertex 108.446 -26.4597 5.9
      vertex 96.9259 -26.0678 5.9
    endloop
  endfacet
  facet normal 0 0 1
    outer loop
      vertex 109.18 -41.4817 5.9
      vertex 96.95 -43.67 5.9
      vertex 108.934 -41.7954 5.9
    endloop
  endfacet
  facet normal 0 0 1
    outer loop
      vertex 108.374 -26.0678 5.9
      vertex 96.9259 -26.0678 5.9
      vertex 108.446 -26.4597 5.9
    endloop
  endfacet
  facet normal 0 0 1
    outer loop
      vertex 108.934 -41.7954 5.9
      vertex 96.95 -43.67 5.9
      vertex 108.728 -42.1364 5.9
    endloop
  endfacet
  facet normal 0 0 1
    outer loop
      vertex 96.9259 -26.0678 5.9
      vertex 108.374 -26.0678 5.9
      vertex 96.95 -25.67 5.9
    endloop
  endfacet
  facet normal 0 0 1
    outer loop
      vertex 108.728 -42.1364 5.9
      vertex 96.95 -43.67 5.9
      vertex 108.564 -42.4998 5.9
    endloop
  endfacet
  facet normal -0 0 1
    outer loop
      vertex 96.95 -25.67 5.9
      vertex 108.374 -26.0678 5.9
      vertex 108.35 -25.67 5.9
    endloop
  endfacet
  facet normal 0 0 1
    outer loop
      vertex 108.564 -42.4998 5.9
      vertex 96.95 -43.67 5.9
      vertex 108.446 -42.8803 5.9
    endloop
  endfacet
  facet normal 0 0 1
    outer loop
      vertex 132.572 -45.2036 5.9
      vertex 144.728 -45.2036 5.9
      vertex 132.736 -44.8402 5.9
    endloop
  endfacet
  facet normal 0 0 1
    outer loop
      vertex 145.18 -45.8583 5.9
      vertex 132.926 -61.2722 5.9
      vertex 132.95 -61.67 5.9
    endloop
  endfacet
  facet normal 0 0 1
    outer loop
      vertex 144.728 -45.2036 5.9
      vertex 132.572 -45.2036 5.9
      vertex 144.934 -45.5446 5.9
    endloop
  endfacet
  facet normal 0 0 1
    outer loop
      vertex 145.18 -45.8583 5.9
      vertex 132.854 -60.8803 5.9
      vertex 132.926 -61.2722 5.9
    endloop
  endfacet
  facet normal 0 0 1
    outer loop
      vertex 132.366 -45.5446 5.9
      vertex 144.934 -45.5446 5.9
      vertex 132.572 -45.2036 5.9
    endloop
  endfacet
  facet normal 0 0 1
    outer loop
      vertex 145.18 -45.8583 5.9
      vertex 132.736 -60.4998 5.9
      vertex 132.854 -60.8803 5.9
    endloop
  endfacet
  facet normal 0 0 1
    outer loop
      vertex 144.934 -45.5446 5.9
      vertex 132.366 -45.5446 5.9
      vertex 145.18 -45.8583 5.9
    endloop
  endfacet
  facet normal 0 0 1
    outer loop
      vertex 145.18 -45.8583 5.9
      vertex 132.572 -60.1364 5.9
      vertex 132.736 -60.4998 5.9
    endloop
  endfacet
  facet normal 0 0 1
    outer loop
      vertex 132.12 -45.8583 5.9
      vertex 145.18 -45.8583 5.9
      vertex 132.366 -45.5446 5.9
    endloop
  endfacet
  facet normal 0 0 1
    outer loop
      vertex 145.18 -45.8583 5.9
      vertex 132.366 -59.7954 5.9
      vertex 132.572 -60.1364 5.9
    endloop
  endfacet
  facet normal 0 0 1
    outer loop
      vertex 132.12 -59.4817 5.9
      vertex 145.18 -45.8583 5.9
      vertex 132.12 -45.8583 5.9
    endloop
  endfacet
  facet normal 0 0 1
    outer loop
      vertex 145.18 -45.8583 5.9
      vertex 132.12 -59.4817 5.9
      vertex 132.366 -59.7954 5.9
    endloop
  endfacet
  facet normal -0 0 1
    outer loop
      vertex 131.838 -46.1401 5.9
      vertex 132.12 -59.4817 5.9
      vertex 132.12 -45.8583 5.9
    endloop
  endfacet
  facet normal 0 0 1
    outer loop
      vertex 131.838 -46.1401 5.9
      vertex 131.838 -59.1999 5.9
      vertex 132.12 -59.4817 5.9
    endloop
  endfacet
  facet normal -0 0 1
    outer loop
      vertex 131.525 -46.3858 5.9
      vertex 131.838 -59.1999 5.9
      vertex 131.838 -46.1401 5.9
    endloop
  endfacet
  facet normal 0 0 1
    outer loop
      vertex 131.525 -46.3858 5.9
      vertex 131.525 -58.9542 5.9
      vertex 131.838 -59.1999 5.9
    endloop
  endfacet
  facet normal -0 0 1
    outer loop
      vertex 131.184 -46.592 5.9
      vertex 131.525 -58.9542 5.9
      vertex 131.525 -46.3858 5.9
    endloop
  endfacet
  facet normal 0 0 1
    outer loop
      vertex 131.184 -46.592 5.9
      vertex 131.184 -58.748 5.9
      vertex 131.525 -58.9542 5.9
    endloop
  endfacet
  facet normal -0 0 1
    outer loop
      vertex 130.82 -46.7556 5.9
      vertex 131.184 -58.748 5.9
      vertex 131.184 -46.592 5.9
    endloop
  endfacet
  facet normal 0 0 1
    outer loop
      vertex 130.82 -46.7556 5.9
      vertex 130.82 -58.5844 5.9
      vertex 131.184 -58.748 5.9
    endloop
  endfacet
  facet normal -0 0 1
    outer loop
      vertex 130.44 -46.8741 5.9
      vertex 130.82 -58.5844 5.9
      vertex 130.82 -46.7556 5.9
    endloop
  endfacet
  facet normal 0 0 1
    outer loop
      vertex 130.44 -46.8741 5.9
      vertex 130.44 -58.4659 5.9
      vertex 130.82 -58.5844 5.9
    endloop
  endfacet
  facet normal -0 0 1
    outer loop
      vertex 130.048 -46.9459 5.9
      vertex 130.44 -58.4659 5.9
      vertex 130.44 -46.8741 5.9
    endloop
  endfacet
  facet normal 0 0 1
    outer loop
      vertex 130.048 -46.9459 5.9
      vertex 130.048 -58.3941 5.9
      vertex 130.44 -58.4659 5.9
    endloop
  endfacet
  facet normal -0 0 1
    outer loop
      vertex 129.65 -46.97 5.9
      vertex 130.048 -58.3941 5.9
      vertex 130.048 -46.9459 5.9
    endloop
  endfacet
  facet normal 0 0 1
    outer loop
      vertex 129.65 -46.97 5.9
      vertex 129.65 -58.37 5.9
      vertex 130.048 -58.3941 5.9
    endloop
  endfacet
  facet normal 0 0 1
    outer loop
      vertex 129.252 -46.9459 5.9
      vertex 129.65 -58.37 5.9
      vertex 129.65 -46.97 5.9
    endloop
  endfacet
  facet normal 0 0 1
    outer loop
      vertex 129.252 -46.9459 5.9
      vertex 129.252 -58.3941 5.9
      vertex 129.65 -58.37 5.9
    endloop
  endfacet
  facet normal 0 0 1
    outer loop
      vertex 128.86 -46.8741 5.9
      vertex 129.252 -58.3941 5.9
      vertex 129.252 -46.9459 5.9
    endloop
  endfacet
  facet normal 0 0 1
    outer loop
      vertex 128.86 -46.8741 5.9
      vertex 128.86 -58.4659 5.9
      vertex 129.252 -58.3941 5.9
    endloop
  endfacet
  facet normal 0 0 1
    outer loop
      vertex 128.48 -46.7556 5.9
      vertex 128.86 -58.4659 5.9
      vertex 128.86 -46.8741 5.9
    endloop
  endfacet
  facet normal 0 0 1
    outer loop
      vertex 128.48 -46.7556 5.9
      vertex 128.48 -58.5844 5.9
      vertex 128.86 -58.4659 5.9
    endloop
  endfacet
  facet normal 0 0 1
    outer loop
      vertex 128.116 -46.592 5.9
      vertex 128.48 -58.5844 5.9
      vertex 128.48 -46.7556 5.9
    endloop
  endfacet
  facet normal 0 0 1
    outer loop
      vertex 128.116 -46.592 5.9
      vertex 128.116 -58.748 5.9
      vertex 128.48 -58.5844 5.9
    endloop
  endfacet
  facet normal 0 0 1
    outer loop
      vertex 127.775 -46.3858 5.9
      vertex 128.116 -58.748 5.9
      vertex 128.116 -46.592 5.9
    endloop
  endfacet
  facet normal 0 0 1
    outer loop
      vertex 127.775 -46.3858 5.9
      vertex 127.775 -58.9542 5.9
      vertex 128.116 -58.748 5.9
    endloop
  endfacet
  facet normal 0 0 1
    outer loop
      vertex 127.462 -46.1401 5.9
      vertex 127.775 -58.9542 5.9
      vertex 127.775 -46.3858 5.9
    endloop
  endfacet
  facet normal 0 0 1
    outer loop
      vertex 127.462 -46.1401 5.9
      vertex 127.462 -59.1999 5.9
      vertex 127.775 -58.9542 5.9
    endloop
  endfacet
  facet normal 0 0 1
    outer loop
      vertex 127.18 -45.8583 5.9
      vertex 127.462 -59.1999 5.9
      vertex 127.462 -46.1401 5.9
    endloop
  endfacet
  facet normal 0 0 1
    outer loop
      vertex 127.18 -45.8583 5.9
      vertex 127.18 -59.4817 5.9
      vertex 127.462 -59.1999 5.9
    endloop
  endfacet
  facet normal 0 0 1
    outer loop
      vertex 114.736 -44.8402 5.9
      vertex 126.564 -44.8402 5.9
      vertex 114.854 -44.4597 5.9
    endloop
  endfacet
  facet normal 0 0 1
    outer loop
      vertex 126.564 -44.8402 5.9
      vertex 114.736 -44.8402 5.9
      vertex 126.728 -45.2036 5.9
    endloop
  endfacet
  facet normal 0 0 1
    outer loop
      vertex 126.446 -44.4597 5.9
      vertex 114.854 -44.4597 5.9
      vertex 126.564 -44.8402 5.9
    endloop
  endfacet
  facet normal 0 0 1
    outer loop
      vertex 114.572 -45.2036 5.9
      vertex 126.728 -45.2036 5.9
      vertex 114.736 -44.8402 5.9
    endloop
  endfacet
  facet normal 0 0 1
    outer loop
      vertex 114.854 -44.4597 5.9
      vertex 126.446 -44.4597 5.9
      vertex 114.926 -44.0678 5.9
    endloop
  endfacet
  facet normal 0 0 1
    outer loop
      vertex 127.18 -59.4817 5.9
      vertex 114.95 -61.67 5.9
      vertex 126.934 -59.7954 5.9
    endloop
  endfacet
  facet normal 0 0 1
    outer loop
      vertex 126.374 -44.0678 5.9
      vertex 114.926 -44.0678 5.9
      vertex 126.446 -44.4597 5.9
    endloop
  endfacet
  facet normal 0 0 1
    outer loop
      vertex 126.934 -59.7954 5.9
      vertex 114.95 -61.67 5.9
      vertex 126.728 -60.1364 5.9
    endloop
  endfacet
  facet normal 0 0 1
    outer loop
      vertex 114.926 -44.0678 5.9
      vertex 126.374 -44.0678 5.9
      vertex 114.95 -43.67 5.9
    endloop
  endfacet
  facet normal 0 0 1
    outer loop
      vertex 126.728 -60.1364 5.9
      vertex 114.95 -61.67 5.9
      vertex 126.564 -60.4998 5.9
    endloop
  endfacet
  facet normal -0 0 1
    outer loop
      vertex 114.95 -43.67 5.9
      vertex 126.374 -44.0678 5.9
      vertex 126.35 -43.67 5.9
    endloop
  endfacet
  facet normal 0 0 1
    outer loop
      vertex 126.564 -60.4998 5.9
      vertex 114.95 -61.67 5.9
      vertex 126.446 -60.8803 5.9
    endloop
  endfacet
  facet normal 0 0 1
    outer loop
      vertex 144.728 -27.2036 5.9
      vertex 132.572 -27.2036 5.9
      vertex 144.934 -27.5446 5.9
    endloop
  endfacet
  facet normal 0 0 1
    outer loop
      vertex 145.18 -41.4817 5.9
      vertex 132.926 -43.2722 5.9
      vertex 132.95 -43.67 5.9
    endloop
  endfacet
  facet normal 0 0 1
    outer loop
      vertex 132.366 -27.5446 5.9
      vertex 144.934 -27.5446 5.9
      vertex 132.572 -27.2036 5.9
    endloop
  endfacet
  facet normal 0 0 1
    outer loop
      vertex 145.18 -41.4817 5.9
      vertex 132.854 -42.8803 5.9
      vertex 132.926 -43.2722 5.9
    endloop
  endfacet
  facet normal 0 0 1
    outer loop
      vertex 144.934 -27.5446 5.9
      vertex 132.366 -27.5446 5.9
      vertex 145.18 -27.8583 5.9
    endloop
  endfacet
  facet normal 0 0 1
    outer loop
      vertex 145.18 -41.4817 5.9
      vertex 132.736 -42.4998 5.9
      vertex 132.854 -42.8803 5.9
    endloop
  endfacet
  facet normal 0 0 1
    outer loop
      vertex 132.12 -27.8583 5.9
      vertex 145.18 -27.8583 5.9
      vertex 132.366 -27.5446 5.9
    endloop
  endfacet
  facet normal 0 0 1
    outer loop
      vertex 145.18 -41.4817 5.9
      vertex 132.572 -42.1364 5.9
      vertex 132.736 -42.4998 5.9
    endloop
  endfacet
  facet normal 0 0 1
    outer loop
      vertex 145.18 -27.8583 5.9
      vertex 132.12 -27.8583 5.9
      vertex 145.18 -41.4817 5.9
    endloop
  endfacet
  facet normal 0 0 1
    outer loop
      vertex 145.18 -41.4817 5.9
      vertex 132.366 -41.7954 5.9
      vertex 132.572 -42.1364 5.9
    endloop
  endfacet
  facet normal 0 0 1
    outer loop
      vertex 132.12 -41.4817 5.9
      vertex 145.18 -41.4817 5.9
      vertex 132.12 -27.8583 5.9
    endloop
  endfacet
  facet normal 0 0 1
    outer loop
      vertex 145.18 -41.4817 5.9
      vertex 132.12 -41.4817 5.9
      vertex 132.366 -41.7954 5.9
    endloop
  endfacet
  facet normal -0 0 1
    outer loop
      vertex 131.838 -28.1401 5.9
      vertex 132.12 -41.4817 5.9
      vertex 132.12 -27.8583 5.9
    endloop
  endfacet
  facet normal 0 0 1
    outer loop
      vertex 131.838 -28.1401 5.9
      vertex 131.838 -41.1999 5.9
      vertex 132.12 -41.4817 5.9
    endloop
  endfacet
  facet normal -0 0 1
    outer loop
      vertex 131.525 -28.3858 5.9
      vertex 131.838 -41.1999 5.9
      vertex 131.838 -28.1401 5.9
    endloop
  endfacet
  facet normal 0 0 1
    outer loop
      vertex 131.525 -28.3858 5.9
      vertex 131.525 -40.9542 5.9
      vertex 131.838 -41.1999 5.9
    endloop
  endfacet
  facet normal -0 0 1
    outer loop
      vertex 131.184 -28.592 5.9
      vertex 131.525 -40.9542 5.9
      vertex 131.525 -28.3858 5.9
    endloop
  endfacet
  facet normal 0 0 1
    outer loop
      vertex 131.184 -28.592 5.9
      vertex 131.184 -40.748 5.9
      vertex 131.525 -40.9542 5.9
    endloop
  endfacet
  facet normal -0 0 1
    outer loop
      vertex 130.82 -28.7556 5.9
      vertex 131.184 -40.748 5.9
      vertex 131.184 -28.592 5.9
    endloop
  endfacet
  facet normal 0 0 1
    outer loop
      vertex 130.82 -28.7556 5.9
      vertex 130.82 -40.5844 5.9
      vertex 131.184 -40.748 5.9
    endloop
  endfacet
  facet normal -0 0 1
    outer loop
      vertex 130.44 -28.8741 5.9
      vertex 130.82 -40.5844 5.9
      vertex 130.82 -28.7556 5.9
    endloop
  endfacet
  facet normal 0 0 1
    outer loop
      vertex 130.44 -28.8741 5.9
      vertex 130.44 -40.4659 5.9
      vertex 130.82 -40.5844 5.9
    endloop
  endfacet
  facet normal -0 0 1
    outer loop
      vertex 130.048 -28.9459 5.9
      vertex 130.44 -40.4659 5.9
      vertex 130.44 -28.8741 5.9
    endloop
  endfacet
  facet normal 0 0 1
    outer loop
      vertex 130.048 -28.9459 5.9
      vertex 130.048 -40.3941 5.9
      vertex 130.44 -40.4659 5.9
    endloop
  endfacet
  facet normal -0 0 1
    outer loop
      vertex 129.65 -28.97 5.9
      vertex 130.048 -40.3941 5.9
      vertex 130.048 -28.9459 5.9
    endloop
  endfacet
  facet normal 0 0 1
    outer loop
      vertex 129.65 -28.97 5.9
      vertex 129.65 -40.37 5.9
      vertex 130.048 -40.3941 5.9
    endloop
  endfacet
  facet normal 0 0 1
    outer loop
      vertex 129.252 -28.9459 5.9
      vertex 129.65 -40.37 5.9
      vertex 129.65 -28.97 5.9
    endloop
  endfacet
  facet normal 0 0 1
    outer loop
      vertex 129.252 -28.9459 5.9
      vertex 129.252 -40.3941 5.9
      vertex 129.65 -40.37 5.9
    endloop
  endfacet
  facet normal 0 0 1
    outer loop
      vertex 128.86 -28.8741 5.9
      vertex 129.252 -40.3941 5.9
      vertex 129.252 -28.9459 5.9
    endloop
  endfacet
  facet normal 0 0 1
    outer loop
      vertex 128.86 -28.8741 5.9
      vertex 128.86 -40.4659 5.9
      vertex 129.252 -40.3941 5.9
    endloop
  endfacet
  facet normal 0 0 1
    outer loop
      vertex 128.48 -28.7556 5.9
      vertex 128.86 -40.4659 5.9
      vertex 128.86 -28.8741 5.9
    endloop
  endfacet
  facet normal 0 0 1
    outer loop
      vertex 128.48 -28.7556 5.9
      vertex 128.48 -40.5844 5.9
      vertex 128.86 -40.4659 5.9
    endloop
  endfacet
  facet normal 0 0 1
    outer loop
      vertex 128.116 -28.592 5.9
      vertex 128.48 -40.5844 5.9
      vertex 128.48 -28.7556 5.9
    endloop
  endfacet
  facet normal 0 0 1
    outer loop
      vertex 128.116 -28.592 5.9
      vertex 128.116 -40.748 5.9
      vertex 128.48 -40.5844 5.9
    endloop
  endfacet
  facet normal 0 0 1
    outer loop
      vertex 127.775 -28.3858 5.9
      vertex 128.116 -40.748 5.9
      vertex 128.116 -28.592 5.9
    endloop
  endfacet
  facet normal 0 0 1
    outer loop
      vertex 127.775 -28.3858 5.9
      vertex 127.775 -40.9542 5.9
      vertex 128.116 -40.748 5.9
    endloop
  endfacet
  facet normal 0 0 1
    outer loop
      vertex 127.462 -28.1401 5.9
      vertex 127.775 -40.9542 5.9
      vertex 127.775 -28.3858 5.9
    endloop
  endfacet
  facet normal 0 0 1
    outer loop
      vertex 127.462 -28.1401 5.9
      vertex 127.462 -41.1999 5.9
      vertex 127.775 -40.9542 5.9
    endloop
  endfacet
  facet normal 0 0 1
    outer loop
      vertex 127.18 -27.8583 5.9
      vertex 127.462 -41.1999 5.9
      vertex 127.462 -28.1401 5.9
    endloop
  endfacet
  facet normal 0 0 1
    outer loop
      vertex 127.18 -27.8583 5.9
      vertex 127.18 -41.4817 5.9
      vertex 127.462 -41.1999 5.9
    endloop
  endfacet
  facet normal 0 0 1
    outer loop
      vertex 114.736 -26.8402 5.9
      vertex 126.564 -26.8402 5.9
      vertex 114.854 -26.4597 5.9
    endloop
  endfacet
  facet normal 0 0 1
    outer loop
      vertex 126.564 -26.8402 5.9
      vertex 114.736 -26.8402 5.9
      vertex 126.728 -27.2036 5.9
    endloop
  endfacet
  facet normal 0 0 1
    outer loop
      vertex 126.446 -26.4597 5.9
      vertex 114.854 -26.4597 5.9
      vertex 126.564 -26.8402 5.9
    endloop
  endfacet
  facet normal 0 0 1
    outer loop
      vertex 114.572 -27.2036 5.9
      vertex 126.728 -27.2036 5.9
      vertex 114.736 -26.8402 5.9
    endloop
  endfacet
  facet normal 0 0 1
    outer loop
      vertex 114.854 -26.4597 5.9
      vertex 126.446 -26.4597 5.9
      vertex 114.926 -26.0678 5.9
    endloop
  endfacet
  facet normal 0 0 1
    outer loop
      vertex 127.18 -41.4817 5.9
      vertex 114.95 -43.67 5.9
      vertex 126.934 -41.7954 5.9
    endloop
  endfacet
  facet normal 0 0 1
    outer loop
      vertex 126.374 -26.0678 5.9
      vertex 114.926 -26.0678 5.9
      vertex 126.446 -26.4597 5.9
    endloop
  endfacet
  facet normal 0 0 1
    outer loop
      vertex 126.934 -41.7954 5.9
      vertex 114.95 -43.67 5.9
      vertex 126.728 -42.1364 5.9
    endloop
  endfacet
  facet normal 0 0 1
    outer loop
      vertex 114.926 -26.0678 5.9
      vertex 126.374 -26.0678 5.9
      vertex 114.95 -25.67 5.9
    endloop
  endfacet
  facet normal 0 0 1
    outer loop
      vertex 126.728 -42.1364 5.9
      vertex 114.95 -43.67 5.9
      vertex 126.564 -42.4998 5.9
    endloop
  endfacet
  facet normal -0 0 1
    outer loop
      vertex 114.95 -25.67 5.9
      vertex 126.374 -26.0678 5.9
      vertex 126.35 -25.67 5.9
    endloop
  endfacet
  facet normal 0 0 1
    outer loop
      vertex 126.564 -42.4998 5.9
      vertex 114.95 -43.67 5.9
      vertex 126.446 -42.8803 5.9
    endloop
  endfacet
  facet normal 0 0 1
    outer loop
      vertex 162.728 -27.2036 5.9
      vertex 150.572 -27.2036 5.9
      vertex 162.934 -27.5446 5.9
    endloop
  endfacet
  facet normal 0 0 1
    outer loop
      vertex 163.18 -41.4817 5.9
      vertex 150.926 -43.2722 5.9
      vertex 150.95 -43.67 5.9
    endloop
  endfacet
  facet normal 0 0 1
    outer loop
      vertex 150.366 -27.5446 5.9
      vertex 162.934 -27.5446 5.9
      vertex 150.572 -27.2036 5.9
    endloop
  endfacet
  facet normal 0 0 1
    outer loop
      vertex 163.18 -41.4817 5.9
      vertex 150.854 -42.8803 5.9
      vertex 150.926 -43.2722 5.9
    endloop
  endfacet
  facet normal 0 0 1
    outer loop
      vertex 162.934 -27.5446 5.9
      vertex 150.366 -27.5446 5.9
      vertex 163.18 -27.8583 5.9
    endloop
  endfacet
  facet normal 0 0 1
    outer loop
      vertex 163.18 -41.4817 5.9
      vertex 150.736 -42.4998 5.9
      vertex 150.854 -42.8803 5.9
    endloop
  endfacet
  facet normal 0 0 1
    outer loop
      vertex 150.12 -27.8583 5.9
      vertex 163.18 -27.8583 5.9
      vertex 150.366 -27.5446 5.9
    endloop
  endfacet
  facet normal 0 0 1
    outer loop
      vertex 163.18 -41.4817 5.9
      vertex 150.572 -42.1364 5.9
      vertex 150.736 -42.4998 5.9
    endloop
  endfacet
  facet normal 0 0 1
    outer loop
      vertex 163.18 -27.8583 5.9
      vertex 150.12 -27.8583 5.9
      vertex 163.18 -41.4817 5.9
    endloop
  endfacet
  facet normal 0 0 1
    outer loop
      vertex 163.18 -41.4817 5.9
      vertex 150.366 -41.7954 5.9
      vertex 150.572 -42.1364 5.9
    endloop
  endfacet
  facet normal 0 0 1
    outer loop
      vertex 150.12 -41.4817 5.9
      vertex 163.18 -41.4817 5.9
      vertex 150.12 -27.8583 5.9
    endloop
  endfacet
  facet normal 0 0 1
    outer loop
      vertex 163.18 -41.4817 5.9
      vertex 150.12 -41.4817 5.9
      vertex 150.366 -41.7954 5.9
    endloop
  endfacet
  facet normal -0 0 1
    outer loop
      vertex 149.838 -28.1401 5.9
      vertex 150.12 -41.4817 5.9
      vertex 150.12 -27.8583 5.9
    endloop
  endfacet
  facet normal 0 0 1
    outer loop
      vertex 149.838 -28.1401 5.9
      vertex 149.838 -41.1999 5.9
      vertex 150.12 -41.4817 5.9
    endloop
  endfacet
  facet normal -0 0 1
    outer loop
      vertex 149.525 -28.3858 5.9
      vertex 149.838 -41.1999 5.9
      vertex 149.838 -28.1401 5.9
    endloop
  endfacet
  facet normal 0 0 1
    outer loop
      vertex 149.525 -28.3858 5.9
      vertex 149.525 -40.9542 5.9
      vertex 149.838 -41.1999 5.9
    endloop
  endfacet
  facet normal -0 0 1
    outer loop
      vertex 149.184 -28.592 5.9
      vertex 149.525 -40.9542 5.9
      vertex 149.525 -28.3858 5.9
    endloop
  endfacet
  facet normal 0 0 1
    outer loop
      vertex 149.184 -28.592 5.9
      vertex 149.184 -40.748 5.9
      vertex 149.525 -40.9542 5.9
    endloop
  endfacet
  facet normal -0 0 1
    outer loop
      vertex 148.82 -28.7556 5.9
      vertex 149.184 -40.748 5.9
      vertex 149.184 -28.592 5.9
    endloop
  endfacet
  facet normal 0 0 1
    outer loop
      vertex 148.82 -28.7556 5.9
      vertex 148.82 -40.5844 5.9
      vertex 149.184 -40.748 5.9
    endloop
  endfacet
  facet normal -0 0 1
    outer loop
      vertex 148.44 -28.8741 5.9
      vertex 148.82 -40.5844 5.9
      vertex 148.82 -28.7556 5.9
    endloop
  endfacet
  facet normal 0 0 1
    outer loop
      vertex 148.44 -28.8741 5.9
      vertex 148.44 -40.4659 5.9
      vertex 148.82 -40.5844 5.9
    endloop
  endfacet
  facet normal -0 0 1
    outer loop
      vertex 148.048 -28.9459 5.9
      vertex 148.44 -40.4659 5.9
      vertex 148.44 -28.8741 5.9
    endloop
  endfacet
  facet normal 0 0 1
    outer loop
      vertex 148.048 -28.9459 5.9
      vertex 148.048 -40.3941 5.9
      vertex 148.44 -40.4659 5.9
    endloop
  endfacet
  facet normal -0 0 1
    outer loop
      vertex 147.65 -28.97 5.9
      vertex 148.048 -40.3941 5.9
      vertex 148.048 -28.9459 5.9
    endloop
  endfacet
  facet normal 0 0 1
    outer loop
      vertex 147.65 -28.97 5.9
      vertex 147.65 -40.37 5.9
      vertex 148.048 -40.3941 5.9
    endloop
  endfacet
  facet normal 0 0 1
    outer loop
      vertex 147.252 -28.9459 5.9
      vertex 147.65 -40.37 5.9
      vertex 147.65 -28.97 5.9
    endloop
  endfacet
  facet normal 0 0 1
    outer loop
      vertex 147.252 -28.9459 5.9
      vertex 147.252 -40.3941 5.9
      vertex 147.65 -40.37 5.9
    endloop
  endfacet
  facet normal 0 0 1
    outer loop
      vertex 146.86 -28.8741 5.9
      vertex 147.252 -40.3941 5.9
      vertex 147.252 -28.9459 5.9
    endloop
  endfacet
  facet normal 0 0 1
    outer loop
      vertex 146.86 -28.8741 5.9
      vertex 146.86 -40.4659 5.9
      vertex 147.252 -40.3941 5.9
    endloop
  endfacet
  facet normal 0 0 1
    outer loop
      vertex 146.48 -28.7556 5.9
      vertex 146.86 -40.4659 5.9
      vertex 146.86 -28.8741 5.9
    endloop
  endfacet
  facet normal 0 0 1
    outer loop
      vertex 146.48 -28.7556 5.9
      vertex 146.48 -40.5844 5.9
      vertex 146.86 -40.4659 5.9
    endloop
  endfacet
  facet normal 0 0 1
    outer loop
      vertex 146.116 -28.592 5.9
      vertex 146.48 -40.5844 5.9
      vertex 146.48 -28.7556 5.9
    endloop
  endfacet
  facet normal 0 0 1
    outer loop
      vertex 146.116 -28.592 5.9
      vertex 146.116 -40.748 5.9
      vertex 146.48 -40.5844 5.9
    endloop
  endfacet
  facet normal 0 0 1
    outer loop
      vertex 145.775 -28.3858 5.9
      vertex 146.116 -40.748 5.9
      vertex 146.116 -28.592 5.9
    endloop
  endfacet
  facet normal 0 0 1
    outer loop
      vertex 145.775 -28.3858 5.9
      vertex 145.775 -40.9542 5.9
      vertex 146.116 -40.748 5.9
    endloop
  endfacet
  facet normal 0 0 1
    outer loop
      vertex 145.462 -28.1401 5.9
      vertex 145.775 -40.9542 5.9
      vertex 145.775 -28.3858 5.9
    endloop
  endfacet
  facet normal 0 0 1
    outer loop
      vertex 145.462 -28.1401 5.9
      vertex 145.462 -41.1999 5.9
      vertex 145.775 -40.9542 5.9
    endloop
  endfacet
  facet normal 0 0 1
    outer loop
      vertex 145.18 -27.8583 5.9
      vertex 145.462 -41.1999 5.9
      vertex 145.462 -28.1401 5.9
    endloop
  endfacet
  facet normal 0 0 1
    outer loop
      vertex 145.18 -27.8583 5.9
      vertex 145.18 -41.4817 5.9
      vertex 145.462 -41.1999 5.9
    endloop
  endfacet
  facet normal 0 0 1
    outer loop
      vertex 132.736 -26.8402 5.9
      vertex 144.564 -26.8402 5.9
      vertex 132.854 -26.4597 5.9
    endloop
  endfacet
  facet normal 0 0 1
    outer loop
      vertex 144.564 -26.8402 5.9
      vertex 132.736 -26.8402 5.9
      vertex 144.728 -27.2036 5.9
    endloop
  endfacet
  facet normal 0 0 1
    outer loop
      vertex 144.446 -26.4597 5.9
      vertex 132.854 -26.4597 5.9
      vertex 144.564 -26.8402 5.9
    endloop
  endfacet
  facet normal 0 0 1
    outer loop
      vertex 132.572 -27.2036 5.9
      vertex 144.728 -27.2036 5.9
      vertex 132.736 -26.8402 5.9
    endloop
  endfacet
  facet normal 0 0 1
    outer loop
      vertex 132.854 -26.4597 5.9
      vertex 144.446 -26.4597 5.9
      vertex 132.926 -26.0678 5.9
    endloop
  endfacet
  facet normal 0 0 1
    outer loop
      vertex 145.18 -41.4817 5.9
      vertex 132.95 -43.67 5.9
      vertex 144.934 -41.7954 5.9
    endloop
  endfacet
  facet normal 0 0 1
    outer loop
      vertex 144.374 -26.0678 5.9
      vertex 132.926 -26.0678 5.9
      vertex 144.446 -26.4597 5.9
    endloop
  endfacet
  facet normal 0 0 1
    outer loop
      vertex 144.934 -41.7954 5.9
      vertex 132.95 -43.67 5.9
      vertex 144.728 -42.1364 5.9
    endloop
  endfacet
  facet normal 0 0 1
    outer loop
      vertex 132.926 -26.0678 5.9
      vertex 144.374 -26.0678 5.9
      vertex 132.95 -25.67 5.9
    endloop
  endfacet
  facet normal 0 0 1
    outer loop
      vertex 144.728 -42.1364 5.9
      vertex 132.95 -43.67 5.9
      vertex 144.564 -42.4998 5.9
    endloop
  endfacet
  facet normal -0 0 1
    outer loop
      vertex 132.95 -25.67 5.9
      vertex 144.374 -26.0678 5.9
      vertex 144.35 -25.67 5.9
    endloop
  endfacet
  facet normal 0 0 1
    outer loop
      vertex 144.564 -42.4998 5.9
      vertex 132.95 -43.67 5.9
      vertex 144.446 -42.8803 5.9
    endloop
  endfacet
  facet normal 0 0 1
    outer loop
      vertex 168.736 -26.8402 5.9
      vertex 176.199 -20.638 5.9
      vertex 168.854 -26.4597 5.9
    endloop
  endfacet
  facet normal 0 0 1
    outer loop
      vertex 176.585 -20.5428 5.9
      vertex 168.926 -43.2722 5.9
      vertex 168.95 -43.67 5.9
    endloop
  endfacet
  facet normal -0 0 1
    outer loop
      vertex 176.199 -20.638 5.9
      vertex 168.736 -26.8402 5.9
      vertex 176.585 -20.5428 5.9
    endloop
  endfacet
  facet normal 0 0 1
    outer loop
      vertex 176.585 -20.5428 5.9
      vertex 168.854 -42.8803 5.9
      vertex 168.926 -43.2722 5.9
    endloop
  endfacet
  facet normal 0 0 1
    outer loop
      vertex 168.572 -27.2036 5.9
      vertex 176.585 -20.5428 5.9
      vertex 168.736 -26.8402 5.9
    endloop
  endfacet
  facet normal 0 0 1
    outer loop
      vertex 176.585 -20.5428 5.9
      vertex 168.736 -42.4998 5.9
      vertex 168.854 -42.8803 5.9
    endloop
  endfacet
  facet normal 0 0 1
    outer loop
      vertex 168.572 -42.1364 5.9
      vertex 176.585 -20.5428 5.9
      vertex 168.572 -27.2036 5.9
    endloop
  endfacet
  facet normal 0 0 1
    outer loop
      vertex 176.585 -20.5428 5.9
      vertex 168.572 -42.1364 5.9
      vertex 168.736 -42.4998 5.9
    endloop
  endfacet
  facet normal -0 0 1
    outer loop
      vertex 168.366 -27.5446 5.9
      vertex 168.572 -42.1364 5.9
      vertex 168.572 -27.2036 5.9
    endloop
  endfacet
  facet normal 0 0 1
    outer loop
      vertex 168.366 -27.5446 5.9
      vertex 168.366 -41.7954 5.9
      vertex 168.572 -42.1364 5.9
    endloop
  endfacet
  facet normal -0 0 1
    outer loop
      vertex 168.12 -27.8583 5.9
      vertex 168.366 -41.7954 5.9
      vertex 168.366 -27.5446 5.9
    endloop
  endfacet
  facet normal 0 0 1
    outer loop
      vertex 168.12 -27.8583 5.9
      vertex 168.12 -41.4817 5.9
      vertex 168.366 -41.7954 5.9
    endloop
  endfacet
  facet normal -0 0 1
    outer loop
      vertex 167.838 -28.1401 5.9
      vertex 168.12 -41.4817 5.9
      vertex 168.12 -27.8583 5.9
    endloop
  endfacet
  facet normal 0 0 1
    outer loop
      vertex 167.838 -28.1401 5.9
      vertex 167.838 -41.1999 5.9
      vertex 168.12 -41.4817 5.9
    endloop
  endfacet
  facet normal -0 0 1
    outer loop
      vertex 167.525 -28.3858 5.9
      vertex 167.838 -41.1999 5.9
      vertex 167.838 -28.1401 5.9
    endloop
  endfacet
  facet normal 0 0 1
    outer loop
      vertex 167.525 -28.3858 5.9
      vertex 167.525 -40.9542 5.9
      vertex 167.838 -41.1999 5.9
    endloop
  endfacet
  facet normal -0 0 1
    outer loop
      vertex 167.184 -28.592 5.9
      vertex 167.525 -40.9542 5.9
      vertex 167.525 -28.3858 5.9
    endloop
  endfacet
  facet normal 0 0 1
    outer loop
      vertex 167.184 -28.592 5.9
      vertex 167.184 -40.748 5.9
      vertex 167.525 -40.9542 5.9
    endloop
  endfacet
  facet normal -0 0 1
    outer loop
      vertex 166.82 -28.7556 5.9
      vertex 167.184 -40.748 5.9
      vertex 167.184 -28.592 5.9
    endloop
  endfacet
  facet normal 0 0 1
    outer loop
      vertex 166.82 -28.7556 5.9
      vertex 166.82 -40.5844 5.9
      vertex 167.184 -40.748 5.9
    endloop
  endfacet
  facet normal -0 0 1
    outer loop
      vertex 166.44 -28.8741 5.9
      vertex 166.82 -40.5844 5.9
      vertex 166.82 -28.7556 5.9
    endloop
  endfacet
  facet normal 0 0 1
    outer loop
      vertex 166.44 -28.8741 5.9
      vertex 166.44 -40.4659 5.9
      vertex 166.82 -40.5844 5.9
    endloop
  endfacet
  facet normal -0 0 1
    outer loop
      vertex 166.048 -28.9459 5.9
      vertex 166.44 -40.4659 5.9
      vertex 166.44 -28.8741 5.9
    endloop
  endfacet
  facet normal 0 0 1
    outer loop
      vertex 166.048 -28.9459 5.9
      vertex 166.048 -40.3941 5.9
      vertex 166.44 -40.4659 5.9
    endloop
  endfacet
  facet normal -0 0 1
    outer loop
      vertex 165.65 -28.97 5.9
      vertex 166.048 -40.3941 5.9
      vertex 166.048 -28.9459 5.9
    endloop
  endfacet
  facet normal 0 0 1
    outer loop
      vertex 165.65 -28.97 5.9
      vertex 165.65 -40.37 5.9
      vertex 166.048 -40.3941 5.9
    endloop
  endfacet
  facet normal 0 0 1
    outer loop
      vertex 165.252 -28.9459 5.9
      vertex 165.65 -40.37 5.9
      vertex 165.65 -28.97 5.9
    endloop
  endfacet
  facet normal 0 0 1
    outer loop
      vertex 165.252 -28.9459 5.9
      vertex 165.252 -40.3941 5.9
      vertex 165.65 -40.37 5.9
    endloop
  endfacet
  facet normal 0 0 1
    outer loop
      vertex 164.86 -28.8741 5.9
      vertex 165.252 -40.3941 5.9
      vertex 165.252 -28.9459 5.9
    endloop
  endfacet
  facet normal 0 0 1
    outer loop
      vertex 164.86 -28.8741 5.9
      vertex 164.86 -40.4659 5.9
      vertex 165.252 -40.3941 5.9
    endloop
  endfacet
  facet normal 0 0 1
    outer loop
      vertex 164.48 -28.7556 5.9
      vertex 164.86 -40.4659 5.9
      vertex 164.86 -28.8741 5.9
    endloop
  endfacet
  facet normal 0 0 1
    outer loop
      vertex 164.48 -28.7556 5.9
      vertex 164.48 -40.5844 5.9
      vertex 164.86 -40.4659 5.9
    endloop
  endfacet
  facet normal 0 0 1
    outer loop
      vertex 164.116 -28.592 5.9
      vertex 164.48 -40.5844 5.9
      vertex 164.48 -28.7556 5.9
    endloop
  endfacet
  facet normal 0 0 1
    outer loop
      vertex 164.116 -28.592 5.9
      vertex 164.116 -40.748 5.9
      vertex 164.48 -40.5844 5.9
    endloop
  endfacet
  facet normal 0 0 1
    outer loop
      vertex 163.775 -28.3858 5.9
      vertex 164.116 -40.748 5.9
      vertex 164.116 -28.592 5.9
    endloop
  endfacet
  facet normal 0 0 1
    outer loop
      vertex 163.775 -28.3858 5.9
      vertex 163.775 -40.9542 5.9
      vertex 164.116 -40.748 5.9
    endloop
  endfacet
  facet normal 0 0 1
    outer loop
      vertex 163.462 -28.1401 5.9
      vertex 163.775 -40.9542 5.9
      vertex 163.775 -28.3858 5.9
    endloop
  endfacet
  facet normal 0 0 1
    outer loop
      vertex 163.462 -28.1401 5.9
      vertex 163.462 -41.1999 5.9
      vertex 163.775 -40.9542 5.9
    endloop
  endfacet
  facet normal 0 0 1
    outer loop
      vertex 163.18 -27.8583 5.9
      vertex 163.462 -41.1999 5.9
      vertex 163.462 -28.1401 5.9
    endloop
  endfacet
  facet normal 0 0 1
    outer loop
      vertex 163.18 -27.8583 5.9
      vertex 163.18 -41.4817 5.9
      vertex 163.462 -41.1999 5.9
    endloop
  endfacet
  facet normal 0 0 1
    outer loop
      vertex 150.736 -26.8402 5.9
      vertex 162.564 -26.8402 5.9
      vertex 150.854 -26.4597 5.9
    endloop
  endfacet
  facet normal 0 0 1
    outer loop
      vertex 162.564 -26.8402 5.9
      vertex 150.736 -26.8402 5.9
      vertex 162.728 -27.2036 5.9
    endloop
  endfacet
  facet normal 0 0 1
    outer loop
      vertex 162.446 -26.4597 5.9
      vertex 150.854 -26.4597 5.9
      vertex 162.564 -26.8402 5.9
    endloop
  endfacet
  facet normal 0 0 1
    outer loop
      vertex 150.572 -27.2036 5.9
      vertex 162.728 -27.2036 5.9
      vertex 150.736 -26.8402 5.9
    endloop
  endfacet
  facet normal 0 0 1
    outer loop
      vertex 150.854 -26.4597 5.9
      vertex 162.446 -26.4597 5.9
      vertex 150.926 -26.0678 5.9
    endloop
  endfacet
  facet normal 0 0 1
    outer loop
      vertex 163.18 -41.4817 5.9
      vertex 150.95 -43.67 5.9
      vertex 162.934 -41.7954 5.9
    endloop
  endfacet
  facet normal 0 0 1
    outer loop
      vertex 162.374 -26.0678 5.9
      vertex 150.926 -26.0678 5.9
      vertex 162.446 -26.4597 5.9
    endloop
  endfacet
  facet normal 0 0 1
    outer loop
      vertex 162.934 -41.7954 5.9
      vertex 150.95 -43.67 5.9
      vertex 162.728 -42.1364 5.9
    endloop
  endfacet
  facet normal 0 0 1
    outer loop
      vertex 150.926 -26.0678 5.9
      vertex 162.374 -26.0678 5.9
      vertex 150.95 -25.67 5.9
    endloop
  endfacet
  facet normal 0 0 1
    outer loop
      vertex 162.728 -42.1364 5.9
      vertex 150.95 -43.67 5.9
      vertex 162.564 -42.4998 5.9
    endloop
  endfacet
  facet normal -0 0 1
    outer loop
      vertex 150.95 -25.67 5.9
      vertex 162.374 -26.0678 5.9
      vertex 162.35 -25.67 5.9
    endloop
  endfacet
  facet normal 0 0 1
    outer loop
      vertex 162.564 -42.4998 5.9
      vertex 150.95 -43.67 5.9
      vertex 162.446 -42.8803 5.9
    endloop
  endfacet
  facet normal 0 0 1
    outer loop
      vertex 177.602 -19.3949 5.9
      vertex 185 -12 5.9
      vertex 177.65 -19 5.9
    endloop
  endfacet
  facet normal 0 0 1
    outer loop
      vertex 185 -12 5.9
      vertex 177.602 -18.6051 5.9
      vertex 177.65 -19 5.9
    endloop
  endfacet
  facet normal 0 0 1
    outer loop
      vertex 185 -12 5.9
      vertex 177.461 -18.2332 5.9
      vertex 177.602 -18.6051 5.9
    endloop
  endfacet
  facet normal 0 0 1
    outer loop
      vertex 185 -12 5.9
      vertex 177.235 -17.9058 5.9
      vertex 177.461 -18.2332 5.9
    endloop
  endfacet
  facet normal 0 0 1
    outer loop
      vertex 185 -12 5.9
      vertex 176.937 -17.6421 5.9
      vertex 177.235 -17.9058 5.9
    endloop
  endfacet
  facet normal 0 0 1
    outer loop
      vertex 185 -12 5.9
      vertex 176.585 -17.4572 5.9
      vertex 176.937 -17.6421 5.9
    endloop
  endfacet
  facet normal 0 0 1
    outer loop
      vertex 185 -12 5.9
      vertex 176.199 -17.362 5.9
      vertex 176.585 -17.4572 5.9
    endloop
  endfacet
  facet normal 0 0 1
    outer loop
      vertex 185 -12 5.9
      vertex 175.801 -17.362 5.9
      vertex 176.199 -17.362 5.9
    endloop
  endfacet
  facet normal 0 0 1
    outer loop
      vertex 185 -12 5.9
      vertex 175.415 -17.4572 5.9
      vertex 175.801 -17.362 5.9
    endloop
  endfacet
  facet normal 0 0 1
    outer loop
      vertex 148.048 -22.3941 5.9
      vertex 175.415 -17.4572 5.9
      vertex 185 -12 5.9
    endloop
  endfacet
  facet normal 0 0 1
    outer loop
      vertex 167.184 -22.748 5.9
      vertex 174.35 -19 5.9
      vertex 174.398 -18.6051 5.9
    endloop
  endfacet
  facet normal 0 0 1
    outer loop
      vertex 166.44 -22.4659 5.9
      vertex 174.398 -18.6051 5.9
      vertex 174.539 -18.2332 5.9
    endloop
  endfacet
  facet normal 0 0 1
    outer loop
      vertex 166.048 -22.3941 5.9
      vertex 174.539 -18.2332 5.9
      vertex 174.765 -17.9058 5.9
    endloop
  endfacet
  facet normal 0 0 1
    outer loop
      vertex 174.35 -19 5.9
      vertex 168.926 -25.2722 5.9
      vertex 168.95 -25.67 5.9
    endloop
  endfacet
  facet normal 0 0 1
    outer loop
      vertex 174.35 -19 5.9
      vertex 168.854 -24.8803 5.9
      vertex 168.926 -25.2722 5.9
    endloop
  endfacet
  facet normal 0 0 1
    outer loop
      vertex 174.35 -19 5.9
      vertex 168.736 -24.4998 5.9
      vertex 168.854 -24.8803 5.9
    endloop
  endfacet
  facet normal 0 0 1
    outer loop
      vertex 174.35 -19 5.9
      vertex 168.572 -24.1364 5.9
      vertex 168.736 -24.4998 5.9
    endloop
  endfacet
  facet normal 0 0 1
    outer loop
      vertex 174.35 -19 5.9
      vertex 168.366 -23.7954 5.9
      vertex 168.572 -24.1364 5.9
    endloop
  endfacet
  facet normal 0 0 1
    outer loop
      vertex 174.35 -19 5.9
      vertex 168.12 -23.4817 5.9
      vertex 168.366 -23.7954 5.9
    endloop
  endfacet
  facet normal 0 0 1
    outer loop
      vertex 165.252 -22.3941 5.9
      vertex 174.765 -17.9058 5.9
      vertex 175.063 -17.6421 5.9
    endloop
  endfacet
  facet normal 0 0 1
    outer loop
      vertex 174.35 -19 5.9
      vertex 167.838 -23.1999 5.9
      vertex 168.12 -23.4817 5.9
    endloop
  endfacet
  facet normal 0 0 1
    outer loop
      vertex 174.35 -19 5.9
      vertex 167.525 -22.9542 5.9
      vertex 167.838 -23.1999 5.9
    endloop
  endfacet
  facet normal 0 0 1
    outer loop
      vertex 174.35 -19 5.9
      vertex 167.184 -22.748 5.9
      vertex 167.525 -22.9542 5.9
    endloop
  endfacet
  facet normal 0 0 1
    outer loop
      vertex 174.398 -18.6051 5.9
      vertex 166.82 -22.5844 5.9
      vertex 167.184 -22.748 5.9
    endloop
  endfacet
  facet normal 0 0 1
    outer loop
      vertex 174.398 -18.6051 5.9
      vertex 166.44 -22.4659 5.9
      vertex 166.82 -22.5844 5.9
    endloop
  endfacet
  facet normal 0 0 1
    outer loop
      vertex 175.415 -17.4572 5.9
      vertex 148.048 -22.3941 5.9
      vertex 175.063 -17.6421 5.9
    endloop
  endfacet
  facet normal 0 0 1
    outer loop
      vertex 174.539 -18.2332 5.9
      vertex 166.048 -22.3941 5.9
      vertex 166.44 -22.4659 5.9
    endloop
  endfacet
  facet normal 0 0 1
    outer loop
      vertex 174.765 -17.9058 5.9
      vertex 165.65 -22.37 5.9
      vertex 166.048 -22.3941 5.9
    endloop
  endfacet
  facet normal 0 0 1
    outer loop
      vertex 174.765 -17.9058 5.9
      vertex 165.252 -22.3941 5.9
      vertex 165.65 -22.37 5.9
    endloop
  endfacet
  facet normal 0 0 1
    outer loop
      vertex 175.063 -17.6421 5.9
      vertex 164.86 -22.4659 5.9
      vertex 165.252 -22.3941 5.9
    endloop
  endfacet
  facet normal 0 0 1
    outer loop
      vertex 175.063 -17.6421 5.9
      vertex 148.44 -22.4659 5.9
      vertex 164.86 -22.4659 5.9
    endloop
  endfacet
  facet normal 0 0 1
    outer loop
      vertex 164.86 -22.4659 5.9
      vertex 148.44 -22.4659 5.9
      vertex 164.48 -22.5844 5.9
    endloop
  endfacet
  facet normal 0 0 1
    outer loop
      vertex 162.446 -42.8803 5.9
      vertex 150.95 -43.67 5.9
      vertex 162.374 -43.2722 5.9
    endloop
  endfacet
  facet normal 0 0 1
    outer loop
      vertex 162.374 -25.2722 5.9
      vertex 150.95 -25.67 5.9
      vertex 162.35 -25.67 5.9
    endloop
  endfacet
  facet normal 0 0 1
    outer loop
      vertex 150.926 -25.2722 5.9
      vertex 162.374 -25.2722 5.9
      vertex 162.446 -24.8803 5.9
    endloop
  endfacet
  facet normal 0 0 1
    outer loop
      vertex 150.854 -24.8803 5.9
      vertex 162.446 -24.8803 5.9
      vertex 162.564 -24.4998 5.9
    endloop
  endfacet
  facet normal 0 0 1
    outer loop
      vertex 150.736 -24.4998 5.9
      vertex 162.564 -24.4998 5.9
      vertex 162.728 -24.1364 5.9
    endloop
  endfacet
  facet normal 0 0 1
    outer loop
      vertex 150.572 -24.1364 5.9
      vertex 162.728 -24.1364 5.9
      vertex 162.934 -23.7954 5.9
    endloop
  endfacet
  facet normal 0 0 1
    outer loop
      vertex 150.366 -23.7954 5.9
      vertex 162.934 -23.7954 5.9
      vertex 163.18 -23.4817 5.9
    endloop
  endfacet
  facet normal 0 0 1
    outer loop
      vertex 150.12 -23.4817 5.9
      vertex 163.18 -23.4817 5.9
      vertex 163.462 -23.1999 5.9
    endloop
  endfacet
  facet normal 0 0 1
    outer loop
      vertex 149.838 -23.1999 5.9
      vertex 163.462 -23.1999 5.9
      vertex 163.775 -22.9542 5.9
    endloop
  endfacet
  facet normal 0 0 1
    outer loop
      vertex 149.525 -22.9542 5.9
      vertex 163.775 -22.9542 5.9
      vertex 164.116 -22.748 5.9
    endloop
  endfacet
  facet normal 0 -0 1
    outer loop
      vertex 148.82 -22.5844 5.9
      vertex 164.48 -22.5844 5.9
      vertex 148.44 -22.4659 5.9
    endloop
  endfacet
  facet normal 0 0 1
    outer loop
      vertex 162.374 -25.2722 5.9
      vertex 150.926 -25.2722 5.9
      vertex 150.95 -25.67 5.9
    endloop
  endfacet
  facet normal 0 0 1
    outer loop
      vertex 162.446 -24.8803 5.9
      vertex 150.854 -24.8803 5.9
      vertex 150.926 -25.2722 5.9
    endloop
  endfacet
  facet normal 0 0 1
    outer loop
      vertex 162.564 -24.4998 5.9
      vertex 150.736 -24.4998 5.9
      vertex 150.854 -24.8803 5.9
    endloop
  endfacet
  facet normal 0 0 1
    outer loop
      vertex 162.728 -24.1364 5.9
      vertex 150.572 -24.1364 5.9
      vertex 150.736 -24.4998 5.9
    endloop
  endfacet
  facet normal 0 0 1
    outer loop
      vertex 162.934 -23.7954 5.9
      vertex 150.366 -23.7954 5.9
      vertex 150.572 -24.1364 5.9
    endloop
  endfacet
  facet normal 0 0 1
    outer loop
      vertex 163.18 -23.4817 5.9
      vertex 150.12 -23.4817 5.9
      vertex 150.366 -23.7954 5.9
    endloop
  endfacet
  facet normal 0 0 1
    outer loop
      vertex 163.462 -23.1999 5.9
      vertex 149.838 -23.1999 5.9
      vertex 150.12 -23.4817 5.9
    endloop
  endfacet
  facet normal 0 0 1
    outer loop
      vertex 163.775 -22.9542 5.9
      vertex 149.525 -22.9542 5.9
      vertex 149.838 -23.1999 5.9
    endloop
  endfacet
  facet normal 0 0 1
    outer loop
      vertex 164.116 -22.748 5.9
      vertex 149.184 -22.748 5.9
      vertex 149.525 -22.9542 5.9
    endloop
  endfacet
  facet normal 0 0 1
    outer loop
      vertex 164.116 -22.748 5.9
      vertex 148.82 -22.5844 5.9
      vertex 149.184 -22.748 5.9
    endloop
  endfacet
  facet normal 0 0 1
    outer loop
      vertex 164.48 -22.5844 5.9
      vertex 148.82 -22.5844 5.9
      vertex 164.116 -22.748 5.9
    endloop
  endfacet
  facet normal 0 0 1
    outer loop
      vertex 175.063 -17.6421 5.9
      vertex 148.048 -22.3941 5.9
      vertex 148.44 -22.4659 5.9
    endloop
  endfacet
  facet normal 0 0 1
    outer loop
      vertex 185 -12 5.9
      vertex 147.65 -22.37 5.9
      vertex 148.048 -22.3941 5.9
    endloop
  endfacet
  facet normal 0 0 1
    outer loop
      vertex 185 -12 5.9
      vertex 147.252 -22.3941 5.9
      vertex 147.65 -22.37 5.9
    endloop
  endfacet
  facet normal 0 0 1
    outer loop
      vertex 130.048 -22.3941 5.9
      vertex 147.252 -22.3941 5.9
      vertex 185 -12 5.9
    endloop
  endfacet
  facet normal 0 0 1
    outer loop
      vertex 144.446 -42.8803 5.9
      vertex 132.95 -43.67 5.9
      vertex 144.374 -43.2722 5.9
    endloop
  endfacet
  facet normal 0 0 1
    outer loop
      vertex 144.374 -25.2722 5.9
      vertex 132.95 -25.67 5.9
      vertex 144.35 -25.67 5.9
    endloop
  endfacet
  facet normal 0 0 1
    outer loop
      vertex 132.926 -25.2722 5.9
      vertex 144.374 -25.2722 5.9
      vertex 144.446 -24.8803 5.9
    endloop
  endfacet
  facet normal 0 0 1
    outer loop
      vertex 132.854 -24.8803 5.9
      vertex 144.446 -24.8803 5.9
      vertex 144.564 -24.4998 5.9
    endloop
  endfacet
  facet normal 0 0 1
    outer loop
      vertex 132.736 -24.4998 5.9
      vertex 144.564 -24.4998 5.9
      vertex 144.728 -24.1364 5.9
    endloop
  endfacet
  facet normal 0 0 1
    outer loop
      vertex 132.572 -24.1364 5.9
      vertex 144.728 -24.1364 5.9
      vertex 144.934 -23.7954 5.9
    endloop
  endfacet
  facet normal 0 0 1
    outer loop
      vertex 132.366 -23.7954 5.9
      vertex 144.934 -23.7954 5.9
      vertex 145.18 -23.4817 5.9
    endloop
  endfacet
  facet normal 0 0 1
    outer loop
      vertex 132.12 -23.4817 5.9
      vertex 145.18 -23.4817 5.9
      vertex 145.462 -23.1999 5.9
    endloop
  endfacet
  facet normal 0 0 1
    outer loop
      vertex 131.838 -23.1999 5.9
      vertex 145.462 -23.1999 5.9
      vertex 145.775 -22.9542 5.9
    endloop
  endfacet
  facet normal 0 0 1
    outer loop
      vertex 131.525 -22.9542 5.9
      vertex 145.775 -22.9542 5.9
      vertex 146.116 -22.748 5.9
    endloop
  endfacet
  facet normal 0 0 1
    outer loop
      vertex 131.184 -22.748 5.9
      vertex 146.116 -22.748 5.9
      vertex 146.48 -22.5844 5.9
    endloop
  endfacet
  facet normal 0 0 1
    outer loop
      vertex 130.82 -22.5844 5.9
      vertex 146.48 -22.5844 5.9
      vertex 146.86 -22.4659 5.9
    endloop
  endfacet
  facet normal 0 0 1
    outer loop
      vertex 147.252 -22.3941 5.9
      vertex 130.048 -22.3941 5.9
      vertex 146.86 -22.4659 5.9
    endloop
  endfacet
  facet normal 0 0 1
    outer loop
      vertex 144.374 -25.2722 5.9
      vertex 132.926 -25.2722 5.9
      vertex 132.95 -25.67 5.9
    endloop
  endfacet
  facet normal 0 0 1
    outer loop
      vertex 144.446 -24.8803 5.9
      vertex 132.854 -24.8803 5.9
      vertex 132.926 -25.2722 5.9
    endloop
  endfacet
  facet normal 0 0 1
    outer loop
      vertex 144.564 -24.4998 5.9
      vertex 132.736 -24.4998 5.9
      vertex 132.854 -24.8803 5.9
    endloop
  endfacet
  facet normal 0 0 1
    outer loop
      vertex 144.728 -24.1364 5.9
      vertex 132.572 -24.1364 5.9
      vertex 132.736 -24.4998 5.9
    endloop
  endfacet
  facet normal 0 0 1
    outer loop
      vertex 144.934 -23.7954 5.9
      vertex 132.366 -23.7954 5.9
      vertex 132.572 -24.1364 5.9
    endloop
  endfacet
  facet normal 0 0 1
    outer loop
      vertex 145.18 -23.4817 5.9
      vertex 132.12 -23.4817 5.9
      vertex 132.366 -23.7954 5.9
    endloop
  endfacet
  facet normal 0 0 1
    outer loop
      vertex 145.462 -23.1999 5.9
      vertex 131.838 -23.1999 5.9
      vertex 132.12 -23.4817 5.9
    endloop
  endfacet
  facet normal 0 0 1
    outer loop
      vertex 145.775 -22.9542 5.9
      vertex 131.525 -22.9542 5.9
      vertex 131.838 -23.1999 5.9
    endloop
  endfacet
  facet normal 0 0 1
    outer loop
      vertex 146.116 -22.748 5.9
      vertex 131.184 -22.748 5.9
      vertex 131.525 -22.9542 5.9
    endloop
  endfacet
  facet normal 0 0 1
    outer loop
      vertex 146.48 -22.5844 5.9
      vertex 130.82 -22.5844 5.9
      vertex 131.184 -22.748 5.9
    endloop
  endfacet
  facet normal 0 0 1
    outer loop
      vertex 146.86 -22.4659 5.9
      vertex 130.44 -22.4659 5.9
      vertex 130.82 -22.5844 5.9
    endloop
  endfacet
  facet normal 0 0 1
    outer loop
      vertex 146.86 -22.4659 5.9
      vertex 130.048 -22.3941 5.9
      vertex 130.44 -22.4659 5.9
    endloop
  endfacet
  facet normal 0 0 1
    outer loop
      vertex 185 -12 5.9
      vertex 129.65 -22.37 5.9
      vertex 130.048 -22.3941 5.9
    endloop
  endfacet
  facet normal 0 0 1
    outer loop
      vertex 111.65 -22.37 5.9
      vertex 129.65 -22.37 5.9
      vertex 185 -12 5.9
    endloop
  endfacet
  facet normal 0 0 1
    outer loop
      vertex 129.65 -22.37 5.9
      vertex 111.65 -22.37 5.9
      vertex 129.252 -22.3941 5.9
    endloop
  endfacet
  facet normal 0 0 1
    outer loop
      vertex 126.374 -43.2722 5.9
      vertex 114.95 -43.67 5.9
      vertex 126.35 -43.67 5.9
    endloop
  endfacet
  facet normal 0 0 1
    outer loop
      vertex 126.446 -42.8803 5.9
      vertex 114.95 -43.67 5.9
      vertex 126.374 -43.2722 5.9
    endloop
  endfacet
  facet normal 0 0 1
    outer loop
      vertex 126.374 -25.2722 5.9
      vertex 114.95 -25.67 5.9
      vertex 126.35 -25.67 5.9
    endloop
  endfacet
  facet normal 0 0 1
    outer loop
      vertex 114.926 -25.2722 5.9
      vertex 126.374 -25.2722 5.9
      vertex 126.446 -24.8803 5.9
    endloop
  endfacet
  facet normal 0 0 1
    outer loop
      vertex 114.854 -24.8803 5.9
      vertex 126.446 -24.8803 5.9
      vertex 126.564 -24.4998 5.9
    endloop
  endfacet
  facet normal 0 0 1
    outer loop
      vertex 114.736 -24.4998 5.9
      vertex 126.564 -24.4998 5.9
      vertex 126.728 -24.1364 5.9
    endloop
  endfacet
  facet normal 0 0 1
    outer loop
      vertex 114.572 -24.1364 5.9
      vertex 126.728 -24.1364 5.9
      vertex 126.934 -23.7954 5.9
    endloop
  endfacet
  facet normal 0 0 1
    outer loop
      vertex 114.366 -23.7954 5.9
      vertex 126.934 -23.7954 5.9
      vertex 127.18 -23.4817 5.9
    endloop
  endfacet
  facet normal 0 0 1
    outer loop
      vertex 114.12 -23.4817 5.9
      vertex 127.18 -23.4817 5.9
      vertex 127.462 -23.1999 5.9
    endloop
  endfacet
  facet normal 0 0 1
    outer loop
      vertex 113.838 -23.1999 5.9
      vertex 127.462 -23.1999 5.9
      vertex 127.775 -22.9542 5.9
    endloop
  endfacet
  facet normal 0 0 1
    outer loop
      vertex 113.525 -22.9542 5.9
      vertex 127.775 -22.9542 5.9
      vertex 128.116 -22.748 5.9
    endloop
  endfacet
  facet normal 0 0 1
    outer loop
      vertex 113.184 -22.748 5.9
      vertex 128.116 -22.748 5.9
      vertex 128.48 -22.5844 5.9
    endloop
  endfacet
  facet normal 0 0 1
    outer loop
      vertex 112.82 -22.5844 5.9
      vertex 128.48 -22.5844 5.9
      vertex 128.86 -22.4659 5.9
    endloop
  endfacet
  facet normal 0 0 1
    outer loop
      vertex 126.374 -25.2722 5.9
      vertex 114.926 -25.2722 5.9
      vertex 114.95 -25.67 5.9
    endloop
  endfacet
  facet normal 0 0 1
    outer loop
      vertex 126.446 -24.8803 5.9
      vertex 114.854 -24.8803 5.9
      vertex 114.926 -25.2722 5.9
    endloop
  endfacet
  facet normal 0 -0 1
    outer loop
      vertex 112.048 -22.3941 5.9
      vertex 129.252 -22.3941 5.9
      vertex 111.65 -22.37 5.9
    endloop
  endfacet
  facet normal 0 0 1
    outer loop
      vertex 126.564 -24.4998 5.9
      vertex 114.736 -24.4998 5.9
      vertex 114.854 -24.8803 5.9
    endloop
  endfacet
  facet normal 0 0 1
    outer loop
      vertex 126.728 -24.1364 5.9
      vertex 114.572 -24.1364 5.9
      vertex 114.736 -24.4998 5.9
    endloop
  endfacet
  facet normal 0 0 1
    outer loop
      vertex 126.934 -23.7954 5.9
      vertex 114.366 -23.7954 5.9
      vertex 114.572 -24.1364 5.9
    endloop
  endfacet
  facet normal 0 0 1
    outer loop
      vertex 127.18 -23.4817 5.9
      vertex 114.12 -23.4817 5.9
      vertex 114.366 -23.7954 5.9
    endloop
  endfacet
  facet normal 0 0 1
    outer loop
      vertex 127.462 -23.1999 5.9
      vertex 113.838 -23.1999 5.9
      vertex 114.12 -23.4817 5.9
    endloop
  endfacet
  facet normal 0 0 1
    outer loop
      vertex 127.775 -22.9542 5.9
      vertex 113.525 -22.9542 5.9
      vertex 113.838 -23.1999 5.9
    endloop
  endfacet
  facet normal 0 0 1
    outer loop
      vertex 128.116 -22.748 5.9
      vertex 113.184 -22.748 5.9
      vertex 113.525 -22.9542 5.9
    endloop
  endfacet
  facet normal 0 0 1
    outer loop
      vertex 128.48 -22.5844 5.9
      vertex 112.82 -22.5844 5.9
      vertex 113.184 -22.748 5.9
    endloop
  endfacet
  facet normal 0 0 1
    outer loop
      vertex 128.86 -22.4659 5.9
      vertex 112.44 -22.4659 5.9
      vertex 112.82 -22.5844 5.9
    endloop
  endfacet
  facet normal 0 0 1
    outer loop
      vertex 128.86 -22.4659 5.9
      vertex 112.048 -22.3941 5.9
      vertex 112.44 -22.4659 5.9
    endloop
  endfacet
  facet normal 0 0 1
    outer loop
      vertex 129.252 -22.3941 5.9
      vertex 112.048 -22.3941 5.9
      vertex 128.86 -22.4659 5.9
    endloop
  endfacet
  facet normal 0 0 1
    outer loop
      vertex 93.65 -22.37 5.9
      vertex 111.65 -22.37 5.9
      vertex 185 -12 5.9
    endloop
  endfacet
  facet normal 0 0 1
    outer loop
      vertex 108.374 -43.2722 5.9
      vertex 96.95 -43.67 5.9
      vertex 108.35 -43.67 5.9
    endloop
  endfacet
  facet normal 0 0 1
    outer loop
      vertex 108.446 -42.8803 5.9
      vertex 96.95 -43.67 5.9
      vertex 108.374 -43.2722 5.9
    endloop
  endfacet
  facet normal 0 0 1
    outer loop
      vertex 108.374 -25.2722 5.9
      vertex 96.95 -25.67 5.9
      vertex 108.35 -25.67 5.9
    endloop
  endfacet
  facet normal 0 0 1
    outer loop
      vertex 96.9259 -25.2722 5.9
      vertex 108.374 -25.2722 5.9
      vertex 108.446 -24.8803 5.9
    endloop
  endfacet
  facet normal 0 0 1
    outer loop
      vertex 96.8541 -24.8803 5.9
      vertex 108.446 -24.8803 5.9
      vertex 108.564 -24.4998 5.9
    endloop
  endfacet
  facet normal 0 0 1
    outer loop
      vertex 96.7355 -24.4998 5.9
      vertex 108.564 -24.4998 5.9
      vertex 108.728 -24.1364 5.9
    endloop
  endfacet
  facet normal 0 0 1
    outer loop
      vertex 96.572 -24.1364 5.9
      vertex 108.728 -24.1364 5.9
      vertex 108.934 -23.7954 5.9
    endloop
  endfacet
  facet normal 0 0 1
    outer loop
      vertex 96.3658 -23.7954 5.9
      vertex 108.934 -23.7954 5.9
      vertex 109.18 -23.4817 5.9
    endloop
  endfacet
  facet normal 0 0 1
    outer loop
      vertex 96.1201 -23.4817 5.9
      vertex 109.18 -23.4817 5.9
      vertex 109.462 -23.1999 5.9
    endloop
  endfacet
  facet normal 0 0 1
    outer loop
      vertex 95.8383 -23.1999 5.9
      vertex 109.462 -23.1999 5.9
      vertex 109.775 -22.9542 5.9
    endloop
  endfacet
  facet normal 0 0 1
    outer loop
      vertex 95.5246 -22.9542 5.9
      vertex 109.775 -22.9542 5.9
      vertex 110.116 -22.748 5.9
    endloop
  endfacet
  facet normal 0 0 1
    outer loop
      vertex 95.1836 -22.748 5.9
      vertex 110.116 -22.748 5.9
      vertex 110.48 -22.5844 5.9
    endloop
  endfacet
  facet normal 0 0 1
    outer loop
      vertex 94.8202 -22.5844 5.9
      vertex 110.48 -22.5844 5.9
      vertex 110.86 -22.4659 5.9
    endloop
  endfacet
  facet normal 0 0 1
    outer loop
      vertex 108.374 -25.2722 5.9
      vertex 96.9259 -25.2722 5.9
      vertex 96.95 -25.67 5.9
    endloop
  endfacet
  facet normal 0 0 1
    outer loop
      vertex 108.446 -24.8803 5.9
      vertex 96.8541 -24.8803 5.9
      vertex 96.9259 -25.2722 5.9
    endloop
  endfacet
  facet normal 0 0 1
    outer loop
      vertex 94.4397 -22.4659 5.9
      vertex 110.86 -22.4659 5.9
      vertex 111.252 -22.3941 5.9
    endloop
  endfacet
  facet normal 0 0 1
    outer loop
      vertex 108.564 -24.4998 5.9
      vertex 96.7355 -24.4998 5.9
      vertex 96.8541 -24.8803 5.9
    endloop
  endfacet
  facet normal 0 0 1
    outer loop
      vertex 108.728 -24.1364 5.9
      vertex 96.572 -24.1364 5.9
      vertex 96.7355 -24.4998 5.9
    endloop
  endfacet
  facet normal 0 0 1
    outer loop
      vertex 111.65 -22.37 5.9
      vertex 93.65 -22.37 5.9
      vertex 111.252 -22.3941 5.9
    endloop
  endfacet
  facet normal 0 0 1
    outer loop
      vertex 108.934 -23.7954 5.9
      vertex 96.3658 -23.7954 5.9
      vertex 96.572 -24.1364 5.9
    endloop
  endfacet
  facet normal 0 0 1
    outer loop
      vertex 109.18 -23.4817 5.9
      vertex 96.1201 -23.4817 5.9
      vertex 96.3658 -23.7954 5.9
    endloop
  endfacet
  facet normal 0 0 1
    outer loop
      vertex 109.462 -23.1999 5.9
      vertex 95.8383 -23.1999 5.9
      vertex 96.1201 -23.4817 5.9
    endloop
  endfacet
  facet normal 0 0 1
    outer loop
      vertex 109.775 -22.9542 5.9
      vertex 95.5246 -22.9542 5.9
      vertex 95.8383 -23.1999 5.9
    endloop
  endfacet
  facet normal 0 0 1
    outer loop
      vertex 110.116 -22.748 5.9
      vertex 95.1836 -22.748 5.9
      vertex 95.5246 -22.9542 5.9
    endloop
  endfacet
  facet normal 0 0 1
    outer loop
      vertex 110.48 -22.5844 5.9
      vertex 94.8202 -22.5844 5.9
      vertex 95.1836 -22.748 5.9
    endloop
  endfacet
  facet normal 0 0 1
    outer loop
      vertex 110.86 -22.4659 5.9
      vertex 94.4397 -22.4659 5.9
      vertex 94.8202 -22.5844 5.9
    endloop
  endfacet
  facet normal 0 0 1
    outer loop
      vertex 111.252 -22.3941 5.9
      vertex 94.0478 -22.3941 5.9
      vertex 94.4397 -22.4659 5.9
    endloop
  endfacet
  facet normal 0 0 1
    outer loop
      vertex 111.252 -22.3941 5.9
      vertex 93.65 -22.37 5.9
      vertex 94.0478 -22.3941 5.9
    endloop
  endfacet
  facet normal -0 0 1
    outer loop
      vertex -5 -12 5.9
      vertex 93.65 -22.37 5.9
      vertex 185 -12 5.9
    endloop
  endfacet
  facet normal 0 0 1
    outer loop
      vertex 90.3741 -43.2722 5.9
      vertex 78.95 -43.67 5.9
      vertex 90.35 -43.67 5.9
    endloop
  endfacet
  facet normal 0 0 1
    outer loop
      vertex 90.4459 -42.8803 5.9
      vertex 78.95 -43.67 5.9
      vertex 90.3741 -43.2722 5.9
    endloop
  endfacet
  facet normal 0 0 1
    outer loop
      vertex 90.3741 -25.2722 5.9
      vertex 78.95 -25.67 5.9
      vertex 90.35 -25.67 5.9
    endloop
  endfacet
  facet normal 0 0 1
    outer loop
      vertex 78.9259 -25.2722 5.9
      vertex 90.3741 -25.2722 5.9
      vertex 90.4459 -24.8803 5.9
    endloop
  endfacet
  facet normal 0 0 1
    outer loop
      vertex 78.8541 -24.8803 5.9
      vertex 90.4459 -24.8803 5.9
      vertex 90.5644 -24.4998 5.9
    endloop
  endfacet
  facet normal 0 0 1
    outer loop
      vertex 78.7355 -24.4998 5.9
      vertex 90.5644 -24.4998 5.9
      vertex 90.728 -24.1364 5.9
    endloop
  endfacet
  facet normal 0 0 1
    outer loop
      vertex 78.572 -24.1364 5.9
      vertex 90.728 -24.1364 5.9
      vertex 90.9342 -23.7954 5.9
    endloop
  endfacet
  facet normal 0 0 1
    outer loop
      vertex 78.3658 -23.7954 5.9
      vertex 90.9342 -23.7954 5.9
      vertex 91.1799 -23.4817 5.9
    endloop
  endfacet
  facet normal 0 0 1
    outer loop
      vertex 78.1201 -23.4817 5.9
      vertex 91.1799 -23.4817 5.9
      vertex 91.4617 -23.1999 5.9
    endloop
  endfacet
  facet normal 0 0 1
    outer loop
      vertex 77.8383 -23.1999 5.9
      vertex 91.4617 -23.1999 5.9
      vertex 91.7754 -22.9542 5.9
    endloop
  endfacet
  facet normal 0 0 1
    outer loop
      vertex 77.5246 -22.9542 5.9
      vertex 91.7754 -22.9542 5.9
      vertex 92.1164 -22.748 5.9
    endloop
  endfacet
  facet normal 0 0 1
    outer loop
      vertex 77.1836 -22.748 5.9
      vertex 92.1164 -22.748 5.9
      vertex 92.4798 -22.5844 5.9
    endloop
  endfacet
  facet normal 0 0 1
    outer loop
      vertex 76.8202 -22.5844 5.9
      vertex 92.4798 -22.5844 5.9
      vertex 92.8603 -22.4659 5.9
    endloop
  endfacet
  facet normal 0 0 1
    outer loop
      vertex 90.3741 -25.2722 5.9
      vertex 78.9259 -25.2722 5.9
      vertex 78.95 -25.67 5.9
    endloop
  endfacet
  facet normal 0 0 1
    outer loop
      vertex 90.4459 -24.8803 5.9
      vertex 78.8541 -24.8803 5.9
      vertex 78.9259 -25.2722 5.9
    endloop
  endfacet
  facet normal 0 0 1
    outer loop
      vertex 76.4397 -22.4659 5.9
      vertex 92.8603 -22.4659 5.9
      vertex 93.2522 -22.3941 5.9
    endloop
  endfacet
  facet normal 0 0 1
    outer loop
      vertex 90.5644 -24.4998 5.9
      vertex 78.7355 -24.4998 5.9
      vertex 78.8541 -24.8803 5.9
    endloop
  endfacet
  facet normal 0 0 1
    outer loop
      vertex 90.728 -24.1364 5.9
      vertex 78.572 -24.1364 5.9
      vertex 78.7355 -24.4998 5.9
    endloop
  endfacet
  facet normal 0 0 1
    outer loop
      vertex 90.9342 -23.7954 5.9
      vertex 78.3658 -23.7954 5.9
      vertex 78.572 -24.1364 5.9
    endloop
  endfacet
  facet normal 0 -0 1
    outer loop
      vertex 75.65 -22.37 5.9
      vertex 93.65 -22.37 5.9
      vertex -5 -12 5.9
    endloop
  endfacet
  facet normal 0 0 1
    outer loop
      vertex 91.1799 -23.4817 5.9
      vertex 78.1201 -23.4817 5.9
      vertex 78.3658 -23.7954 5.9
    endloop
  endfacet
  facet normal 0 0 1
    outer loop
      vertex 91.4617 -23.1999 5.9
      vertex 77.8383 -23.1999 5.9
      vertex 78.1201 -23.4817 5.9
    endloop
  endfacet
  facet normal 0 0 1
    outer loop
      vertex 91.7754 -22.9542 5.9
      vertex 77.5246 -22.9542 5.9
      vertex 77.8383 -23.1999 5.9
    endloop
  endfacet
  facet normal 0 0 1
    outer loop
      vertex 92.1164 -22.748 5.9
      vertex 77.1836 -22.748 5.9
      vertex 77.5246 -22.9542 5.9
    endloop
  endfacet
  facet normal 0 0 1
    outer loop
      vertex 92.4798 -22.5844 5.9
      vertex 76.8202 -22.5844 5.9
      vertex 77.1836 -22.748 5.9
    endloop
  endfacet
  facet normal 0 0 1
    outer loop
      vertex 92.8603 -22.4659 5.9
      vertex 76.4397 -22.4659 5.9
      vertex 76.8202 -22.5844 5.9
    endloop
  endfacet
  facet normal 0 0 1
    outer loop
      vertex 93.2522 -22.3941 5.9
      vertex 76.0478 -22.3941 5.9
      vertex 76.4397 -22.4659 5.9
    endloop
  endfacet
  facet normal 0 0 1
    outer loop
      vertex 93.2522 -22.3941 5.9
      vertex 75.65 -22.37 5.9
      vertex 76.0478 -22.3941 5.9
    endloop
  endfacet
  facet normal 0 0 1
    outer loop
      vertex 93.65 -22.37 5.9
      vertex 75.65 -22.37 5.9
      vertex 93.2522 -22.3941 5.9
    endloop
  endfacet
  facet normal -0 0 1
    outer loop
      vertex 5.23504 -20.0942 5.9
      vertex 72.3741 -43.2722 5.9
      vertex 5.461 -19.7668 5.9
    endloop
  endfacet
  facet normal -0 0 1
    outer loop
      vertex 5.60205 -19.3949 5.9
      vertex 72.35 -25.67 5.9
      vertex 5.65 -19 5.9
    endloop
  endfacet
  facet normal 0 0 1
    outer loop
      vertex 72.3741 -25.2722 5.9
      vertex 5.65 -19 5.9
      vertex 72.35 -25.67 5.9
    endloop
  endfacet
  facet normal 0 0 1
    outer loop
      vertex 72.4459 -24.8803 5.9
      vertex 5.65 -19 5.9
      vertex 72.3741 -25.2722 5.9
    endloop
  endfacet
  facet normal 0 0 1
    outer loop
      vertex 72.5644 -24.4998 5.9
      vertex 5.65 -19 5.9
      vertex 72.4459 -24.8803 5.9
    endloop
  endfacet
  facet normal 0 0 1
    outer loop
      vertex 5.60205 -18.6051 5.9
      vertex 72.5644 -24.4998 5.9
      vertex 72.728 -24.1364 5.9
    endloop
  endfacet
  facet normal 0 0 1
    outer loop
      vertex 5.461 -18.2332 5.9
      vertex 72.728 -24.1364 5.9
      vertex 72.9342 -23.7954 5.9
    endloop
  endfacet
  facet normal 0 0 1
    outer loop
      vertex 5.461 -18.2332 5.9
      vertex 72.9342 -23.7954 5.9
      vertex 73.1799 -23.4817 5.9
    endloop
  endfacet
  facet normal 0 0 1
    outer loop
      vertex 5.23504 -17.9058 5.9
      vertex 73.1799 -23.4817 5.9
      vertex 73.4617 -23.1999 5.9
    endloop
  endfacet
  facet normal 0 0 1
    outer loop
      vertex 5.23504 -17.9058 5.9
      vertex 73.4617 -23.1999 5.9
      vertex 73.7754 -22.9542 5.9
    endloop
  endfacet
  facet normal 0 0 1
    outer loop
      vertex 4.93731 -17.6421 5.9
      vertex 73.7754 -22.9542 5.9
      vertex 74.1164 -22.748 5.9
    endloop
  endfacet
  facet normal 0 0 1
    outer loop
      vertex 4.93731 -17.6421 5.9
      vertex 74.1164 -22.748 5.9
      vertex 74.4798 -22.5844 5.9
    endloop
  endfacet
  facet normal 0 0 1
    outer loop
      vertex -5 -12 5.9
      vertex 74.4798 -22.5844 5.9
      vertex 74.8603 -22.4659 5.9
    endloop
  endfacet
  facet normal 0 0 1
    outer loop
      vertex -5 -12 5.9
      vertex 74.8603 -22.4659 5.9
      vertex 75.2522 -22.3941 5.9
    endloop
  endfacet
  facet normal 0 0 1
    outer loop
      vertex 75.65 -22.37 5.9
      vertex -5 -12 5.9
      vertex 75.2522 -22.3941 5.9
    endloop
  endfacet
  facet normal 0 0 1
    outer loop
      vertex 72.5644 -24.4998 5.9
      vertex 5.60205 -18.6051 5.9
      vertex 5.65 -19 5.9
    endloop
  endfacet
  facet normal 0 0 1
    outer loop
      vertex 72.728 -24.1364 5.9
      vertex 5.461 -18.2332 5.9
      vertex 5.60205 -18.6051 5.9
    endloop
  endfacet
  facet normal 0 0 1
    outer loop
      vertex 73.1799 -23.4817 5.9
      vertex 5.23504 -17.9058 5.9
      vertex 5.461 -18.2332 5.9
    endloop
  endfacet
  facet normal 0 0 1
    outer loop
      vertex 73.7754 -22.9542 5.9
      vertex 4.93731 -17.6421 5.9
      vertex 5.23504 -17.9058 5.9
    endloop
  endfacet
  facet normal 0 0 1
    outer loop
      vertex 74.4798 -22.5844 5.9
      vertex 4.5851 -17.4572 5.9
      vertex 4.93731 -17.6421 5.9
    endloop
  endfacet
  facet normal 0 0 1
    outer loop
      vertex 74.4798 -22.5844 5.9
      vertex -5 -12 5.9
      vertex 4.5851 -17.4572 5.9
    endloop
  endfacet
  facet normal 0 0 1
    outer loop
      vertex 4.5851 -17.4572 5.9
      vertex -5 -12 5.9
      vertex 4.19888 -17.362 5.9
    endloop
  endfacet
  facet normal 0 0 1
    outer loop
      vertex 2.39795 -18.6051 5.9
      vertex -5 -12 5.9
      vertex 2.35 -19 5.9
    endloop
  endfacet
  facet normal 0 0 1
    outer loop
      vertex 2.539 -18.2332 5.9
      vertex -5 -12 5.9
      vertex 2.39795 -18.6051 5.9
    endloop
  endfacet
  facet normal 0 0 1
    outer loop
      vertex 2.76496 -17.9058 5.9
      vertex -5 -12 5.9
      vertex 2.539 -18.2332 5.9
    endloop
  endfacet
  facet normal 0 0 1
    outer loop
      vertex 3.06269 -17.6421 5.9
      vertex -5 -12 5.9
      vertex 2.76496 -17.9058 5.9
    endloop
  endfacet
  facet normal 0 0 1
    outer loop
      vertex 3.4149 -17.4572 5.9
      vertex -5 -12 5.9
      vertex 3.06269 -17.6421 5.9
    endloop
  endfacet
  facet normal 0 0 1
    outer loop
      vertex 3.80111 -17.362 5.9
      vertex -5 -12 5.9
      vertex 3.4149 -17.4572 5.9
    endloop
  endfacet
  facet normal 0 0 1
    outer loop
      vertex 4.19888 -17.362 5.9
      vertex -5 -12 5.9
      vertex 3.80111 -17.362 5.9
    endloop
  endfacet
  facet normal 0 0 1
    outer loop
      vertex 177.461 -19.7668 5.9
      vertex 185 -12 5.9
      vertex 177.602 -19.3949 5.9
    endloop
  endfacet
  facet normal 0 0 1
    outer loop
      vertex 177.235 -20.0942 5.9
      vertex 185 -12 5.9
      vertex 177.461 -19.7668 5.9
    endloop
  endfacet
  facet normal 0 0 1
    outer loop
      vertex 185 -12 5.9
      vertex 177.235 -20.0942 5.9
      vertex 185 -70 5.9
    endloop
  endfacet
  facet normal 0 0 1
    outer loop
      vertex 168.95 -43.67 5.9
      vertex 177.235 -20.0942 5.9
      vertex 176.937 -20.3579 5.9
    endloop
  endfacet
  facet normal 0 0 1
    outer loop
      vertex 168.95 -43.67 5.9
      vertex 176.937 -20.3579 5.9
      vertex 176.585 -20.5428 5.9
    endloop
  endfacet
  facet normal 0 0 1
    outer loop
      vertex 168.854 -26.4597 5.9
      vertex 175.801 -20.638 5.9
      vertex 168.926 -26.0678 5.9
    endloop
  endfacet
  facet normal 0 0 1
    outer loop
      vertex 168.926 -26.0678 5.9
      vertex 175.801 -20.638 5.9
      vertex 168.95 -25.67 5.9
    endloop
  endfacet
  facet normal 0 0 1
    outer loop
      vertex 168.95 -25.67 5.9
      vertex 175.801 -20.638 5.9
      vertex 175.415 -20.5428 5.9
    endloop
  endfacet
  facet normal 0 0 1
    outer loop
      vertex 168.95 -25.67 5.9
      vertex 175.415 -20.5428 5.9
      vertex 175.063 -20.3579 5.9
    endloop
  endfacet
  facet normal 0 0 1
    outer loop
      vertex 168.95 -25.67 5.9
      vertex 175.063 -20.3579 5.9
      vertex 174.765 -20.0942 5.9
    endloop
  endfacet
  facet normal 0 0 1
    outer loop
      vertex 168.95 -25.67 5.9
      vertex 174.765 -20.0942 5.9
      vertex 174.539 -19.7668 5.9
    endloop
  endfacet
  facet normal 0 0 1
    outer loop
      vertex 168.95 -25.67 5.9
      vertex 174.539 -19.7668 5.9
      vertex 174.398 -19.3949 5.9
    endloop
  endfacet
  facet normal 0 0 1
    outer loop
      vertex 168.95 -25.67 5.9
      vertex 174.398 -19.3949 5.9
      vertex 174.35 -19 5.9
    endloop
  endfacet
  facet normal -0 0 1
    outer loop
      vertex 175.801 -20.638 5.9
      vertex 168.854 -26.4597 5.9
      vertex 176.199 -20.638 5.9
    endloop
  endfacet
  facet normal 0 0 1
    outer loop
      vertex 177.235 -20.0942 5.9
      vertex 168.95 -43.67 5.9
      vertex 185 -70 5.9
    endloop
  endfacet
  facet normal -0 0 1
    outer loop
      vertex 168.926 -44.0678 5.9
      vertex 185 -70 5.9
      vertex 168.95 -43.67 5.9
    endloop
  endfacet
  facet normal -0 0 1
    outer loop
      vertex 168.854 -44.4597 5.9
      vertex 185 -70 5.9
      vertex 168.926 -44.0678 5.9
    endloop
  endfacet
  facet normal -0 0 1
    outer loop
      vertex 168.736 -44.8402 5.9
      vertex 185 -70 5.9
      vertex 168.854 -44.4597 5.9
    endloop
  endfacet
  facet normal -0 0 1
    outer loop
      vertex 168.572 -45.2036 5.9
      vertex 185 -70 5.9
      vertex 168.736 -44.8402 5.9
    endloop
  endfacet
  facet normal -0 0 1
    outer loop
      vertex 168.366 -45.5446 5.9
      vertex 185 -70 5.9
      vertex 168.572 -45.2036 5.9
    endloop
  endfacet
  facet normal -0 0 1
    outer loop
      vertex 168.12 -45.8583 5.9
      vertex 185 -70 5.9
      vertex 168.366 -45.5446 5.9
    endloop
  endfacet
  facet normal -0 0 1
    outer loop
      vertex 167.838 -46.1401 5.9
      vertex 185 -70 5.9
      vertex 168.12 -45.8583 5.9
    endloop
  endfacet
  facet normal -0 0 1
    outer loop
      vertex 167.525 -46.3858 5.9
      vertex 185 -70 5.9
      vertex 167.838 -46.1401 5.9
    endloop
  endfacet
  facet normal -0 0 1
    outer loop
      vertex 167.184 -46.592 5.9
      vertex 185 -70 5.9
      vertex 167.525 -46.3858 5.9
    endloop
  endfacet
  facet normal -0 0 1
    outer loop
      vertex 166.82 -46.7556 5.9
      vertex 185 -70 5.9
      vertex 167.184 -46.592 5.9
    endloop
  endfacet
  facet normal -0 0 1
    outer loop
      vertex 166.44 -46.8741 5.9
      vertex 185 -70 5.9
      vertex 166.82 -46.7556 5.9
    endloop
  endfacet
  facet normal -0 0 1
    outer loop
      vertex 166.048 -46.9459 5.9
      vertex 185 -70 5.9
      vertex 166.44 -46.8741 5.9
    endloop
  endfacet
  facet normal -0 0 1
    outer loop
      vertex 165.65 -46.97 5.9
      vertex 185 -70 5.9
      vertex 166.048 -46.9459 5.9
    endloop
  endfacet
  facet normal 0 0 1
    outer loop
      vertex 165.252 -46.9459 5.9
      vertex 185 -70 5.9
      vertex 165.65 -46.97 5.9
    endloop
  endfacet
  facet normal 0 0 1
    outer loop
      vertex 164.86 -46.8741 5.9
      vertex 185 -70 5.9
      vertex 165.252 -46.9459 5.9
    endloop
  endfacet
  facet normal 0 0 1
    outer loop
      vertex 132.736 -62.8402 5.9
      vertex 164.86 -46.8741 5.9
      vertex 164.48 -46.7556 5.9
    endloop
  endfacet
  facet normal 0 0 1
    outer loop
      vertex 148.82 -46.7556 5.9
      vertex 164.48 -46.7556 5.9
      vertex 164.116 -46.592 5.9
    endloop
  endfacet
  facet normal 0 0 1
    outer loop
      vertex 149.184 -46.592 5.9
      vertex 164.116 -46.592 5.9
      vertex 163.775 -46.3858 5.9
    endloop
  endfacet
  facet normal 0 0 1
    outer loop
      vertex 149.525 -46.3858 5.9
      vertex 163.775 -46.3858 5.9
      vertex 163.462 -46.1401 5.9
    endloop
  endfacet
  facet normal 0 0 1
    outer loop
      vertex 149.838 -46.1401 5.9
      vertex 163.462 -46.1401 5.9
      vertex 163.18 -45.8583 5.9
    endloop
  endfacet
  facet normal 0 0 1
    outer loop
      vertex 162.374 -43.2722 5.9
      vertex 150.95 -43.67 5.9
      vertex 162.35 -43.67 5.9
    endloop
  endfacet
  facet normal 0 0 1
    outer loop
      vertex 162.35 -43.67 5.9
      vertex 150.95 -43.67 5.9
      vertex 162.374 -44.0678 5.9
    endloop
  endfacet
  facet normal 0 0 1
    outer loop
      vertex 150.926 -44.0678 5.9
      vertex 162.374 -44.0678 5.9
      vertex 150.95 -43.67 5.9
    endloop
  endfacet
  facet normal 0 0 1
    outer loop
      vertex 162.374 -44.0678 5.9
      vertex 150.926 -44.0678 5.9
      vertex 162.446 -44.4597 5.9
    endloop
  endfacet
  facet normal 0 0 1
    outer loop
      vertex 150.854 -44.4597 5.9
      vertex 162.446 -44.4597 5.9
      vertex 150.926 -44.0678 5.9
    endloop
  endfacet
  facet normal 0 0 1
    outer loop
      vertex 162.446 -44.4597 5.9
      vertex 150.854 -44.4597 5.9
      vertex 162.564 -44.8402 5.9
    endloop
  endfacet
  facet normal 0 0 1
    outer loop
      vertex 150.736 -44.8402 5.9
      vertex 162.564 -44.8402 5.9
      vertex 150.854 -44.4597 5.9
    endloop
  endfacet
  facet normal 0 0 1
    outer loop
      vertex 162.564 -44.8402 5.9
      vertex 150.736 -44.8402 5.9
      vertex 162.728 -45.2036 5.9
    endloop
  endfacet
  facet normal 0 0 1
    outer loop
      vertex 150.572 -45.2036 5.9
      vertex 162.728 -45.2036 5.9
      vertex 150.736 -44.8402 5.9
    endloop
  endfacet
  facet normal 0 0 1
    outer loop
      vertex 162.728 -45.2036 5.9
      vertex 150.572 -45.2036 5.9
      vertex 162.934 -45.5446 5.9
    endloop
  endfacet
  facet normal 0 0 1
    outer loop
      vertex 150.366 -45.5446 5.9
      vertex 162.934 -45.5446 5.9
      vertex 150.572 -45.2036 5.9
    endloop
  endfacet
  facet normal 0 0 1
    outer loop
      vertex 162.934 -45.5446 5.9
      vertex 150.366 -45.5446 5.9
      vertex 163.18 -45.8583 5.9
    endloop
  endfacet
  facet normal 0 0 1
    outer loop
      vertex 150.12 -45.8583 5.9
      vertex 163.18 -45.8583 5.9
      vertex 150.366 -45.5446 5.9
    endloop
  endfacet
  facet normal 0 0 1
    outer loop
      vertex 149.838 -46.1401 5.9
      vertex 163.18 -45.8583 5.9
      vertex 150.12 -45.8583 5.9
    endloop
  endfacet
  facet normal 0 0 1
    outer loop
      vertex 163.462 -46.1401 5.9
      vertex 149.838 -46.1401 5.9
      vertex 149.525 -46.3858 5.9
    endloop
  endfacet
  facet normal 0 0 1
    outer loop
      vertex 163.775 -46.3858 5.9
      vertex 149.525 -46.3858 5.9
      vertex 149.184 -46.592 5.9
    endloop
  endfacet
  facet normal 0 0 1
    outer loop
      vertex 164.116 -46.592 5.9
      vertex 149.184 -46.592 5.9
      vertex 148.82 -46.7556 5.9
    endloop
  endfacet
  facet normal 0 0 1
    outer loop
      vertex 164.48 -46.7556 5.9
      vertex 148.82 -46.7556 5.9
      vertex 132.736 -62.8402 5.9
    endloop
  endfacet
  facet normal 0 0 1
    outer loop
      vertex 132.736 -62.8402 5.9
      vertex 148.82 -46.7556 5.9
      vertex 148.44 -46.8741 5.9
    endloop
  endfacet
  facet normal 0 0 1
    outer loop
      vertex 132.854 -62.4597 5.9
      vertex 148.44 -46.8741 5.9
      vertex 148.048 -46.9459 5.9
    endloop
  endfacet
  facet normal 0 0 1
    outer loop
      vertex 132.926 -62.0678 5.9
      vertex 148.048 -46.9459 5.9
      vertex 147.65 -46.97 5.9
    endloop
  endfacet
  facet normal 0 0 1
    outer loop
      vertex 132.95 -61.67 5.9
      vertex 147.65 -46.97 5.9
      vertex 147.252 -46.9459 5.9
    endloop
  endfacet
  facet normal 0 0 1
    outer loop
      vertex 132.95 -61.67 5.9
      vertex 147.252 -46.9459 5.9
      vertex 146.86 -46.8741 5.9
    endloop
  endfacet
  facet normal 0 0 1
    outer loop
      vertex 132.95 -61.67 5.9
      vertex 146.86 -46.8741 5.9
      vertex 146.48 -46.7556 5.9
    endloop
  endfacet
  facet normal 0 0 1
    outer loop
      vertex 132.95 -61.67 5.9
      vertex 146.48 -46.7556 5.9
      vertex 146.116 -46.592 5.9
    endloop
  endfacet
  facet normal 0 0 1
    outer loop
      vertex 144.374 -43.2722 5.9
      vertex 132.95 -43.67 5.9
      vertex 144.35 -43.67 5.9
    endloop
  endfacet
  facet normal 0 0 1
    outer loop
      vertex 144.35 -43.67 5.9
      vertex 132.95 -43.67 5.9
      vertex 144.374 -44.0678 5.9
    endloop
  endfacet
  facet normal 0 0 1
    outer loop
      vertex 132.926 -44.0678 5.9
      vertex 144.374 -44.0678 5.9
      vertex 132.95 -43.67 5.9
    endloop
  endfacet
  facet normal 0 0 1
    outer loop
      vertex 144.374 -44.0678 5.9
      vertex 132.926 -44.0678 5.9
      vertex 144.446 -44.4597 5.9
    endloop
  endfacet
  facet normal 0 0 1
    outer loop
      vertex 132.854 -44.4597 5.9
      vertex 144.446 -44.4597 5.9
      vertex 132.926 -44.0678 5.9
    endloop
  endfacet
  facet normal 0 0 1
    outer loop
      vertex 144.446 -44.4597 5.9
      vertex 132.854 -44.4597 5.9
      vertex 144.564 -44.8402 5.9
    endloop
  endfacet
  facet normal 0 0 1
    outer loop
      vertex 132.736 -44.8402 5.9
      vertex 144.564 -44.8402 5.9
      vertex 132.854 -44.4597 5.9
    endloop
  endfacet
  facet normal 0 0 1
    outer loop
      vertex 144.564 -44.8402 5.9
      vertex 132.736 -44.8402 5.9
      vertex 144.728 -45.2036 5.9
    endloop
  endfacet
  facet normal 0 0 1
    outer loop
      vertex 145.18 -45.8583 5.9
      vertex 132.95 -61.67 5.9
      vertex 145.462 -46.1401 5.9
    endloop
  endfacet
  facet normal 0 0 1
    outer loop
      vertex 145.462 -46.1401 5.9
      vertex 132.95 -61.67 5.9
      vertex 145.775 -46.3858 5.9
    endloop
  endfacet
  facet normal 0 0 1
    outer loop
      vertex 145.775 -46.3858 5.9
      vertex 132.95 -61.67 5.9
      vertex 146.116 -46.592 5.9
    endloop
  endfacet
  facet normal 0 0 1
    outer loop
      vertex 147.65 -46.97 5.9
      vertex 132.95 -61.67 5.9
      vertex 132.926 -62.0678 5.9
    endloop
  endfacet
  facet normal 0 0 1
    outer loop
      vertex 148.048 -46.9459 5.9
      vertex 132.926 -62.0678 5.9
      vertex 132.854 -62.4597 5.9
    endloop
  endfacet
  facet normal 0 0 1
    outer loop
      vertex 148.44 -46.8741 5.9
      vertex 132.854 -62.4597 5.9
      vertex 132.736 -62.8402 5.9
    endloop
  endfacet
  facet normal 0 0 1
    outer loop
      vertex 164.86 -46.8741 5.9
      vertex 132.736 -62.8402 5.9
      vertex 185 -70 5.9
    endloop
  endfacet
  facet normal -0 0 1
    outer loop
      vertex 132.572 -63.2036 5.9
      vertex 185 -70 5.9
      vertex 132.736 -62.8402 5.9
    endloop
  endfacet
  facet normal -0 0 1
    outer loop
      vertex 132.366 -63.5446 5.9
      vertex 185 -70 5.9
      vertex 132.572 -63.2036 5.9
    endloop
  endfacet
  facet normal -0 0 1
    outer loop
      vertex 132.12 -63.8583 5.9
      vertex 185 -70 5.9
      vertex 132.366 -63.5446 5.9
    endloop
  endfacet
  facet normal -0 0 1
    outer loop
      vertex 131.838 -64.1401 5.9
      vertex 185 -70 5.9
      vertex 132.12 -63.8583 5.9
    endloop
  endfacet
  facet normal -0 0 1
    outer loop
      vertex 131.525 -64.3858 5.9
      vertex 185 -70 5.9
      vertex 131.838 -64.1401 5.9
    endloop
  endfacet
  facet normal -0 0 1
    outer loop
      vertex 131.184 -64.592 5.9
      vertex 185 -70 5.9
      vertex 131.525 -64.3858 5.9
    endloop
  endfacet
  facet normal -0 0 1
    outer loop
      vertex 130.82 -64.7556 5.9
      vertex 185 -70 5.9
      vertex 131.184 -64.592 5.9
    endloop
  endfacet
  facet normal -0 0 1
    outer loop
      vertex 130.44 -64.8741 5.9
      vertex 185 -70 5.9
      vertex 130.82 -64.7556 5.9
    endloop
  endfacet
  facet normal -0 0 1
    outer loop
      vertex 130.048 -64.9459 5.9
      vertex 185 -70 5.9
      vertex 130.44 -64.8741 5.9
    endloop
  endfacet
  facet normal -0 0 1
    outer loop
      vertex 129.65 -64.97 5.9
      vertex 185 -70 5.9
      vertex 130.048 -64.9459 5.9
    endloop
  endfacet
  facet normal 0 0 1
    outer loop
      vertex 111.65 -64.97 5.9
      vertex 129.65 -64.97 5.9
      vertex 129.252 -64.9459 5.9
    endloop
  endfacet
  facet normal 0 0 1
    outer loop
      vertex 126.446 -60.8803 5.9
      vertex 114.95 -61.67 5.9
      vertex 126.374 -61.2722 5.9
    endloop
  endfacet
  facet normal 0 0 1
    outer loop
      vertex 126.374 -61.2722 5.9
      vertex 114.95 -61.67 5.9
      vertex 126.35 -61.67 5.9
    endloop
  endfacet
  facet normal 0 0 1
    outer loop
      vertex 126.35 -61.67 5.9
      vertex 114.95 -61.67 5.9
      vertex 126.374 -62.0678 5.9
    endloop
  endfacet
  facet normal 0 0 1
    outer loop
      vertex 114.926 -62.0678 5.9
      vertex 126.374 -62.0678 5.9
      vertex 114.95 -61.67 5.9
    endloop
  endfacet
  facet normal 0 0 1
    outer loop
      vertex 126.374 -62.0678 5.9
      vertex 114.926 -62.0678 5.9
      vertex 126.446 -62.4597 5.9
    endloop
  endfacet
  facet normal 0 0 1
    outer loop
      vertex 114.854 -62.4597 5.9
      vertex 126.446 -62.4597 5.9
      vertex 114.926 -62.0678 5.9
    endloop
  endfacet
  facet normal 0 0 1
    outer loop
      vertex 126.446 -62.4597 5.9
      vertex 114.854 -62.4597 5.9
      vertex 126.564 -62.8402 5.9
    endloop
  endfacet
  facet normal 0 0 1
    outer loop
      vertex 114.736 -62.8402 5.9
      vertex 126.564 -62.8402 5.9
      vertex 114.854 -62.4597 5.9
    endloop
  endfacet
  facet normal 0 0 1
    outer loop
      vertex 126.564 -62.8402 5.9
      vertex 114.736 -62.8402 5.9
      vertex 126.728 -63.2036 5.9
    endloop
  endfacet
  facet normal 0 0 1
    outer loop
      vertex 114.572 -63.2036 5.9
      vertex 126.728 -63.2036 5.9
      vertex 114.736 -62.8402 5.9
    endloop
  endfacet
  facet normal 0 0 1
    outer loop
      vertex 126.728 -63.2036 5.9
      vertex 114.572 -63.2036 5.9
      vertex 126.934 -63.5446 5.9
    endloop
  endfacet
  facet normal 0 0 1
    outer loop
      vertex 114.366 -63.5446 5.9
      vertex 126.934 -63.5446 5.9
      vertex 114.572 -63.2036 5.9
    endloop
  endfacet
  facet normal 0 0 1
    outer loop
      vertex 126.934 -63.5446 5.9
      vertex 114.366 -63.5446 5.9
      vertex 127.18 -63.8583 5.9
    endloop
  endfacet
  facet normal 0 0 1
    outer loop
      vertex 114.12 -63.8583 5.9
      vertex 127.18 -63.8583 5.9
      vertex 114.366 -63.5446 5.9
    endloop
  endfacet
  facet normal 0 0 1
    outer loop
      vertex 127.18 -63.8583 5.9
      vertex 114.12 -63.8583 5.9
      vertex 127.462 -64.1401 5.9
    endloop
  endfacet
  facet normal 0 0 1
    outer loop
      vertex 113.838 -64.1401 5.9
      vertex 127.462 -64.1401 5.9
      vertex 114.12 -63.8583 5.9
    endloop
  endfacet
  facet normal 0 0 1
    outer loop
      vertex 127.462 -64.1401 5.9
      vertex 113.838 -64.1401 5.9
      vertex 127.775 -64.3858 5.9
    endloop
  endfacet
  facet normal 0 0 1
    outer loop
      vertex 113.525 -64.3858 5.9
      vertex 127.775 -64.3858 5.9
      vertex 113.838 -64.1401 5.9
    endloop
  endfacet
  facet normal 0 0 1
    outer loop
      vertex 127.775 -64.3858 5.9
      vertex 113.525 -64.3858 5.9
      vertex 128.116 -64.592 5.9
    endloop
  endfacet
  facet normal 0 0 1
    outer loop
      vertex 113.184 -64.592 5.9
      vertex 128.116 -64.592 5.9
      vertex 113.525 -64.3858 5.9
    endloop
  endfacet
  facet normal 0 0 1
    outer loop
      vertex 128.116 -64.592 5.9
      vertex 113.184 -64.592 5.9
      vertex 128.48 -64.7556 5.9
    endloop
  endfacet
  facet normal 0 0 1
    outer loop
      vertex 112.82 -64.7556 5.9
      vertex 128.48 -64.7556 5.9
      vertex 113.184 -64.592 5.9
    endloop
  endfacet
  facet normal 0 0 1
    outer loop
      vertex 128.48 -64.7556 5.9
      vertex 112.82 -64.7556 5.9
      vertex 128.86 -64.8741 5.9
    endloop
  endfacet
  facet normal 0 0 1
    outer loop
      vertex 112.44 -64.8741 5.9
      vertex 128.86 -64.8741 5.9
      vertex 112.82 -64.7556 5.9
    endloop
  endfacet
  facet normal 0 0 1
    outer loop
      vertex 128.86 -64.8741 5.9
      vertex 112.44 -64.8741 5.9
      vertex 129.252 -64.9459 5.9
    endloop
  endfacet
  facet normal 0 0 1
    outer loop
      vertex 112.048 -64.9459 5.9
      vertex 129.252 -64.9459 5.9
      vertex 112.44 -64.8741 5.9
    endloop
  endfacet
  facet normal 0 0 1
    outer loop
      vertex 111.65 -64.97 5.9
      vertex 129.252 -64.9459 5.9
      vertex 112.048 -64.9459 5.9
    endloop
  endfacet
  facet normal 0 0 1
    outer loop
      vertex 129.65 -64.97 5.9
      vertex 111.65 -64.97 5.9
      vertex 185 -70 5.9
    endloop
  endfacet
  facet normal 0 0 1
    outer loop
      vertex 93.65 -64.97 5.9
      vertex 111.65 -64.97 5.9
      vertex 111.252 -64.9459 5.9
    endloop
  endfacet
  facet normal 0 0 1
    outer loop
      vertex 108.446 -60.8803 5.9
      vertex 96.95 -61.67 5.9
      vertex 108.374 -61.2722 5.9
    endloop
  endfacet
  facet normal 0 0 1
    outer loop
      vertex 108.374 -61.2722 5.9
      vertex 96.95 -61.67 5.9
      vertex 108.35 -61.67 5.9
    endloop
  endfacet
  facet normal 0 0 1
    outer loop
      vertex 108.35 -61.67 5.9
      vertex 96.95 -61.67 5.9
      vertex 108.374 -62.0678 5.9
    endloop
  endfacet
  facet normal 0 0 1
    outer loop
      vertex 96.9259 -62.0678 5.9
      vertex 108.374 -62.0678 5.9
      vertex 96.95 -61.67 5.9
    endloop
  endfacet
  facet normal 0 0 1
    outer loop
      vertex 108.374 -62.0678 5.9
      vertex 96.9259 -62.0678 5.9
      vertex 108.446 -62.4597 5.9
    endloop
  endfacet
  facet normal 0 0 1
    outer loop
      vertex 96.8541 -62.4597 5.9
      vertex 108.446 -62.4597 5.9
      vertex 96.9259 -62.0678 5.9
    endloop
  endfacet
  facet normal 0 0 1
    outer loop
      vertex 108.446 -62.4597 5.9
      vertex 96.8541 -62.4597 5.9
      vertex 108.564 -62.8402 5.9
    endloop
  endfacet
  facet normal 0 0 1
    outer loop
      vertex 96.7355 -62.8402 5.9
      vertex 108.564 -62.8402 5.9
      vertex 96.8541 -62.4597 5.9
    endloop
  endfacet
  facet normal 0 0 1
    outer loop
      vertex 108.564 -62.8402 5.9
      vertex 96.7355 -62.8402 5.9
      vertex 108.728 -63.2036 5.9
    endloop
  endfacet
  facet normal 0 0 1
    outer loop
      vertex 96.572 -63.2036 5.9
      vertex 108.728 -63.2036 5.9
      vertex 96.7355 -62.8402 5.9
    endloop
  endfacet
  facet normal 0 0 1
    outer loop
      vertex 108.728 -63.2036 5.9
      vertex 96.572 -63.2036 5.9
      vertex 108.934 -63.5446 5.9
    endloop
  endfacet
  facet normal 0 0 1
    outer loop
      vertex 96.3658 -63.5446 5.9
      vertex 108.934 -63.5446 5.9
      vertex 96.572 -63.2036 5.9
    endloop
  endfacet
  facet normal 0 0 1
    outer loop
      vertex 108.934 -63.5446 5.9
      vertex 96.3658 -63.5446 5.9
      vertex 109.18 -63.8583 5.9
    endloop
  endfacet
  facet normal 0 0 1
    outer loop
      vertex 96.1201 -63.8583 5.9
      vertex 109.18 -63.8583 5.9
      vertex 96.3658 -63.5446 5.9
    endloop
  endfacet
  facet normal 0 0 1
    outer loop
      vertex 109.18 -63.8583 5.9
      vertex 96.1201 -63.8583 5.9
      vertex 109.462 -64.1401 5.9
    endloop
  endfacet
  facet normal 0 0 1
    outer loop
      vertex 95.8383 -64.1401 5.9
      vertex 109.462 -64.1401 5.9
      vertex 96.1201 -63.8583 5.9
    endloop
  endfacet
  facet normal 0 0 1
    outer loop
      vertex 109.462 -64.1401 5.9
      vertex 95.8383 -64.1401 5.9
      vertex 109.775 -64.3858 5.9
    endloop
  endfacet
  facet normal 0 0 1
    outer loop
      vertex 95.5246 -64.3858 5.9
      vertex 109.775 -64.3858 5.9
      vertex 95.8383 -64.1401 5.9
    endloop
  endfacet
  facet normal 0 0 1
    outer loop
      vertex 109.775 -64.3858 5.9
      vertex 95.5246 -64.3858 5.9
      vertex 110.116 -64.592 5.9
    endloop
  endfacet
  facet normal 0 0 1
    outer loop
      vertex 95.1836 -64.592 5.9
      vertex 110.116 -64.592 5.9
      vertex 95.5246 -64.3858 5.9
    endloop
  endfacet
  facet normal 0 0 1
    outer loop
      vertex 110.116 -64.592 5.9
      vertex 95.1836 -64.592 5.9
      vertex 110.48 -64.7556 5.9
    endloop
  endfacet
  facet normal 0 0 1
    outer loop
      vertex 94.8202 -64.7556 5.9
      vertex 110.48 -64.7556 5.9
      vertex 95.1836 -64.592 5.9
    endloop
  endfacet
  facet normal 0 0 1
    outer loop
      vertex 110.48 -64.7556 5.9
      vertex 94.8202 -64.7556 5.9
      vertex 110.86 -64.8741 5.9
    endloop
  endfacet
  facet normal 0 0 1
    outer loop
      vertex 94.4397 -64.8741 5.9
      vertex 110.86 -64.8741 5.9
      vertex 94.8202 -64.7556 5.9
    endloop
  endfacet
  facet normal 0 0 1
    outer loop
      vertex 110.86 -64.8741 5.9
      vertex 94.4397 -64.8741 5.9
      vertex 111.252 -64.9459 5.9
    endloop
  endfacet
  facet normal 0 0 1
    outer loop
      vertex 94.0478 -64.9459 5.9
      vertex 111.252 -64.9459 5.9
      vertex 94.4397 -64.8741 5.9
    endloop
  endfacet
  facet normal 0 0 1
    outer loop
      vertex 93.65 -64.97 5.9
      vertex 111.252 -64.9459 5.9
      vertex 94.0478 -64.9459 5.9
    endloop
  endfacet
  facet normal 0 0 1
    outer loop
      vertex 111.65 -64.97 5.9
      vertex 93.65 -64.97 5.9
      vertex 185 -70 5.9
    endloop
  endfacet
  facet normal 0 0 1
    outer loop
      vertex 90.4459 -60.8803 5.9
      vertex 78.95 -61.67 5.9
      vertex 90.3741 -61.2722 5.9
    endloop
  endfacet
  facet normal 0 0 1
    outer loop
      vertex 90.3741 -61.2722 5.9
      vertex 78.95 -61.67 5.9
      vertex 90.35 -61.67 5.9
    endloop
  endfacet
  facet normal 0 0 1
    outer loop
      vertex 90.35 -61.67 5.9
      vertex 78.95 -61.67 5.9
      vertex 90.3741 -62.0678 5.9
    endloop
  endfacet
  facet normal 0 0 1
    outer loop
      vertex 78.9259 -62.0678 5.9
      vertex 90.3741 -62.0678 5.9
      vertex 78.95 -61.67 5.9
    endloop
  endfacet
  facet normal 0 0 1
    outer loop
      vertex 90.3741 -62.0678 5.9
      vertex 78.9259 -62.0678 5.9
      vertex 90.4459 -62.4597 5.9
    endloop
  endfacet
  facet normal 0 0 1
    outer loop
      vertex 78.8541 -62.4597 5.9
      vertex 90.4459 -62.4597 5.9
      vertex 78.9259 -62.0678 5.9
    endloop
  endfacet
  facet normal 0 0 1
    outer loop
      vertex 90.4459 -62.4597 5.9
      vertex 78.8541 -62.4597 5.9
      vertex 90.5644 -62.8402 5.9
    endloop
  endfacet
  facet normal 0 0 1
    outer loop
      vertex 78.7355 -62.8402 5.9
      vertex 90.5644 -62.8402 5.9
      vertex 78.8541 -62.4597 5.9
    endloop
  endfacet
  facet normal 0 0 1
    outer loop
      vertex 90.5644 -62.8402 5.9
      vertex 78.7355 -62.8402 5.9
      vertex 90.728 -63.2036 5.9
    endloop
  endfacet
  facet normal 0 0 1
    outer loop
      vertex 78.572 -63.2036 5.9
      vertex 90.728 -63.2036 5.9
      vertex 78.7355 -62.8402 5.9
    endloop
  endfacet
  facet normal 0 0 1
    outer loop
      vertex 90.728 -63.2036 5.9
      vertex 78.572 -63.2036 5.9
      vertex 90.9342 -63.5446 5.9
    endloop
  endfacet
  facet normal 0 0 1
    outer loop
      vertex 78.3658 -63.5446 5.9
      vertex 90.9342 -63.5446 5.9
      vertex 78.572 -63.2036 5.9
    endloop
  endfacet
  facet normal 0 0 1
    outer loop
      vertex 90.9342 -63.5446 5.9
      vertex 78.3658 -63.5446 5.9
      vertex 91.1799 -63.8583 5.9
    endloop
  endfacet
  facet normal 0 0 1
    outer loop
      vertex 78.1201 -63.8583 5.9
      vertex 91.1799 -63.8583 5.9
      vertex 78.3658 -63.5446 5.9
    endloop
  endfacet
  facet normal 0 0 1
    outer loop
      vertex 91.1799 -63.8583 5.9
      vertex 78.1201 -63.8583 5.9
      vertex 91.4617 -64.1401 5.9
    endloop
  endfacet
  facet normal 0 0 1
    outer loop
      vertex 77.8383 -64.1401 5.9
      vertex 91.4617 -64.1401 5.9
      vertex 78.1201 -63.8583 5.9
    endloop
  endfacet
  facet normal 0 0 1
    outer loop
      vertex 91.4617 -64.1401 5.9
      vertex 77.8383 -64.1401 5.9
      vertex 91.7754 -64.3858 5.9
    endloop
  endfacet
  facet normal 0 0 1
    outer loop
      vertex 77.5246 -64.3858 5.9
      vertex 91.7754 -64.3858 5.9
      vertex 77.8383 -64.1401 5.9
    endloop
  endfacet
  facet normal 0 0 1
    outer loop
      vertex 91.7754 -64.3858 5.9
      vertex 77.5246 -64.3858 5.9
      vertex 92.1164 -64.592 5.9
    endloop
  endfacet
  facet normal 0 0 1
    outer loop
      vertex 77.1836 -64.592 5.9
      vertex 92.1164 -64.592 5.9
      vertex 77.5246 -64.3858 5.9
    endloop
  endfacet
  facet normal 0 0 1
    outer loop
      vertex 92.1164 -64.592 5.9
      vertex 77.1836 -64.592 5.9
      vertex 92.4798 -64.7556 5.9
    endloop
  endfacet
  facet normal 0 0 1
    outer loop
      vertex 76.8202 -64.7556 5.9
      vertex 92.4798 -64.7556 5.9
      vertex 77.1836 -64.592 5.9
    endloop
  endfacet
  facet normal 0 0 1
    outer loop
      vertex 92.4798 -64.7556 5.9
      vertex 76.8202 -64.7556 5.9
      vertex 92.8603 -64.8741 5.9
    endloop
  endfacet
  facet normal 0 0 1
    outer loop
      vertex 76.4397 -64.8741 5.9
      vertex 92.8603 -64.8741 5.9
      vertex 76.8202 -64.7556 5.9
    endloop
  endfacet
  facet normal 0 0 1
    outer loop
      vertex 92.8603 -64.8741 5.9
      vertex 76.4397 -64.8741 5.9
      vertex 93.2522 -64.9459 5.9
    endloop
  endfacet
  facet normal 0 0 1
    outer loop
      vertex 76.0478 -64.9459 5.9
      vertex 93.2522 -64.9459 5.9
      vertex 76.4397 -64.8741 5.9
    endloop
  endfacet
  facet normal 0 0 1
    outer loop
      vertex 93.2522 -64.9459 5.9
      vertex 76.0478 -64.9459 5.9
      vertex 93.65 -64.97 5.9
    endloop
  endfacet
  facet normal 0 0 1
    outer loop
      vertex 75.65 -64.97 5.9
      vertex 93.65 -64.97 5.9
      vertex 76.0478 -64.9459 5.9
    endloop
  endfacet
  facet normal 0 0 1
    outer loop
      vertex 93.65 -64.97 5.9
      vertex 75.65 -64.97 5.9
      vertex 185 -70 5.9
    endloop
  endfacet
  facet normal 0 0 1
    outer loop
      vertex 72.3741 -26.0678 5.9
      vertex 5.60205 -19.3949 5.9
      vertex 5.461 -19.7668 5.9
    endloop
  endfacet
  facet normal 0 0 1
    outer loop
      vertex 72.3741 -43.2722 5.9
      vertex 5.23504 -20.0942 5.9
      vertex 72.35 -43.67 5.9
    endloop
  endfacet
  facet normal 0 0 1
    outer loop
      vertex 72.3741 -44.0678 5.9
      vertex 5.23504 -20.0942 5.9
      vertex 4.93731 -20.3579 5.9
    endloop
  endfacet
  facet normal 0 0 1
    outer loop
      vertex 72.3741 -44.0678 5.9
      vertex 4.93731 -20.3579 5.9
      vertex -5 -70 5.9
    endloop
  endfacet
  facet normal 0 0 1
    outer loop
      vertex 72.3741 -61.2722 5.9
      vertex -5 -70 5.9
      vertex 72.35 -61.67 5.9
    endloop
  endfacet
  facet normal 0 0 1
    outer loop
      vertex 72.35 -61.67 5.9
      vertex -5 -70 5.9
      vertex 72.3741 -62.0678 5.9
    endloop
  endfacet
  facet normal 0 0 1
    outer loop
      vertex 72.3741 -62.0678 5.9
      vertex -5 -70 5.9
      vertex 72.4459 -62.4597 5.9
    endloop
  endfacet
  facet normal 0 0 1
    outer loop
      vertex 72.4459 -62.4597 5.9
      vertex -5 -70 5.9
      vertex 72.5644 -62.8402 5.9
    endloop
  endfacet
  facet normal 0 0 1
    outer loop
      vertex 72.5644 -62.8402 5.9
      vertex -5 -70 5.9
      vertex 72.728 -63.2036 5.9
    endloop
  endfacet
  facet normal 0 0 1
    outer loop
      vertex 72.728 -63.2036 5.9
      vertex -5 -70 5.9
      vertex 72.9342 -63.5446 5.9
    endloop
  endfacet
  facet normal 0 0 1
    outer loop
      vertex 72.9342 -63.5446 5.9
      vertex -5 -70 5.9
      vertex 73.1799 -63.8583 5.9
    endloop
  endfacet
  facet normal 0 0 1
    outer loop
      vertex 73.1799 -63.8583 5.9
      vertex -5 -70 5.9
      vertex 73.4617 -64.1401 5.9
    endloop
  endfacet
  facet normal 0 0 1
    outer loop
      vertex -5 -70 5.9
      vertex 4.93731 -20.3579 5.9
      vertex 4.5851 -20.5428 5.9
    endloop
  endfacet
  facet normal 0 0 1
    outer loop
      vertex -5 -70 5.9
      vertex 4.5851 -20.5428 5.9
      vertex 4.19888 -20.638 5.9
    endloop
  endfacet
  facet normal 0 0 1
    outer loop
      vertex -5 -70 5.9
      vertex 4.19888 -20.638 5.9
      vertex 3.80111 -20.638 5.9
    endloop
  endfacet
  facet normal 0 0 1
    outer loop
      vertex -5 -70 5.9
      vertex 3.80111 -20.638 5.9
      vertex 3.4149 -20.5428 5.9
    endloop
  endfacet
  facet normal 0 0 1
    outer loop
      vertex -5 -70 5.9
      vertex 3.4149 -20.5428 5.9
      vertex 3.06269 -20.3579 5.9
    endloop
  endfacet
  facet normal 0 0 1
    outer loop
      vertex -5 -12 5.9
      vertex 2.39795 -19.3949 5.9
      vertex 2.35 -19 5.9
    endloop
  endfacet
  facet normal 0 0 1
    outer loop
      vertex -5 -12 5.9
      vertex 2.539 -19.7668 5.9
      vertex 2.39795 -19.3949 5.9
    endloop
  endfacet
  facet normal 0 0 1
    outer loop
      vertex -5 -12 5.9
      vertex 2.76496 -20.0942 5.9
      vertex 2.539 -19.7668 5.9
    endloop
  endfacet
  facet normal 0 0 1
    outer loop
      vertex 75.65 -64.97 5.9
      vertex -5 -70 5.9
      vertex 185 -70 5.9
    endloop
  endfacet
  facet normal 0 0 1
    outer loop
      vertex 75.2522 -64.9459 5.9
      vertex -5 -70 5.9
      vertex 75.65 -64.97 5.9
    endloop
  endfacet
  facet normal 0 0 1
    outer loop
      vertex 74.8603 -64.8741 5.9
      vertex -5 -70 5.9
      vertex 75.2522 -64.9459 5.9
    endloop
  endfacet
  facet normal 0 0 1
    outer loop
      vertex 74.4798 -64.7556 5.9
      vertex -5 -70 5.9
      vertex 74.8603 -64.8741 5.9
    endloop
  endfacet
  facet normal 0 0 1
    outer loop
      vertex 74.1164 -64.592 5.9
      vertex -5 -70 5.9
      vertex 74.4798 -64.7556 5.9
    endloop
  endfacet
  facet normal 0 0 1
    outer loop
      vertex 73.7754 -64.3858 5.9
      vertex -5 -70 5.9
      vertex 74.1164 -64.592 5.9
    endloop
  endfacet
  facet normal 0 0 1
    outer loop
      vertex 73.4617 -64.1401 5.9
      vertex -5 -70 5.9
      vertex 73.7754 -64.3858 5.9
    endloop
  endfacet
  facet normal 0 0 1
    outer loop
      vertex 2.76496 -20.0942 5.9
      vertex -5 -70 5.9
      vertex 3.06269 -20.3579 5.9
    endloop
  endfacet
  facet normal 0 0 1
    outer loop
      vertex -5 -70 5.9
      vertex 2.76496 -20.0942 5.9
      vertex -5 -12 5.9
    endloop
  endfacet
  facet normal 1 0 0
    outer loop
      vertex 185 -70 18.2
      vertex 185 -118 18.2
      vertex 185 -70 5.9
    endloop
  endfacet
  facet normal 1 -0 0
    outer loop
      vertex 185 -70 5.9
      vertex 185 -12 3.9
      vertex 185 -12 5.9
    endloop
  endfacet
  facet normal 1 0 0
    outer loop
      vertex 185 -70 5.9
      vertex 185 -118 3.9
      vertex 185 -12 3.9
    endloop
  endfacet
  facet normal 1 0 0
    outer loop
      vertex 185 -118 3.9
      vertex 185 -70 5.9
      vertex 185 -118 18.2
    endloop
  endfacet
  facet normal 0 1 -0
    outer loop
      vertex 185 -12 3.9
      vertex -5 -12 5.9
      vertex 185 -12 5.9
    endloop
  endfacet
  facet normal 0 1 0
    outer loop
      vertex -5 -12 5.9
      vertex 185 -12 3.9
      vertex -5 -12 3.9
    endloop
  endfacet
  facet normal 0 0 -1
    outer loop
      vertex 90.728 -42.1364 3.9
      vertex 78.572 -42.1364 3.9
      vertex 90.9342 -41.7954 3.9
    endloop
  endfacet
  facet normal 0 0 -1
    outer loop
      vertex 91.1799 -27.8583 3.9
      vertex 78.9259 -26.0678 3.9
      vertex 78.95 -25.67 3.9
    endloop
  endfacet
  facet normal 0 0 -1
    outer loop
      vertex 78.3658 -41.7954 3.9
      vertex 90.9342 -41.7954 3.9
      vertex 78.572 -42.1364 3.9
    endloop
  endfacet
  facet normal 0 0 -1
    outer loop
      vertex 91.1799 -27.8583 3.9
      vertex 78.8541 -26.4597 3.9
      vertex 78.9259 -26.0678 3.9
    endloop
  endfacet
  facet normal 0 0 -1
    outer loop
      vertex 90.9342 -41.7954 3.9
      vertex 78.3658 -41.7954 3.9
      vertex 91.1799 -41.4817 3.9
    endloop
  endfacet
  facet normal 0 0 -1
    outer loop
      vertex 91.1799 -27.8583 3.9
      vertex 78.7355 -26.8402 3.9
      vertex 78.8541 -26.4597 3.9
    endloop
  endfacet
  facet normal 0 0 -1
    outer loop
      vertex 78.1201 -41.4817 3.9
      vertex 91.1799 -41.4817 3.9
      vertex 78.3658 -41.7954 3.9
    endloop
  endfacet
  facet normal 0 0 -1
    outer loop
      vertex 91.1799 -27.8583 3.9
      vertex 78.572 -27.2036 3.9
      vertex 78.7355 -26.8402 3.9
    endloop
  endfacet
  facet normal 0 0 -1
    outer loop
      vertex 91.1799 -41.4817 3.9
      vertex 78.1201 -41.4817 3.9
      vertex 91.1799 -27.8583 3.9
    endloop
  endfacet
  facet normal 0 0 -1
    outer loop
      vertex 91.1799 -27.8583 3.9
      vertex 78.3658 -27.5446 3.9
      vertex 78.572 -27.2036 3.9
    endloop
  endfacet
  facet normal 0 0 -1
    outer loop
      vertex 78.1201 -27.8583 3.9
      vertex 91.1799 -27.8583 3.9
      vertex 78.1201 -41.4817 3.9
    endloop
  endfacet
  facet normal 0 0 -1
    outer loop
      vertex 91.1799 -27.8583 3.9
      vertex 78.1201 -27.8583 3.9
      vertex 78.3658 -27.5446 3.9
    endloop
  endfacet
  facet normal 0 0 -1
    outer loop
      vertex 77.8383 -41.1999 3.9
      vertex 78.1201 -27.8583 3.9
      vertex 78.1201 -41.4817 3.9
    endloop
  endfacet
  facet normal 0 0 -1
    outer loop
      vertex 77.8383 -41.1999 3.9
      vertex 77.8383 -28.1401 3.9
      vertex 78.1201 -27.8583 3.9
    endloop
  endfacet
  facet normal 0 0 -1
    outer loop
      vertex 77.5246 -40.9542 3.9
      vertex 77.8383 -28.1401 3.9
      vertex 77.8383 -41.1999 3.9
    endloop
  endfacet
  facet normal 0 0 -1
    outer loop
      vertex 77.5246 -40.9542 3.9
      vertex 77.5246 -28.3858 3.9
      vertex 77.8383 -28.1401 3.9
    endloop
  endfacet
  facet normal 0 0 -1
    outer loop
      vertex 77.1836 -40.748 3.9
      vertex 77.5246 -28.3858 3.9
      vertex 77.5246 -40.9542 3.9
    endloop
  endfacet
  facet normal 0 0 -1
    outer loop
      vertex 77.1836 -40.748 3.9
      vertex 77.1836 -28.592 3.9
      vertex 77.5246 -28.3858 3.9
    endloop
  endfacet
  facet normal 0 0 -1
    outer loop
      vertex 76.8202 -40.5844 3.9
      vertex 77.1836 -28.592 3.9
      vertex 77.1836 -40.748 3.9
    endloop
  endfacet
  facet normal 0 0 -1
    outer loop
      vertex 76.8202 -40.5844 3.9
      vertex 76.8202 -28.7556 3.9
      vertex 77.1836 -28.592 3.9
    endloop
  endfacet
  facet normal 0 0 -1
    outer loop
      vertex 76.4397 -40.4659 3.9
      vertex 76.8202 -28.7556 3.9
      vertex 76.8202 -40.5844 3.9
    endloop
  endfacet
  facet normal 0 0 -1
    outer loop
      vertex 76.4397 -40.4659 3.9
      vertex 76.4397 -28.8741 3.9
      vertex 76.8202 -28.7556 3.9
    endloop
  endfacet
  facet normal 0 0 -1
    outer loop
      vertex 76.0478 -40.3941 3.9
      vertex 76.4397 -28.8741 3.9
      vertex 76.4397 -40.4659 3.9
    endloop
  endfacet
  facet normal 0 0 -1
    outer loop
      vertex 76.0478 -40.3941 3.9
      vertex 76.0478 -28.9459 3.9
      vertex 76.4397 -28.8741 3.9
    endloop
  endfacet
  facet normal 0 0 -1
    outer loop
      vertex 75.65 -40.37 3.9
      vertex 76.0478 -28.9459 3.9
      vertex 76.0478 -40.3941 3.9
    endloop
  endfacet
  facet normal 0 0 -1
    outer loop
      vertex 75.65 -40.37 3.9
      vertex 75.65 -28.97 3.9
      vertex 76.0478 -28.9459 3.9
    endloop
  endfacet
  facet normal 0 0 -1
    outer loop
      vertex 75.2522 -40.3941 3.9
      vertex 75.65 -28.97 3.9
      vertex 75.65 -40.37 3.9
    endloop
  endfacet
  facet normal 0 0 -1
    outer loop
      vertex 75.2522 -40.3941 3.9
      vertex 75.2522 -28.9459 3.9
      vertex 75.65 -28.97 3.9
    endloop
  endfacet
  facet normal 0 0 -1
    outer loop
      vertex 74.8603 -40.4659 3.9
      vertex 75.2522 -28.9459 3.9
      vertex 75.2522 -40.3941 3.9
    endloop
  endfacet
  facet normal 0 0 -1
    outer loop
      vertex 74.8603 -40.4659 3.9
      vertex 74.8603 -28.8741 3.9
      vertex 75.2522 -28.9459 3.9
    endloop
  endfacet
  facet normal 0 0 -1
    outer loop
      vertex 74.4798 -40.5844 3.9
      vertex 74.8603 -28.8741 3.9
      vertex 74.8603 -40.4659 3.9
    endloop
  endfacet
  facet normal 0 0 -1
    outer loop
      vertex 74.4798 -40.5844 3.9
      vertex 74.4798 -28.7556 3.9
      vertex 74.8603 -28.8741 3.9
    endloop
  endfacet
  facet normal 0 0 -1
    outer loop
      vertex 74.1164 -40.748 3.9
      vertex 74.4798 -28.7556 3.9
      vertex 74.4798 -40.5844 3.9
    endloop
  endfacet
  facet normal 0 0 -1
    outer loop
      vertex 74.1164 -40.748 3.9
      vertex 74.1164 -28.592 3.9
      vertex 74.4798 -28.7556 3.9
    endloop
  endfacet
  facet normal 0 0 -1
    outer loop
      vertex 73.7754 -40.9542 3.9
      vertex 74.1164 -28.592 3.9
      vertex 74.1164 -40.748 3.9
    endloop
  endfacet
  facet normal 0 0 -1
    outer loop
      vertex 73.7754 -40.9542 3.9
      vertex 73.7754 -28.3858 3.9
      vertex 74.1164 -28.592 3.9
    endloop
  endfacet
  facet normal 0 0 -1
    outer loop
      vertex 73.4617 -41.1999 3.9
      vertex 73.7754 -28.3858 3.9
      vertex 73.7754 -40.9542 3.9
    endloop
  endfacet
  facet normal 0 0 -1
    outer loop
      vertex 73.4617 -41.1999 3.9
      vertex 73.4617 -28.1401 3.9
      vertex 73.7754 -28.3858 3.9
    endloop
  endfacet
  facet normal 0 0 -1
    outer loop
      vertex 73.1799 -41.4817 3.9
      vertex 73.4617 -28.1401 3.9
      vertex 73.4617 -41.1999 3.9
    endloop
  endfacet
  facet normal 0 0 -1
    outer loop
      vertex 73.1799 -41.4817 3.9
      vertex 73.1799 -27.8583 3.9
      vertex 73.4617 -28.1401 3.9
    endloop
  endfacet
  facet normal 0 0 -1
    outer loop
      vertex 72.9342 -41.7954 3.9
      vertex 73.1799 -27.8583 3.9
      vertex 73.1799 -41.4817 3.9
    endloop
  endfacet
  facet normal 0 0 -1
    outer loop
      vertex 72.9342 -41.7954 3.9
      vertex 72.9342 -27.5446 3.9
      vertex 73.1799 -27.8583 3.9
    endloop
  endfacet
  facet normal 0 0 -1
    outer loop
      vertex 72.728 -42.1364 3.9
      vertex 72.9342 -27.5446 3.9
      vertex 72.9342 -41.7954 3.9
    endloop
  endfacet
  facet normal 0 0 -1
    outer loop
      vertex 72.728 -42.1364 3.9
      vertex 72.728 -27.2036 3.9
      vertex 72.9342 -27.5446 3.9
    endloop
  endfacet
  facet normal 0 0 -1
    outer loop
      vertex 72.5644 -42.4998 3.9
      vertex 72.728 -27.2036 3.9
      vertex 72.728 -42.1364 3.9
    endloop
  endfacet
  facet normal 0 0 -1
    outer loop
      vertex 72.5644 -42.4998 3.9
      vertex 72.5644 -26.8402 3.9
      vertex 72.728 -27.2036 3.9
    endloop
  endfacet
  facet normal 0 0 -1
    outer loop
      vertex 72.4459 -42.8803 3.9
      vertex 72.5644 -26.8402 3.9
      vertex 72.5644 -42.4998 3.9
    endloop
  endfacet
  facet normal 0 0 -1
    outer loop
      vertex 72.4459 -42.8803 3.9
      vertex 72.4459 -26.4597 3.9
      vertex 72.5644 -26.8402 3.9
    endloop
  endfacet
  facet normal 0 0 -1
    outer loop
      vertex 5.461 -19.7668 3.9
      vertex 72.4459 -42.8803 3.9
      vertex 72.3741 -43.2722 3.9
    endloop
  endfacet
  facet normal 0 0 -1
    outer loop
      vertex 72.4459 -42.8803 3.9
      vertex 5.461 -19.7668 3.9
      vertex 72.4459 -26.4597 3.9
    endloop
  endfacet
  facet normal 0 0 -1
    outer loop
      vertex 5.23504 -20.0942 3.9
      vertex 72.3741 -43.2722 3.9
      vertex 72.35 -43.67 3.9
    endloop
  endfacet
  facet normal 0 0 -1
    outer loop
      vertex 72.4459 -26.4597 3.9
      vertex 5.461 -19.7668 3.9
      vertex 72.3741 -26.0678 3.9
    endloop
  endfacet
  facet normal 0 0 -1
    outer loop
      vertex 90.728 -60.1364 3.9
      vertex 78.572 -60.1364 3.9
      vertex 90.9342 -59.7954 3.9
    endloop
  endfacet
  facet normal 0 0 -1
    outer loop
      vertex 91.1799 -45.8583 3.9
      vertex 78.9259 -44.0678 3.9
      vertex 78.95 -43.67 3.9
    endloop
  endfacet
  facet normal 0 0 -1
    outer loop
      vertex 78.3658 -59.7954 3.9
      vertex 90.9342 -59.7954 3.9
      vertex 78.572 -60.1364 3.9
    endloop
  endfacet
  facet normal 0 0 -1
    outer loop
      vertex 91.1799 -45.8583 3.9
      vertex 78.8541 -44.4597 3.9
      vertex 78.9259 -44.0678 3.9
    endloop
  endfacet
  facet normal 0 0 -1
    outer loop
      vertex 90.9342 -59.7954 3.9
      vertex 78.3658 -59.7954 3.9
      vertex 91.1799 -59.4817 3.9
    endloop
  endfacet
  facet normal 0 0 -1
    outer loop
      vertex 91.1799 -45.8583 3.9
      vertex 78.7355 -44.8402 3.9
      vertex 78.8541 -44.4597 3.9
    endloop
  endfacet
  facet normal 0 0 -1
    outer loop
      vertex 78.1201 -59.4817 3.9
      vertex 91.1799 -59.4817 3.9
      vertex 78.3658 -59.7954 3.9
    endloop
  endfacet
  facet normal 0 0 -1
    outer loop
      vertex 91.1799 -45.8583 3.9
      vertex 78.572 -45.2036 3.9
      vertex 78.7355 -44.8402 3.9
    endloop
  endfacet
  facet normal 0 0 -1
    outer loop
      vertex 91.1799 -59.4817 3.9
      vertex 78.1201 -59.4817 3.9
      vertex 91.1799 -45.8583 3.9
    endloop
  endfacet
  facet normal 0 0 -1
    outer loop
      vertex 91.1799 -45.8583 3.9
      vertex 78.3658 -45.5446 3.9
      vertex 78.572 -45.2036 3.9
    endloop
  endfacet
  facet normal 0 0 -1
    outer loop
      vertex 78.1201 -45.8583 3.9
      vertex 91.1799 -45.8583 3.9
      vertex 78.1201 -59.4817 3.9
    endloop
  endfacet
  facet normal 0 0 -1
    outer loop
      vertex 91.1799 -45.8583 3.9
      vertex 78.1201 -45.8583 3.9
      vertex 78.3658 -45.5446 3.9
    endloop
  endfacet
  facet normal 0 0 -1
    outer loop
      vertex 77.8383 -59.1999 3.9
      vertex 78.1201 -45.8583 3.9
      vertex 78.1201 -59.4817 3.9
    endloop
  endfacet
  facet normal 0 0 -1
    outer loop
      vertex 77.8383 -59.1999 3.9
      vertex 77.8383 -46.1401 3.9
      vertex 78.1201 -45.8583 3.9
    endloop
  endfacet
  facet normal 0 0 -1
    outer loop
      vertex 77.5246 -58.9542 3.9
      vertex 77.8383 -46.1401 3.9
      vertex 77.8383 -59.1999 3.9
    endloop
  endfacet
  facet normal 0 0 -1
    outer loop
      vertex 77.5246 -58.9542 3.9
      vertex 77.5246 -46.3858 3.9
      vertex 77.8383 -46.1401 3.9
    endloop
  endfacet
  facet normal 0 0 -1
    outer loop
      vertex 77.1836 -58.748 3.9
      vertex 77.5246 -46.3858 3.9
      vertex 77.5246 -58.9542 3.9
    endloop
  endfacet
  facet normal 0 0 -1
    outer loop
      vertex 77.1836 -58.748 3.9
      vertex 77.1836 -46.592 3.9
      vertex 77.5246 -46.3858 3.9
    endloop
  endfacet
  facet normal 0 0 -1
    outer loop
      vertex 76.8202 -58.5844 3.9
      vertex 77.1836 -46.592 3.9
      vertex 77.1836 -58.748 3.9
    endloop
  endfacet
  facet normal 0 0 -1
    outer loop
      vertex 76.8202 -58.5844 3.9
      vertex 76.8202 -46.7556 3.9
      vertex 77.1836 -46.592 3.9
    endloop
  endfacet
  facet normal 0 0 -1
    outer loop
      vertex 76.4397 -58.4659 3.9
      vertex 76.8202 -46.7556 3.9
      vertex 76.8202 -58.5844 3.9
    endloop
  endfacet
  facet normal 0 0 -1
    outer loop
      vertex 76.4397 -58.4659 3.9
      vertex 76.4397 -46.8741 3.9
      vertex 76.8202 -46.7556 3.9
    endloop
  endfacet
  facet normal 0 0 -1
    outer loop
      vertex 76.0478 -58.3941 3.9
      vertex 76.4397 -46.8741 3.9
      vertex 76.4397 -58.4659 3.9
    endloop
  endfacet
  facet normal 0 0 -1
    outer loop
      vertex 76.0478 -58.3941 3.9
      vertex 76.0478 -46.9459 3.9
      vertex 76.4397 -46.8741 3.9
    endloop
  endfacet
  facet normal 0 0 -1
    outer loop
      vertex 75.65 -58.37 3.9
      vertex 76.0478 -46.9459 3.9
      vertex 76.0478 -58.3941 3.9
    endloop
  endfacet
  facet normal 0 0 -1
    outer loop
      vertex 75.65 -58.37 3.9
      vertex 75.65 -46.97 3.9
      vertex 76.0478 -46.9459 3.9
    endloop
  endfacet
  facet normal 0 0 -1
    outer loop
      vertex 75.2522 -58.3941 3.9
      vertex 75.65 -46.97 3.9
      vertex 75.65 -58.37 3.9
    endloop
  endfacet
  facet normal 0 0 -1
    outer loop
      vertex 75.2522 -58.3941 3.9
      vertex 75.2522 -46.9459 3.9
      vertex 75.65 -46.97 3.9
    endloop
  endfacet
  facet normal 0 0 -1
    outer loop
      vertex 74.8603 -58.4659 3.9
      vertex 75.2522 -46.9459 3.9
      vertex 75.2522 -58.3941 3.9
    endloop
  endfacet
  facet normal 0 0 -1
    outer loop
      vertex 74.8603 -58.4659 3.9
      vertex 74.8603 -46.8741 3.9
      vertex 75.2522 -46.9459 3.9
    endloop
  endfacet
  facet normal 0 0 -1
    outer loop
      vertex 74.4798 -58.5844 3.9
      vertex 74.8603 -46.8741 3.9
      vertex 74.8603 -58.4659 3.9
    endloop
  endfacet
  facet normal 0 0 -1
    outer loop
      vertex 74.4798 -58.5844 3.9
      vertex 74.4798 -46.7556 3.9
      vertex 74.8603 -46.8741 3.9
    endloop
  endfacet
  facet normal 0 0 -1
    outer loop
      vertex 74.1164 -58.748 3.9
      vertex 74.4798 -46.7556 3.9
      vertex 74.4798 -58.5844 3.9
    endloop
  endfacet
  facet normal 0 0 -1
    outer loop
      vertex 74.1164 -58.748 3.9
      vertex 74.1164 -46.592 3.9
      vertex 74.4798 -46.7556 3.9
    endloop
  endfacet
  facet normal 0 0 -1
    outer loop
      vertex 73.7754 -58.9542 3.9
      vertex 74.1164 -46.592 3.9
      vertex 74.1164 -58.748 3.9
    endloop
  endfacet
  facet normal 0 0 -1
    outer loop
      vertex 73.7754 -58.9542 3.9
      vertex 73.7754 -46.3858 3.9
      vertex 74.1164 -46.592 3.9
    endloop
  endfacet
  facet normal 0 0 -1
    outer loop
      vertex 73.4617 -59.1999 3.9
      vertex 73.7754 -46.3858 3.9
      vertex 73.7754 -58.9542 3.9
    endloop
  endfacet
  facet normal 0 0 -1
    outer loop
      vertex 73.4617 -59.1999 3.9
      vertex 73.4617 -46.1401 3.9
      vertex 73.7754 -46.3858 3.9
    endloop
  endfacet
  facet normal 0 0 -1
    outer loop
      vertex 73.1799 -59.4817 3.9
      vertex 73.4617 -46.1401 3.9
      vertex 73.4617 -59.1999 3.9
    endloop
  endfacet
  facet normal 0 0 -1
    outer loop
      vertex 73.1799 -59.4817 3.9
      vertex 73.1799 -45.8583 3.9
      vertex 73.4617 -46.1401 3.9
    endloop
  endfacet
  facet normal 0 0 -1
    outer loop
      vertex 72.9342 -59.7954 3.9
      vertex 73.1799 -45.8583 3.9
      vertex 73.1799 -59.4817 3.9
    endloop
  endfacet
  facet normal 0 0 -1
    outer loop
      vertex 72.9342 -59.7954 3.9
      vertex 72.9342 -45.5446 3.9
      vertex 73.1799 -45.8583 3.9
    endloop
  endfacet
  facet normal 0 0 -1
    outer loop
      vertex 72.728 -60.1364 3.9
      vertex 72.9342 -45.5446 3.9
      vertex 72.9342 -59.7954 3.9
    endloop
  endfacet
  facet normal 0 0 -1
    outer loop
      vertex 72.728 -60.1364 3.9
      vertex 72.728 -45.2036 3.9
      vertex 72.9342 -45.5446 3.9
    endloop
  endfacet
  facet normal 0 0 -1
    outer loop
      vertex 72.5644 -60.4998 3.9
      vertex 72.728 -45.2036 3.9
      vertex 72.728 -60.1364 3.9
    endloop
  endfacet
  facet normal 0 0 -1
    outer loop
      vertex 72.5644 -60.4998 3.9
      vertex 72.5644 -44.8402 3.9
      vertex 72.728 -45.2036 3.9
    endloop
  endfacet
  facet normal 0 0 -1
    outer loop
      vertex 72.4459 -60.8803 3.9
      vertex 72.5644 -44.8402 3.9
      vertex 72.5644 -60.4998 3.9
    endloop
  endfacet
  facet normal 0 0 -1
    outer loop
      vertex 72.4459 -60.8803 3.9
      vertex 72.4459 -44.4597 3.9
      vertex 72.5644 -44.8402 3.9
    endloop
  endfacet
  facet normal 0 0 -1
    outer loop
      vertex -3 -72 3.9
      vertex 72.4459 -60.8803 3.9
      vertex 72.3741 -61.2722 3.9
    endloop
  endfacet
  facet normal -0 0 -1
    outer loop
      vertex 72.4459 -60.8803 3.9
      vertex -3 -72 3.9
      vertex 72.4459 -44.4597 3.9
    endloop
  endfacet
  facet normal 0 0 -1
    outer loop
      vertex -3 -72 3.9
      vertex 72.3741 -61.2722 3.9
      vertex 72.35 -61.67 3.9
    endloop
  endfacet
  facet normal -0 0 -1
    outer loop
      vertex 72.4459 -44.4597 3.9
      vertex -3 -72 3.9
      vertex 72.3741 -44.0678 3.9
    endloop
  endfacet
  facet normal 0 0 -1
    outer loop
      vertex 108.728 -42.1364 3.9
      vertex 96.572 -42.1364 3.9
      vertex 108.934 -41.7954 3.9
    endloop
  endfacet
  facet normal 0 0 -1
    outer loop
      vertex 109.18 -27.8583 3.9
      vertex 96.9259 -26.0678 3.9
      vertex 96.95 -25.67 3.9
    endloop
  endfacet
  facet normal 0 0 -1
    outer loop
      vertex 96.3658 -41.7954 3.9
      vertex 108.934 -41.7954 3.9
      vertex 96.572 -42.1364 3.9
    endloop
  endfacet
  facet normal 0 0 -1
    outer loop
      vertex 109.18 -27.8583 3.9
      vertex 96.8541 -26.4597 3.9
      vertex 96.9259 -26.0678 3.9
    endloop
  endfacet
  facet normal 0 0 -1
    outer loop
      vertex 108.934 -41.7954 3.9
      vertex 96.3658 -41.7954 3.9
      vertex 109.18 -41.4817 3.9
    endloop
  endfacet
  facet normal 0 0 -1
    outer loop
      vertex 109.18 -27.8583 3.9
      vertex 96.7355 -26.8402 3.9
      vertex 96.8541 -26.4597 3.9
    endloop
  endfacet
  facet normal 0 0 -1
    outer loop
      vertex 96.1201 -41.4817 3.9
      vertex 109.18 -41.4817 3.9
      vertex 96.3658 -41.7954 3.9
    endloop
  endfacet
  facet normal 0 0 -1
    outer loop
      vertex 109.18 -27.8583 3.9
      vertex 96.572 -27.2036 3.9
      vertex 96.7355 -26.8402 3.9
    endloop
  endfacet
  facet normal 0 0 -1
    outer loop
      vertex 109.18 -41.4817 3.9
      vertex 96.1201 -41.4817 3.9
      vertex 109.18 -27.8583 3.9
    endloop
  endfacet
  facet normal 0 0 -1
    outer loop
      vertex 109.18 -27.8583 3.9
      vertex 96.3658 -27.5446 3.9
      vertex 96.572 -27.2036 3.9
    endloop
  endfacet
  facet normal 0 0 -1
    outer loop
      vertex 96.1201 -27.8583 3.9
      vertex 109.18 -27.8583 3.9
      vertex 96.1201 -41.4817 3.9
    endloop
  endfacet
  facet normal 0 0 -1
    outer loop
      vertex 109.18 -27.8583 3.9
      vertex 96.1201 -27.8583 3.9
      vertex 96.3658 -27.5446 3.9
    endloop
  endfacet
  facet normal 0 0 -1
    outer loop
      vertex 95.8383 -41.1999 3.9
      vertex 96.1201 -27.8583 3.9
      vertex 96.1201 -41.4817 3.9
    endloop
  endfacet
  facet normal 0 0 -1
    outer loop
      vertex 95.8383 -41.1999 3.9
      vertex 95.8383 -28.1401 3.9
      vertex 96.1201 -27.8583 3.9
    endloop
  endfacet
  facet normal 0 0 -1
    outer loop
      vertex 95.5246 -40.9542 3.9
      vertex 95.8383 -28.1401 3.9
      vertex 95.8383 -41.1999 3.9
    endloop
  endfacet
  facet normal 0 0 -1
    outer loop
      vertex 95.5246 -40.9542 3.9
      vertex 95.5246 -28.3858 3.9
      vertex 95.8383 -28.1401 3.9
    endloop
  endfacet
  facet normal 0 0 -1
    outer loop
      vertex 95.1836 -40.748 3.9
      vertex 95.5246 -28.3858 3.9
      vertex 95.5246 -40.9542 3.9
    endloop
  endfacet
  facet normal 0 0 -1
    outer loop
      vertex 95.1836 -40.748 3.9
      vertex 95.1836 -28.592 3.9
      vertex 95.5246 -28.3858 3.9
    endloop
  endfacet
  facet normal 0 0 -1
    outer loop
      vertex 94.8202 -40.5844 3.9
      vertex 95.1836 -28.592 3.9
      vertex 95.1836 -40.748 3.9
    endloop
  endfacet
  facet normal 0 0 -1
    outer loop
      vertex 94.8202 -40.5844 3.9
      vertex 94.8202 -28.7556 3.9
      vertex 95.1836 -28.592 3.9
    endloop
  endfacet
  facet normal 0 0 -1
    outer loop
      vertex 94.4397 -40.4659 3.9
      vertex 94.8202 -28.7556 3.9
      vertex 94.8202 -40.5844 3.9
    endloop
  endfacet
  facet normal 0 0 -1
    outer loop
      vertex 94.4397 -40.4659 3.9
      vertex 94.4397 -28.8741 3.9
      vertex 94.8202 -28.7556 3.9
    endloop
  endfacet
  facet normal 0 0 -1
    outer loop
      vertex 94.0478 -40.3941 3.9
      vertex 94.4397 -28.8741 3.9
      vertex 94.4397 -40.4659 3.9
    endloop
  endfacet
  facet normal 0 0 -1
    outer loop
      vertex 94.0478 -40.3941 3.9
      vertex 94.0478 -28.9459 3.9
      vertex 94.4397 -28.8741 3.9
    endloop
  endfacet
  facet normal 0 0 -1
    outer loop
      vertex 93.65 -40.37 3.9
      vertex 94.0478 -28.9459 3.9
      vertex 94.0478 -40.3941 3.9
    endloop
  endfacet
  facet normal 0 0 -1
    outer loop
      vertex 93.65 -40.37 3.9
      vertex 93.65 -28.97 3.9
      vertex 94.0478 -28.9459 3.9
    endloop
  endfacet
  facet normal 0 0 -1
    outer loop
      vertex 93.2522 -40.3941 3.9
      vertex 93.65 -28.97 3.9
      vertex 93.65 -40.37 3.9
    endloop
  endfacet
  facet normal 0 0 -1
    outer loop
      vertex 93.2522 -40.3941 3.9
      vertex 93.2522 -28.9459 3.9
      vertex 93.65 -28.97 3.9
    endloop
  endfacet
  facet normal 0 0 -1
    outer loop
      vertex 92.8603 -40.4659 3.9
      vertex 93.2522 -28.9459 3.9
      vertex 93.2522 -40.3941 3.9
    endloop
  endfacet
  facet normal 0 0 -1
    outer loop
      vertex 92.8603 -40.4659 3.9
      vertex 92.8603 -28.8741 3.9
      vertex 93.2522 -28.9459 3.9
    endloop
  endfacet
  facet normal 0 0 -1
    outer loop
      vertex 92.4798 -40.5844 3.9
      vertex 92.8603 -28.8741 3.9
      vertex 92.8603 -40.4659 3.9
    endloop
  endfacet
  facet normal 0 0 -1
    outer loop
      vertex 92.4798 -40.5844 3.9
      vertex 92.4798 -28.7556 3.9
      vertex 92.8603 -28.8741 3.9
    endloop
  endfacet
  facet normal 0 0 -1
    outer loop
      vertex 92.1164 -40.748 3.9
      vertex 92.4798 -28.7556 3.9
      vertex 92.4798 -40.5844 3.9
    endloop
  endfacet
  facet normal 0 0 -1
    outer loop
      vertex 92.1164 -40.748 3.9
      vertex 92.1164 -28.592 3.9
      vertex 92.4798 -28.7556 3.9
    endloop
  endfacet
  facet normal 0 0 -1
    outer loop
      vertex 91.7754 -40.9542 3.9
      vertex 92.1164 -28.592 3.9
      vertex 92.1164 -40.748 3.9
    endloop
  endfacet
  facet normal 0 0 -1
    outer loop
      vertex 91.7754 -40.9542 3.9
      vertex 91.7754 -28.3858 3.9
      vertex 92.1164 -28.592 3.9
    endloop
  endfacet
  facet normal 0 0 -1
    outer loop
      vertex 91.4617 -41.1999 3.9
      vertex 91.7754 -28.3858 3.9
      vertex 91.7754 -40.9542 3.9
    endloop
  endfacet
  facet normal 0 0 -1
    outer loop
      vertex 91.4617 -41.1999 3.9
      vertex 91.4617 -28.1401 3.9
      vertex 91.7754 -28.3858 3.9
    endloop
  endfacet
  facet normal 0 0 -1
    outer loop
      vertex 91.1799 -41.4817 3.9
      vertex 91.4617 -28.1401 3.9
      vertex 91.4617 -41.1999 3.9
    endloop
  endfacet
  facet normal 0 0 -1
    outer loop
      vertex 91.1799 -41.4817 3.9
      vertex 91.1799 -27.8583 3.9
      vertex 91.4617 -28.1401 3.9
    endloop
  endfacet
  facet normal 0 0 -1
    outer loop
      vertex 78.7355 -42.4998 3.9
      vertex 90.5644 -42.4998 3.9
      vertex 78.8541 -42.8803 3.9
    endloop
  endfacet
  facet normal 0 0 -1
    outer loop
      vertex 90.5644 -42.4998 3.9
      vertex 78.7355 -42.4998 3.9
      vertex 90.728 -42.1364 3.9
    endloop
  endfacet
  facet normal 0 0 -1
    outer loop
      vertex 90.4459 -42.8803 3.9
      vertex 78.8541 -42.8803 3.9
      vertex 90.5644 -42.4998 3.9
    endloop
  endfacet
  facet normal 0 0 -1
    outer loop
      vertex 78.572 -42.1364 3.9
      vertex 90.728 -42.1364 3.9
      vertex 78.7355 -42.4998 3.9
    endloop
  endfacet
  facet normal 0 0 -1
    outer loop
      vertex 78.8541 -42.8803 3.9
      vertex 90.4459 -42.8803 3.9
      vertex 78.9259 -43.2722 3.9
    endloop
  endfacet
  facet normal 0 0 -1
    outer loop
      vertex 91.1799 -27.8583 3.9
      vertex 78.95 -25.67 3.9
      vertex 90.9342 -27.5446 3.9
    endloop
  endfacet
  facet normal 0 0 -1
    outer loop
      vertex 90.3741 -43.2722 3.9
      vertex 78.9259 -43.2722 3.9
      vertex 90.4459 -42.8803 3.9
    endloop
  endfacet
  facet normal 0 0 -1
    outer loop
      vertex 90.9342 -27.5446 3.9
      vertex 78.95 -25.67 3.9
      vertex 90.728 -27.2036 3.9
    endloop
  endfacet
  facet normal 0 0 -1
    outer loop
      vertex 78.9259 -43.2722 3.9
      vertex 90.3741 -43.2722 3.9
      vertex 78.95 -43.67 3.9
    endloop
  endfacet
  facet normal 0 0 -1
    outer loop
      vertex 90.728 -27.2036 3.9
      vertex 78.95 -25.67 3.9
      vertex 90.5644 -26.8402 3.9
    endloop
  endfacet
  facet normal 0 0 -1
    outer loop
      vertex 78.95 -43.67 3.9
      vertex 90.3741 -43.2722 3.9
      vertex 90.35 -43.67 3.9
    endloop
  endfacet
  facet normal 0 0 -1
    outer loop
      vertex 90.5644 -26.8402 3.9
      vertex 78.95 -25.67 3.9
      vertex 90.4459 -26.4597 3.9
    endloop
  endfacet
  facet normal 0 0 -1
    outer loop
      vertex 108.728 -60.1364 3.9
      vertex 96.572 -60.1364 3.9
      vertex 108.934 -59.7954 3.9
    endloop
  endfacet
  facet normal 0 0 -1
    outer loop
      vertex 109.18 -45.8583 3.9
      vertex 96.9259 -44.0678 3.9
      vertex 96.95 -43.67 3.9
    endloop
  endfacet
  facet normal 0 0 -1
    outer loop
      vertex 96.3658 -59.7954 3.9
      vertex 108.934 -59.7954 3.9
      vertex 96.572 -60.1364 3.9
    endloop
  endfacet
  facet normal 0 0 -1
    outer loop
      vertex 109.18 -45.8583 3.9
      vertex 96.8541 -44.4597 3.9
      vertex 96.9259 -44.0678 3.9
    endloop
  endfacet
  facet normal 0 0 -1
    outer loop
      vertex 108.934 -59.7954 3.9
      vertex 96.3658 -59.7954 3.9
      vertex 109.18 -59.4817 3.9
    endloop
  endfacet
  facet normal 0 0 -1
    outer loop
      vertex 109.18 -45.8583 3.9
      vertex 96.7355 -44.8402 3.9
      vertex 96.8541 -44.4597 3.9
    endloop
  endfacet
  facet normal 0 0 -1
    outer loop
      vertex 96.1201 -59.4817 3.9
      vertex 109.18 -59.4817 3.9
      vertex 96.3658 -59.7954 3.9
    endloop
  endfacet
  facet normal 0 0 -1
    outer loop
      vertex 109.18 -45.8583 3.9
      vertex 96.572 -45.2036 3.9
      vertex 96.7355 -44.8402 3.9
    endloop
  endfacet
  facet normal 0 0 -1
    outer loop
      vertex 109.18 -59.4817 3.9
      vertex 96.1201 -59.4817 3.9
      vertex 109.18 -45.8583 3.9
    endloop
  endfacet
  facet normal 0 0 -1
    outer loop
      vertex 109.18 -45.8583 3.9
      vertex 96.3658 -45.5446 3.9
      vertex 96.572 -45.2036 3.9
    endloop
  endfacet
  facet normal 0 0 -1
    outer loop
      vertex 96.1201 -45.8583 3.9
      vertex 109.18 -45.8583 3.9
      vertex 96.1201 -59.4817 3.9
    endloop
  endfacet
  facet normal 0 0 -1
    outer loop
      vertex 109.18 -45.8583 3.9
      vertex 96.1201 -45.8583 3.9
      vertex 96.3658 -45.5446 3.9
    endloop
  endfacet
  facet normal 0 0 -1
    outer loop
      vertex 95.8383 -59.1999 3.9
      vertex 96.1201 -45.8583 3.9
      vertex 96.1201 -59.4817 3.9
    endloop
  endfacet
  facet normal 0 0 -1
    outer loop
      vertex 95.8383 -59.1999 3.9
      vertex 95.8383 -46.1401 3.9
      vertex 96.1201 -45.8583 3.9
    endloop
  endfacet
  facet normal 0 0 -1
    outer loop
      vertex 95.5246 -58.9542 3.9
      vertex 95.8383 -46.1401 3.9
      vertex 95.8383 -59.1999 3.9
    endloop
  endfacet
  facet normal 0 0 -1
    outer loop
      vertex 95.5246 -58.9542 3.9
      vertex 95.5246 -46.3858 3.9
      vertex 95.8383 -46.1401 3.9
    endloop
  endfacet
  facet normal 0 0 -1
    outer loop
      vertex 95.1836 -58.748 3.9
      vertex 95.5246 -46.3858 3.9
      vertex 95.5246 -58.9542 3.9
    endloop
  endfacet
  facet normal 0 0 -1
    outer loop
      vertex 95.1836 -58.748 3.9
      vertex 95.1836 -46.592 3.9
      vertex 95.5246 -46.3858 3.9
    endloop
  endfacet
  facet normal 0 0 -1
    outer loop
      vertex 94.8202 -58.5844 3.9
      vertex 95.1836 -46.592 3.9
      vertex 95.1836 -58.748 3.9
    endloop
  endfacet
  facet normal 0 0 -1
    outer loop
      vertex 94.8202 -58.5844 3.9
      vertex 94.8202 -46.7556 3.9
      vertex 95.1836 -46.592 3.9
    endloop
  endfacet
  facet normal 0 0 -1
    outer loop
      vertex 94.4397 -58.4659 3.9
      vertex 94.8202 -46.7556 3.9
      vertex 94.8202 -58.5844 3.9
    endloop
  endfacet
  facet normal 0 0 -1
    outer loop
      vertex 94.4397 -58.4659 3.9
      vertex 94.4397 -46.8741 3.9
      vertex 94.8202 -46.7556 3.9
    endloop
  endfacet
  facet normal 0 0 -1
    outer loop
      vertex 94.0478 -58.3941 3.9
      vertex 94.4397 -46.8741 3.9
      vertex 94.4397 -58.4659 3.9
    endloop
  endfacet
  facet normal 0 0 -1
    outer loop
      vertex 94.0478 -58.3941 3.9
      vertex 94.0478 -46.9459 3.9
      vertex 94.4397 -46.8741 3.9
    endloop
  endfacet
  facet normal 0 0 -1
    outer loop
      vertex 93.65 -58.37 3.9
      vertex 94.0478 -46.9459 3.9
      vertex 94.0478 -58.3941 3.9
    endloop
  endfacet
  facet normal 0 0 -1
    outer loop
      vertex 93.65 -58.37 3.9
      vertex 93.65 -46.97 3.9
      vertex 94.0478 -46.9459 3.9
    endloop
  endfacet
  facet normal 0 0 -1
    outer loop
      vertex 93.2522 -58.3941 3.9
      vertex 93.65 -46.97 3.9
      vertex 93.65 -58.37 3.9
    endloop
  endfacet
  facet normal 0 0 -1
    outer loop
      vertex 93.2522 -58.3941 3.9
      vertex 93.2522 -46.9459 3.9
      vertex 93.65 -46.97 3.9
    endloop
  endfacet
  facet normal 0 0 -1
    outer loop
      vertex 92.8603 -58.4659 3.9
      vertex 93.2522 -46.9459 3.9
      vertex 93.2522 -58.3941 3.9
    endloop
  endfacet
  facet normal 0 0 -1
    outer loop
      vertex 92.8603 -58.4659 3.9
      vertex 92.8603 -46.8741 3.9
      vertex 93.2522 -46.9459 3.9
    endloop
  endfacet
  facet normal 0 0 -1
    outer loop
      vertex 92.4798 -58.5844 3.9
      vertex 92.8603 -46.8741 3.9
      vertex 92.8603 -58.4659 3.9
    endloop
  endfacet
  facet normal 0 0 -1
    outer loop
      vertex 92.4798 -58.5844 3.9
      vertex 92.4798 -46.7556 3.9
      vertex 92.8603 -46.8741 3.9
    endloop
  endfacet
  facet normal 0 0 -1
    outer loop
      vertex 92.1164 -58.748 3.9
      vertex 92.4798 -46.7556 3.9
      vertex 92.4798 -58.5844 3.9
    endloop
  endfacet
  facet normal 0 0 -1
    outer loop
      vertex 92.1164 -58.748 3.9
      vertex 92.1164 -46.592 3.9
      vertex 92.4798 -46.7556 3.9
    endloop
  endfacet
  facet normal 0 0 -1
    outer loop
      vertex 91.7754 -58.9542 3.9
      vertex 92.1164 -46.592 3.9
      vertex 92.1164 -58.748 3.9
    endloop
  endfacet
  facet normal 0 0 -1
    outer loop
      vertex 91.7754 -58.9542 3.9
      vertex 91.7754 -46.3858 3.9
      vertex 92.1164 -46.592 3.9
    endloop
  endfacet
  facet normal 0 0 -1
    outer loop
      vertex 91.4617 -59.1999 3.9
      vertex 91.7754 -46.3858 3.9
      vertex 91.7754 -58.9542 3.9
    endloop
  endfacet
  facet normal 0 0 -1
    outer loop
      vertex 91.4617 -59.1999 3.9
      vertex 91.4617 -46.1401 3.9
      vertex 91.7754 -46.3858 3.9
    endloop
  endfacet
  facet normal 0 0 -1
    outer loop
      vertex 91.1799 -59.4817 3.9
      vertex 91.4617 -46.1401 3.9
      vertex 91.4617 -59.1999 3.9
    endloop
  endfacet
  facet normal 0 0 -1
    outer loop
      vertex 91.1799 -59.4817 3.9
      vertex 91.1799 -45.8583 3.9
      vertex 91.4617 -46.1401 3.9
    endloop
  endfacet
  facet normal 0 0 -1
    outer loop
      vertex 78.7355 -60.4998 3.9
      vertex 90.5644 -60.4998 3.9
      vertex 78.8541 -60.8803 3.9
    endloop
  endfacet
  facet normal 0 0 -1
    outer loop
      vertex 90.5644 -60.4998 3.9
      vertex 78.7355 -60.4998 3.9
      vertex 90.728 -60.1364 3.9
    endloop
  endfacet
  facet normal 0 0 -1
    outer loop
      vertex 90.4459 -60.8803 3.9
      vertex 78.8541 -60.8803 3.9
      vertex 90.5644 -60.4998 3.9
    endloop
  endfacet
  facet normal 0 0 -1
    outer loop
      vertex 78.572 -60.1364 3.9
      vertex 90.728 -60.1364 3.9
      vertex 78.7355 -60.4998 3.9
    endloop
  endfacet
  facet normal 0 0 -1
    outer loop
      vertex 78.8541 -60.8803 3.9
      vertex 90.4459 -60.8803 3.9
      vertex 78.9259 -61.2722 3.9
    endloop
  endfacet
  facet normal 0 0 -1
    outer loop
      vertex 91.1799 -45.8583 3.9
      vertex 78.95 -43.67 3.9
      vertex 90.9342 -45.5446 3.9
    endloop
  endfacet
  facet normal 0 0 -1
    outer loop
      vertex 90.3741 -61.2722 3.9
      vertex 78.9259 -61.2722 3.9
      vertex 90.4459 -60.8803 3.9
    endloop
  endfacet
  facet normal 0 0 -1
    outer loop
      vertex 90.9342 -45.5446 3.9
      vertex 78.95 -43.67 3.9
      vertex 90.728 -45.2036 3.9
    endloop
  endfacet
  facet normal 0 0 -1
    outer loop
      vertex 78.9259 -61.2722 3.9
      vertex 90.3741 -61.2722 3.9
      vertex 78.95 -61.67 3.9
    endloop
  endfacet
  facet normal 0 0 -1
    outer loop
      vertex 90.728 -45.2036 3.9
      vertex 78.95 -43.67 3.9
      vertex 90.5644 -44.8402 3.9
    endloop
  endfacet
  facet normal 0 0 -1
    outer loop
      vertex 78.95 -61.67 3.9
      vertex 90.3741 -61.2722 3.9
      vertex 90.35 -61.67 3.9
    endloop
  endfacet
  facet normal 0 0 -1
    outer loop
      vertex 90.5644 -44.8402 3.9
      vertex 78.95 -43.67 3.9
      vertex 90.4459 -44.4597 3.9
    endloop
  endfacet
  facet normal 0 0 -1
    outer loop
      vertex 126.728 -42.1364 3.9
      vertex 114.572 -42.1364 3.9
      vertex 126.934 -41.7954 3.9
    endloop
  endfacet
  facet normal 0 0 -1
    outer loop
      vertex 127.18 -27.8583 3.9
      vertex 114.926 -26.0678 3.9
      vertex 114.95 -25.67 3.9
    endloop
  endfacet
  facet normal 0 0 -1
    outer loop
      vertex 114.366 -41.7954 3.9
      vertex 126.934 -41.7954 3.9
      vertex 114.572 -42.1364 3.9
    endloop
  endfacet
  facet normal 0 0 -1
    outer loop
      vertex 127.18 -27.8583 3.9
      vertex 114.854 -26.4597 3.9
      vertex 114.926 -26.0678 3.9
    endloop
  endfacet
  facet normal 0 0 -1
    outer loop
      vertex 126.934 -41.7954 3.9
      vertex 114.366 -41.7954 3.9
      vertex 127.18 -41.4817 3.9
    endloop
  endfacet
  facet normal 0 0 -1
    outer loop
      vertex 127.18 -27.8583 3.9
      vertex 114.736 -26.8402 3.9
      vertex 114.854 -26.4597 3.9
    endloop
  endfacet
  facet normal 0 0 -1
    outer loop
      vertex 114.12 -41.4817 3.9
      vertex 127.18 -41.4817 3.9
      vertex 114.366 -41.7954 3.9
    endloop
  endfacet
  facet normal 0 0 -1
    outer loop
      vertex 127.18 -27.8583 3.9
      vertex 114.572 -27.2036 3.9
      vertex 114.736 -26.8402 3.9
    endloop
  endfacet
  facet normal 0 0 -1
    outer loop
      vertex 127.18 -41.4817 3.9
      vertex 114.12 -41.4817 3.9
      vertex 127.18 -27.8583 3.9
    endloop
  endfacet
  facet normal 0 0 -1
    outer loop
      vertex 127.18 -27.8583 3.9
      vertex 114.366 -27.5446 3.9
      vertex 114.572 -27.2036 3.9
    endloop
  endfacet
  facet normal 0 0 -1
    outer loop
      vertex 114.12 -27.8583 3.9
      vertex 127.18 -27.8583 3.9
      vertex 114.12 -41.4817 3.9
    endloop
  endfacet
  facet normal 0 0 -1
    outer loop
      vertex 127.18 -27.8583 3.9
      vertex 114.12 -27.8583 3.9
      vertex 114.366 -27.5446 3.9
    endloop
  endfacet
  facet normal 0 0 -1
    outer loop
      vertex 113.838 -41.1999 3.9
      vertex 114.12 -27.8583 3.9
      vertex 114.12 -41.4817 3.9
    endloop
  endfacet
  facet normal 0 0 -1
    outer loop
      vertex 113.838 -41.1999 3.9
      vertex 113.838 -28.1401 3.9
      vertex 114.12 -27.8583 3.9
    endloop
  endfacet
  facet normal 0 0 -1
    outer loop
      vertex 113.525 -40.9542 3.9
      vertex 113.838 -28.1401 3.9
      vertex 113.838 -41.1999 3.9
    endloop
  endfacet
  facet normal 0 0 -1
    outer loop
      vertex 113.525 -40.9542 3.9
      vertex 113.525 -28.3858 3.9
      vertex 113.838 -28.1401 3.9
    endloop
  endfacet
  facet normal 0 0 -1
    outer loop
      vertex 113.184 -40.748 3.9
      vertex 113.525 -28.3858 3.9
      vertex 113.525 -40.9542 3.9
    endloop
  endfacet
  facet normal 0 0 -1
    outer loop
      vertex 113.184 -40.748 3.9
      vertex 113.184 -28.592 3.9
      vertex 113.525 -28.3858 3.9
    endloop
  endfacet
  facet normal 0 0 -1
    outer loop
      vertex 112.82 -40.5844 3.9
      vertex 113.184 -28.592 3.9
      vertex 113.184 -40.748 3.9
    endloop
  endfacet
  facet normal 0 0 -1
    outer loop
      vertex 112.82 -40.5844 3.9
      vertex 112.82 -28.7556 3.9
      vertex 113.184 -28.592 3.9
    endloop
  endfacet
  facet normal 0 0 -1
    outer loop
      vertex 112.44 -40.4659 3.9
      vertex 112.82 -28.7556 3.9
      vertex 112.82 -40.5844 3.9
    endloop
  endfacet
  facet normal 0 0 -1
    outer loop
      vertex 112.44 -40.4659 3.9
      vertex 112.44 -28.8741 3.9
      vertex 112.82 -28.7556 3.9
    endloop
  endfacet
  facet normal 0 0 -1
    outer loop
      vertex 112.048 -40.3941 3.9
      vertex 112.44 -28.8741 3.9
      vertex 112.44 -40.4659 3.9
    endloop
  endfacet
  facet normal 0 0 -1
    outer loop
      vertex 112.048 -40.3941 3.9
      vertex 112.048 -28.9459 3.9
      vertex 112.44 -28.8741 3.9
    endloop
  endfacet
  facet normal 0 0 -1
    outer loop
      vertex 111.65 -40.37 3.9
      vertex 112.048 -28.9459 3.9
      vertex 112.048 -40.3941 3.9
    endloop
  endfacet
  facet normal 0 0 -1
    outer loop
      vertex 111.65 -40.37 3.9
      vertex 111.65 -28.97 3.9
      vertex 112.048 -28.9459 3.9
    endloop
  endfacet
  facet normal 0 0 -1
    outer loop
      vertex 111.252 -40.3941 3.9
      vertex 111.65 -28.97 3.9
      vertex 111.65 -40.37 3.9
    endloop
  endfacet
  facet normal 0 0 -1
    outer loop
      vertex 111.252 -40.3941 3.9
      vertex 111.252 -28.9459 3.9
      vertex 111.65 -28.97 3.9
    endloop
  endfacet
  facet normal 0 0 -1
    outer loop
      vertex 110.86 -40.4659 3.9
      vertex 111.252 -28.9459 3.9
      vertex 111.252 -40.3941 3.9
    endloop
  endfacet
  facet normal 0 0 -1
    outer loop
      vertex 110.86 -40.4659 3.9
      vertex 110.86 -28.8741 3.9
      vertex 111.252 -28.9459 3.9
    endloop
  endfacet
  facet normal 0 0 -1
    outer loop
      vertex 110.48 -40.5844 3.9
      vertex 110.86 -28.8741 3.9
      vertex 110.86 -40.4659 3.9
    endloop
  endfacet
  facet normal 0 0 -1
    outer loop
      vertex 110.48 -40.5844 3.9
      vertex 110.48 -28.7556 3.9
      vertex 110.86 -28.8741 3.9
    endloop
  endfacet
  facet normal 0 0 -1
    outer loop
      vertex 110.116 -40.748 3.9
      vertex 110.48 -28.7556 3.9
      vertex 110.48 -40.5844 3.9
    endloop
  endfacet
  facet normal 0 0 -1
    outer loop
      vertex 110.116 -40.748 3.9
      vertex 110.116 -28.592 3.9
      vertex 110.48 -28.7556 3.9
    endloop
  endfacet
  facet normal 0 0 -1
    outer loop
      vertex 109.775 -40.9542 3.9
      vertex 110.116 -28.592 3.9
      vertex 110.116 -40.748 3.9
    endloop
  endfacet
  facet normal 0 0 -1
    outer loop
      vertex 109.775 -40.9542 3.9
      vertex 109.775 -28.3858 3.9
      vertex 110.116 -28.592 3.9
    endloop
  endfacet
  facet normal 0 0 -1
    outer loop
      vertex 109.462 -41.1999 3.9
      vertex 109.775 -28.3858 3.9
      vertex 109.775 -40.9542 3.9
    endloop
  endfacet
  facet normal 0 0 -1
    outer loop
      vertex 109.462 -41.1999 3.9
      vertex 109.462 -28.1401 3.9
      vertex 109.775 -28.3858 3.9
    endloop
  endfacet
  facet normal 0 0 -1
    outer loop
      vertex 109.18 -41.4817 3.9
      vertex 109.462 -28.1401 3.9
      vertex 109.462 -41.1999 3.9
    endloop
  endfacet
  facet normal 0 0 -1
    outer loop
      vertex 109.18 -41.4817 3.9
      vertex 109.18 -27.8583 3.9
      vertex 109.462 -28.1401 3.9
    endloop
  endfacet
  facet normal 0 0 -1
    outer loop
      vertex 96.7355 -42.4998 3.9
      vertex 108.564 -42.4998 3.9
      vertex 96.8541 -42.8803 3.9
    endloop
  endfacet
  facet normal 0 0 -1
    outer loop
      vertex 108.564 -42.4998 3.9
      vertex 96.7355 -42.4998 3.9
      vertex 108.728 -42.1364 3.9
    endloop
  endfacet
  facet normal 0 0 -1
    outer loop
      vertex 108.446 -42.8803 3.9
      vertex 96.8541 -42.8803 3.9
      vertex 108.564 -42.4998 3.9
    endloop
  endfacet
  facet normal 0 0 -1
    outer loop
      vertex 96.572 -42.1364 3.9
      vertex 108.728 -42.1364 3.9
      vertex 96.7355 -42.4998 3.9
    endloop
  endfacet
  facet normal 0 0 -1
    outer loop
      vertex 96.8541 -42.8803 3.9
      vertex 108.446 -42.8803 3.9
      vertex 96.9259 -43.2722 3.9
    endloop
  endfacet
  facet normal 0 0 -1
    outer loop
      vertex 109.18 -27.8583 3.9
      vertex 96.95 -25.67 3.9
      vertex 108.934 -27.5446 3.9
    endloop
  endfacet
  facet normal 0 0 -1
    outer loop
      vertex 108.374 -43.2722 3.9
      vertex 96.9259 -43.2722 3.9
      vertex 108.446 -42.8803 3.9
    endloop
  endfacet
  facet normal 0 0 -1
    outer loop
      vertex 108.934 -27.5446 3.9
      vertex 96.95 -25.67 3.9
      vertex 108.728 -27.2036 3.9
    endloop
  endfacet
  facet normal 0 0 -1
    outer loop
      vertex 96.9259 -43.2722 3.9
      vertex 108.374 -43.2722 3.9
      vertex 96.95 -43.67 3.9
    endloop
  endfacet
  facet normal 0 0 -1
    outer loop
      vertex 108.728 -27.2036 3.9
      vertex 96.95 -25.67 3.9
      vertex 108.564 -26.8402 3.9
    endloop
  endfacet
  facet normal 0 0 -1
    outer loop
      vertex 96.95 -43.67 3.9
      vertex 108.374 -43.2722 3.9
      vertex 108.35 -43.67 3.9
    endloop
  endfacet
  facet normal 0 0 -1
    outer loop
      vertex 108.564 -26.8402 3.9
      vertex 96.95 -25.67 3.9
      vertex 108.446 -26.4597 3.9
    endloop
  endfacet
  facet normal 0 0 -1
    outer loop
      vertex 126.728 -60.1364 3.9
      vertex 114.572 -60.1364 3.9
      vertex 126.934 -59.7954 3.9
    endloop
  endfacet
  facet normal 0 0 -1
    outer loop
      vertex 127.18 -45.8583 3.9
      vertex 114.926 -44.0678 3.9
      vertex 114.95 -43.67 3.9
    endloop
  endfacet
  facet normal 0 0 -1
    outer loop
      vertex 114.366 -59.7954 3.9
      vertex 126.934 -59.7954 3.9
      vertex 114.572 -60.1364 3.9
    endloop
  endfacet
  facet normal 0 0 -1
    outer loop
      vertex 127.18 -45.8583 3.9
      vertex 114.854 -44.4597 3.9
      vertex 114.926 -44.0678 3.9
    endloop
  endfacet
  facet normal 0 0 -1
    outer loop
      vertex 126.934 -59.7954 3.9
      vertex 114.366 -59.7954 3.9
      vertex 127.18 -59.4817 3.9
    endloop
  endfacet
  facet normal 0 0 -1
    outer loop
      vertex 127.18 -45.8583 3.9
      vertex 114.736 -44.8402 3.9
      vertex 114.854 -44.4597 3.9
    endloop
  endfacet
  facet normal 0 0 -1
    outer loop
      vertex 114.12 -59.4817 3.9
      vertex 127.18 -59.4817 3.9
      vertex 114.366 -59.7954 3.9
    endloop
  endfacet
  facet normal 0 0 -1
    outer loop
      vertex 127.18 -45.8583 3.9
      vertex 114.572 -45.2036 3.9
      vertex 114.736 -44.8402 3.9
    endloop
  endfacet
  facet normal 0 0 -1
    outer loop
      vertex 127.18 -59.4817 3.9
      vertex 114.12 -59.4817 3.9
      vertex 127.18 -45.8583 3.9
    endloop
  endfacet
  facet normal 0 0 -1
    outer loop
      vertex 127.18 -45.8583 3.9
      vertex 114.366 -45.5446 3.9
      vertex 114.572 -45.2036 3.9
    endloop
  endfacet
  facet normal 0 0 -1
    outer loop
      vertex 114.12 -45.8583 3.9
      vertex 127.18 -45.8583 3.9
      vertex 114.12 -59.4817 3.9
    endloop
  endfacet
  facet normal 0 0 -1
    outer loop
      vertex 127.18 -45.8583 3.9
      vertex 114.12 -45.8583 3.9
      vertex 114.366 -45.5446 3.9
    endloop
  endfacet
  facet normal 0 0 -1
    outer loop
      vertex 113.838 -59.1999 3.9
      vertex 114.12 -45.8583 3.9
      vertex 114.12 -59.4817 3.9
    endloop
  endfacet
  facet normal 0 0 -1
    outer loop
      vertex 113.838 -59.1999 3.9
      vertex 113.838 -46.1401 3.9
      vertex 114.12 -45.8583 3.9
    endloop
  endfacet
  facet normal 0 0 -1
    outer loop
      vertex 113.525 -58.9542 3.9
      vertex 113.838 -46.1401 3.9
      vertex 113.838 -59.1999 3.9
    endloop
  endfacet
  facet normal 0 0 -1
    outer loop
      vertex 113.525 -58.9542 3.9
      vertex 113.525 -46.3858 3.9
      vertex 113.838 -46.1401 3.9
    endloop
  endfacet
  facet normal 0 0 -1
    outer loop
      vertex 113.184 -58.748 3.9
      vertex 113.525 -46.3858 3.9
      vertex 113.525 -58.9542 3.9
    endloop
  endfacet
  facet normal 0 0 -1
    outer loop
      vertex 113.184 -58.748 3.9
      vertex 113.184 -46.592 3.9
      vertex 113.525 -46.3858 3.9
    endloop
  endfacet
  facet normal 0 0 -1
    outer loop
      vertex 112.82 -58.5844 3.9
      vertex 113.184 -46.592 3.9
      vertex 113.184 -58.748 3.9
    endloop
  endfacet
  facet normal 0 0 -1
    outer loop
      vertex 112.82 -58.5844 3.9
      vertex 112.82 -46.7556 3.9
      vertex 113.184 -46.592 3.9
    endloop
  endfacet
  facet normal 0 0 -1
    outer loop
      vertex 112.44 -58.4659 3.9
      vertex 112.82 -46.7556 3.9
      vertex 112.82 -58.5844 3.9
    endloop
  endfacet
  facet normal 0 0 -1
    outer loop
      vertex 112.44 -58.4659 3.9
      vertex 112.44 -46.8741 3.9
      vertex 112.82 -46.7556 3.9
    endloop
  endfacet
  facet normal 0 0 -1
    outer loop
      vertex 112.048 -58.3941 3.9
      vertex 112.44 -46.8741 3.9
      vertex 112.44 -58.4659 3.9
    endloop
  endfacet
  facet normal 0 0 -1
    outer loop
      vertex 112.048 -58.3941 3.9
      vertex 112.048 -46.9459 3.9
      vertex 112.44 -46.8741 3.9
    endloop
  endfacet
  facet normal 0 0 -1
    outer loop
      vertex 111.65 -58.37 3.9
      vertex 112.048 -46.9459 3.9
      vertex 112.048 -58.3941 3.9
    endloop
  endfacet
  facet normal 0 0 -1
    outer loop
      vertex 111.65 -58.37 3.9
      vertex 111.65 -46.97 3.9
      vertex 112.048 -46.9459 3.9
    endloop
  endfacet
  facet normal 0 0 -1
    outer loop
      vertex 111.252 -58.3941 3.9
      vertex 111.65 -46.97 3.9
      vertex 111.65 -58.37 3.9
    endloop
  endfacet
  facet normal 0 0 -1
    outer loop
      vertex 111.252 -58.3941 3.9
      vertex 111.252 -46.9459 3.9
      vertex 111.65 -46.97 3.9
    endloop
  endfacet
  facet normal 0 0 -1
    outer loop
      vertex 110.86 -58.4659 3.9
      vertex 111.252 -46.9459 3.9
      vertex 111.252 -58.3941 3.9
    endloop
  endfacet
  facet normal 0 0 -1
    outer loop
      vertex 110.86 -58.4659 3.9
      vertex 110.86 -46.8741 3.9
      vertex 111.252 -46.9459 3.9
    endloop
  endfacet
  facet normal 0 0 -1
    outer loop
      vertex 110.48 -58.5844 3.9
      vertex 110.86 -46.8741 3.9
      vertex 110.86 -58.4659 3.9
    endloop
  endfacet
  facet normal 0 0 -1
    outer loop
      vertex 110.48 -58.5844 3.9
      vertex 110.48 -46.7556 3.9
      vertex 110.86 -46.8741 3.9
    endloop
  endfacet
  facet normal 0 0 -1
    outer loop
      vertex 110.116 -58.748 3.9
      vertex 110.48 -46.7556 3.9
      vertex 110.48 -58.5844 3.9
    endloop
  endfacet
  facet normal 0 0 -1
    outer loop
      vertex 110.116 -58.748 3.9
      vertex 110.116 -46.592 3.9
      vertex 110.48 -46.7556 3.9
    endloop
  endfacet
  facet normal 0 0 -1
    outer loop
      vertex 109.775 -58.9542 3.9
      vertex 110.116 -46.592 3.9
      vertex 110.116 -58.748 3.9
    endloop
  endfacet
  facet normal 0 0 -1
    outer loop
      vertex 109.775 -58.9542 3.9
      vertex 109.775 -46.3858 3.9
      vertex 110.116 -46.592 3.9
    endloop
  endfacet
  facet normal 0 0 -1
    outer loop
      vertex 109.462 -59.1999 3.9
      vertex 109.775 -46.3858 3.9
      vertex 109.775 -58.9542 3.9
    endloop
  endfacet
  facet normal 0 0 -1
    outer loop
      vertex 109.462 -59.1999 3.9
      vertex 109.462 -46.1401 3.9
      vertex 109.775 -46.3858 3.9
    endloop
  endfacet
  facet normal 0 0 -1
    outer loop
      vertex 109.18 -59.4817 3.9
      vertex 109.462 -46.1401 3.9
      vertex 109.462 -59.1999 3.9
    endloop
  endfacet
  facet normal 0 0 -1
    outer loop
      vertex 109.18 -59.4817 3.9
      vertex 109.18 -45.8583 3.9
      vertex 109.462 -46.1401 3.9
    endloop
  endfacet
  facet normal 0 0 -1
    outer loop
      vertex 96.7355 -60.4998 3.9
      vertex 108.564 -60.4998 3.9
      vertex 96.8541 -60.8803 3.9
    endloop
  endfacet
  facet normal 0 0 -1
    outer loop
      vertex 108.564 -60.4998 3.9
      vertex 96.7355 -60.4998 3.9
      vertex 108.728 -60.1364 3.9
    endloop
  endfacet
  facet normal 0 0 -1
    outer loop
      vertex 108.446 -60.8803 3.9
      vertex 96.8541 -60.8803 3.9
      vertex 108.564 -60.4998 3.9
    endloop
  endfacet
  facet normal 0 0 -1
    outer loop
      vertex 96.572 -60.1364 3.9
      vertex 108.728 -60.1364 3.9
      vertex 96.7355 -60.4998 3.9
    endloop
  endfacet
  facet normal 0 0 -1
    outer loop
      vertex 96.8541 -60.8803 3.9
      vertex 108.446 -60.8803 3.9
      vertex 96.9259 -61.2722 3.9
    endloop
  endfacet
  facet normal 0 0 -1
    outer loop
      vertex 109.18 -45.8583 3.9
      vertex 96.95 -43.67 3.9
      vertex 108.934 -45.5446 3.9
    endloop
  endfacet
  facet normal 0 0 -1
    outer loop
      vertex 108.374 -61.2722 3.9
      vertex 96.9259 -61.2722 3.9
      vertex 108.446 -60.8803 3.9
    endloop
  endfacet
  facet normal 0 0 -1
    outer loop
      vertex 108.934 -45.5446 3.9
      vertex 96.95 -43.67 3.9
      vertex 108.728 -45.2036 3.9
    endloop
  endfacet
  facet normal 0 0 -1
    outer loop
      vertex 96.9259 -61.2722 3.9
      vertex 108.374 -61.2722 3.9
      vertex 96.95 -61.67 3.9
    endloop
  endfacet
  facet normal 0 0 -1
    outer loop
      vertex 108.728 -45.2036 3.9
      vertex 96.95 -43.67 3.9
      vertex 108.564 -44.8402 3.9
    endloop
  endfacet
  facet normal 0 0 -1
    outer loop
      vertex 96.95 -61.67 3.9
      vertex 108.374 -61.2722 3.9
      vertex 108.35 -61.67 3.9
    endloop
  endfacet
  facet normal 0 0 -1
    outer loop
      vertex 108.564 -44.8402 3.9
      vertex 96.95 -43.67 3.9
      vertex 108.446 -44.4597 3.9
    endloop
  endfacet
  facet normal 0 0 -1
    outer loop
      vertex 144.728 -42.1364 3.9
      vertex 132.572 -42.1364 3.9
      vertex 144.934 -41.7954 3.9
    endloop
  endfacet
  facet normal 0 0 -1
    outer loop
      vertex 145.18 -27.8583 3.9
      vertex 132.926 -26.0678 3.9
      vertex 132.95 -25.67 3.9
    endloop
  endfacet
  facet normal 0 0 -1
    outer loop
      vertex 132.366 -41.7954 3.9
      vertex 144.934 -41.7954 3.9
      vertex 132.572 -42.1364 3.9
    endloop
  endfacet
  facet normal 0 0 -1
    outer loop
      vertex 145.18 -27.8583 3.9
      vertex 132.854 -26.4597 3.9
      vertex 132.926 -26.0678 3.9
    endloop
  endfacet
  facet normal 0 0 -1
    outer loop
      vertex 144.934 -41.7954 3.9
      vertex 132.366 -41.7954 3.9
      vertex 145.18 -41.4817 3.9
    endloop
  endfacet
  facet normal 0 0 -1
    outer loop
      vertex 145.18 -27.8583 3.9
      vertex 132.736 -26.8402 3.9
      vertex 132.854 -26.4597 3.9
    endloop
  endfacet
  facet normal 0 0 -1
    outer loop
      vertex 132.12 -41.4817 3.9
      vertex 145.18 -41.4817 3.9
      vertex 132.366 -41.7954 3.9
    endloop
  endfacet
  facet normal 0 0 -1
    outer loop
      vertex 145.18 -27.8583 3.9
      vertex 132.572 -27.2036 3.9
      vertex 132.736 -26.8402 3.9
    endloop
  endfacet
  facet normal 0 0 -1
    outer loop
      vertex 145.18 -41.4817 3.9
      vertex 132.12 -41.4817 3.9
      vertex 145.18 -27.8583 3.9
    endloop
  endfacet
  facet normal 0 0 -1
    outer loop
      vertex 145.18 -27.8583 3.9
      vertex 132.366 -27.5446 3.9
      vertex 132.572 -27.2036 3.9
    endloop
  endfacet
  facet normal 0 0 -1
    outer loop
      vertex 132.12 -27.8583 3.9
      vertex 145.18 -27.8583 3.9
      vertex 132.12 -41.4817 3.9
    endloop
  endfacet
  facet normal 0 0 -1
    outer loop
      vertex 145.18 -27.8583 3.9
      vertex 132.12 -27.8583 3.9
      vertex 132.366 -27.5446 3.9
    endloop
  endfacet
  facet normal 0 0 -1
    outer loop
      vertex 131.838 -41.1999 3.9
      vertex 132.12 -27.8583 3.9
      vertex 132.12 -41.4817 3.9
    endloop
  endfacet
  facet normal 0 0 -1
    outer loop
      vertex 131.838 -41.1999 3.9
      vertex 131.838 -28.1401 3.9
      vertex 132.12 -27.8583 3.9
    endloop
  endfacet
  facet normal 0 0 -1
    outer loop
      vertex 131.525 -40.9542 3.9
      vertex 131.838 -28.1401 3.9
      vertex 131.838 -41.1999 3.9
    endloop
  endfacet
  facet normal 0 0 -1
    outer loop
      vertex 131.525 -40.9542 3.9
      vertex 131.525 -28.3858 3.9
      vertex 131.838 -28.1401 3.9
    endloop
  endfacet
  facet normal 0 0 -1
    outer loop
      vertex 131.184 -40.748 3.9
      vertex 131.525 -28.3858 3.9
      vertex 131.525 -40.9542 3.9
    endloop
  endfacet
  facet normal 0 0 -1
    outer loop
      vertex 131.184 -40.748 3.9
      vertex 131.184 -28.592 3.9
      vertex 131.525 -28.3858 3.9
    endloop
  endfacet
  facet normal 0 0 -1
    outer loop
      vertex 130.82 -40.5844 3.9
      vertex 131.184 -28.592 3.9
      vertex 131.184 -40.748 3.9
    endloop
  endfacet
  facet normal 0 0 -1
    outer loop
      vertex 130.82 -40.5844 3.9
      vertex 130.82 -28.7556 3.9
      vertex 131.184 -28.592 3.9
    endloop
  endfacet
  facet normal 0 0 -1
    outer loop
      vertex 130.44 -40.4659 3.9
      vertex 130.82 -28.7556 3.9
      vertex 130.82 -40.5844 3.9
    endloop
  endfacet
  facet normal 0 0 -1
    outer loop
      vertex 130.44 -40.4659 3.9
      vertex 130.44 -28.8741 3.9
      vertex 130.82 -28.7556 3.9
    endloop
  endfacet
  facet normal 0 0 -1
    outer loop
      vertex 130.048 -40.3941 3.9
      vertex 130.44 -28.8741 3.9
      vertex 130.44 -40.4659 3.9
    endloop
  endfacet
  facet normal 0 0 -1
    outer loop
      vertex 130.048 -40.3941 3.9
      vertex 130.048 -28.9459 3.9
      vertex 130.44 -28.8741 3.9
    endloop
  endfacet
  facet normal 0 0 -1
    outer loop
      vertex 129.65 -40.37 3.9
      vertex 130.048 -28.9459 3.9
      vertex 130.048 -40.3941 3.9
    endloop
  endfacet
  facet normal 0 0 -1
    outer loop
      vertex 129.65 -40.37 3.9
      vertex 129.65 -28.97 3.9
      vertex 130.048 -28.9459 3.9
    endloop
  endfacet
  facet normal 0 0 -1
    outer loop
      vertex 129.252 -40.3941 3.9
      vertex 129.65 -28.97 3.9
      vertex 129.65 -40.37 3.9
    endloop
  endfacet
  facet normal 0 0 -1
    outer loop
      vertex 129.252 -40.3941 3.9
      vertex 129.252 -28.9459 3.9
      vertex 129.65 -28.97 3.9
    endloop
  endfacet
  facet normal 0 0 -1
    outer loop
      vertex 128.86 -40.4659 3.9
      vertex 129.252 -28.9459 3.9
      vertex 129.252 -40.3941 3.9
    endloop
  endfacet
  facet normal 0 0 -1
    outer loop
      vertex 128.86 -40.4659 3.9
      vertex 128.86 -28.8741 3.9
      vertex 129.252 -28.9459 3.9
    endloop
  endfacet
  facet normal 0 0 -1
    outer loop
      vertex 128.48 -40.5844 3.9
      vertex 128.86 -28.8741 3.9
      vertex 128.86 -40.4659 3.9
    endloop
  endfacet
  facet normal 0 0 -1
    outer loop
      vertex 128.48 -40.5844 3.9
      vertex 128.48 -28.7556 3.9
      vertex 128.86 -28.8741 3.9
    endloop
  endfacet
  facet normal 0 0 -1
    outer loop
      vertex 128.116 -40.748 3.9
      vertex 128.48 -28.7556 3.9
      vertex 128.48 -40.5844 3.9
    endloop
  endfacet
  facet normal 0 0 -1
    outer loop
      vertex 128.116 -40.748 3.9
      vertex 128.116 -28.592 3.9
      vertex 128.48 -28.7556 3.9
    endloop
  endfacet
  facet normal 0 0 -1
    outer loop
      vertex 127.775 -40.9542 3.9
      vertex 128.116 -28.592 3.9
      vertex 128.116 -40.748 3.9
    endloop
  endfacet
  facet normal 0 0 -1
    outer loop
      vertex 127.775 -40.9542 3.9
      vertex 127.775 -28.3858 3.9
      vertex 128.116 -28.592 3.9
    endloop
  endfacet
  facet normal 0 0 -1
    outer loop
      vertex 127.462 -41.1999 3.9
      vertex 127.775 -28.3858 3.9
      vertex 127.775 -40.9542 3.9
    endloop
  endfacet
  facet normal 0 0 -1
    outer loop
      vertex 127.462 -41.1999 3.9
      vertex 127.462 -28.1401 3.9
      vertex 127.775 -28.3858 3.9
    endloop
  endfacet
  facet normal 0 0 -1
    outer loop
      vertex 127.18 -41.4817 3.9
      vertex 127.462 -28.1401 3.9
      vertex 127.462 -41.1999 3.9
    endloop
  endfacet
  facet normal 0 0 -1
    outer loop
      vertex 127.18 -41.4817 3.9
      vertex 127.18 -27.8583 3.9
      vertex 127.462 -28.1401 3.9
    endloop
  endfacet
  facet normal 0 0 -1
    outer loop
      vertex 114.736 -42.4998 3.9
      vertex 126.564 -42.4998 3.9
      vertex 114.854 -42.8803 3.9
    endloop
  endfacet
  facet normal 0 0 -1
    outer loop
      vertex 126.564 -42.4998 3.9
      vertex 114.736 -42.4998 3.9
      vertex 126.728 -42.1364 3.9
    endloop
  endfacet
  facet normal 0 0 -1
    outer loop
      vertex 126.446 -42.8803 3.9
      vertex 114.854 -42.8803 3.9
      vertex 126.564 -42.4998 3.9
    endloop
  endfacet
  facet normal 0 0 -1
    outer loop
      vertex 114.572 -42.1364 3.9
      vertex 126.728 -42.1364 3.9
      vertex 114.736 -42.4998 3.9
    endloop
  endfacet
  facet normal 0 0 -1
    outer loop
      vertex 114.854 -42.8803 3.9
      vertex 126.446 -42.8803 3.9
      vertex 114.926 -43.2722 3.9
    endloop
  endfacet
  facet normal 0 0 -1
    outer loop
      vertex 127.18 -27.8583 3.9
      vertex 114.95 -25.67 3.9
      vertex 126.934 -27.5446 3.9
    endloop
  endfacet
  facet normal 0 0 -1
    outer loop
      vertex 126.374 -43.2722 3.9
      vertex 114.926 -43.2722 3.9
      vertex 126.446 -42.8803 3.9
    endloop
  endfacet
  facet normal 0 0 -1
    outer loop
      vertex 126.934 -27.5446 3.9
      vertex 114.95 -25.67 3.9
      vertex 126.728 -27.2036 3.9
    endloop
  endfacet
  facet normal 0 0 -1
    outer loop
      vertex 114.926 -43.2722 3.9
      vertex 126.374 -43.2722 3.9
      vertex 114.95 -43.67 3.9
    endloop
  endfacet
  facet normal 0 0 -1
    outer loop
      vertex 126.728 -27.2036 3.9
      vertex 114.95 -25.67 3.9
      vertex 126.564 -26.8402 3.9
    endloop
  endfacet
  facet normal 0 0 -1
    outer loop
      vertex 114.95 -43.67 3.9
      vertex 126.374 -43.2722 3.9
      vertex 126.35 -43.67 3.9
    endloop
  endfacet
  facet normal 0 0 -1
    outer loop
      vertex 126.564 -26.8402 3.9
      vertex 114.95 -25.67 3.9
      vertex 126.446 -26.4597 3.9
    endloop
  endfacet
  facet normal -0 0 -1
    outer loop
      vertex 146.116 -46.592 3.9
      vertex 132.572 -60.1364 3.9
      vertex 145.775 -46.3858 3.9
    endloop
  endfacet
  facet normal 0 0 -1
    outer loop
      vertex 145.18 -45.8583 3.9
      vertex 132.926 -44.0678 3.9
      vertex 132.95 -43.67 3.9
    endloop
  endfacet
  facet normal 0 0 -1
    outer loop
      vertex 132.366 -59.7954 3.9
      vertex 145.775 -46.3858 3.9
      vertex 132.572 -60.1364 3.9
    endloop
  endfacet
  facet normal 0 0 -1
    outer loop
      vertex 145.18 -45.8583 3.9
      vertex 132.854 -44.4597 3.9
      vertex 132.926 -44.0678 3.9
    endloop
  endfacet
  facet normal -0 0 -1
    outer loop
      vertex 145.775 -46.3858 3.9
      vertex 132.366 -59.7954 3.9
      vertex 145.462 -46.1401 3.9
    endloop
  endfacet
  facet normal 0 0 -1
    outer loop
      vertex 145.18 -45.8583 3.9
      vertex 132.736 -44.8402 3.9
      vertex 132.854 -44.4597 3.9
    endloop
  endfacet
  facet normal 0 0 -1
    outer loop
      vertex 132.12 -59.4817 3.9
      vertex 145.462 -46.1401 3.9
      vertex 132.366 -59.7954 3.9
    endloop
  endfacet
  facet normal 0 0 -1
    outer loop
      vertex 145.18 -45.8583 3.9
      vertex 132.572 -45.2036 3.9
      vertex 132.736 -44.8402 3.9
    endloop
  endfacet
  facet normal -0 0 -1
    outer loop
      vertex 145.462 -46.1401 3.9
      vertex 132.12 -59.4817 3.9
      vertex 145.18 -45.8583 3.9
    endloop
  endfacet
  facet normal 0 0 -1
    outer loop
      vertex 145.18 -45.8583 3.9
      vertex 132.366 -45.5446 3.9
      vertex 132.572 -45.2036 3.9
    endloop
  endfacet
  facet normal 0 0 -1
    outer loop
      vertex 132.12 -45.8583 3.9
      vertex 145.18 -45.8583 3.9
      vertex 132.12 -59.4817 3.9
    endloop
  endfacet
  facet normal 0 0 -1
    outer loop
      vertex 145.18 -45.8583 3.9
      vertex 132.12 -45.8583 3.9
      vertex 132.366 -45.5446 3.9
    endloop
  endfacet
  facet normal 0 0 -1
    outer loop
      vertex 131.838 -59.1999 3.9
      vertex 132.12 -45.8583 3.9
      vertex 132.12 -59.4817 3.9
    endloop
  endfacet
  facet normal 0 0 -1
    outer loop
      vertex 131.838 -59.1999 3.9
      vertex 131.838 -46.1401 3.9
      vertex 132.12 -45.8583 3.9
    endloop
  endfacet
  facet normal 0 0 -1
    outer loop
      vertex 131.525 -58.9542 3.9
      vertex 131.838 -46.1401 3.9
      vertex 131.838 -59.1999 3.9
    endloop
  endfacet
  facet normal 0 0 -1
    outer loop
      vertex 131.525 -58.9542 3.9
      vertex 131.525 -46.3858 3.9
      vertex 131.838 -46.1401 3.9
    endloop
  endfacet
  facet normal 0 0 -1
    outer loop
      vertex 131.184 -58.748 3.9
      vertex 131.525 -46.3858 3.9
      vertex 131.525 -58.9542 3.9
    endloop
  endfacet
  facet normal 0 0 -1
    outer loop
      vertex 131.184 -58.748 3.9
      vertex 131.184 -46.592 3.9
      vertex 131.525 -46.3858 3.9
    endloop
  endfacet
  facet normal 0 0 -1
    outer loop
      vertex 130.82 -58.5844 3.9
      vertex 131.184 -46.592 3.9
      vertex 131.184 -58.748 3.9
    endloop
  endfacet
  facet normal 0 0 -1
    outer loop
      vertex 130.82 -58.5844 3.9
      vertex 130.82 -46.7556 3.9
      vertex 131.184 -46.592 3.9
    endloop
  endfacet
  facet normal 0 0 -1
    outer loop
      vertex 130.44 -58.4659 3.9
      vertex 130.82 -46.7556 3.9
      vertex 130.82 -58.5844 3.9
    endloop
  endfacet
  facet normal 0 0 -1
    outer loop
      vertex 130.44 -58.4659 3.9
      vertex 130.44 -46.8741 3.9
      vertex 130.82 -46.7556 3.9
    endloop
  endfacet
  facet normal 0 0 -1
    outer loop
      vertex 130.048 -58.3941 3.9
      vertex 130.44 -46.8741 3.9
      vertex 130.44 -58.4659 3.9
    endloop
  endfacet
  facet normal 0 0 -1
    outer loop
      vertex 130.048 -58.3941 3.9
      vertex 130.048 -46.9459 3.9
      vertex 130.44 -46.8741 3.9
    endloop
  endfacet
  facet normal 0 0 -1
    outer loop
      vertex 129.65 -58.37 3.9
      vertex 130.048 -46.9459 3.9
      vertex 130.048 -58.3941 3.9
    endloop
  endfacet
  facet normal 0 0 -1
    outer loop
      vertex 129.65 -58.37 3.9
      vertex 129.65 -46.97 3.9
      vertex 130.048 -46.9459 3.9
    endloop
  endfacet
  facet normal 0 0 -1
    outer loop
      vertex 129.252 -58.3941 3.9
      vertex 129.65 -46.97 3.9
      vertex 129.65 -58.37 3.9
    endloop
  endfacet
  facet normal 0 0 -1
    outer loop
      vertex 129.252 -58.3941 3.9
      vertex 129.252 -46.9459 3.9
      vertex 129.65 -46.97 3.9
    endloop
  endfacet
  facet normal 0 0 -1
    outer loop
      vertex 128.86 -58.4659 3.9
      vertex 129.252 -46.9459 3.9
      vertex 129.252 -58.3941 3.9
    endloop
  endfacet
  facet normal 0 0 -1
    outer loop
      vertex 128.86 -58.4659 3.9
      vertex 128.86 -46.8741 3.9
      vertex 129.252 -46.9459 3.9
    endloop
  endfacet
  facet normal 0 0 -1
    outer loop
      vertex 128.48 -58.5844 3.9
      vertex 128.86 -46.8741 3.9
      vertex 128.86 -58.4659 3.9
    endloop
  endfacet
  facet normal 0 0 -1
    outer loop
      vertex 128.48 -58.5844 3.9
      vertex 128.48 -46.7556 3.9
      vertex 128.86 -46.8741 3.9
    endloop
  endfacet
  facet normal 0 0 -1
    outer loop
      vertex 128.116 -58.748 3.9
      vertex 128.48 -46.7556 3.9
      vertex 128.48 -58.5844 3.9
    endloop
  endfacet
  facet normal 0 0 -1
    outer loop
      vertex 128.116 -58.748 3.9
      vertex 128.116 -46.592 3.9
      vertex 128.48 -46.7556 3.9
    endloop
  endfacet
  facet normal 0 0 -1
    outer loop
      vertex 127.775 -58.9542 3.9
      vertex 128.116 -46.592 3.9
      vertex 128.116 -58.748 3.9
    endloop
  endfacet
  facet normal 0 0 -1
    outer loop
      vertex 127.775 -58.9542 3.9
      vertex 127.775 -46.3858 3.9
      vertex 128.116 -46.592 3.9
    endloop
  endfacet
  facet normal 0 0 -1
    outer loop
      vertex 127.462 -59.1999 3.9
      vertex 127.775 -46.3858 3.9
      vertex 127.775 -58.9542 3.9
    endloop
  endfacet
  facet normal 0 0 -1
    outer loop
      vertex 127.462 -59.1999 3.9
      vertex 127.462 -46.1401 3.9
      vertex 127.775 -46.3858 3.9
    endloop
  endfacet
  facet normal 0 0 -1
    outer loop
      vertex 127.18 -59.4817 3.9
      vertex 127.462 -46.1401 3.9
      vertex 127.462 -59.1999 3.9
    endloop
  endfacet
  facet normal 0 0 -1
    outer loop
      vertex 127.18 -59.4817 3.9
      vertex 127.18 -45.8583 3.9
      vertex 127.462 -46.1401 3.9
    endloop
  endfacet
  facet normal 0 0 -1
    outer loop
      vertex 114.736 -60.4998 3.9
      vertex 126.564 -60.4998 3.9
      vertex 114.854 -60.8803 3.9
    endloop
  endfacet
  facet normal 0 0 -1
    outer loop
      vertex 126.564 -60.4998 3.9
      vertex 114.736 -60.4998 3.9
      vertex 126.728 -60.1364 3.9
    endloop
  endfacet
  facet normal 0 0 -1
    outer loop
      vertex 126.446 -60.8803 3.9
      vertex 114.854 -60.8803 3.9
      vertex 126.564 -60.4998 3.9
    endloop
  endfacet
  facet normal 0 0 -1
    outer loop
      vertex 114.572 -60.1364 3.9
      vertex 126.728 -60.1364 3.9
      vertex 114.736 -60.4998 3.9
    endloop
  endfacet
  facet normal 0 0 -1
    outer loop
      vertex 114.854 -60.8803 3.9
      vertex 126.446 -60.8803 3.9
      vertex 114.926 -61.2722 3.9
    endloop
  endfacet
  facet normal 0 0 -1
    outer loop
      vertex 127.18 -45.8583 3.9
      vertex 114.95 -43.67 3.9
      vertex 126.934 -45.5446 3.9
    endloop
  endfacet
  facet normal 0 0 -1
    outer loop
      vertex 126.374 -61.2722 3.9
      vertex 114.926 -61.2722 3.9
      vertex 126.446 -60.8803 3.9
    endloop
  endfacet
  facet normal 0 0 -1
    outer loop
      vertex 126.934 -45.5446 3.9
      vertex 114.95 -43.67 3.9
      vertex 126.728 -45.2036 3.9
    endloop
  endfacet
  facet normal 0 0 -1
    outer loop
      vertex 114.926 -61.2722 3.9
      vertex 126.374 -61.2722 3.9
      vertex 114.95 -61.67 3.9
    endloop
  endfacet
  facet normal 0 0 -1
    outer loop
      vertex 126.728 -45.2036 3.9
      vertex 114.95 -43.67 3.9
      vertex 126.564 -44.8402 3.9
    endloop
  endfacet
  facet normal 0 0 -1
    outer loop
      vertex 114.95 -61.67 3.9
      vertex 126.374 -61.2722 3.9
      vertex 126.35 -61.67 3.9
    endloop
  endfacet
  facet normal 0 0 -1
    outer loop
      vertex 126.564 -44.8402 3.9
      vertex 114.95 -43.67 3.9
      vertex 126.446 -44.4597 3.9
    endloop
  endfacet
  facet normal 0 0 -1
    outer loop
      vertex 162.728 -42.1364 3.9
      vertex 150.572 -42.1364 3.9
      vertex 162.934 -41.7954 3.9
    endloop
  endfacet
  facet normal 0 0 -1
    outer loop
      vertex 163.18 -27.8583 3.9
      vertex 150.926 -26.0678 3.9
      vertex 150.95 -25.67 3.9
    endloop
  endfacet
  facet normal 0 0 -1
    outer loop
      vertex 150.366 -41.7954 3.9
      vertex 162.934 -41.7954 3.9
      vertex 150.572 -42.1364 3.9
    endloop
  endfacet
  facet normal 0 0 -1
    outer loop
      vertex 163.18 -27.8583 3.9
      vertex 150.854 -26.4597 3.9
      vertex 150.926 -26.0678 3.9
    endloop
  endfacet
  facet normal 0 0 -1
    outer loop
      vertex 162.934 -41.7954 3.9
      vertex 150.366 -41.7954 3.9
      vertex 163.18 -41.4817 3.9
    endloop
  endfacet
  facet normal 0 0 -1
    outer loop
      vertex 163.18 -27.8583 3.9
      vertex 150.736 -26.8402 3.9
      vertex 150.854 -26.4597 3.9
    endloop
  endfacet
  facet normal 0 0 -1
    outer loop
      vertex 150.12 -41.4817 3.9
      vertex 163.18 -41.4817 3.9
      vertex 150.366 -41.7954 3.9
    endloop
  endfacet
  facet normal 0 0 -1
    outer loop
      vertex 163.18 -27.8583 3.9
      vertex 150.572 -27.2036 3.9
      vertex 150.736 -26.8402 3.9
    endloop
  endfacet
  facet normal 0 0 -1
    outer loop
      vertex 163.18 -41.4817 3.9
      vertex 150.12 -41.4817 3.9
      vertex 163.18 -27.8583 3.9
    endloop
  endfacet
  facet normal 0 0 -1
    outer loop
      vertex 163.18 -27.8583 3.9
      vertex 150.366 -27.5446 3.9
      vertex 150.572 -27.2036 3.9
    endloop
  endfacet
  facet normal 0 0 -1
    outer loop
      vertex 150.12 -27.8583 3.9
      vertex 163.18 -27.8583 3.9
      vertex 150.12 -41.4817 3.9
    endloop
  endfacet
  facet normal 0 0 -1
    outer loop
      vertex 163.18 -27.8583 3.9
      vertex 150.12 -27.8583 3.9
      vertex 150.366 -27.5446 3.9
    endloop
  endfacet
  facet normal 0 0 -1
    outer loop
      vertex 149.838 -41.1999 3.9
      vertex 150.12 -27.8583 3.9
      vertex 150.12 -41.4817 3.9
    endloop
  endfacet
  facet normal 0 0 -1
    outer loop
      vertex 149.838 -41.1999 3.9
      vertex 149.838 -28.1401 3.9
      vertex 150.12 -27.8583 3.9
    endloop
  endfacet
  facet normal 0 0 -1
    outer loop
      vertex 149.525 -40.9542 3.9
      vertex 149.838 -28.1401 3.9
      vertex 149.838 -41.1999 3.9
    endloop
  endfacet
  facet normal 0 0 -1
    outer loop
      vertex 149.525 -40.9542 3.9
      vertex 149.525 -28.3858 3.9
      vertex 149.838 -28.1401 3.9
    endloop
  endfacet
  facet normal 0 0 -1
    outer loop
      vertex 149.184 -40.748 3.9
      vertex 149.525 -28.3858 3.9
      vertex 149.525 -40.9542 3.9
    endloop
  endfacet
  facet normal 0 0 -1
    outer loop
      vertex 149.184 -40.748 3.9
      vertex 149.184 -28.592 3.9
      vertex 149.525 -28.3858 3.9
    endloop
  endfacet
  facet normal 0 0 -1
    outer loop
      vertex 148.82 -40.5844 3.9
      vertex 149.184 -28.592 3.9
      vertex 149.184 -40.748 3.9
    endloop
  endfacet
  facet normal 0 0 -1
    outer loop
      vertex 148.82 -40.5844 3.9
      vertex 148.82 -28.7556 3.9
      vertex 149.184 -28.592 3.9
    endloop
  endfacet
  facet normal 0 0 -1
    outer loop
      vertex 148.44 -40.4659 3.9
      vertex 148.82 -28.7556 3.9
      vertex 148.82 -40.5844 3.9
    endloop
  endfacet
  facet normal 0 0 -1
    outer loop
      vertex 148.44 -40.4659 3.9
      vertex 148.44 -28.8741 3.9
      vertex 148.82 -28.7556 3.9
    endloop
  endfacet
  facet normal 0 0 -1
    outer loop
      vertex 148.048 -40.3941 3.9
      vertex 148.44 -28.8741 3.9
      vertex 148.44 -40.4659 3.9
    endloop
  endfacet
  facet normal 0 0 -1
    outer loop
      vertex 148.048 -40.3941 3.9
      vertex 148.048 -28.9459 3.9
      vertex 148.44 -28.8741 3.9
    endloop
  endfacet
  facet normal 0 0 -1
    outer loop
      vertex 147.65 -40.37 3.9
      vertex 148.048 -28.9459 3.9
      vertex 148.048 -40.3941 3.9
    endloop
  endfacet
  facet normal 0 0 -1
    outer loop
      vertex 147.65 -40.37 3.9
      vertex 147.65 -28.97 3.9
      vertex 148.048 -28.9459 3.9
    endloop
  endfacet
  facet normal 0 0 -1
    outer loop
      vertex 147.252 -40.3941 3.9
      vertex 147.65 -28.97 3.9
      vertex 147.65 -40.37 3.9
    endloop
  endfacet
  facet normal 0 0 -1
    outer loop
      vertex 147.252 -40.3941 3.9
      vertex 147.252 -28.9459 3.9
      vertex 147.65 -28.97 3.9
    endloop
  endfacet
  facet normal 0 0 -1
    outer loop
      vertex 146.86 -40.4659 3.9
      vertex 147.252 -28.9459 3.9
      vertex 147.252 -40.3941 3.9
    endloop
  endfacet
  facet normal 0 0 -1
    outer loop
      vertex 146.86 -40.4659 3.9
      vertex 146.86 -28.8741 3.9
      vertex 147.252 -28.9459 3.9
    endloop
  endfacet
  facet normal 0 0 -1
    outer loop
      vertex 146.48 -40.5844 3.9
      vertex 146.86 -28.8741 3.9
      vertex 146.86 -40.4659 3.9
    endloop
  endfacet
  facet normal 0 0 -1
    outer loop
      vertex 146.48 -40.5844 3.9
      vertex 146.48 -28.7556 3.9
      vertex 146.86 -28.8741 3.9
    endloop
  endfacet
  facet normal 0 0 -1
    outer loop
      vertex 146.116 -40.748 3.9
      vertex 146.48 -28.7556 3.9
      vertex 146.48 -40.5844 3.9
    endloop
  endfacet
  facet normal 0 0 -1
    outer loop
      vertex 146.116 -40.748 3.9
      vertex 146.116 -28.592 3.9
      vertex 146.48 -28.7556 3.9
    endloop
  endfacet
  facet normal 0 0 -1
    outer loop
      vertex 145.775 -40.9542 3.9
      vertex 146.116 -28.592 3.9
      vertex 146.116 -40.748 3.9
    endloop
  endfacet
  facet normal 0 0 -1
    outer loop
      vertex 145.775 -40.9542 3.9
      vertex 145.775 -28.3858 3.9
      vertex 146.116 -28.592 3.9
    endloop
  endfacet
  facet normal 0 0 -1
    outer loop
      vertex 145.462 -41.1999 3.9
      vertex 145.775 -28.3858 3.9
      vertex 145.775 -40.9542 3.9
    endloop
  endfacet
  facet normal 0 0 -1
    outer loop
      vertex 145.462 -41.1999 3.9
      vertex 145.462 -28.1401 3.9
      vertex 145.775 -28.3858 3.9
    endloop
  endfacet
  facet normal 0 0 -1
    outer loop
      vertex 145.18 -41.4817 3.9
      vertex 145.462 -28.1401 3.9
      vertex 145.462 -41.1999 3.9
    endloop
  endfacet
  facet normal 0 0 -1
    outer loop
      vertex 145.18 -41.4817 3.9
      vertex 145.18 -27.8583 3.9
      vertex 145.462 -28.1401 3.9
    endloop
  endfacet
  facet normal 0 0 -1
    outer loop
      vertex 132.736 -42.4998 3.9
      vertex 144.564 -42.4998 3.9
      vertex 132.854 -42.8803 3.9
    endloop
  endfacet
  facet normal 0 0 -1
    outer loop
      vertex 144.564 -42.4998 3.9
      vertex 132.736 -42.4998 3.9
      vertex 144.728 -42.1364 3.9
    endloop
  endfacet
  facet normal 0 0 -1
    outer loop
      vertex 144.446 -42.8803 3.9
      vertex 132.854 -42.8803 3.9
      vertex 144.564 -42.4998 3.9
    endloop
  endfacet
  facet normal 0 0 -1
    outer loop
      vertex 132.572 -42.1364 3.9
      vertex 144.728 -42.1364 3.9
      vertex 132.736 -42.4998 3.9
    endloop
  endfacet
  facet normal 0 0 -1
    outer loop
      vertex 132.854 -42.8803 3.9
      vertex 144.446 -42.8803 3.9
      vertex 132.926 -43.2722 3.9
    endloop
  endfacet
  facet normal 0 0 -1
    outer loop
      vertex 145.18 -27.8583 3.9
      vertex 132.95 -25.67 3.9
      vertex 144.934 -27.5446 3.9
    endloop
  endfacet
  facet normal 0 0 -1
    outer loop
      vertex 144.374 -43.2722 3.9
      vertex 132.926 -43.2722 3.9
      vertex 144.446 -42.8803 3.9
    endloop
  endfacet
  facet normal 0 0 -1
    outer loop
      vertex 144.934 -27.5446 3.9
      vertex 132.95 -25.67 3.9
      vertex 144.728 -27.2036 3.9
    endloop
  endfacet
  facet normal 0 0 -1
    outer loop
      vertex 132.926 -43.2722 3.9
      vertex 144.374 -43.2722 3.9
      vertex 132.95 -43.67 3.9
    endloop
  endfacet
  facet normal 0 0 -1
    outer loop
      vertex 144.728 -27.2036 3.9
      vertex 132.95 -25.67 3.9
      vertex 144.564 -26.8402 3.9
    endloop
  endfacet
  facet normal 0 0 -1
    outer loop
      vertex 132.95 -43.67 3.9
      vertex 144.374 -43.2722 3.9
      vertex 144.35 -43.67 3.9
    endloop
  endfacet
  facet normal 0 0 -1
    outer loop
      vertex 144.564 -26.8402 3.9
      vertex 132.95 -25.67 3.9
      vertex 144.446 -26.4597 3.9
    endloop
  endfacet
  facet normal 0 0 -1
    outer loop
      vertex 168.736 -42.4998 3.9
      vertex 176.937 -20.3579 3.9
      vertex 168.854 -42.8803 3.9
    endloop
  endfacet
  facet normal 0 0 -1
    outer loop
      vertex 176.585 -20.5428 3.9
      vertex 168.926 -26.0678 3.9
      vertex 168.95 -25.67 3.9
    endloop
  endfacet
  facet normal 0 0 -1
    outer loop
      vertex 176.937 -20.3579 3.9
      vertex 168.736 -42.4998 3.9
      vertex 176.585 -20.5428 3.9
    endloop
  endfacet
  facet normal 0 0 -1
    outer loop
      vertex 176.585 -20.5428 3.9
      vertex 168.854 -26.4597 3.9
      vertex 168.926 -26.0678 3.9
    endloop
  endfacet
  facet normal 0 0 -1
    outer loop
      vertex 168.572 -42.1364 3.9
      vertex 176.585 -20.5428 3.9
      vertex 168.736 -42.4998 3.9
    endloop
  endfacet
  facet normal 0 0 -1
    outer loop
      vertex 176.585 -20.5428 3.9
      vertex 168.736 -26.8402 3.9
      vertex 168.854 -26.4597 3.9
    endloop
  endfacet
  facet normal 0 0 -1
    outer loop
      vertex 168.572 -27.2036 3.9
      vertex 176.585 -20.5428 3.9
      vertex 168.572 -42.1364 3.9
    endloop
  endfacet
  facet normal 0 0 -1
    outer loop
      vertex 176.585 -20.5428 3.9
      vertex 168.572 -27.2036 3.9
      vertex 168.736 -26.8402 3.9
    endloop
  endfacet
  facet normal 0 0 -1
    outer loop
      vertex 168.366 -41.7954 3.9
      vertex 168.572 -27.2036 3.9
      vertex 168.572 -42.1364 3.9
    endloop
  endfacet
  facet normal 0 0 -1
    outer loop
      vertex 168.366 -41.7954 3.9
      vertex 168.366 -27.5446 3.9
      vertex 168.572 -27.2036 3.9
    endloop
  endfacet
  facet normal 0 0 -1
    outer loop
      vertex 168.12 -41.4817 3.9
      vertex 168.366 -27.5446 3.9
      vertex 168.366 -41.7954 3.9
    endloop
  endfacet
  facet normal 0 0 -1
    outer loop
      vertex 168.12 -41.4817 3.9
      vertex 168.12 -27.8583 3.9
      vertex 168.366 -27.5446 3.9
    endloop
  endfacet
  facet normal 0 0 -1
    outer loop
      vertex 167.838 -41.1999 3.9
      vertex 168.12 -27.8583 3.9
      vertex 168.12 -41.4817 3.9
    endloop
  endfacet
  facet normal 0 0 -1
    outer loop
      vertex 167.838 -41.1999 3.9
      vertex 167.838 -28.1401 3.9
      vertex 168.12 -27.8583 3.9
    endloop
  endfacet
  facet normal 0 0 -1
    outer loop
      vertex 167.525 -40.9542 3.9
      vertex 167.838 -28.1401 3.9
      vertex 167.838 -41.1999 3.9
    endloop
  endfacet
  facet normal 0 0 -1
    outer loop
      vertex 167.525 -40.9542 3.9
      vertex 167.525 -28.3858 3.9
      vertex 167.838 -28.1401 3.9
    endloop
  endfacet
  facet normal 0 0 -1
    outer loop
      vertex 167.184 -40.748 3.9
      vertex 167.525 -28.3858 3.9
      vertex 167.525 -40.9542 3.9
    endloop
  endfacet
  facet normal 0 0 -1
    outer loop
      vertex 167.184 -40.748 3.9
      vertex 167.184 -28.592 3.9
      vertex 167.525 -28.3858 3.9
    endloop
  endfacet
  facet normal 0 0 -1
    outer loop
      vertex 166.82 -40.5844 3.9
      vertex 167.184 -28.592 3.9
      vertex 167.184 -40.748 3.9
    endloop
  endfacet
  facet normal 0 0 -1
    outer loop
      vertex 166.82 -40.5844 3.9
      vertex 166.82 -28.7556 3.9
      vertex 167.184 -28.592 3.9
    endloop
  endfacet
  facet normal 0 0 -1
    outer loop
      vertex 166.44 -40.4659 3.9
      vertex 166.82 -28.7556 3.9
      vertex 166.82 -40.5844 3.9
    endloop
  endfacet
  facet normal 0 0 -1
    outer loop
      vertex 166.44 -40.4659 3.9
      vertex 166.44 -28.8741 3.9
      vertex 166.82 -28.7556 3.9
    endloop
  endfacet
  facet normal 0 0 -1
    outer loop
      vertex 166.048 -40.3941 3.9
      vertex 166.44 -28.8741 3.9
      vertex 166.44 -40.4659 3.9
    endloop
  endfacet
  facet normal 0 0 -1
    outer loop
      vertex 166.048 -40.3941 3.9
      vertex 166.048 -28.9459 3.9
      vertex 166.44 -28.8741 3.9
    endloop
  endfacet
  facet normal 0 0 -1
    outer loop
      vertex 165.65 -40.37 3.9
      vertex 166.048 -28.9459 3.9
      vertex 166.048 -40.3941 3.9
    endloop
  endfacet
  facet normal 0 0 -1
    outer loop
      vertex 165.65 -40.37 3.9
      vertex 165.65 -28.97 3.9
      vertex 166.048 -28.9459 3.9
    endloop
  endfacet
  facet normal 0 0 -1
    outer loop
      vertex 165.252 -40.3941 3.9
      vertex 165.65 -28.97 3.9
      vertex 165.65 -40.37 3.9
    endloop
  endfacet
  facet normal 0 0 -1
    outer loop
      vertex 165.252 -40.3941 3.9
      vertex 165.252 -28.9459 3.9
      vertex 165.65 -28.97 3.9
    endloop
  endfacet
  facet normal 0 0 -1
    outer loop
      vertex 164.86 -40.4659 3.9
      vertex 165.252 -28.9459 3.9
      vertex 165.252 -40.3941 3.9
    endloop
  endfacet
  facet normal 0 0 -1
    outer loop
      vertex 164.86 -40.4659 3.9
      vertex 164.86 -28.8741 3.9
      vertex 165.252 -28.9459 3.9
    endloop
  endfacet
  facet normal 0 0 -1
    outer loop
      vertex 164.48 -40.5844 3.9
      vertex 164.86 -28.8741 3.9
      vertex 164.86 -40.4659 3.9
    endloop
  endfacet
  facet normal 0 0 -1
    outer loop
      vertex 164.48 -40.5844 3.9
      vertex 164.48 -28.7556 3.9
      vertex 164.86 -28.8741 3.9
    endloop
  endfacet
  facet normal 0 0 -1
    outer loop
      vertex 164.116 -40.748 3.9
      vertex 164.48 -28.7556 3.9
      vertex 164.48 -40.5844 3.9
    endloop
  endfacet
  facet normal 0 0 -1
    outer loop
      vertex 164.116 -40.748 3.9
      vertex 164.116 -28.592 3.9
      vertex 164.48 -28.7556 3.9
    endloop
  endfacet
  facet normal 0 0 -1
    outer loop
      vertex 163.775 -40.9542 3.9
      vertex 164.116 -28.592 3.9
      vertex 164.116 -40.748 3.9
    endloop
  endfacet
  facet normal 0 0 -1
    outer loop
      vertex 163.775 -40.9542 3.9
      vertex 163.775 -28.3858 3.9
      vertex 164.116 -28.592 3.9
    endloop
  endfacet
  facet normal 0 0 -1
    outer loop
      vertex 163.462 -41.1999 3.9
      vertex 163.775 -28.3858 3.9
      vertex 163.775 -40.9542 3.9
    endloop
  endfacet
  facet normal 0 0 -1
    outer loop
      vertex 163.462 -41.1999 3.9
      vertex 163.462 -28.1401 3.9
      vertex 163.775 -28.3858 3.9
    endloop
  endfacet
  facet normal 0 0 -1
    outer loop
      vertex 163.18 -41.4817 3.9
      vertex 163.462 -28.1401 3.9
      vertex 163.462 -41.1999 3.9
    endloop
  endfacet
  facet normal 0 0 -1
    outer loop
      vertex 163.18 -41.4817 3.9
      vertex 163.18 -27.8583 3.9
      vertex 163.462 -28.1401 3.9
    endloop
  endfacet
  facet normal 0 0 -1
    outer loop
      vertex 150.736 -42.4998 3.9
      vertex 162.564 -42.4998 3.9
      vertex 150.854 -42.8803 3.9
    endloop
  endfacet
  facet normal 0 0 -1
    outer loop
      vertex 162.564 -42.4998 3.9
      vertex 150.736 -42.4998 3.9
      vertex 162.728 -42.1364 3.9
    endloop
  endfacet
  facet normal 0 0 -1
    outer loop
      vertex 162.446 -42.8803 3.9
      vertex 150.854 -42.8803 3.9
      vertex 162.564 -42.4998 3.9
    endloop
  endfacet
  facet normal 0 0 -1
    outer loop
      vertex 150.572 -42.1364 3.9
      vertex 162.728 -42.1364 3.9
      vertex 150.736 -42.4998 3.9
    endloop
  endfacet
  facet normal 0 0 -1
    outer loop
      vertex 150.854 -42.8803 3.9
      vertex 162.446 -42.8803 3.9
      vertex 150.926 -43.2722 3.9
    endloop
  endfacet
  facet normal 0 0 -1
    outer loop
      vertex 163.18 -27.8583 3.9
      vertex 150.95 -25.67 3.9
      vertex 162.934 -27.5446 3.9
    endloop
  endfacet
  facet normal 0 0 -1
    outer loop
      vertex 162.374 -43.2722 3.9
      vertex 150.926 -43.2722 3.9
      vertex 162.446 -42.8803 3.9
    endloop
  endfacet
  facet normal 0 0 -1
    outer loop
      vertex 162.934 -27.5446 3.9
      vertex 150.95 -25.67 3.9
      vertex 162.728 -27.2036 3.9
    endloop
  endfacet
  facet normal 0 0 -1
    outer loop
      vertex 150.926 -43.2722 3.9
      vertex 162.374 -43.2722 3.9
      vertex 150.95 -43.67 3.9
    endloop
  endfacet
  facet normal 0 0 -1
    outer loop
      vertex 162.728 -27.2036 3.9
      vertex 150.95 -25.67 3.9
      vertex 162.564 -26.8402 3.9
    endloop
  endfacet
  facet normal 0 0 -1
    outer loop
      vertex 150.95 -43.67 3.9
      vertex 162.374 -43.2722 3.9
      vertex 162.35 -43.67 3.9
    endloop
  endfacet
  facet normal 0 0 -1
    outer loop
      vertex 162.564 -26.8402 3.9
      vertex 150.95 -25.67 3.9
      vertex 162.446 -26.4597 3.9
    endloop
  endfacet
  facet normal 0 0 -1
    outer loop
      vertex 185 -12 3.9
      vertex 177.602 -19.3949 3.9
      vertex 177.65 -19 3.9
    endloop
  endfacet
  facet normal 0 0 -1
    outer loop
      vertex 185 -12 3.9
      vertex 177.461 -19.7668 3.9
      vertex 177.602 -19.3949 3.9
    endloop
  endfacet
  facet normal 0 0 -1
    outer loop
      vertex 185 -12 3.9
      vertex 177.235 -20.0942 3.9
      vertex 177.461 -19.7668 3.9
    endloop
  endfacet
  facet normal 0 0 -1
    outer loop
      vertex 168.95 -43.67 3.9
      vertex 177.235 -20.0942 3.9
      vertex 183 -72 3.9
    endloop
  endfacet
  facet normal 0 0 -1
    outer loop
      vertex 168.926 -43.2722 3.9
      vertex 177.235 -20.0942 3.9
      vertex 168.95 -43.67 3.9
    endloop
  endfacet
  facet normal 0 0 -1
    outer loop
      vertex 177.235 -20.0942 3.9
      vertex 168.926 -43.2722 3.9
      vertex 176.937 -20.3579 3.9
    endloop
  endfacet
  facet normal 0 0 -1
    outer loop
      vertex 168.854 -42.8803 3.9
      vertex 176.937 -20.3579 3.9
      vertex 168.926 -43.2722 3.9
    endloop
  endfacet
  facet normal 0 0 -1
    outer loop
      vertex 176.585 -20.5428 3.9
      vertex 168.95 -25.67 3.9
      vertex 176.199 -20.638 3.9
    endloop
  endfacet
  facet normal -0 0 -1
    outer loop
      vertex 176.199 -20.638 3.9
      vertex 168.95 -25.67 3.9
      vertex 175.801 -20.638 3.9
    endloop
  endfacet
  facet normal -0 0 -1
    outer loop
      vertex 175.801 -20.638 3.9
      vertex 168.95 -25.67 3.9
      vertex 175.415 -20.5428 3.9
    endloop
  endfacet
  facet normal 0 0 -1
    outer loop
      vertex 168.926 -25.2722 3.9
      vertex 175.415 -20.5428 3.9
      vertex 168.95 -25.67 3.9
    endloop
  endfacet
  facet normal -0 0 -1
    outer loop
      vertex 175.415 -20.5428 3.9
      vertex 168.926 -25.2722 3.9
      vertex 175.063 -20.3579 3.9
    endloop
  endfacet
  facet normal 0 0 -1
    outer loop
      vertex 168.736 -24.4998 3.9
      vertex 175.063 -20.3579 3.9
      vertex 168.854 -24.8803 3.9
    endloop
  endfacet
  facet normal 0 0 -1
    outer loop
      vertex 168.854 -24.8803 3.9
      vertex 175.063 -20.3579 3.9
      vertex 168.926 -25.2722 3.9
    endloop
  endfacet
  facet normal 0 0 -1
    outer loop
      vertex 183 -72 3.9
      vertex 168.926 -44.0678 3.9
      vertex 168.95 -43.67 3.9
    endloop
  endfacet
  facet normal 0 0 -1
    outer loop
      vertex 183 -72 3.9
      vertex 168.854 -44.4597 3.9
      vertex 168.926 -44.0678 3.9
    endloop
  endfacet
  facet normal 0 0 -1
    outer loop
      vertex 183 -72 3.9
      vertex 168.736 -44.8402 3.9
      vertex 168.854 -44.4597 3.9
    endloop
  endfacet
  facet normal 0 0 -1
    outer loop
      vertex 183 -72 3.9
      vertex 168.572 -45.2036 3.9
      vertex 168.736 -44.8402 3.9
    endloop
  endfacet
  facet normal 0 0 -1
    outer loop
      vertex 183 -72 3.9
      vertex 168.366 -45.5446 3.9
      vertex 168.572 -45.2036 3.9
    endloop
  endfacet
  facet normal 0 0 -1
    outer loop
      vertex 183 -72 3.9
      vertex 168.12 -45.8583 3.9
      vertex 168.366 -45.5446 3.9
    endloop
  endfacet
  facet normal 0 0 -1
    outer loop
      vertex 183 -72 3.9
      vertex 167.838 -46.1401 3.9
      vertex 168.12 -45.8583 3.9
    endloop
  endfacet
  facet normal 0 0 -1
    outer loop
      vertex 183 -72 3.9
      vertex 167.525 -46.3858 3.9
      vertex 167.838 -46.1401 3.9
    endloop
  endfacet
  facet normal 0 0 -1
    outer loop
      vertex 183 -72 3.9
      vertex 167.184 -46.592 3.9
      vertex 167.525 -46.3858 3.9
    endloop
  endfacet
  facet normal 0 0 -1
    outer loop
      vertex 183 -72 3.9
      vertex 166.82 -46.7556 3.9
      vertex 167.184 -46.592 3.9
    endloop
  endfacet
  facet normal 0 0 -1
    outer loop
      vertex 183 -72 3.9
      vertex 166.44 -46.8741 3.9
      vertex 166.82 -46.7556 3.9
    endloop
  endfacet
  facet normal 0 0 -1
    outer loop
      vertex 183 -72 3.9
      vertex 166.048 -46.9459 3.9
      vertex 166.44 -46.8741 3.9
    endloop
  endfacet
  facet normal 0 0 -1
    outer loop
      vertex 183 -72 3.9
      vertex 165.65 -46.97 3.9
      vertex 166.048 -46.9459 3.9
    endloop
  endfacet
  facet normal 0 0 -1
    outer loop
      vertex 183 -72 3.9
      vertex 165.252 -46.9459 3.9
      vertex 165.65 -46.97 3.9
    endloop
  endfacet
  facet normal 0 0 -1
    outer loop
      vertex 183 -72 3.9
      vertex 164.86 -46.8741 3.9
      vertex 165.252 -46.9459 3.9
    endloop
  endfacet
  facet normal 0 0 -1
    outer loop
      vertex 183 -72 3.9
      vertex 164.48 -46.7556 3.9
      vertex 164.86 -46.8741 3.9
    endloop
  endfacet
  facet normal 0 0 -1
    outer loop
      vertex 132.736 -62.8402 3.9
      vertex 164.48 -46.7556 3.9
      vertex 183 -72 3.9
    endloop
  endfacet
  facet normal 0 -0 -1
    outer loop
      vertex 148.82 -46.7556 3.9
      vertex 164.48 -46.7556 3.9
      vertex 132.736 -62.8402 3.9
    endloop
  endfacet
  facet normal 0 0 -1
    outer loop
      vertex 164.48 -46.7556 3.9
      vertex 148.82 -46.7556 3.9
      vertex 164.116 -46.592 3.9
    endloop
  endfacet
  facet normal 0 0 -1
    outer loop
      vertex 164.116 -46.592 3.9
      vertex 149.184 -46.592 3.9
      vertex 163.775 -46.3858 3.9
    endloop
  endfacet
  facet normal 0 -0 -1
    outer loop
      vertex 149.525 -46.3858 3.9
      vertex 163.775 -46.3858 3.9
      vertex 149.184 -46.592 3.9
    endloop
  endfacet
  facet normal 0 0 -1
    outer loop
      vertex 162.446 -26.4597 3.9
      vertex 150.95 -25.67 3.9
      vertex 162.374 -26.0678 3.9
    endloop
  endfacet
  facet normal 0 0 -1
    outer loop
      vertex 162.374 -44.0678 3.9
      vertex 150.95 -43.67 3.9
      vertex 162.35 -43.67 3.9
    endloop
  endfacet
  facet normal 0 0 -1
    outer loop
      vertex 150.926 -44.0678 3.9
      vertex 162.374 -44.0678 3.9
      vertex 162.446 -44.4597 3.9
    endloop
  endfacet
  facet normal 0 0 -1
    outer loop
      vertex 150.854 -44.4597 3.9
      vertex 162.446 -44.4597 3.9
      vertex 162.564 -44.8402 3.9
    endloop
  endfacet
  facet normal 0 0 -1
    outer loop
      vertex 150.736 -44.8402 3.9
      vertex 162.564 -44.8402 3.9
      vertex 162.728 -45.2036 3.9
    endloop
  endfacet
  facet normal 0 0 -1
    outer loop
      vertex 150.572 -45.2036 3.9
      vertex 162.728 -45.2036 3.9
      vertex 162.934 -45.5446 3.9
    endloop
  endfacet
  facet normal 0 0 -1
    outer loop
      vertex 163.775 -46.3858 3.9
      vertex 149.525 -46.3858 3.9
      vertex 163.462 -46.1401 3.9
    endloop
  endfacet
  facet normal 0 0 -1
    outer loop
      vertex 162.374 -44.0678 3.9
      vertex 150.926 -44.0678 3.9
      vertex 150.95 -43.67 3.9
    endloop
  endfacet
  facet normal 0 0 -1
    outer loop
      vertex 162.446 -44.4597 3.9
      vertex 150.854 -44.4597 3.9
      vertex 150.926 -44.0678 3.9
    endloop
  endfacet
  facet normal 0 0 -1
    outer loop
      vertex 162.564 -44.8402 3.9
      vertex 150.736 -44.8402 3.9
      vertex 150.854 -44.4597 3.9
    endloop
  endfacet
  facet normal 0 0 -1
    outer loop
      vertex 162.728 -45.2036 3.9
      vertex 150.572 -45.2036 3.9
      vertex 150.736 -44.8402 3.9
    endloop
  endfacet
  facet normal 0 0 -1
    outer loop
      vertex 162.934 -45.5446 3.9
      vertex 150.366 -45.5446 3.9
      vertex 150.572 -45.2036 3.9
    endloop
  endfacet
  facet normal -0 0 -1
    outer loop
      vertex 162.934 -45.5446 3.9
      vertex 150.12 -45.8583 3.9
      vertex 150.366 -45.5446 3.9
    endloop
  endfacet
  facet normal 0 0 -1
    outer loop
      vertex 163.18 -45.8583 3.9
      vertex 150.12 -45.8583 3.9
      vertex 162.934 -45.5446 3.9
    endloop
  endfacet
  facet normal 0 -0 -1
    outer loop
      vertex 150.12 -45.8583 3.9
      vertex 163.18 -45.8583 3.9
      vertex 149.838 -46.1401 3.9
    endloop
  endfacet
  facet normal 0 0 -1
    outer loop
      vertex 163.462 -46.1401 3.9
      vertex 149.838 -46.1401 3.9
      vertex 163.18 -45.8583 3.9
    endloop
  endfacet
  facet normal 0 -0 -1
    outer loop
      vertex 149.838 -46.1401 3.9
      vertex 163.462 -46.1401 3.9
      vertex 149.525 -46.3858 3.9
    endloop
  endfacet
  facet normal 0 -0 -1
    outer loop
      vertex 149.184 -46.592 3.9
      vertex 164.116 -46.592 3.9
      vertex 148.82 -46.7556 3.9
    endloop
  endfacet
  facet normal 0 0 -1
    outer loop
      vertex 148.82 -46.7556 3.9
      vertex 132.736 -62.8402 3.9
      vertex 148.44 -46.8741 3.9
    endloop
  endfacet
  facet normal 0 -0 -1
    outer loop
      vertex 132.854 -62.4597 3.9
      vertex 148.44 -46.8741 3.9
      vertex 132.736 -62.8402 3.9
    endloop
  endfacet
  facet normal 0 0 -1
    outer loop
      vertex 148.44 -46.8741 3.9
      vertex 132.854 -62.4597 3.9
      vertex 148.048 -46.9459 3.9
    endloop
  endfacet
  facet normal 0 -0 -1
    outer loop
      vertex 132.926 -62.0678 3.9
      vertex 148.048 -46.9459 3.9
      vertex 132.854 -62.4597 3.9
    endloop
  endfacet
  facet normal 0 -0 -1
    outer loop
      vertex 132.95 -61.67 3.9
      vertex 147.65 -46.97 3.9
      vertex 132.926 -62.0678 3.9
    endloop
  endfacet
  facet normal -0 0 -1
    outer loop
      vertex 147.65 -46.97 3.9
      vertex 132.95 -61.67 3.9
      vertex 147.252 -46.9459 3.9
    endloop
  endfacet
  facet normal 0 0 -1
    outer loop
      vertex 132.926 -61.2722 3.9
      vertex 147.252 -46.9459 3.9
      vertex 132.95 -61.67 3.9
    endloop
  endfacet
  facet normal 0 0 -1
    outer loop
      vertex 144.374 -44.0678 3.9
      vertex 132.95 -43.67 3.9
      vertex 144.35 -43.67 3.9
    endloop
  endfacet
  facet normal 0 0 -1
    outer loop
      vertex 144.446 -44.4597 3.9
      vertex 132.95 -43.67 3.9
      vertex 144.374 -44.0678 3.9
    endloop
  endfacet
  facet normal 0 0 -1
    outer loop
      vertex 144.564 -44.8402 3.9
      vertex 132.95 -43.67 3.9
      vertex 144.446 -44.4597 3.9
    endloop
  endfacet
  facet normal 0 0 -1
    outer loop
      vertex 144.728 -45.2036 3.9
      vertex 132.95 -43.67 3.9
      vertex 144.564 -44.8402 3.9
    endloop
  endfacet
  facet normal 0 0 -1
    outer loop
      vertex 144.934 -45.5446 3.9
      vertex 132.95 -43.67 3.9
      vertex 144.728 -45.2036 3.9
    endloop
  endfacet
  facet normal 0 0 -1
    outer loop
      vertex 145.18 -45.8583 3.9
      vertex 132.95 -43.67 3.9
      vertex 144.934 -45.5446 3.9
    endloop
  endfacet
  facet normal 0 0 -1
    outer loop
      vertex 132.572 -60.1364 3.9
      vertex 146.116 -46.592 3.9
      vertex 132.736 -60.4998 3.9
    endloop
  endfacet
  facet normal -0 0 -1
    outer loop
      vertex 146.48 -46.7556 3.9
      vertex 132.736 -60.4998 3.9
      vertex 146.116 -46.592 3.9
    endloop
  endfacet
  facet normal 0 0 -1
    outer loop
      vertex 132.736 -60.4998 3.9
      vertex 146.48 -46.7556 3.9
      vertex 132.854 -60.8803 3.9
    endloop
  endfacet
  facet normal -0 0 -1
    outer loop
      vertex 147.252 -46.9459 3.9
      vertex 132.926 -61.2722 3.9
      vertex 146.86 -46.8741 3.9
    endloop
  endfacet
  facet normal -0 0 -1
    outer loop
      vertex 146.86 -46.8741 3.9
      vertex 132.854 -60.8803 3.9
      vertex 146.48 -46.7556 3.9
    endloop
  endfacet
  facet normal 0 0 -1
    outer loop
      vertex 132.854 -60.8803 3.9
      vertex 146.86 -46.8741 3.9
      vertex 132.926 -61.2722 3.9
    endloop
  endfacet
  facet normal 0 0 -1
    outer loop
      vertex 148.048 -46.9459 3.9
      vertex 132.926 -62.0678 3.9
      vertex 147.65 -46.97 3.9
    endloop
  endfacet
  facet normal 0 0 -1
    outer loop
      vertex 183 -72 3.9
      vertex 132.572 -63.2036 3.9
      vertex 132.736 -62.8402 3.9
    endloop
  endfacet
  facet normal 0 0 -1
    outer loop
      vertex 183 -72 3.9
      vertex 132.366 -63.5446 3.9
      vertex 132.572 -63.2036 3.9
    endloop
  endfacet
  facet normal 0 0 -1
    outer loop
      vertex 183 -72 3.9
      vertex 132.12 -63.8583 3.9
      vertex 132.366 -63.5446 3.9
    endloop
  endfacet
  facet normal 0 0 -1
    outer loop
      vertex 183 -72 3.9
      vertex 131.838 -64.1401 3.9
      vertex 132.12 -63.8583 3.9
    endloop
  endfacet
  facet normal 0 0 -1
    outer loop
      vertex 183 -72 3.9
      vertex 131.525 -64.3858 3.9
      vertex 131.838 -64.1401 3.9
    endloop
  endfacet
  facet normal 0 0 -1
    outer loop
      vertex 183 -72 3.9
      vertex 131.184 -64.592 3.9
      vertex 131.525 -64.3858 3.9
    endloop
  endfacet
  facet normal 0 0 -1
    outer loop
      vertex 183 -72 3.9
      vertex 130.82 -64.7556 3.9
      vertex 131.184 -64.592 3.9
    endloop
  endfacet
  facet normal 0 0 -1
    outer loop
      vertex 183 -72 3.9
      vertex 130.44 -64.8741 3.9
      vertex 130.82 -64.7556 3.9
    endloop
  endfacet
  facet normal 0 0 -1
    outer loop
      vertex 183 -72 3.9
      vertex 130.048 -64.9459 3.9
      vertex 130.44 -64.8741 3.9
    endloop
  endfacet
  facet normal 0 0 -1
    outer loop
      vertex 183 -72 3.9
      vertex 129.65 -64.97 3.9
      vertex 130.048 -64.9459 3.9
    endloop
  endfacet
  facet normal 0 0 -1
    outer loop
      vertex 111.65 -64.97 3.9
      vertex 129.65 -64.97 3.9
      vertex 183 -72 3.9
    endloop
  endfacet
  facet normal 0 0 -1
    outer loop
      vertex 126.374 -44.0678 3.9
      vertex 114.95 -43.67 3.9
      vertex 126.35 -43.67 3.9
    endloop
  endfacet
  facet normal 0 0 -1
    outer loop
      vertex 126.446 -44.4597 3.9
      vertex 114.95 -43.67 3.9
      vertex 126.374 -44.0678 3.9
    endloop
  endfacet
  facet normal 0 0 -1
    outer loop
      vertex 126.374 -62.0678 3.9
      vertex 114.95 -61.67 3.9
      vertex 126.35 -61.67 3.9
    endloop
  endfacet
  facet normal 0 0 -1
    outer loop
      vertex 114.926 -62.0678 3.9
      vertex 126.374 -62.0678 3.9
      vertex 126.446 -62.4597 3.9
    endloop
  endfacet
  facet normal 0 0 -1
    outer loop
      vertex 114.854 -62.4597 3.9
      vertex 126.446 -62.4597 3.9
      vertex 126.564 -62.8402 3.9
    endloop
  endfacet
  facet normal 0 0 -1
    outer loop
      vertex 114.736 -62.8402 3.9
      vertex 126.564 -62.8402 3.9
      vertex 126.728 -63.2036 3.9
    endloop
  endfacet
  facet normal 0 0 -1
    outer loop
      vertex 114.572 -63.2036 3.9
      vertex 126.728 -63.2036 3.9
      vertex 126.934 -63.5446 3.9
    endloop
  endfacet
  facet normal 0 0 -1
    outer loop
      vertex 114.366 -63.5446 3.9
      vertex 126.934 -63.5446 3.9
      vertex 127.18 -63.8583 3.9
    endloop
  endfacet
  facet normal 0 0 -1
    outer loop
      vertex 114.12 -63.8583 3.9
      vertex 127.18 -63.8583 3.9
      vertex 127.462 -64.1401 3.9
    endloop
  endfacet
  facet normal 0 0 -1
    outer loop
      vertex 113.838 -64.1401 3.9
      vertex 127.462 -64.1401 3.9
      vertex 127.775 -64.3858 3.9
    endloop
  endfacet
  facet normal 0 0 -1
    outer loop
      vertex 113.525 -64.3858 3.9
      vertex 127.775 -64.3858 3.9
      vertex 128.116 -64.592 3.9
    endloop
  endfacet
  facet normal 0 0 -1
    outer loop
      vertex 113.184 -64.592 3.9
      vertex 128.116 -64.592 3.9
      vertex 128.48 -64.7556 3.9
    endloop
  endfacet
  facet normal 0 0 -1
    outer loop
      vertex 112.82 -64.7556 3.9
      vertex 128.48 -64.7556 3.9
      vertex 128.86 -64.8741 3.9
    endloop
  endfacet
  facet normal 0 0 -1
    outer loop
      vertex 126.374 -62.0678 3.9
      vertex 114.926 -62.0678 3.9
      vertex 114.95 -61.67 3.9
    endloop
  endfacet
  facet normal 0 0 -1
    outer loop
      vertex 126.446 -62.4597 3.9
      vertex 114.854 -62.4597 3.9
      vertex 114.926 -62.0678 3.9
    endloop
  endfacet
  facet normal 0 0 -1
    outer loop
      vertex 112.44 -64.8741 3.9
      vertex 128.86 -64.8741 3.9
      vertex 129.252 -64.9459 3.9
    endloop
  endfacet
  facet normal 0 0 -1
    outer loop
      vertex 126.564 -62.8402 3.9
      vertex 114.736 -62.8402 3.9
      vertex 114.854 -62.4597 3.9
    endloop
  endfacet
  facet normal 0 0 -1
    outer loop
      vertex 126.728 -63.2036 3.9
      vertex 114.572 -63.2036 3.9
      vertex 114.736 -62.8402 3.9
    endloop
  endfacet
  facet normal 0 0 -1
    outer loop
      vertex 129.65 -64.97 3.9
      vertex 111.65 -64.97 3.9
      vertex 129.252 -64.9459 3.9
    endloop
  endfacet
  facet normal 0 0 -1
    outer loop
      vertex 126.934 -63.5446 3.9
      vertex 114.366 -63.5446 3.9
      vertex 114.572 -63.2036 3.9
    endloop
  endfacet
  facet normal 0 0 -1
    outer loop
      vertex 127.18 -63.8583 3.9
      vertex 114.12 -63.8583 3.9
      vertex 114.366 -63.5446 3.9
    endloop
  endfacet
  facet normal 0 0 -1
    outer loop
      vertex 127.462 -64.1401 3.9
      vertex 113.838 -64.1401 3.9
      vertex 114.12 -63.8583 3.9
    endloop
  endfacet
  facet normal 0 0 -1
    outer loop
      vertex 127.775 -64.3858 3.9
      vertex 113.525 -64.3858 3.9
      vertex 113.838 -64.1401 3.9
    endloop
  endfacet
  facet normal 0 0 -1
    outer loop
      vertex 128.116 -64.592 3.9
      vertex 113.184 -64.592 3.9
      vertex 113.525 -64.3858 3.9
    endloop
  endfacet
  facet normal 0 0 -1
    outer loop
      vertex 128.48 -64.7556 3.9
      vertex 112.82 -64.7556 3.9
      vertex 113.184 -64.592 3.9
    endloop
  endfacet
  facet normal 0 0 -1
    outer loop
      vertex 128.86 -64.8741 3.9
      vertex 112.44 -64.8741 3.9
      vertex 112.82 -64.7556 3.9
    endloop
  endfacet
  facet normal 0 0 -1
    outer loop
      vertex 129.252 -64.9459 3.9
      vertex 112.048 -64.9459 3.9
      vertex 112.44 -64.8741 3.9
    endloop
  endfacet
  facet normal -0 0 -1
    outer loop
      vertex 129.252 -64.9459 3.9
      vertex 111.65 -64.97 3.9
      vertex 112.048 -64.9459 3.9
    endloop
  endfacet
  facet normal 0 0 -1
    outer loop
      vertex 93.65 -64.97 3.9
      vertex 111.65 -64.97 3.9
      vertex 183 -72 3.9
    endloop
  endfacet
  facet normal 0 0 -1
    outer loop
      vertex 108.374 -44.0678 3.9
      vertex 96.95 -43.67 3.9
      vertex 108.35 -43.67 3.9
    endloop
  endfacet
  facet normal 0 0 -1
    outer loop
      vertex 108.446 -44.4597 3.9
      vertex 96.95 -43.67 3.9
      vertex 108.374 -44.0678 3.9
    endloop
  endfacet
  facet normal 0 0 -1
    outer loop
      vertex 108.374 -62.0678 3.9
      vertex 96.95 -61.67 3.9
      vertex 108.35 -61.67 3.9
    endloop
  endfacet
  facet normal 0 0 -1
    outer loop
      vertex 96.9259 -62.0678 3.9
      vertex 108.374 -62.0678 3.9
      vertex 108.446 -62.4597 3.9
    endloop
  endfacet
  facet normal 0 0 -1
    outer loop
      vertex 96.8541 -62.4597 3.9
      vertex 108.446 -62.4597 3.9
      vertex 108.564 -62.8402 3.9
    endloop
  endfacet
  facet normal 0 0 -1
    outer loop
      vertex 96.7355 -62.8402 3.9
      vertex 108.564 -62.8402 3.9
      vertex 108.728 -63.2036 3.9
    endloop
  endfacet
  facet normal 0 0 -1
    outer loop
      vertex 96.572 -63.2036 3.9
      vertex 108.728 -63.2036 3.9
      vertex 108.934 -63.5446 3.9
    endloop
  endfacet
  facet normal 0 0 -1
    outer loop
      vertex 96.3658 -63.5446 3.9
      vertex 108.934 -63.5446 3.9
      vertex 109.18 -63.8583 3.9
    endloop
  endfacet
  facet normal 0 0 -1
    outer loop
      vertex 96.1201 -63.8583 3.9
      vertex 109.18 -63.8583 3.9
      vertex 109.462 -64.1401 3.9
    endloop
  endfacet
  facet normal 0 0 -1
    outer loop
      vertex 95.8383 -64.1401 3.9
      vertex 109.462 -64.1401 3.9
      vertex 109.775 -64.3858 3.9
    endloop
  endfacet
  facet normal 0 0 -1
    outer loop
      vertex 95.5246 -64.3858 3.9
      vertex 109.775 -64.3858 3.9
      vertex 110.116 -64.592 3.9
    endloop
  endfacet
  facet normal 0 0 -1
    outer loop
      vertex 95.1836 -64.592 3.9
      vertex 110.116 -64.592 3.9
      vertex 110.48 -64.7556 3.9
    endloop
  endfacet
  facet normal 0 0 -1
    outer loop
      vertex 94.8202 -64.7556 3.9
      vertex 110.48 -64.7556 3.9
      vertex 110.86 -64.8741 3.9
    endloop
  endfacet
  facet normal 0 0 -1
    outer loop
      vertex 108.374 -62.0678 3.9
      vertex 96.9259 -62.0678 3.9
      vertex 96.95 -61.67 3.9
    endloop
  endfacet
  facet normal 0 0 -1
    outer loop
      vertex 108.446 -62.4597 3.9
      vertex 96.8541 -62.4597 3.9
      vertex 96.9259 -62.0678 3.9
    endloop
  endfacet
  facet normal 0 0 -1
    outer loop
      vertex 94.4397 -64.8741 3.9
      vertex 110.86 -64.8741 3.9
      vertex 111.252 -64.9459 3.9
    endloop
  endfacet
  facet normal 0 0 -1
    outer loop
      vertex 108.564 -62.8402 3.9
      vertex 96.7355 -62.8402 3.9
      vertex 96.8541 -62.4597 3.9
    endloop
  endfacet
  facet normal 0 0 -1
    outer loop
      vertex 108.728 -63.2036 3.9
      vertex 96.572 -63.2036 3.9
      vertex 96.7355 -62.8402 3.9
    endloop
  endfacet
  facet normal 0 0 -1
    outer loop
      vertex 108.934 -63.5446 3.9
      vertex 96.3658 -63.5446 3.9
      vertex 96.572 -63.2036 3.9
    endloop
  endfacet
  facet normal 0 0 -1
    outer loop
      vertex 111.65 -64.97 3.9
      vertex 93.65 -64.97 3.9
      vertex 111.252 -64.9459 3.9
    endloop
  endfacet
  facet normal 0 0 -1
    outer loop
      vertex 109.18 -63.8583 3.9
      vertex 96.1201 -63.8583 3.9
      vertex 96.3658 -63.5446 3.9
    endloop
  endfacet
  facet normal 0 0 -1
    outer loop
      vertex 109.462 -64.1401 3.9
      vertex 95.8383 -64.1401 3.9
      vertex 96.1201 -63.8583 3.9
    endloop
  endfacet
  facet normal 0 0 -1
    outer loop
      vertex 109.775 -64.3858 3.9
      vertex 95.5246 -64.3858 3.9
      vertex 95.8383 -64.1401 3.9
    endloop
  endfacet
  facet normal 0 0 -1
    outer loop
      vertex 110.116 -64.592 3.9
      vertex 95.1836 -64.592 3.9
      vertex 95.5246 -64.3858 3.9
    endloop
  endfacet
  facet normal 0 0 -1
    outer loop
      vertex 110.48 -64.7556 3.9
      vertex 94.8202 -64.7556 3.9
      vertex 95.1836 -64.592 3.9
    endloop
  endfacet
  facet normal 0 0 -1
    outer loop
      vertex 110.86 -64.8741 3.9
      vertex 94.4397 -64.8741 3.9
      vertex 94.8202 -64.7556 3.9
    endloop
  endfacet
  facet normal 0 0 -1
    outer loop
      vertex 111.252 -64.9459 3.9
      vertex 94.0478 -64.9459 3.9
      vertex 94.4397 -64.8741 3.9
    endloop
  endfacet
  facet normal -0 0 -1
    outer loop
      vertex 111.252 -64.9459 3.9
      vertex 93.65 -64.97 3.9
      vertex 94.0478 -64.9459 3.9
    endloop
  endfacet
  facet normal 0 0 -1
    outer loop
      vertex -3 -72 3.9
      vertex 93.65 -64.97 3.9
      vertex 183 -72 3.9
    endloop
  endfacet
  facet normal 0 0 -1
    outer loop
      vertex 90.3741 -44.0678 3.9
      vertex 78.95 -43.67 3.9
      vertex 90.35 -43.67 3.9
    endloop
  endfacet
  facet normal 0 0 -1
    outer loop
      vertex 90.4459 -44.4597 3.9
      vertex 78.95 -43.67 3.9
      vertex 90.3741 -44.0678 3.9
    endloop
  endfacet
  facet normal 0 0 -1
    outer loop
      vertex 90.3741 -62.0678 3.9
      vertex 78.95 -61.67 3.9
      vertex 90.35 -61.67 3.9
    endloop
  endfacet
  facet normal 0 0 -1
    outer loop
      vertex 78.9259 -62.0678 3.9
      vertex 90.3741 -62.0678 3.9
      vertex 90.4459 -62.4597 3.9
    endloop
  endfacet
  facet normal 0 0 -1
    outer loop
      vertex 78.8541 -62.4597 3.9
      vertex 90.4459 -62.4597 3.9
      vertex 90.5644 -62.8402 3.9
    endloop
  endfacet
  facet normal 0 0 -1
    outer loop
      vertex 78.7355 -62.8402 3.9
      vertex 90.5644 -62.8402 3.9
      vertex 90.728 -63.2036 3.9
    endloop
  endfacet
  facet normal 0 0 -1
    outer loop
      vertex 78.572 -63.2036 3.9
      vertex 90.728 -63.2036 3.9
      vertex 90.9342 -63.5446 3.9
    endloop
  endfacet
  facet normal 0 0 -1
    outer loop
      vertex 78.3658 -63.5446 3.9
      vertex 90.9342 -63.5446 3.9
      vertex 91.1799 -63.8583 3.9
    endloop
  endfacet
  facet normal 0 0 -1
    outer loop
      vertex 78.1201 -63.8583 3.9
      vertex 91.1799 -63.8583 3.9
      vertex 91.4617 -64.1401 3.9
    endloop
  endfacet
  facet normal 0 0 -1
    outer loop
      vertex 77.8383 -64.1401 3.9
      vertex 91.4617 -64.1401 3.9
      vertex 91.7754 -64.3858 3.9
    endloop
  endfacet
  facet normal 0 0 -1
    outer loop
      vertex 77.5246 -64.3858 3.9
      vertex 91.7754 -64.3858 3.9
      vertex 92.1164 -64.592 3.9
    endloop
  endfacet
  facet normal 0 0 -1
    outer loop
      vertex 77.1836 -64.592 3.9
      vertex 92.1164 -64.592 3.9
      vertex 92.4798 -64.7556 3.9
    endloop
  endfacet
  facet normal 0 0 -1
    outer loop
      vertex 76.8202 -64.7556 3.9
      vertex 92.4798 -64.7556 3.9
      vertex 92.8603 -64.8741 3.9
    endloop
  endfacet
  facet normal 0 0 -1
    outer loop
      vertex 90.3741 -62.0678 3.9
      vertex 78.9259 -62.0678 3.9
      vertex 78.95 -61.67 3.9
    endloop
  endfacet
  facet normal 0 0 -1
    outer loop
      vertex 90.4459 -62.4597 3.9
      vertex 78.8541 -62.4597 3.9
      vertex 78.9259 -62.0678 3.9
    endloop
  endfacet
  facet normal 0 0 -1
    outer loop
      vertex 76.4397 -64.8741 3.9
      vertex 92.8603 -64.8741 3.9
      vertex 93.2522 -64.9459 3.9
    endloop
  endfacet
  facet normal 0 0 -1
    outer loop
      vertex 90.5644 -62.8402 3.9
      vertex 78.7355 -62.8402 3.9
      vertex 78.8541 -62.4597 3.9
    endloop
  endfacet
  facet normal 0 0 -1
    outer loop
      vertex 90.728 -63.2036 3.9
      vertex 78.572 -63.2036 3.9
      vertex 78.7355 -62.8402 3.9
    endloop
  endfacet
  facet normal 0 0 -1
    outer loop
      vertex 90.9342 -63.5446 3.9
      vertex 78.3658 -63.5446 3.9
      vertex 78.572 -63.2036 3.9
    endloop
  endfacet
  facet normal 0 0 -1
    outer loop
      vertex 91.1799 -63.8583 3.9
      vertex 78.1201 -63.8583 3.9
      vertex 78.3658 -63.5446 3.9
    endloop
  endfacet
  facet normal 0 0 -1
    outer loop
      vertex 93.65 -64.97 3.9
      vertex 75.65 -64.97 3.9
      vertex 93.2522 -64.9459 3.9
    endloop
  endfacet
  facet normal 0 0 -1
    outer loop
      vertex 91.4617 -64.1401 3.9
      vertex 77.8383 -64.1401 3.9
      vertex 78.1201 -63.8583 3.9
    endloop
  endfacet
  facet normal 0 0 -1
    outer loop
      vertex 91.7754 -64.3858 3.9
      vertex 77.5246 -64.3858 3.9
      vertex 77.8383 -64.1401 3.9
    endloop
  endfacet
  facet normal 0 0 -1
    outer loop
      vertex 92.1164 -64.592 3.9
      vertex 77.1836 -64.592 3.9
      vertex 77.5246 -64.3858 3.9
    endloop
  endfacet
  facet normal 0 0 -1
    outer loop
      vertex 92.4798 -64.7556 3.9
      vertex 76.8202 -64.7556 3.9
      vertex 77.1836 -64.592 3.9
    endloop
  endfacet
  facet normal 0 0 -1
    outer loop
      vertex 92.8603 -64.8741 3.9
      vertex 76.4397 -64.8741 3.9
      vertex 76.8202 -64.7556 3.9
    endloop
  endfacet
  facet normal 0 0 -1
    outer loop
      vertex 93.2522 -64.9459 3.9
      vertex 76.0478 -64.9459 3.9
      vertex 76.4397 -64.8741 3.9
    endloop
  endfacet
  facet normal -0 0 -1
    outer loop
      vertex 93.2522 -64.9459 3.9
      vertex 75.65 -64.97 3.9
      vertex 76.0478 -64.9459 3.9
    endloop
  endfacet
  facet normal -0 0 -1
    outer loop
      vertex 93.65 -64.97 3.9
      vertex -3 -72 3.9
      vertex 75.65 -64.97 3.9
    endloop
  endfacet
  facet normal 0 -0 -1
    outer loop
      vertex 5.23504 -20.0942 3.9
      vertex 72.3741 -44.0678 3.9
      vertex -3 -72 3.9
    endloop
  endfacet
  facet normal 0 0 -1
    outer loop
      vertex 72.3741 -43.2722 3.9
      vertex 5.23504 -20.0942 3.9
      vertex 5.461 -19.7668 3.9
    endloop
  endfacet
  facet normal 0 0 -1
    outer loop
      vertex -3 -72 3.9
      vertex 72.35 -61.67 3.9
      vertex 72.3741 -62.0678 3.9
    endloop
  endfacet
  facet normal 0 0 -1
    outer loop
      vertex -3 -72 3.9
      vertex 72.3741 -62.0678 3.9
      vertex 72.4459 -62.4597 3.9
    endloop
  endfacet
  facet normal 0 0 -1
    outer loop
      vertex -3 -72 3.9
      vertex 72.4459 -62.4597 3.9
      vertex 72.5644 -62.8402 3.9
    endloop
  endfacet
  facet normal 0 0 -1
    outer loop
      vertex -3 -72 3.9
      vertex 72.5644 -62.8402 3.9
      vertex 72.728 -63.2036 3.9
    endloop
  endfacet
  facet normal 0 0 -1
    outer loop
      vertex -3 -72 3.9
      vertex 72.728 -63.2036 3.9
      vertex 72.9342 -63.5446 3.9
    endloop
  endfacet
  facet normal 0 0 -1
    outer loop
      vertex -3 -72 3.9
      vertex 72.9342 -63.5446 3.9
      vertex 73.1799 -63.8583 3.9
    endloop
  endfacet
  facet normal 0 0 -1
    outer loop
      vertex -3 -72 3.9
      vertex 73.1799 -63.8583 3.9
      vertex 73.4617 -64.1401 3.9
    endloop
  endfacet
  facet normal 0 0 -1
    outer loop
      vertex -3 -72 3.9
      vertex 73.4617 -64.1401 3.9
      vertex 73.7754 -64.3858 3.9
    endloop
  endfacet
  facet normal 0 0 -1
    outer loop
      vertex 72.35 -25.67 3.9
      vertex 5.60205 -19.3949 3.9
      vertex 5.65 -19 3.9
    endloop
  endfacet
  facet normal 0 0 -1
    outer loop
      vertex 72.3741 -26.0678 3.9
      vertex 5.60205 -19.3949 3.9
      vertex 72.35 -25.67 3.9
    endloop
  endfacet
  facet normal 0 -0 -1
    outer loop
      vertex 5.60205 -19.3949 3.9
      vertex 72.3741 -26.0678 3.9
      vertex 5.461 -19.7668 3.9
    endloop
  endfacet
  facet normal 0 0 -1
    outer loop
      vertex 72.3741 -44.0678 3.9
      vertex 5.23504 -20.0942 3.9
      vertex 72.35 -43.67 3.9
    endloop
  endfacet
  facet normal 0 0 -1
    outer loop
      vertex 5.23504 -20.0942 3.9
      vertex -3 -72 3.9
      vertex 4.93731 -20.3579 3.9
    endloop
  endfacet
  facet normal 0 0 -1
    outer loop
      vertex 4.93731 -20.3579 3.9
      vertex -3 -72 3.9
      vertex 4.5851 -20.5428 3.9
    endloop
  endfacet
  facet normal 0 0 -1
    outer loop
      vertex 4.5851 -20.5428 3.9
      vertex -3 -72 3.9
      vertex 4.19888 -20.638 3.9
    endloop
  endfacet
  facet normal -0 0 -1
    outer loop
      vertex 4.19888 -20.638 3.9
      vertex -3 -72 3.9
      vertex 3.80111 -20.638 3.9
    endloop
  endfacet
  facet normal -0 0 -1
    outer loop
      vertex 3.80111 -20.638 3.9
      vertex -3 -72 3.9
      vertex 3.4149 -20.5428 3.9
    endloop
  endfacet
  facet normal 0 0 -1
    outer loop
      vertex 2.539 -19.7668 3.9
      vertex -5 -12 3.9
      vertex 2.39795 -19.3949 3.9
    endloop
  endfacet
  facet normal 0 0 -1
    outer loop
      vertex 2.76496 -20.0942 3.9
      vertex -5 -12 3.9
      vertex 2.539 -19.7668 3.9
    endloop
  endfacet
  facet normal 0 0 -1
    outer loop
      vertex -5 -12 3.9
      vertex 2.76496 -20.0942 3.9
      vertex -3 -72 3.9
    endloop
  endfacet
  facet normal -0 0 -1
    outer loop
      vertex 3.06269 -20.3579 3.9
      vertex -3 -72 3.9
      vertex 2.76496 -20.0942 3.9
    endloop
  endfacet
  facet normal -0 0 -1
    outer loop
      vertex 3.4149 -20.5428 3.9
      vertex -3 -72 3.9
      vertex 3.06269 -20.3579 3.9
    endloop
  endfacet
  facet normal -0 0 -1
    outer loop
      vertex 74.1164 -64.592 3.9
      vertex -3 -72 3.9
      vertex 73.7754 -64.3858 3.9
    endloop
  endfacet
  facet normal -0 0 -1
    outer loop
      vertex 74.4798 -64.7556 3.9
      vertex -3 -72 3.9
      vertex 74.1164 -64.592 3.9
    endloop
  endfacet
  facet normal -0 0 -1
    outer loop
      vertex 74.8603 -64.8741 3.9
      vertex -3 -72 3.9
      vertex 74.4798 -64.7556 3.9
    endloop
  endfacet
  facet normal -0 0 -1
    outer loop
      vertex 75.2522 -64.9459 3.9
      vertex -3 -72 3.9
      vertex 74.8603 -64.8741 3.9
    endloop
  endfacet
  facet normal -0 0 -1
    outer loop
      vertex 75.65 -64.97 3.9
      vertex -3 -72 3.9
      vertex 75.2522 -64.9459 3.9
    endloop
  endfacet
  facet normal 0 0 -1
    outer loop
      vertex 183 -72 3.9
      vertex 185 -118 3.9
      vertex 183 -116 3.9
    endloop
  endfacet
  facet normal 0 0 -1
    outer loop
      vertex 185 -118 3.9
      vertex -3 -116 3.9
      vertex 183 -116 3.9
    endloop
  endfacet
  facet normal -0 0 -1
    outer loop
      vertex -3 -116 3.9
      vertex -5 -118 3.9
      vertex -3 -72 3.9
    endloop
  endfacet
  facet normal 0 0 -1
    outer loop
      vertex -5 -118 3.9
      vertex -3 -116 3.9
      vertex 185 -118 3.9
    endloop
  endfacet
  facet normal 0 0 -1
    outer loop
      vertex 185 -118 3.9
      vertex 183 -72 3.9
      vertex 185 -12 3.9
    endloop
  endfacet
  facet normal 0 0 -1
    outer loop
      vertex 177.235 -20.0942 3.9
      vertex 185 -12 3.9
      vertex 183 -72 3.9
    endloop
  endfacet
  facet normal 0 0 -1
    outer loop
      vertex 177.602 -18.6051 3.9
      vertex 185 -12 3.9
      vertex 177.65 -19 3.9
    endloop
  endfacet
  facet normal 0 0 -1
    outer loop
      vertex 177.461 -18.2332 3.9
      vertex 185 -12 3.9
      vertex 177.602 -18.6051 3.9
    endloop
  endfacet
  facet normal 0 0 -1
    outer loop
      vertex 177.235 -17.9058 3.9
      vertex 185 -12 3.9
      vertex 177.461 -18.2332 3.9
    endloop
  endfacet
  facet normal 0 0 -1
    outer loop
      vertex 176.937 -17.6421 3.9
      vertex 185 -12 3.9
      vertex 177.235 -17.9058 3.9
    endloop
  endfacet
  facet normal 0 0 -1
    outer loop
      vertex 176.585 -17.4572 3.9
      vertex 185 -12 3.9
      vertex 176.937 -17.6421 3.9
    endloop
  endfacet
  facet normal 0 0 -1
    outer loop
      vertex 176.199 -17.362 3.9
      vertex 185 -12 3.9
      vertex 176.585 -17.4572 3.9
    endloop
  endfacet
  facet normal 0 0 -1
    outer loop
      vertex 175.801 -17.362 3.9
      vertex 185 -12 3.9
      vertex 176.199 -17.362 3.9
    endloop
  endfacet
  facet normal 0 0 -1
    outer loop
      vertex 175.415 -17.4572 3.9
      vertex 185 -12 3.9
      vertex 175.801 -17.362 3.9
    endloop
  endfacet
  facet normal 0 0 -1
    outer loop
      vertex 148.048 -22.3941 3.9
      vertex 175.415 -17.4572 3.9
      vertex 175.063 -17.6421 3.9
    endloop
  endfacet
  facet normal -0 0 -1
    outer loop
      vertex 175.063 -20.3579 3.9
      vertex 168.736 -24.4998 3.9
      vertex 174.765 -20.0942 3.9
    endloop
  endfacet
  facet normal 0 0 -1
    outer loop
      vertex 168.572 -24.1364 3.9
      vertex 174.765 -20.0942 3.9
      vertex 168.736 -24.4998 3.9
    endloop
  endfacet
  facet normal -0 0 -1
    outer loop
      vertex 174.765 -20.0942 3.9
      vertex 168.572 -24.1364 3.9
      vertex 174.539 -19.7668 3.9
    endloop
  endfacet
  facet normal 0 0 -1
    outer loop
      vertex 168.366 -23.7954 3.9
      vertex 174.539 -19.7668 3.9
      vertex 168.572 -24.1364 3.9
    endloop
  endfacet
  facet normal 0 0 -1
    outer loop
      vertex 168.12 -23.4817 3.9
      vertex 174.539 -19.7668 3.9
      vertex 168.366 -23.7954 3.9
    endloop
  endfacet
  facet normal -0 0 -1
    outer loop
      vertex 174.539 -19.7668 3.9
      vertex 168.12 -23.4817 3.9
      vertex 174.398 -19.3949 3.9
    endloop
  endfacet
  facet normal 0 0 -1
    outer loop
      vertex 167.838 -23.1999 3.9
      vertex 174.398 -19.3949 3.9
      vertex 168.12 -23.4817 3.9
    endloop
  endfacet
  facet normal 0 0 -1
    outer loop
      vertex 167.525 -22.9542 3.9
      vertex 174.398 -19.3949 3.9
      vertex 167.838 -23.1999 3.9
    endloop
  endfacet
  facet normal -0 0 -1
    outer loop
      vertex 174.398 -19.3949 3.9
      vertex 167.525 -22.9542 3.9
      vertex 174.35 -19 3.9
    endloop
  endfacet
  facet normal 0 0 -1
    outer loop
      vertex 167.184 -22.748 3.9
      vertex 174.35 -19 3.9
      vertex 167.525 -22.9542 3.9
    endloop
  endfacet
  facet normal -0 0 -1
    outer loop
      vertex 174.35 -19 3.9
      vertex 167.184 -22.748 3.9
      vertex 174.398 -18.6051 3.9
    endloop
  endfacet
  facet normal 0 0 -1
    outer loop
      vertex 166.82 -22.5844 3.9
      vertex 174.398 -18.6051 3.9
      vertex 167.184 -22.748 3.9
    endloop
  endfacet
  facet normal 0 0 -1
    outer loop
      vertex 166.44 -22.4659 3.9
      vertex 174.398 -18.6051 3.9
      vertex 166.82 -22.5844 3.9
    endloop
  endfacet
  facet normal -0 0 -1
    outer loop
      vertex 174.398 -18.6051 3.9
      vertex 166.44 -22.4659 3.9
      vertex 174.539 -18.2332 3.9
    endloop
  endfacet
  facet normal 0 0 -1
    outer loop
      vertex 166.048 -22.3941 3.9
      vertex 174.539 -18.2332 3.9
      vertex 166.44 -22.4659 3.9
    endloop
  endfacet
  facet normal -0 0 -1
    outer loop
      vertex 174.539 -18.2332 3.9
      vertex 166.048 -22.3941 3.9
      vertex 174.765 -17.9058 3.9
    endloop
  endfacet
  facet normal 0 0 -1
    outer loop
      vertex 165.65 -22.37 3.9
      vertex 174.765 -17.9058 3.9
      vertex 166.048 -22.3941 3.9
    endloop
  endfacet
  facet normal 0 0 -1
    outer loop
      vertex 165.252 -22.3941 3.9
      vertex 174.765 -17.9058 3.9
      vertex 165.65 -22.37 3.9
    endloop
  endfacet
  facet normal -0 0 -1
    outer loop
      vertex 174.765 -17.9058 3.9
      vertex 165.252 -22.3941 3.9
      vertex 175.063 -17.6421 3.9
    endloop
  endfacet
  facet normal 0 0 -1
    outer loop
      vertex 164.86 -22.4659 3.9
      vertex 175.063 -17.6421 3.9
      vertex 165.252 -22.3941 3.9
    endloop
  endfacet
  facet normal 0 0 -1
    outer loop
      vertex 148.44 -22.4659 3.9
      vertex 175.063 -17.6421 3.9
      vertex 164.86 -22.4659 3.9
    endloop
  endfacet
  facet normal 0 0 -1
    outer loop
      vertex 148.44 -22.4659 3.9
      vertex 164.86 -22.4659 3.9
      vertex 164.48 -22.5844 3.9
    endloop
  endfacet
  facet normal 0 0 -1
    outer loop
      vertex 148.82 -22.5844 3.9
      vertex 164.48 -22.5844 3.9
      vertex 164.116 -22.748 3.9
    endloop
  endfacet
  facet normal 0 0 -1
    outer loop
      vertex 162.374 -26.0678 3.9
      vertex 150.95 -25.67 3.9
      vertex 162.35 -25.67 3.9
    endloop
  endfacet
  facet normal 0 0 -1
    outer loop
      vertex 162.35 -25.67 3.9
      vertex 150.95 -25.67 3.9
      vertex 162.374 -25.2722 3.9
    endloop
  endfacet
  facet normal 0 0 -1
    outer loop
      vertex 150.926 -25.2722 3.9
      vertex 162.374 -25.2722 3.9
      vertex 150.95 -25.67 3.9
    endloop
  endfacet
  facet normal 0 0 -1
    outer loop
      vertex 162.374 -25.2722 3.9
      vertex 150.926 -25.2722 3.9
      vertex 162.446 -24.8803 3.9
    endloop
  endfacet
  facet normal 0 0 -1
    outer loop
      vertex 150.854 -24.8803 3.9
      vertex 162.446 -24.8803 3.9
      vertex 150.926 -25.2722 3.9
    endloop
  endfacet
  facet normal 0 0 -1
    outer loop
      vertex 162.446 -24.8803 3.9
      vertex 150.854 -24.8803 3.9
      vertex 162.564 -24.4998 3.9
    endloop
  endfacet
  facet normal 0 0 -1
    outer loop
      vertex 150.736 -24.4998 3.9
      vertex 162.564 -24.4998 3.9
      vertex 150.854 -24.8803 3.9
    endloop
  endfacet
  facet normal 0 0 -1
    outer loop
      vertex 162.564 -24.4998 3.9
      vertex 150.736 -24.4998 3.9
      vertex 162.728 -24.1364 3.9
    endloop
  endfacet
  facet normal 0 0 -1
    outer loop
      vertex 150.572 -24.1364 3.9
      vertex 162.728 -24.1364 3.9
      vertex 150.736 -24.4998 3.9
    endloop
  endfacet
  facet normal 0 0 -1
    outer loop
      vertex 162.728 -24.1364 3.9
      vertex 150.572 -24.1364 3.9
      vertex 162.934 -23.7954 3.9
    endloop
  endfacet
  facet normal 0 0 -1
    outer loop
      vertex 150.366 -23.7954 3.9
      vertex 162.934 -23.7954 3.9
      vertex 150.572 -24.1364 3.9
    endloop
  endfacet
  facet normal 0 0 -1
    outer loop
      vertex 162.934 -23.7954 3.9
      vertex 150.366 -23.7954 3.9
      vertex 163.18 -23.4817 3.9
    endloop
  endfacet
  facet normal 0 0 -1
    outer loop
      vertex 150.12 -23.4817 3.9
      vertex 163.18 -23.4817 3.9
      vertex 150.366 -23.7954 3.9
    endloop
  endfacet
  facet normal 0 0 -1
    outer loop
      vertex 163.18 -23.4817 3.9
      vertex 150.12 -23.4817 3.9
      vertex 163.462 -23.1999 3.9
    endloop
  endfacet
  facet normal 0 0 -1
    outer loop
      vertex 149.838 -23.1999 3.9
      vertex 163.462 -23.1999 3.9
      vertex 150.12 -23.4817 3.9
    endloop
  endfacet
  facet normal 0 0 -1
    outer loop
      vertex 163.462 -23.1999 3.9
      vertex 149.838 -23.1999 3.9
      vertex 163.775 -22.9542 3.9
    endloop
  endfacet
  facet normal 0 0 -1
    outer loop
      vertex 149.525 -22.9542 3.9
      vertex 163.775 -22.9542 3.9
      vertex 149.838 -23.1999 3.9
    endloop
  endfacet
  facet normal 0 0 -1
    outer loop
      vertex 163.775 -22.9542 3.9
      vertex 149.525 -22.9542 3.9
      vertex 164.116 -22.748 3.9
    endloop
  endfacet
  facet normal 0 0 -1
    outer loop
      vertex 149.184 -22.748 3.9
      vertex 164.116 -22.748 3.9
      vertex 149.525 -22.9542 3.9
    endloop
  endfacet
  facet normal 0 0 -1
    outer loop
      vertex 148.82 -22.5844 3.9
      vertex 164.116 -22.748 3.9
      vertex 149.184 -22.748 3.9
    endloop
  endfacet
  facet normal 0 0 -1
    outer loop
      vertex 164.48 -22.5844 3.9
      vertex 148.82 -22.5844 3.9
      vertex 148.44 -22.4659 3.9
    endloop
  endfacet
  facet normal 0 0 -1
    outer loop
      vertex 148.048 -22.3941 3.9
      vertex 175.063 -17.6421 3.9
      vertex 148.44 -22.4659 3.9
    endloop
  endfacet
  facet normal -0 0 -1
    outer loop
      vertex 175.415 -17.4572 3.9
      vertex 148.048 -22.3941 3.9
      vertex 185 -12 3.9
    endloop
  endfacet
  facet normal 0 0 -1
    outer loop
      vertex 147.65 -22.37 3.9
      vertex 185 -12 3.9
      vertex 148.048 -22.3941 3.9
    endloop
  endfacet
  facet normal 0 0 -1
    outer loop
      vertex 147.252 -22.3941 3.9
      vertex 185 -12 3.9
      vertex 147.65 -22.37 3.9
    endloop
  endfacet
  facet normal 0 0 -1
    outer loop
      vertex 130.048 -22.3941 3.9
      vertex 147.252 -22.3941 3.9
      vertex 146.86 -22.4659 3.9
    endloop
  endfacet
  facet normal 0 0 -1
    outer loop
      vertex 144.446 -26.4597 3.9
      vertex 132.95 -25.67 3.9
      vertex 144.374 -26.0678 3.9
    endloop
  endfacet
  facet normal 0 0 -1
    outer loop
      vertex 144.374 -26.0678 3.9
      vertex 132.95 -25.67 3.9
      vertex 144.35 -25.67 3.9
    endloop
  endfacet
  facet normal 0 0 -1
    outer loop
      vertex 144.35 -25.67 3.9
      vertex 132.95 -25.67 3.9
      vertex 144.374 -25.2722 3.9
    endloop
  endfacet
  facet normal 0 0 -1
    outer loop
      vertex 132.926 -25.2722 3.9
      vertex 144.374 -25.2722 3.9
      vertex 132.95 -25.67 3.9
    endloop
  endfacet
  facet normal 0 0 -1
    outer loop
      vertex 144.374 -25.2722 3.9
      vertex 132.926 -25.2722 3.9
      vertex 144.446 -24.8803 3.9
    endloop
  endfacet
  facet normal 0 0 -1
    outer loop
      vertex 132.854 -24.8803 3.9
      vertex 144.446 -24.8803 3.9
      vertex 132.926 -25.2722 3.9
    endloop
  endfacet
  facet normal 0 0 -1
    outer loop
      vertex 144.446 -24.8803 3.9
      vertex 132.854 -24.8803 3.9
      vertex 144.564 -24.4998 3.9
    endloop
  endfacet
  facet normal 0 0 -1
    outer loop
      vertex 132.736 -24.4998 3.9
      vertex 144.564 -24.4998 3.9
      vertex 132.854 -24.8803 3.9
    endloop
  endfacet
  facet normal 0 0 -1
    outer loop
      vertex 144.564 -24.4998 3.9
      vertex 132.736 -24.4998 3.9
      vertex 144.728 -24.1364 3.9
    endloop
  endfacet
  facet normal 0 0 -1
    outer loop
      vertex 132.572 -24.1364 3.9
      vertex 144.728 -24.1364 3.9
      vertex 132.736 -24.4998 3.9
    endloop
  endfacet
  facet normal 0 0 -1
    outer loop
      vertex 144.728 -24.1364 3.9
      vertex 132.572 -24.1364 3.9
      vertex 144.934 -23.7954 3.9
    endloop
  endfacet
  facet normal 0 0 -1
    outer loop
      vertex 132.366 -23.7954 3.9
      vertex 144.934 -23.7954 3.9
      vertex 132.572 -24.1364 3.9
    endloop
  endfacet
  facet normal 0 0 -1
    outer loop
      vertex 144.934 -23.7954 3.9
      vertex 132.366 -23.7954 3.9
      vertex 145.18 -23.4817 3.9
    endloop
  endfacet
  facet normal 0 0 -1
    outer loop
      vertex 132.12 -23.4817 3.9
      vertex 145.18 -23.4817 3.9
      vertex 132.366 -23.7954 3.9
    endloop
  endfacet
  facet normal 0 0 -1
    outer loop
      vertex 145.18 -23.4817 3.9
      vertex 132.12 -23.4817 3.9
      vertex 145.462 -23.1999 3.9
    endloop
  endfacet
  facet normal 0 0 -1
    outer loop
      vertex 131.838 -23.1999 3.9
      vertex 145.462 -23.1999 3.9
      vertex 132.12 -23.4817 3.9
    endloop
  endfacet
  facet normal 0 0 -1
    outer loop
      vertex 145.462 -23.1999 3.9
      vertex 131.838 -23.1999 3.9
      vertex 145.775 -22.9542 3.9
    endloop
  endfacet
  facet normal 0 0 -1
    outer loop
      vertex 131.525 -22.9542 3.9
      vertex 145.775 -22.9542 3.9
      vertex 131.838 -23.1999 3.9
    endloop
  endfacet
  facet normal 0 0 -1
    outer loop
      vertex 145.775 -22.9542 3.9
      vertex 131.525 -22.9542 3.9
      vertex 146.116 -22.748 3.9
    endloop
  endfacet
  facet normal 0 0 -1
    outer loop
      vertex 131.184 -22.748 3.9
      vertex 146.116 -22.748 3.9
      vertex 131.525 -22.9542 3.9
    endloop
  endfacet
  facet normal 0 0 -1
    outer loop
      vertex 146.116 -22.748 3.9
      vertex 131.184 -22.748 3.9
      vertex 146.48 -22.5844 3.9
    endloop
  endfacet
  facet normal 0 0 -1
    outer loop
      vertex 130.82 -22.5844 3.9
      vertex 146.48 -22.5844 3.9
      vertex 131.184 -22.748 3.9
    endloop
  endfacet
  facet normal 0 0 -1
    outer loop
      vertex 146.48 -22.5844 3.9
      vertex 130.82 -22.5844 3.9
      vertex 146.86 -22.4659 3.9
    endloop
  endfacet
  facet normal 0 0 -1
    outer loop
      vertex 130.44 -22.4659 3.9
      vertex 146.86 -22.4659 3.9
      vertex 130.82 -22.5844 3.9
    endloop
  endfacet
  facet normal 0 0 -1
    outer loop
      vertex 130.048 -22.3941 3.9
      vertex 146.86 -22.4659 3.9
      vertex 130.44 -22.4659 3.9
    endloop
  endfacet
  facet normal 0 0 -1
    outer loop
      vertex 147.252 -22.3941 3.9
      vertex 130.048 -22.3941 3.9
      vertex 185 -12 3.9
    endloop
  endfacet
  facet normal 0 0 -1
    outer loop
      vertex 129.65 -22.37 3.9
      vertex 185 -12 3.9
      vertex 130.048 -22.3941 3.9
    endloop
  endfacet
  facet normal 0 0 -1
    outer loop
      vertex 111.65 -22.37 3.9
      vertex 129.65 -22.37 3.9
      vertex 129.252 -22.3941 3.9
    endloop
  endfacet
  facet normal 0 0 -1
    outer loop
      vertex 112.048 -22.3941 3.9
      vertex 129.252 -22.3941 3.9
      vertex 128.86 -22.4659 3.9
    endloop
  endfacet
  facet normal 0 0 -1
    outer loop
      vertex 126.446 -26.4597 3.9
      vertex 114.95 -25.67 3.9
      vertex 126.374 -26.0678 3.9
    endloop
  endfacet
  facet normal 0 0 -1
    outer loop
      vertex 126.374 -26.0678 3.9
      vertex 114.95 -25.67 3.9
      vertex 126.35 -25.67 3.9
    endloop
  endfacet
  facet normal 0 0 -1
    outer loop
      vertex 126.35 -25.67 3.9
      vertex 114.95 -25.67 3.9
      vertex 126.374 -25.2722 3.9
    endloop
  endfacet
  facet normal 0 0 -1
    outer loop
      vertex 114.926 -25.2722 3.9
      vertex 126.374 -25.2722 3.9
      vertex 114.95 -25.67 3.9
    endloop
  endfacet
  facet normal 0 0 -1
    outer loop
      vertex 126.374 -25.2722 3.9
      vertex 114.926 -25.2722 3.9
      vertex 126.446 -24.8803 3.9
    endloop
  endfacet
  facet normal 0 0 -1
    outer loop
      vertex 114.854 -24.8803 3.9
      vertex 126.446 -24.8803 3.9
      vertex 114.926 -25.2722 3.9
    endloop
  endfacet
  facet normal 0 0 -1
    outer loop
      vertex 126.446 -24.8803 3.9
      vertex 114.854 -24.8803 3.9
      vertex 126.564 -24.4998 3.9
    endloop
  endfacet
  facet normal 0 0 -1
    outer loop
      vertex 114.736 -24.4998 3.9
      vertex 126.564 -24.4998 3.9
      vertex 114.854 -24.8803 3.9
    endloop
  endfacet
  facet normal 0 0 -1
    outer loop
      vertex 126.564 -24.4998 3.9
      vertex 114.736 -24.4998 3.9
      vertex 126.728 -24.1364 3.9
    endloop
  endfacet
  facet normal 0 0 -1
    outer loop
      vertex 114.572 -24.1364 3.9
      vertex 126.728 -24.1364 3.9
      vertex 114.736 -24.4998 3.9
    endloop
  endfacet
  facet normal 0 0 -1
    outer loop
      vertex 126.728 -24.1364 3.9
      vertex 114.572 -24.1364 3.9
      vertex 126.934 -23.7954 3.9
    endloop
  endfacet
  facet normal 0 0 -1
    outer loop
      vertex 114.366 -23.7954 3.9
      vertex 126.934 -23.7954 3.9
      vertex 114.572 -24.1364 3.9
    endloop
  endfacet
  facet normal 0 0 -1
    outer loop
      vertex 126.934 -23.7954 3.9
      vertex 114.366 -23.7954 3.9
      vertex 127.18 -23.4817 3.9
    endloop
  endfacet
  facet normal 0 0 -1
    outer loop
      vertex 114.12 -23.4817 3.9
      vertex 127.18 -23.4817 3.9
      vertex 114.366 -23.7954 3.9
    endloop
  endfacet
  facet normal 0 0 -1
    outer loop
      vertex 127.18 -23.4817 3.9
      vertex 114.12 -23.4817 3.9
      vertex 127.462 -23.1999 3.9
    endloop
  endfacet
  facet normal 0 0 -1
    outer loop
      vertex 113.838 -23.1999 3.9
      vertex 127.462 -23.1999 3.9
      vertex 114.12 -23.4817 3.9
    endloop
  endfacet
  facet normal 0 0 -1
    outer loop
      vertex 127.462 -23.1999 3.9
      vertex 113.838 -23.1999 3.9
      vertex 127.775 -22.9542 3.9
    endloop
  endfacet
  facet normal 0 0 -1
    outer loop
      vertex 113.525 -22.9542 3.9
      vertex 127.775 -22.9542 3.9
      vertex 113.838 -23.1999 3.9
    endloop
  endfacet
  facet normal 0 0 -1
    outer loop
      vertex 127.775 -22.9542 3.9
      vertex 113.525 -22.9542 3.9
      vertex 128.116 -22.748 3.9
    endloop
  endfacet
  facet normal 0 0 -1
    outer loop
      vertex 113.184 -22.748 3.9
      vertex 128.116 -22.748 3.9
      vertex 113.525 -22.9542 3.9
    endloop
  endfacet
  facet normal 0 0 -1
    outer loop
      vertex 128.116 -22.748 3.9
      vertex 113.184 -22.748 3.9
      vertex 128.48 -22.5844 3.9
    endloop
  endfacet
  facet normal 0 0 -1
    outer loop
      vertex 112.82 -22.5844 3.9
      vertex 128.48 -22.5844 3.9
      vertex 113.184 -22.748 3.9
    endloop
  endfacet
  facet normal 0 0 -1
    outer loop
      vertex 128.48 -22.5844 3.9
      vertex 112.82 -22.5844 3.9
      vertex 128.86 -22.4659 3.9
    endloop
  endfacet
  facet normal 0 0 -1
    outer loop
      vertex 112.44 -22.4659 3.9
      vertex 128.86 -22.4659 3.9
      vertex 112.82 -22.5844 3.9
    endloop
  endfacet
  facet normal 0 0 -1
    outer loop
      vertex 112.048 -22.3941 3.9
      vertex 128.86 -22.4659 3.9
      vertex 112.44 -22.4659 3.9
    endloop
  endfacet
  facet normal 0 0 -1
    outer loop
      vertex 129.252 -22.3941 3.9
      vertex 112.048 -22.3941 3.9
      vertex 111.65 -22.37 3.9
    endloop
  endfacet
  facet normal 0 0 -1
    outer loop
      vertex 129.65 -22.37 3.9
      vertex 111.65 -22.37 3.9
      vertex 185 -12 3.9
    endloop
  endfacet
  facet normal 0 0 -1
    outer loop
      vertex 93.65 -22.37 3.9
      vertex 111.65 -22.37 3.9
      vertex 111.252 -22.3941 3.9
    endloop
  endfacet
  facet normal 0 0 -1
    outer loop
      vertex 108.446 -26.4597 3.9
      vertex 96.95 -25.67 3.9
      vertex 108.374 -26.0678 3.9
    endloop
  endfacet
  facet normal 0 0 -1
    outer loop
      vertex 108.374 -26.0678 3.9
      vertex 96.95 -25.67 3.9
      vertex 108.35 -25.67 3.9
    endloop
  endfacet
  facet normal 0 0 -1
    outer loop
      vertex 108.35 -25.67 3.9
      vertex 96.95 -25.67 3.9
      vertex 108.374 -25.2722 3.9
    endloop
  endfacet
  facet normal 0 0 -1
    outer loop
      vertex 96.9259 -25.2722 3.9
      vertex 108.374 -25.2722 3.9
      vertex 96.95 -25.67 3.9
    endloop
  endfacet
  facet normal 0 0 -1
    outer loop
      vertex 108.374 -25.2722 3.9
      vertex 96.9259 -25.2722 3.9
      vertex 108.446 -24.8803 3.9
    endloop
  endfacet
  facet normal 0 0 -1
    outer loop
      vertex 96.8541 -24.8803 3.9
      vertex 108.446 -24.8803 3.9
      vertex 96.9259 -25.2722 3.9
    endloop
  endfacet
  facet normal 0 0 -1
    outer loop
      vertex 108.446 -24.8803 3.9
      vertex 96.8541 -24.8803 3.9
      vertex 108.564 -24.4998 3.9
    endloop
  endfacet
  facet normal 0 0 -1
    outer loop
      vertex 96.7355 -24.4998 3.9
      vertex 108.564 -24.4998 3.9
      vertex 96.8541 -24.8803 3.9
    endloop
  endfacet
  facet normal 0 0 -1
    outer loop
      vertex 108.564 -24.4998 3.9
      vertex 96.7355 -24.4998 3.9
      vertex 108.728 -24.1364 3.9
    endloop
  endfacet
  facet normal 0 0 -1
    outer loop
      vertex 96.572 -24.1364 3.9
      vertex 108.728 -24.1364 3.9
      vertex 96.7355 -24.4998 3.9
    endloop
  endfacet
  facet normal 0 0 -1
    outer loop
      vertex 108.728 -24.1364 3.9
      vertex 96.572 -24.1364 3.9
      vertex 108.934 -23.7954 3.9
    endloop
  endfacet
  facet normal 0 0 -1
    outer loop
      vertex 96.3658 -23.7954 3.9
      vertex 108.934 -23.7954 3.9
      vertex 96.572 -24.1364 3.9
    endloop
  endfacet
  facet normal 0 0 -1
    outer loop
      vertex 108.934 -23.7954 3.9
      vertex 96.3658 -23.7954 3.9
      vertex 109.18 -23.4817 3.9
    endloop
  endfacet
  facet normal 0 0 -1
    outer loop
      vertex 96.1201 -23.4817 3.9
      vertex 109.18 -23.4817 3.9
      vertex 96.3658 -23.7954 3.9
    endloop
  endfacet
  facet normal 0 0 -1
    outer loop
      vertex 109.18 -23.4817 3.9
      vertex 96.1201 -23.4817 3.9
      vertex 109.462 -23.1999 3.9
    endloop
  endfacet
  facet normal 0 0 -1
    outer loop
      vertex 95.8383 -23.1999 3.9
      vertex 109.462 -23.1999 3.9
      vertex 96.1201 -23.4817 3.9
    endloop
  endfacet
  facet normal 0 0 -1
    outer loop
      vertex 109.462 -23.1999 3.9
      vertex 95.8383 -23.1999 3.9
      vertex 109.775 -22.9542 3.9
    endloop
  endfacet
  facet normal 0 0 -1
    outer loop
      vertex 95.5246 -22.9542 3.9
      vertex 109.775 -22.9542 3.9
      vertex 95.8383 -23.1999 3.9
    endloop
  endfacet
  facet normal 0 0 -1
    outer loop
      vertex 109.775 -22.9542 3.9
      vertex 95.5246 -22.9542 3.9
      vertex 110.116 -22.748 3.9
    endloop
  endfacet
  facet normal 0 0 -1
    outer loop
      vertex 95.1836 -22.748 3.9
      vertex 110.116 -22.748 3.9
      vertex 95.5246 -22.9542 3.9
    endloop
  endfacet
  facet normal 0 0 -1
    outer loop
      vertex 110.116 -22.748 3.9
      vertex 95.1836 -22.748 3.9
      vertex 110.48 -22.5844 3.9
    endloop
  endfacet
  facet normal 0 0 -1
    outer loop
      vertex 94.8202 -22.5844 3.9
      vertex 110.48 -22.5844 3.9
      vertex 95.1836 -22.748 3.9
    endloop
  endfacet
  facet normal 0 0 -1
    outer loop
      vertex 110.48 -22.5844 3.9
      vertex 94.8202 -22.5844 3.9
      vertex 110.86 -22.4659 3.9
    endloop
  endfacet
  facet normal 0 0 -1
    outer loop
      vertex 94.4397 -22.4659 3.9
      vertex 110.86 -22.4659 3.9
      vertex 94.8202 -22.5844 3.9
    endloop
  endfacet
  facet normal 0 0 -1
    outer loop
      vertex 110.86 -22.4659 3.9
      vertex 94.4397 -22.4659 3.9
      vertex 111.252 -22.3941 3.9
    endloop
  endfacet
  facet normal 0 0 -1
    outer loop
      vertex 94.0478 -22.3941 3.9
      vertex 111.252 -22.3941 3.9
      vertex 94.4397 -22.4659 3.9
    endloop
  endfacet
  facet normal 0 0 -1
    outer loop
      vertex 93.65 -22.37 3.9
      vertex 111.252 -22.3941 3.9
      vertex 94.0478 -22.3941 3.9
    endloop
  endfacet
  facet normal 0 0 -1
    outer loop
      vertex 111.65 -22.37 3.9
      vertex 93.65 -22.37 3.9
      vertex 185 -12 3.9
    endloop
  endfacet
  facet normal 0 0 -1
    outer loop
      vertex 75.65 -22.37 3.9
      vertex 93.65 -22.37 3.9
      vertex 93.2522 -22.3941 3.9
    endloop
  endfacet
  facet normal 0 0 -1
    outer loop
      vertex 90.4459 -26.4597 3.9
      vertex 78.95 -25.67 3.9
      vertex 90.3741 -26.0678 3.9
    endloop
  endfacet
  facet normal 0 0 -1
    outer loop
      vertex 90.3741 -26.0678 3.9
      vertex 78.95 -25.67 3.9
      vertex 90.35 -25.67 3.9
    endloop
  endfacet
  facet normal 0 0 -1
    outer loop
      vertex 90.35 -25.67 3.9
      vertex 78.95 -25.67 3.9
      vertex 90.3741 -25.2722 3.9
    endloop
  endfacet
  facet normal 0 0 -1
    outer loop
      vertex 78.9259 -25.2722 3.9
      vertex 90.3741 -25.2722 3.9
      vertex 78.95 -25.67 3.9
    endloop
  endfacet
  facet normal 0 0 -1
    outer loop
      vertex 90.3741 -25.2722 3.9
      vertex 78.9259 -25.2722 3.9
      vertex 90.4459 -24.8803 3.9
    endloop
  endfacet
  facet normal 0 0 -1
    outer loop
      vertex 78.8541 -24.8803 3.9
      vertex 90.4459 -24.8803 3.9
      vertex 78.9259 -25.2722 3.9
    endloop
  endfacet
  facet normal 0 0 -1
    outer loop
      vertex 90.4459 -24.8803 3.9
      vertex 78.8541 -24.8803 3.9
      vertex 90.5644 -24.4998 3.9
    endloop
  endfacet
  facet normal 0 0 -1
    outer loop
      vertex 78.7355 -24.4998 3.9
      vertex 90.5644 -24.4998 3.9
      vertex 78.8541 -24.8803 3.9
    endloop
  endfacet
  facet normal 0 0 -1
    outer loop
      vertex 90.5644 -24.4998 3.9
      vertex 78.7355 -24.4998 3.9
      vertex 90.728 -24.1364 3.9
    endloop
  endfacet
  facet normal 0 0 -1
    outer loop
      vertex 78.572 -24.1364 3.9
      vertex 90.728 -24.1364 3.9
      vertex 78.7355 -24.4998 3.9
    endloop
  endfacet
  facet normal 0 0 -1
    outer loop
      vertex 90.728 -24.1364 3.9
      vertex 78.572 -24.1364 3.9
      vertex 90.9342 -23.7954 3.9
    endloop
  endfacet
  facet normal 0 0 -1
    outer loop
      vertex 78.3658 -23.7954 3.9
      vertex 90.9342 -23.7954 3.9
      vertex 78.572 -24.1364 3.9
    endloop
  endfacet
  facet normal 0 0 -1
    outer loop
      vertex 90.9342 -23.7954 3.9
      vertex 78.3658 -23.7954 3.9
      vertex 91.1799 -23.4817 3.9
    endloop
  endfacet
  facet normal 0 0 -1
    outer loop
      vertex 78.1201 -23.4817 3.9
      vertex 91.1799 -23.4817 3.9
      vertex 78.3658 -23.7954 3.9
    endloop
  endfacet
  facet normal 0 0 -1
    outer loop
      vertex 91.1799 -23.4817 3.9
      vertex 78.1201 -23.4817 3.9
      vertex 91.4617 -23.1999 3.9
    endloop
  endfacet
  facet normal 0 0 -1
    outer loop
      vertex 77.8383 -23.1999 3.9
      vertex 91.4617 -23.1999 3.9
      vertex 78.1201 -23.4817 3.9
    endloop
  endfacet
  facet normal 0 0 -1
    outer loop
      vertex 91.4617 -23.1999 3.9
      vertex 77.8383 -23.1999 3.9
      vertex 91.7754 -22.9542 3.9
    endloop
  endfacet
  facet normal 0 0 -1
    outer loop
      vertex 77.5246 -22.9542 3.9
      vertex 91.7754 -22.9542 3.9
      vertex 77.8383 -23.1999 3.9
    endloop
  endfacet
  facet normal 0 0 -1
    outer loop
      vertex 91.7754 -22.9542 3.9
      vertex 77.5246 -22.9542 3.9
      vertex 92.1164 -22.748 3.9
    endloop
  endfacet
  facet normal 0 0 -1
    outer loop
      vertex 77.1836 -22.748 3.9
      vertex 92.1164 -22.748 3.9
      vertex 77.5246 -22.9542 3.9
    endloop
  endfacet
  facet normal 0 0 -1
    outer loop
      vertex 92.1164 -22.748 3.9
      vertex 77.1836 -22.748 3.9
      vertex 92.4798 -22.5844 3.9
    endloop
  endfacet
  facet normal 0 0 -1
    outer loop
      vertex 76.8202 -22.5844 3.9
      vertex 92.4798 -22.5844 3.9
      vertex 77.1836 -22.748 3.9
    endloop
  endfacet
  facet normal 0 0 -1
    outer loop
      vertex 92.4798 -22.5844 3.9
      vertex 76.8202 -22.5844 3.9
      vertex 92.8603 -22.4659 3.9
    endloop
  endfacet
  facet normal 0 0 -1
    outer loop
      vertex 76.4397 -22.4659 3.9
      vertex 92.8603 -22.4659 3.9
      vertex 76.8202 -22.5844 3.9
    endloop
  endfacet
  facet normal 0 0 -1
    outer loop
      vertex 92.8603 -22.4659 3.9
      vertex 76.4397 -22.4659 3.9
      vertex 93.2522 -22.3941 3.9
    endloop
  endfacet
  facet normal 0 0 -1
    outer loop
      vertex 76.0478 -22.3941 3.9
      vertex 93.2522 -22.3941 3.9
      vertex 76.4397 -22.4659 3.9
    endloop
  endfacet
  facet normal 0 0 -1
    outer loop
      vertex 75.65 -22.37 3.9
      vertex 93.2522 -22.3941 3.9
      vertex 76.0478 -22.3941 3.9
    endloop
  endfacet
  facet normal 0 0 -1
    outer loop
      vertex 93.65 -22.37 3.9
      vertex 75.65 -22.37 3.9
      vertex -5 -12 3.9
    endloop
  endfacet
  facet normal 0 0 -1
    outer loop
      vertex -5 -12 3.9
      vertex 75.65 -22.37 3.9
      vertex 75.2522 -22.3941 3.9
    endloop
  endfacet
  facet normal 0 0 -1
    outer loop
      vertex 5.65 -19 3.9
      vertex 72.3741 -25.2722 3.9
      vertex 72.35 -25.67 3.9
    endloop
  endfacet
  facet normal 0 0 -1
    outer loop
      vertex 5.65 -19 3.9
      vertex 72.4459 -24.8803 3.9
      vertex 72.3741 -25.2722 3.9
    endloop
  endfacet
  facet normal 0 0 -1
    outer loop
      vertex 5.65 -19 3.9
      vertex 72.5644 -24.4998 3.9
      vertex 72.4459 -24.8803 3.9
    endloop
  endfacet
  facet normal 0 0 -1
    outer loop
      vertex 5.60205 -18.6051 3.9
      vertex 72.5644 -24.4998 3.9
      vertex 5.65 -19 3.9
    endloop
  endfacet
  facet normal 0 0 -1
    outer loop
      vertex 72.5644 -24.4998 3.9
      vertex 5.60205 -18.6051 3.9
      vertex 72.728 -24.1364 3.9
    endloop
  endfacet
  facet normal 0 0 -1
    outer loop
      vertex 5.461 -18.2332 3.9
      vertex 72.728 -24.1364 3.9
      vertex 5.60205 -18.6051 3.9
    endloop
  endfacet
  facet normal 0 0 -1
    outer loop
      vertex 72.728 -24.1364 3.9
      vertex 5.461 -18.2332 3.9
      vertex 72.9342 -23.7954 3.9
    endloop
  endfacet
  facet normal 0 0 -1
    outer loop
      vertex 72.9342 -23.7954 3.9
      vertex 5.461 -18.2332 3.9
      vertex 73.1799 -23.4817 3.9
    endloop
  endfacet
  facet normal 0 0 -1
    outer loop
      vertex 5.23504 -17.9058 3.9
      vertex 73.1799 -23.4817 3.9
      vertex 5.461 -18.2332 3.9
    endloop
  endfacet
  facet normal 0 0 -1
    outer loop
      vertex 73.1799 -23.4817 3.9
      vertex 5.23504 -17.9058 3.9
      vertex 73.4617 -23.1999 3.9
    endloop
  endfacet
  facet normal 0 0 -1
    outer loop
      vertex 73.4617 -23.1999 3.9
      vertex 5.23504 -17.9058 3.9
      vertex 73.7754 -22.9542 3.9
    endloop
  endfacet
  facet normal 0 0 -1
    outer loop
      vertex 4.93731 -17.6421 3.9
      vertex 73.7754 -22.9542 3.9
      vertex 5.23504 -17.9058 3.9
    endloop
  endfacet
  facet normal 0 0 -1
    outer loop
      vertex 73.7754 -22.9542 3.9
      vertex 4.93731 -17.6421 3.9
      vertex 74.1164 -22.748 3.9
    endloop
  endfacet
  facet normal 0 0 -1
    outer loop
      vertex 74.1164 -22.748 3.9
      vertex 4.93731 -17.6421 3.9
      vertex 74.4798 -22.5844 3.9
    endloop
  endfacet
  facet normal 0 0 -1
    outer loop
      vertex 4.5851 -17.4572 3.9
      vertex 74.4798 -22.5844 3.9
      vertex 4.93731 -17.6421 3.9
    endloop
  endfacet
  facet normal 0 0 -1
    outer loop
      vertex -5 -12 3.9
      vertex 74.4798 -22.5844 3.9
      vertex 4.5851 -17.4572 3.9
    endloop
  endfacet
  facet normal 0 0 -1
    outer loop
      vertex 74.4798 -22.5844 3.9
      vertex -5 -12 3.9
      vertex 74.8603 -22.4659 3.9
    endloop
  endfacet
  facet normal 0 0 -1
    outer loop
      vertex 74.8603 -22.4659 3.9
      vertex -5 -12 3.9
      vertex 75.2522 -22.3941 3.9
    endloop
  endfacet
  facet normal 0 0 -1
    outer loop
      vertex -5 -12 3.9
      vertex 4.5851 -17.4572 3.9
      vertex 4.19888 -17.362 3.9
    endloop
  endfacet
  facet normal 0 0 -1
    outer loop
      vertex -5 -12 3.9
      vertex 4.19888 -17.362 3.9
      vertex 3.80111 -17.362 3.9
    endloop
  endfacet
  facet normal 0 0 -1
    outer loop
      vertex 93.65 -22.37 3.9
      vertex -5 -12 3.9
      vertex 185 -12 3.9
    endloop
  endfacet
  facet normal 0 0 -1
    outer loop
      vertex 3.4149 -17.4572 3.9
      vertex -5 -12 3.9
      vertex 3.80111 -17.362 3.9
    endloop
  endfacet
  facet normal 0 0 -1
    outer loop
      vertex 3.06269 -17.6421 3.9
      vertex -5 -12 3.9
      vertex 3.4149 -17.4572 3.9
    endloop
  endfacet
  facet normal 0 0 -1
    outer loop
      vertex 2.76496 -17.9058 3.9
      vertex -5 -12 3.9
      vertex 3.06269 -17.6421 3.9
    endloop
  endfacet
  facet normal 0 0 -1
    outer loop
      vertex 2.539 -18.2332 3.9
      vertex -5 -12 3.9
      vertex 2.76496 -17.9058 3.9
    endloop
  endfacet
  facet normal 0 0 -1
    outer loop
      vertex 2.39795 -18.6051 3.9
      vertex -5 -12 3.9
      vertex 2.539 -18.2332 3.9
    endloop
  endfacet
  facet normal 0 0 -1
    outer loop
      vertex 2.35 -19 3.9
      vertex -5 -12 3.9
      vertex 2.39795 -18.6051 3.9
    endloop
  endfacet
  facet normal 0 0 -1
    outer loop
      vertex 2.39795 -19.3949 3.9
      vertex -5 -12 3.9
      vertex 2.35 -19 3.9
    endloop
  endfacet
  facet normal 0 0 -1
    outer loop
      vertex -5 -12 3.9
      vertex -3 -72 3.9
      vertex -5 -118 3.9
    endloop
  endfacet
  facet normal 0 1 -0
    outer loop
      vertex 185 -70 5.9
      vertex -5 -70 18.2
      vertex 185 -70 18.2
    endloop
  endfacet
  facet normal 0 1 0
    outer loop
      vertex -5 -70 18.2
      vertex 185 -70 5.9
      vertex -5 -70 5.9
    endloop
  endfacet
  facet normal -0 0 1
    outer loop
      vertex 177.461 -110.233 18.2
      vertex 185 -118 18.2
      vertex 185 -70 18.2
    endloop
  endfacet
  facet normal 0 0 1
    outer loop
      vertex 185 -118 18.2
      vertex 177.602 -110.605 18.2
      vertex 177.65 -111 18.2
    endloop
  endfacet
  facet normal 0 0 1
    outer loop
      vertex 185 -118 18.2
      vertex 177.461 -110.233 18.2
      vertex 177.602 -110.605 18.2
    endloop
  endfacet
  facet normal 0 0 1
    outer loop
      vertex 185 -70 18.2
      vertex 177.235 -109.906 18.2
      vertex 177.461 -110.233 18.2
    endloop
  endfacet
  facet normal 0 0 1
    outer loop
      vertex 185 -70 18.2
      vertex 176.937 -109.642 18.2
      vertex 177.235 -109.906 18.2
    endloop
  endfacet
  facet normal 0 0 1
    outer loop
      vertex 185 -70 18.2
      vertex 176.585 -109.457 18.2
      vertex 176.937 -109.642 18.2
    endloop
  endfacet
  facet normal 0 0 1
    outer loop
      vertex 185 -70 18.2
      vertex 176.199 -109.362 18.2
      vertex 176.585 -109.457 18.2
    endloop
  endfacet
  facet normal -0 0 1
    outer loop
      vertex 164.3 -101.3 18.2
      vertex 176.199 -109.362 18.2
      vertex 185 -70 18.2
    endloop
  endfacet
  facet normal 0 0 1
    outer loop
      vertex 176.199 -109.362 18.2
      vertex 164.3 -101.3 18.2
      vertex 175.801 -109.362 18.2
    endloop
  endfacet
  facet normal 0 0 1
    outer loop
      vertex 175.801 -109.362 18.2
      vertex 164.3 -101.3 18.2
      vertex 175.415 -109.457 18.2
    endloop
  endfacet
  facet normal 0 0 1
    outer loop
      vertex 175.415 -109.457 18.2
      vertex 164.3 -101.3 18.2
      vertex 175.063 -109.642 18.2
    endloop
  endfacet
  facet normal 0 0 1
    outer loop
      vertex 175.063 -109.642 18.2
      vertex 164.3 -101.3 18.2
      vertex 174.765 -109.906 18.2
    endloop
  endfacet
  facet normal 0 0 1
    outer loop
      vertex 174.765 -109.906 18.2
      vertex 164.3 -101.3 18.2
      vertex 174.539 -110.233 18.2
    endloop
  endfacet
  facet normal 0 0 1
    outer loop
      vertex 174.539 -110.233 18.2
      vertex 164.3 -101.3 18.2
      vertex 174.398 -110.605 18.2
    endloop
  endfacet
  facet normal 0 0 1
    outer loop
      vertex 164.3 -101.3 18.2
      vertex 185 -70 18.2
      vertex 164.3 -73 18.2
    endloop
  endfacet
  facet normal 0 0 1
    outer loop
      vertex 185 -70 18.2
      vertex 137.8 -73 18.2
      vertex 164.3 -73 18.2
    endloop
  endfacet
  facet normal 0 0 1
    outer loop
      vertex 137.8 -73 18.2
      vertex 116.1 -103.8 18.2
      vertex 137.8 -101.3 18.2
    endloop
  endfacet
  facet normal 0 0 1
    outer loop
      vertex 137.8 -73 18.2
      vertex 105.3 -103.8 18.2
      vertex 116.1 -103.8 18.2
    endloop
  endfacet
  facet normal 0 0 1
    outer loop
      vertex 105.3 -103.8 18.2
      vertex 5.65 -111 18.2
      vertex 105.3 -115 18.2
    endloop
  endfacet
  facet normal 0 0 1
    outer loop
      vertex -5 -70 18.2
      vertex 105.3 -103.8 18.2
      vertex 137.8 -73 18.2
    endloop
  endfacet
  facet normal 0 0 1
    outer loop
      vertex 105.3 -103.8 18.2
      vertex 5.60205 -110.605 18.2
      vertex 5.65 -111 18.2
    endloop
  endfacet
  facet normal 0 0 1
    outer loop
      vertex 105.3 -103.8 18.2
      vertex 5.461 -110.233 18.2
      vertex 5.60205 -110.605 18.2
    endloop
  endfacet
  facet normal 0 0 1
    outer loop
      vertex 105.3 -103.8 18.2
      vertex -5 -70 18.2
      vertex 5.461 -110.233 18.2
    endloop
  endfacet
  facet normal 0 0 1
    outer loop
      vertex 5.461 -110.233 18.2
      vertex -5 -70 18.2
      vertex 5.23504 -109.906 18.2
    endloop
  endfacet
  facet normal 0 0 1
    outer loop
      vertex 5.23504 -109.906 18.2
      vertex -5 -70 18.2
      vertex 4.93731 -109.642 18.2
    endloop
  endfacet
  facet normal 0 0 1
    outer loop
      vertex 4.93731 -109.642 18.2
      vertex -5 -70 18.2
      vertex 4.5851 -109.457 18.2
    endloop
  endfacet
  facet normal 0 0 1
    outer loop
      vertex 4.5851 -109.457 18.2
      vertex -5 -70 18.2
      vertex 4.19888 -109.362 18.2
    endloop
  endfacet
  facet normal 0 0 1
    outer loop
      vertex 4.19888 -109.362 18.2
      vertex -5 -70 18.2
      vertex 3.80111 -109.362 18.2
    endloop
  endfacet
  facet normal 0 0 1
    outer loop
      vertex 2.539 -110.233 18.2
      vertex -5 -118 18.2
      vertex 2.39795 -110.605 18.2
    endloop
  endfacet
  facet normal 0 0 1
    outer loop
      vertex -5 -118 18.2
      vertex 2.539 -110.233 18.2
      vertex -5 -70 18.2
    endloop
  endfacet
  facet normal 0 0 1
    outer loop
      vertex 2.76496 -109.906 18.2
      vertex -5 -70 18.2
      vertex 2.539 -110.233 18.2
    endloop
  endfacet
  facet normal 0 0 1
    outer loop
      vertex 3.06269 -109.642 18.2
      vertex -5 -70 18.2
      vertex 2.76496 -109.906 18.2
    endloop
  endfacet
  facet normal 0 0 1
    outer loop
      vertex 3.4149 -109.457 18.2
      vertex -5 -70 18.2
      vertex 3.06269 -109.642 18.2
    endloop
  endfacet
  facet normal 0 0 1
    outer loop
      vertex 3.80111 -109.362 18.2
      vertex -5 -70 18.2
      vertex 3.4149 -109.457 18.2
    endloop
  endfacet
  facet normal -0 0 1
    outer loop
      vertex -5 -70 18.2
      vertex 137.8 -73 18.2
      vertex 185 -70 18.2
    endloop
  endfacet
  facet normal -0 0 1
    outer loop
      vertex 177.602 -111.395 18.2
      vertex 185 -118 18.2
      vertex 177.65 -111 18.2
    endloop
  endfacet
  facet normal -0 0 1
    outer loop
      vertex 177.461 -111.767 18.2
      vertex 185 -118 18.2
      vertex 177.602 -111.395 18.2
    endloop
  endfacet
  facet normal -0 0 1
    outer loop
      vertex 177.235 -112.094 18.2
      vertex 185 -118 18.2
      vertex 177.461 -111.767 18.2
    endloop
  endfacet
  facet normal -0 0 1
    outer loop
      vertex 176.937 -112.358 18.2
      vertex 185 -118 18.2
      vertex 177.235 -112.094 18.2
    endloop
  endfacet
  facet normal -0 0 1
    outer loop
      vertex 176.585 -112.543 18.2
      vertex 185 -118 18.2
      vertex 176.937 -112.358 18.2
    endloop
  endfacet
  facet normal -0 0 1
    outer loop
      vertex 176.199 -112.638 18.2
      vertex 185 -118 18.2
      vertex 176.585 -112.543 18.2
    endloop
  endfacet
  facet normal -0 0 1
    outer loop
      vertex 175.801 -112.638 18.2
      vertex 185 -118 18.2
      vertex 176.199 -112.638 18.2
    endloop
  endfacet
  facet normal 0 0 1
    outer loop
      vertex 175.415 -112.543 18.2
      vertex 185 -118 18.2
      vertex 175.801 -112.638 18.2
    endloop
  endfacet
  facet normal 0 0 1
    outer loop
      vertex 116.1 -115 18.2
      vertex 175.415 -112.543 18.2
      vertex 175.063 -112.358 18.2
    endloop
  endfacet
  facet normal 0 0 1
    outer loop
      vertex 174.398 -110.605 18.2
      vertex 164.3 -101.3 18.2
      vertex 174.35 -111 18.2
    endloop
  endfacet
  facet normal 0 0 1
    outer loop
      vertex 174.35 -111 18.2
      vertex 164.3 -101.3 18.2
      vertex 174.398 -111.395 18.2
    endloop
  endfacet
  facet normal 0 0 1
    outer loop
      vertex 164.3 -101.3 18.2
      vertex 174.539 -111.767 18.2
      vertex 174.398 -111.395 18.2
    endloop
  endfacet
  facet normal -0 0 1
    outer loop
      vertex 137.8 -101.3 18.2
      vertex 174.539 -111.767 18.2
      vertex 164.3 -101.3 18.2
    endloop
  endfacet
  facet normal 0 0 1
    outer loop
      vertex 174.539 -111.767 18.2
      vertex 137.8 -101.3 18.2
      vertex 174.765 -112.094 18.2
    endloop
  endfacet
  facet normal 0 0 1
    outer loop
      vertex 116.1 -115 18.2
      vertex 174.765 -112.094 18.2
      vertex 137.8 -101.3 18.2
    endloop
  endfacet
  facet normal 0 0 1
    outer loop
      vertex 174.765 -112.094 18.2
      vertex 116.1 -115 18.2
      vertex 175.063 -112.358 18.2
    endloop
  endfacet
  facet normal 0 0 1
    outer loop
      vertex 116.1 -115 18.2
      vertex 137.8 -101.3 18.2
      vertex 116.1 -103.8 18.2
    endloop
  endfacet
  facet normal 0 0 1
    outer loop
      vertex 175.415 -112.543 18.2
      vertex 116.1 -115 18.2
      vertex 185 -118 18.2
    endloop
  endfacet
  facet normal -0 0 1
    outer loop
      vertex 105.3 -115 18.2
      vertex 185 -118 18.2
      vertex 116.1 -115 18.2
    endloop
  endfacet
  facet normal -0 0 1
    outer loop
      vertex 5.60205 -111.395 18.2
      vertex 105.3 -115 18.2
      vertex 5.65 -111 18.2
    endloop
  endfacet
  facet normal -0 0 1
    outer loop
      vertex 5.461 -111.767 18.2
      vertex 105.3 -115 18.2
      vertex 5.60205 -111.395 18.2
    endloop
  endfacet
  facet normal -0 0 1
    outer loop
      vertex 5.23504 -112.094 18.2
      vertex 105.3 -115 18.2
      vertex 5.461 -111.767 18.2
    endloop
  endfacet
  facet normal -0 0 1
    outer loop
      vertex 4.93731 -112.358 18.2
      vertex 105.3 -115 18.2
      vertex 5.23504 -112.094 18.2
    endloop
  endfacet
  facet normal -0 0 1
    outer loop
      vertex 4.5851 -112.543 18.2
      vertex 105.3 -115 18.2
      vertex 4.93731 -112.358 18.2
    endloop
  endfacet
  facet normal 0 0 1
    outer loop
      vertex -5 -118 18.2
      vertex 105.3 -115 18.2
      vertex 4.5851 -112.543 18.2
    endloop
  endfacet
  facet normal 0 0 1
    outer loop
      vertex -5 -118 18.2
      vertex 4.5851 -112.543 18.2
      vertex 4.19888 -112.638 18.2
    endloop
  endfacet
  facet normal 0 0 1
    outer loop
      vertex -5 -118 18.2
      vertex 4.19888 -112.638 18.2
      vertex 3.80111 -112.638 18.2
    endloop
  endfacet
  facet normal 0 0 1
    outer loop
      vertex 2.39795 -110.605 18.2
      vertex -5 -118 18.2
      vertex 2.35 -111 18.2
    endloop
  endfacet
  facet normal 0 0 1
    outer loop
      vertex 105.3 -115 18.2
      vertex -5 -118 18.2
      vertex 185 -118 18.2
    endloop
  endfacet
  facet normal 0 0 1
    outer loop
      vertex 3.4149 -112.543 18.2
      vertex -5 -118 18.2
      vertex 3.80111 -112.638 18.2
    endloop
  endfacet
  facet normal 0 0 1
    outer loop
      vertex 3.06269 -112.358 18.2
      vertex -5 -118 18.2
      vertex 3.4149 -112.543 18.2
    endloop
  endfacet
  facet normal 0 0 1
    outer loop
      vertex 2.76496 -112.094 18.2
      vertex -5 -118 18.2
      vertex 3.06269 -112.358 18.2
    endloop
  endfacet
  facet normal 0 0 1
    outer loop
      vertex 2.539 -111.767 18.2
      vertex -5 -118 18.2
      vertex 2.76496 -112.094 18.2
    endloop
  endfacet
  facet normal 0 0 1
    outer loop
      vertex 2.39795 -111.395 18.2
      vertex -5 -118 18.2
      vertex 2.539 -111.767 18.2
    endloop
  endfacet
  facet normal 0 0 1
    outer loop
      vertex 2.35 -111 18.2
      vertex -5 -118 18.2
      vertex 2.39795 -111.395 18.2
    endloop
  endfacet
  facet normal 0 -1 0
    outer loop
      vertex -5 -118 3.9
      vertex 185 -118 18.2
      vertex -5 -118 18.2
    endloop
  endfacet
  facet normal 0 -1 -0
    outer loop
      vertex 185 -118 18.2
      vertex -5 -118 3.9
      vertex 185 -118 3.9
    endloop
  endfacet
  facet normal -0.99817 -0.0604723 -3.14559e-19
    outer loop
      vertex 78.95 -25.67 3.9
      vertex 78.9259 -25.2722 5.9
      vertex 78.9259 -25.2722 3.9
    endloop
  endfacet
  facet normal -0.99817 -0.0604723 -3.14559e-19
    outer loop
      vertex 78.9259 -25.2722 5.9
      vertex 78.95 -25.67 3.9
      vertex 78.95 -25.67 5.9
    endloop
  endfacet
  facet normal 0.0604723 -0.99817 0
    outer loop
      vertex 75.2522 -22.3941 3.9
      vertex 75.65 -22.37 5.9
      vertex 75.2522 -22.3941 5.9
    endloop
  endfacet
  facet normal 0.0604723 -0.99817 0
    outer loop
      vertex 75.65 -22.37 5.9
      vertex 75.2522 -22.3941 3.9
      vertex 75.65 -22.37 3.9
    endloop
  endfacet
  facet normal -0.0604723 0.99817 0
    outer loop
      vertex 76.0478 -28.9459 3.9
      vertex 75.65 -28.97 5.9
      vertex 76.0478 -28.9459 5.9
    endloop
  endfacet
  facet normal -0.0604723 0.99817 0
    outer loop
      vertex 75.65 -28.97 5.9
      vertex 76.0478 -28.9459 3.9
      vertex 75.65 -28.97 3.9
    endloop
  endfacet
  facet normal 0.707107 0.707107 1.56431e-18
    outer loop
      vertex 73.4617 -28.1401 5.9
      vertex 73.1799 -27.8583 3.9
      vertex 73.1799 -27.8583 5.9
    endloop
  endfacet
  facet normal 0.707107 0.707107 1.56431e-18
    outer loop
      vertex 73.1799 -27.8583 3.9
      vertex 73.4617 -28.1401 5.9
      vertex 73.4617 -28.1401 3.9
    endloop
  endfacet
  facet normal -0.707107 -0.707107 0
    outer loop
      vertex 77.8383 -23.1999 3.9
      vertex 78.1201 -23.4817 5.9
      vertex 77.8383 -23.1999 5.9
    endloop
  endfacet
  facet normal -0.707107 -0.707107 -0
    outer loop
      vertex 78.1201 -23.4817 5.9
      vertex 77.8383 -23.1999 3.9
      vertex 78.1201 -23.4817 3.9
    endloop
  endfacet
  facet normal 0.787267 -0.616613 -4.25146e-20
    outer loop
      vertex 72.9342 -23.7954 5.9
      vertex 73.1799 -23.4817 3.9
      vertex 73.1799 -23.4817 5.9
    endloop
  endfacet
  facet normal 0.787267 -0.616613 -4.25146e-20
    outer loop
      vertex 73.1799 -23.4817 3.9
      vertex 72.9342 -23.7954 5.9
      vertex 72.9342 -23.7954 3.9
    endloop
  endfacet
  facet normal 0.410511 -0.911856 0
    outer loop
      vertex 74.1164 -22.748 3.9
      vertex 74.4798 -22.5844 5.9
      vertex 74.1164 -22.748 5.9
    endloop
  endfacet
  facet normal 0.410511 -0.911856 0
    outer loop
      vertex 74.4798 -22.5844 5.9
      vertex 74.1164 -22.748 3.9
      vertex 74.4798 -22.5844 3.9
    endloop
  endfacet
  facet normal -0.787267 0.616613 -4.25146e-20
    outer loop
      vertex 78.1201 -27.8583 3.9
      vertex 78.3658 -27.5446 5.9
      vertex 78.3658 -27.5446 3.9
    endloop
  endfacet
  facet normal -0.787267 0.616613 -4.25146e-20
    outer loop
      vertex 78.3658 -27.5446 5.9
      vertex 78.1201 -27.8583 3.9
      vertex 78.1201 -27.8583 5.9
    endloop
  endfacet
  facet normal -0.91195 -0.410302 2.64853e-18
    outer loop
      vertex 78.7355 -24.4998 3.9
      vertex 78.572 -24.1364 5.9
      vertex 78.572 -24.1364 3.9
    endloop
  endfacet
  facet normal -0.91195 -0.410302 2.64853e-18
    outer loop
      vertex 78.572 -24.1364 5.9
      vertex 78.7355 -24.4998 3.9
      vertex 78.7355 -24.4998 5.9
    endloop
  endfacet
  facet normal -0.983628 -0.180211 8.0574e-19
    outer loop
      vertex 78.9259 -25.2722 3.9
      vertex 78.8541 -24.8803 5.9
      vertex 78.8541 -24.8803 3.9
    endloop
  endfacet
  facet normal -0.983628 -0.180211 8.0574e-19
    outer loop
      vertex 78.8541 -24.8803 5.9
      vertex 78.9259 -25.2722 3.9
      vertex 78.9259 -25.2722 5.9
    endloop
  endfacet
  facet normal -0.855716 -0.517445 5.22891e-18
    outer loop
      vertex 78.572 -24.1364 3.9
      vertex 78.3658 -23.7954 5.9
      vertex 78.3658 -23.7954 3.9
    endloop
  endfacet
  facet normal -0.855716 -0.517445 5.22891e-18
    outer loop
      vertex 78.3658 -23.7954 5.9
      vertex 78.572 -24.1364 3.9
      vertex 78.572 -24.1364 5.9
    endloop
  endfacet
  facet normal -0.410511 -0.911856 0
    outer loop
      vertex 76.8202 -22.5844 3.9
      vertex 77.1836 -22.748 5.9
      vertex 76.8202 -22.5844 5.9
    endloop
  endfacet
  facet normal -0.410511 -0.911856 -0
    outer loop
      vertex 77.1836 -22.748 5.9
      vertex 76.8202 -22.5844 3.9
      vertex 77.1836 -22.748 3.9
    endloop
  endfacet
  facet normal -0.517445 -0.855716 0
    outer loop
      vertex 77.1836 -22.748 3.9
      vertex 77.5246 -22.9542 5.9
      vertex 77.1836 -22.748 5.9
    endloop
  endfacet
  facet normal -0.517445 -0.855716 -0
    outer loop
      vertex 77.5246 -22.9542 5.9
      vertex 77.1836 -22.748 3.9
      vertex 77.5246 -22.9542 3.9
    endloop
  endfacet
  facet normal 0.95477 -0.297346 -3.19663e-18
    outer loop
      vertex 72.4459 -24.8803 5.9
      vertex 72.5644 -24.4998 3.9
      vertex 72.5644 -24.4998 5.9
    endloop
  endfacet
  facet normal 0.95477 -0.297346 -3.19663e-18
    outer loop
      vertex 72.5644 -24.4998 3.9
      vertex 72.4459 -24.8803 5.9
      vertex 72.4459 -24.8803 3.9
    endloop
  endfacet
  facet normal 0.297346 -0.95477 0
    outer loop
      vertex 74.4798 -22.5844 3.9
      vertex 74.8603 -22.4659 5.9
      vertex 74.4798 -22.5844 5.9
    endloop
  endfacet
  facet normal 0.297346 -0.95477 0
    outer loop
      vertex 74.8603 -22.4659 5.9
      vertex 74.4798 -22.5844 3.9
      vertex 74.8603 -22.4659 3.9
    endloop
  endfacet
  facet normal -0.954698 0.297575 -3.6937e-18
    outer loop
      vertex 78.7355 -26.8402 3.9
      vertex 78.8541 -26.4597 5.9
      vertex 78.8541 -26.4597 3.9
    endloop
  endfacet
  facet normal -0.954698 0.297575 -3.6937e-18
    outer loop
      vertex 78.8541 -26.4597 5.9
      vertex 78.7355 -26.8402 3.9
      vertex 78.7355 -26.8402 5.9
    endloop
  endfacet
  facet normal 0.855716 0.517445 5.22891e-18
    outer loop
      vertex 72.9342 -27.5446 5.9
      vertex 72.728 -27.2036 3.9
      vertex 72.728 -27.2036 5.9
    endloop
  endfacet
  facet normal 0.855716 0.517445 5.22891e-18
    outer loop
      vertex 72.728 -27.2036 3.9
      vertex 72.9342 -27.5446 5.9
      vertex 72.9342 -27.5446 3.9
    endloop
  endfacet
  facet normal -0.954698 -0.297575 3.6937e-18
    outer loop
      vertex 78.8541 -24.8803 3.9
      vertex 78.7355 -24.4998 5.9
      vertex 78.7355 -24.4998 3.9
    endloop
  endfacet
  facet normal -0.954698 -0.297575 3.6937e-18
    outer loop
      vertex 78.7355 -24.4998 5.9
      vertex 78.8541 -24.8803 3.9
      vertex 78.8541 -24.8803 5.9
    endloop
  endfacet
  facet normal -0.787267 -0.616613 4.25146e-20
    outer loop
      vertex 78.3658 -23.7954 3.9
      vertex 78.1201 -23.4817 5.9
      vertex 78.1201 -23.4817 3.9
    endloop
  endfacet
  facet normal -0.787267 -0.616613 4.25146e-20
    outer loop
      vertex 78.1201 -23.4817 5.9
      vertex 78.3658 -23.7954 3.9
      vertex 78.3658 -23.7954 5.9
    endloop
  endfacet
  facet normal -0.180211 -0.983628 0
    outer loop
      vertex 76.0478 -22.3941 3.9
      vertex 76.4397 -22.4659 5.9
      vertex 76.0478 -22.3941 5.9
    endloop
  endfacet
  facet normal -0.180211 -0.983628 -0
    outer loop
      vertex 76.4397 -22.4659 5.9
      vertex 76.0478 -22.3941 3.9
      vertex 76.4397 -22.4659 3.9
    endloop
  endfacet
  facet normal -0.297346 -0.95477 0
    outer loop
      vertex 76.4397 -22.4659 3.9
      vertex 76.8202 -22.5844 5.9
      vertex 76.4397 -22.4659 5.9
    endloop
  endfacet
  facet normal -0.297346 -0.95477 -0
    outer loop
      vertex 76.8202 -22.5844 5.9
      vertex 76.4397 -22.4659 3.9
      vertex 76.8202 -22.5844 3.9
    endloop
  endfacet
  facet normal -0.0604723 -0.99817 0
    outer loop
      vertex 75.65 -22.37 3.9
      vertex 76.0478 -22.3941 5.9
      vertex 75.65 -22.37 5.9
    endloop
  endfacet
  facet normal -0.0604723 -0.99817 -0
    outer loop
      vertex 76.0478 -22.3941 5.9
      vertex 75.65 -22.37 3.9
      vertex 76.0478 -22.3941 3.9
    endloop
  endfacet
  facet normal -0.616613 -0.787267 0
    outer loop
      vertex 77.5246 -22.9542 3.9
      vertex 77.8383 -23.1999 5.9
      vertex 77.5246 -22.9542 5.9
    endloop
  endfacet
  facet normal -0.616613 -0.787267 -0
    outer loop
      vertex 77.8383 -23.1999 5.9
      vertex 77.5246 -22.9542 3.9
      vertex 77.8383 -23.1999 3.9
    endloop
  endfacet
  facet normal 0.911856 -0.410511 3.91925e-18
    outer loop
      vertex 72.5644 -24.4998 5.9
      vertex 72.728 -24.1364 3.9
      vertex 72.728 -24.1364 5.9
    endloop
  endfacet
  facet normal 0.911856 -0.410511 3.91925e-18
    outer loop
      vertex 72.728 -24.1364 3.9
      vertex 72.5644 -24.4998 5.9
      vertex 72.5644 -24.4998 3.9
    endloop
  endfacet
  facet normal 0.855716 -0.517445 -5.22891e-18
    outer loop
      vertex 72.728 -24.1364 5.9
      vertex 72.9342 -23.7954 3.9
      vertex 72.9342 -23.7954 5.9
    endloop
  endfacet
  facet normal 0.855716 -0.517445 -5.22891e-18
    outer loop
      vertex 72.9342 -23.7954 3.9
      vertex 72.728 -24.1364 5.9
      vertex 72.728 -24.1364 3.9
    endloop
  endfacet
  facet normal 0.983628 -0.180211 -8.0574e-19
    outer loop
      vertex 72.3741 -25.2722 5.9
      vertex 72.4459 -24.8803 3.9
      vertex 72.4459 -24.8803 5.9
    endloop
  endfacet
  facet normal 0.983628 -0.180211 -8.0574e-19
    outer loop
      vertex 72.4459 -24.8803 3.9
      vertex 72.3741 -25.2722 5.9
      vertex 72.3741 -25.2722 3.9
    endloop
  endfacet
  facet normal 0.99817 -0.0604723 3.14559e-19
    outer loop
      vertex 72.35 -25.67 5.9
      vertex 72.3741 -25.2722 3.9
      vertex 72.3741 -25.2722 5.9
    endloop
  endfacet
  facet normal 0.99817 -0.0604723 3.14559e-19
    outer loop
      vertex 72.3741 -25.2722 3.9
      vertex 72.35 -25.67 5.9
      vertex 72.35 -25.67 3.9
    endloop
  endfacet
  facet normal 0.99817 0.0604723 1.08501e-18
    outer loop
      vertex 72.3741 -26.0678 5.9
      vertex 72.35 -25.67 3.9
      vertex 72.35 -25.67 5.9
    endloop
  endfacet
  facet normal 0.99817 0.0604723 1.08501e-18
    outer loop
      vertex 72.35 -25.67 3.9
      vertex 72.3741 -26.0678 5.9
      vertex 72.3741 -26.0678 3.9
    endloop
  endfacet
  facet normal 0.616613 -0.787267 0
    outer loop
      vertex 73.4617 -23.1999 3.9
      vertex 73.7754 -22.9542 5.9
      vertex 73.4617 -23.1999 5.9
    endloop
  endfacet
  facet normal 0.616613 -0.787267 0
    outer loop
      vertex 73.7754 -22.9542 5.9
      vertex 73.4617 -23.1999 3.9
      vertex 73.7754 -22.9542 3.9
    endloop
  endfacet
  facet normal 0.517445 -0.855716 0
    outer loop
      vertex 73.7754 -22.9542 3.9
      vertex 74.1164 -22.748 5.9
      vertex 73.7754 -22.9542 5.9
    endloop
  endfacet
  facet normal 0.517445 -0.855716 0
    outer loop
      vertex 74.1164 -22.748 5.9
      vertex 73.7754 -22.9542 3.9
      vertex 74.1164 -22.748 3.9
    endloop
  endfacet
  facet normal 0.707107 -0.707107 -1.56431e-18
    outer loop
      vertex 73.1799 -23.4817 5.9
      vertex 73.4617 -23.1999 3.9
      vertex 73.4617 -23.1999 5.9
    endloop
  endfacet
  facet normal 0.707107 -0.707107 -1.56431e-18
    outer loop
      vertex 73.4617 -23.1999 3.9
      vertex 73.1799 -23.4817 5.9
      vertex 73.1799 -23.4817 3.9
    endloop
  endfacet
  facet normal 0.180211 -0.983628 0
    outer loop
      vertex 74.8603 -22.4659 3.9
      vertex 75.2522 -22.3941 5.9
      vertex 74.8603 -22.4659 5.9
    endloop
  endfacet
  facet normal 0.180211 -0.983628 0
    outer loop
      vertex 75.2522 -22.3941 5.9
      vertex 74.8603 -22.4659 3.9
      vertex 75.2522 -22.3941 3.9
    endloop
  endfacet
  facet normal -0.180211 0.983628 0
    outer loop
      vertex 76.4397 -28.8741 3.9
      vertex 76.0478 -28.9459 5.9
      vertex 76.4397 -28.8741 5.9
    endloop
  endfacet
  facet normal -0.180211 0.983628 0
    outer loop
      vertex 76.0478 -28.9459 5.9
      vertex 76.4397 -28.8741 3.9
      vertex 76.0478 -28.9459 3.9
    endloop
  endfacet
  facet normal -0.410511 0.911856 0
    outer loop
      vertex 77.1836 -28.592 3.9
      vertex 76.8202 -28.7556 5.9
      vertex 77.1836 -28.592 5.9
    endloop
  endfacet
  facet normal -0.410511 0.911856 0
    outer loop
      vertex 76.8202 -28.7556 5.9
      vertex 77.1836 -28.592 3.9
      vertex 76.8202 -28.7556 3.9
    endloop
  endfacet
  facet normal -0.707107 0.707107 0
    outer loop
      vertex 78.1201 -27.8583 3.9
      vertex 77.8383 -28.1401 5.9
      vertex 78.1201 -27.8583 5.9
    endloop
  endfacet
  facet normal -0.707107 0.707107 0
    outer loop
      vertex 77.8383 -28.1401 5.9
      vertex 78.1201 -27.8583 3.9
      vertex 77.8383 -28.1401 3.9
    endloop
  endfacet
  facet normal -0.517445 0.855716 0
    outer loop
      vertex 77.5246 -28.3858 3.9
      vertex 77.1836 -28.592 5.9
      vertex 77.5246 -28.3858 5.9
    endloop
  endfacet
  facet normal -0.517445 0.855716 0
    outer loop
      vertex 77.1836 -28.592 5.9
      vertex 77.5246 -28.3858 3.9
      vertex 77.1836 -28.592 3.9
    endloop
  endfacet
  facet normal -0.855716 0.517445 -5.22891e-18
    outer loop
      vertex 78.3658 -27.5446 3.9
      vertex 78.572 -27.2036 5.9
      vertex 78.572 -27.2036 3.9
    endloop
  endfacet
  facet normal -0.855716 0.517445 -5.22891e-18
    outer loop
      vertex 78.572 -27.2036 5.9
      vertex 78.3658 -27.5446 3.9
      vertex 78.3658 -27.5446 5.9
    endloop
  endfacet
  facet normal -0.983628 0.180211 -8.0574e-19
    outer loop
      vertex 78.8541 -26.4597 3.9
      vertex 78.9259 -26.0678 5.9
      vertex 78.9259 -26.0678 3.9
    endloop
  endfacet
  facet normal -0.983628 0.180211 -8.0574e-19
    outer loop
      vertex 78.9259 -26.0678 5.9
      vertex 78.8541 -26.4597 3.9
      vertex 78.8541 -26.4597 5.9
    endloop
  endfacet
  facet normal 0.616613 0.787267 -0
    outer loop
      vertex 73.7754 -28.3858 3.9
      vertex 73.4617 -28.1401 5.9
      vertex 73.7754 -28.3858 5.9
    endloop
  endfacet
  facet normal 0.616613 0.787267 0
    outer loop
      vertex 73.4617 -28.1401 5.9
      vertex 73.7754 -28.3858 3.9
      vertex 73.4617 -28.1401 3.9
    endloop
  endfacet
  facet normal 0.410511 0.911856 -0
    outer loop
      vertex 74.4798 -28.7556 3.9
      vertex 74.1164 -28.592 5.9
      vertex 74.4798 -28.7556 5.9
    endloop
  endfacet
  facet normal 0.410511 0.911856 0
    outer loop
      vertex 74.1164 -28.592 5.9
      vertex 74.4798 -28.7556 3.9
      vertex 74.1164 -28.592 3.9
    endloop
  endfacet
  facet normal 0.297346 0.95477 -0
    outer loop
      vertex 74.8603 -28.8741 3.9
      vertex 74.4798 -28.7556 5.9
      vertex 74.8603 -28.8741 5.9
    endloop
  endfacet
  facet normal 0.297346 0.95477 0
    outer loop
      vertex 74.4798 -28.7556 5.9
      vertex 74.8603 -28.8741 3.9
      vertex 74.4798 -28.7556 3.9
    endloop
  endfacet
  facet normal 0.0604723 0.99817 -0
    outer loop
      vertex 75.65 -28.97 3.9
      vertex 75.2522 -28.9459 5.9
      vertex 75.65 -28.97 5.9
    endloop
  endfacet
  facet normal 0.0604723 0.99817 0
    outer loop
      vertex 75.2522 -28.9459 5.9
      vertex 75.65 -28.97 3.9
      vertex 75.2522 -28.9459 3.9
    endloop
  endfacet
  facet normal 0.787267 0.616613 4.25146e-20
    outer loop
      vertex 73.1799 -27.8583 5.9
      vertex 72.9342 -27.5446 3.9
      vertex 72.9342 -27.5446 5.9
    endloop
  endfacet
  facet normal 0.787267 0.616613 4.25146e-20
    outer loop
      vertex 72.9342 -27.5446 3.9
      vertex 73.1799 -27.8583 5.9
      vertex 73.1799 -27.8583 3.9
    endloop
  endfacet
  facet normal 0.911856 0.410511 -3.91925e-18
    outer loop
      vertex 72.728 -27.2036 5.9
      vertex 72.5644 -26.8402 3.9
      vertex 72.5644 -26.8402 5.9
    endloop
  endfacet
  facet normal 0.911856 0.410511 -3.91925e-18
    outer loop
      vertex 72.5644 -26.8402 3.9
      vertex 72.728 -27.2036 5.9
      vertex 72.728 -27.2036 3.9
    endloop
  endfacet
  facet normal 0.983628 0.180211 8.0574e-19
    outer loop
      vertex 72.4459 -26.4597 5.9
      vertex 72.3741 -26.0678 3.9
      vertex 72.3741 -26.0678 5.9
    endloop
  endfacet
  facet normal 0.983628 0.180211 8.0574e-19
    outer loop
      vertex 72.3741 -26.0678 3.9
      vertex 72.4459 -26.4597 5.9
      vertex 72.4459 -26.4597 3.9
    endloop
  endfacet
  facet normal -0.297346 0.95477 0
    outer loop
      vertex 76.8202 -28.7556 3.9
      vertex 76.4397 -28.8741 5.9
      vertex 76.8202 -28.7556 5.9
    endloop
  endfacet
  facet normal -0.297346 0.95477 0
    outer loop
      vertex 76.4397 -28.8741 5.9
      vertex 76.8202 -28.7556 3.9
      vertex 76.4397 -28.8741 3.9
    endloop
  endfacet
  facet normal -0.616613 0.787267 0
    outer loop
      vertex 77.8383 -28.1401 3.9
      vertex 77.5246 -28.3858 5.9
      vertex 77.8383 -28.1401 5.9
    endloop
  endfacet
  facet normal -0.616613 0.787267 0
    outer loop
      vertex 77.5246 -28.3858 5.9
      vertex 77.8383 -28.1401 3.9
      vertex 77.5246 -28.3858 3.9
    endloop
  endfacet
  facet normal -0.91195 0.410302 -2.64853e-18
    outer loop
      vertex 78.572 -27.2036 3.9
      vertex 78.7355 -26.8402 5.9
      vertex 78.7355 -26.8402 3.9
    endloop
  endfacet
  facet normal -0.91195 0.410302 -2.64853e-18
    outer loop
      vertex 78.7355 -26.8402 5.9
      vertex 78.572 -27.2036 3.9
      vertex 78.572 -27.2036 5.9
    endloop
  endfacet
  facet normal -0.99817 0.0604723 -1.08501e-18
    outer loop
      vertex 78.9259 -26.0678 3.9
      vertex 78.95 -25.67 5.9
      vertex 78.95 -25.67 3.9
    endloop
  endfacet
  facet normal -0.99817 0.0604723 -1.08501e-18
    outer loop
      vertex 78.95 -25.67 5.9
      vertex 78.9259 -26.0678 3.9
      vertex 78.9259 -26.0678 5.9
    endloop
  endfacet
  facet normal 0.517445 0.855716 -0
    outer loop
      vertex 74.1164 -28.592 3.9
      vertex 73.7754 -28.3858 5.9
      vertex 74.1164 -28.592 5.9
    endloop
  endfacet
  facet normal 0.517445 0.855716 0
    outer loop
      vertex 73.7754 -28.3858 5.9
      vertex 74.1164 -28.592 3.9
      vertex 73.7754 -28.3858 3.9
    endloop
  endfacet
  facet normal 0.180211 0.983628 -0
    outer loop
      vertex 75.2522 -28.9459 3.9
      vertex 74.8603 -28.8741 5.9
      vertex 75.2522 -28.9459 5.9
    endloop
  endfacet
  facet normal 0.180211 0.983628 0
    outer loop
      vertex 74.8603 -28.8741 5.9
      vertex 75.2522 -28.9459 3.9
      vertex 74.8603 -28.8741 3.9
    endloop
  endfacet
  facet normal 0.95477 0.297346 3.19663e-18
    outer loop
      vertex 72.5644 -26.8402 5.9
      vertex 72.4459 -26.4597 3.9
      vertex 72.4459 -26.4597 5.9
    endloop
  endfacet
  facet normal 0.95477 0.297346 3.19663e-18
    outer loop
      vertex 72.4459 -26.4597 3.9
      vertex 72.5644 -26.8402 5.9
      vertex 72.5644 -26.8402 3.9
    endloop
  endfacet
  facet normal -0.99817 -0.0604723 -3.14559e-19
    outer loop
      vertex 96.95 -25.67 3.9
      vertex 96.9259 -25.2722 5.9
      vertex 96.9259 -25.2722 3.9
    endloop
  endfacet
  facet normal -0.99817 -0.0604723 -3.14559e-19
    outer loop
      vertex 96.9259 -25.2722 5.9
      vertex 96.95 -25.67 3.9
      vertex 96.95 -25.67 5.9
    endloop
  endfacet
  facet normal 0.0604723 -0.99817 0
    outer loop
      vertex 93.2522 -22.3941 3.9
      vertex 93.65 -22.37 5.9
      vertex 93.2522 -22.3941 5.9
    endloop
  endfacet
  facet normal 0.0604723 -0.99817 0
    outer loop
      vertex 93.65 -22.37 5.9
      vertex 93.2522 -22.3941 3.9
      vertex 93.65 -22.37 3.9
    endloop
  endfacet
  facet normal -0.707107 -0.707107 0
    outer loop
      vertex 95.8383 -23.1999 3.9
      vertex 96.1201 -23.4817 5.9
      vertex 95.8383 -23.1999 5.9
    endloop
  endfacet
  facet normal -0.707107 -0.707107 -0
    outer loop
      vertex 96.1201 -23.4817 5.9
      vertex 95.8383 -23.1999 3.9
      vertex 96.1201 -23.4817 3.9
    endloop
  endfacet
  facet normal 0.787267 -0.616613 -4.25146e-20
    outer loop
      vertex 90.9342 -23.7954 5.9
      vertex 91.1799 -23.4817 3.9
      vertex 91.1799 -23.4817 5.9
    endloop
  endfacet
  facet normal 0.787267 -0.616613 -4.25146e-20
    outer loop
      vertex 91.1799 -23.4817 3.9
      vertex 90.9342 -23.7954 5.9
      vertex 90.9342 -23.7954 3.9
    endloop
  endfacet
  facet normal 0.410511 -0.911856 0
    outer loop
      vertex 92.1164 -22.748 3.9
      vertex 92.4798 -22.5844 5.9
      vertex 92.1164 -22.748 5.9
    endloop
  endfacet
  facet normal 0.410511 -0.911856 0
    outer loop
      vertex 92.4798 -22.5844 5.9
      vertex 92.1164 -22.748 3.9
      vertex 92.4798 -22.5844 3.9
    endloop
  endfacet
  facet normal -0.855716 0.517445 -5.22891e-18
    outer loop
      vertex 96.3658 -27.5446 3.9
      vertex 96.572 -27.2036 5.9
      vertex 96.572 -27.2036 3.9
    endloop
  endfacet
  facet normal -0.855716 0.517445 -5.22891e-18
    outer loop
      vertex 96.572 -27.2036 5.9
      vertex 96.3658 -27.5446 3.9
      vertex 96.3658 -27.5446 5.9
    endloop
  endfacet
  facet normal 0.787267 0.616613 4.25146e-20
    outer loop
      vertex 91.1799 -27.8583 5.9
      vertex 90.9342 -27.5446 3.9
      vertex 90.9342 -27.5446 5.9
    endloop
  endfacet
  facet normal 0.787267 0.616613 4.25146e-20
    outer loop
      vertex 90.9342 -27.5446 3.9
      vertex 91.1799 -27.8583 5.9
      vertex 91.1799 -27.8583 3.9
    endloop
  endfacet
  facet normal -0.954698 -0.297575 3.6937e-18
    outer loop
      vertex 96.8541 -24.8803 3.9
      vertex 96.7355 -24.4998 5.9
      vertex 96.7355 -24.4998 3.9
    endloop
  endfacet
  facet normal -0.954698 -0.297575 3.6937e-18
    outer loop
      vertex 96.7355 -24.4998 5.9
      vertex 96.8541 -24.8803 3.9
      vertex 96.8541 -24.8803 5.9
    endloop
  endfacet
  facet normal -0.983628 -0.180211 8.0574e-19
    outer loop
      vertex 96.9259 -25.2722 3.9
      vertex 96.8541 -24.8803 5.9
      vertex 96.8541 -24.8803 3.9
    endloop
  endfacet
  facet normal -0.983628 -0.180211 8.0574e-19
    outer loop
      vertex 96.8541 -24.8803 5.9
      vertex 96.9259 -25.2722 3.9
      vertex 96.9259 -25.2722 5.9
    endloop
  endfacet
  facet normal -0.855716 -0.517445 5.22891e-18
    outer loop
      vertex 96.572 -24.1364 3.9
      vertex 96.3658 -23.7954 5.9
      vertex 96.3658 -23.7954 3.9
    endloop
  endfacet
  facet normal -0.855716 -0.517445 5.22891e-18
    outer loop
      vertex 96.3658 -23.7954 5.9
      vertex 96.572 -24.1364 3.9
      vertex 96.572 -24.1364 5.9
    endloop
  endfacet
  facet normal -0.410511 -0.911856 0
    outer loop
      vertex 94.8202 -22.5844 3.9
      vertex 95.1836 -22.748 5.9
      vertex 94.8202 -22.5844 5.9
    endloop
  endfacet
  facet normal -0.410511 -0.911856 -0
    outer loop
      vertex 95.1836 -22.748 5.9
      vertex 94.8202 -22.5844 3.9
      vertex 95.1836 -22.748 3.9
    endloop
  endfacet
  facet normal -0.616613 -0.787267 0
    outer loop
      vertex 95.5246 -22.9542 3.9
      vertex 95.8383 -23.1999 5.9
      vertex 95.5246 -22.9542 5.9
    endloop
  endfacet
  facet normal -0.616613 -0.787267 -0
    outer loop
      vertex 95.8383 -23.1999 5.9
      vertex 95.5246 -22.9542 3.9
      vertex 95.8383 -23.1999 3.9
    endloop
  endfacet
  facet normal 0.95477 -0.297346 -3.19663e-18
    outer loop
      vertex 90.4459 -24.8803 5.9
      vertex 90.5644 -24.4998 3.9
      vertex 90.5644 -24.4998 5.9
    endloop
  endfacet
  facet normal 0.95477 -0.297346 -3.19663e-18
    outer loop
      vertex 90.5644 -24.4998 3.9
      vertex 90.4459 -24.8803 5.9
      vertex 90.4459 -24.8803 3.9
    endloop
  endfacet
  facet normal 0.911856 -0.410511 3.91925e-18
    outer loop
      vertex 90.5644 -24.4998 5.9
      vertex 90.728 -24.1364 3.9
      vertex 90.728 -24.1364 5.9
    endloop
  endfacet
  facet normal 0.911856 -0.410511 3.91925e-18
    outer loop
      vertex 90.728 -24.1364 3.9
      vertex 90.5644 -24.4998 5.9
      vertex 90.5644 -24.4998 3.9
    endloop
  endfacet
  facet normal 0.99817 -0.0604723 3.14559e-19
    outer loop
      vertex 90.35 -25.67 5.9
      vertex 90.3741 -25.2722 3.9
      vertex 90.3741 -25.2722 5.9
    endloop
  endfacet
  facet normal 0.99817 -0.0604723 3.14559e-19
    outer loop
      vertex 90.3741 -25.2722 3.9
      vertex 90.35 -25.67 5.9
      vertex 90.35 -25.67 3.9
    endloop
  endfacet
  facet normal 0.180211 -0.983628 0
    outer loop
      vertex 92.8603 -22.4659 3.9
      vertex 93.2522 -22.3941 5.9
      vertex 92.8603 -22.4659 5.9
    endloop
  endfacet
  facet normal 0.180211 -0.983628 0
    outer loop
      vertex 93.2522 -22.3941 5.9
      vertex 92.8603 -22.4659 3.9
      vertex 93.2522 -22.3941 3.9
    endloop
  endfacet
  facet normal -0.787267 0.616613 -4.25146e-20
    outer loop
      vertex 96.1201 -27.8583 3.9
      vertex 96.3658 -27.5446 5.9
      vertex 96.3658 -27.5446 3.9
    endloop
  endfacet
  facet normal -0.787267 0.616613 -4.25146e-20
    outer loop
      vertex 96.3658 -27.5446 5.9
      vertex 96.1201 -27.8583 3.9
      vertex 96.1201 -27.8583 5.9
    endloop
  endfacet
  facet normal -0.99817 0.0604723 -1.08501e-18
    outer loop
      vertex 96.9259 -26.0678 3.9
      vertex 96.95 -25.67 5.9
      vertex 96.95 -25.67 3.9
    endloop
  endfacet
  facet normal -0.99817 0.0604723 -1.08501e-18
    outer loop
      vertex 96.95 -25.67 5.9
      vertex 96.9259 -26.0678 3.9
      vertex 96.9259 -26.0678 5.9
    endloop
  endfacet
  facet normal 0.297346 0.95477 -0
    outer loop
      vertex 92.8603 -28.8741 3.9
      vertex 92.4798 -28.7556 5.9
      vertex 92.8603 -28.8741 5.9
    endloop
  endfacet
  facet normal 0.297346 0.95477 0
    outer loop
      vertex 92.4798 -28.7556 5.9
      vertex 92.8603 -28.8741 3.9
      vertex 92.4798 -28.7556 3.9
    endloop
  endfacet
  facet normal 0.95477 0.297346 3.19663e-18
    outer loop
      vertex 90.5644 -26.8402 5.9
      vertex 90.4459 -26.4597 3.9
      vertex 90.4459 -26.4597 5.9
    endloop
  endfacet
  facet normal 0.95477 0.297346 3.19663e-18
    outer loop
      vertex 90.4459 -26.4597 3.9
      vertex 90.5644 -26.8402 5.9
      vertex 90.5644 -26.8402 3.9
    endloop
  endfacet
  facet normal 0.855716 0.517445 5.22891e-18
    outer loop
      vertex 90.9342 -27.5446 5.9
      vertex 90.728 -27.2036 3.9
      vertex 90.728 -27.2036 5.9
    endloop
  endfacet
  facet normal 0.855716 0.517445 5.22891e-18
    outer loop
      vertex 90.728 -27.2036 3.9
      vertex 90.9342 -27.5446 5.9
      vertex 90.9342 -27.5446 3.9
    endloop
  endfacet
  facet normal 0.911856 0.410511 -3.91925e-18
    outer loop
      vertex 90.728 -27.2036 5.9
      vertex 90.5644 -26.8402 3.9
      vertex 90.5644 -26.8402 5.9
    endloop
  endfacet
  facet normal 0.911856 0.410511 -3.91925e-18
    outer loop
      vertex 90.5644 -26.8402 3.9
      vertex 90.728 -27.2036 5.9
      vertex 90.728 -27.2036 3.9
    endloop
  endfacet
  facet normal -0.91195 -0.410302 2.64853e-18
    outer loop
      vertex 96.7355 -24.4998 3.9
      vertex 96.572 -24.1364 5.9
      vertex 96.572 -24.1364 3.9
    endloop
  endfacet
  facet normal -0.91195 -0.410302 2.64853e-18
    outer loop
      vertex 96.572 -24.1364 5.9
      vertex 96.7355 -24.4998 3.9
      vertex 96.7355 -24.4998 5.9
    endloop
  endfacet
  facet normal -0.180211 -0.983628 0
    outer loop
      vertex 94.0478 -22.3941 3.9
      vertex 94.4397 -22.4659 5.9
      vertex 94.0478 -22.3941 5.9
    endloop
  endfacet
  facet normal -0.180211 -0.983628 -0
    outer loop
      vertex 94.4397 -22.4659 5.9
      vertex 94.0478 -22.3941 3.9
      vertex 94.4397 -22.4659 3.9
    endloop
  endfacet
  facet normal -0.517445 -0.855716 0
    outer loop
      vertex 95.1836 -22.748 3.9
      vertex 95.5246 -22.9542 5.9
      vertex 95.1836 -22.748 5.9
    endloop
  endfacet
  facet normal -0.517445 -0.855716 -0
    outer loop
      vertex 95.5246 -22.9542 5.9
      vertex 95.1836 -22.748 3.9
      vertex 95.5246 -22.9542 3.9
    endloop
  endfacet
  facet normal 0.99817 0.0604723 1.08501e-18
    outer loop
      vertex 90.3741 -26.0678 5.9
      vertex 90.35 -25.67 3.9
      vertex 90.35 -25.67 5.9
    endloop
  endfacet
  facet normal 0.99817 0.0604723 1.08501e-18
    outer loop
      vertex 90.35 -25.67 3.9
      vertex 90.3741 -26.0678 5.9
      vertex 90.3741 -26.0678 3.9
    endloop
  endfacet
  facet normal 0.616613 -0.787267 0
    outer loop
      vertex 91.4617 -23.1999 3.9
      vertex 91.7754 -22.9542 5.9
      vertex 91.4617 -23.1999 5.9
    endloop
  endfacet
  facet normal 0.616613 -0.787267 0
    outer loop
      vertex 91.7754 -22.9542 5.9
      vertex 91.4617 -23.1999 3.9
      vertex 91.7754 -22.9542 3.9
    endloop
  endfacet
  facet normal 0.297346 -0.95477 0
    outer loop
      vertex 92.4798 -22.5844 3.9
      vertex 92.8603 -22.4659 5.9
      vertex 92.4798 -22.5844 5.9
    endloop
  endfacet
  facet normal 0.297346 -0.95477 0
    outer loop
      vertex 92.8603 -22.4659 5.9
      vertex 92.4798 -22.5844 3.9
      vertex 92.8603 -22.4659 3.9
    endloop
  endfacet
  facet normal -0.410511 0.911856 0
    outer loop
      vertex 95.1836 -28.592 3.9
      vertex 94.8202 -28.7556 5.9
      vertex 95.1836 -28.592 5.9
    endloop
  endfacet
  facet normal -0.410511 0.911856 0
    outer loop
      vertex 94.8202 -28.7556 5.9
      vertex 95.1836 -28.592 3.9
      vertex 94.8202 -28.7556 3.9
    endloop
  endfacet
  facet normal -0.180211 0.983628 0
    outer loop
      vertex 94.4397 -28.8741 3.9
      vertex 94.0478 -28.9459 5.9
      vertex 94.4397 -28.8741 5.9
    endloop
  endfacet
  facet normal -0.180211 0.983628 0
    outer loop
      vertex 94.0478 -28.9459 5.9
      vertex 94.4397 -28.8741 3.9
      vertex 94.0478 -28.9459 3.9
    endloop
  endfacet
  facet normal -0.297346 0.95477 0
    outer loop
      vertex 94.8202 -28.7556 3.9
      vertex 94.4397 -28.8741 5.9
      vertex 94.8202 -28.7556 5.9
    endloop
  endfacet
  facet normal -0.297346 0.95477 0
    outer loop
      vertex 94.4397 -28.8741 5.9
      vertex 94.8202 -28.7556 3.9
      vertex 94.4397 -28.8741 3.9
    endloop
  endfacet
  facet normal -0.517445 0.855716 0
    outer loop
      vertex 95.5246 -28.3858 3.9
      vertex 95.1836 -28.592 5.9
      vertex 95.5246 -28.3858 5.9
    endloop
  endfacet
  facet normal -0.517445 0.855716 0
    outer loop
      vertex 95.1836 -28.592 5.9
      vertex 95.5246 -28.3858 3.9
      vertex 95.1836 -28.592 3.9
    endloop
  endfacet
  facet normal -0.707107 0.707107 0
    outer loop
      vertex 96.1201 -27.8583 3.9
      vertex 95.8383 -28.1401 5.9
      vertex 96.1201 -27.8583 5.9
    endloop
  endfacet
  facet normal -0.707107 0.707107 0
    outer loop
      vertex 95.8383 -28.1401 5.9
      vertex 96.1201 -27.8583 3.9
      vertex 95.8383 -28.1401 3.9
    endloop
  endfacet
  facet normal -0.983628 0.180211 -8.0574e-19
    outer loop
      vertex 96.8541 -26.4597 3.9
      vertex 96.9259 -26.0678 5.9
      vertex 96.9259 -26.0678 3.9
    endloop
  endfacet
  facet normal -0.983628 0.180211 -8.0574e-19
    outer loop
      vertex 96.9259 -26.0678 5.9
      vertex 96.8541 -26.4597 3.9
      vertex 96.8541 -26.4597 5.9
    endloop
  endfacet
  facet normal 0.0604723 0.99817 -0
    outer loop
      vertex 93.65 -28.97 3.9
      vertex 93.2522 -28.9459 5.9
      vertex 93.65 -28.97 5.9
    endloop
  endfacet
  facet normal 0.0604723 0.99817 0
    outer loop
      vertex 93.2522 -28.9459 5.9
      vertex 93.65 -28.97 3.9
      vertex 93.2522 -28.9459 3.9
    endloop
  endfacet
  facet normal 0.517445 0.855716 -0
    outer loop
      vertex 92.1164 -28.592 3.9
      vertex 91.7754 -28.3858 5.9
      vertex 92.1164 -28.592 5.9
    endloop
  endfacet
  facet normal 0.517445 0.855716 0
    outer loop
      vertex 91.7754 -28.3858 5.9
      vertex 92.1164 -28.592 3.9
      vertex 91.7754 -28.3858 3.9
    endloop
  endfacet
  facet normal 0.616613 0.787267 -0
    outer loop
      vertex 91.7754 -28.3858 3.9
      vertex 91.4617 -28.1401 5.9
      vertex 91.7754 -28.3858 5.9
    endloop
  endfacet
  facet normal 0.616613 0.787267 0
    outer loop
      vertex 91.4617 -28.1401 5.9
      vertex 91.7754 -28.3858 3.9
      vertex 91.4617 -28.1401 3.9
    endloop
  endfacet
  facet normal 0.410511 0.911856 -0
    outer loop
      vertex 92.4798 -28.7556 3.9
      vertex 92.1164 -28.592 5.9
      vertex 92.4798 -28.7556 5.9
    endloop
  endfacet
  facet normal 0.410511 0.911856 0
    outer loop
      vertex 92.1164 -28.592 5.9
      vertex 92.4798 -28.7556 3.9
      vertex 92.1164 -28.592 3.9
    endloop
  endfacet
  facet normal -0.0604723 0.99817 0
    outer loop
      vertex 94.0478 -28.9459 3.9
      vertex 93.65 -28.97 5.9
      vertex 94.0478 -28.9459 5.9
    endloop
  endfacet
  facet normal -0.0604723 0.99817 0
    outer loop
      vertex 93.65 -28.97 5.9
      vertex 94.0478 -28.9459 3.9
      vertex 93.65 -28.97 3.9
    endloop
  endfacet
  facet normal 0.707107 0.707107 1.56431e-18
    outer loop
      vertex 91.4617 -28.1401 5.9
      vertex 91.1799 -27.8583 3.9
      vertex 91.1799 -27.8583 5.9
    endloop
  endfacet
  facet normal 0.707107 0.707107 1.56431e-18
    outer loop
      vertex 91.1799 -27.8583 3.9
      vertex 91.4617 -28.1401 5.9
      vertex 91.4617 -28.1401 3.9
    endloop
  endfacet
  facet normal 0.983628 0.180211 8.0574e-19
    outer loop
      vertex 90.4459 -26.4597 5.9
      vertex 90.3741 -26.0678 3.9
      vertex 90.3741 -26.0678 5.9
    endloop
  endfacet
  facet normal 0.983628 0.180211 8.0574e-19
    outer loop
      vertex 90.3741 -26.0678 3.9
      vertex 90.4459 -26.4597 5.9
      vertex 90.4459 -26.4597 3.9
    endloop
  endfacet
  facet normal -0.787267 -0.616613 4.25146e-20
    outer loop
      vertex 96.3658 -23.7954 3.9
      vertex 96.1201 -23.4817 5.9
      vertex 96.1201 -23.4817 3.9
    endloop
  endfacet
  facet normal -0.787267 -0.616613 4.25146e-20
    outer loop
      vertex 96.1201 -23.4817 5.9
      vertex 96.3658 -23.7954 3.9
      vertex 96.3658 -23.7954 5.9
    endloop
  endfacet
  facet normal -0.0604723 -0.99817 0
    outer loop
      vertex 93.65 -22.37 3.9
      vertex 94.0478 -22.3941 5.9
      vertex 93.65 -22.37 5.9
    endloop
  endfacet
  facet normal -0.0604723 -0.99817 -0
    outer loop
      vertex 94.0478 -22.3941 5.9
      vertex 93.65 -22.37 3.9
      vertex 94.0478 -22.3941 3.9
    endloop
  endfacet
  facet normal -0.297346 -0.95477 0
    outer loop
      vertex 94.4397 -22.4659 3.9
      vertex 94.8202 -22.5844 5.9
      vertex 94.4397 -22.4659 5.9
    endloop
  endfacet
  facet normal -0.297346 -0.95477 -0
    outer loop
      vertex 94.8202 -22.5844 5.9
      vertex 94.4397 -22.4659 3.9
      vertex 94.8202 -22.5844 3.9
    endloop
  endfacet
  facet normal 0.855716 -0.517445 -5.22891e-18
    outer loop
      vertex 90.728 -24.1364 5.9
      vertex 90.9342 -23.7954 3.9
      vertex 90.9342 -23.7954 5.9
    endloop
  endfacet
  facet normal 0.855716 -0.517445 -5.22891e-18
    outer loop
      vertex 90.9342 -23.7954 3.9
      vertex 90.728 -24.1364 5.9
      vertex 90.728 -24.1364 3.9
    endloop
  endfacet
  facet normal 0.983628 -0.180211 -8.0574e-19
    outer loop
      vertex 90.3741 -25.2722 5.9
      vertex 90.4459 -24.8803 3.9
      vertex 90.4459 -24.8803 5.9
    endloop
  endfacet
  facet normal 0.983628 -0.180211 -8.0574e-19
    outer loop
      vertex 90.4459 -24.8803 3.9
      vertex 90.3741 -25.2722 5.9
      vertex 90.3741 -25.2722 3.9
    endloop
  endfacet
  facet normal 0.707107 -0.707107 -1.56431e-18
    outer loop
      vertex 91.1799 -23.4817 5.9
      vertex 91.4617 -23.1999 3.9
      vertex 91.4617 -23.1999 5.9
    endloop
  endfacet
  facet normal 0.707107 -0.707107 -1.56431e-18
    outer loop
      vertex 91.4617 -23.1999 3.9
      vertex 91.1799 -23.4817 5.9
      vertex 91.1799 -23.4817 3.9
    endloop
  endfacet
  facet normal 0.517445 -0.855716 0
    outer loop
      vertex 91.7754 -22.9542 3.9
      vertex 92.1164 -22.748 5.9
      vertex 91.7754 -22.9542 5.9
    endloop
  endfacet
  facet normal 0.517445 -0.855716 0
    outer loop
      vertex 92.1164 -22.748 5.9
      vertex 91.7754 -22.9542 3.9
      vertex 92.1164 -22.748 3.9
    endloop
  endfacet
  facet normal -0.616613 0.787267 0
    outer loop
      vertex 95.8383 -28.1401 3.9
      vertex 95.5246 -28.3858 5.9
      vertex 95.8383 -28.1401 5.9
    endloop
  endfacet
  facet normal -0.616613 0.787267 0
    outer loop
      vertex 95.5246 -28.3858 5.9
      vertex 95.8383 -28.1401 3.9
      vertex 95.5246 -28.3858 3.9
    endloop
  endfacet
  facet normal -0.91195 0.410302 -2.64853e-18
    outer loop
      vertex 96.572 -27.2036 3.9
      vertex 96.7355 -26.8402 5.9
      vertex 96.7355 -26.8402 3.9
    endloop
  endfacet
  facet normal -0.91195 0.410302 -2.64853e-18
    outer loop
      vertex 96.7355 -26.8402 5.9
      vertex 96.572 -27.2036 3.9
      vertex 96.572 -27.2036 5.9
    endloop
  endfacet
  facet normal 0.180211 0.983628 -0
    outer loop
      vertex 93.2522 -28.9459 3.9
      vertex 92.8603 -28.8741 5.9
      vertex 93.2522 -28.9459 5.9
    endloop
  endfacet
  facet normal 0.180211 0.983628 0
    outer loop
      vertex 92.8603 -28.8741 5.9
      vertex 93.2522 -28.9459 3.9
      vertex 92.8603 -28.8741 3.9
    endloop
  endfacet
  facet normal -0.954698 0.297575 -3.6937e-18
    outer loop
      vertex 96.7355 -26.8402 3.9
      vertex 96.8541 -26.4597 5.9
      vertex 96.8541 -26.4597 3.9
    endloop
  endfacet
  facet normal -0.954698 0.297575 -3.6937e-18
    outer loop
      vertex 96.8541 -26.4597 5.9
      vertex 96.7355 -26.8402 3.9
      vertex 96.7355 -26.8402 5.9
    endloop
  endfacet
  facet normal -0.617466 -0.786597 0
    outer loop
      vertex 113.525 -22.9542 3.9
      vertex 113.838 -23.1999 5.9
      vertex 113.525 -22.9542 5.9
    endloop
  endfacet
  facet normal -0.617466 -0.786597 -0
    outer loop
      vertex 113.838 -23.1999 5.9
      vertex 113.525 -22.9542 3.9
      vertex 113.838 -23.1999 3.9
    endloop
  endfacet
  facet normal 0.409948 -0.912109 0
    outer loop
      vertex 110.116 -22.748 3.9
      vertex 110.48 -22.5844 5.9
      vertex 110.116 -22.748 5.9
    endloop
  endfacet
  facet normal 0.409948 -0.912109 0
    outer loop
      vertex 110.48 -22.5844 5.9
      vertex 110.116 -22.748 3.9
      vertex 110.48 -22.5844 3.9
    endloop
  endfacet
  facet normal 0.955125 -0.296202 2.06242e-18
    outer loop
      vertex 108.446 -24.8803 5.9
      vertex 108.564 -24.4998 3.9
      vertex 108.564 -24.4998 5.9
    endloop
  endfacet
  facet normal 0.955125 -0.296202 2.06242e-18
    outer loop
      vertex 108.564 -24.4998 3.9
      vertex 108.446 -24.8803 5.9
      vertex 108.446 -24.8803 3.9
    endloop
  endfacet
  facet normal -0.955125 0.296202 2.06242e-18
    outer loop
      vertex 114.736 -26.8402 3.9
      vertex 114.854 -26.4597 5.9
      vertex 114.854 -26.4597 3.9
    endloop
  endfacet
  facet normal -0.955125 0.296202 2.06242e-18
    outer loop
      vertex 114.854 -26.4597 5.9
      vertex 114.736 -26.8402 3.9
      vertex 114.736 -26.8402 5.9
    endloop
  endfacet
  facet normal -0.91148 -0.411345 -4.30429e-18
    outer loop
      vertex 114.736 -24.4998 3.9
      vertex 114.572 -24.1364 5.9
      vertex 114.572 -24.1364 3.9
    endloop
  endfacet
  facet normal -0.91148 -0.411345 -4.30429e-18
    outer loop
      vertex 114.572 -24.1364 5.9
      vertex 114.736 -24.4998 3.9
      vertex 114.736 -24.4998 5.9
    endloop
  endfacet
  facet normal -0.983539 -0.180696 2.17041e-18
    outer loop
      vertex 114.926 -25.2722 3.9
      vertex 114.854 -24.8803 5.9
      vertex 114.854 -24.8803 3.9
    endloop
  endfacet
  facet normal -0.983539 -0.180696 2.17041e-18
    outer loop
      vertex 114.854 -24.8803 5.9
      vertex 114.926 -25.2722 3.9
      vertex 114.926 -25.2722 5.9
    endloop
  endfacet
  facet normal -0.855939 -0.517077 -8.5045e-18
    outer loop
      vertex 114.572 -24.1364 3.9
      vertex 114.366 -23.7954 5.9
      vertex 114.366 -23.7954 3.9
    endloop
  endfacet
  facet normal -0.855939 -0.517077 -8.5045e-18
    outer loop
      vertex 114.366 -23.7954 5.9
      vertex 114.572 -24.1364 3.9
      vertex 114.572 -24.1364 5.9
    endloop
  endfacet
  facet normal -0.409948 -0.912109 0
    outer loop
      vertex 112.82 -22.5844 3.9
      vertex 113.184 -22.748 5.9
      vertex 112.82 -22.5844 5.9
    endloop
  endfacet
  facet normal -0.409948 -0.912109 -0
    outer loop
      vertex 113.184 -22.748 5.9
      vertex 112.82 -22.5844 3.9
      vertex 113.184 -22.748 3.9
    endloop
  endfacet
  facet normal -0.0604421 -0.998172 0
    outer loop
      vertex 111.65 -22.37 3.9
      vertex 112.048 -22.3941 5.9
      vertex 111.65 -22.37 5.9
    endloop
  endfacet
  facet normal -0.0604421 -0.998172 -0
    outer loop
      vertex 112.048 -22.3941 5.9
      vertex 111.65 -22.37 3.9
      vertex 112.048 -22.3941 3.9
    endloop
  endfacet
  facet normal 0.998185 0.0602223 5.61113e-19
    outer loop
      vertex 108.374 -26.0678 5.9
      vertex 108.35 -25.67 3.9
      vertex 108.35 -25.67 5.9
    endloop
  endfacet
  facet normal 0.998185 0.0602223 5.61113e-19
    outer loop
      vertex 108.35 -25.67 3.9
      vertex 108.374 -26.0678 5.9
      vertex 108.374 -26.0678 3.9
    endloop
  endfacet
  facet normal 0.855939 -0.517077 8.5045e-18
    outer loop
      vertex 108.728 -24.1364 5.9
      vertex 108.934 -23.7954 3.9
      vertex 108.934 -23.7954 5.9
    endloop
  endfacet
  facet normal 0.855939 -0.517077 8.5045e-18
    outer loop
      vertex 108.934 -23.7954 3.9
      vertex 108.728 -24.1364 5.9
      vertex 108.728 -24.1364 3.9
    endloop
  endfacet
  facet normal 0.297703 -0.954659 0
    outer loop
      vertex 110.48 -22.5844 3.9
      vertex 110.86 -22.4659 5.9
      vertex 110.48 -22.5844 5.9
    endloop
  endfacet
  facet normal 0.297703 -0.954659 0
    outer loop
      vertex 110.86 -22.4659 5.9
      vertex 110.48 -22.5844 3.9
      vertex 110.86 -22.4659 3.9
    endloop
  endfacet
  facet normal -0.998185 -0.0602223 8.91617e-19
    outer loop
      vertex 114.95 -25.67 3.9
      vertex 114.926 -25.2722 5.9
      vertex 114.926 -25.2722 3.9
    endloop
  endfacet
  facet normal -0.998185 -0.0602223 8.91617e-19
    outer loop
      vertex 114.926 -25.2722 5.9
      vertex 114.95 -25.67 3.9
      vertex 114.95 -25.67 5.9
    endloop
  endfacet
  facet normal -0.409948 0.912109 0
    outer loop
      vertex 113.184 -28.592 3.9
      vertex 112.82 -28.7556 5.9
      vertex 113.184 -28.592 5.9
    endloop
  endfacet
  facet normal -0.409948 0.912109 0
    outer loop
      vertex 112.82 -28.7556 5.9
      vertex 113.184 -28.592 3.9
      vertex 112.82 -28.7556 3.9
    endloop
  endfacet
  facet normal -0.855939 0.517077 8.5045e-18
    outer loop
      vertex 114.366 -27.5446 3.9
      vertex 114.572 -27.2036 5.9
      vertex 114.572 -27.2036 3.9
    endloop
  endfacet
  facet normal -0.855939 0.517077 8.5045e-18
    outer loop
      vertex 114.572 -27.2036 5.9
      vertex 114.366 -27.5446 3.9
      vertex 114.366 -27.5446 5.9
    endloop
  endfacet
  facet normal 0.0604421 0.998172 -0
    outer loop
      vertex 111.65 -28.97 3.9
      vertex 111.252 -28.9459 5.9
      vertex 111.65 -28.97 5.9
    endloop
  endfacet
  facet normal 0.0604421 0.998172 0
    outer loop
      vertex 111.252 -28.9459 5.9
      vertex 111.65 -28.97 3.9
      vertex 111.252 -28.9459 3.9
    endloop
  endfacet
  facet normal 0.617466 0.786597 -0
    outer loop
      vertex 109.775 -28.3858 3.9
      vertex 109.462 -28.1401 5.9
      vertex 109.775 -28.3858 5.9
    endloop
  endfacet
  facet normal 0.617466 0.786597 0
    outer loop
      vertex 109.462 -28.1401 5.9
      vertex 109.775 -28.3858 3.9
      vertex 109.462 -28.1401 3.9
    endloop
  endfacet
  facet normal 0.855939 0.517077 -8.5045e-18
    outer loop
      vertex 108.934 -27.5446 5.9
      vertex 108.728 -27.2036 3.9
      vertex 108.728 -27.2036 5.9
    endloop
  endfacet
  facet normal 0.855939 0.517077 -8.5045e-18
    outer loop
      vertex 108.728 -27.2036 3.9
      vertex 108.934 -27.5446 5.9
      vertex 108.934 -27.5446 3.9
    endloop
  endfacet
  facet normal -0.955125 -0.296202 -2.06242e-18
    outer loop
      vertex 114.854 -24.8803 3.9
      vertex 114.736 -24.4998 5.9
      vertex 114.736 -24.4998 3.9
    endloop
  endfacet
  facet normal -0.955125 -0.296202 -2.06242e-18
    outer loop
      vertex 114.736 -24.4998 5.9
      vertex 114.854 -24.8803 3.9
      vertex 114.854 -24.8803 5.9
    endloop
  endfacet
  facet normal -0.786901 -0.617079 5.31185e-18
    outer loop
      vertex 114.366 -23.7954 3.9
      vertex 114.12 -23.4817 5.9
      vertex 114.12 -23.4817 3.9
    endloop
  endfacet
  facet normal -0.786901 -0.617079 5.31185e-18
    outer loop
      vertex 114.12 -23.4817 5.9
      vertex 114.366 -23.7954 3.9
      vertex 114.366 -23.7954 5.9
    endloop
  endfacet
  facet normal -0.706856 -0.707358 0
    outer loop
      vertex 113.838 -23.1999 3.9
      vertex 114.12 -23.4817 5.9
      vertex 113.838 -23.1999 5.9
    endloop
  endfacet
  facet normal -0.706856 -0.707358 -0
    outer loop
      vertex 114.12 -23.4817 5.9
      vertex 113.838 -23.1999 3.9
      vertex 114.12 -23.4817 3.9
    endloop
  endfacet
  facet normal -0.517445 -0.855716 0
    outer loop
      vertex 113.184 -22.748 3.9
      vertex 113.525 -22.9542 5.9
      vertex 113.184 -22.748 5.9
    endloop
  endfacet
  facet normal -0.517445 -0.855716 -0
    outer loop
      vertex 113.525 -22.9542 5.9
      vertex 113.184 -22.748 3.9
      vertex 113.525 -22.9542 3.9
    endloop
  endfacet
  facet normal 0.0604421 -0.998172 0
    outer loop
      vertex 111.252 -22.3941 3.9
      vertex 111.65 -22.37 5.9
      vertex 111.252 -22.3941 5.9
    endloop
  endfacet
  facet normal 0.0604421 -0.998172 0
    outer loop
      vertex 111.65 -22.37 5.9
      vertex 111.252 -22.3941 3.9
      vertex 111.65 -22.37 3.9
    endloop
  endfacet
  facet normal -0.297703 -0.954659 0
    outer loop
      vertex 112.44 -22.4659 3.9
      vertex 112.82 -22.5844 5.9
      vertex 112.44 -22.4659 5.9
    endloop
  endfacet
  facet normal -0.297703 -0.954659 -0
    outer loop
      vertex 112.82 -22.5844 5.9
      vertex 112.44 -22.4659 3.9
      vertex 112.82 -22.5844 3.9
    endloop
  endfacet
  facet normal -0.180166 -0.983636 0
    outer loop
      vertex 112.048 -22.3941 3.9
      vertex 112.44 -22.4659 5.9
      vertex 112.048 -22.3941 5.9
    endloop
  endfacet
  facet normal -0.180166 -0.983636 -0
    outer loop
      vertex 112.44 -22.4659 5.9
      vertex 112.048 -22.3941 3.9
      vertex 112.44 -22.4659 3.9
    endloop
  endfacet
  facet normal 0.983539 -0.180696 -2.17041e-18
    outer loop
      vertex 108.374 -25.2722 5.9
      vertex 108.446 -24.8803 3.9
      vertex 108.446 -24.8803 5.9
    endloop
  endfacet
  facet normal 0.983539 -0.180696 -2.17041e-18
    outer loop
      vertex 108.446 -24.8803 3.9
      vertex 108.374 -25.2722 5.9
      vertex 108.374 -25.2722 3.9
    endloop
  endfacet
  facet normal 0.998185 -0.0602223 -8.91617e-19
    outer loop
      vertex 108.35 -25.67 5.9
      vertex 108.374 -25.2722 3.9
      vertex 108.374 -25.2722 5.9
    endloop
  endfacet
  facet normal 0.998185 -0.0602223 -8.91617e-19
    outer loop
      vertex 108.374 -25.2722 3.9
      vertex 108.35 -25.67 5.9
      vertex 108.35 -25.67 3.9
    endloop
  endfacet
  facet normal 0.91148 -0.411345 4.30429e-18
    outer loop
      vertex 108.564 -24.4998 5.9
      vertex 108.728 -24.1364 3.9
      vertex 108.728 -24.1364 5.9
    endloop
  endfacet
  facet normal 0.91148 -0.411345 4.30429e-18
    outer loop
      vertex 108.728 -24.1364 3.9
      vertex 108.564 -24.4998 5.9
      vertex 108.564 -24.4998 3.9
    endloop
  endfacet
  facet normal 0.180166 -0.983636 0
    outer loop
      vertex 110.86 -22.4659 3.9
      vertex 111.252 -22.3941 5.9
      vertex 110.86 -22.4659 5.9
    endloop
  endfacet
  facet normal 0.180166 -0.983636 0
    outer loop
      vertex 111.252 -22.3941 5.9
      vertex 110.86 -22.4659 3.9
      vertex 111.252 -22.3941 3.9
    endloop
  endfacet
  facet normal 0.617466 -0.786597 0
    outer loop
      vertex 109.462 -23.1999 3.9
      vertex 109.775 -22.9542 5.9
      vertex 109.462 -23.1999 5.9
    endloop
  endfacet
  facet normal 0.617466 -0.786597 0
    outer loop
      vertex 109.775 -22.9542 5.9
      vertex 109.462 -23.1999 3.9
      vertex 109.775 -22.9542 3.9
    endloop
  endfacet
  facet normal 0.706856 -0.707358 8.14171e-18
    outer loop
      vertex 109.18 -23.4817 5.9
      vertex 109.462 -23.1999 3.9
      vertex 109.462 -23.1999 5.9
    endloop
  endfacet
  facet normal 0.706856 -0.707358 8.14171e-18
    outer loop
      vertex 109.462 -23.1999 3.9
      vertex 109.18 -23.4817 5.9
      vertex 109.18 -23.4817 3.9
    endloop
  endfacet
  facet normal 0.517445 -0.855716 0
    outer loop
      vertex 109.775 -22.9542 3.9
      vertex 110.116 -22.748 5.9
      vertex 109.775 -22.9542 5.9
    endloop
  endfacet
  facet normal 0.517445 -0.855716 0
    outer loop
      vertex 110.116 -22.748 5.9
      vertex 109.775 -22.9542 3.9
      vertex 110.116 -22.748 3.9
    endloop
  endfacet
  facet normal 0.786901 -0.617079 8.10801e-18
    outer loop
      vertex 108.934 -23.7954 5.9
      vertex 109.18 -23.4817 3.9
      vertex 109.18 -23.4817 5.9
    endloop
  endfacet
  facet normal 0.786901 -0.617079 8.10801e-18
    outer loop
      vertex 109.18 -23.4817 3.9
      vertex 108.934 -23.7954 5.9
      vertex 108.934 -23.7954 3.9
    endloop
  endfacet
  facet normal -0.983539 0.180696 -2.17041e-18
    outer loop
      vertex 114.854 -26.4597 3.9
      vertex 114.926 -26.0678 5.9
      vertex 114.926 -26.0678 3.9
    endloop
  endfacet
  facet normal -0.983539 0.180696 -2.17041e-18
    outer loop
      vertex 114.926 -26.0678 5.9
      vertex 114.854 -26.4597 3.9
      vertex 114.854 -26.4597 5.9
    endloop
  endfacet
  facet normal -0.180166 0.983636 0
    outer loop
      vertex 112.44 -28.8741 3.9
      vertex 112.048 -28.9459 5.9
      vertex 112.44 -28.8741 5.9
    endloop
  endfacet
  facet normal -0.180166 0.983636 0
    outer loop
      vertex 112.048 -28.9459 5.9
      vertex 112.44 -28.8741 3.9
      vertex 112.048 -28.9459 3.9
    endloop
  endfacet
  facet normal -0.786901 0.617079 -5.31185e-18
    outer loop
      vertex 114.12 -27.8583 3.9
      vertex 114.366 -27.5446 5.9
      vertex 114.366 -27.5446 3.9
    endloop
  endfacet
  facet normal -0.786901 0.617079 -5.31185e-18
    outer loop
      vertex 114.366 -27.5446 5.9
      vertex 114.12 -27.8583 3.9
      vertex 114.12 -27.8583 5.9
    endloop
  endfacet
  facet normal -0.706856 0.707358 0
    outer loop
      vertex 114.12 -27.8583 3.9
      vertex 113.838 -28.1401 5.9
      vertex 114.12 -27.8583 5.9
    endloop
  endfacet
  facet normal -0.706856 0.707358 0
    outer loop
      vertex 113.838 -28.1401 5.9
      vertex 114.12 -27.8583 3.9
      vertex 113.838 -28.1401 3.9
    endloop
  endfacet
  facet normal -0.517445 0.855716 0
    outer loop
      vertex 113.525 -28.3858 3.9
      vertex 113.184 -28.592 5.9
      vertex 113.525 -28.3858 5.9
    endloop
  endfacet
  facet normal -0.517445 0.855716 0
    outer loop
      vertex 113.184 -28.592 5.9
      vertex 113.525 -28.3858 3.9
      vertex 113.184 -28.592 3.9
    endloop
  endfacet
  facet normal -0.91148 0.411345 4.30429e-18
    outer loop
      vertex 114.572 -27.2036 3.9
      vertex 114.736 -26.8402 5.9
      vertex 114.736 -26.8402 3.9
    endloop
  endfacet
  facet normal -0.91148 0.411345 4.30429e-18
    outer loop
      vertex 114.736 -26.8402 5.9
      vertex 114.572 -27.2036 3.9
      vertex 114.572 -27.2036 5.9
    endloop
  endfacet
  facet normal -0.0604421 0.998172 0
    outer loop
      vertex 112.048 -28.9459 3.9
      vertex 111.65 -28.97 5.9
      vertex 112.048 -28.9459 5.9
    endloop
  endfacet
  facet normal -0.0604421 0.998172 0
    outer loop
      vertex 111.65 -28.97 5.9
      vertex 112.048 -28.9459 3.9
      vertex 111.65 -28.97 3.9
    endloop
  endfacet
  facet normal 0.297703 0.954659 -0
    outer loop
      vertex 110.86 -28.8741 3.9
      vertex 110.48 -28.7556 5.9
      vertex 110.86 -28.8741 5.9
    endloop
  endfacet
  facet normal 0.297703 0.954659 0
    outer loop
      vertex 110.48 -28.7556 5.9
      vertex 110.86 -28.8741 3.9
      vertex 110.48 -28.7556 3.9
    endloop
  endfacet
  facet normal 0.409948 0.912109 -0
    outer loop
      vertex 110.48 -28.7556 3.9
      vertex 110.116 -28.592 5.9
      vertex 110.48 -28.7556 5.9
    endloop
  endfacet
  facet normal 0.409948 0.912109 0
    outer loop
      vertex 110.116 -28.592 5.9
      vertex 110.48 -28.7556 3.9
      vertex 110.116 -28.592 3.9
    endloop
  endfacet
  facet normal 0.91148 0.411345 -4.30429e-18
    outer loop
      vertex 108.728 -27.2036 5.9
      vertex 108.564 -26.8402 3.9
      vertex 108.564 -26.8402 5.9
    endloop
  endfacet
  facet normal 0.91148 0.411345 -4.30429e-18
    outer loop
      vertex 108.564 -26.8402 3.9
      vertex 108.728 -27.2036 5.9
      vertex 108.728 -27.2036 3.9
    endloop
  endfacet
  facet normal 0.983539 0.180696 2.17041e-18
    outer loop
      vertex 108.446 -26.4597 5.9
      vertex 108.374 -26.0678 3.9
      vertex 108.374 -26.0678 5.9
    endloop
  endfacet
  facet normal 0.983539 0.180696 2.17041e-18
    outer loop
      vertex 108.374 -26.0678 3.9
      vertex 108.446 -26.4597 5.9
      vertex 108.446 -26.4597 3.9
    endloop
  endfacet
  facet normal 0.786901 0.617079 -8.10801e-18
    outer loop
      vertex 109.18 -27.8583 5.9
      vertex 108.934 -27.5446 3.9
      vertex 108.934 -27.5446 5.9
    endloop
  endfacet
  facet normal 0.786901 0.617079 -8.10801e-18
    outer loop
      vertex 108.934 -27.5446 3.9
      vertex 109.18 -27.8583 5.9
      vertex 109.18 -27.8583 3.9
    endloop
  endfacet
  facet normal -0.998185 0.0602223 -5.61113e-19
    outer loop
      vertex 114.926 -26.0678 3.9
      vertex 114.95 -25.67 5.9
      vertex 114.95 -25.67 3.9
    endloop
  endfacet
  facet normal -0.998185 0.0602223 -5.61113e-19
    outer loop
      vertex 114.95 -25.67 5.9
      vertex 114.926 -26.0678 3.9
      vertex 114.926 -26.0678 5.9
    endloop
  endfacet
  facet normal -0.297703 0.954659 0
    outer loop
      vertex 112.82 -28.7556 3.9
      vertex 112.44 -28.8741 5.9
      vertex 112.82 -28.7556 5.9
    endloop
  endfacet
  facet normal -0.297703 0.954659 0
    outer loop
      vertex 112.44 -28.8741 5.9
      vertex 112.82 -28.7556 3.9
      vertex 112.44 -28.8741 3.9
    endloop
  endfacet
  facet normal -0.617466 0.786597 0
    outer loop
      vertex 113.838 -28.1401 3.9
      vertex 113.525 -28.3858 5.9
      vertex 113.838 -28.1401 5.9
    endloop
  endfacet
  facet normal -0.617466 0.786597 0
    outer loop
      vertex 113.525 -28.3858 5.9
      vertex 113.838 -28.1401 3.9
      vertex 113.525 -28.3858 3.9
    endloop
  endfacet
  facet normal 0.180166 0.983636 -0
    outer loop
      vertex 111.252 -28.9459 3.9
      vertex 110.86 -28.8741 5.9
      vertex 111.252 -28.9459 5.9
    endloop
  endfacet
  facet normal 0.180166 0.983636 0
    outer loop
      vertex 110.86 -28.8741 5.9
      vertex 111.252 -28.9459 3.9
      vertex 110.86 -28.8741 3.9
    endloop
  endfacet
  facet normal 0.517445 0.855716 -0
    outer loop
      vertex 110.116 -28.592 3.9
      vertex 109.775 -28.3858 5.9
      vertex 110.116 -28.592 5.9
    endloop
  endfacet
  facet normal 0.517445 0.855716 0
    outer loop
      vertex 109.775 -28.3858 5.9
      vertex 110.116 -28.592 3.9
      vertex 109.775 -28.3858 3.9
    endloop
  endfacet
  facet normal 0.955125 0.296202 -2.06242e-18
    outer loop
      vertex 108.564 -26.8402 5.9
      vertex 108.446 -26.4597 3.9
      vertex 108.446 -26.4597 5.9
    endloop
  endfacet
  facet normal 0.955125 0.296202 -2.06242e-18
    outer loop
      vertex 108.446 -26.4597 3.9
      vertex 108.564 -26.8402 5.9
      vertex 108.564 -26.8402 3.9
    endloop
  endfacet
  facet normal 0.706856 0.707358 -8.14171e-18
    outer loop
      vertex 109.462 -28.1401 5.9
      vertex 109.18 -27.8583 3.9
      vertex 109.18 -27.8583 5.9
    endloop
  endfacet
  facet normal 0.706856 0.707358 -8.14171e-18
    outer loop
      vertex 109.18 -27.8583 3.9
      vertex 109.462 -28.1401 5.9
      vertex 109.462 -28.1401 3.9
    endloop
  endfacet
  facet normal -0.617466 -0.786597 0
    outer loop
      vertex 131.525 -22.9542 3.9
      vertex 131.838 -23.1999 5.9
      vertex 131.525 -22.9542 5.9
    endloop
  endfacet
  facet normal -0.617466 -0.786597 -0
    outer loop
      vertex 131.838 -23.1999 5.9
      vertex 131.525 -22.9542 3.9
      vertex 131.838 -23.1999 3.9
    endloop
  endfacet
  facet normal 0.409948 -0.912109 0
    outer loop
      vertex 128.116 -22.748 3.9
      vertex 128.48 -22.5844 5.9
      vertex 128.116 -22.748 5.9
    endloop
  endfacet
  facet normal 0.409948 -0.912109 0
    outer loop
      vertex 128.48 -22.5844 5.9
      vertex 128.116 -22.748 3.9
      vertex 128.48 -22.5844 3.9
    endloop
  endfacet
  facet normal 0.955125 -0.296202 2.06242e-18
    outer loop
      vertex 126.446 -24.8803 5.9
      vertex 126.564 -24.4998 3.9
      vertex 126.564 -24.4998 5.9
    endloop
  endfacet
  facet normal 0.955125 -0.296202 2.06242e-18
    outer loop
      vertex 126.564 -24.4998 3.9
      vertex 126.446 -24.8803 5.9
      vertex 126.446 -24.8803 3.9
    endloop
  endfacet
  facet normal -0.91148 -0.411345 2.28174e-18
    outer loop
      vertex 132.736 -24.4998 3.9
      vertex 132.572 -24.1364 5.9
      vertex 132.572 -24.1364 3.9
    endloop
  endfacet
  facet normal -0.91148 -0.411345 2.28174e-18
    outer loop
      vertex 132.572 -24.1364 5.9
      vertex 132.736 -24.4998 3.9
      vertex 132.736 -24.4998 5.9
    endloop
  endfacet
  facet normal -0.983539 -0.180696 2.33835e-19
    outer loop
      vertex 132.926 -25.2722 3.9
      vertex 132.854 -24.8803 5.9
      vertex 132.854 -24.8803 3.9
    endloop
  endfacet
  facet normal -0.983539 -0.180696 2.33835e-19
    outer loop
      vertex 132.854 -24.8803 5.9
      vertex 132.926 -25.2722 3.9
      vertex 132.926 -25.2722 5.9
    endloop
  endfacet
  facet normal -0.855939 -0.517077 5.70652e-18
    outer loop
      vertex 132.572 -24.1364 3.9
      vertex 132.366 -23.7954 5.9
      vertex 132.366 -23.7954 3.9
    endloop
  endfacet
  facet normal -0.855939 -0.517077 5.70652e-18
    outer loop
      vertex 132.366 -23.7954 5.9
      vertex 132.572 -24.1364 3.9
      vertex 132.572 -24.1364 5.9
    endloop
  endfacet
  facet normal -0.409948 -0.912109 0
    outer loop
      vertex 130.82 -22.5844 3.9
      vertex 131.184 -22.748 5.9
      vertex 130.82 -22.5844 5.9
    endloop
  endfacet
  facet normal -0.409948 -0.912109 -0
    outer loop
      vertex 131.184 -22.748 5.9
      vertex 130.82 -22.5844 3.9
      vertex 131.184 -22.748 3.9
    endloop
  endfacet
  facet normal -0.0604421 -0.998172 0
    outer loop
      vertex 129.65 -22.37 3.9
      vertex 130.048 -22.3941 5.9
      vertex 129.65 -22.37 5.9
    endloop
  endfacet
  facet normal -0.0604421 -0.998172 -0
    outer loop
      vertex 130.048 -22.3941 5.9
      vertex 129.65 -22.37 3.9
      vertex 130.048 -22.3941 3.9
    endloop
  endfacet
  facet normal 0.998185 0.0602223 5.61113e-19
    outer loop
      vertex 126.374 -26.0678 5.9
      vertex 126.35 -25.67 3.9
      vertex 126.35 -25.67 5.9
    endloop
  endfacet
  facet normal 0.998185 0.0602223 5.61113e-19
    outer loop
      vertex 126.35 -25.67 3.9
      vertex 126.374 -26.0678 5.9
      vertex 126.374 -26.0678 3.9
    endloop
  endfacet
  facet normal 0.855939 -0.517077 8.5045e-18
    outer loop
      vertex 126.728 -24.1364 5.9
      vertex 126.934 -23.7954 3.9
      vertex 126.934 -23.7954 5.9
    endloop
  endfacet
  facet normal 0.855939 -0.517077 8.5045e-18
    outer loop
      vertex 126.934 -23.7954 3.9
      vertex 126.728 -24.1364 5.9
      vertex 126.728 -24.1364 3.9
    endloop
  endfacet
  facet normal 0.297703 -0.954659 0
    outer loop
      vertex 128.48 -22.5844 3.9
      vertex 128.86 -22.4659 5.9
      vertex 128.48 -22.5844 5.9
    endloop
  endfacet
  facet normal 0.297703 -0.954659 0
    outer loop
      vertex 128.86 -22.4659 5.9
      vertex 128.48 -22.5844 3.9
      vertex 128.86 -22.4659 3.9
    endloop
  endfacet
  facet normal -0.998185 -0.0602223 8.91617e-19
    outer loop
      vertex 132.95 -25.67 3.9
      vertex 132.926 -25.2722 5.9
      vertex 132.926 -25.2722 3.9
    endloop
  endfacet
  facet normal -0.998185 -0.0602223 8.91617e-19
    outer loop
      vertex 132.926 -25.2722 5.9
      vertex 132.95 -25.67 3.9
      vertex 132.95 -25.67 5.9
    endloop
  endfacet
  facet normal -0.409948 0.912109 0
    outer loop
      vertex 131.184 -28.592 3.9
      vertex 130.82 -28.7556 5.9
      vertex 131.184 -28.592 5.9
    endloop
  endfacet
  facet normal -0.409948 0.912109 0
    outer loop
      vertex 130.82 -28.7556 5.9
      vertex 131.184 -28.592 3.9
      vertex 130.82 -28.7556 3.9
    endloop
  endfacet
  facet normal -0.855939 0.517077 -5.70652e-18
    outer loop
      vertex 132.366 -27.5446 3.9
      vertex 132.572 -27.2036 5.9
      vertex 132.572 -27.2036 3.9
    endloop
  endfacet
  facet normal -0.855939 0.517077 -5.70652e-18
    outer loop
      vertex 132.572 -27.2036 5.9
      vertex 132.366 -27.5446 3.9
      vertex 132.366 -27.5446 5.9
    endloop
  endfacet
  facet normal 0.0604421 0.998172 -0
    outer loop
      vertex 129.65 -28.97 3.9
      vertex 129.252 -28.9459 5.9
      vertex 129.65 -28.97 5.9
    endloop
  endfacet
  facet normal 0.0604421 0.998172 0
    outer loop
      vertex 129.252 -28.9459 5.9
      vertex 129.65 -28.97 3.9
      vertex 129.252 -28.9459 3.9
    endloop
  endfacet
  facet normal 0.617466 0.786597 -0
    outer loop
      vertex 127.775 -28.3858 3.9
      vertex 127.462 -28.1401 5.9
      vertex 127.775 -28.3858 5.9
    endloop
  endfacet
  facet normal 0.617466 0.786597 0
    outer loop
      vertex 127.462 -28.1401 5.9
      vertex 127.775 -28.3858 3.9
      vertex 127.462 -28.1401 3.9
    endloop
  endfacet
  facet normal 0.855939 0.517077 -8.5045e-18
    outer loop
      vertex 126.934 -27.5446 5.9
      vertex 126.728 -27.2036 3.9
      vertex 126.728 -27.2036 5.9
    endloop
  endfacet
  facet normal 0.855939 0.517077 -8.5045e-18
    outer loop
      vertex 126.728 -27.2036 3.9
      vertex 126.934 -27.5446 5.9
      vertex 126.934 -27.5446 3.9
    endloop
  endfacet
  facet normal -0.955125 -0.296202 2.53444e-18
    outer loop
      vertex 132.854 -24.8803 3.9
      vertex 132.736 -24.4998 5.9
      vertex 132.736 -24.4998 3.9
    endloop
  endfacet
  facet normal -0.955125 -0.296202 2.53444e-18
    outer loop
      vertex 132.736 -24.4998 5.9
      vertex 132.854 -24.8803 3.9
      vertex 132.854 -24.8803 5.9
    endloop
  endfacet
  facet normal -0.786901 -0.617079 -8.10801e-18
    outer loop
      vertex 132.366 -23.7954 3.9
      vertex 132.12 -23.4817 5.9
      vertex 132.12 -23.4817 3.9
    endloop
  endfacet
  facet normal -0.786901 -0.617079 -8.10801e-18
    outer loop
      vertex 132.12 -23.4817 5.9
      vertex 132.366 -23.7954 3.9
      vertex 132.366 -23.7954 5.9
    endloop
  endfacet
  facet normal -0.706856 -0.707358 0
    outer loop
      vertex 131.838 -23.1999 3.9
      vertex 132.12 -23.4817 5.9
      vertex 131.838 -23.1999 5.9
    endloop
  endfacet
  facet normal -0.706856 -0.707358 -0
    outer loop
      vertex 132.12 -23.4817 5.9
      vertex 131.838 -23.1999 3.9
      vertex 132.12 -23.4817 3.9
    endloop
  endfacet
  facet normal -0.517445 -0.855716 0
    outer loop
      vertex 131.184 -22.748 3.9
      vertex 131.525 -22.9542 5.9
      vertex 131.184 -22.748 5.9
    endloop
  endfacet
  facet normal -0.517445 -0.855716 -0
    outer loop
      vertex 131.525 -22.9542 5.9
      vertex 131.184 -22.748 3.9
      vertex 131.525 -22.9542 3.9
    endloop
  endfacet
  facet normal 0.0604421 -0.998172 0
    outer loop
      vertex 129.252 -22.3941 3.9
      vertex 129.65 -22.37 5.9
      vertex 129.252 -22.3941 5.9
    endloop
  endfacet
  facet normal 0.0604421 -0.998172 0
    outer loop
      vertex 129.65 -22.37 5.9
      vertex 129.252 -22.3941 3.9
      vertex 129.65 -22.37 3.9
    endloop
  endfacet
  facet normal -0.297703 -0.954659 0
    outer loop
      vertex 130.44 -22.4659 3.9
      vertex 130.82 -22.5844 5.9
      vertex 130.44 -22.4659 5.9
    endloop
  endfacet
  facet normal -0.297703 -0.954659 -0
    outer loop
      vertex 130.82 -22.5844 5.9
      vertex 130.44 -22.4659 3.9
      vertex 130.82 -22.5844 3.9
    endloop
  endfacet
  facet normal -0.180166 -0.983636 0
    outer loop
      vertex 130.048 -22.3941 3.9
      vertex 130.44 -22.4659 5.9
      vertex 130.048 -22.3941 5.9
    endloop
  endfacet
  facet normal -0.180166 -0.983636 -0
    outer loop
      vertex 130.44 -22.4659 5.9
      vertex 130.048 -22.3941 3.9
      vertex 130.44 -22.4659 3.9
    endloop
  endfacet
  facet normal 0.983539 -0.180696 -2.17041e-18
    outer loop
      vertex 126.374 -25.2722 5.9
      vertex 126.446 -24.8803 3.9
      vertex 126.446 -24.8803 5.9
    endloop
  endfacet
  facet normal 0.983539 -0.180696 -2.17041e-18
    outer loop
      vertex 126.446 -24.8803 3.9
      vertex 126.374 -25.2722 5.9
      vertex 126.374 -25.2722 3.9
    endloop
  endfacet
  facet normal 0.998185 -0.0602223 -8.91617e-19
    outer loop
      vertex 126.35 -25.67 5.9
      vertex 126.374 -25.2722 3.9
      vertex 126.374 -25.2722 5.9
    endloop
  endfacet
  facet normal 0.998185 -0.0602223 -8.91617e-19
    outer loop
      vertex 126.374 -25.2722 3.9
      vertex 126.35 -25.67 5.9
      vertex 126.35 -25.67 3.9
    endloop
  endfacet
  facet normal 0.91148 -0.411345 4.30429e-18
    outer loop
      vertex 126.564 -24.4998 5.9
      vertex 126.728 -24.1364 3.9
      vertex 126.728 -24.1364 5.9
    endloop
  endfacet
  facet normal 0.91148 -0.411345 4.30429e-18
    outer loop
      vertex 126.728 -24.1364 3.9
      vertex 126.564 -24.4998 5.9
      vertex 126.564 -24.4998 3.9
    endloop
  endfacet
  facet normal 0.180166 -0.983636 0
    outer loop
      vertex 128.86 -22.4659 3.9
      vertex 129.252 -22.3941 5.9
      vertex 128.86 -22.4659 5.9
    endloop
  endfacet
  facet normal 0.180166 -0.983636 0
    outer loop
      vertex 129.252 -22.3941 5.9
      vertex 128.86 -22.4659 3.9
      vertex 129.252 -22.3941 3.9
    endloop
  endfacet
  facet normal 0.617466 -0.786597 0
    outer loop
      vertex 127.462 -23.1999 3.9
      vertex 127.775 -22.9542 5.9
      vertex 127.462 -23.1999 5.9
    endloop
  endfacet
  facet normal 0.617466 -0.786597 0
    outer loop
      vertex 127.775 -22.9542 5.9
      vertex 127.462 -23.1999 3.9
      vertex 127.775 -22.9542 3.9
    endloop
  endfacet
  facet normal 0.706856 -0.707358 8.14171e-18
    outer loop
      vertex 127.18 -23.4817 5.9
      vertex 127.462 -23.1999 3.9
      vertex 127.462 -23.1999 5.9
    endloop
  endfacet
  facet normal 0.706856 -0.707358 8.14171e-18
    outer loop
      vertex 127.462 -23.1999 3.9
      vertex 127.18 -23.4817 5.9
      vertex 127.18 -23.4817 3.9
    endloop
  endfacet
  facet normal 0.517445 -0.855716 0
    outer loop
      vertex 127.775 -22.9542 3.9
      vertex 128.116 -22.748 5.9
      vertex 127.775 -22.9542 5.9
    endloop
  endfacet
  facet normal 0.517445 -0.855716 0
    outer loop
      vertex 128.116 -22.748 5.9
      vertex 127.775 -22.9542 3.9
      vertex 128.116 -22.748 3.9
    endloop
  endfacet
  facet normal 0.786901 -0.617079 8.10801e-18
    outer loop
      vertex 126.934 -23.7954 5.9
      vertex 127.18 -23.4817 3.9
      vertex 127.18 -23.4817 5.9
    endloop
  endfacet
  facet normal 0.786901 -0.617079 8.10801e-18
    outer loop
      vertex 127.18 -23.4817 3.9
      vertex 126.934 -23.7954 5.9
      vertex 126.934 -23.7954 3.9
    endloop
  endfacet
  facet normal -0.983539 0.180696 -2.33835e-19
    outer loop
      vertex 132.854 -26.4597 3.9
      vertex 132.926 -26.0678 5.9
      vertex 132.926 -26.0678 3.9
    endloop
  endfacet
  facet normal -0.983539 0.180696 -2.33835e-19
    outer loop
      vertex 132.926 -26.0678 5.9
      vertex 132.854 -26.4597 3.9
      vertex 132.854 -26.4597 5.9
    endloop
  endfacet
  facet normal -0.180166 0.983636 0
    outer loop
      vertex 130.44 -28.8741 3.9
      vertex 130.048 -28.9459 5.9
      vertex 130.44 -28.8741 5.9
    endloop
  endfacet
  facet normal -0.180166 0.983636 0
    outer loop
      vertex 130.048 -28.9459 5.9
      vertex 130.44 -28.8741 3.9
      vertex 130.048 -28.9459 3.9
    endloop
  endfacet
  facet normal -0.706856 0.707358 0
    outer loop
      vertex 132.12 -27.8583 3.9
      vertex 131.838 -28.1401 5.9
      vertex 132.12 -27.8583 5.9
    endloop
  endfacet
  facet normal -0.706856 0.707358 0
    outer loop
      vertex 131.838 -28.1401 5.9
      vertex 132.12 -27.8583 3.9
      vertex 131.838 -28.1401 3.9
    endloop
  endfacet
  facet normal -0.517445 0.855716 0
    outer loop
      vertex 131.525 -28.3858 3.9
      vertex 131.184 -28.592 5.9
      vertex 131.525 -28.3858 5.9
    endloop
  endfacet
  facet normal -0.517445 0.855716 0
    outer loop
      vertex 131.184 -28.592 5.9
      vertex 131.525 -28.3858 3.9
      vertex 131.184 -28.592 3.9
    endloop
  endfacet
  facet normal -0.91148 0.411345 -2.28174e-18
    outer loop
      vertex 132.572 -27.2036 3.9
      vertex 132.736 -26.8402 5.9
      vertex 132.736 -26.8402 3.9
    endloop
  endfacet
  facet normal -0.91148 0.411345 -2.28174e-18
    outer loop
      vertex 132.736 -26.8402 5.9
      vertex 132.572 -27.2036 3.9
      vertex 132.572 -27.2036 5.9
    endloop
  endfacet
  facet normal 0.297703 0.954659 -0
    outer loop
      vertex 128.86 -28.8741 3.9
      vertex 128.48 -28.7556 5.9
      vertex 128.86 -28.8741 5.9
    endloop
  endfacet
  facet normal 0.297703 0.954659 0
    outer loop
      vertex 128.48 -28.7556 5.9
      vertex 128.86 -28.8741 3.9
      vertex 128.48 -28.7556 3.9
    endloop
  endfacet
  facet normal 0.409948 0.912109 -0
    outer loop
      vertex 128.48 -28.7556 3.9
      vertex 128.116 -28.592 5.9
      vertex 128.48 -28.7556 5.9
    endloop
  endfacet
  facet normal 0.409948 0.912109 0
    outer loop
      vertex 128.116 -28.592 5.9
      vertex 128.48 -28.7556 3.9
      vertex 128.116 -28.592 3.9
    endloop
  endfacet
  facet normal 0.91148 0.411345 -4.30429e-18
    outer loop
      vertex 126.728 -27.2036 5.9
      vertex 126.564 -26.8402 3.9
      vertex 126.564 -26.8402 5.9
    endloop
  endfacet
  facet normal 0.91148 0.411345 -4.30429e-18
    outer loop
      vertex 126.564 -26.8402 3.9
      vertex 126.728 -27.2036 5.9
      vertex 126.728 -27.2036 3.9
    endloop
  endfacet
  facet normal 0.983539 0.180696 2.17041e-18
    outer loop
      vertex 126.446 -26.4597 5.9
      vertex 126.374 -26.0678 3.9
      vertex 126.374 -26.0678 5.9
    endloop
  endfacet
  facet normal 0.983539 0.180696 2.17041e-18
    outer loop
      vertex 126.374 -26.0678 3.9
      vertex 126.446 -26.4597 5.9
      vertex 126.446 -26.4597 3.9
    endloop
  endfacet
  facet normal 0.786901 0.617079 -8.10801e-18
    outer loop
      vertex 127.18 -27.8583 5.9
      vertex 126.934 -27.5446 3.9
      vertex 126.934 -27.5446 5.9
    endloop
  endfacet
  facet normal 0.786901 0.617079 -8.10801e-18
    outer loop
      vertex 126.934 -27.5446 3.9
      vertex 127.18 -27.8583 5.9
      vertex 127.18 -27.8583 3.9
    endloop
  endfacet
  facet normal 0.706856 0.707358 -8.14171e-18
    outer loop
      vertex 127.462 -28.1401 5.9
      vertex 127.18 -27.8583 3.9
      vertex 127.18 -27.8583 5.9
    endloop
  endfacet
  facet normal 0.706856 0.707358 -8.14171e-18
    outer loop
      vertex 127.18 -27.8583 3.9
      vertex 127.462 -28.1401 5.9
      vertex 127.462 -28.1401 3.9
    endloop
  endfacet
  facet normal -0.998185 0.0602223 -5.61113e-19
    outer loop
      vertex 132.926 -26.0678 3.9
      vertex 132.95 -25.67 5.9
      vertex 132.95 -25.67 3.9
    endloop
  endfacet
  facet normal -0.998185 0.0602223 -5.61113e-19
    outer loop
      vertex 132.95 -25.67 5.9
      vertex 132.926 -26.0678 3.9
      vertex 132.926 -26.0678 5.9
    endloop
  endfacet
  facet normal -0.297703 0.954659 0
    outer loop
      vertex 130.82 -28.7556 3.9
      vertex 130.44 -28.8741 5.9
      vertex 130.82 -28.7556 5.9
    endloop
  endfacet
  facet normal -0.297703 0.954659 0
    outer loop
      vertex 130.44 -28.8741 5.9
      vertex 130.82 -28.7556 3.9
      vertex 130.44 -28.8741 3.9
    endloop
  endfacet
  facet normal -0.786901 0.617079 8.10801e-18
    outer loop
      vertex 132.12 -27.8583 3.9
      vertex 132.366 -27.5446 5.9
      vertex 132.366 -27.5446 3.9
    endloop
  endfacet
  facet normal -0.786901 0.617079 8.10801e-18
    outer loop
      vertex 132.366 -27.5446 5.9
      vertex 132.12 -27.8583 3.9
      vertex 132.12 -27.8583 5.9
    endloop
  endfacet
  facet normal -0.617466 0.786597 0
    outer loop
      vertex 131.838 -28.1401 3.9
      vertex 131.525 -28.3858 5.9
      vertex 131.838 -28.1401 5.9
    endloop
  endfacet
  facet normal -0.617466 0.786597 0
    outer loop
      vertex 131.525 -28.3858 5.9
      vertex 131.838 -28.1401 3.9
      vertex 131.525 -28.3858 3.9
    endloop
  endfacet
  facet normal -0.955125 0.296202 -2.53444e-18
    outer loop
      vertex 132.736 -26.8402 3.9
      vertex 132.854 -26.4597 5.9
      vertex 132.854 -26.4597 3.9
    endloop
  endfacet
  facet normal -0.955125 0.296202 -2.53444e-18
    outer loop
      vertex 132.854 -26.4597 5.9
      vertex 132.736 -26.8402 3.9
      vertex 132.736 -26.8402 5.9
    endloop
  endfacet
  facet normal -0.0604421 0.998172 0
    outer loop
      vertex 130.048 -28.9459 3.9
      vertex 129.65 -28.97 5.9
      vertex 130.048 -28.9459 5.9
    endloop
  endfacet
  facet normal -0.0604421 0.998172 0
    outer loop
      vertex 129.65 -28.97 5.9
      vertex 130.048 -28.9459 3.9
      vertex 129.65 -28.97 3.9
    endloop
  endfacet
  facet normal 0.180166 0.983636 -0
    outer loop
      vertex 129.252 -28.9459 3.9
      vertex 128.86 -28.8741 5.9
      vertex 129.252 -28.9459 5.9
    endloop
  endfacet
  facet normal 0.180166 0.983636 0
    outer loop
      vertex 128.86 -28.8741 5.9
      vertex 129.252 -28.9459 3.9
      vertex 128.86 -28.8741 3.9
    endloop
  endfacet
  facet normal 0.517445 0.855716 -0
    outer loop
      vertex 128.116 -28.592 3.9
      vertex 127.775 -28.3858 5.9
      vertex 128.116 -28.592 5.9
    endloop
  endfacet
  facet normal 0.517445 0.855716 0
    outer loop
      vertex 127.775 -28.3858 5.9
      vertex 128.116 -28.592 3.9
      vertex 127.775 -28.3858 3.9
    endloop
  endfacet
  facet normal 0.955125 0.296202 -2.06242e-18
    outer loop
      vertex 126.564 -26.8402 5.9
      vertex 126.446 -26.4597 3.9
      vertex 126.446 -26.4597 5.9
    endloop
  endfacet
  facet normal 0.955125 0.296202 -2.06242e-18
    outer loop
      vertex 126.446 -26.4597 3.9
      vertex 126.564 -26.8402 5.9
      vertex 126.564 -26.8402 3.9
    endloop
  endfacet
  facet normal -0.617466 -0.786597 0
    outer loop
      vertex 149.525 -22.9542 3.9
      vertex 149.838 -23.1999 5.9
      vertex 149.525 -22.9542 5.9
    endloop
  endfacet
  facet normal -0.617466 -0.786597 -0
    outer loop
      vertex 149.838 -23.1999 5.9
      vertex 149.525 -22.9542 3.9
      vertex 149.838 -23.1999 3.9
    endloop
  endfacet
  facet normal 0.409948 -0.912109 0
    outer loop
      vertex 146.116 -22.748 3.9
      vertex 146.48 -22.5844 5.9
      vertex 146.116 -22.748 5.9
    endloop
  endfacet
  facet normal 0.409948 -0.912109 0
    outer loop
      vertex 146.48 -22.5844 5.9
      vertex 146.116 -22.748 3.9
      vertex 146.48 -22.5844 3.9
    endloop
  endfacet
  facet normal 0.955125 -0.296202 2.06242e-18
    outer loop
      vertex 144.446 -24.8803 5.9
      vertex 144.564 -24.4998 3.9
      vertex 144.564 -24.4998 5.9
    endloop
  endfacet
  facet normal 0.955125 -0.296202 2.06242e-18
    outer loop
      vertex 144.564 -24.4998 3.9
      vertex 144.446 -24.8803 5.9
      vertex 144.446 -24.8803 3.9
    endloop
  endfacet
  facet normal -0.91148 -0.411345 2.28174e-18
    outer loop
      vertex 150.736 -24.4998 3.9
      vertex 150.572 -24.1364 5.9
      vertex 150.572 -24.1364 3.9
    endloop
  endfacet
  facet normal -0.91148 -0.411345 2.28174e-18
    outer loop
      vertex 150.572 -24.1364 5.9
      vertex 150.736 -24.4998 3.9
      vertex 150.736 -24.4998 5.9
    endloop
  endfacet
  facet normal -0.983539 -0.180696 2.33835e-19
    outer loop
      vertex 150.926 -25.2722 3.9
      vertex 150.854 -24.8803 5.9
      vertex 150.854 -24.8803 3.9
    endloop
  endfacet
  facet normal -0.983539 -0.180696 2.33835e-19
    outer loop
      vertex 150.854 -24.8803 5.9
      vertex 150.926 -25.2722 3.9
      vertex 150.926 -25.2722 5.9
    endloop
  endfacet
  facet normal -0.855939 -0.517077 5.70652e-18
    outer loop
      vertex 150.572 -24.1364 3.9
      vertex 150.366 -23.7954 5.9
      vertex 150.366 -23.7954 3.9
    endloop
  endfacet
  facet normal -0.855939 -0.517077 5.70652e-18
    outer loop
      vertex 150.366 -23.7954 5.9
      vertex 150.572 -24.1364 3.9
      vertex 150.572 -24.1364 5.9
    endloop
  endfacet
  facet normal -0.409948 -0.912109 0
    outer loop
      vertex 148.82 -22.5844 3.9
      vertex 149.184 -22.748 5.9
      vertex 148.82 -22.5844 5.9
    endloop
  endfacet
  facet normal -0.409948 -0.912109 -0
    outer loop
      vertex 149.184 -22.748 5.9
      vertex 148.82 -22.5844 3.9
      vertex 149.184 -22.748 3.9
    endloop
  endfacet
  facet normal -0.0604421 -0.998172 0
    outer loop
      vertex 147.65 -22.37 3.9
      vertex 148.048 -22.3941 5.9
      vertex 147.65 -22.37 5.9
    endloop
  endfacet
  facet normal -0.0604421 -0.998172 -0
    outer loop
      vertex 148.048 -22.3941 5.9
      vertex 147.65 -22.37 3.9
      vertex 148.048 -22.3941 3.9
    endloop
  endfacet
  facet normal 0.998185 0.0602223 5.61113e-19
    outer loop
      vertex 144.374 -26.0678 5.9
      vertex 144.35 -25.67 3.9
      vertex 144.35 -25.67 5.9
    endloop
  endfacet
  facet normal 0.998185 0.0602223 5.61113e-19
    outer loop
      vertex 144.35 -25.67 3.9
      vertex 144.374 -26.0678 5.9
      vertex 144.374 -26.0678 3.9
    endloop
  endfacet
  facet normal 0.855939 -0.517077 -5.70652e-18
    outer loop
      vertex 144.728 -24.1364 5.9
      vertex 144.934 -23.7954 3.9
      vertex 144.934 -23.7954 5.9
    endloop
  endfacet
  facet normal 0.855939 -0.517077 -5.70652e-18
    outer loop
      vertex 144.934 -23.7954 3.9
      vertex 144.728 -24.1364 5.9
      vertex 144.728 -24.1364 3.9
    endloop
  endfacet
  facet normal 0.297703 -0.954659 0
    outer loop
      vertex 146.48 -22.5844 3.9
      vertex 146.86 -22.4659 5.9
      vertex 146.48 -22.5844 5.9
    endloop
  endfacet
  facet normal 0.297703 -0.954659 0
    outer loop
      vertex 146.86 -22.4659 5.9
      vertex 146.48 -22.5844 3.9
      vertex 146.86 -22.4659 3.9
    endloop
  endfacet
  facet normal -0.998185 -0.0602223 8.91617e-19
    outer loop
      vertex 150.95 -25.67 3.9
      vertex 150.926 -25.2722 5.9
      vertex 150.926 -25.2722 3.9
    endloop
  endfacet
  facet normal -0.998185 -0.0602223 8.91617e-19
    outer loop
      vertex 150.926 -25.2722 5.9
      vertex 150.95 -25.67 3.9
      vertex 150.95 -25.67 5.9
    endloop
  endfacet
  facet normal -0.409948 0.912109 0
    outer loop
      vertex 149.184 -28.592 3.9
      vertex 148.82 -28.7556 5.9
      vertex 149.184 -28.592 5.9
    endloop
  endfacet
  facet normal -0.409948 0.912109 0
    outer loop
      vertex 148.82 -28.7556 5.9
      vertex 149.184 -28.592 3.9
      vertex 148.82 -28.7556 3.9
    endloop
  endfacet
  facet normal -0.855939 0.517077 -5.70652e-18
    outer loop
      vertex 150.366 -27.5446 3.9
      vertex 150.572 -27.2036 5.9
      vertex 150.572 -27.2036 3.9
    endloop
  endfacet
  facet normal -0.855939 0.517077 -5.70652e-18
    outer loop
      vertex 150.572 -27.2036 5.9
      vertex 150.366 -27.5446 3.9
      vertex 150.366 -27.5446 5.9
    endloop
  endfacet
  facet normal 0.0604421 0.998172 -0
    outer loop
      vertex 147.65 -28.97 3.9
      vertex 147.252 -28.9459 5.9
      vertex 147.65 -28.97 5.9
    endloop
  endfacet
  facet normal 0.0604421 0.998172 0
    outer loop
      vertex 147.252 -28.9459 5.9
      vertex 147.65 -28.97 3.9
      vertex 147.252 -28.9459 3.9
    endloop
  endfacet
  facet normal 0.617466 0.786597 -0
    outer loop
      vertex 145.775 -28.3858 3.9
      vertex 145.462 -28.1401 5.9
      vertex 145.775 -28.3858 5.9
    endloop
  endfacet
  facet normal 0.617466 0.786597 0
    outer loop
      vertex 145.462 -28.1401 5.9
      vertex 145.775 -28.3858 3.9
      vertex 145.462 -28.1401 3.9
    endloop
  endfacet
  facet normal 0.855939 0.517077 5.70652e-18
    outer loop
      vertex 144.934 -27.5446 5.9
      vertex 144.728 -27.2036 3.9
      vertex 144.728 -27.2036 5.9
    endloop
  endfacet
  facet normal 0.855939 0.517077 5.70652e-18
    outer loop
      vertex 144.728 -27.2036 3.9
      vertex 144.934 -27.5446 5.9
      vertex 144.934 -27.5446 3.9
    endloop
  endfacet
  facet normal -0.955125 -0.296202 2.53444e-18
    outer loop
      vertex 150.854 -24.8803 3.9
      vertex 150.736 -24.4998 5.9
      vertex 150.736 -24.4998 3.9
    endloop
  endfacet
  facet normal -0.955125 -0.296202 2.53444e-18
    outer loop
      vertex 150.736 -24.4998 5.9
      vertex 150.854 -24.8803 3.9
      vertex 150.854 -24.8803 5.9
    endloop
  endfacet
  facet normal -0.786901 -0.617079 -8.10801e-18
    outer loop
      vertex 150.366 -23.7954 3.9
      vertex 150.12 -23.4817 5.9
      vertex 150.12 -23.4817 3.9
    endloop
  endfacet
  facet normal -0.786901 -0.617079 -8.10801e-18
    outer loop
      vertex 150.12 -23.4817 5.9
      vertex 150.366 -23.7954 3.9
      vertex 150.366 -23.7954 5.9
    endloop
  endfacet
  facet normal -0.706856 -0.707358 0
    outer loop
      vertex 149.838 -23.1999 3.9
      vertex 150.12 -23.4817 5.9
      vertex 149.838 -23.1999 5.9
    endloop
  endfacet
  facet normal -0.706856 -0.707358 -0
    outer loop
      vertex 150.12 -23.4817 5.9
      vertex 149.838 -23.1999 3.9
      vertex 150.12 -23.4817 3.9
    endloop
  endfacet
  facet normal -0.517445 -0.855716 0
    outer loop
      vertex 149.184 -22.748 3.9
      vertex 149.525 -22.9542 5.9
      vertex 149.184 -22.748 5.9
    endloop
  endfacet
  facet normal -0.517445 -0.855716 -0
    outer loop
      vertex 149.525 -22.9542 5.9
      vertex 149.184 -22.748 3.9
      vertex 149.525 -22.9542 3.9
    endloop
  endfacet
  facet normal 0.0604421 -0.998172 0
    outer loop
      vertex 147.252 -22.3941 3.9
      vertex 147.65 -22.37 5.9
      vertex 147.252 -22.3941 5.9
    endloop
  endfacet
  facet normal 0.0604421 -0.998172 0
    outer loop
      vertex 147.65 -22.37 5.9
      vertex 147.252 -22.3941 3.9
      vertex 147.65 -22.37 3.9
    endloop
  endfacet
  facet normal -0.297703 -0.954659 0
    outer loop
      vertex 148.44 -22.4659 3.9
      vertex 148.82 -22.5844 5.9
      vertex 148.44 -22.4659 5.9
    endloop
  endfacet
  facet normal -0.297703 -0.954659 -0
    outer loop
      vertex 148.82 -22.5844 5.9
      vertex 148.44 -22.4659 3.9
      vertex 148.82 -22.5844 3.9
    endloop
  endfacet
  facet normal -0.180166 -0.983636 0
    outer loop
      vertex 148.048 -22.3941 3.9
      vertex 148.44 -22.4659 5.9
      vertex 148.048 -22.3941 5.9
    endloop
  endfacet
  facet normal -0.180166 -0.983636 -0
    outer loop
      vertex 148.44 -22.4659 5.9
      vertex 148.048 -22.3941 3.9
      vertex 148.44 -22.4659 3.9
    endloop
  endfacet
  facet normal 0.983539 -0.180696 -2.17041e-18
    outer loop
      vertex 144.374 -25.2722 5.9
      vertex 144.446 -24.8803 3.9
      vertex 144.446 -24.8803 5.9
    endloop
  endfacet
  facet normal 0.983539 -0.180696 -2.17041e-18
    outer loop
      vertex 144.446 -24.8803 3.9
      vertex 144.374 -25.2722 5.9
      vertex 144.374 -25.2722 3.9
    endloop
  endfacet
  facet normal 0.998185 -0.0602223 -8.91617e-19
    outer loop
      vertex 144.35 -25.67 5.9
      vertex 144.374 -25.2722 3.9
      vertex 144.374 -25.2722 5.9
    endloop
  endfacet
  facet normal 0.998185 -0.0602223 -8.91617e-19
    outer loop
      vertex 144.374 -25.2722 3.9
      vertex 144.35 -25.67 5.9
      vertex 144.35 -25.67 3.9
    endloop
  endfacet
  facet normal 0.91148 -0.411345 2.18826e-18
    outer loop
      vertex 144.564 -24.4998 5.9
      vertex 144.728 -24.1364 3.9
      vertex 144.728 -24.1364 5.9
    endloop
  endfacet
  facet normal 0.91148 -0.411345 2.18826e-18
    outer loop
      vertex 144.728 -24.1364 3.9
      vertex 144.564 -24.4998 5.9
      vertex 144.564 -24.4998 3.9
    endloop
  endfacet
  facet normal 0.180166 -0.983636 0
    outer loop
      vertex 146.86 -22.4659 3.9
      vertex 147.252 -22.3941 5.9
      vertex 146.86 -22.4659 5.9
    endloop
  endfacet
  facet normal 0.180166 -0.983636 0
    outer loop
      vertex 147.252 -22.3941 5.9
      vertex 146.86 -22.4659 3.9
      vertex 147.252 -22.3941 3.9
    endloop
  endfacet
  facet normal 0.617466 -0.786597 0
    outer loop
      vertex 145.462 -23.1999 3.9
      vertex 145.775 -22.9542 5.9
      vertex 145.462 -23.1999 5.9
    endloop
  endfacet
  facet normal 0.617466 -0.786597 0
    outer loop
      vertex 145.775 -22.9542 5.9
      vertex 145.462 -23.1999 3.9
      vertex 145.775 -22.9542 3.9
    endloop
  endfacet
  facet normal 0.706856 -0.707358 0
    outer loop
      vertex 145.18 -23.4817 3.9
      vertex 145.462 -23.1999 5.9
      vertex 145.18 -23.4817 5.9
    endloop
  endfacet
  facet normal 0.706856 -0.707358 0
    outer loop
      vertex 145.462 -23.1999 5.9
      vertex 145.18 -23.4817 3.9
      vertex 145.462 -23.1999 3.9
    endloop
  endfacet
  facet normal 0.517445 -0.855716 0
    outer loop
      vertex 145.775 -22.9542 3.9
      vertex 146.116 -22.748 5.9
      vertex 145.775 -22.9542 5.9
    endloop
  endfacet
  facet normal 0.517445 -0.855716 0
    outer loop
      vertex 146.116 -22.748 5.9
      vertex 145.775 -22.9542 3.9
      vertex 146.116 -22.748 3.9
    endloop
  endfacet
  facet normal 0.786901 -0.617079 8.10801e-18
    outer loop
      vertex 144.934 -23.7954 5.9
      vertex 145.18 -23.4817 3.9
      vertex 145.18 -23.4817 5.9
    endloop
  endfacet
  facet normal 0.786901 -0.617079 8.10801e-18
    outer loop
      vertex 145.18 -23.4817 3.9
      vertex 144.934 -23.7954 5.9
      vertex 144.934 -23.7954 3.9
    endloop
  endfacet
  facet normal -0.983539 0.180696 -2.33835e-19
    outer loop
      vertex 150.854 -26.4597 3.9
      vertex 150.926 -26.0678 5.9
      vertex 150.926 -26.0678 3.9
    endloop
  endfacet
  facet normal -0.983539 0.180696 -2.33835e-19
    outer loop
      vertex 150.926 -26.0678 5.9
      vertex 150.854 -26.4597 3.9
      vertex 150.854 -26.4597 5.9
    endloop
  endfacet
  facet normal -0.180166 0.983636 0
    outer loop
      vertex 148.44 -28.8741 3.9
      vertex 148.048 -28.9459 5.9
      vertex 148.44 -28.8741 5.9
    endloop
  endfacet
  facet normal -0.180166 0.983636 0
    outer loop
      vertex 148.048 -28.9459 5.9
      vertex 148.44 -28.8741 3.9
      vertex 148.048 -28.9459 3.9
    endloop
  endfacet
  facet normal -0.706856 0.707358 0
    outer loop
      vertex 150.12 -27.8583 3.9
      vertex 149.838 -28.1401 5.9
      vertex 150.12 -27.8583 5.9
    endloop
  endfacet
  facet normal -0.706856 0.707358 0
    outer loop
      vertex 149.838 -28.1401 5.9
      vertex 150.12 -27.8583 3.9
      vertex 149.838 -28.1401 3.9
    endloop
  endfacet
  facet normal -0.517445 0.855716 0
    outer loop
      vertex 149.525 -28.3858 3.9
      vertex 149.184 -28.592 5.9
      vertex 149.525 -28.3858 5.9
    endloop
  endfacet
  facet normal -0.517445 0.855716 0
    outer loop
      vertex 149.184 -28.592 5.9
      vertex 149.525 -28.3858 3.9
      vertex 149.184 -28.592 3.9
    endloop
  endfacet
  facet normal -0.91148 0.411345 -2.28174e-18
    outer loop
      vertex 150.572 -27.2036 3.9
      vertex 150.736 -26.8402 5.9
      vertex 150.736 -26.8402 3.9
    endloop
  endfacet
  facet normal -0.91148 0.411345 -2.28174e-18
    outer loop
      vertex 150.736 -26.8402 5.9
      vertex 150.572 -27.2036 3.9
      vertex 150.572 -27.2036 5.9
    endloop
  endfacet
  facet normal 0.297703 0.954659 -0
    outer loop
      vertex 146.86 -28.8741 3.9
      vertex 146.48 -28.7556 5.9
      vertex 146.86 -28.8741 5.9
    endloop
  endfacet
  facet normal 0.297703 0.954659 0
    outer loop
      vertex 146.48 -28.7556 5.9
      vertex 146.86 -28.8741 3.9
      vertex 146.48 -28.7556 3.9
    endloop
  endfacet
  facet normal 0.409948 0.912109 -0
    outer loop
      vertex 146.48 -28.7556 3.9
      vertex 146.116 -28.592 5.9
      vertex 146.48 -28.7556 5.9
    endloop
  endfacet
  facet normal 0.409948 0.912109 0
    outer loop
      vertex 146.116 -28.592 5.9
      vertex 146.48 -28.7556 3.9
      vertex 146.116 -28.592 3.9
    endloop
  endfacet
  facet normal 0.91148 0.411345 -2.18826e-18
    outer loop
      vertex 144.728 -27.2036 5.9
      vertex 144.564 -26.8402 3.9
      vertex 144.564 -26.8402 5.9
    endloop
  endfacet
  facet normal 0.91148 0.411345 -2.18826e-18
    outer loop
      vertex 144.564 -26.8402 3.9
      vertex 144.728 -27.2036 5.9
      vertex 144.728 -27.2036 3.9
    endloop
  endfacet
  facet normal 0.983539 0.180696 2.17041e-18
    outer loop
      vertex 144.446 -26.4597 5.9
      vertex 144.374 -26.0678 3.9
      vertex 144.374 -26.0678 5.9
    endloop
  endfacet
  facet normal 0.983539 0.180696 2.17041e-18
    outer loop
      vertex 144.374 -26.0678 3.9
      vertex 144.446 -26.4597 5.9
      vertex 144.446 -26.4597 3.9
    endloop
  endfacet
  facet normal 0.786901 0.617079 -8.10801e-18
    outer loop
      vertex 145.18 -27.8583 5.9
      vertex 144.934 -27.5446 3.9
      vertex 144.934 -27.5446 5.9
    endloop
  endfacet
  facet normal 0.786901 0.617079 -8.10801e-18
    outer loop
      vertex 144.934 -27.5446 3.9
      vertex 145.18 -27.8583 5.9
      vertex 145.18 -27.8583 3.9
    endloop
  endfacet
  facet normal -0.998185 0.0602223 -5.61113e-19
    outer loop
      vertex 150.926 -26.0678 3.9
      vertex 150.95 -25.67 5.9
      vertex 150.95 -25.67 3.9
    endloop
  endfacet
  facet normal -0.998185 0.0602223 -5.61113e-19
    outer loop
      vertex 150.95 -25.67 5.9
      vertex 150.926 -26.0678 3.9
      vertex 150.926 -26.0678 5.9
    endloop
  endfacet
  facet normal -0.297703 0.954659 0
    outer loop
      vertex 148.82 -28.7556 3.9
      vertex 148.44 -28.8741 5.9
      vertex 148.82 -28.7556 5.9
    endloop
  endfacet
  facet normal -0.297703 0.954659 0
    outer loop
      vertex 148.44 -28.8741 5.9
      vertex 148.82 -28.7556 3.9
      vertex 148.44 -28.8741 3.9
    endloop
  endfacet
  facet normal -0.786901 0.617079 8.10801e-18
    outer loop
      vertex 150.12 -27.8583 3.9
      vertex 150.366 -27.5446 5.9
      vertex 150.366 -27.5446 3.9
    endloop
  endfacet
  facet normal -0.786901 0.617079 8.10801e-18
    outer loop
      vertex 150.366 -27.5446 5.9
      vertex 150.12 -27.8583 3.9
      vertex 150.12 -27.8583 5.9
    endloop
  endfacet
  facet normal -0.617466 0.786597 0
    outer loop
      vertex 149.838 -28.1401 3.9
      vertex 149.525 -28.3858 5.9
      vertex 149.838 -28.1401 5.9
    endloop
  endfacet
  facet normal -0.617466 0.786597 0
    outer loop
      vertex 149.525 -28.3858 5.9
      vertex 149.838 -28.1401 3.9
      vertex 149.525 -28.3858 3.9
    endloop
  endfacet
  facet normal -0.955125 0.296202 -2.53444e-18
    outer loop
      vertex 150.736 -26.8402 3.9
      vertex 150.854 -26.4597 5.9
      vertex 150.854 -26.4597 3.9
    endloop
  endfacet
  facet normal -0.955125 0.296202 -2.53444e-18
    outer loop
      vertex 150.854 -26.4597 5.9
      vertex 150.736 -26.8402 3.9
      vertex 150.736 -26.8402 5.9
    endloop
  endfacet
  facet normal -0.0604421 0.998172 0
    outer loop
      vertex 148.048 -28.9459 3.9
      vertex 147.65 -28.97 5.9
      vertex 148.048 -28.9459 5.9
    endloop
  endfacet
  facet normal -0.0604421 0.998172 0
    outer loop
      vertex 147.65 -28.97 5.9
      vertex 148.048 -28.9459 3.9
      vertex 147.65 -28.97 3.9
    endloop
  endfacet
  facet normal 0.180166 0.983636 -0
    outer loop
      vertex 147.252 -28.9459 3.9
      vertex 146.86 -28.8741 5.9
      vertex 147.252 -28.9459 5.9
    endloop
  endfacet
  facet normal 0.180166 0.983636 0
    outer loop
      vertex 146.86 -28.8741 5.9
      vertex 147.252 -28.9459 3.9
      vertex 146.86 -28.8741 3.9
    endloop
  endfacet
  facet normal 0.517445 0.855716 -0
    outer loop
      vertex 146.116 -28.592 3.9
      vertex 145.775 -28.3858 5.9
      vertex 146.116 -28.592 5.9
    endloop
  endfacet
  facet normal 0.517445 0.855716 0
    outer loop
      vertex 145.775 -28.3858 5.9
      vertex 146.116 -28.592 3.9
      vertex 145.775 -28.3858 3.9
    endloop
  endfacet
  facet normal 0.955125 0.296202 -2.06242e-18
    outer loop
      vertex 144.564 -26.8402 5.9
      vertex 144.446 -26.4597 3.9
      vertex 144.446 -26.4597 5.9
    endloop
  endfacet
  facet normal 0.955125 0.296202 -2.06242e-18
    outer loop
      vertex 144.446 -26.4597 3.9
      vertex 144.564 -26.8402 5.9
      vertex 144.564 -26.8402 3.9
    endloop
  endfacet
  facet normal 0.706856 0.707358 -0
    outer loop
      vertex 145.462 -28.1401 3.9
      vertex 145.18 -27.8583 5.9
      vertex 145.462 -28.1401 5.9
    endloop
  endfacet
  facet normal 0.706856 0.707358 0
    outer loop
      vertex 145.18 -27.8583 5.9
      vertex 145.462 -28.1401 3.9
      vertex 145.18 -27.8583 3.9
    endloop
  endfacet
  facet normal -0.617466 -0.786597 0
    outer loop
      vertex 167.525 -22.9542 3.9
      vertex 167.838 -23.1999 5.9
      vertex 167.525 -22.9542 5.9
    endloop
  endfacet
  facet normal -0.617466 -0.786597 -0
    outer loop
      vertex 167.838 -23.1999 5.9
      vertex 167.525 -22.9542 3.9
      vertex 167.838 -23.1999 3.9
    endloop
  endfacet
  facet normal 0.297703 0.954659 -0
    outer loop
      vertex 164.86 -28.8741 3.9
      vertex 164.48 -28.7556 5.9
      vertex 164.86 -28.8741 5.9
    endloop
  endfacet
  facet normal 0.297703 0.954659 0
    outer loop
      vertex 164.48 -28.7556 5.9
      vertex 164.86 -28.8741 3.9
      vertex 164.48 -28.7556 3.9
    endloop
  endfacet
  facet normal -0.517445 -0.855716 0
    outer loop
      vertex 167.184 -22.748 3.9
      vertex 167.525 -22.9542 5.9
      vertex 167.184 -22.748 5.9
    endloop
  endfacet
  facet normal -0.517445 -0.855716 -0
    outer loop
      vertex 167.525 -22.9542 5.9
      vertex 167.184 -22.748 3.9
      vertex 167.525 -22.9542 3.9
    endloop
  endfacet
  facet normal 0.409948 -0.912109 0
    outer loop
      vertex 164.116 -22.748 3.9
      vertex 164.48 -22.5844 5.9
      vertex 164.116 -22.748 5.9
    endloop
  endfacet
  facet normal 0.409948 -0.912109 0
    outer loop
      vertex 164.48 -22.5844 5.9
      vertex 164.116 -22.748 3.9
      vertex 164.48 -22.5844 3.9
    endloop
  endfacet
  facet normal 0.955125 -0.296202 2.06242e-18
    outer loop
      vertex 162.446 -24.8803 5.9
      vertex 162.564 -24.4998 3.9
      vertex 162.564 -24.4998 5.9
    endloop
  endfacet
  facet normal 0.955125 -0.296202 2.06242e-18
    outer loop
      vertex 162.564 -24.4998 3.9
      vertex 162.446 -24.8803 5.9
      vertex 162.446 -24.8803 3.9
    endloop
  endfacet
  facet normal 0.855939 0.517077 5.70652e-18
    outer loop
      vertex 162.934 -27.5446 5.9
      vertex 162.728 -27.2036 3.9
      vertex 162.728 -27.2036 5.9
    endloop
  endfacet
  facet normal 0.855939 0.517077 5.70652e-18
    outer loop
      vertex 162.728 -27.2036 3.9
      vertex 162.934 -27.5446 5.9
      vertex 162.934 -27.5446 3.9
    endloop
  endfacet
  facet normal -0.955125 -0.296202 2.53444e-18
    outer loop
      vertex 168.854 -24.8803 3.9
      vertex 168.736 -24.4998 5.9
      vertex 168.736 -24.4998 3.9
    endloop
  endfacet
  facet normal -0.955125 -0.296202 2.53444e-18
    outer loop
      vertex 168.736 -24.4998 5.9
      vertex 168.854 -24.8803 3.9
      vertex 168.854 -24.8803 5.9
    endloop
  endfacet
  facet normal -0.855939 -0.517077 5.70652e-18
    outer loop
      vertex 168.572 -24.1364 3.9
      vertex 168.366 -23.7954 5.9
      vertex 168.366 -23.7954 3.9
    endloop
  endfacet
  facet normal -0.855939 -0.517077 5.70652e-18
    outer loop
      vertex 168.366 -23.7954 5.9
      vertex 168.572 -24.1364 3.9
      vertex 168.572 -24.1364 5.9
    endloop
  endfacet
  facet normal -0.786901 -0.617079 -8.10801e-18
    outer loop
      vertex 168.366 -23.7954 3.9
      vertex 168.12 -23.4817 5.9
      vertex 168.12 -23.4817 3.9
    endloop
  endfacet
  facet normal -0.786901 -0.617079 -8.10801e-18
    outer loop
      vertex 168.12 -23.4817 5.9
      vertex 168.366 -23.7954 3.9
      vertex 168.366 -23.7954 5.9
    endloop
  endfacet
  facet normal -0.409948 -0.912109 0
    outer loop
      vertex 166.82 -22.5844 3.9
      vertex 167.184 -22.748 5.9
      vertex 166.82 -22.5844 5.9
    endloop
  endfacet
  facet normal -0.409948 -0.912109 -0
    outer loop
      vertex 167.184 -22.748 5.9
      vertex 166.82 -22.5844 3.9
      vertex 167.184 -22.748 3.9
    endloop
  endfacet
  facet normal 0.998185 -0.0602223 -8.91617e-19
    outer loop
      vertex 162.35 -25.67 5.9
      vertex 162.374 -25.2722 3.9
      vertex 162.374 -25.2722 5.9
    endloop
  endfacet
  facet normal 0.998185 -0.0602223 -8.91617e-19
    outer loop
      vertex 162.374 -25.2722 3.9
      vertex 162.35 -25.67 5.9
      vertex 162.35 -25.67 3.9
    endloop
  endfacet
  facet normal 0.855939 -0.517077 -5.70652e-18
    outer loop
      vertex 162.728 -24.1364 5.9
      vertex 162.934 -23.7954 3.9
      vertex 162.934 -23.7954 5.9
    endloop
  endfacet
  facet normal 0.855939 -0.517077 -5.70652e-18
    outer loop
      vertex 162.934 -23.7954 3.9
      vertex 162.728 -24.1364 5.9
      vertex 162.728 -24.1364 3.9
    endloop
  endfacet
  facet normal 0.706856 -0.707358 0
    outer loop
      vertex 163.18 -23.4817 3.9
      vertex 163.462 -23.1999 5.9
      vertex 163.18 -23.4817 5.9
    endloop
  endfacet
  facet normal 0.706856 -0.707358 0
    outer loop
      vertex 163.462 -23.1999 5.9
      vertex 163.18 -23.4817 3.9
      vertex 163.462 -23.1999 3.9
    endloop
  endfacet
  facet normal -0.998185 -0.0602223 8.91617e-19
    outer loop
      vertex 168.95 -25.67 3.9
      vertex 168.926 -25.2722 5.9
      vertex 168.926 -25.2722 3.9
    endloop
  endfacet
  facet normal -0.998185 -0.0602223 8.91617e-19
    outer loop
      vertex 168.926 -25.2722 5.9
      vertex 168.95 -25.67 3.9
      vertex 168.95 -25.67 5.9
    endloop
  endfacet
  facet normal -0.409948 0.912109 0
    outer loop
      vertex 167.184 -28.592 3.9
      vertex 166.82 -28.7556 5.9
      vertex 167.184 -28.592 5.9
    endloop
  endfacet
  facet normal -0.409948 0.912109 0
    outer loop
      vertex 166.82 -28.7556 5.9
      vertex 167.184 -28.592 3.9
      vertex 166.82 -28.7556 3.9
    endloop
  endfacet
  facet normal -0.955125 0.296202 -2.53444e-18
    outer loop
      vertex 168.736 -26.8402 3.9
      vertex 168.854 -26.4597 5.9
      vertex 168.854 -26.4597 3.9
    endloop
  endfacet
  facet normal -0.955125 0.296202 -2.53444e-18
    outer loop
      vertex 168.854 -26.4597 5.9
      vertex 168.736 -26.8402 3.9
      vertex 168.736 -26.8402 5.9
    endloop
  endfacet
  facet normal -0.786901 0.617079 8.10801e-18
    outer loop
      vertex 168.12 -27.8583 3.9
      vertex 168.366 -27.5446 5.9
      vertex 168.366 -27.5446 3.9
    endloop
  endfacet
  facet normal -0.786901 0.617079 8.10801e-18
    outer loop
      vertex 168.366 -27.5446 5.9
      vertex 168.12 -27.8583 3.9
      vertex 168.12 -27.8583 5.9
    endloop
  endfacet
  facet normal -0.855939 0.517077 -5.70652e-18
    outer loop
      vertex 168.366 -27.5446 3.9
      vertex 168.572 -27.2036 5.9
      vertex 168.572 -27.2036 3.9
    endloop
  endfacet
  facet normal -0.855939 0.517077 -5.70652e-18
    outer loop
      vertex 168.572 -27.2036 5.9
      vertex 168.366 -27.5446 3.9
      vertex 168.366 -27.5446 5.9
    endloop
  endfacet
  facet normal 0.517445 0.855716 -0
    outer loop
      vertex 164.116 -28.592 3.9
      vertex 163.775 -28.3858 5.9
      vertex 164.116 -28.592 5.9
    endloop
  endfacet
  facet normal 0.517445 0.855716 0
    outer loop
      vertex 163.775 -28.3858 5.9
      vertex 164.116 -28.592 3.9
      vertex 163.775 -28.3858 3.9
    endloop
  endfacet
  facet normal 0.955125 0.296202 -2.06242e-18
    outer loop
      vertex 162.564 -26.8402 5.9
      vertex 162.446 -26.4597 3.9
      vertex 162.446 -26.4597 5.9
    endloop
  endfacet
  facet normal 0.955125 0.296202 -2.06242e-18
    outer loop
      vertex 162.446 -26.4597 3.9
      vertex 162.564 -26.8402 5.9
      vertex 162.564 -26.8402 3.9
    endloop
  endfacet
  facet normal -0.983539 -0.180696 2.33835e-19
    outer loop
      vertex 168.926 -25.2722 3.9
      vertex 168.854 -24.8803 5.9
      vertex 168.854 -24.8803 3.9
    endloop
  endfacet
  facet normal -0.983539 -0.180696 2.33835e-19
    outer loop
      vertex 168.854 -24.8803 5.9
      vertex 168.926 -25.2722 3.9
      vertex 168.926 -25.2722 5.9
    endloop
  endfacet
  facet normal -0.91148 -0.411345 2.28174e-18
    outer loop
      vertex 168.736 -24.4998 3.9
      vertex 168.572 -24.1364 5.9
      vertex 168.572 -24.1364 3.9
    endloop
  endfacet
  facet normal -0.91148 -0.411345 2.28174e-18
    outer loop
      vertex 168.572 -24.1364 5.9
      vertex 168.736 -24.4998 3.9
      vertex 168.736 -24.4998 5.9
    endloop
  endfacet
  facet normal -0.706856 -0.707358 0
    outer loop
      vertex 167.838 -23.1999 3.9
      vertex 168.12 -23.4817 5.9
      vertex 167.838 -23.1999 5.9
    endloop
  endfacet
  facet normal -0.706856 -0.707358 -0
    outer loop
      vertex 168.12 -23.4817 5.9
      vertex 167.838 -23.1999 3.9
      vertex 168.12 -23.4817 3.9
    endloop
  endfacet
  facet normal 0.0604421 -0.998172 0
    outer loop
      vertex 165.252 -22.3941 3.9
      vertex 165.65 -22.37 5.9
      vertex 165.252 -22.3941 5.9
    endloop
  endfacet
  facet normal 0.0604421 -0.998172 0
    outer loop
      vertex 165.65 -22.37 5.9
      vertex 165.252 -22.3941 3.9
      vertex 165.65 -22.37 3.9
    endloop
  endfacet
  facet normal -0.180166 -0.983636 0
    outer loop
      vertex 166.048 -22.3941 3.9
      vertex 166.44 -22.4659 5.9
      vertex 166.048 -22.3941 5.9
    endloop
  endfacet
  facet normal -0.180166 -0.983636 -0
    outer loop
      vertex 166.44 -22.4659 5.9
      vertex 166.048 -22.3941 3.9
      vertex 166.44 -22.4659 3.9
    endloop
  endfacet
  facet normal 0.998185 0.0602223 5.61113e-19
    outer loop
      vertex 162.374 -26.0678 5.9
      vertex 162.35 -25.67 3.9
      vertex 162.35 -25.67 5.9
    endloop
  endfacet
  facet normal 0.998185 0.0602223 5.61113e-19
    outer loop
      vertex 162.35 -25.67 3.9
      vertex 162.374 -26.0678 5.9
      vertex 162.374 -26.0678 3.9
    endloop
  endfacet
  facet normal 0.91148 -0.411345 2.18826e-18
    outer loop
      vertex 162.564 -24.4998 5.9
      vertex 162.728 -24.1364 3.9
      vertex 162.728 -24.1364 5.9
    endloop
  endfacet
  facet normal 0.91148 -0.411345 2.18826e-18
    outer loop
      vertex 162.728 -24.1364 3.9
      vertex 162.564 -24.4998 5.9
      vertex 162.564 -24.4998 3.9
    endloop
  endfacet
  facet normal 0.180166 -0.983636 0
    outer loop
      vertex 164.86 -22.4659 3.9
      vertex 165.252 -22.3941 5.9
      vertex 164.86 -22.4659 5.9
    endloop
  endfacet
  facet normal 0.180166 -0.983636 0
    outer loop
      vertex 165.252 -22.3941 5.9
      vertex 164.86 -22.4659 3.9
      vertex 165.252 -22.3941 3.9
    endloop
  endfacet
  facet normal 0.297703 -0.954659 0
    outer loop
      vertex 164.48 -22.5844 3.9
      vertex 164.86 -22.4659 5.9
      vertex 164.48 -22.5844 5.9
    endloop
  endfacet
  facet normal 0.297703 -0.954659 0
    outer loop
      vertex 164.86 -22.4659 5.9
      vertex 164.48 -22.5844 3.9
      vertex 164.86 -22.4659 3.9
    endloop
  endfacet
  facet normal 0.517445 -0.855716 0
    outer loop
      vertex 163.775 -22.9542 3.9
      vertex 164.116 -22.748 5.9
      vertex 163.775 -22.9542 5.9
    endloop
  endfacet
  facet normal 0.517445 -0.855716 0
    outer loop
      vertex 164.116 -22.748 5.9
      vertex 163.775 -22.9542 3.9
      vertex 164.116 -22.748 3.9
    endloop
  endfacet
  facet normal 0.617466 -0.786597 0
    outer loop
      vertex 163.462 -23.1999 3.9
      vertex 163.775 -22.9542 5.9
      vertex 163.462 -23.1999 5.9
    endloop
  endfacet
  facet normal 0.617466 -0.786597 0
    outer loop
      vertex 163.775 -22.9542 5.9
      vertex 163.462 -23.1999 3.9
      vertex 163.775 -22.9542 3.9
    endloop
  endfacet
  facet normal 0.786901 -0.617079 8.10801e-18
    outer loop
      vertex 162.934 -23.7954 5.9
      vertex 163.18 -23.4817 3.9
      vertex 163.18 -23.4817 5.9
    endloop
  endfacet
  facet normal 0.786901 -0.617079 8.10801e-18
    outer loop
      vertex 163.18 -23.4817 3.9
      vertex 162.934 -23.7954 5.9
      vertex 162.934 -23.7954 3.9
    endloop
  endfacet
  facet normal -0.998185 0.0602223 -5.61113e-19
    outer loop
      vertex 168.926 -26.0678 3.9
      vertex 168.95 -25.67 5.9
      vertex 168.95 -25.67 3.9
    endloop
  endfacet
  facet normal -0.998185 0.0602223 -5.61113e-19
    outer loop
      vertex 168.95 -25.67 5.9
      vertex 168.926 -26.0678 3.9
      vertex 168.926 -26.0678 5.9
    endloop
  endfacet
  facet normal -0.983539 0.180696 -2.33835e-19
    outer loop
      vertex 168.854 -26.4597 3.9
      vertex 168.926 -26.0678 5.9
      vertex 168.926 -26.0678 3.9
    endloop
  endfacet
  facet normal -0.983539 0.180696 -2.33835e-19
    outer loop
      vertex 168.926 -26.0678 5.9
      vertex 168.854 -26.4597 3.9
      vertex 168.854 -26.4597 5.9
    endloop
  endfacet
  facet normal -0.180166 0.983636 0
    outer loop
      vertex 166.44 -28.8741 3.9
      vertex 166.048 -28.9459 5.9
      vertex 166.44 -28.8741 5.9
    endloop
  endfacet
  facet normal -0.180166 0.983636 0
    outer loop
      vertex 166.048 -28.9459 5.9
      vertex 166.44 -28.8741 3.9
      vertex 166.048 -28.9459 3.9
    endloop
  endfacet
  facet normal -0.297703 0.954659 0
    outer loop
      vertex 166.82 -28.7556 3.9
      vertex 166.44 -28.8741 5.9
      vertex 166.82 -28.7556 5.9
    endloop
  endfacet
  facet normal -0.297703 0.954659 0
    outer loop
      vertex 166.44 -28.8741 5.9
      vertex 166.82 -28.7556 3.9
      vertex 166.44 -28.8741 3.9
    endloop
  endfacet
  facet normal -0.517445 0.855716 0
    outer loop
      vertex 167.525 -28.3858 3.9
      vertex 167.184 -28.592 5.9
      vertex 167.525 -28.3858 5.9
    endloop
  endfacet
  facet normal -0.517445 0.855716 0
    outer loop
      vertex 167.184 -28.592 5.9
      vertex 167.525 -28.3858 3.9
      vertex 167.184 -28.592 3.9
    endloop
  endfacet
  facet normal -0.706856 0.707358 0
    outer loop
      vertex 168.12 -27.8583 3.9
      vertex 167.838 -28.1401 5.9
      vertex 168.12 -27.8583 5.9
    endloop
  endfacet
  facet normal -0.706856 0.707358 0
    outer loop
      vertex 167.838 -28.1401 5.9
      vertex 168.12 -27.8583 3.9
      vertex 167.838 -28.1401 3.9
    endloop
  endfacet
  facet normal -0.617466 0.786597 0
    outer loop
      vertex 167.838 -28.1401 3.9
      vertex 167.525 -28.3858 5.9
      vertex 167.838 -28.1401 5.9
    endloop
  endfacet
  facet normal -0.617466 0.786597 0
    outer loop
      vertex 167.525 -28.3858 5.9
      vertex 167.838 -28.1401 3.9
      vertex 167.525 -28.3858 3.9
    endloop
  endfacet
  facet normal -0.91148 0.411345 -2.28174e-18
    outer loop
      vertex 168.572 -27.2036 3.9
      vertex 168.736 -26.8402 5.9
      vertex 168.736 -26.8402 3.9
    endloop
  endfacet
  facet normal -0.91148 0.411345 -2.28174e-18
    outer loop
      vertex 168.736 -26.8402 5.9
      vertex 168.572 -27.2036 3.9
      vertex 168.572 -27.2036 5.9
    endloop
  endfacet
  facet normal 0.0604421 0.998172 -0
    outer loop
      vertex 165.65 -28.97 3.9
      vertex 165.252 -28.9459 5.9
      vertex 165.65 -28.97 5.9
    endloop
  endfacet
  facet normal 0.0604421 0.998172 0
    outer loop
      vertex 165.252 -28.9459 5.9
      vertex 165.65 -28.97 3.9
      vertex 165.252 -28.9459 3.9
    endloop
  endfacet
  facet normal -0.0604421 0.998172 0
    outer loop
      vertex 166.048 -28.9459 3.9
      vertex 165.65 -28.97 5.9
      vertex 166.048 -28.9459 5.9
    endloop
  endfacet
  facet normal -0.0604421 0.998172 0
    outer loop
      vertex 165.65 -28.97 5.9
      vertex 166.048 -28.9459 3.9
      vertex 165.65 -28.97 3.9
    endloop
  endfacet
  facet normal 0.409948 0.912109 -0
    outer loop
      vertex 164.48 -28.7556 3.9
      vertex 164.116 -28.592 5.9
      vertex 164.48 -28.7556 5.9
    endloop
  endfacet
  facet normal 0.409948 0.912109 0
    outer loop
      vertex 164.116 -28.592 5.9
      vertex 164.48 -28.7556 3.9
      vertex 164.116 -28.592 3.9
    endloop
  endfacet
  facet normal 0.617466 0.786597 -0
    outer loop
      vertex 163.775 -28.3858 3.9
      vertex 163.462 -28.1401 5.9
      vertex 163.775 -28.3858 5.9
    endloop
  endfacet
  facet normal 0.617466 0.786597 0
    outer loop
      vertex 163.462 -28.1401 5.9
      vertex 163.775 -28.3858 3.9
      vertex 163.462 -28.1401 3.9
    endloop
  endfacet
  facet normal 0.91148 0.411345 -2.18826e-18
    outer loop
      vertex 162.728 -27.2036 5.9
      vertex 162.564 -26.8402 3.9
      vertex 162.564 -26.8402 5.9
    endloop
  endfacet
  facet normal 0.91148 0.411345 -2.18826e-18
    outer loop
      vertex 162.564 -26.8402 3.9
      vertex 162.728 -27.2036 5.9
      vertex 162.728 -27.2036 3.9
    endloop
  endfacet
  facet normal 0.983539 0.180696 2.17041e-18
    outer loop
      vertex 162.446 -26.4597 5.9
      vertex 162.374 -26.0678 3.9
      vertex 162.374 -26.0678 5.9
    endloop
  endfacet
  facet normal 0.983539 0.180696 2.17041e-18
    outer loop
      vertex 162.374 -26.0678 3.9
      vertex 162.446 -26.4597 5.9
      vertex 162.446 -26.4597 3.9
    endloop
  endfacet
  facet normal 0.786901 0.617079 -8.10801e-18
    outer loop
      vertex 163.18 -27.8583 5.9
      vertex 162.934 -27.5446 3.9
      vertex 162.934 -27.5446 5.9
    endloop
  endfacet
  facet normal 0.786901 0.617079 -8.10801e-18
    outer loop
      vertex 162.934 -27.5446 3.9
      vertex 163.18 -27.8583 5.9
      vertex 163.18 -27.8583 3.9
    endloop
  endfacet
  facet normal 0.706856 0.707358 -0
    outer loop
      vertex 163.462 -28.1401 3.9
      vertex 163.18 -27.8583 5.9
      vertex 163.462 -28.1401 5.9
    endloop
  endfacet
  facet normal 0.706856 0.707358 0
    outer loop
      vertex 163.18 -27.8583 5.9
      vertex 163.462 -28.1401 3.9
      vertex 163.18 -27.8583 3.9
    endloop
  endfacet
  facet normal -0.0604421 -0.998172 0
    outer loop
      vertex 165.65 -22.37 3.9
      vertex 166.048 -22.3941 5.9
      vertex 165.65 -22.37 5.9
    endloop
  endfacet
  facet normal -0.0604421 -0.998172 -0
    outer loop
      vertex 166.048 -22.3941 5.9
      vertex 165.65 -22.37 3.9
      vertex 166.048 -22.3941 3.9
    endloop
  endfacet
  facet normal -0.297703 -0.954659 0
    outer loop
      vertex 166.44 -22.4659 3.9
      vertex 166.82 -22.5844 5.9
      vertex 166.44 -22.4659 5.9
    endloop
  endfacet
  facet normal -0.297703 -0.954659 -0
    outer loop
      vertex 166.82 -22.5844 5.9
      vertex 166.44 -22.4659 3.9
      vertex 166.82 -22.5844 3.9
    endloop
  endfacet
  facet normal 0.983539 -0.180696 -2.17041e-18
    outer loop
      vertex 162.374 -25.2722 5.9
      vertex 162.446 -24.8803 3.9
      vertex 162.446 -24.8803 5.9
    endloop
  endfacet
  facet normal 0.983539 -0.180696 -2.17041e-18
    outer loop
      vertex 162.446 -24.8803 3.9
      vertex 162.374 -25.2722 5.9
      vertex 162.374 -25.2722 3.9
    endloop
  endfacet
  facet normal 0.180166 0.983636 -0
    outer loop
      vertex 165.252 -28.9459 3.9
      vertex 164.86 -28.8741 5.9
      vertex 165.252 -28.9459 5.9
    endloop
  endfacet
  facet normal 0.180166 0.983636 0
    outer loop
      vertex 164.86 -28.8741 5.9
      vertex 165.252 -28.9459 3.9
      vertex 164.86 -28.8741 3.9
    endloop
  endfacet
  facet normal -0.616613 -0.787267 0
    outer loop
      vertex 77.5246 -40.9542 3.9
      vertex 77.8383 -41.1999 5.9
      vertex 77.5246 -40.9542 5.9
    endloop
  endfacet
  facet normal -0.616613 -0.787267 -0
    outer loop
      vertex 77.8383 -41.1999 5.9
      vertex 77.5246 -40.9542 3.9
      vertex 77.8383 -41.1999 3.9
    endloop
  endfacet
  facet normal 0.410511 -0.911856 0
    outer loop
      vertex 74.1164 -40.748 3.9
      vertex 74.4798 -40.5844 5.9
      vertex 74.1164 -40.748 5.9
    endloop
  endfacet
  facet normal 0.410511 -0.911856 0
    outer loop
      vertex 74.4798 -40.5844 5.9
      vertex 74.1164 -40.748 3.9
      vertex 74.4798 -40.5844 3.9
    endloop
  endfacet
  facet normal 0.95477 -0.297346 -3.19663e-18
    outer loop
      vertex 72.4459 -42.8803 5.9
      vertex 72.5644 -42.4998 3.9
      vertex 72.5644 -42.4998 5.9
    endloop
  endfacet
  facet normal 0.95477 -0.297346 -3.19663e-18
    outer loop
      vertex 72.5644 -42.4998 3.9
      vertex 72.4459 -42.8803 5.9
      vertex 72.4459 -42.8803 3.9
    endloop
  endfacet
  facet normal -0.91195 -0.410302 -3.54979e-18
    outer loop
      vertex 78.7355 -42.4998 3.9
      vertex 78.572 -42.1364 5.9
      vertex 78.572 -42.1364 3.9
    endloop
  endfacet
  facet normal -0.91195 -0.410302 -3.54979e-18
    outer loop
      vertex 78.572 -42.1364 5.9
      vertex 78.7355 -42.4998 3.9
      vertex 78.7355 -42.4998 5.9
    endloop
  endfacet
  facet normal -0.983628 -0.180211 -1.47117e-18
    outer loop
      vertex 78.9259 -43.2722 3.9
      vertex 78.8541 -42.8803 5.9
      vertex 78.8541 -42.8803 3.9
    endloop
  endfacet
  facet normal -0.983628 -0.180211 -1.47117e-18
    outer loop
      vertex 78.8541 -42.8803 5.9
      vertex 78.9259 -43.2722 3.9
      vertex 78.9259 -43.2722 5.9
    endloop
  endfacet
  facet normal -0.855716 -0.517445 1.52191e-18
    outer loop
      vertex 78.572 -42.1364 3.9
      vertex 78.3658 -41.7954 5.9
      vertex 78.3658 -41.7954 3.9
    endloop
  endfacet
  facet normal -0.855716 -0.517445 1.52191e-18
    outer loop
      vertex 78.3658 -41.7954 5.9
      vertex 78.572 -42.1364 3.9
      vertex 78.572 -42.1364 5.9
    endloop
  endfacet
  facet normal -0.410511 -0.911856 0
    outer loop
      vertex 76.8202 -40.5844 3.9
      vertex 77.1836 -40.748 5.9
      vertex 76.8202 -40.5844 5.9
    endloop
  endfacet
  facet normal -0.410511 -0.911856 -0
    outer loop
      vertex 77.1836 -40.748 5.9
      vertex 76.8202 -40.5844 3.9
      vertex 77.1836 -40.748 3.9
    endloop
  endfacet
  facet normal -0.0604723 -0.99817 0
    outer loop
      vertex 75.65 -40.37 3.9
      vertex 76.0478 -40.3941 5.9
      vertex 75.65 -40.37 5.9
    endloop
  endfacet
  facet normal -0.0604723 -0.99817 -0
    outer loop
      vertex 76.0478 -40.3941 5.9
      vertex 75.65 -40.37 3.9
      vertex 76.0478 -40.3941 3.9
    endloop
  endfacet
  facet normal 0.99817 0.0604723 1.08501e-18
    outer loop
      vertex 72.3741 -44.0678 5.9
      vertex 72.35 -43.67 3.9
      vertex 72.35 -43.67 5.9
    endloop
  endfacet
  facet normal 0.99817 0.0604723 1.08501e-18
    outer loop
      vertex 72.35 -43.67 3.9
      vertex 72.3741 -44.0678 5.9
      vertex 72.3741 -44.0678 3.9
    endloop
  endfacet
  facet normal 0.855716 -0.517445 -1.52191e-18
    outer loop
      vertex 72.728 -42.1364 5.9
      vertex 72.9342 -41.7954 3.9
      vertex 72.9342 -41.7954 5.9
    endloop
  endfacet
  facet normal 0.855716 -0.517445 -1.52191e-18
    outer loop
      vertex 72.9342 -41.7954 3.9
      vertex 72.728 -42.1364 5.9
      vertex 72.728 -42.1364 3.9
    endloop
  endfacet
  facet normal 0.297346 -0.95477 0
    outer loop
      vertex 74.4798 -40.5844 3.9
      vertex 74.8603 -40.4659 5.9
      vertex 74.4798 -40.5844 5.9
    endloop
  endfacet
  facet normal 0.297346 -0.95477 0
    outer loop
      vertex 74.8603 -40.4659 5.9
      vertex 74.4798 -40.5844 3.9
      vertex 74.8603 -40.4659 3.9
    endloop
  endfacet
  facet normal -0.99817 -0.0604723 4.62274e-19
    outer loop
      vertex 78.95 -43.67 3.9
      vertex 78.9259 -43.2722 5.9
      vertex 78.9259 -43.2722 3.9
    endloop
  endfacet
  facet normal -0.99817 -0.0604723 4.62274e-19
    outer loop
      vertex 78.9259 -43.2722 5.9
      vertex 78.95 -43.67 3.9
      vertex 78.95 -43.67 5.9
    endloop
  endfacet
  facet normal -0.410511 0.911856 0
    outer loop
      vertex 77.1836 -46.592 3.9
      vertex 76.8202 -46.7556 5.9
      vertex 77.1836 -46.592 5.9
    endloop
  endfacet
  facet normal -0.410511 0.911856 0
    outer loop
      vertex 76.8202 -46.7556 5.9
      vertex 77.1836 -46.592 3.9
      vertex 76.8202 -46.7556 3.9
    endloop
  endfacet
  facet normal -0.855716 0.517445 -1.52191e-18
    outer loop
      vertex 78.3658 -45.5446 3.9
      vertex 78.572 -45.2036 5.9
      vertex 78.572 -45.2036 3.9
    endloop
  endfacet
  facet normal -0.855716 0.517445 -1.52191e-18
    outer loop
      vertex 78.572 -45.2036 5.9
      vertex 78.3658 -45.5446 3.9
      vertex 78.3658 -45.5446 5.9
    endloop
  endfacet
  facet normal 0.0604723 0.99817 -0
    outer loop
      vertex 75.65 -46.97 3.9
      vertex 75.2522 -46.9459 5.9
      vertex 75.65 -46.97 5.9
    endloop
  endfacet
  facet normal 0.0604723 0.99817 0
    outer loop
      vertex 75.2522 -46.9459 5.9
      vertex 75.65 -46.97 3.9
      vertex 75.2522 -46.9459 3.9
    endloop
  endfacet
  facet normal 0.616613 0.787267 -0
    outer loop
      vertex 73.7754 -46.3858 3.9
      vertex 73.4617 -46.1401 5.9
      vertex 73.7754 -46.3858 5.9
    endloop
  endfacet
  facet normal 0.616613 0.787267 0
    outer loop
      vertex 73.4617 -46.1401 5.9
      vertex 73.7754 -46.3858 3.9
      vertex 73.4617 -46.1401 3.9
    endloop
  endfacet
  facet normal 0.855716 0.517445 1.52191e-18
    outer loop
      vertex 72.9342 -45.5446 5.9
      vertex 72.728 -45.2036 3.9
      vertex 72.728 -45.2036 5.9
    endloop
  endfacet
  facet normal 0.855716 0.517445 1.52191e-18
    outer loop
      vertex 72.728 -45.2036 3.9
      vertex 72.9342 -45.5446 5.9
      vertex 72.9342 -45.5446 3.9
    endloop
  endfacet
  facet normal 0.95477 0.297346 -2.51224e-18
    outer loop
      vertex 72.5644 -44.8402 5.9
      vertex 72.4459 -44.4597 3.9
      vertex 72.4459 -44.4597 5.9
    endloop
  endfacet
  facet normal 0.95477 0.297346 -2.51224e-18
    outer loop
      vertex 72.4459 -44.4597 3.9
      vertex 72.5644 -44.8402 5.9
      vertex 72.5644 -44.8402 3.9
    endloop
  endfacet
  facet normal -0.954698 -0.297575 3.6937e-18
    outer loop
      vertex 78.8541 -42.8803 3.9
      vertex 78.7355 -42.4998 5.9
      vertex 78.7355 -42.4998 3.9
    endloop
  endfacet
  facet normal -0.954698 -0.297575 3.6937e-18
    outer loop
      vertex 78.7355 -42.4998 5.9
      vertex 78.8541 -42.8803 3.9
      vertex 78.8541 -42.8803 5.9
    endloop
  endfacet
  facet normal -0.787267 -0.616613 -1.70909e-18
    outer loop
      vertex 78.3658 -41.7954 3.9
      vertex 78.1201 -41.4817 5.9
      vertex 78.1201 -41.4817 3.9
    endloop
  endfacet
  facet normal -0.787267 -0.616613 -1.70909e-18
    outer loop
      vertex 78.1201 -41.4817 5.9
      vertex 78.3658 -41.7954 3.9
      vertex 78.3658 -41.7954 5.9
    endloop
  endfacet
  facet normal -0.707107 -0.707107 -8.84174e-19
    outer loop
      vertex 78.1201 -41.4817 3.9
      vertex 77.8383 -41.1999 5.9
      vertex 77.8383 -41.1999 3.9
    endloop
  endfacet
  facet normal -0.707107 -0.707107 -8.84174e-19
    outer loop
      vertex 77.8383 -41.1999 5.9
      vertex 78.1201 -41.4817 3.9
      vertex 78.1201 -41.4817 5.9
    endloop
  endfacet
  facet normal -0.517445 -0.855716 0
    outer loop
      vertex 77.1836 -40.748 3.9
      vertex 77.5246 -40.9542 5.9
      vertex 77.1836 -40.748 5.9
    endloop
  endfacet
  facet normal -0.517445 -0.855716 -0
    outer loop
      vertex 77.5246 -40.9542 5.9
      vertex 77.1836 -40.748 3.9
      vertex 77.5246 -40.9542 3.9
    endloop
  endfacet
  facet normal 0.0604723 -0.99817 0
    outer loop
      vertex 75.2522 -40.3941 3.9
      vertex 75.65 -40.37 5.9
      vertex 75.2522 -40.3941 5.9
    endloop
  endfacet
  facet normal 0.0604723 -0.99817 0
    outer loop
      vertex 75.65 -40.37 5.9
      vertex 75.2522 -40.3941 3.9
      vertex 75.65 -40.37 3.9
    endloop
  endfacet
  facet normal -0.297346 -0.95477 0
    outer loop
      vertex 76.4397 -40.4659 3.9
      vertex 76.8202 -40.5844 5.9
      vertex 76.4397 -40.4659 5.9
    endloop
  endfacet
  facet normal -0.297346 -0.95477 -0
    outer loop
      vertex 76.8202 -40.5844 5.9
      vertex 76.4397 -40.4659 3.9
      vertex 76.8202 -40.5844 3.9
    endloop
  endfacet
  facet normal -0.180211 -0.983628 0
    outer loop
      vertex 76.0478 -40.3941 3.9
      vertex 76.4397 -40.4659 5.9
      vertex 76.0478 -40.3941 5.9
    endloop
  endfacet
  facet normal -0.180211 -0.983628 -0
    outer loop
      vertex 76.4397 -40.4659 5.9
      vertex 76.0478 -40.3941 3.9
      vertex 76.4397 -40.4659 3.9
    endloop
  endfacet
  facet normal 0.983628 -0.180211 1.47117e-18
    outer loop
      vertex 72.3741 -43.2722 5.9
      vertex 72.4459 -42.8803 3.9
      vertex 72.4459 -42.8803 5.9
    endloop
  endfacet
  facet normal 0.983628 -0.180211 1.47117e-18
    outer loop
      vertex 72.4459 -42.8803 3.9
      vertex 72.3741 -43.2722 5.9
      vertex 72.3741 -43.2722 3.9
    endloop
  endfacet
  facet normal 0.99817 -0.0604723 -4.62274e-19
    outer loop
      vertex 72.35 -43.67 5.9
      vertex 72.3741 -43.2722 3.9
      vertex 72.3741 -43.2722 5.9
    endloop
  endfacet
  facet normal 0.99817 -0.0604723 -4.62274e-19
    outer loop
      vertex 72.3741 -43.2722 3.9
      vertex 72.35 -43.67 5.9
      vertex 72.35 -43.67 3.9
    endloop
  endfacet
  facet normal 0.911856 -0.410511 1.8576e-18
    outer loop
      vertex 72.5644 -42.4998 5.9
      vertex 72.728 -42.1364 3.9
      vertex 72.728 -42.1364 5.9
    endloop
  endfacet
  facet normal 0.911856 -0.410511 1.8576e-18
    outer loop
      vertex 72.728 -42.1364 3.9
      vertex 72.5644 -42.4998 5.9
      vertex 72.5644 -42.4998 3.9
    endloop
  endfacet
  facet normal 0.180211 -0.983628 0
    outer loop
      vertex 74.8603 -40.4659 3.9
      vertex 75.2522 -40.3941 5.9
      vertex 74.8603 -40.4659 5.9
    endloop
  endfacet
  facet normal 0.180211 -0.983628 0
    outer loop
      vertex 75.2522 -40.3941 5.9
      vertex 74.8603 -40.4659 3.9
      vertex 75.2522 -40.3941 3.9
    endloop
  endfacet
  facet normal 0.616613 -0.787267 0
    outer loop
      vertex 73.4617 -41.1999 3.9
      vertex 73.7754 -40.9542 5.9
      vertex 73.4617 -41.1999 5.9
    endloop
  endfacet
  facet normal 0.616613 -0.787267 0
    outer loop
      vertex 73.7754 -40.9542 5.9
      vertex 73.4617 -41.1999 3.9
      vertex 73.7754 -40.9542 3.9
    endloop
  endfacet
  facet normal 0.707107 -0.707107 8.84174e-19
    outer loop
      vertex 73.1799 -41.4817 5.9
      vertex 73.4617 -41.1999 3.9
      vertex 73.4617 -41.1999 5.9
    endloop
  endfacet
  facet normal 0.707107 -0.707107 8.84174e-19
    outer loop
      vertex 73.4617 -41.1999 3.9
      vertex 73.1799 -41.4817 5.9
      vertex 73.1799 -41.4817 3.9
    endloop
  endfacet
  facet normal 0.517445 -0.855716 0
    outer loop
      vertex 73.7754 -40.9542 3.9
      vertex 74.1164 -40.748 5.9
      vertex 73.7754 -40.9542 5.9
    endloop
  endfacet
  facet normal 0.517445 -0.855716 0
    outer loop
      vertex 74.1164 -40.748 5.9
      vertex 73.7754 -40.9542 3.9
      vertex 74.1164 -40.748 3.9
    endloop
  endfacet
  facet normal 0.787267 -0.616613 1.70909e-18
    outer loop
      vertex 72.9342 -41.7954 5.9
      vertex 73.1799 -41.4817 3.9
      vertex 73.1799 -41.4817 5.9
    endloop
  endfacet
  facet normal 0.787267 -0.616613 1.70909e-18
    outer loop
      vertex 73.1799 -41.4817 3.9
      vertex 72.9342 -41.7954 5.9
      vertex 72.9342 -41.7954 3.9
    endloop
  endfacet
  facet normal -0.983628 0.180211 1.47117e-18
    outer loop
      vertex 78.8541 -44.4597 3.9
      vertex 78.9259 -44.0678 5.9
      vertex 78.9259 -44.0678 3.9
    endloop
  endfacet
  facet normal -0.983628 0.180211 1.47117e-18
    outer loop
      vertex 78.9259 -44.0678 5.9
      vertex 78.8541 -44.4597 3.9
      vertex 78.8541 -44.4597 5.9
    endloop
  endfacet
  facet normal -0.180211 0.983628 0
    outer loop
      vertex 76.4397 -46.8741 3.9
      vertex 76.0478 -46.9459 5.9
      vertex 76.4397 -46.8741 5.9
    endloop
  endfacet
  facet normal -0.180211 0.983628 0
    outer loop
      vertex 76.0478 -46.9459 5.9
      vertex 76.4397 -46.8741 3.9
      vertex 76.0478 -46.9459 3.9
    endloop
  endfacet
  facet normal -0.297346 0.95477 0
    outer loop
      vertex 76.8202 -46.7556 3.9
      vertex 76.4397 -46.8741 5.9
      vertex 76.8202 -46.7556 5.9
    endloop
  endfacet
  facet normal -0.297346 0.95477 0
    outer loop
      vertex 76.4397 -46.8741 5.9
      vertex 76.8202 -46.7556 3.9
      vertex 76.4397 -46.8741 3.9
    endloop
  endfacet
  facet normal -0.707107 0.707107 0
    outer loop
      vertex 78.1201 -45.8583 3.9
      vertex 77.8383 -46.1401 5.9
      vertex 78.1201 -45.8583 5.9
    endloop
  endfacet
  facet normal -0.707107 0.707107 0
    outer loop
      vertex 77.8383 -46.1401 5.9
      vertex 78.1201 -45.8583 3.9
      vertex 77.8383 -46.1401 3.9
    endloop
  endfacet
  facet normal -0.517445 0.855716 0
    outer loop
      vertex 77.5246 -46.3858 3.9
      vertex 77.1836 -46.592 5.9
      vertex 77.5246 -46.3858 5.9
    endloop
  endfacet
  facet normal -0.517445 0.855716 0
    outer loop
      vertex 77.1836 -46.592 5.9
      vertex 77.5246 -46.3858 3.9
      vertex 77.1836 -46.592 3.9
    endloop
  endfacet
  facet normal -0.91195 0.410302 3.54979e-18
    outer loop
      vertex 78.572 -45.2036 3.9
      vertex 78.7355 -44.8402 5.9
      vertex 78.7355 -44.8402 3.9
    endloop
  endfacet
  facet normal -0.91195 0.410302 3.54979e-18
    outer loop
      vertex 78.7355 -44.8402 5.9
      vertex 78.572 -45.2036 3.9
      vertex 78.572 -45.2036 5.9
    endloop
  endfacet
  facet normal -0.0604723 0.99817 0
    outer loop
      vertex 76.0478 -46.9459 3.9
      vertex 75.65 -46.97 5.9
      vertex 76.0478 -46.9459 5.9
    endloop
  endfacet
  facet normal -0.0604723 0.99817 0
    outer loop
      vertex 75.65 -46.97 5.9
      vertex 76.0478 -46.9459 3.9
      vertex 75.65 -46.97 3.9
    endloop
  endfacet
  facet normal 0.297346 0.95477 -0
    outer loop
      vertex 74.8603 -46.8741 3.9
      vertex 74.4798 -46.7556 5.9
      vertex 74.8603 -46.8741 5.9
    endloop
  endfacet
  facet normal 0.297346 0.95477 0
    outer loop
      vertex 74.4798 -46.7556 5.9
      vertex 74.8603 -46.8741 3.9
      vertex 74.4798 -46.7556 3.9
    endloop
  endfacet
  facet normal 0.410511 0.911856 -0
    outer loop
      vertex 74.4798 -46.7556 3.9
      vertex 74.1164 -46.592 5.9
      vertex 74.4798 -46.7556 5.9
    endloop
  endfacet
  facet normal 0.410511 0.911856 0
    outer loop
      vertex 74.1164 -46.592 5.9
      vertex 74.4798 -46.7556 3.9
      vertex 74.1164 -46.592 3.9
    endloop
  endfacet
  facet normal 0.911856 0.410511 -1.8576e-18
    outer loop
      vertex 72.728 -45.2036 5.9
      vertex 72.5644 -44.8402 3.9
      vertex 72.5644 -44.8402 5.9
    endloop
  endfacet
  facet normal 0.911856 0.410511 -1.8576e-18
    outer loop
      vertex 72.5644 -44.8402 3.9
      vertex 72.728 -45.2036 5.9
      vertex 72.728 -45.2036 3.9
    endloop
  endfacet
  facet normal 0.983628 0.180211 -1.47117e-18
    outer loop
      vertex 72.4459 -44.4597 5.9
      vertex 72.3741 -44.0678 3.9
      vertex 72.3741 -44.0678 5.9
    endloop
  endfacet
  facet normal 0.983628 0.180211 -1.47117e-18
    outer loop
      vertex 72.3741 -44.0678 3.9
      vertex 72.4459 -44.4597 5.9
      vertex 72.4459 -44.4597 3.9
    endloop
  endfacet
  facet normal 0.787267 0.616613 1.80262e-18
    outer loop
      vertex 73.1799 -45.8583 5.9
      vertex 72.9342 -45.5446 3.9
      vertex 72.9342 -45.5446 5.9
    endloop
  endfacet
  facet normal 0.787267 0.616613 1.80262e-18
    outer loop
      vertex 72.9342 -45.5446 3.9
      vertex 73.1799 -45.8583 5.9
      vertex 73.1799 -45.8583 3.9
    endloop
  endfacet
  facet normal 0.707107 0.707107 -8.84174e-19
    outer loop
      vertex 73.4617 -46.1401 5.9
      vertex 73.1799 -45.8583 3.9
      vertex 73.1799 -45.8583 5.9
    endloop
  endfacet
  facet normal 0.707107 0.707107 -8.84174e-19
    outer loop
      vertex 73.1799 -45.8583 3.9
      vertex 73.4617 -46.1401 5.9
      vertex 73.4617 -46.1401 3.9
    endloop
  endfacet
  facet normal -0.99817 0.0604723 -1.08501e-18
    outer loop
      vertex 78.9259 -44.0678 3.9
      vertex 78.95 -43.67 5.9
      vertex 78.95 -43.67 3.9
    endloop
  endfacet
  facet normal -0.99817 0.0604723 -1.08501e-18
    outer loop
      vertex 78.95 -43.67 5.9
      vertex 78.9259 -44.0678 3.9
      vertex 78.9259 -44.0678 5.9
    endloop
  endfacet
  facet normal -0.787267 0.616613 -1.80262e-18
    outer loop
      vertex 78.1201 -45.8583 3.9
      vertex 78.3658 -45.5446 5.9
      vertex 78.3658 -45.5446 3.9
    endloop
  endfacet
  facet normal -0.787267 0.616613 -1.80262e-18
    outer loop
      vertex 78.3658 -45.5446 5.9
      vertex 78.1201 -45.8583 3.9
      vertex 78.1201 -45.8583 5.9
    endloop
  endfacet
  facet normal -0.616613 0.787267 0
    outer loop
      vertex 77.8383 -46.1401 3.9
      vertex 77.5246 -46.3858 5.9
      vertex 77.8383 -46.1401 5.9
    endloop
  endfacet
  facet normal -0.616613 0.787267 0
    outer loop
      vertex 77.5246 -46.3858 5.9
      vertex 77.8383 -46.1401 3.9
      vertex 77.5246 -46.3858 3.9
    endloop
  endfacet
  facet normal -0.954698 0.297575 1.12639e-18
    outer loop
      vertex 78.7355 -44.8402 3.9
      vertex 78.8541 -44.4597 5.9
      vertex 78.8541 -44.4597 3.9
    endloop
  endfacet
  facet normal -0.954698 0.297575 1.12639e-18
    outer loop
      vertex 78.8541 -44.4597 5.9
      vertex 78.7355 -44.8402 3.9
      vertex 78.7355 -44.8402 5.9
    endloop
  endfacet
  facet normal 0.180211 0.983628 -0
    outer loop
      vertex 75.2522 -46.9459 3.9
      vertex 74.8603 -46.8741 5.9
      vertex 75.2522 -46.9459 5.9
    endloop
  endfacet
  facet normal 0.180211 0.983628 0
    outer loop
      vertex 74.8603 -46.8741 5.9
      vertex 75.2522 -46.9459 3.9
      vertex 74.8603 -46.8741 3.9
    endloop
  endfacet
  facet normal 0.517445 0.855716 -0
    outer loop
      vertex 74.1164 -46.592 3.9
      vertex 73.7754 -46.3858 5.9
      vertex 74.1164 -46.592 5.9
    endloop
  endfacet
  facet normal 0.517445 0.855716 0
    outer loop
      vertex 73.7754 -46.3858 5.9
      vertex 74.1164 -46.592 3.9
      vertex 73.7754 -46.3858 3.9
    endloop
  endfacet
  facet normal -0.616613 -0.787267 0
    outer loop
      vertex 95.5246 -40.9542 3.9
      vertex 95.8383 -41.1999 5.9
      vertex 95.5246 -40.9542 5.9
    endloop
  endfacet
  facet normal -0.616613 -0.787267 -0
    outer loop
      vertex 95.8383 -41.1999 5.9
      vertex 95.5246 -40.9542 3.9
      vertex 95.8383 -41.1999 3.9
    endloop
  endfacet
  facet normal 0.410511 -0.911856 0
    outer loop
      vertex 92.1164 -40.748 3.9
      vertex 92.4798 -40.5844 5.9
      vertex 92.1164 -40.748 5.9
    endloop
  endfacet
  facet normal 0.410511 -0.911856 0
    outer loop
      vertex 92.4798 -40.5844 5.9
      vertex 92.1164 -40.748 3.9
      vertex 92.4798 -40.5844 3.9
    endloop
  endfacet
  facet normal 0.95477 -0.297346 -3.19663e-18
    outer loop
      vertex 90.4459 -42.8803 5.9
      vertex 90.5644 -42.4998 3.9
      vertex 90.5644 -42.4998 5.9
    endloop
  endfacet
  facet normal 0.95477 -0.297346 -3.19663e-18
    outer loop
      vertex 90.5644 -42.4998 3.9
      vertex 90.4459 -42.8803 5.9
      vertex 90.4459 -42.8803 3.9
    endloop
  endfacet
  facet normal -0.954698 0.297575 1.12639e-18
    outer loop
      vertex 96.7355 -44.8402 3.9
      vertex 96.8541 -44.4597 5.9
      vertex 96.8541 -44.4597 3.9
    endloop
  endfacet
  facet normal -0.954698 0.297575 1.12639e-18
    outer loop
      vertex 96.8541 -44.4597 5.9
      vertex 96.7355 -44.8402 3.9
      vertex 96.7355 -44.8402 5.9
    endloop
  endfacet
  facet normal -0.91195 -0.410302 -3.54979e-18
    outer loop
      vertex 96.7355 -42.4998 3.9
      vertex 96.572 -42.1364 5.9
      vertex 96.572 -42.1364 3.9
    endloop
  endfacet
  facet normal -0.91195 -0.410302 -3.54979e-18
    outer loop
      vertex 96.572 -42.1364 5.9
      vertex 96.7355 -42.4998 3.9
      vertex 96.7355 -42.4998 5.9
    endloop
  endfacet
  facet normal -0.983628 -0.180211 -1.47117e-18
    outer loop
      vertex 96.9259 -43.2722 3.9
      vertex 96.8541 -42.8803 5.9
      vertex 96.8541 -42.8803 3.9
    endloop
  endfacet
  facet normal -0.983628 -0.180211 -1.47117e-18
    outer loop
      vertex 96.8541 -42.8803 5.9
      vertex 96.9259 -43.2722 3.9
      vertex 96.9259 -43.2722 5.9
    endloop
  endfacet
  facet normal -0.855716 -0.517445 1.52191e-18
    outer loop
      vertex 96.572 -42.1364 3.9
      vertex 96.3658 -41.7954 5.9
      vertex 96.3658 -41.7954 3.9
    endloop
  endfacet
  facet normal -0.855716 -0.517445 1.52191e-18
    outer loop
      vertex 96.3658 -41.7954 5.9
      vertex 96.572 -42.1364 3.9
      vertex 96.572 -42.1364 5.9
    endloop
  endfacet
  facet normal -0.410511 -0.911856 0
    outer loop
      vertex 94.8202 -40.5844 3.9
      vertex 95.1836 -40.748 5.9
      vertex 94.8202 -40.5844 5.9
    endloop
  endfacet
  facet normal -0.410511 -0.911856 -0
    outer loop
      vertex 95.1836 -40.748 5.9
      vertex 94.8202 -40.5844 3.9
      vertex 95.1836 -40.748 3.9
    endloop
  endfacet
  facet normal -0.0604723 -0.99817 0
    outer loop
      vertex 93.65 -40.37 3.9
      vertex 94.0478 -40.3941 5.9
      vertex 93.65 -40.37 5.9
    endloop
  endfacet
  facet normal -0.0604723 -0.99817 -0
    outer loop
      vertex 94.0478 -40.3941 5.9
      vertex 93.65 -40.37 3.9
      vertex 94.0478 -40.3941 3.9
    endloop
  endfacet
  facet normal 0.99817 0.0604723 1.08501e-18
    outer loop
      vertex 90.3741 -44.0678 5.9
      vertex 90.35 -43.67 3.9
      vertex 90.35 -43.67 5.9
    endloop
  endfacet
  facet normal 0.99817 0.0604723 1.08501e-18
    outer loop
      vertex 90.35 -43.67 3.9
      vertex 90.3741 -44.0678 5.9
      vertex 90.3741 -44.0678 3.9
    endloop
  endfacet
  facet normal 0.855716 -0.517445 -1.52191e-18
    outer loop
      vertex 90.728 -42.1364 5.9
      vertex 90.9342 -41.7954 3.9
      vertex 90.9342 -41.7954 5.9
    endloop
  endfacet
  facet normal 0.855716 -0.517445 -1.52191e-18
    outer loop
      vertex 90.9342 -41.7954 3.9
      vertex 90.728 -42.1364 5.9
      vertex 90.728 -42.1364 3.9
    endloop
  endfacet
  facet normal 0.297346 -0.95477 0
    outer loop
      vertex 92.4798 -40.5844 3.9
      vertex 92.8603 -40.4659 5.9
      vertex 92.4798 -40.5844 5.9
    endloop
  endfacet
  facet normal 0.297346 -0.95477 0
    outer loop
      vertex 92.8603 -40.4659 5.9
      vertex 92.4798 -40.5844 3.9
      vertex 92.8603 -40.4659 3.9
    endloop
  endfacet
  facet normal -0.99817 -0.0604723 4.62274e-19
    outer loop
      vertex 96.95 -43.67 3.9
      vertex 96.9259 -43.2722 5.9
      vertex 96.9259 -43.2722 3.9
    endloop
  endfacet
  facet normal -0.99817 -0.0604723 4.62274e-19
    outer loop
      vertex 96.9259 -43.2722 5.9
      vertex 96.95 -43.67 3.9
      vertex 96.95 -43.67 5.9
    endloop
  endfacet
  facet normal -0.410511 0.911856 0
    outer loop
      vertex 95.1836 -46.592 3.9
      vertex 94.8202 -46.7556 5.9
      vertex 95.1836 -46.592 5.9
    endloop
  endfacet
  facet normal -0.410511 0.911856 0
    outer loop
      vertex 94.8202 -46.7556 5.9
      vertex 95.1836 -46.592 3.9
      vertex 94.8202 -46.7556 3.9
    endloop
  endfacet
  facet normal -0.855716 0.517445 -1.52191e-18
    outer loop
      vertex 96.3658 -45.5446 3.9
      vertex 96.572 -45.2036 5.9
      vertex 96.572 -45.2036 3.9
    endloop
  endfacet
  facet normal -0.855716 0.517445 -1.52191e-18
    outer loop
      vertex 96.572 -45.2036 5.9
      vertex 96.3658 -45.5446 3.9
      vertex 96.3658 -45.5446 5.9
    endloop
  endfacet
  facet normal 0.0604723 0.99817 -0
    outer loop
      vertex 93.65 -46.97 3.9
      vertex 93.2522 -46.9459 5.9
      vertex 93.65 -46.97 5.9
    endloop
  endfacet
  facet normal 0.0604723 0.99817 0
    outer loop
      vertex 93.2522 -46.9459 5.9
      vertex 93.65 -46.97 3.9
      vertex 93.2522 -46.9459 3.9
    endloop
  endfacet
  facet normal 0.616613 0.787267 -0
    outer loop
      vertex 91.7754 -46.3858 3.9
      vertex 91.4617 -46.1401 5.9
      vertex 91.7754 -46.3858 5.9
    endloop
  endfacet
  facet normal 0.616613 0.787267 0
    outer loop
      vertex 91.4617 -46.1401 5.9
      vertex 91.7754 -46.3858 3.9
      vertex 91.4617 -46.1401 3.9
    endloop
  endfacet
  facet normal 0.855716 0.517445 1.52191e-18
    outer loop
      vertex 90.9342 -45.5446 5.9
      vertex 90.728 -45.2036 3.9
      vertex 90.728 -45.2036 5.9
    endloop
  endfacet
  facet normal 0.855716 0.517445 1.52191e-18
    outer loop
      vertex 90.728 -45.2036 3.9
      vertex 90.9342 -45.5446 5.9
      vertex 90.9342 -45.5446 3.9
    endloop
  endfacet
  facet normal 0.95477 0.297346 -2.51224e-18
    outer loop
      vertex 90.5644 -44.8402 5.9
      vertex 90.4459 -44.4597 3.9
      vertex 90.4459 -44.4597 5.9
    endloop
  endfacet
  facet normal 0.95477 0.297346 -2.51224e-18
    outer loop
      vertex 90.4459 -44.4597 3.9
      vertex 90.5644 -44.8402 5.9
      vertex 90.5644 -44.8402 3.9
    endloop
  endfacet
  facet normal -0.954698 -0.297575 3.6937e-18
    outer loop
      vertex 96.8541 -42.8803 3.9
      vertex 96.7355 -42.4998 5.9
      vertex 96.7355 -42.4998 3.9
    endloop
  endfacet
  facet normal -0.954698 -0.297575 3.6937e-18
    outer loop
      vertex 96.7355 -42.4998 5.9
      vertex 96.8541 -42.8803 3.9
      vertex 96.8541 -42.8803 5.9
    endloop
  endfacet
  facet normal -0.787267 -0.616613 -1.70909e-18
    outer loop
      vertex 96.3658 -41.7954 3.9
      vertex 96.1201 -41.4817 5.9
      vertex 96.1201 -41.4817 3.9
    endloop
  endfacet
  facet normal -0.787267 -0.616613 -1.70909e-18
    outer loop
      vertex 96.1201 -41.4817 5.9
      vertex 96.3658 -41.7954 3.9
      vertex 96.3658 -41.7954 5.9
    endloop
  endfacet
  facet normal -0.707107 -0.707107 -8.84174e-19
    outer loop
      vertex 96.1201 -41.4817 3.9
      vertex 95.8383 -41.1999 5.9
      vertex 95.8383 -41.1999 3.9
    endloop
  endfacet
  facet normal -0.707107 -0.707107 -8.84174e-19
    outer loop
      vertex 95.8383 -41.1999 5.9
      vertex 96.1201 -41.4817 3.9
      vertex 96.1201 -41.4817 5.9
    endloop
  endfacet
  facet normal -0.517445 -0.855716 0
    outer loop
      vertex 95.1836 -40.748 3.9
      vertex 95.5246 -40.9542 5.9
      vertex 95.1836 -40.748 5.9
    endloop
  endfacet
  facet normal -0.517445 -0.855716 -0
    outer loop
      vertex 95.5246 -40.9542 5.9
      vertex 95.1836 -40.748 3.9
      vertex 95.5246 -40.9542 3.9
    endloop
  endfacet
  facet normal 0.0604723 -0.99817 0
    outer loop
      vertex 93.2522 -40.3941 3.9
      vertex 93.65 -40.37 5.9
      vertex 93.2522 -40.3941 5.9
    endloop
  endfacet
  facet normal 0.0604723 -0.99817 0
    outer loop
      vertex 93.65 -40.37 5.9
      vertex 93.2522 -40.3941 3.9
      vertex 93.65 -40.37 3.9
    endloop
  endfacet
  facet normal -0.297346 -0.95477 0
    outer loop
      vertex 94.4397 -40.4659 3.9
      vertex 94.8202 -40.5844 5.9
      vertex 94.4397 -40.4659 5.9
    endloop
  endfacet
  facet normal -0.297346 -0.95477 -0
    outer loop
      vertex 94.8202 -40.5844 5.9
      vertex 94.4397 -40.4659 3.9
      vertex 94.8202 -40.5844 3.9
    endloop
  endfacet
  facet normal -0.180211 -0.983628 0
    outer loop
      vertex 94.0478 -40.3941 3.9
      vertex 94.4397 -40.4659 5.9
      vertex 94.0478 -40.3941 5.9
    endloop
  endfacet
  facet normal -0.180211 -0.983628 -0
    outer loop
      vertex 94.4397 -40.4659 5.9
      vertex 94.0478 -40.3941 3.9
      vertex 94.4397 -40.4659 3.9
    endloop
  endfacet
  facet normal 0.983628 -0.180211 1.47117e-18
    outer loop
      vertex 90.3741 -43.2722 5.9
      vertex 90.4459 -42.8803 3.9
      vertex 90.4459 -42.8803 5.9
    endloop
  endfacet
  facet normal 0.983628 -0.180211 1.47117e-18
    outer loop
      vertex 90.4459 -42.8803 3.9
      vertex 90.3741 -43.2722 5.9
      vertex 90.3741 -43.2722 3.9
    endloop
  endfacet
  facet normal 0.99817 -0.0604723 -4.62274e-19
    outer loop
      vertex 90.35 -43.67 5.9
      vertex 90.3741 -43.2722 3.9
      vertex 90.3741 -43.2722 5.9
    endloop
  endfacet
  facet normal 0.99817 -0.0604723 -4.62274e-19
    outer loop
      vertex 90.3741 -43.2722 3.9
      vertex 90.35 -43.67 5.9
      vertex 90.35 -43.67 3.9
    endloop
  endfacet
  facet normal 0.911856 -0.410511 1.8576e-18
    outer loop
      vertex 90.5644 -42.4998 5.9
      vertex 90.728 -42.1364 3.9
      vertex 90.728 -42.1364 5.9
    endloop
  endfacet
  facet normal 0.911856 -0.410511 1.8576e-18
    outer loop
      vertex 90.728 -42.1364 3.9
      vertex 90.5644 -42.4998 5.9
      vertex 90.5644 -42.4998 3.9
    endloop
  endfacet
  facet normal 0.180211 -0.983628 0
    outer loop
      vertex 92.8603 -40.4659 3.9
      vertex 93.2522 -40.3941 5.9
      vertex 92.8603 -40.4659 5.9
    endloop
  endfacet
  facet normal 0.180211 -0.983628 0
    outer loop
      vertex 93.2522 -40.3941 5.9
      vertex 92.8603 -40.4659 3.9
      vertex 93.2522 -40.3941 3.9
    endloop
  endfacet
  facet normal 0.616613 -0.787267 0
    outer loop
      vertex 91.4617 -41.1999 3.9
      vertex 91.7754 -40.9542 5.9
      vertex 91.4617 -41.1999 5.9
    endloop
  endfacet
  facet normal 0.616613 -0.787267 0
    outer loop
      vertex 91.7754 -40.9542 5.9
      vertex 91.4617 -41.1999 3.9
      vertex 91.7754 -40.9542 3.9
    endloop
  endfacet
  facet normal 0.707107 -0.707107 8.84174e-19
    outer loop
      vertex 91.1799 -41.4817 5.9
      vertex 91.4617 -41.1999 3.9
      vertex 91.4617 -41.1999 5.9
    endloop
  endfacet
  facet normal 0.707107 -0.707107 8.84174e-19
    outer loop
      vertex 91.4617 -41.1999 3.9
      vertex 91.1799 -41.4817 5.9
      vertex 91.1799 -41.4817 3.9
    endloop
  endfacet
  facet normal 0.517445 -0.855716 0
    outer loop
      vertex 91.7754 -40.9542 3.9
      vertex 92.1164 -40.748 5.9
      vertex 91.7754 -40.9542 5.9
    endloop
  endfacet
  facet normal 0.517445 -0.855716 0
    outer loop
      vertex 92.1164 -40.748 5.9
      vertex 91.7754 -40.9542 3.9
      vertex 92.1164 -40.748 3.9
    endloop
  endfacet
  facet normal 0.787267 -0.616613 1.70909e-18
    outer loop
      vertex 90.9342 -41.7954 5.9
      vertex 91.1799 -41.4817 3.9
      vertex 91.1799 -41.4817 5.9
    endloop
  endfacet
  facet normal 0.787267 -0.616613 1.70909e-18
    outer loop
      vertex 91.1799 -41.4817 3.9
      vertex 90.9342 -41.7954 5.9
      vertex 90.9342 -41.7954 3.9
    endloop
  endfacet
  facet normal -0.983628 0.180211 1.47117e-18
    outer loop
      vertex 96.8541 -44.4597 3.9
      vertex 96.9259 -44.0678 5.9
      vertex 96.9259 -44.0678 3.9
    endloop
  endfacet
  facet normal -0.983628 0.180211 1.47117e-18
    outer loop
      vertex 96.9259 -44.0678 5.9
      vertex 96.8541 -44.4597 3.9
      vertex 96.8541 -44.4597 5.9
    endloop
  endfacet
  facet normal -0.180211 0.983628 0
    outer loop
      vertex 94.4397 -46.8741 3.9
      vertex 94.0478 -46.9459 5.9
      vertex 94.4397 -46.8741 5.9
    endloop
  endfacet
  facet normal -0.180211 0.983628 0
    outer loop
      vertex 94.0478 -46.9459 5.9
      vertex 94.4397 -46.8741 3.9
      vertex 94.0478 -46.9459 3.9
    endloop
  endfacet
  facet normal -0.297346 0.95477 0
    outer loop
      vertex 94.8202 -46.7556 3.9
      vertex 94.4397 -46.8741 5.9
      vertex 94.8202 -46.7556 5.9
    endloop
  endfacet
  facet normal -0.297346 0.95477 0
    outer loop
      vertex 94.4397 -46.8741 5.9
      vertex 94.8202 -46.7556 3.9
      vertex 94.4397 -46.8741 3.9
    endloop
  endfacet
  facet normal -0.707107 0.707107 0
    outer loop
      vertex 96.1201 -45.8583 3.9
      vertex 95.8383 -46.1401 5.9
      vertex 96.1201 -45.8583 5.9
    endloop
  endfacet
  facet normal -0.707107 0.707107 0
    outer loop
      vertex 95.8383 -46.1401 5.9
      vertex 96.1201 -45.8583 3.9
      vertex 95.8383 -46.1401 3.9
    endloop
  endfacet
  facet normal -0.517445 0.855716 0
    outer loop
      vertex 95.5246 -46.3858 3.9
      vertex 95.1836 -46.592 5.9
      vertex 95.5246 -46.3858 5.9
    endloop
  endfacet
  facet normal -0.517445 0.855716 0
    outer loop
      vertex 95.1836 -46.592 5.9
      vertex 95.5246 -46.3858 3.9
      vertex 95.1836 -46.592 3.9
    endloop
  endfacet
  facet normal -0.91195 0.410302 3.54979e-18
    outer loop
      vertex 96.572 -45.2036 3.9
      vertex 96.7355 -44.8402 5.9
      vertex 96.7355 -44.8402 3.9
    endloop
  endfacet
  facet normal -0.91195 0.410302 3.54979e-18
    outer loop
      vertex 96.7355 -44.8402 5.9
      vertex 96.572 -45.2036 3.9
      vertex 96.572 -45.2036 5.9
    endloop
  endfacet
  facet normal -0.0604723 0.99817 0
    outer loop
      vertex 94.0478 -46.9459 3.9
      vertex 93.65 -46.97 5.9
      vertex 94.0478 -46.9459 5.9
    endloop
  endfacet
  facet normal -0.0604723 0.99817 0
    outer loop
      vertex 93.65 -46.97 5.9
      vertex 94.0478 -46.9459 3.9
      vertex 93.65 -46.97 3.9
    endloop
  endfacet
  facet normal 0.297346 0.95477 -0
    outer loop
      vertex 92.8603 -46.8741 3.9
      vertex 92.4798 -46.7556 5.9
      vertex 92.8603 -46.8741 5.9
    endloop
  endfacet
  facet normal 0.297346 0.95477 0
    outer loop
      vertex 92.4798 -46.7556 5.9
      vertex 92.8603 -46.8741 3.9
      vertex 92.4798 -46.7556 3.9
    endloop
  endfacet
  facet normal 0.410511 0.911856 -0
    outer loop
      vertex 92.4798 -46.7556 3.9
      vertex 92.1164 -46.592 5.9
      vertex 92.4798 -46.7556 5.9
    endloop
  endfacet
  facet normal 0.410511 0.911856 0
    outer loop
      vertex 92.1164 -46.592 5.9
      vertex 92.4798 -46.7556 3.9
      vertex 92.1164 -46.592 3.9
    endloop
  endfacet
  facet normal 0.911856 0.410511 -1.8576e-18
    outer loop
      vertex 90.728 -45.2036 5.9
      vertex 90.5644 -44.8402 3.9
      vertex 90.5644 -44.8402 5.9
    endloop
  endfacet
  facet normal 0.911856 0.410511 -1.8576e-18
    outer loop
      vertex 90.5644 -44.8402 3.9
      vertex 90.728 -45.2036 5.9
      vertex 90.728 -45.2036 3.9
    endloop
  endfacet
  facet normal 0.983628 0.180211 -1.47117e-18
    outer loop
      vertex 90.4459 -44.4597 5.9
      vertex 90.3741 -44.0678 3.9
      vertex 90.3741 -44.0678 5.9
    endloop
  endfacet
  facet normal 0.983628 0.180211 -1.47117e-18
    outer loop
      vertex 90.3741 -44.0678 3.9
      vertex 90.4459 -44.4597 5.9
      vertex 90.4459 -44.4597 3.9
    endloop
  endfacet
  facet normal 0.787267 0.616613 1.80262e-18
    outer loop
      vertex 91.1799 -45.8583 5.9
      vertex 90.9342 -45.5446 3.9
      vertex 90.9342 -45.5446 5.9
    endloop
  endfacet
  facet normal 0.787267 0.616613 1.80262e-18
    outer loop
      vertex 90.9342 -45.5446 3.9
      vertex 91.1799 -45.8583 5.9
      vertex 91.1799 -45.8583 3.9
    endloop
  endfacet
  facet normal 0.707107 0.707107 -8.84174e-19
    outer loop
      vertex 91.4617 -46.1401 5.9
      vertex 91.1799 -45.8583 3.9
      vertex 91.1799 -45.8583 5.9
    endloop
  endfacet
  facet normal 0.707107 0.707107 -8.84174e-19
    outer loop
      vertex 91.1799 -45.8583 3.9
      vertex 91.4617 -46.1401 5.9
      vertex 91.4617 -46.1401 3.9
    endloop
  endfacet
  facet normal -0.99817 0.0604723 -1.08501e-18
    outer loop
      vertex 96.9259 -44.0678 3.9
      vertex 96.95 -43.67 5.9
      vertex 96.95 -43.67 3.9
    endloop
  endfacet
  facet normal -0.99817 0.0604723 -1.08501e-18
    outer loop
      vertex 96.95 -43.67 5.9
      vertex 96.9259 -44.0678 3.9
      vertex 96.9259 -44.0678 5.9
    endloop
  endfacet
  facet normal -0.787267 0.616613 -1.80262e-18
    outer loop
      vertex 96.1201 -45.8583 3.9
      vertex 96.3658 -45.5446 5.9
      vertex 96.3658 -45.5446 3.9
    endloop
  endfacet
  facet normal -0.787267 0.616613 -1.80262e-18
    outer loop
      vertex 96.3658 -45.5446 5.9
      vertex 96.1201 -45.8583 3.9
      vertex 96.1201 -45.8583 5.9
    endloop
  endfacet
  facet normal -0.616613 0.787267 0
    outer loop
      vertex 95.8383 -46.1401 3.9
      vertex 95.5246 -46.3858 5.9
      vertex 95.8383 -46.1401 5.9
    endloop
  endfacet
  facet normal -0.616613 0.787267 0
    outer loop
      vertex 95.5246 -46.3858 5.9
      vertex 95.8383 -46.1401 3.9
      vertex 95.5246 -46.3858 3.9
    endloop
  endfacet
  facet normal 0.180211 0.983628 -0
    outer loop
      vertex 93.2522 -46.9459 3.9
      vertex 92.8603 -46.8741 5.9
      vertex 93.2522 -46.9459 5.9
    endloop
  endfacet
  facet normal 0.180211 0.983628 0
    outer loop
      vertex 92.8603 -46.8741 5.9
      vertex 93.2522 -46.9459 3.9
      vertex 92.8603 -46.8741 3.9
    endloop
  endfacet
  facet normal 0.517445 0.855716 -0
    outer loop
      vertex 92.1164 -46.592 3.9
      vertex 91.7754 -46.3858 5.9
      vertex 92.1164 -46.592 5.9
    endloop
  endfacet
  facet normal 0.517445 0.855716 0
    outer loop
      vertex 91.7754 -46.3858 5.9
      vertex 92.1164 -46.592 3.9
      vertex 91.7754 -46.3858 3.9
    endloop
  endfacet
  facet normal -0.617466 -0.786597 0
    outer loop
      vertex 113.525 -40.9542 3.9
      vertex 113.838 -41.1999 5.9
      vertex 113.525 -40.9542 5.9
    endloop
  endfacet
  facet normal -0.617466 -0.786597 -0
    outer loop
      vertex 113.838 -41.1999 5.9
      vertex 113.525 -40.9542 3.9
      vertex 113.838 -41.1999 3.9
    endloop
  endfacet
  facet normal 0.409948 -0.912109 0
    outer loop
      vertex 110.116 -40.748 3.9
      vertex 110.48 -40.5844 5.9
      vertex 110.116 -40.748 5.9
    endloop
  endfacet
  facet normal 0.409948 -0.912109 0
    outer loop
      vertex 110.48 -40.5844 5.9
      vertex 110.116 -40.748 3.9
      vertex 110.48 -40.5844 3.9
    endloop
  endfacet
  facet normal 0.955125 -0.296202 2.06242e-18
    outer loop
      vertex 108.446 -42.8803 5.9
      vertex 108.564 -42.4998 3.9
      vertex 108.564 -42.4998 5.9
    endloop
  endfacet
  facet normal 0.955125 -0.296202 2.06242e-18
    outer loop
      vertex 108.564 -42.4998 3.9
      vertex 108.446 -42.8803 5.9
      vertex 108.446 -42.8803 3.9
    endloop
  endfacet
  facet normal -0.91148 -0.411345 -4.0281e-18
    outer loop
      vertex 114.736 -42.4998 3.9
      vertex 114.572 -42.1364 5.9
      vertex 114.572 -42.1364 3.9
    endloop
  endfacet
  facet normal -0.91148 -0.411345 -4.0281e-18
    outer loop
      vertex 114.572 -42.1364 5.9
      vertex 114.736 -42.4998 3.9
      vertex 114.736 -42.4998 5.9
    endloop
  endfacet
  facet normal -0.983539 -0.180696 -9.99113e-19
    outer loop
      vertex 114.926 -43.2722 3.9
      vertex 114.854 -42.8803 5.9
      vertex 114.854 -42.8803 3.9
    endloop
  endfacet
  facet normal -0.983539 -0.180696 -9.99113e-19
    outer loop
      vertex 114.854 -42.8803 5.9
      vertex 114.926 -43.2722 3.9
      vertex 114.926 -43.2722 5.9
    endloop
  endfacet
  facet normal -0.855939 -0.517077 4.31178e-18
    outer loop
      vertex 114.572 -42.1364 3.9
      vertex 114.366 -41.7954 5.9
      vertex 114.366 -41.7954 3.9
    endloop
  endfacet
  facet normal -0.855939 -0.517077 4.31178e-18
    outer loop
      vertex 114.366 -41.7954 5.9
      vertex 114.572 -42.1364 3.9
      vertex 114.572 -42.1364 5.9
    endloop
  endfacet
  facet normal -0.409948 -0.912109 0
    outer loop
      vertex 112.82 -40.5844 3.9
      vertex 113.184 -40.748 5.9
      vertex 112.82 -40.5844 5.9
    endloop
  endfacet
  facet normal -0.409948 -0.912109 -0
    outer loop
      vertex 113.184 -40.748 5.9
      vertex 112.82 -40.5844 3.9
      vertex 113.184 -40.748 3.9
    endloop
  endfacet
  facet normal 0.998185 0.0602223 5.61113e-19
    outer loop
      vertex 108.374 -44.0678 5.9
      vertex 108.35 -43.67 3.9
      vertex 108.35 -43.67 5.9
    endloop
  endfacet
  facet normal 0.998185 0.0602223 5.61113e-19
    outer loop
      vertex 108.35 -43.67 3.9
      vertex 108.374 -44.0678 5.9
      vertex 108.374 -44.0678 3.9
    endloop
  endfacet
  facet normal 0.855939 -0.517077 -4.31178e-18
    outer loop
      vertex 108.728 -42.1364 5.9
      vertex 108.934 -41.7954 3.9
      vertex 108.934 -41.7954 5.9
    endloop
  endfacet
  facet normal 0.855939 -0.517077 -4.31178e-18
    outer loop
      vertex 108.934 -41.7954 3.9
      vertex 108.728 -42.1364 5.9
      vertex 108.728 -42.1364 3.9
    endloop
  endfacet
  facet normal 0.297703 -0.954659 0
    outer loop
      vertex 110.48 -40.5844 3.9
      vertex 110.86 -40.4659 5.9
      vertex 110.48 -40.5844 5.9
    endloop
  endfacet
  facet normal 0.297703 -0.954659 0
    outer loop
      vertex 110.86 -40.4659 5.9
      vertex 110.48 -40.5844 3.9
      vertex 110.86 -40.4659 3.9
    endloop
  endfacet
  facet normal -0.998185 -0.0602223 -9.54318e-19
    outer loop
      vertex 114.95 -43.67 3.9
      vertex 114.926 -43.2722 5.9
      vertex 114.926 -43.2722 3.9
    endloop
  endfacet
  facet normal -0.998185 -0.0602223 -9.54318e-19
    outer loop
      vertex 114.926 -43.2722 5.9
      vertex 114.95 -43.67 3.9
      vertex 114.95 -43.67 5.9
    endloop
  endfacet
  facet normal -0.409948 0.912109 0
    outer loop
      vertex 113.184 -46.592 3.9
      vertex 112.82 -46.7556 5.9
      vertex 113.184 -46.592 5.9
    endloop
  endfacet
  facet normal -0.409948 0.912109 0
    outer loop
      vertex 112.82 -46.7556 5.9
      vertex 113.184 -46.592 3.9
      vertex 112.82 -46.7556 3.9
    endloop
  endfacet
  facet normal -0.855939 0.517077 -4.31178e-18
    outer loop
      vertex 114.366 -45.5446 3.9
      vertex 114.572 -45.2036 5.9
      vertex 114.572 -45.2036 3.9
    endloop
  endfacet
  facet normal -0.855939 0.517077 -4.31178e-18
    outer loop
      vertex 114.572 -45.2036 5.9
      vertex 114.366 -45.5446 3.9
      vertex 114.366 -45.5446 5.9
    endloop
  endfacet
  facet normal 0.0604421 0.998172 -0
    outer loop
      vertex 111.65 -46.97 3.9
      vertex 111.252 -46.9459 5.9
      vertex 111.65 -46.97 5.9
    endloop
  endfacet
  facet normal 0.0604421 0.998172 0
    outer loop
      vertex 111.252 -46.9459 5.9
      vertex 111.65 -46.97 3.9
      vertex 111.252 -46.9459 3.9
    endloop
  endfacet
  facet normal 0.617466 0.786597 -0
    outer loop
      vertex 109.775 -46.3858 3.9
      vertex 109.462 -46.1401 5.9
      vertex 109.775 -46.3858 5.9
    endloop
  endfacet
  facet normal 0.617466 0.786597 0
    outer loop
      vertex 109.462 -46.1401 5.9
      vertex 109.775 -46.3858 3.9
      vertex 109.462 -46.1401 3.9
    endloop
  endfacet
  facet normal 0.855939 0.517077 4.31178e-18
    outer loop
      vertex 108.934 -45.5446 5.9
      vertex 108.728 -45.2036 3.9
      vertex 108.728 -45.2036 5.9
    endloop
  endfacet
  facet normal 0.855939 0.517077 4.31178e-18
    outer loop
      vertex 108.728 -45.2036 3.9
      vertex 108.934 -45.5446 5.9
      vertex 108.934 -45.5446 3.9
    endloop
  endfacet
  facet normal 0.955125 0.296202 -3.52526e-18
    outer loop
      vertex 108.564 -44.8402 5.9
      vertex 108.446 -44.4597 3.9
      vertex 108.446 -44.4597 5.9
    endloop
  endfacet
  facet normal 0.955125 0.296202 -3.52526e-18
    outer loop
      vertex 108.446 -44.4597 3.9
      vertex 108.564 -44.8402 5.9
      vertex 108.564 -44.8402 3.9
    endloop
  endfacet
  facet normal -0.955125 -0.296202 -2.06242e-18
    outer loop
      vertex 114.854 -42.8803 3.9
      vertex 114.736 -42.4998 5.9
      vertex 114.736 -42.4998 3.9
    endloop
  endfacet
  facet normal -0.955125 -0.296202 -2.06242e-18
    outer loop
      vertex 114.736 -42.4998 5.9
      vertex 114.854 -42.8803 3.9
      vertex 114.854 -42.8803 5.9
    endloop
  endfacet
  facet normal -0.786901 -0.617079 4.8954e-18
    outer loop
      vertex 114.366 -41.7954 3.9
      vertex 114.12 -41.4817 5.9
      vertex 114.12 -41.4817 3.9
    endloop
  endfacet
  facet normal -0.786901 -0.617079 4.8954e-18
    outer loop
      vertex 114.12 -41.4817 5.9
      vertex 114.366 -41.7954 3.9
      vertex 114.366 -41.7954 5.9
    endloop
  endfacet
  facet normal -0.706856 -0.707358 -1.68273e-18
    outer loop
      vertex 114.12 -41.4817 3.9
      vertex 113.838 -41.1999 5.9
      vertex 113.838 -41.1999 3.9
    endloop
  endfacet
  facet normal -0.706856 -0.707358 -1.68273e-18
    outer loop
      vertex 113.838 -41.1999 5.9
      vertex 114.12 -41.4817 3.9
      vertex 114.12 -41.4817 5.9
    endloop
  endfacet
  facet normal -0.517445 -0.855716 0
    outer loop
      vertex 113.184 -40.748 3.9
      vertex 113.525 -40.9542 5.9
      vertex 113.184 -40.748 5.9
    endloop
  endfacet
  facet normal -0.517445 -0.855716 -0
    outer loop
      vertex 113.525 -40.9542 5.9
      vertex 113.184 -40.748 3.9
      vertex 113.525 -40.9542 3.9
    endloop
  endfacet
  facet normal 0.0604421 -0.998172 0
    outer loop
      vertex 111.252 -40.3941 3.9
      vertex 111.65 -40.37 5.9
      vertex 111.252 -40.3941 5.9
    endloop
  endfacet
  facet normal 0.0604421 -0.998172 0
    outer loop
      vertex 111.65 -40.37 5.9
      vertex 111.252 -40.3941 3.9
      vertex 111.65 -40.37 3.9
    endloop
  endfacet
  facet normal -0.297703 -0.954659 0
    outer loop
      vertex 112.44 -40.4659 3.9
      vertex 112.82 -40.5844 5.9
      vertex 112.44 -40.4659 5.9
    endloop
  endfacet
  facet normal -0.297703 -0.954659 -0
    outer loop
      vertex 112.82 -40.5844 5.9
      vertex 112.44 -40.4659 3.9
      vertex 112.82 -40.5844 3.9
    endloop
  endfacet
  facet normal -0.180166 -0.983636 0
    outer loop
      vertex 112.048 -40.3941 3.9
      vertex 112.44 -40.4659 5.9
      vertex 112.048 -40.3941 5.9
    endloop
  endfacet
  facet normal -0.180166 -0.983636 -0
    outer loop
      vertex 112.44 -40.4659 5.9
      vertex 112.048 -40.3941 3.9
      vertex 112.44 -40.4659 3.9
    endloop
  endfacet
  facet normal 0.983539 -0.180696 9.99113e-19
    outer loop
      vertex 108.374 -43.2722 5.9
      vertex 108.446 -42.8803 3.9
      vertex 108.446 -42.8803 5.9
    endloop
  endfacet
  facet normal 0.983539 -0.180696 9.99113e-19
    outer loop
      vertex 108.446 -42.8803 3.9
      vertex 108.374 -43.2722 5.9
      vertex 108.374 -43.2722 3.9
    endloop
  endfacet
  facet normal 0.998185 -0.0602223 9.54318e-19
    outer loop
      vertex 108.35 -43.67 5.9
      vertex 108.374 -43.2722 3.9
      vertex 108.374 -43.2722 5.9
    endloop
  endfacet
  facet normal 0.998185 -0.0602223 9.54318e-19
    outer loop
      vertex 108.374 -43.2722 3.9
      vertex 108.35 -43.67 5.9
      vertex 108.35 -43.67 3.9
    endloop
  endfacet
  facet normal 0.91148 -0.411345 4.0281e-18
    outer loop
      vertex 108.564 -42.4998 5.9
      vertex 108.728 -42.1364 3.9
      vertex 108.728 -42.1364 5.9
    endloop
  endfacet
  facet normal 0.91148 -0.411345 4.0281e-18
    outer loop
      vertex 108.728 -42.1364 3.9
      vertex 108.564 -42.4998 5.9
      vertex 108.564 -42.4998 3.9
    endloop
  endfacet
  facet normal 0.180166 -0.983636 0
    outer loop
      vertex 110.86 -40.4659 3.9
      vertex 111.252 -40.3941 5.9
      vertex 110.86 -40.4659 5.9
    endloop
  endfacet
  facet normal 0.180166 -0.983636 0
    outer loop
      vertex 111.252 -40.3941 5.9
      vertex 110.86 -40.4659 3.9
      vertex 111.252 -40.3941 3.9
    endloop
  endfacet
  facet normal 0.617466 -0.786597 0
    outer loop
      vertex 109.462 -41.1999 3.9
      vertex 109.775 -40.9542 5.9
      vertex 109.462 -41.1999 5.9
    endloop
  endfacet
  facet normal 0.617466 -0.786597 0
    outer loop
      vertex 109.775 -40.9542 5.9
      vertex 109.462 -41.1999 3.9
      vertex 109.775 -40.9542 3.9
    endloop
  endfacet
  facet normal 0.706856 -0.707358 -5.92356e-18
    outer loop
      vertex 109.18 -41.4817 5.9
      vertex 109.462 -41.1999 3.9
      vertex 109.462 -41.1999 5.9
    endloop
  endfacet
  facet normal 0.706856 -0.707358 -5.92356e-18
    outer loop
      vertex 109.462 -41.1999 3.9
      vertex 109.18 -41.4817 5.9
      vertex 109.18 -41.4817 3.9
    endloop
  endfacet
  facet normal 0.517445 -0.855716 0
    outer loop
      vertex 109.775 -40.9542 3.9
      vertex 110.116 -40.748 5.9
      vertex 109.775 -40.9542 5.9
    endloop
  endfacet
  facet normal 0.517445 -0.855716 0
    outer loop
      vertex 110.116 -40.748 5.9
      vertex 109.775 -40.9542 3.9
      vertex 110.116 -40.748 3.9
    endloop
  endfacet
  facet normal 0.786901 -0.617079 8.52446e-18
    outer loop
      vertex 108.934 -41.7954 5.9
      vertex 109.18 -41.4817 3.9
      vertex 109.18 -41.4817 5.9
    endloop
  endfacet
  facet normal 0.786901 -0.617079 8.52446e-18
    outer loop
      vertex 109.18 -41.4817 3.9
      vertex 108.934 -41.7954 5.9
      vertex 108.934 -41.7954 3.9
    endloop
  endfacet
  facet normal -0.983539 0.180696 9.99113e-19
    outer loop
      vertex 114.854 -44.4597 3.9
      vertex 114.926 -44.0678 5.9
      vertex 114.926 -44.0678 3.9
    endloop
  endfacet
  facet normal -0.983539 0.180696 9.99113e-19
    outer loop
      vertex 114.926 -44.0678 5.9
      vertex 114.854 -44.4597 3.9
      vertex 114.854 -44.4597 5.9
    endloop
  endfacet
  facet normal -0.180166 0.983636 0
    outer loop
      vertex 112.44 -46.8741 3.9
      vertex 112.048 -46.9459 5.9
      vertex 112.44 -46.8741 5.9
    endloop
  endfacet
  facet normal -0.180166 0.983636 0
    outer loop
      vertex 112.048 -46.9459 5.9
      vertex 112.44 -46.8741 3.9
      vertex 112.048 -46.9459 3.9
    endloop
  endfacet
  facet normal -0.297703 0.954659 0
    outer loop
      vertex 112.82 -46.7556 3.9
      vertex 112.44 -46.8741 5.9
      vertex 112.82 -46.7556 5.9
    endloop
  endfacet
  facet normal -0.297703 0.954659 0
    outer loop
      vertex 112.44 -46.8741 5.9
      vertex 112.82 -46.7556 3.9
      vertex 112.44 -46.8741 3.9
    endloop
  endfacet
  facet normal -0.706856 0.707358 0
    outer loop
      vertex 114.12 -45.8583 3.9
      vertex 113.838 -46.1401 5.9
      vertex 114.12 -45.8583 5.9
    endloop
  endfacet
  facet normal -0.706856 0.707358 0
    outer loop
      vertex 113.838 -46.1401 5.9
      vertex 114.12 -45.8583 3.9
      vertex 113.838 -46.1401 3.9
    endloop
  endfacet
  facet normal -0.517445 0.855716 0
    outer loop
      vertex 113.525 -46.3858 3.9
      vertex 113.184 -46.592 5.9
      vertex 113.525 -46.3858 5.9
    endloop
  endfacet
  facet normal -0.517445 0.855716 0
    outer loop
      vertex 113.184 -46.592 5.9
      vertex 113.525 -46.3858 3.9
      vertex 113.184 -46.592 3.9
    endloop
  endfacet
  facet normal -0.91148 0.411345 4.0281e-18
    outer loop
      vertex 114.572 -45.2036 3.9
      vertex 114.736 -44.8402 5.9
      vertex 114.736 -44.8402 3.9
    endloop
  endfacet
  facet normal -0.91148 0.411345 4.0281e-18
    outer loop
      vertex 114.736 -44.8402 5.9
      vertex 114.572 -45.2036 3.9
      vertex 114.572 -45.2036 5.9
    endloop
  endfacet
  facet normal -0.0604421 0.998172 0
    outer loop
      vertex 112.048 -46.9459 3.9
      vertex 111.65 -46.97 5.9
      vertex 112.048 -46.9459 5.9
    endloop
  endfacet
  facet normal -0.0604421 0.998172 0
    outer loop
      vertex 111.65 -46.97 5.9
      vertex 112.048 -46.9459 3.9
      vertex 111.65 -46.97 3.9
    endloop
  endfacet
  facet normal 0.297703 0.954659 -0
    outer loop
      vertex 110.86 -46.8741 3.9
      vertex 110.48 -46.7556 5.9
      vertex 110.86 -46.8741 5.9
    endloop
  endfacet
  facet normal 0.297703 0.954659 0
    outer loop
      vertex 110.48 -46.7556 5.9
      vertex 110.86 -46.8741 3.9
      vertex 110.48 -46.7556 3.9
    endloop
  endfacet
  facet normal 0.409948 0.912109 -0
    outer loop
      vertex 110.48 -46.7556 3.9
      vertex 110.116 -46.592 5.9
      vertex 110.48 -46.7556 5.9
    endloop
  endfacet
  facet normal 0.409948 0.912109 0
    outer loop
      vertex 110.116 -46.592 5.9
      vertex 110.48 -46.7556 3.9
      vertex 110.116 -46.592 3.9
    endloop
  endfacet
  facet normal 0.91148 0.411345 -4.0281e-18
    outer loop
      vertex 108.728 -45.2036 5.9
      vertex 108.564 -44.8402 3.9
      vertex 108.564 -44.8402 5.9
    endloop
  endfacet
  facet normal 0.91148 0.411345 -4.0281e-18
    outer loop
      vertex 108.564 -44.8402 3.9
      vertex 108.728 -45.2036 5.9
      vertex 108.728 -45.2036 3.9
    endloop
  endfacet
  facet normal 0.983539 0.180696 -9.99113e-19
    outer loop
      vertex 108.446 -44.4597 5.9
      vertex 108.374 -44.0678 3.9
      vertex 108.374 -44.0678 5.9
    endloop
  endfacet
  facet normal 0.983539 0.180696 -9.99113e-19
    outer loop
      vertex 108.374 -44.0678 3.9
      vertex 108.446 -44.4597 5.9
      vertex 108.446 -44.4597 3.9
    endloop
  endfacet
  facet normal 0.786901 0.617079 -7.69156e-18
    outer loop
      vertex 109.18 -45.8583 5.9
      vertex 108.934 -45.5446 3.9
      vertex 108.934 -45.5446 5.9
    endloop
  endfacet
  facet normal 0.786901 0.617079 -7.69156e-18
    outer loop
      vertex 108.934 -45.5446 3.9
      vertex 109.18 -45.8583 5.9
      vertex 109.18 -45.8583 3.9
    endloop
  endfacet
  facet normal 0.706856 0.707358 5.92356e-18
    outer loop
      vertex 109.462 -46.1401 5.9
      vertex 109.18 -45.8583 3.9
      vertex 109.18 -45.8583 5.9
    endloop
  endfacet
  facet normal 0.706856 0.707358 5.92356e-18
    outer loop
      vertex 109.18 -45.8583 3.9
      vertex 109.462 -46.1401 5.9
      vertex 109.462 -46.1401 3.9
    endloop
  endfacet
  facet normal -0.0604421 -0.998172 0
    outer loop
      vertex 111.65 -40.37 3.9
      vertex 112.048 -40.3941 5.9
      vertex 111.65 -40.37 5.9
    endloop
  endfacet
  facet normal -0.0604421 -0.998172 -0
    outer loop
      vertex 112.048 -40.3941 5.9
      vertex 111.65 -40.37 3.9
      vertex 112.048 -40.3941 3.9
    endloop
  endfacet
  facet normal -0.998185 0.0602223 -5.61113e-19
    outer loop
      vertex 114.926 -44.0678 3.9
      vertex 114.95 -43.67 5.9
      vertex 114.95 -43.67 3.9
    endloop
  endfacet
  facet normal -0.998185 0.0602223 -5.61113e-19
    outer loop
      vertex 114.95 -43.67 5.9
      vertex 114.926 -44.0678 3.9
      vertex 114.926 -44.0678 5.9
    endloop
  endfacet
  facet normal -0.786901 0.617079 -5.7283e-18
    outer loop
      vertex 114.12 -45.8583 3.9
      vertex 114.366 -45.5446 5.9
      vertex 114.366 -45.5446 3.9
    endloop
  endfacet
  facet normal -0.786901 0.617079 -5.7283e-18
    outer loop
      vertex 114.366 -45.5446 5.9
      vertex 114.12 -45.8583 3.9
      vertex 114.12 -45.8583 5.9
    endloop
  endfacet
  facet normal -0.617466 0.786597 0
    outer loop
      vertex 113.838 -46.1401 3.9
      vertex 113.525 -46.3858 5.9
      vertex 113.838 -46.1401 5.9
    endloop
  endfacet
  facet normal -0.617466 0.786597 0
    outer loop
      vertex 113.525 -46.3858 5.9
      vertex 113.838 -46.1401 3.9
      vertex 113.525 -46.3858 3.9
    endloop
  endfacet
  facet normal -0.955125 0.296202 3.52526e-18
    outer loop
      vertex 114.736 -44.8402 3.9
      vertex 114.854 -44.4597 5.9
      vertex 114.854 -44.4597 3.9
    endloop
  endfacet
  facet normal -0.955125 0.296202 3.52526e-18
    outer loop
      vertex 114.854 -44.4597 5.9
      vertex 114.736 -44.8402 3.9
      vertex 114.736 -44.8402 5.9
    endloop
  endfacet
  facet normal 0.180166 0.983636 -0
    outer loop
      vertex 111.252 -46.9459 3.9
      vertex 110.86 -46.8741 5.9
      vertex 111.252 -46.9459 5.9
    endloop
  endfacet
  facet normal 0.180166 0.983636 0
    outer loop
      vertex 110.86 -46.8741 5.9
      vertex 111.252 -46.9459 3.9
      vertex 110.86 -46.8741 3.9
    endloop
  endfacet
  facet normal 0.517445 0.855716 -0
    outer loop
      vertex 110.116 -46.592 3.9
      vertex 109.775 -46.3858 5.9
      vertex 110.116 -46.592 5.9
    endloop
  endfacet
  facet normal 0.517445 0.855716 0
    outer loop
      vertex 109.775 -46.3858 5.9
      vertex 110.116 -46.592 3.9
      vertex 109.775 -46.3858 3.9
    endloop
  endfacet
  facet normal -0.617466 -0.786597 0
    outer loop
      vertex 131.525 -40.9542 3.9
      vertex 131.838 -41.1999 5.9
      vertex 131.525 -40.9542 5.9
    endloop
  endfacet
  facet normal -0.617466 -0.786597 -0
    outer loop
      vertex 131.838 -41.1999 5.9
      vertex 131.525 -40.9542 3.9
      vertex 131.838 -41.1999 3.9
    endloop
  endfacet
  facet normal 0.297703 0.954659 -0
    outer loop
      vertex 128.86 -46.8741 3.9
      vertex 128.48 -46.7556 5.9
      vertex 128.86 -46.8741 5.9
    endloop
  endfacet
  facet normal 0.297703 0.954659 0
    outer loop
      vertex 128.48 -46.7556 5.9
      vertex 128.86 -46.8741 3.9
      vertex 128.48 -46.7556 3.9
    endloop
  endfacet
  facet normal -0.517445 -0.855716 0
    outer loop
      vertex 131.184 -40.748 3.9
      vertex 131.525 -40.9542 5.9
      vertex 131.184 -40.748 5.9
    endloop
  endfacet
  facet normal -0.517445 -0.855716 -0
    outer loop
      vertex 131.525 -40.9542 5.9
      vertex 131.184 -40.748 3.9
      vertex 131.525 -40.9542 3.9
    endloop
  endfacet
  facet normal 0.409948 -0.912109 0
    outer loop
      vertex 128.116 -40.748 3.9
      vertex 128.48 -40.5844 5.9
      vertex 128.116 -40.748 5.9
    endloop
  endfacet
  facet normal 0.409948 -0.912109 0
    outer loop
      vertex 128.48 -40.5844 5.9
      vertex 128.116 -40.748 3.9
      vertex 128.48 -40.5844 3.9
    endloop
  endfacet
  facet normal 0.955125 -0.296202 2.06242e-18
    outer loop
      vertex 126.446 -42.8803 5.9
      vertex 126.564 -42.4998 3.9
      vertex 126.564 -42.4998 5.9
    endloop
  endfacet
  facet normal 0.955125 -0.296202 2.06242e-18
    outer loop
      vertex 126.564 -42.4998 3.9
      vertex 126.446 -42.8803 5.9
      vertex 126.446 -42.8803 3.9
    endloop
  endfacet
  facet normal 0.855939 0.517077 4.31178e-18
    outer loop
      vertex 126.934 -45.5446 5.9
      vertex 126.728 -45.2036 3.9
      vertex 126.728 -45.2036 5.9
    endloop
  endfacet
  facet normal 0.855939 0.517077 4.31178e-18
    outer loop
      vertex 126.728 -45.2036 3.9
      vertex 126.934 -45.5446 5.9
      vertex 126.934 -45.5446 3.9
    endloop
  endfacet
  facet normal -0.955125 -0.296202 2.53444e-18
    outer loop
      vertex 132.854 -42.8803 3.9
      vertex 132.736 -42.4998 5.9
      vertex 132.736 -42.4998 3.9
    endloop
  endfacet
  facet normal -0.955125 -0.296202 2.53444e-18
    outer loop
      vertex 132.736 -42.4998 5.9
      vertex 132.854 -42.8803 3.9
      vertex 132.854 -42.8803 5.9
    endloop
  endfacet
  facet normal -0.855939 -0.517077 1.11409e-18
    outer loop
      vertex 132.572 -42.1364 3.9
      vertex 132.366 -41.7954 5.9
      vertex 132.366 -41.7954 3.9
    endloop
  endfacet
  facet normal -0.855939 -0.517077 1.11409e-18
    outer loop
      vertex 132.366 -41.7954 5.9
      vertex 132.572 -42.1364 3.9
      vertex 132.572 -42.1364 5.9
    endloop
  endfacet
  facet normal -0.786901 -0.617079 -8.52446e-18
    outer loop
      vertex 132.366 -41.7954 3.9
      vertex 132.12 -41.4817 5.9
      vertex 132.12 -41.4817 3.9
    endloop
  endfacet
  facet normal -0.786901 -0.617079 -8.52446e-18
    outer loop
      vertex 132.12 -41.4817 5.9
      vertex 132.366 -41.7954 3.9
      vertex 132.366 -41.7954 5.9
    endloop
  endfacet
  facet normal -0.409948 -0.912109 0
    outer loop
      vertex 130.82 -40.5844 3.9
      vertex 131.184 -40.748 5.9
      vertex 130.82 -40.5844 5.9
    endloop
  endfacet
  facet normal -0.409948 -0.912109 -0
    outer loop
      vertex 131.184 -40.748 5.9
      vertex 130.82 -40.5844 3.9
      vertex 131.184 -40.748 3.9
    endloop
  endfacet
  facet normal 0.998185 -0.0602223 9.54318e-19
    outer loop
      vertex 126.35 -43.67 5.9
      vertex 126.374 -43.2722 3.9
      vertex 126.374 -43.2722 5.9
    endloop
  endfacet
  facet normal 0.998185 -0.0602223 9.54318e-19
    outer loop
      vertex 126.374 -43.2722 3.9
      vertex 126.35 -43.67 5.9
      vertex 126.35 -43.67 3.9
    endloop
  endfacet
  facet normal 0.855939 -0.517077 -4.31178e-18
    outer loop
      vertex 126.728 -42.1364 5.9
      vertex 126.934 -41.7954 3.9
      vertex 126.934 -41.7954 5.9
    endloop
  endfacet
  facet normal 0.855939 -0.517077 -4.31178e-18
    outer loop
      vertex 126.934 -41.7954 3.9
      vertex 126.728 -42.1364 5.9
      vertex 126.728 -42.1364 3.9
    endloop
  endfacet
  facet normal 0.706856 -0.707358 -5.92356e-18
    outer loop
      vertex 127.18 -41.4817 5.9
      vertex 127.462 -41.1999 3.9
      vertex 127.462 -41.1999 5.9
    endloop
  endfacet
  facet normal 0.706856 -0.707358 -5.92356e-18
    outer loop
      vertex 127.462 -41.1999 3.9
      vertex 127.18 -41.4817 5.9
      vertex 127.18 -41.4817 3.9
    endloop
  endfacet
  facet normal -0.998185 -0.0602223 -9.54318e-19
    outer loop
      vertex 132.95 -43.67 3.9
      vertex 132.926 -43.2722 5.9
      vertex 132.926 -43.2722 3.9
    endloop
  endfacet
  facet normal -0.998185 -0.0602223 -9.54318e-19
    outer loop
      vertex 132.926 -43.2722 5.9
      vertex 132.95 -43.67 3.9
      vertex 132.95 -43.67 5.9
    endloop
  endfacet
  facet normal -0.409948 0.912109 0
    outer loop
      vertex 131.184 -46.592 3.9
      vertex 130.82 -46.7556 5.9
      vertex 131.184 -46.592 5.9
    endloop
  endfacet
  facet normal -0.409948 0.912109 0
    outer loop
      vertex 130.82 -46.7556 5.9
      vertex 131.184 -46.592 3.9
      vertex 130.82 -46.7556 3.9
    endloop
  endfacet
  facet normal -0.955125 0.296202 -1.07161e-18
    outer loop
      vertex 132.736 -44.8402 3.9
      vertex 132.854 -44.4597 5.9
      vertex 132.854 -44.4597 3.9
    endloop
  endfacet
  facet normal -0.955125 0.296202 -1.07161e-18
    outer loop
      vertex 132.854 -44.4597 5.9
      vertex 132.736 -44.8402 3.9
      vertex 132.736 -44.8402 5.9
    endloop
  endfacet
  facet normal -0.786901 0.617079 7.69156e-18
    outer loop
      vertex 132.12 -45.8583 3.9
      vertex 132.366 -45.5446 5.9
      vertex 132.366 -45.5446 3.9
    endloop
  endfacet
  facet normal -0.786901 0.617079 7.69156e-18
    outer loop
      vertex 132.366 -45.5446 5.9
      vertex 132.12 -45.8583 3.9
      vertex 132.12 -45.8583 5.9
    endloop
  endfacet
  facet normal -0.855939 0.517077 -1.11409e-18
    outer loop
      vertex 132.366 -45.5446 3.9
      vertex 132.572 -45.2036 5.9
      vertex 132.572 -45.2036 3.9
    endloop
  endfacet
  facet normal -0.855939 0.517077 -1.11409e-18
    outer loop
      vertex 132.572 -45.2036 5.9
      vertex 132.366 -45.5446 3.9
      vertex 132.366 -45.5446 5.9
    endloop
  endfacet
  facet normal 0.517445 0.855716 -0
    outer loop
      vertex 128.116 -46.592 3.9
      vertex 127.775 -46.3858 5.9
      vertex 128.116 -46.592 5.9
    endloop
  endfacet
  facet normal 0.517445 0.855716 0
    outer loop
      vertex 127.775 -46.3858 5.9
      vertex 128.116 -46.592 3.9
      vertex 127.775 -46.3858 3.9
    endloop
  endfacet
  facet normal 0.955125 0.296202 -3.52526e-18
    outer loop
      vertex 126.564 -44.8402 5.9
      vertex 126.446 -44.4597 3.9
      vertex 126.446 -44.4597 5.9
    endloop
  endfacet
  facet normal 0.955125 0.296202 -3.52526e-18
    outer loop
      vertex 126.446 -44.4597 3.9
      vertex 126.564 -44.8402 5.9
      vertex 126.564 -44.8402 3.9
    endloop
  endfacet
  facet normal -0.983539 -0.180696 1.41789e-18
    outer loop
      vertex 132.926 -43.2722 3.9
      vertex 132.854 -42.8803 5.9
      vertex 132.854 -42.8803 3.9
    endloop
  endfacet
  facet normal -0.983539 -0.180696 1.41789e-18
    outer loop
      vertex 132.854 -42.8803 5.9
      vertex 132.926 -43.2722 3.9
      vertex 132.926 -43.2722 5.9
    endloop
  endfacet
  facet normal -0.91148 -0.411345 2.55793e-18
    outer loop
      vertex 132.736 -42.4998 3.9
      vertex 132.572 -42.1364 5.9
      vertex 132.572 -42.1364 3.9
    endloop
  endfacet
  facet normal -0.91148 -0.411345 2.55793e-18
    outer loop
      vertex 132.572 -42.1364 5.9
      vertex 132.736 -42.4998 3.9
      vertex 132.736 -42.4998 5.9
    endloop
  endfacet
  facet normal -0.706856 -0.707358 -1.68273e-18
    outer loop
      vertex 132.12 -41.4817 3.9
      vertex 131.838 -41.1999 5.9
      vertex 131.838 -41.1999 3.9
    endloop
  endfacet
  facet normal -0.706856 -0.707358 -1.68273e-18
    outer loop
      vertex 131.838 -41.1999 5.9
      vertex 132.12 -41.4817 3.9
      vertex 132.12 -41.4817 5.9
    endloop
  endfacet
  facet normal 0.0604421 -0.998172 0
    outer loop
      vertex 129.252 -40.3941 3.9
      vertex 129.65 -40.37 5.9
      vertex 129.252 -40.3941 5.9
    endloop
  endfacet
  facet normal 0.0604421 -0.998172 0
    outer loop
      vertex 129.65 -40.37 5.9
      vertex 129.252 -40.3941 3.9
      vertex 129.65 -40.37 3.9
    endloop
  endfacet
  facet normal -0.180166 -0.983636 0
    outer loop
      vertex 130.048 -40.3941 3.9
      vertex 130.44 -40.4659 5.9
      vertex 130.048 -40.3941 5.9
    endloop
  endfacet
  facet normal -0.180166 -0.983636 -0
    outer loop
      vertex 130.44 -40.4659 5.9
      vertex 130.048 -40.3941 3.9
      vertex 130.44 -40.4659 3.9
    endloop
  endfacet
  facet normal 0.998185 0.0602223 5.61113e-19
    outer loop
      vertex 126.374 -44.0678 5.9
      vertex 126.35 -43.67 3.9
      vertex 126.35 -43.67 5.9
    endloop
  endfacet
  facet normal 0.998185 0.0602223 5.61113e-19
    outer loop
      vertex 126.35 -43.67 3.9
      vertex 126.374 -44.0678 5.9
      vertex 126.374 -44.0678 3.9
    endloop
  endfacet
  facet normal 0.983539 -0.180696 9.99113e-19
    outer loop
      vertex 126.374 -43.2722 5.9
      vertex 126.446 -42.8803 3.9
      vertex 126.446 -42.8803 5.9
    endloop
  endfacet
  facet normal 0.983539 -0.180696 9.99113e-19
    outer loop
      vertex 126.446 -42.8803 3.9
      vertex 126.374 -43.2722 5.9
      vertex 126.374 -43.2722 3.9
    endloop
  endfacet
  facet normal 0.91148 -0.411345 4.0281e-18
    outer loop
      vertex 126.564 -42.4998 5.9
      vertex 126.728 -42.1364 3.9
      vertex 126.728 -42.1364 5.9
    endloop
  endfacet
  facet normal 0.91148 -0.411345 4.0281e-18
    outer loop
      vertex 126.728 -42.1364 3.9
      vertex 126.564 -42.4998 5.9
      vertex 126.564 -42.4998 3.9
    endloop
  endfacet
  facet normal 0.180166 -0.983636 0
    outer loop
      vertex 128.86 -40.4659 3.9
      vertex 129.252 -40.3941 5.9
      vertex 128.86 -40.4659 5.9
    endloop
  endfacet
  facet normal 0.180166 -0.983636 0
    outer loop
      vertex 129.252 -40.3941 5.9
      vertex 128.86 -40.4659 3.9
      vertex 129.252 -40.3941 3.9
    endloop
  endfacet
  facet normal 0.297703 -0.954659 0
    outer loop
      vertex 128.48 -40.5844 3.9
      vertex 128.86 -40.4659 5.9
      vertex 128.48 -40.5844 5.9
    endloop
  endfacet
  facet normal 0.297703 -0.954659 0
    outer loop
      vertex 128.86 -40.4659 5.9
      vertex 128.48 -40.5844 3.9
      vertex 128.86 -40.4659 3.9
    endloop
  endfacet
  facet normal 0.517445 -0.855716 0
    outer loop
      vertex 127.775 -40.9542 3.9
      vertex 128.116 -40.748 5.9
      vertex 127.775 -40.9542 5.9
    endloop
  endfacet
  facet normal 0.517445 -0.855716 0
    outer loop
      vertex 128.116 -40.748 5.9
      vertex 127.775 -40.9542 3.9
      vertex 128.116 -40.748 3.9
    endloop
  endfacet
  facet normal 0.617466 -0.786597 0
    outer loop
      vertex 127.462 -41.1999 3.9
      vertex 127.775 -40.9542 5.9
      vertex 127.462 -41.1999 5.9
    endloop
  endfacet
  facet normal 0.617466 -0.786597 0
    outer loop
      vertex 127.775 -40.9542 5.9
      vertex 127.462 -41.1999 3.9
      vertex 127.775 -40.9542 3.9
    endloop
  endfacet
  facet normal 0.786901 -0.617079 8.52446e-18
    outer loop
      vertex 126.934 -41.7954 5.9
      vertex 127.18 -41.4817 3.9
      vertex 127.18 -41.4817 5.9
    endloop
  endfacet
  facet normal 0.786901 -0.617079 8.52446e-18
    outer loop
      vertex 127.18 -41.4817 3.9
      vertex 126.934 -41.7954 5.9
      vertex 126.934 -41.7954 3.9
    endloop
  endfacet
  facet normal -0.998185 0.0602223 -5.61113e-19
    outer loop
      vertex 132.926 -44.0678 3.9
      vertex 132.95 -43.67 5.9
      vertex 132.95 -43.67 3.9
    endloop
  endfacet
  facet normal -0.998185 0.0602223 -5.61113e-19
    outer loop
      vertex 132.95 -43.67 5.9
      vertex 132.926 -44.0678 3.9
      vertex 132.926 -44.0678 5.9
    endloop
  endfacet
  facet normal -0.983539 0.180696 -1.41789e-18
    outer loop
      vertex 132.854 -44.4597 3.9
      vertex 132.926 -44.0678 5.9
      vertex 132.926 -44.0678 3.9
    endloop
  endfacet
  facet normal -0.983539 0.180696 -1.41789e-18
    outer loop
      vertex 132.926 -44.0678 5.9
      vertex 132.854 -44.4597 3.9
      vertex 132.854 -44.4597 5.9
    endloop
  endfacet
  facet normal -0.180166 0.983636 0
    outer loop
      vertex 130.44 -46.8741 3.9
      vertex 130.048 -46.9459 5.9
      vertex 130.44 -46.8741 5.9
    endloop
  endfacet
  facet normal -0.180166 0.983636 0
    outer loop
      vertex 130.048 -46.9459 5.9
      vertex 130.44 -46.8741 3.9
      vertex 130.048 -46.9459 3.9
    endloop
  endfacet
  facet normal -0.297703 0.954659 0
    outer loop
      vertex 130.82 -46.7556 3.9
      vertex 130.44 -46.8741 5.9
      vertex 130.82 -46.7556 5.9
    endloop
  endfacet
  facet normal -0.297703 0.954659 0
    outer loop
      vertex 130.44 -46.8741 5.9
      vertex 130.82 -46.7556 3.9
      vertex 130.44 -46.8741 3.9
    endloop
  endfacet
  facet normal -0.517445 0.855716 0
    outer loop
      vertex 131.525 -46.3858 3.9
      vertex 131.184 -46.592 5.9
      vertex 131.525 -46.3858 5.9
    endloop
  endfacet
  facet normal -0.517445 0.855716 0
    outer loop
      vertex 131.184 -46.592 5.9
      vertex 131.525 -46.3858 3.9
      vertex 131.184 -46.592 3.9
    endloop
  endfacet
  facet normal -0.706856 0.707358 0
    outer loop
      vertex 132.12 -45.8583 3.9
      vertex 131.838 -46.1401 5.9
      vertex 132.12 -45.8583 5.9
    endloop
  endfacet
  facet normal -0.706856 0.707358 0
    outer loop
      vertex 131.838 -46.1401 5.9
      vertex 132.12 -45.8583 3.9
      vertex 131.838 -46.1401 3.9
    endloop
  endfacet
  facet normal -0.617466 0.786597 0
    outer loop
      vertex 131.838 -46.1401 3.9
      vertex 131.525 -46.3858 5.9
      vertex 131.838 -46.1401 5.9
    endloop
  endfacet
  facet normal -0.617466 0.786597 0
    outer loop
      vertex 131.525 -46.3858 5.9
      vertex 131.838 -46.1401 3.9
      vertex 131.525 -46.3858 3.9
    endloop
  endfacet
  facet normal -0.91148 0.411345 -2.55793e-18
    outer loop
      vertex 132.572 -45.2036 3.9
      vertex 132.736 -44.8402 5.9
      vertex 132.736 -44.8402 3.9
    endloop
  endfacet
  facet normal -0.91148 0.411345 -2.55793e-18
    outer loop
      vertex 132.736 -44.8402 5.9
      vertex 132.572 -45.2036 3.9
      vertex 132.572 -45.2036 5.9
    endloop
  endfacet
  facet normal 0.0604421 0.998172 -0
    outer loop
      vertex 129.65 -46.97 3.9
      vertex 129.252 -46.9459 5.9
      vertex 129.65 -46.97 5.9
    endloop
  endfacet
  facet normal 0.0604421 0.998172 0
    outer loop
      vertex 129.252 -46.9459 5.9
      vertex 129.65 -46.97 3.9
      vertex 129.252 -46.9459 3.9
    endloop
  endfacet
  facet normal -0.0604421 0.998172 0
    outer loop
      vertex 130.048 -46.9459 3.9
      vertex 129.65 -46.97 5.9
      vertex 130.048 -46.9459 5.9
    endloop
  endfacet
  facet normal -0.0604421 0.998172 0
    outer loop
      vertex 129.65 -46.97 5.9
      vertex 130.048 -46.9459 3.9
      vertex 129.65 -46.97 3.9
    endloop
  endfacet
  facet normal 0.409948 0.912109 -0
    outer loop
      vertex 128.48 -46.7556 3.9
      vertex 128.116 -46.592 5.9
      vertex 128.48 -46.7556 5.9
    endloop
  endfacet
  facet normal 0.409948 0.912109 0
    outer loop
      vertex 128.116 -46.592 5.9
      vertex 128.48 -46.7556 3.9
      vertex 128.116 -46.592 3.9
    endloop
  endfacet
  facet normal 0.617466 0.786597 -0
    outer loop
      vertex 127.775 -46.3858 3.9
      vertex 127.462 -46.1401 5.9
      vertex 127.775 -46.3858 5.9
    endloop
  endfacet
  facet normal 0.617466 0.786597 0
    outer loop
      vertex 127.462 -46.1401 5.9
      vertex 127.775 -46.3858 3.9
      vertex 127.462 -46.1401 3.9
    endloop
  endfacet
  facet normal 0.91148 0.411345 -4.0281e-18
    outer loop
      vertex 126.728 -45.2036 5.9
      vertex 126.564 -44.8402 3.9
      vertex 126.564 -44.8402 5.9
    endloop
  endfacet
  facet normal 0.91148 0.411345 -4.0281e-18
    outer loop
      vertex 126.564 -44.8402 3.9
      vertex 126.728 -45.2036 5.9
      vertex 126.728 -45.2036 3.9
    endloop
  endfacet
  facet normal 0.983539 0.180696 -9.99113e-19
    outer loop
      vertex 126.446 -44.4597 5.9
      vertex 126.374 -44.0678 3.9
      vertex 126.374 -44.0678 5.9
    endloop
  endfacet
  facet normal 0.983539 0.180696 -9.99113e-19
    outer loop
      vertex 126.374 -44.0678 3.9
      vertex 126.446 -44.4597 5.9
      vertex 126.446 -44.4597 3.9
    endloop
  endfacet
  facet normal 0.786901 0.617079 -7.69156e-18
    outer loop
      vertex 127.18 -45.8583 5.9
      vertex 126.934 -45.5446 3.9
      vertex 126.934 -45.5446 5.9
    endloop
  endfacet
  facet normal 0.786901 0.617079 -7.69156e-18
    outer loop
      vertex 126.934 -45.5446 3.9
      vertex 127.18 -45.8583 5.9
      vertex 127.18 -45.8583 3.9
    endloop
  endfacet
  facet normal 0.706856 0.707358 5.92356e-18
    outer loop
      vertex 127.462 -46.1401 5.9
      vertex 127.18 -45.8583 3.9
      vertex 127.18 -45.8583 5.9
    endloop
  endfacet
  facet normal 0.706856 0.707358 5.92356e-18
    outer loop
      vertex 127.18 -45.8583 3.9
      vertex 127.462 -46.1401 5.9
      vertex 127.462 -46.1401 3.9
    endloop
  endfacet
  facet normal -0.0604421 -0.998172 0
    outer loop
      vertex 129.65 -40.37 3.9
      vertex 130.048 -40.3941 5.9
      vertex 129.65 -40.37 5.9
    endloop
  endfacet
  facet normal -0.0604421 -0.998172 -0
    outer loop
      vertex 130.048 -40.3941 5.9
      vertex 129.65 -40.37 3.9
      vertex 130.048 -40.3941 3.9
    endloop
  endfacet
  facet normal -0.297703 -0.954659 0
    outer loop
      vertex 130.44 -40.4659 3.9
      vertex 130.82 -40.5844 5.9
      vertex 130.44 -40.4659 5.9
    endloop
  endfacet
  facet normal -0.297703 -0.954659 -0
    outer loop
      vertex 130.82 -40.5844 5.9
      vertex 130.44 -40.4659 3.9
      vertex 130.82 -40.5844 3.9
    endloop
  endfacet
  facet normal 0.180166 0.983636 -0
    outer loop
      vertex 129.252 -46.9459 3.9
      vertex 128.86 -46.8741 5.9
      vertex 129.252 -46.9459 5.9
    endloop
  endfacet
  facet normal 0.180166 0.983636 0
    outer loop
      vertex 128.86 -46.8741 5.9
      vertex 129.252 -46.9459 3.9
      vertex 128.86 -46.8741 3.9
    endloop
  endfacet
  facet normal 0.297703 0.954659 -0
    outer loop
      vertex 146.86 -46.8741 3.9
      vertex 146.48 -46.7556 5.9
      vertex 146.86 -46.8741 5.9
    endloop
  endfacet
  facet normal 0.297703 0.954659 0
    outer loop
      vertex 146.48 -46.7556 5.9
      vertex 146.86 -46.8741 3.9
      vertex 146.48 -46.7556 3.9
    endloop
  endfacet
  facet normal -0.517445 -0.855716 0
    outer loop
      vertex 149.184 -40.748 3.9
      vertex 149.525 -40.9542 5.9
      vertex 149.184 -40.748 5.9
    endloop
  endfacet
  facet normal -0.517445 -0.855716 -0
    outer loop
      vertex 149.525 -40.9542 5.9
      vertex 149.184 -40.748 3.9
      vertex 149.525 -40.9542 3.9
    endloop
  endfacet
  facet normal 0.409948 -0.912109 0
    outer loop
      vertex 146.116 -40.748 3.9
      vertex 146.48 -40.5844 5.9
      vertex 146.116 -40.748 5.9
    endloop
  endfacet
  facet normal 0.409948 -0.912109 0
    outer loop
      vertex 146.48 -40.5844 5.9
      vertex 146.116 -40.748 3.9
      vertex 146.48 -40.5844 3.9
    endloop
  endfacet
  facet normal 0.955125 -0.296202 2.06242e-18
    outer loop
      vertex 144.446 -42.8803 5.9
      vertex 144.564 -42.4998 3.9
      vertex 144.564 -42.4998 5.9
    endloop
  endfacet
  facet normal 0.955125 -0.296202 2.06242e-18
    outer loop
      vertex 144.564 -42.4998 3.9
      vertex 144.446 -42.8803 5.9
      vertex 144.446 -42.8803 3.9
    endloop
  endfacet
  facet normal 0.855939 0.517077 1.11409e-18
    outer loop
      vertex 144.934 -45.5446 5.9
      vertex 144.728 -45.2036 3.9
      vertex 144.728 -45.2036 5.9
    endloop
  endfacet
  facet normal 0.855939 0.517077 1.11409e-18
    outer loop
      vertex 144.728 -45.2036 3.9
      vertex 144.934 -45.5446 5.9
      vertex 144.934 -45.5446 3.9
    endloop
  endfacet
  facet normal -0.983539 -0.180696 1.41789e-18
    outer loop
      vertex 150.926 -43.2722 3.9
      vertex 150.854 -42.8803 5.9
      vertex 150.854 -42.8803 3.9
    endloop
  endfacet
  facet normal -0.983539 -0.180696 1.41789e-18
    outer loop
      vertex 150.854 -42.8803 5.9
      vertex 150.926 -43.2722 3.9
      vertex 150.926 -43.2722 5.9
    endloop
  endfacet
  facet normal -0.955125 -0.296202 2.53444e-18
    outer loop
      vertex 150.854 -42.8803 3.9
      vertex 150.736 -42.4998 5.9
      vertex 150.736 -42.4998 3.9
    endloop
  endfacet
  facet normal -0.955125 -0.296202 2.53444e-18
    outer loop
      vertex 150.736 -42.4998 5.9
      vertex 150.854 -42.8803 3.9
      vertex 150.854 -42.8803 5.9
    endloop
  endfacet
  facet normal -0.855939 -0.517077 1.11409e-18
    outer loop
      vertex 150.572 -42.1364 3.9
      vertex 150.366 -41.7954 5.9
      vertex 150.366 -41.7954 3.9
    endloop
  endfacet
  facet normal -0.855939 -0.517077 1.11409e-18
    outer loop
      vertex 150.366 -41.7954 5.9
      vertex 150.572 -42.1364 3.9
      vertex 150.572 -42.1364 5.9
    endloop
  endfacet
  facet normal -0.786901 -0.617079 -8.52446e-18
    outer loop
      vertex 150.366 -41.7954 3.9
      vertex 150.12 -41.4817 5.9
      vertex 150.12 -41.4817 3.9
    endloop
  endfacet
  facet normal -0.786901 -0.617079 -8.52446e-18
    outer loop
      vertex 150.12 -41.4817 5.9
      vertex 150.366 -41.7954 3.9
      vertex 150.366 -41.7954 5.9
    endloop
  endfacet
  facet normal -0.409948 -0.912109 0
    outer loop
      vertex 148.82 -40.5844 3.9
      vertex 149.184 -40.748 5.9
      vertex 148.82 -40.5844 5.9
    endloop
  endfacet
  facet normal -0.409948 -0.912109 -0
    outer loop
      vertex 149.184 -40.748 5.9
      vertex 148.82 -40.5844 3.9
      vertex 149.184 -40.748 3.9
    endloop
  endfacet
  facet normal 0.998185 -0.0602223 9.54318e-19
    outer loop
      vertex 144.35 -43.67 5.9
      vertex 144.374 -43.2722 3.9
      vertex 144.374 -43.2722 5.9
    endloop
  endfacet
  facet normal 0.998185 -0.0602223 9.54318e-19
    outer loop
      vertex 144.374 -43.2722 3.9
      vertex 144.35 -43.67 5.9
      vertex 144.35 -43.67 3.9
    endloop
  endfacet
  facet normal 0.855939 -0.517077 -1.11409e-18
    outer loop
      vertex 144.728 -42.1364 5.9
      vertex 144.934 -41.7954 3.9
      vertex 144.934 -41.7954 5.9
    endloop
  endfacet
  facet normal 0.855939 -0.517077 -1.11409e-18
    outer loop
      vertex 144.934 -41.7954 3.9
      vertex 144.728 -42.1364 5.9
      vertex 144.728 -42.1364 3.9
    endloop
  endfacet
  facet normal 0.706856 -0.707358 3.87539e-18
    outer loop
      vertex 145.18 -41.4817 5.9
      vertex 145.462 -41.1999 3.9
      vertex 145.462 -41.1999 5.9
    endloop
  endfacet
  facet normal 0.706856 -0.707358 3.87539e-18
    outer loop
      vertex 145.462 -41.1999 3.9
      vertex 145.18 -41.4817 5.9
      vertex 145.18 -41.4817 3.9
    endloop
  endfacet
  facet normal -0.998185 -0.0602223 -9.54318e-19
    outer loop
      vertex 150.95 -43.67 3.9
      vertex 150.926 -43.2722 5.9
      vertex 150.926 -43.2722 3.9
    endloop
  endfacet
  facet normal -0.998185 -0.0602223 -9.54318e-19
    outer loop
      vertex 150.926 -43.2722 5.9
      vertex 150.95 -43.67 3.9
      vertex 150.95 -43.67 5.9
    endloop
  endfacet
  facet normal -0.409948 0.912109 0
    outer loop
      vertex 149.184 -46.592 3.9
      vertex 148.82 -46.7556 5.9
      vertex 149.184 -46.592 5.9
    endloop
  endfacet
  facet normal -0.409948 0.912109 0
    outer loop
      vertex 148.82 -46.7556 5.9
      vertex 149.184 -46.592 3.9
      vertex 148.82 -46.7556 3.9
    endloop
  endfacet
  facet normal -0.955125 0.296202 -1.07161e-18
    outer loop
      vertex 150.736 -44.8402 3.9
      vertex 150.854 -44.4597 5.9
      vertex 150.854 -44.4597 3.9
    endloop
  endfacet
  facet normal -0.955125 0.296202 -1.07161e-18
    outer loop
      vertex 150.854 -44.4597 5.9
      vertex 150.736 -44.8402 3.9
      vertex 150.736 -44.8402 5.9
    endloop
  endfacet
  facet normal -0.786901 0.617079 7.69156e-18
    outer loop
      vertex 150.12 -45.8583 3.9
      vertex 150.366 -45.5446 5.9
      vertex 150.366 -45.5446 3.9
    endloop
  endfacet
  facet normal -0.786901 0.617079 7.69156e-18
    outer loop
      vertex 150.366 -45.5446 5.9
      vertex 150.12 -45.8583 3.9
      vertex 150.12 -45.8583 5.9
    endloop
  endfacet
  facet normal -0.855939 0.517077 -1.11409e-18
    outer loop
      vertex 150.366 -45.5446 3.9
      vertex 150.572 -45.2036 5.9
      vertex 150.572 -45.2036 3.9
    endloop
  endfacet
  facet normal -0.855939 0.517077 -1.11409e-18
    outer loop
      vertex 150.572 -45.2036 5.9
      vertex 150.366 -45.5446 3.9
      vertex 150.366 -45.5446 5.9
    endloop
  endfacet
  facet normal 0.517445 0.855716 -0
    outer loop
      vertex 146.116 -46.592 3.9
      vertex 145.775 -46.3858 5.9
      vertex 146.116 -46.592 5.9
    endloop
  endfacet
  facet normal 0.517445 0.855716 0
    outer loop
      vertex 145.775 -46.3858 5.9
      vertex 146.116 -46.592 3.9
      vertex 145.775 -46.3858 3.9
    endloop
  endfacet
  facet normal 0.955125 0.296202 -3.52526e-18
    outer loop
      vertex 144.564 -44.8402 5.9
      vertex 144.446 -44.4597 3.9
      vertex 144.446 -44.4597 5.9
    endloop
  endfacet
  facet normal 0.955125 0.296202 -3.52526e-18
    outer loop
      vertex 144.446 -44.4597 3.9
      vertex 144.564 -44.8402 5.9
      vertex 144.564 -44.8402 3.9
    endloop
  endfacet
  facet normal -0.91148 -0.411345 2.55793e-18
    outer loop
      vertex 150.736 -42.4998 3.9
      vertex 150.572 -42.1364 5.9
      vertex 150.572 -42.1364 3.9
    endloop
  endfacet
  facet normal -0.91148 -0.411345 2.55793e-18
    outer loop
      vertex 150.572 -42.1364 5.9
      vertex 150.736 -42.4998 3.9
      vertex 150.736 -42.4998 5.9
    endloop
  endfacet
  facet normal -0.706856 -0.707358 -1.68273e-18
    outer loop
      vertex 150.12 -41.4817 3.9
      vertex 149.838 -41.1999 5.9
      vertex 149.838 -41.1999 3.9
    endloop
  endfacet
  facet normal -0.706856 -0.707358 -1.68273e-18
    outer loop
      vertex 149.838 -41.1999 5.9
      vertex 150.12 -41.4817 3.9
      vertex 150.12 -41.4817 5.9
    endloop
  endfacet
  facet normal 0.0604421 -0.998172 0
    outer loop
      vertex 147.252 -40.3941 3.9
      vertex 147.65 -40.37 5.9
      vertex 147.252 -40.3941 5.9
    endloop
  endfacet
  facet normal 0.0604421 -0.998172 0
    outer loop
      vertex 147.65 -40.37 5.9
      vertex 147.252 -40.3941 3.9
      vertex 147.65 -40.37 3.9
    endloop
  endfacet
  facet normal -0.180166 -0.983636 0
    outer loop
      vertex 148.048 -40.3941 3.9
      vertex 148.44 -40.4659 5.9
      vertex 148.048 -40.3941 5.9
    endloop
  endfacet
  facet normal -0.180166 -0.983636 -0
    outer loop
      vertex 148.44 -40.4659 5.9
      vertex 148.048 -40.3941 3.9
      vertex 148.44 -40.4659 3.9
    endloop
  endfacet
  facet normal 0.998185 0.0602223 5.61113e-19
    outer loop
      vertex 144.374 -44.0678 5.9
      vertex 144.35 -43.67 3.9
      vertex 144.35 -43.67 5.9
    endloop
  endfacet
  facet normal 0.998185 0.0602223 5.61113e-19
    outer loop
      vertex 144.35 -43.67 3.9
      vertex 144.374 -44.0678 5.9
      vertex 144.374 -44.0678 3.9
    endloop
  endfacet
  facet normal 0.983539 -0.180696 9.99113e-19
    outer loop
      vertex 144.374 -43.2722 5.9
      vertex 144.446 -42.8803 3.9
      vertex 144.446 -42.8803 5.9
    endloop
  endfacet
  facet normal 0.983539 -0.180696 9.99113e-19
    outer loop
      vertex 144.446 -42.8803 3.9
      vertex 144.374 -43.2722 5.9
      vertex 144.374 -43.2722 3.9
    endloop
  endfacet
  facet normal 0.91148 -0.411345 1.91208e-18
    outer loop
      vertex 144.564 -42.4998 5.9
      vertex 144.728 -42.1364 3.9
      vertex 144.728 -42.1364 5.9
    endloop
  endfacet
  facet normal 0.91148 -0.411345 1.91208e-18
    outer loop
      vertex 144.728 -42.1364 3.9
      vertex 144.564 -42.4998 5.9
      vertex 144.564 -42.4998 3.9
    endloop
  endfacet
  facet normal 0.180166 -0.983636 0
    outer loop
      vertex 146.86 -40.4659 3.9
      vertex 147.252 -40.3941 5.9
      vertex 146.86 -40.4659 5.9
    endloop
  endfacet
  facet normal 0.180166 -0.983636 0
    outer loop
      vertex 147.252 -40.3941 5.9
      vertex 146.86 -40.4659 3.9
      vertex 147.252 -40.3941 3.9
    endloop
  endfacet
  facet normal 0.297703 -0.954659 0
    outer loop
      vertex 146.48 -40.5844 3.9
      vertex 146.86 -40.4659 5.9
      vertex 146.48 -40.5844 5.9
    endloop
  endfacet
  facet normal 0.297703 -0.954659 0
    outer loop
      vertex 146.86 -40.4659 5.9
      vertex 146.48 -40.5844 3.9
      vertex 146.86 -40.4659 3.9
    endloop
  endfacet
  facet normal 0.517445 -0.855716 0
    outer loop
      vertex 145.775 -40.9542 3.9
      vertex 146.116 -40.748 5.9
      vertex 145.775 -40.9542 5.9
    endloop
  endfacet
  facet normal 0.517445 -0.855716 0
    outer loop
      vertex 146.116 -40.748 5.9
      vertex 145.775 -40.9542 3.9
      vertex 146.116 -40.748 3.9
    endloop
  endfacet
  facet normal 0.617466 -0.786597 0
    outer loop
      vertex 145.462 -41.1999 3.9
      vertex 145.775 -40.9542 5.9
      vertex 145.462 -41.1999 5.9
    endloop
  endfacet
  facet normal 0.617466 -0.786597 0
    outer loop
      vertex 145.775 -40.9542 5.9
      vertex 145.462 -41.1999 3.9
      vertex 145.775 -40.9542 3.9
    endloop
  endfacet
  facet normal 0.786901 -0.617079 8.52446e-18
    outer loop
      vertex 144.934 -41.7954 5.9
      vertex 145.18 -41.4817 3.9
      vertex 145.18 -41.4817 5.9
    endloop
  endfacet
  facet normal 0.786901 -0.617079 8.52446e-18
    outer loop
      vertex 145.18 -41.4817 3.9
      vertex 144.934 -41.7954 5.9
      vertex 144.934 -41.7954 3.9
    endloop
  endfacet
  facet normal -0.998185 0.0602223 -5.61113e-19
    outer loop
      vertex 150.926 -44.0678 3.9
      vertex 150.95 -43.67 5.9
      vertex 150.95 -43.67 3.9
    endloop
  endfacet
  facet normal -0.998185 0.0602223 -5.61113e-19
    outer loop
      vertex 150.95 -43.67 5.9
      vertex 150.926 -44.0678 3.9
      vertex 150.926 -44.0678 5.9
    endloop
  endfacet
  facet normal -0.983539 0.180696 -1.41789e-18
    outer loop
      vertex 150.854 -44.4597 3.9
      vertex 150.926 -44.0678 5.9
      vertex 150.926 -44.0678 3.9
    endloop
  endfacet
  facet normal -0.983539 0.180696 -1.41789e-18
    outer loop
      vertex 150.926 -44.0678 5.9
      vertex 150.854 -44.4597 3.9
      vertex 150.854 -44.4597 5.9
    endloop
  endfacet
  facet normal -0.180166 0.983636 0
    outer loop
      vertex 148.44 -46.8741 3.9
      vertex 148.048 -46.9459 5.9
      vertex 148.44 -46.8741 5.9
    endloop
  endfacet
  facet normal -0.180166 0.983636 0
    outer loop
      vertex 148.048 -46.9459 5.9
      vertex 148.44 -46.8741 3.9
      vertex 148.048 -46.9459 3.9
    endloop
  endfacet
  facet normal -0.297703 0.954659 0
    outer loop
      vertex 148.82 -46.7556 3.9
      vertex 148.44 -46.8741 5.9
      vertex 148.82 -46.7556 5.9
    endloop
  endfacet
  facet normal -0.297703 0.954659 0
    outer loop
      vertex 148.44 -46.8741 5.9
      vertex 148.82 -46.7556 3.9
      vertex 148.44 -46.8741 3.9
    endloop
  endfacet
  facet normal -0.517445 0.855716 0
    outer loop
      vertex 149.525 -46.3858 3.9
      vertex 149.184 -46.592 5.9
      vertex 149.525 -46.3858 5.9
    endloop
  endfacet
  facet normal -0.517445 0.855716 0
    outer loop
      vertex 149.184 -46.592 5.9
      vertex 149.525 -46.3858 3.9
      vertex 149.184 -46.592 3.9
    endloop
  endfacet
  facet normal -0.706856 0.707358 0
    outer loop
      vertex 150.12 -45.8583 3.9
      vertex 149.838 -46.1401 5.9
      vertex 150.12 -45.8583 5.9
    endloop
  endfacet
  facet normal -0.706856 0.707358 0
    outer loop
      vertex 149.838 -46.1401 5.9
      vertex 150.12 -45.8583 3.9
      vertex 149.838 -46.1401 3.9
    endloop
  endfacet
  facet normal -0.617466 0.786597 0
    outer loop
      vertex 149.838 -46.1401 3.9
      vertex 149.525 -46.3858 5.9
      vertex 149.838 -46.1401 5.9
    endloop
  endfacet
  facet normal -0.617466 0.786597 0
    outer loop
      vertex 149.525 -46.3858 5.9
      vertex 149.838 -46.1401 3.9
      vertex 149.525 -46.3858 3.9
    endloop
  endfacet
  facet normal -0.91148 0.411345 -2.55793e-18
    outer loop
      vertex 150.572 -45.2036 3.9
      vertex 150.736 -44.8402 5.9
      vertex 150.736 -44.8402 3.9
    endloop
  endfacet
  facet normal -0.91148 0.411345 -2.55793e-18
    outer loop
      vertex 150.736 -44.8402 5.9
      vertex 150.572 -45.2036 3.9
      vertex 150.572 -45.2036 5.9
    endloop
  endfacet
  facet normal 0.0604421 0.998172 -0
    outer loop
      vertex 147.65 -46.97 3.9
      vertex 147.252 -46.9459 5.9
      vertex 147.65 -46.97 5.9
    endloop
  endfacet
  facet normal 0.0604421 0.998172 0
    outer loop
      vertex 147.252 -46.9459 5.9
      vertex 147.65 -46.97 3.9
      vertex 147.252 -46.9459 3.9
    endloop
  endfacet
  facet normal -0.0604421 0.998172 0
    outer loop
      vertex 148.048 -46.9459 3.9
      vertex 147.65 -46.97 5.9
      vertex 148.048 -46.9459 5.9
    endloop
  endfacet
  facet normal -0.0604421 0.998172 0
    outer loop
      vertex 147.65 -46.97 5.9
      vertex 148.048 -46.9459 3.9
      vertex 147.65 -46.97 3.9
    endloop
  endfacet
  facet normal 0.409948 0.912109 -0
    outer loop
      vertex 146.48 -46.7556 3.9
      vertex 146.116 -46.592 5.9
      vertex 146.48 -46.7556 5.9
    endloop
  endfacet
  facet normal 0.409948 0.912109 0
    outer loop
      vertex 146.116 -46.592 5.9
      vertex 146.48 -46.7556 3.9
      vertex 146.116 -46.592 3.9
    endloop
  endfacet
  facet normal 0.617466 0.786597 -0
    outer loop
      vertex 145.775 -46.3858 3.9
      vertex 145.462 -46.1401 5.9
      vertex 145.775 -46.3858 5.9
    endloop
  endfacet
  facet normal 0.617466 0.786597 0
    outer loop
      vertex 145.462 -46.1401 5.9
      vertex 145.775 -46.3858 3.9
      vertex 145.462 -46.1401 3.9
    endloop
  endfacet
  facet normal 0.91148 0.411345 -1.91208e-18
    outer loop
      vertex 144.728 -45.2036 5.9
      vertex 144.564 -44.8402 3.9
      vertex 144.564 -44.8402 5.9
    endloop
  endfacet
  facet normal 0.91148 0.411345 -1.91208e-18
    outer loop
      vertex 144.564 -44.8402 3.9
      vertex 144.728 -45.2036 5.9
      vertex 144.728 -45.2036 3.9
    endloop
  endfacet
  facet normal 0.983539 0.180696 -9.99113e-19
    outer loop
      vertex 144.446 -44.4597 5.9
      vertex 144.374 -44.0678 3.9
      vertex 144.374 -44.0678 5.9
    endloop
  endfacet
  facet normal 0.983539 0.180696 -9.99113e-19
    outer loop
      vertex 144.374 -44.0678 3.9
      vertex 144.446 -44.4597 5.9
      vertex 144.446 -44.4597 3.9
    endloop
  endfacet
  facet normal 0.786901 0.617079 -7.69156e-18
    outer loop
      vertex 145.18 -45.8583 5.9
      vertex 144.934 -45.5446 3.9
      vertex 144.934 -45.5446 5.9
    endloop
  endfacet
  facet normal 0.786901 0.617079 -7.69156e-18
    outer loop
      vertex 144.934 -45.5446 3.9
      vertex 145.18 -45.8583 5.9
      vertex 145.18 -45.8583 3.9
    endloop
  endfacet
  facet normal 0.706856 0.707358 -0
    outer loop
      vertex 145.462 -46.1401 3.9
      vertex 145.18 -45.8583 5.9
      vertex 145.462 -46.1401 5.9
    endloop
  endfacet
  facet normal 0.706856 0.707358 0
    outer loop
      vertex 145.18 -45.8583 5.9
      vertex 145.462 -46.1401 3.9
      vertex 145.18 -45.8583 3.9
    endloop
  endfacet
  facet normal -0.617466 -0.786597 0
    outer loop
      vertex 149.525 -40.9542 3.9
      vertex 149.838 -41.1999 5.9
      vertex 149.525 -40.9542 5.9
    endloop
  endfacet
  facet normal -0.617466 -0.786597 -0
    outer loop
      vertex 149.838 -41.1999 5.9
      vertex 149.525 -40.9542 3.9
      vertex 149.838 -41.1999 3.9
    endloop
  endfacet
  facet normal -0.0604421 -0.998172 0
    outer loop
      vertex 147.65 -40.37 3.9
      vertex 148.048 -40.3941 5.9
      vertex 147.65 -40.37 5.9
    endloop
  endfacet
  facet normal -0.0604421 -0.998172 -0
    outer loop
      vertex 148.048 -40.3941 5.9
      vertex 147.65 -40.37 3.9
      vertex 148.048 -40.3941 3.9
    endloop
  endfacet
  facet normal -0.297703 -0.954659 0
    outer loop
      vertex 148.44 -40.4659 3.9
      vertex 148.82 -40.5844 5.9
      vertex 148.44 -40.4659 5.9
    endloop
  endfacet
  facet normal -0.297703 -0.954659 -0
    outer loop
      vertex 148.82 -40.5844 5.9
      vertex 148.44 -40.4659 3.9
      vertex 148.82 -40.5844 3.9
    endloop
  endfacet
  facet normal 0.180166 0.983636 -0
    outer loop
      vertex 147.252 -46.9459 3.9
      vertex 146.86 -46.8741 5.9
      vertex 147.252 -46.9459 5.9
    endloop
  endfacet
  facet normal 0.180166 0.983636 0
    outer loop
      vertex 146.86 -46.8741 5.9
      vertex 147.252 -46.9459 3.9
      vertex 146.86 -46.8741 3.9
    endloop
  endfacet
  facet normal 0.297703 0.954659 -0
    outer loop
      vertex 164.86 -46.8741 3.9
      vertex 164.48 -46.7556 5.9
      vertex 164.86 -46.8741 5.9
    endloop
  endfacet
  facet normal 0.297703 0.954659 0
    outer loop
      vertex 164.48 -46.7556 5.9
      vertex 164.86 -46.8741 3.9
      vertex 164.48 -46.7556 3.9
    endloop
  endfacet
  facet normal -0.517445 -0.855716 0
    outer loop
      vertex 167.184 -40.748 3.9
      vertex 167.525 -40.9542 5.9
      vertex 167.184 -40.748 5.9
    endloop
  endfacet
  facet normal -0.517445 -0.855716 -0
    outer loop
      vertex 167.525 -40.9542 5.9
      vertex 167.184 -40.748 3.9
      vertex 167.525 -40.9542 3.9
    endloop
  endfacet
  facet normal 0.409948 -0.912109 0
    outer loop
      vertex 164.116 -40.748 3.9
      vertex 164.48 -40.5844 5.9
      vertex 164.116 -40.748 5.9
    endloop
  endfacet
  facet normal 0.409948 -0.912109 0
    outer loop
      vertex 164.48 -40.5844 5.9
      vertex 164.116 -40.748 3.9
      vertex 164.48 -40.5844 3.9
    endloop
  endfacet
  facet normal 0.955125 -0.296202 2.06242e-18
    outer loop
      vertex 162.446 -42.8803 5.9
      vertex 162.564 -42.4998 3.9
      vertex 162.564 -42.4998 5.9
    endloop
  endfacet
  facet normal 0.955125 -0.296202 2.06242e-18
    outer loop
      vertex 162.564 -42.4998 3.9
      vertex 162.446 -42.8803 5.9
      vertex 162.446 -42.8803 3.9
    endloop
  endfacet
  facet normal 0.855939 0.517077 1.11409e-18
    outer loop
      vertex 162.934 -45.5446 5.9
      vertex 162.728 -45.2036 3.9
      vertex 162.728 -45.2036 5.9
    endloop
  endfacet
  facet normal 0.855939 0.517077 1.11409e-18
    outer loop
      vertex 162.728 -45.2036 3.9
      vertex 162.934 -45.5446 5.9
      vertex 162.934 -45.5446 3.9
    endloop
  endfacet
  facet normal -0.955125 -0.296202 2.53444e-18
    outer loop
      vertex 168.854 -42.8803 3.9
      vertex 168.736 -42.4998 5.9
      vertex 168.736 -42.4998 3.9
    endloop
  endfacet
  facet normal -0.955125 -0.296202 2.53444e-18
    outer loop
      vertex 168.736 -42.4998 5.9
      vertex 168.854 -42.8803 3.9
      vertex 168.854 -42.8803 5.9
    endloop
  endfacet
  facet normal -0.855939 -0.517077 1.11409e-18
    outer loop
      vertex 168.572 -42.1364 3.9
      vertex 168.366 -41.7954 5.9
      vertex 168.366 -41.7954 3.9
    endloop
  endfacet
  facet normal -0.855939 -0.517077 1.11409e-18
    outer loop
      vertex 168.366 -41.7954 5.9
      vertex 168.572 -42.1364 3.9
      vertex 168.572 -42.1364 5.9
    endloop
  endfacet
  facet normal -0.786901 -0.617079 -8.52446e-18
    outer loop
      vertex 168.366 -41.7954 3.9
      vertex 168.12 -41.4817 5.9
      vertex 168.12 -41.4817 3.9
    endloop
  endfacet
  facet normal -0.786901 -0.617079 -8.52446e-18
    outer loop
      vertex 168.12 -41.4817 5.9
      vertex 168.366 -41.7954 3.9
      vertex 168.366 -41.7954 5.9
    endloop
  endfacet
  facet normal -0.409948 -0.912109 0
    outer loop
      vertex 166.82 -40.5844 3.9
      vertex 167.184 -40.748 5.9
      vertex 166.82 -40.5844 5.9
    endloop
  endfacet
  facet normal -0.409948 -0.912109 -0
    outer loop
      vertex 167.184 -40.748 5.9
      vertex 166.82 -40.5844 3.9
      vertex 167.184 -40.748 3.9
    endloop
  endfacet
  facet normal 0.998185 -0.0602223 9.54318e-19
    outer loop
      vertex 162.35 -43.67 5.9
      vertex 162.374 -43.2722 3.9
      vertex 162.374 -43.2722 5.9
    endloop
  endfacet
  facet normal 0.998185 -0.0602223 9.54318e-19
    outer loop
      vertex 162.374 -43.2722 3.9
      vertex 162.35 -43.67 5.9
      vertex 162.35 -43.67 3.9
    endloop
  endfacet
  facet normal 0.855939 -0.517077 -1.11409e-18
    outer loop
      vertex 162.728 -42.1364 5.9
      vertex 162.934 -41.7954 3.9
      vertex 162.934 -41.7954 5.9
    endloop
  endfacet
  facet normal 0.855939 -0.517077 -1.11409e-18
    outer loop
      vertex 162.934 -41.7954 3.9
      vertex 162.728 -42.1364 5.9
      vertex 162.728 -42.1364 3.9
    endloop
  endfacet
  facet normal 0.706856 -0.707358 3.87539e-18
    outer loop
      vertex 163.18 -41.4817 5.9
      vertex 163.462 -41.1999 3.9
      vertex 163.462 -41.1999 5.9
    endloop
  endfacet
  facet normal 0.706856 -0.707358 3.87539e-18
    outer loop
      vertex 163.462 -41.1999 3.9
      vertex 163.18 -41.4817 5.9
      vertex 163.18 -41.4817 3.9
    endloop
  endfacet
  facet normal -0.998185 -0.0602223 -9.54318e-19
    outer loop
      vertex 168.95 -43.67 3.9
      vertex 168.926 -43.2722 5.9
      vertex 168.926 -43.2722 3.9
    endloop
  endfacet
  facet normal -0.998185 -0.0602223 -9.54318e-19
    outer loop
      vertex 168.926 -43.2722 5.9
      vertex 168.95 -43.67 3.9
      vertex 168.95 -43.67 5.9
    endloop
  endfacet
  facet normal -0.409948 0.912109 0
    outer loop
      vertex 167.184 -46.592 3.9
      vertex 166.82 -46.7556 5.9
      vertex 167.184 -46.592 5.9
    endloop
  endfacet
  facet normal -0.409948 0.912109 0
    outer loop
      vertex 166.82 -46.7556 5.9
      vertex 167.184 -46.592 3.9
      vertex 166.82 -46.7556 3.9
    endloop
  endfacet
  facet normal -0.955125 0.296202 -1.07161e-18
    outer loop
      vertex 168.736 -44.8402 3.9
      vertex 168.854 -44.4597 5.9
      vertex 168.854 -44.4597 3.9
    endloop
  endfacet
  facet normal -0.955125 0.296202 -1.07161e-18
    outer loop
      vertex 168.854 -44.4597 5.9
      vertex 168.736 -44.8402 3.9
      vertex 168.736 -44.8402 5.9
    endloop
  endfacet
  facet normal -0.786901 0.617079 7.69156e-18
    outer loop
      vertex 168.12 -45.8583 3.9
      vertex 168.366 -45.5446 5.9
      vertex 168.366 -45.5446 3.9
    endloop
  endfacet
  facet normal -0.786901 0.617079 7.69156e-18
    outer loop
      vertex 168.366 -45.5446 5.9
      vertex 168.12 -45.8583 3.9
      vertex 168.12 -45.8583 5.9
    endloop
  endfacet
  facet normal -0.855939 0.517077 -1.11409e-18
    outer loop
      vertex 168.366 -45.5446 3.9
      vertex 168.572 -45.2036 5.9
      vertex 168.572 -45.2036 3.9
    endloop
  endfacet
  facet normal -0.855939 0.517077 -1.11409e-18
    outer loop
      vertex 168.572 -45.2036 5.9
      vertex 168.366 -45.5446 3.9
      vertex 168.366 -45.5446 5.9
    endloop
  endfacet
  facet normal 0.517445 0.855716 -0
    outer loop
      vertex 164.116 -46.592 3.9
      vertex 163.775 -46.3858 5.9
      vertex 164.116 -46.592 5.9
    endloop
  endfacet
  facet normal 0.517445 0.855716 0
    outer loop
      vertex 163.775 -46.3858 5.9
      vertex 164.116 -46.592 3.9
      vertex 163.775 -46.3858 3.9
    endloop
  endfacet
  facet normal 0.955125 0.296202 -3.52526e-18
    outer loop
      vertex 162.564 -44.8402 5.9
      vertex 162.446 -44.4597 3.9
      vertex 162.446 -44.4597 5.9
    endloop
  endfacet
  facet normal 0.955125 0.296202 -3.52526e-18
    outer loop
      vertex 162.446 -44.4597 3.9
      vertex 162.564 -44.8402 5.9
      vertex 162.564 -44.8402 3.9
    endloop
  endfacet
  facet normal -0.983539 -0.180696 1.41789e-18
    outer loop
      vertex 168.926 -43.2722 3.9
      vertex 168.854 -42.8803 5.9
      vertex 168.854 -42.8803 3.9
    endloop
  endfacet
  facet normal -0.983539 -0.180696 1.41789e-18
    outer loop
      vertex 168.854 -42.8803 5.9
      vertex 168.926 -43.2722 3.9
      vertex 168.926 -43.2722 5.9
    endloop
  endfacet
  facet normal -0.91148 -0.411345 2.55793e-18
    outer loop
      vertex 168.736 -42.4998 3.9
      vertex 168.572 -42.1364 5.9
      vertex 168.572 -42.1364 3.9
    endloop
  endfacet
  facet normal -0.91148 -0.411345 2.55793e-18
    outer loop
      vertex 168.572 -42.1364 5.9
      vertex 168.736 -42.4998 3.9
      vertex 168.736 -42.4998 5.9
    endloop
  endfacet
  facet normal -0.706856 -0.707358 -1.68273e-18
    outer loop
      vertex 168.12 -41.4817 3.9
      vertex 167.838 -41.1999 5.9
      vertex 167.838 -41.1999 3.9
    endloop
  endfacet
  facet normal -0.706856 -0.707358 -1.68273e-18
    outer loop
      vertex 167.838 -41.1999 5.9
      vertex 168.12 -41.4817 3.9
      vertex 168.12 -41.4817 5.9
    endloop
  endfacet
  facet normal 0.0604421 -0.998172 0
    outer loop
      vertex 165.252 -40.3941 3.9
      vertex 165.65 -40.37 5.9
      vertex 165.252 -40.3941 5.9
    endloop
  endfacet
  facet normal 0.0604421 -0.998172 0
    outer loop
      vertex 165.65 -40.37 5.9
      vertex 165.252 -40.3941 3.9
      vertex 165.65 -40.37 3.9
    endloop
  endfacet
  facet normal -0.180166 -0.983636 0
    outer loop
      vertex 166.048 -40.3941 3.9
      vertex 166.44 -40.4659 5.9
      vertex 166.048 -40.3941 5.9
    endloop
  endfacet
  facet normal -0.180166 -0.983636 -0
    outer loop
      vertex 166.44 -40.4659 5.9
      vertex 166.048 -40.3941 3.9
      vertex 166.44 -40.4659 3.9
    endloop
  endfacet
  facet normal 0.998185 0.0602223 5.61113e-19
    outer loop
      vertex 162.374 -44.0678 5.9
      vertex 162.35 -43.67 3.9
      vertex 162.35 -43.67 5.9
    endloop
  endfacet
  facet normal 0.998185 0.0602223 5.61113e-19
    outer loop
      vertex 162.35 -43.67 3.9
      vertex 162.374 -44.0678 5.9
      vertex 162.374 -44.0678 3.9
    endloop
  endfacet
  facet normal 0.91148 -0.411345 1.91208e-18
    outer loop
      vertex 162.564 -42.4998 5.9
      vertex 162.728 -42.1364 3.9
      vertex 162.728 -42.1364 5.9
    endloop
  endfacet
  facet normal 0.91148 -0.411345 1.91208e-18
    outer loop
      vertex 162.728 -42.1364 3.9
      vertex 162.564 -42.4998 5.9
      vertex 162.564 -42.4998 3.9
    endloop
  endfacet
  facet normal 0.180166 -0.983636 0
    outer loop
      vertex 164.86 -40.4659 3.9
      vertex 165.252 -40.3941 5.9
      vertex 164.86 -40.4659 5.9
    endloop
  endfacet
  facet normal 0.180166 -0.983636 0
    outer loop
      vertex 165.252 -40.3941 5.9
      vertex 164.86 -40.4659 3.9
      vertex 165.252 -40.3941 3.9
    endloop
  endfacet
  facet normal 0.297703 -0.954659 0
    outer loop
      vertex 164.48 -40.5844 3.9
      vertex 164.86 -40.4659 5.9
      vertex 164.48 -40.5844 5.9
    endloop
  endfacet
  facet normal 0.297703 -0.954659 0
    outer loop
      vertex 164.86 -40.4659 5.9
      vertex 164.48 -40.5844 3.9
      vertex 164.86 -40.4659 3.9
    endloop
  endfacet
  facet normal 0.517445 -0.855716 0
    outer loop
      vertex 163.775 -40.9542 3.9
      vertex 164.116 -40.748 5.9
      vertex 163.775 -40.9542 5.9
    endloop
  endfacet
  facet normal 0.517445 -0.855716 0
    outer loop
      vertex 164.116 -40.748 5.9
      vertex 163.775 -40.9542 3.9
      vertex 164.116 -40.748 3.9
    endloop
  endfacet
  facet normal 0.617466 -0.786597 0
    outer loop
      vertex 163.462 -41.1999 3.9
      vertex 163.775 -40.9542 5.9
      vertex 163.462 -41.1999 5.9
    endloop
  endfacet
  facet normal 0.617466 -0.786597 0
    outer loop
      vertex 163.775 -40.9542 5.9
      vertex 163.462 -41.1999 3.9
      vertex 163.775 -40.9542 3.9
    endloop
  endfacet
  facet normal 0.786901 -0.617079 8.52446e-18
    outer loop
      vertex 162.934 -41.7954 5.9
      vertex 163.18 -41.4817 3.9
      vertex 163.18 -41.4817 5.9
    endloop
  endfacet
  facet normal 0.786901 -0.617079 8.52446e-18
    outer loop
      vertex 163.18 -41.4817 3.9
      vertex 162.934 -41.7954 5.9
      vertex 162.934 -41.7954 3.9
    endloop
  endfacet
  facet normal -0.998185 0.0602223 -5.61113e-19
    outer loop
      vertex 168.926 -44.0678 3.9
      vertex 168.95 -43.67 5.9
      vertex 168.95 -43.67 3.9
    endloop
  endfacet
  facet normal -0.998185 0.0602223 -5.61113e-19
    outer loop
      vertex 168.95 -43.67 5.9
      vertex 168.926 -44.0678 3.9
      vertex 168.926 -44.0678 5.9
    endloop
  endfacet
  facet normal -0.983539 0.180696 -1.41789e-18
    outer loop
      vertex 168.854 -44.4597 3.9
      vertex 168.926 -44.0678 5.9
      vertex 168.926 -44.0678 3.9
    endloop
  endfacet
  facet normal -0.983539 0.180696 -1.41789e-18
    outer loop
      vertex 168.926 -44.0678 5.9
      vertex 168.854 -44.4597 3.9
      vertex 168.854 -44.4597 5.9
    endloop
  endfacet
  facet normal -0.180166 0.983636 0
    outer loop
      vertex 166.44 -46.8741 3.9
      vertex 166.048 -46.9459 5.9
      vertex 166.44 -46.8741 5.9
    endloop
  endfacet
  facet normal -0.180166 0.983636 0
    outer loop
      vertex 166.048 -46.9459 5.9
      vertex 166.44 -46.8741 3.9
      vertex 166.048 -46.9459 3.9
    endloop
  endfacet
  facet normal -0.297703 0.954659 0
    outer loop
      vertex 166.82 -46.7556 3.9
      vertex 166.44 -46.8741 5.9
      vertex 166.82 -46.7556 5.9
    endloop
  endfacet
  facet normal -0.297703 0.954659 0
    outer loop
      vertex 166.44 -46.8741 5.9
      vertex 166.82 -46.7556 3.9
      vertex 166.44 -46.8741 3.9
    endloop
  endfacet
  facet normal -0.517445 0.855716 0
    outer loop
      vertex 167.525 -46.3858 3.9
      vertex 167.184 -46.592 5.9
      vertex 167.525 -46.3858 5.9
    endloop
  endfacet
  facet normal -0.517445 0.855716 0
    outer loop
      vertex 167.184 -46.592 5.9
      vertex 167.525 -46.3858 3.9
      vertex 167.184 -46.592 3.9
    endloop
  endfacet
  facet normal -0.706856 0.707358 0
    outer loop
      vertex 168.12 -45.8583 3.9
      vertex 167.838 -46.1401 5.9
      vertex 168.12 -45.8583 5.9
    endloop
  endfacet
  facet normal -0.706856 0.707358 0
    outer loop
      vertex 167.838 -46.1401 5.9
      vertex 168.12 -45.8583 3.9
      vertex 167.838 -46.1401 3.9
    endloop
  endfacet
  facet normal -0.617466 0.786597 0
    outer loop
      vertex 167.838 -46.1401 3.9
      vertex 167.525 -46.3858 5.9
      vertex 167.838 -46.1401 5.9
    endloop
  endfacet
  facet normal -0.617466 0.786597 0
    outer loop
      vertex 167.525 -46.3858 5.9
      vertex 167.838 -46.1401 3.9
      vertex 167.525 -46.3858 3.9
    endloop
  endfacet
  facet normal -0.91148 0.411345 -2.55793e-18
    outer loop
      vertex 168.572 -45.2036 3.9
      vertex 168.736 -44.8402 5.9
      vertex 168.736 -44.8402 3.9
    endloop
  endfacet
  facet normal -0.91148 0.411345 -2.55793e-18
    outer loop
      vertex 168.736 -44.8402 5.9
      vertex 168.572 -45.2036 3.9
      vertex 168.572 -45.2036 5.9
    endloop
  endfacet
  facet normal 0.0604421 0.998172 -0
    outer loop
      vertex 165.65 -46.97 3.9
      vertex 165.252 -46.9459 5.9
      vertex 165.65 -46.97 5.9
    endloop
  endfacet
  facet normal 0.0604421 0.998172 0
    outer loop
      vertex 165.252 -46.9459 5.9
      vertex 165.65 -46.97 3.9
      vertex 165.252 -46.9459 3.9
    endloop
  endfacet
  facet normal -0.0604421 0.998172 0
    outer loop
      vertex 166.048 -46.9459 3.9
      vertex 165.65 -46.97 5.9
      vertex 166.048 -46.9459 5.9
    endloop
  endfacet
  facet normal -0.0604421 0.998172 0
    outer loop
      vertex 165.65 -46.97 5.9
      vertex 166.048 -46.9459 3.9
      vertex 165.65 -46.97 3.9
    endloop
  endfacet
  facet normal 0.409948 0.912109 -0
    outer loop
      vertex 164.48 -46.7556 3.9
      vertex 164.116 -46.592 5.9
      vertex 164.48 -46.7556 5.9
    endloop
  endfacet
  facet normal 0.409948 0.912109 0
    outer loop
      vertex 164.116 -46.592 5.9
      vertex 164.48 -46.7556 3.9
      vertex 164.116 -46.592 3.9
    endloop
  endfacet
  facet normal 0.617466 0.786597 -0
    outer loop
      vertex 163.775 -46.3858 3.9
      vertex 163.462 -46.1401 5.9
      vertex 163.775 -46.3858 5.9
    endloop
  endfacet
  facet normal 0.617466 0.786597 0
    outer loop
      vertex 163.462 -46.1401 5.9
      vertex 163.775 -46.3858 3.9
      vertex 163.462 -46.1401 3.9
    endloop
  endfacet
  facet normal 0.91148 0.411345 -1.91208e-18
    outer loop
      vertex 162.728 -45.2036 5.9
      vertex 162.564 -44.8402 3.9
      vertex 162.564 -44.8402 5.9
    endloop
  endfacet
  facet normal 0.91148 0.411345 -1.91208e-18
    outer loop
      vertex 162.564 -44.8402 3.9
      vertex 162.728 -45.2036 5.9
      vertex 162.728 -45.2036 3.9
    endloop
  endfacet
  facet normal 0.983539 0.180696 -9.99113e-19
    outer loop
      vertex 162.446 -44.4597 5.9
      vertex 162.374 -44.0678 3.9
      vertex 162.374 -44.0678 5.9
    endloop
  endfacet
  facet normal 0.983539 0.180696 -9.99113e-19
    outer loop
      vertex 162.374 -44.0678 3.9
      vertex 162.446 -44.4597 5.9
      vertex 162.446 -44.4597 3.9
    endloop
  endfacet
  facet normal 0.786901 0.617079 -7.69156e-18
    outer loop
      vertex 163.18 -45.8583 5.9
      vertex 162.934 -45.5446 3.9
      vertex 162.934 -45.5446 5.9
    endloop
  endfacet
  facet normal 0.786901 0.617079 -7.69156e-18
    outer loop
      vertex 162.934 -45.5446 3.9
      vertex 163.18 -45.8583 5.9
      vertex 163.18 -45.8583 3.9
    endloop
  endfacet
  facet normal 0.706856 0.707358 -0
    outer loop
      vertex 163.462 -46.1401 3.9
      vertex 163.18 -45.8583 5.9
      vertex 163.462 -46.1401 5.9
    endloop
  endfacet
  facet normal 0.706856 0.707358 0
    outer loop
      vertex 163.18 -45.8583 5.9
      vertex 163.462 -46.1401 3.9
      vertex 163.18 -45.8583 3.9
    endloop
  endfacet
  facet normal -0.617466 -0.786597 0
    outer loop
      vertex 167.525 -40.9542 3.9
      vertex 167.838 -41.1999 5.9
      vertex 167.525 -40.9542 5.9
    endloop
  endfacet
  facet normal -0.617466 -0.786597 -0
    outer loop
      vertex 167.838 -41.1999 5.9
      vertex 167.525 -40.9542 3.9
      vertex 167.838 -41.1999 3.9
    endloop
  endfacet
  facet normal -0.0604421 -0.998172 0
    outer loop
      vertex 165.65 -40.37 3.9
      vertex 166.048 -40.3941 5.9
      vertex 165.65 -40.37 5.9
    endloop
  endfacet
  facet normal -0.0604421 -0.998172 -0
    outer loop
      vertex 166.048 -40.3941 5.9
      vertex 165.65 -40.37 3.9
      vertex 166.048 -40.3941 3.9
    endloop
  endfacet
  facet normal -0.297703 -0.954659 0
    outer loop
      vertex 166.44 -40.4659 3.9
      vertex 166.82 -40.5844 5.9
      vertex 166.44 -40.4659 5.9
    endloop
  endfacet
  facet normal -0.297703 -0.954659 -0
    outer loop
      vertex 166.82 -40.5844 5.9
      vertex 166.44 -40.4659 3.9
      vertex 166.82 -40.5844 3.9
    endloop
  endfacet
  facet normal 0.983539 -0.180696 9.99113e-19
    outer loop
      vertex 162.374 -43.2722 5.9
      vertex 162.446 -42.8803 3.9
      vertex 162.446 -42.8803 5.9
    endloop
  endfacet
  facet normal 0.983539 -0.180696 9.99113e-19
    outer loop
      vertex 162.446 -42.8803 3.9
      vertex 162.374 -43.2722 5.9
      vertex 162.374 -43.2722 3.9
    endloop
  endfacet
  facet normal 0.180166 0.983636 -0
    outer loop
      vertex 165.252 -46.9459 3.9
      vertex 164.86 -46.8741 5.9
      vertex 165.252 -46.9459 5.9
    endloop
  endfacet
  facet normal 0.180166 0.983636 0
    outer loop
      vertex 164.86 -46.8741 5.9
      vertex 165.252 -46.9459 3.9
      vertex 164.86 -46.8741 3.9
    endloop
  endfacet
  facet normal -0.99817 -0.0604723 4.62274e-19
    outer loop
      vertex 78.95 -61.67 3.9
      vertex 78.9259 -61.2722 5.9
      vertex 78.9259 -61.2722 3.9
    endloop
  endfacet
  facet normal -0.99817 -0.0604723 4.62274e-19
    outer loop
      vertex 78.9259 -61.2722 5.9
      vertex 78.95 -61.67 3.9
      vertex 78.95 -61.67 5.9
    endloop
  endfacet
  facet normal 0.0604723 -0.99817 0
    outer loop
      vertex 75.2522 -58.3941 3.9
      vertex 75.65 -58.37 5.9
      vertex 75.2522 -58.3941 5.9
    endloop
  endfacet
  facet normal 0.0604723 -0.99817 0
    outer loop
      vertex 75.65 -58.37 5.9
      vertex 75.2522 -58.3941 3.9
      vertex 75.65 -58.37 3.9
    endloop
  endfacet
  facet normal -0.707107 -0.707107 -8.84174e-19
    outer loop
      vertex 78.1201 -59.4817 3.9
      vertex 77.8383 -59.1999 5.9
      vertex 77.8383 -59.1999 3.9
    endloop
  endfacet
  facet normal -0.707107 -0.707107 -8.84174e-19
    outer loop
      vertex 77.8383 -59.1999 5.9
      vertex 78.1201 -59.4817 3.9
      vertex 78.1201 -59.4817 5.9
    endloop
  endfacet
  facet normal 0.787267 -0.616613 1.70909e-18
    outer loop
      vertex 72.9342 -59.7954 5.9
      vertex 73.1799 -59.4817 3.9
      vertex 73.1799 -59.4817 5.9
    endloop
  endfacet
  facet normal 0.787267 -0.616613 1.70909e-18
    outer loop
      vertex 73.1799 -59.4817 3.9
      vertex 72.9342 -59.7954 5.9
      vertex 72.9342 -59.7954 3.9
    endloop
  endfacet
  facet normal 0.410511 -0.911856 0
    outer loop
      vertex 74.1164 -58.748 3.9
      vertex 74.4798 -58.5844 5.9
      vertex 74.1164 -58.748 5.9
    endloop
  endfacet
  facet normal 0.410511 -0.911856 0
    outer loop
      vertex 74.4798 -58.5844 5.9
      vertex 74.1164 -58.748 3.9
      vertex 74.4798 -58.5844 3.9
    endloop
  endfacet
  facet normal -0.855716 0.517445 -1.52191e-18
    outer loop
      vertex 78.3658 -63.5446 3.9
      vertex 78.572 -63.2036 5.9
      vertex 78.572 -63.2036 3.9
    endloop
  endfacet
  facet normal -0.855716 0.517445 -1.52191e-18
    outer loop
      vertex 78.572 -63.2036 5.9
      vertex 78.3658 -63.5446 3.9
      vertex 78.3658 -63.5446 5.9
    endloop
  endfacet
  facet normal -0.91195 -0.410302 -3.54979e-18
    outer loop
      vertex 78.7355 -60.4998 3.9
      vertex 78.572 -60.1364 5.9
      vertex 78.572 -60.1364 3.9
    endloop
  endfacet
  facet normal -0.91195 -0.410302 -3.54979e-18
    outer loop
      vertex 78.572 -60.1364 5.9
      vertex 78.7355 -60.4998 3.9
      vertex 78.7355 -60.4998 5.9
    endloop
  endfacet
  facet normal -0.983628 -0.180211 -1.47117e-18
    outer loop
      vertex 78.9259 -61.2722 3.9
      vertex 78.8541 -60.8803 5.9
      vertex 78.8541 -60.8803 3.9
    endloop
  endfacet
  facet normal -0.983628 -0.180211 -1.47117e-18
    outer loop
      vertex 78.8541 -60.8803 5.9
      vertex 78.9259 -61.2722 3.9
      vertex 78.9259 -61.2722 5.9
    endloop
  endfacet
  facet normal -0.855716 -0.517445 1.52191e-18
    outer loop
      vertex 78.572 -60.1364 3.9
      vertex 78.3658 -59.7954 5.9
      vertex 78.3658 -59.7954 3.9
    endloop
  endfacet
  facet normal -0.855716 -0.517445 1.52191e-18
    outer loop
      vertex 78.3658 -59.7954 5.9
      vertex 78.572 -60.1364 3.9
      vertex 78.572 -60.1364 5.9
    endloop
  endfacet
  facet normal -0.410511 -0.911856 0
    outer loop
      vertex 76.8202 -58.5844 3.9
      vertex 77.1836 -58.748 5.9
      vertex 76.8202 -58.5844 5.9
    endloop
  endfacet
  facet normal -0.410511 -0.911856 -0
    outer loop
      vertex 77.1836 -58.748 5.9
      vertex 76.8202 -58.5844 3.9
      vertex 77.1836 -58.748 3.9
    endloop
  endfacet
  facet normal -0.517445 -0.855716 0
    outer loop
      vertex 77.1836 -58.748 3.9
      vertex 77.5246 -58.9542 5.9
      vertex 77.1836 -58.748 5.9
    endloop
  endfacet
  facet normal -0.517445 -0.855716 -0
    outer loop
      vertex 77.5246 -58.9542 5.9
      vertex 77.1836 -58.748 3.9
      vertex 77.5246 -58.9542 3.9
    endloop
  endfacet
  facet normal 0.95477 -0.297346 -3.19663e-18
    outer loop
      vertex 72.4459 -60.8803 5.9
      vertex 72.5644 -60.4998 3.9
      vertex 72.5644 -60.4998 5.9
    endloop
  endfacet
  facet normal 0.95477 -0.297346 -3.19663e-18
    outer loop
      vertex 72.5644 -60.4998 3.9
      vertex 72.4459 -60.8803 5.9
      vertex 72.4459 -60.8803 3.9
    endloop
  endfacet
  facet normal 0.297346 -0.95477 0
    outer loop
      vertex 74.4798 -58.5844 3.9
      vertex 74.8603 -58.4659 5.9
      vertex 74.4798 -58.5844 5.9
    endloop
  endfacet
  facet normal 0.297346 -0.95477 0
    outer loop
      vertex 74.8603 -58.4659 5.9
      vertex 74.4798 -58.5844 3.9
      vertex 74.8603 -58.4659 3.9
    endloop
  endfacet
  facet normal 0.855716 0.517445 1.52191e-18
    outer loop
      vertex 72.9342 -63.5446 5.9
      vertex 72.728 -63.2036 3.9
      vertex 72.728 -63.2036 5.9
    endloop
  endfacet
  facet normal 0.855716 0.517445 1.52191e-18
    outer loop
      vertex 72.728 -63.2036 3.9
      vertex 72.9342 -63.5446 5.9
      vertex 72.9342 -63.5446 3.9
    endloop
  endfacet
  facet normal -0.954698 -0.297575 3.6937e-18
    outer loop
      vertex 78.8541 -60.8803 3.9
      vertex 78.7355 -60.4998 5.9
      vertex 78.7355 -60.4998 3.9
    endloop
  endfacet
  facet normal -0.954698 -0.297575 3.6937e-18
    outer loop
      vertex 78.7355 -60.4998 5.9
      vertex 78.8541 -60.8803 3.9
      vertex 78.8541 -60.8803 5.9
    endloop
  endfacet
  facet normal -0.787267 -0.616613 -1.70909e-18
    outer loop
      vertex 78.3658 -59.7954 3.9
      vertex 78.1201 -59.4817 5.9
      vertex 78.1201 -59.4817 3.9
    endloop
  endfacet
  facet normal -0.787267 -0.616613 -1.70909e-18
    outer loop
      vertex 78.1201 -59.4817 5.9
      vertex 78.3658 -59.7954 3.9
      vertex 78.3658 -59.7954 5.9
    endloop
  endfacet
  facet normal -0.180211 -0.983628 0
    outer loop
      vertex 76.0478 -58.3941 3.9
      vertex 76.4397 -58.4659 5.9
      vertex 76.0478 -58.3941 5.9
    endloop
  endfacet
  facet normal -0.180211 -0.983628 -0
    outer loop
      vertex 76.4397 -58.4659 5.9
      vertex 76.0478 -58.3941 3.9
      vertex 76.4397 -58.4659 3.9
    endloop
  endfacet
  facet normal -0.297346 -0.95477 0
    outer loop
      vertex 76.4397 -58.4659 3.9
      vertex 76.8202 -58.5844 5.9
      vertex 76.4397 -58.4659 5.9
    endloop
  endfacet
  facet normal -0.297346 -0.95477 -0
    outer loop
      vertex 76.8202 -58.5844 5.9
      vertex 76.4397 -58.4659 3.9
      vertex 76.8202 -58.5844 3.9
    endloop
  endfacet
  facet normal -0.0604723 -0.99817 0
    outer loop
      vertex 75.65 -58.37 3.9
      vertex 76.0478 -58.3941 5.9
      vertex 75.65 -58.37 5.9
    endloop
  endfacet
  facet normal -0.0604723 -0.99817 -0
    outer loop
      vertex 76.0478 -58.3941 5.9
      vertex 75.65 -58.37 3.9
      vertex 76.0478 -58.3941 3.9
    endloop
  endfacet
  facet normal -0.616613 -0.787267 0
    outer loop
      vertex 77.5246 -58.9542 3.9
      vertex 77.8383 -59.1999 5.9
      vertex 77.5246 -58.9542 5.9
    endloop
  endfacet
  facet normal -0.616613 -0.787267 -0
    outer loop
      vertex 77.8383 -59.1999 5.9
      vertex 77.5246 -58.9542 3.9
      vertex 77.8383 -59.1999 3.9
    endloop
  endfacet
  facet normal 0.911856 -0.410511 1.8576e-18
    outer loop
      vertex 72.5644 -60.4998 5.9
      vertex 72.728 -60.1364 3.9
      vertex 72.728 -60.1364 5.9
    endloop
  endfacet
  facet normal 0.911856 -0.410511 1.8576e-18
    outer loop
      vertex 72.728 -60.1364 3.9
      vertex 72.5644 -60.4998 5.9
      vertex 72.5644 -60.4998 3.9
    endloop
  endfacet
  facet normal 0.855716 -0.517445 -1.52191e-18
    outer loop
      vertex 72.728 -60.1364 5.9
      vertex 72.9342 -59.7954 3.9
      vertex 72.9342 -59.7954 5.9
    endloop
  endfacet
  facet normal 0.855716 -0.517445 -1.52191e-18
    outer loop
      vertex 72.9342 -59.7954 3.9
      vertex 72.728 -60.1364 5.9
      vertex 72.728 -60.1364 3.9
    endloop
  endfacet
  facet normal 0.983628 -0.180211 1.47117e-18
    outer loop
      vertex 72.3741 -61.2722 5.9
      vertex 72.4459 -60.8803 3.9
      vertex 72.4459 -60.8803 5.9
    endloop
  endfacet
  facet normal 0.983628 -0.180211 1.47117e-18
    outer loop
      vertex 72.4459 -60.8803 3.9
      vertex 72.3741 -61.2722 5.9
      vertex 72.3741 -61.2722 3.9
    endloop
  endfacet
  facet normal 0.99817 -0.0604723 -4.62274e-19
    outer loop
      vertex 72.35 -61.67 5.9
      vertex 72.3741 -61.2722 3.9
      vertex 72.3741 -61.2722 5.9
    endloop
  endfacet
  facet normal 0.99817 -0.0604723 -4.62274e-19
    outer loop
      vertex 72.3741 -61.2722 3.9
      vertex 72.35 -61.67 5.9
      vertex 72.35 -61.67 3.9
    endloop
  endfacet
  facet normal 0.99817 0.0604723 1.08501e-18
    outer loop
      vertex 72.3741 -62.0678 5.9
      vertex 72.35 -61.67 3.9
      vertex 72.35 -61.67 5.9
    endloop
  endfacet
  facet normal 0.99817 0.0604723 1.08501e-18
    outer loop
      vertex 72.35 -61.67 3.9
      vertex 72.3741 -62.0678 5.9
      vertex 72.3741 -62.0678 3.9
    endloop
  endfacet
  facet normal 0.616613 -0.787267 0
    outer loop
      vertex 73.4617 -59.1999 3.9
      vertex 73.7754 -58.9542 5.9
      vertex 73.4617 -59.1999 5.9
    endloop
  endfacet
  facet normal 0.616613 -0.787267 0
    outer loop
      vertex 73.7754 -58.9542 5.9
      vertex 73.4617 -59.1999 3.9
      vertex 73.7754 -58.9542 3.9
    endloop
  endfacet
  facet normal 0.517445 -0.855716 0
    outer loop
      vertex 73.7754 -58.9542 3.9
      vertex 74.1164 -58.748 5.9
      vertex 73.7754 -58.9542 5.9
    endloop
  endfacet
  facet normal 0.517445 -0.855716 0
    outer loop
      vertex 74.1164 -58.748 5.9
      vertex 73.7754 -58.9542 3.9
      vertex 74.1164 -58.748 3.9
    endloop
  endfacet
  facet normal 0.707107 -0.707107 8.84174e-19
    outer loop
      vertex 73.1799 -59.4817 5.9
      vertex 73.4617 -59.1999 3.9
      vertex 73.4617 -59.1999 5.9
    endloop
  endfacet
  facet normal 0.707107 -0.707107 8.84174e-19
    outer loop
      vertex 73.4617 -59.1999 3.9
      vertex 73.1799 -59.4817 5.9
      vertex 73.1799 -59.4817 3.9
    endloop
  endfacet
  facet normal 0.180211 -0.983628 0
    outer loop
      vertex 74.8603 -58.4659 3.9
      vertex 75.2522 -58.3941 5.9
      vertex 74.8603 -58.4659 5.9
    endloop
  endfacet
  facet normal 0.180211 -0.983628 0
    outer loop
      vertex 75.2522 -58.3941 5.9
      vertex 74.8603 -58.4659 3.9
      vertex 75.2522 -58.3941 3.9
    endloop
  endfacet
  facet normal -0.99817 0.0604723 -1.08501e-18
    outer loop
      vertex 78.9259 -62.0678 3.9
      vertex 78.95 -61.67 5.9
      vertex 78.95 -61.67 3.9
    endloop
  endfacet
  facet normal -0.99817 0.0604723 -1.08501e-18
    outer loop
      vertex 78.95 -61.67 5.9
      vertex 78.9259 -62.0678 3.9
      vertex 78.9259 -62.0678 5.9
    endloop
  endfacet
  facet normal -0.180211 0.983628 0
    outer loop
      vertex 76.4397 -64.8741 3.9
      vertex 76.0478 -64.9459 5.9
      vertex 76.4397 -64.8741 5.9
    endloop
  endfacet
  facet normal -0.180211 0.983628 0
    outer loop
      vertex 76.0478 -64.9459 5.9
      vertex 76.4397 -64.8741 3.9
      vertex 76.0478 -64.9459 3.9
    endloop
  endfacet
  facet normal -0.410511 0.911856 0
    outer loop
      vertex 77.1836 -64.592 3.9
      vertex 76.8202 -64.7556 5.9
      vertex 77.1836 -64.592 5.9
    endloop
  endfacet
  facet normal -0.410511 0.911856 0
    outer loop
      vertex 76.8202 -64.7556 5.9
      vertex 77.1836 -64.592 3.9
      vertex 76.8202 -64.7556 3.9
    endloop
  endfacet
  facet normal -0.707107 0.707107 0
    outer loop
      vertex 78.1201 -63.8583 3.9
      vertex 77.8383 -64.1401 5.9
      vertex 78.1201 -63.8583 5.9
    endloop
  endfacet
  facet normal -0.707107 0.707107 0
    outer loop
      vertex 77.8383 -64.1401 5.9
      vertex 78.1201 -63.8583 3.9
      vertex 77.8383 -64.1401 3.9
    endloop
  endfacet
  facet normal -0.517445 0.855716 0
    outer loop
      vertex 77.5246 -64.3858 3.9
      vertex 77.1836 -64.592 5.9
      vertex 77.5246 -64.3858 5.9
    endloop
  endfacet
  facet normal -0.517445 0.855716 0
    outer loop
      vertex 77.1836 -64.592 5.9
      vertex 77.5246 -64.3858 3.9
      vertex 77.1836 -64.592 3.9
    endloop
  endfacet
  facet normal -0.983628 0.180211 1.47117e-18
    outer loop
      vertex 78.8541 -62.4597 3.9
      vertex 78.9259 -62.0678 5.9
      vertex 78.9259 -62.0678 3.9
    endloop
  endfacet
  facet normal -0.983628 0.180211 1.47117e-18
    outer loop
      vertex 78.9259 -62.0678 5.9
      vertex 78.8541 -62.4597 3.9
      vertex 78.8541 -62.4597 5.9
    endloop
  endfacet
  facet normal 0.616613 0.787267 -0
    outer loop
      vertex 73.7754 -64.3858 3.9
      vertex 73.4617 -64.1401 5.9
      vertex 73.7754 -64.3858 5.9
    endloop
  endfacet
  facet normal 0.616613 0.787267 0
    outer loop
      vertex 73.4617 -64.1401 5.9
      vertex 73.7754 -64.3858 3.9
      vertex 73.4617 -64.1401 3.9
    endloop
  endfacet
  facet normal 0.410511 0.911856 -0
    outer loop
      vertex 74.4798 -64.7556 3.9
      vertex 74.1164 -64.592 5.9
      vertex 74.4798 -64.7556 5.9
    endloop
  endfacet
  facet normal 0.410511 0.911856 0
    outer loop
      vertex 74.1164 -64.592 5.9
      vertex 74.4798 -64.7556 3.9
      vertex 74.1164 -64.592 3.9
    endloop
  endfacet
  facet normal 0.297346 0.95477 -0
    outer loop
      vertex 74.8603 -64.8741 3.9
      vertex 74.4798 -64.7556 5.9
      vertex 74.8603 -64.8741 5.9
    endloop
  endfacet
  facet normal 0.297346 0.95477 0
    outer loop
      vertex 74.4798 -64.7556 5.9
      vertex 74.8603 -64.8741 3.9
      vertex 74.4798 -64.7556 3.9
    endloop
  endfacet
  facet normal 0.0604723 0.99817 -0
    outer loop
      vertex 75.65 -64.97 3.9
      vertex 75.2522 -64.9459 5.9
      vertex 75.65 -64.97 5.9
    endloop
  endfacet
  facet normal 0.0604723 0.99817 0
    outer loop
      vertex 75.2522 -64.9459 5.9
      vertex 75.65 -64.97 3.9
      vertex 75.2522 -64.9459 3.9
    endloop
  endfacet
  facet normal 0.787267 0.616613 1.80262e-18
    outer loop
      vertex 73.1799 -63.8583 5.9
      vertex 72.9342 -63.5446 3.9
      vertex 72.9342 -63.5446 5.9
    endloop
  endfacet
  facet normal 0.787267 0.616613 1.80262e-18
    outer loop
      vertex 72.9342 -63.5446 3.9
      vertex 73.1799 -63.8583 5.9
      vertex 73.1799 -63.8583 3.9
    endloop
  endfacet
  facet normal 0.911856 0.410511 -1.8576e-18
    outer loop
      vertex 72.728 -63.2036 5.9
      vertex 72.5644 -62.8402 3.9
      vertex 72.5644 -62.8402 5.9
    endloop
  endfacet
  facet normal 0.911856 0.410511 -1.8576e-18
    outer loop
      vertex 72.5644 -62.8402 3.9
      vertex 72.728 -63.2036 5.9
      vertex 72.728 -63.2036 3.9
    endloop
  endfacet
  facet normal 0.983628 0.180211 -1.47117e-18
    outer loop
      vertex 72.4459 -62.4597 5.9
      vertex 72.3741 -62.0678 3.9
      vertex 72.3741 -62.0678 5.9
    endloop
  endfacet
  facet normal 0.983628 0.180211 -1.47117e-18
    outer loop
      vertex 72.3741 -62.0678 3.9
      vertex 72.4459 -62.4597 5.9
      vertex 72.4459 -62.4597 3.9
    endloop
  endfacet
  facet normal -0.297346 0.95477 0
    outer loop
      vertex 76.8202 -64.7556 3.9
      vertex 76.4397 -64.8741 5.9
      vertex 76.8202 -64.7556 5.9
    endloop
  endfacet
  facet normal -0.297346 0.95477 0
    outer loop
      vertex 76.4397 -64.8741 5.9
      vertex 76.8202 -64.7556 3.9
      vertex 76.4397 -64.8741 3.9
    endloop
  endfacet
  facet normal -0.787267 0.616613 -1.80262e-18
    outer loop
      vertex 78.1201 -63.8583 3.9
      vertex 78.3658 -63.5446 5.9
      vertex 78.3658 -63.5446 3.9
    endloop
  endfacet
  facet normal -0.787267 0.616613 -1.80262e-18
    outer loop
      vertex 78.3658 -63.5446 5.9
      vertex 78.1201 -63.8583 3.9
      vertex 78.1201 -63.8583 5.9
    endloop
  endfacet
  facet normal -0.616613 0.787267 0
    outer loop
      vertex 77.8383 -64.1401 3.9
      vertex 77.5246 -64.3858 5.9
      vertex 77.8383 -64.1401 5.9
    endloop
  endfacet
  facet normal -0.616613 0.787267 0
    outer loop
      vertex 77.5246 -64.3858 5.9
      vertex 77.8383 -64.1401 3.9
      vertex 77.5246 -64.3858 3.9
    endloop
  endfacet
  facet normal -0.91195 0.410302 3.54979e-18
    outer loop
      vertex 78.572 -63.2036 3.9
      vertex 78.7355 -62.8402 5.9
      vertex 78.7355 -62.8402 3.9
    endloop
  endfacet
  facet normal -0.91195 0.410302 3.54979e-18
    outer loop
      vertex 78.7355 -62.8402 5.9
      vertex 78.572 -63.2036 3.9
      vertex 78.572 -63.2036 5.9
    endloop
  endfacet
  facet normal 0.517445 0.855716 -0
    outer loop
      vertex 74.1164 -64.592 3.9
      vertex 73.7754 -64.3858 5.9
      vertex 74.1164 -64.592 5.9
    endloop
  endfacet
  facet normal 0.517445 0.855716 0
    outer loop
      vertex 73.7754 -64.3858 5.9
      vertex 74.1164 -64.592 3.9
      vertex 73.7754 -64.3858 3.9
    endloop
  endfacet
  facet normal 0.180211 0.983628 -0
    outer loop
      vertex 75.2522 -64.9459 3.9
      vertex 74.8603 -64.8741 5.9
      vertex 75.2522 -64.9459 5.9
    endloop
  endfacet
  facet normal 0.180211 0.983628 0
    outer loop
      vertex 74.8603 -64.8741 5.9
      vertex 75.2522 -64.9459 3.9
      vertex 74.8603 -64.8741 3.9
    endloop
  endfacet
  facet normal -0.0604723 0.99817 0
    outer loop
      vertex 76.0478 -64.9459 3.9
      vertex 75.65 -64.97 5.9
      vertex 76.0478 -64.9459 5.9
    endloop
  endfacet
  facet normal -0.0604723 0.99817 0
    outer loop
      vertex 75.65 -64.97 5.9
      vertex 76.0478 -64.9459 3.9
      vertex 75.65 -64.97 3.9
    endloop
  endfacet
  facet normal 0.707107 0.707107 4.02129e-18
    outer loop
      vertex 73.4617 -64.1401 5.9
      vertex 73.1799 -63.8583 3.9
      vertex 73.1799 -63.8583 5.9
    endloop
  endfacet
  facet normal 0.707107 0.707107 4.02129e-18
    outer loop
      vertex 73.1799 -63.8583 3.9
      vertex 73.4617 -64.1401 5.9
      vertex 73.4617 -64.1401 3.9
    endloop
  endfacet
  facet normal 0.95477 0.297346 -2.51224e-18
    outer loop
      vertex 72.5644 -62.8402 5.9
      vertex 72.4459 -62.4597 3.9
      vertex 72.4459 -62.4597 5.9
    endloop
  endfacet
  facet normal 0.95477 0.297346 -2.51224e-18
    outer loop
      vertex 72.4459 -62.4597 3.9
      vertex 72.5644 -62.8402 5.9
      vertex 72.5644 -62.8402 3.9
    endloop
  endfacet
  facet normal -0.954698 0.297575 1.12639e-18
    outer loop
      vertex 78.7355 -62.8402 3.9
      vertex 78.8541 -62.4597 5.9
      vertex 78.8541 -62.4597 3.9
    endloop
  endfacet
  facet normal -0.954698 0.297575 1.12639e-18
    outer loop
      vertex 78.8541 -62.4597 5.9
      vertex 78.7355 -62.8402 3.9
      vertex 78.7355 -62.8402 5.9
    endloop
  endfacet
  facet normal -0.99817 -0.0604723 4.62274e-19
    outer loop
      vertex 96.95 -61.67 3.9
      vertex 96.9259 -61.2722 5.9
      vertex 96.9259 -61.2722 3.9
    endloop
  endfacet
  facet normal -0.99817 -0.0604723 4.62274e-19
    outer loop
      vertex 96.9259 -61.2722 5.9
      vertex 96.95 -61.67 3.9
      vertex 96.95 -61.67 5.9
    endloop
  endfacet
  facet normal 0.0604723 -0.99817 0
    outer loop
      vertex 93.2522 -58.3941 3.9
      vertex 93.65 -58.37 5.9
      vertex 93.2522 -58.3941 5.9
    endloop
  endfacet
  facet normal 0.0604723 -0.99817 0
    outer loop
      vertex 93.65 -58.37 5.9
      vertex 93.2522 -58.3941 3.9
      vertex 93.65 -58.37 3.9
    endloop
  endfacet
  facet normal -0.707107 -0.707107 -8.84174e-19
    outer loop
      vertex 96.1201 -59.4817 3.9
      vertex 95.8383 -59.1999 5.9
      vertex 95.8383 -59.1999 3.9
    endloop
  endfacet
  facet normal -0.707107 -0.707107 -8.84174e-19
    outer loop
      vertex 95.8383 -59.1999 5.9
      vertex 96.1201 -59.4817 3.9
      vertex 96.1201 -59.4817 5.9
    endloop
  endfacet
  facet normal 0.787267 -0.616613 1.70909e-18
    outer loop
      vertex 90.9342 -59.7954 5.9
      vertex 91.1799 -59.4817 3.9
      vertex 91.1799 -59.4817 5.9
    endloop
  endfacet
  facet normal 0.787267 -0.616613 1.70909e-18
    outer loop
      vertex 91.1799 -59.4817 3.9
      vertex 90.9342 -59.7954 5.9
      vertex 90.9342 -59.7954 3.9
    endloop
  endfacet
  facet normal 0.410511 -0.911856 0
    outer loop
      vertex 92.1164 -58.748 3.9
      vertex 92.4798 -58.5844 5.9
      vertex 92.1164 -58.748 5.9
    endloop
  endfacet
  facet normal 0.410511 -0.911856 0
    outer loop
      vertex 92.4798 -58.5844 5.9
      vertex 92.1164 -58.748 3.9
      vertex 92.4798 -58.5844 3.9
    endloop
  endfacet
  facet normal 0.787267 0.616613 1.80262e-18
    outer loop
      vertex 91.1799 -63.8583 5.9
      vertex 90.9342 -63.5446 3.9
      vertex 90.9342 -63.5446 5.9
    endloop
  endfacet
  facet normal 0.787267 0.616613 1.80262e-18
    outer loop
      vertex 90.9342 -63.5446 3.9
      vertex 91.1799 -63.8583 5.9
      vertex 91.1799 -63.8583 3.9
    endloop
  endfacet
  facet normal -0.954698 -0.297575 3.6937e-18
    outer loop
      vertex 96.8541 -60.8803 3.9
      vertex 96.7355 -60.4998 5.9
      vertex 96.7355 -60.4998 3.9
    endloop
  endfacet
  facet normal -0.954698 -0.297575 3.6937e-18
    outer loop
      vertex 96.7355 -60.4998 5.9
      vertex 96.8541 -60.8803 3.9
      vertex 96.8541 -60.8803 5.9
    endloop
  endfacet
  facet normal -0.983628 -0.180211 -1.47117e-18
    outer loop
      vertex 96.9259 -61.2722 3.9
      vertex 96.8541 -60.8803 5.9
      vertex 96.8541 -60.8803 3.9
    endloop
  endfacet
  facet normal -0.983628 -0.180211 -1.47117e-18
    outer loop
      vertex 96.8541 -60.8803 5.9
      vertex 96.9259 -61.2722 3.9
      vertex 96.9259 -61.2722 5.9
    endloop
  endfacet
  facet normal -0.855716 -0.517445 1.52191e-18
    outer loop
      vertex 96.572 -60.1364 3.9
      vertex 96.3658 -59.7954 5.9
      vertex 96.3658 -59.7954 3.9
    endloop
  endfacet
  facet normal -0.855716 -0.517445 1.52191e-18
    outer loop
      vertex 96.3658 -59.7954 5.9
      vertex 96.572 -60.1364 3.9
      vertex 96.572 -60.1364 5.9
    endloop
  endfacet
  facet normal -0.410511 -0.911856 0
    outer loop
      vertex 94.8202 -58.5844 3.9
      vertex 95.1836 -58.748 5.9
      vertex 94.8202 -58.5844 5.9
    endloop
  endfacet
  facet normal -0.410511 -0.911856 -0
    outer loop
      vertex 95.1836 -58.748 5.9
      vertex 94.8202 -58.5844 3.9
      vertex 95.1836 -58.748 3.9
    endloop
  endfacet
  facet normal -0.616613 -0.787267 0
    outer loop
      vertex 95.5246 -58.9542 3.9
      vertex 95.8383 -59.1999 5.9
      vertex 95.5246 -58.9542 5.9
    endloop
  endfacet
  facet normal -0.616613 -0.787267 -0
    outer loop
      vertex 95.8383 -59.1999 5.9
      vertex 95.5246 -58.9542 3.9
      vertex 95.8383 -59.1999 3.9
    endloop
  endfacet
  facet normal 0.95477 -0.297346 -3.19663e-18
    outer loop
      vertex 90.4459 -60.8803 5.9
      vertex 90.5644 -60.4998 3.9
      vertex 90.5644 -60.4998 5.9
    endloop
  endfacet
  facet normal 0.95477 -0.297346 -3.19663e-18
    outer loop
      vertex 90.5644 -60.4998 3.9
      vertex 90.4459 -60.8803 5.9
      vertex 90.4459 -60.8803 3.9
    endloop
  endfacet
  facet normal 0.911856 -0.410511 1.8576e-18
    outer loop
      vertex 90.5644 -60.4998 5.9
      vertex 90.728 -60.1364 3.9
      vertex 90.728 -60.1364 5.9
    endloop
  endfacet
  facet normal 0.911856 -0.410511 1.8576e-18
    outer loop
      vertex 90.728 -60.1364 3.9
      vertex 90.5644 -60.4998 5.9
      vertex 90.5644 -60.4998 3.9
    endloop
  endfacet
  facet normal 0.99817 -0.0604723 -4.62274e-19
    outer loop
      vertex 90.35 -61.67 5.9
      vertex 90.3741 -61.2722 3.9
      vertex 90.3741 -61.2722 5.9
    endloop
  endfacet
  facet normal 0.99817 -0.0604723 -4.62274e-19
    outer loop
      vertex 90.3741 -61.2722 3.9
      vertex 90.35 -61.67 5.9
      vertex 90.35 -61.67 3.9
    endloop
  endfacet
  facet normal 0.180211 -0.983628 0
    outer loop
      vertex 92.8603 -58.4659 3.9
      vertex 93.2522 -58.3941 5.9
      vertex 92.8603 -58.4659 5.9
    endloop
  endfacet
  facet normal 0.180211 -0.983628 0
    outer loop
      vertex 93.2522 -58.3941 5.9
      vertex 92.8603 -58.4659 3.9
      vertex 93.2522 -58.3941 3.9
    endloop
  endfacet
  facet normal -0.787267 0.616613 -1.80262e-18
    outer loop
      vertex 96.1201 -63.8583 3.9
      vertex 96.3658 -63.5446 5.9
      vertex 96.3658 -63.5446 3.9
    endloop
  endfacet
  facet normal -0.787267 0.616613 -1.80262e-18
    outer loop
      vertex 96.3658 -63.5446 5.9
      vertex 96.1201 -63.8583 3.9
      vertex 96.1201 -63.8583 5.9
    endloop
  endfacet
  facet normal -0.99817 0.0604723 -1.08501e-18
    outer loop
      vertex 96.9259 -62.0678 3.9
      vertex 96.95 -61.67 5.9
      vertex 96.95 -61.67 3.9
    endloop
  endfacet
  facet normal -0.99817 0.0604723 -1.08501e-18
    outer loop
      vertex 96.95 -61.67 5.9
      vertex 96.9259 -62.0678 3.9
      vertex 96.9259 -62.0678 5.9
    endloop
  endfacet
  facet normal 0.297346 0.95477 -0
    outer loop
      vertex 92.8603 -64.8741 3.9
      vertex 92.4798 -64.7556 5.9
      vertex 92.8603 -64.8741 5.9
    endloop
  endfacet
  facet normal 0.297346 0.95477 0
    outer loop
      vertex 92.4798 -64.7556 5.9
      vertex 92.8603 -64.8741 3.9
      vertex 92.4798 -64.7556 3.9
    endloop
  endfacet
  facet normal 0.95477 0.297346 -2.51224e-18
    outer loop
      vertex 90.5644 -62.8402 5.9
      vertex 90.4459 -62.4597 3.9
      vertex 90.4459 -62.4597 5.9
    endloop
  endfacet
  facet normal 0.95477 0.297346 -2.51224e-18
    outer loop
      vertex 90.4459 -62.4597 3.9
      vertex 90.5644 -62.8402 5.9
      vertex 90.5644 -62.8402 3.9
    endloop
  endfacet
  facet normal 0.855716 0.517445 1.52191e-18
    outer loop
      vertex 90.9342 -63.5446 5.9
      vertex 90.728 -63.2036 3.9
      vertex 90.728 -63.2036 5.9
    endloop
  endfacet
  facet normal 0.855716 0.517445 1.52191e-18
    outer loop
      vertex 90.728 -63.2036 3.9
      vertex 90.9342 -63.5446 5.9
      vertex 90.9342 -63.5446 3.9
    endloop
  endfacet
  facet normal 0.911856 0.410511 -1.8576e-18
    outer loop
      vertex 90.728 -63.2036 5.9
      vertex 90.5644 -62.8402 3.9
      vertex 90.5644 -62.8402 5.9
    endloop
  endfacet
  facet normal 0.911856 0.410511 -1.8576e-18
    outer loop
      vertex 90.5644 -62.8402 3.9
      vertex 90.728 -63.2036 5.9
      vertex 90.728 -63.2036 3.9
    endloop
  endfacet
  facet normal -0.91195 -0.410302 -3.54979e-18
    outer loop
      vertex 96.7355 -60.4998 3.9
      vertex 96.572 -60.1364 5.9
      vertex 96.572 -60.1364 3.9
    endloop
  endfacet
  facet normal -0.91195 -0.410302 -3.54979e-18
    outer loop
      vertex 96.572 -60.1364 5.9
      vertex 96.7355 -60.4998 3.9
      vertex 96.7355 -60.4998 5.9
    endloop
  endfacet
  facet normal -0.180211 -0.983628 0
    outer loop
      vertex 94.0478 -58.3941 3.9
      vertex 94.4397 -58.4659 5.9
      vertex 94.0478 -58.3941 5.9
    endloop
  endfacet
  facet normal -0.180211 -0.983628 -0
    outer loop
      vertex 94.4397 -58.4659 5.9
      vertex 94.0478 -58.3941 3.9
      vertex 94.4397 -58.4659 3.9
    endloop
  endfacet
  facet normal -0.517445 -0.855716 0
    outer loop
      vertex 95.1836 -58.748 3.9
      vertex 95.5246 -58.9542 5.9
      vertex 95.1836 -58.748 5.9
    endloop
  endfacet
  facet normal -0.517445 -0.855716 -0
    outer loop
      vertex 95.5246 -58.9542 5.9
      vertex 95.1836 -58.748 3.9
      vertex 95.5246 -58.9542 3.9
    endloop
  endfacet
  facet normal 0.855716 -0.517445 -1.52191e-18
    outer loop
      vertex 90.728 -60.1364 5.9
      vertex 90.9342 -59.7954 3.9
      vertex 90.9342 -59.7954 5.9
    endloop
  endfacet
  facet normal 0.855716 -0.517445 -1.52191e-18
    outer loop
      vertex 90.9342 -59.7954 3.9
      vertex 90.728 -60.1364 5.9
      vertex 90.728 -60.1364 3.9
    endloop
  endfacet
  facet normal 0.99817 0.0604723 1.08501e-18
    outer loop
      vertex 90.3741 -62.0678 5.9
      vertex 90.35 -61.67 3.9
      vertex 90.35 -61.67 5.9
    endloop
  endfacet
  facet normal 0.99817 0.0604723 1.08501e-18
    outer loop
      vertex 90.35 -61.67 3.9
      vertex 90.3741 -62.0678 5.9
      vertex 90.3741 -62.0678 3.9
    endloop
  endfacet
  facet normal 0.983628 -0.180211 1.47117e-18
    outer loop
      vertex 90.3741 -61.2722 5.9
      vertex 90.4459 -60.8803 3.9
      vertex 90.4459 -60.8803 5.9
    endloop
  endfacet
  facet normal 0.983628 -0.180211 1.47117e-18
    outer loop
      vertex 90.4459 -60.8803 3.9
      vertex 90.3741 -61.2722 5.9
      vertex 90.3741 -61.2722 3.9
    endloop
  endfacet
  facet normal 0.517445 -0.855716 0
    outer loop
      vertex 91.7754 -58.9542 3.9
      vertex 92.1164 -58.748 5.9
      vertex 91.7754 -58.9542 5.9
    endloop
  endfacet
  facet normal 0.517445 -0.855716 0
    outer loop
      vertex 92.1164 -58.748 5.9
      vertex 91.7754 -58.9542 3.9
      vertex 92.1164 -58.748 3.9
    endloop
  endfacet
  facet normal 0.616613 -0.787267 0
    outer loop
      vertex 91.4617 -59.1999 3.9
      vertex 91.7754 -58.9542 5.9
      vertex 91.4617 -59.1999 5.9
    endloop
  endfacet
  facet normal 0.616613 -0.787267 0
    outer loop
      vertex 91.7754 -58.9542 5.9
      vertex 91.4617 -59.1999 3.9
      vertex 91.7754 -58.9542 3.9
    endloop
  endfacet
  facet normal 0.297346 -0.95477 0
    outer loop
      vertex 92.4798 -58.5844 3.9
      vertex 92.8603 -58.4659 5.9
      vertex 92.4798 -58.5844 5.9
    endloop
  endfacet
  facet normal 0.297346 -0.95477 0
    outer loop
      vertex 92.8603 -58.4659 5.9
      vertex 92.4798 -58.5844 3.9
      vertex 92.8603 -58.4659 3.9
    endloop
  endfacet
  facet normal -0.410511 0.911856 0
    outer loop
      vertex 95.1836 -64.592 3.9
      vertex 94.8202 -64.7556 5.9
      vertex 95.1836 -64.592 5.9
    endloop
  endfacet
  facet normal -0.410511 0.911856 0
    outer loop
      vertex 94.8202 -64.7556 5.9
      vertex 95.1836 -64.592 3.9
      vertex 94.8202 -64.7556 3.9
    endloop
  endfacet
  facet normal -0.180211 0.983628 0
    outer loop
      vertex 94.4397 -64.8741 3.9
      vertex 94.0478 -64.9459 5.9
      vertex 94.4397 -64.8741 5.9
    endloop
  endfacet
  facet normal -0.180211 0.983628 0
    outer loop
      vertex 94.0478 -64.9459 5.9
      vertex 94.4397 -64.8741 3.9
      vertex 94.0478 -64.9459 3.9
    endloop
  endfacet
  facet normal -0.297346 0.95477 0
    outer loop
      vertex 94.8202 -64.7556 3.9
      vertex 94.4397 -64.8741 5.9
      vertex 94.8202 -64.7556 5.9
    endloop
  endfacet
  facet normal -0.297346 0.95477 0
    outer loop
      vertex 94.4397 -64.8741 5.9
      vertex 94.8202 -64.7556 3.9
      vertex 94.4397 -64.8741 3.9
    endloop
  endfacet
  facet normal -0.517445 0.855716 0
    outer loop
      vertex 95.5246 -64.3858 3.9
      vertex 95.1836 -64.592 5.9
      vertex 95.5246 -64.3858 5.9
    endloop
  endfacet
  facet normal -0.517445 0.855716 0
    outer loop
      vertex 95.1836 -64.592 5.9
      vertex 95.5246 -64.3858 3.9
      vertex 95.1836 -64.592 3.9
    endloop
  endfacet
  facet normal -0.707107 0.707107 0
    outer loop
      vertex 96.1201 -63.8583 3.9
      vertex 95.8383 -64.1401 5.9
      vertex 96.1201 -63.8583 5.9
    endloop
  endfacet
  facet normal -0.707107 0.707107 0
    outer loop
      vertex 95.8383 -64.1401 5.9
      vertex 96.1201 -63.8583 3.9
      vertex 95.8383 -64.1401 3.9
    endloop
  endfacet
  facet normal -0.616613 0.787267 0
    outer loop
      vertex 95.8383 -64.1401 3.9
      vertex 95.5246 -64.3858 5.9
      vertex 95.8383 -64.1401 5.9
    endloop
  endfacet
  facet normal -0.616613 0.787267 0
    outer loop
      vertex 95.5246 -64.3858 5.9
      vertex 95.8383 -64.1401 3.9
      vertex 95.5246 -64.3858 3.9
    endloop
  endfacet
  facet normal -0.855716 0.517445 -1.52191e-18
    outer loop
      vertex 96.3658 -63.5446 3.9
      vertex 96.572 -63.2036 5.9
      vertex 96.572 -63.2036 3.9
    endloop
  endfacet
  facet normal -0.855716 0.517445 -1.52191e-18
    outer loop
      vertex 96.572 -63.2036 5.9
      vertex 96.3658 -63.5446 3.9
      vertex 96.3658 -63.5446 5.9
    endloop
  endfacet
  facet normal -0.954698 0.297575 1.12639e-18
    outer loop
      vertex 96.7355 -62.8402 3.9
      vertex 96.8541 -62.4597 5.9
      vertex 96.8541 -62.4597 3.9
    endloop
  endfacet
  facet normal -0.954698 0.297575 1.12639e-18
    outer loop
      vertex 96.8541 -62.4597 5.9
      vertex 96.7355 -62.8402 3.9
      vertex 96.7355 -62.8402 5.9
    endloop
  endfacet
  facet normal -0.983628 0.180211 1.47117e-18
    outer loop
      vertex 96.8541 -62.4597 3.9
      vertex 96.9259 -62.0678 5.9
      vertex 96.9259 -62.0678 3.9
    endloop
  endfacet
  facet normal -0.983628 0.180211 1.47117e-18
    outer loop
      vertex 96.9259 -62.0678 5.9
      vertex 96.8541 -62.4597 3.9
      vertex 96.8541 -62.4597 5.9
    endloop
  endfacet
  facet normal 0.0604723 0.99817 -0
    outer loop
      vertex 93.65 -64.97 3.9
      vertex 93.2522 -64.9459 5.9
      vertex 93.65 -64.97 5.9
    endloop
  endfacet
  facet normal 0.0604723 0.99817 0
    outer loop
      vertex 93.2522 -64.9459 5.9
      vertex 93.65 -64.97 3.9
      vertex 93.2522 -64.9459 3.9
    endloop
  endfacet
  facet normal 0.517445 0.855716 -0
    outer loop
      vertex 92.1164 -64.592 3.9
      vertex 91.7754 -64.3858 5.9
      vertex 92.1164 -64.592 5.9
    endloop
  endfacet
  facet normal 0.517445 0.855716 0
    outer loop
      vertex 91.7754 -64.3858 5.9
      vertex 92.1164 -64.592 3.9
      vertex 91.7754 -64.3858 3.9
    endloop
  endfacet
  facet normal 0.616613 0.787267 -0
    outer loop
      vertex 91.7754 -64.3858 3.9
      vertex 91.4617 -64.1401 5.9
      vertex 91.7754 -64.3858 5.9
    endloop
  endfacet
  facet normal 0.616613 0.787267 0
    outer loop
      vertex 91.4617 -64.1401 5.9
      vertex 91.7754 -64.3858 3.9
      vertex 91.4617 -64.1401 3.9
    endloop
  endfacet
  facet normal 0.410511 0.911856 -0
    outer loop
      vertex 92.4798 -64.7556 3.9
      vertex 92.1164 -64.592 5.9
      vertex 92.4798 -64.7556 5.9
    endloop
  endfacet
  facet normal 0.410511 0.911856 0
    outer loop
      vertex 92.1164 -64.592 5.9
      vertex 92.4798 -64.7556 3.9
      vertex 92.1164 -64.592 3.9
    endloop
  endfacet
  facet normal -0.0604723 0.99817 0
    outer loop
      vertex 94.0478 -64.9459 3.9
      vertex 93.65 -64.97 5.9
      vertex 94.0478 -64.9459 5.9
    endloop
  endfacet
  facet normal -0.0604723 0.99817 0
    outer loop
      vertex 93.65 -64.97 5.9
      vertex 94.0478 -64.9459 3.9
      vertex 93.65 -64.97 3.9
    endloop
  endfacet
  facet normal 0.707107 0.707107 4.02129e-18
    outer loop
      vertex 91.4617 -64.1401 5.9
      vertex 91.1799 -63.8583 3.9
      vertex 91.1799 -63.8583 5.9
    endloop
  endfacet
  facet normal 0.707107 0.707107 4.02129e-18
    outer loop
      vertex 91.1799 -63.8583 3.9
      vertex 91.4617 -64.1401 5.9
      vertex 91.4617 -64.1401 3.9
    endloop
  endfacet
  facet normal 0.983628 0.180211 -1.47117e-18
    outer loop
      vertex 90.4459 -62.4597 5.9
      vertex 90.3741 -62.0678 3.9
      vertex 90.3741 -62.0678 5.9
    endloop
  endfacet
  facet normal 0.983628 0.180211 -1.47117e-18
    outer loop
      vertex 90.3741 -62.0678 3.9
      vertex 90.4459 -62.4597 5.9
      vertex 90.4459 -62.4597 3.9
    endloop
  endfacet
  facet normal -0.787267 -0.616613 -1.70909e-18
    outer loop
      vertex 96.3658 -59.7954 3.9
      vertex 96.1201 -59.4817 5.9
      vertex 96.1201 -59.4817 3.9
    endloop
  endfacet
  facet normal -0.787267 -0.616613 -1.70909e-18
    outer loop
      vertex 96.1201 -59.4817 5.9
      vertex 96.3658 -59.7954 3.9
      vertex 96.3658 -59.7954 5.9
    endloop
  endfacet
  facet normal -0.0604723 -0.99817 0
    outer loop
      vertex 93.65 -58.37 3.9
      vertex 94.0478 -58.3941 5.9
      vertex 93.65 -58.37 5.9
    endloop
  endfacet
  facet normal -0.0604723 -0.99817 -0
    outer loop
      vertex 94.0478 -58.3941 5.9
      vertex 93.65 -58.37 3.9
      vertex 94.0478 -58.3941 3.9
    endloop
  endfacet
  facet normal -0.297346 -0.95477 0
    outer loop
      vertex 94.4397 -58.4659 3.9
      vertex 94.8202 -58.5844 5.9
      vertex 94.4397 -58.4659 5.9
    endloop
  endfacet
  facet normal -0.297346 -0.95477 -0
    outer loop
      vertex 94.8202 -58.5844 5.9
      vertex 94.4397 -58.4659 3.9
      vertex 94.8202 -58.5844 3.9
    endloop
  endfacet
  facet normal 0.707107 -0.707107 8.84174e-19
    outer loop
      vertex 91.1799 -59.4817 5.9
      vertex 91.4617 -59.1999 3.9
      vertex 91.4617 -59.1999 5.9
    endloop
  endfacet
  facet normal 0.707107 -0.707107 8.84174e-19
    outer loop
      vertex 91.4617 -59.1999 3.9
      vertex 91.1799 -59.4817 5.9
      vertex 91.1799 -59.4817 3.9
    endloop
  endfacet
  facet normal -0.91195 0.410302 3.54979e-18
    outer loop
      vertex 96.572 -63.2036 3.9
      vertex 96.7355 -62.8402 5.9
      vertex 96.7355 -62.8402 3.9
    endloop
  endfacet
  facet normal -0.91195 0.410302 3.54979e-18
    outer loop
      vertex 96.7355 -62.8402 5.9
      vertex 96.572 -63.2036 3.9
      vertex 96.572 -63.2036 5.9
    endloop
  endfacet
  facet normal 0.180211 0.983628 -0
    outer loop
      vertex 93.2522 -64.9459 3.9
      vertex 92.8603 -64.8741 5.9
      vertex 93.2522 -64.9459 5.9
    endloop
  endfacet
  facet normal 0.180211 0.983628 0
    outer loop
      vertex 92.8603 -64.8741 5.9
      vertex 93.2522 -64.9459 3.9
      vertex 92.8603 -64.8741 3.9
    endloop
  endfacet
  facet normal -0.998185 -0.0602223 -9.54318e-19
    outer loop
      vertex 114.95 -61.67 3.9
      vertex 114.926 -61.2722 5.9
      vertex 114.926 -61.2722 3.9
    endloop
  endfacet
  facet normal -0.998185 -0.0602223 -9.54318e-19
    outer loop
      vertex 114.926 -61.2722 5.9
      vertex 114.95 -61.67 3.9
      vertex 114.95 -61.67 5.9
    endloop
  endfacet
  facet normal 0.0604421 -0.998172 0
    outer loop
      vertex 111.252 -58.3941 3.9
      vertex 111.65 -58.37 5.9
      vertex 111.252 -58.3941 5.9
    endloop
  endfacet
  facet normal 0.0604421 -0.998172 0
    outer loop
      vertex 111.65 -58.37 5.9
      vertex 111.252 -58.3941 3.9
      vertex 111.65 -58.37 3.9
    endloop
  endfacet
  facet normal -0.706856 -0.707358 -1.68273e-18
    outer loop
      vertex 114.12 -59.4817 3.9
      vertex 113.838 -59.1999 5.9
      vertex 113.838 -59.1999 3.9
    endloop
  endfacet
  facet normal -0.706856 -0.707358 -1.68273e-18
    outer loop
      vertex 113.838 -59.1999 5.9
      vertex 114.12 -59.4817 3.9
      vertex 114.12 -59.4817 5.9
    endloop
  endfacet
  facet normal 0.786901 -0.617079 8.52446e-18
    outer loop
      vertex 108.934 -59.7954 5.9
      vertex 109.18 -59.4817 3.9
      vertex 109.18 -59.4817 5.9
    endloop
  endfacet
  facet normal 0.786901 -0.617079 8.52446e-18
    outer loop
      vertex 109.18 -59.4817 3.9
      vertex 108.934 -59.7954 5.9
      vertex 108.934 -59.7954 3.9
    endloop
  endfacet
  facet normal 0.409948 -0.912109 0
    outer loop
      vertex 110.116 -58.748 3.9
      vertex 110.48 -58.5844 5.9
      vertex 110.116 -58.748 5.9
    endloop
  endfacet
  facet normal 0.409948 -0.912109 0
    outer loop
      vertex 110.48 -58.5844 5.9
      vertex 110.116 -58.748 3.9
      vertex 110.48 -58.5844 3.9
    endloop
  endfacet
  facet normal -0.855939 0.517077 -4.31178e-18
    outer loop
      vertex 114.366 -63.5446 3.9
      vertex 114.572 -63.2036 5.9
      vertex 114.572 -63.2036 3.9
    endloop
  endfacet
  facet normal -0.855939 0.517077 -4.31178e-18
    outer loop
      vertex 114.572 -63.2036 5.9
      vertex 114.366 -63.5446 3.9
      vertex 114.366 -63.5446 5.9
    endloop
  endfacet
  facet normal 0.786901 0.617079 -7.69156e-18
    outer loop
      vertex 109.18 -63.8583 5.9
      vertex 108.934 -63.5446 3.9
      vertex 108.934 -63.5446 5.9
    endloop
  endfacet
  facet normal 0.786901 0.617079 -7.69156e-18
    outer loop
      vertex 108.934 -63.5446 3.9
      vertex 109.18 -63.8583 5.9
      vertex 109.18 -63.8583 3.9
    endloop
  endfacet
  facet normal -0.955125 -0.296202 -2.06242e-18
    outer loop
      vertex 114.854 -60.8803 3.9
      vertex 114.736 -60.4998 5.9
      vertex 114.736 -60.4998 3.9
    endloop
  endfacet
  facet normal -0.955125 -0.296202 -2.06242e-18
    outer loop
      vertex 114.736 -60.4998 5.9
      vertex 114.854 -60.8803 3.9
      vertex 114.854 -60.8803 5.9
    endloop
  endfacet
  facet normal -0.983539 -0.180696 -9.99113e-19
    outer loop
      vertex 114.926 -61.2722 3.9
      vertex 114.854 -60.8803 5.9
      vertex 114.854 -60.8803 3.9
    endloop
  endfacet
  facet normal -0.983539 -0.180696 -9.99113e-19
    outer loop
      vertex 114.854 -60.8803 5.9
      vertex 114.926 -61.2722 3.9
      vertex 114.926 -61.2722 5.9
    endloop
  endfacet
  facet normal -0.855939 -0.517077 4.31178e-18
    outer loop
      vertex 114.572 -60.1364 3.9
      vertex 114.366 -59.7954 5.9
      vertex 114.366 -59.7954 3.9
    endloop
  endfacet
  facet normal -0.855939 -0.517077 4.31178e-18
    outer loop
      vertex 114.366 -59.7954 5.9
      vertex 114.572 -60.1364 3.9
      vertex 114.572 -60.1364 5.9
    endloop
  endfacet
  facet normal -0.409948 -0.912109 0
    outer loop
      vertex 112.82 -58.5844 3.9
      vertex 113.184 -58.748 5.9
      vertex 112.82 -58.5844 5.9
    endloop
  endfacet
  facet normal -0.409948 -0.912109 -0
    outer loop
      vertex 113.184 -58.748 5.9
      vertex 112.82 -58.5844 3.9
      vertex 113.184 -58.748 3.9
    endloop
  endfacet
  facet normal -0.617466 -0.786597 0
    outer loop
      vertex 113.525 -58.9542 3.9
      vertex 113.838 -59.1999 5.9
      vertex 113.525 -58.9542 5.9
    endloop
  endfacet
  facet normal -0.617466 -0.786597 -0
    outer loop
      vertex 113.838 -59.1999 5.9
      vertex 113.525 -58.9542 3.9
      vertex 113.838 -59.1999 3.9
    endloop
  endfacet
  facet normal 0.955125 -0.296202 2.06242e-18
    outer loop
      vertex 108.446 -60.8803 5.9
      vertex 108.564 -60.4998 3.9
      vertex 108.564 -60.4998 5.9
    endloop
  endfacet
  facet normal 0.955125 -0.296202 2.06242e-18
    outer loop
      vertex 108.564 -60.4998 3.9
      vertex 108.446 -60.8803 5.9
      vertex 108.446 -60.8803 3.9
    endloop
  endfacet
  facet normal 0.91148 -0.411345 4.0281e-18
    outer loop
      vertex 108.564 -60.4998 5.9
      vertex 108.728 -60.1364 3.9
      vertex 108.728 -60.1364 5.9
    endloop
  endfacet
  facet normal 0.91148 -0.411345 4.0281e-18
    outer loop
      vertex 108.728 -60.1364 3.9
      vertex 108.564 -60.4998 5.9
      vertex 108.564 -60.4998 3.9
    endloop
  endfacet
  facet normal 0.998185 -0.0602223 9.54318e-19
    outer loop
      vertex 108.35 -61.67 5.9
      vertex 108.374 -61.2722 3.9
      vertex 108.374 -61.2722 5.9
    endloop
  endfacet
  facet normal 0.998185 -0.0602223 9.54318e-19
    outer loop
      vertex 108.374 -61.2722 3.9
      vertex 108.35 -61.67 5.9
      vertex 108.35 -61.67 3.9
    endloop
  endfacet
  facet normal 0.180166 -0.983636 0
    outer loop
      vertex 110.86 -58.4659 3.9
      vertex 111.252 -58.3941 5.9
      vertex 110.86 -58.4659 5.9
    endloop
  endfacet
  facet normal 0.180166 -0.983636 0
    outer loop
      vertex 111.252 -58.3941 5.9
      vertex 110.86 -58.4659 3.9
      vertex 111.252 -58.3941 3.9
    endloop
  endfacet
  facet normal -0.786901 0.617079 -5.7283e-18
    outer loop
      vertex 114.12 -63.8583 3.9
      vertex 114.366 -63.5446 5.9
      vertex 114.366 -63.5446 3.9
    endloop
  endfacet
  facet normal -0.786901 0.617079 -5.7283e-18
    outer loop
      vertex 114.366 -63.5446 5.9
      vertex 114.12 -63.8583 3.9
      vertex 114.12 -63.8583 5.9
    endloop
  endfacet
  facet normal -0.998185 0.0602223 -5.61113e-19
    outer loop
      vertex 114.926 -62.0678 3.9
      vertex 114.95 -61.67 5.9
      vertex 114.95 -61.67 3.9
    endloop
  endfacet
  facet normal -0.998185 0.0602223 -5.61113e-19
    outer loop
      vertex 114.95 -61.67 5.9
      vertex 114.926 -62.0678 3.9
      vertex 114.926 -62.0678 5.9
    endloop
  endfacet
  facet normal 0.297703 0.954659 -0
    outer loop
      vertex 110.86 -64.8741 3.9
      vertex 110.48 -64.7556 5.9
      vertex 110.86 -64.8741 5.9
    endloop
  endfacet
  facet normal 0.297703 0.954659 0
    outer loop
      vertex 110.48 -64.7556 5.9
      vertex 110.86 -64.8741 3.9
      vertex 110.48 -64.7556 3.9
    endloop
  endfacet
  facet normal 0.855939 0.517077 4.31178e-18
    outer loop
      vertex 108.934 -63.5446 5.9
      vertex 108.728 -63.2036 3.9
      vertex 108.728 -63.2036 5.9
    endloop
  endfacet
  facet normal 0.855939 0.517077 4.31178e-18
    outer loop
      vertex 108.728 -63.2036 3.9
      vertex 108.934 -63.5446 5.9
      vertex 108.934 -63.5446 3.9
    endloop
  endfacet
  facet normal 0.91148 0.411345 -4.0281e-18
    outer loop
      vertex 108.728 -63.2036 5.9
      vertex 108.564 -62.8402 3.9
      vertex 108.564 -62.8402 5.9
    endloop
  endfacet
  facet normal 0.91148 0.411345 -4.0281e-18
    outer loop
      vertex 108.564 -62.8402 3.9
      vertex 108.728 -63.2036 5.9
      vertex 108.728 -63.2036 3.9
    endloop
  endfacet
  facet normal -0.91148 -0.411345 -4.0281e-18
    outer loop
      vertex 114.736 -60.4998 3.9
      vertex 114.572 -60.1364 5.9
      vertex 114.572 -60.1364 3.9
    endloop
  endfacet
  facet normal -0.91148 -0.411345 -4.0281e-18
    outer loop
      vertex 114.572 -60.1364 5.9
      vertex 114.736 -60.4998 3.9
      vertex 114.736 -60.4998 5.9
    endloop
  endfacet
  facet normal -0.180166 -0.983636 0
    outer loop
      vertex 112.048 -58.3941 3.9
      vertex 112.44 -58.4659 5.9
      vertex 112.048 -58.3941 5.9
    endloop
  endfacet
  facet normal -0.180166 -0.983636 -0
    outer loop
      vertex 112.44 -58.4659 5.9
      vertex 112.048 -58.3941 3.9
      vertex 112.44 -58.4659 3.9
    endloop
  endfacet
  facet normal -0.517445 -0.855716 0
    outer loop
      vertex 113.184 -58.748 3.9
      vertex 113.525 -58.9542 5.9
      vertex 113.184 -58.748 5.9
    endloop
  endfacet
  facet normal -0.517445 -0.855716 -0
    outer loop
      vertex 113.525 -58.9542 5.9
      vertex 113.184 -58.748 3.9
      vertex 113.525 -58.9542 3.9
    endloop
  endfacet
  facet normal 0.855939 -0.517077 -4.31178e-18
    outer loop
      vertex 108.728 -60.1364 5.9
      vertex 108.934 -59.7954 3.9
      vertex 108.934 -59.7954 5.9
    endloop
  endfacet
  facet normal 0.855939 -0.517077 -4.31178e-18
    outer loop
      vertex 108.934 -59.7954 3.9
      vertex 108.728 -60.1364 5.9
      vertex 108.728 -60.1364 3.9
    endloop
  endfacet
  facet normal 0.998185 0.0602223 5.61113e-19
    outer loop
      vertex 108.374 -62.0678 5.9
      vertex 108.35 -61.67 3.9
      vertex 108.35 -61.67 5.9
    endloop
  endfacet
  facet normal 0.998185 0.0602223 5.61113e-19
    outer loop
      vertex 108.35 -61.67 3.9
      vertex 108.374 -62.0678 5.9
      vertex 108.374 -62.0678 3.9
    endloop
  endfacet
  facet normal 0.983539 -0.180696 9.99113e-19
    outer loop
      vertex 108.374 -61.2722 5.9
      vertex 108.446 -60.8803 3.9
      vertex 108.446 -60.8803 5.9
    endloop
  endfacet
  facet normal 0.983539 -0.180696 9.99113e-19
    outer loop
      vertex 108.446 -60.8803 3.9
      vertex 108.374 -61.2722 5.9
      vertex 108.374 -61.2722 3.9
    endloop
  endfacet
  facet normal 0.517445 -0.855716 0
    outer loop
      vertex 109.775 -58.9542 3.9
      vertex 110.116 -58.748 5.9
      vertex 109.775 -58.9542 5.9
    endloop
  endfacet
  facet normal 0.517445 -0.855716 0
    outer loop
      vertex 110.116 -58.748 5.9
      vertex 109.775 -58.9542 3.9
      vertex 110.116 -58.748 3.9
    endloop
  endfacet
  facet normal 0.617466 -0.786597 0
    outer loop
      vertex 109.462 -59.1999 3.9
      vertex 109.775 -58.9542 5.9
      vertex 109.462 -59.1999 5.9
    endloop
  endfacet
  facet normal 0.617466 -0.786597 0
    outer loop
      vertex 109.775 -58.9542 5.9
      vertex 109.462 -59.1999 3.9
      vertex 109.775 -58.9542 3.9
    endloop
  endfacet
  facet normal 0.706856 -0.707358 -5.92356e-18
    outer loop
      vertex 109.18 -59.4817 5.9
      vertex 109.462 -59.1999 3.9
      vertex 109.462 -59.1999 5.9
    endloop
  endfacet
  facet normal 0.706856 -0.707358 -5.92356e-18
    outer loop
      vertex 109.462 -59.1999 3.9
      vertex 109.18 -59.4817 5.9
      vertex 109.18 -59.4817 3.9
    endloop
  endfacet
  facet normal 0.297703 -0.954659 0
    outer loop
      vertex 110.48 -58.5844 3.9
      vertex 110.86 -58.4659 5.9
      vertex 110.48 -58.5844 5.9
    endloop
  endfacet
  facet normal 0.297703 -0.954659 0
    outer loop
      vertex 110.86 -58.4659 5.9
      vertex 110.48 -58.5844 3.9
      vertex 110.86 -58.4659 3.9
    endloop
  endfacet
  facet normal -0.409948 0.912109 0
    outer loop
      vertex 113.184 -64.592 3.9
      vertex 112.82 -64.7556 5.9
      vertex 113.184 -64.592 5.9
    endloop
  endfacet
  facet normal -0.409948 0.912109 0
    outer loop
      vertex 112.82 -64.7556 5.9
      vertex 113.184 -64.592 3.9
      vertex 112.82 -64.7556 3.9
    endloop
  endfacet
  facet normal -0.180166 0.983636 0
    outer loop
      vertex 112.44 -64.8741 3.9
      vertex 112.048 -64.9459 5.9
      vertex 112.44 -64.8741 5.9
    endloop
  endfacet
  facet normal -0.180166 0.983636 0
    outer loop
      vertex 112.048 -64.9459 5.9
      vertex 112.44 -64.8741 3.9
      vertex 112.048 -64.9459 3.9
    endloop
  endfacet
  facet normal -0.297703 0.954659 0
    outer loop
      vertex 112.82 -64.7556 3.9
      vertex 112.44 -64.8741 5.9
      vertex 112.82 -64.7556 5.9
    endloop
  endfacet
  facet normal -0.297703 0.954659 0
    outer loop
      vertex 112.44 -64.8741 5.9
      vertex 112.82 -64.7556 3.9
      vertex 112.44 -64.8741 3.9
    endloop
  endfacet
  facet normal -0.517445 0.855716 0
    outer loop
      vertex 113.525 -64.3858 3.9
      vertex 113.184 -64.592 5.9
      vertex 113.525 -64.3858 5.9
    endloop
  endfacet
  facet normal -0.517445 0.855716 0
    outer loop
      vertex 113.184 -64.592 5.9
      vertex 113.525 -64.3858 3.9
      vertex 113.184 -64.592 3.9
    endloop
  endfacet
  facet normal -0.706856 0.707358 0
    outer loop
      vertex 114.12 -63.8583 3.9
      vertex 113.838 -64.1401 5.9
      vertex 114.12 -63.8583 5.9
    endloop
  endfacet
  facet normal -0.706856 0.707358 0
    outer loop
      vertex 113.838 -64.1401 5.9
      vertex 114.12 -63.8583 3.9
      vertex 113.838 -64.1401 3.9
    endloop
  endfacet
  facet normal -0.983539 0.180696 9.99113e-19
    outer loop
      vertex 114.854 -62.4597 3.9
      vertex 114.926 -62.0678 5.9
      vertex 114.926 -62.0678 3.9
    endloop
  endfacet
  facet normal -0.983539 0.180696 9.99113e-19
    outer loop
      vertex 114.926 -62.0678 5.9
      vertex 114.854 -62.4597 3.9
      vertex 114.854 -62.4597 5.9
    endloop
  endfacet
  facet normal 0.0604421 0.998172 -0
    outer loop
      vertex 111.65 -64.97 3.9
      vertex 111.252 -64.9459 5.9
      vertex 111.65 -64.97 5.9
    endloop
  endfacet
  facet normal 0.0604421 0.998172 0
    outer loop
      vertex 111.252 -64.9459 5.9
      vertex 111.65 -64.97 3.9
      vertex 111.252 -64.9459 3.9
    endloop
  endfacet
  facet normal 0.517445 0.855716 -0
    outer loop
      vertex 110.116 -64.592 3.9
      vertex 109.775 -64.3858 5.9
      vertex 110.116 -64.592 5.9
    endloop
  endfacet
  facet normal 0.517445 0.855716 0
    outer loop
      vertex 109.775 -64.3858 5.9
      vertex 110.116 -64.592 3.9
      vertex 109.775 -64.3858 3.9
    endloop
  endfacet
  facet normal 0.617466 0.786597 -0
    outer loop
      vertex 109.775 -64.3858 3.9
      vertex 109.462 -64.1401 5.9
      vertex 109.775 -64.3858 5.9
    endloop
  endfacet
  facet normal 0.617466 0.786597 0
    outer loop
      vertex 109.462 -64.1401 5.9
      vertex 109.775 -64.3858 3.9
      vertex 109.462 -64.1401 3.9
    endloop
  endfacet
  facet normal 0.409948 0.912109 -0
    outer loop
      vertex 110.48 -64.7556 3.9
      vertex 110.116 -64.592 5.9
      vertex 110.48 -64.7556 5.9
    endloop
  endfacet
  facet normal 0.409948 0.912109 0
    outer loop
      vertex 110.116 -64.592 5.9
      vertex 110.48 -64.7556 3.9
      vertex 110.116 -64.592 3.9
    endloop
  endfacet
  facet normal -0.0604421 0.998172 0
    outer loop
      vertex 112.048 -64.9459 3.9
      vertex 111.65 -64.97 5.9
      vertex 112.048 -64.9459 5.9
    endloop
  endfacet
  facet normal -0.0604421 0.998172 0
    outer loop
      vertex 111.65 -64.97 5.9
      vertex 112.048 -64.9459 3.9
      vertex 111.65 -64.97 3.9
    endloop
  endfacet
  facet normal 0.706856 0.707358 -4.80174e-18
    outer loop
      vertex 109.462 -64.1401 5.9
      vertex 109.18 -63.8583 3.9
      vertex 109.18 -63.8583 5.9
    endloop
  endfacet
  facet normal 0.706856 0.707358 -4.80174e-18
    outer loop
      vertex 109.18 -63.8583 3.9
      vertex 109.462 -64.1401 5.9
      vertex 109.462 -64.1401 3.9
    endloop
  endfacet
  facet normal 0.983539 0.180696 -9.99113e-19
    outer loop
      vertex 108.446 -62.4597 5.9
      vertex 108.374 -62.0678 3.9
      vertex 108.374 -62.0678 5.9
    endloop
  endfacet
  facet normal 0.983539 0.180696 -9.99113e-19
    outer loop
      vertex 108.374 -62.0678 3.9
      vertex 108.446 -62.4597 5.9
      vertex 108.446 -62.4597 3.9
    endloop
  endfacet
  facet normal -0.786901 -0.617079 4.8954e-18
    outer loop
      vertex 114.366 -59.7954 3.9
      vertex 114.12 -59.4817 5.9
      vertex 114.12 -59.4817 3.9
    endloop
  endfacet
  facet normal -0.786901 -0.617079 4.8954e-18
    outer loop
      vertex 114.12 -59.4817 5.9
      vertex 114.366 -59.7954 3.9
      vertex 114.366 -59.7954 5.9
    endloop
  endfacet
  facet normal -0.0604421 -0.998172 0
    outer loop
      vertex 111.65 -58.37 3.9
      vertex 112.048 -58.3941 5.9
      vertex 111.65 -58.37 5.9
    endloop
  endfacet
  facet normal -0.0604421 -0.998172 -0
    outer loop
      vertex 112.048 -58.3941 5.9
      vertex 111.65 -58.37 3.9
      vertex 112.048 -58.3941 3.9
    endloop
  endfacet
  facet normal -0.297703 -0.954659 0
    outer loop
      vertex 112.44 -58.4659 3.9
      vertex 112.82 -58.5844 5.9
      vertex 112.44 -58.4659 5.9
    endloop
  endfacet
  facet normal -0.297703 -0.954659 -0
    outer loop
      vertex 112.82 -58.5844 5.9
      vertex 112.44 -58.4659 3.9
      vertex 112.82 -58.5844 3.9
    endloop
  endfacet
  facet normal -0.617466 0.786597 0
    outer loop
      vertex 113.838 -64.1401 3.9
      vertex 113.525 -64.3858 5.9
      vertex 113.838 -64.1401 5.9
    endloop
  endfacet
  facet normal -0.617466 0.786597 0
    outer loop
      vertex 113.525 -64.3858 5.9
      vertex 113.838 -64.1401 3.9
      vertex 113.525 -64.3858 3.9
    endloop
  endfacet
  facet normal -0.91148 0.411345 4.0281e-18
    outer loop
      vertex 114.572 -63.2036 3.9
      vertex 114.736 -62.8402 5.9
      vertex 114.736 -62.8402 3.9
    endloop
  endfacet
  facet normal -0.91148 0.411345 4.0281e-18
    outer loop
      vertex 114.736 -62.8402 5.9
      vertex 114.572 -63.2036 3.9
      vertex 114.572 -63.2036 5.9
    endloop
  endfacet
  facet normal 0.180166 0.983636 -0
    outer loop
      vertex 111.252 -64.9459 3.9
      vertex 110.86 -64.8741 5.9
      vertex 111.252 -64.9459 5.9
    endloop
  endfacet
  facet normal 0.180166 0.983636 0
    outer loop
      vertex 110.86 -64.8741 5.9
      vertex 111.252 -64.9459 3.9
      vertex 110.86 -64.8741 3.9
    endloop
  endfacet
  facet normal 0.955125 0.296202 -3.52526e-18
    outer loop
      vertex 108.564 -62.8402 5.9
      vertex 108.446 -62.4597 3.9
      vertex 108.446 -62.4597 5.9
    endloop
  endfacet
  facet normal 0.955125 0.296202 -3.52526e-18
    outer loop
      vertex 108.446 -62.4597 3.9
      vertex 108.564 -62.8402 5.9
      vertex 108.564 -62.8402 3.9
    endloop
  endfacet
  facet normal -0.955125 0.296202 3.52526e-18
    outer loop
      vertex 114.736 -62.8402 3.9
      vertex 114.854 -62.4597 5.9
      vertex 114.854 -62.4597 3.9
    endloop
  endfacet
  facet normal -0.955125 0.296202 3.52526e-18
    outer loop
      vertex 114.854 -62.4597 5.9
      vertex 114.736 -62.8402 3.9
      vertex 114.736 -62.8402 5.9
    endloop
  endfacet
  facet normal -0.998185 -0.0602223 -9.54318e-19
    outer loop
      vertex 132.95 -61.67 3.9
      vertex 132.926 -61.2722 5.9
      vertex 132.926 -61.2722 3.9
    endloop
  endfacet
  facet normal -0.998185 -0.0602223 -9.54318e-19
    outer loop
      vertex 132.926 -61.2722 5.9
      vertex 132.95 -61.67 3.9
      vertex 132.95 -61.67 5.9
    endloop
  endfacet
  facet normal 0.0604421 -0.998172 0
    outer loop
      vertex 129.252 -58.3941 3.9
      vertex 129.65 -58.37 5.9
      vertex 129.252 -58.3941 5.9
    endloop
  endfacet
  facet normal 0.0604421 -0.998172 0
    outer loop
      vertex 129.65 -58.37 5.9
      vertex 129.252 -58.3941 3.9
      vertex 129.65 -58.37 3.9
    endloop
  endfacet
  facet normal -0.706856 -0.707358 -1.68273e-18
    outer loop
      vertex 132.12 -59.4817 3.9
      vertex 131.838 -59.1999 5.9
      vertex 131.838 -59.1999 3.9
    endloop
  endfacet
  facet normal -0.706856 -0.707358 -1.68273e-18
    outer loop
      vertex 131.838 -59.1999 5.9
      vertex 132.12 -59.4817 3.9
      vertex 132.12 -59.4817 5.9
    endloop
  endfacet
  facet normal 0.786901 -0.617079 8.52446e-18
    outer loop
      vertex 126.934 -59.7954 5.9
      vertex 127.18 -59.4817 3.9
      vertex 127.18 -59.4817 5.9
    endloop
  endfacet
  facet normal 0.786901 -0.617079 8.52446e-18
    outer loop
      vertex 127.18 -59.4817 3.9
      vertex 126.934 -59.7954 5.9
      vertex 126.934 -59.7954 3.9
    endloop
  endfacet
  facet normal 0.409948 -0.912109 0
    outer loop
      vertex 128.116 -58.748 3.9
      vertex 128.48 -58.5844 5.9
      vertex 128.116 -58.748 5.9
    endloop
  endfacet
  facet normal 0.409948 -0.912109 0
    outer loop
      vertex 128.48 -58.5844 5.9
      vertex 128.116 -58.748 3.9
      vertex 128.48 -58.5844 3.9
    endloop
  endfacet
  facet normal 0.786901 0.617079 -7.69156e-18
    outer loop
      vertex 127.18 -63.8583 5.9
      vertex 126.934 -63.5446 3.9
      vertex 126.934 -63.5446 5.9
    endloop
  endfacet
  facet normal 0.786901 0.617079 -7.69156e-18
    outer loop
      vertex 126.934 -63.5446 3.9
      vertex 127.18 -63.8583 5.9
      vertex 127.18 -63.8583 3.9
    endloop
  endfacet
  facet normal -0.955125 -0.296202 2.53444e-18
    outer loop
      vertex 132.854 -60.8803 3.9
      vertex 132.736 -60.4998 5.9
      vertex 132.736 -60.4998 3.9
    endloop
  endfacet
  facet normal -0.955125 -0.296202 2.53444e-18
    outer loop
      vertex 132.736 -60.4998 5.9
      vertex 132.854 -60.8803 3.9
      vertex 132.854 -60.8803 5.9
    endloop
  endfacet
  facet normal -0.983539 -0.180696 1.41789e-18
    outer loop
      vertex 132.926 -61.2722 3.9
      vertex 132.854 -60.8803 5.9
      vertex 132.854 -60.8803 3.9
    endloop
  endfacet
  facet normal -0.983539 -0.180696 1.41789e-18
    outer loop
      vertex 132.854 -60.8803 5.9
      vertex 132.926 -61.2722 3.9
      vertex 132.926 -61.2722 5.9
    endloop
  endfacet
  facet normal -0.855939 -0.517077 1.11409e-18
    outer loop
      vertex 132.572 -60.1364 3.9
      vertex 132.366 -59.7954 5.9
      vertex 132.366 -59.7954 3.9
    endloop
  endfacet
  facet normal -0.855939 -0.517077 1.11409e-18
    outer loop
      vertex 132.366 -59.7954 5.9
      vertex 132.572 -60.1364 3.9
      vertex 132.572 -60.1364 5.9
    endloop
  endfacet
  facet normal -0.409948 -0.912109 0
    outer loop
      vertex 130.82 -58.5844 3.9
      vertex 131.184 -58.748 5.9
      vertex 130.82 -58.5844 5.9
    endloop
  endfacet
  facet normal -0.409948 -0.912109 -0
    outer loop
      vertex 131.184 -58.748 5.9
      vertex 130.82 -58.5844 3.9
      vertex 131.184 -58.748 3.9
    endloop
  endfacet
  facet normal -0.617466 -0.786597 0
    outer loop
      vertex 131.525 -58.9542 3.9
      vertex 131.838 -59.1999 5.9
      vertex 131.525 -58.9542 5.9
    endloop
  endfacet
  facet normal -0.617466 -0.786597 -0
    outer loop
      vertex 131.838 -59.1999 5.9
      vertex 131.525 -58.9542 3.9
      vertex 131.838 -59.1999 3.9
    endloop
  endfacet
  facet normal 0.955125 -0.296202 2.06242e-18
    outer loop
      vertex 126.446 -60.8803 5.9
      vertex 126.564 -60.4998 3.9
      vertex 126.564 -60.4998 5.9
    endloop
  endfacet
  facet normal 0.955125 -0.296202 2.06242e-18
    outer loop
      vertex 126.564 -60.4998 3.9
      vertex 126.446 -60.8803 5.9
      vertex 126.446 -60.8803 3.9
    endloop
  endfacet
  facet normal 0.91148 -0.411345 4.0281e-18
    outer loop
      vertex 126.564 -60.4998 5.9
      vertex 126.728 -60.1364 3.9
      vertex 126.728 -60.1364 5.9
    endloop
  endfacet
  facet normal 0.91148 -0.411345 4.0281e-18
    outer loop
      vertex 126.728 -60.1364 3.9
      vertex 126.564 -60.4998 5.9
      vertex 126.564 -60.4998 3.9
    endloop
  endfacet
  facet normal 0.998185 -0.0602223 9.54318e-19
    outer loop
      vertex 126.35 -61.67 5.9
      vertex 126.374 -61.2722 3.9
      vertex 126.374 -61.2722 5.9
    endloop
  endfacet
  facet normal 0.998185 -0.0602223 9.54318e-19
    outer loop
      vertex 126.374 -61.2722 3.9
      vertex 126.35 -61.67 5.9
      vertex 126.35 -61.67 3.9
    endloop
  endfacet
  facet normal 0.180166 -0.983636 0
    outer loop
      vertex 128.86 -58.4659 3.9
      vertex 129.252 -58.3941 5.9
      vertex 128.86 -58.4659 5.9
    endloop
  endfacet
  facet normal 0.180166 -0.983636 0
    outer loop
      vertex 129.252 -58.3941 5.9
      vertex 128.86 -58.4659 3.9
      vertex 129.252 -58.3941 3.9
    endloop
  endfacet
  facet normal -0.786901 0.617079 7.69156e-18
    outer loop
      vertex 132.12 -63.8583 3.9
      vertex 132.366 -63.5446 5.9
      vertex 132.366 -63.5446 3.9
    endloop
  endfacet
  facet normal -0.786901 0.617079 7.69156e-18
    outer loop
      vertex 132.366 -63.5446 5.9
      vertex 132.12 -63.8583 3.9
      vertex 132.12 -63.8583 5.9
    endloop
  endfacet
  facet normal -0.998185 0.0602223 -5.61113e-19
    outer loop
      vertex 132.926 -62.0678 3.9
      vertex 132.95 -61.67 5.9
      vertex 132.95 -61.67 3.9
    endloop
  endfacet
  facet normal -0.998185 0.0602223 -5.61113e-19
    outer loop
      vertex 132.95 -61.67 5.9
      vertex 132.926 -62.0678 3.9
      vertex 132.926 -62.0678 5.9
    endloop
  endfacet
  facet normal 0.297703 0.954659 -0
    outer loop
      vertex 128.86 -64.8741 3.9
      vertex 128.48 -64.7556 5.9
      vertex 128.86 -64.8741 5.9
    endloop
  endfacet
  facet normal 0.297703 0.954659 0
    outer loop
      vertex 128.48 -64.7556 5.9
      vertex 128.86 -64.8741 3.9
      vertex 128.48 -64.7556 3.9
    endloop
  endfacet
  facet normal 0.855939 0.517077 4.31178e-18
    outer loop
      vertex 126.934 -63.5446 5.9
      vertex 126.728 -63.2036 3.9
      vertex 126.728 -63.2036 5.9
    endloop
  endfacet
  facet normal 0.855939 0.517077 4.31178e-18
    outer loop
      vertex 126.728 -63.2036 3.9
      vertex 126.934 -63.5446 5.9
      vertex 126.934 -63.5446 3.9
    endloop
  endfacet
  facet normal -0.91148 -0.411345 2.55793e-18
    outer loop
      vertex 132.736 -60.4998 3.9
      vertex 132.572 -60.1364 5.9
      vertex 132.572 -60.1364 3.9
    endloop
  endfacet
  facet normal -0.91148 -0.411345 2.55793e-18
    outer loop
      vertex 132.572 -60.1364 5.9
      vertex 132.736 -60.4998 3.9
      vertex 132.736 -60.4998 5.9
    endloop
  endfacet
  facet normal -0.180166 -0.983636 0
    outer loop
      vertex 130.048 -58.3941 3.9
      vertex 130.44 -58.4659 5.9
      vertex 130.048 -58.3941 5.9
    endloop
  endfacet
  facet normal -0.180166 -0.983636 -0
    outer loop
      vertex 130.44 -58.4659 5.9
      vertex 130.048 -58.3941 3.9
      vertex 130.44 -58.4659 3.9
    endloop
  endfacet
  facet normal -0.517445 -0.855716 0
    outer loop
      vertex 131.184 -58.748 3.9
      vertex 131.525 -58.9542 5.9
      vertex 131.184 -58.748 5.9
    endloop
  endfacet
  facet normal -0.517445 -0.855716 -0
    outer loop
      vertex 131.525 -58.9542 5.9
      vertex 131.184 -58.748 3.9
      vertex 131.525 -58.9542 3.9
    endloop
  endfacet
  facet normal 0.998185 0.0602223 5.61113e-19
    outer loop
      vertex 126.374 -62.0678 5.9
      vertex 126.35 -61.67 3.9
      vertex 126.35 -61.67 5.9
    endloop
  endfacet
  facet normal 0.998185 0.0602223 5.61113e-19
    outer loop
      vertex 126.35 -61.67 3.9
      vertex 126.374 -62.0678 5.9
      vertex 126.374 -62.0678 3.9
    endloop
  endfacet
  facet normal 0.983539 -0.180696 9.99113e-19
    outer loop
      vertex 126.374 -61.2722 5.9
      vertex 126.446 -60.8803 3.9
      vertex 126.446 -60.8803 5.9
    endloop
  endfacet
  facet normal 0.983539 -0.180696 9.99113e-19
    outer loop
      vertex 126.446 -60.8803 3.9
      vertex 126.374 -61.2722 5.9
      vertex 126.374 -61.2722 3.9
    endloop
  endfacet
  facet normal 0.617466 -0.786597 0
    outer loop
      vertex 127.462 -59.1999 3.9
      vertex 127.775 -58.9542 5.9
      vertex 127.462 -59.1999 5.9
    endloop
  endfacet
  facet normal 0.617466 -0.786597 0
    outer loop
      vertex 127.775 -58.9542 5.9
      vertex 127.462 -59.1999 3.9
      vertex 127.775 -58.9542 3.9
    endloop
  endfacet
  facet normal 0.297703 -0.954659 0
    outer loop
      vertex 128.48 -58.5844 3.9
      vertex 128.86 -58.4659 5.9
      vertex 128.48 -58.5844 5.9
    endloop
  endfacet
  facet normal 0.297703 -0.954659 0
    outer loop
      vertex 128.86 -58.4659 5.9
      vertex 128.48 -58.5844 3.9
      vertex 128.86 -58.4659 3.9
    endloop
  endfacet
  facet normal -0.409948 0.912109 0
    outer loop
      vertex 131.184 -64.592 3.9
      vertex 130.82 -64.7556 5.9
      vertex 131.184 -64.592 5.9
    endloop
  endfacet
  facet normal -0.409948 0.912109 0
    outer loop
      vertex 130.82 -64.7556 5.9
      vertex 131.184 -64.592 3.9
      vertex 130.82 -64.7556 3.9
    endloop
  endfacet
  facet normal -0.180166 0.983636 0
    outer loop
      vertex 130.44 -64.8741 3.9
      vertex 130.048 -64.9459 5.9
      vertex 130.44 -64.8741 5.9
    endloop
  endfacet
  facet normal -0.180166 0.983636 0
    outer loop
      vertex 130.048 -64.9459 5.9
      vertex 130.44 -64.8741 3.9
      vertex 130.048 -64.9459 3.9
    endloop
  endfacet
  facet normal -0.297703 0.954659 0
    outer loop
      vertex 130.82 -64.7556 3.9
      vertex 130.44 -64.8741 5.9
      vertex 130.82 -64.7556 5.9
    endloop
  endfacet
  facet normal -0.297703 0.954659 0
    outer loop
      vertex 130.44 -64.8741 5.9
      vertex 130.82 -64.7556 3.9
      vertex 130.44 -64.8741 3.9
    endloop
  endfacet
  facet normal -0.517445 0.855716 0
    outer loop
      vertex 131.525 -64.3858 3.9
      vertex 131.184 -64.592 5.9
      vertex 131.525 -64.3858 5.9
    endloop
  endfacet
  facet normal -0.517445 0.855716 0
    outer loop
      vertex 131.184 -64.592 5.9
      vertex 131.525 -64.3858 3.9
      vertex 131.184 -64.592 3.9
    endloop
  endfacet
  facet normal -0.706856 0.707358 0
    outer loop
      vertex 132.12 -63.8583 3.9
      vertex 131.838 -64.1401 5.9
      vertex 132.12 -63.8583 5.9
    endloop
  endfacet
  facet normal -0.706856 0.707358 0
    outer loop
      vertex 131.838 -64.1401 5.9
      vertex 132.12 -63.8583 3.9
      vertex 131.838 -64.1401 3.9
    endloop
  endfacet
  facet normal -0.617466 0.786597 0
    outer loop
      vertex 131.838 -64.1401 3.9
      vertex 131.525 -64.3858 5.9
      vertex 131.838 -64.1401 5.9
    endloop
  endfacet
  facet normal -0.617466 0.786597 0
    outer loop
      vertex 131.525 -64.3858 5.9
      vertex 131.838 -64.1401 3.9
      vertex 131.525 -64.3858 3.9
    endloop
  endfacet
  facet normal -0.855939 0.517077 -1.11409e-18
    outer loop
      vertex 132.366 -63.5446 3.9
      vertex 132.572 -63.2036 5.9
      vertex 132.572 -63.2036 3.9
    endloop
  endfacet
  facet normal -0.855939 0.517077 -1.11409e-18
    outer loop
      vertex 132.572 -63.2036 5.9
      vertex 132.366 -63.5446 3.9
      vertex 132.366 -63.5446 5.9
    endloop
  endfacet
  facet normal -0.955125 0.296202 -1.07161e-18
    outer loop
      vertex 132.736 -62.8402 3.9
      vertex 132.854 -62.4597 5.9
      vertex 132.854 -62.4597 3.9
    endloop
  endfacet
  facet normal -0.955125 0.296202 -1.07161e-18
    outer loop
      vertex 132.854 -62.4597 5.9
      vertex 132.736 -62.8402 3.9
      vertex 132.736 -62.8402 5.9
    endloop
  endfacet
  facet normal -0.983539 0.180696 -1.41789e-18
    outer loop
      vertex 132.854 -62.4597 3.9
      vertex 132.926 -62.0678 5.9
      vertex 132.926 -62.0678 3.9
    endloop
  endfacet
  facet normal -0.983539 0.180696 -1.41789e-18
    outer loop
      vertex 132.926 -62.0678 5.9
      vertex 132.854 -62.4597 3.9
      vertex 132.854 -62.4597 5.9
    endloop
  endfacet
  facet normal 0.0604421 0.998172 -0
    outer loop
      vertex 129.65 -64.97 3.9
      vertex 129.252 -64.9459 5.9
      vertex 129.65 -64.97 5.9
    endloop
  endfacet
  facet normal 0.0604421 0.998172 0
    outer loop
      vertex 129.252 -64.9459 5.9
      vertex 129.65 -64.97 3.9
      vertex 129.252 -64.9459 3.9
    endloop
  endfacet
  facet normal 0.517445 0.855716 -0
    outer loop
      vertex 128.116 -64.592 3.9
      vertex 127.775 -64.3858 5.9
      vertex 128.116 -64.592 5.9
    endloop
  endfacet
  facet normal 0.517445 0.855716 0
    outer loop
      vertex 127.775 -64.3858 5.9
      vertex 128.116 -64.592 3.9
      vertex 127.775 -64.3858 3.9
    endloop
  endfacet
  facet normal 0.617466 0.786597 -0
    outer loop
      vertex 127.775 -64.3858 3.9
      vertex 127.462 -64.1401 5.9
      vertex 127.775 -64.3858 5.9
    endloop
  endfacet
  facet normal 0.617466 0.786597 0
    outer loop
      vertex 127.462 -64.1401 5.9
      vertex 127.775 -64.3858 3.9
      vertex 127.462 -64.1401 3.9
    endloop
  endfacet
  facet normal 0.409948 0.912109 -0
    outer loop
      vertex 128.48 -64.7556 3.9
      vertex 128.116 -64.592 5.9
      vertex 128.48 -64.7556 5.9
    endloop
  endfacet
  facet normal 0.409948 0.912109 0
    outer loop
      vertex 128.116 -64.592 5.9
      vertex 128.48 -64.7556 3.9
      vertex 128.116 -64.592 3.9
    endloop
  endfacet
  facet normal -0.0604421 0.998172 0
    outer loop
      vertex 130.048 -64.9459 3.9
      vertex 129.65 -64.97 5.9
      vertex 130.048 -64.9459 5.9
    endloop
  endfacet
  facet normal -0.0604421 0.998172 0
    outer loop
      vertex 129.65 -64.97 5.9
      vertex 130.048 -64.9459 3.9
      vertex 129.65 -64.97 3.9
    endloop
  endfacet
  facet normal 0.706856 0.707358 -4.80174e-18
    outer loop
      vertex 127.462 -64.1401 5.9
      vertex 127.18 -63.8583 3.9
      vertex 127.18 -63.8583 5.9
    endloop
  endfacet
  facet normal 0.706856 0.707358 -4.80174e-18
    outer loop
      vertex 127.18 -63.8583 3.9
      vertex 127.462 -64.1401 5.9
      vertex 127.462 -64.1401 3.9
    endloop
  endfacet
  facet normal 0.91148 0.411345 -4.0281e-18
    outer loop
      vertex 126.728 -63.2036 5.9
      vertex 126.564 -62.8402 3.9
      vertex 126.564 -62.8402 5.9
    endloop
  endfacet
  facet normal 0.91148 0.411345 -4.0281e-18
    outer loop
      vertex 126.564 -62.8402 3.9
      vertex 126.728 -63.2036 5.9
      vertex 126.728 -63.2036 3.9
    endloop
  endfacet
  facet normal 0.983539 0.180696 -9.99113e-19
    outer loop
      vertex 126.446 -62.4597 5.9
      vertex 126.374 -62.0678 3.9
      vertex 126.374 -62.0678 5.9
    endloop
  endfacet
  facet normal 0.983539 0.180696 -9.99113e-19
    outer loop
      vertex 126.374 -62.0678 3.9
      vertex 126.446 -62.4597 5.9
      vertex 126.446 -62.4597 3.9
    endloop
  endfacet
  facet normal -0.786901 -0.617079 -8.52446e-18
    outer loop
      vertex 132.366 -59.7954 3.9
      vertex 132.12 -59.4817 5.9
      vertex 132.12 -59.4817 3.9
    endloop
  endfacet
  facet normal -0.786901 -0.617079 -8.52446e-18
    outer loop
      vertex 132.12 -59.4817 5.9
      vertex 132.366 -59.7954 3.9
      vertex 132.366 -59.7954 5.9
    endloop
  endfacet
  facet normal -0.0604421 -0.998172 0
    outer loop
      vertex 129.65 -58.37 3.9
      vertex 130.048 -58.3941 5.9
      vertex 129.65 -58.37 5.9
    endloop
  endfacet
  facet normal -0.0604421 -0.998172 -0
    outer loop
      vertex 130.048 -58.3941 5.9
      vertex 129.65 -58.37 3.9
      vertex 130.048 -58.3941 3.9
    endloop
  endfacet
  facet normal -0.297703 -0.954659 0
    outer loop
      vertex 130.44 -58.4659 3.9
      vertex 130.82 -58.5844 5.9
      vertex 130.44 -58.4659 5.9
    endloop
  endfacet
  facet normal -0.297703 -0.954659 -0
    outer loop
      vertex 130.82 -58.5844 5.9
      vertex 130.44 -58.4659 3.9
      vertex 130.82 -58.5844 3.9
    endloop
  endfacet
  facet normal 0.855939 -0.517077 -4.31178e-18
    outer loop
      vertex 126.728 -60.1364 5.9
      vertex 126.934 -59.7954 3.9
      vertex 126.934 -59.7954 5.9
    endloop
  endfacet
  facet normal 0.855939 -0.517077 -4.31178e-18
    outer loop
      vertex 126.934 -59.7954 3.9
      vertex 126.728 -60.1364 5.9
      vertex 126.728 -60.1364 3.9
    endloop
  endfacet
  facet normal 0.706856 -0.707358 -5.92356e-18
    outer loop
      vertex 127.18 -59.4817 5.9
      vertex 127.462 -59.1999 3.9
      vertex 127.462 -59.1999 5.9
    endloop
  endfacet
  facet normal 0.706856 -0.707358 -5.92356e-18
    outer loop
      vertex 127.462 -59.1999 3.9
      vertex 127.18 -59.4817 5.9
      vertex 127.18 -59.4817 3.9
    endloop
  endfacet
  facet normal 0.517445 -0.855716 0
    outer loop
      vertex 127.775 -58.9542 3.9
      vertex 128.116 -58.748 5.9
      vertex 127.775 -58.9542 5.9
    endloop
  endfacet
  facet normal 0.517445 -0.855716 0
    outer loop
      vertex 128.116 -58.748 5.9
      vertex 127.775 -58.9542 3.9
      vertex 128.116 -58.748 3.9
    endloop
  endfacet
  facet normal -0.91148 0.411345 -2.55793e-18
    outer loop
      vertex 132.572 -63.2036 3.9
      vertex 132.736 -62.8402 5.9
      vertex 132.736 -62.8402 3.9
    endloop
  endfacet
  facet normal -0.91148 0.411345 -2.55793e-18
    outer loop
      vertex 132.736 -62.8402 5.9
      vertex 132.572 -63.2036 3.9
      vertex 132.572 -63.2036 5.9
    endloop
  endfacet
  facet normal 0.180166 0.983636 -0
    outer loop
      vertex 129.252 -64.9459 3.9
      vertex 128.86 -64.8741 5.9
      vertex 129.252 -64.9459 5.9
    endloop
  endfacet
  facet normal 0.180166 0.983636 0
    outer loop
      vertex 128.86 -64.8741 5.9
      vertex 129.252 -64.9459 3.9
      vertex 128.86 -64.8741 3.9
    endloop
  endfacet
  facet normal 0.955125 0.296202 -3.52526e-18
    outer loop
      vertex 126.564 -62.8402 5.9
      vertex 126.446 -62.4597 3.9
      vertex 126.446 -62.4597 5.9
    endloop
  endfacet
  facet normal 0.955125 0.296202 -3.52526e-18
    outer loop
      vertex 126.446 -62.4597 3.9
      vertex 126.564 -62.8402 5.9
      vertex 126.564 -62.8402 3.9
    endloop
  endfacet
  facet normal -0.992709 -0.120538 1.5118e-18
    outer loop
      vertex 5.65 -19 3.9
      vertex 5.60205 -18.6051 5.9
      vertex 5.60205 -18.6051 3.9
    endloop
  endfacet
  facet normal -0.992709 -0.120538 1.5118e-18
    outer loop
      vertex 5.60205 -18.6051 5.9
      vertex 5.65 -19 3.9
      vertex 5.65 -19 5.9
    endloop
  endfacet
  facet normal 0.992709 -0.120538 8.75139e-19
    outer loop
      vertex 2.35 -19 5.9
      vertex 2.39795 -18.6051 3.9
      vertex 2.39795 -18.6051 5.9
    endloop
  endfacet
  facet normal 0.992709 -0.120538 8.75139e-19
    outer loop
      vertex 2.39795 -18.6051 3.9
      vertex 2.35 -19 5.9
      vertex 2.35 -19 3.9
    endloop
  endfacet
  facet normal 0 -1 0
    outer loop
      vertex 3.80111 -17.362 3.9
      vertex 4.19888 -17.362 5.9
      vertex 3.80111 -17.362 5.9
    endloop
  endfacet
  facet normal 0 -1 -0
    outer loop
      vertex 4.19888 -17.362 5.9
      vertex 3.80111 -17.362 3.9
      vertex 4.19888 -17.362 3.9
    endloop
  endfacet
  facet normal 0 1 -0
    outer loop
      vertex 4.19888 -20.638 3.9
      vertex 3.80111 -20.638 5.9
      vertex 4.19888 -20.638 5.9
    endloop
  endfacet
  facet normal 0 1 0
    outer loop
      vertex 3.80111 -20.638 5.9
      vertex 4.19888 -20.638 3.9
      vertex 3.80111 -20.638 3.9
    endloop
  endfacet
  facet normal -0.66303 -0.748593 0
    outer loop
      vertex 4.93731 -17.6421 3.9
      vertex 5.23504 -17.9058 5.9
      vertex 4.93731 -17.6421 5.9
    endloop
  endfacet
  facet normal -0.66303 -0.748593 -0
    outer loop
      vertex 5.23504 -17.9058 5.9
      vertex 4.93731 -17.6421 3.9
      vertex 5.23504 -17.9058 3.9
    endloop
  endfacet
  facet normal 0.66303 -0.748593 0
    outer loop
      vertex 2.76496 -17.9058 3.9
      vertex 3.06269 -17.6421 5.9
      vertex 2.76496 -17.9058 5.9
    endloop
  endfacet
  facet normal 0.66303 -0.748593 0
    outer loop
      vertex 3.06269 -17.6421 5.9
      vertex 2.76496 -17.9058 3.9
      vertex 3.06269 -17.6421 3.9
    endloop
  endfacet
  facet normal 0.464814 -0.885409 0
    outer loop
      vertex 3.06269 -17.6421 3.9
      vertex 3.4149 -17.4572 5.9
      vertex 3.06269 -17.6421 5.9
    endloop
  endfacet
  facet normal 0.464814 -0.885409 0
    outer loop
      vertex 3.4149 -17.4572 5.9
      vertex 3.06269 -17.6421 3.9
      vertex 3.4149 -17.4572 3.9
    endloop
  endfacet
  facet normal -0.823017 -0.568017 -6.52408e-18
    outer loop
      vertex 5.461 -18.2332 3.9
      vertex 5.23504 -17.9058 5.9
      vertex 5.23504 -17.9058 3.9
    endloop
  endfacet
  facet normal -0.823017 -0.568017 -6.52408e-18
    outer loop
      vertex 5.23504 -17.9058 5.9
      vertex 5.461 -18.2332 3.9
      vertex 5.461 -18.2332 5.9
    endloop
  endfacet
  facet normal -0.93501 -0.35462 9.83858e-19
    outer loop
      vertex 5.60205 -18.6051 3.9
      vertex 5.461 -18.2332 5.9
      vertex 5.461 -18.2332 3.9
    endloop
  endfacet
  facet normal -0.93501 -0.35462 9.83858e-19
    outer loop
      vertex 5.461 -18.2332 5.9
      vertex 5.60205 -18.6051 3.9
      vertex 5.60205 -18.6051 5.9
    endloop
  endfacet
  facet normal -0.239328 -0.970939 0
    outer loop
      vertex 4.19888 -17.362 3.9
      vertex 4.5851 -17.4572 5.9
      vertex 4.19888 -17.362 5.9
    endloop
  endfacet
  facet normal -0.239328 -0.970939 -0
    outer loop
      vertex 4.5851 -17.4572 5.9
      vertex 4.19888 -17.362 3.9
      vertex 4.5851 -17.4572 3.9
    endloop
  endfacet
  facet normal -0.464814 -0.885409 0
    outer loop
      vertex 4.5851 -17.4572 3.9
      vertex 4.93731 -17.6421 5.9
      vertex 4.5851 -17.4572 5.9
    endloop
  endfacet
  facet normal -0.464814 -0.885409 -0
    outer loop
      vertex 4.93731 -17.6421 5.9
      vertex 4.5851 -17.4572 3.9
      vertex 4.93731 -17.6421 3.9
    endloop
  endfacet
  facet normal 0.823017 -0.568017 5.71495e-18
    outer loop
      vertex 2.539 -18.2332 5.9
      vertex 2.76496 -17.9058 3.9
      vertex 2.76496 -17.9058 5.9
    endloop
  endfacet
  facet normal 0.823017 -0.568017 5.71495e-18
    outer loop
      vertex 2.76496 -17.9058 3.9
      vertex 2.539 -18.2332 5.9
      vertex 2.539 -18.2332 3.9
    endloop
  endfacet
  facet normal 0.93501 -0.35462 7.45347e-19
    outer loop
      vertex 2.39795 -18.6051 5.9
      vertex 2.539 -18.2332 3.9
      vertex 2.539 -18.2332 5.9
    endloop
  endfacet
  facet normal 0.93501 -0.35462 7.45347e-19
    outer loop
      vertex 2.539 -18.2332 3.9
      vertex 2.39795 -18.6051 5.9
      vertex 2.39795 -18.6051 3.9
    endloop
  endfacet
  facet normal 0.239334 -0.970937 0
    outer loop
      vertex 3.4149 -17.4572 3.9
      vertex 3.80111 -17.362 5.9
      vertex 3.4149 -17.4572 5.9
    endloop
  endfacet
  facet normal 0.239334 -0.970937 0
    outer loop
      vertex 3.80111 -17.362 5.9
      vertex 3.4149 -17.4572 3.9
      vertex 3.80111 -17.362 3.9
    endloop
  endfacet
  facet normal -0.93501 0.35462 -9.83858e-19
    outer loop
      vertex 5.461 -19.7668 3.9
      vertex 5.60205 -19.3949 5.9
      vertex 5.60205 -19.3949 3.9
    endloop
  endfacet
  facet normal -0.93501 0.35462 -9.83858e-19
    outer loop
      vertex 5.60205 -19.3949 5.9
      vertex 5.461 -19.7668 3.9
      vertex 5.461 -19.7668 5.9
    endloop
  endfacet
  facet normal 0.93501 0.35462 -7.45347e-19
    outer loop
      vertex 2.539 -19.7668 5.9
      vertex 2.39795 -19.3949 3.9
      vertex 2.39795 -19.3949 5.9
    endloop
  endfacet
  facet normal 0.93501 0.35462 -7.45347e-19
    outer loop
      vertex 2.39795 -19.3949 3.9
      vertex 2.539 -19.7668 5.9
      vertex 2.539 -19.7668 3.9
    endloop
  endfacet
  facet normal 0.992709 0.120538 -8.75139e-19
    outer loop
      vertex 2.39795 -19.3949 5.9
      vertex 2.35 -19 3.9
      vertex 2.35 -19 5.9
    endloop
  endfacet
  facet normal 0.992709 0.120538 -8.75139e-19
    outer loop
      vertex 2.35 -19 3.9
      vertex 2.39795 -19.3949 5.9
      vertex 2.39795 -19.3949 3.9
    endloop
  endfacet
  facet normal 0.823017 0.568017 -5.71495e-18
    outer loop
      vertex 2.76496 -20.0942 5.9
      vertex 2.539 -19.7668 3.9
      vertex 2.539 -19.7668 5.9
    endloop
  endfacet
  facet normal 0.823017 0.568017 -5.71495e-18
    outer loop
      vertex 2.539 -19.7668 3.9
      vertex 2.76496 -20.0942 5.9
      vertex 2.76496 -20.0942 3.9
    endloop
  endfacet
  facet normal -0.66303 0.748593 0
    outer loop
      vertex 5.23504 -20.0942 3.9
      vertex 4.93731 -20.3579 5.9
      vertex 5.23504 -20.0942 5.9
    endloop
  endfacet
  facet normal -0.66303 0.748593 0
    outer loop
      vertex 4.93731 -20.3579 5.9
      vertex 5.23504 -20.0942 3.9
      vertex 4.93731 -20.3579 3.9
    endloop
  endfacet
  facet normal -0.992709 0.120538 -1.5118e-18
    outer loop
      vertex 5.60205 -19.3949 3.9
      vertex 5.65 -19 5.9
      vertex 5.65 -19 3.9
    endloop
  endfacet
  facet normal -0.992709 0.120538 -1.5118e-18
    outer loop
      vertex 5.65 -19 5.9
      vertex 5.60205 -19.3949 3.9
      vertex 5.60205 -19.3949 5.9
    endloop
  endfacet
  facet normal 0.239334 0.970937 -0
    outer loop
      vertex 3.80111 -20.638 3.9
      vertex 3.4149 -20.5428 5.9
      vertex 3.80111 -20.638 5.9
    endloop
  endfacet
  facet normal 0.239334 0.970937 0
    outer loop
      vertex 3.4149 -20.5428 5.9
      vertex 3.80111 -20.638 3.9
      vertex 3.4149 -20.5428 3.9
    endloop
  endfacet
  facet normal -0.464814 0.885409 0
    outer loop
      vertex 4.93731 -20.3579 3.9
      vertex 4.5851 -20.5428 5.9
      vertex 4.93731 -20.3579 5.9
    endloop
  endfacet
  facet normal -0.464814 0.885409 0
    outer loop
      vertex 4.5851 -20.5428 5.9
      vertex 4.93731 -20.3579 3.9
      vertex 4.5851 -20.5428 3.9
    endloop
  endfacet
  facet normal -0.239328 0.970939 0
    outer loop
      vertex 4.5851 -20.5428 3.9
      vertex 4.19888 -20.638 5.9
      vertex 4.5851 -20.5428 5.9
    endloop
  endfacet
  facet normal -0.239328 0.970939 0
    outer loop
      vertex 4.19888 -20.638 5.9
      vertex 4.5851 -20.5428 3.9
      vertex 4.19888 -20.638 3.9
    endloop
  endfacet
  facet normal -0.823017 0.568017 6.52408e-18
    outer loop
      vertex 5.23504 -20.0942 3.9
      vertex 5.461 -19.7668 5.9
      vertex 5.461 -19.7668 3.9
    endloop
  endfacet
  facet normal -0.823017 0.568017 6.52408e-18
    outer loop
      vertex 5.461 -19.7668 5.9
      vertex 5.23504 -20.0942 3.9
      vertex 5.23504 -20.0942 5.9
    endloop
  endfacet
  facet normal 0.464814 0.885409 -0
    outer loop
      vertex 3.4149 -20.5428 3.9
      vertex 3.06269 -20.3579 5.9
      vertex 3.4149 -20.5428 5.9
    endloop
  endfacet
  facet normal 0.464814 0.885409 0
    outer loop
      vertex 3.06269 -20.3579 5.9
      vertex 3.4149 -20.5428 3.9
      vertex 3.06269 -20.3579 3.9
    endloop
  endfacet
  facet normal 0.66303 0.748593 -0
    outer loop
      vertex 3.06269 -20.3579 3.9
      vertex 2.76496 -20.0942 5.9
      vertex 3.06269 -20.3579 5.9
    endloop
  endfacet
  facet normal 0.66303 0.748593 0
    outer loop
      vertex 2.76496 -20.0942 5.9
      vertex 3.06269 -20.3579 3.9
      vertex 2.76496 -20.0942 3.9
    endloop
  endfacet
  facet normal -0.992694 -0.120662 -7.96343e-19
    outer loop
      vertex 177.65 -19 3.9
      vertex 177.602 -18.6051 5.9
      vertex 177.602 -18.6051 3.9
    endloop
  endfacet
  facet normal -0.992694 -0.120662 -7.96343e-19
    outer loop
      vertex 177.602 -18.6051 5.9
      vertex 177.65 -19 3.9
      vertex 177.65 -19 5.9
    endloop
  endfacet
  facet normal 0.992694 -0.120662 7.96343e-19
    outer loop
      vertex 174.35 -19 5.9
      vertex 174.398 -18.6051 3.9
      vertex 174.398 -18.6051 5.9
    endloop
  endfacet
  facet normal 0.992694 -0.120662 7.96343e-19
    outer loop
      vertex 174.398 -18.6051 3.9
      vertex 174.35 -19 5.9
      vertex 174.35 -19 3.9
    endloop
  endfacet
  facet normal 0 -1 0
    outer loop
      vertex 175.801 -17.362 3.9
      vertex 176.199 -17.362 5.9
      vertex 175.801 -17.362 5.9
    endloop
  endfacet
  facet normal 0 -1 -0
    outer loop
      vertex 176.199 -17.362 5.9
      vertex 175.801 -17.362 3.9
      vertex 176.199 -17.362 3.9
    endloop
  endfacet
  facet normal 0 1 -0
    outer loop
      vertex 176.199 -20.638 3.9
      vertex 175.801 -20.638 5.9
      vertex 176.199 -20.638 5.9
    endloop
  endfacet
  facet normal 0 1 0
    outer loop
      vertex 175.801 -20.638 5.9
      vertex 176.199 -20.638 3.9
      vertex 175.801 -20.638 3.9
    endloop
  endfacet
  facet normal -0.662693 -0.748891 0
    outer loop
      vertex 176.937 -17.6421 3.9
      vertex 177.235 -17.9058 5.9
      vertex 176.937 -17.6421 5.9
    endloop
  endfacet
  facet normal -0.662693 -0.748891 -0
    outer loop
      vertex 177.235 -17.9058 5.9
      vertex 176.937 -17.6421 3.9
      vertex 177.235 -17.9058 3.9
    endloop
  endfacet
  facet normal 0.662693 -0.748891 0
    outer loop
      vertex 174.765 -17.9058 3.9
      vertex 175.063 -17.6421 5.9
      vertex 174.765 -17.9058 5.9
    endloop
  endfacet
  facet normal 0.662693 -0.748891 0
    outer loop
      vertex 175.063 -17.6421 5.9
      vertex 174.765 -17.9058 3.9
      vertex 175.063 -17.6421 3.9
    endloop
  endfacet
  facet normal 0.465031 -0.885294 0
    outer loop
      vertex 175.063 -17.6421 3.9
      vertex 175.415 -17.4572 5.9
      vertex 175.063 -17.6421 5.9
    endloop
  endfacet
  facet normal 0.465031 -0.885294 0
    outer loop
      vertex 175.415 -17.4572 5.9
      vertex 175.063 -17.6421 3.9
      vertex 175.415 -17.4572 3.9
    endloop
  endfacet
  facet normal -0.82297 -0.568085 -6.84733e-18
    outer loop
      vertex 177.461 -18.2332 3.9
      vertex 177.235 -17.9058 5.9
      vertex 177.235 -17.9058 3.9
    endloop
  endfacet
  facet normal -0.82297 -0.568085 -6.84733e-18
    outer loop
      vertex 177.235 -17.9058 5.9
      vertex 177.461 -18.2332 3.9
      vertex 177.461 -18.2332 5.9
    endloop
  endfacet
  facet normal -0.935052 -0.35451 -1.86984e-18
    outer loop
      vertex 177.602 -18.6051 3.9
      vertex 177.461 -18.2332 5.9
      vertex 177.461 -18.2332 3.9
    endloop
  endfacet
  facet normal -0.935052 -0.35451 -1.86984e-18
    outer loop
      vertex 177.461 -18.2332 5.9
      vertex 177.602 -18.6051 3.9
      vertex 177.602 -18.6051 5.9
    endloop
  endfacet
  facet normal -0.239457 -0.970907 0
    outer loop
      vertex 176.199 -17.362 3.9
      vertex 176.585 -17.4572 5.9
      vertex 176.199 -17.362 5.9
    endloop
  endfacet
  facet normal -0.239457 -0.970907 -0
    outer loop
      vertex 176.585 -17.4572 5.9
      vertex 176.199 -17.362 3.9
      vertex 176.585 -17.4572 3.9
    endloop
  endfacet
  facet normal -0.465031 -0.885294 0
    outer loop
      vertex 176.585 -17.4572 3.9
      vertex 176.937 -17.6421 5.9
      vertex 176.585 -17.4572 5.9
    endloop
  endfacet
  facet normal -0.465031 -0.885294 -0
    outer loop
      vertex 176.937 -17.6421 5.9
      vertex 176.585 -17.4572 3.9
      vertex 176.937 -17.6421 3.9
    endloop
  endfacet
  facet normal 0.82297 -0.568085 6.84733e-18
    outer loop
      vertex 174.539 -18.2332 5.9
      vertex 174.765 -17.9058 3.9
      vertex 174.765 -17.9058 5.9
    endloop
  endfacet
  facet normal 0.82297 -0.568085 6.84733e-18
    outer loop
      vertex 174.765 -17.9058 3.9
      vertex 174.539 -18.2332 5.9
      vertex 174.539 -18.2332 3.9
    endloop
  endfacet
  facet normal 0.935052 -0.35451 1.86984e-18
    outer loop
      vertex 174.398 -18.6051 5.9
      vertex 174.539 -18.2332 3.9
      vertex 174.539 -18.2332 5.9
    endloop
  endfacet
  facet normal 0.935052 -0.35451 1.86984e-18
    outer loop
      vertex 174.539 -18.2332 3.9
      vertex 174.398 -18.6051 5.9
      vertex 174.398 -18.6051 3.9
    endloop
  endfacet
  facet normal 0.239457 -0.970907 0
    outer loop
      vertex 175.415 -17.4572 3.9
      vertex 175.801 -17.362 5.9
      vertex 175.415 -17.4572 5.9
    endloop
  endfacet
  facet normal 0.239457 -0.970907 0
    outer loop
      vertex 175.801 -17.362 5.9
      vertex 175.415 -17.4572 3.9
      vertex 175.801 -17.362 3.9
    endloop
  endfacet
  facet normal -0.935052 0.35451 1.86984e-18
    outer loop
      vertex 177.461 -19.7668 3.9
      vertex 177.602 -19.3949 5.9
      vertex 177.602 -19.3949 3.9
    endloop
  endfacet
  facet normal -0.935052 0.35451 1.86984e-18
    outer loop
      vertex 177.602 -19.3949 5.9
      vertex 177.461 -19.7668 3.9
      vertex 177.461 -19.7668 5.9
    endloop
  endfacet
  facet normal 0.935052 0.35451 -1.86984e-18
    outer loop
      vertex 174.539 -19.7668 5.9
      vertex 174.398 -19.3949 3.9
      vertex 174.398 -19.3949 5.9
    endloop
  endfacet
  facet normal 0.935052 0.35451 -1.86984e-18
    outer loop
      vertex 174.398 -19.3949 3.9
      vertex 174.539 -19.7668 5.9
      vertex 174.539 -19.7668 3.9
    endloop
  endfacet
  facet normal 0.992694 0.120662 -7.96343e-19
    outer loop
      vertex 174.398 -19.3949 5.9
      vertex 174.35 -19 3.9
      vertex 174.35 -19 5.9
    endloop
  endfacet
  facet normal 0.992694 0.120662 -7.96343e-19
    outer loop
      vertex 174.35 -19 3.9
      vertex 174.398 -19.3949 5.9
      vertex 174.398 -19.3949 3.9
    endloop
  endfacet
  facet normal 0.82297 0.568085 -6.84733e-18
    outer loop
      vertex 174.765 -20.0942 5.9
      vertex 174.539 -19.7668 3.9
      vertex 174.539 -19.7668 5.9
    endloop
  endfacet
  facet normal 0.82297 0.568085 -6.84733e-18
    outer loop
      vertex 174.539 -19.7668 3.9
      vertex 174.765 -20.0942 5.9
      vertex 174.765 -20.0942 3.9
    endloop
  endfacet
  facet normal -0.662693 0.748891 0
    outer loop
      vertex 177.235 -20.0942 3.9
      vertex 176.937 -20.3579 5.9
      vertex 177.235 -20.0942 5.9
    endloop
  endfacet
  facet normal -0.662693 0.748891 0
    outer loop
      vertex 176.937 -20.3579 5.9
      vertex 177.235 -20.0942 3.9
      vertex 176.937 -20.3579 3.9
    endloop
  endfacet
  facet normal -0.992694 0.120662 7.96343e-19
    outer loop
      vertex 177.602 -19.3949 3.9
      vertex 177.65 -19 5.9
      vertex 177.65 -19 3.9
    endloop
  endfacet
  facet normal -0.992694 0.120662 7.96343e-19
    outer loop
      vertex 177.65 -19 5.9
      vertex 177.602 -19.3949 3.9
      vertex 177.602 -19.3949 5.9
    endloop
  endfacet
  facet normal 0.239457 0.970907 -0
    outer loop
      vertex 175.801 -20.638 3.9
      vertex 175.415 -20.5428 5.9
      vertex 175.801 -20.638 5.9
    endloop
  endfacet
  facet normal 0.239457 0.970907 0
    outer loop
      vertex 175.415 -20.5428 5.9
      vertex 175.801 -20.638 3.9
      vertex 175.415 -20.5428 3.9
    endloop
  endfacet
  facet normal -0.465031 0.885294 0
    outer loop
      vertex 176.937 -20.3579 3.9
      vertex 176.585 -20.5428 5.9
      vertex 176.937 -20.3579 5.9
    endloop
  endfacet
  facet normal -0.465031 0.885294 0
    outer loop
      vertex 176.585 -20.5428 5.9
      vertex 176.937 -20.3579 3.9
      vertex 176.585 -20.5428 3.9
    endloop
  endfacet
  facet normal -0.239457 0.970907 0
    outer loop
      vertex 176.585 -20.5428 3.9
      vertex 176.199 -20.638 5.9
      vertex 176.585 -20.5428 5.9
    endloop
  endfacet
  facet normal -0.239457 0.970907 0
    outer loop
      vertex 176.199 -20.638 5.9
      vertex 176.585 -20.5428 3.9
      vertex 176.199 -20.638 3.9
    endloop
  endfacet
  facet normal -0.82297 0.568085 6.84733e-18
    outer loop
      vertex 177.235 -20.0942 3.9
      vertex 177.461 -19.7668 5.9
      vertex 177.461 -19.7668 3.9
    endloop
  endfacet
  facet normal -0.82297 0.568085 6.84733e-18
    outer loop
      vertex 177.461 -19.7668 5.9
      vertex 177.235 -20.0942 3.9
      vertex 177.235 -20.0942 5.9
    endloop
  endfacet
  facet normal 0.465031 0.885294 -0
    outer loop
      vertex 175.415 -20.5428 3.9
      vertex 175.063 -20.3579 5.9
      vertex 175.415 -20.5428 5.9
    endloop
  endfacet
  facet normal 0.465031 0.885294 0
    outer loop
      vertex 175.063 -20.3579 5.9
      vertex 175.415 -20.5428 3.9
      vertex 175.063 -20.3579 3.9
    endloop
  endfacet
  facet normal 0.662693 0.748891 -0
    outer loop
      vertex 175.063 -20.3579 3.9
      vertex 174.765 -20.0942 5.9
      vertex 175.063 -20.3579 5.9
    endloop
  endfacet
  facet normal 0.662693 0.748891 0
    outer loop
      vertex 174.765 -20.0942 5.9
      vertex 175.063 -20.3579 3.9
      vertex 174.765 -20.0942 3.9
    endloop
  endfacet
  facet normal -0.992712 -0.120508 2.1245e-18
    outer loop
      vertex 5.65 -111 16.2
      vertex 5.60205 -110.605 18.2
      vertex 5.60205 -110.605 16.2
    endloop
  endfacet
  facet normal -0.992712 -0.120508 2.1245e-18
    outer loop
      vertex 5.60205 -110.605 18.2
      vertex 5.65 -111 16.2
      vertex 5.65 -111 18.2
    endloop
  endfacet
  facet normal 0.992712 -0.120508 3.17185e-19
    outer loop
      vertex 2.35 -111 18.2
      vertex 2.39795 -110.605 16.2
      vertex 2.39795 -110.605 18.2
    endloop
  endfacet
  facet normal 0.992712 -0.120508 3.17185e-19
    outer loop
      vertex 2.39795 -110.605 16.2
      vertex 2.35 -111 18.2
      vertex 2.35 -111 16.2
    endloop
  endfacet
  facet normal 0 -1 0
    outer loop
      vertex 3.80111 -109.362 16.2
      vertex 4.19888 -109.362 18.2
      vertex 3.80111 -109.362 18.2
    endloop
  endfacet
  facet normal 0 -1 -0
    outer loop
      vertex 4.19888 -109.362 18.2
      vertex 3.80111 -109.362 16.2
      vertex 4.19888 -109.362 16.2
    endloop
  endfacet
  facet normal 0 1 -0
    outer loop
      vertex 4.19888 -112.638 16.2
      vertex 3.80111 -112.638 18.2
      vertex 4.19888 -112.638 18.2
    endloop
  endfacet
  facet normal 0 1 0
    outer loop
      vertex 3.80111 -112.638 18.2
      vertex 4.19888 -112.638 16.2
      vertex 3.80111 -112.638 16.2
    endloop
  endfacet
  facet normal -0.663452 -0.748218 0
    outer loop
      vertex 4.93731 -109.642 16.2
      vertex 5.23504 -109.906 18.2
      vertex 4.93731 -109.642 18.2
    endloop
  endfacet
  facet normal -0.663452 -0.748218 -0
    outer loop
      vertex 5.23504 -109.906 18.2
      vertex 4.93731 -109.642 16.2
      vertex 5.23504 -109.906 16.2
    endloop
  endfacet
  facet normal 0.663452 -0.748218 0
    outer loop
      vertex 2.76496 -109.906 16.2
      vertex 3.06269 -109.642 18.2
      vertex 2.76496 -109.906 18.2
    endloop
  endfacet
  facet normal 0.663452 -0.748218 0
    outer loop
      vertex 3.06269 -109.642 18.2
      vertex 2.76496 -109.906 16.2
      vertex 3.06269 -109.642 16.2
    endloop
  endfacet
  facet normal 0.465011 -0.885305 0
    outer loop
      vertex 3.06269 -109.642 16.2
      vertex 3.4149 -109.457 18.2
      vertex 3.06269 -109.642 18.2
    endloop
  endfacet
  facet normal 0.465011 -0.885305 0
    outer loop
      vertex 3.4149 -109.457 18.2
      vertex 3.06269 -109.642 16.2
      vertex 3.4149 -109.457 16.2
    endloop
  endfacet
  facet normal -0.822692 -0.568488 -2.39528e-18
    outer loop
      vertex 5.461 -110.233 16.2
      vertex 5.23504 -109.906 18.2
      vertex 5.23504 -109.906 16.2
    endloop
  endfacet
  facet normal -0.822692 -0.568488 -2.39528e-18
    outer loop
      vertex 5.23504 -109.906 18.2
      vertex 5.461 -110.233 16.2
      vertex 5.461 -110.233 18.2
    endloop
  endfacet
  facet normal -0.935042 -0.354537 2.79759e-18
    outer loop
      vertex 5.60205 -110.605 16.2
      vertex 5.461 -110.233 18.2
      vertex 5.461 -110.233 16.2
    endloop
  endfacet
  facet normal -0.935042 -0.354537 2.79759e-18
    outer loop
      vertex 5.461 -110.233 18.2
      vertex 5.60205 -110.605 16.2
      vertex 5.60205 -110.605 18.2
    endloop
  endfacet
  facet normal -0.238854 -0.971055 0
    outer loop
      vertex 4.19888 -109.362 16.2
      vertex 4.5851 -109.457 18.2
      vertex 4.19888 -109.362 18.2
    endloop
  endfacet
  facet normal -0.238854 -0.971055 -0
    outer loop
      vertex 4.5851 -109.457 18.2
      vertex 4.19888 -109.362 16.2
      vertex 4.5851 -109.457 16.2
    endloop
  endfacet
  facet normal -0.465011 -0.885305 0
    outer loop
      vertex 4.5851 -109.457 16.2
      vertex 4.93731 -109.642 18.2
      vertex 4.5851 -109.457 18.2
    endloop
  endfacet
  facet normal -0.465011 -0.885305 -0
    outer loop
      vertex 4.93731 -109.642 18.2
      vertex 4.5851 -109.457 16.2
      vertex 4.93731 -109.642 16.2
    endloop
  endfacet
  facet normal 0.822692 -0.568488 1.13371e-18
    outer loop
      vertex 2.539 -110.233 18.2
      vertex 2.76496 -109.906 16.2
      vertex 2.76496 -109.906 18.2
    endloop
  endfacet
  facet normal 0.822692 -0.568488 1.13371e-18
    outer loop
      vertex 2.76496 -109.906 16.2
      vertex 2.539 -110.233 18.2
      vertex 2.539 -110.233 16.2
    endloop
  endfacet
  facet normal 0.935042 -0.354537 -1.12415e-18
    outer loop
      vertex 2.39795 -110.605 18.2
      vertex 2.539 -110.233 16.2
      vertex 2.539 -110.233 18.2
    endloop
  endfacet
  facet normal 0.935042 -0.354537 -1.12415e-18
    outer loop
      vertex 2.539 -110.233 16.2
      vertex 2.39795 -110.605 18.2
      vertex 2.39795 -110.605 16.2
    endloop
  endfacet
  facet normal 0.23886 -0.971054 0
    outer loop
      vertex 3.4149 -109.457 16.2
      vertex 3.80111 -109.362 18.2
      vertex 3.4149 -109.457 18.2
    endloop
  endfacet
  facet normal 0.23886 -0.971054 0
    outer loop
      vertex 3.80111 -109.362 18.2
      vertex 3.4149 -109.457 16.2
      vertex 3.80111 -109.362 16.2
    endloop
  endfacet
  facet normal 0.992712 0.120508 -3.17185e-19
    outer loop
      vertex 2.39795 -111.395 18.2
      vertex 2.35 -111 16.2
      vertex 2.35 -111 18.2
    endloop
  endfacet
  facet normal 0.992712 0.120508 -3.17185e-19
    outer loop
      vertex 2.35 -111 16.2
      vertex 2.39795 -111.395 18.2
      vertex 2.39795 -111.395 16.2
    endloop
  endfacet
  facet normal -0.935042 0.354537 -2.79759e-18
    outer loop
      vertex 5.461 -111.767 16.2
      vertex 5.60205 -111.395 18.2
      vertex 5.60205 -111.395 16.2
    endloop
  endfacet
  facet normal -0.935042 0.354537 -2.79759e-18
    outer loop
      vertex 5.60205 -111.395 18.2
      vertex 5.461 -111.767 16.2
      vertex 5.461 -111.767 18.2
    endloop
  endfacet
  facet normal 0.663452 0.748218 -0
    outer loop
      vertex 3.06269 -112.358 16.2
      vertex 2.76496 -112.094 18.2
      vertex 3.06269 -112.358 18.2
    endloop
  endfacet
  facet normal 0.663452 0.748218 0
    outer loop
      vertex 2.76496 -112.094 18.2
      vertex 3.06269 -112.358 16.2
      vertex 2.76496 -112.094 16.2
    endloop
  endfacet
  facet normal 0.935042 0.354537 1.12415e-18
    outer loop
      vertex 2.539 -111.767 18.2
      vertex 2.39795 -111.395 16.2
      vertex 2.39795 -111.395 18.2
    endloop
  endfacet
  facet normal 0.935042 0.354537 1.12415e-18
    outer loop
      vertex 2.39795 -111.395 16.2
      vertex 2.539 -111.767 18.2
      vertex 2.539 -111.767 16.2
    endloop
  endfacet
  facet normal 0.822692 0.568488 -1.13371e-18
    outer loop
      vertex 2.76496 -112.094 18.2
      vertex 2.539 -111.767 16.2
      vertex 2.539 -111.767 18.2
    endloop
  endfacet
  facet normal 0.822692 0.568488 -1.13371e-18
    outer loop
      vertex 2.539 -111.767 16.2
      vertex 2.76496 -112.094 18.2
      vertex 2.76496 -112.094 16.2
    endloop
  endfacet
  facet normal -0.238854 0.971055 0
    outer loop
      vertex 4.5851 -112.543 16.2
      vertex 4.19888 -112.638 18.2
      vertex 4.5851 -112.543 18.2
    endloop
  endfacet
  facet normal -0.238854 0.971055 0
    outer loop
      vertex 4.19888 -112.638 18.2
      vertex 4.5851 -112.543 16.2
      vertex 4.19888 -112.638 16.2
    endloop
  endfacet
  facet normal -0.663452 0.748218 0
    outer loop
      vertex 5.23504 -112.094 16.2
      vertex 4.93731 -112.358 18.2
      vertex 5.23504 -112.094 18.2
    endloop
  endfacet
  facet normal -0.663452 0.748218 0
    outer loop
      vertex 4.93731 -112.358 18.2
      vertex 5.23504 -112.094 16.2
      vertex 4.93731 -112.358 16.2
    endloop
  endfacet
  facet normal -0.992712 0.120508 -2.1245e-18
    outer loop
      vertex 5.60205 -111.395 16.2
      vertex 5.65 -111 18.2
      vertex 5.65 -111 16.2
    endloop
  endfacet
  facet normal -0.992712 0.120508 -2.1245e-18
    outer loop
      vertex 5.65 -111 18.2
      vertex 5.60205 -111.395 16.2
      vertex 5.60205 -111.395 18.2
    endloop
  endfacet
  facet normal -0.465011 0.885305 0
    outer loop
      vertex 4.93731 -112.358 16.2
      vertex 4.5851 -112.543 18.2
      vertex 4.93731 -112.358 18.2
    endloop
  endfacet
  facet normal -0.465011 0.885305 0
    outer loop
      vertex 4.5851 -112.543 18.2
      vertex 4.93731 -112.358 16.2
      vertex 4.5851 -112.543 16.2
    endloop
  endfacet
  facet normal -0.822692 0.568488 2.39528e-18
    outer loop
      vertex 5.23504 -112.094 16.2
      vertex 5.461 -111.767 18.2
      vertex 5.461 -111.767 16.2
    endloop
  endfacet
  facet normal -0.822692 0.568488 2.39528e-18
    outer loop
      vertex 5.461 -111.767 18.2
      vertex 5.23504 -112.094 16.2
      vertex 5.23504 -112.094 18.2
    endloop
  endfacet
  facet normal 0.465011 0.885305 -0
    outer loop
      vertex 3.4149 -112.543 16.2
      vertex 3.06269 -112.358 18.2
      vertex 3.4149 -112.543 18.2
    endloop
  endfacet
  facet normal 0.465011 0.885305 0
    outer loop
      vertex 3.06269 -112.358 18.2
      vertex 3.4149 -112.543 16.2
      vertex 3.06269 -112.358 16.2
    endloop
  endfacet
  facet normal 0.23886 0.971054 -0
    outer loop
      vertex 3.80111 -112.638 16.2
      vertex 3.4149 -112.543 18.2
      vertex 3.80111 -112.638 18.2
    endloop
  endfacet
  facet normal 0.23886 0.971054 0
    outer loop
      vertex 3.4149 -112.543 18.2
      vertex 3.80111 -112.638 16.2
      vertex 3.4149 -112.543 16.2
    endloop
  endfacet
  facet normal -0.992697 -0.120632 -1.26446e-18
    outer loop
      vertex 177.65 -111 16.2
      vertex 177.602 -110.605 18.2
      vertex 177.602 -110.605 16.2
    endloop
  endfacet
  facet normal -0.992697 -0.120632 -1.26446e-18
    outer loop
      vertex 177.602 -110.605 18.2
      vertex 177.65 -111 16.2
      vertex 177.65 -111 18.2
    endloop
  endfacet
  facet normal 0.992697 -0.120632 1.26446e-18
    outer loop
      vertex 174.35 -111 18.2
      vertex 174.398 -110.605 16.2
      vertex 174.398 -110.605 18.2
    endloop
  endfacet
  facet normal 0.992697 -0.120632 1.26446e-18
    outer loop
      vertex 174.398 -110.605 16.2
      vertex 174.35 -111 18.2
      vertex 174.35 -111 16.2
    endloop
  endfacet
  facet normal 0 -1 0
    outer loop
      vertex 175.801 -109.362 16.2
      vertex 176.199 -109.362 18.2
      vertex 175.801 -109.362 18.2
    endloop
  endfacet
  facet normal 0 -1 -0
    outer loop
      vertex 176.199 -109.362 18.2
      vertex 175.801 -109.362 16.2
      vertex 176.199 -109.362 16.2
    endloop
  endfacet
  facet normal 0 1 -0
    outer loop
      vertex 176.199 -112.638 16.2
      vertex 175.801 -112.638 18.2
      vertex 176.199 -112.638 18.2
    endloop
  endfacet
  facet normal 0 1 0
    outer loop
      vertex 175.801 -112.638 18.2
      vertex 176.199 -112.638 16.2
      vertex 175.801 -112.638 16.2
    endloop
  endfacet
  facet normal -0.663116 -0.748517 0
    outer loop
      vertex 176.937 -109.642 16.2
      vertex 177.235 -109.906 18.2
      vertex 176.937 -109.642 18.2
    endloop
  endfacet
  facet normal -0.663116 -0.748517 -0
    outer loop
      vertex 177.235 -109.906 18.2
      vertex 176.937 -109.642 16.2
      vertex 177.235 -109.906 16.2
    endloop
  endfacet
  facet normal 0.663116 -0.748517 0
    outer loop
      vertex 174.765 -109.906 16.2
      vertex 175.063 -109.642 18.2
      vertex 174.765 -109.906 18.2
    endloop
  endfacet
  facet normal 0.663116 -0.748517 0
    outer loop
      vertex 175.063 -109.642 18.2
      vertex 174.765 -109.906 16.2
      vertex 175.063 -109.642 16.2
    endloop
  endfacet
  facet normal 0.465228 -0.885191 0
    outer loop
      vertex 175.063 -109.642 16.2
      vertex 175.415 -109.457 18.2
      vertex 175.063 -109.642 18.2
    endloop
  endfacet
  facet normal 0.465228 -0.885191 0
    outer loop
      vertex 175.415 -109.457 18.2
      vertex 175.063 -109.642 16.2
      vertex 175.415 -109.457 16.2
    endloop
  endfacet
  facet normal -0.822645 -0.568556 4.78176e-18
    outer loop
      vertex 177.461 -110.233 16.2
      vertex 177.235 -109.906 18.2
      vertex 177.235 -109.906 16.2
    endloop
  endfacet
  facet normal -0.822645 -0.568556 4.78176e-18
    outer loop
      vertex 177.235 -109.906 18.2
      vertex 177.461 -110.233 16.2
      vertex 177.461 -110.233 18.2
    endloop
  endfacet
  facet normal -0.935084 -0.354427 4.27109e-18
    outer loop
      vertex 177.602 -110.605 16.2
      vertex 177.461 -110.233 18.2
      vertex 177.461 -110.233 16.2
    endloop
  endfacet
  facet normal -0.935084 -0.354427 4.27109e-18
    outer loop
      vertex 177.461 -110.233 18.2
      vertex 177.602 -110.605 16.2
      vertex 177.602 -110.605 18.2
    endloop
  endfacet
  facet normal -0.238983 -0.971024 0
    outer loop
      vertex 176.199 -109.362 16.2
      vertex 176.585 -109.457 18.2
      vertex 176.199 -109.362 18.2
    endloop
  endfacet
  facet normal -0.238983 -0.971024 -0
    outer loop
      vertex 176.585 -109.457 18.2
      vertex 176.199 -109.362 16.2
      vertex 176.585 -109.457 16.2
    endloop
  endfacet
  facet normal -0.465228 -0.885191 0
    outer loop
      vertex 176.585 -109.457 16.2
      vertex 176.937 -109.642 18.2
      vertex 176.585 -109.457 18.2
    endloop
  endfacet
  facet normal -0.465228 -0.885191 -0
    outer loop
      vertex 176.937 -109.642 18.2
      vertex 176.585 -109.457 16.2
      vertex 176.937 -109.642 16.2
    endloop
  endfacet
  facet normal 0.822645 -0.568556 -4.78176e-18
    outer loop
      vertex 174.539 -110.233 18.2
      vertex 174.765 -109.906 16.2
      vertex 174.765 -109.906 18.2
    endloop
  endfacet
  facet normal 0.822645 -0.568556 -4.78176e-18
    outer loop
      vertex 174.765 -109.906 16.2
      vertex 174.539 -110.233 18.2
      vertex 174.539 -110.233 16.2
    endloop
  endfacet
  facet normal 0.935084 -0.354427 -4.27109e-18
    outer loop
      vertex 174.398 -110.605 18.2
      vertex 174.539 -110.233 16.2
      vertex 174.539 -110.233 18.2
    endloop
  endfacet
  facet normal 0.935084 -0.354427 -4.27109e-18
    outer loop
      vertex 174.539 -110.233 16.2
      vertex 174.398 -110.605 18.2
      vertex 174.398 -110.605 16.2
    endloop
  endfacet
  facet normal 0.238983 -0.971024 0
    outer loop
      vertex 175.415 -109.457 16.2
      vertex 175.801 -109.362 18.2
      vertex 175.415 -109.457 18.2
    endloop
  endfacet
  facet normal 0.238983 -0.971024 0
    outer loop
      vertex 175.801 -109.362 18.2
      vertex 175.415 -109.457 16.2
      vertex 175.801 -109.362 16.2
    endloop
  endfacet
  facet normal -0.935084 0.354427 -4.27109e-18
    outer loop
      vertex 177.461 -111.767 16.2
      vertex 177.602 -111.395 18.2
      vertex 177.602 -111.395 16.2
    endloop
  endfacet
  facet normal -0.935084 0.354427 -4.27109e-18
    outer loop
      vertex 177.602 -111.395 18.2
      vertex 177.461 -111.767 16.2
      vertex 177.461 -111.767 18.2
    endloop
  endfacet
  facet normal 0.935084 0.354427 4.27109e-18
    outer loop
      vertex 174.539 -111.767 18.2
      vertex 174.398 -111.395 16.2
      vertex 174.398 -111.395 18.2
    endloop
  endfacet
  facet normal 0.935084 0.354427 4.27109e-18
    outer loop
      vertex 174.398 -111.395 16.2
      vertex 174.539 -111.767 18.2
      vertex 174.539 -111.767 16.2
    endloop
  endfacet
  facet normal 0.992697 0.120632 -1.26446e-18
    outer loop
      vertex 174.398 -111.395 18.2
      vertex 174.35 -111 16.2
      vertex 174.35 -111 18.2
    endloop
  endfacet
  facet normal 0.992697 0.120632 -1.26446e-18
    outer loop
      vertex 174.35 -111 16.2
      vertex 174.398 -111.395 18.2
      vertex 174.398 -111.395 16.2
    endloop
  endfacet
  facet normal 0.822645 0.568556 4.78176e-18
    outer loop
      vertex 174.765 -112.094 18.2
      vertex 174.539 -111.767 16.2
      vertex 174.539 -111.767 18.2
    endloop
  endfacet
  facet normal 0.822645 0.568556 4.78176e-18
    outer loop
      vertex 174.539 -111.767 16.2
      vertex 174.765 -112.094 18.2
      vertex 174.765 -112.094 16.2
    endloop
  endfacet
  facet normal -0.663116 0.748517 0
    outer loop
      vertex 177.235 -112.094 16.2
      vertex 176.937 -112.358 18.2
      vertex 177.235 -112.094 18.2
    endloop
  endfacet
  facet normal -0.663116 0.748517 0
    outer loop
      vertex 176.937 -112.358 18.2
      vertex 177.235 -112.094 16.2
      vertex 176.937 -112.358 16.2
    endloop
  endfacet
  facet normal -0.992697 0.120632 1.26446e-18
    outer loop
      vertex 177.602 -111.395 16.2
      vertex 177.65 -111 18.2
      vertex 177.65 -111 16.2
    endloop
  endfacet
  facet normal -0.992697 0.120632 1.26446e-18
    outer loop
      vertex 177.65 -111 18.2
      vertex 177.602 -111.395 16.2
      vertex 177.602 -111.395 18.2
    endloop
  endfacet
  facet normal 0.238983 0.971024 -0
    outer loop
      vertex 175.801 -112.638 16.2
      vertex 175.415 -112.543 18.2
      vertex 175.801 -112.638 18.2
    endloop
  endfacet
  facet normal 0.238983 0.971024 0
    outer loop
      vertex 175.415 -112.543 18.2
      vertex 175.801 -112.638 16.2
      vertex 175.415 -112.543 16.2
    endloop
  endfacet
  facet normal -0.465228 0.885191 0
    outer loop
      vertex 176.937 -112.358 16.2
      vertex 176.585 -112.543 18.2
      vertex 176.937 -112.358 18.2
    endloop
  endfacet
  facet normal -0.465228 0.885191 0
    outer loop
      vertex 176.585 -112.543 18.2
      vertex 176.937 -112.358 16.2
      vertex 176.585 -112.543 16.2
    endloop
  endfacet
  facet normal -0.238983 0.971024 0
    outer loop
      vertex 176.585 -112.543 16.2
      vertex 176.199 -112.638 18.2
      vertex 176.585 -112.543 18.2
    endloop
  endfacet
  facet normal -0.238983 0.971024 0
    outer loop
      vertex 176.199 -112.638 18.2
      vertex 176.585 -112.543 16.2
      vertex 176.199 -112.638 16.2
    endloop
  endfacet
  facet normal -0.822645 0.568556 -4.78176e-18
    outer loop
      vertex 177.235 -112.094 16.2
      vertex 177.461 -111.767 18.2
      vertex 177.461 -111.767 16.2
    endloop
  endfacet
  facet normal -0.822645 0.568556 -4.78176e-18
    outer loop
      vertex 177.461 -111.767 18.2
      vertex 177.235 -112.094 16.2
      vertex 177.235 -112.094 18.2
    endloop
  endfacet
  facet normal 0.465228 0.885191 -0
    outer loop
      vertex 175.415 -112.543 16.2
      vertex 175.063 -112.358 18.2
      vertex 175.415 -112.543 18.2
    endloop
  endfacet
  facet normal 0.465228 0.885191 0
    outer loop
      vertex 175.063 -112.358 18.2
      vertex 175.415 -112.543 16.2
      vertex 175.063 -112.358 16.2
    endloop
  endfacet
  facet normal 0.663116 0.748517 -0
    outer loop
      vertex 175.063 -112.358 16.2
      vertex 174.765 -112.094 18.2
      vertex 175.063 -112.358 18.2
    endloop
  endfacet
  facet normal 0.663116 0.748517 0
    outer loop
      vertex 174.765 -112.094 18.2
      vertex 175.063 -112.358 16.2
      vertex 174.765 -112.094 16.2
    endloop
  endfacet
  facet normal 1 -0 0
    outer loop
      vertex -3 -116 16.2
      vertex -3 -72 3.9
      vertex -3 -72 16.2
    endloop
  endfacet
  facet normal 1 0 0
    outer loop
      vertex -3 -72 3.9
      vertex -3 -116 16.2
      vertex -3 -116 3.9
    endloop
  endfacet
  facet normal 0 0 -1
    outer loop
      vertex 177.602 -110.605 16.2
      vertex 183 -116 16.2
      vertex 177.65 -111 16.2
    endloop
  endfacet
  facet normal 0 0 -1
    outer loop
      vertex 183 -116 16.2
      vertex 177.602 -111.395 16.2
      vertex 177.65 -111 16.2
    endloop
  endfacet
  facet normal 0 0 -1
    outer loop
      vertex 183 -116 16.2
      vertex 177.461 -111.767 16.2
      vertex 177.602 -111.395 16.2
    endloop
  endfacet
  facet normal 0 0 -1
    outer loop
      vertex 183 -116 16.2
      vertex 177.235 -112.094 16.2
      vertex 177.461 -111.767 16.2
    endloop
  endfacet
  facet normal 0 0 -1
    outer loop
      vertex 183 -116 16.2
      vertex 176.937 -112.358 16.2
      vertex 177.235 -112.094 16.2
    endloop
  endfacet
  facet normal 0 0 -1
    outer loop
      vertex 183 -116 16.2
      vertex 176.585 -112.543 16.2
      vertex 176.937 -112.358 16.2
    endloop
  endfacet
  facet normal 0 0 -1
    outer loop
      vertex 183 -116 16.2
      vertex 176.199 -112.638 16.2
      vertex 176.585 -112.543 16.2
    endloop
  endfacet
  facet normal 0 0 -1
    outer loop
      vertex 183 -116 16.2
      vertex 175.801 -112.638 16.2
      vertex 176.199 -112.638 16.2
    endloop
  endfacet
  facet normal 0 0 -1
    outer loop
      vertex 183 -116 16.2
      vertex 175.415 -112.543 16.2
      vertex 175.801 -112.638 16.2
    endloop
  endfacet
  facet normal 0 0 -1
    outer loop
      vertex 174.398 -111.395 16.2
      vertex 164.3 -101.3 16.2
      vertex 174.35 -111 16.2
    endloop
  endfacet
  facet normal 0 0 -1
    outer loop
      vertex 174.539 -111.767 16.2
      vertex 164.3 -101.3 16.2
      vertex 174.398 -111.395 16.2
    endloop
  endfacet
  facet normal 0 0 -1
    outer loop
      vertex 137.8 -101.3 16.2
      vertex 174.539 -111.767 16.2
      vertex 174.765 -112.094 16.2
    endloop
  endfacet
  facet normal 0 0 -1
    outer loop
      vertex 174.539 -111.767 16.2
      vertex 137.8 -101.3 16.2
      vertex 164.3 -101.3 16.2
    endloop
  endfacet
  facet normal 0 0 -1
    outer loop
      vertex 116.1 -115 16.2
      vertex 174.765 -112.094 16.2
      vertex 175.063 -112.358 16.2
    endloop
  endfacet
  facet normal 0 0 -1
    outer loop
      vertex 116.1 -115 16.2
      vertex 175.063 -112.358 16.2
      vertex 175.415 -112.543 16.2
    endloop
  endfacet
  facet normal 0 0 -1
    outer loop
      vertex 116.1 -115 16.2
      vertex 175.415 -112.543 16.2
      vertex 183 -116 16.2
    endloop
  endfacet
  facet normal 0 0 -1
    outer loop
      vertex 116.1 -103.8 16.2
      vertex 137.8 -101.3 16.2
      vertex 116.1 -115 16.2
    endloop
  endfacet
  facet normal -0 0 -1
    outer loop
      vertex 174.765 -112.094 16.2
      vertex 116.1 -115 16.2
      vertex 137.8 -101.3 16.2
    endloop
  endfacet
  facet normal 0 0 -1
    outer loop
      vertex 183 -116 16.2
      vertex 105.3 -115 16.2
      vertex 116.1 -115 16.2
    endloop
  endfacet
  facet normal 0 0 -1
    outer loop
      vertex 105.3 -115 16.2
      vertex 5.65 -111 16.2
      vertex 105.3 -103.8 16.2
    endloop
  endfacet
  facet normal 0 0 -1
    outer loop
      vertex 105.3 -115 16.2
      vertex 5.60205 -111.395 16.2
      vertex 5.65 -111 16.2
    endloop
  endfacet
  facet normal 0 0 -1
    outer loop
      vertex 105.3 -115 16.2
      vertex 5.461 -111.767 16.2
      vertex 5.60205 -111.395 16.2
    endloop
  endfacet
  facet normal 0 0 -1
    outer loop
      vertex 105.3 -115 16.2
      vertex 5.23504 -112.094 16.2
      vertex 5.461 -111.767 16.2
    endloop
  endfacet
  facet normal 0 0 -1
    outer loop
      vertex 105.3 -115 16.2
      vertex 4.93731 -112.358 16.2
      vertex 5.23504 -112.094 16.2
    endloop
  endfacet
  facet normal 0 0 -1
    outer loop
      vertex 105.3 -115 16.2
      vertex 4.5851 -112.543 16.2
      vertex 4.93731 -112.358 16.2
    endloop
  endfacet
  facet normal 0 0 -1
    outer loop
      vertex -3 -116 16.2
      vertex 4.5851 -112.543 16.2
      vertex 105.3 -115 16.2
    endloop
  endfacet
  facet normal 0 0 -1
    outer loop
      vertex 4.5851 -112.543 16.2
      vertex -3 -116 16.2
      vertex 4.19888 -112.638 16.2
    endloop
  endfacet
  facet normal -0 0 -1
    outer loop
      vertex 2.39795 -111.395 16.2
      vertex -3 -116 16.2
      vertex 2.35 -111 16.2
    endloop
  endfacet
  facet normal -0 0 -1
    outer loop
      vertex 2.539 -111.767 16.2
      vertex -3 -116 16.2
      vertex 2.39795 -111.395 16.2
    endloop
  endfacet
  facet normal -0 0 -1
    outer loop
      vertex 2.76496 -112.094 16.2
      vertex -3 -116 16.2
      vertex 2.539 -111.767 16.2
    endloop
  endfacet
  facet normal -0 0 -1
    outer loop
      vertex 3.06269 -112.358 16.2
      vertex -3 -116 16.2
      vertex 2.76496 -112.094 16.2
    endloop
  endfacet
  facet normal -0 0 -1
    outer loop
      vertex 3.4149 -112.543 16.2
      vertex -3 -116 16.2
      vertex 3.06269 -112.358 16.2
    endloop
  endfacet
  facet normal -0 0 -1
    outer loop
      vertex 3.80111 -112.638 16.2
      vertex -3 -116 16.2
      vertex 3.4149 -112.543 16.2
    endloop
  endfacet
  facet normal -0 0 -1
    outer loop
      vertex 4.19888 -112.638 16.2
      vertex -3 -116 16.2
      vertex 3.80111 -112.638 16.2
    endloop
  endfacet
  facet normal 0 0 -1
    outer loop
      vertex -3 -116 16.2
      vertex 105.3 -115 16.2
      vertex 183 -116 16.2
    endloop
  endfacet
  facet normal 0 0 -1
    outer loop
      vertex 177.461 -110.233 16.2
      vertex 183 -116 16.2
      vertex 177.602 -110.605 16.2
    endloop
  endfacet
  facet normal 0 0 -1
    outer loop
      vertex 177.235 -109.906 16.2
      vertex 183 -116 16.2
      vertex 177.461 -110.233 16.2
    endloop
  endfacet
  facet normal 0 0 -1
    outer loop
      vertex 183 -116 16.2
      vertex 177.235 -109.906 16.2
      vertex 183 -72 16.2
    endloop
  endfacet
  facet normal 0 0 -1
    outer loop
      vertex 176.937 -109.642 16.2
      vertex 183 -72 16.2
      vertex 177.235 -109.906 16.2
    endloop
  endfacet
  facet normal 0 0 -1
    outer loop
      vertex 176.585 -109.457 16.2
      vertex 183 -72 16.2
      vertex 176.937 -109.642 16.2
    endloop
  endfacet
  facet normal 0 0 -1
    outer loop
      vertex 176.199 -109.362 16.2
      vertex 183 -72 16.2
      vertex 176.585 -109.457 16.2
    endloop
  endfacet
  facet normal 0 0 -1
    outer loop
      vertex 164.3 -101.3 16.2
      vertex 176.199 -109.362 16.2
      vertex 175.801 -109.362 16.2
    endloop
  endfacet
  facet normal 0 0 -1
    outer loop
      vertex 164.3 -101.3 16.2
      vertex 175.801 -109.362 16.2
      vertex 175.415 -109.457 16.2
    endloop
  endfacet
  facet normal 0 0 -1
    outer loop
      vertex 164.3 -101.3 16.2
      vertex 175.415 -109.457 16.2
      vertex 175.063 -109.642 16.2
    endloop
  endfacet
  facet normal 0 0 -1
    outer loop
      vertex 164.3 -101.3 16.2
      vertex 175.063 -109.642 16.2
      vertex 174.765 -109.906 16.2
    endloop
  endfacet
  facet normal 0 0 -1
    outer loop
      vertex 164.3 -101.3 16.2
      vertex 174.765 -109.906 16.2
      vertex 174.539 -110.233 16.2
    endloop
  endfacet
  facet normal 0 0 -1
    outer loop
      vertex 164.3 -101.3 16.2
      vertex 174.539 -110.233 16.2
      vertex 174.398 -110.605 16.2
    endloop
  endfacet
  facet normal 0 0 -1
    outer loop
      vertex 164.3 -101.3 16.2
      vertex 174.398 -110.605 16.2
      vertex 174.35 -111 16.2
    endloop
  endfacet
  facet normal 0 0 -1
    outer loop
      vertex 176.199 -109.362 16.2
      vertex 164.3 -101.3 16.2
      vertex 183 -72 16.2
    endloop
  endfacet
  facet normal 0 0 -1
    outer loop
      vertex 164.3 -73 16.2
      vertex 183 -72 16.2
      vertex 164.3 -101.3 16.2
    endloop
  endfacet
  facet normal 0 0 -1
    outer loop
      vertex 137.8 -73 16.2
      vertex 183 -72 16.2
      vertex 164.3 -73 16.2
    endloop
  endfacet
  facet normal -0 0 -1
    outer loop
      vertex 137.8 -101.3 16.2
      vertex 116.1 -103.8 16.2
      vertex 137.8 -73 16.2
    endloop
  endfacet
  facet normal 0 0 -1
    outer loop
      vertex 105.3 -103.8 16.2
      vertex 137.8 -73 16.2
      vertex 116.1 -103.8 16.2
    endloop
  endfacet
  facet normal 0 0 -1
    outer loop
      vertex 5.60205 -110.605 16.2
      vertex 105.3 -103.8 16.2
      vertex 5.65 -111 16.2
    endloop
  endfacet
  facet normal 0 0 -1
    outer loop
      vertex 5.461 -110.233 16.2
      vertex 105.3 -103.8 16.2
      vertex 5.60205 -110.605 16.2
    endloop
  endfacet
  facet normal 0 0 -1
    outer loop
      vertex -3 -72 16.2
      vertex 105.3 -103.8 16.2
      vertex 5.461 -110.233 16.2
    endloop
  endfacet
  facet normal 0 0 -1
    outer loop
      vertex -3 -72 16.2
      vertex 5.461 -110.233 16.2
      vertex 5.23504 -109.906 16.2
    endloop
  endfacet
  facet normal 0 0 -1
    outer loop
      vertex -3 -72 16.2
      vertex 5.23504 -109.906 16.2
      vertex 4.93731 -109.642 16.2
    endloop
  endfacet
  facet normal 0 0 -1
    outer loop
      vertex -3 -72 16.2
      vertex 4.93731 -109.642 16.2
      vertex 4.5851 -109.457 16.2
    endloop
  endfacet
  facet normal 0 0 -1
    outer loop
      vertex -3 -72 16.2
      vertex 4.5851 -109.457 16.2
      vertex 4.19888 -109.362 16.2
    endloop
  endfacet
  facet normal 0 0 -1
    outer loop
      vertex -3 -72 16.2
      vertex 4.19888 -109.362 16.2
      vertex 3.80111 -109.362 16.2
    endloop
  endfacet
  facet normal 0 0 -1
    outer loop
      vertex -3 -72 16.2
      vertex 3.80111 -109.362 16.2
      vertex 3.4149 -109.457 16.2
    endloop
  endfacet
  facet normal 0 0 -1
    outer loop
      vertex -3 -116 16.2
      vertex 2.39795 -110.605 16.2
      vertex 2.35 -111 16.2
    endloop
  endfacet
  facet normal 0 0 -1
    outer loop
      vertex -3 -116 16.2
      vertex 2.539 -110.233 16.2
      vertex 2.39795 -110.605 16.2
    endloop
  endfacet
  facet normal 0 0 -1
    outer loop
      vertex -3 -116 16.2
      vertex 2.76496 -109.906 16.2
      vertex 2.539 -110.233 16.2
    endloop
  endfacet
  facet normal 0 0 -1
    outer loop
      vertex 137.8 -73 16.2
      vertex -3 -72 16.2
      vertex 183 -72 16.2
    endloop
  endfacet
  facet normal 0 0 -1
    outer loop
      vertex 105.3 -103.8 16.2
      vertex -3 -72 16.2
      vertex 137.8 -73 16.2
    endloop
  endfacet
  facet normal 0 0 -1
    outer loop
      vertex 3.06269 -109.642 16.2
      vertex -3 -72 16.2
      vertex 3.4149 -109.457 16.2
    endloop
  endfacet
  facet normal 0 0 -1
    outer loop
      vertex 2.76496 -109.906 16.2
      vertex -3 -72 16.2
      vertex 3.06269 -109.642 16.2
    endloop
  endfacet
  facet normal 0 0 -1
    outer loop
      vertex -3 -72 16.2
      vertex 2.76496 -109.906 16.2
      vertex -3 -116 16.2
    endloop
  endfacet
  facet normal -1 0 0
    outer loop
      vertex 183 -116 3.9
      vertex 183 -72 16.2
      vertex 183 -72 3.9
    endloop
  endfacet
  facet normal -1 -0 0
    outer loop
      vertex 183 -72 16.2
      vertex 183 -116 3.9
      vertex 183 -116 16.2
    endloop
  endfacet
  facet normal 0 1 -0
    outer loop
      vertex 183 -116 3.9
      vertex -3 -116 16.2
      vertex 183 -116 16.2
    endloop
  endfacet
  facet normal 0 1 0
    outer loop
      vertex -3 -116 16.2
      vertex 183 -116 3.9
      vertex -3 -116 3.9
    endloop
  endfacet
  facet normal 0 -1 0
    outer loop
      vertex -3 -72 3.9
      vertex 183 -72 16.2
      vertex -3 -72 16.2
    endloop
  endfacet
  facet normal 0 -1 -0
    outer loop
      vertex 183 -72 16.2
      vertex -3 -72 3.9
      vertex 183 -72 3.9
    endloop
  endfacet
  facet normal 1 -0 0
    outer loop
      vertex 137.8 -101.3 18.2
      vertex 137.8 -73 16.2
      vertex 137.8 -73 18.2
    endloop
  endfacet
  facet normal 1 0 0
    outer loop
      vertex 137.8 -73 16.2
      vertex 137.8 -101.3 18.2
      vertex 137.8 -101.3 16.2
    endloop
  endfacet
  facet normal -1 0 0
    outer loop
      vertex 164.3 -101.3 16.2
      vertex 164.3 -73 18.2
      vertex 164.3 -73 16.2
    endloop
  endfacet
  facet normal -1 -0 0
    outer loop
      vertex 164.3 -73 18.2
      vertex 164.3 -101.3 16.2
      vertex 164.3 -101.3 18.2
    endloop
  endfacet
  facet normal 0 -1 0
    outer loop
      vertex 137.8 -73 16.2
      vertex 164.3 -73 18.2
      vertex 137.8 -73 18.2
    endloop
  endfacet
  facet normal 0 -1 -0
    outer loop
      vertex 164.3 -73 18.2
      vertex 137.8 -73 16.2
      vertex 164.3 -73 16.2
    endloop
  endfacet
  facet normal 0 1 -0
    outer loop
      vertex 164.3 -101.3 16.2
      vertex 137.8 -101.3 18.2
      vertex 164.3 -101.3 18.2
    endloop
  endfacet
  facet normal 0 1 0
    outer loop
      vertex 137.8 -101.3 18.2
      vertex 164.3 -101.3 16.2
      vertex 137.8 -101.3 16.2
    endloop
  endfacet
  facet normal 1 -0 0
    outer loop
      vertex 105.3 -115 18.2
      vertex 105.3 -103.8 16.2
      vertex 105.3 -103.8 18.2
    endloop
  endfacet
  facet normal 1 0 0
    outer loop
      vertex 105.3 -103.8 16.2
      vertex 105.3 -115 18.2
      vertex 105.3 -115 16.2
    endloop
  endfacet
  facet normal -1 0 0
    outer loop
      vertex 116.1 -115 16.2
      vertex 116.1 -103.8 18.2
      vertex 116.1 -103.8 16.2
    endloop
  endfacet
  facet normal -1 -0 0
    outer loop
      vertex 116.1 -103.8 18.2
      vertex 116.1 -115 16.2
      vertex 116.1 -115 18.2
    endloop
  endfacet
  facet normal 0 -1 0
    outer loop
      vertex 105.3 -103.8 16.2
      vertex 116.1 -103.8 18.2
      vertex 105.3 -103.8 18.2
    endloop
  endfacet
  facet normal 0 -1 -0
    outer loop
      vertex 116.1 -103.8 18.2
      vertex 105.3 -103.8 16.2
      vertex 116.1 -103.8 16.2
    endloop
  endfacet
  facet normal 0 1 -0
    outer loop
      vertex 116.1 -115 16.2
      vertex 105.3 -115 18.2
      vertex 116.1 -115 18.2
    endloop
  endfacet
  facet normal 0 1 0
    outer loop
      vertex 105.3 -115 18.2
      vertex 116.1 -115 16.2
      vertex 105.3 -115 16.2
    endloop
  endfacet
endsolid OpenSCAD_Model
